ReturnID,SalesID,ReturnDate,ProductID,StoreID,CustomerID,ReturnQuantity,RefundAmount,ReturnReason
RET00001,SAL12284,2022-07-13,PRD054,STR14,CUS0506,1,564.53,Defective
RET00002,SAL01987,2023-04-15,PRD014,STR02,CUS0538,1,77.42,Performance Issues
RET00003,SAL03975,2022-03-24,PRD087,STR10,CUS0786,1,107.33,Performance Issues
RET00004,SAL09642,2022-01-14,PRD147,STR09,CUS0458,1,144.18,Wrong Item
RET00005,SAL04518,2024-10-19,PRD145,STR09,CUS0542,2,2363.92,Performance Issues
RET00006,SAL13156,2023-09-05,PRD071,STR08,CUS0469,1,256.12,Defective
RET00007,SAL14569,2024-02-03,PRD064,STR05,CUS0291,1,322.83,Changed Mind
RET00008,SAL09873,2024-06-15,PRD145,STR18,CUS0530,1,1556.68,Wrong Item
RET00009,SAL01158,2024-08-28,PRD092,STR06,CUS0046,1,300.81,Damaged
RET00010,SAL10831,2022-10-10,PRD131,STR12,CUS0381,2,696.16,Damaged
RET00011,SAL11935,2023-04-10,PRD093,STR15,CUS0285,5,195.16,Not as Described
RET00012,SAL12662,2023-10-14,PRD095,STR11,CUS0290,1,247.94,Damaged
RET00013,SAL05146,2022-02-12,PRD066,STR13,CUS0454,1,324.28,Wrong Item
RET00014,SAL09112,2025-03-09,PRD122,STR09,CUS0236,1,193.69,Damaged
RET00015,SAL12163,2025-08-13,PRD104,STR07,CUS0703,1,1168.81,Damaged
RET00016,SAL13955,2022-01-26,PRD081,STR17,CUS0158,1,745.0,Damaged
RET00017,SAL03618,2022-07-08,PRD061,STR06,CUS0023,1,3182.34,Performance Issues
RET00018,SAL01247,2022-06-14,PRD008,STR06,CUS0792,1,136.58,Performance Issues
RET00019,SAL07656,2023-11-28,PRD130,STR01,CUS0218,1,108.57,Wrong Item
RET00020,SAL01454,2024-11-09,PRD017,STR10,CUS0775,2,150.18,Defective
RET00021,SAL00055,2024-03-11,PRD043,STR09,CUS0287,1,73.87,Changed Mind
RET00022,SAL08755,2022-04-06,PRD124,STR02,CUS0399,1,437.32,Changed Mind
RET00023,SAL03410,2024-03-06,PRD116,STR15,CUS0352,1,507.24,Damaged
RET00024,SAL11897,2025-05-18,PRD136,STR05,CUS0065,1,221.1,Wrong Item
RET00025,SAL14957,2024-04-13,PRD016,STR09,CUS0536,1,748.87,Damaged
RET00026,SAL00150,2024-05-06,PRD122,STR09,CUS0634,1,610.3,Wrong Item
RET00027,SAL05223,2023-12-04,PRD037,STR13,CUS0192,1,1305.15,Damaged
RET00028,SAL03837,2023-02-12,PRD135,STR18,CUS0286,1,427.8,Changed Mind
RET00029,SAL13567,2025-05-17,PRD027,STR16,CUS0694,1,529.04,Changed Mind
RET00030,SAL11617,2023-10-16,PRD030,STR09,CUS0251,1,999.16,Performance Issues
RET00031,SAL07440,2024-11-13,PRD132,STR16,CUS0176,1,263.81,Not as Described
RET00032,SAL11090,2022-03-06,PRD024,STR03,CUS0581,1,186.58,Not as Described
RET00033,SAL13016,2025-08-03,PRD061,STR19,CUS0260,1,1439.28,Performance Issues
RET00034,SAL06002,2024-12-08,PRD095,STR19,CUS0529,1,300.03,Damaged
RET00035,SAL05121,2023-09-26,PRD111,STR17,CUS0123,1,339.0,Damaged
RET00036,SAL02793,2022-01-28,PRD038,STR09,CUS0352,2,598.98,Not as Described
RET00037,SAL03925,2022-05-28,PRD133,STR05,CUS0063,1,736.02,Defective
RET00038,SAL01859,2025-07-26,PRD083,STR03,CUS0654,1,692.47,Changed Mind
RET00039,SAL10688,2024-04-09,PRD021,STR17,CUS0053,1,364.13,Wrong Item
RET00040,SAL11799,2022-05-03,PRD049,STR01,CUS0251,1,101.98,Damaged
RET00041,SAL12535,2023-06-07,PRD027,STR12,CUS0500,1,461.02,Changed Mind
RET00042,SAL12629,2022-09-14,PRD111,STR03,CUS0314,1,206.97,Changed Mind
RET00043,SAL12504,2024-07-01,PRD100,STR19,CUS0278,1,1583.39,Changed Mind
RET00044,SAL13644,2023-01-30,PRD047,STR07,CUS0070,2,1284.98,Not as Described
RET00045,SAL08166,2022-07-18,PRD131,STR14,CUS0234,1,446.32,Defective
RET00046,SAL06419,2023-03-21,PRD006,STR14,CUS0185,1,1830.35,Not as Described
RET00047,SAL09945,2025-08-11,PRD084,STR16,CUS0218,1,321.31,Defective
RET00048,SAL11066,2023-01-05,PRD009,STR11,CUS0386,1,1505.65,Wrong Item
RET00049,SAL08448,2025-05-21,PRD097,STR03,CUS0778,1,266.8,Performance Issues
RET00050,SAL14164,2022-11-15,PRD105,STR03,CUS0723,1,243.75,Damaged
RET00051,SAL08578,2023-02-15,PRD008,STR10,CUS0360,1,468.1,Damaged
RET00052,SAL14912,2022-12-12,PRD095,STR10,CUS0300,2,1016.07,Performance Issues
RET00053,SAL14590,2023-01-12,PRD112,STR17,CUS0007,1,362.64,Performance Issues
RET00054,SAL04197,2022-04-05,PRD092,STR06,CUS0592,1,174.18,Damaged
RET00055,SAL14131,2023-12-18,PRD094,STR14,CUS0500,2,905.94,Damaged
RET00056,SAL04501,2023-08-18,PRD011,STR14,CUS0067,1,386.5,Performance Issues
RET00057,SAL03449,2023-06-01,PRD007,STR19,CUS0265,1,720.4,Not as Described
RET00058,SAL01953,2025-09-25,PRD047,STR20,CUS0405,3,1895.86,Changed Mind
RET00059,SAL00015,2025-08-22,PRD046,STR01,CUS0105,1,585.94,Performance Issues
RET00060,SAL04431,2024-07-23,PRD138,STR14,CUS0482,1,1001.6,Wrong Item
RET00061,SAL11956,2024-09-27,PRD001,STR17,CUS0725,2,1973.35,Damaged
RET00062,SAL00879,2025-08-06,PRD087,STR20,CUS0011,2,161.73,Not as Described
RET00063,SAL11708,2022-02-18,PRD080,STR07,CUS0175,1,1643.2,Changed Mind
RET00064,SAL05233,2022-06-28,PRD075,STR13,CUS0153,1,283.96,Defective
RET00065,SAL04466,2023-11-06,PRD057,STR20,CUS0590,1,2649.59,Damaged
RET00066,SAL05632,2023-05-31,PRD071,STR18,CUS0606,1,167.79,Damaged
RET00067,SAL12262,2024-03-01,PRD133,STR06,CUS0604,1,432.9,Damaged
RET00068,SAL10720,2024-10-02,PRD084,STR13,CUS0707,1,878.67,Performance Issues
RET00069,SAL07577,2025-04-26,PRD116,STR03,CUS0054,1,665.9,Not as Described
RET00070,SAL00756,2023-11-22,PRD071,STR06,CUS0605,1,130.55,Changed Mind
RET00071,SAL10283,2023-03-30,PRD129,STR01,CUS0101,1,465.2,Defective
RET00072,SAL00767,2023-07-14,PRD032,STR19,CUS0189,1,588.71,Defective
RET00073,SAL09128,2023-10-18,PRD033,STR10,CUS0106,2,604.39,Performance Issues
RET00074,SAL08010,2022-11-23,PRD116,STR20,CUS0210,3,2402.65,Damaged
RET00075,SAL02312,2024-08-01,PRD028,STR09,CUS0525,2,211.67,Not as Described
RET00076,SAL13250,2025-08-14,PRD116,STR14,CUS0095,1,461.68,Performance Issues
RET00077,SAL09820,2025-08-16,PRD074,STR09,CUS0759,3,1384.46,Damaged
RET00078,SAL00096,2025-07-13,PRD134,STR02,CUS0138,1,402.0,Damaged
RET00079,SAL13589,2023-12-20,PRD138,STR07,CUS0575,1,723.9,Wrong Item
RET00080,SAL03122,2024-03-09,PRD132,STR09,CUS0611,1,727.05,Defective
RET00081,SAL07868,2022-07-04,PRD110,STR10,CUS0009,1,204.41,Damaged
RET00082,SAL08810,2022-12-04,PRD095,STR02,CUS0728,1,802.7,Wrong Item
RET00083,SAL10042,2023-01-21,PRD017,STR17,CUS0629,1,114.14,Defective
RET00084,SAL00794,2025-07-31,PRD004,STR04,CUS0595,1,349.73,Wrong Item
RET00085,SAL13734,2024-09-30,PRD105,STR03,CUS0453,1,348.76,Wrong Item
RET00086,SAL14935,2022-05-12,PRD080,STR15,CUS0098,1,948.48,Wrong Item
RET00087,SAL09182,2023-10-27,PRD055,STR17,CUS0532,1,224.46,Wrong Item
RET00088,SAL08528,2024-07-08,PRD058,STR06,CUS0358,1,63.66,Defective
RET00089,SAL01297,2024-03-23,PRD089,STR17,CUS0768,2,2734.18,Defective
RET00090,SAL10105,2024-07-14,PRD114,STR16,CUS0377,1,224.69,Changed Mind
RET00091,SAL09084,2023-07-25,PRD089,STR09,CUS0288,2,2340.44,Not as Described
RET00092,SAL00740,2025-01-22,PRD103,STR09,CUS0443,1,2167.95,Not as Described
RET00093,SAL12381,2023-10-28,PRD018,STR11,CUS0671,1,1359.36,Wrong Item
RET00094,SAL02836,2023-06-18,PRD106,STR10,CUS0035,1,415.42,Changed Mind
RET00095,SAL09524,2022-04-09,PRD093,STR14,CUS0506,1,19.41,Defective
RET00096,SAL00677,2025-01-11,PRD054,STR08,CUS0112,2,1833.56,Not as Described
RET00097,SAL13960,2023-10-26,PRD034,STR07,CUS0455,1,558.95,Defective
RET00098,SAL03976,2024-10-30,PRD089,STR01,CUS0684,1,1602.37,Not as Described
RET00099,SAL08582,2025-08-02,PRD029,STR17,,1,482.82,Defective
RET00100,SAL04257,2022-10-18,PRD092,STR12,CUS0682,1,257.51,Performance Issues
RET00101,SAL13939,2024-09-17,PRD104,STR06,CUS0434,1,1253.21,Changed Mind
RET00102,SAL04320,2024-04-30,PRD049,STR11,CUS0482,2,247.8,Performance Issues
RET00103,SAL08637,2023-06-19,PRD041,STR05,CUS0376,1,623.81,Wrong Item
RET00104,SAL03743,2023-02-08,PRD101,STR16,CUS0698,1,147.47,Wrong Item
RET00105,SAL11759,2023-07-18,PRD053,STR12,CUS0703,1,86.46,Performance Issues
RET00106,SAL08103,2024-01-17,PRD024,STR18,CUS0566,1,64.37,Not as Described
RET00107,SAL01920,2025-06-02,PRD031,STR10,CUS0141,1,262.41,Changed Mind
RET00108,SAL10358,2023-02-09,PRD092,STR03,CUS0276,4,656.46,Wrong Item
RET00109,SAL11942,2024-10-05,PRD020,STR01,CUS0527,1,344.08,Not as Described
RET00110,SAL06271,2024-05-22,PRD088,STR14,CUS0300,1,1030.85,Damaged
RET00111,SAL01782,2024-10-30,PRD067,STR08,CUS0073,3,408.39,Not as Described
RET00112,SAL11016,2023-07-12,PRD016,STR20,CUS0721,1,1917.84,Not as Described
RET00113,SAL09456,2022-06-12,PRD006,STR15,CUS0341,1,906.08,Defective
RET00114,SAL13579,2022-08-19,PRD132,STR12,CUS0345,2,869.62,Changed Mind
RET00115,SAL07524,2023-07-19,PRD103,STR02,CUS0781,1,1565.29,Defective
RET00116,SAL07747,2023-06-08,PRD083,STR05,CUS0045,1,1952.39,Damaged
RET00117,SAL13765,2023-10-08,PRD066,STR17,CUS0392,1,568.14,Defective
RET00118,SAL10829,2023-03-26,PRD087,STR10,CUS0419,1,73.81,Performance Issues
RET00119,SAL11465,2022-05-26,PRD125,STR01,CUS0531,1,159.63,Defective
RET00120,SAL04838,2023-07-13,PRD106,STR03,CUS0460,1,351.89,Not as Described
RET00121,SAL03319,2023-07-17,PRD101,STR10,CUS0567,1,279.17,Defective
RET00122,SAL06919,2023-05-05,PRD143,STR06,CUS0733,1,196.32,Defective
RET00123,SAL11442,2025-05-25,PRD101,STR15,CUS0061,2,512.36,Wrong Item
RET00124,SAL09215,2022-08-23,PRD143,STR18,CUS0626,1,646.0,Damaged
RET00125,SAL10942,2023-06-21,PRD135,STR02,CUS0055,1,303.99,Not as Described
RET00126,SAL11682,2023-06-08,PRD033,STR14,CUS0450,1,216.11,Defective
RET00127,SAL06373,2023-10-05,PRD037,STR09,CUS0212,1,616.06,Wrong Item
RET00128,SAL14384,2023-02-24,PRD023,STR13,CUS0168,1,200.36,Damaged
RET00129,SAL10188,2023-01-18,PRD002,STR09,CUS0030,1,940.25,Defective
RET00130,SAL10771,2022-10-22,PRD029,STR05,CUS0311,1,392.78,Defective
RET00131,SAL14540,2022-12-07,PRD042,STR07,CUS0139,1,586.77,Performance Issues
RET00132,SAL12008,2022-11-29,PRD066,STR12,CUS0360,1,470.5,Wrong Item
RET00133,SAL06326,2025-06-14,PRD108,STR02,CUS0111,1,1242.02,Wrong Item
RET00134,SAL08476,2023-10-26,PRD136,STR20,CUS0362,1,1149.75,Damaged
RET00135,SAL05566,2022-10-04,PRD028,STR10,CUS0095,1,88.09,Damaged
RET00136,SAL00164,2023-05-19,PRD115,STR13,CUS0186,1,682.46,Wrong Item
RET00137,SAL13163,2024-05-29,PRD087,STR02,CUS0640,1,221.62,Performance Issues
RET00138,SAL08749,2024-03-06,PRD089,STR03,CUS0624,2,3330.97,Defective
RET00139,SAL07316,2025-01-31,PRD055,STR06,CUS0564,1,175.21,Damaged
RET00140,SAL14876,2022-03-09,PRD068,STR03,CUS0355,1,469.0,Defective
RET00141,SAL05169,2024-02-08,PRD085,STR20,CUS0724,1,214.14,Not as Described
RET00142,SAL13717,2024-08-27,PRD018,STR15,CUS0541,1,523.62,Performance Issues
RET00143,SAL06476,2025-06-04,PRD070,STR08,CUS0588,1,984.78,Defective
RET00144,SAL05328,2025-01-03,PRD108,STR19,CUS0664,1,880.18,Wrong Item
RET00145,SAL00930,2022-12-12,PRD074,STR02,CUS0470,1,533.04,Wrong Item
RET00146,SAL07645,2023-01-27,PRD012,STR02,CUS0005,1,58.98,Not as Described
RET00147,SAL09702,2025-06-21,PRD037,STR17,CUS0458,1,253.99,Wrong Item
RET00148,SAL14084,2025-08-08,PRD089,STR17,CUS0076,1,1397.01,Wrong Item
RET00149,SAL13062,2023-01-17,PRD128,STR18,CUS0498,1,582.36,Wrong Item
RET00150,SAL14621,2024-05-12,PRD117,STR06,CUS0371,1,812.83,Defective
RET00151,SAL00871,2025-02-24,PRD108,STR04,CUS0432,2,1370.16,Not as Described
RET00152,SAL11813,2024-11-07,PRD076,STR20,CUS0323,1,1647.47,Not as Described
RET00153,SAL04741,2024-04-12,PRD079,STR09,CUS0158,1,69.1,Not as Described
RET00154,SAL05695,2023-01-05,PRD026,STR16,CUS0596,2,1287.34,Performance Issues
RET00155,SAL04629,2023-08-02,PRD022,STR16,CUS0023,4,729.68,Not as Described
RET00156,SAL03774,2024-05-28,PRD065,STR08,CUS0085,1,598.07,Changed Mind
RET00157,SAL02799,2025-03-08,PRD067,STR01,CUS0248,1,207.14,Performance Issues
RET00158,SAL04462,2024-01-21,PRD149,STR11,CUS0498,1,1286.99,Not as Described
RET00159,SAL11311,2024-02-22,PRD119,STR16,CUS0586,1,1606.02,Wrong Item
RET00160,SAL10861,2022-10-16,PRD075,STR17,CUS0453,1,319.96,Wrong Item
RET00161,SAL02866,2023-12-17,PRD095,STR19,CUS0148,1,928.99,Wrong Item
RET00162,SAL03011,2022-05-21,PRD086,STR12,CUS0529,1,1657.07,Changed Mind
RET00163,SAL00651,2023-11-14,PRD103,STR07,CUS0309,1,951.26,Changed Mind
RET00164,SAL07074,2024-08-10,PRD042,STR08,CUS0724,4,1730.35,Defective
RET00165,SAL07790,2022-03-17,PRD009,STR07,CUS0765,1,1473.11,Not as Described
RET00166,SAL02521,2024-09-29,PRD144,STR04,CUS0430,1,270.22,Wrong Item
RET00167,SAL14511,2023-01-31,PRD053,STR17,CUS0291,1,54.96,Performance Issues
RET00168,SAL08936,2023-04-18,PRD013,STR17,CUS0053,2,765.99,Defective
RET00169,SAL05975,2024-12-19,PRD066,STR14,CUS0225,1,336.57,Damaged
RET00170,SAL00278,2025-05-11,PRD050,STR19,CUS0110,1,268.78,Not as Described
RET00171,SAL11286,2025-05-07,PRD052,STR14,CUS0266,1,848.39,Not as Described
RET00172,SAL02454,2023-12-04,PRD024,STR05,CUS0274,1,134.39,Changed Mind
RET00173,SAL08767,2023-08-16,PRD039,STR16,CUS0491,1,1191.15,Damaged
RET00174,SAL03834,2024-05-14,PRD143,STR02,CUS0217,1,296.04,Changed Mind
RET00175,SAL00500,2025-08-28,PRD120,STR16,CUS0599,1,97.57,Performance Issues
RET00176,SAL06581,2025-06-04,PRD085,STR01,CUS0224,1,466.68,Changed Mind
RET00177,SAL02230,2022-10-13,PRD051,STR04,CUS0230,1,679.38,Defective
RET00178,SAL13331,2022-07-30,PRD118,STR12,CUS0222,1,955.26,Not as Described
RET00179,SAL06702,2023-02-18,PRD141,STR07,CUS0593,1,285.95,Damaged
RET00180,SAL14891,2022-07-20,PRD022,STR05,CUS0421,1,110.02,Performance Issues
RET00181,SAL01411,2025-01-17,PRD014,STR09,CUS0798,1,88.76,Changed Mind
RET00182,SAL14767,2025-05-06,PRD040,STR10,CUS0036,1,881.73,Defective
RET00183,SAL13515,2025-02-17,PRD096,STR19,CUS0209,1,946.9,Not as Described
RET00184,SAL11015,2023-06-03,PRD077,STR08,CUS0694,1,459.96,Performance Issues
RET00185,SAL08808,2022-09-30,PRD079,STR09,CUS0231,1,118.65,Performance Issues
RET00186,SAL14212,2022-06-20,PRD134,STR09,CUS0583,1,279.21,Changed Mind
RET00187,SAL07803,2024-11-09,PRD119,STR16,CUS0173,1,2040.46,Performance Issues
RET00188,SAL09554,2023-02-09,PRD021,STR07,CUS0566,1,313.34,Wrong Item
RET00189,SAL02006,2022-04-05,PRD114,STR01,CUS0634,1,544.89,Performance Issues
RET00190,SAL11299,2024-07-29,PRD029,STR19,CUS0129,1,524.63,Defective
RET00191,SAL08699,2025-09-04,PRD059,STR13,CUS0569,1,851.65,Damaged
RET00192,SAL04856,2023-11-08,PRD130,STR18,CUS0305,2,167.8,Defective
RET00193,SAL09230,2024-02-09,PRD108,STR06,CUS0291,1,402.75,Changed Mind
RET00194,SAL12112,2025-07-31,PRD052,STR05,CUS0192,1,512.73,Damaged
RET00195,SAL04033,2025-05-12,PRD089,STR17,CUS0654,1,571.41,Not as Described
RET00196,SAL04049,2025-06-28,PRD051,STR02,CUS0384,1,587.89,Not as Described
RET00197,SAL06854,2024-12-08,PRD035,STR02,CUS0406,1,384.51,Performance Issues
RET00198,SAL11231,2025-02-04,PRD057,STR05,CUS0588,1,803.53,Performance Issues
RET00199,SAL04997,2024-04-24,PRD128,STR01,CUS0005,1,214.66,Defective
RET00200,SAL05519,2024-08-31,PRD006,STR20,CUS0211,3,4173.22,Defective
RET00201,SAL03770,2024-06-02,PRD104,STR18,CUS0430,1,500.85,Damaged
RET00202,SAL02156,2022-04-30,PRD042,STR10,CUS0573,1,293.39,Performance Issues
RET00203,SAL07695,2024-02-03,PRD034,STR05,CUS0112,1,531.64,Damaged
RET00204,SAL04297,2023-01-02,PRD099,STR12,CUS0704,1,160.08,Defective
RET00205,SAL03259,2022-06-13,PRD077,STR05,CUS0204,1,428.39,Performance Issues
RET00206,SAL03682,2024-01-22,PRD030,STR07,CUS0741,1,1192.84,Wrong Item
RET00207,SAL13870,2024-12-27,PRD008,STR17,CUS0241,1,191.38,Changed Mind
RET00208,SAL08892,2023-06-01,PRD128,STR01,CUS0222,4,1447.65,Changed Mind
RET00209,SAL08079,2022-07-04,PRD037,STR07,CUS0309,1,264.68,Changed Mind
RET00210,SAL00620,2025-04-10,PRD086,STR11,CUS0023,1,585.01,Damaged
RET00211,SAL14697,2025-09-04,PRD042,STR17,CUS0596,1,348.44,Changed Mind
RET00212,SAL05416,2024-08-27,PRD029,STR13,CUS0071,1,201.36,Not as Described
RET00213,SAL04724,2024-08-25,PRD017,STR13,CUS0265,3,210.45,Defective
RET00214,SAL07029,2023-06-17,PRD075,STR02,CUS0326,2,954.83,Changed Mind
RET00215,SAL07641,2024-06-03,PRD030,STR16,CUS0275,3,2475.46,Performance Issues
RET00216,SAL09093,2025-07-29,PRD123,STR06,CUS0138,1,139.8,Performance Issues
RET00217,SAL00692,2024-07-02,PRD085,STR05,CUS0299,3,769.46,Damaged
RET00218,SAL03671,2023-01-30,PRD141,STR18,CUS0324,1,274.52,Performance Issues
RET00219,SAL01983,2025-07-29,PRD094,STR20,CUS0413,1,501.61,Damaged
RET00220,SAL14102,2025-02-15,PRD137,STR02,CUS0110,1,1078.44,Changed Mind
RET00221,SAL08809,2023-12-02,PRD049,STR01,CUS0097,1,220.55,Wrong Item
RET00222,SAL12428,2023-09-14,PRD020,STR04,CUS0519,2,1549.53,Damaged
RET00223,SAL00307,2022-05-31,PRD021,STR14,CUS0235,1,69.59,Not as Described
RET00224,SAL06166,2022-06-15,PRD138,STR13,CUS0780,1,1018.73,Changed Mind
RET00225,SAL12454,2024-02-23,PRD103,STR17,CUS0251,1,1957.89,Changed Mind
RET00226,SAL09593,2023-03-06,PRD030,STR13,CUS0098,1,423.39,Defective
RET00227,SAL02219,2024-12-11,PRD079,STR09,CUS0063,1,65.44,Damaged
RET00228,SAL00743,2023-07-11,PRD001,STR14,CUS0143,1,2546.97,Changed Mind
RET00229,SAL06079,2022-08-04,PRD086,STR14,CUS0402,1,1735.57,Damaged
RET00230,SAL02143,2025-04-02,PRD138,STR08,CUS0221,1,2419.12,Performance Issues
RET00231,SAL11019,2024-07-20,PRD117,STR05,CUS0633,3,1583.51,Changed Mind
RET00232,SAL11215,2023-07-24,PRD025,STR06,CUS0473,2,942.33,Performance Issues
RET00233,SAL09185,2024-12-14,PRD104,STR20,CUS0792,1,2934.25,Performance Issues
RET00234,SAL10252,2022-02-14,PRD019,STR07,CUS0793,1,1258.22,Performance Issues
RET00235,SAL10524,2022-03-18,PRD055,STR06,CUS0136,1,275.8,Changed Mind
RET00236,SAL03363,2023-01-29,PRD132,STR03,CUS0754,1,246.75,Performance Issues
RET00237,SAL04699,2024-08-05,PRD075,STR13,CUS0359,1,399.26,Changed Mind
RET00238,SAL05709,2023-06-26,PRD106,STR18,CUS0783,1,267.81,Defective
RET00239,SAL04021,2025-03-28,PRD018,STR20,CUS0433,1,374.44,Changed Mind
RET00240,SAL01853,2024-05-14,PRD060,STR13,CUS0158,2,1380.39,Defective
RET00241,SAL00929,2024-10-17,PRD051,STR15,CUS0244,1,261.78,Defective
RET00242,SAL11792,2023-06-22,PRD020,STR14,CUS0571,1,959.17,Defective
RET00243,SAL03936,2022-12-20,PRD116,STR06,CUS0138,1,692.28,Defective
RET00244,SAL00421,2022-06-11,PRD061,STR14,CUS0429,1,1341.77,Changed Mind
RET00245,SAL08171,2022-03-24,PRD110,STR10,CUS0499,1,558.68,Performance Issues
RET00246,SAL07919,2023-08-02,PRD150,STR07,CUS0635,1,737.21,Defective
RET00247,SAL02450,2022-09-05,PRD073,STR11,CUS0220,1,1542.54,Not as Described
RET00248,SAL02220,2023-04-18,PRD031,STR11,CUS0429,1,158.45,Defective
RET00249,SAL12512,2024-12-26,PRD066,STR12,CUS0595,1,829.32,Performance Issues
RET00250,SAL05988,2022-06-19,PRD082,STR09,CUS0092,1,1768.17,Damaged
RET00251,SAL09340,2023-07-01,PRD066,STR14,CUS0305,1,1488.37,Wrong Item
RET00252,SAL10360,2022-09-18,PRD100,STR12,CUS0288,1,981.2,Damaged
RET00253,SAL02007,2023-05-24,PRD072,STR10,CUS0543,1,772.54,Performance Issues
RET00254,SAL00969,2023-11-14,PRD038,STR02,CUS0301,1,230.55,Changed Mind
RET00255,SAL08655,2024-08-02,PRD044,STR12,CUS0488,1,86.64,Defective
RET00256,SAL04350,2024-04-27,PRD055,STR19,CUS0559,2,391.6,Wrong Item
RET00257,SAL04148,2025-02-11,PRD083,STR07,CUS0607,1,625.16,Not as Described
RET00258,SAL12412,2023-05-28,PRD045,STR04,CUS0666,1,572.92,Not as Described
RET00259,SAL11503,2025-06-15,PRD076,STR05,CUS0581,2,4024.84,Not as Described
RET00260,SAL10905,2024-11-06,PRD042,STR06,CUS0250,1,1128.23,Wrong Item
RET00261,SAL10545,2024-10-24,PRD121,STR04,CUS0303,1,216.01,Not as Described
RET00262,SAL11809,2024-09-03,PRD063,STR06,CUS0185,2,1418.88,Defective
RET00263,SAL13115,2022-07-21,PRD002,STR20,CUS0548,1,1107.75,Damaged
RET00264,SAL11463,2023-10-22,PRD019,STR19,CUS0583,1,878.62,Not as Described
RET00265,SAL02609,2022-12-23,PRD101,STR13,CUS0464,1,112.23,Not as Described
RET00266,SAL11866,2022-04-26,PRD074,STR08,CUS0666,1,521.94,Defective
RET00267,SAL14254,2022-10-22,PRD075,STR07,CUS0326,1,483.95,Changed Mind
RET00268,SAL11170,2023-05-01,PRD148,STR03,CUS0421,1,1224.97,Changed Mind
RET00269,SAL08021,2022-06-28,PRD070,STR15,CUS0096,3,2717.93,Damaged
RET00270,SAL04318,2025-06-27,PRD146,STR05,CUS0003,1,852.2,Defective
RET00271,SAL13259,2022-12-29,PRD106,STR14,CUS0537,1,347.0,Damaged
RET00272,SAL06881,2024-08-26,PRD102,STR04,CUS0479,1,528.86,Changed Mind
RET00273,SAL07497,2022-11-16,PRD114,STR16,CUS0373,2,1664.72,Defective
RET00274,SAL05963,2024-07-13,PRD103,STR16,CUS0212,2,2052.08,Defective
RET00275,SAL09654,2023-05-21,PRD127,STR06,CUS0407,1,938.36,Changed Mind
RET00276,SAL00852,2022-09-22,PRD137,STR08,CUS0091,2,2296.42,Performance Issues
RET00277,SAL10815,2024-10-13,PRD064,STR06,CUS0482,1,739.21,Performance Issues
RET00278,SAL01175,2025-07-19,PRD035,STR19,CUS0745,1,186.2,Changed Mind
RET00279,SAL04843,2025-02-02,PRD045,STR15,CUS0788,1,574.95,Damaged
RET00280,SAL03647,2023-01-17,PRD079,STR11,CUS0603,1,65.76,Performance Issues
RET00281,SAL04443,2024-07-21,PRD061,STR11,CUS0117,1,1879.06,Wrong Item
RET00282,SAL11222,2025-06-26,PRD123,STR19,CUS0165,1,94.63,Defective
RET00283,SAL08770,2022-01-08,PRD024,STR04,CUS0222,1,202.55,Damaged
RET00284,SAL05705,2025-07-12,PRD060,STR05,CUS0390,1,429.76,Damaged
RET00285,SAL11939,2025-06-02,PRD080,STR19,CUS0296,2,3874.96,Changed Mind
RET00286,SAL10623,2024-04-28,PRD109,STR10,CUS0782,2,1623.99,Not as Described
RET00287,SAL06357,2024-12-22,PRD001,STR17,CUS0362,1,1006.41,Changed Mind
RET00288,SAL11460,2024-05-02,PRD002,STR15,CUS0513,1,624.74,Performance Issues
RET00289,SAL05285,2024-01-17,PRD025,STR04,CUS0341,1,415.07,Defective
RET00290,SAL00702,2023-02-17,PRD135,STR15,CUS0083,1,900.0,Defective
RET00291,SAL10953,2022-07-02,PRD091,STR09,CUS0279,1,330.92,Changed Mind
RET00292,SAL13199,2022-02-07,PRD148,STR01,CUS0363,1,456.66,Performance Issues
RET00293,SAL11962,2024-04-30,PRD029,STR03,CUS0689,1,552.59,Wrong Item
RET00294,SAL03411,2025-04-29,PRD026,STR02,CUS0078,1,1065.93,Defective
RET00295,SAL02935,2025-03-15,PRD123,STR10,CUS0094,1,369.16,Wrong Item
RET00296,SAL07263,2023-06-04,PRD058,STR18,CUS0799,1,87.42,Not as Described
RET00297,SAL08253,2025-07-01,PRD095,STR06,CUS0754,1,567.01,Changed Mind
RET00298,SAL13924,2025-05-24,PRD019,STR20,CUS0001,1,543.37,Changed Mind
RET00299,SAL14673,2022-10-14,PRD076,STR19,CUS0443,1,2272.64,Damaged
RET00300,SAL05474,2022-11-11,PRD144,STR01,CUS0592,1,667.39,Changed Mind
RET00301,SAL03507,2025-05-21,PRD084,STR18,CUS0462,3,1983.36,Damaged
RET00302,SAL03912,2024-09-19,PRD057,STR17,CUS0101,1,435.46,Damaged
RET00303,SAL03416,2023-06-28,PRD106,STR02,CUS0435,1,336.08,Wrong Item
RET00304,SAL00680,2024-03-12,PRD113,STR12,CUS0492,1,366.71,Not as Described
RET00305,SAL09934,2022-09-11,PRD017,STR09,CUS0046,1,60.33,Defective
RET00306,SAL08973,2023-10-03,PRD016,STR17,CUS0252,1,826.15,Damaged
RET00307,SAL12489,2023-01-30,PRD088,STR20,CUS0566,1,474.91,Performance Issues
RET00308,SAL04327,2023-05-21,PRD057,STR01,CUS0482,1,1114.27,Wrong Item
RET00309,SAL07688,2024-06-15,PRD104,STR03,CUS0105,1,981.21,Changed Mind
RET00310,SAL11579,2022-11-22,PRD097,STR03,CUS0321,1,173.39,Not as Described
RET00311,SAL09367,2023-02-10,PRD033,STR15,CUS0104,1,453.53,Not as Described
RET00312,SAL12495,2022-06-17,PRD002,STR09,CUS0045,1,1207.52,Defective
RET00313,SAL12517,2025-05-24,PRD051,STR12,CUS0753,1,349.83,Wrong Item
RET00314,SAL08761,2022-12-01,PRD101,STR04,CUS0011,1,305.98,Changed Mind
RET00315,SAL12370,2024-12-17,PRD073,STR19,CUS0608,1,400.71,Damaged
RET00316,SAL00970,2023-11-27,PRD024,STR15,CUS0122,1,53.73,Not as Described
RET00317,SAL04911,2022-11-19,PRD092,STR04,CUS0015,1,251.33,Damaged
RET00318,SAL07238,2023-09-18,PRD122,STR12,CUS0768,1,125.94,Changed Mind
RET00319,SAL11736,2024-06-03,PRD026,STR15,CUS0752,1,1213.24,Wrong Item
RET00320,SAL09232,2023-06-23,PRD143,STR15,CUS0108,1,482.06,Performance Issues
RET00321,SAL03611,2022-09-21,PRD034,STR11,CUS0696,1,418.77,Wrong Item
RET00322,SAL01551,2024-01-28,PRD110,STR08,CUS0314,3,648.14,Not as Described
RET00323,SAL07485,2022-05-23,PRD083,STR16,CUS0621,3,3622.52,Wrong Item
RET00324,SAL07878,2023-10-20,PRD004,STR08,CUS0292,2,1266.01,Wrong Item
RET00325,SAL07265,2023-09-22,PRD005,STR19,CUS0589,1,1156.28,Not as Described
RET00326,SAL01750,2024-08-06,PRD060,STR20,CUS0738,1,394.7,Not as Described
RET00327,SAL04957,2022-09-25,PRD130,STR03,CUS0503,1,167.24,Performance Issues
RET00328,SAL08194,2023-05-10,PRD037,STR18,CUS0548,1,337.2,Performance Issues
RET00329,SAL01956,2022-09-12,PRD040,STR02,CUS0698,1,1683.85,Changed Mind
RET00330,SAL13798,2025-07-20,PRD133,STR06,CUS0180,1,972.05,Damaged
RET00331,SAL07911,2022-11-13,PRD057,STR16,CUS0270,2,1369.51,Damaged
RET00332,SAL08986,2025-08-27,PRD144,STR05,CUS0422,1,246.29,Changed Mind
RET00333,SAL09013,2024-05-13,PRD118,STR07,CUS0366,1,495.94,Not as Described
RET00334,SAL08399,2023-12-02,PRD086,STR09,CUS0550,1,2050.76,Not as Described
RET00335,SAL04531,2024-03-17,PRD027,STR14,CUS0426,1,569.12,Defective
RET00336,SAL09849,2022-02-23,PRD109,STR04,CUS0436,1,785.13,Wrong Item
RET00337,SAL09999,2024-04-19,PRD089,STR02,CUS0144,1,2273.42,Not as Described
RET00338,SAL12923,2022-01-29,PRD097,STR08,CUS0528,1,711.14,Changed Mind
RET00339,SAL03170,2022-12-24,PRD136,STR12,CUS0702,1,665.32,Damaged
RET00340,SAL04103,2022-06-15,PRD114,STR03,CUS0795,1,820.1,Not as Described
RET00341,SAL01058,2024-09-20,PRD108,STR09,CUS0495,1,369.74,Performance Issues
RET00342,SAL11739,2022-06-29,PRD023,STR05,CUS0695,1,279.6,Damaged
RET00343,SAL09293,2022-08-06,PRD050,STR17,CUS0659,1,320.07,Defective
RET00344,SAL00759,2023-12-26,PRD146,STR01,CUS0720,4,5151.7,Damaged
RET00345,SAL08647,2022-03-15,PRD111,STR08,CUS0520,1,292.75,Damaged
RET00346,SAL06262,2022-08-06,PRD142,STR19,CUS0376,2,1463.56,Changed Mind
RET00347,SAL10086,2024-09-28,PRD061,STR15,CUS0241,1,1689.78,Not as Described
RET00348,SAL08790,2023-11-01,PRD096,STR17,CUS0128,1,1822.53,Damaged
RET00349,SAL09375,2023-07-28,PRD055,STR03,CUS0467,1,223.2,Defective
RET00350,SAL01320,2025-03-18,PRD041,STR17,CUS0230,1,216.7,Damaged
RET00351,SAL00180,2022-12-31,PRD141,STR03,CUS0313,1,551.8,Wrong Item
RET00352,SAL12168,2025-03-17,PRD030,STR16,CUS0676,1,743.88,Damaged
RET00353,SAL10234,2022-09-19,PRD120,STR16,CUS0696,1,109.71,Performance Issues
RET00354,SAL06687,2023-12-10,PRD135,STR07,CUS0143,1,827.4,Changed Mind
RET00355,SAL11127,2024-02-04,PRD071,STR13,CUS0141,2,679.87,Defective
RET00356,SAL14696,2023-01-04,PRD045,STR11,CUS0384,1,905.23,Defective
RET00357,SAL08961,2024-05-17,PRD083,STR16,CUS0671,1,591.69,Defective
RET00358,SAL12361,2023-11-15,PRD024,STR19,CUS0517,2,230.02,Performance Issues
RET00359,SAL09000,2023-08-26,PRD122,STR18,CUS0768,2,425.95,Not as Described
RET00360,SAL07147,2024-01-04,PRD135,STR03,CUS0366,1,355.87,Wrong Item
RET00361,SAL13004,2023-08-10,PRD054,STR10,CUS0796,1,336.13,Wrong Item
RET00362,SAL11982,2023-06-15,PRD139,STR14,CUS0425,1,243.78,Performance Issues
RET00363,SAL11098,2024-01-20,PRD065,STR03,CUS0720,1,730.61,Damaged
RET00364,SAL13171,2022-10-02,PRD069,STR01,CUS0428,1,469.77,Not as Described
RET00365,SAL00548,2023-01-31,PRD128,STR18,CUS0685,1,277.64,Damaged
RET00366,SAL05145,2022-03-12,PRD147,STR19,CUS0238,1,93.68,Defective
RET00367,SAL01486,2025-02-22,PRD077,STR02,CUS0487,1,366.27,Not as Described
RET00368,SAL11928,2022-10-31,PRD078,STR15,CUS0646,1,903.54,Changed Mind
RET00369,SAL06584,2023-05-04,PRD136,STR03,CUS0161,1,239.96,Defective
RET00370,SAL13818,2023-11-17,PRD078,STR05,CUS0165,2,1064.53,Not as Described
RET00371,SAL11192,2023-07-16,PRD071,STR12,CUS0295,1,131.4,Defective
RET00372,SAL05050,2024-12-13,PRD042,STR12,CUS0666,1,531.0,Damaged
RET00373,SAL10620,2025-04-16,PRD113,STR05,CUS0385,2,703.51,Performance Issues
RET00374,SAL10255,2023-03-15,PRD107,STR17,CUS0704,1,478.14,Damaged
RET00375,SAL09195,2023-02-16,PRD114,STR04,CUS0162,1,699.07,Damaged
RET00376,SAL12790,2025-01-29,PRD059,STR12,CUS0129,2,3550.03,Performance Issues
RET00377,SAL02501,2024-05-10,PRD136,STR01,CUS0658,1,931.47,Wrong Item
RET00378,SAL00389,2024-04-27,PRD090,STR12,CUS0590,1,616.93,Performance Issues
RET00379,SAL04579,2024-09-14,PRD047,STR10,CUS0300,2,888.49,Damaged
RET00380,SAL04126,2022-09-24,PRD039,STR19,CUS0037,1,1373.96,Wrong Item
RET00381,SAL10288,2025-03-28,PRD025,STR07,CUS0762,1,522.53,Not as Described
RET00382,SAL12289,2024-06-30,PRD090,STR20,CUS0356,1,802.58,Damaged
RET00383,SAL09814,2022-07-11,PRD146,STR20,CUS0769,1,626.02,Wrong Item
RET00384,SAL02485,2025-04-25,PRD110,STR14,CUS0141,1,178.42,Defective
RET00385,SAL08381,2024-05-12,PRD020,STR10,CUS0048,1,874.58,Defective
RET00386,SAL14358,2025-01-09,PRD113,STR06,CUS0510,2,646.22,Defective
RET00387,SAL00934,2023-03-08,PRD022,STR12,CUS0656,1,145.09,Damaged
RET00388,SAL10132,2023-02-02,PRD074,STR02,CUS0324,1,1081.96,Damaged
RET00389,SAL02242,2022-06-10,PRD012,STR20,CUS0473,1,290.94,Not as Described
RET00390,SAL01109,2024-02-14,PRD032,STR12,CUS0777,1,1341.74,Performance Issues
RET00391,SAL08164,2024-08-05,PRD038,STR13,CUS0025,2,1141.16,Wrong Item
RET00392,SAL09504,2022-12-10,PRD007,STR06,CUS0061,1,527.0,Damaged
RET00393,SAL07308,2024-05-30,PRD091,STR12,CUS0409,2,557.54,Changed Mind
RET00394,SAL11399,2025-04-12,PRD093,STR16,CUS0409,1,37.97,Performance Issues
RET00395,SAL10631,2025-02-19,PRD036,STR01,CUS0544,1,1531.01,Performance Issues
RET00396,SAL04134,2022-07-16,PRD132,STR13,CUS0407,1,263.1,Changed Mind
RET00397,SAL04441,2023-01-14,PRD029,STR02,CUS0635,1,1174.46,Not as Described
RET00398,SAL02115,2025-09-04,PRD089,STR15,CUS0163,1,2020.83,Damaged
RET00399,SAL14760,2023-06-06,PRD049,STR12,CUS0634,1,76.97,Damaged
RET00400,SAL13104,2022-08-02,PRD025,STR15,CUS0623,1,871.63,Not as Described
RET00401,SAL12943,2022-07-16,PRD008,STR11,CUS0042,2,1103.51,Damaged
RET00402,SAL13890,2024-04-14,PRD115,STR18,CUS0136,1,725.85,Defective
RET00403,SAL11979,2023-09-22,PRD027,STR09,CUS0302,1,973.05,Damaged
RET00404,SAL05646,2025-04-27,PRD034,STR19,CUS0160,2,2453.45,Performance Issues
RET00405,SAL12631,2022-10-31,PRD103,STR06,CUS0020,1,1773.33,Wrong Item
RET00406,SAL09542,2024-10-18,PRD047,STR17,CUS0524,1,696.18,Performance Issues
RET00407,SAL13236,2023-08-07,PRD067,STR20,CUS0790,1,175.8,Wrong Item
RET00408,SAL13010,2022-09-06,PRD095,STR03,CUS0750,1,302.45,Performance Issues
RET00409,SAL00415,2023-04-08,PRD033,STR13,CUS0760,1,175.81,Wrong Item
RET00410,SAL09180,2025-05-07,PRD116,STR13,CUS0689,1,493.26,Defective
RET00411,SAL10289,2022-02-14,PRD011,STR19,CUS0589,1,215.74,Wrong Item
RET00412,SAL03841,2023-10-09,PRD086,STR09,CUS0138,1,683.2,Not as Described
RET00413,SAL12773,2023-07-09,PRD069,STR17,CUS0610,1,322.39,Performance Issues
RET00414,SAL09549,2023-11-30,PRD067,STR19,CUS0174,1,299.91,Not as Described
RET00415,SAL10133,2022-04-24,PRD013,STR09,CUS0098,2,1068.31,Not as Described
RET00416,SAL00779,2023-05-24,PRD147,STR16,CUS0600,1,146.84,Not as Described
RET00417,SAL02355,2023-01-20,PRD069,STR04,CUS0038,1,386.66,Changed Mind
RET00418,SAL11018,2022-02-18,PRD028,STR03,CUS0055,1,395.0,Wrong Item
RET00419,SAL12510,2023-11-03,PRD001,STR01,CUS0585,1,1332.53,Wrong Item
RET00420,SAL10517,2022-10-31,PRD029,STR15,CUS0143,1,472.93,Not as Described
RET00421,SAL14678,2025-01-24,PRD071,STR19,CUS0561,1,444.58,Defective
RET00422,SAL09679,2024-06-26,PRD058,STR04,CUS0293,1,134.59,Changed Mind
RET00423,SAL08270,2024-02-01,PRD074,STR01,CUS0285,1,299.16,Damaged
RET00424,SAL05452,2025-02-15,PRD051,STR04,CUS0423,1,658.53,Changed Mind
RET00425,SAL12965,2023-02-19,PRD026,STR12,CUS0099,1,860.35,Wrong Item
RET00426,SAL00571,2024-07-31,PRD049,STR17,CUS0555,1,70.02,Defective
RET00427,SAL06392,2024-11-19,PRD013,STR17,CUS0009,2,1426.93,Defective
RET00428,SAL12650,2022-06-13,PRD131,STR04,CUS0247,1,440.3,Changed Mind
RET00429,SAL13274,2022-07-05,PRD076,STR17,CUS0305,1,3150.56,Wrong Item
RET00430,SAL07377,2023-05-27,PRD017,STR12,CUS0586,1,47.26,Not as Described
RET00431,SAL07761,2022-10-08,PRD138,STR05,CUS0684,1,613.32,Performance Issues
RET00432,SAL07964,2023-02-15,PRD075,STR04,CUS0096,1,678.07,Wrong Item
RET00433,SAL00024,2025-08-13,PRD079,STR08,CUS0582,1,80.59,Wrong Item
RET00434,SAL00115,2022-11-27,PRD121,STR09,CUS0120,2,1003.8,Changed Mind
RET00435,SAL12492,2023-04-09,PRD123,STR12,CUS0370,2,713.84,Wrong Item
RET00436,SAL10301,2022-01-14,PRD129,STR06,CUS0143,1,734.48,Performance Issues
RET00437,SAL11909,2024-04-01,PRD025,STR20,CUS0629,1,321.72,Performance Issues
RET00438,SAL01769,2025-03-12,PRD057,STR06,CUS0216,1,1041.65,Changed Mind
RET00439,SAL04069,2024-06-24,PRD082,STR17,CUS0358,1,982.78,Wrong Item
RET00440,SAL09117,2025-02-16,PRD128,STR11,CUS0276,1,374.45,Not as Described
RET00441,SAL12875,2022-02-15,PRD044,STR07,CUS0498,6,522.1,Performance Issues
RET00442,SAL07174,2023-12-30,PRD147,STR16,CUS0680,1,129.35,Damaged
RET00443,SAL02801,2023-08-02,PRD140,STR17,CUS0522,1,462.48,Damaged
RET00444,SAL03629,2024-06-11,PRD145,STR16,CUS0366,1,1464.37,Damaged
RET00445,SAL01803,2022-08-03,PRD059,STR16,CUS0603,1,721.54,Defective
RET00446,SAL02502,2025-07-31,PRD013,STR20,CUS0049,2,1153.76,Damaged
RET00447,SAL05995,2023-12-21,PRD109,STR05,CUS0432,1,870.78,Not as Described
RET00448,SAL08759,2025-02-28,PRD143,STR08,CUS0085,1,278.8,Performance Issues
RET00449,SAL05589,2022-12-14,PRD030,STR07,CUS0560,1,454.94,Damaged
RET00450,SAL04117,2023-06-22,PRD073,STR02,CUS0784,1,847.69,Changed Mind
RET00451,SAL09476,2024-07-21,PRD089,STR18,CUS0349,1,503.37,Wrong Item
RET00452,SAL01820,2023-03-24,PRD134,STR05,CUS0405,1,554.41,Changed Mind
RET00453,SAL02933,2022-12-23,PRD107,STR16,CUS0733,1,444.38,Damaged
RET00454,SAL13713,2025-01-27,PRD079,STR15,CUS0543,2,184.27,Not as Described
RET00455,SAL12377,2023-02-17,PRD104,STR07,CUS0606,2,3359.76,Performance Issues
RET00456,SAL00625,2024-03-04,PRD085,STR18,CUS0473,1,167.43,Defective
RET00457,SAL06386,2022-07-02,PRD095,STR05,CUS0124,2,980.27,Wrong Item
RET00458,SAL05616,2023-02-07,PRD126,STR17,CUS0348,1,304.27,Not as Described
RET00459,SAL03241,2025-05-24,PRD140,STR03,CUS0253,2,1930.13,Performance Issues
RET00460,SAL06930,2024-02-03,PRD061,STR09,CUS0772,1,626.57,Performance Issues
RET00461,SAL11248,2024-01-28,PRD026,STR01,CUS0691,3,2988.68,Changed Mind
RET00462,SAL13846,2024-01-22,PRD069,STR03,CUS0307,2,1537.08,Not as Described
RET00463,SAL07968,2025-07-06,PRD112,STR20,CUS0283,1,290.19,Changed Mind
RET00464,SAL08972,2022-03-10,PRD112,STR05,CUS0467,1,388.47,Performance Issues
RET00465,SAL03100,2024-08-16,PRD127,STR10,CUS0271,1,357.53,Changed Mind
RET00466,SAL11661,2025-08-29,PRD014,STR15,CUS0396,1,69.3,Defective
RET00467,SAL05461,2023-01-06,PRD063,STR18,CUS0256,2,1029.38,Damaged
RET00468,SAL12057,2025-08-18,PRD024,STR19,CUS0234,1,37.81,Not as Described
RET00469,SAL09570,2025-05-05,PRD066,STR01,CUS0712,1,642.7,Performance Issues
RET00470,SAL08757,2023-12-24,PRD044,STR17,CUS0314,3,222.5,Performance Issues
RET00471,SAL01390,2023-10-30,PRD055,STR16,CUS0077,1,406.7,Damaged
RET00472,SAL02319,2025-02-18,PRD134,STR12,CUS0088,1,497.17,Wrong Item
RET00473,SAL04951,2023-08-25,PRD036,STR19,CUS0111,1,961.46,Defective
RET00474,SAL00491,2022-03-10,PRD138,STR19,CUS0689,1,686.72,Performance Issues
RET00475,SAL10690,2025-05-28,PRD146,STR19,CUS0557,2,2020.79,Changed Mind
RET00476,SAL12560,2024-09-23,PRD106,STR08,CUS0293,1,291.6,Defective
RET00477,SAL09643,2025-06-12,PRD058,STR01,CUS0712,1,131.79,Wrong Item
RET00478,SAL13682,2025-06-14,PRD016,STR04,CUS0075,1,994.51,Defective
RET00479,SAL07974,2025-07-19,PRD140,STR17,CUS0054,1,1204.37,Defective
RET00480,SAL07340,2025-05-11,PRD054,STR01,CUS0761,2,1829.96,Changed Mind
RET00481,SAL13238,2024-10-14,PRD109,STR01,CUS0786,1,766.81,Changed Mind
RET00482,SAL13991,2024-09-20,PRD104,STR03,CUS0549,2,2976.63,Wrong Item
RET00483,SAL05437,2022-01-30,PRD076,STR06,CUS0672,1,1218.38,Defective
RET00484,SAL04203,2025-03-22,PRD068,STR13,CUS0061,1,210.93,Not as Described
RET00485,SAL04738,2024-02-26,PRD067,STR16,CUS0775,1,171.6,Damaged
RET00486,SAL06809,2023-08-01,PRD046,STR20,CUS0741,1,589.9,Not as Described
RET00487,SAL11914,2025-08-20,PRD027,STR17,CUS0285,1,371.66,Defective
RET00488,SAL13251,2022-06-05,PRD016,STR03,CUS0285,1,1994.97,Damaged
RET00489,SAL08495,2022-05-11,PRD052,STR17,CUS0628,1,601.63,Defective
RET00490,SAL00137,2023-04-03,PRD113,STR18,CUS0140,2,726.92,Wrong Item
RET00491,SAL09624,2025-04-13,PRD106,STR19,CUS0160,1,452.47,Changed Mind
RET00492,SAL14162,2024-02-10,PRD020,STR03,CUS0357,1,676.63,Wrong Item
RET00493,SAL05060,2025-05-03,PRD125,STR09,CUS0077,1,227.51,Wrong Item
RET00494,SAL12844,2023-01-20,PRD063,STR20,CUS0310,1,774.81,Damaged
RET00495,SAL06503,2024-11-12,PRD122,STR05,CUS0016,1,112.41,Not as Described
RET00496,SAL06402,2025-02-17,PRD007,STR06,CUS0209,2,2179.1,Defective
RET00497,SAL12762,2023-06-10,PRD068,STR04,CUS0100,1,151.67,Performance Issues
RET00498,SAL06788,2023-07-30,PRD046,STR17,CUS0559,1,1858.21,Wrong Item
RET00499,SAL02035,2023-05-22,PRD015,STR09,CUS0139,1,801.38,Wrong Item
RET00500,SAL13370,2022-04-15,PRD085,STR04,CUS0133,1,267.54,Performance Issues
RET00501,SAL01070,2024-12-07,PRD143,STR04,CUS0068,1,763.17,Wrong Item
RET00502,SAL14342,2023-11-17,PRD015,STR04,CUS0576,1,2645.87,Defective
RET00503,SAL11432,2022-04-12,PRD143,STR09,CUS0049,1,204.07,Performance Issues
RET00504,SAL07059,2023-04-22,PRD026,STR19,CUS0118,1,708.81,Defective
RET00505,SAL10541,2024-10-29,PRD142,STR14,CUS0213,1,295.21,Performance Issues
RET00506,SAL13362,2022-06-12,PRD129,STR06,CUS0070,1,502.75,Damaged
RET00507,SAL11831,2023-05-08,PRD118,STR09,CUS0707,1,952.27,Wrong Item
RET00508,SAL10906,2022-02-15,PRD140,STR06,CUS0455,1,793.07,Defective
RET00509,SAL05820,2022-09-28,PRD090,STR09,CUS0189,1,876.31,Wrong Item
RET00510,SAL08632,2022-04-14,PRD113,STR13,CUS0621,1,535.31,Not as Described
RET00511,SAL02686,2022-09-08,PRD018,STR16,CUS0114,1,984.55,Not as Described
RET00512,SAL13438,2025-03-04,PRD061,STR12,CUS0217,1,1499.06,Defective
RET00513,SAL10589,2023-05-01,PRD073,STR19,CUS0073,1,1495.47,Wrong Item
RET00514,SAL07095,2022-11-20,PRD010,STR19,CUS0554,1,1165.73,Performance Issues
RET00515,SAL11504,2025-04-10,PRD039,STR18,CUS0146,1,340.51,Wrong Item
RET00516,SAL06721,2023-10-10,PRD063,STR03,CUS0601,1,499.34,Performance Issues
RET00517,SAL06163,2023-05-31,PRD079,STR01,CUS0024,1,87.29,Defective
RET00518,SAL02714,2022-05-13,PRD044,STR18,CUS0773,1,52.88,Defective
RET00519,SAL14816,2024-10-13,PRD013,STR04,CUS0662,1,406.9,Performance Issues
RET00520,SAL08702,2023-06-22,PRD055,STR13,CUS0153,1,172.71,Defective
RET00521,SAL08748,2024-01-27,PRD114,STR11,CUS0005,1,588.92,Wrong Item
RET00522,SAL04294,2023-03-22,PRD113,STR01,CUS0023,1,398.9,Wrong Item
RET00523,SAL09348,2025-09-11,PRD150,STR06,CUS0125,2,791.44,Damaged
RET00524,SAL01940,2024-10-10,PRD012,STR17,CUS0275,1,70.14,Not as Described
RET00525,SAL14631,2023-07-27,PRD035,STR13,CUS0376,1,239.7,Damaged
RET00526,SAL10871,2022-02-08,PRD112,STR08,CUS0680,1,321.81,Performance Issues
RET00527,SAL05675,2023-12-24,PRD140,STR06,CUS0179,1,437.11,Wrong Item
RET00528,SAL01521,2022-11-18,PRD084,STR18,CUS0261,2,1399.96,Wrong Item
RET00529,SAL06105,2022-12-01,PRD059,STR01,CUS0454,2,5122.29,Not as Described
RET00530,SAL13380,2025-03-30,PRD129,STR19,CUS0430,1,1217.61,Defective
RET00531,SAL04087,2022-03-26,PRD117,STR16,CUS0277,1,225.04,Wrong Item
RET00532,SAL08845,2024-01-10,PRD056,STR19,CUS0243,1,820.03,Defective
RET00533,SAL01166,2025-07-16,PRD060,STR07,CUS0039,1,357.26,Changed Mind
RET00534,SAL02807,2022-05-18,PRD072,STR14,CUS0242,1,523.0,Wrong Item
RET00535,SAL06931,2024-07-18,PRD002,STR09,CUS0520,1,1179.79,Changed Mind
RET00536,SAL08916,2022-11-11,PRD005,STR05,CUS0434,1,1969.01,Performance Issues
RET00537,SAL11343,2022-12-16,PRD059,STR20,CUS0574,1,973.3,Defective
RET00538,SAL12268,2022-10-07,PRD007,STR14,CUS0009,1,463.19,Performance Issues
RET00539,SAL14546,2023-05-23,PRD118,STR03,CUS0686,1,719.27,Not as Described
RET00540,SAL12251,2025-08-21,PRD116,STR08,CUS0709,1,1433.5,Defective
RET00541,SAL08561,2025-07-09,PRD015,STR06,CUS0154,1,1544.44,Defective
RET00542,SAL09166,2025-01-14,PRD008,STR20,CUS0685,1,175.58,Defective
RET00543,SAL12621,2023-01-06,PRD094,STR16,CUS0759,4,2235.13,Wrong Item
RET00544,SAL03324,2024-04-05,PRD050,STR05,CUS0754,1,183.43,Damaged
RET00545,SAL13892,2022-08-06,PRD139,STR14,CUS0436,1,217.84,Defective
RET00546,SAL08542,2025-01-28,PRD078,STR17,CUS0669,2,1952.07,Wrong Item
RET00547,SAL07455,2023-06-18,PRD044,STR10,CUS0404,1,37.34,Changed Mind
RET00548,SAL08983,2025-06-26,PRD147,STR15,CUS0052,1,80.62,Performance Issues
RET00549,SAL07161,2022-04-14,PRD017,STR19,CUS0377,1,120.87,Wrong Item
RET00550,SAL11824,2024-06-11,PRD038,STR14,CUS0455,1,304.49,Wrong Item
RET00551,SAL02232,2023-12-20,PRD015,STR05,CUS0383,1,2480.42,Changed Mind
RET00552,SAL06972,2025-01-10,PRD016,STR12,CUS0438,4,5056.28,Wrong Item
RET00553,SAL13581,2023-01-12,PRD067,STR20,CUS0724,1,654.26,Defective
RET00554,SAL13042,2025-06-21,PRD100,STR11,CUS0517,1,895.08,Damaged
RET00555,SAL06041,2024-11-20,PRD069,STR17,CUS0252,1,348.93,Damaged
RET00556,SAL02775,2025-07-09,PRD018,STR20,CUS0552,1,1468.47,Defective
RET00557,SAL06859,2022-01-14,PRD006,STR12,CUS0472,1,634.17,Changed Mind
RET00558,SAL07849,2022-05-26,PRD077,STR14,CUS0775,1,1211.96,Not as Described
RET00559,SAL02982,2025-05-07,PRD015,STR03,CUS0625,1,808.57,Wrong Item
RET00560,SAL01008,2023-02-05,PRD005,STR07,CUS0211,1,590.44,Not as Described
RET00561,SAL10792,2024-08-13,PRD100,STR05,CUS0324,1,596.41,Damaged
RET00562,SAL07040,2023-03-26,PRD133,STR03,CUS0510,1,951.53,Damaged
RET00563,SAL06682,2025-05-11,PRD103,STR05,CUS0382,1,2158.56,Wrong Item
RET00564,SAL00157,2023-04-29,PRD027,STR20,CUS0762,1,439.78,Performance Issues
RET00565,SAL10251,2025-06-01,PRD138,STR14,CUS0169,1,597.28,Not as Described
RET00566,SAL12931,2024-07-16,PRD027,STR11,CUS0744,1,447.52,Changed Mind
RET00567,SAL02093,2024-04-13,PRD126,STR11,CUS0193,1,1172.12,Defective
RET00568,SAL03328,2023-11-22,PRD081,STR19,CUS0661,1,311.97,Wrong Item
RET00569,SAL09453,2022-07-16,PRD085,STR01,CUS0188,3,1077.09,Defective
RET00570,SAL10290,2024-07-08,PRD012,STR05,CUS0277,1,84.31,Changed Mind
RET00571,SAL03390,2024-05-06,PRD068,STR18,CUS0773,1,114.3,Wrong Item
RET00572,SAL04549,2024-08-26,PRD108,STR04,CUS0666,1,1026.49,Not as Described
RET00573,SAL08442,2023-09-27,PRD126,STR03,CUS0074,1,491.63,Damaged
RET00574,SAL14931,2024-04-11,PRD005,STR18,CUS0629,2,2560.81,Not as Described
RET00575,SAL08587,2024-11-14,PRD059,STR17,CUS0487,1,714.9,Not as Described
RET00576,SAL03769,2022-04-05,PRD129,STR14,CUS0245,2,2037.07,Changed Mind
RET00577,SAL05588,2022-06-14,PRD096,STR14,CUS0500,1,1025.73,Damaged
RET00578,SAL11077,2022-02-23,PRD112,STR16,CUS0784,1,1668.73,Defective
RET00579,SAL13904,2025-01-06,PRD041,STR06,CUS0721,1,238.33,Changed Mind
RET00580,SAL04802,2024-04-06,PRD071,STR15,CUS0753,1,748.77,Defective
RET00581,SAL12799,2024-04-04,PRD112,STR03,CUS0278,3,1511.32,Performance Issues
RET00582,SAL10979,2023-12-20,PRD070,STR05,CUS0533,1,1584.96,Not as Described
RET00583,SAL05029,2022-02-18,PRD056,STR20,CUS0197,1,788.72,Wrong Item
RET00584,SAL07295,2023-02-01,PRD065,STR01,CUS0353,1,297.52,Performance Issues
RET00585,SAL13769,2023-02-22,PRD097,STR03,CUS0200,1,158.04,Damaged
RET00586,SAL00521,2024-06-04,PRD047,STR08,CUS0712,2,1188.24,Defective
RET00587,SAL01159,2023-02-19,PRD003,STR11,CUS0019,1,1035.26,Damaged
RET00588,SAL01534,2022-11-29,PRD132,STR01,CUS0540,2,526.81,Damaged
RET00589,SAL13812,2025-05-09,PRD115,STR05,CUS0013,2,1592.61,Damaged
RET00590,SAL09091,2025-06-24,PRD069,STR13,CUS0017,1,1980.66,Not as Described
RET00591,SAL13629,2025-07-24,PRD039,STR02,CUS0613,2,1218.67,Wrong Item
RET00592,SAL00371,2022-07-11,PRD059,STR14,CUS0333,1,1346.17,Performance Issues
RET00593,SAL04213,2023-07-09,PRD039,STR10,CUS0666,1,923.45,Defective
RET00594,SAL12864,2022-07-26,PRD107,STR11,CUS0755,1,479.74,Not as Described
RET00595,SAL05505,2023-03-16,PRD025,STR13,CUS0633,1,655.43,Defective
RET00596,SAL08120,2022-10-10,PRD099,STR05,CUS0119,1,94.42,Performance Issues
RET00597,SAL07591,2025-02-05,PRD044,STR10,CUS0249,1,124.85,Damaged
RET00598,SAL11194,2022-12-22,PRD143,STR02,CUS0154,1,189.28,Wrong Item
RET00599,SAL02185,2025-07-07,PRD082,STR20,CUS0356,1,639.16,Defective
RET00600,SAL07732,2023-12-24,PRD016,STR17,CUS0212,2,2745.24,Performance Issues
RET00601,SAL14256,2024-10-19,PRD003,STR01,CUS0020,1,320.57,Changed Mind
RET00602,SAL07397,2022-09-07,PRD034,STR07,CUS0379,3,1642.7,Defective
RET00603,SAL09257,2023-05-22,PRD083,STR15,CUS0351,1,856.2,Defective
RET00604,SAL11477,2023-10-22,PRD123,STR19,CUS0521,1,340.94,Defective
RET00605,SAL06782,2024-12-06,PRD014,STR11,CUS0497,1,57.03,Defective
RET00606,SAL09748,2023-01-11,PRD072,STR11,CUS0193,1,2137.62,Defective
RET00607,SAL04652,2023-04-17,PRD016,STR16,CUS0330,1,1063.87,Defective
RET00608,SAL02164,2023-03-30,PRD009,STR09,CUS0604,2,3623.03,Damaged
RET00609,SAL01331,2022-11-18,PRD145,STR18,CUS0323,1,1624.47,Performance Issues
RET00610,SAL06286,2023-02-04,PRD106,STR02,CUS0095,1,264.03,Not as Described
RET00611,SAL13999,2023-02-17,PRD122,STR18,CUS0641,1,277.42,Defective
RET00612,SAL11894,2022-04-18,PRD083,STR09,CUS0295,2,2404.3,Performance Issues
RET00613,SAL10381,2024-03-28,PRD074,STR10,CUS0610,1,184.68,Wrong Item
RET00614,SAL12145,2022-06-18,PRD097,STR17,CUS0017,1,203.74,Not as Described
RET00615,SAL09739,2025-01-06,PRD059,STR04,CUS0445,2,3332.13,Changed Mind
RET00616,SAL14156,2023-10-10,PRD003,STR11,CUS0572,1,312.4,Performance Issues
RET00617,SAL04984,2025-06-05,PRD090,STR05,CUS0447,1,2074.9,Wrong Item
RET00618,SAL03381,2023-06-02,PRD080,STR01,CUS0103,1,842.49,Performance Issues
RET00619,SAL11721,2022-05-23,PRD009,STR03,CUS0378,1,890.99,Performance Issues
RET00620,SAL12116,2022-07-10,PRD052,STR02,CUS0571,1,623.41,Damaged
RET00621,SAL06780,2025-03-16,PRD117,STR05,CUS0387,1,408.97,Performance Issues
RET00622,SAL06948,2024-03-03,PRD046,STR10,CUS0481,1,882.33,Wrong Item
RET00623,SAL11782,2025-02-27,PRD003,STR20,CUS0669,1,395.45,Defective
RET00624,SAL11048,2025-01-16,PRD035,STR15,CUS0425,1,361.27,Performance Issues
RET00625,SAL00128,2024-04-05,PRD071,STR03,CUS0575,1,188.65,Performance Issues
RET00626,SAL13996,2023-01-10,PRD015,STR11,CUS0416,1,2492.96,Damaged
RET00627,SAL01338,2022-09-18,PRD116,STR09,CUS0107,2,1961.49,Performance Issues
RET00628,SAL04435,2025-03-26,PRD110,STR08,CUS0112,1,106.09,Wrong Item
RET00629,SAL10921,2023-03-06,PRD029,STR08,CUS0666,1,574.22,Performance Issues
RET00630,SAL14219,2023-04-23,PRD145,STR18,CUS0300,1,616.0,Not as Described
RET00631,SAL14454,2023-02-25,PRD027,STR19,CUS0258,2,758.5,Wrong Item
RET00632,SAL00246,2023-07-26,PRD029,STR09,CUS0649,1,830.66,Damaged
RET00633,SAL08636,2025-05-10,PRD012,STR13,CUS0360,1,228.05,Defective
RET00634,SAL05874,2025-04-28,PRD051,STR15,CUS0591,1,308.06,Defective
RET00635,SAL11143,2025-02-02,PRD032,STR15,CUS0510,1,1686.82,Not as Described
RET00636,SAL11501,2022-03-28,PRD061,STR14,CUS0677,1,978.93,Changed Mind
RET00637,SAL01845,2024-03-21,PRD061,STR10,CUS0544,1,1260.53,Defective
RET00638,SAL01383,2022-07-18,PRD136,STR03,CUS0328,1,254.2,Not as Described
RET00639,SAL12011,2022-03-24,PRD001,STR06,CUS0776,1,665.11,Damaged
RET00640,SAL11236,2024-07-26,PRD077,STR14,CUS0421,1,438.56,Wrong Item
RET00641,SAL03428,2024-06-24,PRD100,STR02,CUS0392,1,1136.08,Performance Issues
RET00642,SAL14058,2022-12-15,PRD009,STR12,CUS0546,1,4537.24,Changed Mind
RET00643,SAL03373,2023-01-17,PRD117,STR07,CUS0368,2,1533.6,Wrong Item
RET00644,SAL03559,2024-02-07,PRD065,STR06,CUS0431,1,622.21,Defective
RET00645,SAL06543,2023-05-10,PRD042,STR06,CUS0707,1,485.06,Defective
RET00646,SAL06438,2025-05-12,PRD065,STR16,CUS0270,1,817.84,Damaged
RET00647,SAL12001,2025-03-08,PRD139,STR09,CUS0573,2,632.09,Defective
RET00648,SAL14654,2022-04-15,PRD091,STR10,CUS0652,1,297.71,Performance Issues
RET00649,SAL06192,2022-07-15,PRD098,STR03,CUS0227,1,528.41,Defective
RET00650,SAL03217,2023-01-19,PRD081,STR16,CUS0271,1,207.97,Wrong Item
RET00651,SAL01147,2025-04-11,PRD021,STR06,CUS0129,1,268.39,Changed Mind
RET00652,SAL11696,2025-05-07,PRD023,STR08,CUS0704,1,120.86,Not as Described
RET00653,SAL14418,2025-06-06,PRD135,STR12,CUS0556,1,1048.64,Defective
RET00654,SAL11702,2022-03-02,PRD080,STR15,CUS0615,1,2186.5,Damaged
RET00655,SAL05339,2024-06-21,PRD130,STR06,CUS0593,1,39.84,Defective
RET00656,SAL10014,2022-08-09,PRD061,STR14,CUS0431,1,1510.94,Changed Mind
RET00657,SAL05054,2024-08-01,PRD012,STR15,CUS0171,4,337.37,Performance Issues
RET00658,SAL01785,2022-08-24,PRD031,STR16,CUS0419,2,693.65,Damaged
RET00659,SAL08559,2022-10-11,PRD109,STR18,CUS0500,3,2037.34,Damaged
RET00660,SAL03520,2023-07-22,PRD061,STR16,CUS0233,1,771.58,Defective
RET00661,SAL09086,2022-06-26,PRD084,STR17,CUS0117,1,1323.48,Not as Described
RET00662,SAL10922,2024-10-03,PRD116,STR03,CUS0436,1,750.9,Performance Issues
RET00663,SAL01696,2022-12-07,PRD115,STR15,CUS0071,1,521.97,Not as Described
RET00664,SAL01648,2024-02-29,PRD086,STR13,CUS0315,1,1613.25,Wrong Item
RET00665,SAL10016,2022-09-16,PRD079,STR14,CUS0001,1,45.04,Damaged
RET00666,SAL05127,2022-05-20,PRD014,STR07,CUS0423,1,58.93,Defective
RET00667,SAL03499,2022-05-16,PRD064,STR04,CUS0131,2,1104.26,Changed Mind
RET00668,SAL01001,2024-12-21,PRD114,STR18,CUS0302,1,513.35,Changed Mind
RET00669,SAL02258,2022-03-30,PRD096,STR11,CUS0355,1,1094.57,Wrong Item
RET00670,SAL13467,2022-03-04,PRD148,STR10,CUS0655,1,656.89,Changed Mind
RET00671,SAL14832,2023-06-15,PRD095,STR04,CUS0522,2,719.61,Changed Mind
RET00672,SAL05638,2022-10-02,PRD115,STR10,CUS0506,1,440.88,Performance Issues
RET00673,SAL12271,2024-09-13,PRD073,STR05,CUS0011,2,1737.62,Damaged
RET00674,SAL14150,2023-05-24,PRD069,STR14,CUS0253,2,2975.4,Performance Issues
RET00675,SAL02032,2025-06-07,PRD008,STR15,CUS0108,1,934.3,Performance Issues
RET00676,SAL13990,2022-04-17,PRD042,STR07,CUS0068,1,454.25,Changed Mind
RET00677,SAL02837,2025-08-15,PRD089,STR18,CUS0246,1,1322.1,Performance Issues
RET00678,SAL12545,2023-03-28,PRD021,STR17,CUS0668,1,267.62,Performance Issues
RET00679,SAL09953,2023-08-15,PRD015,STR10,CUS0649,1,1314.54,Changed Mind
RET00680,SAL09589,2022-06-22,PRD058,STR05,CUS0042,1,47.07,Changed Mind
RET00681,SAL01013,2025-04-30,PRD003,STR11,CUS0076,1,447.39,Wrong Item
RET00682,SAL03920,2024-11-20,PRD019,STR16,CUS0703,1,1365.45,Performance Issues
RET00683,SAL05099,2023-09-04,PRD043,STR18,CUS0325,1,401.03,Performance Issues
RET00684,SAL09184,2023-06-05,PRD001,STR05,CUS0768,1,597.94,Not as Described
RET00685,SAL01706,2022-05-30,PRD045,STR06,CUS0494,1,284.37,Wrong Item
RET00686,SAL00186,2024-12-20,PRD062,STR15,CUS0323,1,1125.39,Damaged
RET00687,SAL12398,2022-05-07,PRD003,STR18,CUS0444,1,304.67,Not as Described
RET00688,SAL09896,2022-09-20,PRD064,STR01,CUS0542,1,302.74,Damaged
RET00689,SAL00321,2024-08-09,PRD050,STR19,CUS0186,1,192.5,Not as Described
RET00690,SAL07378,2022-11-24,PRD146,STR18,CUS0347,3,3904.37,Changed Mind
RET00691,SAL13223,2024-11-18,PRD030,STR02,CUS0394,1,858.13,Wrong Item
RET00692,SAL09045,2022-12-14,PRD067,STR01,CUS0335,1,175.55,Performance Issues
RET00693,SAL08427,2023-08-06,PRD014,STR04,CUS0081,2,251.11,Performance Issues
RET00694,SAL06517,2025-01-27,PRD101,STR06,CUS0720,3,466.48,Performance Issues
RET00695,SAL11459,2024-05-12,PRD096,STR07,CUS0285,1,1591.77,Defective
RET00696,SAL06621,2023-06-05,PRD121,STR10,CUS0467,1,612.7,Changed Mind
RET00697,SAL02434,2022-11-20,PRD099,STR11,CUS0519,1,219.16,Not as Described
RET00698,SAL12239,2025-02-14,PRD103,STR04,CUS0069,1,990.92,Damaged
RET00699,SAL04495,2022-10-18,PRD071,STR14,CUS0721,1,189.58,Performance Issues
RET00700,SAL07953,2023-10-11,PRD016,STR09,CUS0149,1,1604.38,Changed Mind
RET00701,SAL06964,2024-09-30,PRD087,STR08,CUS0697,1,58.18,Performance Issues
RET00702,SAL00252,2022-06-20,PRD051,STR05,CUS0529,1,533.02,Not as Described
RET00703,SAL08588,2022-09-04,PRD119,STR01,CUS0166,1,959.01,Performance Issues
RET00704,SAL02304,2022-05-05,PRD149,STR13,CUS0438,1,574.94,Changed Mind
RET00705,SAL00469,2022-09-09,PRD118,STR01,CUS0115,1,711.28,Changed Mind
RET00706,SAL07529,2022-12-25,PRD017,STR12,CUS0794,2,128.23,Defective
RET00707,SAL08949,2024-03-27,PRD015,STR12,CUS0084,2,1303.23,Not as Described
RET00708,SAL14655,2025-06-11,PRD079,STR13,CUS0483,1,67.79,Performance Issues
RET00709,SAL14814,2024-02-15,PRD096,STR03,CUS0498,2,2454.55,Wrong Item
RET00710,SAL05240,2023-09-06,PRD095,STR12,CUS0252,1,214.03,Changed Mind
RET00711,SAL07840,2024-06-18,PRD039,STR11,CUS0413,1,511.96,Changed Mind
RET00712,SAL02663,2024-09-24,PRD107,STR04,CUS0321,1,1406.2,Not as Described
RET00713,SAL03550,2023-09-05,PRD037,STR02,CUS0533,1,238.17,Not as Described
RET00714,SAL10697,2023-08-16,PRD011,STR09,CUS0535,2,986.09,Defective
RET00715,SAL07127,2025-02-17,PRD082,STR19,CUS0209,1,626.07,Wrong Item
RET00716,SAL06044,2025-07-01,PRD028,STR15,CUS0042,1,208.66,Defective
RET00717,SAL12693,2025-08-08,PRD021,STR16,CUS0607,1,391.21,Defective
RET00718,SAL08215,2023-08-30,PRD147,STR07,CUS0347,1,248.64,Defective
RET00719,SAL14733,2024-04-26,PRD134,STR10,CUS0312,1,335.88,Defective
RET00720,SAL12755,2022-11-25,PRD017,STR13,CUS0701,1,42.07,Performance Issues
RET00721,SAL03124,2023-08-31,PRD134,STR04,CUS0347,1,344.3,Changed Mind
RET00722,SAL06961,2022-12-17,PRD094,STR13,CUS0480,1,717.55,Defective
RET00723,SAL11805,2024-08-19,PRD131,STR09,CUS0648,1,212.57,Damaged
RET00724,SAL07472,2022-06-07,PRD068,STR07,CUS0742,1,146.47,Defective
RET00725,SAL06960,2024-02-03,PRD141,STR18,CUS0185,1,704.75,Changed Mind
RET00726,SAL09049,2023-09-10,PRD091,STR06,CUS0132,1,167.46,Damaged
RET00727,SAL00463,2022-09-19,PRD090,STR09,CUS0016,1,2159.39,Changed Mind
RET00728,SAL04906,2022-09-29,PRD104,STR03,CUS0269,1,578.97,Performance Issues
RET00729,SAL04248,2023-03-01,PRD109,STR06,CUS0366,1,2385.52,Changed Mind
RET00730,SAL10655,2023-06-11,PRD143,STR18,CUS0115,1,201.49,Defective
RET00731,SAL02350,2023-07-02,PRD089,STR14,CUS0114,1,1853.21,Changed Mind
RET00732,SAL03052,2022-09-20,PRD072,STR08,CUS0749,1,806.07,Defective
RET00733,SAL08128,2024-01-19,PRD117,STR12,CUS0301,1,321.18,Defective
RET00734,SAL09997,2024-07-29,PRD028,STR20,CUS0464,1,207.75,Wrong Item
RET00735,SAL11781,2023-06-26,PRD028,STR02,CUS0514,2,376.79,Performance Issues
RET00736,SAL11768,2024-07-03,PRD023,STR11,CUS0626,1,167.12,Wrong Item
RET00737,SAL10061,2024-11-15,PRD078,STR04,CUS0299,1,934.28,Damaged
RET00738,SAL04367,2022-06-30,PRD133,STR09,CUS0587,1,285.04,Wrong Item
RET00739,SAL14067,2024-10-23,PRD116,STR20,CUS0751,1,684.5,Performance Issues
RET00740,SAL12935,2023-12-08,PRD133,STR11,CUS0108,1,1153.55,Defective
RET00741,SAL05776,2025-03-30,PRD129,STR06,CUS0260,1,408.97,Defective
RET00742,SAL10731,2023-05-27,PRD037,STR16,CUS0206,1,789.46,Defective
RET00743,SAL01763,2024-06-27,PRD015,STR01,CUS0604,1,522.55,Defective
RET00744,SAL07982,2023-06-22,PRD127,STR06,CUS0520,2,1050.46,Damaged
RET00745,SAL10479,2024-06-12,PRD004,STR13,CUS0605,3,1694.41,Performance Issues
RET00746,SAL04628,2025-06-14,PRD124,STR04,CUS0267,1,642.56,Damaged
RET00747,SAL09909,2024-06-12,PRD010,STR16,CUS0274,1,808.1,Performance Issues
RET00748,SAL04017,2025-06-07,PRD086,STR15,CUS0673,1,2398.42,Damaged
RET00749,SAL14111,2022-04-06,PRD139,STR16,CUS0211,1,138.39,Changed Mind
RET00750,SAL10314,2025-04-22,PRD019,STR06,CUS0028,1,519.81,Wrong Item
RET00751,SAL04811,2025-02-23,PRD003,STR06,CUS0356,2,817.12,Defective
RET00752,SAL14101,2025-04-17,PRD070,STR12,CUS0529,1,1139.12,Damaged
RET00753,SAL00374,2022-02-20,PRD025,STR14,CUS0272,1,380.31,Performance Issues
RET00754,SAL04708,2025-01-24,PRD093,STR20,CUS0363,1,46.1,Wrong Item
RET00755,SAL04040,2025-01-15,PRD056,STR15,CUS0310,1,640.84,Wrong Item
RET00756,SAL11951,2024-10-27,PRD044,STR14,CUS0343,1,84.8,Defective
RET00757,SAL07751,2022-07-20,PRD002,STR05,CUS0236,1,987.76,Changed Mind
RET00758,SAL07233,2024-05-23,PRD033,STR09,CUS0664,1,343.69,Performance Issues
RET00759,SAL12162,2022-08-16,PRD039,STR11,CUS0064,2,1786.44,Not as Described
RET00760,SAL01946,2022-09-14,PRD120,STR18,CUS0280,2,174.03,Defective
RET00761,SAL09346,2025-02-19,PRD105,STR07,CUS0636,1,611.16,Defective
RET00762,SAL02800,2024-03-14,PRD095,STR02,CUS0302,1,546.39,Defective
RET00763,SAL05256,2024-06-02,PRD123,STR10,CUS0480,1,376.59,Performance Issues
RET00764,SAL02601,2024-01-23,PRD101,STR08,CUS0514,1,133.9,Performance Issues
RET00765,SAL02968,2024-05-30,PRD075,STR11,CUS0765,1,291.53,Wrong Item
RET00766,SAL01134,2025-06-28,PRD077,STR20,CUS0543,1,744.91,Wrong Item
RET00767,SAL11382,2024-03-01,PRD051,STR17,CUS0767,1,369.06,Defective
RET00768,SAL00108,2024-09-20,PRD106,STR11,CUS0236,1,485.36,Wrong Item
RET00769,SAL05806,2024-02-01,PRD087,STR17,CUS0606,1,236.43,Changed Mind
RET00770,SAL00580,2025-04-19,PRD070,STR11,CUS0036,1,947.86,Damaged
RET00771,SAL12354,2024-12-17,PRD094,STR13,CUS0142,1,683.24,Performance Issues
RET00772,SAL05997,2023-11-28,PRD138,STR06,CUS0085,1,2111.05,Changed Mind
RET00773,SAL07844,2024-12-30,PRD017,STR18,CUS0052,1,75.51,Performance Issues
RET00774,SAL12814,2023-11-29,PRD143,STR10,CUS0265,1,305.23,Not as Described
RET00775,SAL01467,2025-04-01,PRD008,STR19,CUS0142,1,453.39,Changed Mind
RET00776,SAL00908,2022-03-10,PRD049,STR13,CUS0749,1,54.07,Changed Mind
RET00777,SAL13127,2024-03-12,PRD067,STR14,CUS0337,1,279.94,Damaged
RET00778,SAL09460,2025-08-13,PRD126,STR13,CUS0507,1,344.1,Wrong Item
RET00779,SAL09685,2024-07-02,PRD037,STR04,CUS0367,1,438.11,Not as Described
RET00780,SAL09226,2024-02-04,PRD067,STR19,CUS0025,1,557.02,Wrong Item
RET00781,SAL08341,2025-03-29,PRD129,STR03,CUS0675,1,400.67,Damaged
RET00782,SAL02009,2023-02-02,PRD101,STR10,CUS0439,1,169.17,Performance Issues
RET00783,SAL10964,2022-05-07,PRD143,STR19,CUS0407,6,2168.91,Changed Mind
RET00784,SAL04755,2022-08-11,PRD074,STR16,CUS0582,1,1014.88,Damaged
RET00785,SAL03436,2024-09-28,PRD053,STR19,CUS0162,2,328.35,Changed Mind
RET00786,SAL10937,2022-09-28,PRD027,STR16,CUS0724,1,846.46,Damaged
RET00787,SAL04614,2023-01-09,PRD059,STR08,CUS0316,1,1932.56,Changed Mind
RET00788,SAL10750,2022-08-08,PRD006,STR13,CUS0012,2,2691.94,Not as Described
RET00789,SAL11028,2023-11-02,PRD138,STR09,CUS0597,1,726.91,Damaged
RET00790,SAL14054,2022-10-12,PRD048,STR17,CUS0718,2,242.98,Defective
RET00791,SAL02217,2023-05-17,PRD098,STR17,CUS0102,1,393.32,Wrong Item
RET00792,SAL03926,2022-02-25,PRD024,STR14,CUS0036,1,67.78,Changed Mind
RET00793,SAL10904,2024-10-17,PRD109,STR10,CUS0419,1,1632.91,Defective
RET00794,SAL01115,2024-09-07,PRD092,STR02,CUS0620,1,188.46,Not as Described
RET00795,SAL11886,2025-03-22,PRD082,STR12,CUS0243,1,1262.56,Damaged
RET00796,SAL04617,2023-02-20,PRD048,STR03,CUS0757,1,85.43,Damaged
RET00797,SAL08645,2024-09-10,PRD119,STR16,CUS0375,1,848.17,Wrong Item
RET00798,SAL08944,2025-07-19,PRD031,STR16,CUS0575,1,126.47,Damaged
RET00799,SAL06084,2023-10-10,PRD058,STR12,CUS0510,1,156.02,Changed Mind
RET00800,SAL02729,2023-02-22,PRD132,STR12,CUS0478,3,708.76,Performance Issues
RET00801,SAL14430,2024-04-21,PRD103,STR01,CUS0442,1,1823.13,Performance Issues
RET00802,SAL08627,2022-02-10,PRD067,STR06,CUS0277,1,147.13,Wrong Item
RET00803,SAL00679,2024-11-12,PRD104,STR02,CUS0773,1,1402.66,Defective
RET00804,SAL08762,2025-07-09,PRD027,STR05,CUS0356,1,399.23,Not as Described
RET00805,SAL03657,2024-12-28,PRD108,STR11,CUS0225,1,430.52,Defective
RET00806,SAL03962,2025-07-30,PRD009,STR11,CUS0517,1,1596.66,Performance Issues
RET00807,SAL14917,2025-09-02,PRD078,STR20,CUS0112,1,555.84,Defective
RET00808,SAL08045,2023-06-07,PRD008,STR01,CUS0488,1,777.94,Defective
RET00809,SAL11677,2023-01-20,PRD109,STR01,CUS0302,3,4089.78,Performance Issues
RET00810,SAL13184,2022-09-12,PRD142,STR20,CUS0240,1,523.12,Defective
RET00811,SAL08953,2025-06-20,PRD071,STR18,CUS0500,1,144.77,Damaged
RET00812,SAL06609,2023-12-08,PRD084,STR11,CUS0243,1,429.43,Changed Mind
RET00813,SAL05006,2025-07-07,PRD016,STR05,CUS0719,1,765.91,Changed Mind
RET00814,SAL14003,2025-08-15,PRD112,STR20,CUS0023,1,445.46,Not as Described
RET00815,SAL10949,2023-03-29,PRD026,STR20,CUS0736,1,1326.98,Performance Issues
RET00816,SAL12185,2023-08-16,PRD105,STR20,CUS0753,3,815.5,Defective
RET00817,SAL04982,2024-01-15,PRD109,STR19,CUS0788,1,510.36,Damaged
RET00818,SAL05667,2022-05-27,PRD133,STR17,CUS0332,1,1226.98,Wrong Item
RET00819,SAL07069,2024-01-06,PRD025,STR18,CUS0234,1,387.49,Not as Described
RET00820,SAL13600,2024-07-12,PRD130,STR02,CUS0294,1,75.28,Wrong Item
RET00821,SAL00990,2023-02-22,PRD004,STR20,CUS0148,1,1346.97,Damaged
RET00822,SAL11074,2025-08-27,PRD076,STR08,CUS0134,1,702.35,Defective
RET00823,SAL10117,2023-01-27,PRD058,STR06,CUS0539,1,51.18,Not as Described
RET00824,SAL12904,2025-01-22,PRD040,STR06,CUS0232,2,1038.72,Damaged
RET00825,SAL13916,2025-04-15,PRD030,STR01,CUS0075,1,333.92,Wrong Item
RET00826,SAL01303,2024-02-13,PRD049,STR03,CUS0115,1,89.08,Damaged
RET00827,SAL09368,2022-12-05,PRD071,STR08,CUS0627,2,627.68,Damaged
RET00828,SAL14172,2025-01-10,PRD146,STR05,CUS0118,2,2741.82,Damaged
RET00829,SAL13187,2023-04-03,PRD015,STR18,CUS0417,3,2473.1,Wrong Item
RET00830,SAL10330,2022-10-20,PRD100,STR10,CUS0248,1,796.68,Defective
RET00831,SAL03244,2024-06-27,PRD138,STR19,CUS0324,1,564.11,Wrong Item
RET00832,SAL09744,2022-07-24,PRD142,STR13,CUS0563,2,1570.89,Defective
RET00833,SAL11927,2023-04-21,PRD106,STR17,CUS0123,1,374.5,Performance Issues
RET00834,SAL01332,2025-05-02,PRD034,STR04,CUS0557,1,698.52,Damaged
RET00835,SAL07149,2022-10-04,PRD025,STR07,CUS0615,2,861.44,Changed Mind
RET00836,SAL11920,2024-07-25,PRD110,STR19,CUS0246,1,178.62,Performance Issues
RET00837,SAL08554,2025-01-02,PRD143,STR15,CUS0229,1,225.76,Damaged
RET00838,SAL01691,2023-03-04,PRD056,STR08,CUS0375,1,2214.57,Damaged
RET00839,SAL08277,2024-01-22,PRD149,STR12,CUS0290,1,530.95,Changed Mind
RET00840,SAL04756,2024-07-06,PRD106,STR01,CUS0461,2,1076.97,Not as Described
RET00841,SAL06589,2024-01-07,PRD065,STR15,CUS0182,1,215.66,Wrong Item
RET00842,SAL01504,2024-06-22,PRD002,STR02,CUS0779,1,1451.89,Performance Issues
RET00843,SAL03919,2025-05-19,PRD131,STR10,CUS0264,1,234.62,Wrong Item
RET00844,SAL02591,2023-07-13,PRD011,STR18,CUS0184,1,315.96,Not as Described
RET00845,SAL00537,2025-02-12,PRD132,STR08,CUS0745,3,854.83,Not as Described
RET00846,SAL10427,2024-04-12,PRD086,STR04,CUS0550,1,1682.1,Damaged
RET00847,SAL10179,2023-07-07,PRD068,STR10,CUS0226,1,426.75,Performance Issues
RET00848,SAL00939,2025-01-13,PRD042,STR12,CUS0780,1,505.09,Defective
RET00849,SAL09562,2022-07-27,PRD078,STR02,CUS0126,1,762.28,Wrong Item
RET00850,SAL00160,2024-07-11,PRD004,STR06,CUS0630,1,435.87,Defective
RET00851,SAL11235,2022-07-04,PRD080,STR06,CUS0380,1,704.61,Defective
RET00852,SAL14848,2024-09-14,PRD132,STR18,CUS0417,1,584.38,Wrong Item
RET00853,SAL03900,2022-11-27,PRD124,STR10,CUS0252,3,1451.25,Defective
RET00854,SAL05379,2023-04-24,PRD060,STR15,CUS0581,1,1164.59,Not as Described
RET00855,SAL10337,2025-05-07,PRD063,STR04,CUS0554,1,429.24,Performance Issues
RET00856,SAL10393,2023-02-27,PRD007,STR02,CUS0461,1,963.67,Defective
RET00857,SAL09848,2023-12-03,PRD126,STR07,CUS0230,1,661.99,Performance Issues
RET00858,SAL03439,2023-11-12,PRD098,STR12,CUS0093,3,1835.51,Damaged
RET00859,SAL11246,2023-01-11,PRD046,STR19,CUS0250,1,615.38,Defective
RET00860,SAL00539,2022-10-10,PRD031,STR02,CUS0619,1,259.84,Changed Mind
RET00861,SAL03330,2023-06-21,PRD022,STR10,CUS0703,2,562.11,Not as Described
RET00862,SAL10575,2024-07-02,PRD138,STR08,CUS0680,1,798.12,Defective
RET00863,SAL05109,2023-03-01,PRD147,STR19,CUS0746,1,262.03,Not as Described
RET00864,SAL02881,2023-03-13,PRD017,STR04,CUS0733,1,34.67,Performance Issues
RET00865,SAL05101,2024-12-30,PRD086,STR19,CUS0109,1,3615.07,Performance Issues
RET00866,SAL13063,2022-10-13,PRD095,STR14,CUS0079,1,280.3,Changed Mind
RET00867,SAL05553,2023-02-14,PRD003,STR08,CUS0604,1,259.39,Changed Mind
RET00868,SAL07578,2024-11-02,PRD082,STR13,CUS0207,3,3060.66,Defective
RET00869,SAL05195,2022-11-09,PRD074,STR09,CUS0519,1,586.91,Damaged
RET00870,SAL14604,2024-09-02,PRD144,STR14,CUS0194,1,596.25,Changed Mind
RET00871,SAL07045,2024-03-09,PRD144,STR14,CUS0076,1,331.06,Performance Issues
RET00872,SAL01614,2023-09-25,PRD143,STR04,CUS0697,1,249.8,Defective
RET00873,SAL06013,2024-05-08,PRD110,STR18,CUS0112,1,143.5,Performance Issues
RET00874,SAL14389,2022-05-03,PRD150,STR18,CUS0252,1,378.53,Not as Described
RET00875,SAL02664,2025-07-03,PRD031,STR09,CUS0203,1,245.35,Changed Mind
RET00876,SAL00247,2024-08-29,PRD044,STR18,CUS0009,1,44.29,Performance Issues
RET00877,SAL01997,2024-02-04,PRD025,STR11,CUS0713,1,266.76,Damaged
RET00878,SAL02492,2025-01-19,PRD108,STR18,CUS0699,3,2052.97,Changed Mind
RET00879,SAL04399,2022-10-29,PRD138,STR03,CUS0306,1,575.42,Performance Issues
RET00880,SAL03804,2022-06-02,PRD057,STR10,CUS0002,1,1800.08,Defective
RET00881,SAL04895,2025-05-25,PRD087,STR14,CUS0733,1,86.17,Damaged
RET00882,SAL04763,2022-03-18,PRD043,STR14,CUS0558,1,75.51,Not as Described
RET00883,SAL05239,2024-06-17,PRD049,STR15,CUS0553,1,69.34,Changed Mind
RET00884,SAL14800,2022-10-16,PRD074,STR09,CUS0120,2,978.58,Not as Described
RET00885,SAL02235,2023-06-04,PRD043,STR06,CUS0713,1,118.86,Not as Described
RET00886,SAL00053,2024-02-13,PRD008,STR11,CUS0656,2,1185.5,Performance Issues
RET00887,SAL06135,2023-02-04,PRD090,STR13,CUS0421,1,658.45,Changed Mind
RET00888,SAL03240,2022-03-25,PRD004,STR05,CUS0092,2,2132.36,Wrong Item
RET00889,SAL09160,2023-04-26,PRD105,STR04,CUS0294,1,999.0,Damaged
RET00890,SAL07884,2023-07-26,PRD068,STR16,CUS0501,1,81.05,Changed Mind
RET00891,SAL11823,2023-08-10,PRD002,STR15,CUS0712,1,1997.59,Not as Described
RET00892,SAL08508,2022-05-09,PRD114,STR14,CUS0260,1,343.31,Defective
RET00893,SAL03649,2024-09-14,PRD125,STR11,CUS0236,1,243.31,Defective
RET00894,SAL01761,2024-07-05,PRD125,STR19,CUS0172,1,410.18,Not as Described
RET00895,SAL05564,2025-01-16,PRD100,STR17,CUS0336,1,738.09,Changed Mind
RET00896,SAL14872,2025-06-20,PRD006,STR08,CUS0646,1,1074.43,Defective
RET00897,SAL12364,2023-11-20,PRD146,STR04,CUS0440,1,982.49,Wrong Item
RET00898,SAL07309,2024-12-05,PRD056,STR05,CUS0320,1,1753.43,Wrong Item
RET00899,SAL09006,2024-02-15,PRD044,STR19,CUS0193,1,67.74,Changed Mind
RET00900,SAL04608,2022-12-11,PRD062,STR20,CUS0086,1,315.27,Changed Mind
RET00901,SAL12750,2024-10-19,PRD146,STR16,CUS0760,1,1842.73,Changed Mind
RET00902,SAL09902,2023-10-09,PRD087,STR03,CUS0024,1,146.41,Damaged
RET00903,SAL11263,2022-06-23,PRD113,STR13,CUS0276,1,207.78,Performance Issues
RET00904,SAL13517,2025-06-14,PRD022,STR15,CUS0800,1,247.27,Defective
RET00905,SAL14522,2023-07-19,PRD111,STR18,CUS0616,1,348.5,Performance Issues
RET00906,SAL11577,2023-11-03,PRD110,STR17,CUS0762,1,567.14,Defective
RET00907,SAL12290,2023-03-20,PRD067,STR08,CUS0486,1,243.15,Damaged
RET00908,SAL12154,2023-11-12,PRD012,STR11,CUS0675,1,167.84,Wrong Item
RET00909,SAL04993,2022-09-25,PRD081,STR15,CUS0037,1,659.74,Performance Issues
RET00910,SAL04458,2024-08-28,PRD043,STR08,CUS0759,2,257.22,Not as Described
RET00911,SAL05929,2022-09-18,PRD066,STR11,CUS0465,1,1165.66,Changed Mind
RET00912,SAL13822,2022-09-08,PRD121,STR04,CUS0739,1,347.19,Changed Mind
RET00913,SAL01476,2024-05-20,PRD075,STR06,CUS0380,2,1258.73,Defective
RET00914,SAL04416,2022-06-26,PRD067,STR08,CUS0754,1,210.34,Performance Issues
RET00915,SAL08979,2023-05-03,PRD133,STR08,CUS0239,1,593.86,Defective
RET00916,SAL03326,2025-08-14,PRD002,STR14,CUS0400,1,1322.73,Damaged
RET00917,SAL06130,2022-11-03,PRD102,STR07,CUS0649,1,276.32,Damaged
RET00918,SAL03482,2023-09-16,PRD026,STR09,CUS0028,3,1796.58,Wrong Item
RET00919,SAL05557,2023-08-13,PRD056,STR13,CUS0419,1,2247.57,Defective
RET00920,SAL03689,2023-10-30,PRD048,STR13,CUS0426,2,195.0,Damaged
RET00921,SAL13811,2025-05-27,PRD078,STR11,CUS0462,1,468.84,Performance Issues
RET00922,SAL05318,2022-11-03,PRD061,STR19,CUS0193,2,3989.56,Changed Mind
RET00923,SAL02543,2024-04-21,PRD076,STR14,CUS0383,1,878.31,Changed Mind
RET00924,SAL13452,2022-03-20,PRD017,STR12,CUS0636,1,77.94,Wrong Item
RET00925,SAL09874,2024-04-05,PRD058,STR02,CUS0244,1,71.89,Not as Described
RET00926,SAL05438,2025-08-15,PRD118,STR08,CUS0297,1,709.48,Damaged
RET00927,SAL00213,2024-10-16,PRD041,STR16,CUS0298,1,277.83,Performance Issues
RET00928,SAL13936,2024-07-19,PRD134,STR13,CUS0767,1,916.76,Wrong Item
RET00929,SAL03338,2023-01-30,PRD120,STR07,CUS0698,1,117.36,Not as Described
RET00930,SAL06694,2022-07-31,PRD146,STR18,CUS0677,1,1558.76,Performance Issues
RET00931,SAL00959,2023-07-27,PRD103,STR19,CUS0316,1,1093.06,Wrong Item
RET00932,SAL03993,2022-11-04,PRD082,STR03,CUS0264,1,550.85,Performance Issues
RET00933,SAL04328,2024-01-03,PRD039,STR18,CUS0229,1,994.65,Changed Mind
RET00934,SAL08686,2024-08-02,PRD124,STR07,CUS0056,1,646.07,Damaged
RET00935,SAL07662,2024-10-23,PRD103,STR13,CUS0221,1,868.46,Performance Issues
RET00936,SAL04364,2023-09-10,PRD086,STR20,CUS0623,1,676.25,Damaged
RET00937,SAL04386,2024-06-01,PRD054,STR03,CUS0434,1,483.15,Defective
RET00938,SAL10164,2024-10-12,PRD065,STR15,CUS0258,1,217.7,Not as Described
RET00939,SAL01812,2022-10-12,PRD027,STR12,CUS0055,1,315.87,Damaged
RET00940,SAL01725,2025-02-18,PRD093,STR20,CUS0048,1,63.12,Changed Mind
RET00941,SAL11088,2022-08-15,PRD062,STR08,CUS0654,1,371.16,Defective
RET00942,SAL10204,2023-11-26,PRD124,STR16,CUS0209,1,1355.89,Not as Described
RET00943,SAL12423,2024-08-12,PRD138,STR09,CUS0775,1,1468.66,Performance Issues
RET00944,SAL00443,2024-10-15,PRD072,STR14,CUS0699,1,1371.7,Damaged
RET00945,SAL08369,2023-12-06,PRD023,STR11,CUS0760,3,555.33,Changed Mind
RET00946,SAL07807,2025-03-07,PRD020,STR10,CUS0418,1,778.36,Damaged
RET00947,SAL13098,2022-02-19,PRD100,STR17,CUS0675,1,815.49,Defective
RET00948,SAL13096,2024-04-07,PRD007,STR12,CUS0654,1,1362.9,Damaged
RET00949,SAL00541,2022-08-31,PRD120,STR14,CUS0583,3,164.48,Performance Issues
RET00950,SAL14298,2025-07-13,PRD014,STR02,CUS0438,2,249.79,Defective
RET00951,SAL05547,2022-10-28,PRD026,STR05,CUS0130,1,683.53,Defective
RET00952,SAL14065,2024-05-31,PRD064,STR08,CUS0792,2,618.16,Wrong Item
RET00953,SAL12876,2025-06-28,PRD090,STR14,CUS0399,1,3605.51,Damaged
RET00954,SAL04650,2022-10-29,PRD110,STR14,CUS0718,1,302.97,Performance Issues
RET00955,SAL14934,2025-07-25,PRD148,STR06,CUS0477,1,969.51,Damaged
RET00956,SAL13363,2024-02-25,PRD111,STR14,CUS0496,1,231.45,Not as Described
RET00957,SAL11845,2022-06-04,PRD068,STR08,CUS0395,1,119.11,Wrong Item
RET00958,SAL08729,2023-06-07,PRD004,STR18,CUS0053,1,692.65,Defective
RET00959,SAL07483,2022-04-13,PRD119,STR06,CUS0267,2,4153.97,Not as Described
RET00960,SAL07516,2025-01-31,PRD139,STR06,CUS0296,1,267.94,Wrong Item
RET00961,SAL06152,2023-05-30,PRD097,STR07,CUS0567,1,416.2,Not as Described
RET00962,SAL10043,2023-08-21,PRD056,STR14,CUS0654,1,593.47,Performance Issues
RET00963,SAL14108,2022-04-27,PRD086,STR05,CUS0568,1,1803.72,Changed Mind
RET00964,SAL12615,2025-02-08,PRD124,STR04,CUS0195,3,2690.03,Not as Described
RET00965,SAL00238,2023-04-08,PRD008,STR08,CUS0182,2,594.72,Changed Mind
RET00966,SAL11404,2025-08-28,PRD113,STR16,CUS0065,1,174.95,Damaged
RET00967,SAL10074,2022-09-25,PRD037,STR06,CUS0686,1,647.14,Wrong Item
RET00968,SAL00550,2023-11-19,PRD077,STR07,CUS0068,1,1249.14,Changed Mind
RET00969,SAL12097,2023-05-20,PRD125,STR02,CUS0746,3,640.81,Defective
RET00970,SAL10173,2025-06-20,PRD017,STR08,CUS0406,2,155.65,Changed Mind
RET00971,SAL08440,2022-06-11,PRD055,STR20,CUS0005,1,148.38,Changed Mind
RET00972,SAL10092,2022-02-24,PRD064,STR02,CUS0595,1,867.88,Damaged
RET00973,SAL06527,2024-09-23,PRD036,STR10,CUS0054,2,2733.27,Performance Issues
RET00974,SAL10278,2025-09-01,PRD064,STR20,CUS0218,2,1505.23,Damaged
RET00975,SAL01532,2023-04-13,PRD077,STR19,CUS0544,4,1534.3,Performance Issues
RET00976,SAL12453,2025-06-05,PRD110,STR05,CUS0519,1,262.14,Defective
RET00977,SAL11029,2023-08-27,PRD080,STR09,CUS0546,1,1470.29,Performance Issues
RET00978,SAL09136,2024-05-27,PRD045,STR15,CUS0048,1,335.17,Damaged
RET00979,SAL08436,2023-01-14,PRD139,STR18,CUS0373,1,388.71,Changed Mind
RET00980,SAL10227,2022-10-09,PRD129,STR16,CUS0730,1,615.34,Changed Mind
RET00981,SAL03564,2023-05-28,PRD121,STR13,CUS0318,1,233.71,Damaged
RET00982,SAL06924,2023-12-23,PRD062,STR05,CUS0392,1,442.0,Damaged
RET00983,SAL12912,2023-11-06,PRD038,STR02,CUS0572,1,375.44,Damaged
RET00984,SAL03560,2024-02-16,PRD102,STR02,CUS0520,1,558.22,Performance Issues
RET00985,SAL12465,2025-01-31,PRD023,STR11,CUS0767,1,98.0,Performance Issues
RET00986,SAL01634,2024-08-11,PRD054,STR01,CUS0473,2,1982.4,Defective
RET00987,SAL06778,2025-05-08,PRD015,STR12,CUS0126,1,628.31,Wrong Item
RET00988,SAL08483,2022-11-11,PRD013,STR14,CUS0562,1,387.72,Wrong Item
RET00989,SAL06549,2024-09-30,PRD085,STR13,CUS0111,2,772.35,Defective
RET00990,SAL14272,2025-03-23,PRD085,STR03,CUS0343,1,143.75,Performance Issues
RET00991,SAL10639,2024-10-31,PRD149,STR06,CUS0679,1,893.88,Wrong Item
RET00992,SAL13934,2022-06-08,PRD130,STR01,CUS0352,1,91.99,Damaged
RET00993,SAL12989,2025-03-30,PRD022,STR10,CUS0487,1,168.48,Damaged
RET00994,SAL02952,2022-04-25,PRD005,STR09,CUS0512,2,1890.21,Defective
RET00995,SAL04252,2022-09-20,PRD077,STR11,CUS0423,1,596.73,Performance Issues
RET00996,SAL06226,2024-02-22,PRD034,STR05,CUS0004,3,1974.58,Not as Described
RET00997,SAL01917,2024-12-18,PRD081,STR09,CUS0208,1,239.12,Changed Mind
RET00998,SAL09133,2025-07-21,PRD017,STR09,CUS0031,1,44.7,Not as Described
RET00999,SAL13321,2024-09-24,PRD011,STR03,CUS0143,1,345.3,Damaged
RET01000,SAL00085,2023-02-11,PRD013,STR11,CUS0539,1,573.88,Not as Described
RET01001,SAL12824,2024-10-23,PRD062,STR17,CUS0270,1,307.78,Changed Mind
RET01002,SAL05899,2024-09-20,PRD093,STR18,CUS0095,1,36.9,Damaged
RET01003,SAL09193,2025-04-16,PRD101,STR15,CUS0055,1,101.86,Wrong Item
RET01004,SAL10874,2023-12-19,PRD111,STR05,CUS0457,1,176.06,Changed Mind
RET01005,SAL05267,2024-12-12,PRD020,STR04,CUS0427,1,426.35,Not as Described
RET01006,SAL14526,2023-12-12,PRD098,STR11,CUS0348,1,921.13,Wrong Item
RET01007,SAL00200,2023-09-28,PRD007,STR12,CUS0752,1,510.23,Performance Issues
RET01008,SAL12997,2023-05-23,PRD070,STR07,CUS0367,1,1329.05,Defective
RET01009,SAL07795,2023-11-10,PRD013,STR02,CUS0704,1,850.31,Wrong Item
RET01010,SAL06884,2023-10-02,PRD107,STR12,CUS0450,1,1243.13,Defective
RET01011,SAL13614,2025-07-20,PRD137,STR02,CUS0634,2,1215.21,Performance Issues
RET01012,SAL06473,2025-05-09,PRD076,STR14,CUS0437,1,1819.79,Damaged
RET01013,SAL12021,2023-07-13,PRD075,STR17,CUS0361,1,438.25,Wrong Item
RET01014,SAL13856,2024-03-18,PRD105,STR16,CUS0218,1,628.98,Not as Described
RET01015,SAL09129,2023-08-04,PRD080,STR03,CUS0468,1,786.29,Wrong Item
RET01016,SAL12963,2022-09-10,PRD137,STR17,CUS0618,2,2478.25,Performance Issues
RET01017,SAL00536,2024-12-08,PRD083,STR19,CUS0590,1,488.42,Changed Mind
RET01018,SAL05913,2024-11-07,PRD076,STR14,CUS0214,1,2328.07,Defective
RET01019,SAL07435,2023-01-09,PRD112,STR19,CUS0412,1,397.58,Changed Mind
RET01020,SAL03231,2022-12-07,PRD056,STR01,CUS0388,1,2376.52,Wrong Item
RET01021,SAL04837,2023-03-26,PRD118,STR10,CUS0131,1,873.47,Damaged
RET01022,SAL10886,2024-09-18,PRD124,STR10,CUS0229,1,1295.82,Damaged
RET01023,SAL03511,2022-02-26,PRD006,STR13,CUS0445,1,3776.26,Damaged
RET01024,SAL11172,2024-08-13,PRD061,STR18,CUS0319,1,788.63,Changed Mind
RET01025,SAL05402,2025-02-19,PRD099,STR20,CUS0731,2,302.41,Wrong Item
RET01026,SAL01774,2024-08-13,PRD025,STR14,CUS0561,1,764.88,Not as Described
RET01027,SAL03018,2024-07-16,PRD067,STR15,CUS0350,1,244.19,Defective
RET01028,SAL04147,2022-09-05,PRD100,STR08,CUS0669,1,691.44,Damaged
RET01029,SAL07481,2022-02-26,PRD139,STR05,CUS0577,1,291.46,Defective
RET01030,SAL04621,2024-07-02,PRD024,STR17,CUS0340,1,59.58,Defective
RET01031,SAL02635,2024-11-07,PRD125,STR07,CUS0207,4,1021.46,Wrong Item
RET01032,SAL11725,2023-05-04,PRD133,STR05,CUS0676,1,343.85,Defective
RET01033,SAL02966,2023-03-07,PRD104,STR20,CUS0223,1,1027.71,Performance Issues
RET01034,SAL02411,2023-02-24,PRD117,STR05,CUS0299,1,269.17,Wrong Item
RET01035,SAL07791,2022-07-18,PRD067,STR10,CUS0552,1,155.26,Wrong Item
RET01036,SAL01890,2024-11-07,PRD089,STR08,CUS0052,3,3211.86,Wrong Item
RET01037,SAL09745,2023-11-11,PRD074,STR18,CUS0531,2,939.06,Damaged
RET01038,SAL13048,2023-11-05,PRD094,STR14,CUS0310,1,223.29,Changed Mind
RET01039,SAL11005,2025-07-19,PRD056,STR07,CUS0042,1,1168.21,Defective
RET01040,SAL07835,2022-11-13,PRD090,STR06,CUS0580,1,836.98,Defective
RET01041,SAL12439,2023-09-12,PRD014,STR17,CUS0783,1,116.72,Changed Mind
RET01042,SAL11946,2025-06-15,PRD116,STR13,CUS0471,1,406.51,Changed Mind
RET01043,SAL11976,2025-04-15,PRD092,STR08,CUS0204,1,149.81,Not as Described
RET01044,SAL04648,2022-08-13,PRD100,STR19,CUS0517,1,773.62,Damaged
RET01045,SAL02088,2022-10-07,PRD142,STR06,CUS0131,1,558.61,Defective
RET01046,SAL06211,2023-12-20,PRD078,STR08,CUS0640,1,473.34,Defective
RET01047,SAL04189,2022-11-26,PRD011,STR01,CUS0395,1,261.23,Not as Described
RET01048,SAL09202,2024-10-17,PRD150,STR16,CUS0103,3,1416.5,Wrong Item
RET01049,SAL03214,2022-08-19,PRD121,STR14,CUS0220,1,601.83,Wrong Item
RET01050,SAL00320,2022-07-15,PRD091,STR18,CUS0056,1,215.83,Wrong Item
RET01051,SAL08444,2022-05-26,PRD005,STR02,CUS0354,1,1043.76,Wrong Item
RET01052,SAL06893,2022-08-12,PRD047,STR14,CUS0233,1,314.06,Performance Issues
RET01053,SAL06478,2022-11-02,PRD116,STR07,CUS0408,1,511.66,Performance Issues
RET01054,SAL01749,2024-11-02,PRD004,STR12,CUS0088,1,831.7,Wrong Item
RET01055,SAL01340,2025-01-16,PRD067,STR19,CUS0761,3,980.58,Changed Mind
RET01056,SAL01474,2022-07-07,PRD093,STR03,CUS0613,1,19.91,Damaged
RET01057,SAL10569,2023-01-03,PRD099,STR17,CUS0094,1,174.93,Performance Issues
RET01058,SAL00444,2025-05-17,PRD042,STR18,CUS0690,1,954.64,Wrong Item
RET01059,SAL00410,2022-01-27,PRD045,STR02,CUS0006,2,1285.57,Wrong Item
RET01060,SAL05977,2024-03-22,PRD118,STR03,CUS0480,2,897.53,Performance Issues
RET01061,SAL14758,2022-08-19,PRD119,STR03,CUS0376,1,448.43,Wrong Item
RET01062,SAL07181,2024-10-18,PRD013,STR02,CUS0372,1,1538.72,Performance Issues
RET01063,SAL14189,2023-04-09,PRD110,STR12,CUS0540,1,456.61,Defective
RET01064,SAL12823,2023-11-16,PRD060,STR14,CUS0543,1,1497.48,Defective
RET01065,SAL14614,2022-03-08,PRD062,STR17,CUS0016,1,485.13,Defective
RET01066,SAL01824,2022-12-31,PRD030,STR20,CUS0362,1,536.01,Not as Described
RET01067,SAL02649,2022-04-14,PRD045,STR11,CUS0080,1,651.59,Not as Described
RET01068,SAL09304,2024-01-20,PRD077,STR05,CUS0325,1,311.19,Changed Mind
RET01069,SAL06116,2025-08-15,PRD065,STR08,CUS0047,3,1475.03,Not as Described
RET01070,SAL01659,2025-05-16,PRD096,STR17,CUS0387,1,1448.87,Performance Issues
RET01071,SAL03605,2025-07-25,PRD150,STR04,CUS0732,2,1282.13,Defective
RET01072,SAL07490,2025-08-19,PRD002,STR03,CUS0062,1,1702.18,Changed Mind
RET01073,SAL10219,2023-03-06,PRD139,STR11,CUS0321,1,286.14,Wrong Item
RET01074,SAL14023,2023-07-28,PRD011,STR01,CUS0719,1,194.61,Changed Mind
RET01075,SAL04097,2022-10-06,PRD137,STR19,CUS0763,1,513.39,Performance Issues
RET01076,SAL07798,2025-07-28,PRD105,STR18,CUS0651,3,1490.53,Performance Issues
RET01077,SAL09510,2024-11-14,PRD089,STR12,CUS0095,1,810.66,Not as Described
RET01078,SAL07905,2023-12-11,PRD042,STR07,CUS0791,1,375.31,Defective
RET01079,SAL06874,2022-07-31,PRD088,STR05,CUS0478,1,507.59,Damaged
RET01080,SAL01062,2024-07-05,PRD149,STR17,CUS0368,1,1058.25,Performance Issues
RET01081,SAL14903,2024-01-01,PRD002,STR13,CUS0532,1,1546.59,Defective
RET01082,SAL00897,2022-05-14,PRD088,STR14,CUS0319,3,2415.63,Changed Mind
RET01083,SAL03022,2023-01-02,PRD137,STR12,CUS0052,1,706.53,Defective
RET01084,SAL01748,2023-12-02,PRD076,STR12,CUS0134,1,647.74,Wrong Item
RET01085,SAL06825,2024-11-25,PRD086,STR16,CUS0109,3,3435.15,Not as Described
RET01086,SAL01348,2022-01-19,PRD031,STR09,CUS0682,1,166.32,Defective
RET01087,SAL05216,2024-11-20,PRD065,STR14,CUS0534,1,324.92,Not as Described
RET01088,SAL10796,2023-01-15,PRD071,STR04,CUS0714,1,429.9,Wrong Item
RET01089,SAL03341,2022-10-21,PRD019,STR09,CUS0124,1,343.13,Wrong Item
RET01090,SAL02310,2022-04-04,PRD129,STR20,CUS0424,1,570.6,Not as Described
RET01091,SAL03685,2024-05-05,PRD078,STR18,CUS0193,1,982.32,Wrong Item
RET01092,SAL05886,2024-03-15,PRD019,STR12,CUS0595,1,671.67,Defective
RET01093,SAL11734,2023-09-25,PRD130,STR09,CUS0568,1,103.09,Performance Issues
RET01094,SAL06695,2025-07-19,PRD114,STR19,CUS0187,1,267.41,Defective
RET01095,SAL10036,2023-10-23,PRD113,STR06,CUS0146,1,258.09,Wrong Item
RET01096,SAL02867,2025-07-13,PRD055,STR13,CUS0198,1,150.23,Changed Mind
RET01097,SAL10945,2022-03-09,PRD142,STR17,CUS0659,1,960.13,Performance Issues
RET01098,SAL11898,2023-08-31,PRD147,STR17,CUS0396,1,334.86,Defective
RET01099,SAL13711,2022-07-24,PRD096,STR06,CUS0275,1,967.56,Damaged
RET01100,SAL13289,2023-03-27,PRD100,STR15,CUS0036,1,2221.23,Damaged
RET01101,SAL04118,2024-07-16,PRD043,STR02,CUS0728,1,89.92,Wrong Item
RET01102,SAL14029,2023-05-15,PRD026,STR13,CUS0388,1,1052.61,Defective
RET01103,SAL12661,2025-01-28,PRD112,STR01,CUS0417,2,973.64,Not as Described
RET01104,SAL14762,2022-06-26,PRD113,STR04,CUS0769,1,230.74,Damaged
RET01105,SAL14142,2025-07-18,PRD059,STR12,CUS0337,1,785.03,Not as Described
RET01106,SAL03042,2022-08-26,PRD019,STR05,CUS0316,2,1305.83,Not as Described
RET01107,SAL08251,2025-06-20,PRD036,STR09,CUS0746,1,889.57,Defective
RET01108,SAL09482,2023-07-21,PRD133,STR18,CUS0614,3,1748.08,Damaged
RET01109,SAL05276,2022-04-19,PRD078,STR12,CUS0742,1,284.33,Performance Issues
RET01110,SAL12567,2022-08-01,PRD096,STR09,CUS0417,1,2083.27,Wrong Item
RET01111,SAL01958,2024-06-12,PRD135,STR05,CUS0568,1,465.85,Defective
RET01112,SAL03216,2022-03-15,PRD121,STR08,CUS0579,1,349.84,Wrong Item
RET01113,SAL00025,2023-06-08,PRD121,STR17,CUS0626,1,164.22,Performance Issues
RET01114,SAL10883,2023-05-16,PRD103,STR02,CUS0438,1,686.75,Performance Issues
RET01115,SAL01245,2025-06-24,PRD022,STR04,CUS0611,2,461.18,Not as Described
RET01116,SAL11251,2023-07-15,PRD099,STR12,CUS0754,1,254.68,Performance Issues
RET01117,SAL03001,2025-05-14,PRD123,STR11,CUS0578,1,239.68,Defective
RET01118,SAL08209,2022-03-22,PRD144,STR07,CUS0379,2,616.38,Defective
RET01119,SAL02210,2023-01-26,PRD039,STR17,CUS0798,1,347.96,Defective
RET01120,SAL01375,2025-06-26,PRD062,STR11,CUS0267,1,917.15,Changed Mind
RET01121,SAL09092,2022-12-11,PRD065,STR16,CUS0382,1,398.69,Not as Described
RET01122,SAL06461,2024-07-27,PRD020,STR09,CUS0762,1,294.17,Changed Mind
RET01123,SAL13779,2022-09-12,PRD140,STR04,CUS0459,1,1754.35,Changed Mind
RET01124,SAL08478,2024-12-07,PRD045,STR06,CUS0319,1,1025.22,Performance Issues
RET01125,SAL07874,2022-05-27,PRD114,STR04,CUS0125,1,644.73,Changed Mind
RET01126,SAL13181,2024-08-11,PRD123,STR06,CUS0389,1,96.54,Wrong Item
RET01127,SAL10445,2024-05-16,PRD002,STR20,CUS0157,1,585.07,Defective
RET01128,SAL09547,2024-06-28,PRD012,STR15,CUS0420,1,175.56,Performance Issues
RET01129,SAL14458,2022-05-17,PRD120,STR17,CUS0634,1,75.97,Defective
RET01130,SAL08940,2023-01-06,PRD024,STR09,CUS0220,1,116.16,Wrong Item
RET01131,SAL06883,2023-10-11,PRD037,STR12,CUS0515,1,308.38,Performance Issues
RET01132,SAL12252,2023-03-08,PRD061,STR10,CUS0635,1,2089.59,Changed Mind
RET01133,SAL12323,2022-04-24,PRD004,STR03,CUS0494,1,1254.4,Defective
RET01134,SAL02285,2023-09-09,PRD040,STR03,CUS0412,1,1105.56,Changed Mind
RET01135,SAL06404,2024-04-17,PRD121,STR11,CUS0015,1,765.25,Changed Mind
RET01136,SAL09502,2023-12-18,PRD125,STR10,CUS0582,1,285.02,Changed Mind
RET01137,SAL13005,2022-08-21,PRD050,STR12,CUS0664,1,443.22,Wrong Item
RET01138,SAL11519,2023-08-25,PRD003,STR01,CUS0089,1,870.19,Changed Mind
RET01139,SAL06493,2022-09-28,PRD142,STR11,CUS0671,1,286.69,Not as Described
RET01140,SAL06796,2023-10-25,PRD028,STR03,CUS0463,1,122.2,Defective
RET01141,SAL14757,2025-04-17,PRD127,STR12,CUS0553,3,1736.56,Defective
RET01142,SAL11534,2022-08-07,PRD120,STR20,CUS0447,1,31.56,Defective
RET01143,SAL11788,2024-04-24,PRD130,STR10,CUS0433,2,104.11,Changed Mind
RET01144,SAL07657,2023-09-22,PRD066,STR18,CUS0014,1,457.25,Not as Described
RET01145,SAL11932,2025-06-22,PRD031,STR20,CUS0729,1,479.95,Performance Issues
RET01146,SAL08140,2022-02-16,PRD074,STR17,CUS0306,1,555.3,Defective
RET01147,SAL10568,2023-02-21,PRD127,STR13,CUS0752,1,1140.7,Changed Mind
RET01148,SAL09301,2022-02-27,PRD131,STR03,CUS0413,1,271.42,Defective
RET01149,SAL01520,2024-11-16,PRD123,STR01,CUS0579,1,261.76,Changed Mind
RET01150,SAL01003,2023-08-09,PRD139,STR09,CUS0337,1,152.78,Changed Mind
RET01151,SAL04387,2023-03-12,PRD145,STR11,CUS0076,1,578.46,Defective
RET01152,SAL06610,2024-02-10,PRD026,STR12,CUS0695,1,540.21,Damaged
RET01153,SAL03104,2022-04-05,PRD108,STR19,CUS0166,1,1031.78,Defective
RET01154,SAL14197,2024-05-25,PRD017,STR17,CUS0301,1,122.43,Changed Mind
RET01155,SAL13762,2024-06-27,PRD016,STR13,CUS0488,1,945.34,Defective
RET01156,SAL08512,2023-03-11,PRD058,STR13,CUS0088,1,74.73,Wrong Item
RET01157,SAL05754,2025-01-04,PRD028,STR20,CUS0638,1,124.96,Damaged
RET01158,SAL00894,2025-01-11,PRD029,STR04,CUS0147,1,172.01,Not as Described
RET01159,SAL09271,2022-02-04,PRD077,STR15,CUS0532,2,1791.04,Not as Described
RET01160,SAL11276,2023-01-08,PRD109,STR09,CUS0639,1,2470.94,Wrong Item
RET01161,SAL14657,2024-07-26,PRD003,STR14,CUS0034,1,318.57,Damaged
RET01162,SAL13954,2022-05-06,PRD127,STR07,CUS0242,2,2022.24,Defective
RET01163,SAL13688,2023-09-14,PRD018,STR08,CUS0414,1,581.28,Performance Issues
RET01164,SAL06433,2024-08-29,PRD097,STR06,CUS0069,1,248.48,Changed Mind
RET01165,SAL08722,2022-04-21,PRD124,STR06,CUS0294,1,1128.84,Wrong Item
RET01166,SAL14440,2024-07-23,PRD145,STR18,CUS0522,1,2497.87,Not as Described
RET01167,SAL10763,2024-07-27,PRD132,STR08,CUS0701,1,609.08,Not as Described
RET01168,SAL06636,2023-11-16,PRD061,STR14,CUS0676,1,1066.11,Damaged
RET01169,SAL00185,2023-08-18,PRD099,STR16,CUS0286,1,275.74,Defective
RET01170,SAL04915,2023-12-21,PRD036,STR01,CUS0038,1,582.55,Damaged
RET01171,SAL14944,2024-12-16,PRD058,STR04,CUS0067,1,72.42,Defective
RET01172,SAL12311,2022-02-03,PRD100,STR01,CUS0209,1,1081.61,Not as Described
RET01173,SAL10847,2025-03-23,PRD077,STR04,CUS0005,1,287.72,Defective
RET01174,SAL07692,2023-05-26,PRD046,STR19,CUS0430,1,1617.85,Performance Issues
RET01175,SAL14284,2023-08-07,PRD107,STR07,CUS0239,1,650.57,Damaged
RET01176,SAL09421,2025-03-04,PRD014,STR14,CUS0505,1,60.15,Performance Issues
RET01177,SAL14078,2022-02-17,PRD056,STR15,CUS0503,2,3784.33,Not as Described
RET01178,SAL02158,2024-05-17,PRD033,STR14,CUS0309,1,354.95,Not as Described
RET01179,SAL04305,2022-09-24,PRD107,STR05,CUS0245,1,480.41,Wrong Item
RET01180,SAL07547,2023-02-05,PRD135,STR04,CUS0083,1,299.72,Wrong Item
RET01181,SAL13190,2022-06-01,PRD078,STR17,CUS0051,1,355.7,Damaged
RET01182,SAL04599,2025-03-30,PRD120,STR03,CUS0239,1,85.37,Defective
RET01183,SAL04504,2022-12-27,PRD019,STR12,CUS0462,1,569.62,Performance Issues
RET01184,SAL06811,2025-06-10,PRD013,STR05,CUS0386,2,1268.14,Not as Described
RET01185,SAL09352,2023-10-07,PRD083,STR15,CUS0316,2,1776.14,Wrong Item
RET01186,SAL02072,2025-04-14,PRD128,STR11,CUS0528,1,955.0,Defective
RET01187,SAL00626,2025-01-19,PRD112,STR05,CUS0008,1,355.69,Wrong Item
RET01188,SAL13527,2023-03-25,PRD005,STR10,CUS0466,1,1598.2,Performance Issues
RET01189,SAL05041,2023-11-30,PRD010,STR20,CUS0704,1,1033.77,Not as Described
RET01190,SAL01313,2022-02-23,PRD120,STR04,CUS0531,1,41.65,Changed Mind
RET01191,SAL06785,2023-05-22,PRD118,STR20,CUS0606,1,474.54,Defective
RET01192,SAL10058,2023-01-26,PRD017,STR20,CUS0243,2,121.75,Damaged
RET01193,SAL13239,2024-05-26,PRD036,STR20,CUS0518,1,626.22,Damaged
RET01194,SAL09376,2025-05-19,PRD028,STR13,CUS0212,1,81.99,Defective
RET01195,SAL08715,2025-06-21,PRD034,STR04,CUS0106,1,616.05,Defective
RET01196,SAL12430,2022-05-30,PRD034,STR01,CUS0599,1,441.86,Performance Issues
RET01197,SAL07865,2025-07-12,PRD092,STR11,CUS0468,1,226.54,Changed Mind
RET01198,SAL09345,2025-03-03,PRD002,STR07,CUS0529,2,2347.07,Damaged
RET01199,SAL13153,2023-07-27,PRD095,STR20,CUS0013,3,857.85,Performance Issues
RET01200,SAL01197,2023-08-24,PRD138,STR12,CUS0731,1,879.31,Changed Mind
RET01201,SAL08044,2022-11-13,PRD020,STR14,CUS0694,2,1414.56,Not as Described
RET01202,SAL05333,2023-03-18,PRD033,STR02,CUS0199,1,546.25,Defective
RET01203,SAL05296,2024-07-09,PRD038,STR20,CUS0022,1,193.75,Changed Mind
RET01204,SAL08174,2023-09-03,PRD122,STR10,CUS0778,1,97.9,Changed Mind
RET01205,SAL04860,2023-08-13,PRD068,STR06,CUS0368,1,185.09,Wrong Item
RET01206,SAL01260,2023-01-14,PRD069,STR15,CUS0544,1,1389.76,Performance Issues
RET01207,SAL09534,2022-03-09,PRD035,STR19,CUS0680,1,138.45,Changed Mind
RET01208,SAL02841,2024-10-07,PRD108,STR06,CUS0031,1,593.58,Wrong Item
RET01209,SAL00966,2023-05-04,PRD010,STR07,CUS0539,1,548.55,Performance Issues
RET01210,SAL08073,2025-06-28,PRD048,STR03,CUS0694,1,93.38,Performance Issues
RET01211,SAL09640,2023-06-13,PRD105,STR14,CUS0087,1,341.74,Damaged
RET01212,SAL07887,2023-11-23,PRD026,STR13,CUS0607,3,3052.34,Not as Described
RET01213,SAL06860,2024-05-06,PRD022,STR20,CUS0622,1,135.68,Not as Described
RET01214,SAL04966,2024-09-09,PRD028,STR17,CUS0344,1,99.45,Performance Issues
RET01215,SAL12672,2024-06-21,PRD130,STR06,CUS0403,1,30.54,Not as Described
RET01216,SAL13537,2025-07-26,PRD061,STR16,CUS0660,1,553.51,Wrong Item
RET01217,SAL09204,2024-09-29,PRD091,STR15,CUS0152,1,209.63,Wrong Item
RET01218,SAL02265,2022-12-31,PRD060,STR02,CUS0190,1,1366.41,Performance Issues
RET01219,SAL14097,2022-07-03,PRD073,STR02,CUS0191,1,582.13,Changed Mind
RET01220,SAL11600,2023-02-20,PRD015,STR10,CUS0282,1,1332.21,Changed Mind
RET01221,SAL08795,2022-07-28,PRD111,STR07,CUS0391,1,160.94,Changed Mind
RET01222,SAL03262,2023-10-13,PRD005,STR17,CUS0008,1,1761.35,Defective
RET01223,SAL13293,2023-05-08,PRD009,STR08,CUS0763,2,2389.34,Not as Described
RET01224,SAL10207,2024-02-10,PRD070,STR11,CUS0010,4,3180.86,Defective
RET01225,SAL14811,2022-07-21,PRD006,STR06,CUS0536,1,760.92,Changed Mind
RET01226,SAL07988,2022-05-29,PRD095,STR09,CUS0505,2,1493.01,Damaged
RET01227,SAL10674,2022-06-30,PRD117,STR09,CUS0547,1,590.59,Performance Issues
RET01228,SAL14288,2022-09-22,PRD129,STR10,CUS0410,1,1414.17,Changed Mind
RET01229,SAL02865,2024-09-23,PRD062,STR06,CUS0603,1,480.43,Defective
RET01230,SAL09507,2023-02-28,PRD058,STR19,CUS0312,1,153.38,Damaged
RET01231,SAL12520,2024-03-01,PRD078,STR08,CUS0701,1,403.26,Not as Described
RET01232,SAL12137,2022-08-31,PRD018,STR13,CUS0721,1,583.87,Damaged
RET01233,SAL05985,2023-02-23,PRD029,STR20,CUS0032,1,303.32,Not as Described
RET01234,SAL08237,2024-04-28,PRD042,STR02,CUS0693,1,340.82,Changed Mind
RET01235,SAL05112,2024-07-25,PRD020,STR02,CUS0044,1,358.84,Changed Mind
RET01236,SAL14906,2023-01-09,PRD058,STR16,CUS0276,1,79.15,Damaged
RET01237,SAL06587,2025-09-01,PRD105,STR04,CUS0744,1,265.24,Changed Mind
RET01238,SAL14953,2024-01-08,PRD028,STR11,CUS0462,1,73.56,Defective
RET01239,SAL11581,2024-11-30,PRD031,STR10,CUS0192,1,246.8,Not as Described
RET01240,SAL05366,2022-09-20,PRD053,STR19,CUS0702,1,257.1,Damaged
RET01241,SAL13318,2024-11-30,PRD084,STR12,CUS0430,3,2128.6,Changed Mind
RET01242,SAL01537,2023-05-07,PRD075,STR16,CUS0135,1,376.52,Defective
RET01243,SAL05479,2024-01-13,PRD005,STR11,CUS0758,2,3000.79,Defective
RET01244,SAL05245,2025-08-15,PRD077,STR20,CUS0057,1,835.9,Defective
RET01245,SAL08288,2024-06-17,PRD143,STR14,CUS0017,1,274.57,Damaged
RET01246,SAL00808,2022-04-23,PRD049,STR01,CUS0182,1,97.42,Not as Described
RET01247,SAL10753,2024-04-18,PRD098,STR08,CUS0248,1,1553.13,Wrong Item
RET01248,SAL03497,2022-08-16,PRD059,STR13,CUS0785,1,684.0,Changed Mind
RET01249,SAL03901,2024-05-29,PRD116,STR12,CUS0535,1,553.91,Changed Mind
RET01250,SAL12515,2025-04-03,PRD124,STR09,CUS0087,2,2979.31,Not as Described
RET01251,SAL12325,2025-01-28,PRD131,STR18,CUS0635,2,572.44,Wrong Item
RET01252,SAL00177,2022-09-08,PRD076,STR20,CUS0590,1,2249.31,Damaged
RET01253,SAL04964,2023-11-16,PRD148,STR08,CUS0793,1,1068.18,Performance Issues
RET01254,SAL05348,2025-05-28,PRD021,STR11,CUS0327,2,205.54,Defective
RET01255,SAL06904,2025-08-26,PRD041,STR10,CUS0241,1,194.24,Damaged
RET01256,SAL14374,2023-01-19,PRD093,STR03,CUS0603,2,84.59,Damaged
RET01257,SAL14248,2023-11-30,PRD026,STR20,CUS0150,1,694.35,Not as Described
RET01258,SAL08208,2023-12-04,PRD033,STR20,CUS0622,1,187.6,Defective
RET01259,SAL08020,2023-04-21,PRD119,STR10,CUS0278,1,1083.08,Not as Described
RET01260,SAL07270,2024-06-13,PRD037,STR11,CUS0396,1,239.92,Performance Issues
RET01261,SAL04914,2023-08-17,PRD096,STR15,CUS0195,1,874.4,Defective
RET01262,SAL07234,2022-06-09,PRD039,STR04,CUS0739,1,1234.09,Performance Issues
RET01263,SAL04880,2024-09-09,PRD127,STR11,CUS0671,1,614.03,Damaged
RET01264,SAL00583,2023-10-03,PRD148,STR01,CUS0713,2,1465.21,Wrong Item
RET01265,SAL06763,2025-04-03,PRD046,STR06,CUS0219,1,1469.28,Not as Described
RET01266,SAL03827,2025-04-23,PRD075,STR15,CUS0230,1,1404.57,Defective
RET01267,SAL08894,2023-10-30,PRD091,STR18,CUS0537,1,374.79,Defective
RET01268,SAL08798,2023-12-20,PRD056,STR13,CUS0301,1,1358.74,Changed Mind
RET01269,SAL14911,2024-01-10,PRD074,STR03,CUS0742,1,176.75,Performance Issues
RET01270,SAL10256,2024-02-10,PRD041,STR11,CUS0712,1,202.66,Damaged
RET01271,SAL09916,2025-06-02,PRD088,STR11,CUS0252,1,1282.21,Not as Described
RET01272,SAL05231,2024-08-06,PRD141,STR13,CUS0657,1,331.43,Performance Issues
RET01273,SAL14962,2025-07-15,PRD059,STR04,CUS0661,1,868.48,Wrong Item
RET01274,SAL05944,2024-08-13,PRD116,STR04,,2,1568.27,Performance Issues
RET01275,SAL01795,2022-05-27,PRD080,STR12,CUS0745,1,661.7,Damaged
RET01276,SAL03909,2023-11-18,PRD037,STR02,CUS0679,1,449.67,Damaged
RET01277,SAL07796,2022-10-10,PRD091,STR20,CUS0229,1,466.82,Wrong Item
RET01278,SAL06194,2024-01-19,PRD043,STR05,CUS0032,1,322.93,Damaged
RET01279,SAL03101,2023-03-29,PRD144,STR18,CUS0460,2,699.42,Wrong Item
RET01280,SAL13410,2023-12-17,PRD141,STR19,CUS0179,1,259.97,Wrong Item
RET01281,SAL14830,2023-02-28,PRD020,STR18,CUS0258,2,875.28,Changed Mind
RET01282,SAL08109,2025-03-08,PRD022,STR02,CUS0472,1,260.49,Defective
RET01283,SAL00962,2022-06-05,PRD114,STR20,CUS0677,1,338.8,Defective
RET01284,SAL08278,2023-05-22,PRD134,STR11,CUS0115,2,962.45,Wrong Item
RET01285,SAL08428,2022-05-23,PRD049,STR20,CUS0095,1,97.44,Performance Issues
RET01286,SAL04728,2022-11-15,PRD144,STR09,CUS0209,1,896.94,Wrong Item
RET01287,SAL01622,2022-07-28,PRD031,STR19,CUS0439,1,448.01,Defective
RET01288,SAL09218,2025-04-16,PRD015,STR01,CUS0750,1,550.84,Damaged
RET01289,SAL03729,2025-06-16,PRD114,STR07,CUS0604,1,248.64,Wrong Item
RET01290,SAL05888,2024-09-07,PRD048,STR02,CUS0232,1,308.05,Not as Described
RET01291,SAL06651,2022-10-13,PRD126,STR14,CUS0350,1,606.27,Defective
RET01292,SAL07742,2025-05-27,PRD113,STR12,CUS0366,1,199.32,Performance Issues
RET01293,SAL09644,2023-06-23,PRD110,STR12,CUS0198,1,138.62,Performance Issues
RET01294,SAL12476,2022-02-27,PRD003,STR14,CUS0085,1,1184.79,Wrong Item
RET01295,SAL12005,2024-04-13,PRD059,STR08,CUS0754,1,402.51,Damaged
RET01296,SAL03971,2024-11-28,PRD134,STR12,CUS0139,1,694.37,Damaged
RET01297,SAL06020,2022-04-03,PRD137,STR10,CUS0095,1,1445.66,Defective
RET01298,SAL00434,2022-03-22,PRD075,STR05,CUS0798,1,401.82,Performance Issues
RET01299,SAL14445,2024-11-30,PRD074,STR09,CUS0593,1,481.54,Not as Described
RET01300,SAL00078,2023-03-27,PRD048,STR08,CUS0434,2,365.37,Performance Issues
RET01301,SAL08848,2023-12-09,PRD004,STR10,CUS0547,1,659.56,Performance Issues
RET01302,SAL13656,2022-12-05,PRD063,STR18,CUS0275,2,1589.07,Defective
RET01303,SAL00971,2024-10-11,PRD060,STR20,CUS0628,3,1746.96,Damaged
RET01304,SAL09683,2025-06-10,PRD118,STR06,CUS0564,2,1223.26,Not as Described
RET01305,SAL01121,2022-10-10,PRD150,STR06,CUS0280,1,528.55,Performance Issues
RET01306,SAL07037,2022-02-05,PRD088,STR17,CUS0676,1,1596.96,Wrong Item
RET01307,SAL03247,2022-11-28,PRD113,STR03,CUS0623,1,173.66,Performance Issues
RET01308,SAL14188,2022-12-05,PRD082,STR06,CUS0793,4,3551.28,Not as Described
RET01309,SAL04155,2022-07-18,PRD031,STR19,CUS0633,2,470.73,Wrong Item
RET01310,SAL04641,2022-01-28,PRD005,STR12,CUS0074,1,1260.5,Wrong Item
RET01311,SAL03037,2023-01-02,PRD072,STR17,CUS0762,1,779.07,Changed Mind
RET01312,SAL12374,2024-10-25,PRD017,STR03,CUS0086,1,31.53,Changed Mind
RET01313,SAL02949,2023-09-06,PRD141,STR10,CUS0504,1,342.46,Not as Described
RET01314,SAL11006,2025-06-30,PRD012,STR11,CUS0002,1,134.53,Defective
RET01315,SAL05670,2024-12-15,PRD017,STR19,CUS0176,1,176.96,Performance Issues
RET01316,SAL00570,2024-04-06,PRD039,STR10,CUS0646,1,788.26,Changed Mind
RET01317,SAL09619,2022-05-12,PRD024,STR20,CUS0362,1,92.64,Changed Mind
RET01318,SAL08517,2025-01-06,PRD110,STR19,CUS0227,1,358.56,Damaged
RET01319,SAL00111,2022-06-15,PRD011,STR10,CUS0242,1,177.08,Changed Mind
RET01320,SAL05812,2023-11-30,PRD052,STR07,CUS0529,1,599.89,Not as Described
RET01321,SAL13714,2022-06-24,PRD030,STR19,CUS0213,1,371.82,Wrong Item
RET01322,SAL01434,2025-07-05,PRD004,STR18,CUS0011,1,300.62,Performance Issues
RET01323,SAL05513,2024-02-03,PRD133,STR13,CUS0344,1,435.4,Wrong Item
RET01324,SAL01156,2025-07-06,PRD088,STR04,CUS0416,4,3287.28,Damaged
RET01325,SAL04874,2024-02-02,PRD118,STR03,CUS0275,1,484.95,Damaged
RET01326,SAL10996,2022-02-25,PRD075,STR11,CUS0063,1,449.21,Damaged
RET01327,SAL02672,2022-02-18,PRD109,STR02,CUS0533,1,677.72,Defective
RET01328,SAL12397,2022-03-23,PRD028,STR13,CUS0012,2,200.54,Wrong Item
RET01329,SAL05501,2023-12-31,PRD150,STR01,CUS0335,1,239.12,Performance Issues
RET01330,SAL02558,2024-07-27,PRD007,STR10,CUS0648,1,1384.05,Not as Described
RET01331,SAL13974,2023-02-27,PRD076,STR07,CUS0072,4,3559.95,Changed Mind
RET01332,SAL04777,2025-02-10,PRD104,STR12,CUS0637,1,1047.05,Damaged
RET01333,SAL05567,2024-05-21,PRD072,STR16,CUS0082,1,1029.72,Damaged
RET01334,SAL01160,2022-02-28,PRD062,STR12,CUS0081,1,784.44,Performance Issues
RET01335,SAL05849,2023-12-16,PRD039,STR02,CUS0620,1,875.81,Performance Issues
RET01336,SAL09815,2022-06-14,PRD007,STR12,CUS0230,1,676.82,Not as Described
RET01337,SAL12574,2022-10-30,PRD060,STR14,CUS0152,1,1576.38,Changed Mind
RET01338,SAL08959,2025-05-13,PRD063,STR05,CUS0771,1,766.69,Performance Issues
RET01339,SAL02820,2024-04-27,PRD060,STR17,CUS0254,1,311.92,Performance Issues
RET01340,SAL10158,2024-08-13,PRD013,STR11,CUS0061,1,456.52,Not as Described
RET01341,SAL04557,2025-09-12,PRD052,STR03,CUS0645,1,362.08,Damaged
RET01342,SAL12294,2022-03-24,PRD124,STR04,CUS0636,1,987.12,Not as Described
RET01343,SAL09769,2025-06-08,PRD001,STR15,CUS0536,1,883.21,Changed Mind
RET01344,SAL09480,2024-04-20,PRD047,STR09,CUS0135,1,261.07,Performance Issues
RET01345,SAL03616,2022-09-17,PRD019,STR16,CUS0742,2,1896.87,Changed Mind
RET01346,SAL08887,2022-07-03,PRD099,STR11,CUS0730,1,350.06,Wrong Item
RET01347,SAL08104,2023-01-01,PRD028,STR01,CUS0430,3,379.14,Changed Mind
RET01348,SAL06217,2024-08-14,PRD120,STR08,CUS0232,1,108.54,Damaged
RET01349,SAL09244,2023-07-31,PRD042,STR10,CUS0287,1,864.87,Damaged
RET01350,SAL00148,2022-10-10,PRD007,STR01,CUS0302,1,585.58,Defective
RET01351,SAL03418,2023-12-23,PRD055,STR11,CUS0292,1,278.37,Defective
RET01352,SAL09253,2022-03-20,PRD069,STR05,CUS0575,2,1659.7,Damaged
RET01353,SAL05700,2025-04-03,PRD124,STR02,CUS0368,1,797.07,Changed Mind
RET01354,SAL02073,2024-11-05,PRD057,STR17,CUS0733,1,415.0,Performance Issues
RET01355,SAL01860,2023-01-09,PRD022,STR03,CUS0377,1,199.47,Not as Described
RET01356,SAL10888,2023-03-11,PRD144,STR19,CUS0477,1,466.54,Changed Mind
RET01357,SAL03384,2022-11-25,PRD107,STR02,CUS0097,1,590.37,Damaged
RET01358,SAL12118,2024-01-29,PRD134,STR20,CUS0393,1,330.05,Performance Issues
RET01359,SAL05809,2025-05-04,PRD121,STR17,CUS0696,1,438.1,Changed Mind
RET01360,SAL04228,2025-01-15,PRD145,STR11,CUS0563,1,1062.6,Performance Issues
RET01361,SAL09418,2025-06-30,PRD046,STR02,CUS0100,1,2899.86,Performance Issues
RET01362,SAL14183,2025-06-21,PRD147,STR08,CUS0519,1,293.83,Changed Mind
RET01363,SAL06630,2023-12-26,PRD021,STR03,CUS0141,1,131.84,Changed Mind
RET01364,SAL01235,2023-12-06,PRD113,STR11,CUS0286,1,524.66,Wrong Item
RET01365,SAL11190,2023-10-10,PRD138,STR19,CUS0571,1,681.94,Wrong Item
RET01366,SAL09841,2022-08-02,PRD109,STR08,CUS0497,2,3581.65,Performance Issues
RET01367,SAL07051,2025-03-20,PRD003,STR13,CUS0250,1,524.57,Wrong Item
RET01368,SAL11615,2024-07-20,PRD029,STR08,CUS0649,1,299.93,Damaged
RET01369,SAL14954,2024-11-06,PRD114,STR10,CUS0434,1,295.29,Changed Mind
RET01370,SAL00545,2024-02-17,PRD038,STR18,CUS0100,1,276.84,Damaged
RET01371,SAL07063,2025-03-23,PRD146,STR13,CUS0415,1,1157.74,Not as Described
RET01372,SAL11728,2022-06-15,PRD038,STR11,CUS0064,1,219.5,Defective
RET01373,SAL09977,2022-11-16,PRD059,STR14,CUS0079,1,759.86,Changed Mind
RET01374,SAL00763,2023-03-10,PRD087,STR04,CUS0588,1,88.07,Defective
RET01375,SAL10064,2023-01-22,PRD105,STR06,CUS0061,1,520.4,Damaged
RET01376,SAL03171,2025-05-14,PRD119,STR20,CUS0333,1,685.0,Changed Mind
RET01377,SAL01191,2023-01-29,PRD096,STR12,CUS0686,1,848.85,Performance Issues
RET01378,SAL01262,2022-03-12,PRD143,STR10,CUS0438,1,188.44,Damaged
RET01379,SAL03394,2024-08-10,PRD022,STR02,CUS0756,3,797.29,Defective
RET01380,SAL10729,2022-06-14,PRD020,STR08,CUS0551,1,955.86,Wrong Item
RET01381,SAL08188,2022-04-23,PRD011,STR02,CUS0086,1,260.29,Defective
RET01382,SAL08708,2025-01-28,PRD047,STR12,CUS0025,1,324.24,Damaged
RET01383,SAL10118,2022-08-12,PRD144,STR16,CUS0544,1,747.93,Defective
RET01384,SAL07008,2024-03-25,PRD046,STR16,CUS0171,1,2284.89,Wrong Item
RET01385,SAL02417,2022-11-20,PRD145,STR18,CUS0127,1,497.96,Damaged
RET01386,SAL07543,2024-06-29,PRD123,STR05,CUS0580,1,85.35,Defective
RET01387,SAL09935,2024-10-29,PRD130,STR12,CUS0562,1,106.7,Not as Described
RET01388,SAL07077,2025-01-09,PRD001,STR01,CUS0443,3,1997.96,Not as Described
RET01389,SAL02046,2024-11-26,PRD054,STR18,CUS0752,1,777.93,Wrong Item
RET01390,SAL11008,2023-07-21,PRD135,STR07,CUS0739,1,270.77,Wrong Item
RET01391,SAL03863,2023-10-14,PRD127,STR12,CUS0421,1,807.04,Performance Issues
RET01392,SAL13506,2023-07-10,PRD139,STR14,CUS0436,1,245.85,Wrong Item
RET01393,SAL09441,2025-02-24,PRD022,STR03,CUS0508,1,277.76,Damaged
RET01394,SAL13060,2024-10-05,PRD118,STR02,CUS0100,1,390.38,Defective
RET01395,SAL06330,2022-02-11,PRD101,STR18,CUS0223,1,197.77,Performance Issues
RET01396,SAL10056,2022-10-10,PRD118,STR14,CUS0474,2,1377.99,Wrong Item
RET01397,SAL06888,2022-04-17,PRD139,STR07,CUS0166,1,126.01,Changed Mind
RET01398,SAL10465,2022-07-11,PRD074,STR10,CUS0607,1,301.42,Wrong Item
RET01399,SAL09828,2025-08-06,PRD094,STR15,CUS0068,1,719.93,Wrong Item
RET01400,SAL07358,2024-06-24,PRD051,STR03,CUS0065,1,366.85,Performance Issues
RET01401,SAL13025,2023-09-06,PRD131,STR01,CUS0538,1,422.18,Performance Issues
RET01402,SAL06926,2024-06-30,PRD114,STR20,CUS0415,1,415.18,Not as Described
RET01403,SAL04112,2024-06-10,PRD075,STR14,CUS0203,1,889.19,Performance Issues
RET01404,SAL13722,2024-05-01,PRD049,STR06,CUS0101,1,143.11,Performance Issues
RET01405,SAL10551,2024-02-24,PRD083,STR18,CUS0163,2,1311.17,Wrong Item
RET01406,SAL06579,2025-06-22,PRD088,STR06,CUS0327,1,562.81,Performance Issues
RET01407,SAL10581,2025-05-03,PRD028,STR16,CUS0043,1,142.56,Defective
RET01408,SAL08169,2025-04-17,PRD138,STR19,CUS0335,1,1077.16,Not as Described
RET01409,SAL14297,2025-02-06,PRD133,STR03,CUS0335,1,1239.34,Wrong Item
RET01410,SAL01112,2022-04-22,PRD009,STR20,CUS0434,2,3442.6,Performance Issues
RET01411,SAL07560,2024-09-01,PRD005,STR08,CUS0493,1,1870.0,Wrong Item
RET01412,SAL13185,2025-07-16,PRD129,STR17,CUS0118,1,590.99,Wrong Item
RET01413,SAL13003,2023-02-26,PRD074,STR08,CUS0681,1,233.77,Damaged
RET01414,SAL01064,2022-11-01,PRD040,STR12,CUS0144,1,453.8,Performance Issues
RET01415,SAL13337,2024-04-29,PRD029,STR02,CUS0356,1,494.3,Changed Mind
RET01416,SAL13550,2023-06-23,PRD088,STR13,CUS0666,2,1905.17,Not as Described
RET01417,SAL02279,2024-01-23,PRD077,STR04,CUS0499,3,1540.91,Damaged
RET01418,SAL07065,2023-06-13,PRD074,STR18,CUS0606,2,901.87,Not as Described
RET01419,SAL10764,2025-02-10,PRD039,STR08,CUS0175,1,1117.42,Damaged
RET01420,SAL08872,2022-11-18,PRD045,STR13,CUS0076,1,442.71,Wrong Item
RET01421,SAL03453,2023-10-22,PRD036,STR10,CUS0687,2,3436.68,Wrong Item
RET01422,SAL09168,2022-07-10,PRD019,STR20,CUS0436,1,378.33,Changed Mind
RET01423,SAL08511,2023-06-02,PRD069,STR15,CUS0413,1,1047.69,Not as Described
RET01424,SAL13766,2022-06-14,PRD007,STR10,CUS0082,1,864.2,Defective
RET01425,SAL05255,2022-06-25,PRD109,STR07,CUS0189,1,2401.59,Wrong Item
RET01426,SAL12184,2024-12-25,PRD090,STR16,CUS0554,1,910.2,Performance Issues
RET01427,SAL03853,2025-06-25,PRD003,STR04,CUS0600,1,464.88,Not as Described
RET01428,SAL10116,2022-11-19,PRD014,STR05,CUS0726,1,65.35,Not as Described
RET01429,SAL03090,2023-02-09,PRD134,STR11,CUS0249,1,617.56,Defective
RET01430,SAL02653,2025-04-15,PRD009,STR11,CUS0556,1,1200.63,Not as Described
RET01431,SAL08865,2025-06-30,PRD092,STR01,CUS0759,1,174.11,Not as Described
RET01432,SAL01170,2024-10-05,PRD073,STR17,CUS0435,2,1220.45,Not as Described
RET01433,SAL00983,2023-11-24,PRD068,STR02,CUS0372,4,753.0,Changed Mind
RET01434,SAL08375,2024-11-04,PRD010,STR19,CUS0392,1,1749.09,Changed Mind
RET01435,SAL11978,2025-09-09,PRD059,STR10,CUS0199,1,738.84,Damaged
RET01436,SAL14575,2022-02-06,PRD095,STR05,CUS0124,2,1124.01,Not as Described
RET01437,SAL13855,2024-10-07,PRD098,STR15,CUS0288,1,627.41,Performance Issues
RET01438,SAL08818,2025-02-11,PRD133,STR17,CUS0017,1,562.92,Defective
RET01439,SAL09688,2025-01-20,PRD054,STR11,CUS0322,1,650.56,Damaged
RET01440,SAL14271,2024-02-13,PRD095,STR09,CUS0583,1,579.36,Damaged
RET01441,SAL09653,2022-04-07,PRD133,STR05,CUS0397,1,457.51,Wrong Item
RET01442,SAL11162,2023-11-23,PRD097,STR20,CUS0205,2,383.74,Not as Described
RET01443,SAL09678,2024-10-26,PRD073,STR18,CUS0009,2,1366.48,Performance Issues
RET01444,SAL00112,2025-04-05,PRD139,STR16,CUS0388,1,164.04,Wrong Item
RET01445,SAL10013,2025-07-25,PRD032,STR07,CUS0040,1,1432.29,Wrong Item
RET01446,SAL12126,2022-04-04,PRD098,STR06,CUS0045,1,400.74,Changed Mind
RET01447,SAL14041,2023-02-20,PRD024,STR14,CUS0091,1,66.69,Changed Mind
RET01448,SAL12974,2023-08-17,PRD047,STR09,CUS0176,1,730.2,Changed Mind
RET01449,SAL04543,2022-07-20,PRD087,STR08,CUS0299,1,115.61,Changed Mind
RET01450,SAL00142,2024-11-15,PRD058,STR17,CUS0436,1,139.3,Wrong Item
RET01451,SAL10319,2024-08-06,PRD063,STR13,CUS0099,1,511.46,Performance Issues
RET01452,SAL05334,2024-03-29,PRD057,STR06,CUS0487,2,1521.63,Defective
RET01453,SAL03720,2024-01-22,PRD028,STR08,CUS0193,1,111.16,Damaged
RET01454,SAL04998,2024-01-25,PRD021,STR04,CUS0159,1,142.33,Performance Issues
RET01455,SAL02377,2022-04-25,PRD074,STR18,CUS0032,1,651.32,Damaged
RET01456,SAL12765,2022-06-04,PRD058,STR05,CUS0288,1,57.98,Not as Described
RET01457,SAL07247,2025-01-18,PRD036,STR03,CUS0150,1,2084.3,Wrong Item
RET01458,SAL06650,2024-01-10,PRD009,STR18,CUS0443,1,1231.76,Changed Mind
RET01459,SAL12518,2024-06-07,PRD031,STR12,CUS0637,1,155.01,Performance Issues
RET01460,SAL11835,2024-01-09,PRD058,STR06,CUS0651,1,301.67,Not as Described
RET01461,SAL10515,2023-11-11,PRD011,STR12,CUS0304,3,643.33,Changed Mind
RET01462,SAL12245,2024-06-06,PRD021,STR18,CUS0359,1,85.11,Changed Mind
RET01463,SAL01326,2024-07-17,PRD030,STR03,CUS0614,1,1861.34,Damaged
RET01464,SAL14309,2022-01-27,PRD124,STR20,CUS0580,1,790.26,Wrong Item
RET01465,SAL01404,2024-03-28,PRD032,STR07,CUS0604,1,650.83,Wrong Item
RET01466,SAL08763,2022-11-23,PRD139,STR13,CUS0285,1,149.47,Defective
RET01467,SAL14668,2025-03-05,PRD045,STR10,CUS0711,1,420.82,Damaged
RET01468,SAL03779,2023-05-11,PRD147,STR15,CUS0260,1,244.86,Not as Described
RET01469,SAL10559,2022-05-31,PRD108,STR09,CUS0790,1,1567.27,Not as Described
RET01470,SAL10276,2024-04-08,PRD036,STR12,CUS0796,1,907.84,Performance Issues
RET01471,SAL11858,2023-01-25,PRD121,STR09,CUS0378,1,523.55,Damaged
RET01472,SAL04891,2022-07-18,PRD086,STR12,CUS0125,1,1055.38,Not as Described
RET01473,SAL14644,2025-07-04,PRD127,STR16,CUS0506,1,647.7,Changed Mind
RET01474,SAL01781,2024-10-10,PRD130,STR12,CUS0309,1,64.09,Damaged
RET01475,SAL00552,2022-12-03,PRD147,STR06,CUS0078,3,624.96,Damaged
RET01476,SAL10003,2023-11-18,PRD057,STR14,CUS0496,2,1294.95,Performance Issues
RET01477,SAL06304,2023-06-10,PRD102,STR17,CUS0046,3,1340.95,Performance Issues
RET01478,SAL00473,2024-08-24,PRD104,STR17,CUS0357,4,3990.77,Damaged
RET01479,SAL13215,2022-08-29,PRD019,STR15,CUS0707,1,607.1,Performance Issues
RET01480,SAL01633,2024-11-19,PRD004,STR15,CUS0685,1,447.78,Performance Issues
RET01481,SAL05864,2023-06-04,PRD137,STR19,CUS0009,1,874.3,Not as Described
RET01482,SAL09079,2022-11-26,PRD012,STR16,CUS0759,1,104.61,Wrong Item
RET01483,SAL09933,2023-04-28,PRD044,STR20,CUS0727,1,77.42,Changed Mind
RET01484,SAL05687,2022-06-18,PRD058,STR14,CUS0390,1,331.25,Wrong Item
RET01485,SAL00646,2022-07-14,PRD073,STR04,CUS0629,1,1277.54,Damaged
RET01486,SAL04436,2022-06-08,PRD083,STR17,CUS0048,1,484.64,Changed Mind
RET01487,SAL01290,2024-04-03,PRD099,STR10,CUS0642,1,217.94,Defective
RET01488,SAL01004,2023-12-26,PRD148,STR13,CUS0557,1,422.56,Changed Mind
RET01489,SAL08311,2025-07-08,PRD009,STR15,CUS0118,2,1930.81,Defective
RET01490,SAL03503,2022-03-01,PRD013,STR19,CUS0541,3,1621.23,Wrong Item
RET01491,SAL06065,2023-01-27,PRD095,STR02,CUS0204,1,447.63,Changed Mind
RET01492,SAL03296,2022-09-01,PRD121,STR19,CUS0619,1,227.59,Damaged
RET01493,SAL01380,2024-03-04,PRD012,STR11,CUS0308,1,215.9,Wrong Item
RET01494,SAL05435,2025-05-15,PRD020,STR20,CUS0525,3,2726.89,Wrong Item
RET01495,SAL10200,2023-05-10,PRD140,STR08,CUS0759,1,480.15,Changed Mind
RET01496,SAL03571,2025-01-02,PRD084,STR17,CUS0564,1,958.29,Damaged
RET01497,SAL07856,2025-02-28,PRD112,STR06,CUS0486,2,1168.45,Wrong Item
RET01498,SAL12438,2023-10-27,PRD082,STR06,CUS0687,1,946.53,Wrong Item
RET01499,SAL04196,2025-01-06,PRD127,STR18,CUS0061,1,1061.2,Damaged
RET01500,SAL12026,2024-03-15,PRD039,STR07,CUS0402,1,946.18,Not as Described
