InventoryID,SnapshotDate,StoreID,ProductID,ClosingStock,StockValue,ReorderLevel,StockStatus
INV000001,2023-01-31,STR10,PRD027,106,23468.4,7,OK
INV000002,2023-01-31,STR10,PRD102,71,31276.21,20,OK
INV000003,2023-01-31,STR10,PRD110,116,15615.92,18,OK
INV000004,2023-01-31,STR10,PRD071,98,17569.44,22,OK
INV000005,2023-01-31,STR10,PRD114,126,33940.62,18,OK
INV000006,2023-01-31,STR10,PRD134,121,45293.93,18,OK
INV000007,2023-01-31,STR10,PRD019,78,24743.94,20,OK
INV000008,2023-01-31,STR10,PRD014,34,2130.44,16,OK
INV000009,2023-01-31,STR10,PRD088,86,32465.0,11,OK
INV000010,2023-01-31,STR10,PRD011,7,1616.86,7,Low
INV000011,2023-01-31,STR10,PRD067,85,11900.85,18,OK
INV000012,2023-01-31,STR10,PRD051,123,38931.96,6,OK
INV000013,2023-01-31,STR10,PRD091,103,14684.71,11,OK
INV000014,2023-01-31,STR10,PRD004,2,556.52,10,Low
INV000015,2023-01-31,STR10,PRD128,41,6661.68,30,OK
INV000016,2023-01-31,STR10,PRD072,91,36957.83,29,OK
INV000017,2023-01-31,STR10,PRD056,140,71254.4,20,OK
INV000018,2023-01-31,STR10,PRD069,2,689.96,30,Low
INV000019,2023-01-31,STR10,PRD005,108,47976.84,20,OK
INV000020,2023-01-31,STR10,PRD030,43,19137.15,29,OK
INV000021,2023-01-31,STR10,PRD033,106,12247.24,8,OK
INV000022,2023-01-31,STR10,PRD150,129,45764.04,24,OK
INV000023,2023-01-31,STR10,PRD097,68,15618.24,22,OK
INV000024,2023-01-31,STR10,PRD007,107,54153.77,20,OK
INV000025,2023-01-31,STR10,PRD095,31,6142.03,20,OK
INV000026,2023-01-31,STR10,PRD053,150,8307.0,21,OK
INV000027,2023-01-31,STR10,PRD083,84,44706.48,18,OK
INV000028,2023-01-31,STR10,PRD146,139,60177.27,27,OK
INV000029,2023-01-31,STR10,PRD038,127,39645.59,14,OK
INV000030,2023-01-31,STR10,PRD075,70,19187.0,6,OK
INV000031,2023-01-31,STR09,PRD133,101,41000.95,12,OK
INV000032,2023-01-31,STR09,PRD014,150,9399.0,17,OK
INV000033,2023-01-31,STR09,PRD047,1,265.69,27,Low
INV000034,2023-01-31,STR09,PRD078,19,7741.55,27,OK
INV000035,2023-01-31,STR09,PRD066,94,32811.64,5,OK
INV000036,2023-01-31,STR09,PRD020,150,66546.0,24,OK
INV000037,2023-01-31,STR09,PRD065,19,4247.45,27,OK
INV000038,2023-01-31,STR09,PRD063,3,1300.35,21,Low
INV000039,2023-01-31,STR09,PRD002,88,40475.6,5,OK
INV000040,2023-01-31,STR09,PRD043,69,5422.02,12,OK
INV000041,2023-01-31,STR09,PRD079,90,6100.2,11,OK
INV000042,2023-01-31,STR09,PRD087,117,9356.49,30,OK
INV000043,2023-01-31,STR09,PRD072,148,60107.24,19,OK
INV000044,2023-01-31,STR09,PRD083,31,16498.82,22,OK
INV000045,2023-01-31,STR09,PRD007,92,46562.12,28,OK
INV000046,2023-01-31,STR09,PRD034,42,15952.86,6,OK
INV000047,2023-01-31,STR09,PRD141,127,25585.42,6,OK
INV000048,2023-01-31,STR09,PRD140,111,42336.51,13,OK
INV000049,2023-01-31,STR09,PRD121,87,17312.13,28,OK
INV000050,2023-01-31,STR09,PRD132,6,1389.84,10,Low
INV000051,2023-01-31,STR09,PRD143,51,9302.91,18,OK
INV000052,2023-01-31,STR09,PRD021,74,5659.52,17,OK
INV000053,2023-01-31,STR09,PRD011,2,461.96,15,Low
INV000054,2023-01-31,STR09,PRD024,31,1147.62,6,OK
INV000055,2023-01-31,STR09,PRD031,110,9541.4,24,OK
INV000056,2023-01-31,STR09,PRD068,7,551.39,28,Low
INV000057,2023-01-31,STR09,PRD089,3,1489.71,11,Low
INV000058,2023-01-31,STR09,PRD074,77,21005.6,13,OK
INV000059,2023-01-31,STR09,PRD036,29,12854.25,14,OK
INV000060,2023-01-31,STR09,PRD084,72,23225.04,24,OK
INV000061,2023-01-31,STR17,PRD030,109,48510.45,14,OK
INV000062,2023-01-31,STR17,PRD017,65,3033.55,12,OK
INV000063,2023-01-31,STR17,PRD097,66,15158.88,28,OK
INV000064,2023-01-31,STR17,PRD060,139,38539.14,16,OK
INV000065,2023-01-31,STR17,PRD126,5,1817.5,18,Low
INV000066,2023-01-31,STR17,PRD083,85,45238.7,30,OK
INV000067,2023-01-31,STR17,PRD075,92,25217.2,5,OK
INV000068,2023-01-31,STR17,PRD050,87,12694.17,14,OK
INV000069,2023-01-31,STR17,PRD142,8,2192.0,19,Low
INV000070,2023-01-31,STR17,PRD098,34,9268.06,14,OK
INV000071,2023-01-31,STR17,PRD015,137,71477.01,5,OK
INV000072,2023-01-31,STR17,PRD059,147,68334.42,21,OK
INV000073,2023-01-31,STR17,PRD119,123,50780.55,24,OK
INV000074,2023-01-31,STR17,PRD039,93,30053.88,16,OK
INV000075,2023-01-31,STR17,PRD066,6,2094.36,20,Low
INV000076,2023-01-31,STR17,PRD103,125,62956.25,24,OK
INV000077,2023-01-31,STR17,PRD061,98,50659.14,23,OK
INV000078,2023-01-31,STR17,PRD012,62,3791.92,18,OK
INV000079,2023-01-31,STR17,PRD013,19,5376.81,30,OK
INV000080,2023-01-31,STR17,PRD033,135,15597.9,17,OK
INV000081,2023-01-31,STR17,PRD062,7,2888.13,24,Low
INV000082,2023-01-31,STR17,PRD009,136,71586.32,28,OK
INV000083,2023-01-31,STR17,PRD044,71,3718.98,28,OK
INV000084,2023-01-31,STR17,PRD144,98,15484.0,5,OK
INV000085,2023-01-31,STR17,PRD150,63,22349.88,27,OK
INV000086,2023-01-31,STR17,PRD023,36,3452.04,17,OK
INV000087,2023-01-31,STR17,PRD094,131,34715.0,13,OK
INV000088,2023-01-31,STR17,PRD132,119,27565.16,5,OK
INV000089,2023-01-31,STR17,PRD073,80,35801.6,16,OK
INV000090,2023-01-31,STR17,PRD051,117,37032.84,26,OK
INV000091,2023-01-31,STR01,PRD076,26,13564.2,10,OK
INV000092,2023-01-31,STR01,PRD015,75,39129.75,24,OK
INV000093,2023-01-31,STR01,PRD054,128,63901.44,30,OK
INV000094,2023-01-31,STR01,PRD079,112,7591.36,15,OK
INV000095,2023-01-31,STR01,PRD030,79,35158.95,19,OK
INV000096,2023-01-31,STR01,PRD141,63,12691.98,21,OK
INV000097,2023-01-31,STR01,PRD065,55,12295.25,21,OK
INV000098,2023-01-31,STR01,PRD077,107,28946.71,7,OK
INV000099,2023-01-31,STR01,PRD090,15,8027.4,16,OK
INV000100,2023-01-31,STR01,PRD108,43,11508.52,25,OK
INV000101,2023-01-31,STR01,PRD087,104,8316.88,19,OK
INV000102,2023-01-31,STR01,PRD046,137,74136.18,7,OK
INV000103,2023-01-31,STR01,PRD080,81,36614.43,27,OK
INV000104,2023-01-31,STR01,PRD020,16,7098.24,13,OK
INV000105,2023-01-31,STR01,PRD107,24,10929.36,20,OK
INV000106,2023-01-31,STR01,PRD063,113,48979.85,11,OK
INV000107,2023-01-31,STR01,PRD038,26,8116.42,12,OK
INV000108,2023-01-31,STR01,PRD047,54,14347.26,10,OK
INV000109,2023-01-31,STR01,PRD128,35,5686.8,13,OK
INV000110,2023-01-31,STR01,PRD011,49,11318.02,13,OK
INV000111,2023-01-31,STR01,PRD044,53,2776.14,10,OK
INV000112,2023-01-31,STR01,PRD067,60,8400.6,7,OK
INV000113,2023-01-31,STR01,PRD137,141,67894.32,7,OK
INV000114,2023-01-31,STR01,PRD010,139,59273.77,15,OK
INV000115,2023-01-31,STR01,PRD031,87,7546.38,27,OK
INV000116,2023-01-31,STR01,PRD058,114,5753.58,21,OK
INV000117,2023-01-31,STR01,PRD003,148,49781.28,26,OK
INV000118,2023-01-31,STR01,PRD001,90,37910.7,13,OK
INV000119,2023-01-31,STR01,PRD086,122,57405.88,13,OK
INV000120,2023-01-31,STR01,PRD006,133,57735.3,16,OK
INV000121,2023-01-31,STR14,PRD105,51,10628.91,21,OK
INV000122,2023-01-31,STR14,PRD032,110,57164.8,14,OK
INV000123,2023-01-31,STR14,PRD014,130,8145.8,13,OK
INV000124,2023-01-31,STR14,PRD047,58,15410.02,7,OK
INV000125,2023-01-31,STR14,PRD119,139,57386.15,13,OK
INV000126,2023-01-31,STR14,PRD106,23,7996.87,10,OK
INV000127,2023-01-31,STR14,PRD125,149,28798.72,14,OK
INV000128,2023-01-31,STR14,PRD055,99,15744.96,6,OK
INV000129,2023-01-31,STR14,PRD084,94,30321.58,9,OK
INV000130,2023-01-31,STR14,PRD114,41,11044.17,25,OK
INV000131,2023-01-31,STR14,PRD025,42,9675.96,15,OK
INV000132,2023-01-31,STR14,PRD077,69,18666.57,10,OK
INV000133,2023-01-31,STR14,PRD065,65,14530.75,15,OK
INV000134,2023-01-31,STR14,PRD126,130,47255.0,16,OK
INV000135,2023-01-31,STR14,PRD086,104,48936.16,25,OK
INV000136,2023-01-31,STR14,PRD132,150,34746.0,21,OK
INV000137,2023-01-31,STR14,PRD148,121,39006.77,17,OK
INV000138,2023-01-31,STR14,PRD134,67,25080.11,23,OK
INV000139,2023-01-31,STR14,PRD081,22,7976.98,29,OK
INV000140,2023-01-31,STR14,PRD121,21,4178.79,13,OK
INV000141,2023-01-31,STR14,PRD010,133,56715.19,23,OK
INV000142,2023-01-31,STR14,PRD063,41,17771.45,20,OK
INV000143,2023-01-31,STR14,PRD019,137,43460.51,9,OK
INV000144,2023-01-31,STR14,PRD135,14,4370.94,20,OK
INV000145,2023-01-31,STR14,PRD030,78,34713.9,29,OK
INV000146,2023-01-31,STR14,PRD144,123,19434.0,15,OK
INV000147,2023-01-31,STR14,PRD095,115,22784.95,21,OK
INV000148,2023-01-31,STR14,PRD129,116,53273.0,22,OK
INV000149,2023-01-31,STR14,PRD078,13,5296.85,8,OK
INV000150,2023-01-31,STR14,PRD082,35,16902.9,12,OK
INV000151,2023-01-31,STR15,PRD095,136,26945.68,30,OK
INV000152,2023-01-31,STR15,PRD080,127,57407.81,5,OK
INV000153,2023-01-31,STR15,PRD018,145,78310.15,9,OK
INV000154,2023-01-31,STR15,PRD019,25,7930.75,16,OK
INV000155,2023-01-31,STR15,PRD070,122,53904.48,18,OK
INV000156,2023-01-31,STR15,PRD083,147,78236.34,11,OK
INV000157,2023-01-31,STR15,PRD111,31,6790.55,26,OK
INV000158,2023-01-31,STR15,PRD046,47,25433.58,11,OK
INV000159,2023-01-31,STR15,PRD049,63,2685.69,13,OK
INV000160,2023-01-31,STR15,PRD055,80,12723.2,6,OK
INV000161,2023-01-31,STR15,PRD041,27,3678.21,30,OK
INV000162,2023-01-31,STR15,PRD102,82,36121.82,19,OK
INV000163,2023-01-31,STR15,PRD108,73,19537.72,20,OK
INV000164,2023-01-31,STR15,PRD098,108,29439.72,29,OK
INV000165,2023-01-31,STR15,PRD145,12,5678.4,27,OK
INV000166,2023-01-31,STR15,PRD090,46,24617.36,7,OK
INV000167,2023-01-31,STR15,PRD113,127,21478.24,21,OK
INV000168,2023-01-31,STR15,PRD003,10,3363.6,29,OK
INV000169,2023-01-31,STR15,PRD149,81,25801.74,15,OK
INV000170,2023-01-31,STR15,PRD093,145,3627.9,29,OK
INV000171,2023-01-31,STR15,PRD130,55,1728.65,18,OK
INV000172,2023-01-31,STR15,PRD119,11,4541.35,6,OK
INV000173,2023-01-31,STR15,PRD125,135,26092.8,5,OK
INV000174,2023-01-31,STR15,PRD142,7,1918.0,20,Low
INV000175,2023-01-31,STR15,PRD115,93,30996.9,10,OK
INV000176,2023-01-31,STR15,PRD134,132,49411.56,24,OK
INV000177,2023-01-31,STR15,PRD053,14,775.32,23,OK
INV000178,2023-01-31,STR15,PRD120,40,1675.2,12,OK
INV000179,2023-01-31,STR15,PRD029,21,5365.71,7,OK
INV000180,2023-01-31,STR15,PRD025,77,17739.26,18,OK
INV000181,2023-01-31,STR04,PRD135,54,16859.34,6,OK
INV000182,2023-01-31,STR04,PRD132,13,3011.32,27,OK
INV000183,2023-01-31,STR04,PRD064,148,25703.16,26,OK
INV000184,2023-01-31,STR04,PRD083,35,18627.7,10,OK
INV000185,2023-01-31,STR04,PRD125,99,19134.72,23,OK
INV000186,2023-01-31,STR04,PRD053,49,2713.62,29,OK
INV000187,2023-01-31,STR04,PRD008,9,2041.65,19,Low
INV000188,2023-01-31,STR04,PRD146,144,62341.92,20,OK
INV000189,2023-01-31,STR04,PRD046,111,60066.54,5,OK
INV000190,2023-01-31,STR04,PRD121,102,20296.98,18,OK
INV000191,2023-01-31,STR04,PRD026,116,49304.64,22,OK
INV000192,2023-01-31,STR04,PRD091,52,7413.64,6,OK
INV000193,2023-01-31,STR04,PRD003,57,19172.52,9,OK
INV000194,2023-01-31,STR04,PRD056,17,8652.32,23,OK
INV000195,2023-01-31,STR04,PRD058,12,605.64,28,OK
INV000196,2023-01-31,STR04,PRD011,35,8084.3,9,OK
INV000197,2023-01-31,STR04,PRD139,20,3272.0,12,OK
INV000198,2023-01-31,STR04,PRD094,146,38690.0,23,OK
INV000199,2023-01-31,STR04,PRD075,104,28506.4,17,OK
INV000200,2023-01-31,STR04,PRD043,96,7543.68,10,OK
INV000201,2023-01-31,STR04,PRD005,62,27542.26,29,OK
INV000202,2023-01-31,STR04,PRD034,123,46719.09,19,OK
INV000203,2023-01-31,STR04,PRD112,21,7094.64,5,OK
INV000204,2023-01-31,STR04,PRD079,135,9150.3,16,OK
INV000205,2023-01-31,STR04,PRD078,121,49301.45,5,OK
INV000206,2023-01-31,STR04,PRD059,100,46486.0,17,OK
INV000207,2023-01-31,STR04,PRD023,14,1342.46,26,OK
INV000208,2023-01-31,STR04,PRD049,58,2472.54,11,OK
INV000209,2023-01-31,STR04,PRD022,125,19360.0,18,OK
INV000210,2023-01-31,STR04,PRD036,26,11524.5,9,OK
INV000211,2023-01-31,STR02,PRD061,45,23261.85,5,OK
INV000212,2023-01-31,STR02,PRD093,9,225.18,8,Low
INV000213,2023-01-31,STR02,PRD015,18,9391.14,29,OK
INV000214,2023-01-31,STR02,PRD033,80,9243.2,24,OK
INV000215,2023-01-31,STR02,PRD017,114,5320.38,30,OK
INV000216,2023-01-31,STR02,PRD115,67,22331.1,11,OK
INV000217,2023-01-31,STR02,PRD116,126,45580.5,29,OK
INV000218,2023-01-31,STR02,PRD103,135,67992.75,18,OK
INV000219,2023-01-31,STR02,PRD011,20,4619.6,29,OK
INV000220,2023-01-31,STR02,PRD032,98,50928.64,28,OK
INV000221,2023-01-31,STR02,PRD106,125,43461.25,5,OK
INV000222,2023-01-31,STR02,PRD070,34,15022.56,7,OK
INV000223,2023-01-31,STR02,PRD134,74,27700.42,24,OK
INV000224,2023-01-31,STR02,PRD129,148,67969.0,27,OK
INV000225,2023-01-31,STR02,PRD085,126,15596.28,21,OK
INV000226,2023-01-31,STR02,PRD081,73,26469.07,16,OK
INV000227,2023-01-31,STR02,PRD012,31,1895.96,22,OK
INV000228,2023-01-31,STR02,PRD067,122,17081.22,25,OK
INV000229,2023-01-31,STR02,PRD150,107,37959.32,9,OK
INV000230,2023-01-31,STR02,PRD091,69,9837.33,26,OK
INV000231,2023-01-31,STR02,PRD086,99,46583.46,26,OK
INV000232,2023-01-31,STR02,PRD098,67,18263.53,8,OK
INV000233,2023-01-31,STR02,PRD094,59,15635.0,6,OK
INV000234,2023-01-31,STR02,PRD079,140,9489.2,23,OK
INV000235,2023-01-31,STR02,PRD126,57,20719.5,20,OK
INV000236,2023-01-31,STR02,PRD004,50,13913.0,7,OK
INV000237,2023-01-31,STR02,PRD020,114,50574.96,21,OK
INV000238,2023-01-31,STR02,PRD025,96,22116.48,27,OK
INV000239,2023-01-31,STR02,PRD014,41,2569.06,30,OK
INV000240,2023-01-31,STR02,PRD125,84,16235.52,9,OK
INV000241,2023-01-31,STR11,PRD145,84,39748.8,25,OK
INV000242,2023-01-31,STR11,PRD060,137,37984.62,20,OK
INV000243,2023-01-31,STR11,PRD123,60,4969.8,22,OK
INV000244,2023-01-31,STR11,PRD099,44,4644.64,11,OK
INV000245,2023-01-31,STR11,PRD110,41,5519.42,5,OK
INV000246,2023-01-31,STR11,PRD119,124,51193.4,22,OK
INV000247,2023-01-31,STR11,PRD075,149,40840.9,17,OK
INV000248,2023-01-31,STR11,PRD141,33,6648.18,5,OK
INV000249,2023-01-31,STR11,PRD081,101,36621.59,6,OK
INV000250,2023-01-31,STR11,PRD122,117,11625.12,25,OK
INV000251,2023-01-31,STR11,PRD048,135,13576.95,19,OK
INV000252,2023-01-31,STR11,PRD097,135,31006.8,10,OK
INV000253,2023-01-31,STR11,PRD023,119,11410.91,5,OK
INV000254,2023-01-31,STR11,PRD005,101,44867.23,5,OK
INV000255,2023-01-31,STR11,PRD001,1,421.23,6,Low
INV000256,2023-01-31,STR11,PRD006,70,30387.0,30,OK
INV000257,2023-01-31,STR11,PRD091,35,4989.95,24,OK
INV000258,2023-01-31,STR11,PRD025,47,10827.86,6,OK
INV000259,2023-01-31,STR11,PRD036,140,62055.0,5,OK
INV000260,2023-01-31,STR11,PRD028,36,2833.2,19,OK
INV000261,2023-01-31,STR11,PRD131,47,8572.33,18,OK
INV000262,2023-01-31,STR11,PRD087,4,319.88,27,Low
INV000263,2023-01-31,STR11,PRD116,117,42324.75,13,OK
INV000264,2023-01-31,STR11,PRD015,45,23477.85,14,OK
INV000265,2023-01-31,STR11,PRD144,77,12166.0,10,OK
INV000266,2023-01-31,STR11,PRD138,41,16300.37,8,OK
INV000267,2023-01-31,STR11,PRD022,123,19050.24,15,OK
INV000268,2023-01-31,STR11,PRD126,146,53071.0,17,OK
INV000269,2023-01-31,STR11,PRD041,62,8446.26,8,OK
INV000270,2023-01-31,STR11,PRD017,39,1820.13,10,OK
INV000271,2023-01-31,STR03,PRD060,112,31053.12,29,OK
INV000272,2023-01-31,STR03,PRD123,1,82.83,13,Low
INV000273,2023-01-31,STR03,PRD050,115,16779.65,17,OK
INV000274,2023-01-31,STR03,PRD121,57,11342.43,8,OK
INV000275,2023-01-31,STR03,PRD041,88,11988.24,10,OK
INV000276,2023-01-31,STR03,PRD137,131,63079.12,22,OK
INV000277,2023-01-31,STR03,PRD101,127,15206.98,24,OK
INV000278,2023-01-31,STR03,PRD064,146,25355.82,17,OK
INV000279,2023-01-31,STR03,PRD124,85,44982.0,16,OK
INV000280,2023-01-31,STR03,PRD067,48,6720.48,13,OK
INV000281,2023-01-31,STR03,PRD009,14,7369.18,22,OK
INV000282,2023-01-31,STR03,PRD022,78,12080.64,18,OK
INV000283,2023-01-31,STR03,PRD129,147,67509.75,5,OK
INV000284,2023-01-31,STR03,PRD034,143,54315.69,5,OK
INV000285,2023-01-31,STR03,PRD024,37,1369.74,26,OK
INV000286,2023-01-31,STR03,PRD008,49,11115.65,30,OK
INV000287,2023-01-31,STR03,PRD063,62,26873.9,8,OK
INV000288,2023-01-31,STR03,PRD013,73,20658.27,13,OK
INV000289,2023-01-31,STR03,PRD056,89,45297.44,26,OK
INV000290,2023-01-31,STR03,PRD106,42,14602.98,22,OK
INV000291,2023-01-31,STR03,PRD011,128,29565.44,8,OK
INV000292,2023-01-31,STR03,PRD058,79,3987.13,29,OK
INV000293,2023-01-31,STR03,PRD003,140,47090.4,12,OK
INV000294,2023-01-31,STR03,PRD087,94,7517.18,26,OK
INV000295,2023-01-31,STR03,PRD141,98,19743.08,12,OK
INV000296,2023-01-31,STR03,PRD107,18,8197.02,15,OK
INV000297,2023-01-31,STR03,PRD145,125,59150.0,28,OK
INV000298,2023-01-31,STR03,PRD079,61,4134.58,15,OK
INV000299,2023-01-31,STR03,PRD014,56,3508.96,14,OK
INV000300,2023-01-31,STR03,PRD045,136,45520.56,12,OK
INV000301,2023-01-31,STR05,PRD121,33,6566.67,9,OK
INV000302,2023-01-31,STR05,PRD012,0,0.0,18,Out of Stock
INV000303,2023-01-31,STR05,PRD131,80,14591.2,8,OK
INV000304,2023-01-31,STR05,PRD049,123,5243.49,24,OK
INV000305,2023-01-31,STR05,PRD033,58,6701.32,14,OK
INV000306,2023-01-31,STR05,PRD111,10,2190.5,13,OK
INV000307,2023-01-31,STR05,PRD051,100,31652.0,19,OK
INV000308,2023-01-31,STR05,PRD125,128,24739.84,9,OK
INV000309,2023-01-31,STR05,PRD079,80,5422.4,14,OK
INV000310,2023-01-31,STR05,PRD080,92,41586.76,7,OK
INV000311,2023-01-31,STR05,PRD055,135,21470.4,12,OK
INV000312,2023-01-31,STR05,PRD052,30,12603.0,25,OK
INV000313,2023-01-31,STR05,PRD139,79,12924.4,26,OK
INV000314,2023-01-31,STR05,PRD090,74,39601.84,11,OK
INV000315,2023-01-31,STR05,PRD098,74,20171.66,28,OK
INV000316,2023-01-31,STR05,PRD007,135,68324.85,6,OK
INV000317,2023-01-31,STR05,PRD068,135,10633.95,21,OK
INV000318,2023-01-31,STR05,PRD058,34,1715.98,26,OK
INV000319,2023-01-31,STR05,PRD113,126,21309.12,24,OK
INV000320,2023-01-31,STR05,PRD024,86,3183.72,14,OK
INV000321,2023-01-31,STR05,PRD023,109,10452.01,5,OK
INV000322,2023-01-31,STR05,PRD006,98,42541.8,14,OK
INV000323,2023-01-31,STR05,PRD122,114,11327.04,11,OK
INV000324,2023-01-31,STR05,PRD034,122,46339.26,15,OK
INV000325,2023-01-31,STR05,PRD011,82,18940.36,19,OK
INV000326,2023-01-31,STR05,PRD101,10,1197.4,14,OK
INV000327,2023-01-31,STR05,PRD064,15,2605.05,7,OK
INV000328,2023-01-31,STR05,PRD046,147,79547.58,28,OK
INV000329,2023-01-31,STR05,PRD129,22,10103.5,5,OK
INV000330,2023-01-31,STR05,PRD091,33,4704.81,14,OK
INV000331,2023-01-31,STR07,PRD096,126,65688.84,21,OK
INV000332,2023-01-31,STR07,PRD131,137,24987.43,14,OK
INV000333,2023-01-31,STR07,PRD015,15,7825.95,23,OK
INV000334,2023-01-31,STR07,PRD010,95,40510.85,13,OK
INV000335,2023-01-31,STR07,PRD022,138,21373.44,12,OK
INV000336,2023-01-31,STR07,PRD119,62,25596.7,18,OK
INV000337,2023-01-31,STR07,PRD104,130,65250.9,24,OK
INV000338,2023-01-31,STR07,PRD007,78,39476.58,26,OK
INV000339,2023-01-31,STR07,PRD076,11,5738.7,7,OK
INV000340,2023-01-31,STR07,PRD013,14,3961.86,28,OK
INV000341,2023-01-31,STR07,PRD033,119,13749.26,21,OK
INV000342,2023-01-31,STR07,PRD098,93,25350.87,29,OK
INV000343,2023-01-31,STR07,PRD048,148,14884.36,18,OK
INV000344,2023-01-31,STR07,PRD114,44,11852.28,28,OK
INV000345,2023-01-31,STR07,PRD062,69,28468.71,27,OK
INV000346,2023-01-31,STR07,PRD001,122,51390.06,19,OK
INV000347,2023-01-31,STR07,PRD002,100,45995.0,5,OK
INV000348,2023-01-31,STR07,PRD004,57,15860.82,15,OK
INV000349,2023-01-31,STR07,PRD137,41,19742.32,14,OK
INV000350,2023-01-31,STR07,PRD105,105,21883.05,18,OK
INV000351,2023-01-31,STR07,PRD107,50,22769.5,25,OK
INV000352,2023-01-31,STR07,PRD117,19,5544.58,10,OK
INV000353,2023-01-31,STR07,PRD087,123,9836.31,21,OK
INV000354,2023-01-31,STR07,PRD006,148,64246.8,28,OK
INV000355,2023-01-31,STR07,PRD088,105,39637.5,5,OK
INV000356,2023-01-31,STR07,PRD050,52,7587.32,6,OK
INV000357,2023-01-31,STR07,PRD051,52,16459.04,6,OK
INV000358,2023-01-31,STR07,PRD005,131,58194.13,16,OK
INV000359,2023-01-31,STR07,PRD070,77,34021.68,13,OK
INV000360,2023-01-31,STR07,PRD147,8,586.72,20,Low
INV000361,2023-02-28,STR19,PRD069,66,22768.68,13,OK
INV000362,2023-02-28,STR19,PRD028,117,9207.9,14,OK
INV000363,2023-02-28,STR19,PRD026,3,1275.12,30,Low
INV000364,2023-02-28,STR19,PRD135,148,46207.08,18,OK
INV000365,2023-02-28,STR19,PRD062,72,29706.48,19,OK
INV000366,2023-02-28,STR19,PRD005,109,48421.07,6,OK
INV000367,2023-02-28,STR19,PRD045,88,29454.48,8,OK
INV000368,2023-02-28,STR19,PRD089,71,35256.47,5,OK
INV000369,2023-02-28,STR19,PRD120,112,4690.56,7,OK
INV000370,2023-02-28,STR19,PRD097,21,4823.28,26,OK
INV000371,2023-02-28,STR19,PRD043,142,11158.36,20,OK
INV000372,2023-02-28,STR19,PRD039,18,5816.88,5,OK
INV000373,2023-02-28,STR19,PRD084,87,28063.59,19,OK
INV000374,2023-02-28,STR19,PRD126,39,14176.5,19,OK
INV000375,2023-02-28,STR19,PRD011,56,12934.88,18,OK
INV000376,2023-02-28,STR19,PRD078,106,43189.7,15,OK
INV000377,2023-02-28,STR19,PRD145,59,27918.8,29,OK
INV000378,2023-02-28,STR19,PRD004,100,27826.0,17,OK
INV000379,2023-02-28,STR19,PRD121,37,7362.63,12,OK
INV000380,2023-02-28,STR19,PRD060,90,24953.4,14,OK
INV000381,2023-02-28,STR19,PRD036,29,12854.25,10,OK
INV000382,2023-02-28,STR19,PRD117,87,25388.34,18,OK
INV000383,2023-02-28,STR19,PRD061,91,47040.63,28,OK
INV000384,2023-02-28,STR19,PRD118,81,30251.07,10,OK
INV000385,2023-02-28,STR19,PRD129,84,38577.0,13,OK
INV000386,2023-02-28,STR19,PRD098,77,20989.43,10,OK
INV000387,2023-02-28,STR19,PRD008,95,21550.75,9,OK
INV000388,2023-02-28,STR19,PRD092,116,15410.6,5,OK
INV000389,2023-02-28,STR19,PRD040,75,26075.25,16,OK
INV000390,2023-02-28,STR19,PRD094,41,10865.0,18,OK
INV000391,2023-02-28,STR08,PRD031,15,1301.1,6,OK
INV000392,2023-02-28,STR08,PRD045,10,3347.1,26,OK
INV000393,2023-02-28,STR08,PRD122,64,6359.04,24,OK
INV000394,2023-02-28,STR08,PRD135,6,1873.26,27,Low
INV000395,2023-02-28,STR08,PRD033,47,5430.38,29,OK
INV000396,2023-02-28,STR08,PRD046,74,40044.36,26,OK
INV000397,2023-02-28,STR08,PRD063,51,22105.95,23,OK
INV000398,2023-02-28,STR08,PRD097,12,2756.16,8,OK
INV000399,2023-02-28,STR08,PRD101,41,4909.34,20,OK
INV000400,2023-02-28,STR08,PRD009,116,61058.92,27,OK
INV000401,2023-02-28,STR08,PRD143,145,26449.45,8,OK
INV000402,2023-02-28,STR08,PRD109,73,32710.57,19,OK
INV000403,2023-02-28,STR08,PRD145,79,37382.8,6,OK
INV000404,2023-02-28,STR08,PRD108,125,33455.0,30,OK
INV000405,2023-02-28,STR08,PRD100,66,28205.1,14,OK
INV000406,2023-02-28,STR08,PRD052,82,34448.2,29,OK
INV000407,2023-02-28,STR08,PRD115,51,16998.3,12,OK
INV000408,2023-02-28,STR08,PRD111,141,30886.05,16,OK
INV000409,2023-02-28,STR08,PRD134,7,2620.31,18,Low
INV000410,2023-02-28,STR08,PRD092,92,12222.2,25,OK
INV000411,2023-02-28,STR08,PRD077,33,8927.49,11,OK
INV000412,2023-02-28,STR08,PRD037,5,989.0,20,Low
INV000413,2023-02-28,STR08,PRD129,150,68887.5,9,OK
INV000414,2023-02-28,STR08,PRD043,125,9822.5,11,OK
INV000415,2023-02-28,STR08,PRD120,15,628.2,21,OK
INV000416,2023-02-28,STR08,PRD019,87,27599.01,12,OK
INV000417,2023-02-28,STR08,PRD103,123,61948.95,11,OK
INV000418,2023-02-28,STR08,PRD125,132,25512.96,25,OK
INV000419,2023-02-28,STR08,PRD038,58,18105.86,5,OK
INV000420,2023-02-28,STR08,PRD032,91,47290.88,24,OK
INV000421,2023-02-28,STR09,PRD131,5,911.95,22,Low
INV000422,2023-02-28,STR09,PRD150,68,24123.68,27,OK
INV000423,2023-02-28,STR09,PRD022,148,22922.24,21,OK
INV000424,2023-02-28,STR09,PRD085,16,1980.48,9,OK
INV000425,2023-02-28,STR09,PRD056,108,54967.68,17,OK
INV000426,2023-02-28,STR09,PRD088,9,3397.5,21,Low
INV000427,2023-02-28,STR09,PRD133,64,25980.8,15,OK
INV000428,2023-02-28,STR09,PRD030,67,29818.35,7,OK
INV000429,2023-02-28,STR09,PRD007,85,43019.35,17,OK
INV000430,2023-02-28,STR09,PRD135,38,11863.98,14,OK
INV000431,2023-02-28,STR09,PRD109,76,34054.84,17,OK
INV000432,2023-02-28,STR09,PRD013,85,24054.15,9,OK
INV000433,2023-02-28,STR09,PRD043,123,9665.34,8,OK
INV000434,2023-02-28,STR09,PRD072,105,42643.65,19,OK
INV000435,2023-02-28,STR09,PRD103,113,56912.45,12,OK
INV000436,2023-02-28,STR09,PRD120,44,1842.72,13,OK
INV000437,2023-02-28,STR09,PRD001,57,24010.11,9,OK
INV000438,2023-02-28,STR09,PRD019,84,26647.32,9,OK
INV000439,2023-02-28,STR09,PRD084,94,30321.58,22,OK
INV000440,2023-02-28,STR09,PRD148,128,41263.36,13,OK
INV000441,2023-02-28,STR09,PRD130,62,1948.66,26,OK
INV000442,2023-02-28,STR09,PRD089,43,21352.51,18,OK
INV000443,2023-02-28,STR09,PRD126,121,43983.5,28,OK
INV000444,2023-02-28,STR09,PRD100,12,5128.2,22,OK
INV000445,2023-02-28,STR09,PRD002,20,9199.0,8,OK
INV000446,2023-02-28,STR09,PRD074,51,13912.8,18,OK
INV000447,2023-02-28,STR09,PRD036,136,60282.0,12,OK
INV000448,2023-02-28,STR09,PRD042,122,41569.06,25,OK
INV000449,2023-02-28,STR09,PRD029,125,31938.75,13,OK
INV000450,2023-02-28,STR09,PRD065,119,26602.45,18,OK
INV000451,2023-02-28,STR02,PRD003,135,45408.6,27,OK
INV000452,2023-02-28,STR02,PRD103,114,57416.1,12,OK
INV000453,2023-02-28,STR02,PRD094,76,20140.0,7,OK
INV000454,2023-02-28,STR02,PRD056,130,66164.8,17,OK
INV000455,2023-02-28,STR02,PRD044,16,838.08,21,OK
INV000456,2023-02-28,STR02,PRD088,101,38127.5,18,OK
INV000457,2023-02-28,STR02,PRD148,42,13539.54,27,OK
INV000458,2023-02-28,STR02,PRD077,68,18396.04,21,OK
INV000459,2023-02-28,STR02,PRD111,36,7885.8,9,OK
INV000460,2023-02-28,STR02,PRD028,102,8027.4,13,OK
INV000461,2023-02-28,STR02,PRD008,142,32212.7,20,OK
INV000462,2023-02-28,STR02,PRD113,80,13529.6,11,OK
INV000463,2023-02-28,STR02,PRD040,28,9734.76,18,OK
INV000464,2023-02-28,STR02,PRD045,46,15396.66,18,OK
INV000465,2023-02-28,STR02,PRD038,65,20291.05,20,OK
INV000466,2023-02-28,STR02,PRD132,38,8802.32,23,OK
INV000467,2023-02-28,STR02,PRD043,33,2593.14,14,OK
INV000468,2023-02-28,STR02,PRD071,117,20975.76,6,OK
INV000469,2023-02-28,STR02,PRD029,88,22484.88,18,OK
INV000470,2023-02-28,STR02,PRD147,140,10267.6,28,OK
INV000471,2023-02-28,STR02,PRD058,132,6662.04,15,OK
INV000472,2023-02-28,STR02,PRD015,50,26086.5,15,OK
INV000473,2023-02-28,STR02,PRD134,79,29572.07,13,OK
INV000474,2023-02-28,STR02,PRD002,110,50594.5,8,OK
INV000475,2023-02-28,STR02,PRD086,110,51759.4,29,OK
INV000476,2023-02-28,STR02,PRD019,78,24743.94,27,OK
INV000477,2023-02-28,STR02,PRD062,114,47035.26,16,OK
INV000478,2023-02-28,STR02,PRD131,23,4194.97,27,OK
INV000479,2023-02-28,STR02,PRD020,48,21294.72,15,OK
INV000480,2023-02-28,STR02,PRD061,59,30498.87,23,OK
INV000481,2023-02-28,STR04,PRD042,95,32369.35,25,OK
INV000482,2023-02-28,STR04,PRD101,49,5867.26,15,OK
INV000483,2023-02-28,STR04,PRD117,62,18092.84,6,OK
INV000484,2023-02-28,STR04,PRD008,120,27222.0,11,OK
INV000485,2023-02-28,STR04,PRD100,120,51282.0,24,OK
INV000486,2023-02-28,STR04,PRD060,53,14694.78,30,OK
INV000487,2023-02-28,STR04,PRD041,129,17573.67,27,OK
INV000488,2023-02-28,STR04,PRD127,10,4578.8,25,OK
INV000489,2023-02-28,STR04,PRD031,85,7372.9,23,OK
INV000490,2023-02-28,STR04,PRD086,85,39995.9,22,OK
INV000491,2023-02-28,STR04,PRD097,4,918.72,27,Low
INV000492,2023-02-28,STR04,PRD116,148,53539.0,5,OK
INV000493,2023-02-28,STR04,PRD108,51,13649.64,12,OK
INV000494,2023-02-28,STR04,PRD098,55,14992.45,27,OK
INV000495,2023-02-28,STR04,PRD082,35,16902.9,21,OK
INV000496,2023-02-28,STR04,PRD025,140,32253.2,27,OK
INV000497,2023-02-28,STR04,PRD088,20,7550.0,14,OK
INV000498,2023-02-28,STR04,PRD102,141,62111.91,23,OK
INV000499,2023-02-28,STR04,PRD138,143,56852.51,20,OK
INV000500,2023-02-28,STR04,PRD017,71,3313.57,30,OK
INV000501,2023-02-28,STR04,PRD010,44,18762.92,26,OK
INV000502,2023-02-28,STR04,PRD064,150,26050.5,13,OK
INV000503,2023-02-28,STR04,PRD096,77,40143.18,24,OK
INV000504,2023-02-28,STR04,PRD054,144,71889.12,15,OK
INV000505,2023-02-28,STR04,PRD027,79,17490.6,13,OK
INV000506,2023-02-28,STR04,PRD072,101,41019.13,19,OK
INV000507,2023-02-28,STR04,PRD009,134,70533.58,14,OK
INV000508,2023-02-28,STR04,PRD013,91,25752.09,26,OK
INV000509,2023-02-28,STR04,PRD129,107,49139.75,9,OK
INV000510,2023-02-28,STR04,PRD106,141,49024.29,29,OK
INV000511,2023-02-28,STR14,PRD063,145,62850.25,29,OK
INV000512,2023-02-28,STR14,PRD085,31,3837.18,22,OK
INV000513,2023-02-28,STR14,PRD148,53,17085.61,23,OK
INV000514,2023-02-28,STR14,PRD030,135,60081.75,15,OK
INV000515,2023-02-28,STR14,PRD128,44,7149.12,6,OK
INV000516,2023-02-28,STR14,PRD136,52,16208.92,27,OK
INV000517,2023-02-28,STR14,PRD042,147,50087.31,9,OK
INV000518,2023-02-28,STR14,PRD095,75,14859.75,27,OK
INV000519,2023-02-28,STR14,PRD018,120,64808.4,13,OK
INV000520,2023-02-28,STR14,PRD009,46,24213.02,28,OK
INV000521,2023-02-28,STR14,PRD125,131,25319.68,16,OK
INV000522,2023-02-28,STR14,PRD017,116,5413.72,16,OK
INV000523,2023-02-28,STR14,PRD010,42,17910.06,6,OK
INV000524,2023-02-28,STR14,PRD131,0,0.0,26,Out of Stock
INV000525,2023-02-28,STR14,PRD041,49,6675.27,26,OK
INV000526,2023-02-28,STR14,PRD106,3,1043.07,25,Low
INV000527,2023-02-28,STR14,PRD029,113,28872.63,28,OK
INV000528,2023-02-28,STR14,PRD054,33,16474.59,21,OK
INV000529,2023-02-28,STR14,PRD118,148,55273.56,21,OK
INV000530,2023-02-28,STR14,PRD039,145,46858.2,8,OK
INV000531,2023-02-28,STR14,PRD081,91,32995.69,26,OK
INV000532,2023-02-28,STR14,PRD124,70,37044.0,27,OK
INV000533,2023-02-28,STR14,PRD002,45,20697.75,27,OK
INV000534,2023-02-28,STR14,PRD053,1,55.38,24,Low
INV000535,2023-02-28,STR14,PRD141,106,21354.76,21,OK
INV000536,2023-02-28,STR14,PRD147,103,7554.02,8,OK
INV000537,2023-02-28,STR14,PRD023,67,6424.63,15,OK
INV000538,2023-02-28,STR14,PRD065,58,12965.9,27,OK
INV000539,2023-02-28,STR14,PRD140,61,23266.01,17,OK
INV000540,2023-02-28,STR14,PRD050,126,18384.66,11,OK
INV000541,2023-02-28,STR05,PRD098,78,21262.02,25,OK
INV000542,2023-02-28,STR05,PRD028,146,11490.2,26,OK
INV000543,2023-02-28,STR05,PRD002,13,5979.35,21,OK
INV000544,2023-02-28,STR05,PRD108,68,18199.52,5,OK
INV000545,2023-02-28,STR05,PRD044,86,4504.68,27,OK
INV000546,2023-02-28,STR05,PRD032,30,15590.4,9,OK
INV000547,2023-02-28,STR05,PRD019,44,13958.12,7,OK
INV000548,2023-02-28,STR05,PRD014,66,4135.56,30,OK
INV000549,2023-02-28,STR05,PRD109,147,65869.23,5,OK
INV000550,2023-02-28,STR05,PRD003,110,36999.6,30,OK
INV000551,2023-02-28,STR05,PRD072,64,25992.32,11,OK
INV000552,2023-02-28,STR05,PRD040,102,35462.34,21,OK
INV000553,2023-02-28,STR05,PRD073,20,8950.4,6,OK
INV000554,2023-02-28,STR05,PRD069,76,26218.48,16,OK
INV000555,2023-02-28,STR05,PRD143,45,8208.45,14,OK
INV000556,2023-02-28,STR05,PRD071,45,8067.6,19,OK
INV000557,2023-02-28,STR05,PRD027,112,24796.8,9,OK
INV000558,2023-02-28,STR05,PRD074,35,9548.0,26,OK
INV000559,2023-02-28,STR05,PRD093,6,150.12,30,Low
INV000560,2023-02-28,STR05,PRD034,62,23549.46,24,OK
INV000561,2023-02-28,STR05,PRD079,61,4134.58,5,OK
INV000562,2023-02-28,STR05,PRD114,104,28014.48,29,OK
INV000563,2023-02-28,STR05,PRD005,64,28430.72,14,OK
INV000564,2023-02-28,STR05,PRD025,39,8984.82,25,OK
INV000565,2023-02-28,STR05,PRD047,129,34274.01,24,OK
INV000566,2023-02-28,STR05,PRD139,49,8016.4,23,OK
INV000567,2023-02-28,STR05,PRD075,110,30151.0,20,OK
INV000568,2023-02-28,STR05,PRD127,54,24725.52,8,OK
INV000569,2023-02-28,STR05,PRD064,23,3994.41,11,OK
INV000570,2023-02-28,STR05,PRD022,111,17191.68,21,OK
INV000571,2023-02-28,STR01,PRD117,18,5252.76,12,OK
INV000572,2023-02-28,STR01,PRD055,134,21311.36,9,OK
INV000573,2023-02-28,STR01,PRD033,54,6239.16,9,OK
INV000574,2023-02-28,STR01,PRD123,31,2567.73,23,OK
INV000575,2023-02-28,STR01,PRD102,115,50658.65,16,OK
INV000576,2023-02-28,STR01,PRD064,27,4689.09,28,OK
INV000577,2023-02-28,STR01,PRD120,61,2554.68,16,OK
INV000578,2023-02-28,STR01,PRD040,85,29551.95,27,OK
INV000579,2023-02-28,STR01,PRD004,115,31999.9,14,OK
INV000580,2023-02-28,STR01,PRD080,45,20341.35,7,OK
INV000581,2023-02-28,STR01,PRD081,65,23568.35,19,OK
INV000582,2023-02-28,STR01,PRD027,16,3542.4,25,OK
INV000583,2023-02-28,STR01,PRD149,31,9874.74,17,OK
INV000584,2023-02-28,STR01,PRD046,18,9740.52,8,OK
INV000585,2023-02-28,STR01,PRD098,45,12266.55,30,OK
INV000586,2023-02-28,STR01,PRD143,60,10944.6,9,OK
INV000587,2023-02-28,STR01,PRD148,83,26756.71,15,OK
INV000588,2023-02-28,STR01,PRD037,63,12461.4,10,OK
INV000589,2023-02-28,STR01,PRD108,52,13917.28,24,OK
INV000590,2023-02-28,STR01,PRD136,91,28365.61,27,OK
INV000591,2023-02-28,STR01,PRD094,106,28090.0,21,OK
INV000592,2023-02-28,STR01,PRD073,59,26403.68,11,OK
INV000593,2023-02-28,STR01,PRD084,141,45482.37,14,OK
INV000594,2023-02-28,STR01,PRD070,65,28719.6,14,OK
INV000595,2023-02-28,STR01,PRD082,83,40084.02,22,OK
INV000596,2023-02-28,STR01,PRD056,127,64637.92,13,OK
INV000597,2023-02-28,STR01,PRD011,75,17323.5,27,OK
INV000598,2023-02-28,STR01,PRD132,65,15056.6,7,OK
INV000599,2023-02-28,STR01,PRD023,91,8725.99,26,OK
INV000600,2023-02-28,STR01,PRD126,128,46528.0,7,OK
INV000601,2023-02-28,STR15,PRD099,149,15728.44,24,OK
INV000602,2023-02-28,STR15,PRD062,129,53224.11,22,OK
INV000603,2023-02-28,STR15,PRD035,58,8894.88,11,OK
INV000604,2023-02-28,STR15,PRD006,146,63378.6,30,OK
INV000605,2023-02-28,STR15,PRD034,10,3798.3,19,OK
INV000606,2023-02-28,STR15,PRD032,99,51448.32,27,OK
INV000607,2023-02-28,STR15,PRD021,14,1070.72,18,OK
INV000608,2023-02-28,STR15,PRD094,80,21200.0,5,OK
INV000609,2023-02-28,STR15,PRD136,133,41457.43,27,OK
INV000610,2023-02-28,STR15,PRD073,62,27746.24,8,OK
INV000611,2023-02-28,STR15,PRD022,17,2632.96,29,OK
INV000612,2023-02-28,STR15,PRD080,74,33450.22,13,OK
INV000613,2023-02-28,STR15,PRD103,139,70007.35,23,OK
INV000614,2023-02-28,STR15,PRD130,110,3457.3,10,OK
INV000615,2023-02-28,STR15,PRD150,125,44345.0,13,OK
INV000616,2023-02-28,STR15,PRD012,13,795.08,14,OK
INV000617,2023-02-28,STR15,PRD038,23,7179.91,26,OK
INV000618,2023-02-28,STR15,PRD126,124,45074.0,8,OK
INV000619,2023-02-28,STR15,PRD053,59,3267.42,12,OK
INV000620,2023-02-28,STR15,PRD001,45,18955.35,5,OK
INV000621,2023-02-28,STR15,PRD050,114,16633.74,5,OK
INV000622,2023-02-28,STR15,PRD061,125,64616.25,20,OK
INV000623,2023-02-28,STR15,PRD096,63,32844.42,16,OK
INV000624,2023-02-28,STR15,PRD117,123,35893.86,27,OK
INV000625,2023-02-28,STR15,PRD010,32,13645.76,12,OK
INV000626,2023-02-28,STR15,PRD039,60,19389.6,8,OK
INV000627,2023-02-28,STR15,PRD087,99,7917.03,17,OK
INV000628,2023-02-28,STR15,PRD121,112,22286.88,17,OK
INV000629,2023-02-28,STR15,PRD060,20,5545.2,16,OK
INV000630,2023-02-28,STR15,PRD044,61,3195.18,11,OK
INV000631,2023-02-28,STR06,PRD098,60,16355.4,14,OK
INV000632,2023-02-28,STR06,PRD029,123,31427.73,26,OK
INV000633,2023-02-28,STR06,PRD027,128,28339.2,18,OK
INV000634,2023-02-28,STR06,PRD149,80,25483.2,12,OK
INV000635,2023-02-28,STR06,PRD058,128,6460.16,27,OK
INV000636,2023-02-28,STR06,PRD062,1,412.59,7,Low
INV000637,2023-02-28,STR06,PRD005,132,58638.36,18,OK
INV000638,2023-02-28,STR06,PRD148,137,44164.69,24,OK
INV000639,2023-02-28,STR06,PRD133,90,36535.5,24,OK
INV000640,2023-02-28,STR06,PRD135,51,15922.71,28,OK
INV000641,2023-02-28,STR06,PRD004,19,5286.94,12,OK
INV000642,2023-02-28,STR06,PRD050,51,7441.41,23,OK
INV000643,2023-02-28,STR06,PRD038,53,16545.01,20,OK
INV000644,2023-02-28,STR06,PRD141,42,8461.32,29,OK
INV000645,2023-02-28,STR06,PRD072,126,51172.38,30,OK
INV000646,2023-02-28,STR06,PRD142,60,16440.0,27,OK
INV000647,2023-02-28,STR06,PRD020,145,64327.8,15,OK
INV000648,2023-02-28,STR06,PRD018,137,73989.59,21,OK
INV000649,2023-02-28,STR06,PRD007,120,60733.2,17,OK
INV000650,2023-02-28,STR06,PRD118,24,8963.28,21,OK
INV000651,2023-02-28,STR06,PRD081,37,13415.83,16,OK
INV000652,2023-02-28,STR06,PRD085,3,371.34,19,Low
INV000653,2023-02-28,STR06,PRD008,67,15198.95,6,OK
INV000654,2023-02-28,STR06,PRD120,85,3559.8,11,OK
INV000655,2023-02-28,STR06,PRD134,8,2994.64,17,Low
INV000656,2023-02-28,STR06,PRD032,55,28582.4,19,OK
INV000657,2023-02-28,STR06,PRD052,15,6301.5,13,OK
INV000658,2023-02-28,STR06,PRD030,43,19137.15,8,OK
INV000659,2023-02-28,STR06,PRD060,42,11644.92,23,OK
INV000660,2023-02-28,STR06,PRD111,6,1314.3,5,Low
INV000661,2023-02-28,STR13,PRD074,22,6001.6,24,OK
INV000662,2023-02-28,STR13,PRD049,27,1151.01,5,OK
INV000663,2023-02-28,STR13,PRD100,143,61111.05,20,OK
INV000664,2023-02-28,STR13,PRD005,108,47976.84,7,OK
INV000665,2023-02-28,STR13,PRD088,96,36240.0,6,OK
INV000666,2023-02-28,STR13,PRD041,126,17164.98,24,OK
INV000667,2023-02-28,STR13,PRD040,18,6258.06,26,OK
INV000668,2023-02-28,STR13,PRD023,91,8725.99,14,OK
INV000669,2023-02-28,STR13,PRD128,61,9911.28,25,OK
INV000670,2023-02-28,STR13,PRD035,147,22543.92,27,OK
INV000671,2023-02-28,STR13,PRD030,142,63197.1,11,OK
INV000672,2023-02-28,STR13,PRD109,142,63628.78,18,OK
INV000673,2023-02-28,STR13,PRD050,4,583.64,16,Low
INV000674,2023-02-28,STR13,PRD117,88,25680.16,13,OK
INV000675,2023-02-28,STR13,PRD094,99,26235.0,5,OK
INV000676,2023-02-28,STR13,PRD028,6,472.2,8,Low
INV000677,2023-02-28,STR13,PRD060,19,5267.94,14,OK
INV000678,2023-02-28,STR13,PRD135,8,2497.68,7,Low
INV000679,2023-02-28,STR13,PRD002,26,11958.7,15,OK
INV000680,2023-02-28,STR13,PRD075,45,12334.5,16,OK
INV000681,2023-02-28,STR13,PRD019,91,28867.93,21,OK
INV000682,2023-02-28,STR13,PRD022,44,6814.72,16,OK
INV000683,2023-02-28,STR13,PRD018,131,70749.17,21,OK
INV000684,2023-02-28,STR13,PRD036,47,20832.75,20,OK
INV000685,2023-02-28,STR13,PRD004,74,20591.24,27,OK
INV000686,2023-02-28,STR13,PRD045,77,25772.67,12,OK
INV000687,2023-02-28,STR13,PRD103,91,45832.15,24,OK
INV000688,2023-02-28,STR13,PRD067,116,16241.16,18,OK
INV000689,2023-02-28,STR13,PRD070,76,33579.84,5,OK
INV000690,2023-02-28,STR13,PRD144,131,20698.0,16,OK
INV000691,2023-02-28,STR11,PRD106,71,24685.99,23,OK
INV000692,2023-02-28,STR11,PRD126,23,8360.5,23,OK
INV000693,2023-02-28,STR11,PRD078,135,55005.75,10,OK
INV000694,2023-02-28,STR11,PRD047,18,4782.42,21,OK
INV000695,2023-02-28,STR11,PRD022,60,9292.8,12,OK
INV000696,2023-02-28,STR11,PRD035,55,8434.8,16,OK
INV000697,2023-02-28,STR11,PRD095,31,6142.03,21,OK
INV000698,2023-02-28,STR11,PRD131,78,14226.42,26,OK
INV000699,2023-02-28,STR11,PRD010,52,22174.36,28,OK
INV000700,2023-02-28,STR11,PRD034,38,14433.54,8,OK
INV000701,2023-02-28,STR11,PRD037,143,28285.4,7,OK
INV000702,2023-02-28,STR11,PRD067,30,4200.3,9,OK
INV000703,2023-02-28,STR11,PRD149,109,34720.86,22,OK
INV000704,2023-02-28,STR11,PRD044,88,4609.44,13,OK
INV000705,2023-02-28,STR11,PRD038,101,31529.17,27,OK
INV000706,2023-02-28,STR11,PRD092,42,5579.7,11,OK
INV000707,2023-02-28,STR11,PRD060,27,7486.02,8,OK
INV000708,2023-02-28,STR11,PRD020,106,47025.84,11,OK
INV000709,2023-02-28,STR11,PRD113,31,5242.72,23,OK
INV000710,2023-02-28,STR11,PRD068,24,1890.48,6,OK
INV000711,2023-02-28,STR11,PRD137,133,64042.16,15,OK
INV000712,2023-02-28,STR11,PRD083,72,38319.84,17,OK
INV000713,2023-02-28,STR11,PRD084,28,9031.96,11,OK
INV000714,2023-02-28,STR11,PRD116,149,53900.75,30,OK
INV000715,2023-02-28,STR11,PRD150,50,17738.0,9,OK
INV000716,2023-02-28,STR11,PRD013,136,38486.64,22,OK
INV000717,2023-02-28,STR11,PRD119,64,26422.4,28,OK
INV000718,2023-02-28,STR11,PRD124,139,73558.8,18,OK
INV000719,2023-02-28,STR11,PRD094,0,0.0,28,Out of Stock
INV000720,2023-02-28,STR11,PRD122,41,4073.76,24,OK
INV000721,2023-03-31,STR14,PRD075,60,16446.0,7,OK
INV000722,2023-03-31,STR14,PRD097,101,23197.68,11,OK
INV000723,2023-03-31,STR14,PRD117,61,17801.02,29,OK
INV000724,2023-03-31,STR14,PRD150,101,35830.76,15,OK
INV000725,2023-03-31,STR14,PRD093,114,2852.28,18,OK
INV000726,2023-03-31,STR14,PRD123,8,662.64,24,Low
INV000727,2023-03-31,STR14,PRD147,135,9900.9,30,OK
INV000728,2023-03-31,STR14,PRD109,70,31366.3,27,OK
INV000729,2023-03-31,STR14,PRD146,33,14286.69,28,OK
INV000730,2023-03-31,STR14,PRD105,117,24383.97,21,OK
INV000731,2023-03-31,STR14,PRD081,27,9789.93,22,OK
INV000732,2023-03-31,STR14,PRD082,149,71958.06,26,OK
INV000733,2023-03-31,STR14,PRD072,23,9340.99,15,OK
INV000734,2023-03-31,STR14,PRD004,96,26712.96,15,OK
INV000735,2023-03-31,STR14,PRD115,28,9332.4,29,OK
INV000736,2023-03-31,STR14,PRD035,84,12882.24,20,OK
INV000737,2023-03-31,STR14,PRD145,56,26499.2,14,OK
INV000738,2023-03-31,STR14,PRD095,67,13274.71,26,OK
INV000739,2023-03-31,STR14,PRD044,50,2619.0,7,OK
INV000740,2023-03-31,STR14,PRD078,19,7741.55,24,OK
INV000741,2023-03-31,STR14,PRD018,68,36724.76,26,OK
INV000742,2023-03-31,STR14,PRD079,94,6371.32,25,OK
INV000743,2023-03-31,STR14,PRD107,0,0.0,21,Out of Stock
INV000744,2023-03-31,STR14,PRD089,55,27311.35,16,OK
INV000745,2023-03-31,STR14,PRD113,72,12176.64,22,OK
INV000746,2023-03-31,STR14,PRD096,113,58911.42,8,OK
INV000747,2023-03-31,STR14,PRD032,86,44692.48,14,OK
INV000748,2023-03-31,STR14,PRD038,56,17481.52,6,OK
INV000749,2023-03-31,STR14,PRD091,34,4847.38,19,OK
INV000750,2023-03-31,STR14,PRD098,143,38980.37,23,OK
INV000751,2023-03-31,STR20,PRD110,99,13327.38,30,OK
INV000752,2023-03-31,STR20,PRD145,62,29338.4,26,OK
INV000753,2023-03-31,STR20,PRD012,51,3119.16,23,OK
INV000754,2023-03-31,STR20,PRD088,28,10570.0,29,OK
INV000755,2023-03-31,STR20,PRD008,122,27675.7,11,OK
INV000756,2023-03-31,STR20,PRD062,100,41259.0,24,OK
INV000757,2023-03-31,STR20,PRD002,53,24377.35,7,OK
INV000758,2023-03-31,STR20,PRD122,47,4669.92,16,OK
INV000759,2023-03-31,STR20,PRD099,4,422.24,17,Low
INV000760,2023-03-31,STR20,PRD068,64,5041.28,30,OK
INV000761,2023-03-31,STR20,PRD082,55,26561.7,27,OK
INV000762,2023-03-31,STR20,PRD067,116,16241.16,26,OK
INV000763,2023-03-31,STR20,PRD072,5,2030.65,14,Low
INV000764,2023-03-31,STR20,PRD149,136,43321.44,17,OK
INV000765,2023-03-31,STR20,PRD069,141,48642.18,5,OK
INV000766,2023-03-31,STR20,PRD140,123,46913.43,24,OK
INV000767,2023-03-31,STR20,PRD056,91,46315.36,8,OK
INV000768,2023-03-31,STR20,PRD066,134,46774.04,8,OK
INV000769,2023-03-31,STR20,PRD094,38,10070.0,14,OK
INV000770,2023-03-31,STR20,PRD092,148,19661.8,17,OK
INV000771,2023-03-31,STR20,PRD095,8,1585.04,30,Low
INV000772,2023-03-31,STR20,PRD112,110,37162.4,17,OK
INV000773,2023-03-31,STR20,PRD130,47,1477.21,18,OK
INV000774,2023-03-31,STR20,PRD078,14,5704.3,12,OK
INV000775,2023-03-31,STR20,PRD076,116,60517.2,27,OK
INV000776,2023-03-31,STR20,PRD070,86,37998.24,13,OK
INV000777,2023-03-31,STR20,PRD114,3,808.11,13,Low
INV000778,2023-03-31,STR20,PRD107,130,59200.7,25,OK
INV000779,2023-03-31,STR20,PRD081,8,2900.72,8,Low
INV000780,2023-03-31,STR20,PRD128,60,9748.8,17,OK
INV000781,2023-03-31,STR01,PRD124,43,22755.6,14,OK
INV000782,2023-03-31,STR01,PRD113,66,11161.92,27,OK
INV000783,2023-03-31,STR01,PRD006,138,59905.8,25,OK
INV000784,2023-03-31,STR01,PRD038,56,17481.52,6,OK
INV000785,2023-03-31,STR01,PRD007,38,19232.18,14,OK
INV000786,2023-03-31,STR01,PRD066,25,8726.5,23,OK
INV000787,2023-03-31,STR01,PRD142,133,36442.0,20,OK
INV000788,2023-03-31,STR01,PRD021,30,2294.4,7,OK
INV000789,2023-03-31,STR01,PRD075,77,21105.7,16,OK
INV000790,2023-03-31,STR01,PRD084,141,45482.37,6,OK
INV000791,2023-03-31,STR01,PRD011,2,461.96,6,Low
INV000792,2023-03-31,STR01,PRD030,108,48065.4,5,OK
INV000793,2023-03-31,STR01,PRD093,9,225.18,23,Low
INV000794,2023-03-31,STR01,PRD001,48,20219.04,10,OK
INV000795,2023-03-31,STR01,PRD149,47,14971.38,23,OK
INV000796,2023-03-31,STR01,PRD105,35,7294.35,15,OK
INV000797,2023-03-31,STR01,PRD048,59,5933.63,29,OK
INV000798,2023-03-31,STR01,PRD040,106,36853.02,25,OK
INV000799,2023-03-31,STR01,PRD083,86,45770.92,24,OK
INV000800,2023-03-31,STR01,PRD064,150,26050.5,5,OK
INV000801,2023-03-31,STR01,PRD098,63,17173.17,19,OK
INV000802,2023-03-31,STR01,PRD042,9,3066.57,16,Low
INV000803,2023-03-31,STR01,PRD125,6,1159.68,11,Low
INV000804,2023-03-31,STR01,PRD091,11,1568.27,5,OK
INV000805,2023-03-31,STR01,PRD121,94,18705.06,13,OK
INV000806,2023-03-31,STR01,PRD143,78,14227.98,5,OK
INV000807,2023-03-31,STR01,PRD078,85,34633.25,6,OK
INV000808,2023-03-31,STR01,PRD104,150,75289.5,30,OK
INV000809,2023-03-31,STR01,PRD027,9,1992.6,14,Low
INV000810,2023-03-31,STR01,PRD002,49,22537.55,30,OK
INV000811,2023-03-31,STR17,PRD111,77,16866.85,10,OK
INV000812,2023-03-31,STR17,PRD010,146,62258.78,11,OK
INV000813,2023-03-31,STR17,PRD081,15,5438.85,19,OK
INV000814,2023-03-31,STR17,PRD084,84,27095.88,20,OK
INV000815,2023-03-31,STR17,PRD101,31,3711.94,28,OK
INV000816,2023-03-31,STR17,PRD142,43,11782.0,27,OK
INV000817,2023-03-31,STR17,PRD108,87,23284.68,28,OK
INV000818,2023-03-31,STR17,PRD069,60,20698.8,11,OK
INV000819,2023-03-31,STR17,PRD095,136,26945.68,28,OK
INV000820,2023-03-31,STR17,PRD117,126,36769.32,17,OK
INV000821,2023-03-31,STR17,PRD126,105,38167.5,19,OK
INV000822,2023-03-31,STR17,PRD085,25,3094.5,16,OK
INV000823,2023-03-31,STR17,PRD138,89,35383.73,26,OK
INV000824,2023-03-31,STR17,PRD113,54,9132.48,8,OK
INV000825,2023-03-31,STR17,PRD090,47,25152.52,12,OK
INV000826,2023-03-31,STR17,PRD130,6,188.58,21,Low
INV000827,2023-03-31,STR17,PRD107,118,53736.02,22,OK
INV000828,2023-03-31,STR17,PRD036,138,61168.5,21,OK
INV000829,2023-03-31,STR17,PRD055,125,19880.0,28,OK
INV000830,2023-03-31,STR17,PRD045,124,41504.04,20,OK
INV000831,2023-03-31,STR17,PRD028,29,2282.3,26,OK
INV000832,2023-03-31,STR17,PRD004,120,33391.2,22,OK
INV000833,2023-03-31,STR17,PRD075,23,6304.3,8,OK
INV000834,2023-03-31,STR17,PRD038,63,19666.71,29,OK
INV000835,2023-03-31,STR17,PRD129,101,46384.25,26,OK
INV000836,2023-03-31,STR17,PRD135,68,21230.28,14,OK
INV000837,2023-03-31,STR17,PRD019,136,43143.28,10,OK
INV000838,2023-03-31,STR17,PRD050,115,16779.65,13,OK
INV000839,2023-03-31,STR17,PRD083,148,78768.56,11,OK
INV000840,2023-03-31,STR17,PRD115,65,21664.5,26,OK
INV000841,2023-03-31,STR06,PRD099,95,10028.2,10,OK
INV000842,2023-03-31,STR06,PRD049,77,3282.51,5,OK
INV000843,2023-03-31,STR06,PRD110,83,11173.46,14,OK
INV000844,2023-03-31,STR06,PRD135,20,6244.2,5,OK
INV000845,2023-03-31,STR06,PRD004,2,556.52,19,Low
INV000846,2023-03-31,STR06,PRD083,48,25546.56,18,OK
INV000847,2023-03-31,STR06,PRD108,65,17396.6,27,OK
INV000848,2023-03-31,STR06,PRD142,132,36168.0,27,OK
INV000849,2023-03-31,STR06,PRD068,27,2126.79,8,OK
INV000850,2023-03-31,STR06,PRD107,1,455.39,13,Low
INV000851,2023-03-31,STR06,PRD133,128,51961.6,29,OK
INV000852,2023-03-31,STR06,PRD121,67,13332.33,18,OK
INV000853,2023-03-31,STR06,PRD012,76,4648.16,6,OK
INV000854,2023-03-31,STR06,PRD031,37,3209.38,26,OK
INV000855,2023-03-31,STR06,PRD028,0,0.0,17,Out of Stock
INV000856,2023-03-31,STR06,PRD014,104,6516.64,6,OK
INV000857,2023-03-31,STR06,PRD074,82,22369.6,22,OK
INV000858,2023-03-31,STR06,PRD026,120,51004.8,20,OK
INV000859,2023-03-31,STR06,PRD090,38,20336.08,29,OK
INV000860,2023-03-31,STR06,PRD046,141,76300.74,29,OK
INV000861,2023-03-31,STR06,PRD009,35,18422.95,17,OK
INV000862,2023-03-31,STR06,PRD072,25,10153.25,25,OK
INV000863,2023-03-31,STR06,PRD082,81,39118.14,6,OK
INV000864,2023-03-31,STR06,PRD006,62,26914.2,28,OK
INV000865,2023-03-31,STR06,PRD118,122,45563.34,11,OK
INV000866,2023-03-31,STR06,PRD140,41,15637.81,20,OK
INV000867,2023-03-31,STR06,PRD111,21,4600.05,22,OK
INV000868,2023-03-31,STR06,PRD022,124,19205.12,27,OK
INV000869,2023-03-31,STR06,PRD149,57,18156.78,24,OK
INV000870,2023-03-31,STR06,PRD015,67,34955.91,17,OK
INV000871,2023-03-31,STR13,PRD040,94,32680.98,9,OK
INV000872,2023-03-31,STR13,PRD019,149,47267.27,14,OK
INV000873,2023-03-31,STR13,PRD136,14,4363.94,14,OK
INV000874,2023-03-31,STR13,PRD112,41,13851.44,30,OK
INV000875,2023-03-31,STR13,PRD113,30,5073.6,17,OK
INV000876,2023-03-31,STR13,PRD029,38,9709.38,18,OK
INV000877,2023-03-31,STR13,PRD022,118,18275.84,9,OK
INV000878,2023-03-31,STR13,PRD007,124,62757.64,22,OK
INV000879,2023-03-31,STR13,PRD135,86,26850.06,7,OK
INV000880,2023-03-31,STR13,PRD062,37,15265.83,16,OK
INV000881,2023-03-31,STR13,PRD032,63,32739.84,18,OK
INV000882,2023-03-31,STR13,PRD037,105,20769.0,26,OK
INV000883,2023-03-31,STR13,PRD078,136,55413.2,8,OK
INV000884,2023-03-31,STR13,PRD150,110,39023.6,15,OK
INV000885,2023-03-31,STR13,PRD001,136,57287.28,25,OK
INV000886,2023-03-31,STR13,PRD124,76,40219.2,14,OK
INV000887,2023-03-31,STR13,PRD017,73,3406.91,29,OK
INV000888,2023-03-31,STR13,PRD134,46,17219.18,12,OK
INV000889,2023-03-31,STR13,PRD137,32,15408.64,27,OK
INV000890,2023-03-31,STR13,PRD063,24,10402.8,18,OK
INV000891,2023-03-31,STR13,PRD042,130,44294.9,21,OK
INV000892,2023-03-31,STR13,PRD076,99,51648.3,10,OK
INV000893,2023-03-31,STR13,PRD028,74,5823.8,24,OK
INV000894,2023-03-31,STR13,PRD060,12,3327.12,18,OK
INV000895,2023-03-31,STR13,PRD070,149,65834.16,27,OK
INV000896,2023-03-31,STR13,PRD107,43,19581.77,22,OK
INV000897,2023-03-31,STR13,PRD126,21,7633.5,27,OK
INV000898,2023-03-31,STR13,PRD133,10,4059.5,7,OK
INV000899,2023-03-31,STR13,PRD064,131,22750.77,22,OK
INV000900,2023-03-31,STR13,PRD106,128,44504.32,12,OK
INV000901,2023-03-31,STR12,PRD114,62,16700.94,12,OK
INV000902,2023-03-31,STR12,PRD125,5,966.4,22,Low
INV000903,2023-03-31,STR12,PRD117,135,39395.7,5,OK
INV000904,2023-03-31,STR12,PRD047,113,30022.97,18,OK
INV000905,2023-03-31,STR12,PRD146,28,12122.04,10,OK
INV000906,2023-03-31,STR12,PRD015,58,30260.34,19,OK
INV000907,2023-03-31,STR12,PRD039,22,7109.52,12,OK
INV000908,2023-03-31,STR12,PRD046,10,5411.4,22,OK
INV000909,2023-03-31,STR12,PRD094,141,37365.0,30,OK
INV000910,2023-03-31,STR12,PRD068,134,10555.18,20,OK
INV000911,2023-03-31,STR12,PRD150,57,20221.32,11,OK
INV000912,2023-03-31,STR12,PRD141,22,4432.12,20,OK
INV000913,2023-03-31,STR12,PRD032,120,62361.6,9,OK
INV000914,2023-03-31,STR12,PRD145,36,17035.2,7,OK
INV000915,2023-03-31,STR12,PRD102,135,59468.85,10,OK
INV000916,2023-03-31,STR12,PRD010,116,49465.88,30,OK
INV000917,2023-03-31,STR12,PRD143,56,10214.96,8,OK
INV000918,2023-03-31,STR12,PRD100,123,52564.05,16,OK
INV000919,2023-03-31,STR12,PRD025,9,2073.42,10,Low
INV000920,2023-03-31,STR12,PRD149,141,44914.14,20,OK
INV000921,2023-03-31,STR12,PRD003,118,39690.48,19,OK
INV000922,2023-03-31,STR12,PRD111,13,2847.65,9,OK
INV000923,2023-03-31,STR12,PRD016,142,62481.42,28,OK
INV000924,2023-03-31,STR12,PRD103,88,44321.2,17,OK
INV000925,2023-03-31,STR12,PRD040,78,27118.26,21,OK
INV000926,2023-03-31,STR12,PRD052,46,19324.6,5,OK
INV000927,2023-03-31,STR12,PRD078,149,60710.05,13,OK
INV000928,2023-03-31,STR12,PRD074,26,7092.8,26,OK
INV000929,2023-03-31,STR12,PRD099,9,950.04,10,Low
INV000930,2023-03-31,STR12,PRD132,89,20615.96,15,OK
INV000931,2023-03-31,STR07,PRD017,118,5507.06,11,OK
INV000932,2023-03-31,STR07,PRD109,55,24644.95,8,OK
INV000933,2023-03-31,STR07,PRD108,135,36131.4,29,OK
INV000934,2023-03-31,STR07,PRD143,82,14957.62,26,OK
INV000935,2023-03-31,STR07,PRD102,126,55504.26,25,OK
INV000936,2023-03-31,STR07,PRD043,143,11236.94,29,OK
INV000937,2023-03-31,STR07,PRD040,107,37200.69,11,OK
INV000938,2023-03-31,STR07,PRD107,82,37341.98,29,OK
INV000939,2023-03-31,STR07,PRD087,85,6797.45,19,OK
INV000940,2023-03-31,STR07,PRD067,13,1820.13,11,OK
INV000941,2023-03-31,STR07,PRD123,133,11016.39,8,OK
INV000942,2023-03-31,STR07,PRD110,77,10365.74,14,OK
INV000943,2023-03-31,STR07,PRD057,17,5762.83,14,OK
INV000944,2023-03-31,STR07,PRD145,64,30284.8,13,OK
INV000945,2023-03-31,STR07,PRD032,141,73274.88,24,OK
INV000946,2023-03-31,STR07,PRD139,83,13578.8,22,OK
INV000947,2023-03-31,STR07,PRD089,71,35256.47,26,OK
INV000948,2023-03-31,STR07,PRD058,111,5602.17,14,OK
INV000949,2023-03-31,STR07,PRD022,104,16107.52,8,OK
INV000950,2023-03-31,STR07,PRD098,58,15810.22,7,OK
INV000951,2023-03-31,STR07,PRD128,6,974.88,9,Low
INV000952,2023-03-31,STR07,PRD002,53,24377.35,13,OK
INV000953,2023-03-31,STR07,PRD113,115,19448.8,14,OK
INV000954,2023-03-31,STR07,PRD105,148,30844.68,11,OK
INV000955,2023-03-31,STR07,PRD028,126,9916.2,11,OK
INV000956,2023-03-31,STR07,PRD115,135,44995.5,25,OK
INV000957,2023-03-31,STR07,PRD060,68,18853.68,26,OK
INV000958,2023-03-31,STR07,PRD072,94,38176.22,21,OK
INV000959,2023-03-31,STR07,PRD086,146,68698.84,14,OK
INV000960,2023-03-31,STR07,PRD112,142,47973.28,25,OK
INV000961,2023-03-31,STR04,PRD120,132,5528.16,15,OK
INV000962,2023-03-31,STR04,PRD089,149,73988.93,19,OK
INV000963,2023-03-31,STR04,PRD116,64,23152.0,26,OK
INV000964,2023-03-31,STR04,PRD134,63,23582.79,14,OK
INV000965,2023-03-31,STR04,PRD096,92,47963.28,12,OK
INV000966,2023-03-31,STR04,PRD074,115,31372.0,29,OK
INV000967,2023-03-31,STR04,PRD038,83,25910.11,5,OK
INV000968,2023-03-31,STR04,PRD079,25,1694.5,20,OK
INV000969,2023-03-31,STR04,PRD112,54,18243.36,25,OK
INV000970,2023-03-31,STR04,PRD026,61,25927.44,30,OK
INV000971,2023-03-31,STR04,PRD105,143,29802.63,29,OK
INV000972,2023-03-31,STR04,PRD058,143,7217.21,26,OK
INV000973,2023-03-31,STR04,PRD020,130,57673.2,21,OK
INV000974,2023-03-31,STR04,PRD141,35,7051.1,23,OK
INV000975,2023-03-31,STR04,PRD068,48,3780.96,18,OK
INV000976,2023-03-31,STR04,PRD015,36,18782.28,10,OK
INV000977,2023-03-31,STR04,PRD098,118,32165.62,11,OK
INV000978,2023-03-31,STR04,PRD044,21,1099.98,5,OK
INV000979,2023-03-31,STR04,PRD101,150,17961.0,20,OK
INV000980,2023-03-31,STR04,PRD022,143,22147.84,9,OK
INV000981,2023-03-31,STR04,PRD082,123,59401.62,16,OK
INV000982,2023-03-31,STR04,PRD063,145,62850.25,28,OK
INV000983,2023-03-31,STR04,PRD019,79,25061.17,5,OK
INV000984,2023-03-31,STR04,PRD093,24,600.48,9,OK
INV000985,2023-03-31,STR04,PRD024,110,4072.2,10,OK
INV000986,2023-03-31,STR04,PRD138,1,397.57,26,Low
INV000987,2023-03-31,STR04,PRD121,97,19302.03,16,OK
INV000988,2023-03-31,STR04,PRD017,101,4713.67,26,OK
INV000989,2023-03-31,STR04,PRD097,49,11254.32,11,OK
INV000990,2023-03-31,STR04,PRD050,70,10213.7,28,OK
INV000991,2023-03-31,STR16,PRD148,96,30947.52,6,OK
INV000992,2023-03-31,STR16,PRD099,44,4644.64,18,OK
INV000993,2023-03-31,STR16,PRD073,70,31326.4,14,OK
INV000994,2023-03-31,STR16,PRD103,36,18131.4,24,OK
INV000995,2023-03-31,STR16,PRD066,6,2094.36,23,Low
INV000996,2023-03-31,STR16,PRD051,92,29119.84,6,OK
INV000997,2023-03-31,STR16,PRD101,62,7423.88,20,OK
INV000998,2023-03-31,STR16,PRD047,10,2656.9,6,OK
INV000999,2023-03-31,STR16,PRD112,12,4054.08,8,OK
INV001000,2023-03-31,STR16,PRD011,6,1385.88,24,Low
INV001001,2023-03-31,STR16,PRD056,108,54967.68,16,OK
INV001002,2023-03-31,STR16,PRD029,129,32960.79,19,OK
INV001003,2023-03-31,STR16,PRD074,59,16095.2,19,OK
INV001004,2023-03-31,STR16,PRD005,112,49753.76,16,OK
INV001005,2023-03-31,STR16,PRD121,126,25072.74,27,OK
INV001006,2023-03-31,STR16,PRD070,69,30486.96,26,OK
INV001007,2023-03-31,STR16,PRD145,114,53944.8,5,OK
INV001008,2023-03-31,STR16,PRD055,59,9383.36,12,OK
INV001009,2023-03-31,STR16,PRD102,76,33478.76,26,OK
INV001010,2023-03-31,STR16,PRD079,13,881.14,24,OK
INV001011,2023-03-31,STR16,PRD084,39,12580.23,20,OK
INV001012,2023-03-31,STR16,PRD123,13,1076.79,10,OK
INV001013,2023-03-31,STR16,PRD003,59,19845.24,10,OK
INV001014,2023-03-31,STR16,PRD139,94,15378.4,22,OK
INV001015,2023-03-31,STR16,PRD125,81,15655.68,10,OK
INV001016,2023-03-31,STR16,PRD131,138,25169.82,30,OK
INV001017,2023-03-31,STR16,PRD039,34,10987.44,18,OK
INV001018,2023-03-31,STR16,PRD122,32,3179.52,28,OK
INV001019,2023-03-31,STR16,PRD113,24,4058.88,8,OK
INV001020,2023-03-31,STR16,PRD105,21,4376.61,26,OK
INV001021,2023-03-31,STR03,PRD066,149,52009.94,8,OK
INV001022,2023-03-31,STR03,PRD142,0,0.0,11,Out of Stock
INV001023,2023-03-31,STR03,PRD097,115,26413.2,12,OK
INV001024,2023-03-31,STR03,PRD002,38,17478.1,7,OK
INV001025,2023-03-31,STR03,PRD064,63,10941.21,9,OK
INV001026,2023-03-31,STR03,PRD040,67,23293.89,22,OK
INV001027,2023-03-31,STR03,PRD144,61,9638.0,9,OK
INV001028,2023-03-31,STR03,PRD146,105,45457.65,17,OK
INV001029,2023-03-31,STR03,PRD095,70,13869.1,27,OK
INV001030,2023-03-31,STR03,PRD028,10,787.0,21,OK
INV001031,2023-03-31,STR03,PRD004,61,16973.86,23,OK
INV001032,2023-03-31,STR03,PRD112,16,5405.44,5,OK
INV001033,2023-03-31,STR03,PRD050,53,7733.23,15,OK
INV001034,2023-03-31,STR03,PRD023,21,2013.69,21,OK
INV001035,2023-03-31,STR03,PRD098,35,9540.65,20,OK
INV001036,2023-03-31,STR03,PRD110,137,18442.94,20,OK
INV001037,2023-03-31,STR03,PRD132,43,9960.52,15,OK
INV001038,2023-03-31,STR03,PRD077,86,23265.58,20,OK
INV001039,2023-03-31,STR03,PRD034,0,0.0,23,Out of Stock
INV001040,2023-03-31,STR03,PRD037,140,27692.0,23,OK
INV001041,2023-03-31,STR03,PRD053,73,4042.74,28,OK
INV001042,2023-03-31,STR03,PRD008,0,0.0,30,Out of Stock
INV001043,2023-03-31,STR03,PRD068,42,3308.34,11,OK
INV001044,2023-03-31,STR03,PRD036,124,54963.0,27,OK
INV001045,2023-03-31,STR03,PRD047,35,9299.15,15,OK
INV001046,2023-03-31,STR03,PRD060,107,29666.82,22,OK
INV001047,2023-03-31,STR03,PRD117,72,21011.04,9,OK
INV001048,2023-03-31,STR03,PRD007,134,67818.74,28,OK
INV001049,2023-03-31,STR03,PRD014,55,3446.3,25,OK
INV001050,2023-03-31,STR03,PRD005,140,62192.2,16,OK
INV001051,2023-03-31,STR11,PRD135,101,31533.21,23,OK
INV001052,2023-03-31,STR11,PRD011,96,22174.08,10,OK
INV001053,2023-03-31,STR11,PRD078,1,407.45,29,Low
INV001054,2023-03-31,STR11,PRD107,145,66031.55,16,OK
INV001055,2023-03-31,STR11,PRD059,60,27891.6,23,OK
INV001056,2023-03-31,STR11,PRD031,86,7459.64,21,OK
INV001057,2023-03-31,STR11,PRD014,18,1127.88,24,OK
INV001058,2023-03-31,STR11,PRD047,60,15941.4,30,OK
INV001059,2023-03-31,STR11,PRD095,75,14859.75,20,OK
INV001060,2023-03-31,STR11,PRD118,99,36973.53,14,OK
INV001061,2023-03-31,STR11,PRD136,86,26807.06,5,OK
INV001062,2023-03-31,STR11,PRD070,96,42416.64,30,OK
INV001063,2023-03-31,STR11,PRD128,91,14785.68,18,OK
INV001064,2023-03-31,STR11,PRD087,34,2718.98,11,OK
INV001065,2023-03-31,STR11,PRD072,149,60513.37,27,OK
INV001066,2023-03-31,STR11,PRD030,85,37829.25,10,OK
INV001067,2023-03-31,STR11,PRD105,124,25842.84,24,OK
INV001068,2023-03-31,STR11,PRD025,61,14053.18,6,OK
INV001069,2023-03-31,STR11,PRD052,66,27726.6,13,OK
INV001070,2023-03-31,STR11,PRD010,19,8102.17,22,OK
INV001071,2023-03-31,STR11,PRD077,28,7574.84,15,OK
INV001072,2023-03-31,STR11,PRD121,127,25271.73,7,OK
INV001073,2023-03-31,STR11,PRD069,1,344.98,26,Low
INV001074,2023-03-31,STR11,PRD145,50,23660.0,30,OK
INV001075,2023-03-31,STR11,PRD054,136,67895.28,7,OK
INV001076,2023-03-31,STR11,PRD094,70,18550.0,16,OK
INV001077,2023-03-31,STR11,PRD138,96,38166.72,28,OK
INV001078,2023-03-31,STR11,PRD027,100,22140.0,20,OK
INV001079,2023-03-31,STR11,PRD066,80,27924.8,21,OK
INV001080,2023-03-31,STR11,PRD045,41,13723.11,5,OK
INV001081,2023-04-30,STR17,PRD130,107,3363.01,26,OK
INV001082,2023-04-30,STR17,PRD109,105,47049.45,11,OK
INV001083,2023-04-30,STR17,PRD096,17,8862.78,13,OK
INV001084,2023-04-30,STR17,PRD030,63,28038.15,18,OK
INV001085,2023-04-30,STR17,PRD103,44,22160.6,24,OK
INV001086,2023-04-30,STR17,PRD008,4,907.4,7,Low
INV001087,2023-04-30,STR17,PRD064,134,23271.78,16,OK
INV001088,2023-04-30,STR17,PRD046,119,64395.66,7,OK
INV001089,2023-04-30,STR17,PRD145,24,11356.8,30,OK
INV001090,2023-04-30,STR17,PRD040,13,4519.71,28,OK
INV001091,2023-04-30,STR17,PRD123,149,12341.67,5,OK
INV001092,2023-04-30,STR17,PRD124,54,28576.8,7,OK
INV001093,2023-04-30,STR17,PRD095,72,14265.36,8,OK
INV001094,2023-04-30,STR17,PRD097,111,25494.48,10,OK
INV001095,2023-04-30,STR17,PRD045,93,31128.03,15,OK
INV001096,2023-04-30,STR17,PRD065,63,14083.65,8,OK
INV001097,2023-04-30,STR17,PRD066,69,24085.14,19,OK
INV001098,2023-04-30,STR17,PRD150,52,18447.52,16,OK
INV001099,2023-04-30,STR17,PRD131,25,4559.75,13,OK
INV001100,2023-04-30,STR17,PRD143,141,25719.81,11,OK
INV001101,2023-04-30,STR17,PRD083,113,60140.86,13,OK
INV001102,2023-04-30,STR17,PRD106,149,51805.81,15,OK
INV001103,2023-04-30,STR17,PRD051,67,21206.84,28,OK
INV001104,2023-04-30,STR17,PRD054,106,52918.38,28,OK
INV001105,2023-04-30,STR17,PRD078,54,22002.3,20,OK
INV001106,2023-04-30,STR17,PRD118,32,11951.04,24,OK
INV001107,2023-04-30,STR17,PRD041,73,9944.79,26,OK
INV001108,2023-04-30,STR17,PRD049,40,1705.2,19,OK
INV001109,2023-04-30,STR17,PRD059,105,48810.3,8,OK
INV001110,2023-04-30,STR17,PRD115,72,23997.6,23,OK
INV001111,2023-04-30,STR01,PRD150,50,17738.0,22,OK
INV001112,2023-04-30,STR01,PRD092,15,1992.75,30,OK
INV001113,2023-04-30,STR01,PRD002,77,35416.15,30,OK
INV001114,2023-04-30,STR01,PRD018,17,9181.19,5,OK
INV001115,2023-04-30,STR01,PRD088,28,10570.0,17,OK
INV001116,2023-04-30,STR01,PRD026,15,6375.6,18,OK
INV001117,2023-04-30,STR01,PRD069,29,10004.42,24,OK
INV001118,2023-04-30,STR01,PRD114,20,5387.4,25,OK
INV001119,2023-04-30,STR01,PRD143,130,23713.3,22,OK
INV001120,2023-04-30,STR01,PRD074,148,40374.4,24,OK
INV001121,2023-04-30,STR01,PRD060,119,32993.94,20,OK
INV001122,2023-04-30,STR01,PRD091,49,6985.93,27,OK
INV001123,2023-04-30,STR01,PRD072,3,1218.39,28,Low
INV001124,2023-04-30,STR01,PRD124,147,77792.4,29,OK
INV001125,2023-04-30,STR01,PRD139,139,22740.4,26,OK
INV001126,2023-04-30,STR01,PRD116,42,15193.5,29,OK
INV001127,2023-04-30,STR01,PRD118,80,29877.6,8,OK
INV001128,2023-04-30,STR01,PRD013,40,11319.6,20,OK
INV001129,2023-04-30,STR01,PRD041,95,12941.85,17,OK
INV001130,2023-04-30,STR01,PRD129,90,41332.5,16,OK
INV001131,2023-04-30,STR01,PRD053,101,5593.38,7,OK
INV001132,2023-04-30,STR01,PRD148,103,33204.11,16,OK
INV001133,2023-04-30,STR01,PRD081,85,30820.15,26,OK
INV001134,2023-04-30,STR01,PRD031,36,3122.64,21,OK
INV001135,2023-04-30,STR01,PRD121,13,2586.87,29,OK
INV001136,2023-04-30,STR01,PRD066,11,3839.66,14,OK
INV001137,2023-04-30,STR01,PRD126,61,22173.5,5,OK
INV001138,2023-04-30,STR01,PRD136,5,1558.55,29,Low
INV001139,2023-04-30,STR01,PRD079,82,5557.96,14,OK
INV001140,2023-04-30,STR01,PRD034,104,39502.32,18,OK
INV001141,2023-04-30,STR06,PRD069,31,10694.38,16,OK
INV001142,2023-04-30,STR06,PRD080,73,32998.19,28,OK
INV001143,2023-04-30,STR06,PRD010,20,8528.6,14,OK
INV001144,2023-04-30,STR06,PRD063,53,22972.85,17,OK
INV001145,2023-04-30,STR06,PRD009,1,526.37,25,Low
INV001146,2023-04-30,STR06,PRD044,98,5133.24,11,OK
INV001147,2023-04-30,STR06,PRD041,38,5176.74,5,OK
INV001148,2023-04-30,STR06,PRD106,103,35812.07,16,OK
INV001149,2023-04-30,STR06,PRD089,68,33766.76,26,OK
INV001150,2023-04-30,STR06,PRD024,142,5256.84,10,OK
INV001151,2023-04-30,STR06,PRD070,12,5302.08,6,OK
INV001152,2023-04-30,STR06,PRD083,108,57479.76,21,OK
INV001153,2023-04-30,STR06,PRD149,126,40136.04,17,OK
INV001154,2023-04-30,STR06,PRD023,78,7479.42,21,OK
INV001155,2023-04-30,STR06,PRD008,100,22685.0,29,OK
INV001156,2023-04-30,STR06,PRD126,117,42529.5,25,OK
INV001157,2023-04-30,STR06,PRD146,18,7792.74,20,OK
INV001158,2023-04-30,STR06,PRD015,64,33390.72,11,OK
INV001159,2023-04-30,STR06,PRD128,48,7799.04,20,OK
INV001160,2023-04-30,STR06,PRD139,126,20613.6,7,OK
INV001161,2023-04-30,STR06,PRD117,83,24221.06,27,OK
INV001162,2023-04-30,STR06,PRD059,33,15340.38,13,OK
INV001163,2023-04-30,STR06,PRD047,122,32414.18,11,OK
INV001164,2023-04-30,STR06,PRD071,101,18107.28,12,OK
INV001165,2023-04-30,STR06,PRD054,106,52918.38,29,OK
INV001166,2023-04-30,STR06,PRD137,64,30817.28,25,OK
INV001167,2023-04-30,STR06,PRD120,62,2596.56,8,OK
INV001168,2023-04-30,STR06,PRD122,108,10730.88,23,OK
INV001169,2023-04-30,STR06,PRD113,58,9808.96,17,OK
INV001170,2023-04-30,STR06,PRD148,16,5157.92,28,OK
INV001171,2023-04-30,STR20,PRD117,144,42022.08,16,OK
INV001172,2023-04-30,STR20,PRD088,89,33597.5,11,OK
INV001173,2023-04-30,STR20,PRD027,106,23468.4,28,OK
INV001174,2023-04-30,STR20,PRD082,110,53123.4,28,OK
INV001175,2023-04-30,STR20,PRD037,98,19384.4,28,OK
INV001176,2023-04-30,STR20,PRD046,54,29221.56,7,OK
INV001177,2023-04-30,STR20,PRD141,123,24779.58,15,OK
INV001178,2023-04-30,STR20,PRD085,131,16215.18,7,OK
INV001179,2023-04-30,STR20,PRD055,4,636.16,28,Low
INV001180,2023-04-30,STR20,PRD128,117,19010.16,6,OK
INV001181,2023-04-30,STR20,PRD081,113,40972.67,21,OK
INV001182,2023-04-30,STR20,PRD099,17,1794.52,7,OK
INV001183,2023-04-30,STR20,PRD095,102,20209.26,30,OK
INV001184,2023-04-30,STR20,PRD089,111,55119.27,12,OK
INV001185,2023-04-30,STR20,PRD129,74,33984.5,8,OK
INV001186,2023-04-30,STR20,PRD111,105,23000.25,12,OK
INV001187,2023-04-30,STR20,PRD054,28,13978.44,24,OK
INV001188,2023-04-30,STR20,PRD075,10,2741.0,5,OK
INV001189,2023-04-30,STR20,PRD002,97,44615.15,26,OK
INV001190,2023-04-30,STR20,PRD058,103,5198.41,25,OK
INV001191,2023-04-30,STR20,PRD015,37,19304.01,12,OK
INV001192,2023-04-30,STR20,PRD004,3,834.78,15,Low
INV001193,2023-04-30,STR20,PRD042,87,29643.51,12,OK
INV001194,2023-04-30,STR20,PRD006,53,23007.3,23,OK
INV001195,2023-04-30,STR20,PRD052,116,48731.6,13,OK
INV001196,2023-04-30,STR20,PRD100,108,46153.8,14,OK
INV001197,2023-04-30,STR20,PRD144,49,7742.0,12,OK
INV001198,2023-04-30,STR20,PRD019,10,3172.3,9,OK
INV001199,2023-04-30,STR20,PRD121,7,1392.93,18,Low
INV001200,2023-04-30,STR20,PRD026,78,33153.12,30,OK
INV001201,2023-04-30,STR09,PRD081,85,30820.15,16,OK
INV001202,2023-04-30,STR09,PRD113,0,0.0,16,Out of Stock
INV001203,2023-04-30,STR09,PRD061,3,1550.79,26,Low
INV001204,2023-04-30,STR09,PRD086,28,13175.12,5,OK
INV001205,2023-04-30,STR09,PRD091,34,4847.38,20,OK
INV001206,2023-04-30,STR09,PRD023,106,10164.34,6,OK
INV001207,2023-04-30,STR09,PRD124,23,12171.6,29,OK
INV001208,2023-04-30,STR09,PRD047,147,39056.43,8,OK
INV001209,2023-04-30,STR09,PRD099,72,7600.32,19,OK
INV001210,2023-04-30,STR09,PRD026,49,20826.96,22,OK
INV001211,2023-04-30,STR09,PRD035,102,15642.72,11,OK
INV001212,2023-04-30,STR09,PRD149,111,35357.94,21,OK
INV001213,2023-04-30,STR09,PRD112,77,26013.68,23,OK
INV001214,2023-04-30,STR09,PRD015,96,50086.08,18,OK
INV001215,2023-04-30,STR09,PRD098,6,1635.54,28,Low
INV001216,2023-04-30,STR09,PRD033,73,8434.42,10,OK
INV001217,2023-04-30,STR09,PRD052,66,27726.6,11,OK
INV001218,2023-04-30,STR09,PRD139,44,7198.4,7,OK
INV001219,2023-04-30,STR09,PRD127,140,64103.2,22,OK
INV001220,2023-04-30,STR09,PRD142,11,3014.0,28,OK
INV001221,2023-04-30,STR09,PRD115,16,5332.8,13,OK
INV001222,2023-04-30,STR09,PRD034,104,39502.32,19,OK
INV001223,2023-04-30,STR09,PRD055,78,12405.12,21,OK
INV001224,2023-04-30,STR09,PRD146,107,46323.51,7,OK
INV001225,2023-04-30,STR09,PRD141,43,8662.78,30,OK
INV001226,2023-04-30,STR09,PRD029,90,22995.9,17,OK
INV001227,2023-04-30,STR09,PRD028,41,3226.7,25,OK
INV001228,2023-04-30,STR09,PRD067,116,16241.16,10,OK
INV001229,2023-04-30,STR09,PRD048,143,14381.51,24,OK
INV001230,2023-04-30,STR09,PRD050,108,15758.28,18,OK
INV001231,2023-04-30,STR16,PRD094,15,3975.0,15,OK
INV001232,2023-04-30,STR16,PRD099,124,13089.44,16,OK
INV001233,2023-04-30,STR16,PRD122,36,3576.96,28,OK
INV001234,2023-04-30,STR16,PRD115,115,38329.5,8,OK
INV001235,2023-04-30,STR16,PRD131,38,6930.82,18,OK
INV001236,2023-04-30,STR16,PRD043,48,3771.84,20,OK
INV001237,2023-04-30,STR16,PRD085,61,7550.58,17,OK
INV001238,2023-04-30,STR16,PRD045,103,34475.13,14,OK
INV001239,2023-04-30,STR16,PRD109,49,21956.41,12,OK
INV001240,2023-04-30,STR16,PRD076,29,15129.3,18,OK
INV001241,2023-04-30,STR16,PRD030,20,8901.0,10,OK
INV001242,2023-04-30,STR16,PRD149,57,18156.78,28,OK
INV001243,2023-04-30,STR16,PRD133,105,42624.75,27,OK
INV001244,2023-04-30,STR16,PRD059,134,62291.24,14,OK
INV001245,2023-04-30,STR16,PRD106,12,4172.28,8,OK
INV001246,2023-04-30,STR16,PRD051,56,17725.12,19,OK
INV001247,2023-04-30,STR16,PRD044,14,733.32,16,OK
INV001248,2023-04-30,STR16,PRD042,138,47020.74,19,OK
INV001249,2023-04-30,STR16,PRD138,106,42142.42,13,OK
INV001250,2023-04-30,STR16,PRD071,96,17210.88,21,OK
INV001251,2023-04-30,STR16,PRD016,65,28600.65,5,OK
INV001252,2023-04-30,STR16,PRD120,16,670.08,29,OK
INV001253,2023-04-30,STR16,PRD060,63,17467.38,29,OK
INV001254,2023-04-30,STR16,PRD098,34,9268.06,23,OK
INV001255,2023-04-30,STR16,PRD035,128,19630.08,19,OK
INV001256,2023-04-30,STR16,PRD103,36,18131.4,24,OK
INV001257,2023-04-30,STR16,PRD048,101,10157.57,14,OK
INV001258,2023-04-30,STR16,PRD031,118,10235.32,29,OK
INV001259,2023-04-30,STR16,PRD084,130,41934.1,17,OK
INV001260,2023-04-30,STR16,PRD101,75,8980.5,27,OK
INV001261,2023-04-30,STR04,PRD062,100,41259.0,19,OK
INV001262,2023-04-30,STR04,PRD001,134,56444.82,19,OK
INV001263,2023-04-30,STR04,PRD084,137,44192.09,27,OK
INV001264,2023-04-30,STR04,PRD003,2,672.72,23,Low
INV001265,2023-04-30,STR04,PRD007,75,37958.25,27,OK
INV001266,2023-04-30,STR04,PRD050,25,3647.75,20,OK
INV001267,2023-04-30,STR04,PRD078,38,15483.1,25,OK
INV001268,2023-04-30,STR04,PRD091,20,2851.4,12,OK
INV001269,2023-04-30,STR04,PRD075,43,11786.3,8,OK
INV001270,2023-04-30,STR04,PRD086,130,61170.2,11,OK
INV001271,2023-04-30,STR04,PRD029,130,33216.3,12,OK
INV001272,2023-04-30,STR04,PRD089,19,9434.83,27,OK
INV001273,2023-04-30,STR04,PRD019,67,21254.41,16,OK
INV001274,2023-04-30,STR04,PRD055,70,11132.8,21,OK
INV001275,2023-04-30,STR04,PRD052,64,26886.4,16,OK
INV001276,2023-04-30,STR04,PRD119,135,55734.75,10,OK
INV001277,2023-04-30,STR04,PRD139,72,11779.2,25,OK
INV001278,2023-04-30,STR04,PRD059,77,35794.22,19,OK
INV001279,2023-04-30,STR04,PRD067,71,9940.71,5,OK
INV001280,2023-04-30,STR04,PRD076,133,69386.1,10,OK
INV001281,2023-04-30,STR04,PRD048,125,12571.25,10,OK
INV001282,2023-04-30,STR04,PRD115,141,46995.3,29,OK
INV001283,2023-04-30,STR04,PRD142,49,13426.0,25,OK
INV001284,2023-04-30,STR04,PRD004,7,1947.82,17,Low
INV001285,2023-04-30,STR04,PRD069,63,21733.74,25,OK
INV001286,2023-04-30,STR04,PRD131,87,15867.93,9,OK
INV001287,2023-04-30,STR04,PRD109,54,24196.86,29,OK
INV001288,2023-04-30,STR04,PRD090,39,20871.24,6,OK
INV001289,2023-04-30,STR04,PRD100,15,6410.25,22,OK
INV001290,2023-04-30,STR04,PRD022,21,3252.48,21,OK
INV001291,2023-04-30,STR08,PRD086,94,44230.76,23,OK
INV001292,2023-04-30,STR08,PRD135,61,19044.81,10,OK
INV001293,2023-04-30,STR08,PRD007,114,57696.54,19,OK
INV001294,2023-04-30,STR08,PRD037,16,3164.8,9,OK
INV001295,2023-04-30,STR08,PRD017,65,3033.55,18,OK
INV001296,2023-04-30,STR08,PRD033,70,8087.8,21,OK
INV001297,2023-04-30,STR08,PRD050,93,13569.63,19,OK
INV001298,2023-04-30,STR08,PRD112,121,40878.64,19,OK
INV001299,2023-04-30,STR08,PRD038,141,44015.97,26,OK
INV001300,2023-04-30,STR08,PRD118,55,20540.85,13,OK
INV001301,2023-04-30,STR08,PRD071,108,19362.24,5,OK
INV001302,2023-04-30,STR08,PRD145,103,48739.6,23,OK
INV001303,2023-04-30,STR08,PRD128,84,13648.32,12,OK
INV001304,2023-04-30,STR08,PRD047,75,19926.75,12,OK
INV001305,2023-04-30,STR08,PRD127,29,13278.52,29,OK
INV001306,2023-04-30,STR08,PRD031,81,7025.94,17,OK
INV001307,2023-04-30,STR08,PRD103,11,5540.15,9,OK
INV001308,2023-04-30,STR08,PRD048,78,7844.46,30,OK
INV001309,2023-04-30,STR08,PRD134,130,48662.9,8,OK
INV001310,2023-04-30,STR08,PRD018,79,42665.53,27,OK
INV001311,2023-04-30,STR08,PRD015,42,21912.66,17,OK
INV001312,2023-04-30,STR08,PRD053,139,7697.82,11,OK
INV001313,2023-04-30,STR08,PRD104,82,41158.26,14,OK
INV001314,2023-04-30,STR08,PRD011,119,27486.62,29,OK
INV001315,2023-04-30,STR08,PRD108,138,36934.32,6,OK
INV001316,2023-04-30,STR08,PRD090,50,26758.0,11,OK
INV001317,2023-04-30,STR08,PRD142,95,26030.0,9,OK
INV001318,2023-04-30,STR08,PRD019,99,31405.77,13,OK
INV001319,2023-04-30,STR08,PRD100,150,64102.5,24,OK
INV001320,2023-04-30,STR08,PRD030,132,58746.6,26,OK
INV001321,2023-04-30,STR05,PRD030,48,21362.4,27,OK
INV001322,2023-04-30,STR05,PRD137,96,46225.92,22,OK
INV001323,2023-04-30,STR05,PRD139,9,1472.4,9,Low
INV001324,2023-04-30,STR05,PRD034,40,15193.2,27,OK
INV001325,2023-04-30,STR05,PRD047,110,29225.9,10,OK
INV001326,2023-04-30,STR05,PRD003,31,10427.16,9,OK
INV001327,2023-04-30,STR05,PRD081,126,45686.34,23,OK
INV001328,2023-04-30,STR05,PRD026,85,36128.4,24,OK
INV001329,2023-04-30,STR05,PRD012,113,6911.08,25,OK
INV001330,2023-04-30,STR05,PRD145,38,17981.6,26,OK
INV001331,2023-04-30,STR05,PRD116,79,28578.25,12,OK
INV001332,2023-04-30,STR05,PRD140,94,35852.54,27,OK
INV001333,2023-04-30,STR05,PRD043,143,11236.94,28,OK
INV001334,2023-04-30,STR05,PRD016,37,16280.37,27,OK
INV001335,2023-04-30,STR05,PRD046,103,55737.42,14,OK
INV001336,2023-04-30,STR05,PRD130,71,2231.53,6,OK
INV001337,2023-04-30,STR05,PRD129,57,26177.25,29,OK
INV001338,2023-04-30,STR05,PRD001,24,10109.52,7,OK
INV001339,2023-04-30,STR05,PRD104,1,501.93,14,Low
INV001340,2023-04-30,STR05,PRD120,92,3852.96,24,OK
INV001341,2023-04-30,STR05,PRD049,60,2557.8,21,OK
INV001342,2023-04-30,STR05,PRD051,11,3481.72,7,OK
INV001343,2023-04-30,STR05,PRD103,10,5036.5,15,OK
INV001344,2023-04-30,STR05,PRD013,87,24620.13,6,OK
INV001345,2023-04-30,STR05,PRD143,82,14957.62,15,OK
INV001346,2023-04-30,STR05,PRD059,72,33469.92,9,OK
INV001347,2023-04-30,STR05,PRD096,4,2085.36,20,Low
INV001348,2023-04-30,STR05,PRD040,3,1043.01,18,Low
INV001349,2023-04-30,STR05,PRD124,70,37044.0,10,OK
INV001350,2023-04-30,STR05,PRD115,97,32330.1,20,OK
INV001351,2023-04-30,STR10,PRD087,144,11515.68,6,OK
INV001352,2023-04-30,STR10,PRD132,127,29418.28,13,OK
INV001353,2023-04-30,STR10,PRD014,2,125.32,29,Low
INV001354,2023-04-30,STR10,PRD020,14,6210.96,21,OK
INV001355,2023-04-30,STR10,PRD006,88,38200.8,14,OK
INV001356,2023-04-30,STR10,PRD015,113,58955.49,24,OK
INV001357,2023-04-30,STR10,PRD109,103,46153.27,26,OK
INV001358,2023-04-30,STR10,PRD064,23,3994.41,30,OK
INV001359,2023-04-30,STR10,PRD010,54,23027.22,25,OK
INV001360,2023-04-30,STR10,PRD117,67,19551.94,22,OK
INV001361,2023-04-30,STR10,PRD002,13,5979.35,18,OK
INV001362,2023-04-30,STR10,PRD038,132,41206.44,21,OK
INV001363,2023-04-30,STR10,PRD088,147,55492.5,19,OK
INV001364,2023-04-30,STR10,PRD067,17,2380.17,6,OK
INV001365,2023-04-30,STR10,PRD068,117,9216.09,27,OK
INV001366,2023-04-30,STR10,PRD113,75,12684.0,23,OK
INV001367,2023-04-30,STR10,PRD112,47,15878.48,9,OK
INV001368,2023-04-30,STR10,PRD093,120,3002.4,11,OK
INV001369,2023-04-30,STR10,PRD124,87,46040.4,10,OK
INV001370,2023-04-30,STR10,PRD069,136,46917.28,25,OK
INV001371,2023-04-30,STR10,PRD055,85,13518.4,18,OK
INV001372,2023-04-30,STR10,PRD145,121,57257.2,17,OK
INV001373,2023-04-30,STR10,PRD120,81,3392.28,28,OK
INV001374,2023-04-30,STR10,PRD144,90,14220.0,19,OK
INV001375,2023-04-30,STR10,PRD118,149,55647.03,20,OK
INV001376,2023-04-30,STR10,PRD123,74,6129.42,22,OK
INV001377,2023-04-30,STR10,PRD031,61,5291.14,24,OK
INV001378,2023-04-30,STR10,PRD023,67,6424.63,30,OK
INV001379,2023-04-30,STR10,PRD095,110,21794.3,21,OK
INV001380,2023-04-30,STR10,PRD084,124,39998.68,14,OK
INV001381,2023-04-30,STR03,PRD077,17,4599.01,30,OK
INV001382,2023-04-30,STR03,PRD018,90,48606.3,20,OK
INV001383,2023-04-30,STR03,PRD109,31,13890.79,30,OK
INV001384,2023-04-30,STR03,PRD029,70,17885.7,6,OK
INV001385,2023-04-30,STR03,PRD102,129,56825.79,19,OK
INV001386,2023-04-30,STR03,PRD099,70,7389.2,13,OK
INV001387,2023-04-30,STR03,PRD139,116,18977.6,22,OK
INV001388,2023-04-30,STR03,PRD120,79,3308.52,26,OK
INV001389,2023-04-30,STR03,PRD056,3,1526.88,19,Low
INV001390,2023-04-30,STR03,PRD050,122,17801.02,27,OK
INV001391,2023-04-30,STR03,PRD091,56,7983.92,18,OK
INV001392,2023-04-30,STR03,PRD031,32,2775.68,9,OK
INV001393,2023-04-30,STR03,PRD013,135,38203.65,7,OK
INV001394,2023-04-30,STR03,PRD065,117,26155.35,27,OK
INV001395,2023-04-30,STR03,PRD008,18,4083.3,20,OK
INV001396,2023-04-30,STR03,PRD019,38,12054.74,23,OK
INV001397,2023-04-30,STR03,PRD005,48,21323.04,11,OK
INV001398,2023-04-30,STR03,PRD090,127,67965.32,23,OK
INV001399,2023-04-30,STR03,PRD062,69,28468.71,12,OK
INV001400,2023-04-30,STR03,PRD121,99,19700.01,23,OK
INV001401,2023-04-30,STR03,PRD104,147,73783.71,30,OK
INV001402,2023-04-30,STR03,PRD097,60,13780.8,27,OK
INV001403,2023-04-30,STR03,PRD046,30,16234.2,6,OK
INV001404,2023-04-30,STR03,PRD033,147,16984.38,22,OK
INV001405,2023-04-30,STR03,PRD017,149,6953.83,23,OK
INV001406,2023-04-30,STR03,PRD074,8,2182.4,8,Low
INV001407,2023-04-30,STR03,PRD101,108,12931.92,6,OK
INV001408,2023-04-30,STR03,PRD110,148,19923.76,25,OK
INV001409,2023-04-30,STR03,PRD085,41,5074.98,7,OK
INV001410,2023-04-30,STR03,PRD122,94,9339.84,8,OK
INV001411,2023-04-30,STR11,PRD141,63,12691.98,28,OK
INV001412,2023-04-30,STR11,PRD052,15,6301.5,9,OK
INV001413,2023-04-30,STR11,PRD072,130,52796.9,21,OK
INV001414,2023-04-30,STR11,PRD104,123,61737.39,22,OK
INV001415,2023-04-30,STR11,PRD123,13,1076.79,25,OK
INV001416,2023-04-30,STR11,PRD100,116,49572.6,28,OK
INV001417,2023-04-30,STR11,PRD076,46,23998.2,10,OK
INV001418,2023-04-30,STR11,PRD029,82,20951.82,8,OK
INV001419,2023-04-30,STR11,PRD093,15,375.3,30,OK
INV001420,2023-04-30,STR11,PRD032,96,49889.28,24,OK
INV001421,2023-04-30,STR11,PRD108,8,2141.12,15,Low
INV001422,2023-04-30,STR11,PRD106,12,4172.28,30,OK
INV001423,2023-04-30,STR11,PRD064,125,21708.75,5,OK
INV001424,2023-04-30,STR11,PRD058,124,6258.28,16,OK
INV001425,2023-04-30,STR11,PRD077,25,6763.25,8,OK
INV001426,2023-04-30,STR11,PRD102,58,25549.58,21,OK
INV001427,2023-04-30,STR11,PRD010,138,58847.34,23,OK
INV001428,2023-04-30,STR11,PRD065,37,8271.35,22,OK
INV001429,2023-04-30,STR11,PRD001,56,23588.88,27,OK
INV001430,2023-04-30,STR11,PRD069,70,24148.6,13,OK
INV001431,2023-04-30,STR11,PRD075,102,27958.2,20,OK
INV001432,2023-04-30,STR11,PRD103,84,42306.6,5,OK
INV001433,2023-04-30,STR11,PRD142,145,39730.0,28,OK
INV001434,2023-04-30,STR11,PRD028,52,4092.4,15,OK
INV001435,2023-04-30,STR11,PRD097,43,9876.24,29,OK
INV001436,2023-04-30,STR11,PRD009,12,6316.44,16,OK
INV001437,2023-04-30,STR11,PRD036,31,13740.75,18,OK
INV001438,2023-04-30,STR11,PRD119,54,22293.9,6,OK
INV001439,2023-04-30,STR11,PRD063,30,13003.5,25,OK
INV001440,2023-04-30,STR11,PRD008,44,9981.4,11,OK
INV001441,2023-05-31,STR12,PRD072,9,3655.17,24,Low
INV001442,2023-05-31,STR12,PRD082,101,48776.94,24,OK
INV001443,2023-05-31,STR12,PRD006,80,34728.0,29,OK
INV001444,2023-05-31,STR12,PRD124,22,11642.4,6,OK
INV001445,2023-05-31,STR12,PRD059,11,5113.46,28,OK
INV001446,2023-05-31,STR12,PRD035,39,5981.04,15,OK
INV001447,2023-05-31,STR12,PRD003,90,30272.4,17,OK
INV001448,2023-05-31,STR12,PRD088,125,47187.5,5,OK
INV001449,2023-05-31,STR12,PRD058,111,5602.17,30,OK
INV001450,2023-05-31,STR12,PRD044,61,3195.18,18,OK
INV001451,2023-05-31,STR12,PRD050,8,1167.28,28,Low
INV001452,2023-05-31,STR12,PRD065,11,2459.05,12,OK
INV001453,2023-05-31,STR12,PRD120,102,4271.76,9,OK
INV001454,2023-05-31,STR12,PRD129,145,66591.25,26,OK
INV001455,2023-05-31,STR12,PRD138,132,52479.24,14,OK
INV001456,2023-05-31,STR12,PRD016,147,64681.47,16,OK
INV001457,2023-05-31,STR12,PRD032,38,19747.84,11,OK
INV001458,2023-05-31,STR12,PRD107,0,0.0,18,Out of Stock
INV001459,2023-05-31,STR12,PRD148,29,9348.73,7,OK
INV001460,2023-05-31,STR12,PRD150,83,29445.08,11,OK
INV001461,2023-05-31,STR12,PRD084,22,7096.54,21,OK
INV001462,2023-05-31,STR12,PRD076,8,4173.6,12,Low
INV001463,2023-05-31,STR12,PRD014,0,0.0,25,Out of Stock
INV001464,2023-05-31,STR12,PRD042,144,49065.12,28,OK
INV001465,2023-05-31,STR12,PRD126,102,37077.0,23,OK
INV001466,2023-05-31,STR12,PRD102,77,33919.27,17,OK
INV001467,2023-05-31,STR12,PRD063,16,6935.2,29,OK
INV001468,2023-05-31,STR12,PRD103,108,54394.2,23,OK
INV001469,2023-05-31,STR12,PRD119,125,51606.25,6,OK
INV001470,2023-05-31,STR12,PRD109,144,64524.96,29,OK
INV001471,2023-05-31,STR03,PRD030,38,16911.9,8,OK
INV001472,2023-05-31,STR03,PRD079,73,4947.94,11,OK
INV001473,2023-05-31,STR03,PRD104,129,64748.97,14,OK
INV001474,2023-05-31,STR03,PRD052,111,46631.1,22,OK
INV001475,2023-05-31,STR03,PRD112,1,337.84,7,Low
INV001476,2023-05-31,STR03,PRD021,29,2217.92,22,OK
INV001477,2023-05-31,STR03,PRD037,128,25318.4,6,OK
INV001478,2023-05-31,STR03,PRD044,14,733.32,28,OK
INV001479,2023-05-31,STR03,PRD105,105,21883.05,28,OK
INV001480,2023-05-31,STR03,PRD095,35,6934.55,15,OK
INV001481,2023-05-31,STR03,PRD070,111,49044.24,15,OK
INV001482,2023-05-31,STR03,PRD074,1,272.8,16,Low
INV001483,2023-05-31,STR03,PRD139,26,4253.6,10,OK
INV001484,2023-05-31,STR03,PRD106,119,41375.11,6,OK
INV001485,2023-05-31,STR03,PRD016,143,62921.43,26,OK
INV001486,2023-05-31,STR03,PRD143,71,12951.11,7,OK
INV001487,2023-05-31,STR03,PRD102,16,7048.16,18,OK
INV001488,2023-05-31,STR03,PRD082,100,48294.0,16,OK
INV001489,2023-05-31,STR03,PRD080,46,20793.38,15,OK
INV001490,2023-05-31,STR03,PRD150,56,19866.56,8,OK
INV001491,2023-05-31,STR03,PRD023,68,6520.52,19,OK
INV001492,2023-05-31,STR03,PRD035,65,9968.4,12,OK
INV001493,2023-05-31,STR03,PRD098,115,31347.85,6,OK
INV001494,2023-05-31,STR03,PRD127,149,68224.12,7,OK
INV001495,2023-05-31,STR03,PRD086,86,40466.44,19,OK
INV001496,2023-05-31,STR03,PRD085,47,5817.66,8,OK
INV001497,2023-05-31,STR03,PRD015,94,49042.62,30,OK
INV001498,2023-05-31,STR03,PRD058,29,1463.63,11,OK
INV001499,2023-05-31,STR03,PRD133,139,56427.05,13,OK
INV001500,2023-05-31,STR03,PRD024,85,3146.7,14,OK
INV001501,2023-05-31,STR11,PRD032,15,7795.2,28,OK
INV001502,2023-05-31,STR11,PRD010,118,50318.74,18,OK
INV001503,2023-05-31,STR11,PRD040,87,30247.29,11,OK
INV001504,2023-05-31,STR11,PRD087,7,559.79,15,Low
INV001505,2023-05-31,STR11,PRD054,46,22964.58,16,OK
INV001506,2023-05-31,STR11,PRD039,140,45242.4,23,OK
INV001507,2023-05-31,STR11,PRD123,55,4555.65,5,OK
INV001508,2023-05-31,STR11,PRD147,47,3446.98,27,OK
INV001509,2023-05-31,STR11,PRD118,128,47804.16,11,OK
INV001510,2023-05-31,STR11,PRD012,81,4953.96,14,OK
INV001511,2023-05-31,STR11,PRD029,135,34493.85,14,OK
INV001512,2023-05-31,STR11,PRD048,33,3318.81,21,OK
INV001513,2023-05-31,STR11,PRD104,97,48687.21,26,OK
INV001514,2023-05-31,STR11,PRD038,21,6555.57,26,OK
INV001515,2023-05-31,STR11,PRD137,26,12519.52,6,OK
INV001516,2023-05-31,STR11,PRD149,47,14971.38,20,OK
INV001517,2023-05-31,STR11,PRD008,102,23138.7,24,OK
INV001518,2023-05-31,STR11,PRD125,139,26865.92,29,OK
INV001519,2023-05-31,STR11,PRD142,20,5480.0,20,OK
INV001520,2023-05-31,STR11,PRD108,124,33187.36,14,OK
INV001521,2023-05-31,STR11,PRD086,128,60229.12,6,OK
INV001522,2023-05-31,STR11,PRD077,34,9198.02,30,OK
INV001523,2023-05-31,STR11,PRD139,10,1636.0,14,OK
INV001524,2023-05-31,STR11,PRD030,1,445.05,28,Low
INV001525,2023-05-31,STR11,PRD056,19,9670.24,16,OK
INV001526,2023-05-31,STR11,PRD014,7,438.62,21,Low
INV001527,2023-05-31,STR11,PRD088,82,30955.0,9,OK
INV001528,2023-05-31,STR11,PRD110,91,12250.42,25,OK
INV001529,2023-05-31,STR11,PRD150,0,0.0,6,Out of Stock
INV001530,2023-05-31,STR11,PRD011,112,25869.76,23,OK
INV001531,2023-05-31,STR02,PRD052,18,7561.8,27,OK
INV001532,2023-05-31,STR02,PRD102,5,2202.55,16,Low
INV001533,2023-05-31,STR02,PRD004,73,20312.98,11,OK
INV001534,2023-05-31,STR02,PRD096,17,8862.78,18,OK
INV001535,2023-05-31,STR02,PRD071,128,22947.84,28,OK
INV001536,2023-05-31,STR02,PRD030,80,35604.0,22,OK
INV001537,2023-05-31,STR02,PRD041,67,9127.41,14,OK
INV001538,2023-05-31,STR02,PRD031,80,6939.2,20,OK
INV001539,2023-05-31,STR02,PRD078,17,6926.65,23,OK
INV001540,2023-05-31,STR02,PRD068,93,7325.61,22,OK
INV001541,2023-05-31,STR02,PRD092,20,2657.0,18,OK
INV001542,2023-05-31,STR02,PRD040,111,38591.37,11,OK
INV001543,2023-05-31,STR02,PRD081,40,14503.6,22,OK
INV001544,2023-05-31,STR02,PRD094,36,9540.0,27,OK
INV001545,2023-05-31,STR02,PRD122,148,14705.28,25,OK
INV001546,2023-05-31,STR02,PRD105,68,14171.88,24,OK
INV001547,2023-05-31,STR02,PRD090,108,57797.28,24,OK
INV001548,2023-05-31,STR02,PRD120,34,1423.92,19,OK
INV001549,2023-05-31,STR02,PRD106,85,29553.65,29,OK
INV001550,2023-05-31,STR02,PRD146,145,62774.85,30,OK
INV001551,2023-05-31,STR02,PRD043,33,2593.14,27,OK
INV001552,2023-05-31,STR02,PRD142,10,2740.0,16,OK
INV001553,2023-05-31,STR02,PRD026,56,23802.24,6,OK
INV001554,2023-05-31,STR02,PRD042,89,30324.97,22,OK
INV001555,2023-05-31,STR02,PRD118,19,7095.93,13,OK
INV001556,2023-05-31,STR02,PRD016,115,50601.15,11,OK
INV001557,2023-05-31,STR02,PRD057,35,11864.65,16,OK
INV001558,2023-05-31,STR02,PRD093,2,50.04,25,Low
INV001559,2023-05-31,STR02,PRD037,69,13648.2,30,OK
INV001560,2023-05-31,STR02,PRD130,147,4620.21,18,OK
INV001561,2023-05-31,STR06,PRD115,60,19998.0,18,OK
INV001562,2023-05-31,STR06,PRD004,45,12521.7,12,OK
INV001563,2023-05-31,STR06,PRD127,32,14652.16,26,OK
INV001564,2023-05-31,STR06,PRD041,131,17846.13,19,OK
INV001565,2023-05-31,STR06,PRD013,61,17262.39,19,OK
INV001566,2023-05-31,STR06,PRD058,69,3482.43,26,OK
INV001567,2023-05-31,STR06,PRD105,85,17714.85,29,OK
INV001568,2023-05-31,STR06,PRD094,127,33655.0,15,OK
INV001569,2023-05-31,STR06,PRD110,110,14808.2,30,OK
INV001570,2023-05-31,STR06,PRD006,2,868.2,13,Low
INV001571,2023-05-31,STR06,PRD066,88,30717.28,26,OK
INV001572,2023-05-31,STR06,PRD088,21,7927.5,17,OK
INV001573,2023-05-31,STR06,PRD106,20,6953.8,28,OK
INV001574,2023-05-31,STR06,PRD148,50,16118.5,27,OK
INV001575,2023-05-31,STR06,PRD057,54,18305.46,14,OK
INV001576,2023-05-31,STR06,PRD123,148,12258.84,14,OK
INV001577,2023-05-31,STR06,PRD102,77,33919.27,26,OK
INV001578,2023-05-31,STR06,PRD033,60,6932.4,7,OK
INV001579,2023-05-31,STR06,PRD021,52,3976.96,15,OK
INV001580,2023-05-31,STR06,PRD008,34,7712.9,8,OK
INV001581,2023-05-31,STR06,PRD097,30,6890.4,21,OK
INV001582,2023-05-31,STR06,PRD109,57,25541.13,20,OK
INV001583,2023-05-31,STR06,PRD002,116,53354.2,27,OK
INV001584,2023-05-31,STR06,PRD095,24,4755.12,12,OK
INV001585,2023-05-31,STR06,PRD015,111,57912.03,19,OK
INV001586,2023-05-31,STR06,PRD080,103,46559.09,5,OK
INV001587,2023-05-31,STR06,PRD017,30,1400.1,20,OK
INV001588,2023-05-31,STR06,PRD146,103,44591.79,10,OK
INV001589,2023-05-31,STR06,PRD099,10,1055.6,20,OK
INV001590,2023-05-31,STR06,PRD067,5,700.05,21,Low
INV001591,2023-05-31,STR07,PRD099,113,11928.28,6,OK
INV001592,2023-05-31,STR07,PRD129,3,1377.75,27,Low
INV001593,2023-05-31,STR07,PRD115,30,9999.0,23,OK
INV001594,2023-05-31,STR07,PRD065,69,15424.95,14,OK
INV001595,2023-05-31,STR07,PRD031,85,7372.9,25,OK
INV001596,2023-05-31,STR07,PRD022,58,8983.04,28,OK
INV001597,2023-05-31,STR07,PRD042,83,28280.59,11,OK
INV001598,2023-05-31,STR07,PRD082,130,62782.2,13,OK
INV001599,2023-05-31,STR07,PRD128,101,16410.48,12,OK
INV001600,2023-05-31,STR07,PRD126,138,50163.0,15,OK
INV001601,2023-05-31,STR07,PRD014,29,1817.14,13,OK
INV001602,2023-05-31,STR07,PRD111,63,13800.15,27,OK
INV001603,2023-05-31,STR07,PRD046,105,56819.7,10,OK
INV001604,2023-05-31,STR07,PRD012,11,672.76,21,OK
INV001605,2023-05-31,STR07,PRD112,81,27365.04,30,OK
INV001606,2023-05-31,STR07,PRD001,61,25695.03,27,OK
INV001607,2023-05-31,STR07,PRD130,18,565.74,17,OK
INV001608,2023-05-31,STR07,PRD078,6,2444.7,30,Low
INV001609,2023-05-31,STR07,PRD092,26,3454.1,9,OK
INV001610,2023-05-31,STR07,PRD026,26,11051.04,15,OK
INV001611,2023-05-31,STR07,PRD109,129,57803.61,16,OK
INV001612,2023-05-31,STR07,PRD005,142,63080.66,28,OK
INV001613,2023-05-31,STR07,PRD067,14,1960.14,27,OK
INV001614,2023-05-31,STR07,PRD098,119,32438.21,29,OK
INV001615,2023-05-31,STR07,PRD142,33,9042.0,8,OK
INV001616,2023-05-31,STR07,PRD063,28,12136.6,15,OK
INV001617,2023-05-31,STR07,PRD085,99,12254.22,22,OK
INV001618,2023-05-31,STR07,PRD137,32,15408.64,30,OK
INV001619,2023-05-31,STR07,PRD102,79,34800.29,17,OK
INV001620,2023-05-31,STR07,PRD010,117,49892.31,24,OK
INV001621,2023-05-31,STR13,PRD106,144,50067.36,18,OK
INV001622,2023-05-31,STR13,PRD119,71,29312.35,8,OK
INV001623,2023-05-31,STR13,PRD150,102,36185.52,11,OK
INV001624,2023-05-31,STR13,PRD132,144,33356.16,18,OK
INV001625,2023-05-31,STR13,PRD032,149,77432.32,22,OK
INV001626,2023-05-31,STR13,PRD046,9,4870.26,5,Low
INV001627,2023-05-31,STR13,PRD057,77,26102.23,17,OK
INV001628,2023-05-31,STR13,PRD096,76,39621.84,24,OK
INV001629,2023-05-31,STR13,PRD091,97,13829.29,25,OK
INV001630,2023-05-31,STR13,PRD038,103,32153.51,6,OK
INV001631,2023-05-31,STR13,PRD027,35,7749.0,25,OK
INV001632,2023-05-31,STR13,PRD116,34,12299.5,6,OK
INV001633,2023-05-31,STR13,PRD101,37,4430.38,22,OK
INV001634,2023-05-31,STR13,PRD133,27,10960.65,18,OK
INV001635,2023-05-31,STR13,PRD071,130,23306.4,30,OK
INV001636,2023-05-31,STR13,PRD080,16,7232.48,27,OK
INV001637,2023-05-31,STR13,PRD100,7,2991.45,8,Low
INV001638,2023-05-31,STR13,PRD009,117,61585.29,9,OK
INV001639,2023-05-31,STR13,PRD136,92,28677.32,13,OK
INV001640,2023-05-31,STR13,PRD114,128,34479.36,19,OK
INV001641,2023-05-31,STR13,PRD037,74,14637.2,28,OK
INV001642,2023-05-31,STR13,PRD006,141,61208.1,15,OK
INV001643,2023-05-31,STR13,PRD139,139,22740.4,26,OK
INV001644,2023-05-31,STR13,PRD061,109,56345.37,9,OK
INV001645,2023-05-31,STR13,PRD120,109,4564.92,20,OK
INV001646,2023-05-31,STR13,PRD131,145,26446.55,16,OK
INV001647,2023-05-31,STR13,PRD018,37,19982.59,17,OK
INV001648,2023-05-31,STR13,PRD141,108,21757.68,20,OK
INV001649,2023-05-31,STR13,PRD007,40,20244.4,15,OK
INV001650,2023-05-31,STR13,PRD002,41,18857.95,8,OK
INV001651,2023-05-31,STR19,PRD106,137,47633.53,25,OK
INV001652,2023-05-31,STR19,PRD145,59,27918.8,10,OK
INV001653,2023-05-31,STR19,PRD001,100,42123.0,29,OK
INV001654,2023-05-31,STR19,PRD102,122,53742.22,8,OK
INV001655,2023-05-31,STR19,PRD128,39,6336.72,28,OK
INV001656,2023-05-31,STR19,PRD087,102,8156.94,22,OK
INV001657,2023-05-31,STR19,PRD137,150,72228.0,20,OK
INV001658,2023-05-31,STR19,PRD076,75,39127.5,11,OK
INV001659,2023-05-31,STR19,PRD009,6,3158.22,21,Low
INV001660,2023-05-31,STR19,PRD004,77,21426.02,7,OK
INV001661,2023-05-31,STR19,PRD021,103,7877.44,9,OK
INV001662,2023-05-31,STR19,PRD015,29,15130.17,22,OK
INV001663,2023-05-31,STR19,PRD086,26,12234.04,8,OK
INV001664,2023-05-31,STR19,PRD077,120,32463.6,9,OK
INV001665,2023-05-31,STR19,PRD148,25,8059.25,9,OK
INV001666,2023-05-31,STR19,PRD045,21,7028.91,20,OK
INV001667,2023-05-31,STR19,PRD071,28,5019.84,11,OK
INV001668,2023-05-31,STR19,PRD007,117,59214.87,27,OK
INV001669,2023-05-31,STR19,PRD109,84,37639.56,12,OK
INV001670,2023-05-31,STR19,PRD063,135,58515.75,14,OK
INV001671,2023-05-31,STR19,PRD067,56,7840.56,26,OK
INV001672,2023-05-31,STR19,PRD052,10,4201.0,24,OK
INV001673,2023-05-31,STR19,PRD090,32,17125.12,16,OK
INV001674,2023-05-31,STR19,PRD031,149,12924.26,28,OK
INV001675,2023-05-31,STR19,PRD010,37,15777.91,26,OK
INV001676,2023-05-31,STR19,PRD079,85,5761.3,14,OK
INV001677,2023-05-31,STR19,PRD050,131,19114.21,23,OK
INV001678,2023-05-31,STR19,PRD030,69,30708.45,11,OK
INV001679,2023-05-31,STR19,PRD114,133,35826.21,17,OK
INV001680,2023-05-31,STR19,PRD040,79,27465.93,7,OK
INV001681,2023-05-31,STR05,PRD096,56,29195.04,15,OK
INV001682,2023-05-31,STR05,PRD138,117,46515.69,23,OK
INV001683,2023-05-31,STR05,PRD134,19,7112.27,25,OK
INV001684,2023-05-31,STR05,PRD086,82,38584.28,6,OK
INV001685,2023-05-31,STR05,PRD083,113,60140.86,24,OK
INV001686,2023-05-31,STR05,PRD071,111,19900.08,28,OK
INV001687,2023-05-31,STR05,PRD110,72,9692.64,15,OK
INV001688,2023-05-31,STR05,PRD026,20,8500.8,22,OK
INV001689,2023-05-31,STR05,PRD115,70,23331.0,25,OK
INV001690,2023-05-31,STR05,PRD098,146,39798.14,30,OK
INV001691,2023-05-31,STR05,PRD060,137,37984.62,27,OK
INV001692,2023-05-31,STR05,PRD050,35,5106.85,8,OK
INV001693,2023-05-31,STR05,PRD021,96,7342.08,10,OK
INV001694,2023-05-31,STR05,PRD093,149,3727.98,27,OK
INV001695,2023-05-31,STR05,PRD146,7,3030.51,22,Low
INV001696,2023-05-31,STR05,PRD142,17,4658.0,20,OK
INV001697,2023-05-31,STR05,PRD030,13,5785.65,17,OK
INV001698,2023-05-31,STR05,PRD006,129,55998.9,18,OK
INV001699,2023-05-31,STR05,PRD003,135,45408.6,17,OK
INV001700,2023-05-31,STR05,PRD120,64,2680.32,27,OK
INV001701,2023-05-31,STR05,PRD043,136,10686.88,10,OK
INV001702,2023-05-31,STR05,PRD010,38,16204.34,22,OK
INV001703,2023-05-31,STR05,PRD022,115,17811.2,26,OK
INV001704,2023-05-31,STR05,PRD017,139,6487.13,24,OK
INV001705,2023-05-31,STR05,PRD069,72,24838.56,26,OK
INV001706,2023-05-31,STR05,PRD053,51,2824.38,9,OK
INV001707,2023-05-31,STR05,PRD064,4,694.68,22,Low
INV001708,2023-05-31,STR05,PRD126,146,53071.0,27,OK
INV001709,2023-05-31,STR05,PRD087,23,1839.31,21,OK
INV001710,2023-05-31,STR05,PRD008,75,17013.75,29,OK
INV001711,2023-05-31,STR17,PRD135,75,23415.75,8,OK
INV001712,2023-05-31,STR17,PRD127,143,65476.84,24,OK
INV001713,2023-05-31,STR17,PRD028,76,5981.2,10,OK
INV001714,2023-05-31,STR17,PRD120,22,921.36,30,OK
INV001715,2023-05-31,STR17,PRD089,14,6951.98,10,OK
INV001716,2023-05-31,STR17,PRD045,80,26776.8,26,OK
INV001717,2023-05-31,STR17,PRD019,99,31405.77,8,OK
INV001718,2023-05-31,STR17,PRD134,64,23957.12,20,OK
INV001719,2023-05-31,STR17,PRD102,60,26430.6,25,OK
INV001720,2023-05-31,STR17,PRD123,79,6543.57,26,OK
INV001721,2023-05-31,STR17,PRD009,115,60532.55,8,OK
INV001722,2023-05-31,STR17,PRD075,135,37003.5,28,OK
INV001723,2023-05-31,STR17,PRD129,37,16992.25,11,OK
INV001724,2023-05-31,STR17,PRD059,128,59502.08,19,OK
INV001725,2023-05-31,STR17,PRD140,35,13349.35,11,OK
INV001726,2023-05-31,STR17,PRD047,123,32679.87,7,OK
INV001727,2023-05-31,STR17,PRD147,74,5427.16,10,OK
INV001728,2023-05-31,STR17,PRD016,49,21560.49,28,OK
INV001729,2023-05-31,STR17,PRD024,125,4627.5,25,OK
INV001730,2023-05-31,STR17,PRD073,15,6712.8,14,OK
INV001731,2023-05-31,STR17,PRD092,127,16871.95,30,OK
INV001732,2023-05-31,STR17,PRD008,2,453.7,15,Low
INV001733,2023-05-31,STR17,PRD101,127,15206.98,20,OK
INV001734,2023-05-31,STR17,PRD041,122,16620.06,18,OK
INV001735,2023-05-31,STR17,PRD060,105,29112.3,22,OK
INV001736,2023-05-31,STR17,PRD042,82,27939.86,20,OK
INV001737,2023-05-31,STR17,PRD108,81,21678.84,23,OK
INV001738,2023-05-31,STR17,PRD088,143,53982.5,11,OK
INV001739,2023-05-31,STR17,PRD048,19,1910.83,7,OK
INV001740,2023-05-31,STR17,PRD029,53,13542.03,27,OK
INV001741,2023-05-31,STR01,PRD083,133,70785.26,12,OK
INV001742,2023-05-31,STR01,PRD137,145,69820.4,30,OK
INV001743,2023-05-31,STR01,PRD138,0,0.0,14,Out of Stock
INV001744,2023-05-31,STR01,PRD070,70,30928.8,11,OK
INV001745,2023-05-31,STR01,PRD044,135,7071.3,18,OK
INV001746,2023-05-31,STR01,PRD072,93,37770.09,18,OK
INV001747,2023-05-31,STR01,PRD074,135,36828.0,25,OK
INV001748,2023-05-31,STR01,PRD039,49,15834.84,7,OK
INV001749,2023-05-31,STR01,PRD015,13,6782.49,22,OK
INV001750,2023-05-31,STR01,PRD134,44,16470.52,7,OK
INV001751,2023-05-31,STR01,PRD141,13,2618.98,20,OK
INV001752,2023-05-31,STR01,PRD143,136,24807.76,24,OK
INV001753,2023-05-31,STR01,PRD097,134,30777.12,28,OK
INV001754,2023-05-31,STR01,PRD106,36,12516.84,7,OK
INV001755,2023-05-31,STR01,PRD150,144,51085.44,13,OK
INV001756,2023-05-31,STR01,PRD022,36,5575.68,7,OK
INV001757,2023-05-31,STR01,PRD042,140,47702.2,10,OK
INV001758,2023-05-31,STR01,PRD033,65,7510.1,6,OK
INV001759,2023-05-31,STR01,PRD104,114,57220.02,14,OK
INV001760,2023-05-31,STR01,PRD127,26,11904.88,28,OK
INV001761,2023-05-31,STR01,PRD046,59,31927.26,22,OK
INV001762,2023-05-31,STR01,PRD003,5,1681.8,13,Low
INV001763,2023-05-31,STR01,PRD082,19,9175.86,10,OK
INV001764,2023-05-31,STR01,PRD007,55,27836.05,18,OK
INV001765,2023-05-31,STR01,PRD099,19,2005.64,29,OK
INV001766,2023-05-31,STR01,PRD081,59,21392.81,9,OK
INV001767,2023-05-31,STR01,PRD016,57,25080.57,26,OK
INV001768,2023-05-31,STR01,PRD078,148,60302.6,27,OK
INV001769,2023-05-31,STR01,PRD109,118,52874.62,25,OK
INV001770,2023-05-31,STR01,PRD048,20,2011.4,12,OK
INV001771,2023-05-31,STR15,PRD113,16,2705.92,24,OK
INV001772,2023-05-31,STR15,PRD101,52,6226.48,13,OK
INV001773,2023-05-31,STR15,PRD037,71,14043.8,29,OK
INV001774,2023-05-31,STR15,PRD056,41,20867.36,18,OK
INV001775,2023-05-31,STR15,PRD015,62,32347.26,14,OK
INV001776,2023-05-31,STR15,PRD064,82,14240.94,25,OK
INV001777,2023-05-31,STR15,PRD143,47,8573.27,12,OK
INV001778,2023-05-31,STR15,PRD118,51,19046.97,20,OK
INV001779,2023-05-31,STR15,PRD142,86,23564.0,27,OK
INV001780,2023-05-31,STR15,PRD036,114,50530.5,27,OK
INV001781,2023-05-31,STR15,PRD077,82,22183.46,7,OK
INV001782,2023-05-31,STR15,PRD008,54,12249.9,22,OK
INV001783,2023-05-31,STR15,PRD002,106,48754.7,25,OK
INV001784,2023-05-31,STR15,PRD083,137,72914.14,23,OK
INV001785,2023-05-31,STR15,PRD082,104,50225.76,14,OK
INV001786,2023-05-31,STR15,PRD094,57,15105.0,11,OK
INV001787,2023-05-31,STR15,PRD006,148,64246.8,14,OK
INV001788,2023-05-31,STR15,PRD049,58,2472.54,6,OK
INV001789,2023-05-31,STR15,PRD009,51,26844.87,10,OK
INV001790,2023-05-31,STR15,PRD136,106,33041.26,8,OK
INV001791,2023-05-31,STR15,PRD060,126,34934.76,19,OK
INV001792,2023-05-31,STR15,PRD003,48,16145.28,14,OK
INV001793,2023-05-31,STR15,PRD145,72,34070.4,15,OK
INV001794,2023-05-31,STR15,PRD076,118,61560.6,17,OK
INV001795,2023-05-31,STR15,PRD124,146,77263.2,20,OK
INV001796,2023-05-31,STR15,PRD119,4,1651.4,20,Low
INV001797,2023-05-31,STR15,PRD125,53,10243.84,9,OK
INV001798,2023-05-31,STR15,PRD139,20,3272.0,10,OK
INV001799,2023-05-31,STR15,PRD016,133,58521.33,5,OK
INV001800,2023-05-31,STR15,PRD097,77,17685.36,23,OK
INV001801,2023-06-30,STR06,PRD057,84,28475.16,22,OK
INV001802,2023-06-30,STR06,PRD027,143,31660.2,28,OK
INV001803,2023-06-30,STR06,PRD070,101,44625.84,9,OK
INV001804,2023-06-30,STR06,PRD089,53,26318.21,10,OK
INV001805,2023-06-30,STR06,PRD028,50,3935.0,6,OK
INV001806,2023-06-30,STR06,PRD071,116,20796.48,21,OK
INV001807,2023-06-30,STR06,PRD095,4,792.52,29,Low
INV001808,2023-06-30,STR06,PRD052,41,17224.1,18,OK
INV001809,2023-06-30,STR06,PRD100,67,28632.45,17,OK
INV001810,2023-06-30,STR06,PRD037,72,14241.6,22,OK
INV001811,2023-06-30,STR06,PRD010,63,26865.09,17,OK
INV001812,2023-06-30,STR06,PRD134,42,15721.86,5,OK
INV001813,2023-06-30,STR06,PRD064,150,26050.5,22,OK
INV001814,2023-06-30,STR06,PRD098,102,27804.18,24,OK
INV001815,2023-06-30,STR06,PRD025,87,20043.06,9,OK
INV001816,2023-06-30,STR06,PRD148,112,36105.44,6,OK
INV001817,2023-06-30,STR06,PRD097,30,6890.4,12,OK
INV001818,2023-06-30,STR06,PRD051,76,24055.52,18,OK
INV001819,2023-06-30,STR06,PRD002,7,3219.65,17,Low
INV001820,2023-06-30,STR06,PRD023,44,4219.16,7,OK
INV001821,2023-06-30,STR06,PRD069,84,28978.32,24,OK
INV001822,2023-06-30,STR06,PRD142,50,13700.0,23,OK
INV001823,2023-06-30,STR06,PRD026,3,1275.12,27,Low
INV001824,2023-06-30,STR06,PRD104,67,33629.31,26,OK
INV001825,2023-06-30,STR06,PRD041,23,3133.29,12,OK
INV001826,2023-06-30,STR06,PRD080,70,31642.1,18,OK
INV001827,2023-06-30,STR06,PRD044,19,995.22,8,OK
INV001828,2023-06-30,STR06,PRD033,16,1848.64,15,OK
INV001829,2023-06-30,STR06,PRD140,28,10679.48,26,OK
INV001830,2023-06-30,STR06,PRD073,27,12083.04,12,OK
INV001831,2023-06-30,STR17,PRD031,92,7980.08,13,OK
INV001832,2023-06-30,STR17,PRD119,102,42110.7,23,OK
INV001833,2023-06-30,STR17,PRD142,49,13426.0,20,OK
INV001834,2023-06-30,STR17,PRD144,137,21646.0,30,OK
INV001835,2023-06-30,STR17,PRD001,55,23167.65,17,OK
INV001836,2023-06-30,STR17,PRD146,46,19914.78,23,OK
INV001837,2023-06-30,STR17,PRD103,66,33240.9,16,OK
INV001838,2023-06-30,STR17,PRD132,56,12971.84,15,OK
INV001839,2023-06-30,STR17,PRD029,28,7154.28,29,OK
INV001840,2023-06-30,STR17,PRD066,113,39443.78,14,OK
INV001841,2023-06-30,STR17,PRD032,59,30661.12,19,OK
INV001842,2023-06-30,STR17,PRD138,144,57250.08,23,OK
INV001843,2023-06-30,STR17,PRD076,35,18259.5,24,OK
INV001844,2023-06-30,STR17,PRD073,17,7607.84,11,OK
INV001845,2023-06-30,STR17,PRD092,138,18333.3,16,OK
INV001846,2023-06-30,STR17,PRD148,142,45776.54,20,OK
INV001847,2023-06-30,STR17,PRD104,53,26602.29,13,OK
INV001848,2023-06-30,STR17,PRD074,21,5728.8,11,OK
INV001849,2023-06-30,STR17,PRD012,79,4831.64,14,OK
INV001850,2023-06-30,STR17,PRD049,7,298.41,13,Low
INV001851,2023-06-30,STR17,PRD046,147,79547.58,20,OK
INV001852,2023-06-30,STR17,PRD090,30,16054.8,22,OK
INV001853,2023-06-30,STR17,PRD127,46,21062.48,24,OK
INV001854,2023-06-30,STR17,PRD035,65,9968.4,19,OK
INV001855,2023-06-30,STR17,PRD022,95,14713.6,13,OK
INV001856,2023-06-30,STR17,PRD042,44,14992.12,20,OK
INV001857,2023-06-30,STR17,PRD109,37,16579.33,17,OK
INV001858,2023-06-30,STR17,PRD007,80,40488.8,17,OK
INV001859,2023-06-30,STR17,PRD085,42,5198.76,16,OK
INV001860,2023-06-30,STR17,PRD063,142,61549.9,21,OK
INV001861,2023-06-30,STR14,PRD051,149,47161.48,5,OK
INV001862,2023-06-30,STR14,PRD036,84,37233.0,18,OK
INV001863,2023-06-30,STR14,PRD029,141,36026.91,21,OK
INV001864,2023-06-30,STR14,PRD106,29,10083.01,8,OK
INV001865,2023-06-30,STR14,PRD050,82,11964.62,17,OK
INV001866,2023-06-30,STR14,PRD080,42,18985.26,20,OK
INV001867,2023-06-30,STR14,PRD086,82,38584.28,9,OK
INV001868,2023-06-30,STR14,PRD024,49,1813.98,9,OK
INV001869,2023-06-30,STR14,PRD016,112,49281.12,16,OK
INV001870,2023-06-30,STR14,PRD127,131,59982.28,23,OK
INV001871,2023-06-30,STR14,PRD098,28,7632.52,12,OK
INV001872,2023-06-30,STR14,PRD056,144,73290.24,11,OK
INV001873,2023-06-30,STR14,PRD052,78,32767.8,6,OK
INV001874,2023-06-30,STR14,PRD103,132,66481.8,16,OK
INV001875,2023-06-30,STR14,PRD077,49,13255.97,16,OK
INV001876,2023-06-30,STR14,PRD100,58,24786.3,27,OK
INV001877,2023-06-30,STR14,PRD087,19,1519.43,6,OK
INV001878,2023-06-30,STR14,PRD020,137,60778.68,9,OK
INV001879,2023-06-30,STR14,PRD041,63,8582.49,13,OK
INV001880,2023-06-30,STR14,PRD112,148,50000.32,27,OK
INV001881,2023-06-30,STR14,PRD128,97,15760.56,27,OK
INV001882,2023-06-30,STR14,PRD085,30,3713.4,15,OK
INV001883,2023-06-30,STR14,PRD002,123,56573.85,25,OK
INV001884,2023-06-30,STR14,PRD076,82,42779.4,26,OK
INV001885,2023-06-30,STR14,PRD084,88,28386.16,24,OK
INV001886,2023-06-30,STR14,PRD055,99,15744.96,8,OK
INV001887,2023-06-30,STR14,PRD032,114,59243.52,14,OK
INV001888,2023-06-30,STR14,PRD011,143,33030.14,20,OK
INV001889,2023-06-30,STR14,PRD104,38,19073.34,25,OK
INV001890,2023-06-30,STR14,PRD120,107,4481.16,17,OK
INV001891,2023-06-30,STR16,PRD062,42,17328.78,10,OK
INV001892,2023-06-30,STR16,PRD129,73,33525.25,12,OK
INV001893,2023-06-30,STR16,PRD113,138,23338.56,24,OK
INV001894,2023-06-30,STR16,PRD058,42,2119.74,29,OK
INV001895,2023-06-30,STR16,PRD074,100,27280.0,8,OK
INV001896,2023-06-30,STR16,PRD007,82,41501.02,24,OK
INV001897,2023-06-30,STR16,PRD122,83,8246.88,18,OK
INV001898,2023-06-30,STR16,PRD010,89,37952.27,17,OK
INV001899,2023-06-30,STR16,PRD118,70,26142.9,14,OK
INV001900,2023-06-30,STR16,PRD022,124,19205.12,11,OK
INV001901,2023-06-30,STR16,PRD103,5,2518.25,14,Low
INV001902,2023-06-30,STR16,PRD071,2,358.56,17,Low
INV001903,2023-06-30,STR16,PRD075,127,34810.7,29,OK
INV001904,2023-06-30,STR16,PRD144,8,1264.0,25,Low
INV001905,2023-06-30,STR16,PRD092,70,9299.5,17,OK
INV001906,2023-06-30,STR16,PRD133,1,405.95,30,Low
INV001907,2023-06-30,STR16,PRD145,58,27445.6,29,OK
INV001908,2023-06-30,STR16,PRD150,34,12061.84,22,OK
INV001909,2023-06-30,STR16,PRD046,102,55196.28,5,OK
INV001910,2023-06-30,STR16,PRD093,47,1175.94,5,OK
INV001911,2023-06-30,STR16,PRD106,123,42765.87,8,OK
INV001912,2023-06-30,STR16,PRD142,99,27126.0,28,OK
INV001913,2023-06-30,STR16,PRD149,134,42684.36,12,OK
INV001914,2023-06-30,STR16,PRD008,143,32439.55,29,OK
INV001915,2023-06-30,STR16,PRD079,21,1423.38,22,OK
INV001916,2023-06-30,STR16,PRD055,11,1749.44,10,OK
INV001917,2023-06-30,STR16,PRD029,104,26573.04,20,OK
INV001918,2023-06-30,STR16,PRD104,9,4517.37,27,Low
INV001919,2023-06-30,STR16,PRD035,7,1073.52,11,Low
INV001920,2023-06-30,STR16,PRD078,136,55413.2,18,OK
INV001921,2023-06-30,STR18,PRD024,66,2443.32,6,OK
INV001922,2023-06-30,STR18,PRD098,135,36799.65,7,OK
INV001923,2023-06-30,STR18,PRD131,4,729.56,24,Low
INV001924,2023-06-30,STR18,PRD136,10,3117.1,14,OK
INV001925,2023-06-30,STR18,PRD022,85,13164.8,17,OK
INV001926,2023-06-30,STR18,PRD113,26,4397.12,15,OK
INV001927,2023-06-30,STR18,PRD083,24,12773.28,23,OK
INV001928,2023-06-30,STR18,PRD062,77,31769.43,28,OK
INV001929,2023-06-30,STR18,PRD112,31,10473.04,9,OK
INV001930,2023-06-30,STR18,PRD048,111,11163.27,30,OK
INV001931,2023-06-30,STR18,PRD041,18,2452.14,19,OK
INV001932,2023-06-30,STR18,PRD013,4,1131.96,10,Low
INV001933,2023-06-30,STR18,PRD081,105,38071.95,8,OK
INV001934,2023-06-30,STR18,PRD054,12,5990.76,25,OK
INV001935,2023-06-30,STR18,PRD094,76,20140.0,30,OK
INV001936,2023-06-30,STR18,PRD111,103,22562.15,14,OK
INV001937,2023-06-30,STR18,PRD056,83,42243.68,22,OK
INV001938,2023-06-30,STR18,PRD138,72,28625.04,11,OK
INV001939,2023-06-30,STR18,PRD086,3,1411.62,6,Low
INV001940,2023-06-30,STR18,PRD080,108,48819.24,19,OK
INV001941,2023-06-30,STR18,PRD082,139,67128.66,11,OK
INV001942,2023-06-30,STR18,PRD042,62,21125.26,21,OK
INV001943,2023-06-30,STR18,PRD043,6,471.48,28,Low
INV001944,2023-06-30,STR18,PRD102,94,41407.94,29,OK
INV001945,2023-06-30,STR18,PRD003,77,25899.72,11,OK
INV001946,2023-06-30,STR18,PRD150,84,29799.84,24,OK
INV001947,2023-06-30,STR18,PRD074,114,31099.2,13,OK
INV001948,2023-06-30,STR18,PRD124,123,65091.6,10,OK
INV001949,2023-06-30,STR18,PRD006,83,36030.3,23,OK
INV001950,2023-06-30,STR18,PRD046,134,72512.76,19,OK
INV001951,2023-06-30,STR19,PRD089,133,66043.81,6,OK
INV001952,2023-06-30,STR19,PRD043,136,10686.88,5,OK
INV001953,2023-06-30,STR19,PRD054,59,29454.57,11,OK
INV001954,2023-06-30,STR19,PRD057,53,17966.47,11,OK
INV001955,2023-06-30,STR19,PRD134,69,25828.77,7,OK
INV001956,2023-06-30,STR19,PRD029,57,14564.07,20,OK
INV001957,2023-06-30,STR19,PRD120,111,4648.68,24,OK
INV001958,2023-06-30,STR19,PRD103,27,13598.55,23,OK
INV001959,2023-06-30,STR19,PRD090,66,35320.56,18,OK
INV001960,2023-06-30,STR19,PRD037,141,27889.8,16,OK
INV001961,2023-06-30,STR19,PRD034,18,6836.94,19,OK
INV001962,2023-06-30,STR19,PRD098,146,39798.14,18,OK
INV001963,2023-06-30,STR19,PRD124,36,19051.2,21,OK
INV001964,2023-06-30,STR19,PRD130,140,4400.2,21,OK
INV001965,2023-06-30,STR19,PRD055,98,15585.92,26,OK
INV001966,2023-06-30,STR19,PRD148,6,1934.22,22,Low
INV001967,2023-06-30,STR19,PRD082,87,42015.78,14,OK
INV001968,2023-06-30,STR19,PRD041,7,953.61,13,Low
INV001969,2023-06-30,STR19,PRD063,128,55481.6,10,OK
INV001970,2023-06-30,STR19,PRD024,27,999.54,28,OK
INV001971,2023-06-30,STR19,PRD118,35,13071.45,20,OK
INV001972,2023-06-30,STR19,PRD076,133,69386.1,30,OK
INV001973,2023-06-30,STR19,PRD067,56,7840.56,20,OK
INV001974,2023-06-30,STR19,PRD033,42,4852.68,10,OK
INV001975,2023-06-30,STR19,PRD145,54,25552.8,18,OK
INV001976,2023-06-30,STR19,PRD086,148,69639.92,18,OK
INV001977,2023-06-30,STR19,PRD048,108,10861.56,21,OK
INV001978,2023-06-30,STR19,PRD022,73,11306.24,23,OK
INV001979,2023-06-30,STR19,PRD095,131,25955.03,10,OK
INV001980,2023-06-30,STR19,PRD035,79,12115.44,24,OK
INV001981,2023-06-30,STR03,PRD019,72,22840.56,9,OK
INV001982,2023-06-30,STR03,PRD114,92,24782.04,16,OK
INV001983,2023-06-30,STR03,PRD115,96,31996.8,21,OK
INV001984,2023-06-30,STR03,PRD094,57,15105.0,17,OK
INV001985,2023-06-30,STR03,PRD055,54,8588.16,30,OK
INV001986,2023-06-30,STR03,PRD093,2,50.04,22,Low
INV001987,2023-06-30,STR03,PRD018,45,24303.15,6,OK
INV001988,2023-06-30,STR03,PRD054,133,66397.59,20,OK
INV001989,2023-06-30,STR03,PRD132,15,3474.6,25,OK
INV001990,2023-06-30,STR03,PRD032,115,59763.2,8,OK
INV001991,2023-06-30,STR03,PRD062,59,24342.81,18,OK
INV001992,2023-06-30,STR03,PRD021,94,7189.12,22,OK
INV001993,2023-06-30,STR03,PRD131,94,17144.66,27,OK
INV001994,2023-06-30,STR03,PRD035,54,8281.44,25,OK
INV001995,2023-06-30,STR03,PRD123,115,9525.45,14,OK
INV001996,2023-06-30,STR03,PRD091,33,4704.81,23,OK
INV001997,2023-06-30,STR03,PRD124,56,29635.2,23,OK
INV001998,2023-06-30,STR03,PRD039,32,10341.12,24,OK
INV001999,2023-06-30,STR03,PRD038,86,26846.62,20,OK
INV002000,2023-06-30,STR03,PRD109,86,38535.74,10,OK
INV002001,2023-06-30,STR03,PRD046,48,25974.72,11,OK
INV002002,2023-06-30,STR03,PRD084,68,21934.76,27,OK
INV002003,2023-06-30,STR03,PRD081,26,9427.34,21,OK
INV002004,2023-06-30,STR03,PRD024,70,2591.4,10,OK
INV002005,2023-06-30,STR03,PRD116,38,13746.5,14,OK
INV002006,2023-06-30,STR03,PRD140,87,33182.67,9,OK
INV002007,2023-06-30,STR03,PRD058,30,1514.1,23,OK
INV002008,2023-06-30,STR03,PRD097,104,23886.72,8,OK
INV002009,2023-06-30,STR03,PRD147,115,8434.1,18,OK
INV002010,2023-06-30,STR03,PRD112,48,16216.32,30,OK
INV002011,2023-06-30,STR11,PRD090,110,58867.6,24,OK
INV002012,2023-06-30,STR11,PRD099,116,12244.96,12,OK
INV002013,2023-06-30,STR11,PRD056,142,72272.32,24,OK
INV002014,2023-06-30,STR11,PRD121,141,28057.59,28,OK
INV002015,2023-06-30,STR11,PRD137,7,3370.64,29,Low
INV002016,2023-06-30,STR11,PRD010,135,57568.05,9,OK
INV002017,2023-06-30,STR11,PRD039,36,11633.76,6,OK
INV002018,2023-06-30,STR11,PRD037,120,23736.0,16,OK
INV002019,2023-06-30,STR11,PRD012,11,672.76,10,OK
INV002020,2023-06-30,STR11,PRD009,10,5263.7,19,OK
INV002021,2023-06-30,STR11,PRD043,74,5814.92,29,OK
INV002022,2023-06-30,STR11,PRD122,20,1987.2,8,OK
INV002023,2023-06-30,STR11,PRD014,33,2067.78,12,OK
INV002024,2023-06-30,STR11,PRD013,111,31411.89,25,OK
INV002025,2023-06-30,STR11,PRD069,132,45537.36,27,OK
INV002026,2023-06-30,STR11,PRD134,21,7860.93,23,OK
INV002027,2023-06-30,STR11,PRD119,48,19816.8,7,OK
INV002028,2023-06-30,STR11,PRD046,110,59525.4,8,OK
INV002029,2023-06-30,STR11,PRD130,100,3143.0,11,OK
INV002030,2023-06-30,STR11,PRD117,9,2626.38,25,Low
INV002031,2023-06-30,STR11,PRD064,143,24834.81,26,OK
INV002032,2023-06-30,STR11,PRD054,98,48924.54,28,OK
INV002033,2023-06-30,STR11,PRD021,86,6577.28,22,OK
INV002034,2023-06-30,STR11,PRD114,63,16970.31,21,OK
INV002035,2023-06-30,STR11,PRD125,40,7731.2,7,OK
INV002036,2023-06-30,STR11,PRD084,74,23870.18,10,OK
INV002037,2023-06-30,STR11,PRD097,22,5052.96,15,OK
INV002038,2023-06-30,STR11,PRD075,65,17816.5,19,OK
INV002039,2023-06-30,STR11,PRD101,25,2993.5,18,OK
INV002040,2023-06-30,STR11,PRD067,21,2940.21,13,OK
INV002041,2023-06-30,STR20,PRD050,132,19260.12,15,OK
INV002042,2023-06-30,STR20,PRD056,119,60566.24,10,OK
INV002043,2023-06-30,STR20,PRD040,61,21207.87,11,OK
INV002044,2023-06-30,STR20,PRD120,132,5528.16,19,OK
INV002045,2023-06-30,STR20,PRD130,74,2325.82,7,OK
INV002046,2023-06-30,STR20,PRD060,147,40757.22,9,OK
INV002047,2023-06-30,STR20,PRD119,56,23119.6,6,OK
INV002048,2023-06-30,STR20,PRD129,29,13318.25,15,OK
INV002049,2023-06-30,STR20,PRD113,7,1183.84,28,Low
INV002050,2023-06-30,STR20,PRD116,93,33642.75,18,OK
INV002051,2023-06-30,STR20,PRD137,24,11556.48,26,OK
INV002052,2023-06-30,STR20,PRD075,58,15897.8,6,OK
INV002053,2023-06-30,STR20,PRD148,138,44487.06,16,OK
INV002054,2023-06-30,STR20,PRD146,50,21646.5,25,OK
INV002055,2023-06-30,STR20,PRD142,11,3014.0,28,OK
INV002056,2023-06-30,STR20,PRD059,127,59037.22,14,OK
INV002057,2023-06-30,STR20,PRD132,136,31503.04,28,OK
INV002058,2023-06-30,STR20,PRD127,78,35714.64,26,OK
INV002059,2023-06-30,STR20,PRD069,133,45882.34,27,OK
INV002060,2023-06-30,STR20,PRD149,40,12741.6,5,OK
INV002061,2023-06-30,STR20,PRD024,67,2480.34,20,OK
INV002062,2023-06-30,STR20,PRD108,86,23017.04,7,OK
INV002063,2023-06-30,STR20,PRD077,115,31110.95,23,OK
INV002064,2023-06-30,STR20,PRD100,5,2136.75,30,Low
INV002065,2023-06-30,STR20,PRD034,134,50897.22,9,OK
INV002066,2023-06-30,STR20,PRD133,111,45060.45,26,OK
INV002067,2023-06-30,STR20,PRD036,78,34573.5,28,OK
INV002068,2023-06-30,STR20,PRD104,18,9034.74,10,OK
INV002069,2023-06-30,STR20,PRD099,126,13300.56,13,OK
INV002070,2023-06-30,STR20,PRD057,142,48136.58,30,OK
INV002071,2023-06-30,STR01,PRD118,135,50418.45,18,OK
INV002072,2023-06-30,STR01,PRD137,60,28891.2,28,OK
INV002073,2023-06-30,STR01,PRD098,119,32438.21,9,OK
INV002074,2023-06-30,STR01,PRD026,116,49304.64,29,OK
INV002075,2023-06-30,STR01,PRD061,58,29981.94,21,OK
INV002076,2023-06-30,STR01,PRD065,22,4918.1,19,OK
INV002077,2023-06-30,STR01,PRD064,150,26050.5,21,OK
INV002078,2023-06-30,STR01,PRD012,131,8011.96,25,OK
INV002079,2023-06-30,STR01,PRD018,3,1620.21,6,Low
INV002080,2023-06-30,STR01,PRD121,77,15322.23,5,OK
INV002081,2023-06-30,STR01,PRD109,7,3136.63,12,Low
INV002082,2023-06-30,STR01,PRD085,10,1237.8,29,OK
INV002083,2023-06-30,STR01,PRD114,149,40136.13,16,OK
INV002084,2023-06-30,STR01,PRD103,36,18131.4,25,OK
INV002085,2023-06-30,STR01,PRD041,140,19072.2,25,OK
INV002086,2023-06-30,STR01,PRD046,1,541.14,30,Low
INV002087,2023-06-30,STR01,PRD102,116,51099.16,21,OK
INV002088,2023-06-30,STR01,PRD070,141,62299.44,25,OK
INV002089,2023-06-30,STR01,PRD093,122,3052.44,27,OK
INV002090,2023-06-30,STR01,PRD060,145,40202.7,30,OK
INV002091,2023-06-30,STR01,PRD034,20,7596.6,7,OK
INV002092,2023-06-30,STR01,PRD016,68,29920.68,22,OK
INV002093,2023-06-30,STR01,PRD027,56,12398.4,13,OK
INV002094,2023-06-30,STR01,PRD099,107,11294.92,22,OK
INV002095,2023-06-30,STR01,PRD076,38,19824.6,6,OK
INV002096,2023-06-30,STR01,PRD035,93,14262.48,25,OK
INV002097,2023-06-30,STR01,PRD113,58,9808.96,13,OK
INV002098,2023-06-30,STR01,PRD007,28,14171.08,30,OK
INV002099,2023-06-30,STR01,PRD120,43,1800.84,11,OK
INV002100,2023-06-30,STR01,PRD088,32,12080.0,20,OK
INV002101,2023-06-30,STR02,PRD018,102,55087.14,27,OK
INV002102,2023-06-30,STR02,PRD023,43,4123.27,9,OK
INV002103,2023-06-30,STR02,PRD115,105,34996.5,10,OK
INV002104,2023-06-30,STR02,PRD074,150,40920.0,8,OK
INV002105,2023-06-30,STR02,PRD150,54,19157.04,28,OK
INV002106,2023-06-30,STR02,PRD070,14,6185.76,24,OK
INV002107,2023-06-30,STR02,PRD123,101,8365.83,26,OK
INV002108,2023-06-30,STR02,PRD090,88,47094.08,9,OK
INV002109,2023-06-30,STR02,PRD012,19,1162.04,8,OK
INV002110,2023-06-30,STR02,PRD132,6,1389.84,19,Low
INV002111,2023-06-30,STR02,PRD003,135,45408.6,7,OK
INV002112,2023-06-30,STR02,PRD029,93,23762.43,25,OK
INV002113,2023-06-30,STR02,PRD136,117,36470.07,25,OK
INV002114,2023-06-30,STR02,PRD109,15,6721.35,14,OK
INV002115,2023-06-30,STR02,PRD045,22,7363.62,9,OK
INV002116,2023-06-30,STR02,PRD047,109,28960.21,16,OK
INV002117,2023-06-30,STR02,PRD101,128,15326.72,17,OK
INV002118,2023-06-30,STR02,PRD008,114,25860.9,21,OK
INV002119,2023-06-30,STR02,PRD128,123,19985.04,9,OK
INV002120,2023-06-30,STR02,PRD098,75,20444.25,10,OK
INV002121,2023-06-30,STR02,PRD060,59,16358.34,10,OK
INV002122,2023-06-30,STR02,PRD110,4,538.48,5,Low
INV002123,2023-06-30,STR02,PRD088,44,16610.0,24,OK
INV002124,2023-06-30,STR02,PRD021,79,6041.92,17,OK
INV002125,2023-06-30,STR02,PRD001,97,40859.31,24,OK
INV002126,2023-06-30,STR02,PRD111,101,22124.05,29,OK
INV002127,2023-06-30,STR02,PRD104,105,52702.65,15,OK
INV002128,2023-06-30,STR02,PRD129,0,0.0,10,Out of Stock
INV002129,2023-06-30,STR02,PRD112,143,48311.12,26,OK
INV002130,2023-06-30,STR02,PRD066,98,34207.88,10,OK
INV002131,2023-06-30,STR10,PRD147,27,1980.18,28,OK
INV002132,2023-06-30,STR10,PRD129,8,3674.0,27,Low
INV002133,2023-06-30,STR10,PRD028,139,10939.3,12,OK
INV002134,2023-06-30,STR10,PRD065,47,10506.85,18,OK
INV002135,2023-06-30,STR10,PRD075,16,4385.6,9,OK
INV002136,2023-06-30,STR10,PRD056,127,64637.92,30,OK
INV002137,2023-06-30,STR10,PRD088,21,7927.5,21,OK
INV002138,2023-06-30,STR10,PRD150,64,22704.64,17,OK
INV002139,2023-06-30,STR10,PRD134,141,52780.53,14,OK
INV002140,2023-06-30,STR10,PRD031,37,3209.38,23,OK
INV002141,2023-06-30,STR10,PRD100,75,32051.25,29,OK
INV002142,2023-06-30,STR10,PRD131,145,26446.55,5,OK
INV002143,2023-06-30,STR10,PRD093,24,600.48,18,OK
INV002144,2023-06-30,STR10,PRD133,29,11772.55,19,OK
INV002145,2023-06-30,STR10,PRD016,29,12760.29,26,OK
INV002146,2023-06-30,STR10,PRD081,15,5438.85,28,OK
INV002147,2023-06-30,STR10,PRD003,57,19172.52,21,OK
INV002148,2023-06-30,STR10,PRD122,109,10830.24,11,OK
INV002149,2023-06-30,STR10,PRD096,3,1564.02,18,Low
INV002150,2023-06-30,STR10,PRD061,96,49625.28,10,OK
INV002151,2023-06-30,STR10,PRD057,32,10847.68,26,OK
INV002152,2023-06-30,STR10,PRD011,91,21019.18,9,OK
INV002153,2023-06-30,STR10,PRD143,6,1094.46,28,Low
INV002154,2023-06-30,STR10,PRD102,105,46253.55,13,OK
INV002155,2023-06-30,STR10,PRD085,65,8045.7,16,OK
INV002156,2023-06-30,STR10,PRD017,53,2473.51,29,OK
INV002157,2023-06-30,STR10,PRD107,131,59656.09,28,OK
INV002158,2023-06-30,STR10,PRD063,75,32508.75,16,OK
INV002159,2023-06-30,STR10,PRD049,149,6351.87,9,OK
INV002160,2023-06-30,STR10,PRD103,10,5036.5,16,OK
INV002161,2023-07-31,STR14,PRD010,143,60979.49,14,OK
INV002162,2023-07-31,STR14,PRD021,38,2906.24,12,OK
INV002163,2023-07-31,STR14,PRD122,5,496.8,23,Low
INV002164,2023-07-31,STR14,PRD054,82,40936.86,13,OK
INV002165,2023-07-31,STR14,PRD121,118,23480.82,20,OK
INV002166,2023-07-31,STR14,PRD053,6,332.28,8,Low
INV002167,2023-07-31,STR14,PRD136,105,32729.55,26,OK
INV002168,2023-07-31,STR14,PRD059,10,4648.6,15,OK
INV002169,2023-07-31,STR14,PRD105,64,13338.24,17,OK
INV002170,2023-07-31,STR14,PRD089,22,10924.54,14,OK
INV002171,2023-07-31,STR14,PRD022,28,4336.64,13,OK
INV002172,2023-07-31,STR14,PRD031,112,9714.88,27,OK
INV002173,2023-07-31,STR14,PRD029,145,37048.95,15,OK
INV002174,2023-07-31,STR14,PRD005,85,37759.55,9,OK
INV002175,2023-07-31,STR14,PRD011,77,17785.46,20,OK
INV002176,2023-07-31,STR14,PRD120,88,3685.44,17,OK
INV002177,2023-07-31,STR14,PRD127,35,16025.8,28,OK
INV002178,2023-07-31,STR14,PRD012,41,2507.56,20,OK
INV002179,2023-07-31,STR14,PRD079,16,1084.48,18,OK
INV002180,2023-07-31,STR14,PRD111,28,6133.4,17,OK
INV002181,2023-07-31,STR14,PRD030,31,13796.55,14,OK
INV002182,2023-07-31,STR14,PRD090,130,69570.8,12,OK
INV002183,2023-07-31,STR14,PRD124,86,45511.2,10,OK
INV002184,2023-07-31,STR14,PRD035,97,14875.92,28,OK
INV002185,2023-07-31,STR14,PRD066,116,40490.96,25,OK
INV002186,2023-07-31,STR14,PRD060,47,13031.22,5,OK
INV002187,2023-07-31,STR14,PRD138,4,1590.28,18,Low
INV002188,2023-07-31,STR14,PRD042,17,5792.41,27,OK
INV002189,2023-07-31,STR14,PRD106,89,30944.41,15,OK
INV002190,2023-07-31,STR14,PRD026,69,29327.76,18,OK
INV002191,2023-07-31,STR09,PRD069,60,20698.8,10,OK
INV002192,2023-07-31,STR09,PRD010,86,36672.98,9,OK
INV002193,2023-07-31,STR09,PRD004,88,24486.88,17,OK
INV002194,2023-07-31,STR09,PRD057,48,16271.52,15,OK
INV002195,2023-07-31,STR09,PRD036,94,41665.5,6,OK
INV002196,2023-07-31,STR09,PRD132,30,6949.2,14,OK
INV002197,2023-07-31,STR09,PRD123,51,4224.33,14,OK
INV002198,2023-07-31,STR09,PRD063,28,12136.6,9,OK
INV002199,2023-07-31,STR09,PRD066,68,23736.08,14,OK
INV002200,2023-07-31,STR09,PRD107,11,5009.29,16,OK
INV002201,2023-07-31,STR09,PRD140,19,7246.79,28,OK
INV002202,2023-07-31,STR09,PRD034,61,23169.63,21,OK
INV002203,2023-07-31,STR09,PRD032,63,32739.84,9,OK
INV002204,2023-07-31,STR09,PRD005,143,63524.89,9,OK
INV002205,2023-07-31,STR09,PRD077,42,11362.26,14,OK
INV002206,2023-07-31,STR09,PRD029,49,12519.99,28,OK
INV002207,2023-07-31,STR09,PRD022,95,14713.6,25,OK
INV002208,2023-07-31,STR09,PRD001,94,39595.62,8,OK
INV002209,2023-07-31,STR09,PRD025,25,5759.5,29,OK
INV002210,2023-07-31,STR09,PRD024,54,1999.08,23,OK
INV002211,2023-07-31,STR09,PRD027,138,30553.2,15,OK
INV002212,2023-07-31,STR09,PRD097,140,32155.2,13,OK
INV002213,2023-07-31,STR09,PRD124,137,72500.4,10,OK
INV002214,2023-07-31,STR09,PRD068,129,10161.33,15,OK
INV002215,2023-07-31,STR09,PRD067,121,16941.21,11,OK
INV002216,2023-07-31,STR09,PRD087,51,4078.47,28,OK
INV002217,2023-07-31,STR09,PRD015,24,12521.52,21,OK
INV002218,2023-07-31,STR09,PRD090,8,4281.28,30,Low
INV002219,2023-07-31,STR09,PRD134,94,35187.02,15,OK
INV002220,2023-07-31,STR09,PRD039,61,19712.76,13,OK
INV002221,2023-07-31,STR16,PRD123,65,5383.95,22,OK
INV002222,2023-07-31,STR16,PRD093,89,2226.78,9,OK
INV002223,2023-07-31,STR16,PRD126,134,48709.0,16,OK
INV002224,2023-07-31,STR16,PRD063,15,6501.75,7,OK
INV002225,2023-07-31,STR16,PRD061,138,71336.34,22,OK
INV002226,2023-07-31,STR16,PRD060,142,39370.92,15,OK
INV002227,2023-07-31,STR16,PRD145,72,34070.4,18,OK
INV002228,2023-07-31,STR16,PRD088,127,47942.5,17,OK
INV002229,2023-07-31,STR16,PRD043,40,3143.2,21,OK
INV002230,2023-07-31,STR16,PRD034,3,1139.49,5,Low
INV002231,2023-07-31,STR16,PRD144,121,19118.0,23,OK
INV002232,2023-07-31,STR16,PRD149,25,7963.5,19,OK
INV002233,2023-07-31,STR16,PRD084,9,2903.13,24,Low
INV002234,2023-07-31,STR16,PRD112,105,35473.2,23,OK
INV002235,2023-07-31,STR16,PRD032,82,42613.76,21,OK
INV002236,2023-07-31,STR16,PRD001,74,31171.02,30,OK
INV002237,2023-07-31,STR16,PRD013,45,12734.55,12,OK
INV002238,2023-07-31,STR16,PRD038,110,34338.7,17,OK
INV002239,2023-07-31,STR16,PRD130,35,1100.05,30,OK
INV002240,2023-07-31,STR16,PRD036,83,36789.75,5,OK
INV002241,2023-07-31,STR16,PRD142,123,33702.0,25,OK
INV002242,2023-07-31,STR16,PRD048,72,7241.04,15,OK
INV002243,2023-07-31,STR16,PRD024,147,5441.94,17,OK
INV002244,2023-07-31,STR16,PRD011,81,18709.38,11,OK
INV002245,2023-07-31,STR16,PRD037,137,27098.6,6,OK
INV002246,2023-07-31,STR16,PRD099,3,316.68,8,Low
INV002247,2023-07-31,STR16,PRD121,111,22087.89,20,OK
INV002248,2023-07-31,STR16,PRD010,132,56288.76,12,OK
INV002249,2023-07-31,STR16,PRD012,36,2201.76,10,OK
INV002250,2023-07-31,STR16,PRD107,140,63754.6,17,OK
INV002251,2023-07-31,STR17,PRD100,61,26068.35,14,OK
INV002252,2023-07-31,STR17,PRD034,86,32665.38,14,OK
INV002253,2023-07-31,STR17,PRD113,77,13022.24,27,OK
INV002254,2023-07-31,STR17,PRD010,17,7249.31,12,OK
INV002255,2023-07-31,STR17,PRD141,54,10878.84,29,OK
INV002256,2023-07-31,STR17,PRD053,96,5316.48,6,OK
INV002257,2023-07-31,STR17,PRD070,42,18557.28,29,OK
INV002258,2023-07-31,STR17,PRD060,15,4158.9,19,OK
INV002259,2023-07-31,STR17,PRD120,136,5695.68,20,OK
INV002260,2023-07-31,STR17,PRD004,121,33669.46,25,OK
INV002261,2023-07-31,STR17,PRD117,144,42022.08,12,OK
INV002262,2023-07-31,STR17,PRD023,118,11315.02,30,OK
INV002263,2023-07-31,STR17,PRD135,6,1873.26,13,Low
INV002264,2023-07-31,STR17,PRD107,17,7741.63,25,OK
INV002265,2023-07-31,STR17,PRD095,0,0.0,30,Out of Stock
INV002266,2023-07-31,STR17,PRD106,141,49024.29,23,OK
INV002267,2023-07-31,STR17,PRD055,100,15904.0,25,OK
INV002268,2023-07-31,STR17,PRD108,91,24355.24,5,OK
INV002269,2023-07-31,STR17,PRD066,43,15009.58,11,OK
INV002270,2023-07-31,STR17,PRD147,95,6967.3,20,OK
INV002271,2023-07-31,STR17,PRD045,1,334.71,22,Low
INV002272,2023-07-31,STR17,PRD054,127,63402.21,18,OK
INV002273,2023-07-31,STR17,PRD146,145,62774.85,30,OK
INV002274,2023-07-31,STR17,PRD085,56,6931.68,13,OK
INV002275,2023-07-31,STR17,PRD067,97,13580.97,29,OK
INV002276,2023-07-31,STR17,PRD011,47,10856.06,17,OK
INV002277,2023-07-31,STR17,PRD103,150,75547.5,16,OK
INV002278,2023-07-31,STR17,PRD130,113,3551.59,17,OK
INV002279,2023-07-31,STR17,PRD134,93,34812.69,7,OK
INV002280,2023-07-31,STR17,PRD019,28,8882.44,16,OK
INV002281,2023-07-31,STR18,PRD082,81,39118.14,24,OK
INV002282,2023-07-31,STR18,PRD095,19,3764.47,20,OK
INV002283,2023-07-31,STR18,PRD076,16,8347.2,28,OK
INV002284,2023-07-31,STR18,PRD134,6,2245.98,20,Low
INV002285,2023-07-31,STR18,PRD072,145,58888.85,10,OK
INV002286,2023-07-31,STR18,PRD138,71,28227.47,11,OK
INV002287,2023-07-31,STR18,PRD023,141,13520.49,10,OK
INV002288,2023-07-31,STR18,PRD127,67,30677.96,21,OK
INV002289,2023-07-31,STR18,PRD105,78,16255.98,10,OK
INV002290,2023-07-31,STR18,PRD106,119,41375.11,9,OK
INV002291,2023-07-31,STR18,PRD110,65,8750.3,18,OK
INV002292,2023-07-31,STR18,PRD083,87,46303.14,10,OK
INV002293,2023-07-31,STR18,PRD109,38,17027.42,29,OK
INV002294,2023-07-31,STR18,PRD144,3,474.0,28,Low
INV002295,2023-07-31,STR18,PRD123,31,2567.73,22,OK
INV002296,2023-07-31,STR18,PRD128,21,3412.08,19,OK
INV002297,2023-07-31,STR18,PRD050,137,19989.67,20,OK
INV002298,2023-07-31,STR18,PRD001,54,22746.42,24,OK
INV002299,2023-07-31,STR18,PRD126,39,14176.5,22,OK
INV002300,2023-07-31,STR18,PRD094,47,12455.0,17,OK
INV002301,2023-07-31,STR18,PRD020,91,40371.24,22,OK
INV002302,2023-07-31,STR18,PRD043,122,9586.76,12,OK
INV002303,2023-07-31,STR18,PRD147,98,7187.32,13,OK
INV002304,2023-07-31,STR18,PRD121,83,16516.17,27,OK
INV002305,2023-07-31,STR18,PRD136,132,41145.72,7,OK
INV002306,2023-07-31,STR18,PRD004,135,37565.1,12,OK
INV002307,2023-07-31,STR18,PRD146,96,41561.28,10,OK
INV002308,2023-07-31,STR18,PRD009,69,36319.53,25,OK
INV002309,2023-07-31,STR18,PRD034,119,45199.77,25,OK
INV002310,2023-07-31,STR18,PRD141,26,5237.96,14,OK
INV002311,2023-07-31,STR05,PRD116,15,5426.25,20,OK
INV002312,2023-07-31,STR05,PRD107,137,62388.43,7,OK
INV002313,2023-07-31,STR05,PRD059,91,42302.26,22,OK
INV002314,2023-07-31,STR05,PRD146,60,25975.8,29,OK
INV002315,2023-07-31,STR05,PRD061,130,67200.9,6,OK
INV002316,2023-07-31,STR05,PRD034,91,34564.53,29,OK
INV002317,2023-07-31,STR05,PRD058,75,3785.25,18,OK
INV002318,2023-07-31,STR05,PRD088,25,9437.5,27,OK
INV002319,2023-07-31,STR05,PRD044,11,576.18,25,OK
INV002320,2023-07-31,STR05,PRD035,149,22850.64,29,OK
INV002321,2023-07-31,STR05,PRD032,3,1559.04,26,Low
INV002322,2023-07-31,STR05,PRD101,91,10896.34,28,OK
INV002323,2023-07-31,STR05,PRD142,59,16166.0,27,OK
INV002324,2023-07-31,STR05,PRD022,63,9757.44,12,OK
INV002325,2023-07-31,STR05,PRD130,127,3991.61,25,OK
INV002326,2023-07-31,STR05,PRD023,20,1917.8,28,OK
INV002327,2023-07-31,STR05,PRD030,56,24922.8,9,OK
INV002328,2023-07-31,STR05,PRD020,55,24400.2,11,OK
INV002329,2023-07-31,STR05,PRD143,120,21889.2,16,OK
INV002330,2023-07-31,STR05,PRD004,110,30608.6,8,OK
INV002331,2023-07-31,STR05,PRD102,125,55063.75,17,OK
INV002332,2023-07-31,STR05,PRD115,132,43995.6,12,OK
INV002333,2023-07-31,STR05,PRD042,50,17036.5,27,OK
INV002334,2023-07-31,STR05,PRD076,48,25041.6,23,OK
INV002335,2023-07-31,STR05,PRD060,87,24121.62,14,OK
INV002336,2023-07-31,STR05,PRD033,85,9820.9,21,OK
INV002337,2023-07-31,STR05,PRD090,42,22476.72,13,OK
INV002338,2023-07-31,STR05,PRD094,11,2915.0,5,OK
INV002339,2023-07-31,STR05,PRD083,127,67591.94,30,OK
INV002340,2023-07-31,STR05,PRD108,131,35060.84,14,OK
INV002341,2023-07-31,STR20,PRD068,15,1181.55,14,OK
INV002342,2023-07-31,STR20,PRD057,35,11864.65,16,OK
INV002343,2023-07-31,STR20,PRD096,122,63603.48,27,OK
INV002344,2023-07-31,STR20,PRD067,10,1400.1,14,OK
INV002345,2023-07-31,STR20,PRD054,148,73886.04,16,OK
INV002346,2023-07-31,STR20,PRD066,34,11868.04,12,OK
INV002347,2023-07-31,STR20,PRD073,72,32221.44,8,OK
INV002348,2023-07-31,STR20,PRD015,134,69911.82,7,OK
INV002349,2023-07-31,STR20,PRD124,11,5821.2,21,OK
INV002350,2023-07-31,STR20,PRD119,105,43349.25,5,OK
INV002351,2023-07-31,STR20,PRD114,105,28283.85,12,OK
INV002352,2023-07-31,STR20,PRD063,143,61983.35,15,OK
INV002353,2023-07-31,STR20,PRD018,146,78850.22,22,OK
INV002354,2023-07-31,STR20,PRD081,63,22843.17,27,OK
INV002355,2023-07-31,STR20,PRD087,57,4558.29,27,OK
INV002356,2023-07-31,STR20,PRD144,114,18012.0,6,OK
INV002357,2023-07-31,STR20,PRD037,101,19977.8,15,OK
INV002358,2023-07-31,STR20,PRD065,6,1341.3,24,Low
INV002359,2023-07-31,STR20,PRD102,131,57706.81,30,OK
INV002360,2023-07-31,STR20,PRD122,43,4272.48,17,OK
INV002361,2023-07-31,STR20,PRD011,2,461.96,19,Low
INV002362,2023-07-31,STR20,PRD021,81,6194.88,7,OK
INV002363,2023-07-31,STR20,PRD089,75,37242.75,11,OK
INV002364,2023-07-31,STR20,PRD076,101,52691.7,11,OK
INV002365,2023-07-31,STR20,PRD079,107,7252.46,15,OK
INV002366,2023-07-31,STR20,PRD121,53,10546.47,19,OK
INV002367,2023-07-31,STR20,PRD120,116,4858.08,26,OK
INV002368,2023-07-31,STR20,PRD101,139,16643.86,19,OK
INV002369,2023-07-31,STR20,PRD109,34,15235.06,27,OK
INV002370,2023-07-31,STR20,PRD083,147,78236.34,19,OK
INV002371,2023-07-31,STR03,PRD115,10,3333.0,6,OK
INV002372,2023-07-31,STR03,PRD119,86,35505.1,16,OK
INV002373,2023-07-31,STR03,PRD095,29,5745.77,14,OK
INV002374,2023-07-31,STR03,PRD147,111,8140.74,16,OK
INV002375,2023-07-31,STR03,PRD107,35,15938.65,10,OK
INV002376,2023-07-31,STR03,PRD083,133,70785.26,24,OK
INV002377,2023-07-31,STR03,PRD005,13,5774.99,28,OK
INV002378,2023-07-31,STR03,PRD094,33,8745.0,12,OK
INV002379,2023-07-31,STR03,PRD122,101,10035.36,27,OK
INV002380,2023-07-31,STR03,PRD099,41,4327.96,10,OK
INV002381,2023-07-31,STR03,PRD025,103,23729.14,21,OK
INV002382,2023-07-31,STR03,PRD058,149,7520.03,17,OK
INV002383,2023-07-31,STR03,PRD097,12,2756.16,9,OK
INV002384,2023-07-31,STR03,PRD125,113,21840.64,8,OK
INV002385,2023-07-31,STR03,PRD037,59,11670.2,22,OK
INV002386,2023-07-31,STR03,PRD124,120,63504.0,24,OK
INV002387,2023-07-31,STR03,PRD077,75,20289.75,11,OK
INV002388,2023-07-31,STR03,PRD098,7,1908.13,13,Low
INV002389,2023-07-31,STR03,PRD075,142,38922.2,9,OK
INV002390,2023-07-31,STR03,PRD069,88,30358.24,25,OK
INV002391,2023-07-31,STR03,PRD053,95,5261.1,22,OK
INV002392,2023-07-31,STR03,PRD079,23,1558.94,16,OK
INV002393,2023-07-31,STR03,PRD148,101,32559.37,5,OK
INV002394,2023-07-31,STR03,PRD136,147,45821.37,23,OK
INV002395,2023-07-31,STR03,PRD012,34,2079.44,15,OK
INV002396,2023-07-31,STR03,PRD002,55,25297.25,22,OK
INV002397,2023-07-31,STR03,PRD050,26,3793.66,15,OK
INV002398,2023-07-31,STR03,PRD062,148,61063.32,25,OK
INV002399,2023-07-31,STR03,PRD038,9,2809.53,9,Low
INV002400,2023-07-31,STR03,PRD010,2,852.86,26,Low
INV002401,2023-07-31,STR19,PRD008,99,22458.15,25,OK
INV002402,2023-07-31,STR19,PRD012,80,4892.8,20,OK
INV002403,2023-07-31,STR19,PRD072,125,50766.25,15,OK
INV002404,2023-07-31,STR19,PRD078,61,24854.45,19,OK
INV002405,2023-07-31,STR19,PRD041,45,6130.35,21,OK
INV002406,2023-07-31,STR19,PRD115,103,34329.9,21,OK
INV002407,2023-07-31,STR19,PRD138,63,25046.91,29,OK
INV002408,2023-07-31,STR19,PRD050,134,19551.94,24,OK
INV002409,2023-07-31,STR19,PRD074,51,13912.8,19,OK
INV002410,2023-07-31,STR19,PRD064,67,11635.89,16,OK
INV002411,2023-07-31,STR19,PRD029,67,17119.17,16,OK
INV002412,2023-07-31,STR19,PRD063,18,7802.1,24,OK
INV002413,2023-07-31,STR19,PRD131,26,4742.14,25,OK
INV002414,2023-07-31,STR19,PRD128,34,5524.32,22,OK
INV002415,2023-07-31,STR19,PRD048,95,9554.15,21,OK
INV002416,2023-07-31,STR19,PRD095,120,23775.6,9,OK
INV002417,2023-07-31,STR19,PRD136,99,30859.29,6,OK
INV002418,2023-07-31,STR19,PRD045,103,34475.13,22,OK
INV002419,2023-07-31,STR19,PRD129,71,32606.75,23,OK
INV002420,2023-07-31,STR19,PRD091,112,15967.84,27,OK
INV002421,2023-07-31,STR19,PRD059,45,20918.7,30,OK
INV002422,2023-07-31,STR19,PRD001,134,56444.82,11,OK
INV002423,2023-07-31,STR19,PRD036,131,58065.75,27,OK
INV002424,2023-07-31,STR19,PRD148,146,47066.02,17,OK
INV002425,2023-07-31,STR19,PRD071,123,22051.44,27,OK
INV002426,2023-07-31,STR19,PRD097,38,8727.84,25,OK
INV002427,2023-07-31,STR19,PRD065,138,30849.9,13,OK
INV002428,2023-07-31,STR19,PRD067,137,19181.37,13,OK
INV002429,2023-07-31,STR19,PRD146,8,3463.44,19,Low
INV002430,2023-07-31,STR19,PRD057,9,3050.91,30,Low
INV002431,2023-07-31,STR11,PRD029,14,3577.14,17,OK
INV002432,2023-07-31,STR11,PRD141,87,17527.02,8,OK
INV002433,2023-07-31,STR11,PRD014,105,6579.3,25,OK
INV002434,2023-07-31,STR11,PRD088,148,55870.0,13,OK
INV002435,2023-07-31,STR11,PRD074,25,6820.0,19,OK
INV002436,2023-07-31,STR11,PRD089,16,7945.12,13,OK
INV002437,2023-07-31,STR11,PRD005,25,11105.75,7,OK
INV002438,2023-07-31,STR11,PRD129,42,19288.5,12,OK
INV002439,2023-07-31,STR11,PRD098,103,28076.77,15,OK
INV002440,2023-07-31,STR11,PRD127,11,5036.68,15,OK
INV002441,2023-07-31,STR11,PRD112,60,20270.4,15,OK
INV002442,2023-07-31,STR11,PRD020,75,33273.0,18,OK
INV002443,2023-07-31,STR11,PRD058,60,3028.2,9,OK
INV002444,2023-07-31,STR11,PRD034,61,23169.63,14,OK
INV002445,2023-07-31,STR11,PRD008,9,2041.65,13,Low
INV002446,2023-07-31,STR11,PRD105,60,12504.6,24,OK
INV002447,2023-07-31,STR11,PRD078,139,56635.55,18,OK
INV002448,2023-07-31,STR11,PRD117,25,7295.5,25,OK
INV002449,2023-07-31,STR11,PRD050,40,5836.4,20,OK
INV002450,2023-07-31,STR11,PRD042,137,46680.01,21,OK
INV002451,2023-07-31,STR11,PRD140,90,34326.9,27,OK
INV002452,2023-07-31,STR11,PRD071,34,6095.52,5,OK
INV002453,2023-07-31,STR11,PRD119,35,14449.75,26,OK
INV002454,2023-07-31,STR11,PRD114,83,22357.71,29,OK
INV002455,2023-07-31,STR11,PRD054,22,10983.06,21,OK
INV002456,2023-07-31,STR11,PRD025,109,25111.42,29,OK
INV002457,2023-07-31,STR11,PRD126,73,26535.5,8,OK
INV002458,2023-07-31,STR11,PRD013,75,21224.25,29,OK
INV002459,2023-07-31,STR11,PRD038,127,39645.59,10,OK
INV002460,2023-07-31,STR11,PRD004,24,6678.24,8,OK
INV002461,2023-07-31,STR15,PRD145,94,44480.8,25,OK
INV002462,2023-07-31,STR15,PRD024,83,3072.66,28,OK
INV002463,2023-07-31,STR15,PRD118,97,36226.59,21,OK
INV002464,2023-07-31,STR15,PRD093,15,375.3,25,OK
INV002465,2023-07-31,STR15,PRD071,72,12908.16,14,OK
INV002466,2023-07-31,STR15,PRD080,17,7684.51,21,OK
INV002467,2023-07-31,STR15,PRD032,116,60282.88,18,OK
INV002468,2023-07-31,STR15,PRD066,79,27575.74,21,OK
INV002469,2023-07-31,STR15,PRD017,13,606.71,19,OK
INV002470,2023-07-31,STR15,PRD053,149,8251.62,27,OK
INV002471,2023-07-31,STR15,PRD030,95,42279.75,14,OK
INV002472,2023-07-31,STR15,PRD148,82,26434.34,26,OK
INV002473,2023-07-31,STR15,PRD108,121,32384.44,19,OK
INV002474,2023-07-31,STR15,PRD128,114,18522.72,18,OK
INV002475,2023-07-31,STR15,PRD127,21,9615.48,20,OK
INV002476,2023-07-31,STR15,PRD079,72,4880.16,11,OK
INV002477,2023-07-31,STR15,PRD146,101,43725.93,29,OK
INV002478,2023-07-31,STR15,PRD097,124,28480.32,29,OK
INV002479,2023-07-31,STR15,PRD130,5,157.15,15,Low
INV002480,2023-07-31,STR15,PRD133,80,32476.0,14,OK
INV002481,2023-07-31,STR15,PRD132,28,6485.92,13,OK
INV002482,2023-07-31,STR15,PRD018,23,12421.61,15,OK
INV002483,2023-07-31,STR15,PRD103,7,3525.55,18,Low
INV002484,2023-07-31,STR15,PRD065,127,28390.85,23,OK
INV002485,2023-07-31,STR15,PRD100,132,56410.2,11,OK
INV002486,2023-07-31,STR15,PRD126,9,3271.5,28,Low
INV002487,2023-07-31,STR15,PRD060,22,6099.72,7,OK
INV002488,2023-07-31,STR15,PRD058,76,3835.72,25,OK
INV002489,2023-07-31,STR15,PRD026,46,19551.84,11,OK
INV002490,2023-07-31,STR15,PRD144,61,9638.0,28,OK
INV002491,2023-07-31,STR07,PRD088,41,15477.5,25,OK
INV002492,2023-07-31,STR07,PRD113,133,22492.96,29,OK
INV002493,2023-07-31,STR07,PRD129,9,4133.25,26,Low
INV002494,2023-07-31,STR07,PRD013,57,16130.43,8,OK
INV002495,2023-07-31,STR07,PRD032,98,50928.64,25,OK
INV002496,2023-07-31,STR07,PRD047,65,17269.85,29,OK
INV002497,2023-07-31,STR07,PRD090,71,37996.36,10,OK
INV002498,2023-07-31,STR07,PRD028,90,7083.0,28,OK
INV002499,2023-07-31,STR07,PRD098,22,5996.98,8,OK
INV002500,2023-07-31,STR07,PRD030,51,22697.55,11,OK
INV002501,2023-07-31,STR07,PRD061,22,11372.46,18,OK
INV002502,2023-07-31,STR07,PRD015,42,21912.66,17,OK
INV002503,2023-07-31,STR07,PRD112,54,18243.36,9,OK
INV002504,2023-07-31,STR07,PRD023,125,11986.25,23,OK
INV002505,2023-07-31,STR07,PRD066,0,0.0,12,Out of Stock
INV002506,2023-07-31,STR07,PRD131,55,10031.45,5,OK
INV002507,2023-07-31,STR07,PRD126,78,28353.0,8,OK
INV002508,2023-07-31,STR07,PRD062,12,4951.08,20,OK
INV002509,2023-07-31,STR07,PRD120,92,3852.96,14,OK
INV002510,2023-07-31,STR07,PRD056,128,65146.88,28,OK
INV002511,2023-07-31,STR07,PRD102,28,12334.28,22,OK
INV002512,2023-07-31,STR07,PRD060,16,4436.16,25,OK
INV002513,2023-07-31,STR07,PRD078,108,44004.6,13,OK
INV002514,2023-07-31,STR07,PRD050,48,7003.68,20,OK
INV002515,2023-07-31,STR07,PRD108,145,38807.8,21,OK
INV002516,2023-07-31,STR07,PRD134,100,37433.0,28,OK
INV002517,2023-07-31,STR07,PRD086,124,58346.96,6,OK
INV002518,2023-07-31,STR07,PRD097,100,22968.0,7,OK
INV002519,2023-07-31,STR07,PRD150,15,5321.4,28,OK
INV002520,2023-07-31,STR07,PRD083,96,51093.12,17,OK
INV002521,2023-08-31,STR08,PRD068,57,4489.89,28,OK
INV002522,2023-08-31,STR08,PRD005,1,444.23,13,Low
INV002523,2023-08-31,STR08,PRD011,47,10856.06,9,OK
INV002524,2023-08-31,STR08,PRD007,95,48080.45,23,OK
INV002525,2023-08-31,STR08,PRD119,30,12385.5,10,OK
INV002526,2023-08-31,STR08,PRD039,27,8725.32,25,OK
INV002527,2023-08-31,STR08,PRD098,9,2453.31,16,Low
INV002528,2023-08-31,STR08,PRD127,138,63187.44,12,OK
INV002529,2023-08-31,STR08,PRD041,34,4631.82,12,OK
INV002530,2023-08-31,STR08,PRD083,10,5322.2,19,OK
INV002531,2023-08-31,STR08,PRD104,61,30617.73,21,OK
INV002532,2023-08-31,STR08,PRD015,38,19825.74,10,OK
INV002533,2023-08-31,STR08,PRD086,106,49877.24,20,OK
INV002534,2023-08-31,STR08,PRD080,115,51983.45,25,OK
INV002535,2023-08-31,STR08,PRD078,11,4481.95,30,OK
INV002536,2023-08-31,STR08,PRD031,64,5551.36,7,OK
INV002537,2023-08-31,STR08,PRD102,90,39645.9,10,OK
INV002538,2023-08-31,STR08,PRD128,24,3899.52,27,OK
INV002539,2023-08-31,STR08,PRD123,97,8034.51,22,OK
INV002540,2023-08-31,STR08,PRD135,131,40899.51,22,OK
INV002541,2023-08-31,STR08,PRD056,5,2544.8,30,Low
INV002542,2023-08-31,STR08,PRD079,85,5761.3,30,OK
INV002543,2023-08-31,STR08,PRD140,74,28224.34,30,OK
INV002544,2023-08-31,STR08,PRD062,147,60650.73,15,OK
INV002545,2023-08-31,STR08,PRD112,72,24324.48,8,OK
INV002546,2023-08-31,STR08,PRD016,136,59841.36,6,OK
INV002547,2023-08-31,STR08,PRD021,47,3594.56,26,OK
INV002548,2023-08-31,STR08,PRD035,13,1993.68,19,OK
INV002549,2023-08-31,STR08,PRD051,51,16142.52,16,OK
INV002550,2023-08-31,STR08,PRD065,100,22355.0,20,OK
INV002551,2023-08-31,STR12,PRD073,107,47884.64,22,OK
INV002552,2023-08-31,STR12,PRD018,13,7020.91,16,OK
INV002553,2023-08-31,STR12,PRD024,29,1073.58,7,OK
INV002554,2023-08-31,STR12,PRD084,35,11289.95,28,OK
INV002555,2023-08-31,STR12,PRD065,49,10953.95,30,OK
INV002556,2023-08-31,STR12,PRD069,2,689.96,23,Low
INV002557,2023-08-31,STR12,PRD008,31,7032.35,5,OK
INV002558,2023-08-31,STR12,PRD059,71,33005.06,26,OK
INV002559,2023-08-31,STR12,PRD119,15,6192.75,25,OK
INV002560,2023-08-31,STR12,PRD031,103,8934.22,8,OK
INV002561,2023-08-31,STR12,PRD023,27,2589.03,10,OK
INV002562,2023-08-31,STR12,PRD138,144,57250.08,28,OK
INV002563,2023-08-31,STR12,PRD091,69,9837.33,20,OK
INV002564,2023-08-31,STR12,PRD131,103,18786.17,12,OK
INV002565,2023-08-31,STR12,PRD123,6,496.98,11,Low
INV002566,2023-08-31,STR12,PRD021,38,2906.24,21,OK
INV002567,2023-08-31,STR12,PRD088,4,1510.0,14,Low
INV002568,2023-08-31,STR12,PRD132,83,19226.12,18,OK
INV002569,2023-08-31,STR12,PRD081,24,8702.16,15,OK
INV002570,2023-08-31,STR12,PRD097,114,26183.52,8,OK
INV002571,2023-08-31,STR12,PRD135,150,46831.5,5,OK
INV002572,2023-08-31,STR12,PRD068,2,157.54,14,Low
INV002573,2023-08-31,STR12,PRD108,65,17396.6,28,OK
INV002574,2023-08-31,STR12,PRD115,53,17664.9,14,OK
INV002575,2023-08-31,STR12,PRD122,59,5862.24,19,OK
INV002576,2023-08-31,STR12,PRD045,49,16400.79,30,OK
INV002577,2023-08-31,STR12,PRD101,143,17122.82,26,OK
INV002578,2023-08-31,STR12,PRD048,22,2212.54,30,OK
INV002579,2023-08-31,STR12,PRD075,93,25491.3,21,OK
INV002580,2023-08-31,STR12,PRD033,10,1155.4,26,OK
INV002581,2023-08-31,STR20,PRD022,106,16417.28,21,OK
INV002582,2023-08-31,STR20,PRD021,71,5430.08,24,OK
INV002583,2023-08-31,STR20,PRD084,121,39030.97,17,OK
INV002584,2023-08-31,STR20,PRD032,71,36897.28,18,OK
INV002585,2023-08-31,STR20,PRD025,28,6450.64,18,OK
INV002586,2023-08-31,STR20,PRD085,33,4084.74,26,OK
INV002587,2023-08-31,STR20,PRD136,29,9039.59,19,OK
INV002588,2023-08-31,STR20,PRD058,136,6863.92,17,OK
INV002589,2023-08-31,STR20,PRD010,33,14072.19,24,OK
INV002590,2023-08-31,STR20,PRD126,119,43256.5,19,OK
INV002591,2023-08-31,STR20,PRD007,115,58202.65,16,OK
INV002592,2023-08-31,STR20,PRD142,76,20824.0,20,OK
INV002593,2023-08-31,STR20,PRD062,29,11965.11,24,OK
INV002594,2023-08-31,STR20,PRD135,118,36840.78,25,OK
INV002595,2023-08-31,STR20,PRD081,19,6889.21,21,OK
INV002596,2023-08-31,STR20,PRD077,60,16231.8,19,OK
INV002597,2023-08-31,STR20,PRD116,83,30025.25,9,OK
INV002598,2023-08-31,STR20,PRD067,80,11200.8,6,OK
INV002599,2023-08-31,STR20,PRD091,143,20387.51,14,OK
INV002600,2023-08-31,STR20,PRD106,27,9387.63,29,OK
INV002601,2023-08-31,STR20,PRD051,36,11394.72,7,OK
INV002602,2023-08-31,STR20,PRD094,124,32860.0,10,OK
INV002603,2023-08-31,STR20,PRD089,9,4469.13,9,Low
INV002604,2023-08-31,STR20,PRD124,28,14817.6,17,OK
INV002605,2023-08-31,STR20,PRD070,64,28277.76,24,OK
INV002606,2023-08-31,STR20,PRD030,52,23142.6,9,OK
INV002607,2023-08-31,STR20,PRD134,128,47914.24,26,OK
INV002608,2023-08-31,STR20,PRD033,13,1502.02,6,OK
INV002609,2023-08-31,STR20,PRD078,112,45634.4,25,OK
INV002610,2023-08-31,STR20,PRD009,120,63164.4,8,OK
INV002611,2023-08-31,STR09,PRD113,94,15897.28,16,OK
INV002612,2023-08-31,STR09,PRD028,115,9050.5,24,OK
INV002613,2023-08-31,STR09,PRD102,93,40967.43,16,OK
INV002614,2023-08-31,STR09,PRD092,72,9565.2,9,OK
INV002615,2023-08-31,STR09,PRD070,52,22975.68,17,OK
INV002616,2023-08-31,STR09,PRD105,103,21466.23,10,OK
INV002617,2023-08-31,STR09,PRD129,109,50058.25,6,OK
INV002618,2023-08-31,STR09,PRD003,88,29599.68,12,OK
INV002619,2023-08-31,STR09,PRD065,27,6035.85,19,OK
INV002620,2023-08-31,STR09,PRD148,150,48355.5,20,OK
INV002621,2023-08-31,STR09,PRD101,23,2754.02,25,OK
INV002622,2023-08-31,STR09,PRD060,49,13585.74,17,OK
INV002623,2023-08-31,STR09,PRD055,27,4294.08,25,OK
INV002624,2023-08-31,STR09,PRD018,70,37804.9,30,OK
INV002625,2023-08-31,STR09,PRD082,141,68094.54,13,OK
INV002626,2023-08-31,STR09,PRD100,81,34615.35,20,OK
INV002627,2023-08-31,STR09,PRD098,95,25896.05,9,OK
INV002628,2023-08-31,STR09,PRD013,24,6791.76,24,OK
INV002629,2023-08-31,STR09,PRD005,28,12438.44,29,OK
INV002630,2023-08-31,STR09,PRD104,51,25598.43,18,OK
INV002631,2023-08-31,STR09,PRD107,142,64665.38,23,OK
INV002632,2023-08-31,STR09,PRD029,103,26317.53,22,OK
INV002633,2023-08-31,STR09,PRD040,54,18774.18,30,OK
INV002634,2023-08-31,STR09,PRD120,43,1800.84,8,OK
INV002635,2023-08-31,STR09,PRD061,46,23778.78,24,OK
INV002636,2023-08-31,STR09,PRD030,68,30263.4,11,OK
INV002637,2023-08-31,STR09,PRD035,135,20703.6,23,OK
INV002638,2023-08-31,STR09,PRD046,88,47620.32,16,OK
INV002639,2023-08-31,STR09,PRD073,138,61757.76,6,OK
INV002640,2023-08-31,STR09,PRD004,128,35617.28,12,OK
INV002641,2023-08-31,STR15,PRD097,47,10794.96,15,OK
INV002642,2023-08-31,STR15,PRD074,101,27552.8,19,OK
INV002643,2023-08-31,STR15,PRD044,66,3457.08,10,OK
INV002644,2023-08-31,STR15,PRD037,118,23340.4,5,OK
INV002645,2023-08-31,STR15,PRD069,67,23113.66,12,OK
INV002646,2023-08-31,STR15,PRD112,124,41892.16,23,OK
INV002647,2023-08-31,STR15,PRD122,134,13314.24,21,OK
INV002648,2023-08-31,STR15,PRD134,33,12352.89,13,OK
INV002649,2023-08-31,STR15,PRD031,63,5464.62,22,OK
INV002650,2023-08-31,STR15,PRD017,60,2800.2,25,OK
INV002651,2023-08-31,STR15,PRD136,20,6234.2,16,OK
INV002652,2023-08-31,STR15,PRD038,92,28719.64,11,OK
INV002653,2023-08-31,STR15,PRD086,115,54112.1,18,OK
INV002654,2023-08-31,STR15,PRD096,149,77679.66,21,OK
INV002655,2023-08-31,STR15,PRD099,4,422.24,21,Low
INV002656,2023-08-31,STR15,PRD057,79,26780.21,30,OK
INV002657,2023-08-31,STR15,PRD114,136,36634.32,16,OK
INV002658,2023-08-31,STR15,PRD023,15,1438.35,24,OK
INV002659,2023-08-31,STR15,PRD016,94,41360.94,16,OK
INV002660,2023-08-31,STR15,PRD137,131,63079.12,7,OK
INV002661,2023-08-31,STR15,PRD090,111,59402.76,16,OK
INV002662,2023-08-31,STR15,PRD087,134,10715.98,6,OK
INV002663,2023-08-31,STR15,PRD107,95,43262.05,17,OK
INV002664,2023-08-31,STR15,PRD025,5,1151.9,7,Low
INV002665,2023-08-31,STR15,PRD101,148,17721.52,24,OK
INV002666,2023-08-31,STR15,PRD032,73,37936.64,9,OK
INV002667,2023-08-31,STR15,PRD144,133,21014.0,7,OK
INV002668,2023-08-31,STR15,PRD048,119,11967.83,12,OK
INV002669,2023-08-31,STR15,PRD131,34,6201.26,18,OK
INV002670,2023-08-31,STR15,PRD108,117,31313.88,5,OK
INV002671,2023-08-31,STR10,PRD127,101,46245.88,28,OK
INV002672,2023-08-31,STR10,PRD056,66,33591.36,5,OK
INV002673,2023-08-31,STR10,PRD076,3,1565.1,22,Low
INV002674,2023-08-31,STR10,PRD097,20,4593.6,10,OK
INV002675,2023-08-31,STR10,PRD077,149,40308.97,18,OK
INV002676,2023-08-31,STR10,PRD139,71,11615.6,23,OK
INV002677,2023-08-31,STR10,PRD009,148,77902.76,18,OK
INV002678,2023-08-31,STR10,PRD150,115,40797.4,24,OK
INV002679,2023-08-31,STR10,PRD045,67,22425.57,7,OK
INV002680,2023-08-31,STR10,PRD066,98,34207.88,29,OK
INV002681,2023-08-31,STR10,PRD033,11,1270.94,11,OK
INV002682,2023-08-31,STR10,PRD068,119,9373.63,26,OK
INV002683,2023-08-31,STR10,PRD136,103,32106.13,18,OK
INV002684,2023-08-31,STR10,PRD012,89,5443.24,17,OK
INV002685,2023-08-31,STR10,PRD027,14,3099.6,5,OK
INV002686,2023-08-31,STR10,PRD082,111,53606.34,10,OK
INV002687,2023-08-31,STR10,PRD057,35,11864.65,9,OK
INV002688,2023-08-31,STR10,PRD118,98,36600.06,9,OK
INV002689,2023-08-31,STR10,PRD040,57,19817.19,9,OK
INV002690,2023-08-31,STR10,PRD131,122,22251.58,26,OK
INV002691,2023-08-31,STR10,PRD085,14,1732.92,18,OK
INV002692,2023-08-31,STR10,PRD126,124,45074.0,13,OK
INV002693,2023-08-31,STR10,PRD053,96,5316.48,16,OK
INV002694,2023-08-31,STR10,PRD125,144,27832.32,19,OK
INV002695,2023-08-31,STR10,PRD022,12,1858.56,26,OK
INV002696,2023-08-31,STR10,PRD109,30,13442.7,23,OK
INV002697,2023-08-31,STR10,PRD134,137,51283.21,17,OK
INV002698,2023-08-31,STR10,PRD037,80,15824.0,29,OK
INV002699,2023-08-31,STR10,PRD062,99,40846.41,12,OK
INV002700,2023-08-31,STR10,PRD104,130,65250.9,6,OK
INV002701,2023-08-31,STR16,PRD062,37,15265.83,25,OK
INV002702,2023-08-31,STR16,PRD027,64,14169.6,9,OK
INV002703,2023-08-31,STR16,PRD040,83,28856.61,26,OK
INV002704,2023-08-31,STR16,PRD053,67,3710.46,11,OK
INV002705,2023-08-31,STR16,PRD107,13,5920.07,29,OK
INV002706,2023-08-31,STR16,PRD013,146,41316.54,21,OK
INV002707,2023-08-31,STR16,PRD101,26,3113.24,16,OK
INV002708,2023-08-31,STR16,PRD099,23,2427.88,30,OK
INV002709,2023-08-31,STR16,PRD069,66,22768.68,16,OK
INV002710,2023-08-31,STR16,PRD023,66,6328.74,8,OK
INV002711,2023-08-31,STR16,PRD115,96,31996.8,8,OK
INV002712,2023-08-31,STR16,PRD025,133,30640.54,10,OK
INV002713,2023-08-31,STR16,PRD120,90,3769.2,24,OK
INV002714,2023-08-31,STR16,PRD142,141,38634.0,11,OK
INV002715,2023-08-31,STR16,PRD085,128,15843.84,7,OK
INV002716,2023-08-31,STR16,PRD112,36,12162.24,13,OK
INV002717,2023-08-31,STR16,PRD087,124,9916.28,19,OK
INV002718,2023-08-31,STR16,PRD133,112,45466.4,22,OK
INV002719,2023-08-31,STR16,PRD147,146,10707.64,17,OK
INV002720,2023-08-31,STR16,PRD018,129,69669.03,22,OK
INV002721,2023-08-31,STR16,PRD117,47,13715.54,20,OK
INV002722,2023-08-31,STR16,PRD128,63,10236.24,18,OK
INV002723,2023-08-31,STR16,PRD019,108,34260.84,12,OK
INV002724,2023-08-31,STR16,PRD056,122,62093.12,8,OK
INV002725,2023-08-31,STR16,PRD034,136,51656.88,19,OK
INV002726,2023-08-31,STR16,PRD124,59,31222.8,13,OK
INV002727,2023-08-31,STR16,PRD110,96,12923.52,17,OK
INV002728,2023-08-31,STR16,PRD057,46,15593.54,27,OK
INV002729,2023-08-31,STR16,PRD020,120,53236.8,6,OK
INV002730,2023-08-31,STR16,PRD055,45,7156.8,23,OK
INV002731,2023-08-31,STR07,PRD015,141,73563.93,8,OK
INV002732,2023-08-31,STR07,PRD142,107,29318.0,10,OK
INV002733,2023-08-31,STR07,PRD029,24,6132.24,11,OK
INV002734,2023-08-31,STR07,PRD059,70,32540.2,30,OK
INV002735,2023-08-31,STR07,PRD043,58,4557.64,24,OK
INV002736,2023-08-31,STR07,PRD098,105,28621.95,17,OK
INV002737,2023-08-31,STR07,PRD111,133,29133.65,25,OK
INV002738,2023-08-31,STR07,PRD100,68,29059.8,14,OK
INV002739,2023-08-31,STR07,PRD119,120,49542.0,20,OK
INV002740,2023-08-31,STR07,PRD112,117,39527.28,16,OK
INV002741,2023-08-31,STR07,PRD037,49,9692.2,9,OK
INV002742,2023-08-31,STR07,PRD087,56,4478.32,21,OK
INV002743,2023-08-31,STR07,PRD045,4,1338.84,25,Low
INV002744,2023-08-31,STR07,PRD146,35,15152.55,12,OK
INV002745,2023-08-31,STR07,PRD123,57,4721.31,16,OK
INV002746,2023-08-31,STR07,PRD067,144,20161.44,9,OK
INV002747,2023-08-31,STR07,PRD042,126,42931.98,10,OK
INV002748,2023-08-31,STR07,PRD034,76,28867.08,6,OK
INV002749,2023-08-31,STR07,PRD006,146,63378.6,30,OK
INV002750,2023-08-31,STR07,PRD004,135,37565.1,14,OK
INV002751,2023-08-31,STR07,PRD148,115,37072.55,11,OK
INV002752,2023-08-31,STR07,PRD032,128,66519.04,21,OK
INV002753,2023-08-31,STR07,PRD101,141,16883.34,6,OK
INV002754,2023-08-31,STR07,PRD126,89,32351.5,19,OK
INV002755,2023-08-31,STR07,PRD138,19,7553.83,9,OK
INV002756,2023-08-31,STR07,PRD049,119,5072.97,17,OK
INV002757,2023-08-31,STR07,PRD109,138,61836.42,19,OK
INV002758,2023-08-31,STR07,PRD117,0,0.0,18,Out of Stock
INV002759,2023-08-31,STR07,PRD137,3,1444.56,29,Low
INV002760,2023-08-31,STR07,PRD044,113,5918.94,26,OK
INV002761,2023-08-31,STR04,PRD085,105,12996.9,20,OK
INV002762,2023-08-31,STR04,PRD055,4,636.16,8,Low
INV002763,2023-08-31,STR04,PRD021,83,6347.84,16,OK
INV002764,2023-08-31,STR04,PRD144,62,9796.0,16,OK
INV002765,2023-08-31,STR04,PRD071,124,22230.72,17,OK
INV002766,2023-08-31,STR04,PRD088,128,48320.0,5,OK
INV002767,2023-08-31,STR04,PRD024,139,5145.78,29,OK
INV002768,2023-08-31,STR04,PRD133,6,2435.7,13,Low
INV002769,2023-08-31,STR04,PRD025,68,15665.84,19,OK
INV002770,2023-08-31,STR04,PRD069,150,51747.0,23,OK
INV002771,2023-08-31,STR04,PRD096,127,66210.18,19,OK
INV002772,2023-08-31,STR04,PRD148,20,6447.4,7,OK
INV002773,2023-08-31,STR04,PRD031,135,11709.9,17,OK
INV002774,2023-08-31,STR04,PRD057,90,30509.1,7,OK
INV002775,2023-08-31,STR04,PRD052,73,30667.3,8,OK
INV002776,2023-08-31,STR04,PRD094,115,30475.0,13,OK
INV002777,2023-08-31,STR04,PRD097,3,689.04,13,Low
INV002778,2023-08-31,STR04,PRD073,24,10740.48,18,OK
INV002779,2023-08-31,STR04,PRD119,138,56973.3,21,OK
INV002780,2023-08-31,STR04,PRD012,132,8073.12,20,OK
INV002781,2023-08-31,STR04,PRD104,41,20579.13,24,OK
INV002782,2023-08-31,STR04,PRD026,143,60780.72,11,OK
INV002783,2023-08-31,STR04,PRD044,52,2723.76,29,OK
INV002784,2023-08-31,STR04,PRD122,106,10532.16,17,OK
INV002785,2023-08-31,STR04,PRD109,94,42120.46,11,OK
INV002786,2023-08-31,STR04,PRD029,132,33727.32,5,OK
INV002787,2023-08-31,STR04,PRD045,91,30458.61,20,OK
INV002788,2023-08-31,STR04,PRD143,100,18241.0,23,OK
INV002789,2023-08-31,STR04,PRD008,21,4763.85,24,OK
INV002790,2023-08-31,STR04,PRD090,134,71711.44,13,OK
INV002791,2023-08-31,STR17,PRD095,10,1981.3,17,OK
INV002792,2023-08-31,STR17,PRD001,148,62342.04,7,OK
INV002793,2023-08-31,STR17,PRD107,55,25046.45,9,OK
INV002794,2023-08-31,STR17,PRD056,144,73290.24,25,OK
INV002795,2023-08-31,STR17,PRD128,137,22259.76,16,OK
INV002796,2023-08-31,STR17,PRD061,100,51693.0,26,OK
INV002797,2023-08-31,STR17,PRD040,105,36505.35,16,OK
INV002798,2023-08-31,STR17,PRD108,96,25693.44,24,OK
INV002799,2023-08-31,STR17,PRD104,111,55714.23,13,OK
INV002800,2023-08-31,STR17,PRD150,84,29799.84,5,OK
INV002801,2023-08-31,STR17,PRD091,53,7556.21,30,OK
INV002802,2023-08-31,STR17,PRD115,148,49328.4,25,OK
INV002803,2023-08-31,STR17,PRD003,101,33972.36,17,OK
INV002804,2023-08-31,STR17,PRD114,96,25859.52,26,OK
INV002805,2023-08-31,STR17,PRD045,9,3012.39,9,Low
INV002806,2023-08-31,STR17,PRD015,73,38086.29,21,OK
INV002807,2023-08-31,STR17,PRD063,65,28174.25,8,OK
INV002808,2023-08-31,STR17,PRD074,34,9275.2,24,OK
INV002809,2023-08-31,STR17,PRD041,93,12669.39,21,OK
INV002810,2023-08-31,STR17,PRD075,48,13156.8,6,OK
INV002811,2023-08-31,STR17,PRD028,104,8184.8,18,OK
INV002812,2023-08-31,STR17,PRD036,12,5319.0,24,OK
INV002813,2023-08-31,STR17,PRD002,66,30356.7,30,OK
INV002814,2023-08-31,STR17,PRD088,85,32087.5,13,OK
INV002815,2023-08-31,STR17,PRD025,56,12901.28,13,OK
INV002816,2023-08-31,STR17,PRD050,36,5252.76,10,OK
INV002817,2023-08-31,STR17,PRD092,36,4782.6,8,OK
INV002818,2023-08-31,STR17,PRD079,125,8472.5,23,OK
INV002819,2023-08-31,STR17,PRD096,136,70902.24,21,OK
INV002820,2023-08-31,STR17,PRD047,127,33742.63,10,OK
INV002821,2023-08-31,STR01,PRD010,104,44348.72,8,OK
INV002822,2023-08-31,STR01,PRD055,122,19402.88,8,OK
INV002823,2023-08-31,STR01,PRD027,17,3763.8,24,OK
INV002824,2023-08-31,STR01,PRD056,75,38172.0,6,OK
INV002825,2023-08-31,STR01,PRD131,138,25169.82,13,OK
INV002826,2023-08-31,STR01,PRD076,124,64690.8,5,OK
INV002827,2023-08-31,STR01,PRD003,119,40026.84,11,OK
INV002828,2023-08-31,STR01,PRD101,83,9938.42,22,OK
INV002829,2023-08-31,STR01,PRD128,96,15598.08,9,OK
INV002830,2023-08-31,STR01,PRD074,144,39283.2,23,OK
INV002831,2023-08-31,STR01,PRD008,30,6805.5,9,OK
INV002832,2023-08-31,STR01,PRD045,19,6359.49,29,OK
INV002833,2023-08-31,STR01,PRD044,53,2776.14,27,OK
INV002834,2023-08-31,STR01,PRD112,62,20946.08,10,OK
INV002835,2023-08-31,STR01,PRD088,120,45300.0,16,OK
INV002836,2023-08-31,STR01,PRD025,47,10827.86,11,OK
INV002837,2023-08-31,STR01,PRD093,60,1501.2,14,OK
INV002838,2023-08-31,STR01,PRD146,40,17317.2,10,OK
INV002839,2023-08-31,STR01,PRD103,108,54394.2,23,OK
INV002840,2023-08-31,STR01,PRD085,85,10521.3,22,OK
INV002841,2023-08-31,STR01,PRD138,98,38961.86,29,OK
INV002842,2023-08-31,STR01,PRD105,38,7919.58,27,OK
INV002843,2023-08-31,STR01,PRD077,56,15149.68,19,OK
INV002844,2023-08-31,STR01,PRD016,132,58081.32,21,OK
INV002845,2023-08-31,STR01,PRD125,43,8311.04,27,OK
INV002846,2023-08-31,STR01,PRD041,85,11579.55,28,OK
INV002847,2023-08-31,STR01,PRD072,138,56045.94,5,OK
INV002848,2023-08-31,STR01,PRD136,109,33976.39,13,OK
INV002849,2023-08-31,STR01,PRD023,81,7767.09,8,OK
INV002850,2023-08-31,STR01,PRD050,135,19697.85,9,OK
INV002851,2023-08-31,STR14,PRD065,149,33308.95,27,OK
INV002852,2023-08-31,STR14,PRD132,91,21079.24,13,OK
INV002853,2023-08-31,STR14,PRD055,5,795.2,25,Low
INV002854,2023-08-31,STR14,PRD140,129,49201.89,24,OK
INV002855,2023-08-31,STR14,PRD052,137,57553.7,20,OK
INV002856,2023-08-31,STR14,PRD062,29,11965.11,7,OK
INV002857,2023-08-31,STR14,PRD049,87,3708.81,16,OK
INV002858,2023-08-31,STR14,PRD033,72,8318.88,19,OK
INV002859,2023-08-31,STR14,PRD115,56,18664.8,19,OK
INV002860,2023-08-31,STR14,PRD090,86,46023.76,17,OK
INV002861,2023-08-31,STR14,PRD107,124,56468.36,5,OK
INV002862,2023-08-31,STR14,PRD148,115,37072.55,24,OK
INV002863,2023-08-31,STR14,PRD077,56,15149.68,5,OK
INV002864,2023-08-31,STR14,PRD039,107,34578.12,10,OK
INV002865,2023-08-31,STR14,PRD036,77,34130.25,25,OK
INV002866,2023-08-31,STR14,PRD042,140,47702.2,20,OK
INV002867,2023-08-31,STR14,PRD047,91,24177.79,28,OK
INV002868,2023-08-31,STR14,PRD098,84,22897.56,6,OK
INV002869,2023-08-31,STR14,PRD101,119,14249.06,11,OK
INV002870,2023-08-31,STR14,PRD103,126,63459.9,30,OK
INV002871,2023-08-31,STR14,PRD067,23,3220.23,11,OK
INV002872,2023-08-31,STR14,PRD117,137,39979.34,26,OK
INV002873,2023-08-31,STR14,PRD129,128,58784.0,12,OK
INV002874,2023-08-31,STR14,PRD087,83,6637.51,6,OK
INV002875,2023-08-31,STR14,PRD096,90,46920.6,19,OK
INV002876,2023-08-31,STR14,PRD085,66,8169.48,26,OK
INV002877,2023-08-31,STR14,PRD074,103,28098.4,27,OK
INV002878,2023-08-31,STR14,PRD126,124,45074.0,30,OK
INV002879,2023-08-31,STR14,PRD075,40,10964.0,10,OK
INV002880,2023-08-31,STR14,PRD119,140,57799.0,26,OK
INV002881,2023-09-30,STR04,PRD018,126,68048.82,24,OK
INV002882,2023-09-30,STR04,PRD117,128,37352.96,18,OK
INV002883,2023-09-30,STR04,PRD104,114,57220.02,13,OK
INV002884,2023-09-30,STR04,PRD094,86,22790.0,15,OK
INV002885,2023-09-30,STR04,PRD069,33,11384.34,28,OK
INV002886,2023-09-30,STR04,PRD037,37,7318.6,7,OK
INV002887,2023-09-30,STR04,PRD024,53,1962.06,25,OK
INV002888,2023-09-30,STR04,PRD023,52,4986.28,18,OK
INV002889,2023-09-30,STR04,PRD146,60,25975.8,19,OK
INV002890,2023-09-30,STR04,PRD124,44,23284.8,10,OK
INV002891,2023-09-30,STR04,PRD081,104,37709.36,18,OK
INV002892,2023-09-30,STR04,PRD141,39,7856.94,6,OK
INV002893,2023-09-30,STR04,PRD017,86,4013.62,28,OK
INV002894,2023-09-30,STR04,PRD025,63,14513.94,24,OK
INV002895,2023-09-30,STR04,PRD150,77,27316.52,8,OK
INV002896,2023-09-30,STR04,PRD135,125,39026.25,14,OK
INV002897,2023-09-30,STR04,PRD053,46,2547.48,21,OK
INV002898,2023-09-30,STR04,PRD148,150,48355.5,11,OK
INV002899,2023-09-30,STR04,PRD041,25,3405.75,11,OK
INV002900,2023-09-30,STR04,PRD009,102,53689.74,16,OK
INV002901,2023-09-30,STR04,PRD061,14,7237.02,12,OK
INV002902,2023-09-30,STR04,PRD043,61,4793.38,5,OK
INV002903,2023-09-30,STR04,PRD036,127,56292.75,5,OK
INV002904,2023-09-30,STR04,PRD126,29,10541.5,21,OK
INV002905,2023-09-30,STR04,PRD065,118,26378.9,8,OK
INV002906,2023-09-30,STR04,PRD147,114,8360.76,8,OK
INV002907,2023-09-30,STR04,PRD007,107,54153.77,27,OK
INV002908,2023-09-30,STR04,PRD114,76,20472.12,17,OK
INV002909,2023-09-30,STR04,PRD012,145,8868.2,10,OK
INV002910,2023-09-30,STR04,PRD137,49,23594.48,17,OK
INV002911,2023-09-30,STR03,PRD104,84,42162.12,28,OK
INV002912,2023-09-30,STR03,PRD044,113,5918.94,22,OK
INV002913,2023-09-30,STR03,PRD122,21,2086.56,12,OK
INV002914,2023-09-30,STR03,PRD118,73,27263.31,18,OK
INV002915,2023-09-30,STR03,PRD099,27,2850.12,23,OK
INV002916,2023-09-30,STR03,PRD086,60,28232.4,27,OK
INV002917,2023-09-30,STR03,PRD124,19,10054.8,6,OK
INV002918,2023-09-30,STR03,PRD102,72,31716.72,29,OK
INV002919,2023-09-30,STR03,PRD080,102,46107.06,8,OK
INV002920,2023-09-30,STR03,PRD082,76,36703.44,23,OK
INV002921,2023-09-30,STR03,PRD029,76,19418.76,12,OK
INV002922,2023-09-30,STR03,PRD096,94,49005.96,20,OK
INV002923,2023-09-30,STR03,PRD006,88,38200.8,9,OK
INV002924,2023-09-30,STR03,PRD125,144,27832.32,19,OK
INV002925,2023-09-30,STR03,PRD014,60,3759.6,20,OK
INV002926,2023-09-30,STR03,PRD016,1,440.01,25,Low
INV002927,2023-09-30,STR03,PRD009,46,24213.02,27,OK
INV002928,2023-09-30,STR03,PRD024,49,1813.98,5,OK
INV002929,2023-09-30,STR03,PRD071,25,4482.0,22,OK
INV002930,2023-09-30,STR03,PRD079,72,4880.16,25,OK
INV002931,2023-09-30,STR03,PRD005,13,5774.99,26,OK
INV002932,2023-09-30,STR03,PRD144,96,15168.0,6,OK
INV002933,2023-09-30,STR03,PRD072,49,19900.37,25,OK
INV002934,2023-09-30,STR03,PRD033,119,13749.26,20,OK
INV002935,2023-09-30,STR03,PRD061,102,52726.86,13,OK
INV002936,2023-09-30,STR03,PRD088,133,50207.5,16,OK
INV002937,2023-09-30,STR03,PRD031,86,7459.64,18,OK
INV002938,2023-09-30,STR03,PRD126,27,9814.5,8,OK
INV002939,2023-09-30,STR03,PRD011,71,16399.58,15,OK
INV002940,2023-09-30,STR03,PRD065,56,12518.8,5,OK
INV002941,2023-09-30,STR18,PRD086,29,13645.66,24,OK
INV002942,2023-09-30,STR18,PRD148,109,35138.33,26,OK
INV002943,2023-09-30,STR18,PRD142,71,19454.0,22,OK
INV002944,2023-09-30,STR18,PRD032,61,31700.48,24,OK
INV002945,2023-09-30,STR18,PRD077,63,17043.39,28,OK
INV002946,2023-09-30,STR18,PRD034,100,37983.0,18,OK
INV002947,2023-09-30,STR18,PRD074,40,10912.0,26,OK
INV002948,2023-09-30,STR18,PRD082,121,58435.74,6,OK
INV002949,2023-09-30,STR18,PRD056,142,72272.32,17,OK
INV002950,2023-09-30,STR18,PRD124,11,5821.2,13,OK
INV002951,2023-09-30,STR18,PRD075,63,17268.3,13,OK
INV002952,2023-09-30,STR18,PRD065,42,9389.1,9,OK
INV002953,2023-09-30,STR18,PRD088,59,22272.5,22,OK
INV002954,2023-09-30,STR18,PRD112,0,0.0,27,Out of Stock
INV002955,2023-09-30,STR18,PRD091,3,427.71,30,Low
INV002956,2023-09-30,STR18,PRD003,72,24217.92,30,OK
INV002957,2023-09-30,STR18,PRD122,119,11823.84,23,OK
INV002958,2023-09-30,STR18,PRD097,41,9416.88,22,OK
INV002959,2023-09-30,STR18,PRD137,121,58263.92,14,OK
INV002960,2023-09-30,STR18,PRD093,39,975.78,18,OK
INV002961,2023-09-30,STR18,PRD076,78,40692.6,30,OK
INV002962,2023-09-30,STR18,PRD057,95,32204.05,15,OK
INV002963,2023-09-30,STR18,PRD027,54,11955.6,25,OK
INV002964,2023-09-30,STR18,PRD109,94,42120.46,12,OK
INV002965,2023-09-30,STR18,PRD055,73,11609.92,9,OK
INV002966,2023-09-30,STR18,PRD041,126,17164.98,12,OK
INV002967,2023-09-30,STR18,PRD064,139,24140.13,6,OK
INV002968,2023-09-30,STR18,PRD144,54,8532.0,28,OK
INV002969,2023-09-30,STR18,PRD134,112,41924.96,13,OK
INV002970,2023-09-30,STR18,PRD021,9,688.32,20,Low
INV002971,2023-09-30,STR11,PRD001,55,23167.65,22,OK
INV002972,2023-09-30,STR11,PRD068,86,6774.22,7,OK
INV002973,2023-09-30,STR11,PRD061,92,47557.56,9,OK
INV002974,2023-09-30,STR11,PRD039,84,27145.44,8,OK
INV002975,2023-09-30,STR11,PRD125,87,16815.36,24,OK
INV002976,2023-09-30,STR11,PRD107,80,36431.2,17,OK
INV002977,2023-09-30,STR11,PRD040,92,31985.64,18,OK
INV002978,2023-09-30,STR11,PRD117,124,36185.68,24,OK
INV002979,2023-09-30,STR11,PRD102,114,50218.14,10,OK
INV002980,2023-09-30,STR11,PRD081,9,3263.31,17,Low
INV002981,2023-09-30,STR11,PRD121,61,12138.39,28,OK
INV002982,2023-09-30,STR11,PRD062,120,49510.8,20,OK
INV002983,2023-09-30,STR11,PRD109,138,61836.42,19,OK
INV002984,2023-09-30,STR11,PRD124,107,56624.4,29,OK
INV002985,2023-09-30,STR11,PRD003,138,46417.68,6,OK
INV002986,2023-09-30,STR11,PRD054,3,1497.69,21,Low
INV002987,2023-09-30,STR11,PRD013,130,36788.7,5,OK
INV002988,2023-09-30,STR11,PRD113,120,20294.4,15,OK
INV002989,2023-09-30,STR11,PRD123,85,7040.55,15,OK
INV002990,2023-09-30,STR11,PRD106,34,11821.46,14,OK
INV002991,2023-09-30,STR11,PRD150,106,37604.56,9,OK
INV002992,2023-09-30,STR11,PRD044,146,7647.48,16,OK
INV002993,2023-09-30,STR11,PRD041,26,3541.98,24,OK
INV002994,2023-09-30,STR11,PRD103,132,66481.8,21,OK
INV002995,2023-09-30,STR11,PRD032,101,52487.68,7,OK
INV002996,2023-09-30,STR11,PRD131,53,9666.67,24,OK
INV002997,2023-09-30,STR11,PRD043,27,2121.66,19,OK
INV002998,2023-09-30,STR11,PRD015,73,38086.29,9,OK
INV002999,2023-09-30,STR11,PRD144,83,13114.0,8,OK
INV003000,2023-09-30,STR11,PRD085,69,8540.82,14,OK
INV003001,2023-09-30,STR06,PRD107,21,9563.19,10,OK
INV003002,2023-09-30,STR06,PRD018,86,46446.02,5,OK
INV003003,2023-09-30,STR06,PRD071,109,19541.52,18,OK
INV003004,2023-09-30,STR06,PRD127,11,5036.68,16,OK
INV003005,2023-09-30,STR06,PRD087,17,1359.49,9,OK
INV003006,2023-09-30,STR06,PRD105,79,16464.39,23,OK
INV003007,2023-09-30,STR06,PRD060,131,36321.06,9,OK
INV003008,2023-09-30,STR06,PRD115,50,16665.0,14,OK
INV003009,2023-09-30,STR06,PRD098,123,33528.57,23,OK
INV003010,2023-09-30,STR06,PRD046,149,80629.86,25,OK
INV003011,2023-09-30,STR06,PRD079,147,9963.66,21,OK
INV003012,2023-09-30,STR06,PRD091,32,4562.24,5,OK
INV003013,2023-09-30,STR06,PRD119,6,2477.1,13,Low
INV003014,2023-09-30,STR06,PRD095,94,18624.22,22,OK
INV003015,2023-09-30,STR06,PRD094,61,16165.0,23,OK
INV003016,2023-09-30,STR06,PRD121,43,8556.57,7,OK
INV003017,2023-09-30,STR06,PRD090,127,67965.32,27,OK
INV003018,2023-09-30,STR06,PRD124,85,44982.0,7,OK
INV003019,2023-09-30,STR06,PRD009,36,18949.32,24,OK
INV003020,2023-09-30,STR06,PRD027,132,29224.8,16,OK
INV003021,2023-09-30,STR06,PRD137,64,30817.28,7,OK
INV003022,2023-09-30,STR06,PRD045,140,46859.4,22,OK
INV003023,2023-09-30,STR06,PRD031,88,7633.12,6,OK
INV003024,2023-09-30,STR06,PRD100,111,47435.85,27,OK
INV003025,2023-09-30,STR06,PRD006,46,19968.6,5,OK
INV003026,2023-09-30,STR06,PRD111,21,4600.05,13,OK
INV003027,2023-09-30,STR06,PRD037,115,22747.0,13,OK
INV003028,2023-09-30,STR06,PRD052,144,60494.4,24,OK
INV003029,2023-09-30,STR06,PRD048,30,3017.1,7,OK
INV003030,2023-09-30,STR06,PRD029,101,25806.51,11,OK
INV003031,2023-09-30,STR14,PRD133,119,48308.05,12,OK
INV003032,2023-09-30,STR14,PRD149,107,34083.78,20,OK
INV003033,2023-09-30,STR14,PRD074,29,7911.2,30,OK
INV003034,2023-09-30,STR14,PRD052,15,6301.5,15,OK
INV003035,2023-09-30,STR14,PRD124,110,58212.0,10,OK
INV003036,2023-09-30,STR14,PRD125,23,4445.44,5,OK
INV003037,2023-09-30,STR14,PRD091,25,3564.25,8,OK
INV003038,2023-09-30,STR14,PRD040,131,45544.77,17,OK
INV003039,2023-09-30,STR14,PRD059,84,39048.24,16,OK
INV003040,2023-09-30,STR14,PRD139,62,10143.2,27,OK
INV003041,2023-09-30,STR14,PRD034,120,45579.6,25,OK
INV003042,2023-09-30,STR14,PRD051,107,33867.64,30,OK
INV003043,2023-09-30,STR14,PRD102,75,33038.25,30,OK
INV003044,2023-09-30,STR14,PRD048,91,9151.87,17,OK
INV003045,2023-09-30,STR14,PRD130,102,3205.86,21,OK
INV003046,2023-09-30,STR14,PRD020,48,21294.72,24,OK
INV003047,2023-09-30,STR14,PRD118,24,8963.28,21,OK
INV003048,2023-09-30,STR14,PRD095,14,2773.82,18,OK
INV003049,2023-09-30,STR14,PRD042,5,1703.65,18,Low
INV003050,2023-09-30,STR14,PRD064,43,7467.81,16,OK
INV003051,2023-09-30,STR14,PRD106,85,29553.65,26,OK
INV003052,2023-09-30,STR14,PRD005,32,14215.36,16,OK
INV003053,2023-09-30,STR14,PRD117,41,11964.62,9,OK
INV003054,2023-09-30,STR14,PRD104,147,73783.71,14,OK
INV003055,2023-09-30,STR14,PRD093,66,1651.32,9,OK
INV003056,2023-09-30,STR14,PRD122,21,2086.56,5,OK
INV003057,2023-09-30,STR14,PRD115,148,49328.4,23,OK
INV003058,2023-09-30,STR14,PRD112,24,8108.16,26,OK
INV003059,2023-09-30,STR14,PRD029,26,6643.26,25,OK
INV003060,2023-09-30,STR14,PRD090,0,0.0,30,Out of Stock
INV003061,2023-09-30,STR16,PRD059,107,49740.02,22,OK
INV003062,2023-09-30,STR16,PRD103,135,67992.75,10,OK
INV003063,2023-09-30,STR16,PRD119,87,35917.95,5,OK
INV003064,2023-09-30,STR16,PRD008,32,7259.2,23,OK
INV003065,2023-09-30,STR16,PRD074,90,24552.0,20,OK
INV003066,2023-09-30,STR16,PRD031,32,2775.68,7,OK
INV003067,2023-09-30,STR16,PRD064,93,16151.31,17,OK
INV003068,2023-09-30,STR16,PRD048,45,4525.65,21,OK
INV003069,2023-09-30,STR16,PRD022,75,11616.0,14,OK
INV003070,2023-09-30,STR16,PRD071,60,10756.8,29,OK
INV003071,2023-09-30,STR16,PRD012,50,3058.0,19,OK
INV003072,2023-09-30,STR16,PRD030,14,6230.7,27,OK
INV003073,2023-09-30,STR16,PRD042,130,44294.9,16,OK
INV003074,2023-09-30,STR16,PRD062,23,9489.57,22,OK
INV003075,2023-09-30,STR16,PRD020,101,44807.64,13,OK
INV003076,2023-09-30,STR16,PRD080,17,7684.51,13,OK
INV003077,2023-09-30,STR16,PRD113,88,14882.56,22,OK
INV003078,2023-09-30,STR16,PRD015,101,52694.73,7,OK
INV003079,2023-09-30,STR16,PRD028,80,6296.0,17,OK
INV003080,2023-09-30,STR16,PRD051,144,45578.88,26,OK
INV003081,2023-09-30,STR16,PRD061,67,34634.31,23,OK
INV003082,2023-09-30,STR16,PRD009,78,41056.86,14,OK
INV003083,2023-09-30,STR16,PRD036,108,47871.0,14,OK
INV003084,2023-09-30,STR16,PRD104,60,30115.8,10,OK
INV003085,2023-09-30,STR16,PRD097,100,22968.0,18,OK
INV003086,2023-09-30,STR16,PRD127,99,45330.12,29,OK
INV003087,2023-09-30,STR16,PRD032,65,33779.2,10,OK
INV003088,2023-09-30,STR16,PRD089,26,12910.82,23,OK
INV003089,2023-09-30,STR16,PRD129,26,11940.5,23,OK
INV003090,2023-09-30,STR16,PRD018,133,71829.31,28,OK
INV003091,2023-09-30,STR01,PRD120,25,1047.0,17,OK
INV003092,2023-09-30,STR01,PRD025,49,11288.62,16,OK
INV003093,2023-09-30,STR01,PRD029,127,32449.77,10,OK
INV003094,2023-09-30,STR01,PRD010,53,22600.79,20,OK
INV003095,2023-09-30,STR01,PRD007,43,21762.73,26,OK
INV003096,2023-09-30,STR01,PRD081,90,32633.1,19,OK
INV003097,2023-09-30,STR01,PRD105,140,29177.4,17,OK
INV003098,2023-09-30,STR01,PRD043,92,7229.36,24,OK
INV003099,2023-09-30,STR01,PRD109,126,56459.34,12,OK
INV003100,2023-09-30,STR01,PRD141,53,10677.38,23,OK
INV003101,2023-09-30,STR01,PRD144,106,16748.0,24,OK
INV003102,2023-09-30,STR01,PRD057,41,13898.59,18,OK
INV003103,2023-09-30,STR01,PRD026,20,8500.8,22,OK
INV003104,2023-09-30,STR01,PRD145,130,61516.0,26,OK
INV003105,2023-09-30,STR01,PRD092,46,6111.1,26,OK
INV003106,2023-09-30,STR01,PRD123,54,4472.82,10,OK
INV003107,2023-09-30,STR01,PRD100,125,53418.75,28,OK
INV003108,2023-09-30,STR01,PRD019,98,31088.54,7,OK
INV003109,2023-09-30,STR01,PRD004,48,13356.48,26,OK
INV003110,2023-09-30,STR01,PRD103,86,43313.9,19,OK
INV003111,2023-09-30,STR01,PRD050,51,7441.41,29,OK
INV003112,2023-09-30,STR01,PRD113,80,13529.6,29,OK
INV003113,2023-09-30,STR01,PRD017,134,6253.78,25,OK
INV003114,2023-09-30,STR01,PRD042,105,35776.65,16,OK
INV003115,2023-09-30,STR01,PRD142,29,7946.0,27,OK
INV003116,2023-09-30,STR01,PRD098,46,12539.14,8,OK
INV003117,2023-09-30,STR01,PRD062,70,28881.3,13,OK
INV003118,2023-09-30,STR01,PRD039,112,36193.92,18,OK
INV003119,2023-09-30,STR01,PRD083,89,47367.58,7,OK
INV003120,2023-09-30,STR01,PRD078,23,9371.35,5,OK
INV003121,2023-09-30,STR17,PRD001,63,26537.49,16,OK
INV003122,2023-09-30,STR17,PRD090,23,12308.68,16,OK
INV003123,2023-09-30,STR17,PRD018,36,19442.52,24,OK
INV003124,2023-09-30,STR17,PRD021,6,458.88,11,Low
INV003125,2023-09-30,STR17,PRD067,137,19181.37,12,OK
INV003126,2023-09-30,STR17,PRD011,75,17323.5,26,OK
INV003127,2023-09-30,STR17,PRD053,115,6368.7,10,OK
INV003128,2023-09-30,STR17,PRD113,115,19448.8,7,OK
INV003129,2023-09-30,STR17,PRD064,39,6773.13,14,OK
INV003130,2023-09-30,STR17,PRD105,106,22091.46,6,OK
INV003131,2023-09-30,STR17,PRD099,70,7389.2,24,OK
INV003132,2023-09-30,STR17,PRD075,83,22750.3,30,OK
INV003133,2023-09-30,STR17,PRD097,60,13780.8,28,OK
INV003134,2023-09-30,STR17,PRD143,112,20429.92,25,OK
INV003135,2023-09-30,STR17,PRD045,149,49871.79,17,OK
INV003136,2023-09-30,STR17,PRD150,89,31573.64,25,OK
INV003137,2023-09-30,STR17,PRD046,85,45996.9,28,OK
INV003138,2023-09-30,STR17,PRD101,114,13650.36,28,OK
INV003139,2023-09-30,STR17,PRD139,28,4580.8,16,OK
INV003140,2023-09-30,STR17,PRD128,8,1299.84,12,Low
INV003141,2023-09-30,STR17,PRD114,87,23435.19,24,OK
INV003142,2023-09-30,STR17,PRD111,81,17743.05,19,OK
INV003143,2023-09-30,STR17,PRD088,48,18120.0,25,OK
INV003144,2023-09-30,STR17,PRD016,18,7920.18,28,OK
INV003145,2023-09-30,STR17,PRD025,131,30179.78,17,OK
INV003146,2023-09-30,STR17,PRD147,29,2126.86,9,OK
INV003147,2023-09-30,STR17,PRD035,78,11962.08,18,OK
INV003148,2023-09-30,STR17,PRD130,70,2200.1,30,OK
INV003149,2023-09-30,STR17,PRD066,0,0.0,28,Out of Stock
INV003150,2023-09-30,STR17,PRD123,125,10353.75,5,OK
INV003151,2023-09-30,STR19,PRD001,42,17691.66,30,OK
INV003152,2023-09-30,STR19,PRD150,124,43990.24,9,OK
INV003153,2023-09-30,STR19,PRD149,91,28987.14,20,OK
INV003154,2023-09-30,STR19,PRD148,134,43197.58,23,OK
INV003155,2023-09-30,STR19,PRD008,52,11796.2,26,OK
INV003156,2023-09-30,STR19,PRD074,65,17732.0,28,OK
INV003157,2023-09-30,STR19,PRD055,124,19720.96,13,OK
INV003158,2023-09-30,STR19,PRD125,27,5218.56,13,OK
INV003159,2023-09-30,STR19,PRD141,140,28204.4,14,OK
INV003160,2023-09-30,STR19,PRD016,38,16720.38,13,OK
INV003161,2023-09-30,STR19,PRD057,71,24068.29,28,OK
INV003162,2023-09-30,STR19,PRD082,102,49259.88,17,OK
INV003163,2023-09-30,STR19,PRD088,19,7172.5,24,OK
INV003164,2023-09-30,STR19,PRD111,31,6790.55,20,OK
INV003165,2023-09-30,STR19,PRD040,19,6605.73,18,OK
INV003166,2023-09-30,STR19,PRD144,13,2054.0,7,OK
INV003167,2023-09-30,STR19,PRD049,21,895.23,29,OK
INV003168,2023-09-30,STR19,PRD020,102,45251.28,19,OK
INV003169,2023-09-30,STR19,PRD116,4,1447.0,9,Low
INV003170,2023-09-30,STR19,PRD042,93,31687.89,10,OK
INV003171,2023-09-30,STR19,PRD090,99,52980.84,19,OK
INV003172,2023-09-30,STR19,PRD078,66,26891.7,19,OK
INV003173,2023-09-30,STR19,PRD002,97,44615.15,29,OK
INV003174,2023-09-30,STR19,PRD014,4,250.64,10,Low
INV003175,2023-09-30,STR19,PRD128,91,14785.68,9,OK
INV003176,2023-09-30,STR19,PRD044,56,2933.28,7,OK
INV003177,2023-09-30,STR19,PRD038,137,42767.29,8,OK
INV003178,2023-09-30,STR19,PRD103,5,2518.25,18,Low
INV003179,2023-09-30,STR19,PRD137,10,4815.2,16,OK
INV003180,2023-09-30,STR19,PRD061,72,37218.96,24,OK
INV003181,2023-09-30,STR08,PRD036,47,20832.75,29,OK
INV003182,2023-09-30,STR08,PRD091,135,19246.95,25,OK
INV003183,2023-09-30,STR08,PRD134,111,41550.63,14,OK
INV003184,2023-09-30,STR08,PRD096,112,58390.08,7,OK
INV003185,2023-09-30,STR08,PRD113,22,3720.64,10,OK
INV003186,2023-09-30,STR08,PRD048,69,6939.33,22,OK
INV003187,2023-09-30,STR08,PRD111,15,3285.75,9,OK
INV003188,2023-09-30,STR08,PRD050,82,11964.62,10,OK
INV003189,2023-09-30,STR08,PRD097,56,12862.08,5,OK
INV003190,2023-09-30,STR08,PRD065,1,223.55,18,Low
INV003191,2023-09-30,STR08,PRD101,101,12093.74,5,OK
INV003192,2023-09-30,STR08,PRD106,142,49371.98,22,OK
INV003193,2023-09-30,STR08,PRD110,132,17769.84,23,OK
INV003194,2023-09-30,STR08,PRD003,113,38008.68,12,OK
INV003195,2023-09-30,STR08,PRD018,79,42665.53,11,OK
INV003196,2023-09-30,STR08,PRD066,0,0.0,11,Out of Stock
INV003197,2023-09-30,STR08,PRD126,74,26899.0,5,OK
INV003198,2023-09-30,STR08,PRD079,117,7930.26,5,OK
INV003199,2023-09-30,STR08,PRD051,137,43363.24,28,OK
INV003200,2023-09-30,STR08,PRD129,116,53273.0,26,OK
INV003201,2023-09-30,STR08,PRD045,20,6694.2,9,OK
INV003202,2023-09-30,STR08,PRD080,121,54695.63,21,OK
INV003203,2023-09-30,STR08,PRD078,14,5704.3,25,OK
INV003204,2023-09-30,STR08,PRD117,80,23345.6,19,OK
INV003205,2023-09-30,STR08,PRD081,49,17766.91,21,OK
INV003206,2023-09-30,STR08,PRD075,70,19187.0,23,OK
INV003207,2023-09-30,STR08,PRD032,105,54566.4,30,OK
INV003208,2023-09-30,STR08,PRD119,96,39633.6,14,OK
INV003209,2023-09-30,STR08,PRD088,147,55492.5,13,OK
INV003210,2023-09-30,STR08,PRD037,30,5934.0,20,OK
INV003211,2023-09-30,STR10,PRD065,121,27049.55,6,OK
INV003212,2023-09-30,STR10,PRD150,49,17383.24,15,OK
INV003213,2023-09-30,STR10,PRD126,101,36713.5,9,OK
INV003214,2023-09-30,STR10,PRD115,47,15665.1,9,OK
INV003215,2023-09-30,STR10,PRD102,87,38324.37,9,OK
INV003216,2023-09-30,STR10,PRD005,137,60859.51,11,OK
INV003217,2023-09-30,STR10,PRD077,120,32463.6,13,OK
INV003218,2023-09-30,STR10,PRD018,26,14041.82,11,OK
INV003219,2023-09-30,STR10,PRD142,88,24112.0,16,OK
INV003220,2023-09-30,STR10,PRD008,149,33800.65,30,OK
INV003221,2023-09-30,STR10,PRD030,90,40054.5,9,OK
INV003222,2023-09-30,STR10,PRD028,60,4722.0,26,OK
INV003223,2023-09-30,STR10,PRD016,107,47081.07,13,OK
INV003224,2023-09-30,STR10,PRD121,122,24276.78,18,OK
INV003225,2023-09-30,STR10,PRD068,20,1575.4,14,OK
INV003226,2023-09-30,STR10,PRD114,76,20472.12,9,OK
INV003227,2023-09-30,STR10,PRD002,71,32656.45,10,OK
INV003228,2023-09-30,STR10,PRD026,1,425.04,24,Low
INV003229,2023-09-30,STR10,PRD015,38,19825.74,18,OK
INV003230,2023-09-30,STR10,PRD056,54,27483.84,22,OK
INV003231,2023-09-30,STR10,PRD136,64,19949.44,17,OK
INV003232,2023-09-30,STR10,PRD140,0,0.0,29,Out of Stock
INV003233,2023-09-30,STR10,PRD106,148,51458.12,15,OK
INV003234,2023-09-30,STR10,PRD099,12,1266.72,13,OK
INV003235,2023-09-30,STR10,PRD057,16,5423.84,10,OK
INV003236,2023-09-30,STR10,PRD082,137,66162.78,30,OK
INV003237,2023-09-30,STR10,PRD051,51,16142.52,27,OK
INV003238,2023-09-30,STR10,PRD091,65,9267.05,26,OK
INV003239,2023-09-30,STR10,PRD020,91,40371.24,26,OK
INV003240,2023-09-30,STR10,PRD035,48,7361.28,17,OK
INV003241,2023-10-31,STR05,PRD043,109,8565.22,10,OK
INV003242,2023-10-31,STR05,PRD077,36,9739.08,9,OK
INV003243,2023-10-31,STR05,PRD118,107,39961.29,15,OK
INV003244,2023-10-31,STR05,PRD104,53,26602.29,28,OK
INV003245,2023-10-31,STR05,PRD068,26,2048.02,13,OK
INV003246,2023-10-31,STR05,PRD063,75,32508.75,9,OK
INV003247,2023-10-31,STR05,PRD136,87,27118.77,17,OK
INV003248,2023-10-31,STR05,PRD044,128,6704.64,9,OK
INV003249,2023-10-31,STR05,PRD124,50,26460.0,10,OK
INV003250,2023-10-31,STR05,PRD032,82,42613.76,7,OK
INV003251,2023-10-31,STR05,PRD116,126,45580.5,15,OK
INV003252,2023-10-31,STR05,PRD088,93,35107.5,13,OK
INV003253,2023-10-31,STR05,PRD033,24,2772.96,16,OK
INV003254,2023-10-31,STR05,PRD089,142,70512.94,27,OK
INV003255,2023-10-31,STR05,PRD149,148,47143.92,6,OK
INV003256,2023-10-31,STR05,PRD073,149,66680.48,6,OK
INV003257,2023-10-31,STR05,PRD045,11,3681.81,17,OK
INV003258,2023-10-31,STR05,PRD122,21,2086.56,16,OK
INV003259,2023-10-31,STR05,PRD013,51,14432.49,5,OK
INV003260,2023-10-31,STR05,PRD121,34,6765.66,7,OK
INV003261,2023-10-31,STR05,PRD029,29,7409.79,18,OK
INV003262,2023-10-31,STR05,PRD067,142,19881.42,18,OK
INV003263,2023-10-31,STR05,PRD052,6,2520.6,15,Low
INV003264,2023-10-31,STR05,PRD058,54,2725.38,5,OK
INV003265,2023-10-31,STR05,PRD042,54,18399.42,24,OK
INV003266,2023-10-31,STR05,PRD101,148,17721.52,19,OK
INV003267,2023-10-31,STR05,PRD021,135,10324.8,26,OK
INV003268,2023-10-31,STR05,PRD096,11,5734.74,10,OK
INV003269,2023-10-31,STR05,PRD125,16,3092.48,21,OK
INV003270,2023-10-31,STR05,PRD115,139,46328.7,22,OK
INV003271,2023-10-31,STR08,PRD024,53,1962.06,13,OK
INV003272,2023-10-31,STR08,PRD073,132,59072.64,28,OK
INV003273,2023-10-31,STR08,PRD075,10,2741.0,24,OK
INV003274,2023-10-31,STR08,PRD136,125,38963.75,29,OK
INV003275,2023-10-31,STR08,PRD135,9,2809.89,30,Low
INV003276,2023-10-31,STR08,PRD014,101,6328.66,17,OK
INV003277,2023-10-31,STR08,PRD047,90,23912.1,11,OK
INV003278,2023-10-31,STR08,PRD099,21,2216.76,7,OK
INV003279,2023-10-31,STR08,PRD016,12,5280.12,13,OK
INV003280,2023-10-31,STR08,PRD098,13,3543.67,19,OK
INV003281,2023-10-31,STR08,PRD080,75,33902.25,8,OK
INV003282,2023-10-31,STR08,PRD038,103,32153.51,14,OK
INV003283,2023-10-31,STR08,PRD089,45,22345.65,14,OK
INV003284,2023-10-31,STR08,PRD012,67,4097.72,8,OK
INV003285,2023-10-31,STR08,PRD010,36,15351.48,30,OK
INV003286,2023-10-31,STR08,PRD043,22,1728.76,17,OK
INV003287,2023-10-31,STR08,PRD101,22,2634.28,20,OK
INV003288,2023-10-31,STR08,PRD057,37,12542.63,20,OK
INV003289,2023-10-31,STR08,PRD090,28,14984.48,14,OK
INV003290,2023-10-31,STR08,PRD092,89,11823.65,30,OK
INV003291,2023-10-31,STR08,PRD085,92,11387.76,24,OK
INV003292,2023-10-31,STR08,PRD003,137,46081.32,18,OK
INV003293,2023-10-31,STR08,PRD020,45,19963.8,16,OK
INV003294,2023-10-31,STR08,PRD072,99,40206.87,5,OK
INV003295,2023-10-31,STR08,PRD005,124,55084.52,10,OK
INV003296,2023-10-31,STR08,PRD026,53,22527.12,20,OK
INV003297,2023-10-31,STR08,PRD097,30,6890.4,6,OK
INV003298,2023-10-31,STR08,PRD137,139,66931.28,13,OK
INV003299,2023-10-31,STR08,PRD069,144,49677.12,27,OK
INV003300,2023-10-31,STR08,PRD066,149,52009.94,15,OK
INV003301,2023-10-31,STR18,PRD043,63,4950.54,25,OK
INV003302,2023-10-31,STR18,PRD068,71,5592.67,8,OK
INV003303,2023-10-31,STR18,PRD090,77,41207.32,18,OK
INV003304,2023-10-31,STR18,PRD032,117,60802.56,30,OK
INV003305,2023-10-31,STR18,PRD024,100,3702.0,28,OK
INV003306,2023-10-31,STR18,PRD087,83,6637.51,14,OK
INV003307,2023-10-31,STR18,PRD074,18,4910.4,11,OK
INV003308,2023-10-31,STR18,PRD039,61,19712.76,21,OK
INV003309,2023-10-31,STR18,PRD136,84,26183.64,12,OK
INV003310,2023-10-31,STR18,PRD007,104,52635.44,8,OK
INV003311,2023-10-31,STR18,PRD141,100,20146.0,19,OK
INV003312,2023-10-31,STR18,PRD077,97,26241.41,29,OK
INV003313,2023-10-31,STR18,PRD028,78,6138.6,11,OK
INV003314,2023-10-31,STR18,PRD073,22,9845.44,24,OK
INV003315,2023-10-31,STR18,PRD104,140,70270.2,19,OK
INV003316,2023-10-31,STR18,PRD127,76,34798.88,25,OK
INV003317,2023-10-31,STR18,PRD066,18,6283.08,25,OK
INV003318,2023-10-31,STR18,PRD143,65,11856.65,20,OK
INV003319,2023-10-31,STR18,PRD051,35,11078.2,21,OK
INV003320,2023-10-31,STR18,PRD113,9,1522.08,23,Low
INV003321,2023-10-31,STR18,PRD009,72,37898.64,9,OK
INV003322,2023-10-31,STR18,PRD142,131,35894.0,5,OK
INV003323,2023-10-31,STR18,PRD093,34,850.68,30,OK
INV003324,2023-10-31,STR18,PRD048,89,8950.73,25,OK
INV003325,2023-10-31,STR18,PRD081,146,52938.14,23,OK
INV003326,2023-10-31,STR18,PRD100,72,30769.2,15,OK
INV003327,2023-10-31,STR18,PRD116,93,33642.75,15,OK
INV003328,2023-10-31,STR18,PRD046,45,24351.3,7,OK
INV003329,2023-10-31,STR18,PRD071,72,12908.16,22,OK
INV003330,2023-10-31,STR18,PRD060,137,37984.62,29,OK
INV003331,2023-10-31,STR14,PRD112,29,9797.36,27,OK
INV003332,2023-10-31,STR14,PRD138,118,46913.26,16,OK
INV003333,2023-10-31,STR14,PRD055,29,4612.16,6,OK
INV003334,2023-10-31,STR14,PRD019,68,21571.64,27,OK
INV003335,2023-10-31,STR14,PRD108,50,13382.0,9,OK
INV003336,2023-10-31,STR14,PRD129,26,11940.5,9,OK
INV003337,2023-10-31,STR14,PRD061,102,52726.86,16,OK
INV003338,2023-10-31,STR14,PRD088,63,23782.5,22,OK
INV003339,2023-10-31,STR14,PRD119,108,44587.8,16,OK
INV003340,2023-10-31,STR14,PRD142,132,36168.0,23,OK
INV003341,2023-10-31,STR14,PRD053,40,2215.2,28,OK
INV003342,2023-10-31,STR14,PRD031,9,780.66,15,Low
INV003343,2023-10-31,STR14,PRD077,136,36792.08,29,OK
INV003344,2023-10-31,STR14,PRD058,95,4794.65,21,OK
INV003345,2023-10-31,STR14,PRD022,83,12855.04,21,OK
INV003346,2023-10-31,STR14,PRD134,136,50908.88,20,OK
INV003347,2023-10-31,STR14,PRD115,102,33996.6,5,OK
INV003348,2023-10-31,STR14,PRD131,65,11855.35,5,OK
INV003349,2023-10-31,STR14,PRD087,144,11515.68,27,OK
INV003350,2023-10-31,STR14,PRD150,1,354.76,11,Low
INV003351,2023-10-31,STR14,PRD042,77,26236.21,29,OK
INV003352,2023-10-31,STR14,PRD091,82,11690.74,22,OK
INV003353,2023-10-31,STR14,PRD038,115,35899.55,12,OK
INV003354,2023-10-31,STR14,PRD130,56,1760.08,20,OK
INV003355,2023-10-31,STR14,PRD086,28,13175.12,13,OK
INV003356,2023-10-31,STR14,PRD070,65,28719.6,20,OK
INV003357,2023-10-31,STR14,PRD028,19,1495.3,14,OK
INV003358,2023-10-31,STR14,PRD080,57,25765.71,5,OK
INV003359,2023-10-31,STR14,PRD033,60,6932.4,18,OK
INV003360,2023-10-31,STR14,PRD027,63,13948.2,5,OK
INV003361,2023-10-31,STR04,PRD122,141,14009.76,24,OK
INV003362,2023-10-31,STR04,PRD014,127,7957.82,8,OK
INV003363,2023-10-31,STR04,PRD107,134,61022.26,10,OK
INV003364,2023-10-31,STR04,PRD143,93,16964.13,26,OK
INV003365,2023-10-31,STR04,PRD082,97,46845.18,9,OK
INV003366,2023-10-31,STR04,PRD148,126,40618.62,28,OK
INV003367,2023-10-31,STR04,PRD009,64,33687.68,8,OK
INV003368,2023-10-31,STR04,PRD099,76,8022.56,9,OK
INV003369,2023-10-31,STR04,PRD128,75,12186.0,16,OK
INV003370,2023-10-31,STR04,PRD018,139,75069.73,28,OK
INV003371,2023-10-31,STR04,PRD047,2,531.38,10,Low
INV003372,2023-10-31,STR04,PRD032,18,9354.24,27,OK
INV003373,2023-10-31,STR04,PRD102,95,41848.45,10,OK
INV003374,2023-10-31,STR04,PRD115,46,15331.8,5,OK
INV003375,2023-10-31,STR04,PRD049,17,724.71,8,OK
INV003376,2023-10-31,STR04,PRD117,35,10213.7,10,OK
INV003377,2023-10-31,STR04,PRD008,143,32439.55,13,OK
INV003378,2023-10-31,STR04,PRD026,29,12326.16,9,OK
INV003379,2023-10-31,STR04,PRD068,88,6931.76,29,OK
INV003380,2023-10-31,STR04,PRD076,100,52170.0,15,OK
INV003381,2023-10-31,STR04,PRD110,104,14000.48,14,OK
INV003382,2023-10-31,STR04,PRD144,147,23226.0,21,OK
INV003383,2023-10-31,STR04,PRD033,112,12940.48,17,OK
INV003384,2023-10-31,STR04,PRD149,52,16564.08,15,OK
INV003385,2023-10-31,STR04,PRD139,32,5235.2,6,OK
INV003386,2023-10-31,STR04,PRD042,145,49405.85,27,OK
INV003387,2023-10-31,STR04,PRD050,57,8316.87,13,OK
INV003388,2023-10-31,STR04,PRD071,58,10398.24,22,OK
INV003389,2023-10-31,STR04,PRD064,121,21014.07,17,OK
INV003390,2023-10-31,STR04,PRD133,67,27198.65,9,OK
INV003391,2023-10-31,STR03,PRD087,19,1519.43,18,OK
INV003392,2023-10-31,STR03,PRD069,149,51402.02,25,OK
INV003393,2023-10-31,STR03,PRD033,31,3581.74,11,OK
INV003394,2023-10-31,STR03,PRD063,22,9535.9,27,OK
INV003395,2023-10-31,STR03,PRD137,20,9630.4,14,OK
INV003396,2023-10-31,STR03,PRD002,10,4599.5,5,OK
INV003397,2023-10-31,STR03,PRD138,112,44527.84,5,OK
INV003398,2023-10-31,STR03,PRD141,21,4230.66,22,OK
INV003399,2023-10-31,STR03,PRD019,28,8882.44,19,OK
INV003400,2023-10-31,STR03,PRD036,8,3546.0,27,Low
INV003401,2023-10-31,STR03,PRD104,58,29111.94,11,OK
INV003402,2023-10-31,STR03,PRD093,71,1776.42,14,OK
INV003403,2023-10-31,STR03,PRD111,109,23876.45,21,OK
INV003404,2023-10-31,STR03,PRD051,91,28803.32,29,OK
INV003405,2023-10-31,STR03,PRD133,6,2435.7,14,Low
INV003406,2023-10-31,STR03,PRD029,54,13797.54,16,OK
INV003407,2023-10-31,STR03,PRD081,110,39884.9,29,OK
INV003408,2023-10-31,STR03,PRD091,79,11263.03,24,OK
INV003409,2023-10-31,STR03,PRD055,40,6361.6,26,OK
INV003410,2023-10-31,STR03,PRD025,140,32253.2,9,OK
INV003411,2023-10-31,STR03,PRD064,71,12330.57,19,OK
INV003412,2023-10-31,STR03,PRD125,74,14302.72,24,OK
INV003413,2023-10-31,STR03,PRD066,119,41538.14,9,OK
INV003414,2023-10-31,STR03,PRD059,57,26497.02,25,OK
INV003415,2023-10-31,STR03,PRD105,52,10837.32,11,OK
INV003416,2023-10-31,STR03,PRD072,112,45486.56,28,OK
INV003417,2023-10-31,STR03,PRD049,78,3325.14,25,OK
INV003418,2023-10-31,STR03,PRD126,118,42893.0,25,OK
INV003419,2023-10-31,STR03,PRD121,121,24077.79,20,OK
INV003420,2023-10-31,STR03,PRD127,72,32967.36,28,OK
INV003421,2023-10-31,STR07,PRD070,86,37998.24,22,OK
INV003422,2023-10-31,STR07,PRD132,66,15288.24,14,OK
INV003423,2023-10-31,STR07,PRD121,144,28654.56,23,OK
INV003424,2023-10-31,STR07,PRD036,142,62941.5,18,OK
INV003425,2023-10-31,STR07,PRD073,141,63100.32,27,OK
INV003426,2023-10-31,STR07,PRD078,98,39930.1,28,OK
INV003427,2023-10-31,STR07,PRD007,6,3036.66,19,Low
INV003428,2023-10-31,STR07,PRD032,67,34818.56,30,OK
INV003429,2023-10-31,STR07,PRD127,95,43498.6,27,OK
INV003430,2023-10-31,STR07,PRD042,102,34754.46,22,OK
INV003431,2023-10-31,STR07,PRD148,35,11282.95,14,OK
INV003432,2023-10-31,STR07,PRD074,128,34918.4,10,OK
INV003433,2023-10-31,STR07,PRD115,122,40662.6,19,OK
INV003434,2023-10-31,STR07,PRD053,56,3101.28,7,OK
INV003435,2023-10-31,STR07,PRD020,54,23956.56,11,OK
INV003436,2023-10-31,STR07,PRD047,118,31351.42,5,OK
INV003437,2023-10-31,STR07,PRD052,126,52932.6,28,OK
INV003438,2023-10-31,STR07,PRD100,25,10683.75,27,OK
INV003439,2023-10-31,STR07,PRD067,75,10500.75,17,OK
INV003440,2023-10-31,STR07,PRD133,27,10960.65,27,OK
INV003441,2023-10-31,STR07,PRD004,89,24765.14,9,OK
INV003442,2023-10-31,STR07,PRD079,77,5219.06,13,OK
INV003443,2023-10-31,STR07,PRD048,99,9956.43,18,OK
INV003444,2023-10-31,STR07,PRD023,96,9205.44,26,OK
INV003445,2023-10-31,STR07,PRD082,12,5795.28,9,OK
INV003446,2023-10-31,STR07,PRD011,121,27948.58,8,OK
INV003447,2023-10-31,STR07,PRD109,134,60044.06,18,OK
INV003448,2023-10-31,STR07,PRD112,94,31756.96,8,OK
INV003449,2023-10-31,STR07,PRD075,112,30699.2,15,OK
INV003450,2023-10-31,STR07,PRD041,3,408.69,5,Low
INV003451,2023-10-31,STR09,PRD150,122,43280.72,8,OK
INV003452,2023-10-31,STR09,PRD046,135,73053.9,6,OK
INV003453,2023-10-31,STR09,PRD102,142,62552.42,10,OK
INV003454,2023-10-31,STR09,PRD026,78,33153.12,27,OK
INV003455,2023-10-31,STR09,PRD139,144,23558.4,23,OK
INV003456,2023-10-31,STR09,PRD091,62,8839.34,20,OK
INV003457,2023-10-31,STR09,PRD029,140,35771.4,11,OK
INV003458,2023-10-31,STR09,PRD141,65,13094.9,29,OK
INV003459,2023-10-31,STR09,PRD027,79,17490.6,19,OK
INV003460,2023-10-31,STR09,PRD113,41,6933.92,22,OK
INV003461,2023-10-31,STR09,PRD143,25,4560.25,26,OK
INV003462,2023-10-31,STR09,PRD078,12,4889.4,10,OK
INV003463,2023-10-31,STR09,PRD014,71,4448.86,26,OK
INV003464,2023-10-31,STR09,PRD127,57,26099.16,8,OK
INV003465,2023-10-31,STR09,PRD007,4,2024.44,22,Low
INV003466,2023-10-31,STR09,PRD131,106,19333.34,21,OK
INV003467,2023-10-31,STR09,PRD123,73,6046.59,7,OK
INV003468,2023-10-31,STR09,PRD060,73,20239.98,15,OK
INV003469,2023-10-31,STR09,PRD144,19,3002.0,18,OK
INV003470,2023-10-31,STR09,PRD065,59,13189.45,16,OK
INV003471,2023-10-31,STR09,PRD134,57,21336.81,29,OK
INV003472,2023-10-31,STR09,PRD005,28,12438.44,11,OK
INV003473,2023-10-31,STR09,PRD090,81,43347.96,21,OK
INV003474,2023-10-31,STR09,PRD098,3,817.77,6,Low
INV003475,2023-10-31,STR09,PRD104,69,34633.17,12,OK
INV003476,2023-10-31,STR09,PRD106,107,37202.83,22,OK
INV003477,2023-10-31,STR09,PRD146,150,64939.5,5,OK
INV003478,2023-10-31,STR09,PRD006,35,15193.5,26,OK
INV003479,2023-10-31,STR09,PRD112,45,15202.8,26,OK
INV003480,2023-10-31,STR09,PRD008,142,32212.7,14,OK
INV003481,2023-10-31,STR01,PRD084,99,31934.43,28,OK
INV003482,2023-10-31,STR01,PRD096,59,30759.06,16,OK
INV003483,2023-10-31,STR01,PRD083,36,19159.92,21,OK
INV003484,2023-10-31,STR01,PRD038,41,12798.97,30,OK
INV003485,2023-10-31,STR01,PRD004,147,40904.22,13,OK
INV003486,2023-10-31,STR01,PRD058,0,0.0,12,Out of Stock
INV003487,2023-10-31,STR01,PRD114,82,22088.34,15,OK
INV003488,2023-10-31,STR01,PRD011,124,28641.52,6,OK
INV003489,2023-10-31,STR01,PRD044,113,5918.94,30,OK
INV003490,2023-10-31,STR01,PRD085,9,1114.02,29,Low
INV003491,2023-10-31,STR01,PRD002,66,30356.7,6,OK
INV003492,2023-10-31,STR01,PRD126,55,19992.5,30,OK
INV003493,2023-10-31,STR01,PRD090,141,75457.56,19,OK
INV003494,2023-10-31,STR01,PRD063,130,56348.5,26,OK
INV003495,2023-10-31,STR01,PRD110,131,17635.22,29,OK
INV003496,2023-10-31,STR01,PRD091,121,17250.97,12,OK
INV003497,2023-10-31,STR01,PRD078,101,41152.45,10,OK
INV003498,2023-10-31,STR01,PRD029,31,7920.81,10,OK
INV003499,2023-10-31,STR01,PRD104,80,40154.4,13,OK
INV003500,2023-10-31,STR01,PRD121,46,9153.54,26,OK
INV003501,2023-10-31,STR01,PRD129,87,39954.75,8,OK
INV003502,2023-10-31,STR01,PRD102,119,52420.69,18,OK
INV003503,2023-10-31,STR01,PRD123,124,10270.92,7,OK
INV003504,2023-10-31,STR01,PRD049,77,3282.51,12,OK
INV003505,2023-10-31,STR01,PRD144,146,23068.0,19,OK
INV003506,2023-10-31,STR01,PRD006,121,52526.1,12,OK
INV003507,2023-10-31,STR01,PRD135,65,20293.65,6,OK
INV003508,2023-10-31,STR01,PRD023,44,4219.16,6,OK
INV003509,2023-10-31,STR01,PRD051,67,21206.84,26,OK
INV003510,2023-10-31,STR01,PRD124,10,5292.0,29,OK
INV003511,2023-10-31,STR02,PRD097,148,33992.64,14,OK
INV003512,2023-10-31,STR02,PRD077,143,38685.79,28,OK
INV003513,2023-10-31,STR02,PRD122,99,9836.64,14,OK
INV003514,2023-10-31,STR02,PRD050,121,17655.11,23,OK
INV003515,2023-10-31,STR02,PRD129,120,55110.0,22,OK
INV003516,2023-10-31,STR02,PRD070,60,26510.4,12,OK
INV003517,2023-10-31,STR02,PRD019,139,44094.97,6,OK
INV003518,2023-10-31,STR02,PRD078,45,18335.25,17,OK
INV003519,2023-10-31,STR02,PRD017,2,93.34,7,Low
INV003520,2023-10-31,STR02,PRD114,53,14276.61,28,OK
INV003521,2023-10-31,STR02,PRD079,80,5422.4,28,OK
INV003522,2023-10-31,STR02,PRD109,19,8513.71,10,OK
INV003523,2023-10-31,STR02,PRD069,94,32428.12,24,OK
INV003524,2023-10-31,STR02,PRD149,126,40136.04,10,OK
INV003525,2023-10-31,STR02,PRD123,21,1739.43,13,OK
INV003526,2023-10-31,STR02,PRD025,11,2534.18,10,OK
INV003527,2023-10-31,STR02,PRD121,113,22485.87,6,OK
INV003528,2023-10-31,STR02,PRD146,61,26408.73,11,OK
INV003529,2023-10-31,STR02,PRD006,94,40805.4,6,OK
INV003530,2023-10-31,STR02,PRD051,121,38298.92,6,OK
INV003531,2023-10-31,STR02,PRD067,121,16941.21,6,OK
INV003532,2023-10-31,STR02,PRD053,32,1772.16,22,OK
INV003533,2023-10-31,STR02,PRD042,45,15332.85,6,OK
INV003534,2023-10-31,STR02,PRD028,93,7319.1,13,OK
INV003535,2023-10-31,STR02,PRD088,29,10947.5,25,OK
INV003536,2023-10-31,STR02,PRD003,43,14463.48,18,OK
INV003537,2023-10-31,STR02,PRD091,107,15254.99,14,OK
INV003538,2023-10-31,STR02,PRD054,124,61904.52,18,OK
INV003539,2023-10-31,STR02,PRD126,113,41075.5,6,OK
INV003540,2023-10-31,STR02,PRD110,119,16019.78,10,OK
INV003541,2023-10-31,STR13,PRD097,56,12862.08,23,OK
INV003542,2023-10-31,STR13,PRD133,27,10960.65,30,OK
INV003543,2023-10-31,STR13,PRD139,66,10797.6,20,OK
INV003544,2023-10-31,STR13,PRD043,140,11001.2,15,OK
INV003545,2023-10-31,STR13,PRD004,87,24208.62,15,OK
INV003546,2023-10-31,STR13,PRD106,0,0.0,13,Out of Stock
INV003547,2023-10-31,STR13,PRD014,99,6203.34,19,OK
INV003548,2023-10-31,STR13,PRD056,0,0.0,14,Out of Stock
INV003549,2023-10-31,STR13,PRD090,130,69570.8,24,OK
INV003550,2023-10-31,STR13,PRD025,16,3686.08,5,OK
INV003551,2023-10-31,STR13,PRD047,32,8502.08,24,OK
INV003552,2023-10-31,STR13,PRD065,104,23249.2,7,OK
INV003553,2023-10-31,STR13,PRD114,63,16970.31,18,OK
INV003554,2023-10-31,STR13,PRD010,22,9381.46,8,OK
INV003555,2023-10-31,STR13,PRD018,10,5400.7,24,OK
INV003556,2023-10-31,STR13,PRD107,57,25957.23,28,OK
INV003557,2023-10-31,STR13,PRD070,145,64066.8,18,OK
INV003558,2023-10-31,STR13,PRD108,44,11776.16,11,OK
INV003559,2023-10-31,STR13,PRD058,127,6409.69,15,OK
INV003560,2023-10-31,STR13,PRD053,36,1993.68,7,OK
INV003561,2023-10-31,STR13,PRD033,9,1039.86,7,Low
INV003562,2023-10-31,STR13,PRD089,88,43698.16,11,OK
INV003563,2023-10-31,STR13,PRD075,84,23024.4,7,OK
INV003564,2023-10-31,STR13,PRD020,148,65658.72,20,OK
INV003565,2023-10-31,STR13,PRD032,34,17669.12,24,OK
INV003566,2023-10-31,STR13,PRD029,146,37304.46,27,OK
INV003567,2023-10-31,STR13,PRD150,43,15254.68,20,OK
INV003568,2023-10-31,STR13,PRD110,146,19654.52,23,OK
INV003569,2023-10-31,STR13,PRD121,77,15322.23,14,OK
INV003570,2023-10-31,STR13,PRD132,1,231.64,14,Low
INV003571,2023-10-31,STR06,PRD099,109,11506.04,18,OK
INV003572,2023-10-31,STR06,PRD011,101,23328.98,30,OK
INV003573,2023-10-31,STR06,PRD089,6,2979.42,28,Low
INV003574,2023-10-31,STR06,PRD038,90,28095.3,7,OK
INV003575,2023-10-31,STR06,PRD121,41,8158.59,18,OK
INV003576,2023-10-31,STR06,PRD105,66,13755.06,10,OK
INV003577,2023-10-31,STR06,PRD133,48,19485.6,20,OK
INV003578,2023-10-31,STR06,PRD114,96,25859.52,10,OK
INV003579,2023-10-31,STR06,PRD046,116,62772.24,9,OK
INV003580,2023-10-31,STR06,PRD096,67,34929.78,16,OK
INV003581,2023-10-31,STR06,PRD028,141,11096.7,20,OK
INV003582,2023-10-31,STR06,PRD024,12,444.24,21,OK
INV003583,2023-10-31,STR06,PRD015,28,14608.44,14,OK
INV003584,2023-10-31,STR06,PRD095,140,27738.2,17,OK
INV003585,2023-10-31,STR06,PRD081,133,48224.47,21,OK
INV003586,2023-10-31,STR06,PRD039,20,6463.2,6,OK
INV003587,2023-10-31,STR06,PRD111,83,18181.15,13,OK
INV003588,2023-10-31,STR06,PRD045,26,8702.46,27,OK
INV003589,2023-10-31,STR06,PRD048,150,15085.5,18,OK
INV003590,2023-10-31,STR06,PRD144,48,7584.0,20,OK
INV003591,2023-10-31,STR06,PRD006,87,37766.7,13,OK
INV003592,2023-10-31,STR06,PRD073,50,22376.0,22,OK
INV003593,2023-10-31,STR06,PRD043,28,2200.24,11,OK
INV003594,2023-10-31,STR06,PRD021,22,1682.56,6,OK
INV003595,2023-10-31,STR06,PRD113,114,19279.68,19,OK
INV003596,2023-10-31,STR06,PRD018,95,51306.65,11,OK
INV003597,2023-10-31,STR06,PRD126,105,38167.5,16,OK
INV003598,2023-10-31,STR06,PRD115,79,26330.7,7,OK
INV003599,2023-10-31,STR06,PRD007,112,56684.32,18,OK
INV003600,2023-10-31,STR06,PRD063,97,42044.65,24,OK
INV003601,2023-11-30,STR18,PRD059,135,62756.1,26,OK
INV003602,2023-11-30,STR18,PRD141,32,6446.72,29,OK
INV003603,2023-11-30,STR18,PRD089,61,30290.77,27,OK
INV003604,2023-11-30,STR18,PRD049,80,3410.4,5,OK
INV003605,2023-11-30,STR18,PRD025,122,28106.36,19,OK
INV003606,2023-11-30,STR18,PRD030,22,9791.1,24,OK
INV003607,2023-11-30,STR18,PRD026,51,21677.04,13,OK
INV003608,2023-11-30,STR18,PRD001,26,10951.98,7,OK
INV003609,2023-11-30,STR18,PRD023,11,1054.79,10,OK
INV003610,2023-11-30,STR18,PRD123,47,3893.01,27,OK
INV003611,2023-11-30,STR18,PRD041,71,9672.33,27,OK
INV003612,2023-11-30,STR18,PRD130,12,377.16,9,OK
INV003613,2023-11-30,STR18,PRD018,90,48606.3,24,OK
INV003614,2023-11-30,STR18,PRD113,88,14882.56,26,OK
INV003615,2023-11-30,STR18,PRD042,92,31347.16,30,OK
INV003616,2023-11-30,STR18,PRD084,148,47740.36,6,OK
INV003617,2023-11-30,STR18,PRD077,89,24077.17,7,OK
INV003618,2023-11-30,STR18,PRD044,73,3823.74,26,OK
INV003619,2023-11-30,STR18,PRD090,71,37996.36,19,OK
INV003620,2023-11-30,STR18,PRD147,100,7334.0,30,OK
INV003621,2023-11-30,STR18,PRD060,135,37430.1,16,OK
INV003622,2023-11-30,STR18,PRD144,95,15010.0,21,OK
INV003623,2023-11-30,STR18,PRD079,29,1965.62,22,OK
INV003624,2023-11-30,STR18,PRD101,87,10417.38,9,OK
INV003625,2023-11-30,STR18,PRD096,32,16682.88,25,OK
INV003626,2023-11-30,STR18,PRD005,29,12882.67,29,OK
INV003627,2023-11-30,STR18,PRD057,117,39661.83,27,OK
INV003628,2023-11-30,STR18,PRD008,17,3856.45,8,OK
INV003629,2023-11-30,STR18,PRD119,110,45413.5,5,OK
INV003630,2023-11-30,STR18,PRD080,127,57407.81,21,OK
INV003631,2023-11-30,STR15,PRD100,142,60683.7,19,OK
INV003632,2023-11-30,STR15,PRD037,70,13846.0,23,OK
INV003633,2023-11-30,STR15,PRD035,49,7514.64,19,OK
INV003634,2023-11-30,STR15,PRD102,69,30395.19,11,OK
INV003635,2023-11-30,STR15,PRD005,148,65746.04,8,OK
INV003636,2023-11-30,STR15,PRD116,134,48474.5,18,OK
INV003637,2023-11-30,STR15,PRD063,64,27740.8,21,OK
INV003638,2023-11-30,STR15,PRD145,58,27445.6,21,OK
INV003639,2023-11-30,STR15,PRD069,76,26218.48,28,OK
INV003640,2023-11-30,STR15,PRD007,146,73892.06,21,OK
INV003641,2023-11-30,STR15,PRD021,28,2141.44,30,OK
INV003642,2023-11-30,STR15,PRD006,28,12154.8,13,OK
INV003643,2023-11-30,STR15,PRD058,60,3028.2,18,OK
INV003644,2023-11-30,STR15,PRD133,14,5683.3,9,OK
INV003645,2023-11-30,STR15,PRD138,58,23059.06,22,OK
INV003646,2023-11-30,STR15,PRD098,38,10358.42,16,OK
INV003647,2023-11-30,STR15,PRD086,36,16939.44,5,OK
INV003648,2023-11-30,STR15,PRD122,118,11724.48,5,OK
INV003649,2023-11-30,STR15,PRD136,4,1246.84,25,Low
INV003650,2023-11-30,STR15,PRD059,86,39977.96,16,OK
INV003651,2023-11-30,STR15,PRD085,136,16834.08,17,OK
INV003652,2023-11-30,STR15,PRD128,26,4224.48,7,OK
INV003653,2023-11-30,STR15,PRD020,111,49244.04,18,OK
INV003654,2023-11-30,STR15,PRD104,122,61235.46,8,OK
INV003655,2023-11-30,STR15,PRD137,72,34669.44,5,OK
INV003656,2023-11-30,STR15,PRD139,132,21595.2,17,OK
INV003657,2023-11-30,STR15,PRD143,117,21341.97,24,OK
INV003658,2023-11-30,STR15,PRD127,43,19688.84,6,OK
INV003659,2023-11-30,STR15,PRD054,1,499.23,7,Low
INV003660,2023-11-30,STR15,PRD110,92,12385.04,20,OK
INV003661,2023-11-30,STR16,PRD126,13,4725.5,8,OK
INV003662,2023-11-30,STR16,PRD043,115,9036.7,30,OK
INV003663,2023-11-30,STR16,PRD102,47,20703.97,9,OK
INV003664,2023-11-30,STR16,PRD080,49,22149.47,7,OK
INV003665,2023-11-30,STR16,PRD031,47,4076.78,6,OK
INV003666,2023-11-30,STR16,PRD112,65,21959.6,13,OK
INV003667,2023-11-30,STR16,PRD088,67,25292.5,26,OK
INV003668,2023-11-30,STR16,PRD130,91,2860.13,8,OK
INV003669,2023-11-30,STR16,PRD034,48,18231.84,6,OK
INV003670,2023-11-30,STR16,PRD059,10,4648.6,25,OK
INV003671,2023-11-30,STR16,PRD147,134,9827.56,26,OK
INV003672,2023-11-30,STR16,PRD027,126,27896.4,9,OK
INV003673,2023-11-30,STR16,PRD132,77,17836.28,23,OK
INV003674,2023-11-30,STR16,PRD134,122,45668.26,12,OK
INV003675,2023-11-30,STR16,PRD084,4,1290.28,14,Low
INV003676,2023-11-30,STR16,PRD018,12,6480.84,10,OK
INV003677,2023-11-30,STR16,PRD025,57,13131.66,22,OK
INV003678,2023-11-30,STR16,PRD100,33,14102.55,27,OK
INV003679,2023-11-30,STR16,PRD050,55,8025.05,24,OK
INV003680,2023-11-30,STR16,PRD001,145,61078.35,21,OK
INV003681,2023-11-30,STR16,PRD005,74,32873.02,16,OK
INV003682,2023-11-30,STR16,PRD133,42,17049.9,18,OK
INV003683,2023-11-30,STR16,PRD063,100,43345.0,23,OK
INV003684,2023-11-30,STR16,PRD081,27,9789.93,12,OK
INV003685,2023-11-30,STR16,PRD036,146,64714.5,8,OK
INV003686,2023-11-30,STR16,PRD075,118,32343.8,5,OK
INV003687,2023-11-30,STR16,PRD052,107,44950.7,30,OK
INV003688,2023-11-30,STR16,PRD085,93,11511.54,8,OK
INV003689,2023-11-30,STR16,PRD105,108,22508.28,30,OK
INV003690,2023-11-30,STR16,PRD104,141,70772.13,12,OK
INV003691,2023-11-30,STR08,PRD011,40,9239.2,22,OK
INV003692,2023-11-30,STR08,PRD013,149,42165.51,19,OK
INV003693,2023-11-30,STR08,PRD064,41,7120.47,28,OK
INV003694,2023-11-30,STR08,PRD052,98,41169.8,5,OK
INV003695,2023-11-30,STR08,PRD081,31,11240.29,20,OK
INV003696,2023-11-30,STR08,PRD015,25,13043.25,30,OK
INV003697,2023-11-30,STR08,PRD018,48,25923.36,10,OK
INV003698,2023-11-30,STR08,PRD030,5,2225.25,23,Low
INV003699,2023-11-30,STR08,PRD007,96,48586.56,30,OK
INV003700,2023-11-30,STR08,PRD056,19,9670.24,14,OK
INV003701,2023-11-30,STR08,PRD063,17,7368.65,7,OK
INV003702,2023-11-30,STR08,PRD074,134,36555.2,22,OK
INV003703,2023-11-30,STR08,PRD075,114,31247.4,12,OK
INV003704,2023-11-30,STR08,PRD128,40,6499.2,18,OK
INV003705,2023-11-30,STR08,PRD091,48,6843.36,6,OK
INV003706,2023-11-30,STR08,PRD076,121,63125.7,18,OK
INV003707,2023-11-30,STR08,PRD146,61,26408.73,24,OK
INV003708,2023-11-30,STR08,PRD114,84,22627.08,22,OK
INV003709,2023-11-30,STR08,PRD104,144,72277.92,25,OK
INV003710,2023-11-30,STR08,PRD020,150,66546.0,22,OK
INV003711,2023-11-30,STR08,PRD008,6,1361.1,17,Low
INV003712,2023-11-30,STR08,PRD115,142,47328.6,17,OK
INV003713,2023-11-30,STR08,PRD066,44,15358.64,24,OK
INV003714,2023-11-30,STR08,PRD108,122,32652.08,26,OK
INV003715,2023-11-30,STR08,PRD148,46,14829.02,8,OK
INV003716,2023-11-30,STR08,PRD049,9,383.67,24,Low
INV003717,2023-11-30,STR08,PRD122,69,6855.84,7,OK
INV003718,2023-11-30,STR08,PRD102,7,3083.57,25,Low
INV003719,2023-11-30,STR08,PRD036,4,1773.0,28,Low
INV003720,2023-11-30,STR08,PRD109,40,17923.6,10,OK
INV003721,2023-11-30,STR07,PRD032,117,60802.56,30,OK
INV003722,2023-11-30,STR07,PRD039,93,30053.88,10,OK
INV003723,2023-11-30,STR07,PRD146,123,53250.39,6,OK
INV003724,2023-11-30,STR07,PRD075,122,33440.2,14,OK
INV003725,2023-11-30,STR07,PRD012,66,4036.56,25,OK
INV003726,2023-11-30,STR07,PRD112,95,32094.8,14,OK
INV003727,2023-11-30,STR07,PRD133,90,36535.5,25,OK
INV003728,2023-11-30,STR07,PRD145,138,65301.6,22,OK
INV003729,2023-11-30,STR07,PRD097,45,10335.6,12,OK
INV003730,2023-11-30,STR07,PRD135,126,39338.46,25,OK
INV003731,2023-11-30,STR07,PRD120,82,3434.16,26,OK
INV003732,2023-11-30,STR07,PRD026,134,56955.36,24,OK
INV003733,2023-11-30,STR07,PRD139,26,4253.6,8,OK
INV003734,2023-11-30,STR07,PRD096,1,521.34,29,Low
INV003735,2023-11-30,STR07,PRD035,122,18709.92,9,OK
INV003736,2023-11-30,STR07,PRD069,11,3794.78,5,OK
INV003737,2023-11-30,STR07,PRD142,128,35072.0,5,OK
INV003738,2023-11-30,STR07,PRD100,59,25213.65,13,OK
INV003739,2023-11-30,STR07,PRD031,28,2428.72,17,OK
INV003740,2023-11-30,STR07,PRD006,65,28216.5,20,OK
INV003741,2023-11-30,STR07,PRD017,48,2240.16,26,OK
INV003742,2023-11-30,STR07,PRD071,120,21513.6,14,OK
INV003743,2023-11-30,STR07,PRD129,93,42710.25,6,OK
INV003744,2023-11-30,STR07,PRD057,77,26102.23,17,OK
INV003745,2023-11-30,STR07,PRD102,53,23347.03,26,OK
INV003746,2023-11-30,STR07,PRD147,94,6893.96,20,OK
INV003747,2023-11-30,STR07,PRD132,132,30576.48,18,OK
INV003748,2023-11-30,STR07,PRD090,21,11238.36,17,OK
INV003749,2023-11-30,STR07,PRD024,11,407.22,15,OK
INV003750,2023-11-30,STR07,PRD014,102,6391.32,23,OK
INV003751,2023-11-30,STR05,PRD126,133,48345.5,23,OK
INV003752,2023-11-30,STR05,PRD104,123,61737.39,6,OK
INV003753,2023-11-30,STR05,PRD142,3,822.0,18,Low
INV003754,2023-11-30,STR05,PRD052,43,18064.3,28,OK
INV003755,2023-11-30,STR05,PRD106,80,27815.2,19,OK
INV003756,2023-11-30,STR05,PRD132,102,23627.28,17,OK
INV003757,2023-11-30,STR05,PRD074,108,29462.4,24,OK
INV003758,2023-11-30,STR05,PRD093,36,900.72,29,OK
INV003759,2023-11-30,STR05,PRD032,145,75353.6,6,OK
INV003760,2023-11-30,STR05,PRD036,71,31470.75,14,OK
INV003761,2023-11-30,STR05,PRD008,33,7486.05,12,OK
INV003762,2023-11-30,STR05,PRD100,112,47863.2,15,OK
INV003763,2023-11-30,STR05,PRD123,81,6709.23,22,OK
INV003764,2023-11-30,STR05,PRD028,75,5902.5,28,OK
INV003765,2023-11-30,STR05,PRD143,47,8573.27,23,OK
INV003766,2023-11-30,STR05,PRD015,144,75129.12,24,OK
INV003767,2023-11-30,STR05,PRD095,104,20605.52,22,OK
INV003768,2023-11-30,STR05,PRD022,75,11616.0,22,OK
INV003769,2023-11-30,STR05,PRD016,8,3520.08,12,Low
INV003770,2023-11-30,STR05,PRD030,43,19137.15,9,OK
INV003771,2023-11-30,STR05,PRD019,29,9199.67,22,OK
INV003772,2023-11-30,STR05,PRD090,31,16589.96,14,OK
INV003773,2023-11-30,STR05,PRD096,126,65688.84,22,OK
INV003774,2023-11-30,STR05,PRD140,135,51490.35,5,OK
INV003775,2023-11-30,STR05,PRD121,67,13332.33,17,OK
INV003776,2023-11-30,STR05,PRD009,63,33161.31,14,OK
INV003777,2023-11-30,STR05,PRD027,134,29667.6,17,OK
INV003778,2023-11-30,STR05,PRD045,85,28450.35,21,OK
INV003779,2023-11-30,STR05,PRD031,147,12750.78,11,OK
INV003780,2023-11-30,STR05,PRD127,63,28846.44,21,OK
INV003781,2023-11-30,STR17,PRD065,42,9389.1,19,OK
INV003782,2023-11-30,STR17,PRD082,133,64231.02,21,OK
INV003783,2023-11-30,STR17,PRD122,33,3278.88,21,OK
INV003784,2023-11-30,STR17,PRD084,4,1290.28,28,Low
INV003785,2023-11-30,STR17,PRD009,149,78429.13,10,OK
INV003786,2023-11-30,STR17,PRD107,148,67397.72,16,OK
INV003787,2023-11-30,STR17,PRD012,149,9112.84,29,OK
INV003788,2023-11-30,STR17,PRD109,80,35847.2,24,OK
INV003789,2023-11-30,STR17,PRD110,45,6057.9,26,OK
INV003790,2023-11-30,STR17,PRD002,144,66232.8,16,OK
INV003791,2023-11-30,STR17,PRD048,5,502.85,13,Low
INV003792,2023-11-30,STR17,PRD080,27,12204.81,21,OK
INV003793,2023-11-30,STR17,PRD033,136,15713.44,16,OK
INV003794,2023-11-30,STR17,PRD006,73,31689.3,24,OK
INV003795,2023-11-30,STR17,PRD038,126,39333.42,27,OK
INV003796,2023-11-30,STR17,PRD016,68,29920.68,22,OK
INV003797,2023-11-30,STR17,PRD044,96,5028.48,18,OK
INV003798,2023-11-30,STR17,PRD133,53,21515.35,7,OK
INV003799,2023-11-30,STR17,PRD062,108,44559.72,6,OK
INV003800,2023-11-30,STR17,PRD128,46,7474.08,6,OK
INV003801,2023-11-30,STR17,PRD142,54,14796.0,28,OK
INV003802,2023-11-30,STR17,PRD108,20,5352.8,8,OK
INV003803,2023-11-30,STR17,PRD092,68,9033.8,15,OK
INV003804,2023-11-30,STR17,PRD074,37,10093.6,8,OK
INV003805,2023-11-30,STR17,PRD096,130,67774.2,12,OK
INV003806,2023-11-30,STR17,PRD058,145,7318.15,23,OK
INV003807,2023-11-30,STR17,PRD115,34,11332.2,28,OK
INV003808,2023-11-30,STR17,PRD135,60,18732.6,18,OK
INV003809,2023-11-30,STR17,PRD083,119,63334.18,18,OK
INV003810,2023-11-30,STR17,PRD001,24,10109.52,7,OK
INV003811,2023-11-30,STR13,PRD086,61,28702.94,15,OK
INV003812,2023-11-30,STR13,PRD094,23,6095.0,6,OK
INV003813,2023-11-30,STR13,PRD109,146,65421.14,7,OK
INV003814,2023-11-30,STR13,PRD139,37,6053.2,23,OK
INV003815,2023-11-30,STR13,PRD128,86,13973.28,6,OK
INV003816,2023-11-30,STR13,PRD040,41,14254.47,14,OK
INV003817,2023-11-30,STR13,PRD035,40,6134.4,11,OK
INV003818,2023-11-30,STR13,PRD052,17,7141.7,5,OK
INV003819,2023-11-30,STR13,PRD071,5,896.4,20,Low
INV003820,2023-11-30,STR13,PRD077,116,31381.48,28,OK
INV003821,2023-11-30,STR13,PRD034,16,6077.28,19,OK
INV003822,2023-11-30,STR13,PRD146,98,42427.14,14,OK
INV003823,2023-11-30,STR13,PRD079,67,4541.26,20,OK
INV003824,2023-11-30,STR13,PRD066,32,11169.92,15,OK
INV003825,2023-11-30,STR13,PRD047,115,30554.35,10,OK
INV003826,2023-11-30,STR13,PRD098,51,13902.09,14,OK
INV003827,2023-11-30,STR13,PRD028,77,6059.9,15,OK
INV003828,2023-11-30,STR13,PRD130,109,3425.87,28,OK
INV003829,2023-11-30,STR13,PRD101,20,2394.8,12,OK
INV003830,2023-11-30,STR13,PRD134,121,45293.93,7,OK
INV003831,2023-11-30,STR13,PRD042,88,29984.24,22,OK
INV003832,2023-11-30,STR13,PRD085,63,7798.14,24,OK
INV003833,2023-11-30,STR13,PRD064,6,1042.02,24,Low
INV003834,2023-11-30,STR13,PRD122,127,12618.72,21,OK
INV003835,2023-11-30,STR13,PRD078,146,59487.7,6,OK
INV003836,2023-11-30,STR13,PRD104,114,57220.02,5,OK
INV003837,2023-11-30,STR13,PRD148,135,43519.95,9,OK
INV003838,2023-11-30,STR13,PRD137,143,68857.36,29,OK
INV003839,2023-11-30,STR13,PRD132,69,15983.16,10,OK
INV003840,2023-11-30,STR13,PRD012,101,6177.16,24,OK
INV003841,2023-11-30,STR06,PRD019,117,37115.91,22,OK
INV003842,2023-11-30,STR06,PRD106,31,10778.39,11,OK
INV003843,2023-11-30,STR06,PRD045,67,22425.57,9,OK
INV003844,2023-11-30,STR06,PRD011,134,30951.32,28,OK
INV003845,2023-11-30,STR06,PRD132,99,22932.36,17,OK
INV003846,2023-11-30,STR06,PRD114,20,5387.4,10,OK
INV003847,2023-11-30,STR06,PRD104,133,66756.69,28,OK
INV003848,2023-11-30,STR06,PRD123,89,7371.87,17,OK
INV003849,2023-11-30,STR06,PRD086,86,40466.44,28,OK
INV003850,2023-11-30,STR06,PRD105,82,17089.62,18,OK
INV003851,2023-11-30,STR06,PRD027,114,25239.6,28,OK
INV003852,2023-11-30,STR06,PRD034,40,15193.2,7,OK
INV003853,2023-11-30,STR06,PRD098,79,21534.61,14,OK
INV003854,2023-11-30,STR06,PRD015,99,51651.27,9,OK
INV003855,2023-11-30,STR06,PRD118,5,1867.35,11,Low
INV003856,2023-11-30,STR06,PRD007,75,37958.25,6,OK
INV003857,2023-11-30,STR06,PRD042,117,39865.41,17,OK
INV003858,2023-11-30,STR06,PRD006,140,60774.0,15,OK
INV003859,2023-11-30,STR06,PRD038,52,16232.84,10,OK
INV003860,2023-11-30,STR06,PRD051,28,8862.56,20,OK
INV003861,2023-11-30,STR06,PRD008,66,14972.1,17,OK
INV003862,2023-11-30,STR06,PRD072,100,40613.0,27,OK
INV003863,2023-11-30,STR06,PRD122,9,894.24,16,Low
INV003864,2023-11-30,STR06,PRD147,136,9974.24,16,OK
INV003865,2023-11-30,STR06,PRD131,125,22798.75,7,OK
INV003866,2023-11-30,STR06,PRD084,58,18709.06,15,OK
INV003867,2023-11-30,STR06,PRD101,7,838.18,15,Low
INV003868,2023-11-30,STR06,PRD136,97,30235.87,30,OK
INV003869,2023-11-30,STR06,PRD020,76,33716.64,24,OK
INV003870,2023-11-30,STR06,PRD082,4,1931.76,21,Low
INV003871,2023-11-30,STR19,PRD026,47,19976.88,29,OK
INV003872,2023-11-30,STR19,PRD129,69,31688.25,24,OK
INV003873,2023-11-30,STR19,PRD023,45,4315.05,29,OK
INV003874,2023-11-30,STR19,PRD087,116,9276.52,15,OK
INV003875,2023-11-30,STR19,PRD116,131,47389.25,26,OK
INV003876,2023-11-30,STR19,PRD035,9,1380.24,22,Low
INV003877,2023-11-30,STR19,PRD134,50,18716.5,18,OK
INV003878,2023-11-30,STR19,PRD135,113,35279.73,13,OK
INV003879,2023-11-30,STR19,PRD115,110,36663.0,22,OK
INV003880,2023-11-30,STR19,PRD038,19,5931.23,15,OK
INV003881,2023-11-30,STR19,PRD067,35,4900.35,19,OK
INV003882,2023-11-30,STR19,PRD085,71,8788.38,21,OK
INV003883,2023-11-30,STR19,PRD032,10,5196.8,18,OK
INV003884,2023-11-30,STR19,PRD018,134,72369.38,29,OK
INV003885,2023-11-30,STR19,PRD002,46,21157.7,22,OK
INV003886,2023-11-30,STR19,PRD130,47,1477.21,11,OK
INV003887,2023-11-30,STR19,PRD098,3,817.77,5,Low
INV003888,2023-11-30,STR19,PRD078,127,51746.15,12,OK
INV003889,2023-11-30,STR19,PRD058,82,4138.54,7,OK
INV003890,2023-11-30,STR19,PRD080,72,32546.16,8,OK
INV003891,2023-11-30,STR19,PRD097,62,14240.16,30,OK
INV003892,2023-11-30,STR19,PRD030,72,32043.6,20,OK
INV003893,2023-11-30,STR19,PRD059,82,38118.52,24,OK
INV003894,2023-11-30,STR19,PRD010,66,28144.38,17,OK
INV003895,2023-11-30,STR19,PRD074,30,8184.0,10,OK
INV003896,2023-11-30,STR19,PRD001,131,55181.13,20,OK
INV003897,2023-11-30,STR19,PRD071,149,26712.72,29,OK
INV003898,2023-11-30,STR19,PRD124,113,59799.6,10,OK
INV003899,2023-11-30,STR19,PRD111,5,1095.25,21,Low
INV003900,2023-11-30,STR19,PRD061,47,24295.71,26,OK
INV003901,2023-11-30,STR12,PRD055,145,23060.8,18,OK
INV003902,2023-11-30,STR12,PRD110,105,14135.1,24,OK
INV003903,2023-11-30,STR12,PRD020,131,58116.84,20,OK
INV003904,2023-11-30,STR12,PRD071,92,16493.76,27,OK
INV003905,2023-11-30,STR12,PRD009,13,6842.81,24,OK
INV003906,2023-11-30,STR12,PRD133,35,14208.25,17,OK
INV003907,2023-11-30,STR12,PRD139,67,10961.2,18,OK
INV003908,2023-11-30,STR12,PRD136,98,30547.58,10,OK
INV003909,2023-11-30,STR12,PRD101,103,12333.22,13,OK
INV003910,2023-11-30,STR12,PRD106,97,33725.93,27,OK
INV003911,2023-11-30,STR12,PRD049,57,2429.91,26,OK
INV003912,2023-11-30,STR12,PRD018,106,57247.42,5,OK
INV003913,2023-11-30,STR12,PRD089,93,46181.01,10,OK
INV003914,2023-11-30,STR12,PRD125,93,17975.04,27,OK
INV003915,2023-11-30,STR12,PRD112,35,11824.4,23,OK
INV003916,2023-11-30,STR12,PRD005,29,12882.67,20,OK
INV003917,2023-11-30,STR12,PRD017,48,2240.16,16,OK
INV003918,2023-11-30,STR12,PRD075,91,24943.1,24,OK
INV003919,2023-11-30,STR12,PRD068,104,8192.08,9,OK
INV003920,2023-11-30,STR12,PRD053,106,5870.28,21,OK
INV003921,2023-11-30,STR12,PRD091,35,4989.95,28,OK
INV003922,2023-11-30,STR12,PRD024,110,4072.2,8,OK
INV003923,2023-11-30,STR12,PRD043,31,2435.98,28,OK
INV003924,2023-11-30,STR12,PRD063,49,21239.05,23,OK
INV003925,2023-11-30,STR12,PRD057,127,43051.73,17,OK
INV003926,2023-11-30,STR12,PRD121,82,16317.18,30,OK
INV003927,2023-11-30,STR12,PRD032,43,22346.24,7,OK
INV003928,2023-11-30,STR12,PRD141,5,1007.3,26,Low
INV003929,2023-11-30,STR12,PRD048,130,13074.1,25,OK
INV003930,2023-11-30,STR12,PRD040,79,27465.93,27,OK
INV003931,2023-11-30,STR14,PRD149,10,3185.4,14,OK
INV003932,2023-11-30,STR14,PRD072,70,28429.1,26,OK
INV003933,2023-11-30,STR14,PRD032,35,18188.8,8,OK
INV003934,2023-11-30,STR14,PRD055,101,16063.04,16,OK
INV003935,2023-11-30,STR14,PRD010,111,47333.73,10,OK
INV003936,2023-11-30,STR14,PRD042,146,49746.58,16,OK
INV003937,2023-11-30,STR14,PRD038,68,21227.56,8,OK
INV003938,2023-11-30,STR14,PRD138,72,28625.04,12,OK
INV003939,2023-11-30,STR14,PRD102,55,24228.05,5,OK
INV003940,2023-11-30,STR14,PRD106,9,3129.21,7,Low
INV003941,2023-11-30,STR14,PRD086,52,24468.08,27,OK
INV003942,2023-11-30,STR14,PRD115,41,13665.3,26,OK
INV003943,2023-11-30,STR14,PRD127,1,457.88,24,Low
INV003944,2023-11-30,STR14,PRD067,60,8400.6,20,OK
INV003945,2023-11-30,STR14,PRD077,132,35709.96,5,OK
INV003946,2023-11-30,STR14,PRD092,88,11690.8,25,OK
INV003947,2023-11-30,STR14,PRD023,93,8917.77,11,OK
INV003948,2023-11-30,STR14,PRD075,146,40018.6,17,OK
INV003949,2023-11-30,STR14,PRD103,120,60438.0,19,OK
INV003950,2023-11-30,STR14,PRD114,45,12121.65,6,OK
INV003951,2023-11-30,STR14,PRD014,18,1127.88,11,OK
INV003952,2023-11-30,STR14,PRD044,18,942.84,7,OK
INV003953,2023-11-30,STR14,PRD059,21,9762.06,10,OK
INV003954,2023-11-30,STR14,PRD064,23,3994.41,10,OK
INV003955,2023-11-30,STR14,PRD046,56,30303.84,24,OK
INV003956,2023-11-30,STR14,PRD107,10,4553.9,29,OK
INV003957,2023-11-30,STR14,PRD018,119,64268.33,14,OK
INV003958,2023-11-30,STR14,PRD141,24,4835.04,22,OK
INV003959,2023-11-30,STR14,PRD104,29,14555.97,8,OK
INV003960,2023-11-30,STR14,PRD131,89,16232.71,19,OK
INV003961,2023-12-31,STR04,PRD035,11,1686.96,8,OK
INV003962,2023-12-31,STR04,PRD129,70,32147.5,18,OK
INV003963,2023-12-31,STR04,PRD076,2,1043.4,29,Low
INV003964,2023-12-31,STR04,PRD058,95,4794.65,21,OK
INV003965,2023-12-31,STR04,PRD113,77,13022.24,25,OK
INV003966,2023-12-31,STR04,PRD049,74,3154.62,26,OK
INV003967,2023-12-31,STR04,PRD121,6,1193.94,20,Low
INV003968,2023-12-31,STR04,PRD142,61,16714.0,5,OK
INV003969,2023-12-31,STR04,PRD102,102,44932.02,24,OK
INV003970,2023-12-31,STR04,PRD057,19,6440.81,12,OK
INV003971,2023-12-31,STR04,PRD124,97,51332.4,28,OK
INV003972,2023-12-31,STR04,PRD066,115,40141.9,6,OK
INV003973,2023-12-31,STR04,PRD026,107,45479.28,17,OK
INV003974,2023-12-31,STR04,PRD016,78,34320.78,27,OK
INV003975,2023-12-31,STR04,PRD067,55,7700.55,5,OK
INV003976,2023-12-31,STR04,PRD048,41,4123.37,17,OK
INV003977,2023-12-31,STR04,PRD130,77,2420.11,21,OK
INV003978,2023-12-31,STR04,PRD092,138,18333.3,14,OK
INV003979,2023-12-31,STR04,PRD080,118,53339.54,25,OK
INV003980,2023-12-31,STR04,PRD110,94,12654.28,5,OK
INV003981,2023-12-31,STR04,PRD042,74,25214.02,19,OK
INV003982,2023-12-31,STR04,PRD116,142,51368.5,18,OK
INV003983,2023-12-31,STR04,PRD101,39,4669.86,26,OK
INV003984,2023-12-31,STR04,PRD122,50,4968.0,22,OK
INV003985,2023-12-31,STR04,PRD086,90,42348.6,27,OK
INV003986,2023-12-31,STR04,PRD150,80,28380.8,30,OK
INV003987,2023-12-31,STR04,PRD127,31,14194.28,11,OK
INV003988,2023-12-31,STR04,PRD023,16,1534.24,18,OK
INV003989,2023-12-31,STR04,PRD044,76,3980.88,8,OK
INV003990,2023-12-31,STR04,PRD103,116,58423.4,16,OK
INV003991,2023-12-31,STR03,PRD131,138,25169.82,17,OK
INV003992,2023-12-31,STR03,PRD080,98,44298.94,26,OK
INV003993,2023-12-31,STR03,PRD102,5,2202.55,20,Low
INV003994,2023-12-31,STR03,PRD101,144,17242.56,11,OK
INV003995,2023-12-31,STR03,PRD076,14,7303.8,8,OK
INV003996,2023-12-31,STR03,PRD033,97,11207.38,23,OK
INV003997,2023-12-31,STR03,PRD147,35,2566.9,13,OK
INV003998,2023-12-31,STR03,PRD083,83,44174.26,7,OK
INV003999,2023-12-31,STR03,PRD146,77,33335.61,26,OK
INV004000,2023-12-31,STR03,PRD057,80,27119.2,5,OK
INV004001,2023-12-31,STR03,PRD139,87,14233.2,18,OK
INV004002,2023-12-31,STR03,PRD132,54,12508.56,29,OK
INV004003,2023-12-31,STR03,PRD129,117,53732.25,9,OK
INV004004,2023-12-31,STR03,PRD087,75,5997.75,28,OK
INV004005,2023-12-31,STR03,PRD116,95,34366.25,15,OK
INV004006,2023-12-31,STR03,PRD025,112,25802.56,25,OK
INV004007,2023-12-31,STR03,PRD011,25,5774.5,19,OK
INV004008,2023-12-31,STR03,PRD097,64,14699.52,16,OK
INV004009,2023-12-31,STR03,PRD015,31,16173.63,7,OK
INV004010,2023-12-31,STR03,PRD022,15,2323.2,25,OK
INV004011,2023-12-31,STR03,PRD106,8,2781.52,11,Low
INV004012,2023-12-31,STR03,PRD012,113,6911.08,12,OK
INV004013,2023-12-31,STR03,PRD113,83,14036.96,13,OK
INV004014,2023-12-31,STR03,PRD041,8,1089.84,27,Low
INV004015,2023-12-31,STR03,PRD096,148,77158.32,10,OK
INV004016,2023-12-31,STR03,PRD028,27,2124.9,21,OK
INV004017,2023-12-31,STR03,PRD122,75,7452.0,11,OK
INV004018,2023-12-31,STR03,PRD043,147,11551.26,27,OK
INV004019,2023-12-31,STR03,PRD036,47,20832.75,26,OK
INV004020,2023-12-31,STR03,PRD061,89,46006.77,27,OK
INV004021,2023-12-31,STR15,PRD080,30,13560.9,26,OK
INV004022,2023-12-31,STR15,PRD115,2,666.6,17,Low
INV004023,2023-12-31,STR15,PRD105,48,10003.68,12,OK
INV004024,2023-12-31,STR15,PRD109,114,51082.26,10,OK
INV004025,2023-12-31,STR15,PRD050,121,17655.11,11,OK
INV004026,2023-12-31,STR15,PRD029,126,32194.26,25,OK
INV004027,2023-12-31,STR15,PRD143,141,25719.81,29,OK
INV004028,2023-12-31,STR15,PRD126,97,35259.5,20,OK
INV004029,2023-12-31,STR15,PRD014,31,1942.46,12,OK
INV004030,2023-12-31,STR15,PRD072,142,57670.46,8,OK
INV004031,2023-12-31,STR15,PRD113,31,5242.72,20,OK
INV004032,2023-12-31,STR15,PRD011,82,18940.36,23,OK
INV004033,2023-12-31,STR15,PRD028,142,11175.4,29,OK
INV004034,2023-12-31,STR15,PRD042,6,2044.38,29,Low
INV004035,2023-12-31,STR15,PRD053,142,7863.96,24,OK
INV004036,2023-12-31,STR15,PRD096,72,37536.48,19,OK
INV004037,2023-12-31,STR15,PRD098,19,5179.21,26,OK
INV004038,2023-12-31,STR15,PRD147,50,3667.0,20,OK
INV004039,2023-12-31,STR15,PRD131,123,22433.97,6,OK
INV004040,2023-12-31,STR15,PRD065,95,21237.25,25,OK
INV004041,2023-12-31,STR15,PRD067,100,14001.0,6,OK
INV004042,2023-12-31,STR15,PRD077,144,38956.32,7,OK
INV004043,2023-12-31,STR15,PRD093,20,500.4,23,OK
INV004044,2023-12-31,STR15,PRD135,83,25913.43,14,OK
INV004045,2023-12-31,STR15,PRD086,90,42348.6,30,OK
INV004046,2023-12-31,STR15,PRD007,12,6073.32,17,OK
INV004047,2023-12-31,STR15,PRD024,41,1517.82,14,OK
INV004048,2023-12-31,STR15,PRD084,146,47095.22,29,OK
INV004049,2023-12-31,STR15,PRD090,108,57797.28,5,OK
INV004050,2023-12-31,STR15,PRD075,41,11238.1,11,OK
INV004051,2023-12-31,STR02,PRD118,20,7469.4,24,OK
INV004052,2023-12-31,STR02,PRD079,109,7388.02,20,OK
INV004053,2023-12-31,STR02,PRD068,118,9294.86,18,OK
INV004054,2023-12-31,STR02,PRD136,83,25871.93,19,OK
INV004055,2023-12-31,STR02,PRD030,43,19137.15,15,OK
INV004056,2023-12-31,STR02,PRD134,143,53529.19,13,OK
INV004057,2023-12-31,STR02,PRD012,89,5443.24,15,OK
INV004058,2023-12-31,STR02,PRD069,150,51747.0,30,OK
INV004059,2023-12-31,STR02,PRD097,91,20900.88,17,OK
INV004060,2023-12-31,STR02,PRD075,26,7126.6,18,OK
INV004061,2023-12-31,STR02,PRD093,127,3177.54,22,OK
INV004062,2023-12-31,STR02,PRD044,48,2514.24,24,OK
INV004063,2023-12-31,STR02,PRD064,68,11809.56,10,OK
INV004064,2023-12-31,STR02,PRD117,143,41730.26,25,OK
INV004065,2023-12-31,STR02,PRD034,39,14813.37,10,OK
INV004066,2023-12-31,STR02,PRD062,37,15265.83,15,OK
INV004067,2023-12-31,STR02,PRD125,80,15462.4,26,OK
INV004068,2023-12-31,STR02,PRD061,138,71336.34,24,OK
INV004069,2023-12-31,STR02,PRD028,35,2754.5,24,OK
INV004070,2023-12-31,STR02,PRD010,43,18336.49,18,OK
INV004071,2023-12-31,STR02,PRD033,126,14558.04,19,OK
INV004072,2023-12-31,STR02,PRD057,133,45085.67,28,OK
INV004073,2023-12-31,STR02,PRD099,91,9605.96,18,OK
INV004074,2023-12-31,STR02,PRD092,120,15942.0,18,OK
INV004075,2023-12-31,STR02,PRD063,75,32508.75,27,OK
INV004076,2023-12-31,STR02,PRD020,42,18632.88,10,OK
INV004077,2023-12-31,STR02,PRD056,1,508.96,15,Low
INV004078,2023-12-31,STR02,PRD121,89,17710.11,24,OK
INV004079,2023-12-31,STR02,PRD098,101,27531.59,17,OK
INV004080,2023-12-31,STR02,PRD082,70,33805.8,23,OK
INV004081,2023-12-31,STR10,PRD070,138,60973.92,21,OK
INV004082,2023-12-31,STR10,PRD018,112,60487.84,23,OK
INV004083,2023-12-31,STR10,PRD094,49,12985.0,20,OK
INV004084,2023-12-31,STR10,PRD024,118,4368.36,13,OK
INV004085,2023-12-31,STR10,PRD108,96,25693.44,21,OK
INV004086,2023-12-31,STR10,PRD065,5,1117.75,28,Low
INV004087,2023-12-31,STR10,PRD142,6,1644.0,21,Low
INV004088,2023-12-31,STR10,PRD115,24,7999.2,12,OK
INV004089,2023-12-31,STR10,PRD113,108,18264.96,29,OK
INV004090,2023-12-31,STR10,PRD027,117,25903.8,7,OK
INV004091,2023-12-31,STR10,PRD004,71,19756.46,10,OK
INV004092,2023-12-31,STR10,PRD129,101,46384.25,15,OK
INV004093,2023-12-31,STR10,PRD118,137,51165.39,11,OK
INV004094,2023-12-31,STR10,PRD081,82,29732.38,22,OK
INV004095,2023-12-31,STR10,PRD030,77,34268.85,18,OK
INV004096,2023-12-31,STR10,PRD103,25,12591.25,26,OK
INV004097,2023-12-31,STR10,PRD116,42,15193.5,12,OK
INV004098,2023-12-31,STR10,PRD032,63,32739.84,14,OK
INV004099,2023-12-31,STR10,PRD083,56,29804.32,13,OK
INV004100,2023-12-31,STR10,PRD016,125,55001.25,15,OK
INV004101,2023-12-31,STR10,PRD125,115,22227.2,27,OK
INV004102,2023-12-31,STR10,PRD026,117,49729.68,9,OK
INV004103,2023-12-31,STR10,PRD123,38,3147.54,11,OK
INV004104,2023-12-31,STR10,PRD009,15,7895.55,12,OK
INV004105,2023-12-31,STR10,PRD055,27,4294.08,15,OK
INV004106,2023-12-31,STR10,PRD074,23,6274.4,9,OK
INV004107,2023-12-31,STR10,PRD063,105,45512.25,13,OK
INV004108,2023-12-31,STR10,PRD050,87,12694.17,21,OK
INV004109,2023-12-31,STR10,PRD056,58,29519.68,14,OK
INV004110,2023-12-31,STR10,PRD148,65,20954.05,13,OK
INV004111,2023-12-31,STR06,PRD091,94,13401.58,22,OK
INV004112,2023-12-31,STR06,PRD140,82,31275.62,19,OK
INV004113,2023-12-31,STR06,PRD127,79,36172.52,22,OK
INV004114,2023-12-31,STR06,PRD085,142,17576.76,8,OK
INV004115,2023-12-31,STR06,PRD027,145,32103.0,13,OK
INV004116,2023-12-31,STR06,PRD144,121,19118.0,14,OK
INV004117,2023-12-31,STR06,PRD041,25,3405.75,29,OK
INV004118,2023-12-31,STR06,PRD069,140,48297.2,5,OK
INV004119,2023-12-31,STR06,PRD049,128,5456.64,17,OK
INV004120,2023-12-31,STR06,PRD015,24,12521.52,20,OK
INV004121,2023-12-31,STR06,PRD107,131,59656.09,15,OK
INV004122,2023-12-31,STR06,PRD030,5,2225.25,22,Low
INV004123,2023-12-31,STR06,PRD098,106,28894.54,13,OK
INV004124,2023-12-31,STR06,PRD149,39,12423.06,27,OK
INV004125,2023-12-31,STR06,PRD135,9,2809.89,5,Low
INV004126,2023-12-31,STR06,PRD132,112,25943.68,14,OK
INV004127,2023-12-31,STR06,PRD007,98,49598.78,9,OK
INV004128,2023-12-31,STR06,PRD048,26,2614.82,27,OK
INV004129,2023-12-31,STR06,PRD113,12,2029.44,21,OK
INV004130,2023-12-31,STR06,PRD081,115,41697.85,22,OK
INV004131,2023-12-31,STR06,PRD029,86,21973.86,21,OK
INV004132,2023-12-31,STR06,PRD042,29,9881.17,6,OK
INV004133,2023-12-31,STR06,PRD088,137,51717.5,25,OK
INV004134,2023-12-31,STR06,PRD032,63,32739.84,12,OK
INV004135,2023-12-31,STR06,PRD129,67,30769.75,13,OK
INV004136,2023-12-31,STR06,PRD063,11,4767.95,17,OK
INV004137,2023-12-31,STR06,PRD111,148,32419.4,22,OK
INV004138,2023-12-31,STR06,PRD101,55,6585.7,30,OK
INV004139,2023-12-31,STR06,PRD014,129,8083.14,29,OK
INV004140,2023-12-31,STR06,PRD016,121,53241.21,6,OK
INV004141,2023-12-31,STR09,PRD085,28,3465.84,22,OK
INV004142,2023-12-31,STR09,PRD033,47,5430.38,27,OK
INV004143,2023-12-31,STR09,PRD087,142,11355.74,11,OK
INV004144,2023-12-31,STR09,PRD093,92,2301.84,26,OK
INV004145,2023-12-31,STR09,PRD063,33,14303.85,16,OK
INV004146,2023-12-31,STR09,PRD020,57,25287.48,16,OK
INV004147,2023-12-31,STR09,PRD135,65,20293.65,30,OK
INV004148,2023-12-31,STR09,PRD024,131,4849.62,9,OK
INV004149,2023-12-31,STR09,PRD089,139,69023.23,20,OK
INV004150,2023-12-31,STR09,PRD146,26,11256.18,14,OK
INV004151,2023-12-31,STR09,PRD083,141,75043.02,18,OK
INV004152,2023-12-31,STR09,PRD021,61,4665.28,20,OK
INV004153,2023-12-31,STR09,PRD028,90,7083.0,7,OK
INV004154,2023-12-31,STR09,PRD077,110,29758.3,26,OK
INV004155,2023-12-31,STR09,PRD139,33,5398.8,11,OK
INV004156,2023-12-31,STR09,PRD034,111,42161.13,7,OK
INV004157,2023-12-31,STR09,PRD095,17,3368.21,24,OK
INV004158,2023-12-31,STR09,PRD105,79,16464.39,20,OK
INV004159,2023-12-31,STR09,PRD061,12,6203.16,17,OK
INV004160,2023-12-31,STR09,PRD073,145,64890.4,19,OK
INV004161,2023-12-31,STR09,PRD126,35,12722.5,8,OK
INV004162,2023-12-31,STR09,PRD074,119,32463.2,15,OK
INV004163,2023-12-31,STR09,PRD112,20,6756.8,9,OK
INV004164,2023-12-31,STR09,PRD006,121,52526.1,20,OK
INV004165,2023-12-31,STR09,PRD091,101,14399.57,10,OK
INV004166,2023-12-31,STR09,PRD147,37,2713.58,15,OK
INV004167,2023-12-31,STR09,PRD008,145,32893.25,25,OK
INV004168,2023-12-31,STR09,PRD094,36,9540.0,16,OK
INV004169,2023-12-31,STR09,PRD130,131,4117.33,9,OK
INV004170,2023-12-31,STR09,PRD064,92,15977.64,27,OK
INV004171,2023-12-31,STR14,PRD129,150,68887.5,8,OK
INV004172,2023-12-31,STR14,PRD136,109,33976.39,22,OK
INV004173,2023-12-31,STR14,PRD033,72,8318.88,6,OK
INV004174,2023-12-31,STR14,PRD128,150,24372.0,5,OK
INV004175,2023-12-31,STR14,PRD045,4,1338.84,28,Low
INV004176,2023-12-31,STR14,PRD040,6,2086.02,13,Low
INV004177,2023-12-31,STR14,PRD098,130,35436.7,6,OK
INV004178,2023-12-31,STR14,PRD069,42,14489.16,15,OK
INV004179,2023-12-31,STR14,PRD036,49,21719.25,22,OK
INV004180,2023-12-31,STR14,PRD130,60,1885.8,28,OK
INV004181,2023-12-31,STR14,PRD035,14,2147.04,16,OK
INV004182,2023-12-31,STR14,PRD144,59,9322.0,10,OK
INV004183,2023-12-31,STR14,PRD085,130,16091.4,21,OK
INV004184,2023-12-31,STR14,PRD037,85,16813.0,14,OK
INV004185,2023-12-31,STR14,PRD138,75,29817.75,26,OK
INV004186,2023-12-31,STR14,PRD017,48,2240.16,6,OK
INV004187,2023-12-31,STR14,PRD135,80,24976.8,28,OK
INV004188,2023-12-31,STR14,PRD118,71,26516.37,7,OK
INV004189,2023-12-31,STR14,PRD078,66,26891.7,7,OK
INV004190,2023-12-31,STR14,PRD094,74,19610.0,6,OK
INV004191,2023-12-31,STR14,PRD119,76,31376.6,19,OK
INV004192,2023-12-31,STR14,PRD008,71,16106.35,5,OK
INV004193,2023-12-31,STR14,PRD059,14,6508.04,24,OK
INV004194,2023-12-31,STR14,PRD053,19,1052.22,25,OK
INV004195,2023-12-31,STR14,PRD077,0,0.0,30,Out of Stock
INV004196,2023-12-31,STR14,PRD134,23,8609.59,5,OK
INV004197,2023-12-31,STR14,PRD065,97,21684.35,23,OK
INV004198,2023-12-31,STR14,PRD039,113,36517.08,6,OK
INV004199,2023-12-31,STR14,PRD102,102,44932.02,25,OK
INV004200,2023-12-31,STR14,PRD146,35,15152.55,21,OK
INV004201,2023-12-31,STR20,PRD068,17,1339.09,30,OK
INV004202,2023-12-31,STR20,PRD148,129,41585.73,15,OK
INV004203,2023-12-31,STR20,PRD010,67,28570.81,11,OK
INV004204,2023-12-31,STR20,PRD080,148,66900.44,22,OK
INV004205,2023-12-31,STR20,PRD134,17,6363.61,5,OK
INV004206,2023-12-31,STR20,PRD083,115,61205.3,28,OK
INV004207,2023-12-31,STR20,PRD065,44,9836.2,22,OK
INV004208,2023-12-31,STR20,PRD071,144,25816.32,9,OK
INV004209,2023-12-31,STR20,PRD042,117,39865.41,22,OK
INV004210,2023-12-31,STR20,PRD092,27,3586.95,22,OK
INV004211,2023-12-31,STR20,PRD029,86,21973.86,10,OK
INV004212,2023-12-31,STR20,PRD139,38,6216.8,15,OK
INV004213,2023-12-31,STR20,PRD093,126,3152.52,6,OK
INV004214,2023-12-31,STR20,PRD124,73,38631.6,24,OK
INV004215,2023-12-31,STR20,PRD131,96,17509.44,12,OK
INV004216,2023-12-31,STR20,PRD123,23,1905.09,23,OK
INV004217,2023-12-31,STR20,PRD146,33,14286.69,24,OK
INV004218,2023-12-31,STR20,PRD066,19,6632.14,5,OK
INV004219,2023-12-31,STR20,PRD049,8,341.04,14,Low
INV004220,2023-12-31,STR20,PRD088,129,48697.5,13,OK
INV004221,2023-12-31,STR20,PRD059,102,47415.72,25,OK
INV004222,2023-12-31,STR20,PRD132,141,32661.24,27,OK
INV004223,2023-12-31,STR20,PRD128,130,21122.4,7,OK
INV004224,2023-12-31,STR20,PRD127,30,13736.4,8,OK
INV004225,2023-12-31,STR20,PRD022,137,21218.56,22,OK
INV004226,2023-12-31,STR20,PRD050,43,6274.13,17,OK
INV004227,2023-12-31,STR20,PRD085,55,6807.9,18,OK
INV004228,2023-12-31,STR20,PRD023,144,13808.16,18,OK
INV004229,2023-12-31,STR20,PRD082,46,22215.24,22,OK
INV004230,2023-12-31,STR20,PRD018,137,73989.59,16,OK
INV004231,2023-12-31,STR18,PRD057,107,36271.93,17,OK
INV004232,2023-12-31,STR18,PRD071,130,23306.4,28,OK
INV004233,2023-12-31,STR18,PRD111,146,31981.3,8,OK
INV004234,2023-12-31,STR18,PRD045,40,13388.4,23,OK
INV004235,2023-12-31,STR18,PRD086,24,11292.96,6,OK
INV004236,2023-12-31,STR18,PRD131,71,12949.69,5,OK
INV004237,2023-12-31,STR18,PRD119,20,8257.0,30,OK
INV004238,2023-12-31,STR18,PRD038,105,32777.85,23,OK
INV004239,2023-12-31,STR18,PRD042,117,39865.41,19,OK
INV004240,2023-12-31,STR18,PRD114,108,29091.96,11,OK
INV004241,2023-12-31,STR18,PRD041,29,3950.67,9,OK
INV004242,2023-12-31,STR18,PRD084,38,12257.66,5,OK
INV004243,2023-12-31,STR18,PRD103,14,7051.1,23,OK
INV004244,2023-12-31,STR18,PRD122,44,4371.84,21,OK
INV004245,2023-12-31,STR18,PRD129,40,18370.0,30,OK
INV004246,2023-12-31,STR18,PRD113,35,5919.2,28,OK
INV004247,2023-12-31,STR18,PRD082,9,4346.46,19,Low
INV004248,2023-12-31,STR18,PRD031,109,9454.66,22,OK
INV004249,2023-12-31,STR18,PRD146,122,52817.46,26,OK
INV004250,2023-12-31,STR18,PRD066,66,23037.96,30,OK
INV004251,2023-12-31,STR18,PRD028,69,5430.3,13,OK
INV004252,2023-12-31,STR18,PRD070,46,20324.64,17,OK
INV004253,2023-12-31,STR18,PRD022,33,5111.04,15,OK
INV004254,2023-12-31,STR18,PRD080,31,14012.93,10,OK
INV004255,2023-12-31,STR18,PRD148,87,28046.19,26,OK
INV004256,2023-12-31,STR18,PRD049,45,1918.35,22,OK
INV004257,2023-12-31,STR18,PRD079,7,474.46,19,Low
INV004258,2023-12-31,STR18,PRD008,78,17694.3,28,OK
INV004259,2023-12-31,STR18,PRD050,38,5544.58,14,OK
INV004260,2023-12-31,STR18,PRD085,4,495.12,27,Low
INV004261,2023-12-31,STR11,PRD081,103,37346.77,13,OK
INV004262,2023-12-31,STR11,PRD146,62,26841.66,18,OK
INV004263,2023-12-31,STR11,PRD094,94,24910.0,18,OK
INV004264,2023-12-31,STR11,PRD017,59,2753.53,30,OK
INV004265,2023-12-31,STR11,PRD047,111,29491.59,14,OK
INV004266,2023-12-31,STR11,PRD051,87,27537.24,20,OK
INV004267,2023-12-31,STR11,PRD020,37,16414.68,19,OK
INV004268,2023-12-31,STR11,PRD131,79,14408.81,14,OK
INV004269,2023-12-31,STR11,PRD117,67,19551.94,16,OK
INV004270,2023-12-31,STR11,PRD073,16,7160.32,29,OK
INV004271,2023-12-31,STR11,PRD069,68,23458.64,12,OK
INV004272,2023-12-31,STR11,PRD049,121,5158.23,6,OK
INV004273,2023-12-31,STR11,PRD041,62,8446.26,16,OK
INV004274,2023-12-31,STR11,PRD015,83,43303.59,21,OK
INV004275,2023-12-31,STR11,PRD087,86,6877.42,12,OK
INV004276,2023-12-31,STR11,PRD071,117,20975.76,23,OK
INV004277,2023-12-31,STR11,PRD143,114,20794.74,5,OK
INV004278,2023-12-31,STR11,PRD016,143,62921.43,7,OK
INV004279,2023-12-31,STR11,PRD066,15,5235.9,26,OK
INV004280,2023-12-31,STR11,PRD121,136,27062.64,9,OK
INV004281,2023-12-31,STR11,PRD147,105,7700.7,29,OK
INV004282,2023-12-31,STR11,PRD109,61,27333.49,25,OK
INV004283,2023-12-31,STR11,PRD008,20,4537.0,23,OK
INV004284,2023-12-31,STR11,PRD093,47,1175.94,20,OK
INV004285,2023-12-31,STR11,PRD100,102,43589.7,12,OK
INV004286,2023-12-31,STR11,PRD139,108,17668.8,17,OK
INV004287,2023-12-31,STR11,PRD129,16,7348.0,13,OK
INV004288,2023-12-31,STR11,PRD034,9,3418.47,29,Low
INV004289,2023-12-31,STR11,PRD006,99,42975.9,16,OK
INV004290,2023-12-31,STR11,PRD010,70,29850.1,25,OK
INV004291,2023-12-31,STR13,PRD148,55,17730.35,6,OK
INV004292,2023-12-31,STR13,PRD013,115,32543.85,25,OK
INV004293,2023-12-31,STR13,PRD130,73,2294.39,12,OK
INV004294,2023-12-31,STR13,PRD035,136,20856.96,10,OK
INV004295,2023-12-31,STR13,PRD017,44,2053.48,30,OK
INV004296,2023-12-31,STR13,PRD065,95,21237.25,15,OK
INV004297,2023-12-31,STR13,PRD128,106,17222.88,22,OK
INV004298,2023-12-31,STR13,PRD032,78,40535.04,20,OK
INV004299,2023-12-31,STR13,PRD023,61,5849.29,21,OK
INV004300,2023-12-31,STR13,PRD123,110,9111.3,9,OK
INV004301,2023-12-31,STR13,PRD141,106,21354.76,6,OK
INV004302,2023-12-31,STR13,PRD105,70,14588.7,9,OK
INV004303,2023-12-31,STR13,PRD081,39,14141.01,22,OK
INV004304,2023-12-31,STR13,PRD019,149,47267.27,16,OK
INV004305,2023-12-31,STR13,PRD134,19,7112.27,19,OK
INV004306,2023-12-31,STR13,PRD071,5,896.4,12,Low
INV004307,2023-12-31,STR13,PRD046,48,25974.72,22,OK
INV004308,2023-12-31,STR13,PRD129,63,28932.75,22,OK
INV004309,2023-12-31,STR13,PRD094,13,3445.0,21,OK
INV004310,2023-12-31,STR13,PRD020,18,7985.52,30,OK
INV004311,2023-12-31,STR13,PRD144,82,12956.0,24,OK
INV004312,2023-12-31,STR13,PRD033,26,3004.04,7,OK
INV004313,2023-12-31,STR13,PRD120,26,1088.88,17,OK
INV004314,2023-12-31,STR13,PRD137,79,38040.08,11,OK
INV004315,2023-12-31,STR13,PRD010,78,33261.54,24,OK
INV004316,2023-12-31,STR13,PRD049,71,3026.73,28,OK
INV004317,2023-12-31,STR13,PRD109,137,61388.33,25,OK
INV004318,2023-12-31,STR13,PRD126,6,2181.0,26,Low
INV004319,2023-12-31,STR13,PRD138,115,45720.55,17,OK
INV004320,2023-12-31,STR13,PRD022,48,7434.24,10,OK
INV004321,2024-01-31,STR20,PRD055,129,20516.16,29,OK
INV004322,2024-01-31,STR20,PRD089,3,1489.71,18,Low
INV004323,2024-01-31,STR20,PRD076,94,49039.8,10,OK
INV004324,2024-01-31,STR20,PRD146,2,865.86,28,Low
INV004325,2024-01-31,STR20,PRD085,74,9159.72,23,OK
INV004326,2024-01-31,STR20,PRD122,0,0.0,26,Out of Stock
INV004327,2024-01-31,STR20,PRD101,16,1915.84,17,OK
INV004328,2024-01-31,STR20,PRD044,17,890.46,24,OK
INV004329,2024-01-31,STR20,PRD021,105,8030.4,8,OK
INV004330,2024-01-31,STR20,PRD019,8,2537.84,7,Low
INV004331,2024-01-31,STR20,PRD088,4,1510.0,26,Low
INV004332,2024-01-31,STR20,PRD052,8,3360.8,7,Low
INV004333,2024-01-31,STR20,PRD042,35,11925.55,6,OK
INV004334,2024-01-31,STR20,PRD079,72,4880.16,24,OK
INV004335,2024-01-31,STR20,PRD002,132,60713.4,15,OK
INV004336,2024-01-31,STR20,PRD087,14,1119.58,16,OK
INV004337,2024-01-31,STR20,PRD045,48,16066.08,8,OK
INV004338,2024-01-31,STR20,PRD077,58,15690.74,29,OK
INV004339,2024-01-31,STR20,PRD026,84,35703.36,17,OK
INV004340,2024-01-31,STR20,PRD080,133,60119.99,16,OK
INV004341,2024-01-31,STR20,PRD027,136,30110.4,26,OK
INV004342,2024-01-31,STR20,PRD133,36,14614.2,7,OK
INV004343,2024-01-31,STR20,PRD056,27,13741.92,11,OK
INV004344,2024-01-31,STR20,PRD071,149,26712.72,28,OK
INV004345,2024-01-31,STR20,PRD149,8,2548.32,9,Low
INV004346,2024-01-31,STR20,PRD031,44,3816.56,14,OK
INV004347,2024-01-31,STR20,PRD022,124,19205.12,21,OK
INV004348,2024-01-31,STR20,PRD017,32,1493.44,10,OK
INV004349,2024-01-31,STR20,PRD124,124,65620.8,21,OK
INV004350,2024-01-31,STR20,PRD043,49,3850.42,13,OK
INV004351,2024-01-31,STR06,PRD078,66,26891.7,28,OK
INV004352,2024-01-31,STR06,PRD044,28,1466.64,21,OK
INV004353,2024-01-31,STR06,PRD030,120,53406.0,28,OK
INV004354,2024-01-31,STR06,PRD029,6,1533.06,8,Low
INV004355,2024-01-31,STR06,PRD120,138,5779.44,28,OK
INV004356,2024-01-31,STR06,PRD088,82,30955.0,10,OK
INV004357,2024-01-31,STR06,PRD028,59,4643.3,21,OK
INV004358,2024-01-31,STR06,PRD023,77,7383.53,16,OK
INV004359,2024-01-31,STR06,PRD095,104,20605.52,13,OK
INV004360,2024-01-31,STR06,PRD031,24,2081.76,29,OK
INV004361,2024-01-31,STR06,PRD150,46,16318.96,15,OK
INV004362,2024-01-31,STR06,PRD076,96,50083.2,17,OK
INV004363,2024-01-31,STR06,PRD045,41,13723.11,22,OK
INV004364,2024-01-31,STR06,PRD073,74,33116.48,15,OK
INV004365,2024-01-31,STR06,PRD007,147,74398.17,15,OK
INV004366,2024-01-31,STR06,PRD079,111,7523.58,17,OK
INV004367,2024-01-31,STR06,PRD015,13,6782.49,15,OK
INV004368,2024-01-31,STR06,PRD145,131,61989.2,10,OK
INV004369,2024-01-31,STR06,PRD024,38,1406.76,6,OK
INV004370,2024-01-31,STR06,PRD019,102,32357.46,5,OK
INV004371,2024-01-31,STR06,PRD128,12,1949.76,12,OK
INV004372,2024-01-31,STR06,PRD121,146,29052.54,26,OK
INV004373,2024-01-31,STR06,PRD075,139,38099.9,27,OK
INV004374,2024-01-31,STR06,PRD092,98,13019.3,21,OK
INV004375,2024-01-31,STR06,PRD035,104,15949.44,14,OK
INV004376,2024-01-31,STR06,PRD026,52,22102.08,7,OK
INV004377,2024-01-31,STR06,PRD016,36,15840.36,22,OK
INV004378,2024-01-31,STR06,PRD055,130,20675.2,18,OK
INV004379,2024-01-31,STR06,PRD112,6,2027.04,27,Low
INV004380,2024-01-31,STR06,PRD068,126,9925.02,22,OK
INV004381,2024-01-31,STR08,PRD104,17,8532.81,15,OK
INV004382,2024-01-31,STR08,PRD083,107,56947.54,11,OK
INV004383,2024-01-31,STR08,PRD116,12,4341.0,16,OK
INV004384,2024-01-31,STR08,PRD102,9,3964.59,10,Low
INV004385,2024-01-31,STR08,PRD006,102,44278.2,14,OK
INV004386,2024-01-31,STR08,PRD031,2,173.48,20,Low
INV004387,2024-01-31,STR08,PRD139,138,22576.8,28,OK
INV004388,2024-01-31,STR08,PRD090,66,35320.56,13,OK
INV004389,2024-01-31,STR08,PRD106,90,31292.1,21,OK
INV004390,2024-01-31,STR08,PRD074,42,11457.6,5,OK
INV004391,2024-01-31,STR08,PRD146,113,48921.09,30,OK
INV004392,2024-01-31,STR08,PRD117,149,43481.18,28,OK
INV004393,2024-01-31,STR08,PRD130,1,31.43,10,Low
INV004394,2024-01-31,STR08,PRD054,6,2995.38,9,Low
INV004395,2024-01-31,STR08,PRD030,60,26703.0,14,OK
INV004396,2024-01-31,STR08,PRD045,143,47863.53,10,OK
INV004397,2024-01-31,STR08,PRD012,83,5076.28,15,OK
INV004398,2024-01-31,STR08,PRD016,85,37400.85,18,OK
INV004399,2024-01-31,STR08,PRD051,17,5380.84,11,OK
INV004400,2024-01-31,STR08,PRD001,34,14321.82,27,OK
INV004401,2024-01-31,STR08,PRD136,147,45821.37,9,OK
INV004402,2024-01-31,STR08,PRD046,26,14069.64,18,OK
INV004403,2024-01-31,STR08,PRD029,53,13542.03,30,OK
INV004404,2024-01-31,STR08,PRD047,96,25506.24,29,OK
INV004405,2024-01-31,STR08,PRD141,19,3827.74,22,OK
INV004406,2024-01-31,STR08,PRD125,55,10630.4,9,OK
INV004407,2024-01-31,STR08,PRD009,117,61585.29,20,OK
INV004408,2024-01-31,STR08,PRD080,78,35258.34,8,OK
INV004409,2024-01-31,STR08,PRD021,131,10018.88,26,OK
INV004410,2024-01-31,STR08,PRD101,45,5388.3,10,OK
INV004411,2024-01-31,STR19,PRD088,83,31332.5,19,OK
INV004412,2024-01-31,STR19,PRD089,37,18373.09,23,OK
INV004413,2024-01-31,STR19,PRD121,90,17909.1,13,OK
INV004414,2024-01-31,STR19,PRD142,23,6302.0,25,OK
INV004415,2024-01-31,STR19,PRD076,123,64169.1,7,OK
INV004416,2024-01-31,STR19,PRD041,90,12260.7,22,OK
INV004417,2024-01-31,STR19,PRD049,86,3666.18,13,OK
INV004418,2024-01-31,STR19,PRD074,40,10912.0,24,OK
INV004419,2024-01-31,STR19,PRD079,4,271.12,10,Low
INV004420,2024-01-31,STR19,PRD140,35,13349.35,15,OK
INV004421,2024-01-31,STR19,PRD141,121,24376.66,27,OK
INV004422,2024-01-31,STR19,PRD001,22,9267.06,21,OK
INV004423,2024-01-31,STR19,PRD083,52,27675.44,28,OK
INV004424,2024-01-31,STR19,PRD010,3,1279.29,10,Low
INV004425,2024-01-31,STR19,PRD062,113,46622.67,17,OK
INV004426,2024-01-31,STR19,PRD094,39,10335.0,21,OK
INV004427,2024-01-31,STR19,PRD028,60,4722.0,22,OK
INV004428,2024-01-31,STR19,PRD042,123,41909.79,24,OK
INV004429,2024-01-31,STR19,PRD107,1,455.39,13,Low
INV004430,2024-01-31,STR19,PRD006,102,44278.2,8,OK
INV004431,2024-01-31,STR19,PRD145,87,41168.4,30,OK
INV004432,2024-01-31,STR19,PRD113,113,19110.56,25,OK
INV004433,2024-01-31,STR19,PRD012,107,6544.12,18,OK
INV004434,2024-01-31,STR19,PRD031,96,8327.04,22,OK
INV004435,2024-01-31,STR19,PRD053,139,7697.82,28,OK
INV004436,2024-01-31,STR19,PRD077,62,16772.86,27,OK
INV004437,2024-01-31,STR19,PRD097,42,9646.56,10,OK
INV004438,2024-01-31,STR19,PRD038,50,15608.5,18,OK
INV004439,2024-01-31,STR19,PRD004,27,7513.02,5,OK
INV004440,2024-01-31,STR19,PRD114,114,30708.18,15,OK
INV004441,2024-01-31,STR04,PRD128,124,20147.52,17,OK
INV004442,2024-01-31,STR04,PRD030,11,4895.55,24,OK
INV004443,2024-01-31,STR04,PRD058,52,2624.44,7,OK
INV004444,2024-01-31,STR04,PRD112,108,36486.72,17,OK
INV004445,2024-01-31,STR04,PRD126,19,6906.5,16,OK
INV004446,2024-01-31,STR04,PRD054,148,73886.04,17,OK
INV004447,2024-01-31,STR04,PRD064,70,12156.9,7,OK
INV004448,2024-01-31,STR04,PRD133,113,45872.35,22,OK
INV004449,2024-01-31,STR04,PRD083,8,4257.76,13,Low
INV004450,2024-01-31,STR04,PRD150,130,46118.8,30,OK
INV004451,2024-01-31,STR04,PRD111,11,2409.55,18,OK
INV004452,2024-01-31,STR04,PRD001,97,40859.31,15,OK
INV004453,2024-01-31,STR04,PRD086,37,17409.98,21,OK
INV004454,2024-01-31,STR04,PRD085,100,12378.0,27,OK
INV004455,2024-01-31,STR04,PRD039,10,3231.6,13,OK
INV004456,2024-01-31,STR04,PRD129,7,3214.75,30,Low
INV004457,2024-01-31,STR04,PRD033,70,8087.8,23,OK
INV004458,2024-01-31,STR04,PRD038,10,3121.7,15,OK
INV004459,2024-01-31,STR04,PRD079,71,4812.38,15,OK
INV004460,2024-01-31,STR04,PRD123,150,12424.5,5,OK
INV004461,2024-01-31,STR04,PRD149,72,22934.88,23,OK
INV004462,2024-01-31,STR04,PRD099,144,15200.64,12,OK
INV004463,2024-01-31,STR04,PRD108,98,26228.72,19,OK
INV004464,2024-01-31,STR04,PRD074,98,26734.4,5,OK
INV004465,2024-01-31,STR04,PRD084,64,20644.48,17,OK
INV004466,2024-01-31,STR04,PRD142,127,34798.0,15,OK
INV004467,2024-01-31,STR04,PRD044,98,5133.24,28,OK
INV004468,2024-01-31,STR04,PRD012,139,8501.24,26,OK
INV004469,2024-01-31,STR04,PRD017,95,4433.65,14,OK
INV004470,2024-01-31,STR04,PRD078,39,15890.55,6,OK
INV004471,2024-01-31,STR05,PRD150,42,14899.92,11,OK
INV004472,2024-01-31,STR05,PRD103,128,64467.2,13,OK
INV004473,2024-01-31,STR05,PRD139,89,14560.4,10,OK
INV004474,2024-01-31,STR05,PRD058,46,2321.62,9,OK
INV004475,2024-01-31,STR05,PRD091,17,2423.69,27,OK
INV004476,2024-01-31,STR05,PRD013,45,12734.55,28,OK
INV004477,2024-01-31,STR05,PRD006,45,19534.5,10,OK
INV004478,2024-01-31,STR05,PRD054,111,55414.53,24,OK
INV004479,2024-01-31,STR05,PRD142,8,2192.0,25,Low
INV004480,2024-01-31,STR05,PRD048,34,3419.38,13,OK
INV004481,2024-01-31,STR05,PRD062,127,52398.93,20,OK
INV004482,2024-01-31,STR05,PRD136,124,38652.04,19,OK
INV004483,2024-01-31,STR05,PRD007,59,29860.49,8,OK
INV004484,2024-01-31,STR05,PRD042,51,17377.23,12,OK
INV004485,2024-01-31,STR05,PRD020,101,44807.64,27,OK
INV004486,2024-01-31,STR05,PRD082,34,16419.96,17,OK
INV004487,2024-01-31,STR05,PRD145,97,45900.4,18,OK
INV004488,2024-01-31,STR05,PRD060,30,8317.8,29,OK
INV004489,2024-01-31,STR05,PRD019,73,23157.79,19,OK
INV004490,2024-01-31,STR05,PRD097,123,28250.64,17,OK
INV004491,2024-01-31,STR05,PRD116,54,19534.5,21,OK
INV004492,2024-01-31,STR05,PRD065,81,18107.55,27,OK
INV004493,2024-01-31,STR05,PRD016,44,19360.44,12,OK
INV004494,2024-01-31,STR05,PRD063,61,26440.45,21,OK
INV004495,2024-01-31,STR05,PRD068,106,8349.62,30,OK
INV004496,2024-01-31,STR05,PRD147,56,4107.04,12,OK
INV004497,2024-01-31,STR05,PRD089,57,28304.49,8,OK
INV004498,2024-01-31,STR05,PRD090,136,72781.76,30,OK
INV004499,2024-01-31,STR05,PRD021,12,917.76,5,OK
INV004500,2024-01-31,STR05,PRD047,17,4516.73,15,OK
INV004501,2024-01-31,STR11,PRD061,142,73404.06,15,OK
INV004502,2024-01-31,STR11,PRD055,18,2862.72,13,OK
INV004503,2024-01-31,STR11,PRD121,75,14924.25,7,OK
INV004504,2024-01-31,STR11,PRD056,11,5598.56,14,OK
INV004505,2024-01-31,STR11,PRD036,1,443.25,15,Low
INV004506,2024-01-31,STR11,PRD075,91,24943.1,25,OK
INV004507,2024-01-31,STR11,PRD050,52,7587.32,19,OK
INV004508,2024-01-31,STR11,PRD086,36,16939.44,5,OK
INV004509,2024-01-31,STR11,PRD140,65,24791.65,16,OK
INV004510,2024-01-31,STR11,PRD149,11,3503.94,16,OK
INV004511,2024-01-31,STR11,PRD032,101,52487.68,8,OK
INV004512,2024-01-31,STR11,PRD115,46,15331.8,19,OK
INV004513,2024-01-31,STR11,PRD022,121,18740.48,15,OK
INV004514,2024-01-31,STR11,PRD114,69,18586.53,6,OK
INV004515,2024-01-31,STR11,PRD123,107,8862.81,14,OK
INV004516,2024-01-31,STR11,PRD067,74,10360.74,29,OK
INV004517,2024-01-31,STR11,PRD005,109,48421.07,28,OK
INV004518,2024-01-31,STR11,PRD049,138,5882.94,18,OK
INV004519,2024-01-31,STR11,PRD064,47,8162.49,29,OK
INV004520,2024-01-31,STR11,PRD008,71,16106.35,10,OK
INV004521,2024-01-31,STR11,PRD068,115,9058.55,8,OK
INV004522,2024-01-31,STR11,PRD145,116,54891.2,29,OK
INV004523,2024-01-31,STR11,PRD052,42,17644.2,8,OK
INV004524,2024-01-31,STR11,PRD150,57,20221.32,28,OK
INV004525,2024-01-31,STR11,PRD124,102,53978.4,5,OK
INV004526,2024-01-31,STR11,PRD042,6,2044.38,25,Low
INV004527,2024-01-31,STR11,PRD041,54,7356.42,18,OK
INV004528,2024-01-31,STR11,PRD125,20,3865.6,12,OK
INV004529,2024-01-31,STR11,PRD009,66,34740.42,7,OK
INV004530,2024-01-31,STR11,PRD118,86,32118.42,26,OK
INV004531,2024-01-31,STR02,PRD122,51,5067.36,27,OK
INV004532,2024-01-31,STR02,PRD056,80,40716.8,17,OK
INV004533,2024-01-31,STR02,PRD111,35,7666.75,26,OK
INV004534,2024-01-31,STR02,PRD085,121,14977.38,16,OK
INV004535,2024-01-31,STR02,PRD049,9,383.67,20,Low
INV004536,2024-01-31,STR02,PRD074,80,21824.0,30,OK
INV004537,2024-01-31,STR02,PRD109,141,63180.69,25,OK
INV004538,2024-01-31,STR02,PRD020,85,37709.4,16,OK
INV004539,2024-01-31,STR02,PRD061,44,22744.92,22,OK
INV004540,2024-01-31,STR02,PRD062,53,21867.27,14,OK
INV004541,2024-01-31,STR02,PRD036,23,10194.75,17,OK
INV004542,2024-01-31,STR02,PRD031,9,780.66,25,Low
INV004543,2024-01-31,STR02,PRD005,7,3109.61,10,Low
INV004544,2024-01-31,STR02,PRD012,127,7767.32,8,OK
INV004545,2024-01-31,STR02,PRD079,29,1965.62,17,OK
INV004546,2024-01-31,STR02,PRD019,17,5392.91,9,OK
INV004547,2024-01-31,STR02,PRD038,32,9989.44,15,OK
INV004548,2024-01-31,STR02,PRD137,116,55856.32,29,OK
INV004549,2024-01-31,STR02,PRD063,27,11703.15,27,OK
INV004550,2024-01-31,STR02,PRD050,74,10797.34,11,OK
INV004551,2024-01-31,STR02,PRD078,129,52561.05,25,OK
INV004552,2024-01-31,STR02,PRD070,88,38881.92,7,OK
INV004553,2024-01-31,STR02,PRD129,74,33984.5,7,OK
INV004554,2024-01-31,STR02,PRD069,79,27253.42,6,OK
INV004555,2024-01-31,STR02,PRD093,23,575.46,13,OK
INV004556,2024-01-31,STR02,PRD057,97,32882.03,17,OK
INV004557,2024-01-31,STR02,PRD053,75,4153.5,27,OK
INV004558,2024-01-31,STR02,PRD127,122,55861.36,30,OK
INV004559,2024-01-31,STR02,PRD030,147,65422.35,6,OK
INV004560,2024-01-31,STR02,PRD045,49,16400.79,10,OK
INV004561,2024-01-31,STR10,PRD046,32,17316.48,19,OK
INV004562,2024-01-31,STR10,PRD059,44,20453.84,24,OK
INV004563,2024-01-31,STR10,PRD041,134,18254.82,17,OK
INV004564,2024-01-31,STR10,PRD108,63,16861.32,22,OK
INV004565,2024-01-31,STR10,PRD139,42,6871.2,14,OK
INV004566,2024-01-31,STR10,PRD050,11,1605.01,19,OK
INV004567,2024-01-31,STR10,PRD035,21,3220.56,9,OK
INV004568,2024-01-31,STR10,PRD127,90,41209.2,22,OK
INV004569,2024-01-31,STR10,PRD095,51,10104.63,17,OK
INV004570,2024-01-31,STR10,PRD054,51,25460.73,30,OK
INV004571,2024-01-31,STR10,PRD019,128,40605.44,16,OK
INV004572,2024-01-31,STR10,PRD120,49,2052.12,16,OK
INV004573,2024-01-31,STR10,PRD087,122,9756.34,16,OK
INV004574,2024-01-31,STR10,PRD043,75,5893.5,16,OK
INV004575,2024-01-31,STR10,PRD103,2,1007.3,8,Low
INV004576,2024-01-31,STR10,PRD145,3,1419.6,27,Low
INV004577,2024-01-31,STR10,PRD112,60,20270.4,30,OK
INV004578,2024-01-31,STR10,PRD055,7,1113.28,16,Low
INV004579,2024-01-31,STR10,PRD067,111,15541.11,24,OK
INV004580,2024-01-31,STR10,PRD057,30,10169.7,22,OK
INV004581,2024-01-31,STR10,PRD104,142,71274.06,14,OK
INV004582,2024-01-31,STR10,PRD146,48,20780.64,8,OK
INV004583,2024-01-31,STR10,PRD089,111,55119.27,18,OK
INV004584,2024-01-31,STR10,PRD069,21,7244.58,12,OK
INV004585,2024-01-31,STR10,PRD113,19,3213.28,7,OK
INV004586,2024-01-31,STR10,PRD064,149,25876.83,21,OK
INV004587,2024-01-31,STR10,PRD077,37,10009.61,11,OK
INV004588,2024-01-31,STR10,PRD101,149,17841.26,21,OK
INV004589,2024-01-31,STR10,PRD071,55,9860.4,25,OK
INV004590,2024-01-31,STR10,PRD085,10,1237.8,30,OK
INV004591,2024-01-31,STR13,PRD076,3,1565.1,22,Low
INV004592,2024-01-31,STR13,PRD108,7,1873.48,11,Low
INV004593,2024-01-31,STR13,PRD089,98,48663.86,5,OK
INV004594,2024-01-31,STR13,PRD035,128,19630.08,9,OK
INV004595,2024-01-31,STR13,PRD125,100,19328.0,7,OK
INV004596,2024-01-31,STR13,PRD060,128,35489.28,19,OK
INV004597,2024-01-31,STR13,PRD077,44,11903.32,13,OK
INV004598,2024-01-31,STR13,PRD081,107,38797.13,12,OK
INV004599,2024-01-31,STR13,PRD027,20,4428.0,8,OK
INV004600,2024-01-31,STR13,PRD134,146,54652.18,13,OK
INV004601,2024-01-31,STR13,PRD011,145,33492.1,17,OK
INV004602,2024-01-31,STR13,PRD013,76,21507.24,7,OK
INV004603,2024-01-31,STR13,PRD150,37,13126.12,19,OK
INV004604,2024-01-31,STR13,PRD130,55,1728.65,24,OK
INV004605,2024-01-31,STR13,PRD082,138,66645.72,21,OK
INV004606,2024-01-31,STR13,PRD074,141,38464.8,13,OK
INV004607,2024-01-31,STR13,PRD004,98,27269.48,26,OK
INV004608,2024-01-31,STR13,PRD021,132,10095.36,28,OK
INV004609,2024-01-31,STR13,PRD059,7,3254.02,18,Low
INV004610,2024-01-31,STR13,PRD094,100,26500.0,24,OK
INV004611,2024-01-31,STR13,PRD073,91,40724.32,19,OK
INV004612,2024-01-31,STR13,PRD007,125,63263.75,24,OK
INV004613,2024-01-31,STR13,PRD002,25,11498.75,14,OK
INV004614,2024-01-31,STR13,PRD079,71,4812.38,15,OK
INV004615,2024-01-31,STR13,PRD080,11,4972.33,30,OK
INV004616,2024-01-31,STR13,PRD038,136,42455.12,5,OK
INV004617,2024-01-31,STR13,PRD085,136,16834.08,18,OK
INV004618,2024-01-31,STR13,PRD111,130,28476.5,28,OK
INV004619,2024-01-31,STR13,PRD030,91,40499.55,15,OK
INV004620,2024-01-31,STR13,PRD046,89,48161.46,17,OK
INV004621,2024-01-31,STR12,PRD115,11,3666.3,25,OK
INV004622,2024-01-31,STR12,PRD140,67,25554.47,24,OK
INV004623,2024-01-31,STR12,PRD061,34,17575.62,29,OK
INV004624,2024-01-31,STR12,PRD142,63,17262.0,14,OK
INV004625,2024-01-31,STR12,PRD075,27,7400.7,23,OK
INV004626,2024-01-31,STR12,PRD063,74,32075.3,11,OK
INV004627,2024-01-31,STR12,PRD111,71,15552.55,9,OK
INV004628,2024-01-31,STR12,PRD124,142,75146.4,16,OK
INV004629,2024-01-31,STR12,PRD139,146,23885.6,26,OK
INV004630,2024-01-31,STR12,PRD050,2,291.82,25,Low
INV004631,2024-01-31,STR12,PRD141,17,3424.82,17,OK
INV004632,2024-01-31,STR12,PRD110,68,9154.16,28,OK
INV004633,2024-01-31,STR12,PRD109,45,20164.05,23,OK
INV004634,2024-01-31,STR12,PRD065,98,21907.9,9,OK
INV004635,2024-01-31,STR12,PRD136,109,33976.39,19,OK
INV004636,2024-01-31,STR12,PRD143,140,25537.4,23,OK
INV004637,2024-01-31,STR12,PRD137,4,1926.08,18,Low
INV004638,2024-01-31,STR12,PRD073,67,29983.84,17,OK
INV004639,2024-01-31,STR12,PRD021,47,3594.56,12,OK
INV004640,2024-01-31,STR12,PRD103,9,4532.85,16,Low
INV004641,2024-01-31,STR12,PRD038,125,39021.25,14,OK
INV004642,2024-01-31,STR12,PRD034,48,18231.84,24,OK
INV004643,2024-01-31,STR12,PRD133,47,19079.65,28,OK
INV004644,2024-01-31,STR12,PRD101,69,8262.06,12,OK
INV004645,2024-01-31,STR12,PRD033,97,11207.38,8,OK
INV004646,2024-01-31,STR12,PRD066,112,39094.72,17,OK
INV004647,2024-01-31,STR12,PRD149,75,23890.5,15,OK
INV004648,2024-01-31,STR12,PRD106,150,52153.5,10,OK
INV004649,2024-01-31,STR12,PRD035,108,16562.88,6,OK
INV004650,2024-01-31,STR12,PRD092,36,4782.6,15,OK
INV004651,2024-01-31,STR09,PRD133,114,46278.3,25,OK
INV004652,2024-01-31,STR09,PRD138,40,15902.8,22,OK
INV004653,2024-01-31,STR09,PRD028,14,1101.8,20,OK
INV004654,2024-01-31,STR09,PRD111,1,219.05,5,Low
INV004655,2024-01-31,STR09,PRD094,106,28090.0,30,OK
INV004656,2024-01-31,STR09,PRD046,32,17316.48,21,OK
INV004657,2024-01-31,STR09,PRD014,38,2381.08,25,OK
INV004658,2024-01-31,STR09,PRD058,70,3532.9,22,OK
INV004659,2024-01-31,STR09,PRD048,99,9956.43,13,OK
INV004660,2024-01-31,STR09,PRD055,42,6679.68,21,OK
INV004661,2024-01-31,STR09,PRD085,85,10521.3,30,OK
INV004662,2024-01-31,STR09,PRD083,31,16498.82,30,OK
INV004663,2024-01-31,STR09,PRD129,33,15155.25,19,OK
INV004664,2024-01-31,STR09,PRD120,100,4188.0,24,OK
INV004665,2024-01-31,STR09,PRD081,119,43148.21,14,OK
INV004666,2024-01-31,STR09,PRD130,70,2200.1,16,OK
INV004667,2024-01-31,STR09,PRD097,148,33992.64,15,OK
INV004668,2024-01-31,STR09,PRD086,105,49406.7,23,OK
INV004669,2024-01-31,STR09,PRD119,126,52019.1,15,OK
INV004670,2024-01-31,STR09,PRD100,32,13675.2,19,OK
INV004671,2024-01-31,STR09,PRD118,72,26889.84,9,OK
INV004672,2024-01-31,STR09,PRD052,28,11762.8,16,OK
INV004673,2024-01-31,STR09,PRD056,104,52931.84,18,OK
INV004674,2024-01-31,STR09,PRD147,109,7994.06,7,OK
INV004675,2024-01-31,STR09,PRD137,150,72228.0,8,OK
INV004676,2024-01-31,STR09,PRD060,116,32162.16,24,OK
INV004677,2024-01-31,STR09,PRD053,25,1384.5,29,OK
INV004678,2024-01-31,STR09,PRD047,83,22052.27,17,OK
INV004679,2024-01-31,STR09,PRD076,81,42257.7,15,OK
INV004680,2024-01-31,STR09,PRD136,144,44886.24,8,OK
INV004681,2024-02-29,STR20,PRD075,132,36181.2,16,OK
INV004682,2024-02-29,STR20,PRD106,77,26772.13,11,OK
INV004683,2024-02-29,STR20,PRD109,65,29125.85,17,OK
INV004684,2024-02-29,STR20,PRD007,41,20750.51,28,OK
INV004685,2024-02-29,STR20,PRD039,132,42657.12,18,OK
INV004686,2024-02-29,STR20,PRD027,13,2878.2,22,OK
INV004687,2024-02-29,STR20,PRD128,7,1137.36,25,Low
INV004688,2024-02-29,STR20,PRD103,38,19138.7,27,OK
INV004689,2024-02-29,STR20,PRD022,91,14094.08,7,OK
INV004690,2024-02-29,STR20,PRD099,128,13511.68,9,OK
INV004691,2024-02-29,STR20,PRD047,87,23115.03,21,OK
INV004692,2024-02-29,STR20,PRD139,91,14887.6,29,OK
INV004693,2024-02-29,STR20,PRD138,123,48901.11,14,OK
INV004694,2024-02-29,STR20,PRD056,57,29010.72,6,OK
INV004695,2024-02-29,STR20,PRD098,54,14719.86,22,OK
INV004696,2024-02-29,STR20,PRD030,122,54296.1,28,OK
INV004697,2024-02-29,STR20,PRD147,107,7847.38,20,OK
INV004698,2024-02-29,STR20,PRD009,60,31582.2,8,OK
INV004699,2024-02-29,STR20,PRD134,76,28449.08,25,OK
INV004700,2024-02-29,STR20,PRD042,64,21806.72,5,OK
INV004701,2024-02-29,STR20,PRD064,18,3126.06,25,OK
INV004702,2024-02-29,STR20,PRD146,95,41128.35,24,OK
INV004703,2024-02-29,STR20,PRD110,42,5654.04,18,OK
INV004704,2024-02-29,STR20,PRD126,72,26172.0,5,OK
INV004705,2024-02-29,STR20,PRD125,135,26092.8,18,OK
INV004706,2024-02-29,STR20,PRD063,82,35542.9,23,OK
INV004707,2024-02-29,STR20,PRD117,123,35893.86,19,OK
INV004708,2024-02-29,STR20,PRD095,1,198.13,16,Low
INV004709,2024-02-29,STR20,PRD062,13,5363.67,5,OK
INV004710,2024-02-29,STR20,PRD148,11,3546.07,22,OK
INV004711,2024-02-29,STR19,PRD096,76,39621.84,7,OK
INV004712,2024-02-29,STR19,PRD058,11,555.17,13,OK
INV004713,2024-02-29,STR19,PRD036,57,25265.25,29,OK
INV004714,2024-02-29,STR19,PRD085,142,17576.76,16,OK
INV004715,2024-02-29,STR19,PRD008,21,4763.85,6,OK
INV004716,2024-02-29,STR19,PRD139,40,6544.0,25,OK
INV004717,2024-02-29,STR19,PRD127,35,16025.8,17,OK
INV004718,2024-02-29,STR19,PRD088,21,7927.5,14,OK
INV004719,2024-02-29,STR19,PRD059,24,11156.64,19,OK
INV004720,2024-02-29,STR19,PRD135,12,3746.52,28,OK
INV004721,2024-02-29,STR19,PRD093,83,2076.66,13,OK
INV004722,2024-02-29,STR19,PRD044,54,2828.52,23,OK
INV004723,2024-02-29,STR19,PRD078,71,28928.95,18,OK
INV004724,2024-02-29,STR19,PRD075,24,6578.4,28,OK
INV004725,2024-02-29,STR19,PRD020,71,31498.44,17,OK
INV004726,2024-02-29,STR19,PRD084,45,14515.65,13,OK
INV004727,2024-02-29,STR19,PRD052,108,45370.8,17,OK
INV004728,2024-02-29,STR19,PRD131,45,8207.55,21,OK
INV004729,2024-02-29,STR19,PRD102,95,41848.45,25,OK
INV004730,2024-02-29,STR19,PRD048,26,2614.82,9,OK
INV004731,2024-02-29,STR19,PRD100,63,26923.05,22,OK
INV004732,2024-02-29,STR19,PRD122,32,3179.52,18,OK
INV004733,2024-02-29,STR19,PRD126,29,10541.5,15,OK
INV004734,2024-02-29,STR19,PRD109,69,30918.21,14,OK
INV004735,2024-02-29,STR19,PRD072,62,25180.06,18,OK
INV004736,2024-02-29,STR19,PRD079,22,1491.16,7,OK
INV004737,2024-02-29,STR19,PRD104,39,19575.27,5,OK
INV004738,2024-02-29,STR19,PRD045,74,24768.54,18,OK
INV004739,2024-02-29,STR19,PRD149,12,3822.48,19,OK
INV004740,2024-02-29,STR19,PRD046,101,54655.14,26,OK
INV004741,2024-02-29,STR09,PRD123,102,8448.66,25,OK
INV004742,2024-02-29,STR09,PRD147,61,4473.74,26,OK
INV004743,2024-02-29,STR09,PRD079,20,1355.6,11,OK
INV004744,2024-02-29,STR09,PRD126,110,39985.0,8,OK
INV004745,2024-02-29,STR09,PRD087,38,3038.86,19,OK
INV004746,2024-02-29,STR09,PRD035,120,18403.2,29,OK
INV004747,2024-02-29,STR09,PRD136,62,19326.02,20,OK
INV004748,2024-02-29,STR09,PRD017,115,5367.05,10,OK
INV004749,2024-02-29,STR09,PRD083,98,52157.56,19,OK
INV004750,2024-02-29,STR09,PRD084,36,11612.52,10,OK
INV004751,2024-02-29,STR09,PRD055,48,7633.92,17,OK
INV004752,2024-02-29,STR09,PRD047,141,37462.29,22,OK
INV004753,2024-02-29,STR09,PRD020,8,3549.12,18,Low
INV004754,2024-02-29,STR09,PRD006,19,8247.9,25,OK
INV004755,2024-02-29,STR09,PRD100,87,37179.45,15,OK
INV004756,2024-02-29,STR09,PRD022,124,19205.12,21,OK
INV004757,2024-02-29,STR09,PRD132,65,15056.6,26,OK
INV004758,2024-02-29,STR09,PRD139,47,7689.2,18,OK
INV004759,2024-02-29,STR09,PRD068,96,7561.92,24,OK
INV004760,2024-02-29,STR09,PRD045,81,27111.51,17,OK
INV004761,2024-02-29,STR09,PRD070,85,37556.4,27,OK
INV004762,2024-02-29,STR09,PRD053,142,7863.96,6,OK
INV004763,2024-02-29,STR09,PRD003,8,2690.88,29,Low
INV004764,2024-02-29,STR09,PRD090,4,2140.64,12,Low
INV004765,2024-02-29,STR09,PRD088,60,22650.0,23,OK
INV004766,2024-02-29,STR09,PRD007,69,34921.59,16,OK
INV004767,2024-02-29,STR09,PRD002,50,22997.5,7,OK
INV004768,2024-02-29,STR09,PRD016,46,20240.46,25,OK
INV004769,2024-02-29,STR09,PRD095,94,18624.22,20,OK
INV004770,2024-02-29,STR09,PRD046,116,62772.24,17,OK
INV004771,2024-02-29,STR08,PRD124,5,2646.0,9,Low
INV004772,2024-02-29,STR08,PRD014,15,939.9,17,OK
INV004773,2024-02-29,STR08,PRD035,110,16869.6,16,OK
INV004774,2024-02-29,STR08,PRD065,114,25484.7,16,OK
INV004775,2024-02-29,STR08,PRD123,57,4721.31,20,OK
INV004776,2024-02-29,STR08,PRD098,17,4634.03,22,OK
INV004777,2024-02-29,STR08,PRD046,144,77924.16,12,OK
INV004778,2024-02-29,STR08,PRD072,149,60513.37,25,OK
INV004779,2024-02-29,STR08,PRD142,7,1918.0,12,Low
INV004780,2024-02-29,STR08,PRD091,45,6415.65,25,OK
INV004781,2024-02-29,STR08,PRD088,8,3020.0,5,Low
INV004782,2024-02-29,STR08,PRD117,47,13715.54,17,OK
INV004783,2024-02-29,STR08,PRD100,60,25641.0,29,OK
INV004784,2024-02-29,STR08,PRD140,146,55685.86,24,OK
INV004785,2024-02-29,STR08,PRD080,52,23505.56,7,OK
INV004786,2024-02-29,STR08,PRD094,39,10335.0,16,OK
INV004787,2024-02-29,STR08,PRD024,135,4997.7,11,OK
INV004788,2024-02-29,STR08,PRD050,30,4377.3,29,OK
INV004789,2024-02-29,STR08,PRD086,150,70581.0,30,OK
INV004790,2024-02-29,STR08,PRD125,142,27445.76,21,OK
INV004791,2024-02-29,STR08,PRD070,61,26952.24,14,OK
INV004792,2024-02-29,STR08,PRD118,136,50791.92,29,OK
INV004793,2024-02-29,STR08,PRD102,40,17620.4,10,OK
INV004794,2024-02-29,STR08,PRD121,72,14327.28,25,OK
INV004795,2024-02-29,STR08,PRD056,77,39189.92,26,OK
INV004796,2024-02-29,STR08,PRD026,137,58230.48,12,OK
INV004797,2024-02-29,STR08,PRD126,133,48345.5,5,OK
INV004798,2024-02-29,STR08,PRD128,138,22422.24,19,OK
INV004799,2024-02-29,STR08,PRD037,36,7120.8,11,OK
INV004800,2024-02-29,STR08,PRD007,46,23281.06,24,OK
INV004801,2024-02-29,STR14,PRD046,136,73595.04,7,OK
INV004802,2024-02-29,STR14,PRD120,102,4271.76,20,OK
INV004803,2024-02-29,STR14,PRD015,21,10956.33,20,OK
INV004804,2024-02-29,STR14,PRD022,25,3872.0,29,OK
INV004805,2024-02-29,STR14,PRD066,68,23736.08,16,OK
INV004806,2024-02-29,STR14,PRD080,101,45655.03,15,OK
INV004807,2024-02-29,STR14,PRD021,5,382.4,7,Low
INV004808,2024-02-29,STR14,PRD027,88,19483.2,20,OK
INV004809,2024-02-29,STR14,PRD131,116,21157.24,26,OK
INV004810,2024-02-29,STR14,PRD072,9,3655.17,12,Low
INV004811,2024-02-29,STR14,PRD117,79,23053.78,7,OK
INV004812,2024-02-29,STR14,PRD116,133,48112.75,15,OK
INV004813,2024-02-29,STR14,PRD057,18,6101.82,26,OK
INV004814,2024-02-29,STR14,PRD018,81,43745.67,15,OK
INV004815,2024-02-29,STR14,PRD126,13,4725.5,26,OK
INV004816,2024-02-29,STR14,PRD035,148,22697.28,18,OK
INV004817,2024-02-29,STR14,PRD055,92,14631.68,17,OK
INV004818,2024-02-29,STR14,PRD119,128,52844.8,16,OK
INV004819,2024-02-29,STR14,PRD062,105,43321.95,9,OK
INV004820,2024-02-29,STR14,PRD084,71,22902.47,20,OK
INV004821,2024-02-29,STR14,PRD073,39,17453.28,20,OK
INV004822,2024-02-29,STR14,PRD068,79,6222.83,22,OK
INV004823,2024-02-29,STR14,PRD090,102,54586.32,7,OK
INV004824,2024-02-29,STR14,PRD065,90,20119.5,30,OK
INV004825,2024-02-29,STR14,PRD082,82,39601.08,10,OK
INV004826,2024-02-29,STR14,PRD047,46,12221.74,12,OK
INV004827,2024-02-29,STR14,PRD150,3,1064.28,6,Low
INV004828,2024-02-29,STR14,PRD064,16,2778.72,16,OK
INV004829,2024-02-29,STR14,PRD050,30,4377.3,21,OK
INV004830,2024-02-29,STR14,PRD127,94,43040.72,13,OK
INV004831,2024-02-29,STR17,PRD068,2,157.54,18,Low
INV004832,2024-02-29,STR17,PRD122,77,7650.72,6,OK
INV004833,2024-02-29,STR17,PRD127,25,11447.0,22,OK
INV004834,2024-02-29,STR17,PRD012,75,4587.0,21,OK
INV004835,2024-02-29,STR17,PRD037,26,5142.8,24,OK
INV004836,2024-02-29,STR17,PRD071,121,21692.88,26,OK
INV004837,2024-02-29,STR17,PRD008,118,26768.3,11,OK
INV004838,2024-02-29,STR17,PRD027,117,25903.8,11,OK
INV004839,2024-02-29,STR17,PRD038,28,8740.76,26,OK
INV004840,2024-02-29,STR17,PRD035,60,9201.6,24,OK
INV004841,2024-02-29,STR17,PRD136,6,1870.26,8,Low
INV004842,2024-02-29,STR17,PRD050,33,4815.03,8,OK
INV004843,2024-02-29,STR17,PRD067,88,12320.88,14,OK
INV004844,2024-02-29,STR17,PRD001,139,58550.97,27,OK
INV004845,2024-02-29,STR17,PRD100,24,10256.4,9,OK
INV004846,2024-02-29,STR17,PRD031,139,12056.86,19,OK
INV004847,2024-02-29,STR17,PRD111,131,28695.55,25,OK
INV004848,2024-02-29,STR17,PRD078,139,56635.55,14,OK
INV004849,2024-02-29,STR17,PRD108,121,32384.44,24,OK
INV004850,2024-02-29,STR17,PRD030,98,43614.9,30,OK
INV004851,2024-02-29,STR17,PRD052,93,39069.3,16,OK
INV004852,2024-02-29,STR17,PRD006,105,45580.5,17,OK
INV004853,2024-02-29,STR17,PRD048,41,4123.37,27,OK
INV004854,2024-02-29,STR17,PRD130,64,2011.52,30,OK
INV004855,2024-02-29,STR17,PRD117,128,37352.96,30,OK
INV004856,2024-02-29,STR17,PRD074,149,40647.2,14,OK
INV004857,2024-02-29,STR17,PRD105,104,21674.64,24,OK
INV004858,2024-02-29,STR17,PRD045,58,19413.18,20,OK
INV004859,2024-02-29,STR17,PRD063,104,45078.8,17,OK
INV004860,2024-02-29,STR17,PRD029,59,15075.09,18,OK
INV004861,2024-02-29,STR04,PRD096,17,8862.78,11,OK
INV004862,2024-02-29,STR04,PRD017,34,1586.78,9,OK
INV004863,2024-02-29,STR04,PRD134,70,26203.1,23,OK
INV004864,2024-02-29,STR04,PRD082,33,15937.02,11,OK
INV004865,2024-02-29,STR04,PRD119,123,50780.55,18,OK
INV004866,2024-02-29,STR04,PRD121,20,3979.8,27,OK
INV004867,2024-02-29,STR04,PRD145,143,67667.6,30,OK
INV004868,2024-02-29,STR04,PRD020,73,32385.72,20,OK
INV004869,2024-02-29,STR04,PRD084,63,20321.91,23,OK
INV004870,2024-02-29,STR04,PRD120,132,5528.16,24,OK
INV004871,2024-02-29,STR04,PRD097,90,20671.2,18,OK
INV004872,2024-02-29,STR04,PRD026,136,57805.44,11,OK
INV004873,2024-02-29,STR04,PRD143,3,547.23,17,Low
INV004874,2024-02-29,STR04,PRD049,45,1918.35,27,OK
INV004875,2024-02-29,STR04,PRD135,11,3434.31,5,OK
INV004876,2024-02-29,STR04,PRD036,61,27038.25,28,OK
INV004877,2024-02-29,STR04,PRD034,7,2658.81,12,Low
INV004878,2024-02-29,STR04,PRD066,9,3141.54,21,Low
INV004879,2024-02-29,STR04,PRD110,134,18039.08,15,OK
INV004880,2024-02-29,STR04,PRD104,26,13050.18,9,OK
INV004881,2024-02-29,STR04,PRD047,59,15675.71,5,OK
INV004882,2024-02-29,STR04,PRD019,8,2537.84,6,Low
INV004883,2024-02-29,STR04,PRD024,90,3331.8,13,OK
INV004884,2024-02-29,STR04,PRD054,12,5990.76,27,OK
INV004885,2024-02-29,STR04,PRD008,24,5444.4,30,OK
INV004886,2024-02-29,STR04,PRD037,24,4747.2,28,OK
INV004887,2024-02-29,STR04,PRD056,44,22394.24,28,OK
INV004888,2024-02-29,STR04,PRD076,107,55821.9,20,OK
INV004889,2024-02-29,STR04,PRD108,15,4014.6,7,OK
INV004890,2024-02-29,STR04,PRD074,90,24552.0,29,OK
INV004891,2024-02-29,STR16,PRD039,8,2585.28,29,Low
INV004892,2024-02-29,STR16,PRD027,25,5535.0,5,OK
INV004893,2024-02-29,STR16,PRD102,58,25549.58,21,OK
INV004894,2024-02-29,STR16,PRD059,13,6043.18,11,OK
INV004895,2024-02-29,STR16,PRD081,35,12690.65,29,OK
INV004896,2024-02-29,STR16,PRD132,105,24322.2,28,OK
INV004897,2024-02-29,STR16,PRD136,139,43327.69,20,OK
INV004898,2024-02-29,STR16,PRD035,89,13649.04,14,OK
INV004899,2024-02-29,STR16,PRD097,108,24805.44,24,OK
INV004900,2024-02-29,STR16,PRD036,10,4432.5,29,OK
INV004901,2024-02-29,STR16,PRD062,108,44559.72,29,OK
INV004902,2024-02-29,STR16,PRD106,54,18775.26,17,OK
INV004903,2024-02-29,STR16,PRD010,58,24732.94,15,OK
INV004904,2024-02-29,STR16,PRD133,3,1217.85,14,Low
INV004905,2024-02-29,STR16,PRD079,102,6913.56,23,OK
INV004906,2024-02-29,STR16,PRD038,43,13423.31,5,OK
INV004907,2024-02-29,STR16,PRD101,74,8860.76,24,OK
INV004908,2024-02-29,STR16,PRD022,90,13939.2,6,OK
INV004909,2024-02-29,STR16,PRD082,38,18351.72,25,OK
INV004910,2024-02-29,STR16,PRD088,13,4907.5,10,OK
INV004911,2024-02-29,STR16,PRD040,75,26075.25,9,OK
INV004912,2024-02-29,STR16,PRD071,73,13087.44,18,OK
INV004913,2024-02-29,STR16,PRD042,129,43954.17,14,OK
INV004914,2024-02-29,STR16,PRD072,7,2842.91,28,Low
INV004915,2024-02-29,STR16,PRD096,148,77158.32,8,OK
INV004916,2024-02-29,STR16,PRD143,131,23895.71,20,OK
INV004917,2024-02-29,STR16,PRD125,131,25319.68,19,OK
INV004918,2024-02-29,STR16,PRD067,38,5320.38,7,OK
INV004919,2024-02-29,STR16,PRD055,131,20834.24,13,OK
INV004920,2024-02-29,STR16,PRD009,13,6842.81,15,OK
INV004921,2024-02-29,STR06,PRD114,35,9427.95,16,OK
INV004922,2024-02-29,STR06,PRD148,102,32881.74,7,OK
INV004923,2024-02-29,STR06,PRD096,106,55262.04,25,OK
INV004924,2024-02-29,STR06,PRD041,141,19208.43,16,OK
INV004925,2024-02-29,STR06,PRD094,114,30210.0,19,OK
INV004926,2024-02-29,STR06,PRD140,28,10679.48,16,OK
INV004927,2024-02-29,STR06,PRD078,22,8963.9,16,OK
INV004928,2024-02-29,STR06,PRD104,66,33127.38,7,OK
INV004929,2024-02-29,STR06,PRD057,24,8135.76,23,OK
INV004930,2024-02-29,STR06,PRD012,39,2385.24,22,OK
INV004931,2024-02-29,STR06,PRD088,12,4530.0,23,OK
INV004932,2024-02-29,STR06,PRD075,105,28780.5,29,OK
INV004933,2024-02-29,STR06,PRD127,34,15567.92,7,OK
INV004934,2024-02-29,STR06,PRD084,145,46772.65,30,OK
INV004935,2024-02-29,STR06,PRD073,78,34906.56,14,OK
INV004936,2024-02-29,STR06,PRD037,102,20175.6,24,OK
INV004937,2024-02-29,STR06,PRD011,26,6005.48,10,OK
INV004938,2024-02-29,STR06,PRD125,40,7731.2,25,OK
INV004939,2024-02-29,STR06,PRD072,83,33708.79,27,OK
INV004940,2024-02-29,STR06,PRD085,128,15843.84,12,OK
INV004941,2024-02-29,STR06,PRD008,150,34027.5,12,OK
INV004942,2024-02-29,STR06,PRD046,41,22186.74,12,OK
INV004943,2024-02-29,STR06,PRD052,30,12603.0,13,OK
INV004944,2024-02-29,STR06,PRD065,68,15201.4,19,OK
INV004945,2024-02-29,STR06,PRD053,3,166.14,19,Low
INV004946,2024-02-29,STR06,PRD150,44,15609.44,16,OK
INV004947,2024-02-29,STR06,PRD120,42,1758.96,5,OK
INV004948,2024-02-29,STR06,PRD070,125,55230.0,8,OK
INV004949,2024-02-29,STR06,PRD030,140,62307.0,10,OK
INV004950,2024-02-29,STR06,PRD144,23,3634.0,19,OK
INV004951,2024-02-29,STR15,PRD064,130,22577.1,20,OK
INV004952,2024-02-29,STR15,PRD136,131,40834.01,15,OK
INV004953,2024-02-29,STR15,PRD138,22,8746.54,11,OK
INV004954,2024-02-29,STR15,PRD081,99,35896.41,24,OK
INV004955,2024-02-29,STR15,PRD140,45,17163.45,22,OK
INV004956,2024-02-29,STR15,PRD087,72,5757.84,11,OK
INV004957,2024-02-29,STR15,PRD085,126,15596.28,29,OK
INV004958,2024-02-29,STR15,PRD124,64,33868.8,6,OK
INV004959,2024-02-29,STR15,PRD104,125,62741.25,25,OK
INV004960,2024-02-29,STR15,PRD057,4,1355.96,17,Low
INV004961,2024-02-29,STR15,PRD117,6,1750.92,15,Low
INV004962,2024-02-29,STR15,PRD028,20,1574.0,7,OK
INV004963,2024-02-29,STR15,PRD097,107,24575.76,30,OK
INV004964,2024-02-29,STR15,PRD088,1,377.5,8,Low
INV004965,2024-02-29,STR15,PRD042,81,27599.13,24,OK
INV004966,2024-02-29,STR15,PRD137,13,6259.76,20,OK
INV004967,2024-02-29,STR15,PRD146,104,45024.72,12,OK
INV004968,2024-02-29,STR15,PRD070,85,37556.4,26,OK
INV004969,2024-02-29,STR15,PRD031,125,10842.5,16,OK
INV004970,2024-02-29,STR15,PRD016,111,48841.11,24,OK
INV004971,2024-02-29,STR15,PRD032,19,9873.92,24,OK
INV004972,2024-02-29,STR15,PRD017,31,1446.77,13,OK
INV004973,2024-02-29,STR15,PRD127,22,10073.36,25,OK
INV004974,2024-02-29,STR15,PRD101,17,2035.58,29,OK
INV004975,2024-02-29,STR15,PRD092,107,14214.95,22,OK
INV004976,2024-02-29,STR15,PRD008,10,2268.5,5,OK
INV004977,2024-02-29,STR15,PRD025,47,10827.86,10,OK
INV004978,2024-02-29,STR15,PRD131,75,13679.25,5,OK
INV004979,2024-02-29,STR15,PRD144,59,9322.0,20,OK
INV004980,2024-02-29,STR15,PRD071,11,1972.08,5,OK
INV004981,2024-02-29,STR03,PRD149,130,41410.2,8,OK
INV004982,2024-02-29,STR03,PRD069,111,38292.78,29,OK
INV004983,2024-02-29,STR03,PRD090,88,47094.08,26,OK
INV004984,2024-02-29,STR03,PRD094,43,11395.0,14,OK
INV004985,2024-02-29,STR03,PRD106,73,25381.37,12,OK
INV004986,2024-02-29,STR03,PRD056,119,60566.24,9,OK
INV004987,2024-02-29,STR03,PRD108,60,16058.4,24,OK
INV004988,2024-02-29,STR03,PRD063,59,25573.55,16,OK
INV004989,2024-02-29,STR03,PRD062,6,2475.54,6,Low
INV004990,2024-02-29,STR03,PRD045,6,2008.26,29,Low
INV004991,2024-02-29,STR03,PRD041,124,16892.52,21,OK
INV004992,2024-02-29,STR03,PRD085,124,15348.72,22,OK
INV004993,2024-02-29,STR03,PRD088,8,3020.0,28,Low
INV004994,2024-02-29,STR03,PRD061,0,0.0,14,Out of Stock
INV004995,2024-02-29,STR03,PRD093,69,1726.38,7,OK
INV004996,2024-02-29,STR03,PRD013,7,1980.93,10,Low
INV004997,2024-02-29,STR03,PRD086,57,26820.78,29,OK
INV004998,2024-02-29,STR03,PRD095,108,21398.04,25,OK
INV004999,2024-02-29,STR03,PRD005,6,2665.38,17,Low
INV005000,2024-02-29,STR03,PRD145,114,53944.8,7,OK
INV005001,2024-02-29,STR03,PRD082,148,71475.12,7,OK
INV005002,2024-02-29,STR03,PRD016,3,1320.03,16,Low
INV005003,2024-02-29,STR03,PRD122,68,6756.48,30,OK
INV005004,2024-02-29,STR03,PRD129,109,50058.25,19,OK
INV005005,2024-02-29,STR03,PRD083,102,54286.44,24,OK
INV005006,2024-02-29,STR03,PRD100,119,50854.65,25,OK
INV005007,2024-02-29,STR03,PRD017,101,4713.67,6,OK
INV005008,2024-02-29,STR03,PRD053,120,6645.6,16,OK
INV005009,2024-02-29,STR03,PRD121,32,6367.68,26,OK
INV005010,2024-02-29,STR03,PRD024,63,2332.26,27,OK
INV005011,2024-02-29,STR10,PRD093,58,1451.16,26,OK
INV005012,2024-02-29,STR10,PRD150,126,44699.76,24,OK
INV005013,2024-02-29,STR10,PRD081,91,32995.69,5,OK
INV005014,2024-02-29,STR10,PRD084,78,25160.46,23,OK
INV005015,2024-02-29,STR10,PRD038,46,14359.82,29,OK
INV005016,2024-02-29,STR10,PRD149,50,15927.0,21,OK
INV005017,2024-02-29,STR10,PRD135,107,33406.47,10,OK
INV005018,2024-02-29,STR10,PRD042,27,9199.71,17,OK
INV005019,2024-02-29,STR10,PRD033,119,13749.26,27,OK
INV005020,2024-02-29,STR10,PRD092,102,13550.7,5,OK
INV005021,2024-02-29,STR10,PRD102,58,25549.58,15,OK
INV005022,2024-02-29,STR10,PRD123,69,5715.27,11,OK
INV005023,2024-02-29,STR10,PRD106,0,0.0,13,Out of Stock
INV005024,2024-02-29,STR10,PRD103,76,38277.4,17,OK
INV005025,2024-02-29,STR10,PRD124,67,35456.4,14,OK
INV005026,2024-02-29,STR10,PRD019,123,39019.29,28,OK
INV005027,2024-02-29,STR10,PRD036,131,58065.75,7,OK
INV005028,2024-02-29,STR10,PRD125,30,5798.4,11,OK
INV005029,2024-02-29,STR10,PRD055,90,14313.6,30,OK
INV005030,2024-02-29,STR10,PRD031,81,7025.94,23,OK
INV005031,2024-02-29,STR10,PRD068,20,1575.4,13,OK
INV005032,2024-02-29,STR10,PRD075,124,33988.4,5,OK
INV005033,2024-02-29,STR10,PRD108,114,30510.96,18,OK
INV005034,2024-02-29,STR10,PRD035,78,11962.08,11,OK
INV005035,2024-02-29,STR10,PRD086,63,29644.02,13,OK
INV005036,2024-02-29,STR10,PRD127,140,64103.2,6,OK
INV005037,2024-02-29,STR10,PRD029,53,13542.03,9,OK
INV005038,2024-02-29,STR10,PRD101,145,17362.3,29,OK
INV005039,2024-02-29,STR10,PRD082,76,36703.44,6,OK
INV005040,2024-02-29,STR10,PRD039,88,28438.08,27,OK
INV005041,2024-03-31,STR02,PRD058,31,1564.57,16,OK
INV005042,2024-03-31,STR02,PRD004,81,22539.06,23,OK
INV005043,2024-03-31,STR02,PRD014,15,939.9,24,OK
INV005044,2024-03-31,STR02,PRD091,127,18106.39,20,OK
INV005045,2024-03-31,STR02,PRD113,23,3889.76,21,OK
INV005046,2024-03-31,STR02,PRD141,10,2014.6,18,OK
INV005047,2024-03-31,STR02,PRD086,77,36231.58,16,OK
INV005048,2024-03-31,STR02,PRD067,116,16241.16,16,OK
INV005049,2024-03-31,STR02,PRD092,4,531.4,15,Low
INV005050,2024-03-31,STR02,PRD098,113,30802.67,14,OK
INV005051,2024-03-31,STR02,PRD063,130,56348.5,27,OK
INV005052,2024-03-31,STR02,PRD038,46,14359.82,25,OK
INV005053,2024-03-31,STR02,PRD146,60,25975.8,10,OK
INV005054,2024-03-31,STR02,PRD010,43,18336.49,15,OK
INV005055,2024-03-31,STR02,PRD136,68,21196.28,23,OK
INV005056,2024-03-31,STR02,PRD029,89,22740.39,18,OK
INV005057,2024-03-31,STR02,PRD047,107,28428.83,10,OK
INV005058,2024-03-31,STR02,PRD025,11,2534.18,24,OK
INV005059,2024-03-31,STR02,PRD087,58,4638.26,25,OK
INV005060,2024-03-31,STR02,PRD062,121,49923.39,13,OK
INV005061,2024-03-31,STR02,PRD101,35,4190.9,16,OK
INV005062,2024-03-31,STR02,PRD082,20,9658.8,27,OK
INV005063,2024-03-31,STR02,PRD116,121,43771.75,21,OK
INV005064,2024-03-31,STR02,PRD061,85,43939.05,5,OK
INV005065,2024-03-31,STR02,PRD085,15,1856.7,29,OK
INV005066,2024-03-31,STR02,PRD015,0,0.0,6,Out of Stock
INV005067,2024-03-31,STR02,PRD069,8,2759.84,26,Low
INV005068,2024-03-31,STR02,PRD065,16,3576.8,22,OK
INV005069,2024-03-31,STR02,PRD088,61,23027.5,23,OK
INV005070,2024-03-31,STR02,PRD124,30,15876.0,7,OK
INV005071,2024-03-31,STR07,PRD087,94,7517.18,17,OK
INV005072,2024-03-31,STR07,PRD150,123,43635.48,17,OK
INV005073,2024-03-31,STR07,PRD030,76,33823.8,28,OK
INV005074,2024-03-31,STR07,PRD025,16,3686.08,22,OK
INV005075,2024-03-31,STR07,PRD015,19,9912.87,20,OK
INV005076,2024-03-31,STR07,PRD010,113,48186.59,16,OK
INV005077,2024-03-31,STR07,PRD143,52,9485.32,9,OK
INV005078,2024-03-31,STR07,PRD106,68,23642.92,25,OK
INV005079,2024-03-31,STR07,PRD148,118,38039.66,6,OK
INV005080,2024-03-31,STR07,PRD135,146,45582.66,14,OK
INV005081,2024-03-31,STR07,PRD023,108,10356.12,12,OK
INV005082,2024-03-31,STR07,PRD038,104,32465.68,23,OK
INV005083,2024-03-31,STR07,PRD032,58,30141.44,28,OK
INV005084,2024-03-31,STR07,PRD039,8,2585.28,15,Low
INV005085,2024-03-31,STR07,PRD050,141,20573.31,10,OK
INV005086,2024-03-31,STR07,PRD040,67,23293.89,24,OK
INV005087,2024-03-31,STR07,PRD034,141,53556.03,8,OK
INV005088,2024-03-31,STR07,PRD009,73,38425.01,25,OK
INV005089,2024-03-31,STR07,PRD060,39,10813.14,6,OK
INV005090,2024-03-31,STR07,PRD075,75,20557.5,21,OK
INV005091,2024-03-31,STR07,PRD073,94,42066.88,23,OK
INV005092,2024-03-31,STR07,PRD088,80,30200.0,8,OK
INV005093,2024-03-31,STR07,PRD093,113,2827.26,10,OK
INV005094,2024-03-31,STR07,PRD113,93,15728.16,19,OK
INV005095,2024-03-31,STR07,PRD043,136,10686.88,28,OK
INV005096,2024-03-31,STR07,PRD139,103,16850.8,17,OK
INV005097,2024-03-31,STR07,PRD036,139,61611.75,16,OK
INV005098,2024-03-31,STR07,PRD072,39,15839.07,5,OK
INV005099,2024-03-31,STR07,PRD145,128,60569.6,9,OK
INV005100,2024-03-31,STR07,PRD105,85,17714.85,29,OK
INV005101,2024-03-31,STR09,PRD080,45,20341.35,8,OK
INV005102,2024-03-31,STR09,PRD016,119,52361.19,13,OK
INV005103,2024-03-31,STR09,PRD029,112,28617.12,7,OK
INV005104,2024-03-31,STR09,PRD078,114,46449.3,30,OK
INV005105,2024-03-31,STR09,PRD083,116,61737.52,8,OK
INV005106,2024-03-31,STR09,PRD071,105,18824.4,20,OK
INV005107,2024-03-31,STR09,PRD137,60,28891.2,22,OK
INV005108,2024-03-31,STR09,PRD091,62,8839.34,7,OK
INV005109,2024-03-31,STR09,PRD074,75,20460.0,13,OK
INV005110,2024-03-31,STR09,PRD140,15,5721.15,27,OK
INV005111,2024-03-31,STR09,PRD038,116,36211.72,19,OK
INV005112,2024-03-31,STR09,PRD149,43,13697.22,12,OK
INV005113,2024-03-31,STR09,PRD065,131,29285.05,17,OK
INV005114,2024-03-31,STR09,PRD006,100,43410.0,22,OK
INV005115,2024-03-31,STR09,PRD013,41,11602.59,17,OK
INV005116,2024-03-31,STR09,PRD040,131,45544.77,13,OK
INV005117,2024-03-31,STR09,PRD046,103,55737.42,30,OK
INV005118,2024-03-31,STR09,PRD056,90,45806.4,28,OK
INV005119,2024-03-31,STR09,PRD116,21,7596.75,7,OK
INV005120,2024-03-31,STR09,PRD118,73,27263.31,20,OK
INV005121,2024-03-31,STR09,PRD126,70,25445.0,29,OK
INV005122,2024-03-31,STR09,PRD106,31,10778.39,19,OK
INV005123,2024-03-31,STR09,PRD122,49,4868.64,30,OK
INV005124,2024-03-31,STR09,PRD135,41,12800.61,15,OK
INV005125,2024-03-31,STR09,PRD008,0,0.0,29,Out of Stock
INV005126,2024-03-31,STR09,PRD085,128,15843.84,21,OK
INV005127,2024-03-31,STR09,PRD030,22,9791.1,28,OK
INV005128,2024-03-31,STR09,PRD058,41,2069.27,7,OK
INV005129,2024-03-31,STR09,PRD131,100,18239.0,18,OK
INV005130,2024-03-31,STR09,PRD057,117,39661.83,13,OK
INV005131,2024-03-31,STR16,PRD084,16,5161.12,23,OK
INV005132,2024-03-31,STR16,PRD052,38,15963.8,10,OK
INV005133,2024-03-31,STR16,PRD027,127,28117.8,12,OK
INV005134,2024-03-31,STR16,PRD033,131,15135.74,20,OK
INV005135,2024-03-31,STR16,PRD031,99,8587.26,24,OK
INV005136,2024-03-31,STR16,PRD036,91,40335.75,9,OK
INV005137,2024-03-31,STR16,PRD046,38,20563.32,30,OK
INV005138,2024-03-31,STR16,PRD024,64,2369.28,21,OK
INV005139,2024-03-31,STR16,PRD122,93,9240.48,28,OK
INV005140,2024-03-31,STR16,PRD008,49,11115.65,6,OK
INV005141,2024-03-31,STR16,PRD078,145,59080.25,28,OK
INV005142,2024-03-31,STR16,PRD142,136,37264.0,18,OK
INV005143,2024-03-31,STR16,PRD133,63,25574.85,30,OK
INV005144,2024-03-31,STR16,PRD116,12,4341.0,23,OK
INV005145,2024-03-31,STR16,PRD011,68,15706.64,12,OK
INV005146,2024-03-31,STR16,PRD104,14,7027.02,18,OK
INV005147,2024-03-31,STR16,PRD057,149,50509.51,18,OK
INV005148,2024-03-31,STR16,PRD010,32,13645.76,20,OK
INV005149,2024-03-31,STR16,PRD129,98,45006.5,12,OK
INV005150,2024-03-31,STR16,PRD110,83,11173.46,9,OK
INV005151,2024-03-31,STR16,PRD032,125,64960.0,6,OK
INV005152,2024-03-31,STR16,PRD090,128,68500.48,23,OK
INV005153,2024-03-31,STR16,PRD120,72,3015.36,25,OK
INV005154,2024-03-31,STR16,PRD058,129,6510.63,11,OK
INV005155,2024-03-31,STR16,PRD007,130,65794.3,23,OK
INV005156,2024-03-31,STR16,PRD143,68,12403.88,29,OK
INV005157,2024-03-31,STR16,PRD009,60,31582.2,17,OK
INV005158,2024-03-31,STR16,PRD025,100,23038.0,26,OK
INV005159,2024-03-31,STR16,PRD066,16,5584.96,22,OK
INV005160,2024-03-31,STR16,PRD039,37,11956.92,11,OK
INV005161,2024-03-31,STR04,PRD080,130,58763.9,27,OK
INV005162,2024-03-31,STR04,PRD109,115,51530.35,7,OK
INV005163,2024-03-31,STR04,PRD086,17,7999.18,29,OK
INV005164,2024-03-31,STR04,PRD137,139,66931.28,16,OK
INV005165,2024-03-31,STR04,PRD056,4,2035.84,14,Low
INV005166,2024-03-31,STR04,PRD023,47,4506.83,24,OK
INV005167,2024-03-31,STR04,PRD149,105,33446.7,19,OK
INV005168,2024-03-31,STR04,PRD128,129,20959.92,17,OK
INV005169,2024-03-31,STR04,PRD101,93,11135.82,30,OK
INV005170,2024-03-31,STR04,PRD100,82,35042.7,28,OK
INV005171,2024-03-31,STR04,PRD143,19,3465.79,5,OK
INV005172,2024-03-31,STR04,PRD067,148,20721.48,25,OK
INV005173,2024-03-31,STR04,PRD054,5,2496.15,26,Low
INV005174,2024-03-31,STR04,PRD075,4,1096.4,21,Low
INV005175,2024-03-31,STR04,PRD055,146,23219.84,28,OK
INV005176,2024-03-31,STR04,PRD024,52,1925.04,20,OK
INV005177,2024-03-31,STR04,PRD087,62,4958.14,23,OK
INV005178,2024-03-31,STR04,PRD015,2,1043.46,26,Low
INV005179,2024-03-31,STR04,PRD046,42,22727.88,25,OK
INV005180,2024-03-31,STR04,PRD001,85,35804.55,21,OK
INV005181,2024-03-31,STR04,PRD125,89,17201.92,12,OK
INV005182,2024-03-31,STR04,PRD059,1,464.86,28,Low
INV005183,2024-03-31,STR04,PRD124,67,35456.4,25,OK
INV005184,2024-03-31,STR04,PRD048,51,5129.07,11,OK
INV005185,2024-03-31,STR04,PRD088,133,50207.5,10,OK
INV005186,2024-03-31,STR04,PRD021,100,7648.0,30,OK
INV005187,2024-03-31,STR04,PRD085,90,11140.2,18,OK
INV005188,2024-03-31,STR04,PRD029,27,6898.77,28,OK
INV005189,2024-03-31,STR04,PRD028,128,10073.6,18,OK
INV005190,2024-03-31,STR04,PRD082,101,48776.94,30,OK
INV005191,2024-03-31,STR20,PRD014,149,9336.34,30,OK
INV005192,2024-03-31,STR20,PRD020,67,29723.88,23,OK
INV005193,2024-03-31,STR20,PRD044,116,6076.08,28,OK
INV005194,2024-03-31,STR20,PRD117,20,5836.4,30,OK
INV005195,2024-03-31,STR20,PRD141,18,3626.28,15,OK
INV005196,2024-03-31,STR20,PRD039,128,41364.48,30,OK
INV005197,2024-03-31,STR20,PRD032,43,22346.24,15,OK
INV005198,2024-03-31,STR20,PRD089,79,39229.03,21,OK
INV005199,2024-03-31,STR20,PRD111,10,2190.5,12,OK
INV005200,2024-03-31,STR20,PRD002,88,40475.6,7,OK
INV005201,2024-03-31,STR20,PRD023,109,10452.01,14,OK
INV005202,2024-03-31,STR20,PRD021,126,9636.48,10,OK
INV005203,2024-03-31,STR20,PRD042,9,3066.57,11,Low
INV005204,2024-03-31,STR20,PRD026,91,38678.64,6,OK
INV005205,2024-03-31,STR20,PRD125,81,15655.68,16,OK
INV005206,2024-03-31,STR20,PRD149,34,10830.36,16,OK
INV005207,2024-03-31,STR20,PRD143,6,1094.46,5,Low
INV005208,2024-03-31,STR20,PRD133,39,15832.05,29,OK
INV005209,2024-03-31,STR20,PRD086,140,65875.6,20,OK
INV005210,2024-03-31,STR20,PRD129,30,13777.5,15,OK
INV005211,2024-03-31,STR20,PRD049,68,2898.84,13,OK
INV005212,2024-03-31,STR20,PRD073,2,895.04,28,Low
INV005213,2024-03-31,STR20,PRD065,23,5141.65,25,OK
INV005214,2024-03-31,STR20,PRD095,92,18227.96,23,OK
INV005215,2024-03-31,STR20,PRD050,121,17655.11,25,OK
INV005216,2024-03-31,STR20,PRD037,35,6923.0,14,OK
INV005217,2024-03-31,STR20,PRD055,89,14154.56,26,OK
INV005218,2024-03-31,STR20,PRD025,78,17969.64,7,OK
INV005219,2024-03-31,STR20,PRD069,2,689.96,27,Low
INV005220,2024-03-31,STR20,PRD041,81,11034.63,18,OK
INV005221,2024-03-31,STR18,PRD098,132,35981.88,9,OK
INV005222,2024-03-31,STR18,PRD142,40,10960.0,25,OK
INV005223,2024-03-31,STR18,PRD091,65,9267.05,14,OK
INV005224,2024-03-31,STR18,PRD022,95,14713.6,13,OK
INV005225,2024-03-31,STR18,PRD123,92,7620.36,9,OK
INV005226,2024-03-31,STR18,PRD049,69,2941.47,16,OK
INV005227,2024-03-31,STR18,PRD099,41,4327.96,25,OK
INV005228,2024-03-31,STR18,PRD115,5,1666.5,13,Low
INV005229,2024-03-31,STR18,PRD001,58,24431.34,17,OK
INV005230,2024-03-31,STR18,PRD150,127,45054.52,8,OK
INV005231,2024-03-31,STR18,PRD103,34,17124.1,11,OK
INV005232,2024-03-31,STR18,PRD048,29,2916.53,18,OK
INV005233,2024-03-31,STR18,PRD072,116,47111.08,30,OK
INV005234,2024-03-31,STR18,PRD068,133,10476.41,10,OK
INV005235,2024-03-31,STR18,PRD134,48,17967.84,24,OK
INV005236,2024-03-31,STR18,PRD094,3,795.0,17,Low
INV005237,2024-03-31,STR18,PRD109,26,11650.34,9,OK
INV005238,2024-03-31,STR18,PRD128,9,1462.32,19,Low
INV005239,2024-03-31,STR18,PRD147,6,440.04,21,Low
INV005240,2024-03-31,STR18,PRD120,95,3978.6,5,OK
INV005241,2024-03-31,STR18,PRD117,31,9046.42,23,OK
INV005242,2024-03-31,STR18,PRD037,54,10681.2,12,OK
INV005243,2024-03-31,STR18,PRD106,121,42070.49,27,OK
INV005244,2024-03-31,STR18,PRD033,67,7741.18,13,OK
INV005245,2024-03-31,STR18,PRD061,74,38252.82,21,OK
INV005246,2024-03-31,STR18,PRD029,104,26573.04,26,OK
INV005247,2024-03-31,STR18,PRD076,120,62604.0,25,OK
INV005248,2024-03-31,STR18,PRD132,105,24322.2,14,OK
INV005249,2024-03-31,STR18,PRD112,130,43919.2,6,OK
INV005250,2024-03-31,STR18,PRD136,81,25248.51,10,OK
INV005251,2024-03-31,STR10,PRD068,43,3387.11,24,OK
INV005252,2024-03-31,STR10,PRD137,64,30817.28,12,OK
INV005253,2024-03-31,STR10,PRD011,125,28872.5,29,OK
INV005254,2024-03-31,STR10,PRD121,99,19700.01,16,OK
INV005255,2024-03-31,STR10,PRD093,46,1150.92,13,OK
INV005256,2024-03-31,STR10,PRD132,94,21774.16,12,OK
INV005257,2024-03-31,STR10,PRD056,6,3053.76,24,Low
INV005258,2024-03-31,STR10,PRD085,84,10397.52,27,OK
INV005259,2024-03-31,STR10,PRD149,123,39180.42,30,OK
INV005260,2024-03-31,STR10,PRD074,28,7638.4,19,OK
INV005261,2024-03-31,STR10,PRD002,19,8739.05,5,OK
INV005262,2024-03-31,STR10,PRD064,13,2257.71,11,OK
INV005263,2024-03-31,STR10,PRD092,60,7971.0,6,OK
INV005264,2024-03-31,STR10,PRD116,139,50283.25,11,OK
INV005265,2024-03-31,STR10,PRD018,100,54007.0,23,OK
INV005266,2024-03-31,STR10,PRD134,149,55775.17,20,OK
INV005267,2024-03-31,STR10,PRD048,52,5229.64,7,OK
INV005268,2024-03-31,STR10,PRD039,15,4847.4,21,OK
INV005269,2024-03-31,STR10,PRD089,67,33270.19,5,OK
INV005270,2024-03-31,STR10,PRD025,45,10367.1,12,OK
INV005271,2024-03-31,STR10,PRD055,87,13836.48,10,OK
INV005272,2024-03-31,STR10,PRD069,144,49677.12,15,OK
INV005273,2024-03-31,STR10,PRD060,103,28557.78,7,OK
INV005274,2024-03-31,STR10,PRD045,71,23764.41,19,OK
INV005275,2024-03-31,STR10,PRD103,110,55401.5,12,OK
INV005276,2024-03-31,STR10,PRD102,84,37002.84,19,OK
INV005277,2024-03-31,STR10,PRD059,121,56248.06,15,OK
INV005278,2024-03-31,STR10,PRD065,124,27720.2,10,OK
INV005279,2024-03-31,STR10,PRD106,17,5910.73,6,OK
INV005280,2024-03-31,STR10,PRD028,30,2361.0,25,OK
INV005281,2024-03-31,STR11,PRD124,39,20638.8,24,OK
INV005282,2024-03-31,STR11,PRD133,52,21109.4,12,OK
INV005283,2024-03-31,STR11,PRD072,79,32084.27,22,OK
INV005284,2024-03-31,STR11,PRD069,59,20353.82,6,OK
INV005285,2024-03-31,STR11,PRD044,17,890.46,6,OK
INV005286,2024-03-31,STR11,PRD070,131,57881.04,17,OK
INV005287,2024-03-31,STR11,PRD065,96,21460.8,13,OK
INV005288,2024-03-31,STR11,PRD051,31,9812.12,13,OK
INV005289,2024-03-31,STR11,PRD015,132,68868.36,6,OK
INV005290,2024-03-31,STR11,PRD149,77,24527.58,11,OK
INV005291,2024-03-31,STR11,PRD034,13,4937.79,6,OK
INV005292,2024-03-31,STR11,PRD040,69,23989.23,27,OK
INV005293,2024-03-31,STR11,PRD004,61,16973.86,5,OK
INV005294,2024-03-31,STR11,PRD092,56,7439.6,28,OK
INV005295,2024-03-31,STR11,PRD093,63,1576.26,6,OK
INV005296,2024-03-31,STR11,PRD142,15,4110.0,25,OK
INV005297,2024-03-31,STR11,PRD006,36,15627.6,29,OK
INV005298,2024-03-31,STR11,PRD116,96,34728.0,11,OK
INV005299,2024-03-31,STR11,PRD060,103,28557.78,7,OK
INV005300,2024-03-31,STR11,PRD105,23,4793.43,29,OK
INV005301,2024-03-31,STR11,PRD042,10,3407.3,24,OK
INV005302,2024-03-31,STR11,PRD113,55,9301.6,10,OK
INV005303,2024-03-31,STR11,PRD064,131,22750.77,15,OK
INV005304,2024-03-31,STR11,PRD144,22,3476.0,27,OK
INV005305,2024-03-31,STR11,PRD050,30,4377.3,26,OK
INV005306,2024-03-31,STR11,PRD104,84,42162.12,30,OK
INV005307,2024-03-31,STR11,PRD140,17,6483.97,27,OK
INV005308,2024-03-31,STR11,PRD127,124,56777.12,11,OK
INV005309,2024-03-31,STR11,PRD123,109,9028.47,7,OK
INV005310,2024-03-31,STR11,PRD108,133,35596.12,22,OK
INV005311,2024-03-31,STR12,PRD148,88,28368.56,22,OK
INV005312,2024-03-31,STR12,PRD007,102,51623.22,10,OK
INV005313,2024-03-31,STR12,PRD036,135,59838.75,15,OK
INV005314,2024-03-31,STR12,PRD037,21,4153.8,18,OK
INV005315,2024-03-31,STR12,PRD117,26,7587.32,6,OK
INV005316,2024-03-31,STR12,PRD141,95,19138.7,14,OK
INV005317,2024-03-31,STR12,PRD127,113,51740.44,13,OK
INV005318,2024-03-31,STR12,PRD044,73,3823.74,27,OK
INV005319,2024-03-31,STR12,PRD093,93,2326.86,27,OK
INV005320,2024-03-31,STR12,PRD026,132,56105.28,12,OK
INV005321,2024-03-31,STR12,PRD027,118,26125.2,22,OK
INV005322,2024-03-31,STR12,PRD035,13,1993.68,19,OK
INV005323,2024-03-31,STR12,PRD058,109,5501.23,25,OK
INV005324,2024-03-31,STR12,PRD116,48,17364.0,16,OK
INV005325,2024-03-31,STR12,PRD079,117,7930.26,12,OK
INV005326,2024-03-31,STR12,PRD091,26,3706.82,16,OK
INV005327,2024-03-31,STR12,PRD107,87,39618.93,6,OK
INV005328,2024-03-31,STR12,PRD098,1,272.59,15,Low
INV005329,2024-03-31,STR12,PRD064,129,22403.43,7,OK
INV005330,2024-03-31,STR12,PRD003,59,19845.24,19,OK
INV005331,2024-03-31,STR12,PRD146,49,21213.57,22,OK
INV005332,2024-03-31,STR12,PRD113,144,24353.28,17,OK
INV005333,2024-03-31,STR12,PRD095,40,7925.2,5,OK
INV005334,2024-03-31,STR12,PRD070,44,19440.96,10,OK
INV005335,2024-03-31,STR12,PRD114,85,22896.45,14,OK
INV005336,2024-03-31,STR12,PRD123,72,5963.76,6,OK
INV005337,2024-03-31,STR12,PRD086,125,58817.5,15,OK
INV005338,2024-03-31,STR12,PRD077,137,37062.61,20,OK
INV005339,2024-03-31,STR12,PRD028,32,2518.4,22,OK
INV005340,2024-03-31,STR12,PRD142,16,4384.0,12,OK
INV005341,2024-03-31,STR15,PRD029,54,13797.54,6,OK
INV005342,2024-03-31,STR15,PRD064,148,25703.16,17,OK
INV005343,2024-03-31,STR15,PRD013,33,9338.67,21,OK
INV005344,2024-03-31,STR15,PRD009,133,70007.21,24,OK
INV005345,2024-03-31,STR15,PRD045,3,1004.13,5,Low
INV005346,2024-03-31,STR15,PRD107,75,34154.25,19,OK
INV005347,2024-03-31,STR15,PRD139,37,6053.2,24,OK
INV005348,2024-03-31,STR15,PRD034,45,17092.35,25,OK
INV005349,2024-03-31,STR15,PRD145,110,52052.0,5,OK
INV005350,2024-03-31,STR15,PRD024,55,2036.1,10,OK
INV005351,2024-03-31,STR15,PRD083,14,7451.08,14,OK
INV005352,2024-03-31,STR15,PRD048,39,3922.23,22,OK
INV005353,2024-03-31,STR15,PRD021,90,6883.2,11,OK
INV005354,2024-03-31,STR15,PRD124,3,1587.6,14,Low
INV005355,2024-03-31,STR15,PRD111,2,438.1,29,Low
INV005356,2024-03-31,STR15,PRD091,103,14684.71,16,OK
INV005357,2024-03-31,STR15,PRD096,74,38579.16,8,OK
INV005358,2024-03-31,STR15,PRD125,61,11790.08,24,OK
INV005359,2024-03-31,STR15,PRD129,78,35821.5,28,OK
INV005360,2024-03-31,STR15,PRD135,145,45270.45,19,OK
INV005361,2024-03-31,STR15,PRD120,114,4774.32,15,OK
INV005362,2024-03-31,STR15,PRD117,14,4085.48,8,OK
INV005363,2024-03-31,STR15,PRD035,99,15182.64,10,OK
INV005364,2024-03-31,STR15,PRD071,148,26533.44,22,OK
INV005365,2024-03-31,STR15,PRD138,133,52876.81,23,OK
INV005366,2024-03-31,STR15,PRD112,9,3040.56,23,Low
INV005367,2024-03-31,STR15,PRD132,81,18762.84,7,OK
INV005368,2024-03-31,STR15,PRD033,149,17215.46,21,OK
INV005369,2024-03-31,STR15,PRD119,41,16926.85,18,OK
INV005370,2024-03-31,STR15,PRD118,86,32118.42,19,OK
INV005371,2024-03-31,STR08,PRD100,91,38888.85,21,OK
INV005372,2024-03-31,STR08,PRD145,99,46846.8,6,OK
INV005373,2024-03-31,STR08,PRD029,66,16863.66,27,OK
INV005374,2024-03-31,STR08,PRD064,143,24834.81,18,OK
INV005375,2024-03-31,STR08,PRD015,104,54259.92,30,OK
INV005376,2024-03-31,STR08,PRD090,134,71711.44,9,OK
INV005377,2024-03-31,STR08,PRD009,132,69480.84,8,OK
INV005378,2024-03-31,STR08,PRD113,64,10823.68,30,OK
INV005379,2024-03-31,STR08,PRD034,122,46339.26,23,OK
INV005380,2024-03-31,STR08,PRD131,122,22251.58,16,OK
INV005381,2024-03-31,STR08,PRD033,58,6701.32,27,OK
INV005382,2024-03-31,STR08,PRD005,47,20878.81,12,OK
INV005383,2024-03-31,STR08,PRD055,96,15267.84,28,OK
INV005384,2024-03-31,STR08,PRD143,96,17511.36,22,OK
INV005385,2024-03-31,STR08,PRD133,106,43030.7,6,OK
INV005386,2024-03-31,STR08,PRD126,69,25081.5,29,OK
INV005387,2024-03-31,STR08,PRD149,44,14015.76,27,OK
INV005388,2024-03-31,STR08,PRD011,107,24714.86,16,OK
INV005389,2024-03-31,STR08,PRD030,74,32933.7,18,OK
INV005390,2024-03-31,STR08,PRD138,30,11927.1,24,OK
INV005391,2024-03-31,STR08,PRD079,124,8404.72,28,OK
INV005392,2024-03-31,STR08,PRD076,44,22954.8,27,OK
INV005393,2024-03-31,STR08,PRD129,35,16073.75,6,OK
INV005394,2024-03-31,STR08,PRD137,149,71746.48,24,OK
INV005395,2024-03-31,STR08,PRD045,101,33805.71,16,OK
INV005396,2024-03-31,STR08,PRD081,48,17404.32,25,OK
INV005397,2024-03-31,STR08,PRD134,42,15721.86,17,OK
INV005398,2024-03-31,STR08,PRD085,90,11140.2,25,OK
INV005399,2024-03-31,STR08,PRD135,78,24352.38,23,OK
INV005400,2024-03-31,STR08,PRD141,95,19138.7,25,OK
INV005401,2024-04-30,STR10,PRD111,111,24314.55,10,OK
INV005402,2024-04-30,STR10,PRD115,116,38662.8,5,OK
INV005403,2024-04-30,STR10,PRD011,37,8546.26,29,OK
INV005404,2024-04-30,STR10,PRD043,147,11551.26,6,OK
INV005405,2024-04-30,STR10,PRD050,22,3210.02,18,OK
INV005406,2024-04-30,STR10,PRD066,77,26877.62,24,OK
INV005407,2024-04-30,STR10,PRD105,87,18131.67,8,OK
INV005408,2024-04-30,STR10,PRD132,1,231.64,13,Low
INV005409,2024-04-30,STR10,PRD092,124,16473.4,21,OK
INV005410,2024-04-30,STR10,PRD007,104,52635.44,29,OK
INV005411,2024-04-30,STR10,PRD068,126,9925.02,10,OK
INV005412,2024-04-30,STR10,PRD006,65,28216.5,14,OK
INV005413,2024-04-30,STR10,PRD075,64,17542.4,14,OK
INV005414,2024-04-30,STR10,PRD003,131,44063.16,23,OK
INV005415,2024-04-30,STR10,PRD056,64,32573.44,17,OK
INV005416,2024-04-30,STR10,PRD064,2,347.34,17,Low
INV005417,2024-04-30,STR10,PRD019,118,37433.14,22,OK
INV005418,2024-04-30,STR10,PRD009,15,7895.55,28,OK
INV005419,2024-04-30,STR10,PRD123,0,0.0,11,Out of Stock
INV005420,2024-04-30,STR10,PRD008,70,15879.5,27,OK
INV005421,2024-04-30,STR10,PRD045,117,39161.07,20,OK
INV005422,2024-04-30,STR10,PRD060,89,24676.14,8,OK
INV005423,2024-04-30,STR10,PRD150,19,6740.44,22,OK
INV005424,2024-04-30,STR10,PRD093,133,3327.66,9,OK
INV005425,2024-04-30,STR10,PRD010,126,53730.18,29,OK
INV005426,2024-04-30,STR10,PRD089,63,31283.91,11,OK
INV005427,2024-04-30,STR10,PRD142,90,24660.0,5,OK
INV005428,2024-04-30,STR10,PRD112,81,27365.04,19,OK
INV005429,2024-04-30,STR10,PRD076,139,72516.3,24,OK
INV005430,2024-04-30,STR10,PRD131,71,12949.69,30,OK
INV005431,2024-04-30,STR01,PRD070,102,45067.68,28,OK
INV005432,2024-04-30,STR01,PRD148,3,967.11,16,Low
INV005433,2024-04-30,STR01,PRD062,29,11965.11,30,OK
INV005434,2024-04-30,STR01,PRD048,109,10962.13,12,OK
INV005435,2024-04-30,STR01,PRD142,108,29592.0,19,OK
INV005436,2024-04-30,STR01,PRD065,90,20119.5,14,OK
INV005437,2024-04-30,STR01,PRD005,111,49309.53,19,OK
INV005438,2024-04-30,STR01,PRD130,9,282.87,18,Low
INV005439,2024-04-30,STR01,PRD149,96,30579.84,28,OK
INV005440,2024-04-30,STR01,PRD136,105,32729.55,20,OK
INV005441,2024-04-30,STR01,PRD090,142,75992.72,25,OK
INV005442,2024-04-30,STR01,PRD059,116,53923.76,27,OK
INV005443,2024-04-30,STR01,PRD064,137,23792.79,26,OK
INV005444,2024-04-30,STR01,PRD125,112,21647.36,11,OK
INV005445,2024-04-30,STR01,PRD026,38,16151.52,26,OK
INV005446,2024-04-30,STR01,PRD088,81,30577.5,10,OK
INV005447,2024-04-30,STR01,PRD061,28,14474.04,15,OK
INV005448,2024-04-30,STR01,PRD092,84,11159.4,7,OK
INV005449,2024-04-30,STR01,PRD120,14,586.32,21,OK
INV005450,2024-04-30,STR01,PRD063,118,51147.1,27,OK
INV005451,2024-04-30,STR01,PRD015,19,9912.87,30,OK
INV005452,2024-04-30,STR01,PRD080,23,10396.69,11,OK
INV005453,2024-04-30,STR01,PRD066,124,43283.44,25,OK
INV005454,2024-04-30,STR01,PRD036,21,9308.25,6,OK
INV005455,2024-04-30,STR01,PRD143,91,16599.31,14,OK
INV005456,2024-04-30,STR01,PRD056,99,50387.04,10,OK
INV005457,2024-04-30,STR01,PRD043,47,3693.26,9,OK
INV005458,2024-04-30,STR01,PRD040,2,695.34,8,Low
INV005459,2024-04-30,STR01,PRD127,52,23809.76,12,OK
INV005460,2024-04-30,STR01,PRD099,98,10344.88,29,OK
INV005461,2024-04-30,STR20,PRD056,52,26465.92,19,OK
INV005462,2024-04-30,STR20,PRD118,1,373.47,11,Low
INV005463,2024-04-30,STR20,PRD112,105,35473.2,6,OK
INV005464,2024-04-30,STR20,PRD149,87,27712.98,21,OK
INV005465,2024-04-30,STR20,PRD061,90,46523.7,10,OK
INV005466,2024-04-30,STR20,PRD091,55,7841.35,9,OK
INV005467,2024-04-30,STR20,PRD106,56,19470.64,8,OK
INV005468,2024-04-30,STR20,PRD003,28,9418.08,12,OK
INV005469,2024-04-30,STR20,PRD109,76,34054.84,11,OK
INV005470,2024-04-30,STR20,PRD119,149,61514.65,16,OK
INV005471,2024-04-30,STR20,PRD075,1,274.1,17,Low
INV005472,2024-04-30,STR20,PRD085,5,618.9,26,Low
INV005473,2024-04-30,STR20,PRD140,60,22884.6,23,OK
INV005474,2024-04-30,STR20,PRD092,69,9166.65,24,OK
INV005475,2024-04-30,STR20,PRD043,13,1021.54,9,OK
INV005476,2024-04-30,STR20,PRD066,138,48170.28,7,OK
INV005477,2024-04-30,STR20,PRD010,95,40510.85,11,OK
INV005478,2024-04-30,STR20,PRD131,132,24075.48,10,OK
INV005479,2024-04-30,STR20,PRD135,119,37152.99,29,OK
INV005480,2024-04-30,STR20,PRD080,34,15369.02,27,OK
INV005481,2024-04-30,STR20,PRD132,51,11813.64,17,OK
INV005482,2024-04-30,STR20,PRD113,10,1691.2,7,OK
INV005483,2024-04-30,STR20,PRD021,110,8412.8,19,OK
INV005484,2024-04-30,STR20,PRD108,117,31313.88,8,OK
INV005485,2024-04-30,STR20,PRD008,122,27675.7,12,OK
INV005486,2024-04-30,STR20,PRD049,40,1705.2,13,OK
INV005487,2024-04-30,STR20,PRD040,47,16340.49,19,OK
INV005488,2024-04-30,STR20,PRD065,37,8271.35,14,OK
INV005489,2024-04-30,STR20,PRD101,101,12093.74,7,OK
INV005490,2024-04-30,STR20,PRD146,119,51518.67,18,OK
INV005491,2024-04-30,STR06,PRD109,119,53322.71,29,OK
INV005492,2024-04-30,STR06,PRD104,43,21582.99,26,OK
INV005493,2024-04-30,STR06,PRD015,41,21390.93,21,OK
INV005494,2024-04-30,STR06,PRD124,10,5292.0,17,OK
INV005495,2024-04-30,STR06,PRD128,3,487.44,22,Low
INV005496,2024-04-30,STR06,PRD126,74,26899.0,19,OK
INV005497,2024-04-30,STR06,PRD141,68,13699.28,28,OK
INV005498,2024-04-30,STR06,PRD067,43,6020.43,18,OK
INV005499,2024-04-30,STR06,PRD051,43,13610.36,11,OK
INV005500,2024-04-30,STR06,PRD099,121,12772.76,18,OK
INV005501,2024-04-30,STR06,PRD012,84,5137.44,28,OK
INV005502,2024-04-30,STR06,PRD020,119,52793.16,14,OK
INV005503,2024-04-30,STR06,PRD091,123,17536.11,6,OK
INV005504,2024-04-30,STR06,PRD119,94,38807.9,24,OK
INV005505,2024-04-30,STR06,PRD079,86,5829.08,18,OK
INV005506,2024-04-30,STR06,PRD132,19,4401.16,21,OK
INV005507,2024-04-30,STR06,PRD061,89,46006.77,21,OK
INV005508,2024-04-30,STR06,PRD008,48,10888.8,25,OK
INV005509,2024-04-30,STR06,PRD026,61,25927.44,8,OK
INV005510,2024-04-30,STR06,PRD025,6,1382.28,16,Low
INV005511,2024-04-30,STR06,PRD044,141,7385.58,18,OK
INV005512,2024-04-30,STR06,PRD140,56,21358.96,22,OK
INV005513,2024-04-30,STR06,PRD069,113,38982.74,6,OK
INV005514,2024-04-30,STR06,PRD011,115,26562.7,20,OK
INV005515,2024-04-30,STR06,PRD063,41,17771.45,30,OK
INV005516,2024-04-30,STR06,PRD073,123,55044.96,11,OK
INV005517,2024-04-30,STR06,PRD145,17,8044.4,15,OK
INV005518,2024-04-30,STR06,PRD086,118,55523.72,5,OK
INV005519,2024-04-30,STR06,PRD023,34,3260.26,19,OK
INV005520,2024-04-30,STR06,PRD068,123,9688.71,15,OK
INV005521,2024-04-30,STR12,PRD035,59,9048.24,23,OK
INV005522,2024-04-30,STR12,PRD115,29,9665.7,8,OK
INV005523,2024-04-30,STR12,PRD136,83,25871.93,22,OK
INV005524,2024-04-30,STR12,PRD087,89,7117.33,11,OK
INV005525,2024-04-30,STR12,PRD131,134,24440.26,12,OK
INV005526,2024-04-30,STR12,PRD132,33,7644.12,26,OK
INV005527,2024-04-30,STR12,PRD063,96,41611.2,15,OK
INV005528,2024-04-30,STR12,PRD037,16,3164.8,18,OK
INV005529,2024-04-30,STR12,PRD124,34,17992.8,16,OK
INV005530,2024-04-30,STR12,PRD111,94,20590.7,25,OK
INV005531,2024-04-30,STR12,PRD008,17,3856.45,16,OK
INV005532,2024-04-30,STR12,PRD003,139,46754.04,19,OK
INV005533,2024-04-30,STR12,PRD147,148,10854.32,27,OK
INV005534,2024-04-30,STR12,PRD022,75,11616.0,21,OK
INV005535,2024-04-30,STR12,PRD048,86,8649.02,18,OK
INV005536,2024-04-30,STR12,PRD142,115,31510.0,14,OK
INV005537,2024-04-30,STR12,PRD099,38,4011.28,21,OK
INV005538,2024-04-30,STR12,PRD082,134,64713.96,8,OK
INV005539,2024-04-30,STR12,PRD119,110,45413.5,6,OK
INV005540,2024-04-30,STR12,PRD024,133,4923.66,26,OK
INV005541,2024-04-30,STR12,PRD090,38,20336.08,28,OK
INV005542,2024-04-30,STR12,PRD019,61,19351.03,10,OK
INV005543,2024-04-30,STR12,PRD033,47,5430.38,25,OK
INV005544,2024-04-30,STR12,PRD105,131,27301.71,19,OK
INV005545,2024-04-30,STR12,PRD056,144,73290.24,12,OK
INV005546,2024-04-30,STR12,PRD102,45,19822.95,22,OK
INV005547,2024-04-30,STR12,PRD107,48,21858.72,20,OK
INV005548,2024-04-30,STR12,PRD041,66,8991.18,22,OK
INV005549,2024-04-30,STR12,PRD085,63,7798.14,7,OK
INV005550,2024-04-30,STR12,PRD120,128,5360.64,26,OK
INV005551,2024-04-30,STR15,PRD062,83,34244.97,25,OK
INV005552,2024-04-30,STR15,PRD093,23,575.46,28,OK
INV005553,2024-04-30,STR15,PRD117,6,1750.92,11,Low
INV005554,2024-04-30,STR15,PRD041,86,11715.78,9,OK
INV005555,2024-04-30,STR15,PRD099,126,13300.56,6,OK
INV005556,2024-04-30,STR15,PRD033,89,10283.06,14,OK
INV005557,2024-04-30,STR15,PRD143,83,15140.03,21,OK
INV005558,2024-04-30,STR15,PRD032,69,35857.92,9,OK
INV005559,2024-04-30,STR15,PRD124,99,52390.8,25,OK
INV005560,2024-04-30,STR15,PRD112,60,20270.4,26,OK
INV005561,2024-04-30,STR15,PRD139,145,23722.0,30,OK
INV005562,2024-04-30,STR15,PRD046,147,79547.58,11,OK
INV005563,2024-04-30,STR15,PRD088,30,11325.0,14,OK
INV005564,2024-04-30,STR15,PRD086,141,66346.14,27,OK
INV005565,2024-04-30,STR15,PRD103,87,43817.55,14,OK
INV005566,2024-04-30,STR15,PRD067,135,18901.35,5,OK
INV005567,2024-04-30,STR15,PRD146,65,28140.45,29,OK
INV005568,2024-04-30,STR15,PRD053,126,6977.88,24,OK
INV005569,2024-04-30,STR15,PRD069,107,36912.86,29,OK
INV005570,2024-04-30,STR15,PRD130,141,4431.63,20,OK
INV005571,2024-04-30,STR15,PRD091,95,13544.15,14,OK
INV005572,2024-04-30,STR15,PRD018,76,41045.32,27,OK
INV005573,2024-04-30,STR15,PRD135,16,4995.36,10,OK
INV005574,2024-04-30,STR15,PRD107,25,11384.75,15,OK
INV005575,2024-04-30,STR15,PRD119,34,14036.9,10,OK
INV005576,2024-04-30,STR15,PRD096,138,71944.92,6,OK
INV005577,2024-04-30,STR15,PRD142,84,23016.0,15,OK
INV005578,2024-04-30,STR15,PRD054,116,57910.68,19,OK
INV005579,2024-04-30,STR15,PRD014,76,4762.16,28,OK
INV005580,2024-04-30,STR15,PRD100,111,47435.85,22,OK
INV005581,2024-04-30,STR19,PRD114,146,39328.02,18,OK
INV005582,2024-04-30,STR19,PRD020,48,21294.72,19,OK
INV005583,2024-04-30,STR19,PRD079,88,5964.64,6,OK
INV005584,2024-04-30,STR19,PRD149,75,23890.5,30,OK
INV005585,2024-04-30,STR19,PRD063,120,52014.0,14,OK
INV005586,2024-04-30,STR19,PRD064,135,23445.45,22,OK
INV005587,2024-04-30,STR19,PRD109,4,1792.36,19,Low
INV005588,2024-04-30,STR19,PRD112,21,7094.64,22,OK
INV005589,2024-04-30,STR19,PRD048,36,3620.52,18,OK
INV005590,2024-04-30,STR19,PRD069,73,25183.54,13,OK
INV005591,2024-04-30,STR19,PRD025,79,18200.02,20,OK
INV005592,2024-04-30,STR19,PRD123,116,9608.28,26,OK
INV005593,2024-04-30,STR19,PRD141,143,28808.78,8,OK
INV005594,2024-04-30,STR19,PRD015,26,13564.98,17,OK
INV005595,2024-04-30,STR19,PRD121,148,29450.52,28,OK
INV005596,2024-04-30,STR19,PRD144,62,9796.0,6,OK
INV005597,2024-04-30,STR19,PRD110,101,13596.62,10,OK
INV005598,2024-04-30,STR19,PRD001,87,36647.01,19,OK
INV005599,2024-04-30,STR19,PRD021,0,0.0,16,Out of Stock
INV005600,2024-04-30,STR19,PRD014,117,7331.22,5,OK
INV005601,2024-04-30,STR19,PRD068,17,1339.09,11,OK
INV005602,2024-04-30,STR19,PRD104,145,72779.85,17,OK
INV005603,2024-04-30,STR19,PRD073,82,36696.64,29,OK
INV005604,2024-04-30,STR19,PRD059,56,26032.16,10,OK
INV005605,2024-04-30,STR19,PRD033,137,15828.98,21,OK
INV005606,2024-04-30,STR19,PRD124,1,529.2,25,Low
INV005607,2024-04-30,STR19,PRD043,37,2907.46,20,OK
INV005608,2024-04-30,STR19,PRD082,124,59884.56,10,OK
INV005609,2024-04-30,STR19,PRD095,114,22586.82,30,OK
INV005610,2024-04-30,STR19,PRD129,49,22503.25,9,OK
INV005611,2024-04-30,STR04,PRD098,150,40888.5,18,OK
INV005612,2024-04-30,STR04,PRD062,78,32182.02,29,OK
INV005613,2024-04-30,STR04,PRD149,55,17519.7,28,OK
INV005614,2024-04-30,STR04,PRD033,5,577.7,24,Low
INV005615,2024-04-30,STR04,PRD081,8,2900.72,15,Low
INV005616,2024-04-30,STR04,PRD071,46,8246.88,7,OK
INV005617,2024-04-30,STR04,PRD038,66,20603.22,16,OK
INV005618,2024-04-30,STR04,PRD143,97,17693.77,22,OK
INV005619,2024-04-30,STR04,PRD107,66,30055.74,24,OK
INV005620,2024-04-30,STR04,PRD055,12,1908.48,30,OK
INV005621,2024-04-30,STR04,PRD082,81,39118.14,7,OK
INV005622,2024-04-30,STR04,PRD125,98,18941.44,8,OK
INV005623,2024-04-30,STR04,PRD066,133,46424.98,13,OK
INV005624,2024-04-30,STR04,PRD068,137,10791.49,26,OK
INV005625,2024-04-30,STR04,PRD109,73,32710.57,15,OK
INV005626,2024-04-30,STR04,PRD039,5,1615.8,5,Low
INV005627,2024-04-30,STR04,PRD073,113,50569.76,17,OK
INV005628,2024-04-30,STR04,PRD006,120,52092.0,21,OK
INV005629,2024-04-30,STR04,PRD057,53,17966.47,25,OK
INV005630,2024-04-30,STR04,PRD060,1,277.26,22,Low
INV005631,2024-04-30,STR04,PRD118,70,26142.9,15,OK
INV005632,2024-04-30,STR04,PRD144,10,1580.0,26,OK
INV005633,2024-04-30,STR04,PRD029,145,37048.95,23,OK
INV005634,2024-04-30,STR04,PRD044,78,4085.64,18,OK
INV005635,2024-04-30,STR04,PRD043,34,2671.72,11,OK
INV005636,2024-04-30,STR04,PRD042,77,26236.21,12,OK
INV005637,2024-04-30,STR04,PRD032,127,65999.36,23,OK
INV005638,2024-04-30,STR04,PRD013,124,35090.76,17,OK
INV005639,2024-04-30,STR04,PRD100,60,25641.0,15,OK
INV005640,2024-04-30,STR04,PRD099,46,4855.76,5,OK
INV005641,2024-04-30,STR14,PRD124,128,67737.6,28,OK
INV005642,2024-04-30,STR14,PRD094,127,33655.0,16,OK
INV005643,2024-04-30,STR14,PRD066,121,42236.26,11,OK
INV005644,2024-04-30,STR14,PRD064,99,17193.33,10,OK
INV005645,2024-04-30,STR14,PRD017,141,6580.47,27,OK
INV005646,2024-04-30,STR14,PRD104,27,13552.11,10,OK
INV005647,2024-04-30,STR14,PRD042,96,32710.08,16,OK
INV005648,2024-04-30,STR14,PRD047,77,20458.13,20,OK
INV005649,2024-04-30,STR14,PRD137,117,56337.84,30,OK
INV005650,2024-04-30,STR14,PRD057,100,33899.0,23,OK
INV005651,2024-04-30,STR14,PRD067,72,10080.72,10,OK
INV005652,2024-04-30,STR14,PRD121,47,9352.53,26,OK
INV005653,2024-04-30,STR14,PRD135,16,4995.36,16,OK
INV005654,2024-04-30,STR14,PRD060,134,37152.84,18,OK
INV005655,2024-04-30,STR14,PRD148,12,3868.44,21,OK
INV005656,2024-04-30,STR14,PRD049,126,5371.38,26,OK
INV005657,2024-04-30,STR14,PRD016,150,66001.5,21,OK
INV005658,2024-04-30,STR14,PRD024,52,1925.04,26,OK
INV005659,2024-04-30,STR14,PRD149,13,4141.02,8,OK
INV005660,2024-04-30,STR14,PRD058,12,605.64,14,OK
INV005661,2024-04-30,STR14,PRD099,9,950.04,14,Low
INV005662,2024-04-30,STR14,PRD095,58,11491.54,6,OK
INV005663,2024-04-30,STR14,PRD130,115,3614.45,13,OK
INV005664,2024-04-30,STR14,PRD001,56,23588.88,23,OK
INV005665,2024-04-30,STR14,PRD010,142,60553.06,25,OK
INV005666,2024-04-30,STR14,PRD061,5,2584.65,14,Low
INV005667,2024-04-30,STR14,PRD069,34,11729.32,18,OK
INV005668,2024-04-30,STR14,PRD072,141,57264.33,30,OK
INV005669,2024-04-30,STR14,PRD077,3,811.59,9,Low
INV005670,2024-04-30,STR14,PRD079,98,6642.44,7,OK
INV005671,2024-04-30,STR13,PRD040,39,13559.13,27,OK
INV005672,2024-04-30,STR13,PRD146,90,38963.7,24,OK
INV005673,2024-04-30,STR13,PRD132,135,31271.4,14,OK
INV005674,2024-04-30,STR13,PRD046,36,19481.04,16,OK
INV005675,2024-04-30,STR13,PRD039,83,26822.28,27,OK
INV005676,2024-04-30,STR13,PRD102,77,33919.27,8,OK
INV005677,2024-04-30,STR13,PRD124,94,49744.8,27,OK
INV005678,2024-04-30,STR13,PRD067,108,15121.08,6,OK
INV005679,2024-04-30,STR13,PRD033,64,7394.56,9,OK
INV005680,2024-04-30,STR13,PRD032,126,65479.68,14,OK
INV005681,2024-04-30,STR13,PRD031,17,1474.58,19,OK
INV005682,2024-04-30,STR13,PRD130,4,125.72,16,Low
INV005683,2024-04-30,STR13,PRD062,127,52398.93,12,OK
INV005684,2024-04-30,STR13,PRD120,134,5611.92,7,OK
INV005685,2024-04-30,STR13,PRD042,119,40546.87,19,OK
INV005686,2024-04-30,STR13,PRD016,56,24640.56,15,OK
INV005687,2024-04-30,STR13,PRD038,133,41518.61,10,OK
INV005688,2024-04-30,STR13,PRD024,147,5441.94,26,OK
INV005689,2024-04-30,STR13,PRD138,136,54069.52,28,OK
INV005690,2024-04-30,STR13,PRD008,30,6805.5,26,OK
INV005691,2024-04-30,STR13,PRD026,67,28477.68,15,OK
INV005692,2024-04-30,STR13,PRD112,48,16216.32,15,OK
INV005693,2024-04-30,STR13,PRD051,49,15509.48,29,OK
INV005694,2024-04-30,STR13,PRD091,86,12261.02,25,OK
INV005695,2024-04-30,STR13,PRD068,139,10949.03,16,OK
INV005696,2024-04-30,STR13,PRD114,69,18586.53,30,OK
INV005697,2024-04-30,STR13,PRD105,61,12713.01,18,OK
INV005698,2024-04-30,STR13,PRD125,146,28218.88,14,OK
INV005699,2024-04-30,STR13,PRD115,14,4666.2,28,OK
INV005700,2024-04-30,STR13,PRD019,50,15861.5,16,OK
INV005701,2024-04-30,STR07,PRD033,135,15597.9,5,OK
INV005702,2024-04-30,STR07,PRD054,81,40437.63,11,OK
INV005703,2024-04-30,STR07,PRD018,118,63728.26,18,OK
INV005704,2024-04-30,STR07,PRD110,89,11981.18,16,OK
INV005705,2024-04-30,STR07,PRD101,99,11854.26,7,OK
INV005706,2024-04-30,STR07,PRD058,45,2271.15,27,OK
INV005707,2024-04-30,STR07,PRD017,140,6533.8,11,OK
INV005708,2024-04-30,STR07,PRD135,61,19044.81,16,OK
INV005709,2024-04-30,STR07,PRD057,121,41017.79,14,OK
INV005710,2024-04-30,STR07,PRD149,142,45232.68,12,OK
INV005711,2024-04-30,STR07,PRD120,75,3141.0,27,OK
INV005712,2024-04-30,STR07,PRD129,5,2296.25,7,Low
INV005713,2024-04-30,STR07,PRD082,28,13522.32,13,OK
INV005714,2024-04-30,STR07,PRD065,43,9612.65,27,OK
INV005715,2024-04-30,STR07,PRD099,80,8444.8,28,OK
INV005716,2024-04-30,STR07,PRD098,11,2998.49,11,OK
INV005717,2024-04-30,STR07,PRD142,19,5206.0,18,OK
INV005718,2024-04-30,STR07,PRD112,72,24324.48,28,OK
INV005719,2024-04-30,STR07,PRD027,77,17047.8,18,OK
INV005720,2024-04-30,STR07,PRD034,143,54315.69,17,OK
INV005721,2024-04-30,STR07,PRD019,75,23792.25,17,OK
INV005722,2024-04-30,STR07,PRD049,8,341.04,11,Low
INV005723,2024-04-30,STR07,PRD030,108,48065.4,7,OK
INV005724,2024-04-30,STR07,PRD046,61,33009.54,22,OK
INV005725,2024-04-30,STR07,PRD138,6,2385.42,11,Low
INV005726,2024-04-30,STR07,PRD063,60,26007.0,25,OK
INV005727,2024-04-30,STR07,PRD001,86,36225.78,21,OK
INV005728,2024-04-30,STR07,PRD041,141,19208.43,5,OK
INV005729,2024-04-30,STR07,PRD137,33,15890.16,11,OK
INV005730,2024-04-30,STR07,PRD084,1,322.57,24,Low
INV005731,2024-04-30,STR11,PRD075,71,19461.1,16,OK
INV005732,2024-04-30,STR11,PRD008,81,18374.85,15,OK
INV005733,2024-04-30,STR11,PRD097,93,21360.24,27,OK
INV005734,2024-04-30,STR11,PRD076,53,27650.1,18,OK
INV005735,2024-04-30,STR11,PRD136,125,38963.75,14,OK
INV005736,2024-04-30,STR11,PRD148,16,5157.92,23,OK
INV005737,2024-04-30,STR11,PRD080,110,49723.3,14,OK
INV005738,2024-04-30,STR11,PRD070,42,18557.28,5,OK
INV005739,2024-04-30,STR11,PRD071,99,17748.72,6,OK
INV005740,2024-04-30,STR11,PRD049,123,5243.49,30,OK
INV005741,2024-04-30,STR11,PRD061,36,18609.48,5,OK
INV005742,2024-04-30,STR11,PRD134,21,7860.93,26,OK
INV005743,2024-04-30,STR11,PRD115,94,31330.2,12,OK
INV005744,2024-04-30,STR11,PRD050,68,9921.88,10,OK
INV005745,2024-04-30,STR11,PRD017,31,1446.77,22,OK
INV005746,2024-04-30,STR11,PRD065,57,12742.35,12,OK
INV005747,2024-04-30,STR11,PRD077,54,14608.62,20,OK
INV005748,2024-04-30,STR11,PRD010,20,8528.6,25,OK
INV005749,2024-04-30,STR11,PRD127,141,64561.08,23,OK
INV005750,2024-04-30,STR11,PRD112,65,21959.6,11,OK
INV005751,2024-04-30,STR11,PRD082,3,1448.82,24,Low
INV005752,2024-04-30,STR11,PRD072,98,39800.74,28,OK
INV005753,2024-04-30,STR11,PRD120,82,3434.16,16,OK
INV005754,2024-04-30,STR11,PRD118,88,32865.36,14,OK
INV005755,2024-04-30,STR11,PRD086,49,23056.46,17,OK
INV005756,2024-04-30,STR11,PRD058,83,4189.01,20,OK
INV005757,2024-04-30,STR11,PRD066,137,47821.22,5,OK
INV005758,2024-04-30,STR11,PRD014,114,7143.24,30,OK
INV005759,2024-04-30,STR11,PRD092,35,4649.75,27,OK
INV005760,2024-04-30,STR11,PRD087,10,799.7,24,OK
INV005761,2024-05-31,STR04,PRD113,4,676.48,11,Low
INV005762,2024-05-31,STR04,PRD092,41,5446.85,16,OK
INV005763,2024-05-31,STR04,PRD147,64,4693.76,19,OK
INV005764,2024-05-31,STR04,PRD107,49,22314.11,15,OK
INV005765,2024-05-31,STR04,PRD018,67,36184.69,10,OK
INV005766,2024-05-31,STR04,PRD002,132,60713.4,27,OK
INV005767,2024-05-31,STR04,PRD089,33,16386.81,13,OK
INV005768,2024-05-31,STR04,PRD019,98,31088.54,15,OK
INV005769,2024-05-31,STR04,PRD025,0,0.0,16,Out of Stock
INV005770,2024-05-31,STR04,PRD033,56,6470.24,20,OK
INV005771,2024-05-31,STR04,PRD087,133,10636.01,6,OK
INV005772,2024-05-31,STR04,PRD058,74,3734.78,8,OK
INV005773,2024-05-31,STR04,PRD133,74,30040.3,28,OK
INV005774,2024-05-31,STR04,PRD099,102,10767.12,11,OK
INV005775,2024-05-31,STR04,PRD117,35,10213.7,10,OK
INV005776,2024-05-31,STR04,PRD035,38,5827.68,15,OK
INV005777,2024-05-31,STR04,PRD123,66,5466.78,17,OK
INV005778,2024-05-31,STR04,PRD011,107,24714.86,6,OK
INV005779,2024-05-31,STR04,PRD036,21,9308.25,25,OK
INV005780,2024-05-31,STR04,PRD114,91,24512.67,17,OK
INV005781,2024-05-31,STR04,PRD091,10,1425.7,29,OK
INV005782,2024-05-31,STR04,PRD104,48,24092.64,13,OK
INV005783,2024-05-31,STR04,PRD030,33,14686.65,22,OK
INV005784,2024-05-31,STR04,PRD073,128,57282.56,25,OK
INV005785,2024-05-31,STR04,PRD050,32,4669.12,7,OK
INV005786,2024-05-31,STR04,PRD047,53,14081.57,30,OK
INV005787,2024-05-31,STR04,PRD082,27,13039.38,5,OK
INV005788,2024-05-31,STR04,PRD043,8,628.64,24,Low
INV005789,2024-05-31,STR04,PRD111,3,657.15,10,Low
INV005790,2024-05-31,STR04,PRD083,44,23417.68,27,OK
INV005791,2024-05-31,STR18,PRD057,64,21695.36,20,OK
INV005792,2024-05-31,STR18,PRD052,97,40749.7,14,OK
INV005793,2024-05-31,STR18,PRD021,10,764.8,19,OK
INV005794,2024-05-31,STR18,PRD065,52,11624.6,24,OK
INV005795,2024-05-31,STR18,PRD121,94,18705.06,15,OK
INV005796,2024-05-31,STR18,PRD139,102,16687.2,6,OK
INV005797,2024-05-31,STR18,PRD088,132,49830.0,27,OK
INV005798,2024-05-31,STR18,PRD077,110,29758.3,13,OK
INV005799,2024-05-31,STR18,PRD133,59,23951.05,6,OK
INV005800,2024-05-31,STR18,PRD084,62,19999.34,29,OK
INV005801,2024-05-31,STR18,PRD116,69,24960.75,25,OK
INV005802,2024-05-31,STR18,PRD008,66,14972.1,5,OK
INV005803,2024-05-31,STR18,PRD094,49,12985.0,15,OK
INV005804,2024-05-31,STR18,PRD126,30,10905.0,9,OK
INV005805,2024-05-31,STR18,PRD140,56,21358.96,5,OK
INV005806,2024-05-31,STR18,PRD124,41,21697.2,25,OK
INV005807,2024-05-31,STR18,PRD078,106,43189.7,17,OK
INV005808,2024-05-31,STR18,PRD022,41,6350.08,15,OK
INV005809,2024-05-31,STR18,PRD025,97,22346.86,27,OK
INV005810,2024-05-31,STR18,PRD089,23,11421.11,6,OK
INV005811,2024-05-31,STR18,PRD125,67,12949.76,27,OK
INV005812,2024-05-31,STR18,PRD041,120,16347.6,19,OK
INV005813,2024-05-31,STR18,PRD068,8,630.16,27,Low
INV005814,2024-05-31,STR18,PRD002,37,17018.15,8,OK
INV005815,2024-05-31,STR18,PRD005,130,57749.9,28,OK
INV005816,2024-05-31,STR18,PRD097,109,25035.12,5,OK
INV005817,2024-05-31,STR18,PRD115,85,28330.5,22,OK
INV005818,2024-05-31,STR18,PRD148,118,38039.66,15,OK
INV005819,2024-05-31,STR18,PRD044,30,1571.4,29,OK
INV005820,2024-05-31,STR18,PRD062,30,12377.7,23,OK
INV005821,2024-05-31,STR12,PRD116,29,10490.75,7,OK
INV005822,2024-05-31,STR12,PRD004,76,21147.76,5,OK
INV005823,2024-05-31,STR12,PRD074,0,0.0,25,Out of Stock
INV005824,2024-05-31,STR12,PRD150,131,46473.56,16,OK
INV005825,2024-05-31,STR12,PRD123,71,5880.93,10,OK
INV005826,2024-05-31,STR12,PRD036,108,47871.0,11,OK
INV005827,2024-05-31,STR12,PRD044,117,6128.46,9,OK
INV005828,2024-05-31,STR12,PRD017,146,6813.82,9,OK
INV005829,2024-05-31,STR12,PRD127,16,7326.08,29,OK
INV005830,2024-05-31,STR12,PRD098,98,26713.82,20,OK
INV005831,2024-05-31,STR12,PRD083,106,56415.32,28,OK
INV005832,2024-05-31,STR12,PRD107,19,8652.41,16,OK
INV005833,2024-05-31,STR12,PRD046,49,26515.86,8,OK
INV005834,2024-05-31,STR12,PRD135,50,15610.5,24,OK
INV005835,2024-05-31,STR12,PRD014,87,5451.42,17,OK
INV005836,2024-05-31,STR12,PRD118,61,22781.67,19,OK
INV005837,2024-05-31,STR12,PRD121,41,8158.59,29,OK
INV005838,2024-05-31,STR12,PRD045,89,29789.19,28,OK
INV005839,2024-05-31,STR12,PRD020,86,38153.04,18,OK
INV005840,2024-05-31,STR12,PRD035,73,11195.28,16,OK
INV005841,2024-05-31,STR12,PRD091,115,16395.55,24,OK
INV005842,2024-05-31,STR12,PRD057,98,33221.02,27,OK
INV005843,2024-05-31,STR12,PRD070,27,11929.68,8,OK
INV005844,2024-05-31,STR12,PRD059,81,37653.66,9,OK
INV005845,2024-05-31,STR12,PRD132,15,3474.6,8,OK
INV005846,2024-05-31,STR12,PRD134,39,14598.87,30,OK
INV005847,2024-05-31,STR12,PRD072,30,12183.9,20,OK
INV005848,2024-05-31,STR12,PRD140,84,32038.44,24,OK
INV005849,2024-05-31,STR12,PRD112,90,30405.6,13,OK
INV005850,2024-05-31,STR12,PRD033,71,8203.34,15,OK
INV005851,2024-05-31,STR15,PRD150,98,34766.48,11,OK
INV005852,2024-05-31,STR15,PRD010,27,11513.61,14,OK
INV005853,2024-05-31,STR15,PRD111,64,14019.2,26,OK
INV005854,2024-05-31,STR15,PRD147,8,586.72,29,Low
INV005855,2024-05-31,STR15,PRD058,110,5551.7,15,OK
INV005856,2024-05-31,STR15,PRD115,37,12332.1,30,OK
INV005857,2024-05-31,STR15,PRD035,1,153.36,14,Low
INV005858,2024-05-31,STR15,PRD048,118,11867.26,24,OK
INV005859,2024-05-31,STR15,PRD076,84,43822.8,17,OK
INV005860,2024-05-31,STR15,PRD103,47,23671.55,11,OK
INV005861,2024-05-31,STR15,PRD084,26,8386.82,24,OK
INV005862,2024-05-31,STR15,PRD081,13,4713.67,10,OK
INV005863,2024-05-31,STR15,PRD078,131,53375.95,19,OK
INV005864,2024-05-31,STR15,PRD148,144,46421.28,24,OK
INV005865,2024-05-31,STR15,PRD123,47,3893.01,28,OK
INV005866,2024-05-31,STR15,PRD132,43,9960.52,30,OK
INV005867,2024-05-31,STR15,PRD101,38,4550.12,22,OK
INV005868,2024-05-31,STR15,PRD120,70,2931.6,5,OK
INV005869,2024-05-31,STR15,PRD089,39,19366.23,15,OK
INV005870,2024-05-31,STR15,PRD100,29,12393.15,12,OK
INV005871,2024-05-31,STR15,PRD097,92,21130.56,26,OK
INV005872,2024-05-31,STR15,PRD079,117,7930.26,6,OK
INV005873,2024-05-31,STR15,PRD044,134,7018.92,25,OK
INV005874,2024-05-31,STR15,PRD057,114,38644.86,25,OK
INV005875,2024-05-31,STR15,PRD093,43,1075.86,10,OK
INV005876,2024-05-31,STR15,PRD138,88,34986.16,5,OK
INV005877,2024-05-31,STR15,PRD066,7,2443.42,8,Low
INV005878,2024-05-31,STR15,PRD125,8,1546.24,12,Low
INV005879,2024-05-31,STR15,PRD004,32,8904.32,11,OK
INV005880,2024-05-31,STR15,PRD032,47,24424.96,18,OK
INV005881,2024-05-31,STR10,PRD045,69,23094.99,6,OK
INV005882,2024-05-31,STR10,PRD008,86,19509.1,17,OK
INV005883,2024-05-31,STR10,PRD119,99,40872.15,28,OK
INV005884,2024-05-31,STR10,PRD027,63,13948.2,12,OK
INV005885,2024-05-31,STR10,PRD102,117,51539.67,26,OK
INV005886,2024-05-31,STR10,PRD049,106,4518.78,30,OK
INV005887,2024-05-31,STR10,PRD101,24,2873.76,18,OK
INV005888,2024-05-31,STR10,PRD140,150,57211.5,9,OK
INV005889,2024-05-31,STR10,PRD033,121,13980.34,9,OK
INV005890,2024-05-31,STR10,PRD042,95,32369.35,10,OK
INV005891,2024-05-31,STR10,PRD113,4,676.48,11,Low
INV005892,2024-05-31,STR10,PRD131,127,23163.53,23,OK
INV005893,2024-05-31,STR10,PRD013,107,30279.93,27,OK
INV005894,2024-05-31,STR10,PRD036,76,33687.0,14,OK
INV005895,2024-05-31,STR10,PRD024,89,3294.78,10,OK
INV005896,2024-05-31,STR10,PRD005,142,63080.66,20,OK
INV005897,2024-05-31,STR10,PRD035,123,18863.28,23,OK
INV005898,2024-05-31,STR10,PRD111,27,5914.35,29,OK
INV005899,2024-05-31,STR10,PRD030,76,33823.8,15,OK
INV005900,2024-05-31,STR10,PRD108,120,32116.8,18,OK
INV005901,2024-05-31,STR10,PRD064,76,13198.92,11,OK
INV005902,2024-05-31,STR10,PRD110,59,7942.58,22,OK
INV005903,2024-05-31,STR10,PRD073,38,17005.76,16,OK
INV005904,2024-05-31,STR10,PRD122,78,7750.08,12,OK
INV005905,2024-05-31,STR10,PRD098,37,10085.83,18,OK
INV005906,2024-05-31,STR10,PRD057,146,49492.54,5,OK
INV005907,2024-05-31,STR10,PRD018,101,54547.07,9,OK
INV005908,2024-05-31,STR10,PRD003,90,30272.4,10,OK
INV005909,2024-05-31,STR10,PRD037,68,13450.4,28,OK
INV005910,2024-05-31,STR10,PRD124,28,14817.6,14,OK
INV005911,2024-05-31,STR07,PRD034,150,56974.5,6,OK
INV005912,2024-05-31,STR07,PRD097,92,21130.56,10,OK
INV005913,2024-05-31,STR07,PRD135,47,14673.87,17,OK
INV005914,2024-05-31,STR07,PRD001,130,54759.9,12,OK
INV005915,2024-05-31,STR07,PRD090,143,76527.88,18,OK
INV005916,2024-05-31,STR07,PRD111,11,2409.55,21,OK
INV005917,2024-05-31,STR07,PRD098,24,6542.16,30,OK
INV005918,2024-05-31,STR07,PRD087,143,11435.71,7,OK
INV005919,2024-05-31,STR07,PRD027,23,5092.2,23,OK
INV005920,2024-05-31,STR07,PRD149,40,12741.6,29,OK
INV005921,2024-05-31,STR07,PRD143,50,9120.5,29,OK
INV005922,2024-05-31,STR07,PRD008,23,5217.55,14,OK
INV005923,2024-05-31,STR07,PRD044,78,4085.64,17,OK
INV005924,2024-05-31,STR07,PRD124,95,50274.0,23,OK
INV005925,2024-05-31,STR07,PRD042,87,29643.51,5,OK
INV005926,2024-05-31,STR07,PRD137,46,22149.92,29,OK
INV005927,2024-05-31,STR07,PRD114,39,10505.43,19,OK
INV005928,2024-05-31,STR07,PRD009,131,68954.47,14,OK
INV005929,2024-05-31,STR07,PRD043,31,2435.98,19,OK
INV005930,2024-05-31,STR07,PRD129,139,63835.75,15,OK
INV005931,2024-05-31,STR07,PRD095,101,20011.13,26,OK
INV005932,2024-05-31,STR07,PRD078,131,53375.95,14,OK
INV005933,2024-05-31,STR07,PRD144,126,19908.0,22,OK
INV005934,2024-05-31,STR07,PRD030,89,39609.45,21,OK
INV005935,2024-05-31,STR07,PRD005,1,444.23,20,Low
INV005936,2024-05-31,STR07,PRD010,39,16630.77,28,OK
INV005937,2024-05-31,STR07,PRD086,142,66816.68,8,OK
INV005938,2024-05-31,STR07,PRD055,127,20198.08,25,OK
INV005939,2024-05-31,STR07,PRD006,27,11720.7,24,OK
INV005940,2024-05-31,STR07,PRD074,106,28916.8,19,OK
INV005941,2024-05-31,STR03,PRD055,75,11928.0,21,OK
INV005942,2024-05-31,STR03,PRD045,129,43177.59,17,OK
INV005943,2024-05-31,STR03,PRD051,81,25638.12,12,OK
INV005944,2024-05-31,STR03,PRD102,60,26430.6,28,OK
INV005945,2024-05-31,STR03,PRD113,134,22662.08,6,OK
INV005946,2024-05-31,STR03,PRD056,55,27992.8,20,OK
INV005947,2024-05-31,STR03,PRD010,31,13219.33,29,OK
INV005948,2024-05-31,STR03,PRD147,72,5280.48,26,OK
INV005949,2024-05-31,STR03,PRD087,10,799.7,18,OK
INV005950,2024-05-31,STR03,PRD030,147,65422.35,26,OK
INV005951,2024-05-31,STR03,PRD127,110,50366.8,22,OK
INV005952,2024-05-31,STR03,PRD057,143,48475.57,21,OK
INV005953,2024-05-31,STR03,PRD136,126,39275.46,15,OK
INV005954,2024-05-31,STR03,PRD133,83,33693.85,16,OK
INV005955,2024-05-31,STR03,PRD105,72,15005.52,11,OK
INV005956,2024-05-31,STR03,PRD060,82,22735.32,15,OK
INV005957,2024-05-31,STR03,PRD135,28,8741.88,21,OK
INV005958,2024-05-31,STR03,PRD104,122,61235.46,13,OK
INV005959,2024-05-31,STR03,PRD084,27,8709.39,27,OK
INV005960,2024-05-31,STR03,PRD012,84,5137.44,21,OK
INV005961,2024-05-31,STR03,PRD040,150,52150.5,24,OK
INV005962,2024-05-31,STR03,PRD115,86,28663.8,7,OK
INV005963,2024-05-31,STR03,PRD025,21,4837.98,16,OK
INV005964,2024-05-31,STR03,PRD063,69,29908.05,16,OK
INV005965,2024-05-31,STR03,PRD144,113,17854.0,19,OK
INV005966,2024-05-31,STR03,PRD067,137,19181.37,13,OK
INV005967,2024-05-31,STR03,PRD097,18,4134.24,24,OK
INV005968,2024-05-31,STR03,PRD099,136,14356.16,22,OK
INV005969,2024-05-31,STR03,PRD075,122,33440.2,6,OK
INV005970,2024-05-31,STR03,PRD047,144,38259.36,19,OK
INV005971,2024-05-31,STR02,PRD069,4,1379.92,18,Low
INV005972,2024-05-31,STR02,PRD148,133,42875.21,16,OK
INV005973,2024-05-31,STR02,PRD021,82,6271.36,5,OK
INV005974,2024-05-31,STR02,PRD065,112,25037.6,15,OK
INV005975,2024-05-31,STR02,PRD094,39,10335.0,24,OK
INV005976,2024-05-31,STR02,PRD083,69,36723.18,23,OK
INV005977,2024-05-31,STR02,PRD091,95,13544.15,8,OK
INV005978,2024-05-31,STR02,PRD050,0,0.0,21,Out of Stock
INV005979,2024-05-31,STR02,PRD020,69,30611.16,23,OK
INV005980,2024-05-31,STR02,PRD078,41,16705.45,19,OK
INV005981,2024-05-31,STR02,PRD114,40,10774.8,15,OK
INV005982,2024-05-31,STR02,PRD066,96,33509.76,10,OK
INV005983,2024-05-31,STR02,PRD037,124,24527.2,17,OK
INV005984,2024-05-31,STR02,PRD043,88,6915.04,6,OK
INV005985,2024-05-31,STR02,PRD100,150,64102.5,28,OK
INV005986,2024-05-31,STR02,PRD140,25,9535.25,27,OK
INV005987,2024-05-31,STR02,PRD146,47,20347.71,9,OK
INV005988,2024-05-31,STR02,PRD089,55,27311.35,15,OK
INV005989,2024-05-31,STR02,PRD112,42,14189.28,25,OK
INV005990,2024-05-31,STR02,PRD139,108,17668.8,12,OK
INV005991,2024-05-31,STR02,PRD138,127,50491.39,23,OK
INV005992,2024-05-31,STR02,PRD030,142,63197.1,12,OK
INV005993,2024-05-31,STR02,PRD036,53,23492.25,16,OK
INV005994,2024-05-31,STR02,PRD128,60,9748.8,14,OK
INV005995,2024-05-31,STR02,PRD120,93,3894.84,23,OK
INV005996,2024-05-31,STR02,PRD060,1,277.26,26,Low
INV005997,2024-05-31,STR02,PRD087,87,6957.39,17,OK
INV005998,2024-05-31,STR02,PRD067,22,3080.22,29,OK
INV005999,2024-05-31,STR02,PRD053,94,5205.72,10,OK
INV006000,2024-05-31,STR02,PRD126,50,18175.0,6,OK
INV006001,2024-05-31,STR13,PRD120,63,2638.44,29,OK
INV006002,2024-05-31,STR13,PRD047,146,38790.74,8,OK
INV006003,2024-05-31,STR13,PRD012,120,7339.2,21,OK
INV006004,2024-05-31,STR13,PRD025,23,5298.74,18,OK
INV006005,2024-05-31,STR13,PRD006,43,18666.3,26,OK
INV006006,2024-05-31,STR13,PRD117,144,42022.08,13,OK
INV006007,2024-05-31,STR13,PRD110,86,11577.32,17,OK
INV006008,2024-05-31,STR13,PRD096,22,11469.48,5,OK
INV006009,2024-05-31,STR13,PRD028,126,9916.2,6,OK
INV006010,2024-05-31,STR13,PRD070,66,29161.44,19,OK
INV006011,2024-05-31,STR13,PRD119,141,58211.85,17,OK
INV006012,2024-05-31,STR13,PRD024,140,5182.8,22,OK
INV006013,2024-05-31,STR13,PRD100,57,24358.95,24,OK
INV006014,2024-05-31,STR13,PRD131,87,15867.93,16,OK
INV006015,2024-05-31,STR13,PRD086,139,65405.06,11,OK
INV006016,2024-05-31,STR13,PRD038,94,29343.98,21,OK
INV006017,2024-05-31,STR13,PRD055,98,15585.92,11,OK
INV006018,2024-05-31,STR13,PRD148,42,13539.54,21,OK
INV006019,2024-05-31,STR13,PRD105,116,24175.56,20,OK
INV006020,2024-05-31,STR13,PRD076,43,22433.1,7,OK
INV006021,2024-05-31,STR13,PRD074,31,8456.8,18,OK
INV006022,2024-05-31,STR13,PRD003,129,43390.44,12,OK
INV006023,2024-05-31,STR13,PRD098,27,7359.93,29,OK
INV006024,2024-05-31,STR13,PRD044,92,4818.96,27,OK
INV006025,2024-05-31,STR13,PRD029,120,30661.2,14,OK
INV006026,2024-05-31,STR13,PRD146,74,32036.82,23,OK
INV006027,2024-05-31,STR13,PRD010,56,23880.08,6,OK
INV006028,2024-05-31,STR13,PRD036,44,19503.0,10,OK
INV006029,2024-05-31,STR13,PRD102,97,42729.47,10,OK
INV006030,2024-05-31,STR13,PRD042,150,51109.5,19,OK
INV006031,2024-05-31,STR01,PRD146,54,23378.22,17,OK
INV006032,2024-05-31,STR01,PRD134,119,44545.27,22,OK
INV006033,2024-05-31,STR01,PRD083,150,79833.0,19,OK
INV006034,2024-05-31,STR01,PRD032,127,65999.36,8,OK
INV006035,2024-05-31,STR01,PRD080,90,40682.7,26,OK
INV006036,2024-05-31,STR01,PRD110,82,11038.84,14,OK
INV006037,2024-05-31,STR01,PRD033,39,4506.06,14,OK
INV006038,2024-05-31,STR01,PRD029,43,10986.93,30,OK
INV006039,2024-05-31,STR01,PRD118,13,4855.11,9,OK
INV006040,2024-05-31,STR01,PRD038,80,24973.6,16,OK
INV006041,2024-05-31,STR01,PRD145,74,35016.8,19,OK
INV006042,2024-05-31,STR01,PRD079,97,6574.66,29,OK
INV006043,2024-05-31,STR01,PRD086,89,41878.06,16,OK
INV006044,2024-05-31,STR01,PRD071,106,19003.68,14,OK
INV006045,2024-05-31,STR01,PRD016,97,42680.97,21,OK
INV006046,2024-05-31,STR01,PRD010,41,17483.63,24,OK
INV006047,2024-05-31,STR01,PRD147,59,4327.06,30,OK
INV006048,2024-05-31,STR01,PRD125,145,28025.6,15,OK
INV006049,2024-05-31,STR01,PRD098,66,17990.94,29,OK
INV006050,2024-05-31,STR01,PRD057,139,47119.61,5,OK
INV006051,2024-05-31,STR01,PRD030,129,57411.45,10,OK
INV006052,2024-05-31,STR01,PRD075,146,40018.6,12,OK
INV006053,2024-05-31,STR01,PRD105,23,4793.43,13,OK
INV006054,2024-05-31,STR01,PRD130,2,62.86,21,Low
INV006055,2024-05-31,STR01,PRD024,112,4146.24,25,OK
INV006056,2024-05-31,STR01,PRD126,73,26535.5,20,OK
INV006057,2024-05-31,STR01,PRD013,122,34524.78,12,OK
INV006058,2024-05-31,STR01,PRD114,149,40136.13,25,OK
INV006059,2024-05-31,STR01,PRD140,22,8391.02,5,OK
INV006060,2024-05-31,STR01,PRD076,17,8868.9,23,OK
INV006061,2024-05-31,STR08,PRD145,53,25079.6,17,OK
INV006062,2024-05-31,STR08,PRD124,100,52920.0,23,OK
INV006063,2024-05-31,STR08,PRD148,45,14506.65,14,OK
INV006064,2024-05-31,STR08,PRD073,42,18795.84,15,OK
INV006065,2024-05-31,STR08,PRD088,146,55115.0,18,OK
INV006066,2024-05-31,STR08,PRD034,22,8356.26,8,OK
INV006067,2024-05-31,STR08,PRD039,112,36193.92,30,OK
INV006068,2024-05-31,STR08,PRD089,50,24828.5,28,OK
INV006069,2024-05-31,STR08,PRD123,66,5466.78,9,OK
INV006070,2024-05-31,STR08,PRD125,40,7731.2,9,OK
INV006071,2024-05-31,STR08,PRD137,136,65486.72,24,OK
INV006072,2024-05-31,STR08,PRD115,93,30996.9,7,OK
INV006073,2024-05-31,STR08,PRD121,33,6566.67,7,OK
INV006074,2024-05-31,STR08,PRD059,48,22313.28,25,OK
INV006075,2024-05-31,STR08,PRD046,28,15151.92,19,OK
INV006076,2024-05-31,STR08,PRD044,6,314.28,8,Low
INV006077,2024-05-31,STR08,PRD092,18,2391.3,20,OK
INV006078,2024-05-31,STR08,PRD143,122,22254.02,6,OK
INV006079,2024-05-31,STR08,PRD057,6,2033.94,27,Low
INV006080,2024-05-31,STR08,PRD130,39,1225.77,30,OK
INV006081,2024-05-31,STR08,PRD033,130,15020.2,6,OK
INV006082,2024-05-31,STR08,PRD074,103,28098.4,25,OK
INV006083,2024-05-31,STR08,PRD045,3,1004.13,22,Low
INV006084,2024-05-31,STR08,PRD135,60,18732.6,21,OK
INV006085,2024-05-31,STR08,PRD109,141,63180.69,11,OK
INV006086,2024-05-31,STR08,PRD078,44,17927.8,13,OK
INV006087,2024-05-31,STR08,PRD005,120,53307.6,16,OK
INV006088,2024-05-31,STR08,PRD004,26,7234.76,15,OK
INV006089,2024-05-31,STR08,PRD056,94,47842.24,30,OK
INV006090,2024-05-31,STR08,PRD133,32,12990.4,11,OK
INV006091,2024-05-31,STR20,PRD132,98,22700.72,5,OK
INV006092,2024-05-31,STR20,PRD061,86,44455.98,19,OK
INV006093,2024-05-31,STR20,PRD077,58,15690.74,19,OK
INV006094,2024-05-31,STR20,PRD011,77,17785.46,7,OK
INV006095,2024-05-31,STR20,PRD110,64,8615.68,17,OK
INV006096,2024-05-31,STR20,PRD101,110,13171.4,14,OK
INV006097,2024-05-31,STR20,PRD094,103,27295.0,8,OK
INV006098,2024-05-31,STR20,PRD001,82,34540.86,8,OK
INV006099,2024-05-31,STR20,PRD021,72,5506.56,22,OK
INV006100,2024-05-31,STR20,PRD136,9,2805.39,9,Low
INV006101,2024-05-31,STR20,PRD078,145,59080.25,9,OK
INV006102,2024-05-31,STR20,PRD092,130,17270.5,27,OK
INV006103,2024-05-31,STR20,PRD147,68,4987.12,29,OK
INV006104,2024-05-31,STR20,PRD119,3,1238.55,15,Low
INV006105,2024-05-31,STR20,PRD096,107,55783.38,26,OK
INV006106,2024-05-31,STR20,PRD084,88,28386.16,29,OK
INV006107,2024-05-31,STR20,PRD138,74,29420.18,30,OK
INV006108,2024-05-31,STR20,PRD017,0,0.0,21,Out of Stock
INV006109,2024-05-31,STR20,PRD054,16,7987.68,11,OK
INV006110,2024-05-31,STR20,PRD052,54,22685.4,27,OK
INV006111,2024-05-31,STR20,PRD127,71,32509.48,18,OK
INV006112,2024-05-31,STR20,PRD043,96,7543.68,7,OK
INV006113,2024-05-31,STR20,PRD020,128,56785.92,14,OK
INV006114,2024-05-31,STR20,PRD058,55,2775.85,24,OK
INV006115,2024-05-31,STR20,PRD013,94,26601.06,22,OK
INV006116,2024-05-31,STR20,PRD099,74,7811.44,13,OK
INV006117,2024-05-31,STR20,PRD093,46,1150.92,18,OK
INV006118,2024-05-31,STR20,PRD112,111,37500.24,12,OK
INV006119,2024-05-31,STR20,PRD057,106,35932.94,23,OK
INV006120,2024-05-31,STR20,PRD036,68,30141.0,25,OK
INV006121,2024-06-30,STR15,PRD065,128,28614.4,11,OK
INV006122,2024-06-30,STR15,PRD004,22,6121.72,7,OK
INV006123,2024-06-30,STR15,PRD111,100,21905.0,17,OK
INV006124,2024-06-30,STR15,PRD124,17,8996.4,12,OK
INV006125,2024-06-30,STR15,PRD085,26,3218.28,17,OK
INV006126,2024-06-30,STR15,PRD137,67,32261.84,28,OK
INV006127,2024-06-30,STR15,PRD008,55,12476.75,13,OK
INV006128,2024-06-30,STR15,PRD028,14,1101.8,22,OK
INV006129,2024-06-30,STR15,PRD091,121,17250.97,14,OK
INV006130,2024-06-30,STR15,PRD079,115,7794.7,22,OK
INV006131,2024-06-30,STR15,PRD053,61,3378.18,18,OK
INV006132,2024-06-30,STR15,PRD057,19,6440.81,14,OK
INV006133,2024-06-30,STR15,PRD121,57,11342.43,19,OK
INV006134,2024-06-30,STR15,PRD054,143,71389.89,17,OK
INV006135,2024-06-30,STR15,PRD005,72,31984.56,27,OK
INV006136,2024-06-30,STR15,PRD039,1,323.16,28,Low
INV006137,2024-06-30,STR15,PRD033,129,14904.66,13,OK
INV006138,2024-06-30,STR15,PRD134,1,374.33,22,Low
INV006139,2024-06-30,STR15,PRD063,60,26007.0,25,OK
INV006140,2024-06-30,STR15,PRD022,44,6814.72,11,OK
INV006141,2024-06-30,STR15,PRD108,140,37469.6,29,OK
INV006142,2024-06-30,STR15,PRD021,67,5124.16,10,OK
INV006143,2024-06-30,STR15,PRD036,23,10194.75,15,OK
INV006144,2024-06-30,STR15,PRD070,84,37114.56,20,OK
INV006145,2024-06-30,STR15,PRD143,10,1824.1,11,OK
INV006146,2024-06-30,STR15,PRD119,127,52431.95,19,OK
INV006147,2024-06-30,STR15,PRD100,2,854.7,12,Low
INV006148,2024-06-30,STR15,PRD015,33,17217.09,24,OK
INV006149,2024-06-30,STR15,PRD031,123,10669.02,6,OK
INV006150,2024-06-30,STR15,PRD044,73,3823.74,17,OK
INV006151,2024-06-30,STR08,PRD099,30,3166.8,29,OK
INV006152,2024-06-30,STR08,PRD049,129,5499.27,14,OK
INV006153,2024-06-30,STR08,PRD058,7,353.29,9,Low
INV006154,2024-06-30,STR08,PRD012,135,8256.6,25,OK
INV006155,2024-06-30,STR08,PRD066,136,47472.16,7,OK
INV006156,2024-06-30,STR08,PRD091,82,11690.74,7,OK
INV006157,2024-06-30,STR08,PRD102,82,36121.82,6,OK
INV006158,2024-06-30,STR08,PRD021,79,6041.92,24,OK
INV006159,2024-06-30,STR08,PRD113,119,20125.28,17,OK
INV006160,2024-06-30,STR08,PRD036,114,50530.5,28,OK
INV006161,2024-06-30,STR08,PRD068,101,7955.77,24,OK
INV006162,2024-06-30,STR08,PRD148,50,16118.5,7,OK
INV006163,2024-06-30,STR08,PRD030,10,4450.5,26,OK
INV006164,2024-06-30,STR08,PRD023,119,11410.91,15,OK
INV006165,2024-06-30,STR08,PRD089,30,14897.1,8,OK
INV006166,2024-06-30,STR08,PRD119,96,39633.6,6,OK
INV006167,2024-06-30,STR08,PRD088,106,40015.0,11,OK
INV006168,2024-06-30,STR08,PRD015,3,1565.19,12,Low
INV006169,2024-06-30,STR08,PRD130,93,2922.99,22,OK
INV006170,2024-06-30,STR08,PRD005,84,37315.32,6,OK
INV006171,2024-06-30,STR08,PRD077,49,13255.97,20,OK
INV006172,2024-06-30,STR08,PRD006,1,434.1,6,Low
INV006173,2024-06-30,STR08,PRD025,16,3686.08,20,OK
INV006174,2024-06-30,STR08,PRD043,91,7150.78,10,OK
INV006175,2024-06-30,STR08,PRD009,50,26318.5,13,OK
INV006176,2024-06-30,STR08,PRD150,66,23414.16,29,OK
INV006177,2024-06-30,STR08,PRD093,22,550.44,30,OK
INV006178,2024-06-30,STR08,PRD018,130,70209.1,27,OK
INV006179,2024-06-30,STR08,PRD079,145,9828.1,14,OK
INV006180,2024-06-30,STR08,PRD142,10,2740.0,25,OK
INV006181,2024-06-30,STR11,PRD074,14,3819.2,23,OK
INV006182,2024-06-30,STR11,PRD060,58,16081.08,29,OK
INV006183,2024-06-30,STR11,PRD021,148,11319.04,24,OK
INV006184,2024-06-30,STR11,PRD004,87,24208.62,15,OK
INV006185,2024-06-30,STR11,PRD149,150,47781.0,9,OK
INV006186,2024-06-30,STR11,PRD055,82,13041.28,7,OK
INV006187,2024-06-30,STR11,PRD083,79,42045.38,13,OK
INV006188,2024-06-30,STR11,PRD094,144,38160.0,9,OK
INV006189,2024-06-30,STR11,PRD032,66,34298.88,14,OK
INV006190,2024-06-30,STR11,PRD023,68,6520.52,22,OK
INV006191,2024-06-30,STR11,PRD112,93,31419.12,23,OK
INV006192,2024-06-30,STR11,PRD042,29,9881.17,12,OK
INV006193,2024-06-30,STR11,PRD093,74,1851.48,17,OK
INV006194,2024-06-30,STR11,PRD073,47,21033.44,27,OK
INV006195,2024-06-30,STR11,PRD035,132,20243.52,28,OK
INV006196,2024-06-30,STR11,PRD117,140,40854.8,29,OK
INV006197,2024-06-30,STR11,PRD020,21,9316.44,20,OK
INV006198,2024-06-30,STR11,PRD059,42,19524.12,5,OK
INV006199,2024-06-30,STR11,PRD056,139,70745.44,6,OK
INV006200,2024-06-30,STR11,PRD062,117,48273.03,19,OK
INV006201,2024-06-30,STR11,PRD015,74,38608.02,18,OK
INV006202,2024-06-30,STR11,PRD025,142,32713.96,26,OK
INV006203,2024-06-30,STR11,PRD026,110,46754.4,24,OK
INV006204,2024-06-30,STR11,PRD126,31,11268.5,14,OK
INV006205,2024-06-30,STR11,PRD044,103,5395.14,22,OK
INV006206,2024-06-30,STR11,PRD009,125,65796.25,17,OK
INV006207,2024-06-30,STR11,PRD006,13,5643.3,19,OK
INV006208,2024-06-30,STR11,PRD116,125,45218.75,30,OK
INV006209,2024-06-30,STR11,PRD050,125,18238.75,28,OK
INV006210,2024-06-30,STR11,PRD145,32,15142.4,12,OK
INV006211,2024-06-30,STR19,PRD001,109,45914.07,19,OK
INV006212,2024-06-30,STR19,PRD102,58,25549.58,10,OK
INV006213,2024-06-30,STR19,PRD103,46,23167.9,6,OK
INV006214,2024-06-30,STR19,PRD121,81,16118.19,7,OK
INV006215,2024-06-30,STR19,PRD081,3,1087.77,6,Low
INV006216,2024-06-30,STR19,PRD020,88,39040.32,25,OK
INV006217,2024-06-30,STR19,PRD100,46,19658.1,23,OK
INV006218,2024-06-30,STR19,PRD082,89,42981.66,11,OK
INV006219,2024-06-30,STR19,PRD134,116,43422.28,29,OK
INV006220,2024-06-30,STR19,PRD008,30,6805.5,20,OK
INV006221,2024-06-30,STR19,PRD143,147,26814.27,5,OK
INV006222,2024-06-30,STR19,PRD057,19,6440.81,18,OK
INV006223,2024-06-30,STR19,PRD072,13,5279.69,14,OK
INV006224,2024-06-30,STR19,PRD004,137,38121.62,22,OK
INV006225,2024-06-30,STR19,PRD096,120,62560.8,9,OK
INV006226,2024-06-30,STR19,PRD023,142,13616.38,30,OK
INV006227,2024-06-30,STR19,PRD128,30,4874.4,25,OK
INV006228,2024-06-30,STR19,PRD042,99,33732.27,27,OK
INV006229,2024-06-30,STR19,PRD036,124,54963.0,28,OK
INV006230,2024-06-30,STR19,PRD063,128,55481.6,8,OK
INV006231,2024-06-30,STR19,PRD013,47,13300.53,30,OK
INV006232,2024-06-30,STR19,PRD147,20,1466.8,8,OK
INV006233,2024-06-30,STR19,PRD061,0,0.0,19,Out of Stock
INV006234,2024-06-30,STR19,PRD009,25,13159.25,12,OK
INV006235,2024-06-30,STR19,PRD092,94,12487.9,7,OK
INV006236,2024-06-30,STR19,PRD079,5,338.9,8,Low
INV006237,2024-06-30,STR19,PRD015,17,8869.41,21,OK
INV006238,2024-06-30,STR19,PRD119,29,11972.65,29,OK
INV006239,2024-06-30,STR19,PRD122,89,8843.04,25,OK
INV006240,2024-06-30,STR19,PRD044,106,5552.28,9,OK
INV006241,2024-06-30,STR05,PRD110,98,13192.76,15,OK
INV006242,2024-06-30,STR05,PRD108,72,19270.08,8,OK
INV006243,2024-06-30,STR05,PRD011,8,1847.84,27,Low
INV006244,2024-06-30,STR05,PRD052,70,29407.0,25,OK
INV006245,2024-06-30,STR05,PRD084,126,40643.82,22,OK
INV006246,2024-06-30,STR05,PRD054,112,55913.76,23,OK
INV006247,2024-06-30,STR05,PRD130,109,3425.87,29,OK
INV006248,2024-06-30,STR05,PRD009,19,10001.03,30,OK
INV006249,2024-06-30,STR05,PRD058,75,3785.25,6,OK
INV006250,2024-06-30,STR05,PRD081,45,16316.55,30,OK
INV006251,2024-06-30,STR05,PRD136,21,6545.91,27,OK
INV006252,2024-06-30,STR05,PRD015,40,20869.2,27,OK
INV006253,2024-06-30,STR05,PRD057,22,7457.78,28,OK
INV006254,2024-06-30,STR05,PRD099,61,6439.16,22,OK
INV006255,2024-06-30,STR05,PRD083,139,73978.58,9,OK
INV006256,2024-06-30,STR05,PRD056,74,37663.04,25,OK
INV006257,2024-06-30,STR05,PRD006,92,39937.2,20,OK
INV006258,2024-06-30,STR05,PRD014,94,5890.04,28,OK
INV006259,2024-06-30,STR05,PRD111,46,10076.3,26,OK
INV006260,2024-06-30,STR05,PRD139,23,3762.8,8,OK
INV006261,2024-06-30,STR05,PRD116,58,20981.5,28,OK
INV006262,2024-06-30,STR05,PRD075,77,21105.7,12,OK
INV006263,2024-06-30,STR05,PRD061,132,68234.76,24,OK
INV006264,2024-06-30,STR05,PRD055,19,3021.76,16,OK
INV006265,2024-06-30,STR05,PRD002,66,30356.7,30,OK
INV006266,2024-06-30,STR05,PRD064,39,6773.13,9,OK
INV006267,2024-06-30,STR05,PRD129,130,59702.5,30,OK
INV006268,2024-06-30,STR05,PRD128,140,22747.2,23,OK
INV006269,2024-06-30,STR05,PRD073,14,6265.28,21,OK
INV006270,2024-06-30,STR05,PRD143,21,3830.61,6,OK
INV006271,2024-06-30,STR14,PRD148,52,16763.24,21,OK
INV006272,2024-06-30,STR14,PRD072,138,56045.94,23,OK
INV006273,2024-06-30,STR14,PRD067,141,19741.41,13,OK
INV006274,2024-06-30,STR14,PRD113,58,9808.96,20,OK
INV006275,2024-06-30,STR14,PRD030,112,49845.6,24,OK
INV006276,2024-06-30,STR14,PRD002,146,67152.7,19,OK
INV006277,2024-06-30,STR14,PRD103,50,25182.5,21,OK
INV006278,2024-06-30,STR14,PRD117,110,32100.2,12,OK
INV006279,2024-06-30,STR14,PRD031,46,3990.04,30,OK
INV006280,2024-06-30,STR14,PRD144,131,20698.0,7,OK
INV006281,2024-06-30,STR14,PRD060,135,37430.1,11,OK
INV006282,2024-06-30,STR14,PRD087,58,4638.26,5,OK
INV006283,2024-06-30,STR14,PRD070,85,37556.4,18,OK
INV006284,2024-06-30,STR14,PRD110,50,6731.0,19,OK
INV006285,2024-06-30,STR14,PRD035,125,19170.0,22,OK
INV006286,2024-06-30,STR14,PRD011,11,2540.78,25,OK
INV006287,2024-06-30,STR14,PRD080,70,31642.1,14,OK
INV006288,2024-06-30,STR14,PRD050,52,7587.32,20,OK
INV006289,2024-06-30,STR14,PRD018,115,62108.05,21,OK
INV006290,2024-06-30,STR14,PRD073,4,1790.08,16,Low
INV006291,2024-06-30,STR14,PRD126,145,52707.5,13,OK
INV006292,2024-06-30,STR14,PRD043,93,7307.94,25,OK
INV006293,2024-06-30,STR14,PRD025,8,1843.04,26,Low
INV006294,2024-06-30,STR14,PRD098,24,6542.16,9,OK
INV006295,2024-06-30,STR14,PRD004,43,11965.18,8,OK
INV006296,2024-06-30,STR14,PRD094,112,29680.0,21,OK
INV006297,2024-06-30,STR14,PRD140,62,23647.42,15,OK
INV006298,2024-06-30,STR14,PRD045,40,13388.4,14,OK
INV006299,2024-06-30,STR14,PRD137,54,26002.08,7,OK
INV006300,2024-06-30,STR14,PRD065,80,17884.0,5,OK
INV006301,2024-06-30,STR07,PRD054,122,60906.06,14,OK
INV006302,2024-06-30,STR07,PRD030,115,51180.75,7,OK
INV006303,2024-06-30,STR07,PRD020,86,38153.04,28,OK
INV006304,2024-06-30,STR07,PRD140,58,22121.78,12,OK
INV006305,2024-06-30,STR07,PRD099,116,12244.96,18,OK
INV006306,2024-06-30,STR07,PRD060,77,21349.02,25,OK
INV006307,2024-06-30,STR07,PRD105,83,17298.03,13,OK
INV006308,2024-06-30,STR07,PRD087,31,2479.07,6,OK
INV006309,2024-06-30,STR07,PRD002,74,34036.3,13,OK
INV006310,2024-06-30,STR07,PRD112,137,46284.08,15,OK
INV006311,2024-06-30,STR07,PRD081,91,32995.69,28,OK
INV006312,2024-06-30,STR07,PRD042,139,47361.47,16,OK
INV006313,2024-06-30,STR07,PRD148,116,37394.92,16,OK
INV006314,2024-06-30,STR07,PRD009,112,58953.44,7,OK
INV006315,2024-06-30,STR07,PRD055,12,1908.48,14,OK
INV006316,2024-06-30,STR07,PRD013,9,2546.91,10,Low
INV006317,2024-06-30,STR07,PRD135,127,39650.67,16,OK
INV006318,2024-06-30,STR07,PRD108,99,26496.36,30,OK
INV006319,2024-06-30,STR07,PRD078,7,2852.15,10,Low
INV006320,2024-06-30,STR07,PRD025,132,30410.16,20,OK
INV006321,2024-06-30,STR07,PRD066,127,44330.62,26,OK
INV006322,2024-06-30,STR07,PRD117,103,30057.46,5,OK
INV006323,2024-06-30,STR07,PRD034,79,30006.57,24,OK
INV006324,2024-06-30,STR07,PRD092,125,16606.25,23,OK
INV006325,2024-06-30,STR07,PRD111,42,9200.1,8,OK
INV006326,2024-06-30,STR07,PRD011,107,24714.86,17,OK
INV006327,2024-06-30,STR07,PRD061,34,17575.62,23,OK
INV006328,2024-06-30,STR07,PRD022,90,13939.2,5,OK
INV006329,2024-06-30,STR07,PRD044,34,1780.92,15,OK
INV006330,2024-06-30,STR07,PRD018,122,65888.54,22,OK
INV006331,2024-06-30,STR20,PRD051,8,2532.16,16,Low
INV006332,2024-06-30,STR20,PRD059,110,51134.6,17,OK
INV006333,2024-06-30,STR20,PRD122,82,8147.52,12,OK
INV006334,2024-06-30,STR20,PRD140,33,12586.53,14,OK
INV006335,2024-06-30,STR20,PRD109,140,62732.6,7,OK
INV006336,2024-06-30,STR20,PRD112,59,19932.56,22,OK
INV006337,2024-06-30,STR20,PRD085,60,7426.8,14,OK
INV006338,2024-06-30,STR20,PRD104,66,33127.38,9,OK
INV006339,2024-06-30,STR20,PRD007,131,66300.41,5,OK
INV006340,2024-06-30,STR20,PRD062,84,34657.56,28,OK
INV006341,2024-06-30,STR20,PRD115,118,39329.4,20,OK
INV006342,2024-06-30,STR20,PRD135,36,11239.56,9,OK
INV006343,2024-06-30,STR20,PRD019,75,23792.25,21,OK
INV006344,2024-06-30,STR20,PRD030,114,50735.7,21,OK
INV006345,2024-06-30,STR20,PRD037,109,21560.2,6,OK
INV006346,2024-06-30,STR20,PRD093,45,1125.9,26,OK
INV006347,2024-06-30,STR20,PRD111,5,1095.25,7,Low
INV006348,2024-06-30,STR20,PRD034,27,10255.41,11,OK
INV006349,2024-06-30,STR20,PRD083,115,61205.3,13,OK
INV006350,2024-06-30,STR20,PRD144,51,8058.0,25,OK
INV006351,2024-06-30,STR20,PRD002,52,23917.4,16,OK
INV006352,2024-06-30,STR20,PRD071,95,17031.6,22,OK
INV006353,2024-06-30,STR20,PRD136,140,43639.4,28,OK
INV006354,2024-06-30,STR20,PRD029,62,15841.62,30,OK
INV006355,2024-06-30,STR20,PRD052,125,52512.5,17,OK
INV006356,2024-06-30,STR20,PRD145,144,68140.8,18,OK
INV006357,2024-06-30,STR20,PRD013,26,7357.74,23,OK
INV006358,2024-06-30,STR20,PRD008,22,4990.7,21,OK
INV006359,2024-06-30,STR20,PRD077,149,40308.97,12,OK
INV006360,2024-06-30,STR20,PRD088,53,20007.5,10,OK
INV006361,2024-06-30,STR12,PRD022,15,2323.2,28,OK
INV006362,2024-06-30,STR12,PRD096,130,67774.2,18,OK
INV006363,2024-06-30,STR12,PRD061,8,4135.44,27,Low
INV006364,2024-06-30,STR12,PRD084,107,34514.99,13,OK
INV006365,2024-06-30,STR12,PRD108,131,35060.84,28,OK
INV006366,2024-06-30,STR12,PRD020,13,5767.32,23,OK
INV006367,2024-06-30,STR12,PRD134,1,374.33,26,Low
INV006368,2024-06-30,STR12,PRD116,109,39430.75,9,OK
INV006369,2024-06-30,STR12,PRD045,58,19413.18,21,OK
INV006370,2024-06-30,STR12,PRD025,125,28797.5,30,OK
INV006371,2024-06-30,STR12,PRD103,143,72021.95,5,OK
INV006372,2024-06-30,STR12,PRD075,34,9319.4,26,OK
INV006373,2024-06-30,STR12,PRD017,55,2566.85,19,OK
INV006374,2024-06-30,STR12,PRD037,66,13054.8,9,OK
INV006375,2024-06-30,STR12,PRD010,130,55435.9,16,OK
INV006376,2024-06-30,STR12,PRD115,142,47328.6,23,OK
INV006377,2024-06-30,STR12,PRD001,34,14321.82,29,OK
INV006378,2024-06-30,STR12,PRD140,59,22503.19,15,OK
INV006379,2024-06-30,STR12,PRD070,13,5743.92,15,OK
INV006380,2024-06-30,STR12,PRD086,81,38113.74,17,OK
INV006381,2024-06-30,STR12,PRD051,114,36083.28,8,OK
INV006382,2024-06-30,STR12,PRD105,124,25842.84,22,OK
INV006383,2024-06-30,STR12,PRD007,57,28848.27,29,OK
INV006384,2024-06-30,STR12,PRD104,116,58223.88,11,OK
INV006385,2024-06-30,STR12,PRD093,91,2276.82,19,OK
INV006386,2024-06-30,STR12,PRD087,79,6317.63,17,OK
INV006387,2024-06-30,STR12,PRD040,122,42415.74,30,OK
INV006388,2024-06-30,STR12,PRD139,116,18977.6,7,OK
INV006389,2024-06-30,STR12,PRD123,20,1656.6,17,OK
INV006390,2024-06-30,STR12,PRD039,16,5170.56,23,OK
INV006391,2024-06-30,STR01,PRD025,95,21886.1,14,OK
INV006392,2024-06-30,STR01,PRD141,92,18534.32,24,OK
INV006393,2024-06-30,STR01,PRD037,85,16813.0,5,OK
INV006394,2024-06-30,STR01,PRD131,48,8754.72,14,OK
INV006395,2024-06-30,STR01,PRD085,65,8045.7,23,OK
INV006396,2024-06-30,STR01,PRD041,32,4359.36,20,OK
INV006397,2024-06-30,STR01,PRD123,3,248.49,27,Low
INV006398,2024-06-30,STR01,PRD147,106,7774.04,14,OK
INV006399,2024-06-30,STR01,PRD140,96,36615.36,23,OK
INV006400,2024-06-30,STR01,PRD012,21,1284.36,26,OK
INV006401,2024-06-30,STR01,PRD011,120,27717.6,14,OK
INV006402,2024-06-30,STR01,PRD058,66,3331.02,5,OK
INV006403,2024-06-30,STR01,PRD128,93,15110.64,21,OK
INV006404,2024-06-30,STR01,PRD086,128,60229.12,11,OK
INV006405,2024-06-30,STR01,PRD135,71,22166.91,11,OK
INV006406,2024-06-30,STR01,PRD022,84,13009.92,17,OK
INV006407,2024-06-30,STR01,PRD080,62,28025.86,30,OK
INV006408,2024-06-30,STR01,PRD100,6,2564.1,27,Low
INV006409,2024-06-30,STR01,PRD015,121,63129.33,25,OK
INV006410,2024-06-30,STR01,PRD091,8,1140.56,28,Low
INV006411,2024-06-30,STR01,PRD077,1,270.53,24,Low
INV006412,2024-06-30,STR01,PRD144,67,10586.0,7,OK
INV006413,2024-06-30,STR01,PRD056,24,12215.04,11,OK
INV006414,2024-06-30,STR01,PRD088,48,18120.0,18,OK
INV006415,2024-06-30,STR01,PRD039,65,21005.4,19,OK
INV006416,2024-06-30,STR01,PRD026,76,32303.04,6,OK
INV006417,2024-06-30,STR01,PRD124,28,14817.6,24,OK
INV006418,2024-06-30,STR01,PRD079,147,9963.66,25,OK
INV006419,2024-06-30,STR01,PRD119,147,60688.95,30,OK
INV006420,2024-06-30,STR01,PRD107,73,33243.47,13,OK
INV006421,2024-06-30,STR03,PRD062,23,9489.57,29,OK
INV006422,2024-06-30,STR03,PRD071,117,20975.76,13,OK
INV006423,2024-06-30,STR03,PRD080,54,24409.62,15,OK
INV006424,2024-06-30,STR03,PRD037,106,20966.8,17,OK
INV006425,2024-06-30,STR03,PRD115,2,666.6,24,Low
INV006426,2024-06-30,STR03,PRD131,12,2188.68,9,OK
INV006427,2024-06-30,STR03,PRD020,121,53680.44,15,OK
INV006428,2024-06-30,STR03,PRD006,82,35596.2,25,OK
INV006429,2024-06-30,STR03,PRD010,136,57994.48,7,OK
INV006430,2024-06-30,STR03,PRD034,25,9495.75,30,OK
INV006431,2024-06-30,STR03,PRD101,130,15566.2,26,OK
INV006432,2024-06-30,STR03,PRD091,57,8126.49,26,OK
INV006433,2024-06-30,STR03,PRD023,75,7191.75,19,OK
INV006434,2024-06-30,STR03,PRD088,148,55870.0,12,OK
INV006435,2024-06-30,STR03,PRD083,128,68124.16,22,OK
INV006436,2024-06-30,STR03,PRD018,73,39425.11,22,OK
INV006437,2024-06-30,STR03,PRD072,101,41019.13,29,OK
INV006438,2024-06-30,STR03,PRD111,71,15552.55,9,OK
INV006439,2024-06-30,STR03,PRD096,17,8862.78,25,OK
INV006440,2024-06-30,STR03,PRD147,64,4693.76,12,OK
INV006441,2024-06-30,STR03,PRD027,52,11512.8,5,OK
INV006442,2024-06-30,STR03,PRD085,60,7426.8,9,OK
INV006443,2024-06-30,STR03,PRD098,19,5179.21,12,OK
INV006444,2024-06-30,STR03,PRD108,70,18734.8,23,OK
INV006445,2024-06-30,STR03,PRD028,118,9286.6,5,OK
INV006446,2024-06-30,STR03,PRD093,132,3302.64,19,OK
INV006447,2024-06-30,STR03,PRD004,132,36730.32,9,OK
INV006448,2024-06-30,STR03,PRD052,105,44110.5,14,OK
INV006449,2024-06-30,STR03,PRD149,138,43958.52,16,OK
INV006450,2024-06-30,STR03,PRD116,28,10129.0,14,OK
INV006451,2024-06-30,STR18,PRD044,67,3509.46,13,OK
INV006452,2024-06-30,STR18,PRD117,103,30057.46,22,OK
INV006453,2024-06-30,STR18,PRD142,113,30962.0,24,OK
INV006454,2024-06-30,STR18,PRD008,45,10208.25,22,OK
INV006455,2024-06-30,STR18,PRD061,7,3618.51,20,Low
INV006456,2024-06-30,STR18,PRD146,50,21646.5,30,OK
INV006457,2024-06-30,STR18,PRD054,86,42933.78,28,OK
INV006458,2024-06-30,STR18,PRD138,106,42142.42,19,OK
INV006459,2024-06-30,STR18,PRD083,55,29272.1,22,OK
INV006460,2024-06-30,STR18,PRD034,99,37603.17,28,OK
INV006461,2024-06-30,STR18,PRD081,43,15591.37,12,OK
INV006462,2024-06-30,STR18,PRD133,141,57238.95,11,OK
INV006463,2024-06-30,STR18,PRD082,76,36703.44,10,OK
INV006464,2024-06-30,STR18,PRD072,129,52390.77,22,OK
INV006465,2024-06-30,STR18,PRD022,4,619.52,7,Low
INV006466,2024-06-30,STR18,PRD076,18,9390.6,19,OK
INV006467,2024-06-30,STR18,PRD135,12,3746.52,22,OK
INV006468,2024-06-30,STR18,PRD047,135,35868.15,17,OK
INV006469,2024-06-30,STR18,PRD101,138,16524.12,23,OK
INV006470,2024-06-30,STR18,PRD067,102,14281.02,13,OK
INV006471,2024-06-30,STR18,PRD031,118,10235.32,26,OK
INV006472,2024-06-30,STR18,PRD128,105,17060.4,30,OK
INV006473,2024-06-30,STR18,PRD078,70,28521.5,26,OK
INV006474,2024-06-30,STR18,PRD052,43,18064.3,24,OK
INV006475,2024-06-30,STR18,PRD045,93,31128.03,30,OK
INV006476,2024-06-30,STR18,PRD132,48,11118.72,12,OK
INV006477,2024-06-30,STR18,PRD018,45,24303.15,7,OK
INV006478,2024-06-30,STR18,PRD094,88,23320.0,18,OK
INV006479,2024-06-30,STR18,PRD063,123,53314.35,16,OK
INV006480,2024-06-30,STR18,PRD055,67,10655.68,14,OK
INV006481,2024-07-31,STR08,PRD076,108,56343.6,26,OK
INV006482,2024-07-31,STR08,PRD020,75,33273.0,6,OK
INV006483,2024-07-31,STR08,PRD138,27,10734.39,16,OK
INV006484,2024-07-31,STR08,PRD075,141,38648.1,26,OK
INV006485,2024-07-31,STR08,PRD067,143,20021.43,7,OK
INV006486,2024-07-31,STR08,PRD150,6,2128.56,25,Low
INV006487,2024-07-31,STR08,PRD126,60,21810.0,12,OK
INV006488,2024-07-31,STR08,PRD012,3,183.48,26,Low
INV006489,2024-07-31,STR08,PRD021,73,5583.04,8,OK
INV006490,2024-07-31,STR08,PRD124,57,30164.4,16,OK
INV006491,2024-07-31,STR08,PRD073,47,21033.44,24,OK
INV006492,2024-07-31,STR08,PRD095,106,21001.78,11,OK
INV006493,2024-07-31,STR08,PRD103,21,10576.65,28,OK
INV006494,2024-07-31,STR08,PRD047,64,17004.16,13,OK
INV006495,2024-07-31,STR08,PRD113,77,13022.24,24,OK
INV006496,2024-07-31,STR08,PRD096,82,42749.88,8,OK
INV006497,2024-07-31,STR08,PRD144,37,5846.0,14,OK
INV006498,2024-07-31,STR08,PRD139,133,21758.8,16,OK
INV006499,2024-07-31,STR08,PRD056,127,64637.92,5,OK
INV006500,2024-07-31,STR08,PRD143,140,25537.4,10,OK
INV006501,2024-07-31,STR08,PRD105,136,28343.76,12,OK
INV006502,2024-07-31,STR08,PRD147,106,7774.04,20,OK
INV006503,2024-07-31,STR08,PRD043,80,6286.4,23,OK
INV006504,2024-07-31,STR08,PRD104,48,24092.64,21,OK
INV006505,2024-07-31,STR08,PRD101,118,14129.32,13,OK
INV006506,2024-07-31,STR08,PRD122,79,7849.44,21,OK
INV006507,2024-07-31,STR08,PRD071,85,15238.8,23,OK
INV006508,2024-07-31,STR08,PRD137,90,43336.8,21,OK
INV006509,2024-07-31,STR08,PRD033,92,10629.68,17,OK
INV006510,2024-07-31,STR08,PRD039,100,32316.0,30,OK
INV006511,2024-07-31,STR04,PRD008,19,4310.15,27,OK
INV006512,2024-07-31,STR04,PRD053,45,2492.1,28,OK
INV006513,2024-07-31,STR04,PRD070,137,60532.08,7,OK
INV006514,2024-07-31,STR04,PRD126,123,44710.5,17,OK
INV006515,2024-07-31,STR04,PRD080,40,18081.2,10,OK
INV006516,2024-07-31,STR04,PRD026,27,11476.08,26,OK
INV006517,2024-07-31,STR04,PRD019,30,9516.9,20,OK
INV006518,2024-07-31,STR04,PRD025,134,30870.92,25,OK
INV006519,2024-07-31,STR04,PRD010,52,22174.36,23,OK
INV006520,2024-07-31,STR04,PRD042,8,2725.84,17,Low
INV006521,2024-07-31,STR04,PRD094,144,38160.0,24,OK
INV006522,2024-07-31,STR04,PRD136,94,29300.74,14,OK
INV006523,2024-07-31,STR04,PRD097,51,11713.68,23,OK
INV006524,2024-07-31,STR04,PRD068,66,5198.82,19,OK
INV006525,2024-07-31,STR04,PRD073,123,55044.96,15,OK
INV006526,2024-07-31,STR04,PRD031,1,86.74,28,Low
INV006527,2024-07-31,STR04,PRD120,78,3266.64,10,OK
INV006528,2024-07-31,STR04,PRD093,42,1050.84,29,OK
INV006529,2024-07-31,STR04,PRD081,81,29369.79,19,OK
INV006530,2024-07-31,STR04,PRD089,10,4965.7,18,OK
INV006531,2024-07-31,STR04,PRD002,43,19777.85,30,OK
INV006532,2024-07-31,STR04,PRD141,17,3424.82,16,OK
INV006533,2024-07-31,STR04,PRD143,47,8573.27,17,OK
INV006534,2024-07-31,STR04,PRD076,115,59995.5,12,OK
INV006535,2024-07-31,STR04,PRD064,11,1910.37,6,OK
INV006536,2024-07-31,STR04,PRD125,118,22807.04,23,OK
INV006537,2024-07-31,STR04,PRD140,23,8772.43,8,OK
INV006538,2024-07-31,STR04,PRD029,47,12008.97,5,OK
INV006539,2024-07-31,STR04,PRD033,124,14326.96,20,OK
INV006540,2024-07-31,STR04,PRD072,74,30053.62,11,OK
INV006541,2024-07-31,STR02,PRD099,9,950.04,21,Low
INV006542,2024-07-31,STR02,PRD120,131,5486.28,29,OK
INV006543,2024-07-31,STR02,PRD093,130,3252.6,7,OK
INV006544,2024-07-31,STR02,PRD026,30,12751.2,22,OK
INV006545,2024-07-31,STR02,PRD011,85,19633.3,7,OK
INV006546,2024-07-31,STR02,PRD012,58,3547.28,9,OK
INV006547,2024-07-31,STR02,PRD135,16,4995.36,18,OK
INV006548,2024-07-31,STR02,PRD113,135,22831.2,27,OK
INV006549,2024-07-31,STR02,PRD117,136,39687.52,22,OK
INV006550,2024-07-31,STR02,PRD124,105,55566.0,13,OK
INV006551,2024-07-31,STR02,PRD022,113,17501.44,21,OK
INV006552,2024-07-31,STR02,PRD102,11,4845.61,20,OK
INV006553,2024-07-31,STR02,PRD079,98,6642.44,25,OK
INV006554,2024-07-31,STR02,PRD110,30,4038.6,7,OK
INV006555,2024-07-31,STR02,PRD037,12,2373.6,9,OK
INV006556,2024-07-31,STR02,PRD134,91,34064.03,25,OK
INV006557,2024-07-31,STR02,PRD086,121,56935.34,15,OK
INV006558,2024-07-31,STR02,PRD061,64,33083.52,7,OK
INV006559,2024-07-31,STR02,PRD126,65,23627.5,13,OK
INV006560,2024-07-31,STR02,PRD013,15,4244.85,22,OK
INV006561,2024-07-31,STR02,PRD129,20,9185.0,25,OK
INV006562,2024-07-31,STR02,PRD018,113,61027.91,10,OK
INV006563,2024-07-31,STR02,PRD122,79,7849.44,8,OK
INV006564,2024-07-31,STR02,PRD141,59,11886.14,15,OK
INV006565,2024-07-31,STR02,PRD068,48,3780.96,14,OK
INV006566,2024-07-31,STR02,PRD033,32,3697.28,15,OK
INV006567,2024-07-31,STR02,PRD101,81,9698.94,9,OK
INV006568,2024-07-31,STR02,PRD054,53,26459.19,23,OK
INV006569,2024-07-31,STR02,PRD020,111,49244.04,25,OK
INV006570,2024-07-31,STR02,PRD077,54,14608.62,25,OK
INV006571,2024-07-31,STR19,PRD044,38,1990.44,20,OK
INV006572,2024-07-31,STR19,PRD131,65,11855.35,25,OK
INV006573,2024-07-31,STR19,PRD126,94,34169.0,12,OK
INV006574,2024-07-31,STR19,PRD109,52,23300.68,22,OK
INV006575,2024-07-31,STR19,PRD075,85,23298.5,25,OK
INV006576,2024-07-31,STR19,PRD095,29,5745.77,6,OK
INV006577,2024-07-31,STR19,PRD096,134,69859.56,6,OK
INV006578,2024-07-31,STR19,PRD090,96,51375.36,8,OK
INV006579,2024-07-31,STR19,PRD028,110,8657.0,26,OK
INV006580,2024-07-31,STR19,PRD105,31,6460.71,17,OK
INV006581,2024-07-31,STR19,PRD104,92,46177.56,26,OK
INV006582,2024-07-31,STR19,PRD063,97,42044.65,25,OK
INV006583,2024-07-31,STR19,PRD102,3,1321.53,10,Low
INV006584,2024-07-31,STR19,PRD059,17,7902.62,13,OK
INV006585,2024-07-31,STR19,PRD027,142,31438.8,13,OK
INV006586,2024-07-31,STR19,PRD036,81,35903.25,6,OK
INV006587,2024-07-31,STR19,PRD065,60,13413.0,8,OK
INV006588,2024-07-31,STR19,PRD147,104,7627.36,17,OK
INV006589,2024-07-31,STR19,PRD122,7,695.52,19,Low
INV006590,2024-07-31,STR19,PRD048,98,9855.86,10,OK
INV006591,2024-07-31,STR19,PRD120,42,1758.96,10,OK
INV006592,2024-07-31,STR19,PRD014,42,2631.72,9,OK
INV006593,2024-07-31,STR19,PRD081,12,4351.08,10,OK
INV006594,2024-07-31,STR19,PRD119,51,21055.35,25,OK
INV006595,2024-07-31,STR19,PRD001,105,44229.15,12,OK
INV006596,2024-07-31,STR19,PRD089,103,51146.71,9,OK
INV006597,2024-07-31,STR19,PRD087,40,3198.8,25,OK
INV006598,2024-07-31,STR19,PRD069,115,39672.7,18,OK
INV006599,2024-07-31,STR19,PRD061,96,49625.28,5,OK
INV006600,2024-07-31,STR19,PRD023,139,13328.71,29,OK
INV006601,2024-07-31,STR10,PRD077,2,541.06,15,Low
INV006602,2024-07-31,STR10,PRD119,5,2064.25,26,Low
INV006603,2024-07-31,STR10,PRD059,63,29286.18,13,OK
INV006604,2024-07-31,STR10,PRD054,59,29454.57,23,OK
INV006605,2024-07-31,STR10,PRD089,69,34263.33,30,OK
INV006606,2024-07-31,STR10,PRD003,136,45744.96,9,OK
INV006607,2024-07-31,STR10,PRD031,81,7025.94,9,OK
INV006608,2024-07-31,STR10,PRD088,130,49075.0,20,OK
INV006609,2024-07-31,STR10,PRD005,125,55528.75,23,OK
INV006610,2024-07-31,STR10,PRD140,0,0.0,17,Out of Stock
INV006611,2024-07-31,STR10,PRD125,17,3285.76,11,OK
INV006612,2024-07-31,STR10,PRD001,102,42965.46,26,OK
INV006613,2024-07-31,STR10,PRD083,93,49496.46,5,OK
INV006614,2024-07-31,STR10,PRD007,46,23281.06,25,OK
INV006615,2024-07-31,STR10,PRD080,84,37970.52,21,OK
INV006616,2024-07-31,STR10,PRD065,100,22355.0,6,OK
INV006617,2024-07-31,STR10,PRD030,144,64087.2,19,OK
INV006618,2024-07-31,STR10,PRD068,63,4962.51,9,OK
INV006619,2024-07-31,STR10,PRD086,50,23527.0,13,OK
INV006620,2024-07-31,STR10,PRD133,134,54397.3,26,OK
INV006621,2024-07-31,STR10,PRD055,89,14154.56,19,OK
INV006622,2024-07-31,STR10,PRD067,137,19181.37,18,OK
INV006623,2024-07-31,STR10,PRD038,128,39957.76,13,OK
INV006624,2024-07-31,STR10,PRD037,55,10879.0,8,OK
INV006625,2024-07-31,STR10,PRD116,4,1447.0,15,Low
INV006626,2024-07-31,STR10,PRD014,1,62.66,30,Low
INV006627,2024-07-31,STR10,PRD036,79,35016.75,24,OK
INV006628,2024-07-31,STR10,PRD129,118,54191.5,5,OK
INV006629,2024-07-31,STR10,PRD058,44,2220.68,28,OK
INV006630,2024-07-31,STR10,PRD078,14,5704.3,7,OK
INV006631,2024-07-31,STR05,PRD118,119,44442.93,7,OK
INV006632,2024-07-31,STR05,PRD101,115,13770.1,7,OK
INV006633,2024-07-31,STR05,PRD057,23,7796.77,24,OK
INV006634,2024-07-31,STR05,PRD066,57,19896.42,17,OK
INV006635,2024-07-31,STR05,PRD074,59,16095.2,21,OK
INV006636,2024-07-31,STR05,PRD124,125,66150.0,20,OK
INV006637,2024-07-31,STR05,PRD051,77,24372.04,24,OK
INV006638,2024-07-31,STR05,PRD112,117,39527.28,17,OK
INV006639,2024-07-31,STR05,PRD034,87,33045.21,7,OK
INV006640,2024-07-31,STR05,PRD036,97,42995.25,11,OK
INV006641,2024-07-31,STR05,PRD150,18,6385.68,22,OK
INV006642,2024-07-31,STR05,PRD079,72,4880.16,21,OK
INV006643,2024-07-31,STR05,PRD102,124,54623.24,29,OK
INV006644,2024-07-31,STR05,PRD041,89,12124.47,24,OK
INV006645,2024-07-31,STR05,PRD021,54,4129.92,5,OK
INV006646,2024-07-31,STR05,PRD143,8,1459.28,29,Low
INV006647,2024-07-31,STR05,PRD046,6,3246.84,26,Low
INV006648,2024-07-31,STR05,PRD027,62,13726.8,19,OK
INV006649,2024-07-31,STR05,PRD050,5,729.55,18,Low
INV006650,2024-07-31,STR05,PRD012,119,7278.04,25,OK
INV006651,2024-07-31,STR05,PRD011,45,10394.1,7,OK
INV006652,2024-07-31,STR05,PRD084,85,27418.45,12,OK
INV006653,2024-07-31,STR05,PRD110,37,4980.94,5,OK
INV006654,2024-07-31,STR05,PRD002,69,31736.55,14,OK
INV006655,2024-07-31,STR05,PRD127,3,1373.64,16,Low
INV006656,2024-07-31,STR05,PRD080,73,32998.19,16,OK
INV006657,2024-07-31,STR05,PRD133,45,18267.75,5,OK
INV006658,2024-07-31,STR05,PRD088,50,18875.0,28,OK
INV006659,2024-07-31,STR05,PRD085,34,4208.52,22,OK
INV006660,2024-07-31,STR05,PRD115,30,9999.0,16,OK
INV006661,2024-07-31,STR07,PRD081,149,54025.91,11,OK
INV006662,2024-07-31,STR07,PRD014,30,1879.8,26,OK
INV006663,2024-07-31,STR07,PRD025,9,2073.42,23,Low
INV006664,2024-07-31,STR07,PRD023,109,10452.01,14,OK
INV006665,2024-07-31,STR07,PRD069,122,42087.56,11,OK
INV006666,2024-07-31,STR07,PRD017,141,6580.47,10,OK
INV006667,2024-07-31,STR07,PRD122,32,3179.52,24,OK
INV006668,2024-07-31,STR07,PRD112,92,31081.28,5,OK
INV006669,2024-07-31,STR07,PRD119,77,31789.45,20,OK
INV006670,2024-07-31,STR07,PRD141,6,1208.76,18,Low
INV006671,2024-07-31,STR07,PRD034,100,37983.0,9,OK
INV006672,2024-07-31,STR07,PRD015,20,10434.6,18,OK
INV006673,2024-07-31,STR07,PRD111,82,17962.1,8,OK
INV006674,2024-07-31,STR07,PRD093,129,3227.58,12,OK
INV006675,2024-07-31,STR07,PRD144,81,12798.0,28,OK
INV006676,2024-07-31,STR07,PRD039,105,33931.8,10,OK
INV006677,2024-07-31,STR07,PRD136,36,11221.56,18,OK
INV006678,2024-07-31,STR07,PRD011,90,20788.2,19,OK
INV006679,2024-07-31,STR07,PRD057,88,29831.12,29,OK
INV006680,2024-07-31,STR07,PRD125,23,4445.44,18,OK
INV006681,2024-07-31,STR07,PRD052,92,38649.2,18,OK
INV006682,2024-07-31,STR07,PRD029,97,24784.47,25,OK
INV006683,2024-07-31,STR07,PRD001,38,16006.74,10,OK
INV006684,2024-07-31,STR07,PRD104,114,57220.02,22,OK
INV006685,2024-07-31,STR07,PRD089,33,16386.81,25,OK
INV006686,2024-07-31,STR07,PRD007,13,6579.43,24,OK
INV006687,2024-07-31,STR07,PRD026,147,62480.88,10,OK
INV006688,2024-07-31,STR07,PRD027,77,17047.8,16,OK
INV006689,2024-07-31,STR07,PRD066,108,37698.48,10,OK
INV006690,2024-07-31,STR07,PRD020,54,23956.56,5,OK
INV006691,2024-07-31,STR17,PRD135,128,39962.88,7,OK
INV006692,2024-07-31,STR17,PRD143,41,7478.81,26,OK
INV006693,2024-07-31,STR17,PRD016,35,15400.35,28,OK
INV006694,2024-07-31,STR17,PRD044,102,5342.76,15,OK
INV006695,2024-07-31,STR17,PRD006,37,16061.7,25,OK
INV006696,2024-07-31,STR17,PRD130,13,408.59,14,OK
INV006697,2024-07-31,STR17,PRD088,30,11325.0,10,OK
INV006698,2024-07-31,STR17,PRD082,103,49742.82,24,OK
INV006699,2024-07-31,STR17,PRD040,124,43111.08,23,OK
INV006700,2024-07-31,STR17,PRD053,57,3156.66,23,OK
INV006701,2024-07-31,STR17,PRD037,63,12461.4,13,OK
INV006702,2024-07-31,STR17,PRD087,87,6957.39,16,OK
INV006703,2024-07-31,STR17,PRD086,110,51759.4,15,OK
INV006704,2024-07-31,STR17,PRD018,21,11341.47,19,OK
INV006705,2024-07-31,STR17,PRD008,50,11342.5,25,OK
INV006706,2024-07-31,STR17,PRD014,87,5451.42,22,OK
INV006707,2024-07-31,STR17,PRD080,38,17177.14,24,OK
INV006708,2024-07-31,STR17,PRD150,3,1064.28,21,Low
INV006709,2024-07-31,STR17,PRD049,116,4945.08,8,OK
INV006710,2024-07-31,STR17,PRD033,29,3350.66,17,OK
INV006711,2024-07-31,STR17,PRD076,113,58952.1,26,OK
INV006712,2024-07-31,STR17,PRD124,90,47628.0,25,OK
INV006713,2024-07-31,STR17,PRD120,100,4188.0,19,OK
INV006714,2024-07-31,STR17,PRD140,135,51490.35,18,OK
INV006715,2024-07-31,STR17,PRD103,147,74036.55,27,OK
INV006716,2024-07-31,STR17,PRD129,78,35821.5,24,OK
INV006717,2024-07-31,STR17,PRD081,147,53300.73,25,OK
INV006718,2024-07-31,STR17,PRD101,129,15446.46,11,OK
INV006719,2024-07-31,STR17,PRD097,54,12402.72,15,OK
INV006720,2024-07-31,STR17,PRD058,65,3280.55,21,OK
INV006721,2024-07-31,STR18,PRD088,21,7927.5,10,OK
INV006722,2024-07-31,STR18,PRD129,97,44547.25,27,OK
INV006723,2024-07-31,STR18,PRD080,49,22149.47,18,OK
INV006724,2024-07-31,STR18,PRD111,144,31543.2,28,OK
INV006725,2024-07-31,STR18,PRD053,43,2381.34,16,OK
INV006726,2024-07-31,STR18,PRD090,88,47094.08,6,OK
INV006727,2024-07-31,STR18,PRD136,36,11221.56,26,OK
INV006728,2024-07-31,STR18,PRD096,140,72987.6,27,OK
INV006729,2024-07-31,STR18,PRD139,43,7034.8,15,OK
INV006730,2024-07-31,STR18,PRD083,21,11176.62,6,OK
INV006731,2024-07-31,STR18,PRD039,82,26499.12,7,OK
INV006732,2024-07-31,STR18,PRD042,82,27939.86,8,OK
INV006733,2024-07-31,STR18,PRD142,87,23838.0,11,OK
INV006734,2024-07-31,STR18,PRD054,0,0.0,15,Out of Stock
INV006735,2024-07-31,STR18,PRD076,43,22433.1,10,OK
INV006736,2024-07-31,STR18,PRD047,91,24177.79,29,OK
INV006737,2024-07-31,STR18,PRD131,142,25899.38,11,OK
INV006738,2024-07-31,STR18,PRD033,13,1502.02,16,OK
INV006739,2024-07-31,STR18,PRD147,97,7113.98,11,OK
INV006740,2024-07-31,STR18,PRD125,58,11210.24,19,OK
INV006741,2024-07-31,STR18,PRD082,47,22698.18,12,OK
INV006742,2024-07-31,STR18,PRD063,96,41611.2,14,OK
INV006743,2024-07-31,STR18,PRD108,78,20875.92,17,OK
INV006744,2024-07-31,STR18,PRD026,118,50154.72,8,OK
INV006745,2024-07-31,STR18,PRD060,62,17190.12,18,OK
INV006746,2024-07-31,STR18,PRD073,69,30878.88,21,OK
INV006747,2024-07-31,STR18,PRD117,35,10213.7,20,OK
INV006748,2024-07-31,STR18,PRD070,12,5302.08,13,OK
INV006749,2024-07-31,STR18,PRD084,20,6451.4,6,OK
INV006750,2024-07-31,STR18,PRD099,6,633.36,10,Low
INV006751,2024-07-31,STR01,PRD039,109,35224.44,12,OK
INV006752,2024-07-31,STR01,PRD037,117,23142.6,24,OK
INV006753,2024-07-31,STR01,PRD115,15,4999.5,7,OK
INV006754,2024-07-31,STR01,PRD088,54,20385.0,27,OK
INV006755,2024-07-31,STR01,PRD009,134,70533.58,8,OK
INV006756,2024-07-31,STR01,PRD022,36,5575.68,6,OK
INV006757,2024-07-31,STR01,PRD147,31,2273.54,29,OK
INV006758,2024-07-31,STR01,PRD141,54,10878.84,8,OK
INV006759,2024-07-31,STR01,PRD127,21,9615.48,29,OK
INV006760,2024-07-31,STR01,PRD002,91,41855.45,15,OK
INV006761,2024-07-31,STR01,PRD064,63,10941.21,20,OK
INV006762,2024-07-31,STR01,PRD128,44,7149.12,25,OK
INV006763,2024-07-31,STR01,PRD007,9,4554.99,16,Low
INV006764,2024-07-31,STR01,PRD094,0,0.0,28,Out of Stock
INV006765,2024-07-31,STR01,PRD080,113,51079.39,16,OK
INV006766,2024-07-31,STR01,PRD131,1,182.39,12,Low
INV006767,2024-07-31,STR01,PRD060,79,21903.54,14,OK
INV006768,2024-07-31,STR01,PRD111,46,10076.3,10,OK
INV006769,2024-07-31,STR01,PRD027,71,15719.4,23,OK
INV006770,2024-07-31,STR01,PRD120,123,5151.24,28,OK
INV006771,2024-07-31,STR01,PRD081,138,50037.42,12,OK
INV006772,2024-07-31,STR01,PRD114,120,32324.4,22,OK
INV006773,2024-07-31,STR01,PRD090,84,44953.44,25,OK
INV006774,2024-07-31,STR01,PRD001,71,29907.33,11,OK
INV006775,2024-07-31,STR01,PRD148,44,14184.28,9,OK
INV006776,2024-07-31,STR01,PRD029,21,5365.71,27,OK
INV006777,2024-07-31,STR01,PRD031,70,6071.8,10,OK
INV006778,2024-07-31,STR01,PRD067,29,4060.29,10,OK
INV006779,2024-07-31,STR01,PRD149,116,36950.64,9,OK
INV006780,2024-07-31,STR01,PRD074,142,38737.6,25,OK
INV006781,2024-07-31,STR13,PRD078,77,31373.65,27,OK
INV006782,2024-07-31,STR13,PRD107,109,49637.51,23,OK
INV006783,2024-07-31,STR13,PRD001,112,47177.76,15,OK
INV006784,2024-07-31,STR13,PRD063,14,6068.3,12,OK
INV006785,2024-07-31,STR13,PRD075,121,33166.1,29,OK
INV006786,2024-07-31,STR13,PRD087,5,399.85,5,Low
INV006787,2024-07-31,STR13,PRD136,89,27742.19,21,OK
INV006788,2024-07-31,STR13,PRD043,16,1257.28,19,OK
INV006789,2024-07-31,STR13,PRD120,108,4523.04,27,OK
INV006790,2024-07-31,STR13,PRD050,121,17655.11,25,OK
INV006791,2024-07-31,STR13,PRD101,13,1556.62,6,OK
INV006792,2024-07-31,STR13,PRD047,81,21520.89,26,OK
INV006793,2024-07-31,STR13,PRD037,0,0.0,16,Out of Stock
INV006794,2024-07-31,STR13,PRD103,134,67489.1,28,OK
INV006795,2024-07-31,STR13,PRD111,97,21247.85,28,OK
INV006796,2024-07-31,STR13,PRD066,141,49217.46,10,OK
INV006797,2024-07-31,STR13,PRD007,122,61745.42,20,OK
INV006798,2024-07-31,STR13,PRD117,76,22178.32,23,OK
INV006799,2024-07-31,STR13,PRD127,33,15110.04,12,OK
INV006800,2024-07-31,STR13,PRD053,101,5593.38,19,OK
INV006801,2024-07-31,STR13,PRD113,37,6257.44,8,OK
INV006802,2024-07-31,STR13,PRD077,104,28135.12,15,OK
INV006803,2024-07-31,STR13,PRD022,103,15952.64,19,OK
INV006804,2024-07-31,STR13,PRD115,22,7332.6,5,OK
INV006805,2024-07-31,STR13,PRD080,49,22149.47,15,OK
INV006806,2024-07-31,STR13,PRD095,108,21398.04,23,OK
INV006807,2024-07-31,STR13,PRD098,149,40615.91,7,OK
INV006808,2024-07-31,STR13,PRD092,85,11292.25,29,OK
INV006809,2024-07-31,STR13,PRD146,78,33768.54,27,OK
INV006810,2024-07-31,STR13,PRD126,1,363.5,27,Low
INV006811,2024-07-31,STR06,PRD054,103,51420.69,9,OK
INV006812,2024-07-31,STR06,PRD124,66,34927.2,29,OK
INV006813,2024-07-31,STR06,PRD142,44,12056.0,19,OK
INV006814,2024-07-31,STR06,PRD027,125,27675.0,12,OK
INV006815,2024-07-31,STR06,PRD092,17,2258.45,23,OK
INV006816,2024-07-31,STR06,PRD070,65,28719.6,27,OK
INV006817,2024-07-31,STR06,PRD006,55,23875.5,8,OK
INV006818,2024-07-31,STR06,PRD105,32,6669.12,24,OK
INV006819,2024-07-31,STR06,PRD072,20,8122.6,9,OK
INV006820,2024-07-31,STR06,PRD143,137,24990.17,15,OK
INV006821,2024-07-31,STR06,PRD029,68,17374.68,5,OK
INV006822,2024-07-31,STR06,PRD026,10,4250.4,26,OK
INV006823,2024-07-31,STR06,PRD130,24,754.32,28,OK
INV006824,2024-07-31,STR06,PRD135,113,35279.73,7,OK
INV006825,2024-07-31,STR06,PRD066,118,41189.08,12,OK
INV006826,2024-07-31,STR06,PRD041,122,16620.06,30,OK
INV006827,2024-07-31,STR06,PRD075,47,12882.7,11,OK
INV006828,2024-07-31,STR06,PRD020,37,16414.68,7,OK
INV006829,2024-07-31,STR06,PRD068,22,1732.94,23,OK
INV006830,2024-07-31,STR06,PRD107,25,11384.75,12,OK
INV006831,2024-07-31,STR06,PRD108,55,14720.2,9,OK
INV006832,2024-07-31,STR06,PRD036,122,54076.5,18,OK
INV006833,2024-07-31,STR06,PRD011,130,30027.4,11,OK
INV006834,2024-07-31,STR06,PRD037,120,23736.0,22,OK
INV006835,2024-07-31,STR06,PRD112,125,42230.0,25,OK
INV006836,2024-07-31,STR06,PRD086,99,46583.46,17,OK
INV006837,2024-07-31,STR06,PRD145,81,38329.2,8,OK
INV006838,2024-07-31,STR06,PRD077,99,26782.47,22,OK
INV006839,2024-07-31,STR06,PRD028,121,9522.7,13,OK
INV006840,2024-07-31,STR06,PRD118,10,3734.7,25,OK
INV006841,2024-08-31,STR02,PRD113,39,6595.68,15,OK
INV006842,2024-08-31,STR02,PRD001,93,39174.39,11,OK
INV006843,2024-08-31,STR02,PRD070,103,45509.52,9,OK
INV006844,2024-08-31,STR02,PRD116,74,26769.5,16,OK
INV006845,2024-08-31,STR02,PRD124,52,27518.4,14,OK
INV006846,2024-08-31,STR02,PRD134,23,8609.59,16,OK
INV006847,2024-08-31,STR02,PRD125,30,5798.4,17,OK
INV006848,2024-08-31,STR02,PRD031,98,8500.52,23,OK
INV006849,2024-08-31,STR02,PRD142,38,10412.0,28,OK
INV006850,2024-08-31,STR02,PRD035,97,14875.92,13,OK
INV006851,2024-08-31,STR02,PRD091,51,7271.07,19,OK
INV006852,2024-08-31,STR02,PRD149,87,27712.98,14,OK
INV006853,2024-08-31,STR02,PRD046,92,49784.88,20,OK
INV006854,2024-08-31,STR02,PRD138,12,4770.84,11,OK
INV006855,2024-08-31,STR02,PRD093,79,1976.58,10,OK
INV006856,2024-08-31,STR02,PRD099,73,7705.88,16,OK
INV006857,2024-08-31,STR02,PRD027,40,8856.0,8,OK
INV006858,2024-08-31,STR02,PRD108,60,16058.4,5,OK
INV006859,2024-08-31,STR02,PRD072,107,43455.91,18,OK
INV006860,2024-08-31,STR02,PRD006,113,49053.3,12,OK
INV006861,2024-08-31,STR02,PRD087,9,719.73,6,Low
INV006862,2024-08-31,STR02,PRD066,137,47821.22,8,OK
INV006863,2024-08-31,STR02,PRD032,24,12472.32,18,OK
INV006864,2024-08-31,STR02,PRD068,2,157.54,14,Low
INV006865,2024-08-31,STR02,PRD145,111,52525.2,30,OK
INV006866,2024-08-31,STR02,PRD009,134,70533.58,20,OK
INV006867,2024-08-31,STR02,PRD141,84,16922.64,14,OK
INV006868,2024-08-31,STR02,PRD076,119,62082.3,17,OK
INV006869,2024-08-31,STR02,PRD016,2,880.02,5,Low
INV006870,2024-08-31,STR02,PRD094,108,28620.0,11,OK
INV006871,2024-08-31,STR18,PRD045,84,28115.64,19,OK
INV006872,2024-08-31,STR18,PRD133,43,17455.85,11,OK
INV006873,2024-08-31,STR18,PRD046,76,41126.64,30,OK
INV006874,2024-08-31,STR18,PRD099,136,14356.16,26,OK
INV006875,2024-08-31,STR18,PRD008,15,3402.75,5,OK
INV006876,2024-08-31,STR18,PRD108,31,8296.84,18,OK
INV006877,2024-08-31,STR18,PRD010,73,31129.39,20,OK
INV006878,2024-08-31,STR18,PRD104,85,42664.05,9,OK
INV006879,2024-08-31,STR18,PRD139,150,24540.0,13,OK
INV006880,2024-08-31,STR18,PRD092,21,2789.85,17,OK
INV006881,2024-08-31,STR18,PRD007,40,20244.4,30,OK
INV006882,2024-08-31,STR18,PRD082,19,9175.86,19,OK
INV006883,2024-08-31,STR18,PRD030,122,54296.1,10,OK
INV006884,2024-08-31,STR18,PRD070,28,12371.52,13,OK
INV006885,2024-08-31,STR18,PRD146,141,61043.13,29,OK
INV006886,2024-08-31,STR18,PRD126,91,33078.5,9,OK
INV006887,2024-08-31,STR18,PRD090,70,37461.2,24,OK
INV006888,2024-08-31,STR18,PRD105,90,18756.9,21,OK
INV006889,2024-08-31,STR18,PRD065,50,11177.5,26,OK
INV006890,2024-08-31,STR18,PRD059,18,8367.48,12,OK
INV006891,2024-08-31,STR18,PRD135,0,0.0,30,Out of Stock
INV006892,2024-08-31,STR18,PRD005,44,19546.12,7,OK
INV006893,2024-08-31,STR18,PRD075,2,548.2,26,Low
INV006894,2024-08-31,STR18,PRD121,68,13531.32,30,OK
INV006895,2024-08-31,STR18,PRD147,44,3226.96,17,OK
INV006896,2024-08-31,STR18,PRD069,50,17249.0,16,OK
INV006897,2024-08-31,STR18,PRD004,91,25321.66,8,OK
INV006898,2024-08-31,STR18,PRD117,4,1167.28,10,Low
INV006899,2024-08-31,STR18,PRD128,148,24047.04,10,OK
INV006900,2024-08-31,STR18,PRD145,58,27445.6,15,OK
INV006901,2024-08-31,STR10,PRD093,31,775.62,6,OK
INV006902,2024-08-31,STR10,PRD129,20,9185.0,24,OK
INV006903,2024-08-31,STR10,PRD051,134,42413.68,9,OK
INV006904,2024-08-31,STR10,PRD046,57,30844.98,9,OK
INV006905,2024-08-31,STR10,PRD037,20,3956.0,29,OK
INV006906,2024-08-31,STR10,PRD066,37,12915.22,21,OK
INV006907,2024-08-31,STR10,PRD080,26,11752.78,27,OK
INV006908,2024-08-31,STR10,PRD140,149,56830.09,26,OK
INV006909,2024-08-31,STR10,PRD078,45,18335.25,20,OK
INV006910,2024-08-31,STR10,PRD026,88,37403.52,18,OK
INV006911,2024-08-31,STR10,PRD053,78,4319.64,9,OK
INV006912,2024-08-31,STR10,PRD008,14,3175.9,21,OK
INV006913,2024-08-31,STR10,PRD059,136,63220.96,5,OK
INV006914,2024-08-31,STR10,PRD024,13,481.26,24,OK
INV006915,2024-08-31,STR10,PRD136,87,27118.77,26,OK
INV006916,2024-08-31,STR10,PRD135,91,28411.11,23,OK
INV006917,2024-08-31,STR10,PRD065,73,16319.15,19,OK
INV006918,2024-08-31,STR10,PRD010,92,39231.56,11,OK
INV006919,2024-08-31,STR10,PRD096,84,43792.56,26,OK
INV006920,2024-08-31,STR10,PRD082,16,7727.04,18,OK
INV006921,2024-08-31,STR10,PRD094,9,2385.0,17,Low
INV006922,2024-08-31,STR10,PRD036,133,58952.25,23,OK
INV006923,2024-08-31,STR10,PRD076,118,61560.6,28,OK
INV006924,2024-08-31,STR10,PRD122,56,5564.16,19,OK
INV006925,2024-08-31,STR10,PRD104,134,67258.62,24,OK
INV006926,2024-08-31,STR10,PRD143,97,17693.77,21,OK
INV006927,2024-08-31,STR10,PRD119,36,14862.6,9,OK
INV006928,2024-08-31,STR10,PRD041,70,9536.1,11,OK
INV006929,2024-08-31,STR10,PRD001,132,55602.36,29,OK
INV006930,2024-08-31,STR10,PRD138,120,47708.4,19,OK
INV006931,2024-08-31,STR11,PRD017,117,5460.39,15,OK
INV006932,2024-08-31,STR11,PRD065,119,26602.45,11,OK
INV006933,2024-08-31,STR11,PRD114,1,269.37,10,Low
INV006934,2024-08-31,STR11,PRD032,60,31180.8,10,OK
INV006935,2024-08-31,STR11,PRD128,29,4711.92,21,OK
INV006936,2024-08-31,STR11,PRD079,35,2372.3,14,OK
INV006937,2024-08-31,STR11,PRD129,147,67509.75,14,OK
INV006938,2024-08-31,STR11,PRD140,95,36233.95,15,OK
INV006939,2024-08-31,STR11,PRD138,42,16697.94,14,OK
INV006940,2024-08-31,STR11,PRD150,18,6385.68,6,OK
INV006941,2024-08-31,STR11,PRD088,112,42280.0,9,OK
INV006942,2024-08-31,STR11,PRD038,67,20915.39,6,OK
INV006943,2024-08-31,STR11,PRD097,98,22508.64,6,OK
INV006944,2024-08-31,STR11,PRD110,99,13327.38,7,OK
INV006945,2024-08-31,STR11,PRD121,30,5969.7,27,OK
INV006946,2024-08-31,STR11,PRD014,37,2318.42,15,OK
INV006947,2024-08-31,STR11,PRD074,19,5183.2,17,OK
INV006948,2024-08-31,STR11,PRD012,59,3608.44,16,OK
INV006949,2024-08-31,STR11,PRD075,7,1918.7,15,Low
INV006950,2024-08-31,STR11,PRD005,13,5774.99,12,OK
INV006951,2024-08-31,STR11,PRD130,24,754.32,20,OK
INV006952,2024-08-31,STR11,PRD026,145,61630.8,22,OK
INV006953,2024-08-31,STR11,PRD100,96,41025.6,9,OK
INV006954,2024-08-31,STR11,PRD043,9,707.22,5,Low
INV006955,2024-08-31,STR11,PRD023,64,6136.96,28,OK
INV006956,2024-08-31,STR11,PRD089,24,11917.68,8,OK
INV006957,2024-08-31,STR11,PRD113,54,9132.48,6,OK
INV006958,2024-08-31,STR11,PRD004,18,5008.68,22,OK
INV006959,2024-08-31,STR11,PRD116,97,35089.75,10,OK
INV006960,2024-08-31,STR11,PRD050,121,17655.11,14,OK
INV006961,2024-08-31,STR20,PRD089,63,31283.91,22,OK
INV006962,2024-08-31,STR20,PRD036,9,3989.25,27,Low
INV006963,2024-08-31,STR20,PRD042,32,10903.36,30,OK
INV006964,2024-08-31,STR20,PRD099,146,15411.76,23,OK
INV006965,2024-08-31,STR20,PRD005,80,35538.4,29,OK
INV006966,2024-08-31,STR20,PRD150,110,39023.6,20,OK
INV006967,2024-08-31,STR20,PRD124,86,45511.2,7,OK
INV006968,2024-08-31,STR20,PRD001,128,53917.44,26,OK
INV006969,2024-08-31,STR20,PRD141,85,17124.1,20,OK
INV006970,2024-08-31,STR20,PRD140,55,20977.55,26,OK
INV006971,2024-08-31,STR20,PRD045,125,41838.75,20,OK
INV006972,2024-08-31,STR20,PRD055,87,13836.48,14,OK
INV006973,2024-08-31,STR20,PRD006,19,8247.9,5,OK
INV006974,2024-08-31,STR20,PRD123,48,3975.84,21,OK
INV006975,2024-08-31,STR20,PRD126,92,33442.0,13,OK
INV006976,2024-08-31,STR20,PRD002,137,63013.15,15,OK
INV006977,2024-08-31,STR20,PRD109,61,27333.49,8,OK
INV006978,2024-08-31,STR20,PRD129,78,35821.5,9,OK
INV006979,2024-08-31,STR20,PRD010,34,14498.62,24,OK
INV006980,2024-08-31,STR20,PRD019,149,47267.27,27,OK
INV006981,2024-08-31,STR20,PRD064,38,6599.46,18,OK
INV006982,2024-08-31,STR20,PRD120,79,3308.52,8,OK
INV006983,2024-08-31,STR20,PRD039,71,22944.36,9,OK
INV006984,2024-08-31,STR20,PRD086,131,61640.74,8,OK
INV006985,2024-08-31,STR20,PRD127,109,49908.92,30,OK
INV006986,2024-08-31,STR20,PRD007,21,10628.31,5,OK
INV006987,2024-08-31,STR20,PRD052,76,31927.6,14,OK
INV006988,2024-08-31,STR20,PRD030,103,45840.15,21,OK
INV006989,2024-08-31,STR20,PRD072,126,51172.38,20,OK
INV006990,2024-08-31,STR20,PRD026,118,50154.72,11,OK
INV006991,2024-08-31,STR19,PRD131,44,8025.16,14,OK
INV006992,2024-08-31,STR19,PRD107,16,7286.24,30,OK
INV006993,2024-08-31,STR19,PRD055,107,17017.28,19,OK
INV006994,2024-08-31,STR19,PRD005,122,54196.06,26,OK
INV006995,2024-08-31,STR19,PRD077,41,11091.73,21,OK
INV006996,2024-08-31,STR19,PRD021,45,3441.6,6,OK
INV006997,2024-08-31,STR19,PRD144,70,11060.0,11,OK
INV006998,2024-08-31,STR19,PRD147,112,8214.08,12,OK
INV006999,2024-08-31,STR19,PRD087,84,6717.48,17,OK
INV007000,2024-08-31,STR19,PRD111,67,14676.35,17,OK
INV007001,2024-08-31,STR19,PRD081,26,9427.34,13,OK
INV007002,2024-08-31,STR19,PRD126,81,29443.5,9,OK
INV007003,2024-08-31,STR19,PRD082,30,14488.2,10,OK
INV007004,2024-08-31,STR19,PRD102,49,21584.99,7,OK
INV007005,2024-08-31,STR19,PRD045,136,45520.56,26,OK
INV007006,2024-08-31,STR19,PRD031,10,867.4,21,OK
INV007007,2024-08-31,STR19,PRD016,84,36960.84,13,OK
INV007008,2024-08-31,STR19,PRD069,17,5864.66,20,OK
INV007009,2024-08-31,STR19,PRD047,140,37196.6,19,OK
INV007010,2024-08-31,STR19,PRD007,25,12652.75,6,OK
INV007011,2024-08-31,STR19,PRD006,96,41673.6,5,OK
INV007012,2024-08-31,STR19,PRD019,76,24109.48,22,OK
INV007013,2024-08-31,STR19,PRD128,121,19660.08,17,OK
INV007014,2024-08-31,STR19,PRD051,30,9495.6,10,OK
INV007015,2024-08-31,STR19,PRD112,23,7770.32,6,OK
INV007016,2024-08-31,STR19,PRD142,87,23838.0,10,OK
INV007017,2024-08-31,STR19,PRD121,33,6566.67,23,OK
INV007018,2024-08-31,STR19,PRD104,109,54710.37,7,OK
INV007019,2024-08-31,STR19,PRD049,59,2515.17,19,OK
INV007020,2024-08-31,STR19,PRD068,40,3150.8,14,OK
INV007021,2024-08-31,STR09,PRD085,0,0.0,19,Out of Stock
INV007022,2024-08-31,STR09,PRD054,3,1497.69,16,Low
INV007023,2024-08-31,STR09,PRD019,64,20302.72,20,OK
INV007024,2024-08-31,STR09,PRD014,46,2882.36,21,OK
INV007025,2024-08-31,STR09,PRD009,19,10001.03,20,OK
INV007026,2024-08-31,STR09,PRD078,101,41152.45,30,OK
INV007027,2024-08-31,STR09,PRD134,25,9358.25,22,OK
INV007028,2024-08-31,STR09,PRD123,89,7371.87,21,OK
INV007029,2024-08-31,STR09,PRD083,60,31933.2,24,OK
INV007030,2024-08-31,STR09,PRD141,90,18131.4,29,OK
INV007031,2024-08-31,STR09,PRD077,25,6763.25,28,OK
INV007032,2024-08-31,STR09,PRD007,129,65288.19,6,OK
INV007033,2024-08-31,STR09,PRD119,41,16926.85,19,OK
INV007034,2024-08-31,STR09,PRD139,119,19468.4,19,OK
INV007035,2024-08-31,STR09,PRD048,43,4324.51,17,OK
INV007036,2024-08-31,STR09,PRD050,109,15904.19,11,OK
INV007037,2024-08-31,STR09,PRD002,135,62093.25,13,OK
INV007038,2024-08-31,STR09,PRD124,25,13230.0,29,OK
INV007039,2024-08-31,STR09,PRD146,113,48921.09,27,OK
INV007040,2024-08-31,STR09,PRD069,2,689.96,10,Low
INV007041,2024-08-31,STR09,PRD043,57,4479.06,20,OK
INV007042,2024-08-31,STR09,PRD103,100,50365.0,24,OK
INV007043,2024-08-31,STR09,PRD094,148,39220.0,23,OK
INV007044,2024-08-31,STR09,PRD108,81,21678.84,21,OK
INV007045,2024-08-31,STR09,PRD114,138,37173.06,22,OK
INV007046,2024-08-31,STR09,PRD098,111,30257.49,30,OK
INV007047,2024-08-31,STR09,PRD115,114,37996.2,18,OK
INV007048,2024-08-31,STR09,PRD143,0,0.0,27,Out of Stock
INV007049,2024-08-31,STR09,PRD116,26,9405.5,20,OK
INV007050,2024-08-31,STR09,PRD012,58,3547.28,10,OK
INV007051,2024-08-31,STR17,PRD007,1,506.11,14,Low
INV007052,2024-08-31,STR17,PRD139,38,6216.8,26,OK
INV007053,2024-08-31,STR17,PRD043,106,8329.48,23,OK
INV007054,2024-08-31,STR17,PRD095,149,29521.37,23,OK
INV007055,2024-08-31,STR17,PRD044,59,3090.42,22,OK
INV007056,2024-08-31,STR17,PRD124,70,37044.0,22,OK
INV007057,2024-08-31,STR17,PRD111,59,12923.95,22,OK
INV007058,2024-08-31,STR17,PRD145,74,35016.8,8,OK
INV007059,2024-08-31,STR17,PRD126,98,35623.0,5,OK
INV007060,2024-08-31,STR17,PRD114,36,9697.32,15,OK
INV007061,2024-08-31,STR17,PRD069,82,28288.36,11,OK
INV007062,2024-08-31,STR17,PRD014,139,8709.74,21,OK
INV007063,2024-08-31,STR17,PRD059,140,65080.4,16,OK
INV007064,2024-08-31,STR17,PRD112,58,19594.72,14,OK
INV007065,2024-08-31,STR17,PRD049,96,4092.48,17,OK
INV007066,2024-08-31,STR17,PRD012,89,5443.24,19,OK
INV007067,2024-08-31,STR17,PRD087,125,9996.25,24,OK
INV007068,2024-08-31,STR17,PRD058,10,504.7,19,OK
INV007069,2024-08-31,STR17,PRD048,127,12772.39,30,OK
INV007070,2024-08-31,STR17,PRD107,63,28689.57,25,OK
INV007071,2024-08-31,STR17,PRD028,143,11254.1,14,OK
INV007072,2024-08-31,STR17,PRD055,51,8111.04,12,OK
INV007073,2024-08-31,STR17,PRD035,100,15336.0,9,OK
INV007074,2024-08-31,STR17,PRD140,5,1907.05,27,Low
INV007075,2024-08-31,STR17,PRD030,55,24477.75,12,OK
INV007076,2024-08-31,STR17,PRD084,39,12580.23,23,OK
INV007077,2024-08-31,STR17,PRD017,58,2706.86,26,OK
INV007078,2024-08-31,STR17,PRD116,37,13384.75,12,OK
INV007079,2024-08-31,STR17,PRD019,92,29185.16,15,OK
INV007080,2024-08-31,STR17,PRD003,134,45072.24,22,OK
INV007081,2024-08-31,STR04,PRD067,38,5320.38,23,OK
INV007082,2024-08-31,STR04,PRD126,38,13813.0,10,OK
INV007083,2024-08-31,STR04,PRD117,105,30641.1,25,OK
INV007084,2024-08-31,STR04,PRD068,104,8192.08,24,OK
INV007085,2024-08-31,STR04,PRD104,12,6023.16,27,OK
INV007086,2024-08-31,STR04,PRD039,30,9694.8,30,OK
INV007087,2024-08-31,STR04,PRD053,136,7531.68,8,OK
INV007088,2024-08-31,STR04,PRD055,77,12246.08,12,OK
INV007089,2024-08-31,STR04,PRD014,68,4260.88,5,OK
INV007090,2024-08-31,STR04,PRD036,53,23492.25,27,OK
INV007091,2024-08-31,STR04,PRD100,107,45726.45,23,OK
INV007092,2024-08-31,STR04,PRD116,38,13746.5,21,OK
INV007093,2024-08-31,STR04,PRD072,12,4873.56,20,OK
INV007094,2024-08-31,STR04,PRD063,102,44211.9,12,OK
INV007095,2024-08-31,STR04,PRD137,89,42855.28,25,OK
INV007096,2024-08-31,STR04,PRD103,141,71014.65,9,OK
INV007097,2024-08-31,STR04,PRD034,58,22030.14,12,OK
INV007098,2024-08-31,STR04,PRD097,88,20211.84,19,OK
INV007099,2024-08-31,STR04,PRD018,58,31324.06,10,OK
INV007100,2024-08-31,STR04,PRD093,57,1426.14,7,OK
INV007101,2024-08-31,STR04,PRD088,147,55492.5,16,OK
INV007102,2024-08-31,STR04,PRD043,52,4086.16,7,OK
INV007103,2024-08-31,STR04,PRD059,120,55783.2,25,OK
INV007104,2024-08-31,STR04,PRD111,83,18181.15,23,OK
INV007105,2024-08-31,STR04,PRD110,43,5788.66,20,OK
INV007106,2024-08-31,STR04,PRD089,66,32773.62,22,OK
INV007107,2024-08-31,STR04,PRD057,46,15593.54,23,OK
INV007108,2024-08-31,STR04,PRD149,110,35039.4,27,OK
INV007109,2024-08-31,STR04,PRD147,18,1320.12,24,OK
INV007110,2024-08-31,STR04,PRD069,129,44502.42,16,OK
INV007111,2024-08-31,STR13,PRD077,42,11362.26,5,OK
INV007112,2024-08-31,STR13,PRD036,71,31470.75,10,OK
INV007113,2024-08-31,STR13,PRD054,60,29953.8,30,OK
INV007114,2024-08-31,STR13,PRD114,130,35018.1,19,OK
INV007115,2024-08-31,STR13,PRD018,22,11881.54,15,OK
INV007116,2024-08-31,STR13,PRD145,95,44954.0,17,OK
INV007117,2024-08-31,STR13,PRD118,133,49671.51,26,OK
INV007118,2024-08-31,STR13,PRD056,121,61584.16,19,OK
INV007119,2024-08-31,STR13,PRD059,137,63685.82,19,OK
INV007120,2024-08-31,STR13,PRD022,54,8363.52,21,OK
INV007121,2024-08-31,STR13,PRD025,87,20043.06,14,OK
INV007122,2024-08-31,STR13,PRD089,135,67036.95,20,OK
INV007123,2024-08-31,STR13,PRD148,137,44164.69,11,OK
INV007124,2024-08-31,STR13,PRD129,31,14236.75,11,OK
INV007125,2024-08-31,STR13,PRD048,111,11163.27,26,OK
INV007126,2024-08-31,STR13,PRD071,79,14163.12,21,OK
INV007127,2024-08-31,STR13,PRD044,144,7542.72,5,OK
INV007128,2024-08-31,STR13,PRD091,82,11690.74,27,OK
INV007129,2024-08-31,STR13,PRD106,125,43461.25,10,OK
INV007130,2024-08-31,STR13,PRD040,129,44849.43,28,OK
INV007131,2024-08-31,STR13,PRD068,12,945.24,5,OK
INV007132,2024-08-31,STR13,PRD082,118,56986.92,25,OK
INV007133,2024-08-31,STR13,PRD032,86,44692.48,30,OK
INV007134,2024-08-31,STR13,PRD072,140,56858.2,19,OK
INV007135,2024-08-31,STR13,PRD138,90,35781.3,23,OK
INV007136,2024-08-31,STR13,PRD084,56,18063.92,14,OK
INV007137,2024-08-31,STR13,PRD041,137,18663.51,13,OK
INV007138,2024-08-31,STR13,PRD075,113,30973.3,25,OK
INV007139,2024-08-31,STR13,PRD143,65,11856.65,20,OK
INV007140,2024-08-31,STR13,PRD026,7,2975.28,6,Low
INV007141,2024-08-31,STR12,PRD024,42,1554.84,28,OK
INV007142,2024-08-31,STR12,PRD142,77,21098.0,7,OK
INV007143,2024-08-31,STR12,PRD137,15,7222.8,15,OK
INV007144,2024-08-31,STR12,PRD035,129,19783.44,23,OK
INV007145,2024-08-31,STR12,PRD128,103,16735.44,19,OK
INV007146,2024-08-31,STR12,PRD116,90,32557.5,7,OK
INV007147,2024-08-31,STR12,PRD125,37,7151.36,16,OK
INV007148,2024-08-31,STR12,PRD054,6,2995.38,7,Low
INV007149,2024-08-31,STR12,PRD114,32,8619.84,27,OK
INV007150,2024-08-31,STR12,PRD032,34,17669.12,30,OK
INV007151,2024-08-31,STR12,PRD100,11,4700.85,9,OK
INV007152,2024-08-31,STR12,PRD091,95,13544.15,28,OK
INV007153,2024-08-31,STR12,PRD103,80,40292.0,5,OK
INV007154,2024-08-31,STR12,PRD129,123,56487.75,23,OK
INV007155,2024-08-31,STR12,PRD136,112,34911.52,23,OK
INV007156,2024-08-31,STR12,PRD119,110,45413.5,7,OK
INV007157,2024-08-31,STR12,PRD087,79,6317.63,22,OK
INV007158,2024-08-31,STR12,PRD099,31,3272.36,13,OK
INV007159,2024-08-31,STR12,PRD010,25,10660.75,29,OK
INV007160,2024-08-31,STR12,PRD047,61,16207.09,6,OK
INV007161,2024-08-31,STR12,PRD060,33,9149.58,14,OK
INV007162,2024-08-31,STR12,PRD088,99,37372.5,5,OK
INV007163,2024-08-31,STR12,PRD037,112,22153.6,11,OK
INV007164,2024-08-31,STR12,PRD051,138,43679.76,27,OK
INV007165,2024-08-31,STR12,PRD117,124,36185.68,29,OK
INV007166,2024-08-31,STR12,PRD034,20,7596.6,17,OK
INV007167,2024-08-31,STR12,PRD012,96,5871.36,14,OK
INV007168,2024-08-31,STR12,PRD134,90,33689.7,14,OK
INV007169,2024-08-31,STR12,PRD058,79,3987.13,29,OK
INV007170,2024-08-31,STR12,PRD118,92,34359.24,23,OK
INV007171,2024-08-31,STR07,PRD105,85,17714.85,16,OK
INV007172,2024-08-31,STR07,PRD025,137,31562.06,9,OK
INV007173,2024-08-31,STR07,PRD100,8,3418.8,11,Low
INV007174,2024-08-31,STR07,PRD121,137,27261.63,23,OK
INV007175,2024-08-31,STR07,PRD150,24,8514.24,17,OK
INV007176,2024-08-31,STR07,PRD007,124,62757.64,25,OK
INV007177,2024-08-31,STR07,PRD104,24,12046.32,11,OK
INV007178,2024-08-31,STR07,PRD031,111,9628.14,27,OK
INV007179,2024-08-31,STR07,PRD097,76,17455.68,19,OK
INV007180,2024-08-31,STR07,PRD013,68,19243.32,24,OK
INV007181,2024-08-31,STR07,PRD055,52,8270.08,25,OK
INV007182,2024-08-31,STR07,PRD016,91,40040.91,28,OK
INV007183,2024-08-31,STR07,PRD123,30,2484.9,8,OK
INV007184,2024-08-31,STR07,PRD070,60,26510.4,27,OK
INV007185,2024-08-31,STR07,PRD149,22,7007.88,28,OK
INV007186,2024-08-31,STR07,PRD057,10,3389.9,17,OK
INV007187,2024-08-31,STR07,PRD134,8,2994.64,18,Low
INV007188,2024-08-31,STR07,PRD049,85,3623.55,12,OK
INV007189,2024-08-31,STR07,PRD078,85,34633.25,16,OK
INV007190,2024-08-31,STR07,PRD047,68,18066.92,26,OK
INV007191,2024-08-31,STR07,PRD102,99,43610.49,28,OK
INV007192,2024-08-31,STR07,PRD116,129,46665.75,30,OK
INV007193,2024-08-31,STR07,PRD103,74,37270.1,25,OK
INV007194,2024-08-31,STR07,PRD087,78,6237.66,25,OK
INV007195,2024-08-31,STR07,PRD022,137,21218.56,5,OK
INV007196,2024-08-31,STR07,PRD061,10,5169.3,28,OK
INV007197,2024-08-31,STR07,PRD080,108,48819.24,8,OK
INV007198,2024-08-31,STR07,PRD066,103,35953.18,7,OK
INV007199,2024-08-31,STR07,PRD062,99,40846.41,19,OK
INV007200,2024-08-31,STR07,PRD046,118,63854.52,17,OK
INV007201,2024-09-30,STR08,PRD133,137,55615.15,22,OK
INV007202,2024-09-30,STR08,PRD076,29,15129.3,29,OK
INV007203,2024-09-30,STR08,PRD047,122,32414.18,27,OK
INV007204,2024-09-30,STR08,PRD082,10,4829.4,20,OK
INV007205,2024-09-30,STR08,PRD119,28,11559.8,23,OK
INV007206,2024-09-30,STR08,PRD036,134,59395.5,21,OK
INV007207,2024-09-30,STR08,PRD009,136,71586.32,22,OK
INV007208,2024-09-30,STR08,PRD054,79,39439.17,30,OK
INV007209,2024-09-30,STR08,PRD088,20,7550.0,17,OK
INV007210,2024-09-30,STR08,PRD048,98,9855.86,18,OK
INV007211,2024-09-30,STR08,PRD073,107,47884.64,11,OK
INV007212,2024-09-30,STR08,PRD029,52,13286.52,21,OK
INV007213,2024-09-30,STR08,PRD006,57,24743.7,9,OK
INV007214,2024-09-30,STR08,PRD043,20,1571.6,22,OK
INV007215,2024-09-30,STR08,PRD067,46,6440.46,16,OK
INV007216,2024-09-30,STR08,PRD020,129,57229.56,22,OK
INV007217,2024-09-30,STR08,PRD100,19,8119.65,26,OK
INV007218,2024-09-30,STR08,PRD140,35,13349.35,12,OK
INV007219,2024-09-30,STR08,PRD014,18,1127.88,14,OK
INV007220,2024-09-30,STR08,PRD104,102,51196.86,16,OK
INV007221,2024-09-30,STR08,PRD015,28,14608.44,30,OK
INV007222,2024-09-30,STR08,PRD108,42,11240.88,28,OK
INV007223,2024-09-30,STR08,PRD150,111,39378.36,8,OK
INV007224,2024-09-30,STR08,PRD091,123,17536.11,26,OK
INV007225,2024-09-30,STR08,PRD120,39,1633.32,26,OK
INV007226,2024-09-30,STR08,PRD087,90,7197.3,7,OK
INV007227,2024-09-30,STR08,PRD126,60,21810.0,10,OK
INV007228,2024-09-30,STR08,PRD007,117,59214.87,26,OK
INV007229,2024-09-30,STR08,PRD002,78,35876.1,6,OK
INV007230,2024-09-30,STR08,PRD052,126,52932.6,14,OK
INV007231,2024-09-30,STR05,PRD146,11,4762.23,10,OK
INV007232,2024-09-30,STR05,PRD040,6,2086.02,26,Low
INV007233,2024-09-30,STR05,PRD002,67,30816.65,22,OK
INV007234,2024-09-30,STR05,PRD013,6,1697.94,24,Low
INV007235,2024-09-30,STR05,PRD108,134,35863.76,9,OK
INV007236,2024-09-30,STR05,PRD131,76,13861.64,13,OK
INV007237,2024-09-30,STR05,PRD121,18,3581.82,27,OK
INV007238,2024-09-30,STR05,PRD085,45,5570.1,28,OK
INV007239,2024-09-30,STR05,PRD052,50,21005.0,8,OK
INV007240,2024-09-30,STR05,PRD148,85,27401.45,22,OK
INV007241,2024-09-30,STR05,PRD018,49,26463.43,7,OK
INV007242,2024-09-30,STR05,PRD001,73,30749.79,14,OK
INV007243,2024-09-30,STR05,PRD143,93,16964.13,15,OK
INV007244,2024-09-30,STR05,PRD120,30,1256.4,16,OK
INV007245,2024-09-30,STR05,PRD029,97,24784.47,21,OK
INV007246,2024-09-30,STR05,PRD024,64,2369.28,28,OK
INV007247,2024-09-30,STR05,PRD006,96,41673.6,28,OK
INV007248,2024-09-30,STR05,PRD115,84,27997.2,5,OK
INV007249,2024-09-30,STR05,PRD054,139,69392.97,27,OK
INV007250,2024-09-30,STR05,PRD101,61,7304.14,8,OK
INV007251,2024-09-30,STR05,PRD145,46,21767.2,19,OK
INV007252,2024-09-30,STR05,PRD113,99,16742.88,20,OK
INV007253,2024-09-30,STR05,PRD112,5,1689.2,30,Low
INV007254,2024-09-30,STR05,PRD030,78,34713.9,24,OK
INV007255,2024-09-30,STR05,PRD062,37,15265.83,24,OK
INV007256,2024-09-30,STR05,PRD132,77,17836.28,7,OK
INV007257,2024-09-30,STR05,PRD070,103,45509.52,15,OK
INV007258,2024-09-30,STR05,PRD109,22,9857.98,24,OK
INV007259,2024-09-30,STR05,PRD031,38,3296.12,8,OK
INV007260,2024-09-30,STR05,PRD139,48,7852.8,16,OK
INV007261,2024-09-30,STR09,PRD032,75,38976.0,16,OK
INV007262,2024-09-30,STR09,PRD067,128,17921.28,24,OK
INV007263,2024-09-30,STR09,PRD102,112,49337.12,24,OK
INV007264,2024-09-30,STR09,PRD052,35,14703.5,11,OK
INV007265,2024-09-30,STR09,PRD134,133,49785.89,7,OK
INV007266,2024-09-30,STR09,PRD001,15,6318.45,13,OK
INV007267,2024-09-30,STR09,PRD113,83,14036.96,29,OK
INV007268,2024-09-30,STR09,PRD078,118,48079.1,12,OK
INV007269,2024-09-30,STR09,PRD071,127,22768.56,9,OK
INV007270,2024-09-30,STR09,PRD043,70,5500.6,9,OK
INV007271,2024-09-30,STR09,PRD081,126,45686.34,7,OK
INV007272,2024-09-30,STR09,PRD117,55,16050.1,30,OK
INV007273,2024-09-30,STR09,PRD015,66,34434.18,25,OK
INV007274,2024-09-30,STR09,PRD048,29,2916.53,11,OK
INV007275,2024-09-30,STR09,PRD079,113,7659.14,24,OK
INV007276,2024-09-30,STR09,PRD101,109,13051.66,8,OK
INV007277,2024-09-30,STR09,PRD095,127,25162.51,18,OK
INV007278,2024-09-30,STR09,PRD074,97,26461.6,29,OK
INV007279,2024-09-30,STR09,PRD062,23,9489.57,14,OK
INV007280,2024-09-30,STR09,PRD036,84,37233.0,29,OK
INV007281,2024-09-30,STR09,PRD069,116,40017.68,24,OK
INV007282,2024-09-30,STR09,PRD053,145,8030.1,24,OK
INV007283,2024-09-30,STR09,PRD065,1,223.55,24,Low
INV007284,2024-09-30,STR09,PRD091,47,6700.79,14,OK
INV007285,2024-09-30,STR09,PRD050,66,9630.06,30,OK
INV007286,2024-09-30,STR09,PRD145,30,14196.0,25,OK
INV007287,2024-09-30,STR09,PRD084,65,20967.05,29,OK
INV007288,2024-09-30,STR09,PRD058,2,100.94,16,Low
INV007289,2024-09-30,STR09,PRD055,45,7156.8,29,OK
INV007290,2024-09-30,STR09,PRD114,146,39328.02,12,OK
INV007291,2024-09-30,STR10,PRD087,119,9516.43,12,OK
INV007292,2024-09-30,STR10,PRD055,125,19880.0,5,OK
INV007293,2024-09-30,STR10,PRD098,138,37617.42,6,OK
INV007294,2024-09-30,STR10,PRD081,109,39522.31,24,OK
INV007295,2024-09-30,STR10,PRD135,91,28411.11,17,OK
INV007296,2024-09-30,STR10,PRD041,84,11443.32,10,OK
INV007297,2024-09-30,STR10,PRD099,137,14461.72,6,OK
INV007298,2024-09-30,STR10,PRD084,80,25805.6,27,OK
INV007299,2024-09-30,STR10,PRD089,120,59588.4,17,OK
INV007300,2024-09-30,STR10,PRD032,126,65479.68,5,OK
INV007301,2024-09-30,STR10,PRD007,74,37452.14,16,OK
INV007302,2024-09-30,STR10,PRD030,78,34713.9,18,OK
INV007303,2024-09-30,STR10,PRD040,112,38939.04,10,OK
INV007304,2024-09-30,STR10,PRD141,34,6849.64,26,OK
INV007305,2024-09-30,STR10,PRD062,126,51986.34,8,OK
INV007306,2024-09-30,STR10,PRD129,0,0.0,15,Out of Stock
INV007307,2024-09-30,STR10,PRD016,70,30800.7,13,OK
INV007308,2024-09-30,STR10,PRD054,24,11981.52,8,OK
INV007309,2024-09-30,STR10,PRD137,27,13001.04,13,OK
INV007310,2024-09-30,STR10,PRD020,90,39927.6,30,OK
INV007311,2024-09-30,STR10,PRD123,27,2236.41,6,OK
INV007312,2024-09-30,STR10,PRD100,102,43589.7,19,OK
INV007313,2024-09-30,STR10,PRD029,48,12264.48,17,OK
INV007314,2024-09-30,STR10,PRD015,114,59477.22,28,OK
INV007315,2024-09-30,STR10,PRD113,18,3044.16,9,OK
INV007316,2024-09-30,STR10,PRD038,40,12486.8,18,OK
INV007317,2024-09-30,STR10,PRD121,92,18307.08,20,OK
INV007318,2024-09-30,STR10,PRD072,86,34927.18,18,OK
INV007319,2024-09-30,STR10,PRD076,84,43822.8,5,OK
INV007320,2024-09-30,STR10,PRD001,140,58972.2,22,OK
INV007321,2024-09-30,STR16,PRD011,134,30951.32,11,OK
INV007322,2024-09-30,STR16,PRD043,100,7858.0,21,OK
INV007323,2024-09-30,STR16,PRD055,119,18925.76,20,OK
INV007324,2024-09-30,STR16,PRD107,98,44628.22,21,OK
INV007325,2024-09-30,STR16,PRD039,40,12926.4,5,OK
INV007326,2024-09-30,STR16,PRD070,9,3976.56,28,Low
INV007327,2024-09-30,STR16,PRD071,134,24023.52,17,OK
INV007328,2024-09-30,STR16,PRD103,58,29211.7,23,OK
INV007329,2024-09-30,STR16,PRD092,90,11956.5,12,OK
INV007330,2024-09-30,STR16,PRD079,6,406.68,6,Low
INV007331,2024-09-30,STR16,PRD014,18,1127.88,6,OK
INV007332,2024-09-30,STR16,PRD045,125,41838.75,22,OK
INV007333,2024-09-30,STR16,PRD132,83,19226.12,18,OK
INV007334,2024-09-30,STR16,PRD029,43,10986.93,25,OK
INV007335,2024-09-30,STR16,PRD047,72,19129.68,13,OK
INV007336,2024-09-30,STR16,PRD044,59,3090.42,15,OK
INV007337,2024-09-30,STR16,PRD017,22,1026.74,29,OK
INV007338,2024-09-30,STR16,PRD109,124,55563.16,29,OK
INV007339,2024-09-30,STR16,PRD063,19,8235.55,24,OK
INV007340,2024-09-30,STR16,PRD076,64,33388.8,14,OK
INV007341,2024-09-30,STR16,PRD010,0,0.0,7,Out of Stock
INV007342,2024-09-30,STR16,PRD135,37,11551.77,19,OK
INV007343,2024-09-30,STR16,PRD102,15,6607.65,6,OK
INV007344,2024-09-30,STR16,PRD094,99,26235.0,7,OK
INV007345,2024-09-30,STR16,PRD018,42,22682.94,25,OK
INV007346,2024-09-30,STR16,PRD059,74,34399.64,9,OK
INV007347,2024-09-30,STR16,PRD127,16,7326.08,6,OK
INV007348,2024-09-30,STR16,PRD074,91,24824.8,15,OK
INV007349,2024-09-30,STR16,PRD147,30,2200.2,23,OK
INV007350,2024-09-30,STR16,PRD148,50,16118.5,10,OK
INV007351,2024-09-30,STR13,PRD095,30,5943.9,16,OK
INV007352,2024-09-30,STR13,PRD064,2,347.34,13,Low
INV007353,2024-09-30,STR13,PRD128,66,10723.68,22,OK
INV007354,2024-09-30,STR13,PRD132,26,6022.64,17,OK
INV007355,2024-09-30,STR13,PRD073,28,12530.56,25,OK
INV007356,2024-09-30,STR13,PRD117,122,35602.04,7,OK
INV007357,2024-09-30,STR13,PRD139,2,327.2,13,Low
INV007358,2024-09-30,STR13,PRD076,3,1565.1,11,Low
INV007359,2024-09-30,STR13,PRD085,121,14977.38,23,OK
INV007360,2024-09-30,STR13,PRD036,88,39006.0,9,OK
INV007361,2024-09-30,STR13,PRD094,46,12190.0,17,OK
INV007362,2024-09-30,STR13,PRD028,37,2911.9,24,OK
INV007363,2024-09-30,STR13,PRD093,120,3002.4,15,OK
INV007364,2024-09-30,STR13,PRD121,46,9153.54,17,OK
INV007365,2024-09-30,STR13,PRD116,104,37622.0,25,OK
INV007366,2024-09-30,STR13,PRD029,12,3066.12,29,OK
INV007367,2024-09-30,STR13,PRD082,119,57469.86,12,OK
INV007368,2024-09-30,STR13,PRD103,92,46335.8,27,OK
INV007369,2024-09-30,STR13,PRD017,119,5553.73,21,OK
INV007370,2024-09-30,STR13,PRD120,135,5653.8,8,OK
INV007371,2024-09-30,STR13,PRD033,7,808.78,28,Low
INV007372,2024-09-30,STR13,PRD112,90,30405.6,16,OK
INV007373,2024-09-30,STR13,PRD109,45,20164.05,17,OK
INV007374,2024-09-30,STR13,PRD100,103,44017.05,5,OK
INV007375,2024-09-30,STR13,PRD038,116,36211.72,8,OK
INV007376,2024-09-30,STR13,PRD016,23,10120.23,12,OK
INV007377,2024-09-30,STR13,PRD087,115,9196.55,7,OK
INV007378,2024-09-30,STR13,PRD078,66,26891.7,26,OK
INV007379,2024-09-30,STR13,PRD034,41,15573.03,27,OK
INV007380,2024-09-30,STR13,PRD149,1,318.54,26,Low
INV007381,2024-09-30,STR14,PRD101,76,9100.24,13,OK
INV007382,2024-09-30,STR14,PRD070,52,22975.68,18,OK
INV007383,2024-09-30,STR14,PRD012,121,7400.36,23,OK
INV007384,2024-09-30,STR14,PRD110,80,10769.6,12,OK
INV007385,2024-09-30,STR14,PRD046,24,12987.36,6,OK
INV007386,2024-09-30,STR14,PRD040,27,9387.09,25,OK
INV007387,2024-09-30,STR14,PRD020,128,56785.92,7,OK
INV007388,2024-09-30,STR14,PRD034,46,17472.18,5,OK
INV007389,2024-09-30,STR14,PRD073,132,59072.64,13,OK
INV007390,2024-09-30,STR14,PRD135,150,46831.5,27,OK
INV007391,2024-09-30,STR14,PRD051,124,39248.48,10,OK
INV007392,2024-09-30,STR14,PRD015,119,62085.87,21,OK
INV007393,2024-09-30,STR14,PRD087,95,7597.15,22,OK
INV007394,2024-09-30,STR14,PRD099,124,13089.44,20,OK
INV007395,2024-09-30,STR14,PRD138,133,52876.81,15,OK
INV007396,2024-09-30,STR14,PRD114,7,1885.59,19,Low
INV007397,2024-09-30,STR14,PRD102,31,13655.81,26,OK
INV007398,2024-09-30,STR14,PRD038,91,28407.47,25,OK
INV007399,2024-09-30,STR14,PRD129,12,5511.0,20,OK
INV007400,2024-09-30,STR14,PRD023,3,287.67,29,Low
INV007401,2024-09-30,STR14,PRD136,102,31794.42,18,OK
INV007402,2024-09-30,STR14,PRD090,43,23011.88,6,OK
INV007403,2024-09-30,STR14,PRD056,20,10179.2,16,OK
INV007404,2024-09-30,STR14,PRD004,55,15304.3,17,OK
INV007405,2024-09-30,STR14,PRD075,98,26861.8,29,OK
INV007406,2024-09-30,STR14,PRD146,112,48488.16,15,OK
INV007407,2024-09-30,STR14,PRD104,121,60733.53,12,OK
INV007408,2024-09-30,STR14,PRD077,109,29487.77,15,OK
INV007409,2024-09-30,STR14,PRD013,59,16696.41,16,OK
INV007410,2024-09-30,STR14,PRD025,18,4146.84,22,OK
INV007411,2024-09-30,STR19,PRD083,121,64398.62,26,OK
INV007412,2024-09-30,STR19,PRD091,101,14399.57,5,OK
INV007413,2024-09-30,STR19,PRD145,59,27918.8,18,OK
INV007414,2024-09-30,STR19,PRD079,116,7862.48,29,OK
INV007415,2024-09-30,STR19,PRD097,112,25724.16,14,OK
INV007416,2024-09-30,STR19,PRD100,85,36324.75,30,OK
INV007417,2024-09-30,STR19,PRD085,15,1856.7,15,OK
INV007418,2024-09-30,STR19,PRD093,2,50.04,7,Low
INV007419,2024-09-30,STR19,PRD086,75,35290.5,16,OK
INV007420,2024-09-30,STR19,PRD095,118,23379.34,16,OK
INV007421,2024-09-30,STR19,PRD011,14,3233.72,26,OK
INV007422,2024-09-30,STR19,PRD066,91,31764.46,24,OK
INV007423,2024-09-30,STR19,PRD067,125,17501.25,13,OK
INV007424,2024-09-30,STR19,PRD141,86,17325.56,22,OK
INV007425,2024-09-30,STR19,PRD090,80,42812.8,12,OK
INV007426,2024-09-30,STR19,PRD041,61,8310.03,15,OK
INV007427,2024-09-30,STR19,PRD042,130,44294.9,22,OK
INV007428,2024-09-30,STR19,PRD043,10,785.8,12,OK
INV007429,2024-09-30,STR19,PRD137,61,29372.72,19,OK
INV007430,2024-09-30,STR19,PRD015,68,35477.64,15,OK
INV007431,2024-09-30,STR19,PRD036,42,18616.5,9,OK
INV007432,2024-09-30,STR19,PRD143,102,18605.82,28,OK
INV007433,2024-09-30,STR19,PRD002,122,56113.9,14,OK
INV007434,2024-09-30,STR19,PRD033,109,12593.86,21,OK
INV007435,2024-09-30,STR19,PRD004,100,27826.0,14,OK
INV007436,2024-09-30,STR19,PRD104,43,21582.99,12,OK
INV007437,2024-09-30,STR19,PRD111,122,26724.1,29,OK
INV007438,2024-09-30,STR19,PRD029,27,6898.77,16,OK
INV007439,2024-09-30,STR19,PRD044,47,2461.86,7,OK
INV007440,2024-09-30,STR19,PRD105,119,24800.79,13,OK
INV007441,2024-09-30,STR03,PRD045,16,5355.36,24,OK
INV007442,2024-09-30,STR03,PRD043,11,864.38,6,OK
INV007443,2024-09-30,STR03,PRD149,30,9556.2,14,OK
INV007444,2024-09-30,STR03,PRD091,130,18534.1,28,OK
INV007445,2024-09-30,STR03,PRD148,74,23855.38,17,OK
INV007446,2024-09-30,STR03,PRD147,95,6967.3,21,OK
INV007447,2024-09-30,STR03,PRD052,134,56293.4,25,OK
INV007448,2024-09-30,STR03,PRD102,10,4405.1,25,OK
INV007449,2024-09-30,STR03,PRD050,81,11818.71,27,OK
INV007450,2024-09-30,STR03,PRD051,70,22156.4,8,OK
INV007451,2024-09-30,STR03,PRD138,61,24251.77,13,OK
INV007452,2024-09-30,STR03,PRD099,128,13511.68,5,OK
INV007453,2024-09-30,STR03,PRD119,138,56973.3,18,OK
INV007454,2024-09-30,STR03,PRD048,53,5330.21,30,OK
INV007455,2024-09-30,STR03,PRD141,127,25585.42,14,OK
INV007456,2024-09-30,STR03,PRD142,117,32058.0,21,OK
INV007457,2024-09-30,STR03,PRD079,84,5693.52,5,OK
INV007458,2024-09-30,STR03,PRD130,73,2294.39,25,OK
INV007459,2024-09-30,STR03,PRD066,132,46075.92,15,OK
INV007460,2024-09-30,STR03,PRD063,46,19938.7,10,OK
INV007461,2024-09-30,STR03,PRD112,78,26351.52,9,OK
INV007462,2024-09-30,STR03,PRD087,100,7997.0,9,OK
INV007463,2024-09-30,STR03,PRD101,124,14847.76,13,OK
INV007464,2024-09-30,STR03,PRD104,93,46679.49,19,OK
INV007465,2024-09-30,STR03,PRD056,50,25448.0,13,OK
INV007466,2024-09-30,STR03,PRD021,134,10248.32,20,OK
INV007467,2024-09-30,STR03,PRD027,98,21697.2,10,OK
INV007468,2024-09-30,STR03,PRD035,132,20243.52,26,OK
INV007469,2024-09-30,STR03,PRD129,149,68428.25,12,OK
INV007470,2024-09-30,STR03,PRD125,86,16622.08,15,OK
INV007471,2024-09-30,STR04,PRD087,33,2639.01,9,OK
INV007472,2024-09-30,STR04,PRD033,120,13864.8,21,OK
INV007473,2024-09-30,STR04,PRD030,116,51625.8,30,OK
INV007474,2024-09-30,STR04,PRD079,95,6439.1,23,OK
INV007475,2024-09-30,STR04,PRD098,96,26168.64,11,OK
INV007476,2024-09-30,STR04,PRD041,49,6675.27,19,OK
INV007477,2024-09-30,STR04,PRD054,50,24961.5,13,OK
INV007478,2024-09-30,STR04,PRD018,129,69669.03,26,OK
INV007479,2024-09-30,STR04,PRD128,54,8773.92,11,OK
INV007480,2024-09-30,STR04,PRD035,12,1840.32,10,OK
INV007481,2024-09-30,STR04,PRD036,88,39006.0,26,OK
INV007482,2024-09-30,STR04,PRD082,99,47811.06,13,OK
INV007483,2024-09-30,STR04,PRD011,112,25869.76,7,OK
INV007484,2024-09-30,STR04,PRD063,60,26007.0,22,OK
INV007485,2024-09-30,STR04,PRD140,140,53397.4,13,OK
INV007486,2024-09-30,STR04,PRD068,49,3859.73,24,OK
INV007487,2024-09-30,STR04,PRD060,40,11090.4,18,OK
INV007488,2024-09-30,STR04,PRD013,102,28864.98,21,OK
INV007489,2024-09-30,STR04,PRD137,57,27446.64,11,OK
INV007490,2024-09-30,STR04,PRD028,4,314.8,7,Low
INV007491,2024-09-30,STR04,PRD109,28,12546.52,6,OK
INV007492,2024-09-30,STR04,PRD066,9,3141.54,29,Low
INV007493,2024-09-30,STR04,PRD086,60,28232.4,28,OK
INV007494,2024-09-30,STR04,PRD144,18,2844.0,11,OK
INV007495,2024-09-30,STR04,PRD147,71,5207.14,18,OK
INV007496,2024-09-30,STR04,PRD100,71,30341.85,9,OK
INV007497,2024-09-30,STR04,PRD042,74,25214.02,26,OK
INV007498,2024-09-30,STR04,PRD023,143,13712.27,19,OK
INV007499,2024-09-30,STR04,PRD069,30,10349.4,23,OK
INV007500,2024-09-30,STR04,PRD133,121,49119.95,9,OK
INV007501,2024-09-30,STR11,PRD120,141,5905.08,11,OK
INV007502,2024-09-30,STR11,PRD041,111,15121.53,16,OK
INV007503,2024-09-30,STR11,PRD020,132,58560.48,25,OK
INV007504,2024-09-30,STR11,PRD121,44,8755.56,29,OK
INV007505,2024-09-30,STR11,PRD148,56,18052.72,25,OK
INV007506,2024-09-30,STR11,PRD040,2,695.34,17,Low
INV007507,2024-09-30,STR11,PRD031,74,6418.76,11,OK
INV007508,2024-09-30,STR11,PRD046,54,29221.56,9,OK
INV007509,2024-09-30,STR11,PRD114,132,35556.84,25,OK
INV007510,2024-09-30,STR11,PRD091,88,12546.16,20,OK
INV007511,2024-09-30,STR11,PRD082,1,482.94,5,Low
INV007512,2024-09-30,STR11,PRD019,95,30136.85,5,OK
INV007513,2024-09-30,STR11,PRD016,47,20680.47,23,OK
INV007514,2024-09-30,STR11,PRD111,44,9638.2,14,OK
INV007515,2024-09-30,STR11,PRD108,115,30778.6,20,OK
INV007516,2024-09-30,STR11,PRD061,33,17058.69,22,OK
INV007517,2024-09-30,STR11,PRD033,0,0.0,23,Out of Stock
INV007518,2024-09-30,STR11,PRD018,43,23223.01,17,OK
INV007519,2024-09-30,STR11,PRD064,104,18061.68,17,OK
INV007520,2024-09-30,STR11,PRD140,19,7246.79,9,OK
INV007521,2024-09-30,STR11,PRD013,73,20658.27,6,OK
INV007522,2024-09-30,STR11,PRD096,142,74030.28,15,OK
INV007523,2024-09-30,STR11,PRD099,46,4855.76,8,OK
INV007524,2024-09-30,STR11,PRD006,62,26914.2,29,OK
INV007525,2024-09-30,STR11,PRD003,19,6390.84,13,OK
INV007526,2024-09-30,STR11,PRD059,120,55783.2,10,OK
INV007527,2024-09-30,STR11,PRD007,121,61239.31,6,OK
INV007528,2024-09-30,STR11,PRD028,38,2990.6,5,OK
INV007529,2024-09-30,STR11,PRD110,122,16423.64,12,OK
INV007530,2024-09-30,STR11,PRD150,130,46118.8,29,OK
INV007531,2024-09-30,STR20,PRD005,133,59082.59,6,OK
INV007532,2024-09-30,STR20,PRD086,23,10822.42,28,OK
INV007533,2024-09-30,STR20,PRD050,131,19114.21,11,OK
INV007534,2024-09-30,STR20,PRD108,131,35060.84,18,OK
INV007535,2024-09-30,STR20,PRD039,148,47827.68,13,OK
INV007536,2024-09-30,STR20,PRD116,132,47751.0,14,OK
INV007537,2024-09-30,STR20,PRD133,75,30446.25,19,OK
INV007538,2024-09-30,STR20,PRD096,116,60475.44,19,OK
INV007539,2024-09-30,STR20,PRD026,44,18701.76,25,OK
INV007540,2024-09-30,STR20,PRD122,137,13612.32,19,OK
INV007541,2024-09-30,STR20,PRD149,30,9556.2,15,OK
INV007542,2024-09-30,STR20,PRD142,93,25482.0,11,OK
INV007543,2024-09-30,STR20,PRD018,147,79390.29,7,OK
INV007544,2024-09-30,STR20,PRD123,116,9608.28,16,OK
INV007545,2024-09-30,STR20,PRD141,116,23369.36,27,OK
INV007546,2024-09-30,STR20,PRD035,108,16562.88,21,OK
INV007547,2024-09-30,STR20,PRD129,62,28473.5,17,OK
INV007548,2024-09-30,STR20,PRD079,79,5354.62,27,OK
INV007549,2024-09-30,STR20,PRD007,61,30872.71,20,OK
INV007550,2024-09-30,STR20,PRD089,87,43201.59,18,OK
INV007551,2024-09-30,STR20,PRD132,106,24553.84,23,OK
INV007552,2024-09-30,STR20,PRD009,81,42635.97,25,OK
INV007553,2024-09-30,STR20,PRD125,51,9857.28,5,OK
INV007554,2024-09-30,STR20,PRD006,111,48185.1,17,OK
INV007555,2024-09-30,STR20,PRD008,105,23819.25,5,OK
INV007556,2024-09-30,STR20,PRD084,94,30321.58,21,OK
INV007557,2024-09-30,STR20,PRD090,140,74922.4,28,OK
INV007558,2024-09-30,STR20,PRD056,17,8652.32,26,OK
INV007559,2024-09-30,STR20,PRD010,121,51598.03,30,OK
INV007560,2024-09-30,STR20,PRD136,62,19326.02,11,OK
INV007561,2024-10-31,STR19,PRD105,18,3751.38,24,OK
INV007562,2024-10-31,STR19,PRD072,142,57670.46,20,OK
INV007563,2024-10-31,STR19,PRD098,103,28076.77,6,OK
INV007564,2024-10-31,STR19,PRD019,83,26330.09,12,OK
INV007565,2024-10-31,STR19,PRD065,66,14754.3,17,OK
INV007566,2024-10-31,STR19,PRD009,92,48426.04,20,OK
INV007567,2024-10-31,STR19,PRD095,0,0.0,28,Out of Stock
INV007568,2024-10-31,STR19,PRD015,23,11999.79,15,OK
INV007569,2024-10-31,STR19,PRD092,24,3188.4,28,OK
INV007570,2024-10-31,STR19,PRD014,143,8960.38,21,OK
INV007571,2024-10-31,STR19,PRD052,150,63015.0,15,OK
INV007572,2024-10-31,STR19,PRD096,72,37536.48,10,OK
INV007573,2024-10-31,STR19,PRD124,125,66150.0,24,OK
INV007574,2024-10-31,STR19,PRD130,46,1445.78,22,OK
INV007575,2024-10-31,STR19,PRD073,121,54149.92,12,OK
INV007576,2024-10-31,STR19,PRD126,5,1817.5,21,Low
INV007577,2024-10-31,STR19,PRD069,19,6554.62,17,OK
INV007578,2024-10-31,STR19,PRD034,6,2278.98,25,Low
INV007579,2024-10-31,STR19,PRD002,134,61633.3,19,OK
INV007580,2024-10-31,STR19,PRD004,37,10295.62,25,OK
INV007581,2024-10-31,STR19,PRD038,52,16232.84,25,OK
INV007582,2024-10-31,STR19,PRD013,35,9904.65,28,OK
INV007583,2024-10-31,STR19,PRD082,32,15454.08,9,OK
INV007584,2024-10-31,STR19,PRD010,143,60979.49,5,OK
INV007585,2024-10-31,STR19,PRD112,51,17229.84,29,OK
INV007586,2024-10-31,STR19,PRD145,13,6151.6,9,OK
INV007587,2024-10-31,STR19,PRD016,16,7040.16,19,OK
INV007588,2024-10-31,STR19,PRD119,90,37156.5,17,OK
INV007589,2024-10-31,STR19,PRD113,81,13698.72,13,OK
INV007590,2024-10-31,STR19,PRD074,122,33281.6,5,OK
INV007591,2024-10-31,STR04,PRD047,62,16472.78,23,OK
INV007592,2024-10-31,STR04,PRD053,72,3987.36,17,OK
INV007593,2024-10-31,STR04,PRD043,1,78.58,5,Low
INV007594,2024-10-31,STR04,PRD052,149,62594.9,11,OK
INV007595,2024-10-31,STR04,PRD051,84,26587.68,29,OK
INV007596,2024-10-31,STR04,PRD088,56,21140.0,28,OK
INV007597,2024-10-31,STR04,PRD079,52,3524.56,12,OK
INV007598,2024-10-31,STR04,PRD150,31,10997.56,9,OK
INV007599,2024-10-31,STR04,PRD083,61,32465.42,27,OK
INV007600,2024-10-31,STR04,PRD031,127,11015.98,15,OK
INV007601,2024-10-31,STR04,PRD070,109,48160.56,8,OK
INV007602,2024-10-31,STR04,PRD040,22,7648.74,6,OK
INV007603,2024-10-31,STR04,PRD143,150,27361.5,20,OK
INV007604,2024-10-31,STR04,PRD139,103,16850.8,21,OK
INV007605,2024-10-31,STR04,PRD103,137,69000.05,21,OK
INV007606,2024-10-31,STR04,PRD075,69,18912.9,15,OK
INV007607,2024-10-31,STR04,PRD036,134,59395.5,13,OK
INV007608,2024-10-31,STR04,PRD080,108,48819.24,21,OK
INV007609,2024-10-31,STR04,PRD030,2,890.1,30,Low
INV007610,2024-10-31,STR04,PRD131,88,16050.32,8,OK
INV007611,2024-10-31,STR04,PRD021,118,9024.64,20,OK
INV007612,2024-10-31,STR04,PRD111,64,14019.2,26,OK
INV007613,2024-10-31,STR04,PRD039,133,42980.28,20,OK
INV007614,2024-10-31,STR04,PRD098,143,38980.37,8,OK
INV007615,2024-10-31,STR04,PRD033,46,5314.84,10,OK
INV007616,2024-10-31,STR04,PRD060,41,11367.66,28,OK
INV007617,2024-10-31,STR04,PRD042,148,50428.04,21,OK
INV007618,2024-10-31,STR04,PRD094,143,37895.0,20,OK
INV007619,2024-10-31,STR04,PRD122,10,993.6,5,OK
INV007620,2024-10-31,STR04,PRD087,35,2798.95,11,OK
INV007621,2024-10-31,STR18,PRD061,99,51176.07,20,OK
INV007622,2024-10-31,STR18,PRD059,56,26032.16,8,OK
INV007623,2024-10-31,STR18,PRD133,38,15426.1,28,OK
INV007624,2024-10-31,STR18,PRD125,14,2705.92,12,OK
INV007625,2024-10-31,STR18,PRD087,126,10076.22,6,OK
INV007626,2024-10-31,STR18,PRD148,91,29335.67,13,OK
INV007627,2024-10-31,STR18,PRD124,12,6350.4,15,OK
INV007628,2024-10-31,STR18,PRD083,25,13305.5,9,OK
INV007629,2024-10-31,STR18,PRD111,65,14238.25,15,OK
INV007630,2024-10-31,STR18,PRD138,16,6361.12,27,OK
INV007631,2024-10-31,STR18,PRD136,55,17144.05,13,OK
INV007632,2024-10-31,STR18,PRD055,40,6361.6,20,OK
INV007633,2024-10-31,STR18,PRD146,30,12987.9,26,OK
INV007634,2024-10-31,STR18,PRD140,28,10679.48,7,OK
INV007635,2024-10-31,STR18,PRD126,66,23991.0,13,OK
INV007636,2024-10-31,STR18,PRD042,99,33732.27,27,OK
INV007637,2024-10-31,STR18,PRD063,46,19938.7,30,OK
INV007638,2024-10-31,STR18,PRD047,8,2125.52,6,Low
INV007639,2024-10-31,STR18,PRD115,37,12332.1,12,OK
INV007640,2024-10-31,STR18,PRD072,131,53203.03,16,OK
INV007641,2024-10-31,STR18,PRD143,56,10214.96,12,OK
INV007642,2024-10-31,STR18,PRD017,32,1493.44,25,OK
INV007643,2024-10-31,STR18,PRD145,131,61989.2,21,OK
INV007644,2024-10-31,STR18,PRD074,23,6274.4,29,OK
INV007645,2024-10-31,STR18,PRD021,105,8030.4,12,OK
INV007646,2024-10-31,STR18,PRD064,93,16151.31,6,OK
INV007647,2024-10-31,STR18,PRD022,142,21992.96,30,OK
INV007648,2024-10-31,STR18,PRD051,28,8862.56,10,OK
INV007649,2024-10-31,STR18,PRD106,132,45895.08,25,OK
INV007650,2024-10-31,STR18,PRD080,32,14464.96,18,OK
INV007651,2024-10-31,STR07,PRD145,28,13249.6,21,OK
INV007652,2024-10-31,STR07,PRD088,57,21517.5,25,OK
INV007653,2024-10-31,STR07,PRD016,68,29920.68,17,OK
INV007654,2024-10-31,STR07,PRD067,77,10780.77,16,OK
INV007655,2024-10-31,STR07,PRD137,138,66449.76,20,OK
INV007656,2024-10-31,STR07,PRD069,98,33808.04,17,OK
INV007657,2024-10-31,STR07,PRD150,127,45054.52,27,OK
INV007658,2024-10-31,STR07,PRD119,79,32615.15,13,OK
INV007659,2024-10-31,STR07,PRD045,113,37822.23,22,OK
INV007660,2024-10-31,STR07,PRD030,59,26257.95,9,OK
INV007661,2024-10-31,STR07,PRD018,72,38885.04,16,OK
INV007662,2024-10-31,STR07,PRD047,11,2922.59,6,OK
INV007663,2024-10-31,STR07,PRD026,132,56105.28,17,OK
INV007664,2024-10-31,STR07,PRD097,9,2067.12,26,Low
INV007665,2024-10-31,STR07,PRD135,47,14673.87,10,OK
INV007666,2024-10-31,STR07,PRD033,150,17331.0,11,OK
INV007667,2024-10-31,STR07,PRD104,112,56216.16,7,OK
INV007668,2024-10-31,STR07,PRD080,95,42942.85,12,OK
INV007669,2024-10-31,STR07,PRD059,131,60896.66,23,OK
INV007670,2024-10-31,STR07,PRD029,26,6643.26,8,OK
INV007671,2024-10-31,STR07,PRD071,52,9322.56,29,OK
INV007672,2024-10-31,STR07,PRD112,65,21959.6,13,OK
INV007673,2024-10-31,STR07,PRD021,6,458.88,10,Low
INV007674,2024-10-31,STR07,PRD149,77,24527.58,13,OK
INV007675,2024-10-31,STR07,PRD110,76,10231.12,22,OK
INV007676,2024-10-31,STR07,PRD025,24,5529.12,26,OK
INV007677,2024-10-31,STR07,PRD042,64,21806.72,17,OK
INV007678,2024-10-31,STR07,PRD091,31,4419.67,14,OK
INV007679,2024-10-31,STR07,PRD036,27,11967.75,17,OK
INV007680,2024-10-31,STR07,PRD011,67,15475.66,14,OK
INV007681,2024-10-31,STR13,PRD109,144,64524.96,23,OK
INV007682,2024-10-31,STR13,PRD090,110,58867.6,20,OK
INV007683,2024-10-31,STR13,PRD114,12,3232.44,24,OK
INV007684,2024-10-31,STR13,PRD120,5,209.4,8,Low
INV007685,2024-10-31,STR13,PRD086,74,34819.96,7,OK
INV007686,2024-10-31,STR13,PRD045,67,22425.57,11,OK
INV007687,2024-10-31,STR13,PRD127,144,65934.72,8,OK
INV007688,2024-10-31,STR13,PRD144,92,14536.0,11,OK
INV007689,2024-10-31,STR13,PRD104,65,32625.45,6,OK
INV007690,2024-10-31,STR13,PRD140,27,10298.07,28,OK
INV007691,2024-10-31,STR13,PRD031,26,2255.24,27,OK
INV007692,2024-10-31,STR13,PRD054,65,32449.95,5,OK
INV007693,2024-10-31,STR13,PRD105,58,12087.78,12,OK
INV007694,2024-10-31,STR13,PRD150,15,5321.4,30,OK
INV007695,2024-10-31,STR13,PRD010,45,19189.35,29,OK
INV007696,2024-10-31,STR13,PRD011,105,24252.9,11,OK
INV007697,2024-10-31,STR13,PRD145,65,30758.0,14,OK
INV007698,2024-10-31,STR13,PRD038,84,26222.28,28,OK
INV007699,2024-10-31,STR13,PRD008,66,14972.1,26,OK
INV007700,2024-10-31,STR13,PRD078,82,33410.9,16,OK
INV007701,2024-10-31,STR13,PRD084,32,10322.24,25,OK
INV007702,2024-10-31,STR13,PRD087,44,3518.68,12,OK
INV007703,2024-10-31,STR13,PRD014,113,7080.58,23,OK
INV007704,2024-10-31,STR13,PRD094,86,22790.0,28,OK
INV007705,2024-10-31,STR13,PRD148,108,34815.96,13,OK
INV007706,2024-10-31,STR13,PRD142,53,14522.0,30,OK
INV007707,2024-10-31,STR13,PRD139,143,23394.8,12,OK
INV007708,2024-10-31,STR13,PRD092,59,7838.15,14,OK
INV007709,2024-10-31,STR13,PRD068,2,157.54,14,Low
INV007710,2024-10-31,STR13,PRD012,119,7278.04,15,OK
INV007711,2024-10-31,STR10,PRD051,83,26271.16,29,OK
INV007712,2024-10-31,STR10,PRD094,61,16165.0,20,OK
INV007713,2024-10-31,STR10,PRD114,150,40405.5,19,OK
INV007714,2024-10-31,STR10,PRD119,2,825.7,28,Low
INV007715,2024-10-31,STR10,PRD064,1,173.67,21,Low
INV007716,2024-10-31,STR10,PRD139,77,12597.2,26,OK
INV007717,2024-10-31,STR10,PRD141,19,3827.74,5,OK
INV007718,2024-10-31,STR10,PRD074,147,40101.6,20,OK
INV007719,2024-10-31,STR10,PRD023,99,9493.11,20,OK
INV007720,2024-10-31,STR10,PRD031,37,3209.38,20,OK
INV007721,2024-10-31,STR10,PRD105,95,19798.95,14,OK
INV007722,2024-10-31,STR10,PRD123,107,8862.81,18,OK
INV007723,2024-10-31,STR10,PRD010,91,38805.13,21,OK
INV007724,2024-10-31,STR10,PRD050,127,18530.57,12,OK
INV007725,2024-10-31,STR10,PRD107,42,19126.38,10,OK
INV007726,2024-10-31,STR10,PRD057,82,27797.18,21,OK
INV007727,2024-10-31,STR10,PRD037,51,10087.8,29,OK
INV007728,2024-10-31,STR10,PRD129,14,6429.5,8,OK
INV007729,2024-10-31,STR10,PRD041,73,9944.79,29,OK
INV007730,2024-10-31,STR10,PRD032,1,519.68,10,Low
INV007731,2024-10-31,STR10,PRD018,6,3240.42,29,Low
INV007732,2024-10-31,STR10,PRD035,47,7207.92,19,OK
INV007733,2024-10-31,STR10,PRD013,27,7640.73,23,OK
INV007734,2024-10-31,STR10,PRD085,142,17576.76,25,OK
INV007735,2024-10-31,STR10,PRD006,89,38634.9,9,OK
INV007736,2024-10-31,STR10,PRD038,107,33402.19,14,OK
INV007737,2024-10-31,STR10,PRD040,68,23641.56,19,OK
INV007738,2024-10-31,STR10,PRD076,80,41736.0,9,OK
INV007739,2024-10-31,STR10,PRD136,53,16520.63,22,OK
INV007740,2024-10-31,STR10,PRD052,125,52512.5,7,OK
INV007741,2024-10-31,STR16,PRD015,119,62085.87,26,OK
INV007742,2024-10-31,STR16,PRD147,121,8874.14,23,OK
INV007743,2024-10-31,STR16,PRD055,144,22901.76,28,OK
INV007744,2024-10-31,STR16,PRD086,55,25879.7,23,OK
INV007745,2024-10-31,STR16,PRD095,69,13670.97,25,OK
INV007746,2024-10-31,STR16,PRD027,118,26125.2,17,OK
INV007747,2024-10-31,STR16,PRD060,42,11644.92,10,OK
INV007748,2024-10-31,STR16,PRD143,79,14410.39,20,OK
INV007749,2024-10-31,STR16,PRD053,122,6756.36,20,OK
INV007750,2024-10-31,STR16,PRD093,125,3127.5,11,OK
INV007751,2024-10-31,STR16,PRD005,47,20878.81,14,OK
INV007752,2024-10-31,STR16,PRD018,28,15121.96,7,OK
INV007753,2024-10-31,STR16,PRD076,37,19302.9,6,OK
INV007754,2024-10-31,STR16,PRD133,106,43030.7,30,OK
INV007755,2024-10-31,STR16,PRD056,11,5598.56,20,OK
INV007756,2024-10-31,STR16,PRD062,92,37958.28,21,OK
INV007757,2024-10-31,STR16,PRD008,107,24272.95,27,OK
INV007758,2024-10-31,STR16,PRD037,43,8505.4,15,OK
INV007759,2024-10-31,STR16,PRD064,38,6599.46,10,OK
INV007760,2024-10-31,STR16,PRD069,54,18628.92,29,OK
INV007761,2024-10-31,STR16,PRD019,113,35846.99,6,OK
INV007762,2024-10-31,STR16,PRD001,41,17270.43,13,OK
INV007763,2024-10-31,STR16,PRD114,19,5118.03,22,OK
INV007764,2024-10-31,STR16,PRD025,11,2534.18,16,OK
INV007765,2024-10-31,STR16,PRD020,93,41258.52,6,OK
INV007766,2024-10-31,STR16,PRD049,24,1023.12,22,OK
INV007767,2024-10-31,STR16,PRD078,24,9778.8,8,OK
INV007768,2024-10-31,STR16,PRD106,79,27467.51,29,OK
INV007769,2024-10-31,STR16,PRD098,16,4361.44,14,OK
INV007770,2024-10-31,STR16,PRD101,87,10417.38,13,OK
INV007771,2024-10-31,STR14,PRD119,19,7844.15,7,OK
INV007772,2024-10-31,STR14,PRD030,15,6675.75,22,OK
INV007773,2024-10-31,STR14,PRD009,87,45794.19,13,OK
INV007774,2024-10-31,STR14,PRD147,49,3593.66,8,OK
INV007775,2024-10-31,STR14,PRD047,109,28960.21,27,OK
INV007776,2024-10-31,STR14,PRD131,95,17327.05,9,OK
INV007777,2024-10-31,STR14,PRD148,120,38684.4,14,OK
INV007778,2024-10-31,STR14,PRD138,58,23059.06,21,OK
INV007779,2024-10-31,STR14,PRD149,113,35995.02,26,OK
INV007780,2024-10-31,STR14,PRD051,126,39881.52,7,OK
INV007781,2024-10-31,STR14,PRD107,94,42806.66,5,OK
INV007782,2024-10-31,STR14,PRD079,18,1220.04,23,OK
INV007783,2024-10-31,STR14,PRD141,118,23772.28,12,OK
INV007784,2024-10-31,STR14,PRD026,127,53980.08,12,OK
INV007785,2024-10-31,STR14,PRD082,114,55055.16,27,OK
INV007786,2024-10-31,STR14,PRD084,60,19354.2,13,OK
INV007787,2024-10-31,STR14,PRD075,108,29602.8,23,OK
INV007788,2024-10-31,STR14,PRD066,78,27226.68,19,OK
INV007789,2024-10-31,STR14,PRD001,0,0.0,9,Out of Stock
INV007790,2024-10-31,STR14,PRD024,111,4109.22,20,OK
INV007791,2024-10-31,STR14,PRD002,20,9199.0,13,OK
INV007792,2024-10-31,STR14,PRD076,124,64690.8,26,OK
INV007793,2024-10-31,STR14,PRD088,124,46810.0,10,OK
INV007794,2024-10-31,STR14,PRD120,98,4104.24,25,OK
INV007795,2024-10-31,STR14,PRD096,131,68295.54,10,OK
INV007796,2024-10-31,STR14,PRD091,21,2993.97,20,OK
INV007797,2024-10-31,STR14,PRD092,129,17137.65,17,OK
INV007798,2024-10-31,STR14,PRD038,78,24349.26,5,OK
INV007799,2024-10-31,STR14,PRD053,55,3045.9,22,OK
INV007800,2024-10-31,STR14,PRD130,124,3897.32,10,OK
INV007801,2024-10-31,STR03,PRD037,36,7120.8,29,OK
INV007802,2024-10-31,STR03,PRD077,124,33545.72,29,OK
INV007803,2024-10-31,STR03,PRD095,40,7925.2,16,OK
INV007804,2024-10-31,STR03,PRD069,99,34153.02,5,OK
INV007805,2024-10-31,STR03,PRD043,150,11787.0,14,OK
INV007806,2024-10-31,STR03,PRD135,85,26537.85,5,OK
INV007807,2024-10-31,STR03,PRD034,140,53176.2,26,OK
INV007808,2024-10-31,STR03,PRD100,44,18803.4,5,OK
INV007809,2024-10-31,STR03,PRD081,93,33720.87,24,OK
INV007810,2024-10-31,STR03,PRD048,76,7643.32,10,OK
INV007811,2024-10-31,STR03,PRD038,57,17793.69,16,OK
INV007812,2024-10-31,STR03,PRD073,41,18348.32,18,OK
INV007813,2024-10-31,STR03,PRD033,107,12362.78,23,OK
INV007814,2024-10-31,STR03,PRD050,134,19551.94,27,OK
INV007815,2024-10-31,STR03,PRD078,130,52968.5,5,OK
INV007816,2024-10-31,STR03,PRD109,43,19267.87,25,OK
INV007817,2024-10-31,STR03,PRD121,100,19899.0,8,OK
INV007818,2024-10-31,STR03,PRD127,61,27930.68,7,OK
INV007819,2024-10-31,STR03,PRD080,126,56955.78,28,OK
INV007820,2024-10-31,STR03,PRD119,49,20229.65,10,OK
INV007821,2024-10-31,STR03,PRD074,94,25643.2,18,OK
INV007822,2024-10-31,STR03,PRD099,21,2216.76,8,OK
INV007823,2024-10-31,STR03,PRD067,125,17501.25,27,OK
INV007824,2024-10-31,STR03,PRD143,137,24990.17,28,OK
INV007825,2024-10-31,STR03,PRD005,11,4886.53,20,OK
INV007826,2024-10-31,STR03,PRD063,82,35542.9,7,OK
INV007827,2024-10-31,STR03,PRD086,81,38113.74,16,OK
INV007828,2024-10-31,STR03,PRD141,133,26794.18,16,OK
INV007829,2024-10-31,STR03,PRD011,114,26331.72,26,OK
INV007830,2024-10-31,STR03,PRD020,123,54567.72,26,OK
INV007831,2024-10-31,STR20,PRD089,64,31780.48,21,OK
INV007832,2024-10-31,STR20,PRD113,76,12853.12,20,OK
INV007833,2024-10-31,STR20,PRD086,2,941.08,12,Low
INV007834,2024-10-31,STR20,PRD043,93,7307.94,14,OK
INV007835,2024-10-31,STR20,PRD117,5,1459.1,15,Low
INV007836,2024-10-31,STR20,PRD057,59,20000.41,18,OK
INV007837,2024-10-31,STR20,PRD093,74,1851.48,13,OK
INV007838,2024-10-31,STR20,PRD029,119,30405.69,10,OK
INV007839,2024-10-31,STR20,PRD140,7,2669.87,26,Low
INV007840,2024-10-31,STR20,PRD039,9,2908.44,7,Low
INV007841,2024-10-31,STR20,PRD013,38,10753.62,29,OK
INV007842,2024-10-31,STR20,PRD120,27,1130.76,19,OK
INV007843,2024-10-31,STR20,PRD122,119,11823.84,26,OK
INV007844,2024-10-31,STR20,PRD049,30,1278.9,16,OK
INV007845,2024-10-31,STR20,PRD150,18,6385.68,20,OK
INV007846,2024-10-31,STR20,PRD005,137,60859.51,20,OK
INV007847,2024-10-31,STR20,PRD136,53,16520.63,12,OK
INV007848,2024-10-31,STR20,PRD147,65,4767.1,10,OK
INV007849,2024-10-31,STR20,PRD081,78,28282.02,30,OK
INV007850,2024-10-31,STR20,PRD091,119,16965.83,24,OK
INV007851,2024-10-31,STR20,PRD103,46,23167.9,10,OK
INV007852,2024-10-31,STR20,PRD018,137,73989.59,5,OK
INV007853,2024-10-31,STR20,PRD119,115,47477.75,19,OK
INV007854,2024-10-31,STR20,PRD074,89,24279.2,21,OK
INV007855,2024-10-31,STR20,PRD006,77,33425.7,11,OK
INV007856,2024-10-31,STR20,PRD033,74,8549.96,24,OK
INV007857,2024-10-31,STR20,PRD065,63,14083.65,18,OK
INV007858,2024-10-31,STR20,PRD012,111,6788.76,20,OK
INV007859,2024-10-31,STR20,PRD009,64,33687.68,21,OK
INV007860,2024-10-31,STR20,PRD110,127,17096.74,12,OK
INV007861,2024-10-31,STR17,PRD141,91,18332.86,17,OK
INV007862,2024-10-31,STR17,PRD017,127,5927.09,15,OK
INV007863,2024-10-31,STR17,PRD046,135,73053.9,27,OK
INV007864,2024-10-31,STR17,PRD125,42,8117.76,22,OK
INV007865,2024-10-31,STR17,PRD018,45,24303.15,8,OK
INV007866,2024-10-31,STR17,PRD108,50,13382.0,28,OK
INV007867,2024-10-31,STR17,PRD054,128,63901.44,23,OK
INV007868,2024-10-31,STR17,PRD033,0,0.0,12,Out of Stock
INV007869,2024-10-31,STR17,PRD131,125,22798.75,17,OK
INV007870,2024-10-31,STR17,PRD143,49,8938.09,14,OK
INV007871,2024-10-31,STR17,PRD118,34,12697.98,20,OK
INV007872,2024-10-31,STR17,PRD052,131,55033.1,10,OK
INV007873,2024-10-31,STR17,PRD104,124,62239.32,19,OK
INV007874,2024-10-31,STR17,PRD040,2,695.34,8,Low
INV007875,2024-10-31,STR17,PRD072,89,36145.57,23,OK
INV007876,2024-10-31,STR17,PRD090,117,62613.72,24,OK
INV007877,2024-10-31,STR17,PRD043,67,5264.86,13,OK
INV007878,2024-10-31,STR17,PRD111,89,19495.45,29,OK
INV007879,2024-10-31,STR17,PRD150,86,30509.36,17,OK
INV007880,2024-10-31,STR17,PRD061,88,45489.84,27,OK
INV007881,2024-10-31,STR17,PRD142,130,35620.0,17,OK
INV007882,2024-10-31,STR17,PRD144,68,10744.0,28,OK
INV007883,2024-10-31,STR17,PRD065,87,19448.85,25,OK
INV007884,2024-10-31,STR17,PRD124,68,35985.6,19,OK
INV007885,2024-10-31,STR17,PRD001,22,9267.06,6,OK
INV007886,2024-10-31,STR17,PRD114,128,34479.36,22,OK
INV007887,2024-10-31,STR17,PRD027,79,17490.6,7,OK
INV007888,2024-10-31,STR17,PRD115,142,47328.6,18,OK
INV007889,2024-10-31,STR17,PRD012,103,6299.48,22,OK
INV007890,2024-10-31,STR17,PRD130,116,3645.88,22,OK
INV007891,2024-10-31,STR15,PRD048,121,12168.97,20,OK
INV007892,2024-10-31,STR15,PRD145,118,55837.6,24,OK
INV007893,2024-10-31,STR15,PRD081,8,2900.72,13,Low
INV007894,2024-10-31,STR15,PRD124,136,71971.2,17,OK
INV007895,2024-10-31,STR15,PRD061,67,34634.31,9,OK
INV007896,2024-10-31,STR15,PRD084,131,42256.67,27,OK
INV007897,2024-10-31,STR15,PRD027,17,3763.8,13,OK
INV007898,2024-10-31,STR15,PRD008,109,24726.65,30,OK
INV007899,2024-10-31,STR15,PRD118,110,41081.7,13,OK
INV007900,2024-10-31,STR15,PRD046,116,62772.24,24,OK
INV007901,2024-10-31,STR15,PRD068,130,10240.1,17,OK
INV007902,2024-10-31,STR15,PRD087,92,7357.24,26,OK
INV007903,2024-10-31,STR15,PRD110,106,14269.72,16,OK
INV007904,2024-10-31,STR15,PRD103,139,70007.35,23,OK
INV007905,2024-10-31,STR15,PRD001,136,57287.28,9,OK
INV007906,2024-10-31,STR15,PRD089,109,54126.13,21,OK
INV007907,2024-10-31,STR15,PRD052,138,57973.8,9,OK
INV007908,2024-10-31,STR15,PRD066,100,34906.0,17,OK
INV007909,2024-10-31,STR15,PRD021,26,1988.48,20,OK
INV007910,2024-10-31,STR15,PRD098,32,8722.88,23,OK
INV007911,2024-10-31,STR15,PRD144,29,4582.0,12,OK
INV007912,2024-10-31,STR15,PRD071,39,6991.92,14,OK
INV007913,2024-10-31,STR15,PRD142,20,5480.0,19,OK
INV007914,2024-10-31,STR15,PRD079,26,1762.28,19,OK
INV007915,2024-10-31,STR15,PRD138,59,23456.63,19,OK
INV007916,2024-10-31,STR15,PRD112,38,12837.92,23,OK
INV007917,2024-10-31,STR15,PRD034,7,2658.81,25,Low
INV007918,2024-10-31,STR15,PRD064,12,2084.04,9,OK
INV007919,2024-10-31,STR15,PRD067,32,4480.32,28,OK
INV007920,2024-10-31,STR15,PRD025,112,25802.56,21,OK
INV007921,2024-11-30,STR07,PRD107,117,53280.63,30,OK
INV007922,2024-11-30,STR07,PRD083,47,25014.34,21,OK
INV007923,2024-11-30,STR07,PRD081,121,43873.39,17,OK
INV007924,2024-11-30,STR07,PRD091,39,5560.23,28,OK
INV007925,2024-11-30,STR07,PRD014,63,3947.58,8,OK
INV007926,2024-11-30,STR07,PRD073,21,9397.92,14,OK
INV007927,2024-11-30,STR07,PRD126,103,37440.5,14,OK
INV007928,2024-11-30,STR07,PRD013,136,38486.64,16,OK
INV007929,2024-11-30,STR07,PRD084,35,11289.95,8,OK
INV007930,2024-11-30,STR07,PRD064,108,18756.36,11,OK
INV007931,2024-11-30,STR07,PRD010,145,61832.35,10,OK
INV007932,2024-11-30,STR07,PRD124,47,24872.4,7,OK
INV007933,2024-11-30,STR07,PRD119,148,61101.8,7,OK
INV007934,2024-11-30,STR07,PRD030,63,28038.15,22,OK
INV007935,2024-11-30,STR07,PRD135,143,44646.03,17,OK
INV007936,2024-11-30,STR07,PRD092,86,11425.1,17,OK
INV007937,2024-11-30,STR07,PRD001,63,26537.49,19,OK
INV007938,2024-11-30,STR07,PRD112,127,42905.68,11,OK
INV007939,2024-11-30,STR07,PRD015,60,31303.8,26,OK
INV007940,2024-11-30,STR07,PRD147,11,806.74,19,OK
INV007941,2024-11-30,STR07,PRD050,140,20427.4,19,OK
INV007942,2024-11-30,STR07,PRD133,108,43842.6,13,OK
INV007943,2024-11-30,STR07,PRD108,129,34525.56,18,OK
INV007944,2024-11-30,STR07,PRD110,59,7942.58,30,OK
INV007945,2024-11-30,STR07,PRD125,104,20101.12,12,OK
INV007946,2024-11-30,STR07,PRD150,119,42216.44,6,OK
INV007947,2024-11-30,STR07,PRD046,127,68724.78,27,OK
INV007948,2024-11-30,STR07,PRD080,112,50627.36,26,OK
INV007949,2024-11-30,STR07,PRD086,147,69169.38,28,OK
INV007950,2024-11-30,STR07,PRD120,47,1968.36,22,OK
INV007951,2024-11-30,STR05,PRD095,115,22784.95,24,OK
INV007952,2024-11-30,STR05,PRD066,76,26528.56,13,OK
INV007953,2024-11-30,STR05,PRD135,77,24040.17,9,OK
INV007954,2024-11-30,STR05,PRD149,83,26438.82,14,OK
INV007955,2024-11-30,STR05,PRD096,88,45877.92,18,OK
INV007956,2024-11-30,STR05,PRD128,61,9911.28,6,OK
INV007957,2024-11-30,STR05,PRD087,10,799.7,8,OK
INV007958,2024-11-30,STR05,PRD035,60,9201.6,15,OK
INV007959,2024-11-30,STR05,PRD053,39,2159.82,29,OK
INV007960,2024-11-30,STR05,PRD072,100,40613.0,19,OK
INV007961,2024-11-30,STR05,PRD048,107,10760.99,30,OK
INV007962,2024-11-30,STR05,PRD138,37,14710.09,5,OK
INV007963,2024-11-30,STR05,PRD125,112,21647.36,29,OK
INV007964,2024-11-30,STR05,PRD050,21,3064.11,6,OK
INV007965,2024-11-30,STR05,PRD080,58,26217.74,16,OK
INV007966,2024-11-30,STR05,PRD084,60,19354.2,9,OK
INV007967,2024-11-30,STR05,PRD036,61,27038.25,30,OK
INV007968,2024-11-30,STR05,PRD019,55,17447.65,23,OK
INV007969,2024-11-30,STR05,PRD115,60,19998.0,13,OK
INV007970,2024-11-30,STR05,PRD059,112,52064.32,19,OK
INV007971,2024-11-30,STR05,PRD089,28,13903.96,17,OK
INV007972,2024-11-30,STR05,PRD113,148,25029.76,22,OK
INV007973,2024-11-30,STR05,PRD038,146,45576.82,10,OK
INV007974,2024-11-30,STR05,PRD021,33,2523.84,8,OK
INV007975,2024-11-30,STR05,PRD081,15,5438.85,14,OK
INV007976,2024-11-30,STR05,PRD077,46,12444.38,11,OK
INV007977,2024-11-30,STR05,PRD098,121,32983.39,29,OK
INV007978,2024-11-30,STR05,PRD056,123,62602.08,18,OK
INV007979,2024-11-30,STR05,PRD126,17,6179.5,16,OK
INV007980,2024-11-30,STR05,PRD061,111,57379.23,14,OK
INV007981,2024-11-30,STR19,PRD053,120,6645.6,13,OK
INV007982,2024-11-30,STR19,PRD149,63,20068.02,27,OK
INV007983,2024-11-30,STR19,PRD052,32,13443.2,12,OK
INV007984,2024-11-30,STR19,PRD126,54,19629.0,19,OK
INV007985,2024-11-30,STR19,PRD047,67,17801.23,12,OK
INV007986,2024-11-30,STR19,PRD096,62,32323.08,30,OK
INV007987,2024-11-30,STR19,PRD112,51,17229.84,29,OK
INV007988,2024-11-30,STR19,PRD114,3,808.11,21,Low
INV007989,2024-11-30,STR19,PRD108,124,33187.36,20,OK
INV007990,2024-11-30,STR19,PRD019,67,21254.41,9,OK
INV007991,2024-11-30,STR19,PRD017,59,2753.53,24,OK
INV007992,2024-11-30,STR19,PRD140,86,32801.26,17,OK
INV007993,2024-11-30,STR19,PRD110,150,20193.0,19,OK
INV007994,2024-11-30,STR19,PRD016,2,880.02,6,Low
INV007995,2024-11-30,STR19,PRD031,20,1734.8,22,OK
INV007996,2024-11-30,STR19,PRD060,26,7208.76,30,OK
INV007997,2024-11-30,STR19,PRD111,8,1752.4,9,Low
INV007998,2024-11-30,STR19,PRD068,14,1102.78,10,OK
INV007999,2024-11-30,STR19,PRD080,113,51079.39,29,OK
INV008000,2024-11-30,STR19,PRD032,2,1039.36,7,Low
INV008001,2024-11-30,STR19,PRD074,35,9548.0,11,OK
INV008002,2024-11-30,STR19,PRD001,61,25695.03,9,OK
INV008003,2024-11-30,STR19,PRD050,117,17071.47,8,OK
INV008004,2024-11-30,STR19,PRD059,32,14875.52,9,OK
INV008005,2024-11-30,STR19,PRD066,139,48519.34,12,OK
INV008006,2024-11-30,STR19,PRD038,108,33714.36,19,OK
INV008007,2024-11-30,STR19,PRD058,124,6258.28,16,OK
INV008008,2024-11-30,STR19,PRD115,103,34329.9,29,OK
INV008009,2024-11-30,STR19,PRD103,121,60941.65,22,OK
INV008010,2024-11-30,STR19,PRD133,98,39783.1,25,OK
INV008011,2024-11-30,STR06,PRD146,149,64506.57,17,OK
INV008012,2024-11-30,STR06,PRD093,130,3252.6,20,OK
INV008013,2024-11-30,STR06,PRD131,51,9301.89,30,OK
INV008014,2024-11-30,STR06,PRD144,29,4582.0,10,OK
INV008015,2024-11-30,STR06,PRD122,127,12618.72,28,OK
INV008016,2024-11-30,STR06,PRD055,64,10178.56,19,OK
INV008017,2024-11-30,STR06,PRD013,30,8489.7,9,OK
INV008018,2024-11-30,STR06,PRD105,109,22716.69,5,OK
INV008019,2024-11-30,STR06,PRD104,134,67258.62,21,OK
INV008020,2024-11-30,STR06,PRD053,116,6424.08,10,OK
INV008021,2024-11-30,STR06,PRD089,129,64057.53,18,OK
INV008022,2024-11-30,STR06,PRD095,67,13274.71,13,OK
INV008023,2024-11-30,STR06,PRD001,47,19797.81,13,OK
INV008024,2024-11-30,STR06,PRD103,120,60438.0,19,OK
INV008025,2024-11-30,STR06,PRD051,75,23739.0,16,OK
INV008026,2024-11-30,STR06,PRD038,6,1873.02,20,Low
INV008027,2024-11-30,STR06,PRD042,132,44976.36,18,OK
INV008028,2024-11-30,STR06,PRD007,57,28848.27,24,OK
INV008029,2024-11-30,STR06,PRD022,38,5885.44,23,OK
INV008030,2024-11-30,STR06,PRD119,76,31376.6,10,OK
INV008031,2024-11-30,STR06,PRD116,110,39792.5,18,OK
INV008032,2024-11-30,STR06,PRD017,74,3453.58,23,OK
INV008033,2024-11-30,STR06,PRD061,120,62031.6,8,OK
INV008034,2024-11-30,STR06,PRD009,50,26318.5,16,OK
INV008035,2024-11-30,STR06,PRD020,23,10203.72,7,OK
INV008036,2024-11-30,STR06,PRD019,73,23157.79,22,OK
INV008037,2024-11-30,STR06,PRD060,66,18299.16,25,OK
INV008038,2024-11-30,STR06,PRD083,107,56947.54,20,OK
INV008039,2024-11-30,STR06,PRD032,134,69637.12,14,OK
INV008040,2024-11-30,STR06,PRD081,91,32995.69,25,OK
INV008041,2024-11-30,STR20,PRD003,138,46417.68,25,OK
INV008042,2024-11-30,STR20,PRD076,111,57908.7,20,OK
INV008043,2024-11-30,STR20,PRD145,15,7098.0,18,OK
INV008044,2024-11-30,STR20,PRD103,44,22160.6,16,OK
INV008045,2024-11-30,STR20,PRD098,147,40070.73,17,OK
INV008046,2024-11-30,STR20,PRD062,102,42084.18,8,OK
INV008047,2024-11-30,STR20,PRD052,21,8822.1,7,OK
INV008048,2024-11-30,STR20,PRD051,61,19307.72,7,OK
INV008049,2024-11-30,STR20,PRD105,53,11045.73,24,OK
INV008050,2024-11-30,STR20,PRD053,147,8140.86,30,OK
INV008051,2024-11-30,STR20,PRD071,108,19362.24,15,OK
INV008052,2024-11-30,STR20,PRD063,150,65017.5,30,OK
INV008053,2024-11-30,STR20,PRD102,100,44051.0,21,OK
INV008054,2024-11-30,STR20,PRD135,64,19981.44,24,OK
INV008055,2024-11-30,STR20,PRD121,12,2387.88,16,OK
INV008056,2024-11-30,STR20,PRD097,50,11484.0,29,OK
INV008057,2024-11-30,STR20,PRD069,13,4484.74,8,OK
INV008058,2024-11-30,STR20,PRD054,139,69392.97,30,OK
INV008059,2024-11-30,STR20,PRD057,89,30170.11,26,OK
INV008060,2024-11-30,STR20,PRD107,37,16849.43,24,OK
INV008061,2024-11-30,STR20,PRD088,24,9060.0,15,OK
INV008062,2024-11-30,STR20,PRD094,56,14840.0,18,OK
INV008063,2024-11-30,STR20,PRD111,72,15771.6,22,OK
INV008064,2024-11-30,STR20,PRD077,125,33816.25,25,OK
INV008065,2024-11-30,STR20,PRD044,56,2933.28,29,OK
INV008066,2024-11-30,STR20,PRD035,109,16716.24,25,OK
INV008067,2024-11-30,STR20,PRD119,127,52431.95,5,OK
INV008068,2024-11-30,STR20,PRD023,128,12273.92,13,OK
INV008069,2024-11-30,STR20,PRD034,54,20510.82,28,OK
INV008070,2024-11-30,STR20,PRD029,45,11497.95,15,OK
INV008071,2024-11-30,STR14,PRD039,145,46858.2,22,OK
INV008072,2024-11-30,STR14,PRD142,138,37812.0,23,OK
INV008073,2024-11-30,STR14,PRD018,11,5940.77,22,OK
INV008074,2024-11-30,STR14,PRD071,12,2151.36,21,OK
INV008075,2024-11-30,STR14,PRD036,51,22605.75,29,OK
INV008076,2024-11-30,STR14,PRD066,144,50264.64,27,OK
INV008077,2024-11-30,STR14,PRD061,128,66167.04,24,OK
INV008078,2024-11-30,STR14,PRD133,57,23139.15,14,OK
INV008079,2024-11-30,STR14,PRD080,95,42942.85,16,OK
INV008080,2024-11-30,STR14,PRD023,8,767.12,23,Low
INV008081,2024-11-30,STR14,PRD041,23,3133.29,30,OK
INV008082,2024-11-30,STR14,PRD137,138,66449.76,14,OK
INV008083,2024-11-30,STR14,PRD077,118,31922.54,24,OK
INV008084,2024-11-30,STR14,PRD109,4,1792.36,25,Low
INV008085,2024-11-30,STR14,PRD046,12,6493.68,22,OK
INV008086,2024-11-30,STR14,PRD003,69,23208.84,22,OK
INV008087,2024-11-30,STR14,PRD024,85,3146.7,11,OK
INV008088,2024-11-30,STR14,PRD054,87,43433.01,28,OK
INV008089,2024-11-30,STR14,PRD019,1,317.23,10,Low
INV008090,2024-11-30,STR14,PRD129,111,50976.75,21,OK
INV008091,2024-11-30,STR14,PRD060,0,0.0,21,Out of Stock
INV008092,2024-11-30,STR14,PRD034,102,38742.66,14,OK
INV008093,2024-11-30,STR14,PRD097,57,13091.76,18,OK
INV008094,2024-11-30,STR14,PRD127,142,65018.96,23,OK
INV008095,2024-11-30,STR14,PRD090,67,35855.72,6,OK
INV008096,2024-11-30,STR14,PRD053,109,6036.42,23,OK
INV008097,2024-11-30,STR14,PRD105,10,2084.1,20,OK
INV008098,2024-11-30,STR14,PRD055,72,11450.88,16,OK
INV008099,2024-11-30,STR14,PRD038,137,42767.29,24,OK
INV008100,2024-11-30,STR14,PRD148,111,35783.07,25,OK
INV008101,2024-11-30,STR16,PRD014,10,626.6,9,OK
INV008102,2024-11-30,STR16,PRD098,115,31347.85,18,OK
INV008103,2024-11-30,STR16,PRD007,10,5061.1,19,OK
INV008104,2024-11-30,STR16,PRD018,147,79390.29,27,OK
INV008105,2024-11-30,STR16,PRD080,27,12204.81,27,OK
INV008106,2024-11-30,STR16,PRD005,144,63969.12,18,OK
INV008107,2024-11-30,STR16,PRD097,32,7349.76,5,OK
INV008108,2024-11-30,STR16,PRD105,137,28552.17,24,OK
INV008109,2024-11-30,STR16,PRD055,115,18289.6,19,OK
INV008110,2024-11-30,STR16,PRD078,30,12223.5,24,OK
INV008111,2024-11-30,STR16,PRD061,88,45489.84,8,OK
INV008112,2024-11-30,STR16,PRD031,16,1387.84,21,OK
INV008113,2024-11-30,STR16,PRD144,136,21488.0,21,OK
INV008114,2024-11-30,STR16,PRD066,73,25481.38,7,OK
INV008115,2024-11-30,STR16,PRD068,18,1417.86,12,OK
INV008116,2024-11-30,STR16,PRD045,50,16735.5,10,OK
INV008117,2024-11-30,STR16,PRD032,41,21306.88,26,OK
INV008118,2024-11-30,STR16,PRD081,78,28282.02,11,OK
INV008119,2024-11-30,STR16,PRD115,122,40662.6,26,OK
INV008120,2024-11-30,STR16,PRD010,133,56715.19,25,OK
INV008121,2024-11-30,STR16,PRD139,16,2617.6,29,OK
INV008122,2024-11-30,STR16,PRD142,132,36168.0,7,OK
INV008123,2024-11-30,STR16,PRD120,93,3894.84,27,OK
INV008124,2024-11-30,STR16,PRD072,6,2436.78,29,Low
INV008125,2024-11-30,STR16,PRD083,107,56947.54,7,OK
INV008126,2024-11-30,STR16,PRD073,47,21033.44,6,OK
INV008127,2024-11-30,STR16,PRD128,67,10886.16,16,OK
INV008128,2024-11-30,STR16,PRD050,85,12402.35,22,OK
INV008129,2024-11-30,STR16,PRD043,102,8015.16,14,OK
INV008130,2024-11-30,STR16,PRD021,123,9407.04,7,OK
INV008131,2024-11-30,STR15,PRD069,116,40017.68,15,OK
INV008132,2024-11-30,STR15,PRD094,82,21730.0,21,OK
INV008133,2024-11-30,STR15,PRD015,119,62085.87,7,OK
INV008134,2024-11-30,STR15,PRD095,131,25955.03,22,OK
INV008135,2024-11-30,STR15,PRD139,7,1145.2,13,Low
INV008136,2024-11-30,STR15,PRD136,30,9351.3,8,OK
INV008137,2024-11-30,STR15,PRD133,124,50337.8,20,OK
INV008138,2024-11-30,STR15,PRD042,81,27599.13,16,OK
INV008139,2024-11-30,STR15,PRD109,99,44360.91,29,OK
INV008140,2024-11-30,STR15,PRD005,20,8884.6,12,OK
INV008141,2024-11-30,STR15,PRD047,39,10361.91,25,OK
INV008142,2024-11-30,STR15,PRD079,27,1830.06,9,OK
INV008143,2024-11-30,STR15,PRD147,91,6673.94,14,OK
INV008144,2024-11-30,STR15,PRD016,146,64241.46,29,OK
INV008145,2024-11-30,STR15,PRD101,36,4310.64,16,OK
INV008146,2024-11-30,STR15,PRD018,46,24843.22,23,OK
INV008147,2024-11-30,STR15,PRD007,107,54153.77,23,OK
INV008148,2024-11-30,STR15,PRD010,59,25159.37,28,OK
INV008149,2024-11-30,STR15,PRD104,136,68262.48,15,OK
INV008150,2024-11-30,STR15,PRD087,127,10156.19,23,OK
INV008151,2024-11-30,STR15,PRD050,43,6274.13,14,OK
INV008152,2024-11-30,STR15,PRD044,52,2723.76,27,OK
INV008153,2024-11-30,STR15,PRD056,25,12724.0,30,OK
INV008154,2024-11-30,STR15,PRD144,140,22120.0,22,OK
INV008155,2024-11-30,STR15,PRD072,4,1624.52,8,Low
INV008156,2024-11-30,STR15,PRD126,70,25445.0,5,OK
INV008157,2024-11-30,STR15,PRD137,28,13482.56,8,OK
INV008158,2024-11-30,STR15,PRD091,147,20957.79,23,OK
INV008159,2024-11-30,STR15,PRD036,0,0.0,29,Out of Stock
INV008160,2024-11-30,STR15,PRD071,17,3047.76,9,OK
INV008161,2024-11-30,STR17,PRD064,53,9204.51,10,OK
INV008162,2024-11-30,STR17,PRD047,149,39587.81,14,OK
INV008163,2024-11-30,STR17,PRD109,132,59147.88,25,OK
INV008164,2024-11-30,STR17,PRD089,98,48663.86,17,OK
INV008165,2024-11-30,STR17,PRD083,132,70253.04,10,OK
INV008166,2024-11-30,STR17,PRD141,25,5036.5,28,OK
INV008167,2024-11-30,STR17,PRD074,31,8456.8,24,OK
INV008168,2024-11-30,STR17,PRD102,107,47134.57,24,OK
INV008169,2024-11-30,STR17,PRD098,21,5724.39,9,OK
INV008170,2024-11-30,STR17,PRD086,91,42819.14,21,OK
INV008171,2024-11-30,STR17,PRD146,85,36799.05,14,OK
INV008172,2024-11-30,STR17,PRD035,80,12268.8,19,OK
INV008173,2024-11-30,STR17,PRD011,96,22174.08,13,OK
INV008174,2024-11-30,STR17,PRD123,138,11430.54,14,OK
INV008175,2024-11-30,STR17,PRD108,27,7226.28,11,OK
INV008176,2024-11-30,STR17,PRD068,83,6537.91,8,OK
INV008177,2024-11-30,STR17,PRD080,7,3164.21,15,Low
INV008178,2024-11-30,STR17,PRD076,53,27650.1,16,OK
INV008179,2024-11-30,STR17,PRD012,106,6482.96,16,OK
INV008180,2024-11-30,STR17,PRD001,2,842.46,24,Low
INV008181,2024-11-30,STR17,PRD044,144,7542.72,22,OK
INV008182,2024-11-30,STR17,PRD120,24,1005.12,14,OK
INV008183,2024-11-30,STR17,PRD125,114,22033.92,27,OK
INV008184,2024-11-30,STR17,PRD072,130,52796.9,9,OK
INV008185,2024-11-30,STR17,PRD135,11,3434.31,22,OK
INV008186,2024-11-30,STR17,PRD036,96,42552.0,6,OK
INV008187,2024-11-30,STR17,PRD133,64,25980.8,22,OK
INV008188,2024-11-30,STR17,PRD050,76,11089.16,28,OK
INV008189,2024-11-30,STR17,PRD051,91,28803.32,27,OK
INV008190,2024-11-30,STR17,PRD118,102,38093.94,20,OK
INV008191,2024-11-30,STR10,PRD051,27,8546.04,13,OK
INV008192,2024-11-30,STR10,PRD027,56,12398.4,20,OK
INV008193,2024-11-30,STR10,PRD131,48,8754.72,10,OK
INV008194,2024-11-30,STR10,PRD106,81,28162.89,26,OK
INV008195,2024-11-30,STR10,PRD021,75,5736.0,12,OK
INV008196,2024-11-30,STR10,PRD101,30,3592.2,17,OK
INV008197,2024-11-30,STR10,PRD124,106,56095.2,27,OK
INV008198,2024-11-30,STR10,PRD007,70,35427.7,13,OK
INV008199,2024-11-30,STR10,PRD120,53,2219.64,11,OK
INV008200,2024-11-30,STR10,PRD030,30,13351.5,16,OK
INV008201,2024-11-30,STR10,PRD028,134,10545.8,6,OK
INV008202,2024-11-30,STR10,PRD091,77,10977.89,14,OK
INV008203,2024-11-30,STR10,PRD069,20,6899.6,27,OK
INV008204,2024-11-30,STR10,PRD127,18,8241.84,18,OK
INV008205,2024-11-30,STR10,PRD088,112,42280.0,27,OK
INV008206,2024-11-30,STR10,PRD057,12,4067.88,13,OK
INV008207,2024-11-30,STR10,PRD050,92,13423.72,6,OK
INV008208,2024-11-30,STR10,PRD128,48,7799.04,18,OK
INV008209,2024-11-30,STR10,PRD087,51,4078.47,20,OK
INV008210,2024-11-30,STR10,PRD102,33,14536.83,25,OK
INV008211,2024-11-30,STR10,PRD094,89,23585.0,9,OK
INV008212,2024-11-30,STR10,PRD148,110,35460.7,7,OK
INV008213,2024-11-30,STR10,PRD097,20,4593.6,20,OK
INV008214,2024-11-30,STR10,PRD150,45,15964.2,21,OK
INV008215,2024-11-30,STR10,PRD113,56,9470.72,19,OK
INV008216,2024-11-30,STR10,PRD093,145,3627.9,21,OK
INV008217,2024-11-30,STR10,PRD132,105,24322.2,19,OK
INV008218,2024-11-30,STR10,PRD024,44,1628.88,30,OK
INV008219,2024-11-30,STR10,PRD103,103,51875.95,7,OK
INV008220,2024-11-30,STR10,PRD117,1,291.82,11,Low
INV008221,2024-11-30,STR03,PRD017,17,793.39,23,OK
INV008222,2024-11-30,STR03,PRD091,37,5275.09,5,OK
INV008223,2024-11-30,STR03,PRD105,136,28343.76,24,OK
INV008224,2024-11-30,STR03,PRD096,72,37536.48,28,OK
INV008225,2024-11-30,STR03,PRD024,42,1554.84,24,OK
INV008226,2024-11-30,STR03,PRD141,128,25786.88,19,OK
INV008227,2024-11-30,STR03,PRD074,102,27825.6,8,OK
INV008228,2024-11-30,STR03,PRD127,120,54945.6,21,OK
INV008229,2024-11-30,STR03,PRD099,93,9817.08,18,OK
INV008230,2024-11-30,STR03,PRD002,34,15638.3,26,OK
INV008231,2024-11-30,STR03,PRD144,21,3318.0,19,OK
INV008232,2024-11-30,STR03,PRD133,41,16643.95,20,OK
INV008233,2024-11-30,STR03,PRD054,42,20967.66,21,OK
INV008234,2024-11-30,STR03,PRD009,64,33687.68,8,OK
INV008235,2024-11-30,STR03,PRD101,83,9938.42,24,OK
INV008236,2024-11-30,STR03,PRD139,52,8507.2,29,OK
INV008237,2024-11-30,STR03,PRD070,27,11929.68,7,OK
INV008238,2024-11-30,STR03,PRD120,1,41.88,14,Low
INV008239,2024-11-30,STR03,PRD088,51,19252.5,27,OK
INV008240,2024-11-30,STR03,PRD114,141,37981.17,7,OK
INV008241,2024-11-30,STR03,PRD103,11,5540.15,18,OK
INV008242,2024-11-30,STR03,PRD086,15,7058.1,26,OK
INV008243,2024-11-30,STR03,PRD147,143,10487.62,15,OK
INV008244,2024-11-30,STR03,PRD046,109,58984.26,13,OK
INV008245,2024-11-30,STR03,PRD043,22,1728.76,13,OK
INV008246,2024-11-30,STR03,PRD148,96,30947.52,13,OK
INV008247,2024-11-30,STR03,PRD073,80,35801.6,25,OK
INV008248,2024-11-30,STR03,PRD110,68,9154.16,11,OK
INV008249,2024-11-30,STR03,PRD109,33,14786.97,7,OK
INV008250,2024-11-30,STR03,PRD094,143,37895.0,25,OK
INV008251,2024-11-30,STR13,PRD110,58,7807.96,23,OK
INV008252,2024-11-30,STR13,PRD080,77,34806.31,28,OK
INV008253,2024-11-30,STR13,PRD023,18,1726.02,17,OK
INV008254,2024-11-30,STR13,PRD089,111,55119.27,24,OK
INV008255,2024-11-30,STR13,PRD006,138,59905.8,10,OK
INV008256,2024-11-30,STR13,PRD037,88,17406.4,13,OK
INV008257,2024-11-30,STR13,PRD135,62,19357.02,23,OK
INV008258,2024-11-30,STR13,PRD030,98,43614.9,19,OK
INV008259,2024-11-30,STR13,PRD075,47,12882.7,17,OK
INV008260,2024-11-30,STR13,PRD115,28,9332.4,23,OK
INV008261,2024-11-30,STR13,PRD054,15,7488.45,13,OK
INV008262,2024-11-30,STR13,PRD088,119,44922.5,24,OK
INV008263,2024-11-30,STR13,PRD036,50,22162.5,27,OK
INV008264,2024-11-30,STR13,PRD060,134,37152.84,5,OK
INV008265,2024-11-30,STR13,PRD101,7,838.18,23,Low
INV008266,2024-11-30,STR13,PRD078,16,6519.2,25,OK
INV008267,2024-11-30,STR13,PRD046,44,23810.16,20,OK
INV008268,2024-11-30,STR13,PRD032,85,44172.8,20,OK
INV008269,2024-11-30,STR13,PRD129,83,38117.75,23,OK
INV008270,2024-11-30,STR13,PRD002,49,22537.55,6,OK
INV008271,2024-11-30,STR13,PRD016,49,21560.49,9,OK
INV008272,2024-11-30,STR13,PRD138,13,5168.41,22,OK
INV008273,2024-11-30,STR13,PRD063,144,62416.8,20,OK
INV008274,2024-11-30,STR13,PRD021,112,8565.76,10,OK
INV008275,2024-11-30,STR13,PRD070,0,0.0,20,Out of Stock
INV008276,2024-11-30,STR13,PRD091,88,12546.16,14,OK
INV008277,2024-11-30,STR13,PRD053,5,276.9,14,Low
INV008278,2024-11-30,STR13,PRD096,80,41707.2,29,OK
INV008279,2024-11-30,STR13,PRD059,73,33934.78,25,OK
INV008280,2024-11-30,STR13,PRD012,117,7155.72,9,OK
INV008281,2024-12-31,STR13,PRD150,105,37249.8,28,OK
INV008282,2024-12-31,STR13,PRD078,123,50116.35,26,OK
INV008283,2024-12-31,STR13,PRD122,107,10631.52,15,OK
INV008284,2024-12-31,STR13,PRD101,44,5268.56,26,OK
INV008285,2024-12-31,STR13,PRD009,55,28950.35,8,OK
INV008286,2024-12-31,STR13,PRD042,135,45998.55,14,OK
INV008287,2024-12-31,STR13,PRD104,10,5019.3,28,OK
INV008288,2024-12-31,STR13,PRD134,146,54652.18,11,OK
INV008289,2024-12-31,STR13,PRD038,16,4994.72,6,OK
INV008290,2024-12-31,STR13,PRD113,139,23507.68,12,OK
INV008291,2024-12-31,STR13,PRD115,123,40995.9,23,OK
INV008292,2024-12-31,STR13,PRD065,142,31744.1,15,OK
INV008293,2024-12-31,STR13,PRD139,93,15214.8,23,OK
INV008294,2024-12-31,STR13,PRD144,13,2054.0,14,OK
INV008295,2024-12-31,STR13,PRD103,14,7051.1,25,OK
INV008296,2024-12-31,STR13,PRD039,132,42657.12,9,OK
INV008297,2024-12-31,STR13,PRD107,15,6830.85,21,OK
INV008298,2024-12-31,STR13,PRD105,131,27301.71,8,OK
INV008299,2024-12-31,STR13,PRD027,122,27010.8,24,OK
INV008300,2024-12-31,STR13,PRD128,111,18035.28,24,OK
INV008301,2024-12-31,STR13,PRD032,135,70156.8,29,OK
INV008302,2024-12-31,STR13,PRD126,94,34169.0,23,OK
INV008303,2024-12-31,STR13,PRD096,128,66731.52,11,OK
INV008304,2024-12-31,STR13,PRD125,143,27639.04,13,OK
INV008305,2024-12-31,STR13,PRD011,74,17092.52,11,OK
INV008306,2024-12-31,STR13,PRD137,144,69338.88,5,OK
INV008307,2024-12-31,STR13,PRD049,111,4731.93,12,OK
INV008308,2024-12-31,STR13,PRD015,101,52694.73,19,OK
INV008309,2024-12-31,STR13,PRD050,52,7587.32,28,OK
INV008310,2024-12-31,STR13,PRD010,102,43495.86,14,OK
INV008311,2024-12-31,STR08,PRD070,147,64950.48,28,OK
INV008312,2024-12-31,STR08,PRD083,141,75043.02,5,OK
INV008313,2024-12-31,STR08,PRD143,149,27179.09,30,OK
INV008314,2024-12-31,STR08,PRD026,30,12751.2,17,OK
INV008315,2024-12-31,STR08,PRD052,116,48731.6,27,OK
INV008316,2024-12-31,STR08,PRD019,86,27281.78,24,OK
INV008317,2024-12-31,STR08,PRD085,29,3589.62,5,OK
INV008318,2024-12-31,STR08,PRD092,123,16340.55,29,OK
INV008319,2024-12-31,STR08,PRD028,37,2911.9,29,OK
INV008320,2024-12-31,STR08,PRD091,10,1425.7,22,OK
INV008321,2024-12-31,STR08,PRD150,110,39023.6,9,OK
INV008322,2024-12-31,STR08,PRD109,75,33606.75,26,OK
INV008323,2024-12-31,STR08,PRD040,44,15297.48,9,OK
INV008324,2024-12-31,STR08,PRD144,5,790.0,26,Low
INV008325,2024-12-31,STR08,PRD020,115,51018.6,26,OK
INV008326,2024-12-31,STR08,PRD104,79,39652.47,11,OK
INV008327,2024-12-31,STR08,PRD080,38,17177.14,25,OK
INV008328,2024-12-31,STR08,PRD049,97,4135.11,7,OK
INV008329,2024-12-31,STR08,PRD034,97,36843.51,24,OK
INV008330,2024-12-31,STR08,PRD106,112,38941.28,16,OK
INV008331,2024-12-31,STR08,PRD038,25,7804.25,8,OK
INV008332,2024-12-31,STR08,PRD063,129,55915.05,22,OK
INV008333,2024-12-31,STR08,PRD105,8,1667.28,12,Low
INV008334,2024-12-31,STR08,PRD060,95,26339.7,30,OK
INV008335,2024-12-31,STR08,PRD029,17,4343.67,22,OK
INV008336,2024-12-31,STR08,PRD012,68,4158.88,14,OK
INV008337,2024-12-31,STR08,PRD115,122,40662.6,22,OK
INV008338,2024-12-31,STR08,PRD041,14,1907.22,8,OK
INV008339,2024-12-31,STR08,PRD148,52,16763.24,21,OK
INV008340,2024-12-31,STR08,PRD117,50,14591.0,9,OK
INV008341,2024-12-31,STR07,PRD106,92,31987.48,17,OK
INV008342,2024-12-31,STR07,PRD040,55,19121.85,7,OK
INV008343,2024-12-31,STR07,PRD038,82,25597.94,22,OK
INV008344,2024-12-31,STR07,PRD103,76,38277.4,18,OK
INV008345,2024-12-31,STR07,PRD044,40,2095.2,9,OK
INV008346,2024-12-31,STR07,PRD069,68,23458.64,10,OK
INV008347,2024-12-31,STR07,PRD046,145,78465.3,21,OK
INV008348,2024-12-31,STR07,PRD115,49,16331.7,8,OK
INV008349,2024-12-31,STR07,PRD063,61,26440.45,13,OK
INV008350,2024-12-31,STR07,PRD015,14,7304.22,10,OK
INV008351,2024-12-31,STR07,PRD148,116,37394.92,16,OK
INV008352,2024-12-31,STR07,PRD010,51,21747.93,19,OK
INV008353,2024-12-31,STR07,PRD004,66,18365.16,22,OK
INV008354,2024-12-31,STR07,PRD136,103,32106.13,8,OK
INV008355,2024-12-31,STR07,PRD022,92,14248.96,30,OK
INV008356,2024-12-31,STR07,PRD068,100,7877.0,21,OK
INV008357,2024-12-31,STR07,PRD002,74,34036.3,18,OK
INV008358,2024-12-31,STR07,PRD073,144,64442.88,5,OK
INV008359,2024-12-31,STR07,PRD096,29,15118.86,16,OK
INV008360,2024-12-31,STR07,PRD133,97,39377.15,25,OK
INV008361,2024-12-31,STR07,PRD043,57,4479.06,13,OK
INV008362,2024-12-31,STR07,PRD028,133,10467.1,22,OK
INV008363,2024-12-31,STR07,PRD032,0,0.0,22,Out of Stock
INV008364,2024-12-31,STR07,PRD023,40,3835.6,26,OK
INV008365,2024-12-31,STR07,PRD017,36,1680.12,15,OK
INV008366,2024-12-31,STR07,PRD030,16,7120.8,14,OK
INV008367,2024-12-31,STR07,PRD107,98,44628.22,23,OK
INV008368,2024-12-31,STR07,PRD092,44,5845.4,21,OK
INV008369,2024-12-31,STR07,PRD095,23,4556.99,28,OK
INV008370,2024-12-31,STR07,PRD087,51,4078.47,22,OK
INV008371,2024-12-31,STR04,PRD113,5,845.6,27,Low
INV008372,2024-12-31,STR04,PRD003,99,33299.64,14,OK
INV008373,2024-12-31,STR04,PRD107,39,17760.21,21,OK
INV008374,2024-12-31,STR04,PRD148,28,9026.36,17,OK
INV008375,2024-12-31,STR04,PRD036,114,50530.5,17,OK
INV008376,2024-12-31,STR04,PRD076,64,33388.8,11,OK
INV008377,2024-12-31,STR04,PRD142,138,37812.0,20,OK
INV008378,2024-12-31,STR04,PRD044,36,1885.68,7,OK
INV008379,2024-12-31,STR04,PRD079,56,3795.68,30,OK
INV008380,2024-12-31,STR04,PRD053,71,3931.98,16,OK
INV008381,2024-12-31,STR04,PRD077,76,20560.28,28,OK
INV008382,2024-12-31,STR04,PRD054,135,67396.05,30,OK
INV008383,2024-12-31,STR04,PRD140,15,5721.15,28,OK
INV008384,2024-12-31,STR04,PRD133,141,57238.95,11,OK
INV008385,2024-12-31,STR04,PRD111,61,13362.05,22,OK
INV008386,2024-12-31,STR04,PRD075,140,38374.0,30,OK
INV008387,2024-12-31,STR04,PRD001,8,3369.84,8,Low
INV008388,2024-12-31,STR04,PRD139,84,13742.4,16,OK
INV008389,2024-12-31,STR04,PRD049,137,5840.31,16,OK
INV008390,2024-12-31,STR04,PRD099,53,5594.68,13,OK
INV008391,2024-12-31,STR04,PRD129,72,33066.0,5,OK
INV008392,2024-12-31,STR04,PRD028,118,9286.6,6,OK
INV008393,2024-12-31,STR04,PRD118,27,10083.69,25,OK
INV008394,2024-12-31,STR04,PRD056,142,72272.32,10,OK
INV008395,2024-12-31,STR04,PRD052,27,11342.7,9,OK
INV008396,2024-12-31,STR04,PRD071,90,16135.2,28,OK
INV008397,2024-12-31,STR04,PRD040,71,24684.57,19,OK
INV008398,2024-12-31,STR04,PRD150,67,23768.92,14,OK
INV008399,2024-12-31,STR04,PRD128,27,4386.96,14,OK
INV008400,2024-12-31,STR04,PRD013,49,13866.51,19,OK
INV008401,2024-12-31,STR18,PRD083,86,45770.92,11,OK
INV008402,2024-12-31,STR18,PRD061,16,8270.88,15,OK
INV008403,2024-12-31,STR18,PRD046,55,29762.7,9,OK
INV008404,2024-12-31,STR18,PRD084,116,37418.12,16,OK
INV008405,2024-12-31,STR18,PRD025,32,7372.16,10,OK
INV008406,2024-12-31,STR18,PRD045,36,12049.56,17,OK
INV008407,2024-12-31,STR18,PRD017,117,5460.39,12,OK
INV008408,2024-12-31,STR18,PRD147,69,5060.46,21,OK
INV008409,2024-12-31,STR18,PRD109,117,52426.53,15,OK
INV008410,2024-12-31,STR18,PRD066,57,19896.42,5,OK
INV008411,2024-12-31,STR18,PRD052,44,18484.4,17,OK
INV008412,2024-12-31,STR18,PRD053,7,387.66,25,Low
INV008413,2024-12-31,STR18,PRD143,25,4560.25,13,OK
INV008414,2024-12-31,STR18,PRD092,138,18333.3,30,OK
INV008415,2024-12-31,STR18,PRD124,74,39160.8,28,OK
INV008416,2024-12-31,STR18,PRD078,150,61117.5,13,OK
INV008417,2024-12-31,STR18,PRD007,95,48080.45,8,OK
INV008418,2024-12-31,STR18,PRD060,81,22458.06,6,OK
INV008419,2024-12-31,STR18,PRD048,67,6738.19,9,OK
INV008420,2024-12-31,STR18,PRD008,27,6124.95,22,OK
INV008421,2024-12-31,STR18,PRD036,103,45654.75,29,OK
INV008422,2024-12-31,STR18,PRD033,52,6008.08,22,OK
INV008423,2024-12-31,STR18,PRD085,2,247.56,15,Low
INV008424,2024-12-31,STR18,PRD041,117,15938.91,21,OK
INV008425,2024-12-31,STR18,PRD128,95,15435.6,20,OK
INV008426,2024-12-31,STR18,PRD077,18,4869.54,19,OK
INV008427,2024-12-31,STR18,PRD018,135,72909.45,26,OK
INV008428,2024-12-31,STR18,PRD126,115,41802.5,20,OK
INV008429,2024-12-31,STR18,PRD093,20,500.4,13,OK
INV008430,2024-12-31,STR18,PRD015,121,63129.33,24,OK
INV008431,2024-12-31,STR09,PRD050,94,13715.54,8,OK
INV008432,2024-12-31,STR09,PRD113,22,3720.64,11,OK
INV008433,2024-12-31,STR09,PRD074,44,12003.2,30,OK
INV008434,2024-12-31,STR09,PRD109,38,17027.42,18,OK
INV008435,2024-12-31,STR09,PRD093,33,825.66,19,OK
INV008436,2024-12-31,STR09,PRD142,115,31510.0,9,OK
INV008437,2024-12-31,STR09,PRD081,48,17404.32,17,OK
INV008438,2024-12-31,STR09,PRD024,86,3183.72,14,OK
INV008439,2024-12-31,STR09,PRD042,14,4770.22,8,OK
INV008440,2024-12-31,STR09,PRD090,89,47629.24,26,OK
INV008441,2024-12-31,STR09,PRD040,102,35462.34,24,OK
INV008442,2024-12-31,STR09,PRD150,100,35476.0,23,OK
INV008443,2024-12-31,STR09,PRD145,64,30284.8,19,OK
INV008444,2024-12-31,STR09,PRD045,74,24768.54,30,OK
INV008445,2024-12-31,STR09,PRD060,32,8872.32,16,OK
INV008446,2024-12-31,STR09,PRD028,3,236.1,21,Low
INV008447,2024-12-31,STR09,PRD026,51,21677.04,26,OK
INV008448,2024-12-31,STR09,PRD085,139,17205.42,9,OK
INV008449,2024-12-31,STR09,PRD058,60,3028.2,10,OK
INV008450,2024-12-31,STR09,PRD115,79,26330.7,11,OK
INV008451,2024-12-31,STR09,PRD130,102,3205.86,18,OK
INV008452,2024-12-31,STR09,PRD052,77,32347.7,17,OK
INV008453,2024-12-31,STR09,PRD136,36,11221.56,26,OK
INV008454,2024-12-31,STR09,PRD107,128,58289.92,17,OK
INV008455,2024-12-31,STR09,PRD131,66,12037.74,5,OK
INV008456,2024-12-31,STR09,PRD079,73,4947.94,23,OK
INV008457,2024-12-31,STR09,PRD086,75,35290.5,17,OK
INV008458,2024-12-31,STR09,PRD013,113,31977.87,26,OK
INV008459,2024-12-31,STR09,PRD097,36,8268.48,20,OK
INV008460,2024-12-31,STR09,PRD125,65,12563.2,11,OK
INV008461,2024-12-31,STR06,PRD130,145,4557.35,30,OK
INV008462,2024-12-31,STR06,PRD037,50,9890.0,10,OK
INV008463,2024-12-31,STR06,PRD021,4,305.92,14,Low
INV008464,2024-12-31,STR06,PRD099,39,4116.84,30,OK
INV008465,2024-12-31,STR06,PRD005,133,59082.59,29,OK
INV008466,2024-12-31,STR06,PRD096,49,25545.66,9,OK
INV008467,2024-12-31,STR06,PRD080,107,48367.21,5,OK
INV008468,2024-12-31,STR06,PRD017,12,560.04,16,OK
INV008469,2024-12-31,STR06,PRD082,139,67128.66,19,OK
INV008470,2024-12-31,STR06,PRD083,9,4789.98,15,Low
INV008471,2024-12-31,STR06,PRD063,0,0.0,29,Out of Stock
INV008472,2024-12-31,STR06,PRD079,39,2643.42,6,OK
INV008473,2024-12-31,STR06,PRD098,106,28894.54,14,OK
INV008474,2024-12-31,STR06,PRD024,141,5219.82,21,OK
INV008475,2024-12-31,STR06,PRD107,113,51459.07,18,OK
INV008476,2024-12-31,STR06,PRD093,87,2176.74,7,OK
INV008477,2024-12-31,STR06,PRD030,132,58746.6,20,OK
INV008478,2024-12-31,STR06,PRD058,9,454.23,26,Low
INV008479,2024-12-31,STR06,PRD124,107,56624.4,22,OK
INV008480,2024-12-31,STR06,PRD025,60,13822.8,12,OK
INV008481,2024-12-31,STR06,PRD051,75,23739.0,5,OK
INV008482,2024-12-31,STR06,PRD027,7,1549.8,24,Low
INV008483,2024-12-31,STR06,PRD020,101,44807.64,15,OK
INV008484,2024-12-31,STR06,PRD012,6,366.96,29,Low
INV008485,2024-12-31,STR06,PRD088,67,25292.5,27,OK
INV008486,2024-12-31,STR06,PRD071,20,3585.6,11,OK
INV008487,2024-12-31,STR06,PRD016,70,30800.7,21,OK
INV008488,2024-12-31,STR06,PRD137,33,15890.16,21,OK
INV008489,2024-12-31,STR06,PRD120,99,4146.12,30,OK
INV008490,2024-12-31,STR06,PRD028,60,4722.0,6,OK
INV008491,2024-12-31,STR01,PRD088,102,38505.0,26,OK
INV008492,2024-12-31,STR01,PRD107,100,45539.0,27,OK
INV008493,2024-12-31,STR01,PRD029,69,17630.19,5,OK
INV008494,2024-12-31,STR01,PRD006,123,53394.3,17,OK
INV008495,2024-12-31,STR01,PRD037,4,791.2,22,Low
INV008496,2024-12-31,STR01,PRD146,37,16018.41,27,OK
INV008497,2024-12-31,STR01,PRD117,133,38812.06,30,OK
INV008498,2024-12-31,STR01,PRD041,59,8037.57,16,OK
INV008499,2024-12-31,STR01,PRD103,127,63963.55,8,OK
INV008500,2024-12-31,STR01,PRD066,22,7679.32,23,OK
INV008501,2024-12-31,STR01,PRD008,66,14972.1,22,OK
INV008502,2024-12-31,STR01,PRD126,60,21810.0,7,OK
INV008503,2024-12-31,STR01,PRD013,64,18111.36,14,OK
INV008504,2024-12-31,STR01,PRD081,19,6889.21,10,OK
INV008505,2024-12-31,STR01,PRD055,40,6361.6,7,OK
INV008506,2024-12-31,STR01,PRD043,141,11079.78,8,OK
INV008507,2024-12-31,STR01,PRD022,45,6969.6,18,OK
INV008508,2024-12-31,STR01,PRD015,115,59998.95,20,OK
INV008509,2024-12-31,STR01,PRD101,64,7663.36,9,OK
INV008510,2024-12-31,STR01,PRD072,119,48329.47,15,OK
INV008511,2024-12-31,STR01,PRD138,103,40949.71,18,OK
INV008512,2024-12-31,STR01,PRD054,103,51420.69,5,OK
INV008513,2024-12-31,STR01,PRD057,64,21695.36,18,OK
INV008514,2024-12-31,STR01,PRD049,127,5414.01,9,OK
INV008515,2024-12-31,STR01,PRD118,111,41455.17,6,OK
INV008516,2024-12-31,STR01,PRD112,111,37500.24,19,OK
INV008517,2024-12-31,STR01,PRD115,26,8665.8,28,OK
INV008518,2024-12-31,STR01,PRD147,83,6087.22,7,OK
INV008519,2024-12-31,STR01,PRD119,42,17339.7,29,OK
INV008520,2024-12-31,STR01,PRD149,91,28987.14,5,OK
INV008521,2024-12-31,STR03,PRD122,67,6657.12,8,OK
INV008522,2024-12-31,STR03,PRD065,97,21684.35,12,OK
INV008523,2024-12-31,STR03,PRD054,77,38440.71,12,OK
INV008524,2024-12-31,STR03,PRD139,3,490.8,20,Low
INV008525,2024-12-31,STR03,PRD007,113,57190.43,6,OK
INV008526,2024-12-31,STR03,PRD089,18,8938.26,14,OK
INV008527,2024-12-31,STR03,PRD134,135,50534.55,20,OK
INV008528,2024-12-31,STR03,PRD092,89,11823.65,11,OK
INV008529,2024-12-31,STR03,PRD001,59,24852.57,13,OK
INV008530,2024-12-31,STR03,PRD016,95,41800.95,13,OK
INV008531,2024-12-31,STR03,PRD135,24,7493.04,5,OK
INV008532,2024-12-31,STR03,PRD017,87,4060.29,7,OK
INV008533,2024-12-31,STR03,PRD087,64,5118.08,27,OK
INV008534,2024-12-31,STR03,PRD127,136,62271.68,17,OK
INV008535,2024-12-31,STR03,PRD100,110,47008.5,10,OK
INV008536,2024-12-31,STR03,PRD136,102,31794.42,29,OK
INV008537,2024-12-31,STR03,PRD005,26,11549.98,23,OK
INV008538,2024-12-31,STR03,PRD059,42,19524.12,11,OK
INV008539,2024-12-31,STR03,PRD050,61,8900.51,14,OK
INV008540,2024-12-31,STR03,PRD010,65,27717.95,22,OK
INV008541,2024-12-31,STR03,PRD031,141,12230.34,13,OK
INV008542,2024-12-31,STR03,PRD042,104,35435.92,14,OK
INV008543,2024-12-31,STR03,PRD101,33,3951.42,11,OK
INV008544,2024-12-31,STR03,PRD116,122,44133.5,26,OK
INV008545,2024-12-31,STR03,PRD105,120,25009.2,13,OK
INV008546,2024-12-31,STR03,PRD124,68,35985.6,21,OK
INV008547,2024-12-31,STR03,PRD142,145,39730.0,20,OK
INV008548,2024-12-31,STR03,PRD097,39,8957.52,29,OK
INV008549,2024-12-31,STR03,PRD058,29,1463.63,20,OK
INV008550,2024-12-31,STR03,PRD041,78,10625.94,13,OK
INV008551,2024-12-31,STR02,PRD019,71,22523.33,20,OK
INV008552,2024-12-31,STR02,PRD133,147,59674.65,12,OK
INV008553,2024-12-31,STR02,PRD038,72,22476.24,19,OK
INV008554,2024-12-31,STR02,PRD099,75,7917.0,5,OK
INV008555,2024-12-31,STR02,PRD063,106,45945.7,30,OK
INV008556,2024-12-31,STR02,PRD016,122,53681.22,24,OK
INV008557,2024-12-31,STR02,PRD001,142,59814.66,19,OK
INV008558,2024-12-31,STR02,PRD115,64,21331.2,12,OK
INV008559,2024-12-31,STR02,PRD013,76,21507.24,26,OK
INV008560,2024-12-31,STR02,PRD033,120,13864.8,21,OK
INV008561,2024-12-31,STR02,PRD034,109,41401.47,26,OK
INV008562,2024-12-31,STR02,PRD093,33,825.66,17,OK
INV008563,2024-12-31,STR02,PRD095,24,4755.12,27,OK
INV008564,2024-12-31,STR02,PRD056,14,7125.44,7,OK
INV008565,2024-12-31,STR02,PRD043,26,2043.08,26,OK
INV008566,2024-12-31,STR02,PRD148,92,29658.04,23,OK
INV008567,2024-12-31,STR02,PRD068,77,6065.29,29,OK
INV008568,2024-12-31,STR02,PRD003,44,14799.84,12,OK
INV008569,2024-12-31,STR02,PRD076,110,57387.0,21,OK
INV008570,2024-12-31,STR02,PRD026,102,43354.08,11,OK
INV008571,2024-12-31,STR02,PRD002,11,5059.45,27,OK
INV008572,2024-12-31,STR02,PRD051,53,16775.56,19,OK
INV008573,2024-12-31,STR02,PRD088,61,23027.5,23,OK
INV008574,2024-12-31,STR02,PRD017,108,5040.36,6,OK
INV008575,2024-12-31,STR02,PRD023,2,191.78,30,Low
INV008576,2024-12-31,STR02,PRD036,76,33687.0,6,OK
INV008577,2024-12-31,STR02,PRD111,51,11171.55,27,OK
INV008578,2024-12-31,STR02,PRD073,109,48779.68,18,OK
INV008579,2024-12-31,STR02,PRD118,116,43322.52,20,OK
INV008580,2024-12-31,STR02,PRD128,122,19822.56,13,OK
INV008581,2024-12-31,STR17,PRD033,111,12824.94,23,OK
INV008582,2024-12-31,STR17,PRD013,90,25469.1,23,OK
INV008583,2024-12-31,STR17,PRD115,101,33663.3,7,OK
INV008584,2024-12-31,STR17,PRD031,87,7546.38,28,OK
INV008585,2024-12-31,STR17,PRD137,16,7704.32,17,OK
INV008586,2024-12-31,STR17,PRD009,114,60006.18,5,OK
INV008587,2024-12-31,STR17,PRD083,123,65463.06,28,OK
INV008588,2024-12-31,STR17,PRD114,115,30977.55,24,OK
INV008589,2024-12-31,STR17,PRD081,124,44961.16,22,OK
INV008590,2024-12-31,STR17,PRD018,35,18902.45,17,OK
INV008591,2024-12-31,STR17,PRD135,2,624.42,10,Low
INV008592,2024-12-31,STR17,PRD126,120,43620.0,6,OK
INV008593,2024-12-31,STR17,PRD121,70,13929.3,19,OK
INV008594,2024-12-31,STR17,PRD087,32,2559.04,17,OK
INV008595,2024-12-31,STR17,PRD045,84,28115.64,13,OK
INV008596,2024-12-31,STR17,PRD133,98,39783.1,7,OK
INV008597,2024-12-31,STR17,PRD098,133,36254.47,27,OK
INV008598,2024-12-31,STR17,PRD108,89,23819.96,23,OK
INV008599,2024-12-31,STR17,PRD055,12,1908.48,27,OK
INV008600,2024-12-31,STR17,PRD112,41,13851.44,5,OK
INV008601,2024-12-31,STR17,PRD120,107,4481.16,10,OK
INV008602,2024-12-31,STR17,PRD130,70,2200.1,29,OK
INV008603,2024-12-31,STR17,PRD125,19,3672.32,30,OK
INV008604,2024-12-31,STR17,PRD004,114,31721.64,13,OK
INV008605,2024-12-31,STR17,PRD094,37,9805.0,25,OK
INV008606,2024-12-31,STR17,PRD129,52,23881.0,13,OK
INV008607,2024-12-31,STR17,PRD030,99,44059.95,29,OK
INV008608,2024-12-31,STR17,PRD097,0,0.0,21,Out of Stock
INV008609,2024-12-31,STR17,PRD131,38,6930.82,16,OK
INV008610,2024-12-31,STR17,PRD028,44,3462.8,5,OK
INV008611,2024-12-31,STR20,PRD139,0,0.0,11,Out of Stock
INV008612,2024-12-31,STR20,PRD119,134,55321.9,26,OK
INV008613,2024-12-31,STR20,PRD082,63,30425.22,7,OK
INV008614,2024-12-31,STR20,PRD037,49,9692.2,13,OK
INV008615,2024-12-31,STR20,PRD008,58,13157.3,16,OK
INV008616,2024-12-31,STR20,PRD111,67,14676.35,26,OK
INV008617,2024-12-31,STR20,PRD106,13,4519.97,30,OK
INV008618,2024-12-31,STR20,PRD130,25,785.75,28,OK
INV008619,2024-12-31,STR20,PRD014,119,7456.54,11,OK
INV008620,2024-12-31,STR20,PRD115,70,23331.0,24,OK
INV008621,2024-12-31,STR20,PRD142,103,28222.0,15,OK
INV008622,2024-12-31,STR20,PRD102,93,40967.43,18,OK
INV008623,2024-12-31,STR20,PRD048,39,3922.23,6,OK
INV008624,2024-12-31,STR20,PRD020,36,15971.04,12,OK
INV008625,2024-12-31,STR20,PRD068,80,6301.6,16,OK
INV008626,2024-12-31,STR20,PRD133,147,59674.65,12,OK
INV008627,2024-12-31,STR20,PRD052,1,420.1,23,Low
INV008628,2024-12-31,STR20,PRD025,63,14513.94,30,OK
INV008629,2024-12-31,STR20,PRD147,48,3520.32,5,OK
INV008630,2024-12-31,STR20,PRD131,132,24075.48,22,OK
INV008631,2024-12-31,STR20,PRD057,5,1694.95,15,Low
INV008632,2024-12-31,STR20,PRD043,77,6050.66,23,OK
INV008633,2024-12-31,STR20,PRD135,85,26537.85,11,OK
INV008634,2024-12-31,STR20,PRD105,47,9795.27,21,OK
INV008635,2024-12-31,STR20,PRD004,58,16139.08,7,OK
INV008636,2024-12-31,STR20,PRD129,16,7348.0,20,OK
INV008637,2024-12-31,STR20,PRD058,15,757.05,8,OK
INV008638,2024-12-31,STR20,PRD094,8,2120.0,25,Low
INV008639,2024-12-31,STR20,PRD126,148,53798.0,23,OK
INV008640,2024-12-31,STR20,PRD046,67,36256.38,6,OK
INV008641,2025-01-31,STR17,PRD048,44,4425.08,10,OK
INV008642,2025-01-31,STR17,PRD095,69,13670.97,7,OK
INV008643,2025-01-31,STR17,PRD098,69,18808.71,29,OK
INV008644,2025-01-31,STR17,PRD138,18,7156.26,17,OK
INV008645,2025-01-31,STR17,PRD083,97,51625.34,13,OK
INV008646,2025-01-31,STR17,PRD066,8,2792.48,5,Low
INV008647,2025-01-31,STR17,PRD114,31,8350.47,10,OK
INV008648,2025-01-31,STR17,PRD022,144,22302.72,23,OK
INV008649,2025-01-31,STR17,PRD070,23,10162.32,23,OK
INV008650,2025-01-31,STR17,PRD036,18,7978.5,5,OK
INV008651,2025-01-31,STR17,PRD093,128,3202.56,23,OK
INV008652,2025-01-31,STR17,PRD150,14,4966.64,28,OK
INV008653,2025-01-31,STR17,PRD145,32,15142.4,25,OK
INV008654,2025-01-31,STR17,PRD130,30,942.9,5,OK
INV008655,2025-01-31,STR17,PRD016,34,14960.34,15,OK
INV008656,2025-01-31,STR17,PRD086,14,6587.56,6,OK
INV008657,2025-01-31,STR17,PRD085,2,247.56,24,Low
INV008658,2025-01-31,STR17,PRD131,29,5289.31,30,OK
INV008659,2025-01-31,STR17,PRD122,41,4073.76,11,OK
INV008660,2025-01-31,STR17,PRD118,135,50418.45,29,OK
INV008661,2025-01-31,STR17,PRD121,89,17710.11,7,OK
INV008662,2025-01-31,STR17,PRD128,126,20472.48,6,OK
INV008663,2025-01-31,STR17,PRD105,107,22299.87,19,OK
INV008664,2025-01-31,STR17,PRD035,108,16562.88,30,OK
INV008665,2025-01-31,STR17,PRD149,95,30261.3,9,OK
INV008666,2025-01-31,STR17,PRD077,36,9739.08,20,OK
INV008667,2025-01-31,STR17,PRD117,79,23053.78,19,OK
INV008668,2025-01-31,STR17,PRD127,144,65934.72,27,OK
INV008669,2025-01-31,STR17,PRD104,70,35135.1,28,OK
INV008670,2025-01-31,STR17,PRD062,56,23105.04,29,OK
INV008671,2025-01-31,STR16,PRD107,11,5009.29,21,OK
INV008672,2025-01-31,STR16,PRD046,135,73053.9,19,OK
INV008673,2025-01-31,STR16,PRD060,87,24121.62,25,OK
INV008674,2025-01-31,STR16,PRD028,101,7948.7,13,OK
INV008675,2025-01-31,STR16,PRD044,66,3457.08,22,OK
INV008676,2025-01-31,STR16,PRD125,73,14109.44,9,OK
INV008677,2025-01-31,STR16,PRD007,133,67312.63,6,OK
INV008678,2025-01-31,STR16,PRD089,69,34263.33,21,OK
INV008679,2025-01-31,STR16,PRD136,58,18079.18,9,OK
INV008680,2025-01-31,STR16,PRD083,8,4257.76,22,Low
INV008681,2025-01-31,STR16,PRD090,14,7492.24,24,OK
INV008682,2025-01-31,STR16,PRD135,103,32157.63,25,OK
INV008683,2025-01-31,STR16,PRD149,98,31216.92,29,OK
INV008684,2025-01-31,STR16,PRD021,0,0.0,24,Out of Stock
INV008685,2025-01-31,STR16,PRD126,7,2544.5,23,Low
INV008686,2025-01-31,STR16,PRD070,46,20324.64,25,OK
INV008687,2025-01-31,STR16,PRD016,78,34320.78,25,OK
INV008688,2025-01-31,STR16,PRD032,27,14031.36,25,OK
INV008689,2025-01-31,STR16,PRD053,115,6368.7,12,OK
INV008690,2025-01-31,STR16,PRD146,140,60610.2,6,OK
INV008691,2025-01-31,STR16,PRD094,19,5035.0,19,OK
INV008692,2025-01-31,STR16,PRD110,142,19116.04,19,OK
INV008693,2025-01-31,STR16,PRD087,124,9916.28,27,OK
INV008694,2025-01-31,STR16,PRD150,100,35476.0,12,OK
INV008695,2025-01-31,STR16,PRD012,118,7216.88,16,OK
INV008696,2025-01-31,STR16,PRD118,107,39961.29,12,OK
INV008697,2025-01-31,STR16,PRD064,55,9551.85,29,OK
INV008698,2025-01-31,STR16,PRD140,92,35089.72,14,OK
INV008699,2025-01-31,STR16,PRD103,69,34751.85,14,OK
INV008700,2025-01-31,STR16,PRD079,12,813.36,24,OK
INV008701,2025-01-31,STR12,PRD097,57,13091.76,14,OK
INV008702,2025-01-31,STR12,PRD068,123,9688.71,7,OK
INV008703,2025-01-31,STR12,PRD091,115,16395.55,5,OK
INV008704,2025-01-31,STR12,PRD066,138,48170.28,20,OK
INV008705,2025-01-31,STR12,PRD140,146,55685.86,23,OK
INV008706,2025-01-31,STR12,PRD052,62,26046.2,13,OK
INV008707,2025-01-31,STR12,PRD027,53,11734.2,16,OK
INV008708,2025-01-31,STR12,PRD002,29,13338.55,28,OK
INV008709,2025-01-31,STR12,PRD023,126,12082.14,20,OK
INV008710,2025-01-31,STR12,PRD102,140,61671.4,14,OK
INV008711,2025-01-31,STR12,PRD099,89,9394.84,25,OK
INV008712,2025-01-31,STR12,PRD045,21,7028.91,16,OK
INV008713,2025-01-31,STR12,PRD105,102,21257.82,14,OK
INV008714,2025-01-31,STR12,PRD047,77,20458.13,15,OK
INV008715,2025-01-31,STR12,PRD080,141,63736.23,17,OK
INV008716,2025-01-31,STR12,PRD018,85,45905.95,9,OK
INV008717,2025-01-31,STR12,PRD137,129,62116.08,6,OK
INV008718,2025-01-31,STR12,PRD125,98,18941.44,8,OK
INV008719,2025-01-31,STR12,PRD032,50,25984.0,7,OK
INV008720,2025-01-31,STR12,PRD038,14,4370.38,26,OK
INV008721,2025-01-31,STR12,PRD044,42,2199.96,20,OK
INV008722,2025-01-31,STR12,PRD141,147,29614.62,8,OK
INV008723,2025-01-31,STR12,PRD096,127,66210.18,10,OK
INV008724,2025-01-31,STR12,PRD083,46,24482.12,20,OK
INV008725,2025-01-31,STR12,PRD124,71,37573.2,9,OK
INV008726,2025-01-31,STR12,PRD108,12,3211.68,23,OK
INV008727,2025-01-31,STR12,PRD144,133,21014.0,9,OK
INV008728,2025-01-31,STR12,PRD037,85,16813.0,25,OK
INV008729,2025-01-31,STR12,PRD005,40,17769.2,20,OK
INV008730,2025-01-31,STR12,PRD130,29,911.47,9,OK
INV008731,2025-01-31,STR05,PRD074,13,3546.4,17,OK
INV008732,2025-01-31,STR05,PRD055,112,17812.48,26,OK
INV008733,2025-01-31,STR05,PRD053,120,6645.6,25,OK
INV008734,2025-01-31,STR05,PRD142,14,3836.0,11,OK
INV008735,2025-01-31,STR05,PRD030,37,16466.85,30,OK
INV008736,2025-01-31,STR05,PRD125,116,22420.48,17,OK
INV008737,2025-01-31,STR05,PRD079,94,6371.32,24,OK
INV008738,2025-01-31,STR05,PRD149,113,35995.02,26,OK
INV008739,2025-01-31,STR05,PRD029,51,13031.01,23,OK
INV008740,2025-01-31,STR05,PRD108,11,2944.04,20,OK
INV008741,2025-01-31,STR05,PRD011,27,6236.46,13,OK
INV008742,2025-01-31,STR05,PRD097,71,16307.28,11,OK
INV008743,2025-01-31,STR05,PRD027,17,3763.8,20,OK
INV008744,2025-01-31,STR05,PRD005,72,31984.56,14,OK
INV008745,2025-01-31,STR05,PRD019,116,36798.68,12,OK
INV008746,2025-01-31,STR05,PRD031,91,7893.34,9,OK
INV008747,2025-01-31,STR05,PRD003,30,10090.8,16,OK
INV008748,2025-01-31,STR05,PRD099,114,12033.84,14,OK
INV008749,2025-01-31,STR05,PRD046,74,40044.36,13,OK
INV008750,2025-01-31,STR05,PRD130,80,2514.4,24,OK
INV008751,2025-01-31,STR05,PRD081,37,13415.83,8,OK
INV008752,2025-01-31,STR05,PRD144,125,19750.0,20,OK
INV008753,2025-01-31,STR05,PRD067,1,140.01,22,Low
INV008754,2025-01-31,STR05,PRD083,104,55350.88,11,OK
INV008755,2025-01-31,STR05,PRD133,141,57238.95,13,OK
INV008756,2025-01-31,STR05,PRD048,35,3519.95,11,OK
INV008757,2025-01-31,STR05,PRD042,11,3748.03,17,OK
INV008758,2025-01-31,STR05,PRD111,63,13800.15,6,OK
INV008759,2025-01-31,STR05,PRD058,29,1463.63,30,OK
INV008760,2025-01-31,STR05,PRD047,97,25771.93,10,OK
INV008761,2025-01-31,STR15,PRD080,42,18985.26,11,OK
INV008762,2025-01-31,STR15,PRD017,38,1773.46,29,OK
INV008763,2025-01-31,STR15,PRD003,5,1681.8,8,Low
INV008764,2025-01-31,STR15,PRD075,36,9867.6,29,OK
INV008765,2025-01-31,STR15,PRD123,119,9856.77,17,OK
INV008766,2025-01-31,STR15,PRD113,49,8286.88,5,OK
INV008767,2025-01-31,STR15,PRD076,129,67299.3,20,OK
INV008768,2025-01-31,STR15,PRD127,15,6868.2,22,OK
INV008769,2025-01-31,STR15,PRD087,137,10955.89,27,OK
INV008770,2025-01-31,STR15,PRD099,34,3589.04,18,OK
INV008771,2025-01-31,STR15,PRD058,34,1715.98,12,OK
INV008772,2025-01-31,STR15,PRD036,13,5762.25,25,OK
INV008773,2025-01-31,STR15,PRD035,16,2453.76,8,OK
INV008774,2025-01-31,STR15,PRD116,20,7235.0,21,OK
INV008775,2025-01-31,STR15,PRD055,19,3021.76,22,OK
INV008776,2025-01-31,STR15,PRD060,70,19408.2,14,OK
INV008777,2025-01-31,STR15,PRD142,9,2466.0,25,Low
INV008778,2025-01-31,STR15,PRD130,9,282.87,30,Low
INV008779,2025-01-31,STR15,PRD049,126,5371.38,16,OK
INV008780,2025-01-31,STR15,PRD117,44,12840.08,14,OK
INV008781,2025-01-31,STR15,PRD066,44,15358.64,19,OK
INV008782,2025-01-31,STR15,PRD002,23,10578.85,29,OK
INV008783,2025-01-31,STR15,PRD147,67,4913.78,19,OK
INV008784,2025-01-31,STR15,PRD118,144,53779.68,19,OK
INV008785,2025-01-31,STR15,PRD032,38,19747.84,15,OK
INV008786,2025-01-31,STR15,PRD143,83,15140.03,7,OK
INV008787,2025-01-31,STR15,PRD027,90,19926.0,22,OK
INV008788,2025-01-31,STR15,PRD140,150,57211.5,21,OK
INV008789,2025-01-31,STR15,PRD094,142,37630.0,16,OK
INV008790,2025-01-31,STR15,PRD090,71,37996.36,19,OK
INV008791,2025-01-31,STR07,PRD033,90,10398.6,17,OK
INV008792,2025-01-31,STR07,PRD060,140,38816.4,22,OK
INV008793,2025-01-31,STR07,PRD010,93,39657.99,12,OK
INV008794,2025-01-31,STR07,PRD093,35,875.7,9,OK
INV008795,2025-01-31,STR07,PRD020,129,57229.56,27,OK
INV008796,2025-01-31,STR07,PRD082,5,2414.7,12,Low
INV008797,2025-01-31,STR07,PRD046,54,29221.56,27,OK
INV008798,2025-01-31,STR07,PRD052,134,56293.4,25,OK
INV008799,2025-01-31,STR07,PRD087,110,8796.7,16,OK
INV008800,2025-01-31,STR07,PRD017,96,4480.32,19,OK
INV008801,2025-01-31,STR07,PRD081,22,7976.98,15,OK
INV008802,2025-01-31,STR07,PRD001,118,49705.14,10,OK
INV008803,2025-01-31,STR07,PRD132,93,21542.52,12,OK
INV008804,2025-01-31,STR07,PRD075,68,18638.8,19,OK
INV008805,2025-01-31,STR07,PRD112,134,45270.56,15,OK
INV008806,2025-01-31,STR07,PRD028,36,2833.2,21,OK
INV008807,2025-01-31,STR07,PRD114,109,29361.33,18,OK
INV008808,2025-01-31,STR07,PRD043,96,7543.68,12,OK
INV008809,2025-01-31,STR07,PRD144,53,8374.0,19,OK
INV008810,2025-01-31,STR07,PRD068,27,2126.79,16,OK
INV008811,2025-01-31,STR07,PRD125,30,5798.4,12,OK
INV008812,2025-01-31,STR07,PRD107,138,62843.82,19,OK
INV008813,2025-01-31,STR07,PRD025,123,28336.74,16,OK
INV008814,2025-01-31,STR07,PRD011,59,13627.82,9,OK
INV008815,2025-01-31,STR07,PRD049,144,6138.72,22,OK
INV008816,2025-01-31,STR07,PRD084,108,34837.56,6,OK
INV008817,2025-01-31,STR07,PRD101,36,4310.64,23,OK
INV008818,2025-01-31,STR07,PRD120,134,5611.92,14,OK
INV008819,2025-01-31,STR07,PRD104,82,41158.26,13,OK
INV008820,2025-01-31,STR07,PRD015,150,78259.5,10,OK
INV008821,2025-01-31,STR03,PRD124,143,75675.6,22,OK
INV008822,2025-01-31,STR03,PRD085,66,8169.48,8,OK
INV008823,2025-01-31,STR03,PRD118,40,14938.8,6,OK
INV008824,2025-01-31,STR03,PRD120,41,1717.08,14,OK
INV008825,2025-01-31,STR03,PRD127,57,26099.16,22,OK
INV008826,2025-01-31,STR03,PRD146,95,41128.35,5,OK
INV008827,2025-01-31,STR03,PRD117,134,39103.88,29,OK
INV008828,2025-01-31,STR03,PRD062,37,15265.83,11,OK
INV008829,2025-01-31,STR03,PRD133,29,11772.55,20,OK
INV008830,2025-01-31,STR03,PRD103,94,47343.1,29,OK
INV008831,2025-01-31,STR03,PRD066,85,29670.1,9,OK
INV008832,2025-01-31,STR03,PRD012,69,4220.04,30,OK
INV008833,2025-01-31,STR03,PRD137,114,54893.28,16,OK
INV008834,2025-01-31,STR03,PRD112,42,14189.28,25,OK
INV008835,2025-01-31,STR03,PRD018,146,78850.22,14,OK
INV008836,2025-01-31,STR03,PRD101,144,17242.56,5,OK
INV008837,2025-01-31,STR03,PRD108,34,9099.76,19,OK
INV008838,2025-01-31,STR03,PRD041,78,10625.94,15,OK
INV008839,2025-01-31,STR03,PRD123,142,11761.86,9,OK
INV008840,2025-01-31,STR03,PRD029,7,1788.57,29,Low
INV008841,2025-01-31,STR03,PRD098,85,23170.15,27,OK
INV008842,2025-01-31,STR03,PRD135,118,36840.78,16,OK
INV008843,2025-01-31,STR03,PRD009,125,65796.25,6,OK
INV008844,2025-01-31,STR03,PRD088,98,36995.0,13,OK
INV008845,2025-01-31,STR03,PRD142,34,9316.0,17,OK
INV008846,2025-01-31,STR03,PRD006,112,48619.2,22,OK
INV008847,2025-01-31,STR03,PRD060,85,23567.1,24,OK
INV008848,2025-01-31,STR03,PRD090,135,72246.6,28,OK
INV008849,2025-01-31,STR03,PRD071,58,10398.24,24,OK
INV008850,2025-01-31,STR03,PRD057,95,32204.05,20,OK
INV008851,2025-01-31,STR06,PRD129,125,57406.25,12,OK
INV008852,2025-01-31,STR06,PRD019,145,45998.35,23,OK
INV008853,2025-01-31,STR06,PRD123,35,2899.05,19,OK
INV008854,2025-01-31,STR06,PRD148,20,6447.4,30,OK
INV008855,2025-01-31,STR06,PRD124,12,6350.4,13,OK
INV008856,2025-01-31,STR06,PRD128,106,17222.88,15,OK
INV008857,2025-01-31,STR06,PRD015,132,68868.36,20,OK
INV008858,2025-01-31,STR06,PRD095,82,16246.66,5,OK
INV008859,2025-01-31,STR06,PRD016,40,17600.4,23,OK
INV008860,2025-01-31,STR06,PRD099,123,12983.88,28,OK
INV008861,2025-01-31,STR06,PRD049,143,6096.09,14,OK
INV008862,2025-01-31,STR06,PRD104,98,49189.14,22,OK
INV008863,2025-01-31,STR06,PRD102,77,33919.27,11,OK
INV008864,2025-01-31,STR06,PRD066,91,31764.46,28,OK
INV008865,2025-01-31,STR06,PRD025,119,27415.22,11,OK
INV008866,2025-01-31,STR06,PRD029,150,38326.5,23,OK
INV008867,2025-01-31,STR06,PRD046,117,63313.38,28,OK
INV008868,2025-01-31,STR06,PRD090,55,29433.8,26,OK
INV008869,2025-01-31,STR06,PRD125,149,28798.72,27,OK
INV008870,2025-01-31,STR06,PRD031,118,10235.32,23,OK
INV008871,2025-01-31,STR06,PRD116,52,18811.0,29,OK
INV008872,2025-01-31,STR06,PRD027,150,33210.0,15,OK
INV008873,2025-01-31,STR06,PRD122,2,198.72,15,Low
INV008874,2025-01-31,STR06,PRD061,61,31532.73,27,OK
INV008875,2025-01-31,STR06,PRD007,72,36439.92,30,OK
INV008876,2025-01-31,STR06,PRD064,83,14414.61,21,OK
INV008877,2025-01-31,STR06,PRD091,25,3564.25,6,OK
INV008878,2025-01-31,STR06,PRD017,82,3826.94,13,OK
INV008879,2025-01-31,STR06,PRD048,9,905.13,20,Low
INV008880,2025-01-31,STR06,PRD138,109,43335.13,8,OK
INV008881,2025-01-31,STR04,PRD053,46,2547.48,25,OK
INV008882,2025-01-31,STR04,PRD036,120,53190.0,30,OK
INV008883,2025-01-31,STR04,PRD134,127,47539.91,9,OK
INV008884,2025-01-31,STR04,PRD100,28,11965.8,23,OK
INV008885,2025-01-31,STR04,PRD067,81,11340.81,5,OK
INV008886,2025-01-31,STR04,PRD093,36,900.72,24,OK
INV008887,2025-01-31,STR04,PRD088,16,6040.0,30,OK
INV008888,2025-01-31,STR04,PRD113,86,14544.32,15,OK
INV008889,2025-01-31,STR04,PRD068,0,0.0,20,Out of Stock
INV008890,2025-01-31,STR04,PRD076,19,9912.3,21,OK
INV008891,2025-01-31,STR04,PRD101,75,8980.5,12,OK
INV008892,2025-01-31,STR04,PRD092,59,7838.15,29,OK
INV008893,2025-01-31,STR04,PRD049,52,2216.76,18,OK
INV008894,2025-01-31,STR04,PRD004,105,29217.3,27,OK
INV008895,2025-01-31,STR04,PRD040,17,5910.39,8,OK
INV008896,2025-01-31,STR04,PRD143,145,26449.45,27,OK
INV008897,2025-01-31,STR04,PRD019,76,24109.48,6,OK
INV008898,2025-01-31,STR04,PRD013,27,7640.73,27,OK
INV008899,2025-01-31,STR04,PRD051,105,33234.6,11,OK
INV008900,2025-01-31,STR04,PRD119,34,14036.9,19,OK
INV008901,2025-01-31,STR04,PRD116,80,28940.0,10,OK
INV008902,2025-01-31,STR04,PRD123,39,3230.37,14,OK
INV008903,2025-01-31,STR04,PRD107,32,14572.48,26,OK
INV008904,2025-01-31,STR04,PRD026,10,4250.4,15,OK
INV008905,2025-01-31,STR04,PRD090,143,76527.88,22,OK
INV008906,2025-01-31,STR04,PRD132,34,7875.76,5,OK
INV008907,2025-01-31,STR04,PRD124,56,29635.2,15,OK
INV008908,2025-01-31,STR04,PRD028,147,11568.9,22,OK
INV008909,2025-01-31,STR04,PRD048,27,2715.39,29,OK
INV008910,2025-01-31,STR04,PRD097,122,28020.96,20,OK
INV008911,2025-01-31,STR11,PRD059,0,0.0,28,Out of Stock
INV008912,2025-01-31,STR11,PRD036,120,53190.0,29,OK
INV008913,2025-01-31,STR11,PRD054,102,50921.46,28,OK
INV008914,2025-01-31,STR11,PRD043,91,7150.78,15,OK
INV008915,2025-01-31,STR11,PRD049,60,2557.8,11,OK
INV008916,2025-01-31,STR11,PRD022,136,21063.68,13,OK
INV008917,2025-01-31,STR11,PRD014,132,8271.12,7,OK
INV008918,2025-01-31,STR11,PRD017,116,5413.72,7,OK
INV008919,2025-01-31,STR11,PRD149,138,43958.52,28,OK
INV008920,2025-01-31,STR11,PRD063,142,61549.9,7,OK
INV008921,2025-01-31,STR11,PRD038,61,19042.37,12,OK
INV008922,2025-01-31,STR11,PRD086,6,2823.24,18,Low
INV008923,2025-01-31,STR11,PRD141,37,7454.02,16,OK
INV008924,2025-01-31,STR11,PRD037,89,17604.2,19,OK
INV008925,2025-01-31,STR11,PRD103,98,49357.7,8,OK
INV008926,2025-01-31,STR11,PRD142,32,8768.0,30,OK
INV008927,2025-01-31,STR11,PRD117,106,30932.92,15,OK
INV008928,2025-01-31,STR11,PRD080,49,22149.47,18,OK
INV008929,2025-01-31,STR11,PRD001,105,44229.15,27,OK
INV008930,2025-01-31,STR11,PRD135,18,5619.78,26,OK
INV008931,2025-01-31,STR11,PRD051,110,34817.2,8,OK
INV008932,2025-01-31,STR11,PRD068,31,2441.87,9,OK
INV008933,2025-01-31,STR11,PRD134,106,39678.98,19,OK
INV008934,2025-01-31,STR11,PRD093,61,1526.22,22,OK
INV008935,2025-01-31,STR11,PRD008,23,5217.55,25,OK
INV008936,2025-01-31,STR11,PRD081,4,1450.36,23,Low
INV008937,2025-01-31,STR11,PRD096,129,67252.86,7,OK
INV008938,2025-01-31,STR11,PRD058,46,2321.62,12,OK
INV008939,2025-01-31,STR11,PRD046,128,69265.92,12,OK
INV008940,2025-01-31,STR11,PRD078,131,53375.95,25,OK
INV008941,2025-01-31,STR20,PRD023,48,4602.72,14,OK
INV008942,2025-01-31,STR20,PRD077,21,5681.13,11,OK
INV008943,2025-01-31,STR20,PRD015,5,2608.65,24,Low
INV008944,2025-01-31,STR20,PRD131,106,19333.34,8,OK
INV008945,2025-01-31,STR20,PRD045,33,11045.43,20,OK
INV008946,2025-01-31,STR20,PRD006,148,64246.8,29,OK
INV008947,2025-01-31,STR20,PRD139,72,11779.2,11,OK
INV008948,2025-01-31,STR20,PRD118,64,23902.08,29,OK
INV008949,2025-01-31,STR20,PRD047,113,30022.97,11,OK
INV008950,2025-01-31,STR20,PRD016,96,42240.96,20,OK
INV008951,2025-01-31,STR20,PRD092,43,5712.55,14,OK
INV008952,2025-01-31,STR20,PRD127,130,59524.4,6,OK
INV008953,2025-01-31,STR20,PRD101,126,15087.24,16,OK
INV008954,2025-01-31,STR20,PRD030,66,29373.3,28,OK
INV008955,2025-01-31,STR20,PRD043,53,4164.74,21,OK
INV008956,2025-01-31,STR20,PRD126,139,50526.5,20,OK
INV008957,2025-01-31,STR20,PRD146,114,49354.02,14,OK
INV008958,2025-01-31,STR20,PRD018,87,46986.09,30,OK
INV008959,2025-01-31,STR20,PRD059,35,16270.1,30,OK
INV008960,2025-01-31,STR20,PRD132,35,8107.4,15,OK
INV008961,2025-01-31,STR20,PRD025,144,33174.72,11,OK
INV008962,2025-01-31,STR20,PRD108,107,28637.48,10,OK
INV008963,2025-01-31,STR20,PRD109,29,12994.61,10,OK
INV008964,2025-01-31,STR20,PRD017,125,5833.75,8,OK
INV008965,2025-01-31,STR20,PRD140,9,3432.69,23,Low
INV008966,2025-01-31,STR20,PRD141,149,30017.54,6,OK
INV008967,2025-01-31,STR20,PRD032,49,25464.32,29,OK
INV008968,2025-01-31,STR20,PRD097,133,30547.44,13,OK
INV008969,2025-01-31,STR20,PRD117,131,38228.42,5,OK
INV008970,2025-01-31,STR20,PRD049,124,5286.12,14,OK
INV008971,2025-01-31,STR14,PRD013,46,13017.54,11,OK
INV008972,2025-01-31,STR14,PRD038,19,5931.23,14,OK
INV008973,2025-01-31,STR14,PRD086,29,13645.66,22,OK
INV008974,2025-01-31,STR14,PRD135,102,31845.42,16,OK
INV008975,2025-01-31,STR14,PRD012,16,978.56,23,OK
INV008976,2025-01-31,STR14,PRD098,123,33528.57,6,OK
INV008977,2025-01-31,STR14,PRD132,16,3706.24,16,OK
INV008978,2025-01-31,STR14,PRD015,112,58433.76,25,OK
INV008979,2025-01-31,STR14,PRD112,103,34797.52,15,OK
INV008980,2025-01-31,STR14,PRD069,41,14144.18,11,OK
INV008981,2025-01-31,STR14,PRD150,140,49666.4,9,OK
INV008982,2025-01-31,STR14,PRD066,49,17103.94,29,OK
INV008983,2025-01-31,STR14,PRD146,116,50219.88,11,OK
INV008984,2025-01-31,STR14,PRD149,75,23890.5,23,OK
INV008985,2025-01-31,STR14,PRD028,131,10309.7,11,OK
INV008986,2025-01-31,STR14,PRD109,35,15683.15,20,OK
INV008987,2025-01-31,STR14,PRD073,77,34459.04,17,OK
INV008988,2025-01-31,STR14,PRD072,94,38176.22,23,OK
INV008989,2025-01-31,STR14,PRD046,47,25433.58,20,OK
INV008990,2025-01-31,STR14,PRD140,22,8391.02,10,OK
INV008991,2025-01-31,STR14,PRD007,97,49092.67,26,OK
INV008992,2025-01-31,STR14,PRD137,145,69820.4,5,OK
INV008993,2025-01-31,STR14,PRD058,47,2372.09,10,OK
INV008994,2025-01-31,STR14,PRD082,42,20283.48,5,OK
INV008995,2025-01-31,STR14,PRD033,7,808.78,22,Low
INV008996,2025-01-31,STR14,PRD127,149,68224.12,21,OK
INV008997,2025-01-31,STR14,PRD026,75,31878.0,16,OK
INV008998,2025-01-31,STR14,PRD118,120,44816.4,29,OK
INV008999,2025-01-31,STR14,PRD047,28,7439.32,28,OK
INV009000,2025-01-31,STR14,PRD014,23,1441.18,11,OK
INV009001,2025-02-28,STR09,PRD132,49,11350.36,12,OK
INV009002,2025-02-28,STR09,PRD054,94,46927.62,23,OK
INV009003,2025-02-28,STR09,PRD113,81,13698.72,8,OK
INV009004,2025-02-28,STR09,PRD076,103,53735.1,24,OK
INV009005,2025-02-28,STR09,PRD026,57,24227.28,23,OK
INV009006,2025-02-28,STR09,PRD111,72,15771.6,6,OK
INV009007,2025-02-28,STR09,PRD079,49,3321.22,8,OK
INV009008,2025-02-28,STR09,PRD030,50,22252.5,11,OK
INV009009,2025-02-28,STR09,PRD104,41,20579.13,21,OK
INV009010,2025-02-28,STR09,PRD080,72,32546.16,5,OK
INV009011,2025-02-28,STR09,PRD107,48,21858.72,17,OK
INV009012,2025-02-28,STR09,PRD081,10,3625.9,26,OK
INV009013,2025-02-28,STR09,PRD126,12,4362.0,14,OK
INV009014,2025-02-28,STR09,PRD003,6,2018.16,24,Low
INV009015,2025-02-28,STR09,PRD071,123,22051.44,15,OK
INV009016,2025-02-28,STR09,PRD146,72,31170.96,8,OK
INV009017,2025-02-28,STR09,PRD047,119,31617.11,13,OK
INV009018,2025-02-28,STR09,PRD127,18,8241.84,18,OK
INV009019,2025-02-28,STR09,PRD121,128,25470.72,21,OK
INV009020,2025-02-28,STR09,PRD035,93,14262.48,7,OK
INV009021,2025-02-28,STR09,PRD059,87,40442.82,27,OK
INV009022,2025-02-28,STR09,PRD066,50,17453.0,10,OK
INV009023,2025-02-28,STR09,PRD073,69,30878.88,20,OK
INV009024,2025-02-28,STR09,PRD031,115,9975.1,22,OK
INV009025,2025-02-28,STR09,PRD086,41,19292.14,8,OK
INV009026,2025-02-28,STR09,PRD089,118,58595.26,30,OK
INV009027,2025-02-28,STR09,PRD044,62,3247.56,26,OK
INV009028,2025-02-28,STR09,PRD012,147,8990.52,26,OK
INV009029,2025-02-28,STR09,PRD015,122,63651.06,30,OK
INV009030,2025-02-28,STR09,PRD110,127,17096.74,27,OK
INV009031,2025-02-28,STR15,PRD075,85,23298.5,9,OK
INV009032,2025-02-28,STR15,PRD042,99,33732.27,24,OK
INV009033,2025-02-28,STR15,PRD105,102,21257.82,25,OK
INV009034,2025-02-28,STR15,PRD038,115,35899.55,7,OK
INV009035,2025-02-28,STR15,PRD026,93,39528.72,17,OK
INV009036,2025-02-28,STR15,PRD070,127,56113.68,7,OK
INV009037,2025-02-28,STR15,PRD037,88,17406.4,23,OK
INV009038,2025-02-28,STR15,PRD016,90,39600.9,26,OK
INV009039,2025-02-28,STR15,PRD139,20,3272.0,30,OK
INV009040,2025-02-28,STR15,PRD073,40,17900.8,28,OK
INV009041,2025-02-28,STR15,PRD104,75,37644.75,24,OK
INV009042,2025-02-28,STR15,PRD024,24,888.48,26,OK
INV009043,2025-02-28,STR15,PRD018,132,71289.24,11,OK
INV009044,2025-02-28,STR15,PRD025,72,16587.36,9,OK
INV009045,2025-02-28,STR15,PRD091,34,4847.38,13,OK
INV009046,2025-02-28,STR15,PRD142,6,1644.0,30,Low
INV009047,2025-02-28,STR15,PRD057,30,10169.7,26,OK
INV009048,2025-02-28,STR15,PRD077,80,21642.4,30,OK
INV009049,2025-02-28,STR15,PRD148,80,25789.6,9,OK
INV009050,2025-02-28,STR15,PRD059,48,22313.28,20,OK
INV009051,2025-02-28,STR15,PRD098,11,2998.49,19,OK
INV009052,2025-02-28,STR15,PRD116,22,7958.5,30,OK
INV009053,2025-02-28,STR15,PRD011,100,23098.0,9,OK
INV009054,2025-02-28,STR15,PRD120,46,1926.48,7,OK
INV009055,2025-02-28,STR15,PRD008,149,33800.65,26,OK
INV009056,2025-02-28,STR15,PRD045,81,27111.51,21,OK
INV009057,2025-02-28,STR15,PRD060,69,19130.94,17,OK
INV009058,2025-02-28,STR15,PRD107,71,32332.69,7,OK
INV009059,2025-02-28,STR15,PRD030,139,61861.95,16,OK
INV009060,2025-02-28,STR15,PRD130,73,2294.39,22,OK
INV009061,2025-02-28,STR11,PRD065,28,6259.4,23,OK
INV009062,2025-02-28,STR11,PRD118,91,33985.77,26,OK
INV009063,2025-02-28,STR11,PRD136,120,37405.2,16,OK
INV009064,2025-02-28,STR11,PRD137,22,10593.44,23,OK
INV009065,2025-02-28,STR11,PRD087,52,4158.44,23,OK
INV009066,2025-02-28,STR11,PRD084,77,24837.89,24,OK
INV009067,2025-02-28,STR11,PRD083,110,58544.2,29,OK
INV009068,2025-02-28,STR11,PRD121,70,13929.3,28,OK
INV009069,2025-02-28,STR11,PRD114,36,9697.32,10,OK
INV009070,2025-02-28,STR11,PRD066,146,50962.76,11,OK
INV009071,2025-02-28,STR11,PRD067,130,18201.3,30,OK
INV009072,2025-02-28,STR11,PRD024,11,407.22,14,OK
INV009073,2025-02-28,STR11,PRD094,30,7950.0,11,OK
INV009074,2025-02-28,STR11,PRD124,40,21168.0,28,OK
INV009075,2025-02-28,STR11,PRD029,72,18396.72,12,OK
INV009076,2025-02-28,STR11,PRD042,16,5451.68,18,OK
INV009077,2025-02-28,STR11,PRD063,28,12136.6,22,OK
INV009078,2025-02-28,STR11,PRD129,92,42251.0,25,OK
INV009079,2025-02-28,STR11,PRD080,104,47011.12,19,OK
INV009080,2025-02-28,STR11,PRD148,110,35460.7,29,OK
INV009081,2025-02-28,STR11,PRD135,56,17483.76,30,OK
INV009082,2025-02-28,STR11,PRD052,90,37809.0,11,OK
INV009083,2025-02-28,STR11,PRD035,39,5981.04,15,OK
INV009084,2025-02-28,STR11,PRD141,6,1208.76,25,Low
INV009085,2025-02-28,STR11,PRD147,36,2640.24,21,OK
INV009086,2025-02-28,STR11,PRD117,21,6128.22,26,OK
INV009087,2025-02-28,STR11,PRD130,63,1980.09,17,OK
INV009088,2025-02-28,STR11,PRD025,108,24881.04,5,OK
INV009089,2025-02-28,STR11,PRD019,108,34260.84,21,OK
INV009090,2025-02-28,STR11,PRD099,74,7811.44,27,OK
INV009091,2025-02-28,STR08,PRD024,127,4701.54,14,OK
INV009092,2025-02-28,STR08,PRD013,70,19809.3,15,OK
INV009093,2025-02-28,STR08,PRD028,129,10152.3,21,OK
INV009094,2025-02-28,STR08,PRD044,31,1623.78,6,OK
INV009095,2025-02-28,STR08,PRD103,8,4029.2,26,Low
INV009096,2025-02-28,STR08,PRD142,121,33154.0,26,OK
INV009097,2025-02-28,STR08,PRD077,15,4057.95,19,OK
INV009098,2025-02-28,STR08,PRD035,139,21317.04,12,OK
INV009099,2025-02-28,STR08,PRD064,88,15282.96,24,OK
INV009100,2025-02-28,STR08,PRD056,105,53440.8,16,OK
INV009101,2025-02-28,STR08,PRD018,114,61567.98,19,OK
INV009102,2025-02-28,STR08,PRD045,15,5020.65,13,OK
INV009103,2025-02-28,STR08,PRD145,81,38329.2,14,OK
INV009104,2025-02-28,STR08,PRD072,57,23149.41,13,OK
INV009105,2025-02-28,STR08,PRD012,66,4036.56,16,OK
INV009106,2025-02-28,STR08,PRD093,63,1576.26,10,OK
INV009107,2025-02-28,STR08,PRD150,115,40797.4,8,OK
INV009108,2025-02-28,STR08,PRD129,26,11940.5,28,OK
INV009109,2025-02-28,STR08,PRD027,95,21033.0,23,OK
INV009110,2025-02-28,STR08,PRD068,78,6144.06,9,OK
INV009111,2025-02-28,STR08,PRD059,68,31610.48,5,OK
INV009112,2025-02-28,STR08,PRD042,80,27258.4,11,OK
INV009113,2025-02-28,STR08,PRD051,4,1266.08,23,Low
INV009114,2025-02-28,STR08,PRD113,89,15051.68,6,OK
INV009115,2025-02-28,STR08,PRD019,57,18082.11,14,OK
INV009116,2025-02-28,STR08,PRD015,44,22956.12,26,OK
INV009117,2025-02-28,STR08,PRD079,128,8675.84,6,OK
INV009118,2025-02-28,STR08,PRD002,64,29436.8,12,OK
INV009119,2025-02-28,STR08,PRD092,119,15809.15,6,OK
INV009120,2025-02-28,STR08,PRD047,144,38259.36,19,OK
INV009121,2025-02-28,STR18,PRD028,106,8342.2,13,OK
INV009122,2025-02-28,STR18,PRD015,64,33390.72,7,OK
INV009123,2025-02-28,STR18,PRD001,127,53496.21,18,OK
INV009124,2025-02-28,STR18,PRD122,116,11525.76,23,OK
INV009125,2025-02-28,STR18,PRD144,9,1422.0,24,Low
INV009126,2025-02-28,STR18,PRD118,27,10083.69,21,OK
INV009127,2025-02-28,STR18,PRD078,78,31781.1,30,OK
INV009128,2025-02-28,STR18,PRD106,53,18427.57,6,OK
INV009129,2025-02-28,STR18,PRD007,7,3542.77,23,Low
INV009130,2025-02-28,STR18,PRD097,100,22968.0,6,OK
INV009131,2025-02-28,STR18,PRD110,71,9558.02,18,OK
INV009132,2025-02-28,STR18,PRD052,42,17644.2,6,OK
INV009133,2025-02-28,STR18,PRD076,49,25563.3,10,OK
INV009134,2025-02-28,STR18,PRD054,132,65898.36,14,OK
INV009135,2025-02-28,STR18,PRD038,95,29656.15,30,OK
INV009136,2025-02-28,STR18,PRD066,122,42585.32,20,OK
INV009137,2025-02-28,STR18,PRD109,10,4480.9,22,OK
INV009138,2025-02-28,STR18,PRD025,14,3225.32,12,OK
INV009139,2025-02-28,STR18,PRD012,58,3547.28,24,OK
INV009140,2025-02-28,STR18,PRD111,31,6790.55,17,OK
INV009141,2025-02-28,STR18,PRD136,65,20261.15,26,OK
INV009142,2025-02-28,STR18,PRD055,18,2862.72,9,OK
INV009143,2025-02-28,STR18,PRD073,83,37144.16,8,OK
INV009144,2025-02-28,STR18,PRD093,116,2902.32,29,OK
INV009145,2025-02-28,STR18,PRD119,144,59450.4,22,OK
INV009146,2025-02-28,STR18,PRD141,133,26794.18,7,OK
INV009147,2025-02-28,STR18,PRD049,3,127.89,27,Low
INV009148,2025-02-28,STR18,PRD127,111,50824.68,17,OK
INV009149,2025-02-28,STR18,PRD095,99,19614.87,6,OK
INV009150,2025-02-28,STR18,PRD087,34,2718.98,15,OK
INV009151,2025-02-28,STR16,PRD056,135,68709.6,18,OK
INV009152,2025-02-28,STR16,PRD044,9,471.42,10,Low
INV009153,2025-02-28,STR16,PRD014,133,8333.78,9,OK
INV009154,2025-02-28,STR16,PRD015,71,37042.83,11,OK
INV009155,2025-02-28,STR16,PRD117,105,30641.1,23,OK
INV009156,2025-02-28,STR16,PRD146,49,21213.57,28,OK
INV009157,2025-02-28,STR16,PRD019,24,7613.52,23,OK
INV009158,2025-02-28,STR16,PRD031,133,11536.42,11,OK
INV009159,2025-02-28,STR16,PRD042,118,40206.14,14,OK
INV009160,2025-02-28,STR16,PRD099,147,15517.32,12,OK
INV009161,2025-02-28,STR16,PRD094,117,31005.0,7,OK
INV009162,2025-02-28,STR16,PRD112,26,8783.84,15,OK
INV009163,2025-02-28,STR16,PRD079,35,2372.3,16,OK
INV009164,2025-02-28,STR16,PRD028,79,6217.3,26,OK
INV009165,2025-02-28,STR16,PRD064,59,10246.53,10,OK
INV009166,2025-02-28,STR16,PRD045,41,13723.11,27,OK
INV009167,2025-02-28,STR16,PRD082,16,7727.04,18,OK
INV009168,2025-02-28,STR16,PRD059,76,35329.36,20,OK
INV009169,2025-02-28,STR16,PRD078,74,30151.3,20,OK
INV009170,2025-02-28,STR16,PRD002,100,45995.0,25,OK
INV009171,2025-02-28,STR16,PRD032,11,5716.48,11,OK
INV009172,2025-02-28,STR16,PRD003,11,3699.96,10,OK
INV009173,2025-02-28,STR16,PRD057,129,43729.71,19,OK
INV009174,2025-02-28,STR16,PRD035,68,10428.48,20,OK
INV009175,2025-02-28,STR16,PRD039,54,17450.64,9,OK
INV009176,2025-02-28,STR16,PRD090,64,34250.24,9,OK
INV009177,2025-02-28,STR16,PRD087,69,5517.93,25,OK
INV009178,2025-02-28,STR16,PRD053,95,5261.1,6,OK
INV009179,2025-02-28,STR16,PRD108,104,27834.56,19,OK
INV009180,2025-02-28,STR16,PRD133,88,35723.6,15,OK
INV009181,2025-02-28,STR17,PRD032,38,19747.84,30,OK
INV009182,2025-02-28,STR17,PRD030,149,66312.45,18,OK
INV009183,2025-02-28,STR17,PRD020,88,39040.32,23,OK
INV009184,2025-02-28,STR17,PRD118,58,21661.26,11,OK
INV009185,2025-02-28,STR17,PRD028,107,8420.9,23,OK
INV009186,2025-02-28,STR17,PRD141,55,11080.3,16,OK
INV009187,2025-02-28,STR17,PRD017,91,4246.97,10,OK
INV009188,2025-02-28,STR17,PRD068,149,11736.73,11,OK
INV009189,2025-02-28,STR17,PRD021,73,5583.04,10,OK
INV009190,2025-02-28,STR17,PRD061,122,63065.46,14,OK
INV009191,2025-02-28,STR17,PRD090,8,4281.28,26,Low
INV009192,2025-02-28,STR17,PRD067,28,3920.28,23,OK
INV009193,2025-02-28,STR17,PRD014,66,4135.56,10,OK
INV009194,2025-02-28,STR17,PRD126,1,363.5,10,Low
INV009195,2025-02-28,STR17,PRD022,46,7124.48,17,OK
INV009196,2025-02-28,STR17,PRD143,89,16234.49,18,OK
INV009197,2025-02-28,STR17,PRD043,131,10293.98,22,OK
INV009198,2025-02-28,STR17,PRD070,132,58322.88,11,OK
INV009199,2025-02-28,STR17,PRD091,131,18676.67,29,OK
INV009200,2025-02-28,STR17,PRD077,87,23536.11,17,OK
INV009201,2025-02-28,STR17,PRD009,72,37898.64,26,OK
INV009202,2025-02-28,STR17,PRD035,8,1226.88,23,Low
INV009203,2025-02-28,STR17,PRD027,19,4206.6,30,OK
INV009204,2025-02-28,STR17,PRD120,49,2052.12,17,OK
INV009205,2025-02-28,STR17,PRD098,66,17990.94,10,OK
INV009206,2025-02-28,STR17,PRD019,111,35212.53,19,OK
INV009207,2025-02-28,STR17,PRD041,88,11988.24,25,OK
INV009208,2025-02-28,STR17,PRD023,78,7479.42,5,OK
INV009209,2025-02-28,STR17,PRD136,67,20884.57,17,OK
INV009210,2025-02-28,STR17,PRD011,98,22636.04,9,OK
INV009211,2025-02-28,STR10,PRD020,120,53236.8,8,OK
INV009212,2025-02-28,STR10,PRD003,17,5718.12,23,OK
INV009213,2025-02-28,STR10,PRD085,51,6312.78,20,OK
INV009214,2025-02-28,STR10,PRD144,9,1422.0,17,Low
INV009215,2025-02-28,STR10,PRD040,19,6605.73,26,OK
INV009216,2025-02-28,STR10,PRD136,17,5299.07,11,OK
INV009217,2025-02-28,STR10,PRD024,78,2887.56,8,OK
INV009218,2025-02-28,STR10,PRD048,22,2212.54,11,OK
INV009219,2025-02-28,STR10,PRD139,41,6707.6,14,OK
INV009220,2025-02-28,STR10,PRD105,5,1042.05,18,Low
INV009221,2025-02-28,STR10,PRD009,68,35793.16,27,OK
INV009222,2025-02-28,STR10,PRD149,74,23571.96,26,OK
INV009223,2025-02-28,STR10,PRD075,87,23846.7,12,OK
INV009224,2025-02-28,STR10,PRD030,63,28038.15,24,OK
INV009225,2025-02-28,STR10,PRD045,101,33805.71,29,OK
INV009226,2025-02-28,STR10,PRD097,61,14010.48,20,OK
INV009227,2025-02-28,STR10,PRD108,101,27031.64,27,OK
INV009228,2025-02-28,STR10,PRD036,33,14627.25,7,OK
INV009229,2025-02-28,STR10,PRD069,14,4829.72,19,OK
INV009230,2025-02-28,STR10,PRD052,4,1680.4,27,Low
INV009231,2025-02-28,STR10,PRD114,124,33401.88,10,OK
INV009232,2025-02-28,STR10,PRD116,108,39069.0,27,OK
INV009233,2025-02-28,STR10,PRD141,14,2820.44,14,OK
INV009234,2025-02-28,STR10,PRD065,105,23472.75,10,OK
INV009235,2025-02-28,STR10,PRD068,34,2678.18,12,OK
INV009236,2025-02-28,STR10,PRD012,61,3730.76,18,OK
INV009237,2025-02-28,STR10,PRD123,102,8448.66,15,OK
INV009238,2025-02-28,STR10,PRD106,122,42418.18,14,OK
INV009239,2025-02-28,STR10,PRD083,139,73978.58,14,OK
INV009240,2025-02-28,STR10,PRD031,79,6852.46,23,OK
INV009241,2025-02-28,STR02,PRD046,13,7034.82,6,OK
INV009242,2025-02-28,STR02,PRD137,87,41892.24,12,OK
INV009243,2025-02-28,STR02,PRD007,53,26823.83,30,OK
INV009244,2025-02-28,STR02,PRD095,129,25558.77,27,OK
INV009245,2025-02-28,STR02,PRD144,86,13588.0,10,OK
INV009246,2025-02-28,STR02,PRD068,20,1575.4,19,OK
INV009247,2025-02-28,STR02,PRD087,126,10076.22,29,OK
INV009248,2025-02-28,STR02,PRD027,76,16826.4,17,OK
INV009249,2025-02-28,STR02,PRD077,135,36521.55,28,OK
INV009250,2025-02-28,STR02,PRD146,95,41128.35,25,OK
INV009251,2025-02-28,STR02,PRD008,117,26541.45,28,OK
INV009252,2025-02-28,STR02,PRD049,143,6096.09,24,OK
INV009253,2025-02-28,STR02,PRD070,50,22092.0,6,OK
INV009254,2025-02-28,STR02,PRD112,110,37162.4,11,OK
INV009255,2025-02-28,STR02,PRD122,81,8048.16,7,OK
INV009256,2025-02-28,STR02,PRD048,127,12772.39,7,OK
INV009257,2025-02-28,STR02,PRD080,79,35710.37,14,OK
INV009258,2025-02-28,STR02,PRD064,70,12156.9,19,OK
INV009259,2025-02-28,STR02,PRD039,90,29084.4,17,OK
INV009260,2025-02-28,STR02,PRD047,143,37993.67,26,OK
INV009261,2025-02-28,STR02,PRD060,19,5267.94,20,OK
INV009262,2025-02-28,STR02,PRD127,44,20146.72,25,OK
INV009263,2025-02-28,STR02,PRD053,116,6424.08,28,OK
INV009264,2025-02-28,STR02,PRD013,8,2263.92,8,Low
INV009265,2025-02-28,STR02,PRD017,77,3593.59,22,OK
INV009266,2025-02-28,STR02,PRD052,86,36128.6,28,OK
INV009267,2025-02-28,STR02,PRD018,14,7560.98,7,OK
INV009268,2025-02-28,STR02,PRD076,133,69386.1,20,OK
INV009269,2025-02-28,STR02,PRD016,101,44441.01,20,OK
INV009270,2025-02-28,STR02,PRD045,35,11714.85,19,OK
INV009271,2025-02-28,STR13,PRD024,5,185.1,27,Low
INV009272,2025-02-28,STR13,PRD030,32,14241.6,23,OK
INV009273,2025-02-28,STR13,PRD148,78,25144.86,22,OK
INV009274,2025-02-28,STR13,PRD084,56,18063.92,20,OK
INV009275,2025-02-28,STR13,PRD088,146,55115.0,28,OK
INV009276,2025-02-28,STR13,PRD144,71,11218.0,8,OK
INV009277,2025-02-28,STR13,PRD017,129,6020.43,18,OK
INV009278,2025-02-28,STR13,PRD031,57,4944.18,5,OK
INV009279,2025-02-28,STR13,PRD059,127,59037.22,30,OK
INV009280,2025-02-28,STR13,PRD053,54,2990.52,29,OK
INV009281,2025-02-28,STR13,PRD108,8,2141.12,8,Low
INV009282,2025-02-28,STR13,PRD112,51,17229.84,15,OK
INV009283,2025-02-28,STR13,PRD013,63,17828.37,28,OK
INV009284,2025-02-28,STR13,PRD150,45,15964.2,18,OK
INV009285,2025-02-28,STR13,PRD087,73,5837.81,18,OK
INV009286,2025-02-28,STR13,PRD118,35,13071.45,23,OK
INV009287,2025-02-28,STR13,PRD026,36,15301.44,15,OK
INV009288,2025-02-28,STR13,PRD096,143,74551.62,19,OK
INV009289,2025-02-28,STR13,PRD054,60,29953.8,9,OK
INV009290,2025-02-28,STR13,PRD038,41,12798.97,23,OK
INV009291,2025-02-28,STR13,PRD127,120,54945.6,29,OK
INV009292,2025-02-28,STR13,PRD090,7,3746.12,18,Low
INV009293,2025-02-28,STR13,PRD007,103,52129.33,5,OK
INV009294,2025-02-28,STR13,PRD092,52,6908.2,28,OK
INV009295,2025-02-28,STR13,PRD122,85,8445.6,30,OK
INV009296,2025-02-28,STR13,PRD099,147,15517.32,26,OK
INV009297,2025-02-28,STR13,PRD073,87,38934.24,22,OK
INV009298,2025-02-28,STR13,PRD068,3,236.31,19,Low
INV009299,2025-02-28,STR13,PRD075,1,274.1,23,Low
INV009300,2025-02-28,STR13,PRD083,45,23949.9,22,OK
INV009301,2025-02-28,STR05,PRD138,19,7553.83,15,OK
INV009302,2025-02-28,STR05,PRD108,39,10437.96,22,OK
INV009303,2025-02-28,STR05,PRD111,147,32200.35,19,OK
INV009304,2025-02-28,STR05,PRD116,108,39069.0,18,OK
INV009305,2025-02-28,STR05,PRD002,125,57493.75,14,OK
INV009306,2025-02-28,STR05,PRD067,141,19741.41,5,OK
INV009307,2025-02-28,STR05,PRD127,82,37546.16,16,OK
INV009308,2025-02-28,STR05,PRD003,62,20854.32,26,OK
INV009309,2025-02-28,STR05,PRD051,135,42730.2,25,OK
INV009310,2025-02-28,STR05,PRD049,6,255.78,24,Low
INV009311,2025-02-28,STR05,PRD128,11,1787.28,12,OK
INV009312,2025-02-28,STR05,PRD045,81,27111.51,18,OK
INV009313,2025-02-28,STR05,PRD102,70,30835.7,30,OK
INV009314,2025-02-28,STR05,PRD124,138,73029.6,11,OK
INV009315,2025-02-28,STR05,PRD079,39,2643.42,21,OK
INV009316,2025-02-28,STR05,PRD056,133,67691.68,27,OK
INV009317,2025-02-28,STR05,PRD030,23,10236.15,8,OK
INV009318,2025-02-28,STR05,PRD021,94,7189.12,17,OK
INV009319,2025-02-28,STR05,PRD095,23,4556.99,19,OK
INV009320,2025-02-28,STR05,PRD060,10,2772.6,10,OK
INV009321,2025-02-28,STR05,PRD039,17,5493.72,24,OK
INV009322,2025-02-28,STR05,PRD136,61,19014.31,22,OK
INV009323,2025-02-28,STR05,PRD078,26,10593.7,27,OK
INV009324,2025-02-28,STR05,PRD081,17,6164.03,29,OK
INV009325,2025-02-28,STR05,PRD083,132,70253.04,20,OK
INV009326,2025-02-28,STR05,PRD129,67,30769.75,21,OK
INV009327,2025-02-28,STR05,PRD084,113,36450.41,30,OK
INV009328,2025-02-28,STR05,PRD018,80,43205.6,23,OK
INV009329,2025-02-28,STR05,PRD009,65,34214.05,29,OK
INV009330,2025-02-28,STR05,PRD032,95,49369.6,23,OK
INV009331,2025-02-28,STR03,PRD017,111,5180.37,14,OK
INV009332,2025-02-28,STR03,PRD101,90,10776.6,22,OK
INV009333,2025-02-28,STR03,PRD025,87,20043.06,12,OK
INV009334,2025-02-28,STR03,PRD001,62,26116.26,6,OK
INV009335,2025-02-28,STR03,PRD136,59,18390.89,29,OK
INV009336,2025-02-28,STR03,PRD015,17,8869.41,19,OK
INV009337,2025-02-28,STR03,PRD107,138,62843.82,30,OK
INV009338,2025-02-28,STR03,PRD070,100,44184.0,27,OK
INV009339,2025-02-28,STR03,PRD082,12,5795.28,8,OK
INV009340,2025-02-28,STR03,PRD123,124,10270.92,17,OK
INV009341,2025-02-28,STR03,PRD143,11,2006.51,24,OK
INV009342,2025-02-28,STR03,PRD103,64,32233.6,18,OK
INV009343,2025-02-28,STR03,PRD069,120,41397.6,18,OK
INV009344,2025-02-28,STR03,PRD117,43,12548.26,28,OK
INV009345,2025-02-28,STR03,PRD083,138,73446.36,16,OK
INV009346,2025-02-28,STR03,PRD062,111,45797.49,29,OK
INV009347,2025-02-28,STR03,PRD047,33,8767.77,21,OK
INV009348,2025-02-28,STR03,PRD140,42,16019.22,24,OK
INV009349,2025-02-28,STR03,PRD144,24,3792.0,15,OK
INV009350,2025-02-28,STR03,PRD142,115,31510.0,15,OK
INV009351,2025-02-28,STR03,PRD079,0,0.0,17,Out of Stock
INV009352,2025-02-28,STR03,PRD138,127,50491.39,6,OK
INV009353,2025-02-28,STR03,PRD039,101,32639.16,6,OK
INV009354,2025-02-28,STR03,PRD019,43,13640.89,9,OK
INV009355,2025-02-28,STR03,PRD009,69,36319.53,24,OK
INV009356,2025-02-28,STR03,PRD041,61,8310.03,27,OK
INV009357,2025-02-28,STR03,PRD097,86,19752.48,26,OK
INV009358,2025-02-28,STR03,PRD121,50,9949.5,18,OK
INV009359,2025-02-28,STR03,PRD141,62,12490.52,27,OK
INV009360,2025-02-28,STR03,PRD064,87,15109.29,28,OK
INV009361,2025-03-31,STR01,PRD097,46,10565.28,11,OK
INV009362,2025-03-31,STR01,PRD147,31,2273.54,6,OK
INV009363,2025-03-31,STR01,PRD060,93,25785.18,14,OK
INV009364,2025-03-31,STR01,PRD090,41,21941.56,29,OK
INV009365,2025-03-31,STR01,PRD010,76,32408.68,5,OK
INV009366,2025-03-31,STR01,PRD128,4,649.92,23,Low
INV009367,2025-03-31,STR01,PRD061,19,9821.67,5,OK
INV009368,2025-03-31,STR01,PRD041,34,4631.82,26,OK
INV009369,2025-03-31,STR01,PRD144,95,15010.0,5,OK
INV009370,2025-03-31,STR01,PRD057,80,27119.2,29,OK
INV009371,2025-03-31,STR01,PRD118,59,22034.73,12,OK
INV009372,2025-03-31,STR01,PRD045,122,40834.62,15,OK
INV009373,2025-03-31,STR01,PRD115,147,48995.1,29,OK
INV009374,2025-03-31,STR01,PRD091,15,2138.55,12,OK
INV009375,2025-03-31,STR01,PRD014,90,5639.4,16,OK
INV009376,2025-03-31,STR01,PRD047,108,28694.52,13,OK
INV009377,2025-03-31,STR01,PRD126,20,7270.0,27,OK
INV009378,2025-03-31,STR01,PRD124,79,41806.8,30,OK
INV009379,2025-03-31,STR01,PRD020,78,34603.92,17,OK
INV009380,2025-03-31,STR01,PRD051,126,39881.52,30,OK
INV009381,2025-03-31,STR01,PRD017,33,1540.11,26,OK
INV009382,2025-03-31,STR01,PRD129,42,19288.5,20,OK
INV009383,2025-03-31,STR01,PRD067,79,11060.79,20,OK
INV009384,2025-03-31,STR01,PRD139,63,10306.8,24,OK
INV009385,2025-03-31,STR01,PRD101,42,5029.08,23,OK
INV009386,2025-03-31,STR01,PRD082,23,11107.62,15,OK
INV009387,2025-03-31,STR01,PRD075,83,22750.3,28,OK
INV009388,2025-03-31,STR01,PRD125,96,18554.88,18,OK
INV009389,2025-03-31,STR01,PRD117,139,40562.98,24,OK
INV009390,2025-03-31,STR01,PRD039,72,23267.52,14,OK
INV009391,2025-03-31,STR08,PRD115,118,39329.4,5,OK
INV009392,2025-03-31,STR08,PRD111,41,8981.05,19,OK
INV009393,2025-03-31,STR08,PRD112,44,14864.96,9,OK
INV009394,2025-03-31,STR08,PRD028,128,10073.6,6,OK
INV009395,2025-03-31,STR08,PRD081,5,1812.95,30,Low
INV009396,2025-03-31,STR08,PRD119,124,51193.4,22,OK
INV009397,2025-03-31,STR08,PRD092,65,8635.25,28,OK
INV009398,2025-03-31,STR08,PRD098,102,27804.18,24,OK
INV009399,2025-03-31,STR08,PRD097,32,7349.76,8,OK
INV009400,2025-03-31,STR08,PRD114,30,8081.1,26,OK
INV009401,2025-03-31,STR08,PRD108,104,27834.56,19,OK
INV009402,2025-03-31,STR08,PRD139,95,15542.0,24,OK
INV009403,2025-03-31,STR08,PRD059,102,47415.72,12,OK
INV009404,2025-03-31,STR08,PRD123,129,10685.07,7,OK
INV009405,2025-03-31,STR08,PRD050,108,15758.28,20,OK
INV009406,2025-03-31,STR08,PRD107,52,23680.28,25,OK
INV009407,2025-03-31,STR08,PRD053,121,6700.98,13,OK
INV009408,2025-03-31,STR08,PRD003,18,6054.48,29,OK
INV009409,2025-03-31,STR08,PRD091,83,11833.31,21,OK
INV009410,2025-03-31,STR08,PRD001,106,44650.38,29,OK
INV009411,2025-03-31,STR08,PRD024,131,4849.62,13,OK
INV009412,2025-03-31,STR08,PRD125,89,17201.92,22,OK
INV009413,2025-03-31,STR08,PRD113,85,14375.2,15,OK
INV009414,2025-03-31,STR08,PRD131,130,23710.7,7,OK
INV009415,2025-03-31,STR08,PRD102,107,47134.57,16,OK
INV009416,2025-03-31,STR08,PRD020,104,46138.56,23,OK
INV009417,2025-03-31,STR08,PRD089,35,17379.95,21,OK
INV009418,2025-03-31,STR08,PRD034,124,47098.92,11,OK
INV009419,2025-03-31,STR08,PRD141,17,3424.82,6,OK
INV009420,2025-03-31,STR08,PRD085,140,17329.2,24,OK
INV009421,2025-03-31,STR16,PRD053,102,5648.76,17,OK
INV009422,2025-03-31,STR16,PRD088,101,38127.5,18,OK
INV009423,2025-03-31,STR16,PRD130,48,1508.64,16,OK
INV009424,2025-03-31,STR16,PRD142,78,21372.0,30,OK
INV009425,2025-03-31,STR16,PRD093,76,1901.52,19,OK
INV009426,2025-03-31,STR16,PRD027,80,17712.0,5,OK
INV009427,2025-03-31,STR16,PRD003,89,29936.04,12,OK
INV009428,2025-03-31,STR16,PRD091,51,7271.07,11,OK
INV009429,2025-03-31,STR16,PRD013,50,14149.5,13,OK
INV009430,2025-03-31,STR16,PRD127,110,50366.8,6,OK
INV009431,2025-03-31,STR16,PRD110,69,9288.78,29,OK
INV009432,2025-03-31,STR16,PRD079,147,9963.66,24,OK
INV009433,2025-03-31,STR16,PRD024,106,3924.12,11,OK
INV009434,2025-03-31,STR16,PRD055,47,7474.88,24,OK
INV009435,2025-03-31,STR16,PRD016,22,9680.22,20,OK
INV009436,2025-03-31,STR16,PRD121,68,13531.32,18,OK
INV009437,2025-03-31,STR16,PRD134,11,4117.63,15,OK
INV009438,2025-03-31,STR16,PRD021,16,1223.68,24,OK
INV009439,2025-03-31,STR16,PRD001,123,51811.29,13,OK
INV009440,2025-03-31,STR16,PRD045,74,24768.54,16,OK
INV009441,2025-03-31,STR16,PRD119,104,42936.4,8,OK
INV009442,2025-03-31,STR16,PRD144,35,5530.0,24,OK
INV009443,2025-03-31,STR16,PRD150,133,47183.08,23,OK
INV009444,2025-03-31,STR16,PRD117,137,39979.34,9,OK
INV009445,2025-03-31,STR16,PRD092,27,3586.95,28,OK
INV009446,2025-03-31,STR16,PRD006,55,23875.5,14,OK
INV009447,2025-03-31,STR16,PRD116,4,1447.0,18,Low
INV009448,2025-03-31,STR16,PRD087,80,6397.6,28,OK
INV009449,2025-03-31,STR16,PRD090,58,31039.28,13,OK
INV009450,2025-03-31,STR16,PRD085,105,12996.9,17,OK
INV009451,2025-03-31,STR14,PRD078,1,407.45,9,Low
INV009452,2025-03-31,STR14,PRD054,39,19469.97,6,OK
INV009453,2025-03-31,STR14,PRD080,10,4520.3,14,OK
INV009454,2025-03-31,STR14,PRD047,142,37727.98,14,OK
INV009455,2025-03-31,STR14,PRD062,132,54461.88,20,OK
INV009456,2025-03-31,STR14,PRD112,0,0.0,15,Out of Stock
INV009457,2025-03-31,STR14,PRD086,115,54112.1,23,OK
INV009458,2025-03-31,STR14,PRD136,18,5610.78,14,OK
INV009459,2025-03-31,STR14,PRD066,120,41887.2,19,OK
INV009460,2025-03-31,STR14,PRD064,52,9030.84,19,OK
INV009461,2025-03-31,STR14,PRD116,44,15917.0,17,OK
INV009462,2025-03-31,STR14,PRD048,113,11364.41,13,OK
INV009463,2025-03-31,STR14,PRD119,127,52431.95,26,OK
INV009464,2025-03-31,STR14,PRD141,96,19340.16,6,OK
INV009465,2025-03-31,STR14,PRD101,146,17482.04,25,OK
INV009466,2025-03-31,STR14,PRD014,112,7017.92,20,OK
INV009467,2025-03-31,STR14,PRD077,112,30299.36,11,OK
INV009468,2025-03-31,STR14,PRD113,114,19279.68,12,OK
INV009469,2025-03-31,STR14,PRD071,1,179.28,24,Low
INV009470,2025-03-31,STR14,PRD122,119,11823.84,28,OK
INV009471,2025-03-31,STR14,PRD133,64,25980.8,10,OK
INV009472,2025-03-31,STR14,PRD144,133,21014.0,6,OK
INV009473,2025-03-31,STR14,PRD065,109,24366.95,24,OK
INV009474,2025-03-31,STR14,PRD067,21,2940.21,21,OK
INV009475,2025-03-31,STR14,PRD052,91,38229.1,27,OK
INV009476,2025-03-31,STR14,PRD041,103,14031.69,28,OK
INV009477,2025-03-31,STR14,PRD055,114,18130.56,11,OK
INV009478,2025-03-31,STR14,PRD061,77,39803.61,5,OK
INV009479,2025-03-31,STR14,PRD068,119,9373.63,29,OK
INV009480,2025-03-31,STR14,PRD097,18,4134.24,6,OK
INV009481,2025-03-31,STR19,PRD119,83,34266.55,13,OK
INV009482,2025-03-31,STR19,PRD049,35,1492.05,15,OK
INV009483,2025-03-31,STR19,PRD044,11,576.18,11,OK
INV009484,2025-03-31,STR19,PRD149,82,26120.28,9,OK
INV009485,2025-03-31,STR19,PRD067,0,0.0,25,Out of Stock
INV009486,2025-03-31,STR19,PRD039,74,23913.84,7,OK
INV009487,2025-03-31,STR19,PRD028,59,4643.3,22,OK
INV009488,2025-03-31,STR19,PRD134,105,39304.65,10,OK
INV009489,2025-03-31,STR19,PRD112,119,40202.96,6,OK
INV009490,2025-03-31,STR19,PRD122,66,6557.76,24,OK
INV009491,2025-03-31,STR19,PRD110,130,17500.6,23,OK
INV009492,2025-03-31,STR19,PRD076,33,17216.1,23,OK
INV009493,2025-03-31,STR19,PRD036,54,23935.5,20,OK
INV009494,2025-03-31,STR19,PRD072,17,6904.21,24,OK
INV009495,2025-03-31,STR19,PRD060,125,34657.5,28,OK
INV009496,2025-03-31,STR19,PRD129,65,29851.25,11,OK
INV009497,2025-03-31,STR19,PRD025,144,33174.72,14,OK
INV009498,2025-03-31,STR19,PRD108,120,32116.8,26,OK
INV009499,2025-03-31,STR19,PRD138,21,8348.97,14,OK
INV009500,2025-03-31,STR19,PRD031,69,5985.06,8,OK
INV009501,2025-03-31,STR19,PRD089,48,23835.36,8,OK
INV009502,2025-03-31,STR19,PRD001,30,12636.9,22,OK
INV009503,2025-03-31,STR19,PRD143,114,20794.74,11,OK
INV009504,2025-03-31,STR19,PRD094,4,1060.0,12,Low
INV009505,2025-03-31,STR19,PRD059,52,24172.72,9,OK
INV009506,2025-03-31,STR19,PRD054,64,31950.72,11,OK
INV009507,2025-03-31,STR19,PRD030,22,9791.1,8,OK
INV009508,2025-03-31,STR19,PRD035,144,22083.84,25,OK
INV009509,2025-03-31,STR19,PRD053,128,7088.64,20,OK
INV009510,2025-03-31,STR19,PRD088,114,43035.0,9,OK
INV009511,2025-03-31,STR11,PRD067,37,5180.37,5,OK
INV009512,2025-03-31,STR11,PRD136,86,26807.06,10,OK
INV009513,2025-03-31,STR11,PRD048,26,2614.82,23,OK
INV009514,2025-03-31,STR11,PRD026,117,49729.68,20,OK
INV009515,2025-03-31,STR11,PRD002,11,5059.45,10,OK
INV009516,2025-03-31,STR11,PRD101,14,1676.36,15,OK
INV009517,2025-03-31,STR11,PRD043,133,10451.14,27,OK
INV009518,2025-03-31,STR11,PRD118,0,0.0,27,Out of Stock
INV009519,2025-03-31,STR11,PRD064,14,2431.38,12,OK
INV009520,2025-03-31,STR11,PRD124,140,74088.0,21,OK
INV009521,2025-03-31,STR11,PRD045,93,31128.03,28,OK
INV009522,2025-03-31,STR11,PRD015,26,13564.98,15,OK
INV009523,2025-03-31,STR11,PRD044,105,5499.9,28,OK
INV009524,2025-03-31,STR11,PRD112,140,47297.6,30,OK
INV009525,2025-03-31,STR11,PRD059,87,40442.82,27,OK
INV009526,2025-03-31,STR11,PRD106,3,1043.07,26,Low
INV009527,2025-03-31,STR11,PRD069,22,7589.56,26,OK
INV009528,2025-03-31,STR11,PRD057,84,28475.16,9,OK
INV009529,2025-03-31,STR11,PRD035,95,14569.2,24,OK
INV009530,2025-03-31,STR11,PRD028,142,11175.4,5,OK
INV009531,2025-03-31,STR11,PRD076,54,28171.8,6,OK
INV009532,2025-03-31,STR11,PRD060,63,17467.38,11,OK
INV009533,2025-03-31,STR11,PRD075,25,6852.5,29,OK
INV009534,2025-03-31,STR11,PRD133,30,12178.5,14,OK
INV009535,2025-03-31,STR11,PRD091,131,18676.67,28,OK
INV009536,2025-03-31,STR11,PRD020,36,15971.04,20,OK
INV009537,2025-03-31,STR11,PRD095,72,14265.36,22,OK
INV009538,2025-03-31,STR11,PRD084,8,2580.56,23,Low
INV009539,2025-03-31,STR11,PRD115,75,24997.5,23,OK
INV009540,2025-03-31,STR11,PRD114,120,32324.4,13,OK
INV009541,2025-03-31,STR05,PRD038,111,34650.87,21,OK
INV009542,2025-03-31,STR05,PRD067,119,16661.19,15,OK
INV009543,2025-03-31,STR05,PRD058,36,1816.92,27,OK
INV009544,2025-03-31,STR05,PRD018,140,75609.8,5,OK
INV009545,2025-03-31,STR05,PRD044,67,3509.46,24,OK
INV009546,2025-03-31,STR05,PRD091,123,17536.11,22,OK
INV009547,2025-03-31,STR05,PRD061,80,41354.4,26,OK
INV009548,2025-03-31,STR05,PRD025,18,4146.84,11,OK
INV009549,2025-03-31,STR05,PRD048,88,8850.16,27,OK
INV009550,2025-03-31,STR05,PRD003,124,41708.64,24,OK
INV009551,2025-03-31,STR05,PRD084,56,18063.92,16,OK
INV009552,2025-03-31,STR05,PRD099,136,14356.16,21,OK
INV009553,2025-03-31,STR05,PRD006,47,20402.7,24,OK
INV009554,2025-03-31,STR05,PRD082,140,67611.6,10,OK
INV009555,2025-03-31,STR05,PRD134,103,38555.99,24,OK
INV009556,2025-03-31,STR05,PRD080,135,61024.05,8,OK
INV009557,2025-03-31,STR05,PRD135,74,23103.54,26,OK
INV009558,2025-03-31,STR05,PRD085,112,13863.36,12,OK
INV009559,2025-03-31,STR05,PRD024,52,1925.04,23,OK
INV009560,2025-03-31,STR05,PRD095,103,20407.39,30,OK
INV009561,2025-03-31,STR05,PRD141,30,6043.8,30,OK
INV009562,2025-03-31,STR05,PRD127,125,57235.0,10,OK
INV009563,2025-03-31,STR05,PRD101,64,7663.36,26,OK
INV009564,2025-03-31,STR05,PRD136,64,19949.44,26,OK
INV009565,2025-03-31,STR05,PRD140,132,50346.12,21,OK
INV009566,2025-03-31,STR05,PRD049,97,4135.11,17,OK
INV009567,2025-03-31,STR05,PRD078,42,17112.9,28,OK
INV009568,2025-03-31,STR05,PRD055,99,15744.96,5,OK
INV009569,2025-03-31,STR05,PRD133,115,46684.25,28,OK
INV009570,2025-03-31,STR05,PRD034,96,36463.68,25,OK
INV009571,2025-03-31,STR06,PRD127,18,8241.84,26,OK
INV009572,2025-03-31,STR06,PRD023,115,11027.35,14,OK
INV009573,2025-03-31,STR06,PRD109,109,48841.81,8,OK
INV009574,2025-03-31,STR06,PRD039,88,28438.08,20,OK
INV009575,2025-03-31,STR06,PRD083,69,36723.18,19,OK
INV009576,2025-03-31,STR06,PRD100,26,11111.1,21,OK
INV009577,2025-03-31,STR06,PRD131,101,18421.39,28,OK
INV009578,2025-03-31,STR06,PRD024,95,3516.9,20,OK
INV009579,2025-03-31,STR06,PRD132,90,20847.6,18,OK
INV009580,2025-03-31,STR06,PRD140,59,22503.19,11,OK
INV009581,2025-03-31,STR06,PRD044,126,6599.88,30,OK
INV009582,2025-03-31,STR06,PRD004,106,29495.56,24,OK
INV009583,2025-03-31,STR06,PRD013,19,5376.81,5,OK
INV009584,2025-03-31,STR06,PRD022,23,3562.24,27,OK
INV009585,2025-03-31,STR06,PRD135,120,37465.2,26,OK
INV009586,2025-03-31,STR06,PRD034,127,48238.41,21,OK
INV009587,2025-03-31,STR06,PRD069,31,10694.38,15,OK
INV009588,2025-03-31,STR06,PRD092,132,17536.2,27,OK
INV009589,2025-03-31,STR06,PRD060,70,19408.2,15,OK
INV009590,2025-03-31,STR06,PRD007,30,15183.3,27,OK
INV009591,2025-03-31,STR06,PRD117,7,2042.74,5,Low
INV009592,2025-03-31,STR06,PRD064,49,8509.83,26,OK
INV009593,2025-03-31,STR06,PRD035,137,21010.32,21,OK
INV009594,2025-03-31,STR06,PRD046,127,68724.78,16,OK
INV009595,2025-03-31,STR06,PRD097,27,6201.36,9,OK
INV009596,2025-03-31,STR06,PRD071,70,12549.6,19,OK
INV009597,2025-03-31,STR06,PRD138,75,29817.75,30,OK
INV009598,2025-03-31,STR06,PRD105,6,1250.46,16,Low
INV009599,2025-03-31,STR06,PRD010,13,5543.59,9,OK
INV009600,2025-03-31,STR06,PRD020,142,62996.88,23,OK
INV009601,2025-03-31,STR12,PRD034,46,17472.18,7,OK
INV009602,2025-03-31,STR12,PRD075,32,8771.2,11,OK
INV009603,2025-03-31,STR12,PRD026,61,25927.44,13,OK
INV009604,2025-03-31,STR12,PRD042,84,28621.32,7,OK
INV009605,2025-03-31,STR12,PRD131,141,25716.99,11,OK
INV009606,2025-03-31,STR12,PRD008,85,19282.25,30,OK
INV009607,2025-03-31,STR12,PRD143,65,11856.65,25,OK
INV009608,2025-03-31,STR12,PRD060,125,34657.5,7,OK
INV009609,2025-03-31,STR12,PRD001,89,37489.47,18,OK
INV009610,2025-03-31,STR12,PRD072,103,41831.39,13,OK
INV009611,2025-03-31,STR12,PRD077,137,37062.61,23,OK
INV009612,2025-03-31,STR12,PRD069,123,42432.54,8,OK
INV009613,2025-03-31,STR12,PRD123,5,414.15,10,Low
INV009614,2025-03-31,STR12,PRD040,122,42415.74,28,OK
INV009615,2025-03-31,STR12,PRD015,141,73563.93,20,OK
INV009616,2025-03-31,STR12,PRD124,148,78321.6,23,OK
INV009617,2025-03-31,STR12,PRD097,97,22278.96,30,OK
INV009618,2025-03-31,STR12,PRD142,65,17810.0,10,OK
INV009619,2025-03-31,STR12,PRD109,76,34054.84,12,OK
INV009620,2025-03-31,STR12,PRD125,2,386.56,22,Low
INV009621,2025-03-31,STR12,PRD144,136,21488.0,6,OK
INV009622,2025-03-31,STR12,PRD003,136,45744.96,11,OK
INV009623,2025-03-31,STR12,PRD028,23,1810.1,15,OK
INV009624,2025-03-31,STR12,PRD062,87,35895.33,12,OK
INV009625,2025-03-31,STR12,PRD037,78,15428.4,29,OK
INV009626,2025-03-31,STR12,PRD136,123,38340.33,20,OK
INV009627,2025-03-31,STR12,PRD036,121,53633.25,6,OK
INV009628,2025-03-31,STR12,PRD102,86,37883.86,29,OK
INV009629,2025-03-31,STR12,PRD022,91,14094.08,21,OK
INV009630,2025-03-31,STR12,PRD094,72,19080.0,20,OK
INV009631,2025-03-31,STR03,PRD140,21,8009.61,11,OK
INV009632,2025-03-31,STR03,PRD150,129,45764.04,14,OK
INV009633,2025-03-31,STR03,PRD047,80,21255.2,13,OK
INV009634,2025-03-31,STR03,PRD131,143,26081.77,9,OK
INV009635,2025-03-31,STR03,PRD050,102,14882.82,5,OK
INV009636,2025-03-31,STR03,PRD010,95,40510.85,16,OK
INV009637,2025-03-31,STR03,PRD057,132,44746.68,18,OK
INV009638,2025-03-31,STR03,PRD017,90,4200.3,8,OK
INV009639,2025-03-31,STR03,PRD119,98,40459.3,6,OK
INV009640,2025-03-31,STR03,PRD138,31,12324.67,7,OK
INV009641,2025-03-31,STR03,PRD072,55,22337.15,7,OK
INV009642,2025-03-31,STR03,PRD061,21,10855.53,12,OK
INV009643,2025-03-31,STR03,PRD054,140,69892.2,8,OK
INV009644,2025-03-31,STR03,PRD032,16,8314.88,5,OK
INV009645,2025-03-31,STR03,PRD022,145,22457.6,5,OK
INV009646,2025-03-31,STR03,PRD026,91,38678.64,15,OK
INV009647,2025-03-31,STR03,PRD052,85,35708.5,9,OK
INV009648,2025-03-31,STR03,PRD089,70,34759.9,23,OK
INV009649,2025-03-31,STR03,PRD123,74,6129.42,9,OK
INV009650,2025-03-31,STR03,PRD074,17,4637.6,17,OK
INV009651,2025-03-31,STR03,PRD100,95,40598.25,25,OK
INV009652,2025-03-31,STR03,PRD126,99,35986.5,11,OK
INV009653,2025-03-31,STR03,PRD103,44,22160.6,28,OK
INV009654,2025-03-31,STR03,PRD034,22,8356.26,22,OK
INV009655,2025-03-31,STR03,PRD142,82,22468.0,7,OK
INV009656,2025-03-31,STR03,PRD068,56,4411.12,21,OK
INV009657,2025-03-31,STR03,PRD066,127,44330.62,26,OK
INV009658,2025-03-31,STR03,PRD051,79,25005.08,29,OK
INV009659,2025-03-31,STR03,PRD116,102,36898.5,22,OK
INV009660,2025-03-31,STR03,PRD107,24,10929.36,10,OK
INV009661,2025-03-31,STR15,PRD052,37,15543.7,17,OK
INV009662,2025-03-31,STR15,PRD139,67,10961.2,12,OK
INV009663,2025-03-31,STR15,PRD003,28,9418.08,14,OK
INV009664,2025-03-31,STR15,PRD006,107,46448.7,11,OK
INV009665,2025-03-31,STR15,PRD071,105,18824.4,12,OK
INV009666,2025-03-31,STR15,PRD076,127,66255.9,26,OK
INV009667,2025-03-31,STR15,PRD022,88,13629.44,7,OK
INV009668,2025-03-31,STR15,PRD147,44,3226.96,8,OK
INV009669,2025-03-31,STR15,PRD010,13,5543.59,7,OK
INV009670,2025-03-31,STR15,PRD047,38,10096.22,12,OK
INV009671,2025-03-31,STR15,PRD109,48,21508.32,30,OK
INV009672,2025-03-31,STR15,PRD043,127,9979.66,15,OK
INV009673,2025-03-31,STR15,PRD030,72,32043.6,20,OK
INV009674,2025-03-31,STR15,PRD005,143,63524.89,14,OK
INV009675,2025-03-31,STR15,PRD144,28,4424.0,8,OK
INV009676,2025-03-31,STR15,PRD116,112,40516.0,28,OK
INV009677,2025-03-31,STR15,PRD033,22,2541.88,25,OK
INV009678,2025-03-31,STR15,PRD110,25,3365.5,9,OK
INV009679,2025-03-31,STR15,PRD074,122,33281.6,21,OK
INV009680,2025-03-31,STR15,PRD039,80,25852.8,24,OK
INV009681,2025-03-31,STR15,PRD107,81,36886.59,21,OK
INV009682,2025-03-31,STR15,PRD056,119,60566.24,7,OK
INV009683,2025-03-31,STR15,PRD093,93,2326.86,13,OK
INV009684,2025-03-31,STR15,PRD011,85,19633.3,6,OK
INV009685,2025-03-31,STR15,PRD088,84,31710.0,10,OK
INV009686,2025-03-31,STR15,PRD009,98,51584.26,15,OK
INV009687,2025-03-31,STR15,PRD101,17,2035.58,27,OK
INV009688,2025-03-31,STR15,PRD102,75,33038.25,6,OK
INV009689,2025-03-31,STR15,PRD108,88,23552.32,17,OK
INV009690,2025-03-31,STR15,PRD073,91,40724.32,11,OK
INV009691,2025-03-31,STR07,PRD023,3,287.67,22,Low
INV009692,2025-03-31,STR07,PRD040,109,37896.03,11,OK
INV009693,2025-03-31,STR07,PRD065,13,2906.15,25,OK
INV009694,2025-03-31,STR07,PRD084,11,3548.27,25,OK
INV009695,2025-03-31,STR07,PRD141,78,15713.88,15,OK
INV009696,2025-03-31,STR07,PRD074,133,36282.4,19,OK
INV009697,2025-03-31,STR07,PRD044,40,2095.2,29,OK
INV009698,2025-03-31,STR07,PRD043,16,1257.28,20,OK
INV009699,2025-03-31,STR07,PRD019,15,4758.45,17,OK
INV009700,2025-03-31,STR07,PRD013,78,22073.22,25,OK
INV009701,2025-03-31,STR07,PRD049,70,2984.1,23,OK
INV009702,2025-03-31,STR07,PRD110,23,3096.26,24,OK
INV009703,2025-03-31,STR07,PRD079,8,542.24,20,Low
INV009704,2025-03-31,STR07,PRD099,30,3166.8,20,OK
INV009705,2025-03-31,STR07,PRD038,127,39645.59,17,OK
INV009706,2025-03-31,STR07,PRD112,111,37500.24,6,OK
INV009707,2025-03-31,STR07,PRD053,136,7531.68,14,OK
INV009708,2025-03-31,STR07,PRD124,46,24343.2,5,OK
INV009709,2025-03-31,STR07,PRD051,43,13610.36,15,OK
INV009710,2025-03-31,STR07,PRD136,90,28053.9,7,OK
INV009711,2025-03-31,STR07,PRD022,117,18120.96,5,OK
INV009712,2025-03-31,STR07,PRD147,85,6233.9,25,OK
INV009713,2025-03-31,STR07,PRD108,124,33187.36,6,OK
INV009714,2025-03-31,STR07,PRD034,48,18231.84,23,OK
INV009715,2025-03-31,STR07,PRD017,82,3826.94,22,OK
INV009716,2025-03-31,STR07,PRD128,110,17872.8,13,OK
INV009717,2025-03-31,STR07,PRD100,102,43589.7,14,OK
INV009718,2025-03-31,STR07,PRD123,93,7703.19,12,OK
INV009719,2025-03-31,STR07,PRD115,97,32330.1,8,OK
INV009720,2025-03-31,STR07,PRD062,110,45384.9,14,OK
INV009721,2025-04-30,STR10,PRD110,134,18039.08,21,OK
INV009722,2025-04-30,STR10,PRD021,16,1223.68,22,OK
INV009723,2025-04-30,STR10,PRD096,62,32323.08,26,OK
INV009724,2025-04-30,STR10,PRD010,58,24732.94,14,OK
INV009725,2025-04-30,STR10,PRD065,106,23696.3,16,OK
INV009726,2025-04-30,STR10,PRD115,5,1666.5,19,Low
INV009727,2025-04-30,STR10,PRD087,70,5597.9,9,OK
INV009728,2025-04-30,STR10,PRD071,39,6991.92,12,OK
INV009729,2025-04-30,STR10,PRD137,94,45262.88,29,OK
INV009730,2025-04-30,STR10,PRD090,134,71711.44,22,OK
INV009731,2025-04-30,STR10,PRD056,102,51913.92,12,OK
INV009732,2025-04-30,STR10,PRD078,138,56228.1,21,OK
INV009733,2025-04-30,STR10,PRD091,58,8269.06,18,OK
INV009734,2025-04-30,STR10,PRD120,116,4858.08,5,OK
INV009735,2025-04-30,STR10,PRD121,44,8755.56,13,OK
INV009736,2025-04-30,STR10,PRD108,44,11776.16,17,OK
INV009737,2025-04-30,STR10,PRD138,88,34986.16,17,OK
INV009738,2025-04-30,STR10,PRD004,30,8347.8,19,OK
INV009739,2025-04-30,STR10,PRD122,65,6458.4,15,OK
INV009740,2025-04-30,STR10,PRD051,60,18991.2,30,OK
INV009741,2025-04-30,STR10,PRD136,123,38340.33,12,OK
INV009742,2025-04-30,STR10,PRD026,88,37403.52,29,OK
INV009743,2025-04-30,STR10,PRD037,118,23340.4,19,OK
INV009744,2025-04-30,STR10,PRD135,67,20918.07,5,OK
INV009745,2025-04-30,STR10,PRD066,144,50264.64,17,OK
INV009746,2025-04-30,STR10,PRD075,5,1370.5,9,Low
INV009747,2025-04-30,STR10,PRD077,31,8386.43,13,OK
INV009748,2025-04-30,STR10,PRD014,55,3446.3,24,OK
INV009749,2025-04-30,STR10,PRD150,18,6385.68,17,OK
INV009750,2025-04-30,STR10,PRD073,2,895.04,25,Low
INV009751,2025-04-30,STR16,PRD150,45,15964.2,20,OK
INV009752,2025-04-30,STR16,PRD069,33,11384.34,18,OK
INV009753,2025-04-30,STR16,PRD046,96,51949.44,6,OK
INV009754,2025-04-30,STR16,PRD141,46,9267.16,10,OK
INV009755,2025-04-30,STR16,PRD049,74,3154.62,24,OK
INV009756,2025-04-30,STR16,PRD014,111,6955.26,9,OK
INV009757,2025-04-30,STR16,PRD087,49,3918.53,20,OK
INV009758,2025-04-30,STR16,PRD037,93,18395.4,9,OK
INV009759,2025-04-30,STR16,PRD030,64,28483.2,11,OK
INV009760,2025-04-30,STR16,PRD068,40,3150.8,13,OK
INV009761,2025-04-30,STR16,PRD072,126,51172.38,20,OK
INV009762,2025-04-30,STR16,PRD097,149,34222.32,21,OK
INV009763,2025-04-30,STR16,PRD052,2,840.2,20,Low
INV009764,2025-04-30,STR16,PRD105,79,16464.39,7,OK
INV009765,2025-04-30,STR16,PRD144,124,19592.0,11,OK
INV009766,2025-04-30,STR16,PRD083,42,22353.24,24,OK
INV009767,2025-04-30,STR16,PRD140,58,22121.78,24,OK
INV009768,2025-04-30,STR16,PRD126,72,26172.0,27,OK
INV009769,2025-04-30,STR16,PRD006,2,868.2,22,Low
INV009770,2025-04-30,STR16,PRD129,110,50517.5,30,OK
INV009771,2025-04-30,STR16,PRD148,13,4190.81,17,OK
INV009772,2025-04-30,STR16,PRD054,89,44431.47,28,OK
INV009773,2025-04-30,STR16,PRD089,77,38235.89,30,OK
INV009774,2025-04-30,STR16,PRD018,51,27543.57,8,OK
INV009775,2025-04-30,STR16,PRD095,11,2179.43,18,OK
INV009776,2025-04-30,STR16,PRD099,137,14461.72,20,OK
INV009777,2025-04-30,STR16,PRD090,105,56191.8,25,OK
INV009778,2025-04-30,STR16,PRD137,121,58263.92,5,OK
INV009779,2025-04-30,STR16,PRD127,48,21978.24,9,OK
INV009780,2025-04-30,STR16,PRD022,39,6040.32,19,OK
INV009781,2025-04-30,STR04,PRD035,46,7054.56,27,OK
INV009782,2025-04-30,STR04,PRD038,141,44015.97,19,OK
INV009783,2025-04-30,STR04,PRD061,146,75471.78,17,OK
INV009784,2025-04-30,STR04,PRD148,140,45131.8,23,OK
INV009785,2025-04-30,STR04,PRD052,123,51672.3,11,OK
INV009786,2025-04-30,STR04,PRD139,41,6707.6,23,OK
INV009787,2025-04-30,STR04,PRD131,116,21157.24,7,OK
INV009788,2025-04-30,STR04,PRD016,39,17160.39,12,OK
INV009789,2025-04-30,STR04,PRD118,64,23902.08,25,OK
INV009790,2025-04-30,STR04,PRD141,145,29211.7,26,OK
INV009791,2025-04-30,STR04,PRD125,11,2126.08,23,OK
INV009792,2025-04-30,STR04,PRD097,41,9416.88,29,OK
INV009793,2025-04-30,STR04,PRD037,51,10087.8,10,OK
INV009794,2025-04-30,STR04,PRD027,98,21697.2,30,OK
INV009795,2025-04-30,STR04,PRD064,35,6078.45,14,OK
INV009796,2025-04-30,STR04,PRD040,62,21555.54,21,OK
INV009797,2025-04-30,STR04,PRD087,15,1199.55,18,OK
INV009798,2025-04-30,STR04,PRD009,148,77902.76,26,OK
INV009799,2025-04-30,STR04,PRD136,15,4675.65,7,OK
INV009800,2025-04-30,STR04,PRD137,82,39484.64,15,OK
INV009801,2025-04-30,STR04,PRD057,29,9830.71,7,OK
INV009802,2025-04-30,STR04,PRD071,100,17928.0,17,OK
INV009803,2025-04-30,STR04,PRD150,83,29445.08,14,OK
INV009804,2025-04-30,STR04,PRD098,88,23987.92,30,OK
INV009805,2025-04-30,STR04,PRD006,12,5209.2,10,OK
INV009806,2025-04-30,STR04,PRD025,75,17278.5,7,OK
INV009807,2025-04-30,STR04,PRD100,19,8119.65,28,OK
INV009808,2025-04-30,STR04,PRD088,78,29445.0,23,OK
INV009809,2025-04-30,STR04,PRD106,127,44156.63,10,OK
INV009810,2025-04-30,STR04,PRD060,41,11367.66,28,OK
INV009811,2025-04-30,STR14,PRD120,62,2596.56,8,OK
INV009812,2025-04-30,STR14,PRD066,36,12566.16,12,OK
INV009813,2025-04-30,STR14,PRD046,23,12446.22,13,OK
INV009814,2025-04-30,STR14,PRD112,141,47635.44,17,OK
INV009815,2025-04-30,STR14,PRD105,43,8961.63,17,OK
INV009816,2025-04-30,STR14,PRD133,39,15832.05,11,OK
INV009817,2025-04-30,STR14,PRD076,101,52691.7,22,OK
INV009818,2025-04-30,STR14,PRD123,85,7040.55,6,OK
INV009819,2025-04-30,STR14,PRD097,129,29628.72,27,OK
INV009820,2025-04-30,STR14,PRD063,45,19505.25,18,OK
INV009821,2025-04-30,STR14,PRD072,58,23555.54,12,OK
INV009822,2025-04-30,STR14,PRD013,148,41882.52,22,OK
INV009823,2025-04-30,STR14,PRD007,37,18726.07,21,OK
INV009824,2025-04-30,STR14,PRD020,79,35047.56,28,OK
INV009825,2025-04-30,STR14,PRD004,109,30330.34,5,OK
INV009826,2025-04-30,STR14,PRD150,31,10997.56,5,OK
INV009827,2025-04-30,STR14,PRD015,31,16173.63,23,OK
INV009828,2025-04-30,STR14,PRD080,71,32094.13,23,OK
INV009829,2025-04-30,STR14,PRD050,110,16050.1,21,OK
INV009830,2025-04-30,STR14,PRD078,40,16298.0,6,OK
INV009831,2025-04-30,STR14,PRD002,138,63473.1,18,OK
INV009832,2025-04-30,STR14,PRD129,49,22503.25,25,OK
INV009833,2025-04-30,STR14,PRD035,110,16869.6,15,OK
INV009834,2025-04-30,STR14,PRD140,110,41955.1,26,OK
INV009835,2025-04-30,STR14,PRD042,16,5451.68,8,OK
INV009836,2025-04-30,STR14,PRD068,27,2126.79,21,OK
INV009837,2025-04-30,STR14,PRD098,13,3543.67,9,OK
INV009838,2025-04-30,STR14,PRD073,130,58177.6,23,OK
INV009839,2025-04-30,STR14,PRD116,85,30748.75,19,OK
INV009840,2025-04-30,STR14,PRD142,122,33428.0,22,OK
INV009841,2025-04-30,STR07,PRD118,123,45936.81,8,OK
INV009842,2025-04-30,STR07,PRD124,38,20109.6,17,OK
INV009843,2025-04-30,STR07,PRD145,137,64828.4,14,OK
INV009844,2025-04-30,STR07,PRD008,5,1134.25,6,Low
INV009845,2025-04-30,STR07,PRD135,44,13737.24,10,OK
INV009846,2025-04-30,STR07,PRD049,39,1662.57,11,OK
INV009847,2025-04-30,STR07,PRD017,80,3733.6,10,OK
INV009848,2025-04-30,STR07,PRD091,83,11833.31,26,OK
INV009849,2025-04-30,STR07,PRD148,121,39006.77,17,OK
INV009850,2025-04-30,STR07,PRD042,104,35435.92,7,OK
INV009851,2025-04-30,STR07,PRD075,75,20557.5,15,OK
INV009852,2025-04-30,STR07,PRD024,50,1851.0,23,OK
INV009853,2025-04-30,STR07,PRD121,148,29450.52,19,OK
INV009854,2025-04-30,STR07,PRD022,130,20134.4,21,OK
INV009855,2025-04-30,STR07,PRD016,92,40480.92,25,OK
INV009856,2025-04-30,STR07,PRD110,109,14673.58,20,OK
INV009857,2025-04-30,STR07,PRD084,91,29353.87,27,OK
INV009858,2025-04-30,STR07,PRD109,4,1792.36,14,Low
INV009859,2025-04-30,STR07,PRD136,102,31794.42,27,OK
INV009860,2025-04-30,STR07,PRD015,101,52694.73,19,OK
INV009861,2025-04-30,STR07,PRD035,32,4907.52,12,OK
INV009862,2025-04-30,STR07,PRD030,111,49400.55,18,OK
INV009863,2025-04-30,STR07,PRD132,78,18067.92,5,OK
INV009864,2025-04-30,STR07,PRD050,109,15904.19,21,OK
INV009865,2025-04-30,STR07,PRD036,31,13740.75,21,OK
INV009866,2025-04-30,STR07,PRD149,23,7326.42,30,OK
INV009867,2025-04-30,STR07,PRD100,56,23931.6,17,OK
INV009868,2025-04-30,STR07,PRD141,119,23973.74,26,OK
INV009869,2025-04-30,STR07,PRD069,59,20353.82,11,OK
INV009870,2025-04-30,STR07,PRD134,39,14598.87,28,OK
INV009871,2025-04-30,STR08,PRD036,91,40335.75,15,OK
INV009872,2025-04-30,STR08,PRD147,62,4547.08,16,OK
INV009873,2025-04-30,STR08,PRD031,11,954.14,8,OK
INV009874,2025-04-30,STR08,PRD047,145,38525.05,15,OK
INV009875,2025-04-30,STR08,PRD040,72,25032.24,18,OK
INV009876,2025-04-30,STR08,PRD081,60,21755.4,15,OK
INV009877,2025-04-30,STR08,PRD138,138,54864.66,6,OK
INV009878,2025-04-30,STR08,PRD093,66,1651.32,25,OK
INV009879,2025-04-30,STR08,PRD071,94,16852.32,25,OK
INV009880,2025-04-30,STR08,PRD080,7,3164.21,24,Low
INV009881,2025-04-30,STR08,PRD082,73,35254.62,15,OK
INV009882,2025-04-30,STR08,PRD066,116,40490.96,18,OK
INV009883,2025-04-30,STR08,PRD018,46,24843.22,14,OK
INV009884,2025-04-30,STR08,PRD136,125,38963.75,24,OK
INV009885,2025-04-30,STR08,PRD148,81,26111.97,17,OK
INV009886,2025-04-30,STR08,PRD064,85,14761.95,24,OK
INV009887,2025-04-30,STR08,PRD029,11,2810.61,17,OK
INV009888,2025-04-30,STR08,PRD002,81,37255.95,21,OK
INV009889,2025-04-30,STR08,PRD007,3,1518.33,20,Low
INV009890,2025-04-30,STR08,PRD070,132,58322.88,18,OK
INV009891,2025-04-30,STR08,PRD120,10,418.8,26,OK
INV009892,2025-04-30,STR08,PRD110,5,673.1,22,Low
INV009893,2025-04-30,STR08,PRD075,40,10964.0,12,OK
INV009894,2025-04-30,STR08,PRD134,82,30695.06,11,OK
INV009895,2025-04-30,STR08,PRD023,40,3835.6,28,OK
INV009896,2025-04-30,STR08,PRD121,134,26664.66,16,OK
INV009897,2025-04-30,STR08,PRD074,29,7911.2,30,OK
INV009898,2025-04-30,STR08,PRD065,32,7153.6,27,OK
INV009899,2025-04-30,STR08,PRD034,33,12534.39,10,OK
INV009900,2025-04-30,STR08,PRD150,32,11352.32,22,OK
INV009901,2025-04-30,STR09,PRD049,15,639.45,30,OK
INV009902,2025-04-30,STR09,PRD026,39,16576.56,13,OK
INV009903,2025-04-30,STR09,PRD108,92,24622.88,22,OK
INV009904,2025-04-30,STR09,PRD045,136,45520.56,16,OK
INV009905,2025-04-30,STR09,PRD074,67,18277.6,18,OK
INV009906,2025-04-30,STR09,PRD145,104,49212.8,5,OK
INV009907,2025-04-30,STR09,PRD124,94,49744.8,17,OK
INV009908,2025-04-30,STR09,PRD142,28,7672.0,30,OK
INV009909,2025-04-30,STR09,PRD053,101,5593.38,22,OK
INV009910,2025-04-30,STR09,PRD076,136,70951.2,12,OK
INV009911,2025-04-30,STR09,PRD082,5,2414.7,18,Low
INV009912,2025-04-30,STR09,PRD085,84,10397.52,21,OK
INV009913,2025-04-30,STR09,PRD099,14,1477.84,23,OK
INV009914,2025-04-30,STR09,PRD072,53,21524.89,7,OK
INV009915,2025-04-30,STR09,PRD095,79,15652.27,27,OK
INV009916,2025-04-30,STR09,PRD102,95,41848.45,7,OK
INV009917,2025-04-30,STR09,PRD057,36,12203.64,18,OK
INV009918,2025-04-30,STR09,PRD094,120,31800.0,6,OK
INV009919,2025-04-30,STR09,PRD033,104,12016.16,12,OK
INV009920,2025-04-30,STR09,PRD012,72,4403.52,7,OK
INV009921,2025-04-30,STR09,PRD127,93,42582.84,19,OK
INV009922,2025-04-30,STR09,PRD050,49,7149.59,23,OK
INV009923,2025-04-30,STR09,PRD037,67,13252.6,27,OK
INV009924,2025-04-30,STR09,PRD101,48,5747.52,8,OK
INV009925,2025-04-30,STR09,PRD052,36,15123.6,11,OK
INV009926,2025-04-30,STR09,PRD148,145,46743.65,13,OK
INV009927,2025-04-30,STR09,PRD061,83,42905.19,19,OK
INV009928,2025-04-30,STR09,PRD091,57,8126.49,8,OK
INV009929,2025-04-30,STR09,PRD083,140,74510.8,17,OK
INV009930,2025-04-30,STR09,PRD096,143,74551.62,25,OK
INV009931,2025-04-30,STR15,PRD109,147,65869.23,25,OK
INV009932,2025-04-30,STR15,PRD127,49,22436.12,25,OK
INV009933,2025-04-30,STR15,PRD039,21,6786.36,24,OK
INV009934,2025-04-30,STR15,PRD105,9,1875.69,10,Low
INV009935,2025-04-30,STR15,PRD029,56,14308.56,16,OK
INV009936,2025-04-30,STR15,PRD042,18,6133.14,22,OK
INV009937,2025-04-30,STR15,PRD118,34,12697.98,8,OK
INV009938,2025-04-30,STR15,PRD090,67,35855.72,26,OK
INV009939,2025-04-30,STR15,PRD131,108,19698.12,7,OK
INV009940,2025-04-30,STR15,PRD065,129,28837.95,17,OK
INV009941,2025-04-30,STR15,PRD070,85,37556.4,6,OK
INV009942,2025-04-30,STR15,PRD128,66,10723.68,6,OK
INV009943,2025-04-30,STR15,PRD022,32,4956.16,30,OK
INV009944,2025-04-30,STR15,PRD050,23,3355.93,15,OK
INV009945,2025-04-30,STR15,PRD120,2,83.76,16,Low
INV009946,2025-04-30,STR15,PRD099,14,1477.84,25,OK
INV009947,2025-04-30,STR15,PRD066,32,11169.92,20,OK
INV009948,2025-04-30,STR15,PRD069,116,40017.68,11,OK
INV009949,2025-04-30,STR15,PRD071,146,26174.88,14,OK
INV009950,2025-04-30,STR15,PRD034,2,759.66,16,Low
INV009951,2025-04-30,STR15,PRD093,5,125.1,15,Low
INV009952,2025-04-30,STR15,PRD041,130,17709.9,15,OK
INV009953,2025-04-30,STR15,PRD078,77,31373.65,5,OK
INV009954,2025-04-30,STR15,PRD038,53,16545.01,27,OK
INV009955,2025-04-30,STR15,PRD058,140,7065.8,11,OK
INV009956,2025-04-30,STR15,PRD018,13,7020.91,5,OK
INV009957,2025-04-30,STR15,PRD123,111,9194.13,12,OK
INV009958,2025-04-30,STR15,PRD112,131,44257.04,28,OK
INV009959,2025-04-30,STR15,PRD081,53,19217.27,7,OK
INV009960,2025-04-30,STR15,PRD035,65,9968.4,7,OK
INV009961,2025-04-30,STR02,PRD082,41,19800.54,16,OK
INV009962,2025-04-30,STR02,PRD127,119,54487.72,14,OK
INV009963,2025-04-30,STR02,PRD034,99,37603.17,22,OK
INV009964,2025-04-30,STR02,PRD059,113,52529.18,11,OK
INV009965,2025-04-30,STR02,PRD062,105,43321.95,17,OK
INV009966,2025-04-30,STR02,PRD022,144,22302.72,23,OK
INV009967,2025-04-30,STR02,PRD085,92,11387.76,12,OK
INV009968,2025-04-30,STR02,PRD042,99,33732.27,9,OK
INV009969,2025-04-30,STR02,PRD058,7,353.29,24,Low
INV009970,2025-04-30,STR02,PRD118,64,23902.08,10,OK
INV009971,2025-04-30,STR02,PRD055,27,4294.08,8,OK
INV009972,2025-04-30,STR02,PRD021,55,4206.4,9,OK
INV009973,2025-04-30,STR02,PRD075,136,37277.6,12,OK
INV009974,2025-04-30,STR02,PRD144,57,9006.0,11,OK
INV009975,2025-04-30,STR02,PRD083,44,23417.68,11,OK
INV009976,2025-04-30,STR02,PRD046,58,31386.12,9,OK
INV009977,2025-04-30,STR02,PRD057,95,32204.05,23,OK
INV009978,2025-04-30,STR02,PRD012,147,8990.52,8,OK
INV009979,2025-04-30,STR02,PRD014,61,3822.26,11,OK
INV009980,2025-04-30,STR02,PRD097,127,29169.36,15,OK
INV009981,2025-04-30,STR02,PRD066,50,17453.0,16,OK
INV009982,2025-04-30,STR02,PRD067,78,10920.78,17,OK
INV009983,2025-04-30,STR02,PRD027,83,18376.2,28,OK
INV009984,2025-04-30,STR02,PRD092,50,6642.5,10,OK
INV009985,2025-04-30,STR02,PRD080,13,5876.39,20,OK
INV009986,2025-04-30,STR02,PRD048,46,4626.22,9,OK
INV009987,2025-04-30,STR02,PRD056,128,65146.88,7,OK
INV009988,2025-04-30,STR02,PRD070,120,53020.8,5,OK
INV009989,2025-04-30,STR02,PRD036,139,61611.75,16,OK
INV009990,2025-04-30,STR02,PRD088,64,24160.0,14,OK
INV009991,2025-04-30,STR17,PRD006,140,60774.0,16,OK
INV009992,2025-04-30,STR17,PRD032,92,47810.56,5,OK
INV009993,2025-04-30,STR17,PRD096,99,51612.66,29,OK
INV009994,2025-04-30,STR17,PRD113,106,17926.72,6,OK
INV009995,2025-04-30,STR17,PRD129,33,15155.25,24,OK
INV009996,2025-04-30,STR17,PRD068,11,866.47,25,OK
INV009997,2025-04-30,STR17,PRD016,125,55001.25,24,OK
INV009998,2025-04-30,STR17,PRD132,124,28723.36,26,OK
INV009999,2025-04-30,STR17,PRD118,28,10457.16,10,OK
INV010000,2025-04-30,STR17,PRD121,11,2188.89,27,OK
INV010001,2025-04-30,STR17,PRD095,104,20605.52,17,OK
INV010002,2025-04-30,STR17,PRD112,101,34121.84,27,OK
INV010003,2025-04-30,STR17,PRD070,11,4860.24,23,OK
INV010004,2025-04-30,STR17,PRD028,45,3541.5,26,OK
INV010005,2025-04-30,STR17,PRD059,100,46486.0,9,OK
INV010006,2025-04-30,STR17,PRD101,147,17601.78,20,OK
INV010007,2025-04-30,STR17,PRD017,3,140.01,29,Low
INV010008,2025-04-30,STR17,PRD049,17,724.71,22,OK
INV010009,2025-04-30,STR17,PRD108,15,4014.6,26,OK
INV010010,2025-04-30,STR17,PRD105,10,2084.1,22,OK
INV010011,2025-04-30,STR17,PRD045,137,45855.27,6,OK
INV010012,2025-04-30,STR17,PRD062,92,37958.28,21,OK
INV010013,2025-04-30,STR17,PRD137,134,64523.68,6,OK
INV010014,2025-04-30,STR17,PRD060,46,12753.96,20,OK
INV010015,2025-04-30,STR17,PRD120,40,1675.2,10,OK
INV010016,2025-04-30,STR17,PRD117,146,42605.72,28,OK
INV010017,2025-04-30,STR17,PRD102,111,48896.61,15,OK
INV010018,2025-04-30,STR17,PRD047,96,25506.24,17,OK
INV010019,2025-04-30,STR17,PRD058,124,6258.28,28,OK
INV010020,2025-04-30,STR17,PRD142,146,40004.0,25,OK
INV010021,2025-04-30,STR06,PRD074,54,14731.2,28,OK
INV010022,2025-04-30,STR06,PRD036,112,49644.0,27,OK
INV010023,2025-04-30,STR06,PRD086,106,49877.24,20,OK
INV010024,2025-04-30,STR06,PRD113,147,24860.64,23,OK
INV010025,2025-04-30,STR06,PRD132,138,31966.32,14,OK
INV010026,2025-04-30,STR06,PRD056,88,44788.48,24,OK
INV010027,2025-04-30,STR06,PRD103,37,18635.05,17,OK
INV010028,2025-04-30,STR06,PRD139,125,20450.0,16,OK
INV010029,2025-04-30,STR06,PRD146,137,59311.41,18,OK
INV010030,2025-04-30,STR06,PRD025,70,16126.6,19,OK
INV010031,2025-04-30,STR06,PRD066,119,41538.14,10,OK
INV010032,2025-04-30,STR06,PRD029,60,15330.6,23,OK
INV010033,2025-04-30,STR06,PRD059,111,51599.46,8,OK
INV010034,2025-04-30,STR06,PRD082,146,70509.24,16,OK
INV010035,2025-04-30,STR06,PRD017,91,4246.97,8,OK
INV010036,2025-04-30,STR06,PRD138,110,43732.7,26,OK
INV010037,2025-04-30,STR06,PRD034,5,1899.15,24,Low
INV010038,2025-04-30,STR06,PRD118,92,34359.24,18,OK
INV010039,2025-04-30,STR06,PRD033,149,17215.46,15,OK
INV010040,2025-04-30,STR06,PRD010,10,4264.3,7,OK
INV010041,2025-04-30,STR06,PRD035,139,21317.04,9,OK
INV010042,2025-04-30,STR06,PRD093,0,0.0,16,Out of Stock
INV010043,2025-04-30,STR06,PRD128,20,3249.6,23,OK
INV010044,2025-04-30,STR06,PRD027,35,7749.0,10,OK
INV010045,2025-04-30,STR06,PRD023,145,13904.05,14,OK
INV010046,2025-04-30,STR06,PRD062,50,20629.5,26,OK
INV010047,2025-04-30,STR06,PRD080,3,1356.09,9,Low
INV010048,2025-04-30,STR06,PRD110,142,19116.04,25,OK
INV010049,2025-04-30,STR06,PRD077,96,25970.88,13,OK
INV010050,2025-04-30,STR06,PRD026,63,26777.52,27,OK
INV010051,2025-04-30,STR12,PRD049,117,4987.71,8,OK
INV010052,2025-04-30,STR12,PRD063,133,57648.85,28,OK
INV010053,2025-04-30,STR12,PRD036,150,66487.5,13,OK
INV010054,2025-04-30,STR12,PRD093,88,2201.76,8,OK
INV010055,2025-04-30,STR12,PRD099,16,1688.96,13,OK
INV010056,2025-04-30,STR12,PRD008,12,2722.2,19,OK
INV010057,2025-04-30,STR12,PRD081,93,33720.87,26,OK
INV010058,2025-04-30,STR12,PRD140,111,42336.51,17,OK
INV010059,2025-04-30,STR12,PRD006,58,25177.8,7,OK
INV010060,2025-04-30,STR12,PRD110,127,17096.74,15,OK
INV010061,2025-04-30,STR12,PRD055,34,5407.36,14,OK
INV010062,2025-04-30,STR12,PRD016,26,11440.26,21,OK
INV010063,2025-04-30,STR12,PRD064,31,5383.77,6,OK
INV010064,2025-04-30,STR12,PRD102,111,48896.61,24,OK
INV010065,2025-04-30,STR12,PRD094,52,13780.0,23,OK
INV010066,2025-04-30,STR12,PRD027,84,18597.6,10,OK
INV010067,2025-04-30,STR12,PRD097,15,3445.2,13,OK
INV010068,2025-04-30,STR12,PRD071,129,23127.12,14,OK
INV010069,2025-04-30,STR12,PRD114,148,39866.76,7,OK
INV010070,2025-04-30,STR12,PRD005,7,3109.61,13,Low
INV010071,2025-04-30,STR12,PRD145,81,38329.2,26,OK
INV010072,2025-04-30,STR12,PRD053,54,2990.52,23,OK
INV010073,2025-04-30,STR12,PRD131,8,1459.12,24,Low
INV010074,2025-04-30,STR12,PRD051,31,9812.12,8,OK
INV010075,2025-04-30,STR12,PRD147,51,3740.34,9,OK
INV010076,2025-04-30,STR12,PRD100,45,19230.75,21,OK
INV010077,2025-04-30,STR12,PRD129,138,63376.5,25,OK
INV010078,2025-04-30,STR12,PRD121,138,27460.62,22,OK
INV010079,2025-04-30,STR12,PRD048,25,2514.25,25,OK
INV010080,2025-04-30,STR12,PRD030,90,40054.5,13,OK
INV010081,2025-05-31,STR15,PRD131,57,10396.23,28,OK
INV010082,2025-05-31,STR15,PRD066,141,49217.46,9,OK
INV010083,2025-05-31,STR15,PRD050,63,9192.33,22,OK
INV010084,2025-05-31,STR15,PRD037,91,17999.8,25,OK
INV010085,2025-05-31,STR15,PRD027,8,1771.2,5,Low
INV010086,2025-05-31,STR15,PRD055,98,15585.92,29,OK
INV010087,2025-05-31,STR15,PRD048,5,502.85,12,Low
INV010088,2025-05-31,STR15,PRD127,18,8241.84,22,OK
INV010089,2025-05-31,STR15,PRD062,67,27643.53,6,OK
INV010090,2025-05-31,STR15,PRD047,20,5313.8,28,OK
INV010091,2025-05-31,STR15,PRD113,86,14544.32,26,OK
INV010092,2025-05-31,STR15,PRD034,109,41401.47,6,OK
INV010093,2025-05-31,STR15,PRD144,7,1106.0,16,Low
INV010094,2025-05-31,STR15,PRD018,85,45905.95,18,OK
INV010095,2025-05-31,STR15,PRD051,68,21523.36,15,OK
INV010096,2025-05-31,STR15,PRD096,18,9384.12,18,OK
INV010097,2025-05-31,STR15,PRD090,92,49234.72,9,OK
INV010098,2025-05-31,STR15,PRD010,79,33687.97,26,OK
INV010099,2025-05-31,STR15,PRD053,148,8196.24,24,OK
INV010100,2025-05-31,STR15,PRD068,120,9452.4,17,OK
INV010101,2025-05-31,STR15,PRD137,38,18297.76,15,OK
INV010102,2025-05-31,STR15,PRD006,86,37332.6,16,OK
INV010103,2025-05-31,STR15,PRD086,84,39525.36,28,OK
INV010104,2025-05-31,STR15,PRD123,114,9442.62,12,OK
INV010105,2025-05-31,STR15,PRD139,106,17341.6,7,OK
INV010106,2025-05-31,STR15,PRD020,63,27949.32,15,OK
INV010107,2025-05-31,STR15,PRD022,39,6040.32,13,OK
INV010108,2025-05-31,STR15,PRD077,133,35980.49,8,OK
INV010109,2025-05-31,STR15,PRD115,58,19331.4,19,OK
INV010110,2025-05-31,STR15,PRD133,85,34505.75,13,OK
INV010111,2025-05-31,STR17,PRD128,115,18685.2,26,OK
INV010112,2025-05-31,STR17,PRD116,57,20619.75,18,OK
INV010113,2025-05-31,STR17,PRD117,22,6420.04,29,OK
INV010114,2025-05-31,STR17,PRD066,47,16405.82,12,OK
INV010115,2025-05-31,STR17,PRD048,122,12269.54,30,OK
INV010116,2025-05-31,STR17,PRD112,30,10135.2,16,OK
INV010117,2025-05-31,STR17,PRD085,4,495.12,28,Low
INV010118,2025-05-31,STR17,PRD135,110,34343.1,26,OK
INV010119,2025-05-31,STR17,PRD149,65,20705.1,25,OK
INV010120,2025-05-31,STR17,PRD077,81,21912.93,6,OK
INV010121,2025-05-31,STR17,PRD052,12,5041.2,28,OK
INV010122,2025-05-31,STR17,PRD133,115,46684.25,19,OK
INV010123,2025-05-31,STR17,PRD121,127,25271.73,13,OK
INV010124,2025-05-31,STR17,PRD137,99,47670.48,15,OK
INV010125,2025-05-31,STR17,PRD001,85,35804.55,7,OK
INV010126,2025-05-31,STR17,PRD015,125,65216.25,15,OK
INV010127,2025-05-31,STR17,PRD136,1,311.71,25,Low
INV010128,2025-05-31,STR17,PRD004,94,26156.44,5,OK
INV010129,2025-05-31,STR17,PRD118,29,10830.63,16,OK
INV010130,2025-05-31,STR17,PRD076,121,63125.7,29,OK
INV010131,2025-05-31,STR17,PRD082,30,14488.2,29,OK
INV010132,2025-05-31,STR17,PRD006,148,64246.8,10,OK
INV010133,2025-05-31,STR17,PRD127,59,27014.92,18,OK
INV010134,2025-05-31,STR17,PRD065,12,2682.6,14,OK
INV010135,2025-05-31,STR17,PRD046,35,18939.9,26,OK
INV010136,2025-05-31,STR17,PRD055,62,9860.48,5,OK
INV010137,2025-05-31,STR17,PRD012,86,5259.76,13,OK
INV010138,2025-05-31,STR17,PRD103,84,42306.6,20,OK
INV010139,2025-05-31,STR17,PRD014,46,2882.36,28,OK
INV010140,2025-05-31,STR17,PRD022,113,17501.44,14,OK
INV010141,2025-05-31,STR07,PRD002,54,24837.3,10,OK
INV010142,2025-05-31,STR07,PRD072,115,46704.95,5,OK
INV010143,2025-05-31,STR07,PRD056,144,73290.24,13,OK
INV010144,2025-05-31,STR07,PRD081,23,8339.57,15,OK
INV010145,2025-05-31,STR07,PRD104,1,501.93,10,Low
INV010146,2025-05-31,STR07,PRD111,27,5914.35,21,OK
INV010147,2025-05-31,STR07,PRD061,124,64099.32,6,OK
INV010148,2025-05-31,STR07,PRD073,2,895.04,24,Low
INV010149,2025-05-31,STR07,PRD085,11,1361.58,12,OK
INV010150,2025-05-31,STR07,PRD137,27,13001.04,20,OK
INV010151,2025-05-31,STR07,PRD123,107,8862.81,5,OK
INV010152,2025-05-31,STR07,PRD120,132,5528.16,19,OK
INV010153,2025-05-31,STR07,PRD126,43,15630.5,25,OK
INV010154,2025-05-31,STR07,PRD068,67,5277.59,21,OK
INV010155,2025-05-31,STR07,PRD003,43,14463.48,5,OK
INV010156,2025-05-31,STR07,PRD135,50,15610.5,22,OK
INV010157,2025-05-31,STR07,PRD118,18,6722.46,9,OK
INV010158,2025-05-31,STR07,PRD001,145,61078.35,21,OK
INV010159,2025-05-31,STR07,PRD116,74,26769.5,22,OK
INV010160,2025-05-31,STR07,PRD098,147,40070.73,14,OK
INV010161,2025-05-31,STR07,PRD071,69,12370.32,26,OK
INV010162,2025-05-31,STR07,PRD049,102,4348.26,20,OK
INV010163,2025-05-31,STR07,PRD043,41,3221.78,6,OK
INV010164,2025-05-31,STR07,PRD095,27,5349.51,23,OK
INV010165,2025-05-31,STR07,PRD058,37,1867.39,30,OK
INV010166,2025-05-31,STR07,PRD048,113,11364.41,11,OK
INV010167,2025-05-31,STR07,PRD138,109,43335.13,6,OK
INV010168,2025-05-31,STR07,PRD020,122,54124.08,23,OK
INV010169,2025-05-31,STR07,PRD092,66,8768.1,22,OK
INV010170,2025-05-31,STR07,PRD024,24,888.48,20,OK
INV010171,2025-05-31,STR03,PRD005,89,39536.47,19,OK
INV010172,2025-05-31,STR03,PRD010,80,34114.4,9,OK
INV010173,2025-05-31,STR03,PRD083,28,14902.16,29,OK
INV010174,2025-05-31,STR03,PRD099,29,3061.24,5,OK
INV010175,2025-05-31,STR03,PRD047,16,4251.04,30,OK
INV010176,2025-05-31,STR03,PRD070,57,25184.88,27,OK
INV010177,2025-05-31,STR03,PRD110,37,4980.94,23,OK
INV010178,2025-05-31,STR03,PRD051,146,46211.92,7,OK
INV010179,2025-05-31,STR03,PRD087,108,8636.76,21,OK
INV010180,2025-05-31,STR03,PRD143,49,8938.09,17,OK
INV010181,2025-05-31,STR03,PRD113,120,20294.4,5,OK
INV010182,2025-05-31,STR03,PRD033,69,7972.26,8,OK
INV010183,2025-05-31,STR03,PRD146,91,39396.63,29,OK
INV010184,2025-05-31,STR03,PRD115,8,2666.4,18,Low
INV010185,2025-05-31,STR03,PRD053,68,3765.84,21,OK
INV010186,2025-05-31,STR03,PRD046,25,13528.5,22,OK
INV010187,2025-05-31,STR03,PRD148,82,26434.34,18,OK
INV010188,2025-05-31,STR03,PRD117,34,9921.88,26,OK
INV010189,2025-05-31,STR03,PRD142,110,30140.0,21,OK
INV010190,2025-05-31,STR03,PRD044,124,6495.12,8,OK
INV010191,2025-05-31,STR03,PRD015,91,47477.43,8,OK
INV010192,2025-05-31,STR03,PRD066,51,17802.06,27,OK
INV010193,2025-05-31,STR03,PRD133,123,49931.85,23,OK
INV010194,2025-05-31,STR03,PRD052,73,30667.3,11,OK
INV010195,2025-05-31,STR03,PRD003,118,39690.48,16,OK
INV010196,2025-05-31,STR03,PRD039,63,20359.08,9,OK
INV010197,2025-05-31,STR03,PRD135,128,39962.88,18,OK
INV010198,2025-05-31,STR03,PRD120,97,4062.36,28,OK
INV010199,2025-05-31,STR03,PRD072,17,6904.21,10,OK
INV010200,2025-05-31,STR03,PRD088,41,15477.5,15,OK
INV010201,2025-05-31,STR16,PRD016,60,26400.6,12,OK
INV010202,2025-05-31,STR16,PRD092,12,1594.2,30,OK
INV010203,2025-05-31,STR16,PRD003,92,30945.12,17,OK
INV010204,2025-05-31,STR16,PRD101,132,15805.68,22,OK
INV010205,2025-05-31,STR16,PRD130,106,3331.58,12,OK
INV010206,2025-05-31,STR16,PRD033,150,17331.0,16,OK
INV010207,2025-05-31,STR16,PRD055,139,22106.56,18,OK
INV010208,2025-05-31,STR16,PRD087,15,1199.55,25,OK
INV010209,2025-05-31,STR16,PRD103,90,45328.5,30,OK
INV010210,2025-05-31,STR16,PRD035,69,10581.84,9,OK
INV010211,2025-05-31,STR16,PRD139,144,23558.4,5,OK
INV010212,2025-05-31,STR16,PRD108,74,19805.36,25,OK
INV010213,2025-05-31,STR16,PRD100,126,53846.1,24,OK
INV010214,2025-05-31,STR16,PRD079,12,813.36,11,OK
INV010215,2025-05-31,STR16,PRD026,30,12751.2,12,OK
INV010216,2025-05-31,STR16,PRD099,61,6439.16,6,OK
INV010217,2025-05-31,STR16,PRD070,121,53462.64,24,OK
INV010218,2025-05-31,STR16,PRD123,129,10685.07,28,OK
INV010219,2025-05-31,STR16,PRD046,56,30303.84,17,OK
INV010220,2025-05-31,STR16,PRD146,38,16451.34,20,OK
INV010221,2025-05-31,STR16,PRD144,82,12956.0,9,OK
INV010222,2025-05-31,STR16,PRD053,66,3655.08,20,OK
INV010223,2025-05-31,STR16,PRD097,104,23886.72,10,OK
INV010224,2025-05-31,STR16,PRD091,88,12546.16,12,OK
INV010225,2025-05-31,STR16,PRD058,70,3532.9,5,OK
INV010226,2025-05-31,STR16,PRD042,13,4429.49,25,OK
INV010227,2025-05-31,STR16,PRD025,24,5529.12,29,OK
INV010228,2025-05-31,STR16,PRD077,128,34627.84,18,OK
INV010229,2025-05-31,STR16,PRD029,62,15841.62,24,OK
INV010230,2025-05-31,STR16,PRD126,148,53798.0,26,OK
INV010231,2025-05-31,STR09,PRD071,33,5916.24,30,OK
INV010232,2025-05-31,STR09,PRD020,13,5767.32,12,OK
INV010233,2025-05-31,STR09,PRD011,13,3002.74,20,OK
INV010234,2025-05-31,STR09,PRD068,98,7719.46,13,OK
INV010235,2025-05-31,STR09,PRD087,18,1439.46,24,OK
INV010236,2025-05-31,STR09,PRD077,90,24347.7,26,OK
INV010237,2025-05-31,STR09,PRD018,107,57787.49,10,OK
INV010238,2025-05-31,STR09,PRD095,62,12284.06,21,OK
INV010239,2025-05-31,STR09,PRD132,83,19226.12,17,OK
INV010240,2025-05-31,STR09,PRD017,37,1726.79,12,OK
INV010241,2025-05-31,STR09,PRD091,52,7413.64,26,OK
INV010242,2025-05-31,STR09,PRD106,5,1738.45,7,Low
INV010243,2025-05-31,STR09,PRD019,142,45046.66,15,OK
INV010244,2025-05-31,STR09,PRD033,144,16637.76,24,OK
INV010245,2025-05-31,STR09,PRD107,48,21858.72,12,OK
INV010246,2025-05-31,STR09,PRD088,3,1132.5,14,Low
INV010247,2025-05-31,STR09,PRD046,133,71971.62,15,OK
INV010248,2025-05-31,STR09,PRD034,126,47858.58,17,OK
INV010249,2025-05-31,STR09,PRD110,46,6192.52,24,OK
INV010250,2025-05-31,STR09,PRD127,40,18315.2,9,OK
INV010251,2025-05-31,STR09,PRD013,35,9904.65,19,OK
INV010252,2025-05-31,STR09,PRD015,149,77737.77,26,OK
INV010253,2025-05-31,STR09,PRD030,84,37384.2,30,OK
INV010254,2025-05-31,STR09,PRD001,68,28643.64,7,OK
INV010255,2025-05-31,STR09,PRD119,47,19403.95,23,OK
INV010256,2025-05-31,STR09,PRD059,94,43696.84,30,OK
INV010257,2025-05-31,STR09,PRD122,38,3775.68,16,OK
INV010258,2025-05-31,STR09,PRD054,79,39439.17,27,OK
INV010259,2025-05-31,STR09,PRD026,26,11051.04,30,OK
INV010260,2025-05-31,STR09,PRD124,124,65620.8,11,OK
INV010261,2025-05-31,STR02,PRD008,150,34027.5,22,OK
INV010262,2025-05-31,STR02,PRD135,28,8741.88,24,OK
INV010263,2025-05-31,STR02,PRD046,30,16234.2,17,OK
INV010264,2025-05-31,STR02,PRD020,83,36822.12,26,OK
INV010265,2025-05-31,STR02,PRD129,39,17910.75,24,OK
INV010266,2025-05-31,STR02,PRD130,11,345.73,7,OK
INV010267,2025-05-31,STR02,PRD133,18,7307.1,7,OK
INV010268,2025-05-31,STR02,PRD034,12,4557.96,16,OK
INV010269,2025-05-31,STR02,PRD117,4,1167.28,30,Low
INV010270,2025-05-31,STR02,PRD088,112,42280.0,15,OK
INV010271,2025-05-31,STR02,PRD131,124,22616.36,17,OK
INV010272,2025-05-31,STR02,PRD150,62,21995.12,5,OK
INV010273,2025-05-31,STR02,PRD087,0,0.0,22,Out of Stock
INV010274,2025-05-31,STR02,PRD104,21,10540.53,22,OK
INV010275,2025-05-31,STR02,PRD091,76,10835.32,21,OK
INV010276,2025-05-31,STR02,PRD105,142,29594.22,22,OK
INV010277,2025-05-31,STR02,PRD002,74,34036.3,25,OK
INV010278,2025-05-31,STR02,PRD143,38,6931.58,5,OK
INV010279,2025-05-31,STR02,PRD113,136,23000.32,5,OK
INV010280,2025-05-31,STR02,PRD100,24,10256.4,7,OK
INV010281,2025-05-31,STR02,PRD107,16,7286.24,23,OK
INV010282,2025-05-31,STR02,PRD083,102,54286.44,14,OK
INV010283,2025-05-31,STR02,PRD119,76,31376.6,5,OK
INV010284,2025-05-31,STR02,PRD043,17,1335.86,16,OK
INV010285,2025-05-31,STR02,PRD059,147,68334.42,23,OK
INV010286,2025-05-31,STR02,PRD040,111,38591.37,9,OK
INV010287,2025-05-31,STR02,PRD026,40,17001.6,8,OK
INV010288,2025-05-31,STR02,PRD044,85,4452.3,19,OK
INV010289,2025-05-31,STR02,PRD122,112,11128.32,8,OK
INV010290,2025-05-31,STR02,PRD125,27,5218.56,30,OK
INV010291,2025-05-31,STR04,PRD074,77,21005.6,28,OK
INV010292,2025-05-31,STR04,PRD023,104,9972.56,10,OK
INV010293,2025-05-31,STR04,PRD058,117,5904.99,9,OK
INV010294,2025-05-31,STR04,PRD134,57,21336.81,17,OK
INV010295,2025-05-31,STR04,PRD015,90,46955.7,12,OK
INV010296,2025-05-31,STR04,PRD036,128,56736.0,12,OK
INV010297,2025-05-31,STR04,PRD133,3,1217.85,22,Low
INV010298,2025-05-31,STR04,PRD129,5,2296.25,7,Low
INV010299,2025-05-31,STR04,PRD148,82,26434.34,14,OK
INV010300,2025-05-31,STR04,PRD007,91,46056.01,25,OK
INV010301,2025-05-31,STR04,PRD035,83,12728.88,18,OK
INV010302,2025-05-31,STR04,PRD086,129,60699.66,29,OK
INV010303,2025-05-31,STR04,PRD111,91,19933.55,23,OK
INV010304,2025-05-31,STR04,PRD139,33,5398.8,19,OK
INV010305,2025-05-31,STR04,PRD016,109,47961.09,19,OK
INV010306,2025-05-31,STR04,PRD011,138,31875.24,14,OK
INV010307,2025-05-31,STR04,PRD062,121,49923.39,29,OK
INV010308,2025-05-31,STR04,PRD126,23,8360.5,21,OK
INV010309,2025-05-31,STR04,PRD090,74,39601.84,11,OK
INV010310,2025-05-31,STR04,PRD065,125,27943.75,6,OK
INV010311,2025-05-31,STR04,PRD063,4,1733.8,21,Low
INV010312,2025-05-31,STR04,PRD106,70,24338.3,7,OK
INV010313,2025-05-31,STR04,PRD114,149,40136.13,23,OK
INV010314,2025-05-31,STR04,PRD072,66,26804.58,14,OK
INV010315,2025-05-31,STR04,PRD104,25,12548.25,25,OK
INV010316,2025-05-31,STR04,PRD042,19,6473.87,8,OK
INV010317,2025-05-31,STR04,PRD077,41,11091.73,18,OK
INV010318,2025-05-31,STR04,PRD113,149,25198.88,22,OK
INV010319,2025-05-31,STR04,PRD033,138,15944.52,27,OK
INV010320,2025-05-31,STR04,PRD017,82,3826.94,6,OK
INV010321,2025-05-31,STR08,PRD125,90,17395.2,12,OK
INV010322,2025-05-31,STR08,PRD127,52,23809.76,7,OK
INV010323,2025-05-31,STR08,PRD146,8,3463.44,7,Low
INV010324,2025-05-31,STR08,PRD047,44,11690.36,30,OK
INV010325,2025-05-31,STR08,PRD134,136,50908.88,16,OK
INV010326,2025-05-31,STR08,PRD016,127,55881.27,7,OK
INV010327,2025-05-31,STR08,PRD097,23,5282.64,30,OK
INV010328,2025-05-31,STR08,PRD026,17,7225.68,25,OK
INV010329,2025-05-31,STR08,PRD135,82,25601.22,27,OK
INV010330,2025-05-31,STR08,PRD113,25,4228.0,28,OK
INV010331,2025-05-31,STR08,PRD150,98,34766.48,6,OK
INV010332,2025-05-31,STR08,PRD122,71,7054.56,24,OK
INV010333,2025-05-31,STR08,PRD066,14,4886.84,30,OK
INV010334,2025-05-31,STR08,PRD045,35,11714.85,12,OK
INV010335,2025-05-31,STR08,PRD027,68,15055.2,11,OK
INV010336,2025-05-31,STR08,PRD137,63,30335.76,6,OK
INV010337,2025-05-31,STR08,PRD107,99,45083.61,16,OK
INV010338,2025-05-31,STR08,PRD008,123,27902.55,9,OK
INV010339,2025-05-31,STR08,PRD068,125,9846.25,7,OK
INV010340,2025-05-31,STR08,PRD069,63,21733.74,11,OK
INV010341,2025-05-31,STR08,PRD070,46,20324.64,20,OK
INV010342,2025-05-31,STR08,PRD084,12,3870.84,22,OK
INV010343,2025-05-31,STR08,PRD005,4,1776.92,18,Low
INV010344,2025-05-31,STR08,PRD143,106,19335.46,7,OK
INV010345,2025-05-31,STR08,PRD028,92,7240.4,18,OK
INV010346,2025-05-31,STR08,PRD095,85,16841.05,21,OK
INV010347,2025-05-31,STR08,PRD030,116,51625.8,7,OK
INV010348,2025-05-31,STR08,PRD090,137,73316.92,17,OK
INV010349,2025-05-31,STR08,PRD003,95,31954.2,13,OK
INV010350,2025-05-31,STR08,PRD002,112,51514.4,9,OK
INV010351,2025-05-31,STR01,PRD087,9,719.73,28,Low
INV010352,2025-05-31,STR01,PRD010,116,49465.88,15,OK
INV010353,2025-05-31,STR01,PRD048,26,2614.82,13,OK
INV010354,2025-05-31,STR01,PRD061,27,13957.11,19,OK
INV010355,2025-05-31,STR01,PRD005,14,6219.22,18,OK
INV010356,2025-05-31,STR01,PRD112,92,31081.28,16,OK
INV010357,2025-05-31,STR01,PRD104,130,65250.9,24,OK
INV010358,2025-05-31,STR01,PRD077,106,28676.18,5,OK
INV010359,2025-05-31,STR01,PRD052,119,49991.9,27,OK
INV010360,2025-05-31,STR01,PRD002,75,34496.25,7,OK
INV010361,2025-05-31,STR01,PRD019,108,34260.84,14,OK
INV010362,2025-05-31,STR01,PRD100,23,9829.05,21,OK
INV010363,2025-05-31,STR01,PRD091,35,4989.95,18,OK
INV010364,2025-05-31,STR01,PRD009,73,38425.01,22,OK
INV010365,2025-05-31,STR01,PRD035,66,10121.76,10,OK
INV010366,2025-05-31,STR01,PRD068,90,7089.3,20,OK
INV010367,2025-05-31,STR01,PRD049,83,3538.29,8,OK
INV010368,2025-05-31,STR01,PRD092,125,16606.25,6,OK
INV010369,2025-05-31,STR01,PRD043,46,3614.68,17,OK
INV010370,2025-05-31,STR01,PRD136,84,26183.64,9,OK
INV010371,2025-05-31,STR01,PRD022,74,11461.12,28,OK
INV010372,2025-05-31,STR01,PRD062,146,60238.14,25,OK
INV010373,2025-05-31,STR01,PRD028,118,9286.6,6,OK
INV010374,2025-05-31,STR01,PRD060,36,9981.36,22,OK
INV010375,2025-05-31,STR01,PRD142,92,25208.0,5,OK
INV010376,2025-05-31,STR01,PRD051,5,1582.6,27,Low
INV010377,2025-05-31,STR01,PRD020,144,63884.16,26,OK
INV010378,2025-05-31,STR01,PRD080,73,32998.19,29,OK
INV010379,2025-05-31,STR01,PRD073,96,42961.92,27,OK
INV010380,2025-05-31,STR01,PRD072,21,8528.73,11,OK
INV010381,2025-05-31,STR19,PRD084,122,39353.54,26,OK
INV010382,2025-05-31,STR19,PRD051,50,15826.0,7,OK
INV010383,2025-05-31,STR19,PRD031,145,12577.3,15,OK
INV010384,2025-05-31,STR19,PRD001,47,19797.81,6,OK
INV010385,2025-05-31,STR19,PRD093,107,2677.14,18,OK
INV010386,2025-05-31,STR19,PRD095,1,198.13,6,Low
INV010387,2025-05-31,STR19,PRD092,80,10628.0,21,OK
INV010388,2025-05-31,STR19,PRD140,122,46532.02,29,OK
INV010389,2025-05-31,STR19,PRD132,119,27565.16,8,OK
INV010390,2025-05-31,STR19,PRD080,137,61928.11,21,OK
INV010391,2025-05-31,STR19,PRD047,66,17535.54,11,OK
INV010392,2025-05-31,STR19,PRD054,73,36443.79,15,OK
INV010393,2025-05-31,STR19,PRD043,60,4714.8,27,OK
INV010394,2025-05-31,STR19,PRD100,86,36752.1,8,OK
INV010395,2025-05-31,STR19,PRD010,34,14498.62,19,OK
INV010396,2025-05-31,STR19,PRD018,45,24303.15,15,OK
INV010397,2025-05-31,STR19,PRD081,27,9789.93,10,OK
INV010398,2025-05-31,STR19,PRD127,138,63187.44,12,OK
INV010399,2025-05-31,STR19,PRD137,59,28409.68,13,OK
INV010400,2025-05-31,STR19,PRD078,99,40337.55,15,OK
INV010401,2025-05-31,STR19,PRD009,84,44215.08,24,OK
INV010402,2025-05-31,STR19,PRD120,94,3936.72,6,OK
INV010403,2025-05-31,STR19,PRD116,19,6873.25,7,OK
INV010404,2025-05-31,STR19,PRD020,35,15527.4,23,OK
INV010405,2025-05-31,STR19,PRD063,89,38577.05,18,OK
INV010406,2025-05-31,STR19,PRD026,42,17851.68,24,OK
INV010407,2025-05-31,STR19,PRD102,87,38324.37,18,OK
INV010408,2025-05-31,STR19,PRD072,94,38176.22,14,OK
INV010409,2025-05-31,STR19,PRD143,0,0.0,7,Out of Stock
INV010410,2025-05-31,STR19,PRD056,54,27483.84,27,OK
INV010411,2025-05-31,STR10,PRD139,52,8507.2,24,OK
INV010412,2025-05-31,STR10,PRD137,59,28409.68,8,OK
INV010413,2025-05-31,STR10,PRD106,60,20861.4,10,OK
INV010414,2025-05-31,STR10,PRD073,33,14768.16,16,OK
INV010415,2025-05-31,STR10,PRD112,43,14527.12,28,OK
INV010416,2025-05-31,STR10,PRD133,82,33287.9,26,OK
INV010417,2025-05-31,STR10,PRD032,77,40015.36,8,OK
INV010418,2025-05-31,STR10,PRD099,96,10133.76,13,OK
INV010419,2025-05-31,STR10,PRD056,142,72272.32,30,OK
INV010420,2025-05-31,STR10,PRD066,30,10471.8,27,OK
INV010421,2025-05-31,STR10,PRD043,0,0.0,26,Out of Stock
INV010422,2025-05-31,STR10,PRD117,23,6711.86,14,OK
INV010423,2025-05-31,STR10,PRD049,100,4263.0,17,OK
INV010424,2025-05-31,STR10,PRD040,55,19121.85,21,OK
INV010425,2025-05-31,STR10,PRD062,126,51986.34,14,OK
INV010426,2025-05-31,STR10,PRD007,0,0.0,12,Out of Stock
INV010427,2025-05-31,STR10,PRD129,55,25258.75,13,OK
INV010428,2025-05-31,STR10,PRD069,56,19318.88,21,OK
INV010429,2025-05-31,STR10,PRD121,150,29848.5,9,OK
INV010430,2025-05-31,STR10,PRD095,105,20803.65,15,OK
INV010431,2025-05-31,STR10,PRD022,148,22922.24,23,OK
INV010432,2025-05-31,STR10,PRD001,73,30749.79,12,OK
INV010433,2025-05-31,STR10,PRD027,142,31438.8,7,OK
INV010434,2025-05-31,STR10,PRD033,150,17331.0,22,OK
INV010435,2025-05-31,STR10,PRD044,38,1990.44,18,OK
INV010436,2025-05-31,STR10,PRD077,98,26511.94,18,OK
INV010437,2025-05-31,STR10,PRD118,21,7842.87,18,OK
INV010438,2025-05-31,STR10,PRD101,0,0.0,9,Out of Stock
INV010439,2025-05-31,STR10,PRD015,54,28173.42,20,OK
INV010440,2025-05-31,STR10,PRD012,20,1223.2,5,OK
INV010441,2025-06-30,STR07,PRD087,63,5038.11,23,OK
INV010442,2025-06-30,STR07,PRD027,55,12177.0,27,OK
INV010443,2025-06-30,STR07,PRD149,13,4141.02,8,OK
INV010444,2025-06-30,STR07,PRD056,113,57512.48,30,OK
INV010445,2025-06-30,STR07,PRD150,61,21640.36,13,OK
INV010446,2025-06-30,STR07,PRD128,121,19660.08,21,OK
INV010447,2025-06-30,STR07,PRD073,98,43856.96,26,OK
INV010448,2025-06-30,STR07,PRD048,6,603.42,22,Low
INV010449,2025-06-30,STR07,PRD062,104,42909.36,13,OK
INV010450,2025-06-30,STR07,PRD044,63,3299.94,9,OK
INV010451,2025-06-30,STR07,PRD055,46,7315.84,12,OK
INV010452,2025-06-30,STR07,PRD120,74,3099.12,27,OK
INV010453,2025-06-30,STR07,PRD141,59,11886.14,18,OK
INV010454,2025-06-30,STR07,PRD079,149,10099.22,17,OK
INV010455,2025-06-30,STR07,PRD123,28,2319.24,17,OK
INV010456,2025-06-30,STR07,PRD080,64,28929.92,19,OK
INV010457,2025-06-30,STR07,PRD040,51,17731.17,29,OK
INV010458,2025-06-30,STR07,PRD124,111,58741.2,18,OK
INV010459,2025-06-30,STR07,PRD077,11,2975.83,21,OK
INV010460,2025-06-30,STR07,PRD093,25,625.5,5,OK
INV010461,2025-06-30,STR07,PRD135,16,4995.36,6,OK
INV010462,2025-06-30,STR07,PRD122,69,6855.84,16,OK
INV010463,2025-06-30,STR07,PRD066,61,21292.66,7,OK
INV010464,2025-06-30,STR07,PRD103,77,38781.05,12,OK
INV010465,2025-06-30,STR07,PRD105,36,7502.76,15,OK
INV010466,2025-06-30,STR07,PRD099,86,9078.16,12,OK
INV010467,2025-06-30,STR07,PRD085,30,3713.4,27,OK
INV010468,2025-06-30,STR07,PRD121,75,14924.25,13,OK
INV010469,2025-06-30,STR07,PRD060,150,41589.0,25,OK
INV010470,2025-06-30,STR07,PRD041,29,3950.67,18,OK
INV010471,2025-06-30,STR05,PRD068,60,4726.2,16,OK
INV010472,2025-06-30,STR05,PRD092,49,6509.65,25,OK
INV010473,2025-06-30,STR05,PRD030,48,21362.4,12,OK
INV010474,2025-06-30,STR05,PRD015,146,76172.58,30,OK
INV010475,2025-06-30,STR05,PRD033,95,10976.3,14,OK
INV010476,2025-06-30,STR05,PRD006,38,16495.8,18,OK
INV010477,2025-06-30,STR05,PRD010,30,12792.9,26,OK
INV010478,2025-06-30,STR05,PRD148,72,23210.64,17,OK
INV010479,2025-06-30,STR05,PRD110,146,19654.52,15,OK
INV010480,2025-06-30,STR05,PRD053,61,3378.18,8,OK
INV010481,2025-06-30,STR05,PRD136,143,44574.53,14,OK
INV010482,2025-06-30,STR05,PRD014,117,7331.22,24,OK
INV010483,2025-06-30,STR05,PRD042,145,49405.85,9,OK
INV010484,2025-06-30,STR05,PRD125,96,18554.88,24,OK
INV010485,2025-06-30,STR05,PRD122,46,4570.56,7,OK
INV010486,2025-06-30,STR05,PRD105,68,14171.88,23,OK
INV010487,2025-06-30,STR05,PRD090,5,2675.8,17,Low
INV010488,2025-06-30,STR05,PRD058,28,1413.16,22,OK
INV010489,2025-06-30,STR05,PRD054,41,20468.43,17,OK
INV010490,2025-06-30,STR05,PRD079,103,6981.34,20,OK
INV010491,2025-06-30,STR05,PRD003,29,9754.44,13,OK
INV010492,2025-06-30,STR05,PRD071,50,8964.0,20,OK
INV010493,2025-06-30,STR05,PRD048,30,3017.1,12,OK
INV010494,2025-06-30,STR05,PRD087,28,2239.16,17,OK
INV010495,2025-06-30,STR05,PRD101,109,13051.66,19,OK
INV010496,2025-06-30,STR05,PRD108,124,33187.36,17,OK
INV010497,2025-06-30,STR05,PRD017,109,5087.03,5,OK
INV010498,2025-06-30,STR05,PRD034,139,52796.37,10,OK
INV010499,2025-06-30,STR05,PRD044,33,1728.54,9,OK
INV010500,2025-06-30,STR05,PRD127,118,54029.84,5,OK
INV010501,2025-06-30,STR08,PRD021,86,6577.28,24,OK
INV010502,2025-06-30,STR08,PRD089,28,13903.96,10,OK
INV010503,2025-06-30,STR08,PRD098,56,15265.04,13,OK
INV010504,2025-06-30,STR08,PRD053,70,3876.6,17,OK
INV010505,2025-06-30,STR08,PRD020,135,59891.4,19,OK
INV010506,2025-06-30,STR08,PRD149,126,40136.04,29,OK
INV010507,2025-06-30,STR08,PRD059,74,34399.64,22,OK
INV010508,2025-06-30,STR08,PRD009,59,31055.83,20,OK
INV010509,2025-06-30,STR08,PRD134,93,34812.69,17,OK
INV010510,2025-06-30,STR08,PRD073,26,11635.52,18,OK
INV010511,2025-06-30,STR08,PRD011,116,26793.68,7,OK
INV010512,2025-06-30,STR08,PRD111,116,25409.8,17,OK
INV010513,2025-06-30,STR08,PRD034,102,38742.66,25,OK
INV010514,2025-06-30,STR08,PRD004,146,40625.96,9,OK
INV010515,2025-06-30,STR08,PRD130,137,4305.91,27,OK
INV010516,2025-06-30,STR08,PRD047,38,10096.22,9,OK
INV010517,2025-06-30,STR08,PRD099,146,15411.76,22,OK
INV010518,2025-06-30,STR08,PRD121,12,2387.88,8,OK
INV010519,2025-06-30,STR08,PRD108,125,33455.0,17,OK
INV010520,2025-06-30,STR08,PRD031,146,12664.04,10,OK
INV010521,2025-06-30,STR08,PRD063,41,17771.45,26,OK
INV010522,2025-06-30,STR08,PRD150,2,709.52,7,Low
INV010523,2025-06-30,STR08,PRD039,43,13895.88,16,OK
INV010524,2025-06-30,STR08,PRD079,30,2033.4,6,OK
INV010525,2025-06-30,STR08,PRD080,146,65996.38,26,OK
INV010526,2025-06-30,STR08,PRD025,106,24420.28,25,OK
INV010527,2025-06-30,STR08,PRD129,80,36740.0,11,OK
INV010528,2025-06-30,STR08,PRD003,71,23881.56,22,OK
INV010529,2025-06-30,STR08,PRD076,9,4695.3,9,Low
INV010530,2025-06-30,STR08,PRD077,105,28405.65,26,OK
INV010531,2025-06-30,STR03,PRD049,102,4348.26,5,OK
INV010532,2025-06-30,STR03,PRD010,74,31555.82,30,OK
INV010533,2025-06-30,STR03,PRD093,58,1451.16,21,OK
INV010534,2025-06-30,STR03,PRD035,117,17943.12,15,OK
INV010535,2025-06-30,STR03,PRD147,8,586.72,7,Low
INV010536,2025-06-30,STR03,PRD004,78,21704.28,27,OK
INV010537,2025-06-30,STR03,PRD044,122,6390.36,11,OK
INV010538,2025-06-30,STR03,PRD072,1,406.13,17,Low
INV010539,2025-06-30,STR03,PRD080,57,25765.71,20,OK
INV010540,2025-06-30,STR03,PRD109,67,30022.03,10,OK
INV010541,2025-06-30,STR03,PRD088,143,53982.5,8,OK
INV010542,2025-06-30,STR03,PRD098,6,1635.54,30,Low
INV010543,2025-06-30,STR03,PRD057,10,3389.9,22,OK
INV010544,2025-06-30,STR03,PRD097,115,26413.2,24,OK
INV010545,2025-06-30,STR03,PRD096,88,45877.92,22,OK
INV010546,2025-06-30,STR03,PRD039,51,16481.16,23,OK
INV010547,2025-06-30,STR03,PRD095,91,18029.83,27,OK
INV010548,2025-06-30,STR03,PRD124,140,74088.0,29,OK
INV010549,2025-06-30,STR03,PRD023,143,13712.27,6,OK
INV010550,2025-06-30,STR03,PRD126,72,26172.0,18,OK
INV010551,2025-06-30,STR03,PRD141,144,29010.24,25,OK
INV010552,2025-06-30,STR03,PRD103,48,24175.2,11,OK
INV010553,2025-06-30,STR03,PRD041,67,9127.41,24,OK
INV010554,2025-06-30,STR03,PRD028,53,4171.1,14,OK
INV010555,2025-06-30,STR03,PRD013,2,565.98,10,Low
INV010556,2025-06-30,STR03,PRD027,80,17712.0,13,OK
INV010557,2025-06-30,STR03,PRD036,92,40779.0,9,OK
INV010558,2025-06-30,STR03,PRD102,142,62552.42,16,OK
INV010559,2025-06-30,STR03,PRD064,142,24661.14,15,OK
INV010560,2025-06-30,STR03,PRD075,8,2192.8,10,Low
INV010561,2025-06-30,STR19,PRD130,10,314.3,27,OK
INV010562,2025-06-30,STR19,PRD115,8,2666.4,30,Low
INV010563,2025-06-30,STR19,PRD032,102,53007.36,22,OK
INV010564,2025-06-30,STR19,PRD047,59,15675.71,12,OK
INV010565,2025-06-30,STR19,PRD102,111,48896.61,16,OK
INV010566,2025-06-30,STR19,PRD118,11,4108.17,15,OK
INV010567,2025-06-30,STR19,PRD112,10,3378.4,30,OK
INV010568,2025-06-30,STR19,PRD082,14,6761.16,16,OK
INV010569,2025-06-30,STR19,PRD003,72,24217.92,22,OK
INV010570,2025-06-30,STR19,PRD103,59,29715.35,12,OK
INV010571,2025-06-30,STR19,PRD116,117,42324.75,28,OK
INV010572,2025-06-30,STR19,PRD097,24,5512.32,5,OK
INV010573,2025-06-30,STR19,PRD091,68,9694.76,8,OK
INV010574,2025-06-30,STR19,PRD053,47,2602.86,13,OK
INV010575,2025-06-30,STR19,PRD014,96,6015.36,8,OK
INV010576,2025-06-30,STR19,PRD121,119,23679.81,10,OK
INV010577,2025-06-30,STR19,PRD141,30,6043.8,9,OK
INV010578,2025-06-30,STR19,PRD096,132,68816.88,14,OK
INV010579,2025-06-30,STR19,PRD146,129,55847.97,8,OK
INV010580,2025-06-30,STR19,PRD095,15,2971.95,22,OK
INV010581,2025-06-30,STR19,PRD027,42,9298.8,22,OK
INV010582,2025-06-30,STR19,PRD088,150,56625.0,24,OK
INV010583,2025-06-30,STR19,PRD139,128,20940.8,30,OK
INV010584,2025-06-30,STR19,PRD008,40,9074.0,17,OK
INV010585,2025-06-30,STR19,PRD111,67,14676.35,8,OK
INV010586,2025-06-30,STR19,PRD145,50,23660.0,24,OK
INV010587,2025-06-30,STR19,PRD128,43,6986.64,6,OK
INV010588,2025-06-30,STR19,PRD005,11,4886.53,20,OK
INV010589,2025-06-30,STR19,PRD037,20,3956.0,23,OK
INV010590,2025-06-30,STR19,PRD109,102,45705.18,17,OK
INV010591,2025-06-30,STR02,PRD126,92,33442.0,17,OK
INV010592,2025-06-30,STR02,PRD008,72,16333.2,10,OK
INV010593,2025-06-30,STR02,PRD143,66,12039.06,10,OK
INV010594,2025-06-30,STR02,PRD037,22,4351.6,19,OK
INV010595,2025-06-30,STR02,PRD022,27,4181.76,9,OK
INV010596,2025-06-30,STR02,PRD100,106,45299.1,29,OK
INV010597,2025-06-30,STR02,PRD001,37,15585.51,5,OK
INV010598,2025-06-30,STR02,PRD029,150,38326.5,24,OK
INV010599,2025-06-30,STR02,PRD101,37,4430.38,11,OK
INV010600,2025-06-30,STR02,PRD069,147,50712.06,21,OK
INV010601,2025-06-30,STR02,PRD087,76,6077.72,8,OK
INV010602,2025-06-30,STR02,PRD111,114,24971.7,6,OK
INV010603,2025-06-30,STR02,PRD106,119,41375.11,19,OK
INV010604,2025-06-30,STR02,PRD149,30,9556.2,29,OK
INV010605,2025-06-30,STR02,PRD137,53,25520.56,13,OK
INV010606,2025-06-30,STR02,PRD112,3,1013.52,28,Low
INV010607,2025-06-30,STR02,PRD131,57,10396.23,19,OK
INV010608,2025-06-30,STR02,PRD119,80,33028.0,9,OK
INV010609,2025-06-30,STR02,PRD124,141,74617.2,21,OK
INV010610,2025-06-30,STR02,PRD030,17,7565.85,11,OK
INV010611,2025-06-30,STR02,PRD140,146,55685.86,24,OK
INV010612,2025-06-30,STR02,PRD099,61,6439.16,8,OK
INV010613,2025-06-30,STR02,PRD048,74,7442.18,14,OK
INV010614,2025-06-30,STR02,PRD045,125,41838.75,19,OK
INV010615,2025-06-30,STR02,PRD026,61,25927.44,26,OK
INV010616,2025-06-30,STR02,PRD082,99,47811.06,19,OK
INV010617,2025-06-30,STR02,PRD139,15,2454.0,25,OK
INV010618,2025-06-30,STR02,PRD103,40,20146.0,11,OK
INV010619,2025-06-30,STR02,PRD002,104,47834.8,5,OK
INV010620,2025-06-30,STR02,PRD039,17,5493.72,11,OK
INV010621,2025-06-30,STR16,PRD104,101,50694.93,8,OK
INV010622,2025-06-30,STR16,PRD014,134,8396.44,27,OK
INV010623,2025-06-30,STR16,PRD093,13,325.26,17,OK
INV010624,2025-06-30,STR16,PRD101,53,6346.22,25,OK
INV010625,2025-06-30,STR16,PRD094,97,25705.0,28,OK
INV010626,2025-06-30,STR16,PRD074,37,10093.6,27,OK
INV010627,2025-06-30,STR16,PRD003,85,28590.6,7,OK
INV010628,2025-06-30,STR16,PRD141,31,6245.26,16,OK
INV010629,2025-06-30,STR16,PRD091,33,4704.81,17,OK
INV010630,2025-06-30,STR16,PRD086,88,41407.52,17,OK
INV010631,2025-06-30,STR16,PRD044,41,2147.58,6,OK
INV010632,2025-06-30,STR16,PRD111,11,2409.55,12,OK
INV010633,2025-06-30,STR16,PRD049,61,2600.43,18,OK
INV010634,2025-06-30,STR16,PRD006,107,46448.7,21,OK
INV010635,2025-06-30,STR16,PRD025,83,19121.54,25,OK
INV010636,2025-06-30,STR16,PRD020,40,17745.6,10,OK
INV010637,2025-06-30,STR16,PRD096,123,64124.82,6,OK
INV010638,2025-06-30,STR16,PRD082,55,26561.7,29,OK
INV010639,2025-06-30,STR16,PRD005,66,29319.18,29,OK
INV010640,2025-06-30,STR16,PRD134,117,43796.61,21,OK
INV010641,2025-06-30,STR16,PRD023,134,12849.26,6,OK
INV010642,2025-06-30,STR16,PRD127,42,19230.96,6,OK
INV010643,2025-06-30,STR16,PRD128,79,12835.92,15,OK
INV010644,2025-06-30,STR16,PRD135,146,45582.66,26,OK
INV010645,2025-06-30,STR16,PRD137,131,63079.12,11,OK
INV010646,2025-06-30,STR16,PRD103,81,40795.65,9,OK
INV010647,2025-06-30,STR16,PRD129,67,30769.75,5,OK
INV010648,2025-06-30,STR16,PRD146,110,47622.3,12,OK
INV010649,2025-06-30,STR16,PRD016,32,14080.32,20,OK
INV010650,2025-06-30,STR16,PRD079,6,406.68,5,Low
INV010651,2025-06-30,STR12,PRD032,148,76912.64,14,OK
INV010652,2025-06-30,STR12,PRD014,97,6078.02,18,OK
INV010653,2025-06-30,STR12,PRD091,10,1425.7,27,OK
INV010654,2025-06-30,STR12,PRD086,39,18351.06,21,OK
INV010655,2025-06-30,STR12,PRD092,52,6908.2,25,OK
INV010656,2025-06-30,STR12,PRD116,60,21705.0,24,OK
INV010657,2025-06-30,STR12,PRD138,150,59635.5,29,OK
INV010658,2025-06-30,STR12,PRD036,41,18173.25,28,OK
INV010659,2025-06-30,STR12,PRD112,39,13175.76,11,OK
INV010660,2025-06-30,STR12,PRD017,55,2566.85,22,OK
INV010661,2025-06-30,STR12,PRD071,125,22410.0,26,OK
INV010662,2025-06-30,STR12,PRD128,65,10561.2,6,OK
INV010663,2025-06-30,STR12,PRD126,98,35623.0,19,OK
INV010664,2025-06-30,STR12,PRD125,68,13143.04,23,OK
INV010665,2025-06-30,STR12,PRD034,78,29626.74,22,OK
INV010666,2025-06-30,STR12,PRD005,4,1776.92,10,Low
INV010667,2025-06-30,STR12,PRD063,146,63283.7,19,OK
INV010668,2025-06-30,STR12,PRD069,50,17249.0,18,OK
INV010669,2025-06-30,STR12,PRD127,0,0.0,20,Out of Stock
INV010670,2025-06-30,STR12,PRD130,100,3143.0,26,OK
INV010671,2025-06-30,STR12,PRD047,37,9830.53,9,OK
INV010672,2025-06-30,STR12,PRD007,38,19232.18,23,OK
INV010673,2025-06-30,STR12,PRD044,117,6128.46,14,OK
INV010674,2025-06-30,STR12,PRD042,100,34073.0,9,OK
INV010675,2025-06-30,STR12,PRD045,121,40499.91,7,OK
INV010676,2025-06-30,STR12,PRD131,108,19698.12,28,OK
INV010677,2025-06-30,STR12,PRD107,24,10929.36,10,OK
INV010678,2025-06-30,STR12,PRD103,74,37270.1,28,OK
INV010679,2025-06-30,STR12,PRD135,34,10615.14,13,OK
INV010680,2025-06-30,STR12,PRD054,15,7488.45,28,OK
INV010681,2025-06-30,STR09,PRD115,135,44995.5,8,OK
INV010682,2025-06-30,STR09,PRD010,22,9381.46,22,OK
INV010683,2025-06-30,STR09,PRD079,99,6710.22,11,OK
INV010684,2025-06-30,STR09,PRD147,46,3373.64,7,OK
INV010685,2025-06-30,STR09,PRD110,138,18577.56,24,OK
INV010686,2025-06-30,STR09,PRD095,113,22388.69,25,OK
INV010687,2025-06-30,STR09,PRD143,13,2371.33,9,OK
INV010688,2025-06-30,STR09,PRD117,130,37936.6,23,OK
INV010689,2025-06-30,STR09,PRD149,4,1274.16,30,Low
INV010690,2025-06-30,STR09,PRD035,33,5060.88,9,OK
INV010691,2025-06-30,STR09,PRD014,62,3884.92,29,OK
INV010692,2025-06-30,STR09,PRD108,11,2944.04,16,OK
INV010693,2025-06-30,STR09,PRD008,138,31305.3,29,OK
INV010694,2025-06-30,STR09,PRD017,48,2240.16,30,OK
INV010695,2025-06-30,STR09,PRD130,14,440.02,12,OK
INV010696,2025-06-30,STR09,PRD118,104,38840.88,14,OK
INV010697,2025-06-30,STR09,PRD033,6,693.24,7,Low
INV010698,2025-06-30,STR09,PRD063,63,27307.35,10,OK
INV010699,2025-06-30,STR09,PRD114,18,4848.66,5,OK
INV010700,2025-06-30,STR09,PRD052,39,16383.9,25,OK
INV010701,2025-06-30,STR09,PRD078,18,7334.1,6,OK
INV010702,2025-06-30,STR09,PRD141,125,25182.5,8,OK
INV010703,2025-06-30,STR09,PRD093,91,2276.82,8,OK
INV010704,2025-06-30,STR09,PRD055,38,6043.52,28,OK
INV010705,2025-06-30,STR09,PRD102,118,51980.18,18,OK
INV010706,2025-06-30,STR09,PRD099,133,14039.48,28,OK
INV010707,2025-06-30,STR09,PRD128,95,15435.6,11,OK
INV010708,2025-06-30,STR09,PRD024,69,2554.38,30,OK
INV010709,2025-06-30,STR09,PRD059,26,12086.36,10,OK
INV010710,2025-06-30,STR09,PRD011,49,11318.02,28,OK
INV010711,2025-06-30,STR18,PRD044,11,576.18,8,OK
INV010712,2025-06-30,STR18,PRD137,139,66931.28,26,OK
INV010713,2025-06-30,STR18,PRD109,25,11202.25,9,OK
INV010714,2025-06-30,STR18,PRD023,57,5465.73,19,OK
INV010715,2025-06-30,STR18,PRD145,82,38802.4,26,OK
INV010716,2025-06-30,STR18,PRD071,41,7350.48,15,OK
INV010717,2025-06-30,STR18,PRD114,106,28553.22,8,OK
INV010718,2025-06-30,STR18,PRD004,56,15582.56,18,OK
INV010719,2025-06-30,STR18,PRD005,104,46199.92,17,OK
INV010720,2025-06-30,STR18,PRD042,97,33050.81,10,OK
INV010721,2025-06-30,STR18,PRD084,31,9999.67,16,OK
INV010722,2025-06-30,STR18,PRD106,118,41027.42,27,OK
INV010723,2025-06-30,STR18,PRD131,90,16415.1,24,OK
INV010724,2025-06-30,STR18,PRD029,104,26573.04,22,OK
INV010725,2025-06-30,STR18,PRD001,54,22746.42,28,OK
INV010726,2025-06-30,STR18,PRD121,34,6765.66,7,OK
INV010727,2025-06-30,STR18,PRD011,129,29796.42,6,OK
INV010728,2025-06-30,STR18,PRD078,68,27706.6,20,OK
INV010729,2025-06-30,STR18,PRD148,139,44809.43,25,OK
INV010730,2025-06-30,STR18,PRD053,46,2547.48,26,OK
INV010731,2025-06-30,STR18,PRD091,111,15825.27,23,OK
INV010732,2025-06-30,STR18,PRD013,58,16413.42,30,OK
INV010733,2025-06-30,STR18,PRD051,88,27853.76,10,OK
INV010734,2025-06-30,STR18,PRD143,82,14957.62,17,OK
INV010735,2025-06-30,STR18,PRD031,87,7546.38,23,OK
INV010736,2025-06-30,STR18,PRD088,123,46432.5,28,OK
INV010737,2025-06-30,STR18,PRD089,148,73492.36,12,OK
INV010738,2025-06-30,STR18,PRD111,131,28695.55,26,OK
INV010739,2025-06-30,STR18,PRD138,56,22263.92,5,OK
INV010740,2025-06-30,STR18,PRD118,129,48177.63,23,OK
INV010741,2025-06-30,STR04,PRD144,24,3792.0,28,OK
INV010742,2025-06-30,STR04,PRD006,43,18666.3,20,OK
INV010743,2025-06-30,STR04,PRD116,81,29301.75,8,OK
INV010744,2025-06-30,STR04,PRD016,79,34760.79,17,OK
INV010745,2025-06-30,STR04,PRD050,127,18530.57,26,OK
INV010746,2025-06-30,STR04,PRD099,103,10872.68,28,OK
INV010747,2025-06-30,STR04,PRD041,1,136.23,7,Low
INV010748,2025-06-30,STR04,PRD028,71,5587.7,9,OK
INV010749,2025-06-30,STR04,PRD094,118,31270.0,26,OK
INV010750,2025-06-30,STR04,PRD090,96,51375.36,16,OK
INV010751,2025-06-30,STR04,PRD139,108,17668.8,10,OK
INV010752,2025-06-30,STR04,PRD078,145,59080.25,27,OK
INV010753,2025-06-30,STR04,PRD015,76,39651.48,22,OK
INV010754,2025-06-30,STR04,PRD143,60,10944.6,17,OK
INV010755,2025-06-30,STR04,PRD120,102,4271.76,16,OK
INV010756,2025-06-30,STR04,PRD104,4,2007.72,12,Low
INV010757,2025-06-30,STR04,PRD040,3,1043.01,11,Low
INV010758,2025-06-30,STR04,PRD130,87,2734.41,15,OK
INV010759,2025-06-30,STR04,PRD123,93,7703.19,23,OK
INV010760,2025-06-30,STR04,PRD102,109,48015.59,6,OK
INV010761,2025-06-30,STR04,PRD007,36,18219.96,5,OK
INV010762,2025-06-30,STR04,PRD042,118,40206.14,26,OK
INV010763,2025-06-30,STR04,PRD005,133,59082.59,29,OK
INV010764,2025-06-30,STR04,PRD023,130,12465.7,20,OK
INV010765,2025-06-30,STR04,PRD141,71,14303.66,15,OK
INV010766,2025-06-30,STR04,PRD002,106,48754.7,19,OK
INV010767,2025-06-30,STR04,PRD125,122,23580.16,18,OK
INV010768,2025-06-30,STR04,PRD021,85,6500.8,27,OK
INV010769,2025-06-30,STR04,PRD010,70,29850.1,19,OK
INV010770,2025-06-30,STR04,PRD124,47,24872.4,8,OK
INV010771,2025-06-30,STR13,PRD012,108,6605.28,8,OK
INV010772,2025-06-30,STR13,PRD082,69,33322.86,28,OK
INV010773,2025-06-30,STR13,PRD037,110,21758.0,27,OK
INV010774,2025-06-30,STR13,PRD001,93,39174.39,10,OK
INV010775,2025-06-30,STR13,PRD064,32,5557.44,6,OK
INV010776,2025-06-30,STR13,PRD119,105,43349.25,24,OK
INV010777,2025-06-30,STR13,PRD080,40,18081.2,8,OK
INV010778,2025-06-30,STR13,PRD017,123,5740.41,30,OK
INV010779,2025-06-30,STR13,PRD097,27,6201.36,19,OK
INV010780,2025-06-30,STR13,PRD140,81,30894.21,21,OK
INV010781,2025-06-30,STR13,PRD130,93,2922.99,28,OK
INV010782,2025-06-30,STR13,PRD074,102,27825.6,6,OK
INV010783,2025-06-30,STR13,PRD107,14,6375.46,8,OK
INV010784,2025-06-30,STR13,PRD045,9,3012.39,20,Low
INV010785,2025-06-30,STR13,PRD072,16,6498.08,7,OK
INV010786,2025-06-30,STR13,PRD096,2,1042.68,23,Low
INV010787,2025-06-30,STR13,PRD044,56,2933.28,30,OK
INV010788,2025-06-30,STR13,PRD016,69,30360.69,8,OK
INV010789,2025-06-30,STR13,PRD086,32,15057.28,15,OK
INV010790,2025-06-30,STR13,PRD122,69,6855.84,26,OK
INV010791,2025-06-30,STR13,PRD144,90,14220.0,9,OK
INV010792,2025-06-30,STR13,PRD013,22,6225.78,14,OK
INV010793,2025-06-30,STR13,PRD103,114,57416.1,8,OK
INV010794,2025-06-30,STR13,PRD079,22,1491.16,16,OK
INV010795,2025-06-30,STR13,PRD035,64,9815.04,12,OK
INV010796,2025-06-30,STR13,PRD147,148,10854.32,7,OK
INV010797,2025-06-30,STR13,PRD007,139,70349.29,8,OK
INV010798,2025-06-30,STR13,PRD120,110,4606.8,28,OK
INV010799,2025-06-30,STR13,PRD014,63,3947.58,6,OK
INV010800,2025-06-30,STR13,PRD047,46,12221.74,5,OK
INV010801,2025-07-31,STR04,PRD126,59,21446.5,7,OK
INV010802,2025-07-31,STR04,PRD114,77,20741.49,25,OK
INV010803,2025-07-31,STR04,PRD076,139,72516.3,15,OK
INV010804,2025-07-31,STR04,PRD041,123,16756.29,17,OK
INV010805,2025-07-31,STR04,PRD002,129,59333.55,9,OK
INV010806,2025-07-31,STR04,PRD013,36,10187.64,20,OK
INV010807,2025-07-31,STR04,PRD109,141,63180.69,25,OK
INV010808,2025-07-31,STR04,PRD103,61,30722.65,9,OK
INV010809,2025-07-31,STR04,PRD035,97,14875.92,19,OK
INV010810,2025-07-31,STR04,PRD094,130,34450.0,19,OK
INV010811,2025-07-31,STR04,PRD116,67,24237.25,22,OK
INV010812,2025-07-31,STR04,PRD131,22,4012.58,30,OK
INV010813,2025-07-31,STR04,PRD068,108,8507.16,21,OK
INV010814,2025-07-31,STR04,PRD005,124,55084.52,23,OK
INV010815,2025-07-31,STR04,PRD030,146,64977.3,13,OK
INV010816,2025-07-31,STR04,PRD037,83,16417.4,26,OK
INV010817,2025-07-31,STR04,PRD025,104,23959.52,30,OK
INV010818,2025-07-31,STR04,PRD016,107,47081.07,25,OK
INV010819,2025-07-31,STR04,PRD028,2,157.4,19,Low
INV010820,2025-07-31,STR04,PRD063,57,24706.65,27,OK
INV010821,2025-07-31,STR04,PRD062,101,41671.59,17,OK
INV010822,2025-07-31,STR04,PRD003,146,49108.56,24,OK
INV010823,2025-07-31,STR04,PRD136,82,25560.22,21,OK
INV010824,2025-07-31,STR04,PRD105,36,7502.76,26,OK
INV010825,2025-07-31,STR04,PRD036,4,1773.0,15,Low
INV010826,2025-07-31,STR04,PRD146,97,41994.21,8,OK
INV010827,2025-07-31,STR04,PRD045,141,47194.11,23,OK
INV010828,2025-07-31,STR04,PRD054,15,7488.45,28,OK
INV010829,2025-07-31,STR04,PRD092,147,19528.95,12,OK
INV010830,2025-07-31,STR04,PRD102,47,20703.97,25,OK
INV010831,2025-07-31,STR12,PRD136,81,25248.51,12,OK
INV010832,2025-07-31,STR12,PRD036,55,24378.75,15,OK
INV010833,2025-07-31,STR12,PRD099,54,5700.24,15,OK
INV010834,2025-07-31,STR12,PRD053,46,2547.48,24,OK
INV010835,2025-07-31,STR12,PRD070,62,27394.08,19,OK
INV010836,2025-07-31,STR12,PRD106,50,17384.5,27,OK
INV010837,2025-07-31,STR12,PRD033,150,17331.0,7,OK
INV010838,2025-07-31,STR12,PRD134,139,52031.87,20,OK
INV010839,2025-07-31,STR12,PRD024,13,481.26,7,OK
INV010840,2025-07-31,STR12,PRD089,123,61078.11,5,OK
INV010841,2025-07-31,STR12,PRD052,127,53352.7,29,OK
INV010842,2025-07-31,STR12,PRD040,35,12168.45,5,OK
INV010843,2025-07-31,STR12,PRD071,135,24202.8,6,OK
INV010844,2025-07-31,STR12,PRD150,134,47537.84,20,OK
INV010845,2025-07-31,STR12,PRD069,16,5519.68,15,OK
INV010846,2025-07-31,STR12,PRD078,146,59487.7,29,OK
INV010847,2025-07-31,STR12,PRD027,116,25682.4,27,OK
INV010848,2025-07-31,STR12,PRD081,53,19217.27,17,OK
INV010849,2025-07-31,STR12,PRD129,108,49599.0,15,OK
INV010850,2025-07-31,STR12,PRD132,62,14361.68,22,OK
INV010851,2025-07-31,STR12,PRD015,86,44868.78,26,OK
INV010852,2025-07-31,STR12,PRD094,138,36570.0,25,OK
INV010853,2025-07-31,STR12,PRD100,110,47008.5,24,OK
INV010854,2025-07-31,STR12,PRD021,69,5277.12,21,OK
INV010855,2025-07-31,STR12,PRD062,93,38370.87,30,OK
INV010856,2025-07-31,STR12,PRD025,36,8293.68,9,OK
INV010857,2025-07-31,STR12,PRD084,77,24837.89,25,OK
INV010858,2025-07-31,STR12,PRD060,40,11090.4,20,OK
INV010859,2025-07-31,STR12,PRD133,10,4059.5,16,OK
INV010860,2025-07-31,STR12,PRD140,48,18307.68,26,OK
INV010861,2025-07-31,STR03,PRD049,37,1577.31,8,OK
INV010862,2025-07-31,STR03,PRD067,120,16801.2,10,OK
INV010863,2025-07-31,STR03,PRD018,16,8641.12,9,OK
INV010864,2025-07-31,STR03,PRD032,73,37936.64,27,OK
INV010865,2025-07-31,STR03,PRD139,89,14560.4,29,OK
INV010866,2025-07-31,STR03,PRD077,117,31652.01,10,OK
INV010867,2025-07-31,STR03,PRD033,119,13749.26,14,OK
INV010868,2025-07-31,STR03,PRD119,135,55734.75,30,OK
INV010869,2025-07-31,STR03,PRD089,144,71506.08,12,OK
INV010870,2025-07-31,STR03,PRD098,140,38162.6,27,OK
INV010871,2025-07-31,STR03,PRD105,139,28968.99,26,OK
INV010872,2025-07-31,STR03,PRD101,65,7783.1,17,OK
INV010873,2025-07-31,STR03,PRD022,144,22302.72,9,OK
INV010874,2025-07-31,STR03,PRD010,57,24306.51,18,OK
INV010875,2025-07-31,STR03,PRD005,31,13771.13,12,OK
INV010876,2025-07-31,STR03,PRD083,6,3193.32,29,Low
INV010877,2025-07-31,STR03,PRD034,55,20890.65,23,OK
INV010878,2025-07-31,STR03,PRD056,109,55476.64,11,OK
INV010879,2025-07-31,STR03,PRD088,91,34352.5,7,OK
INV010880,2025-07-31,STR03,PRD130,76,2388.68,17,OK
INV010881,2025-07-31,STR03,PRD001,27,11373.21,20,OK
INV010882,2025-07-31,STR03,PRD030,84,37384.2,23,OK
INV010883,2025-07-31,STR03,PRD090,40,21406.4,9,OK
INV010884,2025-07-31,STR03,PRD068,150,11815.5,16,OK
INV010885,2025-07-31,STR03,PRD076,22,11477.4,28,OK
INV010886,2025-07-31,STR03,PRD039,92,29730.72,16,OK
INV010887,2025-07-31,STR03,PRD126,24,8724.0,8,OK
INV010888,2025-07-31,STR03,PRD066,88,30717.28,22,OK
INV010889,2025-07-31,STR03,PRD079,126,8540.28,26,OK
INV010890,2025-07-31,STR03,PRD069,21,7244.58,27,OK
INV010891,2025-07-31,STR15,PRD059,104,48345.44,10,OK
INV010892,2025-07-31,STR15,PRD025,12,2764.56,18,OK
INV010893,2025-07-31,STR15,PRD017,15,700.05,25,OK
INV010894,2025-07-31,STR15,PRD005,69,30651.87,27,OK
INV010895,2025-07-31,STR15,PRD001,130,54759.9,19,OK
INV010896,2025-07-31,STR15,PRD016,47,20680.47,15,OK
INV010897,2025-07-31,STR15,PRD003,77,25899.72,26,OK
INV010898,2025-07-31,STR15,PRD136,6,1870.26,27,Low
INV010899,2025-07-31,STR15,PRD052,129,54192.9,18,OK
INV010900,2025-07-31,STR15,PRD018,95,51306.65,29,OK
INV010901,2025-07-31,STR15,PRD039,1,323.16,16,Low
INV010902,2025-07-31,STR15,PRD139,127,20777.2,30,OK
INV010903,2025-07-31,STR15,PRD134,10,3743.3,26,OK
INV010904,2025-07-31,STR15,PRD002,50,22997.5,15,OK
INV010905,2025-07-31,STR15,PRD115,98,32663.4,24,OK
INV010906,2025-07-31,STR15,PRD126,114,41439.0,10,OK
INV010907,2025-07-31,STR15,PRD113,20,3382.4,13,OK
INV010908,2025-07-31,STR15,PRD148,63,20309.31,21,OK
INV010909,2025-07-31,STR15,PRD045,123,41169.33,9,OK
INV010910,2025-07-31,STR15,PRD086,47,22115.38,6,OK
INV010911,2025-07-31,STR15,PRD030,35,15576.75,25,OK
INV010912,2025-07-31,STR15,PRD076,36,18781.2,17,OK
INV010913,2025-07-31,STR15,PRD085,26,3218.28,23,OK
INV010914,2025-07-31,STR15,PRD150,27,9578.52,9,OK
INV010915,2025-07-31,STR15,PRD106,109,37898.21,13,OK
INV010916,2025-07-31,STR15,PRD094,46,12190.0,28,OK
INV010917,2025-07-31,STR15,PRD042,110,37480.3,24,OK
INV010918,2025-07-31,STR15,PRD035,100,15336.0,15,OK
INV010919,2025-07-31,STR15,PRD079,81,5490.18,10,OK
INV010920,2025-07-31,STR15,PRD047,106,28163.14,25,OK
INV010921,2025-07-31,STR08,PRD062,62,25580.58,30,OK
INV010922,2025-07-31,STR08,PRD031,139,12056.86,5,OK
INV010923,2025-07-31,STR08,PRD058,86,4340.42,25,OK
INV010924,2025-07-31,STR08,PRD125,99,19134.72,14,OK
INV010925,2025-07-31,STR08,PRD127,5,2289.4,15,Low
INV010926,2025-07-31,STR08,PRD105,137,28552.17,28,OK
INV010927,2025-07-31,STR08,PRD022,22,3407.36,22,OK
INV010928,2025-07-31,STR08,PRD118,145,54153.15,7,OK
INV010929,2025-07-31,STR08,PRD088,141,53227.5,28,OK
INV010930,2025-07-31,STR08,PRD059,58,26961.88,5,OK
INV010931,2025-07-31,STR08,PRD142,32,8768.0,21,OK
INV010932,2025-07-31,STR08,PRD026,5,2125.2,20,Low
INV010933,2025-07-31,STR08,PRD129,94,43169.5,11,OK
INV010934,2025-07-31,STR08,PRD085,41,5074.98,8,OK
INV010935,2025-07-31,STR08,PRD139,34,5562.4,5,OK
INV010936,2025-07-31,STR08,PRD014,112,7017.92,19,OK
INV010937,2025-07-31,STR08,PRD046,142,76841.88,9,OK
INV010938,2025-07-31,STR08,PRD119,99,40872.15,14,OK
INV010939,2025-07-31,STR08,PRD051,29,9179.08,22,OK
INV010940,2025-07-31,STR08,PRD069,52,17938.96,30,OK
INV010941,2025-07-31,STR08,PRD055,90,14313.6,10,OK
INV010942,2025-07-31,STR08,PRD024,81,2998.62,18,OK
INV010943,2025-07-31,STR08,PRD126,33,11995.5,27,OK
INV010944,2025-07-31,STR08,PRD060,15,4158.9,13,OK
INV010945,2025-07-31,STR08,PRD083,114,60673.08,10,OK
INV010946,2025-07-31,STR08,PRD079,47,3185.66,26,OK
INV010947,2025-07-31,STR08,PRD023,75,7191.75,21,OK
INV010948,2025-07-31,STR08,PRD043,46,3614.68,8,OK
INV010949,2025-07-31,STR08,PRD032,124,64440.32,11,OK
INV010950,2025-07-31,STR08,PRD112,42,14189.28,30,OK
INV010951,2025-07-31,STR20,PRD017,80,3733.6,30,OK
INV010952,2025-07-31,STR20,PRD100,61,26068.35,16,OK
INV010953,2025-07-31,STR20,PRD102,10,4405.1,24,OK
INV010954,2025-07-31,STR20,PRD077,1,270.53,20,Low
INV010955,2025-07-31,STR20,PRD130,44,1382.92,27,OK
INV010956,2025-07-31,STR20,PRD063,125,54181.25,16,OK
INV010957,2025-07-31,STR20,PRD029,95,24273.45,10,OK
INV010958,2025-07-31,STR20,PRD115,17,5666.1,16,OK
INV010959,2025-07-31,STR20,PRD105,138,28760.58,27,OK
INV010960,2025-07-31,STR20,PRD006,99,42975.9,18,OK
INV010961,2025-07-31,STR20,PRD024,124,4590.48,20,OK
INV010962,2025-07-31,STR20,PRD093,73,1826.46,24,OK
INV010963,2025-07-31,STR20,PRD066,33,11518.98,14,OK
INV010964,2025-07-31,STR20,PRD015,54,28173.42,13,OK
INV010965,2025-07-31,STR20,PRD067,121,16941.21,25,OK
INV010966,2025-07-31,STR20,PRD022,126,19514.88,20,OK
INV010967,2025-07-31,STR20,PRD047,130,34539.7,12,OK
INV010968,2025-07-31,STR20,PRD046,57,30844.98,24,OK
INV010969,2025-07-31,STR20,PRD084,143,46127.51,29,OK
INV010970,2025-07-31,STR20,PRD028,110,8657.0,7,OK
INV010971,2025-07-31,STR20,PRD090,89,47629.24,7,OK
INV010972,2025-07-31,STR20,PRD034,128,48618.24,20,OK
INV010973,2025-07-31,STR20,PRD088,22,8305.0,29,OK
INV010974,2025-07-31,STR20,PRD129,55,25258.75,9,OK
INV010975,2025-07-31,STR20,PRD098,106,28894.54,9,OK
INV010976,2025-07-31,STR20,PRD010,34,14498.62,15,OK
INV010977,2025-07-31,STR20,PRD051,6,1899.12,17,Low
INV010978,2025-07-31,STR20,PRD048,137,13778.09,18,OK
INV010979,2025-07-31,STR20,PRD147,145,10634.3,27,OK
INV010980,2025-07-31,STR20,PRD125,132,25512.96,26,OK
INV010981,2025-07-31,STR17,PRD001,68,28643.64,25,OK
INV010982,2025-07-31,STR17,PRD091,50,7128.5,26,OK
INV010983,2025-07-31,STR17,PRD149,87,27712.98,26,OK
INV010984,2025-07-31,STR17,PRD057,117,39661.83,15,OK
INV010985,2025-07-31,STR17,PRD107,102,46449.78,21,OK
INV010986,2025-07-31,STR17,PRD008,125,28356.25,15,OK
INV010987,2025-07-31,STR17,PRD002,1,459.95,23,Low
INV010988,2025-07-31,STR17,PRD038,73,22788.41,17,OK
INV010989,2025-07-31,STR17,PRD030,87,38719.35,24,OK
INV010990,2025-07-31,STR17,PRD047,97,25771.93,26,OK
INV010991,2025-07-31,STR17,PRD119,49,20229.65,9,OK
INV010992,2025-07-31,STR17,PRD033,96,11091.84,21,OK
INV010993,2025-07-31,STR17,PRD116,61,22066.75,19,OK
INV010994,2025-07-31,STR17,PRD141,64,12893.44,8,OK
INV010995,2025-07-31,STR17,PRD054,95,47426.85,30,OK
INV010996,2025-07-31,STR17,PRD138,50,19878.5,12,OK
INV010997,2025-07-31,STR17,PRD025,5,1151.9,30,Low
INV010998,2025-07-31,STR17,PRD090,65,34785.4,24,OK
INV010999,2025-07-31,STR17,PRD062,32,13202.88,12,OK
INV011000,2025-07-31,STR17,PRD130,17,534.31,30,OK
INV011001,2025-07-31,STR17,PRD012,106,6482.96,9,OK
INV011002,2025-07-31,STR17,PRD148,74,23855.38,11,OK
INV011003,2025-07-31,STR17,PRD084,28,9031.96,15,OK
INV011004,2025-07-31,STR17,PRD082,99,47811.06,27,OK
INV011005,2025-07-31,STR17,PRD040,33,11473.11,21,OK
INV011006,2025-07-31,STR17,PRD111,1,219.05,5,Low
INV011007,2025-07-31,STR17,PRD071,12,2151.36,26,OK
INV011008,2025-07-31,STR17,PRD096,74,38579.16,17,OK
INV011009,2025-07-31,STR17,PRD114,28,7542.36,25,OK
INV011010,2025-07-31,STR17,PRD131,150,27358.5,6,OK
INV011011,2025-07-31,STR02,PRD134,138,51657.54,28,OK
INV011012,2025-07-31,STR02,PRD121,77,15322.23,20,OK
INV011013,2025-07-31,STR02,PRD149,97,30898.38,9,OK
INV011014,2025-07-31,STR02,PRD009,40,21054.8,22,OK
INV011015,2025-07-31,STR02,PRD063,111,48112.95,30,OK
INV011016,2025-07-31,STR02,PRD007,130,65794.3,19,OK
INV011017,2025-07-31,STR02,PRD002,119,54734.05,5,OK
INV011018,2025-07-31,STR02,PRD132,115,26638.6,25,OK
INV011019,2025-07-31,STR02,PRD119,60,24771.0,14,OK
INV011020,2025-07-31,STR02,PRD098,143,38980.37,11,OK
INV011021,2025-07-31,STR02,PRD122,65,6458.4,30,OK
INV011022,2025-07-31,STR02,PRD085,66,8169.48,27,OK
INV011023,2025-07-31,STR02,PRD029,136,34749.36,17,OK
INV011024,2025-07-31,STR02,PRD027,106,23468.4,27,OK
INV011025,2025-07-31,STR02,PRD028,45,3541.5,20,OK
INV011026,2025-07-31,STR02,PRD062,42,17328.78,8,OK
INV011027,2025-07-31,STR02,PRD092,93,12355.05,9,OK
INV011028,2025-07-31,STR02,PRD069,104,35877.92,10,OK
INV011029,2025-07-31,STR02,PRD148,49,15796.13,18,OK
INV011030,2025-07-31,STR02,PRD140,75,28605.75,7,OK
INV011031,2025-07-31,STR02,PRD037,121,23933.8,5,OK
INV011032,2025-07-31,STR02,PRD110,118,15885.16,20,OK
INV011033,2025-07-31,STR02,PRD047,58,15410.02,24,OK
INV011034,2025-07-31,STR02,PRD059,104,48345.44,29,OK
INV011035,2025-07-31,STR02,PRD057,61,20678.39,21,OK
INV011036,2025-07-31,STR02,PRD031,112,9714.88,11,OK
INV011037,2025-07-31,STR02,PRD136,3,935.13,19,Low
INV011038,2025-07-31,STR02,PRD015,40,20869.2,7,OK
INV011039,2025-07-31,STR02,PRD018,99,53466.93,5,OK
INV011040,2025-07-31,STR02,PRD123,19,1573.77,5,OK
INV011041,2025-07-31,STR13,PRD060,4,1109.04,7,Low
INV011042,2025-07-31,STR13,PRD054,112,55913.76,14,OK
INV011043,2025-07-31,STR13,PRD020,149,66102.36,30,OK
INV011044,2025-07-31,STR13,PRD075,26,7126.6,25,OK
INV011045,2025-07-31,STR13,PRD014,35,2193.1,11,OK
INV011046,2025-07-31,STR13,PRD005,106,47088.38,18,OK
INV011047,2025-07-31,STR13,PRD085,15,1856.7,22,OK
INV011048,2025-07-31,STR13,PRD099,17,1794.52,28,OK
INV011049,2025-07-31,STR13,PRD038,56,17481.52,26,OK
INV011050,2025-07-31,STR13,PRD087,78,6237.66,27,OK
INV011051,2025-07-31,STR13,PRD057,65,22034.35,18,OK
INV011052,2025-07-31,STR13,PRD009,87,45794.19,23,OK
INV011053,2025-07-31,STR13,PRD045,134,44851.14,25,OK
INV011054,2025-07-31,STR13,PRD108,128,34257.92,29,OK
INV011055,2025-07-31,STR13,PRD122,32,3179.52,14,OK
INV011056,2025-07-31,STR13,PRD018,148,79930.36,10,OK
INV011057,2025-07-31,STR13,PRD138,7,2782.99,19,Low
INV011058,2025-07-31,STR13,PRD089,36,17876.52,21,OK
INV011059,2025-07-31,STR13,PRD059,147,68334.42,25,OK
INV011060,2025-07-31,STR13,PRD118,86,32118.42,21,OK
INV011061,2025-07-31,STR13,PRD107,135,61477.65,14,OK
INV011062,2025-07-31,STR13,PRD052,43,18064.3,5,OK
INV011063,2025-07-31,STR13,PRD147,49,3593.66,13,OK
INV011064,2025-07-31,STR13,PRD033,3,346.62,21,Low
INV011065,2025-07-31,STR13,PRD077,148,40038.44,25,OK
INV011066,2025-07-31,STR13,PRD127,94,43040.72,23,OK
INV011067,2025-07-31,STR13,PRD119,115,47477.75,9,OK
INV011068,2025-07-31,STR13,PRD095,51,10104.63,28,OK
INV011069,2025-07-31,STR13,PRD093,120,3002.4,14,OK
INV011070,2025-07-31,STR13,PRD047,67,17801.23,11,OK
INV011071,2025-07-31,STR01,PRD027,106,23468.4,22,OK
INV011072,2025-07-31,STR01,PRD116,104,37622.0,18,OK
INV011073,2025-07-31,STR01,PRD088,143,53982.5,19,OK
INV011074,2025-07-31,STR01,PRD097,19,4363.92,21,OK
INV011075,2025-07-31,STR01,PRD078,135,55005.75,8,OK
INV011076,2025-07-31,STR01,PRD047,92,24443.48,9,OK
INV011077,2025-07-31,STR01,PRD128,30,4874.4,23,OK
INV011078,2025-07-31,STR01,PRD014,129,8083.14,19,OK
INV011079,2025-07-31,STR01,PRD051,58,18358.16,28,OK
INV011080,2025-07-31,STR01,PRD043,84,6600.72,30,OK
INV011081,2025-07-31,STR01,PRD138,10,3975.7,20,OK
INV011082,2025-07-31,STR01,PRD075,115,31521.5,29,OK
INV011083,2025-07-31,STR01,PRD076,119,62082.3,16,OK
INV011084,2025-07-31,STR01,PRD139,99,16196.4,17,OK
INV011085,2025-07-31,STR01,PRD085,105,12996.9,5,OK
INV011086,2025-07-31,STR01,PRD052,30,12603.0,23,OK
INV011087,2025-07-31,STR01,PRD062,21,8664.39,24,OK
INV011088,2025-07-31,STR01,PRD055,146,23219.84,14,OK
INV011089,2025-07-31,STR01,PRD091,121,17250.97,27,OK
INV011090,2025-07-31,STR01,PRD105,76,15839.16,28,OK
INV011091,2025-07-31,STR01,PRD007,34,17207.74,8,OK
INV011092,2025-07-31,STR01,PRD019,53,16813.19,7,OK
INV011093,2025-07-31,STR01,PRD001,52,21903.96,9,OK
INV011094,2025-07-31,STR01,PRD039,38,12280.08,12,OK
INV011095,2025-07-31,STR01,PRD056,130,66164.8,14,OK
INV011096,2025-07-31,STR01,PRD024,32,1184.64,9,OK
INV011097,2025-07-31,STR01,PRD106,130,45199.7,12,OK
INV011098,2025-07-31,STR01,PRD057,110,37288.9,9,OK
INV011099,2025-07-31,STR01,PRD053,60,3322.8,25,OK
INV011100,2025-07-31,STR01,PRD067,35,4900.35,27,OK
INV011101,2025-07-31,STR05,PRD146,130,56280.9,6,OK
INV011102,2025-07-31,STR05,PRD136,84,26183.64,25,OK
INV011103,2025-07-31,STR05,PRD114,12,3232.44,13,OK
INV011104,2025-07-31,STR05,PRD129,23,10562.75,19,OK
INV011105,2025-07-31,STR05,PRD062,92,37958.28,30,OK
INV011106,2025-07-31,STR05,PRD083,49,26078.78,22,OK
INV011107,2025-07-31,STR05,PRD074,107,29189.6,19,OK
INV011108,2025-07-31,STR05,PRD044,48,2514.24,26,OK
INV011109,2025-07-31,STR05,PRD077,1,270.53,16,Low
INV011110,2025-07-31,STR05,PRD072,134,54421.42,24,OK
INV011111,2025-07-31,STR05,PRD112,56,18919.04,30,OK
INV011112,2025-07-31,STR05,PRD117,41,11964.62,11,OK
INV011113,2025-07-31,STR05,PRD010,11,4690.73,11,OK
INV011114,2025-07-31,STR05,PRD109,143,64076.87,28,OK
INV011115,2025-07-31,STR05,PRD093,80,2001.6,10,OK
INV011116,2025-07-31,STR05,PRD034,5,1899.15,16,Low
INV011117,2025-07-31,STR05,PRD038,29,9052.93,8,OK
INV011118,2025-07-31,STR05,PRD110,46,6192.52,21,OK
INV011119,2025-07-31,STR05,PRD004,88,24486.88,27,OK
INV011120,2025-07-31,STR05,PRD147,64,4693.76,9,OK
INV011121,2025-07-31,STR05,PRD120,99,4146.12,7,OK
INV011122,2025-07-31,STR05,PRD059,87,40442.82,27,OK
INV011123,2025-07-31,STR05,PRD132,16,3706.24,11,OK
INV011124,2025-07-31,STR05,PRD057,125,42373.75,21,OK
INV011125,2025-07-31,STR05,PRD105,26,5418.66,21,OK
INV011126,2025-07-31,STR05,PRD051,89,28170.28,17,OK
INV011127,2025-07-31,STR05,PRD088,67,25292.5,19,OK
INV011128,2025-07-31,STR05,PRD137,110,52967.2,23,OK
INV011129,2025-07-31,STR05,PRD031,141,12230.34,26,OK
INV011130,2025-07-31,STR05,PRD040,104,36157.68,6,OK
INV011131,2025-07-31,STR10,PRD109,1,448.09,22,Low
INV011132,2025-07-31,STR10,PRD010,11,4690.73,7,OK
INV011133,2025-07-31,STR10,PRD107,13,5920.07,10,OK
INV011134,2025-07-31,STR10,PRD091,84,11975.88,29,OK
INV011135,2025-07-31,STR10,PRD128,110,17872.8,24,OK
INV011136,2025-07-31,STR10,PRD075,101,27684.1,8,OK
INV011137,2025-07-31,STR10,PRD067,143,20021.43,12,OK
INV011138,2025-07-31,STR10,PRD099,10,1055.6,29,OK
INV011139,2025-07-31,STR10,PRD022,104,16107.52,20,OK
INV011140,2025-07-31,STR10,PRD145,4,1892.8,28,Low
INV011141,2025-07-31,STR10,PRD108,48,12846.72,15,OK
INV011142,2025-07-31,STR10,PRD088,27,10192.5,14,OK
INV011143,2025-07-31,STR10,PRD032,33,17149.44,7,OK
INV011144,2025-07-31,STR10,PRD106,109,37898.21,6,OK
INV011145,2025-07-31,STR10,PRD036,52,23049.0,23,OK
INV011146,2025-07-31,STR10,PRD141,17,3424.82,15,OK
INV011147,2025-07-31,STR10,PRD003,93,31281.48,17,OK
INV011148,2025-07-31,STR10,PRD038,94,29343.98,25,OK
INV011149,2025-07-31,STR10,PRD148,50,16118.5,19,OK
INV011150,2025-07-31,STR10,PRD085,117,14482.26,22,OK
INV011151,2025-07-31,STR10,PRD101,28,3352.72,13,OK
INV011152,2025-07-31,STR10,PRD002,106,48754.7,7,OK
INV011153,2025-07-31,STR10,PRD017,46,2146.82,18,OK
INV011154,2025-07-31,STR10,PRD068,33,2599.41,19,OK
INV011155,2025-07-31,STR10,PRD114,35,9427.95,23,OK
INV011156,2025-07-31,STR10,PRD045,73,24433.83,7,OK
INV011157,2025-07-31,STR10,PRD057,85,28814.15,22,OK
INV011158,2025-07-31,STR10,PRD093,16,400.32,26,OK
INV011159,2025-07-31,STR10,PRD042,109,37139.57,16,OK
INV011160,2025-07-31,STR10,PRD084,75,24192.75,11,OK
