SalesID,OrderDate,StoreID,CustomerID,ProductID,Quantity,SalesAmount,CostAmount,Profit,Channel
S00001,2024-09-25,ST04,C0253,P047,1,709.02,118.67,590.35,Marketplace
S00002,2024-10-13,ST04,C0203,P082,2,1432.0,273.46,1158.54,Mobile App
S00003,2023-10-13,ST11,C0078,P054,2,496.13,556.88,-60.75,Marketplace
S00004,2025-02-15,ST14,C0067,P019,2,240.76,671.16,-430.4,Marketplace
S00005,2023-05-12,ST13,C0298,P004,1,339.99,233.76,106.23,Mobile App
S00006,2025-05-02,ST11,C0082,P040,2,1149.13,198.02,951.11,Mobile App
S00007,2025-07-26,ST09,C0423,P044,1,437.3,212.6,224.7,Retail Store
S00008,2023-06-07,ST07,C0391,P088,1,836.55,302.14,534.41,Mobile App
S00009,2025-03-12,ST13,C0199,P077,2,573.02,783.66,-210.64,Retail Store
S00010,2024-01-16,ST01,C0105,P025,4,2966.36,1067.84,1898.52,Marketplace
S00011,2023-02-07,ST07,C0449,P022,2,649.34,451.32,198.02,Online
S00012,2025-08-24,ST06,C0234,P065,2,1054.16,287.28,766.88,Mobile App
S00013,2024-08-09,ST13,C0120,P046,1,475.9,349.48,126.42,Online
S00014,2025-01-12,ST06,C0278,P039,2,95.86,747.7,-651.84,Retail Store
S00015,2024-06-20,ST06,C0367,P018,1,619.88,314.13,305.75,Marketplace
S00016,2025-04-04,ST12,C0299,P080,3,412.44,910.98,-498.54,Mobile App
S00017,2023-09-10,ST04,C0300,P066,3,447.63,282.15,165.48,Marketplace
S00018,2024-10-10,ST02,C0178,P020,1,742.8,218.7,524.1,Marketplace
S00019,2023-01-20,ST02,C0153,P056,1,739.76,278.46,461.3,Online
S00020,2025-02-18,ST09,C0357,P070,1,94.26,144.72,-50.46,Mobile App
S00021,2024-10-25,ST10,C0274,P012,4,1737.4,631.56,1105.84,Mobile App
S00022,2023-12-13,ST14,C0307,P030,1,624.22,308.05,316.17,Mobile App
S00023,2024-03-01,ST06,C0142,P026,1,108.36,192.38,-84.02,Online
S00024,2024-11-02,ST06,C0380,P068,1,461.92,376.99,84.93,Retail Store
S00025,2023-08-28,ST14,C0211,P038,2,981.3,794.74,186.56,Retail Store
S00026,2025-04-06,ST12,C0030,P011,1,732.67,253.22,479.45,Mobile App
S00027,2025-06-08,ST08,C0368,P077,1,243.53,391.83,-148.3,Mobile App
S00028,2023-12-21,ST15,C0088,P024,1,828.99,153.67,675.32,Mobile App
S00029,2024-12-29,ST03,C0126,P014,1,93.86,86.92,6.94,Online
S00030,2025-05-03,ST15,C0354,P053,1,220.39,175.88,44.51,Online
S00031,2023-05-19,ST02,C0163,P049,3,1651.61,710.37,941.24,Mobile App
S00032,2023-11-10,ST12,C0166,P053,1,209.37,175.88,33.49,Mobile App
S00033,2024-12-16,ST07,C0387,P089,1,666.48,227.16,439.32,Online
S00034,2025-03-27,ST07,C0207,P045,1,408.54,127.08,281.46,Marketplace
S00035,2025-05-20,ST12,C0295,P025,2,1400.78,533.92,866.86,Marketplace
S00036,2025-03-12,ST08,C0033,P034,2,1008.63,629.88,378.75,Mobile App
S00037,2024-01-13,ST08,C0003,P060,1,420.65,138.25,282.4,Mobile App
S00038,2023-01-05,ST03,C0050,P075,1,508.53,89.53,419.0,Retail Store
S00039,2025-06-21,ST06,C0067,P025,3,2101.17,800.88,1300.29,Marketplace
S00040,2023-07-31,ST08,C0100,P049,1,647.69,236.79,410.9,Online
S00041,2023-12-21,ST13,C0211,P011,1,655.55,253.22,402.33,Marketplace
S00042,2025-08-10,ST02,C0289,P004,3,1019.97,701.28,318.69,Marketplace
S00043,2025-07-18,ST08,C0359,P054,2,522.24,556.88,-34.64,Marketplace
S00044,2024-09-23,ST03,C0284,P028,1,554.16,299.43,254.73,Online
S00045,2025-01-16,ST08,C0310,P061,1,288.77,396.5,-107.73,Online
S00046,2025-05-18,ST15,C0401,P004,5,1699.95,1168.8,531.15,Marketplace
S00047,2023-06-02,ST06,C0341,P010,2,1548.74,580.2,968.54,Online
S00048,2025-04-05,ST07,C0075,P028,1,471.04,299.43,171.61,Retail Store
S00049,2024-11-14,ST08,C0279,P012,1,457.21,157.89,299.32,Marketplace
S00050,2024-11-07,ST07,C0255,P032,2,691.76,592.7,99.06,Marketplace
S00051,2024-08-26,ST01,C0083,P039,2,95.86,747.7,-651.84,Marketplace
S00052,2025-04-22,ST03,C0020,P007,2,117.28,709.6,-592.32,Retail Store
S00053,2024-07-16,ST05,C0350,P020,1,742.8,218.7,524.1,Marketplace
S00054,2023-10-08,ST05,C0146,P083,3,1430.6,500.91,929.69,Marketplace
S00055,2025-04-12,ST03,C0276,P067,1,609.0,303.9,305.1,Online
S00056,2024-05-04,ST11,C0101,P017,3,1554.39,795.18,759.21,Marketplace
S00057,2023-08-03,ST14,C0134,P081,2,365.98,85.54,280.44,Mobile App
S00058,2023-01-10,ST08,C0259,P088,2,1589.44,604.28,985.16,Retail Store
S00059,2025-06-07,ST13,C0074,P048,2,688.12,309.0,379.12,Online
S00060,2024-12-19,ST08,C0154,P013,1,287.75,77.84,209.91,Mobile App
S00061,2024-08-07,ST12,C0265,P087,4,2616.78,1001.88,1614.9,Retail Store
S00062,2025-02-26,ST08,C0044,P049,1,615.31,236.79,378.52,Marketplace
S00063,2025-03-03,ST04,C0264,P032,1,311.29,296.35,14.94,Marketplace
S00064,2023-11-04,ST08,C0146,P080,1,161.74,303.66,-141.92,Online
S00065,2023-08-11,ST10,C0144,P037,1,717.05,385.8,331.25,Mobile App
S00066,2023-05-24,ST05,C0449,P049,1,582.92,236.79,346.13,Online
S00067,2023-12-25,ST04,C0188,P046,1,428.31,349.48,78.83,Mobile App
S00068,2023-03-11,ST13,C0368,P088,1,794.72,302.14,492.58,Mobile App
S00069,2024-04-08,ST14,C0003,P051,3,2343.18,1149.42,1193.76,Online
S00070,2023-12-21,ST09,C0104,P025,2,1400.78,533.92,866.86,Online
S00071,2025-02-24,ST07,C0056,P041,4,237.52,133.84,103.68,Retail Store
S00072,2024-06-19,ST11,C0361,P030,4,2628.28,1232.2,1396.08,Marketplace
S00073,2024-01-13,ST02,C0116,P070,2,198.44,289.44,-91.0,Online
S00074,2023-10-10,ST01,C0176,P068,2,923.84,753.98,169.86,Mobile App
S00075,2024-11-24,ST15,C0099,P011,1,732.67,253.22,479.45,Retail Store
S00076,2023-08-27,ST01,C0382,P064,1,258.05,130.54,127.51,Marketplace
S00077,2024-10-11,ST02,C0183,P012,3,1303.05,473.67,829.38,Online
S00078,2025-06-29,ST14,C0407,P047,3,1808.0,356.01,1451.99,Marketplace
S00079,2025-04-19,ST14,C0058,P024,2,1492.18,307.34,1184.84,Retail Store
S00080,2023-08-15,ST08,C0259,P002,1,484.7,197.54,287.16,Retail Store
S00081,2024-06-19,ST03,C0378,P025,2,1400.78,533.92,866.86,Retail Store
S00082,2023-04-01,ST02,C0432,P013,1,302.9,77.84,225.06,Online
S00083,2023-11-14,ST08,C0405,P083,6,2702.24,1001.82,1700.42,Mobile App
S00084,2025-03-09,ST11,C0189,P008,1,588.72,380.57,208.15,Online
S00085,2025-05-06,ST05,C0120,P063,2,1515.31,224.94,1290.37,Marketplace
S00086,2023-09-26,ST10,C0363,P046,2,809.03,698.96,110.07,Online
S00087,2024-04-30,ST09,C0030,P087,2,1462.32,500.94,961.38,Online
S00088,2023-09-10,ST06,C0390,P035,3,2349.68,818.07,1531.61,Retail Store
S00089,2025-08-24,ST02,C0321,P025,3,2224.77,800.88,1423.89,Online
S00090,2024-04-22,ST12,C0248,P006,1,323.25,38.9,284.35,Online
S00091,2025-03-09,ST12,C0305,P045,2,694.52,254.16,440.36,Mobile App
S00092,2024-07-23,ST14,C0321,P059,1,132.52,245.23,-112.71,Retail Store
S00093,2024-02-18,ST15,C0446,P017,3,1554.39,795.18,759.21,Mobile App
S00094,2025-07-22,ST07,C0254,P026,2,184.21,384.76,-200.55,Mobile App
S00095,2023-11-08,ST15,C0074,P067,1,544.89,303.9,240.99,Online
S00096,2023-08-29,ST14,C0134,P087,1,769.64,250.47,519.17,Retail Store
S00097,2023-11-24,ST03,C0440,P035,2,1648.9,545.38,1103.52,Marketplace
S00098,2024-12-25,ST11,C0427,P012,2,914.42,315.78,598.64,Retail Store
S00099,2025-06-08,ST07,C0178,P081,1,215.28,42.77,172.51,Online
S00100,2023-04-19,ST09,C0051,P075,1,508.53,89.53,419.0,Marketplace
S00101,2024-06-15,ST11,C0359,P045,1,367.69,127.08,240.61,Marketplace
S00102,2023-03-16,ST05,C0143,P083,1,450.37,166.97,283.4,Online
S00103,2024-03-12,ST03,C0089,P085,1,686.76,218.24,468.52,Online
S00104,2024-04-24,ST11,C0017,P025,2,1483.18,533.92,949.26,Mobile App
S00105,2025-02-24,ST03,C0098,P021,1,411.54,349.05,62.49,Online
S00106,2023-05-11,ST12,C0396,P012,1,457.21,157.89,299.32,Mobile App
S00107,2024-07-30,ST15,C0391,P074,1,147.99,350.01,-202.02,Retail Store
S00108,2025-01-14,ST05,C0290,P054,1,248.06,278.44,-30.38,Retail Store
S00109,2024-04-29,ST15,C0104,P053,1,198.35,175.88,22.47,Online
S00110,2023-04-06,ST04,C0340,P010,1,696.93,290.1,406.83,Marketplace
S00111,2023-12-19,ST06,C0378,P016,1,596.67,129.06,467.61,Online
S00112,2023-05-31,ST03,C0084,P072,3,2290.12,705.42,1584.7,Marketplace
S00113,2025-04-11,ST03,C0268,P032,3,985.76,889.05,96.71,Marketplace
S00114,2024-09-14,ST02,C0226,P077,3,773.58,1175.49,-401.91,Retail Store
S00115,2025-01-11,ST06,C0163,P059,2,265.03,490.46,-225.43,Retail Store
S00116,2025-03-01,ST01,C0111,P032,3,881.99,889.05,-7.06,Retail Store
S00117,2024-03-25,ST02,C0347,P048,1,344.06,154.5,189.56,Online
S00118,2023-08-09,ST02,C0020,P004,1,339.99,233.76,106.23,Mobile App
S00119,2024-01-09,ST10,C0323,P071,2,244.78,507.84,-263.06,Retail Store
S00120,2023-05-30,ST13,C0439,P014,1,93.86,86.92,6.94,Mobile App
S00121,2025-02-04,ST13,C0154,P029,3,847.89,350.91,496.98,Mobile App
S00122,2024-02-28,ST05,C0340,P074,1,174.11,350.01,-175.9,Mobile App
S00123,2024-12-19,ST04,C0064,P050,1,499.98,164.87,335.11,Mobile App
S00124,2025-08-22,ST04,C0193,P050,2,894.69,329.74,564.95,Retail Store
S00125,2025-01-20,ST14,C0100,P057,1,494.2,34.16,460.04,Marketplace
S00126,2024-02-16,ST06,C0223,P044,1,393.57,212.6,180.97,Retail Store
S00127,2024-03-26,ST14,C0038,P073,1,821.3,376.81,444.49,Online
S00128,2023-05-18,ST11,C0151,P078,4,343.23,866.2,-522.97,Retail Store
S00129,2023-12-15,ST01,C0384,P038,1,490.65,397.37,93.28,Online
S00130,2024-03-05,ST14,C0071,P062,1,290.95,91.36,199.59,Retail Store
S00131,2023-01-27,ST13,C0445,P079,4,2584.62,721.04,1863.58,Mobile App
S00132,2023-07-18,ST09,C0078,P004,2,577.98,467.52,110.46,Marketplace
S00133,2025-03-15,ST09,C0125,P026,2,216.72,384.76,-168.04,Marketplace
S00134,2024-03-27,ST05,C0179,P034,1,476.3,314.94,161.36,Mobile App
S00135,2023-12-18,ST08,C0093,P053,1,209.37,175.88,33.49,Marketplace
S00136,2025-02-22,ST11,C0231,P061,1,259.89,396.5,-136.61,Online
S00137,2025-01-04,ST11,C0037,P022,3,827.91,676.98,150.93,Marketplace
S00138,2024-04-12,ST04,C0105,P058,3,1719.66,400.47,1319.19,Online
S00139,2025-08-26,ST15,C0162,P049,1,582.92,236.79,346.13,Online
S00140,2025-01-02,ST14,C0087,P058,1,636.91,133.49,503.42,Retail Store
S00141,2024-04-13,ST02,C0162,P037,1,759.23,385.8,373.43,Mobile App
S00142,2024-12-04,ST10,C0422,P046,3,1427.7,1048.44,379.26,Mobile App
S00143,2023-07-30,ST11,C0241,P009,5,1909.19,1415.25,493.94,Online
S00144,2024-04-18,ST04,C0119,P057,3,1657.02,102.48,1554.54,Retail Store
S00145,2023-10-26,ST05,C0059,P024,2,1657.98,307.34,1350.64,Retail Store
S00146,2023-08-11,ST02,C0069,P063,1,677.9,112.47,565.43,Online
S00147,2023-01-16,ST14,C0357,P029,2,508.73,233.94,274.79,Online
S00148,2023-06-30,ST03,C0132,P020,1,631.38,218.7,412.68,Online
S00149,2024-03-06,ST05,C0151,P026,3,325.08,577.14,-252.06,Retail Store
S00150,2025-03-10,ST03,C0062,P057,1,581.41,34.16,547.25,Online
S00151,2025-03-28,ST13,C0081,P004,1,322.99,233.76,89.23,Online
S00152,2024-05-04,ST15,C0007,P086,2,1153.16,334.54,818.62,Marketplace
S00153,2023-11-12,ST13,C0116,P020,2,1485.6,437.4,1048.2,Mobile App
S00154,2024-03-22,ST05,C0328,P070,1,94.26,144.72,-50.46,Mobile App
S00155,2023-06-26,ST15,C0031,P036,3,2225.31,1071.27,1154.04,Retail Store
S00156,2023-02-18,ST14,C0340,P026,3,292.57,577.14,-284.57,Mobile App
S00157,2024-07-01,ST09,C0279,P081,3,581.26,128.31,452.95,Retail Store
S00158,2023-11-20,ST05,C0173,P046,1,404.51,349.48,55.03,Retail Store
S00159,2025-01-19,ST08,C0184,P006,1,323.25,38.9,284.35,Mobile App
S00160,2024-01-19,ST10,C0419,P020,2,1411.32,437.4,973.92,Mobile App
S00161,2024-05-28,ST01,C0118,P079,1,610.26,180.26,430.0,Online
S00162,2025-08-12,ST14,C0101,P026,5,541.8,961.9,-420.1,Retail Store
S00163,2025-05-19,ST15,C0106,P045,2,817.08,254.16,562.92,Online
S00164,2023-06-30,ST03,C0125,P028,1,554.16,299.43,254.73,Retail Store
S00165,2024-05-17,ST12,C0213,P065,1,527.08,143.64,383.44,Marketplace
S00166,2023-10-20,ST11,C0203,P022,1,308.44,225.66,82.78,Mobile App
S00167,2023-02-14,ST10,C0028,P050,4,1789.39,659.48,1129.91,Retail Store
S00168,2024-02-10,ST08,C0267,P059,2,278.98,490.46,-211.48,Retail Store
S00169,2023-09-01,ST11,C0115,P009,3,1145.51,849.15,296.36,Mobile App
S00170,2023-01-11,ST14,C0325,P063,4,3190.12,449.88,2740.24,Mobile App
S00171,2024-09-27,ST14,C0094,P007,2,117.28,709.6,-592.32,Marketplace
S00172,2024-01-03,ST04,C0318,P034,1,560.35,314.94,245.41,Retail Store
S00173,2023-07-21,ST09,C0118,P089,3,1999.44,681.48,1317.96,Mobile App
S00174,2024-04-10,ST07,C0116,P048,2,688.12,309.0,379.12,Retail Store
S00175,2023-03-07,ST13,C0371,P045,1,367.69,127.08,240.61,Online
S00176,2025-03-23,ST04,C0023,P059,2,237.13,490.46,-253.33,Mobile App
S00177,2023-07-20,ST03,C0227,P058,2,1146.44,266.98,879.46,Retail Store
S00178,2023-11-26,ST04,C0110,P027,1,571.12,203.1,368.02,Retail Store
S00179,2024-12-08,ST06,C0100,P055,3,1848.98,734.43,1114.55,Retail Store
S00180,2025-07-29,ST11,C0225,P050,2,1052.58,329.74,722.84,Online
S00181,2024-01-26,ST02,C0384,P029,1,254.37,116.97,137.4,Mobile App
S00182,2024-02-11,ST02,C0270,P006,1,323.25,38.9,284.35,Mobile App
S00183,2023-05-15,ST03,C0170,P032,2,691.76,592.7,99.06,Marketplace
S00184,2024-08-10,ST10,C0066,P023,2,425.12,510.0,-84.88,Mobile App
S00185,2023-08-01,ST02,C0081,P017,1,518.13,265.06,253.07,Marketplace
S00186,2024-05-29,ST05,C0377,P040,1,608.36,99.01,509.35,Retail Store
S00187,2024-12-03,ST05,C0117,P025,1,823.99,266.96,557.03,Retail Store
S00188,2025-03-24,ST02,C0308,P021,2,871.49,698.1,173.39,Marketplace
S00189,2024-08-13,ST03,C0194,P007,2,111.42,709.6,-598.18,Online
S00190,2024-01-31,ST12,C0408,P054,3,783.36,835.32,-51.96,Online
S00191,2024-10-15,ST02,C0266,P085,1,686.76,218.24,468.52,Mobile App
S00192,2023-01-30,ST09,C0232,P066,1,157.99,94.05,63.94,Marketplace
S00193,2023-09-14,ST02,C0238,P061,1,288.77,396.5,-107.73,Retail Store
S00194,2025-06-12,ST01,C0441,P075,1,432.25,89.53,342.72,Online
S00195,2024-05-24,ST12,C0335,P026,2,216.72,384.76,-168.04,Retail Store
S00196,2024-01-18,ST07,C0322,P058,4,2547.64,533.96,2013.68,Mobile App
S00197,2024-10-23,ST02,C0110,P062,1,275.63,91.36,184.27,Mobile App
S00198,2023-06-21,ST09,C0078,P056,1,780.85,278.46,502.39,Retail Store
S00199,2024-11-06,ST02,C0314,P052,1,368.14,64.51,303.63,Online
S00200,2025-01-29,ST02,C0318,P004,3,1019.97,701.28,318.69,Retail Store
S00201,2025-01-26,ST07,C0411,P031,1,113.47,286.24,-172.77,Marketplace
S00202,2023-09-10,ST01,C0275,P042,1,229.05,140.98,88.07,Online
S00203,2023-12-04,ST04,C0118,P062,4,1102.54,365.44,737.1,Marketplace
S00204,2023-01-25,ST13,C0313,P077,1,257.86,391.83,-133.97,Online
S00205,2024-05-25,ST06,C0361,P010,2,1316.43,580.2,736.23,Online
S00206,2025-03-22,ST08,C0167,P052,3,1104.43,193.53,910.9,Mobile App
S00207,2025-01-21,ST09,C0208,P066,1,166.76,94.05,72.71,Marketplace
S00208,2024-04-06,ST03,C0336,P030,1,624.22,308.05,316.17,Marketplace
S00209,2024-07-16,ST04,C0159,P038,3,1471.95,1192.11,279.84,Marketplace
S00210,2024-12-23,ST05,C0098,P020,1,742.8,218.7,524.1,Mobile App
S00211,2025-07-20,ST04,C0304,P019,2,204.65,671.16,-466.51,Retail Store
S00212,2023-11-15,ST12,C0294,P011,1,694.11,253.22,440.89,Marketplace
S00213,2025-04-10,ST02,C0058,P024,2,1657.98,307.34,1350.64,Marketplace
S00214,2024-02-22,ST07,C0310,P047,3,2020.71,356.01,1664.7,Marketplace
S00215,2023-09-08,ST07,C0018,P023,1,212.56,255.0,-42.44,Marketplace
S00216,2023-01-09,ST04,C0086,P085,2,1373.52,436.48,937.04,Mobile App
S00217,2023-07-06,ST13,C0263,P020,1,742.8,218.7,524.1,Online
S00218,2024-09-30,ST10,C0351,P051,1,781.06,383.14,397.92,Mobile App
S00219,2023-11-09,ST01,C0010,P075,3,1525.59,268.59,1257.0,Retail Store
S00220,2024-03-14,ST15,C0269,P029,1,282.63,116.97,165.66,Retail Store
S00221,2024-12-17,ST13,C0049,P023,2,401.51,510.0,-108.49,Online
S00222,2024-05-01,ST15,C0324,P033,3,2115.36,880.8,1234.56,Marketplace
S00223,2025-05-08,ST01,C0103,P027,1,634.58,203.1,431.48,Marketplace
S00224,2024-05-01,ST10,C0426,P030,3,1675.53,924.15,751.38,Mobile App
S00225,2023-11-26,ST11,C0295,P076,1,671.92,144.77,527.15,Marketplace
S00226,2023-09-05,ST15,C0024,P040,3,2027.88,297.03,1730.85,Online
S00227,2024-02-29,ST13,C0082,P078,2,201.9,433.1,-231.2,Online
S00228,2023-03-16,ST04,C0270,P020,2,1262.76,437.4,825.36,Retail Store
S00229,2024-11-16,ST12,C0358,P053,2,374.66,351.76,22.9,Mobile App
S00230,2023-01-27,ST13,C0030,P006,2,614.17,77.8,536.37,Retail Store
S00231,2025-03-19,ST04,C0198,P042,1,229.05,140.98,88.07,Online
S00232,2024-05-27,ST14,C0064,P047,1,709.02,118.67,590.35,Retail Store
S00233,2023-05-24,ST10,C0312,P030,1,624.22,308.05,316.17,Online
S00234,2023-06-26,ST02,C0359,P006,2,646.5,77.8,568.7,Online
S00235,2023-07-24,ST04,C0026,P084,2,1523.67,781.16,742.51,Online
S00236,2024-01-27,ST10,C0278,P022,1,275.97,225.66,50.31,Mobile App
S00237,2025-03-25,ST11,C0284,P013,1,302.9,77.84,225.06,Mobile App
S00238,2024-03-19,ST06,C0065,P029,2,508.73,233.94,274.79,Mobile App
S00239,2023-07-20,ST10,C0364,P002,1,541.73,197.54,344.19,Mobile App
S00240,2023-02-28,ST11,C0359,P053,1,209.37,175.88,33.49,Mobile App
S00241,2023-06-21,ST10,C0216,P047,1,602.67,118.67,484.0,Retail Store
S00242,2025-07-07,ST07,C0100,P028,1,526.45,299.43,227.02,Mobile App
S00243,2023-05-24,ST02,C0126,P041,1,66.37,33.46,32.91,Marketplace
S00244,2023-04-11,ST05,C0126,P040,1,608.36,99.01,509.35,Marketplace
S00245,2025-01-11,ST05,C0215,P048,1,344.06,154.5,189.56,Online
S00246,2025-03-24,ST04,C0105,P061,2,577.54,793.0,-215.46,Marketplace
S00247,2025-03-18,ST14,C0143,P008,1,692.61,380.57,312.04,Online
S00248,2024-09-25,ST07,C0332,P008,1,692.61,380.57,312.04,Retail Store
S00249,2024-04-21,ST13,C0062,P020,1,668.52,218.7,449.82,Retail Store
S00250,2024-08-13,ST04,C0391,P035,4,2968.02,1090.76,1877.26,Marketplace
S00251,2025-07-31,ST15,C0014,P045,2,694.52,254.16,440.36,Mobile App
S00252,2023-04-14,ST13,C0097,P026,1,97.52,192.38,-94.86,Online
S00253,2023-06-09,ST11,C0055,P033,1,668.01,293.6,374.41,Mobile App
S00254,2025-01-28,ST10,C0023,P076,1,604.73,144.77,459.96,Online
S00255,2023-06-03,ST10,C0211,P062,6,1561.93,548.16,1013.77,Retail Store
S00256,2025-05-09,ST02,C0352,P062,1,275.63,91.36,184.27,Mobile App
S00257,2023-12-28,ST11,C0028,P019,1,108.34,335.58,-227.24,Mobile App
S00258,2023-10-09,ST06,C0240,P029,1,282.63,116.97,165.66,Marketplace
S00259,2025-03-25,ST09,C0252,P061,1,274.33,396.5,-122.17,Online
S00260,2024-01-29,ST01,C0061,P047,1,602.67,118.67,484.0,Retail Store
S00261,2024-06-22,ST11,C0174,P056,2,1397.32,556.92,840.4,Marketplace
S00262,2023-02-01,ST02,C0228,P072,3,2410.65,705.42,1705.23,Marketplace
S00263,2023-06-20,ST11,C0134,P062,1,275.63,91.36,184.27,Marketplace
S00264,2023-04-11,ST04,C0428,P044,1,437.3,212.6,224.7,Marketplace
S00265,2024-02-18,ST15,C0340,P019,1,108.34,335.58,-227.24,Marketplace
S00266,2024-07-16,ST12,C0221,P006,2,581.85,77.8,504.05,Mobile App
S00267,2023-07-21,ST06,C0044,P045,2,776.23,254.16,522.07,Retail Store
S00268,2025-04-13,ST15,C0406,P032,1,345.88,296.35,49.53,Online
S00269,2023-06-24,ST05,C0077,P056,2,1479.51,556.92,922.59,Mobile App
S00270,2023-01-29,ST07,C0406,P031,1,113.47,286.24,-172.77,Marketplace
S00271,2023-06-25,ST01,C0348,P072,3,2410.65,705.42,1705.23,Mobile App
S00272,2024-02-07,ST12,C0052,P053,1,209.37,175.88,33.49,Mobile App
S00273,2025-07-24,ST06,C0140,P041,1,69.86,33.46,36.4,Retail Store
S00274,2024-07-07,ST06,C0394,P063,3,2272.96,337.41,1935.55,Mobile App
S00275,2024-06-18,ST10,C0111,P066,1,149.21,94.05,55.16,Online
S00276,2023-04-04,ST08,C0179,P012,1,457.21,157.89,299.32,Mobile App
S00277,2025-08-10,ST05,C0216,P082,2,1288.8,273.46,1015.34,Online
S00278,2023-09-16,ST07,C0182,P078,1,90.86,216.55,-125.69,Online
S00279,2024-10-22,ST09,C0002,P028,1,526.45,299.43,227.02,Mobile App
S00280,2023-09-19,ST05,C0331,P036,2,1561.62,714.18,847.44,Marketplace
S00281,2025-03-17,ST10,C0144,P039,1,56.39,373.85,-317.46,Marketplace
S00282,2023-02-28,ST13,C0391,P040,3,1825.09,297.03,1528.06,Retail Store
S00283,2024-06-15,ST09,C0286,P089,1,599.83,227.16,372.67,Marketplace
S00284,2025-04-24,ST13,C0281,P070,2,198.44,289.44,-91.0,Mobile App
S00285,2024-03-14,ST07,C0051,P075,1,432.25,89.53,342.72,Marketplace
S00286,2025-05-09,ST06,C0381,P016,1,631.77,129.06,502.71,Marketplace
S00287,2025-01-08,ST10,C0288,P019,1,114.36,335.58,-221.22,Retail Store
S00288,2025-06-15,ST04,C0388,P051,1,822.17,383.14,439.03,Mobile App
S00289,2025-02-23,ST13,C0046,P088,4,2844.27,1208.56,1635.71,Marketplace
S00290,2023-03-20,ST07,C0366,P019,1,114.36,335.58,-221.22,Marketplace
S00291,2025-06-17,ST09,C0417,P063,3,2033.7,337.41,1696.29,Retail Store
S00292,2024-03-09,ST12,C0106,P074,2,313.4,700.02,-386.62,Marketplace
S00293,2025-01-27,ST02,C0214,P049,3,1748.76,710.37,1038.39,Marketplace
S00294,2025-05-14,ST11,C0032,P023,1,236.18,255.0,-18.82,Online
S00295,2024-10-28,ST14,C0354,P030,1,657.07,308.05,349.02,Online
S00296,2025-07-04,ST03,C0024,P078,1,100.95,216.55,-115.6,Retail Store
S00297,2023-10-11,ST13,C0408,P012,1,434.35,157.89,276.46,Mobile App
S00298,2023-07-12,ST14,C0040,P005,2,1015.13,561.38,453.75,Online
S00299,2023-06-29,ST14,C0153,P037,3,2404.23,1157.4,1246.83,Retail Store
S00300,2025-03-23,ST01,C0317,P004,1,339.99,233.76,106.23,Marketplace
S00301,2023-06-28,ST05,C0067,P017,1,466.32,265.06,201.26,Online
S00302,2025-06-11,ST14,C0077,P039,1,53.57,373.85,-320.28,Online
S00303,2024-01-02,ST07,C0181,P007,1,49.84,354.8,-304.96,Marketplace
S00304,2023-08-06,ST14,C0338,P088,1,836.55,302.14,534.41,Mobile App
S00305,2023-04-21,ST01,C0276,P083,2,900.75,333.94,566.81,Online
S00306,2025-02-25,ST01,C0030,P026,3,292.57,577.14,-284.57,Marketplace
S00307,2023-06-05,ST03,C0309,P073,1,698.1,376.81,321.29,Mobile App
S00308,2023-09-29,ST10,C0103,P051,5,3905.31,1915.7,1989.61,Mobile App
S00309,2024-03-07,ST05,C0196,P044,1,437.3,212.6,224.7,Online
S00310,2025-08-10,ST14,C0001,P051,5,3494.22,1915.7,1578.52,Retail Store
S00311,2025-06-10,ST06,C0414,P058,1,541.37,133.49,407.88,Marketplace
S00312,2023-01-06,ST14,C0060,P001,2,1413.14,636.5,776.64,Retail Store
S00313,2023-08-05,ST14,C0022,P065,2,1001.45,287.28,714.17,Marketplace
S00314,2024-07-01,ST15,C0375,P077,1,272.18,391.83,-119.65,Retail Store
S00315,2024-12-22,ST06,C0045,P046,2,809.03,698.96,110.07,Mobile App
S00316,2025-01-05,ST09,C0268,P067,2,1282.1,607.8,674.3,Mobile App
S00317,2023-11-13,ST14,C0433,P065,2,1054.16,287.28,766.88,Online
S00318,2023-03-01,ST11,C0387,P008,2,1385.22,761.14,624.08,Marketplace
S00319,2025-05-07,ST13,C0168,P021,1,411.54,349.05,62.49,Retail Store
S00320,2024-08-22,ST05,C0038,P083,3,1589.55,500.91,1088.64,Marketplace
S00321,2024-08-19,ST06,C0290,P066,1,175.54,94.05,81.49,Marketplace
S00322,2025-08-18,ST04,C0227,P045,1,408.54,127.08,281.46,Online
S00323,2023-11-13,ST06,C0276,P023,1,236.18,255.0,-18.82,Mobile App
S00324,2024-11-11,ST10,C0071,P048,1,309.65,154.5,155.15,Mobile App
S00325,2023-08-02,ST09,C0068,P081,3,581.26,128.31,452.95,Marketplace
S00326,2024-08-11,ST02,C0240,P061,2,490.91,793.0,-302.09,Retail Store
S00327,2023-05-04,ST04,C0100,P023,3,637.69,765.0,-127.31,Online
S00328,2024-11-12,ST12,C0401,P071,2,259.18,507.84,-248.66,Retail Store
S00329,2025-08-22,ST13,C0362,P071,1,122.39,253.92,-131.53,Marketplace
S00330,2024-04-24,ST11,C0255,P004,1,288.99,233.76,55.23,Mobile App
S00331,2024-06-10,ST15,C0081,P063,1,797.53,112.47,685.06,Mobile App
S00332,2023-03-26,ST02,C0304,P018,1,619.88,314.13,305.75,Marketplace
S00333,2025-05-20,ST01,C0329,P046,1,404.51,349.48,55.03,Marketplace
S00334,2023-04-25,ST10,C0424,P030,1,657.07,308.05,349.02,Marketplace
S00335,2024-01-13,ST07,C0367,P059,4,474.27,980.92,-506.65,Mobile App
S00336,2023-12-05,ST02,C0064,P025,1,823.99,266.96,557.03,Mobile App
S00337,2023-02-16,ST10,C0024,P081,1,182.99,42.77,140.22,Marketplace
S00338,2025-08-06,ST11,C0003,P086,1,547.75,167.27,380.48,Online
S00339,2024-07-02,ST09,C0213,P052,3,988.18,193.53,794.65,Mobile App
S00340,2024-02-22,ST05,C0010,P064,1,286.72,130.54,156.18,Retail Store
S00341,2023-05-03,ST04,C0189,P067,2,1217.99,607.8,610.19,Marketplace
S00342,2024-02-23,ST04,C0065,P033,2,1484.46,587.2,897.26,Marketplace
S00343,2024-02-13,ST12,C0091,P033,2,1484.46,587.2,897.26,Marketplace
S00344,2024-01-20,ST05,C0394,P032,3,933.88,889.05,44.83,Retail Store
S00345,2023-11-19,ST11,C0347,P002,3,1454.11,592.62,861.49,Marketplace
S00346,2023-06-17,ST10,C0352,P041,1,59.38,33.46,25.92,Marketplace
S00347,2025-04-19,ST09,C0229,P004,2,611.98,467.52,144.46,Online
S00348,2024-06-22,ST02,C0413,P070,2,198.44,289.44,-91.0,Mobile App
S00349,2023-10-23,ST08,C0165,P005,1,479.37,280.69,198.68,Online
S00350,2025-08-08,ST03,C0283,P050,1,499.98,164.87,335.11,Online
S00351,2024-07-26,ST06,C0404,P061,2,577.54,793.0,-215.46,Marketplace
S00352,2023-09-15,ST12,C0202,P007,1,58.64,354.8,-296.16,Mobile App
S00353,2024-12-29,ST11,C0446,P006,1,323.25,38.9,284.35,Mobile App
S00354,2024-07-24,ST11,C0301,P011,2,1465.34,506.44,958.9,Marketplace
S00355,2023-01-23,ST01,C0020,P029,4,960.94,467.88,493.06,Marketplace
S00356,2024-12-04,ST13,C0211,P038,3,1398.35,1192.11,206.24,Online
S00357,2024-05-07,ST04,C0267,P036,6,4450.62,2142.54,2308.08,Online
S00358,2024-06-15,ST02,C0044,P085,2,1535.11,436.48,1098.63,Mobile App
S00359,2023-10-21,ST05,C0206,P003,3,1729.01,336.06,1392.95,Online
S00360,2023-01-03,ST12,C0154,P028,1,471.04,299.43,171.61,Mobile App
S00361,2024-12-28,ST03,C0302,P053,2,418.74,351.76,66.98,Retail Store
S00362,2025-08-24,ST09,C0116,P014,1,93.86,86.92,6.94,Marketplace
S00363,2025-01-03,ST09,C0216,P034,1,532.33,314.94,217.39,Retail Store
S00364,2025-04-03,ST12,C0377,P065,2,1001.45,287.28,714.17,Online
S00365,2023-01-22,ST15,C0279,P020,3,2228.4,656.1,1572.3,Mobile App
S00366,2023-02-13,ST05,C0247,P066,4,702.16,376.2,325.96,Online
S00367,2023-01-10,ST14,C0212,P029,3,847.89,350.91,496.98,Online
S00368,2024-11-26,ST10,C0306,P041,1,66.37,33.46,32.91,Mobile App
S00369,2023-04-11,ST13,C0050,P011,1,732.67,253.22,479.45,Retail Store
S00370,2025-07-22,ST12,C0268,P049,1,615.31,236.79,378.52,Retail Store
S00371,2025-04-01,ST11,C0390,P002,3,1710.72,592.62,1118.1,Marketplace
S00372,2024-08-01,ST05,C0306,P061,2,519.79,793.0,-273.21,Retail Store
S00373,2023-06-11,ST02,C0313,P074,3,522.33,1050.03,-527.7,Retail Store
S00374,2025-01-20,ST02,C0056,P085,1,807.95,218.24,589.71,Marketplace
S00375,2025-05-29,ST15,C0381,P088,3,2509.65,906.42,1603.23,Online
S00376,2025-01-25,ST12,C0025,P089,4,2532.62,908.64,1623.98,Mobile App
S00377,2025-07-07,ST02,C0144,P051,1,698.84,383.14,315.7,Retail Store
S00378,2025-05-08,ST12,C0360,P084,1,801.93,390.58,411.35,Marketplace
S00379,2023-08-20,ST12,C0379,P002,4,1938.82,790.16,1148.66,Marketplace
S00380,2023-02-01,ST10,C0154,P005,1,563.96,280.69,283.27,Online
S00381,2023-09-10,ST14,C0008,P013,5,1438.77,389.2,1049.57,Marketplace
S00382,2024-07-10,ST03,C0337,P009,1,449.22,283.05,166.17,Marketplace
S00383,2023-02-03,ST15,C0179,P089,1,666.48,227.16,439.32,Mobile App
S00384,2023-08-08,ST11,C0249,P033,3,2226.69,880.8,1345.89,Marketplace
S00385,2025-05-24,ST04,C0277,P069,1,677.76,160.09,517.67,Mobile App
S00386,2023-12-06,ST03,C0233,P035,2,1566.45,545.38,1021.07,Retail Store
S00387,2023-07-07,ST02,C0358,P017,3,1554.39,795.18,759.21,Retail Store
S00388,2023-07-20,ST11,C0209,P071,1,136.79,253.92,-117.13,Mobile App
S00389,2023-01-07,ST10,C0299,P001,1,706.57,318.25,388.32,Marketplace
S00390,2023-06-13,ST10,C0054,P005,1,535.76,280.69,255.07,Online
S00391,2023-12-14,ST11,C0189,P001,1,600.58,318.25,282.33,Mobile App
S00392,2023-02-09,ST07,C0044,P057,3,1744.23,102.48,1641.75,Mobile App
S00393,2025-02-26,ST06,C0062,P034,1,560.35,314.94,245.41,Online
S00394,2025-05-31,ST02,C0410,P050,1,526.29,164.87,361.42,Mobile App
S00395,2025-02-22,ST07,C0104,P005,1,563.96,280.69,283.27,Retail Store
S00396,2023-12-01,ST11,C0241,P024,1,704.64,153.67,550.97,Online
S00397,2025-08-05,ST10,C0003,P059,3,418.47,735.69,-317.22,Marketplace
S00398,2023-04-21,ST03,C0024,P055,2,1377.67,489.62,888.05,Retail Store
S00399,2025-05-10,ST07,C0353,P017,4,2072.52,1060.24,1012.28,Mobile App
S00400,2023-08-09,ST09,C0282,P055,1,652.58,244.81,407.77,Mobile App
S00401,2023-11-25,ST10,C0082,P044,1,371.7,212.6,159.1,Retail Store
S00402,2023-11-16,ST14,C0030,P005,4,2030.26,1122.76,907.5,Online
S00403,2024-11-29,ST07,C0035,P077,1,243.53,391.83,-148.3,Marketplace
S00404,2025-05-23,ST09,C0022,P062,1,306.26,91.36,214.9,Online
S00405,2023-08-08,ST08,C0278,P030,4,2234.04,1232.2,1001.84,Online
S00406,2024-01-29,ST09,C0004,P046,2,951.8,698.96,252.84,Mobile App
S00407,2024-05-05,ST13,C0397,P005,2,1127.92,561.38,566.54,Retail Store
S00408,2024-06-23,ST05,C0024,P061,2,519.79,793.0,-273.21,Marketplace
S00409,2024-06-29,ST01,C0022,P037,3,2530.77,1157.4,1373.37,Retail Store
S00410,2024-11-07,ST07,C0025,P049,1,647.69,236.79,410.9,Online
S00411,2023-07-22,ST02,C0210,P019,1,120.38,335.58,-215.2,Mobile App
S00412,2023-07-08,ST04,C0100,P034,1,504.32,314.94,189.38,Mobile App
S00413,2025-01-24,ST07,C0178,P073,1,698.1,376.81,321.29,Marketplace
S00414,2023-07-07,ST08,C0085,P065,1,527.08,143.64,383.44,Mobile App
S00415,2023-06-07,ST08,C0023,P062,3,918.78,274.08,644.7,Mobile App
S00416,2025-04-06,ST06,C0094,P056,4,2794.63,1113.84,1680.79,Marketplace
S00417,2024-01-19,ST10,C0265,P075,1,457.68,89.53,368.15,Marketplace
S00418,2023-06-08,ST01,C0438,P017,3,1476.67,795.18,681.49,Mobile App
S00419,2024-02-20,ST08,C0194,P004,4,1359.96,935.04,424.92,Online
S00420,2023-01-08,ST01,C0199,P030,1,558.51,308.05,250.46,Online
S00421,2024-06-06,ST04,C0088,P044,1,437.3,212.6,224.7,Retail Store
S00422,2023-12-04,ST14,C0310,P077,1,243.53,391.83,-148.3,Marketplace
S00423,2024-12-27,ST11,C0334,P018,2,1239.75,628.26,611.49,Marketplace
S00424,2024-06-07,ST09,C0071,P004,3,917.97,701.28,216.69,Mobile App
S00425,2024-09-19,ST14,C0394,P071,1,122.39,253.92,-131.53,Online
S00426,2023-04-30,ST03,C0363,P069,3,2140.29,480.27,1660.02,Retail Store
S00427,2025-03-20,ST11,C0041,P025,1,700.39,266.96,433.43,Marketplace
S00428,2025-02-06,ST12,C0313,P073,1,821.3,376.81,444.49,Online
S00429,2025-01-02,ST07,C0032,P031,4,479.1,1144.96,-665.86,Mobile App
S00430,2023-03-30,ST06,C0102,P025,1,823.99,266.96,557.03,Marketplace
S00431,2025-05-05,ST07,C0299,P039,1,53.57,373.85,-320.28,Marketplace
S00432,2023-02-25,ST11,C0159,P070,2,178.6,289.44,-110.84,Marketplace
S00433,2025-01-29,ST10,C0380,P014,1,93.86,86.92,6.94,Marketplace
S00434,2025-01-01,ST15,C0156,P014,4,395.2,347.68,47.52,Mobile App
S00435,2024-01-18,ST14,C0338,P012,2,822.98,315.78,507.2,Retail Store
S00436,2025-06-02,ST03,C0251,P084,1,761.83,390.58,371.25,Retail Store
S00437,2024-08-18,ST10,C0126,P041,1,66.37,33.46,32.91,Marketplace
S00438,2024-08-21,ST11,C0075,P058,2,1273.82,266.98,1006.84,Retail Store
S00439,2025-07-14,ST12,C0117,P029,1,282.63,116.97,165.66,Marketplace
S00440,2023-04-25,ST04,C0146,P013,1,287.75,77.84,209.91,Mobile App
S00441,2023-08-25,ST09,C0155,P055,2,1305.16,489.62,815.54,Marketplace
S00442,2024-04-28,ST02,C0332,P010,3,2206.95,870.3,1336.65,Online
S00443,2023-07-12,ST12,C0191,P076,4,2418.91,579.08,1839.83,Online
S00444,2024-04-13,ST04,C0105,P002,1,541.73,197.54,344.19,Retail Store
S00445,2023-10-28,ST05,C0006,P049,3,1748.76,710.37,1038.39,Online
S00446,2023-12-28,ST11,C0026,P075,1,457.68,89.53,368.15,Retail Store
S00447,2023-06-05,ST14,C0175,P078,6,605.7,1299.3,-693.6,Retail Store
S00448,2025-05-31,ST08,C0072,P036,1,741.77,357.09,384.68,Mobile App
S00449,2024-01-09,ST14,C0374,P083,4,2119.4,667.88,1451.52,Marketplace
S00450,2024-08-02,ST05,C0188,P031,1,126.08,286.24,-160.16,Mobile App
S00451,2025-04-23,ST01,C0409,P064,1,286.72,130.54,156.18,Online
S00452,2024-09-15,ST03,C0128,P053,4,837.48,703.52,133.96,Online
S00453,2024-07-05,ST11,C0322,P070,2,188.52,289.44,-100.92,Mobile App
S00454,2025-05-27,ST06,C0045,P060,1,397.28,138.25,259.03,Marketplace
S00455,2023-11-29,ST10,C0354,P053,2,374.66,351.76,22.9,Retail Store
S00456,2025-08-17,ST09,C0301,P038,4,1962.6,1589.48,373.12,Mobile App
S00457,2023-04-06,ST07,C0134,P008,1,692.61,380.57,312.04,Marketplace
S00458,2023-05-09,ST02,C0245,P014,1,98.8,86.92,11.88,Online
S00459,2024-01-20,ST02,C0448,P063,4,3030.61,449.88,2580.73,Marketplace
S00460,2023-03-15,ST09,C0044,P014,2,187.72,173.84,13.88,Marketplace
S00461,2023-08-11,ST01,C0373,P031,2,226.94,572.48,-345.54,Retail Store
S00462,2024-04-13,ST14,C0346,P053,1,198.35,175.88,22.47,Retail Store
S00463,2023-08-14,ST03,C0050,P025,1,823.99,266.96,557.03,Online
S00464,2024-01-25,ST13,C0285,P075,2,864.5,179.06,685.44,Marketplace
S00465,2025-07-07,ST11,C0214,P033,2,1336.01,587.2,748.81,Online
S00466,2025-04-11,ST12,C0053,P042,3,727.57,422.94,304.63,Retail Store
S00467,2023-09-24,ST13,C0373,P018,1,688.75,314.13,374.62,Mobile App
S00468,2023-11-06,ST02,C0366,P055,1,725.09,244.81,480.28,Online
S00469,2024-10-11,ST04,C0105,P051,1,698.84,383.14,315.7,Online
S00470,2024-05-09,ST01,C0298,P005,1,507.56,280.69,226.87,Mobile App
S00471,2025-06-12,ST03,C0332,P067,2,1282.1,607.8,674.3,Online
S00472,2023-09-03,ST10,C0004,P001,1,671.24,318.25,352.99,Marketplace
S00473,2023-04-11,ST15,C0155,P029,2,480.47,233.94,246.53,Retail Store
S00474,2025-05-31,ST10,C0214,P071,7,957.53,1777.44,-819.91,Mobile App
S00475,2024-11-13,ST11,C0333,P075,2,915.35,179.06,736.29,Retail Store
S00476,2025-05-16,ST14,C0348,P056,4,2794.63,1113.84,1680.79,Retail Store
S00477,2024-02-19,ST13,C0374,P035,3,2102.35,818.07,1284.28,Retail Store
S00478,2024-03-12,ST09,C0282,P089,2,1133.02,454.32,678.7,Online
S00479,2025-01-15,ST14,C0088,P009,1,449.22,283.05,166.17,Online
S00480,2023-01-26,ST09,C0007,P081,1,215.28,42.77,172.51,Marketplace
S00481,2024-07-09,ST07,C0373,P028,1,554.16,299.43,254.73,Marketplace
S00482,2023-06-04,ST08,C0212,P044,2,830.87,425.2,405.67,Marketplace
S00483,2024-12-22,ST06,C0197,P076,2,1276.65,289.54,987.11,Online
S00484,2024-06-02,ST15,C0304,P005,2,1071.52,561.38,510.14,Online
S00485,2023-09-19,ST11,C0231,P021,1,459.95,349.05,110.9,Retail Store
S00486,2025-04-30,ST05,C0156,P083,4,1907.46,667.88,1239.58,Mobile App
S00487,2023-09-21,ST01,C0231,P049,2,1295.38,473.58,821.8,Marketplace
S00488,2023-07-05,ST10,C0344,P019,1,102.32,335.58,-233.26,Mobile App
S00489,2024-11-17,ST10,C0156,P070,2,198.44,289.44,-91.0,Marketplace
S00490,2023-03-03,ST14,C0268,P046,1,452.1,349.48,102.62,Retail Store
S00491,2024-11-03,ST02,C0149,P036,1,702.73,357.09,345.64,Marketplace
S00492,2025-04-16,ST03,C0178,P003,2,1152.67,224.04,928.63,Marketplace
S00493,2023-12-12,ST11,C0330,P029,1,268.5,116.97,151.53,Mobile App
S00494,2023-11-06,ST01,C0111,P002,1,484.7,197.54,287.16,Online
S00495,2023-09-21,ST03,C0320,P065,1,500.73,143.64,357.09,Mobile App
S00496,2024-12-01,ST14,C0379,P075,4,2034.12,358.12,1676.0,Retail Store
S00497,2023-05-16,ST02,C0426,P077,6,1633.11,2350.98,-717.87,Mobile App
S00498,2024-07-20,ST02,C0084,P021,5,2057.68,1745.25,312.43,Mobile App
S00499,2023-04-13,ST14,C0355,P026,1,108.36,192.38,-84.02,Online
S00500,2023-08-20,ST08,C0003,P087,4,2924.63,1001.88,1922.75,Marketplace
S00501,2025-03-29,ST12,C0435,P037,1,801.41,385.8,415.61,Online
S00502,2024-05-18,ST11,C0406,P035,2,1648.9,545.38,1103.52,Retail Store
S00503,2024-03-05,ST11,C0425,P008,2,1246.7,761.14,485.56,Mobile App
S00504,2025-06-11,ST14,C0323,P073,1,821.3,376.81,444.49,Online
S00505,2024-03-24,ST15,C0191,P083,5,2384.33,834.85,1549.48,Online
S00506,2023-05-16,ST10,C0192,P085,2,1454.31,436.48,1017.83,Online
S00507,2024-03-29,ST01,C0415,P070,3,282.78,434.16,-151.38,Marketplace
S00508,2025-08-05,ST05,C0228,P053,2,396.7,351.76,44.94,Mobile App
S00509,2023-12-31,ST03,C0128,P078,2,191.81,433.1,-241.29,Retail Store
S00510,2024-12-22,ST13,C0160,P049,1,550.54,236.79,313.75,Marketplace
S00511,2025-04-16,ST08,C0095,P033,5,3711.15,1468.0,2243.15,Retail Store
S00512,2023-05-30,ST08,C0316,P066,2,351.08,188.1,162.98,Online
S00513,2023-04-01,ST09,C0417,P078,3,287.71,649.65,-361.94,Marketplace
S00514,2024-06-14,ST01,C0264,P073,1,739.17,376.81,362.36,Marketplace
S00515,2024-11-20,ST06,C0183,P053,1,220.39,175.88,44.51,Mobile App
S00516,2023-09-05,ST06,C0288,P067,1,641.05,303.9,337.15,Retail Store
S00517,2025-02-15,ST07,C0146,P032,2,588.0,592.7,-4.7,Marketplace
S00518,2023-11-09,ST04,C0231,P089,1,666.48,227.16,439.32,Mobile App
S00519,2025-06-25,ST01,C0338,P007,1,58.64,354.8,-296.16,Mobile App
S00520,2025-02-08,ST06,C0193,P028,1,498.74,299.43,199.31,Marketplace
S00521,2024-07-28,ST03,C0256,P026,2,184.21,384.76,-200.55,Online
S00522,2024-12-17,ST13,C0259,P053,2,396.7,351.76,44.94,Marketplace
S00523,2025-07-31,ST03,C0368,P010,3,1974.64,870.3,1104.34,Mobile App
S00524,2023-10-22,ST05,C0057,P035,1,824.45,272.69,551.76,Mobile App
S00525,2024-06-12,ST04,C0333,P030,2,1182.73,616.1,566.63,Retail Store
S00526,2024-04-24,ST14,C0283,P022,1,292.2,225.66,66.54,Retail Store
S00527,2024-02-24,ST08,C0262,P072,1,723.19,235.14,488.05,Mobile App
S00528,2024-09-08,ST08,C0273,P064,2,573.44,261.08,312.36,Mobile App
S00529,2025-03-18,ST05,C0436,P076,2,1276.65,289.54,987.11,Marketplace
S00530,2023-07-12,ST03,C0139,P031,3,321.5,858.72,-537.22,Mobile App
S00531,2023-07-23,ST08,C0180,P030,1,624.22,308.05,316.17,Marketplace
S00532,2023-08-17,ST07,C0025,P020,2,1337.04,437.4,899.64,Mobile App
S00533,2023-06-15,ST04,C0251,P020,1,705.66,218.7,486.96,Marketplace
S00534,2024-07-27,ST03,C0183,P042,1,229.05,140.98,88.07,Retail Store
S00535,2024-06-27,ST15,C0041,P007,1,52.78,354.8,-302.02,Marketplace
S00536,2023-12-11,ST13,C0412,P075,2,915.35,179.06,736.29,Marketplace
S00537,2023-12-15,ST08,C0323,P055,2,1450.18,489.62,960.56,Mobile App
S00538,2024-08-23,ST11,C0344,P053,2,440.78,351.76,89.02,Retail Store
S00539,2023-02-25,ST08,C0384,P082,1,680.2,136.73,543.47,Online
S00540,2023-11-28,ST08,C0409,P044,1,371.7,212.6,159.1,Marketplace
S00541,2024-11-28,ST15,C0332,P060,2,841.3,276.5,564.8,Marketplace
S00542,2024-10-09,ST13,C0025,P072,1,803.55,235.14,568.41,Retail Store
S00543,2025-07-23,ST04,C0230,P022,1,324.67,225.66,99.01,Online
S00544,2023-09-25,ST13,C0071,P060,1,420.65,138.25,282.4,Mobile App
S00545,2025-05-09,ST06,C0069,P010,1,735.65,290.1,445.55,Mobile App
S00546,2023-11-21,ST10,C0317,P061,1,288.77,396.5,-107.73,Mobile App
S00547,2024-05-04,ST05,C0127,P017,2,1036.26,530.12,506.14,Online
S00548,2025-02-02,ST02,C0044,P089,1,566.51,227.16,339.35,Retail Store
S00549,2024-12-16,ST04,C0147,P052,1,348.77,64.51,284.26,Marketplace
S00550,2024-05-31,ST10,C0380,P059,2,265.03,490.46,-225.43,Mobile App
S00551,2025-03-18,ST08,C0338,P059,1,132.52,245.23,-112.71,Online
S00552,2024-06-10,ST15,C0403,P086,1,576.58,167.27,409.31,Mobile App
S00553,2025-08-04,ST02,C0110,P005,1,479.37,280.69,198.68,Online
S00554,2023-11-08,ST04,C0444,P062,1,275.63,91.36,184.27,Online
S00555,2024-03-01,ST12,C0312,P014,1,98.8,86.92,11.88,Marketplace
S00556,2025-02-11,ST12,C0366,P062,2,551.27,182.72,368.55,Retail Store
S00557,2023-05-12,ST07,C0269,P004,1,305.99,233.76,72.23,Mobile App
S00558,2025-02-06,ST04,C0309,P058,1,541.37,133.49,407.88,Retail Store
S00559,2023-01-18,ST04,C0285,P017,1,440.41,265.06,175.35,Online
S00560,2024-05-09,ST09,C0427,P060,1,467.39,138.25,329.14,Marketplace
S00561,2024-01-23,ST13,C0298,P068,2,877.65,753.98,123.67,Online
S00562,2023-05-02,ST09,C0387,P061,4,1039.57,1586.0,-546.43,Retail Store
S00563,2024-07-22,ST01,C0101,P082,1,716.0,136.73,579.27,Mobile App
S00564,2023-06-13,ST03,C0050,P045,1,347.26,127.08,220.18,Marketplace
S00565,2023-10-24,ST10,C0346,P079,1,717.95,180.26,537.69,Marketplace
S00566,2023-07-30,ST07,C0048,P059,2,278.98,490.46,-211.48,Online
S00567,2025-01-29,ST02,C0020,P062,1,260.32,91.36,168.96,Retail Store
S00568,2025-05-01,ST12,C0012,P013,1,272.61,77.84,194.77,Online
S00569,2024-12-18,ST14,C0179,P045,1,408.54,127.08,281.46,Marketplace
S00570,2023-03-19,ST06,C0132,P066,3,526.62,282.15,244.47,Online
S00571,2024-07-23,ST12,C0375,P057,4,2325.64,136.64,2189.0,Retail Store
S00572,2023-06-14,ST12,C0338,P048,1,344.06,154.5,189.56,Online
S00573,2023-06-04,ST10,C0389,P040,2,1149.13,198.02,951.11,Marketplace
S00574,2023-06-28,ST09,C0238,P087,3,1962.58,751.41,1211.17,Mobile App
S00575,2023-12-07,ST13,C0178,P014,1,88.92,86.92,2.0,Marketplace
S00576,2025-01-04,ST11,C0228,P076,1,571.13,144.77,426.36,Retail Store
S00577,2024-06-02,ST09,C0223,P065,2,1001.45,287.28,714.17,Marketplace
S00578,2023-12-10,ST06,C0065,P053,1,187.33,175.88,11.45,Marketplace
S00579,2025-02-13,ST13,C0085,P058,2,1273.82,266.98,1006.84,Online
S00580,2025-06-27,ST14,C0198,P040,6,4055.76,594.06,3461.7,Marketplace
S00581,2024-01-30,ST02,C0292,P066,1,157.99,94.05,63.94,Marketplace
S00582,2025-01-06,ST14,C0029,P011,1,771.23,253.22,518.01,Retail Store
S00583,2025-08-20,ST09,C0249,P027,1,571.12,203.1,368.02,Mobile App
S00584,2024-03-11,ST09,C0064,P015,1,707.8,139.34,568.46,Mobile App
S00585,2024-06-21,ST08,C0139,P058,2,1273.82,266.98,1006.84,Marketplace
S00586,2023-07-03,ST04,C0293,P073,1,698.1,376.81,321.29,Marketplace
S00587,2025-01-09,ST09,C0129,P066,1,157.99,94.05,63.94,Marketplace
S00588,2025-05-07,ST03,C0286,P032,2,657.17,592.7,64.47,Marketplace
S00589,2024-09-20,ST08,C0280,P077,1,286.51,391.83,-105.32,Marketplace
S00590,2023-03-30,ST13,C0180,P069,2,1355.52,320.18,1035.34,Retail Store
S00591,2025-07-09,ST03,C0044,P029,4,1017.47,467.88,549.59,Marketplace
S00592,2025-02-10,ST06,C0041,P028,1,554.16,299.43,254.73,Retail Store
S00593,2023-08-28,ST15,C0312,P046,3,1427.7,1048.44,379.26,Mobile App
S00594,2023-09-24,ST11,C0208,P025,1,823.99,266.96,557.03,Online
S00595,2023-10-07,ST02,C0425,P076,1,638.32,144.77,493.55,Retail Store
S00596,2024-07-11,ST04,C0199,P087,1,654.19,250.47,403.72,Mobile App
S00597,2024-07-31,ST11,C0044,P044,1,437.3,212.6,224.7,Mobile App
S00598,2025-02-05,ST02,C0289,P067,1,641.05,303.9,337.15,Retail Store
S00599,2024-08-12,ST09,C0307,P065,1,527.08,143.64,383.44,Marketplace
S00600,2024-09-29,ST13,C0424,P080,4,646.96,1214.64,-567.68,Retail Store
S00601,2024-01-19,ST11,C0311,P042,3,687.15,422.94,264.21,Marketplace
S00602,2025-03-20,ST05,C0414,P019,1,102.32,335.58,-233.26,Online
S00603,2024-03-07,ST01,C0121,P038,1,441.58,397.37,44.21,Marketplace
S00604,2023-05-11,ST07,C0034,P038,2,883.17,794.74,88.43,Retail Store
S00605,2024-01-23,ST10,C0121,P017,1,440.41,265.06,175.35,Retail Store
S00606,2023-09-13,ST15,C0363,P028,1,471.04,299.43,171.61,Marketplace
S00607,2025-03-19,ST09,C0200,P079,1,610.26,180.26,430.0,Marketplace
S00608,2023-11-30,ST10,C0316,P066,1,157.99,94.05,63.94,Online
S00609,2025-03-27,ST14,C0101,P036,1,702.73,357.09,345.64,Online
S00610,2025-07-25,ST11,C0356,P040,1,675.96,99.01,576.95,Marketplace
S00611,2023-12-18,ST03,C0173,P060,2,934.78,276.5,658.28,Mobile App
S00612,2023-07-08,ST08,C0124,P054,1,261.12,278.44,-17.32,Retail Store
S00613,2023-03-06,ST12,C0325,P085,1,686.76,218.24,468.52,Marketplace
S00614,2025-03-24,ST14,C0104,P025,1,782.79,266.96,515.83,Marketplace
S00615,2024-09-21,ST04,C0401,P010,4,3097.48,1160.4,1937.08,Mobile App
S00616,2023-01-19,ST08,C0150,P019,5,601.9,1677.9,-1076.0,Mobile App
S00617,2023-08-14,ST04,C0180,P030,1,657.07,308.05,349.02,Marketplace
S00618,2023-03-14,ST03,C0395,P058,3,1910.73,400.47,1510.26,Marketplace
S00619,2024-12-18,ST11,C0194,P014,1,98.8,86.92,11.88,Mobile App
S00620,2023-03-24,ST14,C0444,P041,1,62.87,33.46,29.41,Mobile App
S00621,2023-08-02,ST10,C0119,P066,3,447.63,282.15,165.48,Marketplace
S00622,2023-12-27,ST04,C0061,P038,1,466.12,397.37,68.75,Online
S00623,2023-07-15,ST12,C0415,P016,2,1403.94,258.12,1145.82,Online
S00624,2024-08-25,ST07,C0134,P088,2,1422.13,604.28,817.85,Online
S00625,2023-05-11,ST14,C0252,P073,1,698.1,376.81,321.29,Online
S00626,2023-10-17,ST01,C0400,P057,1,581.41,34.16,547.25,Online
S00627,2024-03-27,ST02,C0251,P036,2,1561.62,714.18,847.44,Retail Store
S00628,2023-03-26,ST09,C0115,P007,3,175.92,1064.4,-888.48,Online
S00629,2024-07-29,ST02,C0043,P029,1,282.63,116.97,165.66,Marketplace
S00630,2024-01-07,ST11,C0240,P078,2,191.81,433.1,-241.29,Mobile App
S00631,2023-01-06,ST08,C0089,P044,1,393.57,212.6,180.97,Marketplace
S00632,2023-02-15,ST03,C0351,P049,1,615.31,236.79,378.52,Online
S00633,2025-07-28,ST04,C0091,P066,3,473.96,282.15,191.81,Marketplace
S00634,2025-06-25,ST08,C0113,P052,2,658.78,129.02,529.76,Online
S00635,2023-05-20,ST01,C0115,P012,2,822.98,315.78,507.2,Marketplace
S00636,2024-04-17,ST03,C0053,P062,1,306.26,91.36,214.9,Marketplace
S00637,2023-02-06,ST09,C0210,P069,1,606.42,160.09,446.33,Mobile App
S00638,2024-01-25,ST09,C0103,P029,2,565.26,233.94,331.32,Marketplace
S00639,2024-01-25,ST11,C0428,P034,1,532.33,314.94,217.39,Mobile App
S00640,2025-06-17,ST08,C0078,P070,2,198.44,289.44,-91.0,Mobile App
S00641,2024-12-29,ST14,C0282,P034,1,560.35,314.94,245.41,Marketplace
S00642,2025-03-19,ST05,C0049,P051,2,1397.69,766.28,631.41,Marketplace
S00643,2023-02-23,ST09,C0014,P013,1,302.9,77.84,225.06,Marketplace
S00644,2025-08-07,ST03,C0328,P065,1,448.02,143.64,304.38,Online
S00645,2025-04-26,ST06,C0333,P040,2,1149.13,198.02,951.11,Retail Store
S00646,2024-01-16,ST08,C0138,P076,2,1343.84,289.54,1054.3,Retail Store
S00647,2023-08-01,ST15,C0437,P044,2,830.87,425.2,405.67,Marketplace
S00648,2024-05-26,ST14,C0073,P031,1,119.78,286.24,-166.46,Online
S00649,2025-07-03,ST09,C0444,P048,1,292.45,154.5,137.95,Mobile App
S00650,2023-01-11,ST03,C0262,P083,1,529.85,166.97,362.88,Online
S00651,2024-07-10,ST01,C0148,P085,4,3231.8,872.96,2358.84,Online
S00652,2023-08-11,ST05,C0059,P065,1,527.08,143.64,383.44,Mobile App
S00653,2023-06-18,ST12,C0439,P080,1,161.74,303.66,-141.92,Marketplace
S00654,2023-09-22,ST04,C0045,P031,3,378.24,858.72,-480.48,Retail Store
S00655,2023-03-29,ST03,C0401,P085,1,767.55,218.24,549.31,Marketplace
S00656,2025-03-14,ST10,C0002,P071,1,129.59,253.92,-124.33,Online
S00657,2024-10-03,ST05,C0403,P084,1,681.64,390.58,291.06,Online
S00658,2025-04-14,ST10,C0175,P054,3,744.19,835.32,-91.13,Mobile App
S00659,2024-10-17,ST11,C0359,P081,1,204.52,42.77,161.75,Marketplace
S00660,2023-07-20,ST12,C0042,P001,3,1907.74,954.75,952.99,Online
S00661,2025-04-23,ST14,C0261,P061,2,548.66,793.0,-244.34,Online
S00662,2023-07-12,ST15,C0376,P074,2,295.99,700.02,-404.03,Marketplace
S00663,2024-02-04,ST13,C0371,P034,3,1597.0,944.82,652.18,Marketplace
S00664,2023-01-13,ST07,C0432,P028,1,526.45,299.43,227.02,Retail Store
S00665,2025-06-30,ST03,C0308,P033,3,1892.69,880.8,1011.89,Marketplace
S00666,2024-08-23,ST01,C0339,P037,1,843.59,385.8,457.79,Retail Store
S00667,2023-10-03,ST11,C0042,P003,2,1213.34,224.04,989.3,Retail Store
S00668,2023-04-01,ST12,C0095,P007,5,293.2,1774.0,-1480.8,Retail Store
S00669,2024-02-28,ST07,C0291,P057,1,581.41,34.16,547.25,Marketplace
S00670,2023-05-14,ST01,C0311,P051,1,822.17,383.14,439.03,Retail Store
S00671,2023-07-14,ST01,C0049,P043,1,657.0,386.09,270.91,Online
S00672,2023-04-07,ST09,C0376,P024,1,828.99,153.67,675.32,Retail Store
S00673,2023-12-06,ST06,C0362,P023,1,236.18,255.0,-18.82,Mobile App
S00674,2025-05-25,ST12,C0093,P046,1,475.9,349.48,126.42,Online
S00675,2023-10-07,ST02,C0257,P076,3,2015.76,434.31,1581.45,Mobile App
S00676,2025-06-09,ST11,C0284,P018,1,688.75,314.13,374.62,Online
S00677,2023-07-11,ST03,C0272,P067,1,544.89,303.9,240.99,Mobile App
S00678,2023-06-23,ST12,C0346,P041,2,125.75,66.92,58.83,Marketplace
S00679,2024-04-02,ST07,C0316,P062,2,612.52,182.72,429.8,Retail Store
S00680,2025-05-20,ST14,C0118,P021,2,919.9,698.1,221.8,Marketplace
S00681,2024-05-24,ST01,C0030,P001,2,1413.14,636.5,776.64,Retail Store
S00682,2024-04-08,ST07,C0341,P036,2,1327.38,714.18,613.2,Online
S00683,2024-02-13,ST12,C0074,P046,1,452.1,349.48,102.62,Retail Store
S00684,2025-06-12,ST01,C0174,P083,5,2384.33,834.85,1549.48,Marketplace
S00685,2023-01-31,ST12,C0082,P046,2,951.8,698.96,252.84,Online
S00686,2025-04-15,ST01,C0248,P041,2,139.72,66.92,72.8,Retail Store
S00687,2023-07-22,ST01,C0164,P054,1,221.95,278.44,-56.49,Online
S00688,2023-09-02,ST15,C0267,P077,1,286.51,391.83,-105.32,Marketplace
S00689,2023-10-12,ST06,C0051,P045,2,817.08,254.16,562.92,Marketplace
S00690,2024-08-29,ST11,C0049,P005,4,2255.84,1122.76,1133.08,Marketplace
S00691,2023-02-13,ST12,C0001,P036,1,780.81,357.09,423.72,Online
S00692,2023-09-27,ST07,C0395,P077,1,257.86,391.83,-133.97,Marketplace
S00693,2024-02-21,ST05,C0069,P035,1,700.78,272.69,428.09,Mobile App
S00694,2023-03-09,ST07,C0252,P039,2,101.5,747.7,-646.2,Retail Store
S00695,2023-11-15,ST13,C0078,P075,1,508.53,89.53,419.0,Mobile App
S00696,2023-11-27,ST13,C0277,P059,1,139.49,245.23,-105.74,Online
S00697,2024-05-12,ST11,C0375,P016,3,2105.91,387.18,1718.73,Online
S00698,2024-03-05,ST09,C0280,P045,1,408.54,127.08,281.46,Marketplace
S00699,2025-08-29,ST11,C0050,P052,3,1162.56,193.53,969.03,Online
S00700,2025-03-24,ST07,C0001,P062,2,581.89,182.72,399.17,Online
S00701,2024-04-26,ST15,C0197,P083,1,476.87,166.97,309.9,Retail Store
S00702,2024-08-21,ST12,C0391,P019,1,120.38,335.58,-215.2,Retail Store
S00703,2023-07-03,ST14,C0111,P018,1,619.88,314.13,305.75,Online
S00704,2023-10-19,ST14,C0422,P065,1,527.08,143.64,383.44,Mobile App
S00705,2023-06-27,ST09,C0428,P089,2,1332.96,454.32,878.64,Online
S00706,2025-05-08,ST10,C0390,P022,1,275.97,225.66,50.31,Online
S00707,2023-10-07,ST09,C0383,P044,5,1967.85,1063.0,904.85,Mobile App
S00708,2023-08-02,ST13,C0153,P059,1,132.52,245.23,-112.71,Retail Store
S00709,2023-10-27,ST14,C0066,P084,1,761.83,390.58,371.25,Retail Store
S00710,2025-01-20,ST09,C0127,P036,1,741.77,357.09,384.68,Online
S00711,2023-03-17,ST14,C0379,P068,2,785.26,753.98,31.28,Online
S00712,2024-04-27,ST06,C0425,P031,5,630.4,1431.2,-800.8,Retail Store
S00713,2023-08-02,ST11,C0278,P046,3,1427.7,1048.44,379.26,Marketplace
S00714,2023-12-03,ST05,C0081,P002,2,1083.46,395.08,688.38,Online
S00715,2025-01-29,ST10,C0189,P067,1,641.05,303.9,337.15,Online
S00716,2025-02-13,ST07,C0145,P038,1,490.65,397.37,93.28,Online
S00717,2024-05-02,ST02,C0047,P022,3,974.01,676.98,297.03,Mobile App
S00718,2024-01-14,ST02,C0017,P062,2,612.52,182.72,429.8,Marketplace
S00719,2023-09-06,ST15,C0337,P019,2,240.76,671.16,-430.4,Marketplace
S00720,2024-07-08,ST11,C0417,P029,2,565.26,233.94,331.32,Retail Store
S00721,2025-08-28,ST02,C0343,P088,3,2509.65,906.42,1603.23,Marketplace
S00722,2023-06-11,ST03,C0223,P081,3,645.84,128.31,517.53,Marketplace
S00723,2025-04-30,ST06,C0192,P065,4,1897.49,574.56,1322.93,Marketplace
S00724,2025-01-21,ST04,C0088,P015,1,832.71,139.34,693.37,Retail Store
S00725,2023-12-26,ST05,C0255,P056,4,3287.8,1113.84,2173.96,Retail Store
S00726,2023-08-08,ST13,C0054,P020,2,1485.6,437.4,1048.2,Retail Store
S00727,2025-03-30,ST04,C0207,P056,2,1643.9,556.92,1086.98,Marketplace
S00728,2023-05-14,ST10,C0120,P058,2,1210.13,266.98,943.15,Mobile App
S00729,2024-06-28,ST15,C0126,P066,2,351.08,188.1,162.98,Marketplace
S00730,2023-02-10,ST07,C0354,P039,1,53.57,373.85,-320.28,Retail Store
S00731,2024-10-31,ST07,C0200,P017,2,1036.26,530.12,506.14,Retail Store
S00732,2023-06-18,ST07,C0303,P044,3,1115.12,637.8,477.32,Online
S00733,2024-05-16,ST03,C0269,P022,2,649.34,451.32,198.02,Online
S00734,2024-12-15,ST08,C0246,P009,1,404.3,283.05,121.25,Online
S00735,2023-09-17,ST05,C0381,P056,1,698.66,278.46,420.2,Online
S00736,2024-09-27,ST12,C0163,P027,1,602.85,203.1,399.75,Marketplace
S00737,2025-08-10,ST08,C0045,P071,2,273.58,507.84,-234.26,Mobile App
S00738,2023-01-04,ST06,C0319,P061,1,245.45,396.5,-151.05,Marketplace
S00739,2023-11-26,ST01,C0281,P084,1,721.74,390.58,331.16,Marketplace
S00740,2024-05-02,ST07,C0336,P065,2,948.74,287.28,661.46,Retail Store
S00741,2023-11-25,ST07,C0436,P077,1,243.53,391.83,-148.3,Mobile App
S00742,2025-05-11,ST06,C0248,P004,2,611.98,467.52,144.46,Marketplace
S00743,2024-04-13,ST07,C0275,P027,4,2538.32,812.4,1725.92,Online
S00744,2025-07-07,ST09,C0274,P025,3,2348.37,800.88,1547.49,Retail Store
S00745,2023-06-19,ST02,C0340,P006,1,290.93,38.9,252.03,Mobile App
S00746,2024-01-16,ST01,C0427,P069,1,677.76,160.09,517.67,Mobile App
S00747,2023-09-29,ST07,C0342,P054,2,522.24,556.88,-34.64,Online
S00748,2023-11-09,ST12,C0219,P041,1,69.86,33.46,36.4,Online
S00749,2024-07-28,ST01,C0282,P087,1,769.64,250.47,519.17,Mobile App
S00750,2023-01-16,ST08,C0191,P042,1,229.05,140.98,88.07,Retail Store
S00751,2025-02-15,ST05,C0303,P062,1,275.63,91.36,184.27,Online
S00752,2024-07-19,ST10,C0342,P020,2,1411.32,437.4,973.92,Retail Store
S00753,2023-08-03,ST07,C0339,P036,1,702.73,357.09,345.64,Mobile App
S00754,2024-06-03,ST11,C0029,P059,1,139.49,245.23,-105.74,Online
S00755,2023-09-12,ST15,C0187,P060,1,420.65,138.25,282.4,Retail Store
S00756,2024-02-20,ST05,C0021,P080,2,323.48,607.32,-283.84,Mobile App
S00757,2023-10-24,ST11,C0327,P034,1,504.32,314.94,189.38,Online
S00758,2025-04-03,ST14,C0383,P039,3,169.17,1121.55,-952.38,Marketplace
S00759,2024-09-09,ST05,C0256,P084,2,1363.28,781.16,582.12,Marketplace
S00760,2024-12-18,ST13,C0272,P036,2,1327.38,714.18,613.2,Mobile App
S00761,2023-10-13,ST10,C0118,P071,1,129.59,253.92,-124.33,Retail Store
S00762,2024-03-19,ST04,C0260,P034,1,560.35,314.94,245.41,Online
S00763,2025-07-19,ST02,C0431,P009,1,381.84,283.05,98.79,Retail Store
S00764,2024-05-23,ST15,C0266,P039,1,53.57,373.85,-320.28,Retail Store
S00765,2023-09-26,ST14,C0054,P055,4,2465.31,979.24,1486.07,Marketplace
S00766,2024-03-20,ST07,C0300,P075,2,1017.06,179.06,838.0,Mobile App
S00767,2024-01-21,ST14,C0445,P085,2,1535.11,436.48,1098.63,Retail Store
S00768,2024-01-01,ST01,C0362,P053,1,187.33,175.88,11.45,Online
S00769,2024-06-11,ST11,C0241,P040,2,1149.13,198.02,951.11,Online
S00770,2024-03-15,ST03,C0073,P084,2,1363.28,781.16,582.12,Marketplace
S00771,2024-09-26,ST04,C0410,P069,2,1426.86,320.18,1106.68,Retail Store
S00772,2025-04-13,ST03,C0293,P058,1,636.91,133.49,503.42,Online
S00773,2025-05-04,ST09,C0300,P087,1,654.19,250.47,403.72,Retail Store
S00774,2023-09-07,ST13,C0181,P066,1,166.76,94.05,72.71,Online
S00775,2024-02-07,ST08,C0246,P021,2,871.49,698.1,173.39,Marketplace
S00776,2024-03-30,ST06,C0183,P005,3,1691.88,842.07,849.81,Online
S00777,2024-10-23,ST15,C0047,P060,1,397.28,138.25,259.03,Retail Store
S00778,2024-01-13,ST10,C0323,P087,1,692.68,250.47,442.21,Online
S00779,2023-08-16,ST08,C0356,P040,1,608.36,99.01,509.35,Marketplace
S00780,2024-06-22,ST12,C0162,P088,3,2133.2,906.42,1226.78,Retail Store
S00781,2025-02-26,ST15,C0446,P044,1,437.3,212.6,224.7,Mobile App
S00782,2025-07-27,ST08,C0334,P077,2,544.37,783.66,-239.29,Marketplace
S00783,2023-03-07,ST06,C0149,P033,1,742.23,293.6,448.63,Retail Store
S00784,2024-10-03,ST11,C0324,P014,1,93.86,86.92,6.94,Mobile App
S00785,2025-05-08,ST06,C0185,P044,1,415.44,212.6,202.84,Mobile App
S00786,2023-03-26,ST04,C0070,P054,3,783.36,835.32,-51.96,Retail Store
S00787,2023-12-29,ST02,C0292,P059,2,265.03,490.46,-225.43,Retail Store
S00788,2024-05-18,ST09,C0425,P014,2,177.84,173.84,4.0,Mobile App
S00789,2024-08-15,ST06,C0368,P025,3,2224.77,800.88,1423.89,Retail Store
S00790,2023-02-02,ST08,C0039,P053,1,220.39,175.88,44.51,Online
S00791,2023-02-28,ST13,C0242,P077,1,286.51,391.83,-105.32,Marketplace
S00792,2024-03-16,ST14,C0029,P018,1,688.75,314.13,374.62,Mobile App
S00793,2025-06-18,ST11,C0175,P046,2,904.21,698.96,205.25,Marketplace
S00794,2023-06-12,ST08,C0384,P074,1,174.11,350.01,-175.9,Marketplace
S00795,2025-03-31,ST03,C0136,P012,2,868.7,315.78,552.92,Mobile App
S00796,2023-01-11,ST15,C0109,P067,3,1634.68,911.7,722.98,Mobile App
S00797,2024-05-18,ST08,C0378,P013,1,287.75,77.84,209.91,Marketplace
S00798,2023-11-22,ST01,C0111,P021,3,1234.61,1047.15,187.46,Marketplace
S00799,2024-11-09,ST03,C0350,P009,1,404.3,283.05,121.25,Mobile App
S00800,2024-09-24,ST06,C0197,P036,6,4450.62,2142.54,2308.08,Retail Store
S00801,2025-03-26,ST04,C0382,P060,1,420.65,138.25,282.4,Online
S00802,2024-01-10,ST03,C0146,P032,2,691.76,592.7,99.06,Online
S00803,2023-10-10,ST10,C0280,P026,3,325.08,577.14,-252.06,Mobile App
S00804,2023-08-18,ST09,C0175,P053,4,837.48,703.52,133.96,Marketplace
S00805,2024-02-05,ST14,C0421,P049,2,1295.38,473.58,821.8,Marketplace
S00806,2025-05-08,ST09,C0359,P053,1,220.39,175.88,44.51,Marketplace
S00807,2023-02-02,ST03,C0331,P036,1,741.77,357.09,384.68,Mobile App
S00808,2025-05-25,ST15,C0246,P026,1,108.36,192.38,-84.02,Mobile App
S00809,2023-08-10,ST02,C0327,P073,1,698.1,376.81,321.29,Retail Store
S00810,2023-08-30,ST01,C0260,P045,1,347.26,127.08,220.18,Mobile App
S00811,2023-09-17,ST11,C0352,P076,1,571.13,144.77,426.36,Mobile App
S00812,2024-02-18,ST11,C0219,P063,4,2871.11,449.88,2421.23,Online
S00813,2024-05-10,ST09,C0116,P062,3,826.9,274.08,552.82,Online
S00814,2023-07-25,ST09,C0282,P034,1,504.32,314.94,189.38,Online
S00815,2024-01-21,ST14,C0342,P041,1,59.38,33.46,25.92,Online
S00816,2024-09-19,ST14,C0058,P024,3,2238.27,461.01,1777.26,Online
S00817,2024-10-09,ST06,C0253,P029,4,1130.52,467.88,662.64,Marketplace
S00818,2023-01-22,ST04,C0137,P011,4,3084.92,1012.88,2072.04,Marketplace
S00819,2024-01-29,ST10,C0382,P077,1,272.18,391.83,-119.65,Online
S00820,2024-11-12,ST07,C0439,P061,1,245.45,396.5,-151.05,Online
S00821,2025-05-13,ST10,C0028,P038,4,1962.6,1589.48,373.12,Mobile App
S00822,2023-04-27,ST02,C0404,P081,1,215.28,42.77,172.51,Online
S00823,2025-06-26,ST12,C0166,P075,3,1449.31,268.59,1180.72,Marketplace
S00824,2023-06-28,ST05,C0125,P003,1,515.67,112.02,403.65,Online
S00825,2023-06-28,ST13,C0301,P012,1,457.21,157.89,299.32,Marketplace
S00826,2024-02-04,ST10,C0159,P089,1,566.51,227.16,339.35,Online
S00827,2025-04-14,ST10,C0387,P071,4,489.57,1015.68,-526.11,Online
S00828,2025-06-05,ST05,C0233,P012,2,868.7,315.78,552.92,Mobile App
S00829,2024-09-17,ST11,C0313,P046,5,2022.58,1747.4,275.18,Marketplace
S00830,2025-01-25,ST14,C0111,P062,3,780.96,274.08,506.88,Online
S00831,2024-08-20,ST03,C0055,P013,3,908.7,233.52,675.18,Marketplace
S00832,2025-01-20,ST08,C0267,P009,1,449.22,283.05,166.17,Retail Store
S00833,2024-03-15,ST01,C0038,P008,3,2077.83,1141.71,936.12,Online
S00834,2024-09-21,ST09,C0057,P060,1,467.39,138.25,329.14,Online
S00835,2024-02-24,ST01,C0317,P089,1,566.51,227.16,339.35,Mobile App
S00836,2023-08-01,ST12,C0196,P034,6,3025.89,1889.64,1136.25,Mobile App
S00837,2025-01-09,ST06,C0250,P003,3,1820.01,336.06,1483.95,Mobile App
S00838,2024-10-19,ST02,C0424,P052,1,387.52,64.51,323.01,Online
S00839,2025-02-25,ST02,C0253,P033,1,705.12,293.6,411.52,Retail Store
S00840,2023-02-15,ST08,C0206,P010,2,1548.74,580.2,968.54,Marketplace
S00841,2024-04-03,ST01,C0175,P040,1,608.36,99.01,509.35,Marketplace
S00842,2023-07-19,ST05,C0042,P056,1,739.76,278.46,461.3,Retail Store
S00843,2024-02-08,ST13,C0233,P013,1,272.61,77.84,194.77,Marketplace
S00844,2023-10-24,ST10,C0194,P074,1,174.11,350.01,-175.9,Retail Store
S00845,2025-03-02,ST10,C0016,P015,2,1415.61,278.68,1136.93,Online
S00846,2024-11-08,ST10,C0322,P089,1,599.83,227.16,372.67,Online
S00847,2024-11-05,ST03,C0173,P073,1,739.17,376.81,362.36,Online
S00848,2025-04-25,ST05,C0247,P053,2,440.78,351.76,89.02,Online
S00849,2024-05-05,ST05,C0366,P006,1,307.09,38.9,268.19,Retail Store
S00850,2024-04-13,ST05,C0233,P034,1,532.33,314.94,217.39,Online
S00851,2024-01-25,ST09,C0098,P034,1,560.35,314.94,245.41,Marketplace
S00852,2024-12-22,ST01,C0300,P031,2,252.16,572.48,-320.32,Marketplace
S00853,2023-11-03,ST04,C0338,P016,2,1263.55,258.12,1005.43,Mobile App
S00854,2025-08-25,ST02,C0298,P087,1,769.64,250.47,519.17,Marketplace
S00855,2023-11-10,ST04,C0270,P014,1,93.86,86.92,6.94,Mobile App
S00856,2023-01-22,ST07,C0310,P034,1,476.3,314.94,161.36,Mobile App
S00857,2024-10-14,ST15,C0240,P036,2,1561.62,714.18,847.44,Retail Store
S00858,2023-10-22,ST11,C0436,P061,1,245.45,396.5,-151.05,Online
S00859,2023-05-15,ST06,C0391,P031,1,107.17,286.24,-179.07,Mobile App
S00860,2025-03-17,ST01,C0061,P042,2,485.05,281.96,203.09,Online
S00861,2024-11-06,ST05,C0364,P043,3,2202.88,1158.27,1044.61,Marketplace
S00862,2023-02-27,ST08,C0086,P001,3,1801.75,954.75,847.0,Online
S00863,2024-09-22,ST10,C0339,P089,1,666.48,227.16,439.32,Retail Store
S00864,2024-06-29,ST07,C0234,P040,3,2027.88,297.03,1730.85,Online
S00865,2025-01-14,ST11,C0319,P067,1,544.89,303.9,240.99,Online
S00866,2025-01-14,ST03,C0144,P089,1,566.51,227.16,339.35,Retail Store
S00867,2024-06-14,ST11,C0051,P026,1,108.36,192.38,-84.02,Mobile App
S00868,2024-01-26,ST08,C0062,P055,1,688.84,244.81,444.03,Online
S00869,2024-12-04,ST10,C0161,P054,1,221.95,278.44,-56.49,Online
S00870,2023-01-29,ST11,C0324,P066,1,157.99,94.05,63.94,Mobile App
S00871,2024-01-16,ST15,C0279,P072,2,1607.1,470.28,1136.82,Retail Store
S00872,2023-07-01,ST10,C0285,P067,1,576.94,303.9,273.04,Marketplace
S00873,2023-03-01,ST03,C0405,P059,2,251.08,490.46,-239.38,Retail Store
S00874,2023-03-09,ST13,C0167,P067,1,641.05,303.9,337.15,Retail Store
S00875,2025-01-12,ST04,C0217,P040,1,642.16,99.01,543.15,Retail Store
S00876,2024-07-16,ST01,C0433,P071,1,136.79,253.92,-117.13,Marketplace
S00877,2025-07-25,ST07,C0040,P076,2,1343.84,289.54,1054.3,Online
S00878,2025-05-22,ST03,C0303,P083,1,450.37,166.97,283.4,Online
S00879,2023-01-15,ST02,C0269,P079,1,717.95,180.26,537.69,Marketplace
S00880,2023-07-06,ST12,C0138,P022,4,1298.68,902.64,396.04,Retail Store
S00881,2025-02-26,ST12,C0048,P013,1,257.46,77.84,179.62,Retail Store
S00882,2024-07-19,ST04,C0370,P088,4,2844.27,1208.56,1635.71,Marketplace
S00883,2025-01-16,ST04,C0024,P043,3,2318.82,1158.27,1160.55,Marketplace
S00884,2024-05-10,ST15,C0396,P082,2,1288.8,273.46,1015.34,Marketplace
S00885,2024-08-22,ST11,C0173,P084,2,1523.67,781.16,742.51,Marketplace
S00886,2024-10-16,ST09,C0051,P044,2,830.87,425.2,405.67,Online
S00887,2024-07-05,ST13,C0270,P026,1,108.36,192.38,-84.02,Mobile App
S00888,2024-06-06,ST01,C0012,P079,2,1292.31,360.52,931.79,Marketplace
S00889,2023-06-05,ST13,C0124,P053,3,661.17,527.64,133.53,Online
S00890,2023-04-27,ST02,C0279,P047,1,638.12,118.67,519.45,Retail Store
S00891,2023-05-30,ST04,C0077,P017,1,466.32,265.06,201.26,Marketplace
S00892,2024-11-14,ST10,C0321,P075,1,483.1,89.53,393.57,Mobile App
S00893,2025-07-28,ST13,C0186,P008,1,657.98,380.57,277.41,Mobile App
S00894,2025-01-18,ST03,C0362,P022,3,974.01,676.98,297.03,Mobile App
S00895,2025-01-21,ST13,C0381,P081,1,182.99,42.77,140.22,Marketplace
S00896,2023-08-16,ST11,C0317,P060,3,1332.06,414.75,917.31,Online
S00897,2023-03-29,ST06,C0006,P019,1,102.32,335.58,-233.26,Mobile App
S00898,2024-12-18,ST13,C0087,P073,2,1478.34,753.62,724.72,Marketplace
S00899,2025-06-16,ST14,C0398,P045,1,408.54,127.08,281.46,Online
S00900,2024-06-03,ST10,C0330,P001,1,706.57,318.25,388.32,Marketplace
S00901,2025-03-11,ST14,C0078,P030,2,1117.02,616.1,500.92,Marketplace
S00902,2023-10-27,ST13,C0290,P022,1,324.67,225.66,99.01,Mobile App
S00903,2023-09-13,ST03,C0399,P008,2,1385.22,761.14,624.08,Marketplace
S00904,2024-01-30,ST09,C0017,P065,2,1054.16,287.28,766.88,Mobile App
S00905,2023-10-12,ST12,C0384,P051,2,1644.34,766.28,878.06,Mobile App
S00906,2023-01-30,ST01,C0397,P043,4,2782.58,1544.36,1238.22,Marketplace
S00907,2024-11-29,ST14,C0321,P055,1,688.84,244.81,444.03,Mobile App
S00908,2024-07-29,ST13,C0416,P006,2,581.85,77.8,504.05,Retail Store
S00909,2024-10-30,ST11,C0395,P031,1,113.47,286.24,-172.77,Retail Store
S00910,2024-10-08,ST11,C0241,P043,2,1545.88,772.18,773.7,Retail Store
S00911,2025-08-04,ST03,C0421,P030,1,591.36,308.05,283.31,Online
S00912,2023-03-26,ST15,C0164,P030,1,591.36,308.05,283.31,Marketplace
S00913,2025-01-20,ST06,C0324,P022,3,876.61,676.98,199.63,Online
S00914,2025-07-20,ST02,C0378,P024,1,746.09,153.67,592.42,Mobile App
S00915,2023-10-22,ST13,C0179,P037,2,1518.46,771.6,746.86,Mobile App
S00916,2025-08-20,ST01,C0080,P042,1,269.47,140.98,128.49,Online
S00917,2024-08-08,ST01,C0088,P026,2,205.88,384.76,-178.88,Marketplace
S00918,2023-01-19,ST02,C0240,P027,2,1078.79,406.2,672.59,Mobile App
S00919,2023-10-02,ST12,C0089,P006,2,646.5,77.8,568.7,Marketplace
S00920,2025-01-24,ST08,C0092,P015,1,749.44,139.34,610.1,Marketplace
S00921,2024-08-17,ST02,C0319,P015,3,2498.13,418.02,2080.11,Retail Store
S00922,2024-02-12,ST11,C0130,P055,1,652.58,244.81,407.77,Retail Store
S00923,2023-01-27,ST14,C0073,P068,2,785.26,753.98,31.28,Online
S00924,2024-01-06,ST13,C0346,P015,6,4246.82,836.04,3410.78,Online
S00925,2023-06-24,ST15,C0072,P057,1,523.27,34.16,489.11,Mobile App
S00926,2024-08-23,ST08,C0421,P085,1,767.55,218.24,549.31,Mobile App
S00927,2025-03-08,ST04,C0313,P023,2,472.36,510.0,-37.64,Marketplace
S00928,2024-03-03,ST04,C0253,P056,1,821.95,278.46,543.49,Retail Store
S00929,2023-01-02,ST10,C0090,P021,1,484.16,349.05,135.11,Retail Store
S00930,2023-09-09,ST09,C0149,P071,3,410.37,761.76,-351.39,Retail Store
S00931,2024-08-13,ST02,C0046,P088,1,752.89,302.14,450.75,Retail Store
S00932,2023-06-08,ST09,C0379,P067,2,1153.89,607.8,546.09,Online
S00933,2025-08-30,ST05,C0223,P015,1,707.8,139.34,568.46,Mobile App
S00934,2023-08-14,ST14,C0010,P023,1,236.18,255.0,-18.82,Marketplace
S00935,2025-06-06,ST09,C0037,P067,5,3205.25,1519.5,1685.75,Online
S00936,2024-12-23,ST05,C0090,P042,3,767.99,422.94,345.05,Mobile App
S00937,2023-09-28,ST08,C0053,P027,4,2538.32,812.4,1725.92,Marketplace
S00938,2025-02-04,ST15,C0068,P071,2,287.98,507.84,-219.86,Mobile App
S00939,2025-02-28,ST15,C0354,P083,1,503.36,166.97,336.39,Marketplace
S00940,2024-11-09,ST02,C0336,P063,1,677.9,112.47,565.43,Online
S00941,2025-01-31,ST03,C0039,P002,1,541.73,197.54,344.19,Mobile App
S00942,2024-11-06,ST08,C0059,P040,3,2027.88,297.03,1730.85,Mobile App
S00943,2025-03-10,ST15,C0155,P037,1,843.59,385.8,457.79,Marketplace
S00944,2023-03-15,ST10,C0274,P009,1,449.22,283.05,166.17,Marketplace
S00945,2024-12-06,ST02,C0098,P070,1,94.26,144.72,-50.46,Online
S00946,2023-04-19,ST10,C0130,P031,1,107.17,286.24,-179.07,Online
S00947,2024-04-03,ST11,C0331,P088,1,752.89,302.14,450.75,Online
S00948,2025-04-16,ST10,C0302,P053,2,418.74,351.76,66.98,Retail Store
S00949,2023-01-06,ST14,C0337,P074,2,348.22,700.02,-351.8,Online
S00950,2024-09-08,ST06,C0008,P024,1,704.64,153.67,550.97,Mobile App
S00951,2025-07-17,ST14,C0391,P028,3,1496.23,898.29,597.94,Mobile App
S00952,2023-09-21,ST09,C0187,P068,3,1385.76,1130.97,254.79,Mobile App
S00953,2023-08-04,ST13,C0092,P068,1,415.73,376.99,38.74,Marketplace
S00954,2023-04-21,ST03,C0147,P082,1,716.0,136.73,579.27,Online
S00955,2025-05-09,ST04,C0297,P053,1,187.33,175.88,11.45,Retail Store
S00956,2024-05-28,ST05,C0058,P077,2,515.72,783.66,-267.94,Online
S00957,2025-04-20,ST09,C0006,P004,2,679.98,467.52,212.46,Retail Store
S00958,2025-01-08,ST08,C0187,P018,3,2066.25,942.39,1123.86,Marketplace
S00959,2025-06-15,ST03,C0274,P082,3,2148.0,410.19,1737.81,Retail Store
S00960,2023-04-11,ST08,C0208,P043,2,1545.88,772.18,773.7,Online
S00961,2024-09-24,ST07,C0017,P066,2,315.97,188.1,127.87,Mobile App
S00962,2023-09-03,ST07,C0184,P017,2,932.63,530.12,402.51,Retail Store
S00963,2025-01-21,ST14,C0383,P044,1,415.44,212.6,202.84,Online
S00964,2025-06-15,ST06,C0100,P038,1,490.65,397.37,93.28,Mobile App
S00965,2024-10-02,ST01,C0174,P052,2,775.04,129.02,646.02,Marketplace
S00966,2025-05-26,ST06,C0042,P062,1,306.26,91.36,214.9,Mobile App
S00967,2024-09-28,ST08,C0172,P041,1,66.37,33.46,32.91,Retail Store
S00968,2023-04-01,ST10,C0131,P038,1,417.05,397.37,19.68,Online
S00969,2023-01-02,ST02,C0043,P062,1,306.26,91.36,214.9,Online
S00970,2025-07-03,ST01,C0290,P062,3,780.96,274.08,506.88,Marketplace
S00971,2025-01-23,ST15,C0350,P074,1,147.99,350.01,-202.02,Retail Store
S00972,2023-04-22,ST11,C0034,P034,1,476.3,314.94,161.36,Marketplace
S00973,2023-02-22,ST08,C0220,P047,4,2836.08,474.68,2361.4,Mobile App
S00974,2024-08-05,ST12,C0432,P056,1,780.85,278.46,502.39,Retail Store
S00975,2023-06-01,ST11,C0061,P004,1,339.99,233.76,106.23,Mobile App
S00976,2024-09-05,ST15,C0314,P031,2,252.16,572.48,-320.32,Mobile App
S00977,2023-02-11,ST15,C0096,P028,1,554.16,299.43,254.73,Mobile App
S00978,2025-05-06,ST07,C0410,P077,3,859.53,1175.49,-315.96,Marketplace
S00979,2023-07-18,ST05,C0407,P004,3,1019.97,701.28,318.69,Online
S00980,2024-05-14,ST12,C0179,P037,1,843.59,385.8,457.79,Marketplace
S00981,2024-06-08,ST05,C0304,P011,1,655.55,253.22,402.33,Mobile App
S00982,2024-05-18,ST09,C0068,P041,2,139.72,66.92,72.8,Retail Store
S00983,2025-05-24,ST15,C0118,P043,3,2318.82,1158.27,1160.55,Marketplace
S00984,2025-07-23,ST11,C0054,P002,1,570.24,197.54,372.7,Mobile App
S00985,2023-03-05,ST03,C0282,P023,2,472.36,510.0,-37.64,Marketplace
S00986,2023-06-05,ST04,C0166,P086,1,547.75,167.27,380.48,Mobile App
S00987,2023-05-27,ST08,C0343,P067,1,609.0,303.9,305.1,Marketplace
S00988,2023-06-11,ST05,C0444,P060,1,444.02,138.25,305.77,Online
S00989,2025-07-09,ST03,C0107,P052,1,387.52,64.51,323.01,Mobile App
S00990,2024-06-19,ST03,C0115,P003,1,576.34,112.02,464.32,Marketplace
S00991,2024-09-25,ST09,C0245,P058,1,636.91,133.49,503.42,Marketplace
S00992,2025-01-19,ST12,C0337,P081,4,861.12,171.08,690.04,Online
S00993,2025-03-21,ST07,C0417,P017,1,492.22,265.06,227.16,Marketplace
S00994,2025-03-30,ST05,C0041,P011,2,1542.46,506.44,1036.02,Marketplace
S00995,2023-11-14,ST05,C0422,P027,1,571.12,203.1,368.02,Marketplace
S00996,2025-07-09,ST05,C0264,P060,1,467.39,138.25,329.14,Marketplace
S00997,2024-10-04,ST08,C0298,P041,1,59.38,33.46,25.92,Mobile App
S00998,2023-01-19,ST13,C0195,P030,1,657.07,308.05,349.02,Retail Store
S00999,2023-05-24,ST15,C0245,P009,2,898.44,566.1,332.34,Retail Store
S01000,2024-05-08,ST05,C0449,P010,1,774.37,290.1,484.27,Online
S01001,2024-07-17,ST13,C0381,P008,1,588.72,380.57,208.15,Retail Store
S01002,2023-11-26,ST12,C0118,P072,2,1446.39,470.28,976.11,Online
S01003,2024-07-03,ST12,C0031,P049,2,1295.38,473.58,821.8,Mobile App
S01004,2024-09-16,ST04,C0407,P052,1,387.52,64.51,323.01,Marketplace
S01005,2024-03-30,ST01,C0315,P066,2,351.08,188.1,162.98,Online
S01006,2023-09-26,ST08,C0432,P052,2,775.04,129.02,646.02,Marketplace
S01007,2023-03-15,ST10,C0223,P029,1,240.24,116.97,123.27,Marketplace
S01008,2024-06-09,ST12,C0063,P078,1,90.86,216.55,-125.69,Marketplace
S01009,2024-02-16,ST02,C0009,P005,1,507.56,280.69,226.87,Mobile App
S01010,2024-07-30,ST09,C0104,P043,2,1314.0,772.18,541.82,Online
S01011,2023-04-20,ST15,C0078,P017,1,518.13,265.06,253.07,Marketplace
S01012,2024-08-06,ST03,C0001,P040,3,1723.7,297.03,1426.67,Online
S01013,2025-05-20,ST07,C0040,P032,1,328.59,296.35,32.24,Online
S01014,2025-04-15,ST06,C0113,P004,1,288.99,233.76,55.23,Retail Store
S01015,2023-06-16,ST02,C0282,P010,5,3291.07,1450.5,1840.57,Retail Store
S01016,2024-04-04,ST02,C0082,P003,1,606.67,112.02,494.65,Mobile App
S01017,2024-01-17,ST06,C0094,P008,2,1385.22,761.14,624.08,Retail Store
S01018,2023-01-16,ST12,C0350,P022,1,324.67,225.66,99.01,Mobile App
S01019,2023-02-02,ST11,C0214,P037,2,1434.1,771.6,662.5,Marketplace
S01020,2023-05-10,ST14,C0182,P078,2,191.81,433.1,-241.29,Online
S01021,2023-01-17,ST12,C0204,P089,1,599.83,227.16,372.67,Mobile App
S01022,2024-08-31,ST06,C0181,P034,1,560.35,314.94,245.41,Retail Store
S01023,2024-03-19,ST13,C0351,P068,3,1385.76,1130.97,254.79,Mobile App
S01024,2024-09-10,ST05,C0174,P075,2,966.21,179.06,787.15,Marketplace
S01025,2025-02-21,ST09,C0153,P031,1,113.47,286.24,-172.77,Retail Store
S01026,2025-08-25,ST03,C0114,P066,4,596.84,376.2,220.64,Mobile App
S01027,2024-02-14,ST11,C0202,P005,2,1127.92,561.38,566.54,Retail Store
S01028,2024-10-16,ST10,C0315,P007,6,299.06,2128.8,-1829.74,Mobile App
S01029,2025-05-08,ST15,C0091,P042,1,242.52,140.98,101.54,Marketplace
S01030,2023-10-01,ST12,C0310,P012,3,1165.89,473.67,692.22,Retail Store
S01031,2023-08-01,ST14,C0135,P023,2,472.36,510.0,-37.64,Marketplace
S01032,2025-02-20,ST05,C0110,P035,5,4122.25,1363.45,2758.8,Mobile App
S01033,2024-01-07,ST04,C0138,P017,1,492.22,265.06,227.16,Retail Store
S01034,2024-09-25,ST02,C0263,P034,3,1597.0,944.82,652.18,Mobile App
S01035,2024-09-16,ST11,C0307,P030,1,591.36,308.05,283.31,Online
S01036,2023-11-21,ST06,C0282,P011,1,655.55,253.22,402.33,Online
S01037,2024-05-22,ST11,C0317,P036,1,780.81,357.09,423.72,Mobile App
S01038,2025-03-10,ST15,C0115,P060,1,420.65,138.25,282.4,Online
S01039,2024-04-16,ST08,C0400,P041,2,125.75,66.92,58.83,Online
S01040,2023-01-06,ST04,C0224,P003,1,515.67,112.02,403.65,Mobile App
S01041,2023-06-23,ST12,C0326,P047,1,638.12,118.67,519.45,Retail Store
S01042,2024-12-16,ST14,C0301,P086,2,1153.16,334.54,818.62,Retail Store
S01043,2023-10-15,ST11,C0121,P050,1,499.98,164.87,335.11,Online
S01044,2024-10-06,ST08,C0281,P044,1,371.7,212.6,159.1,Marketplace
S01045,2024-10-01,ST07,C0084,P057,1,581.41,34.16,547.25,Mobile App
S01046,2023-10-18,ST08,C0393,P083,2,953.73,333.94,619.79,Online
S01047,2024-10-01,ST15,C0291,P017,1,466.32,265.06,201.26,Online
S01048,2023-12-30,ST10,C0263,P036,4,3123.24,1428.36,1694.88,Online
S01049,2024-02-01,ST06,C0166,P039,1,56.39,373.85,-317.46,Marketplace
S01050,2023-01-19,ST13,C0144,P022,2,649.34,451.32,198.02,Retail Store
S01051,2023-03-29,ST03,C0312,P008,3,1766.16,1141.71,624.45,Marketplace
S01052,2025-06-20,ST11,C0330,P081,2,365.98,85.54,280.44,Mobile App
S01053,2025-07-19,ST01,C0276,P020,2,1337.04,437.4,899.64,Retail Store
S01054,2024-03-22,ST11,C0373,P062,2,551.27,182.72,368.55,Retail Store
S01055,2023-08-30,ST02,C0269,P067,1,609.0,303.9,305.1,Mobile App
S01056,2023-06-27,ST12,C0363,P070,2,198.44,289.44,-91.0,Online
S01057,2025-06-03,ST12,C0301,P059,1,139.49,245.23,-105.74,Mobile App
S01058,2024-07-08,ST06,C0074,P051,1,781.06,383.14,397.92,Retail Store
S01059,2024-01-30,ST05,C0170,P054,1,261.12,278.44,-17.32,Mobile App
S01060,2025-03-05,ST15,C0375,P079,2,1292.31,360.52,931.79,Marketplace
S01061,2024-11-16,ST14,C0314,P008,1,623.35,380.57,242.78,Online
S01062,2023-09-01,ST04,C0312,P065,1,448.02,143.64,304.38,Retail Store
S01063,2024-01-02,ST13,C0047,P086,1,576.58,167.27,409.31,Retail Store
S01064,2025-01-10,ST02,C0010,P014,2,167.96,173.84,-5.88,Retail Store
S01065,2023-01-01,ST14,C0120,P012,1,388.63,157.89,230.74,Retail Store
S01066,2025-06-12,ST03,C0329,P047,1,709.02,118.67,590.35,Marketplace
S01067,2023-10-13,ST08,C0175,P025,1,823.99,266.96,557.03,Mobile App
S01068,2024-01-01,ST05,C0151,P032,1,345.88,296.35,49.53,Mobile App
S01069,2023-05-10,ST01,C0289,P069,3,2140.29,480.27,1660.02,Retail Store
S01070,2025-01-14,ST13,C0428,P058,1,573.22,133.49,439.73,Online
S01071,2024-11-02,ST05,C0235,P008,2,1315.96,761.14,554.82,Marketplace
S01072,2023-02-10,ST11,C0439,P017,2,1036.26,530.12,506.14,Marketplace
S01073,2023-12-12,ST05,C0336,P056,3,2465.85,835.38,1630.47,Retail Store
S01074,2024-11-10,ST03,C0242,P015,3,2498.13,418.02,2080.11,Online
S01075,2024-02-18,ST02,C0167,P058,3,1624.12,400.47,1223.65,Online
S01076,2024-05-02,ST15,C0410,P082,5,3043.0,683.65,2359.35,Marketplace
S01077,2023-03-19,ST15,C0396,P002,1,541.73,197.54,344.19,Mobile App
S01078,2024-06-02,ST10,C0178,P077,2,573.02,783.66,-210.64,Marketplace
S01079,2024-03-03,ST03,C0245,P071,4,518.36,1015.68,-497.32,Retail Store
S01080,2023-12-24,ST13,C0436,P078,1,90.86,216.55,-125.69,Marketplace
S01081,2025-07-05,ST07,C0369,P010,1,658.21,290.1,368.11,Marketplace
S01082,2024-10-23,ST06,C0449,P064,1,272.38,130.54,141.84,Retail Store
S01083,2025-08-02,ST05,C0265,P011,1,694.11,253.22,440.89,Marketplace
S01084,2025-04-30,ST08,C0304,P022,1,308.44,225.66,82.78,Mobile App
S01085,2025-03-15,ST12,C0230,P080,2,274.96,607.32,-332.36,Retail Store
S01086,2023-09-22,ST02,C0369,P052,2,697.54,129.02,568.52,Retail Store
S01087,2025-05-03,ST12,C0092,P001,2,1271.83,636.5,635.33,Marketplace
S01088,2024-05-11,ST15,C0126,P083,1,529.85,166.97,362.88,Retail Store
S01089,2023-05-23,ST13,C0391,P015,1,791.07,139.34,651.73,Marketplace
S01090,2023-12-09,ST01,C0374,P029,1,268.5,116.97,151.53,Mobile App
S01091,2024-11-28,ST15,C0097,P019,3,361.14,1006.74,-645.6,Retail Store
S01092,2024-03-15,ST11,C0132,P026,4,433.44,769.52,-336.08,Marketplace
S01093,2024-04-29,ST14,C0419,P041,2,125.75,66.92,58.83,Mobile App
S01094,2024-05-18,ST08,C0434,P053,2,396.7,351.76,44.94,Marketplace
S01095,2023-09-26,ST05,C0414,P041,2,139.72,66.92,72.8,Retail Store
S01096,2024-11-24,ST07,C0274,P078,1,90.86,216.55,-125.69,Marketplace
S01097,2024-02-05,ST14,C0177,P037,2,1687.18,771.6,915.58,Marketplace
S01098,2025-08-30,ST04,C0254,P005,1,563.96,280.69,283.27,Retail Store
S01099,2025-07-23,ST12,C0138,P040,2,1351.92,198.02,1153.9,Retail Store
S01100,2023-08-13,ST11,C0082,P004,1,339.99,233.76,106.23,Retail Store
S01101,2023-02-07,ST07,C0047,P081,1,193.75,42.77,150.98,Mobile App
S01102,2024-01-28,ST07,C0108,P040,2,1351.92,198.02,1153.9,Online
S01103,2024-03-27,ST09,C0102,P042,2,511.99,281.96,230.03,Online
S01104,2025-01-24,ST07,C0007,P038,1,417.05,397.37,19.68,Mobile App
S01105,2025-08-01,ST10,C0288,P072,1,803.55,235.14,568.41,Retail Store
S01106,2024-02-01,ST06,C0104,P088,4,3346.2,1208.56,2137.64,Mobile App
S01107,2024-07-23,ST12,C0095,P052,1,368.14,64.51,303.63,Marketplace
S01108,2023-05-06,ST02,C0096,P006,1,290.93,38.9,252.03,Marketplace
S01109,2024-07-19,ST06,C0066,P008,3,2077.83,1141.71,936.12,Online
S01110,2024-07-05,ST14,C0219,P087,1,654.19,250.47,403.72,Marketplace
S01111,2024-04-16,ST02,C0304,P058,6,3821.46,800.94,3020.52,Online
S01112,2025-06-05,ST14,C0068,P085,2,1615.9,436.48,1179.42,Marketplace
S01113,2025-05-13,ST09,C0187,P074,1,174.11,350.01,-175.9,Mobile App
S01114,2025-05-30,ST12,C0242,P009,1,426.76,283.05,143.71,Retail Store
S01115,2023-05-12,ST06,C0190,P035,1,700.78,272.69,428.09,Online
S01116,2023-02-19,ST12,C0098,P046,3,1356.31,1048.44,307.87,Marketplace
S01117,2023-09-07,ST09,C0171,P002,1,570.24,197.54,372.7,Retail Store
S01118,2024-08-11,ST03,C0161,P076,3,2015.76,434.31,1581.45,Marketplace
S01119,2024-01-12,ST08,C0122,P014,1,88.92,86.92,2.0,Mobile App
S01120,2023-06-11,ST03,C0153,P031,2,239.55,572.48,-332.93,Mobile App
S01121,2024-02-04,ST02,C0394,P079,1,717.95,180.26,537.69,Mobile App
S01122,2024-08-26,ST07,C0366,P032,1,294.0,296.35,-2.35,Mobile App
S01123,2023-01-11,ST11,C0217,P071,2,273.58,507.84,-234.26,Online
S01124,2024-02-10,ST02,C0059,P025,1,782.79,266.96,515.83,Mobile App
S01125,2023-03-12,ST10,C0112,P078,3,302.85,649.65,-346.8,Retail Store
S01126,2024-03-17,ST08,C0444,P081,3,581.26,128.31,452.95,Retail Store
S01127,2025-06-25,ST04,C0408,P068,7,2748.42,2638.93,109.49,Mobile App
S01128,2024-07-21,ST01,C0142,P084,1,721.74,390.58,331.16,Online
S01129,2023-06-22,ST07,C0050,P042,3,808.41,422.94,385.47,Mobile App
S01130,2025-05-18,ST14,C0326,P012,1,434.35,157.89,276.46,Mobile App
S01131,2024-01-02,ST09,C0130,P089,1,666.48,227.16,439.32,Retail Store
S01132,2025-08-16,ST07,C0277,P026,2,216.72,384.76,-168.04,Marketplace
S01133,2025-06-03,ST06,C0360,P042,1,269.47,140.98,128.49,Online
S01134,2025-07-11,ST03,C0061,P069,2,1426.86,320.18,1106.68,Mobile App
S01135,2024-10-01,ST07,C0250,P008,1,623.35,380.57,242.78,Marketplace
S01136,2023-05-31,ST15,C0360,P032,1,294.0,296.35,-2.35,Retail Store
S01137,2025-06-09,ST15,C0293,P038,1,490.65,397.37,93.28,Marketplace
S01138,2024-08-09,ST05,C0091,P071,2,287.98,507.84,-219.86,Online
S01139,2025-07-14,ST02,C0421,P052,1,348.77,64.51,284.26,Retail Store
S01140,2024-06-17,ST12,C0437,P055,2,1450.18,489.62,960.56,Retail Store
S01141,2023-07-29,ST09,C0186,P023,2,472.36,510.0,-37.64,Marketplace
S01142,2025-01-01,ST09,C0405,P049,1,647.69,236.79,410.9,Mobile App
S01143,2024-12-15,ST13,C0198,P008,2,1385.22,761.14,624.08,Online
S01144,2025-04-21,ST07,C0372,P037,1,759.23,385.8,373.43,Retail Store
S01145,2024-01-25,ST05,C0251,P014,1,83.98,86.92,-2.94,Mobile App
S01146,2024-05-15,ST15,C0269,P030,3,1774.09,924.15,849.94,Marketplace
S01147,2024-11-21,ST09,C0292,P060,2,794.56,276.5,518.06,Marketplace
S01148,2024-03-14,ST05,C0211,P081,1,204.52,42.77,161.75,Online
S01149,2023-07-02,ST12,C0046,P030,1,657.07,308.05,349.02,Mobile App
S01150,2025-06-10,ST11,C0251,P036,2,1483.54,714.18,769.36,Marketplace
S01151,2024-02-27,ST01,C0283,P003,1,606.67,112.02,494.65,Marketplace
S01152,2023-10-20,ST11,C0115,P080,4,582.26,1214.64,-632.38,Marketplace
S01153,2023-08-29,ST05,C0093,P022,3,974.01,676.98,297.03,Mobile App
S01154,2024-05-26,ST10,C0038,P081,1,182.99,42.77,140.22,Retail Store
S01155,2023-02-17,ST15,C0398,P007,1,58.64,354.8,-296.16,Mobile App
S01156,2025-07-10,ST13,C0253,P003,2,1031.34,224.04,807.3,Mobile App
S01157,2025-02-24,ST04,C0225,P025,2,1647.98,533.92,1114.06,Mobile App
S01158,2025-05-21,ST15,C0413,P001,1,706.57,318.25,388.32,Retail Store
S01159,2025-03-02,ST12,C0245,P056,1,821.95,278.46,543.49,Online
S01160,2023-04-04,ST13,C0281,P086,1,576.58,167.27,409.31,Marketplace
S01161,2023-07-14,ST05,C0054,P068,1,415.73,376.99,38.74,Marketplace
S01162,2024-05-28,ST08,C0194,P063,2,1595.06,224.94,1370.12,Mobile App
S01163,2023-07-04,ST04,C0270,P073,3,2094.31,1130.43,963.88,Marketplace
S01164,2025-01-13,ST09,C0283,P040,1,608.36,99.01,509.35,Marketplace
S01165,2023-03-24,ST02,C0260,P026,1,108.36,192.38,-84.02,Mobile App
S01166,2025-08-22,ST15,C0189,P049,1,582.92,236.79,346.13,Marketplace
S01167,2024-01-27,ST11,C0018,P085,1,807.95,218.24,589.71,Mobile App
S01168,2023-01-29,ST03,C0049,P076,5,3191.62,723.85,2467.77,Marketplace
S01169,2025-05-22,ST03,C0012,P073,1,780.23,376.81,403.42,Marketplace
S01170,2023-10-09,ST07,C0045,P069,5,3210.43,800.45,2409.98,Mobile App
S01171,2023-02-18,ST08,C0042,P002,1,541.73,197.54,344.19,Retail Store
S01172,2025-08-10,ST01,C0359,P076,1,671.92,144.77,527.15,Online
S01173,2024-11-10,ST03,C0350,P004,1,288.99,233.76,55.23,Marketplace
S01174,2025-06-23,ST15,C0261,P089,2,1332.96,454.32,878.64,Online
S01175,2023-05-23,ST01,C0331,P021,3,1307.23,1047.15,260.08,Marketplace
S01176,2024-08-23,ST07,C0158,P012,1,411.49,157.89,253.6,Retail Store
S01177,2024-12-27,ST02,C0392,P025,2,1647.98,533.92,1114.06,Marketplace
S01178,2023-03-07,ST02,C0411,P077,1,286.51,391.83,-105.32,Online
S01179,2025-02-10,ST15,C0144,P016,1,631.77,129.06,502.71,Mobile App
S01180,2024-12-22,ST03,C0178,P022,2,551.94,451.32,100.62,Mobile App
S01181,2024-10-05,ST09,C0367,P029,1,254.37,116.97,137.4,Online
S01182,2025-04-09,ST15,C0440,P024,2,1657.98,307.34,1350.64,Online
S01183,2025-04-27,ST01,C0247,P010,1,735.65,290.1,445.55,Retail Store
S01184,2024-12-12,ST08,C0171,P057,2,988.4,68.32,920.08,Retail Store
S01185,2024-07-02,ST14,C0248,P035,1,700.78,272.69,428.09,Mobile App
S01186,2023-07-31,ST13,C0082,P009,3,1212.89,849.15,363.74,Mobile App
S01187,2023-04-26,ST14,C0286,P017,2,880.82,530.12,350.7,Marketplace
S01188,2023-07-18,ST01,C0232,P073,2,1560.47,753.62,806.85,Online
S01189,2025-02-28,ST13,C0216,P019,4,409.29,1342.32,-933.03,Marketplace
S01190,2024-04-27,ST10,C0238,P054,1,261.12,278.44,-17.32,Retail Store
S01191,2023-05-29,ST15,C0265,P054,5,1175.04,1392.2,-217.16,Retail Store
S01192,2024-09-10,ST12,C0052,P070,3,282.78,434.16,-151.38,Marketplace
S01193,2024-06-12,ST03,C0432,P049,1,647.69,236.79,410.9,Online
S01194,2023-05-09,ST13,C0134,P012,3,1234.47,473.67,760.8,Retail Store
S01195,2024-07-29,ST15,C0378,P014,4,335.92,347.68,-11.76,Mobile App
S01196,2024-06-09,ST13,C0210,P017,1,466.32,265.06,201.26,Mobile App
S01197,2024-09-19,ST01,C0103,P025,3,2224.77,800.88,1423.89,Marketplace
S01198,2025-03-21,ST04,C0395,P058,2,1082.75,266.98,815.77,Mobile App
S01199,2024-01-09,ST08,C0132,P037,1,801.41,385.8,415.61,Mobile App
S01200,2023-06-05,ST11,C0265,P055,4,2900.36,979.24,1921.12,Mobile App
S01201,2025-02-03,ST08,C0081,P034,1,504.32,314.94,189.38,Retail Store
S01202,2025-07-03,ST06,C0390,P072,1,763.37,235.14,528.23,Retail Store
S01203,2023-05-12,ST11,C0273,P056,3,2219.27,835.38,1383.89,Marketplace
S01204,2025-06-03,ST02,C0009,P006,1,274.76,38.9,235.86,Mobile App
S01205,2023-11-17,ST06,C0144,P070,2,178.6,289.44,-110.84,Mobile App
S01206,2025-08-01,ST12,C0265,P081,2,430.56,85.54,345.02,Online
S01207,2024-09-23,ST08,C0207,P048,1,309.65,154.5,155.15,Retail Store
S01208,2023-02-24,ST07,C0178,P010,2,1471.3,580.2,891.1,Retail Store
S01209,2023-06-27,ST08,C0276,P041,2,139.72,66.92,72.8,Mobile App
S01210,2023-11-24,ST12,C0084,P023,3,708.54,765.0,-56.46,Mobile App
S01211,2023-08-14,ST07,C0275,P025,1,823.99,266.96,557.03,Retail Store
S01212,2024-07-08,ST04,C0394,P057,1,581.41,34.16,547.25,Mobile App
S01213,2024-04-16,ST10,C0027,P030,2,1314.14,616.1,698.04,Online
S01214,2024-02-20,ST09,C0206,P007,2,117.28,709.6,-592.32,Online
S01215,2024-08-15,ST02,C0309,P055,1,725.09,244.81,480.28,Mobile App
S01216,2025-02-17,ST11,C0320,P067,1,576.94,303.9,273.04,Retail Store
S01217,2024-08-28,ST13,C0126,P086,4,2075.69,669.08,1406.61,Online
S01218,2023-09-11,ST12,C0279,P072,2,1446.39,470.28,976.11,Online
S01219,2025-05-31,ST01,C0321,P033,1,742.23,293.6,448.63,Online
S01220,2024-01-25,ST03,C0124,P039,3,160.71,1121.55,-960.84,Retail Store
S01221,2025-06-09,ST12,C0019,P044,3,1246.31,637.8,608.51,Retail Store
S01222,2024-07-07,ST13,C0128,P013,2,514.93,155.68,359.25,Retail Store
S01223,2025-08-08,ST11,C0037,P070,1,84.34,144.72,-60.38,Retail Store
S01224,2025-01-25,ST10,C0243,P030,1,591.36,308.05,283.31,Online
S01225,2025-06-15,ST11,C0418,P036,1,780.81,357.09,423.72,Marketplace
S01226,2025-08-10,ST03,C0094,P033,1,668.01,293.6,374.41,Mobile App
S01227,2023-02-03,ST09,C0287,P033,1,705.12,293.6,411.52,Retail Store
S01228,2025-08-19,ST01,C0055,P007,4,234.56,1419.2,-1184.64,Retail Store
S01229,2023-12-27,ST02,C0385,P084,2,1603.86,781.16,822.7,Online
S01230,2024-06-03,ST08,C0021,P035,1,700.78,272.69,428.09,Retail Store
S01231,2025-05-05,ST07,C0092,P034,1,504.32,314.94,189.38,Online
S01232,2023-03-24,ST06,C0252,P023,3,602.26,765.0,-162.74,Online
S01233,2024-10-03,ST08,C0263,P034,1,532.33,314.94,217.39,Mobile App
S01234,2023-08-28,ST06,C0123,P088,1,794.72,302.14,492.58,Marketplace
S01235,2025-06-28,ST08,C0397,P070,1,84.34,144.72,-60.38,Marketplace
S01236,2024-03-12,ST15,C0082,P032,1,345.88,296.35,49.53,Marketplace
S01237,2024-02-02,ST05,C0440,P055,2,1450.18,489.62,960.56,Marketplace
S01238,2023-04-08,ST11,C0134,P085,1,807.95,218.24,589.71,Online
S01239,2024-05-26,ST02,C0160,P036,2,1405.46,714.18,691.28,Mobile App
S01240,2024-07-10,ST14,C0384,P027,1,539.39,203.1,336.29,Marketplace
S01241,2025-08-09,ST06,C0239,P062,1,306.26,91.36,214.9,Marketplace
S01242,2023-05-29,ST02,C0439,P018,3,2066.25,942.39,1123.86,Online
S01243,2025-01-13,ST12,C0117,P063,2,1515.31,224.94,1290.37,Retail Store
S01244,2025-06-09,ST13,C0226,P008,1,588.72,380.57,208.15,Retail Store
S01245,2024-09-16,ST08,C0151,P020,1,705.66,218.7,486.96,Marketplace
S01246,2025-01-20,ST14,C0434,P062,3,918.78,274.08,644.7,Marketplace
S01247,2025-04-06,ST01,C0248,P085,2,1615.9,436.48,1179.42,Retail Store
S01248,2023-01-07,ST15,C0247,P034,2,1064.66,629.88,434.78,Mobile App
S01249,2023-08-30,ST01,C0432,P041,2,139.72,66.92,72.8,Mobile App
S01250,2025-07-03,ST13,C0325,P071,3,431.97,761.76,-329.79,Online
S01251,2024-04-22,ST08,C0337,P036,1,663.69,357.09,306.6,Online
S01252,2023-04-28,ST05,C0274,P016,3,2000.61,387.18,1613.43,Marketplace
S01253,2023-06-08,ST04,C0145,P042,2,538.94,281.96,256.98,Marketplace
S01254,2023-08-08,ST08,C0220,P008,5,2943.59,1902.85,1040.74,Online
S01255,2023-03-12,ST14,C0249,P050,1,473.66,164.87,308.79,Retail Store
S01256,2023-07-08,ST10,C0201,P088,1,752.89,302.14,450.75,Marketplace
S01257,2024-10-04,ST12,C0316,P074,1,174.11,350.01,-175.9,Marketplace
S01258,2023-11-04,ST01,C0365,P031,1,107.17,286.24,-179.07,Online
S01259,2024-01-29,ST14,C0400,P042,1,269.47,140.98,128.49,Retail Store
S01260,2023-01-13,ST05,C0180,P003,1,606.67,112.02,494.65,Retail Store
S01261,2024-04-27,ST14,C0420,P049,1,582.92,236.79,346.13,Retail Store
S01262,2024-04-27,ST05,C0026,P035,1,700.78,272.69,428.09,Online
S01263,2024-09-17,ST03,C0445,P022,1,308.44,225.66,82.78,Retail Store
S01264,2023-03-13,ST14,C0408,P085,1,727.16,218.24,508.92,Marketplace
S01265,2025-08-21,ST13,C0011,P054,1,235.01,278.44,-43.43,Mobile App
S01266,2023-12-07,ST05,C0193,P006,1,290.93,38.9,252.03,Online
S01267,2023-08-08,ST09,C0270,P060,1,420.65,138.25,282.4,Marketplace
S01268,2023-03-25,ST01,C0265,P026,1,108.36,192.38,-84.02,Online
S01269,2024-07-14,ST04,C0054,P026,4,390.1,769.52,-379.42,Mobile App
S01270,2024-10-07,ST08,C0353,P068,2,785.26,753.98,31.28,Retail Store
S01271,2025-07-28,ST07,C0232,P060,2,841.3,276.5,564.8,Marketplace
S01272,2023-05-23,ST09,C0181,P086,3,1729.74,501.81,1227.93,Retail Store
S01273,2023-11-21,ST11,C0345,P027,1,634.58,203.1,431.48,Online
S01274,2024-08-28,ST09,C0251,P076,2,1276.65,289.54,987.11,Mobile App
S01275,2025-03-24,ST07,C0296,P020,1,705.66,218.7,486.96,Online
S01276,2024-08-04,ST09,C0282,P076,1,604.73,144.77,459.96,Retail Store
S01277,2023-03-11,ST10,C0105,P015,3,2373.22,418.02,1955.2,Mobile App
S01278,2023-07-12,ST05,C0118,P035,4,3297.8,1090.76,2207.04,Mobile App
S01279,2024-04-16,ST11,C0338,P035,1,824.45,272.69,551.76,Marketplace
S01280,2023-07-24,ST06,C0095,P085,1,767.55,218.24,549.31,Retail Store
S01281,2023-02-09,ST15,C0442,P066,2,351.08,188.1,162.98,Marketplace
S01282,2023-10-18,ST10,C0206,P065,2,948.74,287.28,661.46,Marketplace
S01283,2023-06-28,ST13,C0077,P087,2,1308.39,500.94,807.45,Marketplace
S01284,2023-10-13,ST01,C0222,P029,1,268.5,116.97,151.53,Retail Store
S01285,2025-08-27,ST11,C0001,P010,2,1548.74,580.2,968.54,Mobile App
S01286,2023-09-25,ST09,C0183,P028,2,1108.32,598.86,509.46,Mobile App
S01287,2024-03-12,ST09,C0166,P018,1,688.75,314.13,374.62,Retail Store
S01288,2024-06-19,ST14,C0422,P004,1,288.99,233.76,55.23,Marketplace
S01289,2023-01-01,ST09,C0044,P025,5,4119.95,1334.8,2785.15,Retail Store
S01290,2023-09-21,ST12,C0273,P074,1,156.7,350.01,-193.31,Online
S01291,2024-02-24,ST02,C0374,P026,3,292.57,577.14,-284.57,Marketplace
S01292,2024-03-07,ST04,C0318,P045,1,367.69,127.08,240.61,Online
S01293,2025-07-21,ST02,C0026,P041,2,139.72,66.92,72.8,Online
S01294,2024-02-09,ST01,C0022,P067,1,576.94,303.9,273.04,Retail Store
S01295,2023-05-06,ST06,C0306,P089,5,2832.54,1135.8,1696.74,Marketplace
S01296,2023-08-08,ST02,C0004,P026,2,184.21,384.76,-200.55,Online
S01297,2025-08-17,ST05,C0338,P039,2,112.78,747.7,-634.92,Online
S01298,2025-06-17,ST09,C0143,P031,4,504.32,1144.96,-640.64,Online
S01299,2025-05-10,ST08,C0152,P023,1,236.18,255.0,-18.82,Mobile App
S01300,2024-11-04,ST12,C0167,P084,3,2405.79,1171.74,1234.05,Mobile App
S01301,2024-04-02,ST15,C0173,P012,4,1828.84,631.56,1197.28,Mobile App
S01302,2023-11-09,ST13,C0286,P037,1,717.05,385.8,331.25,Mobile App
S01303,2025-01-26,ST08,C0268,P079,1,717.95,180.26,537.69,Retail Store
S01304,2024-08-14,ST11,C0210,P080,1,137.48,303.66,-166.18,Retail Store
S01305,2025-02-04,ST04,C0061,P017,1,440.41,265.06,175.35,Marketplace
S01306,2024-09-04,ST13,C0203,P070,3,297.66,434.16,-136.5,Retail Store
S01307,2025-08-09,ST10,C0120,P070,3,282.78,434.16,-151.38,Marketplace
S01308,2024-10-31,ST12,C0075,P042,1,242.52,140.98,101.54,Retail Store
S01309,2025-04-10,ST11,C0298,P019,8,963.04,2684.64,-1721.6,Mobile App
S01310,2025-08-06,ST01,C0147,P021,1,411.54,349.05,62.49,Online
S01311,2023-03-29,ST07,C0146,P064,2,573.44,261.08,312.36,Retail Store
S01312,2024-11-07,ST05,C0421,P055,1,688.84,244.81,444.03,Online
S01313,2025-07-24,ST08,C0328,P027,3,1903.74,609.3,1294.44,Retail Store
S01314,2023-06-11,ST01,C0026,P078,3,257.42,649.65,-392.23,Retail Store
S01315,2024-06-07,ST10,C0090,P052,2,658.78,129.02,529.76,Retail Store
S01316,2023-12-04,ST01,C0312,P029,2,537.0,233.94,303.06,Retail Store
S01317,2023-09-18,ST15,C0331,P002,1,541.73,197.54,344.19,Retail Store
S01318,2024-01-09,ST04,C0119,P050,2,1052.58,329.74,722.84,Mobile App
S01319,2025-08-03,ST07,C0417,P060,2,841.3,276.5,564.8,Online
S01320,2023-02-06,ST12,C0026,P003,4,2062.68,448.08,1614.6,Retail Store
S01321,2025-03-02,ST15,C0149,P052,1,348.77,64.51,284.26,Retail Store
S01322,2024-06-27,ST13,C0369,P079,3,2153.85,540.78,1613.07,Mobile App
S01323,2023-12-11,ST06,C0356,P072,3,2410.65,705.42,1705.23,Retail Store
S01324,2023-01-02,ST07,C0319,P067,3,1730.83,911.7,819.13,Mobile App
S01325,2023-12-03,ST02,C0125,P051,1,698.84,383.14,315.7,Mobile App
S01326,2024-12-22,ST03,C0395,P044,2,874.6,425.2,449.4,Marketplace
S01327,2024-12-10,ST10,C0054,P017,2,1036.26,530.12,506.14,Online
S01328,2025-02-24,ST12,C0039,P053,2,396.7,351.76,44.94,Mobile App
S01329,2023-11-09,ST09,C0115,P035,2,1566.45,545.38,1021.07,Mobile App
S01330,2025-03-23,ST03,C0332,P016,4,2527.09,516.24,2010.85,Online
S01331,2023-09-11,ST13,C0331,P021,3,1307.23,1047.15,260.08,Online
S01332,2024-11-29,ST11,C0245,P030,1,591.36,308.05,283.31,Online
S01333,2024-08-25,ST10,C0168,P035,2,1484.01,545.38,938.63,Online
S01334,2024-10-13,ST15,C0105,P056,1,780.85,278.46,502.39,Online
S01335,2023-08-31,ST03,C0407,P043,1,772.94,386.09,386.85,Marketplace
S01336,2024-10-10,ST14,C0135,P059,3,355.7,735.69,-379.99,Retail Store
S01337,2025-06-15,ST07,C0218,P063,2,1435.55,224.94,1210.61,Retail Store
S01338,2023-02-15,ST07,C0386,P073,2,1560.47,753.62,806.85,Mobile App
S01339,2024-04-23,ST12,C0364,P046,1,404.51,349.48,55.03,Online
S01340,2024-04-05,ST06,C0321,P082,1,680.2,136.73,543.47,Mobile App
S01341,2023-02-19,ST12,C0173,P074,2,348.22,700.02,-351.8,Marketplace
S01342,2023-01-12,ST03,C0153,P056,2,1561.7,556.92,1004.78,Online
S01343,2023-08-28,ST04,C0246,P024,1,704.64,153.67,550.97,Mobile App
S01344,2025-03-17,ST13,C0280,P069,4,2568.35,640.36,1927.99,Marketplace
S01345,2023-01-13,ST14,C0004,P010,1,774.37,290.1,484.27,Mobile App
S01346,2023-10-31,ST14,C0129,P080,1,137.48,303.66,-166.18,Online
S01347,2025-05-18,ST13,C0022,P061,1,259.89,396.5,-136.61,Retail Store
S01348,2023-04-25,ST11,C0235,P071,1,143.99,253.92,-109.93,Online
S01349,2023-09-26,ST10,C0381,P012,1,411.49,157.89,253.6,Online
S01350,2023-01-18,ST09,C0177,P066,1,175.54,94.05,81.49,Online
S01351,2025-01-10,ST03,C0267,P001,1,706.57,318.25,388.32,Marketplace
S01352,2024-08-10,ST15,C0199,P038,1,490.65,397.37,93.28,Online
S01353,2025-02-06,ST11,C0266,P068,2,923.84,753.98,169.86,Marketplace
S01354,2024-06-15,ST08,C0185,P067,3,1634.68,911.7,722.98,Marketplace
S01355,2023-06-23,ST02,C0372,P005,1,535.76,280.69,255.07,Retail Store
S01356,2025-02-21,ST10,C0126,P033,3,2226.69,880.8,1345.89,Retail Store
S01357,2023-01-24,ST07,C0262,P084,1,681.64,390.58,291.06,Marketplace
S01358,2023-07-23,ST14,C0171,P061,2,577.54,793.0,-215.46,Mobile App
S01359,2024-01-08,ST05,C0216,P039,2,112.78,747.7,-634.92,Retail Store
S01360,2025-01-18,ST03,C0255,P064,4,1146.88,522.16,624.72,Marketplace
S01361,2025-01-16,ST01,C0263,P085,1,807.95,218.24,589.71,Online
S01362,2024-12-19,ST04,C0378,P059,1,118.57,245.23,-126.66,Retail Store
S01363,2023-02-08,ST10,C0399,P075,1,432.25,89.53,342.72,Mobile App
S01364,2024-05-14,ST08,C0246,P029,2,537.0,233.94,303.06,Marketplace
S01365,2025-06-09,ST04,C0320,P050,1,526.29,164.87,361.42,Mobile App
S01366,2024-06-13,ST02,C0420,P044,1,437.3,212.6,224.7,Mobile App
S01367,2024-01-24,ST04,C0366,P069,2,1284.17,320.18,963.99,Mobile App
S01368,2025-07-11,ST09,C0432,P077,2,515.72,783.66,-267.94,Retail Store
S01369,2024-09-03,ST14,C0192,P008,1,657.98,380.57,277.41,Online
S01370,2024-11-05,ST09,C0037,P047,1,602.67,118.67,484.0,Marketplace
S01371,2023-01-21,ST10,C0266,P084,1,801.93,390.58,411.35,Mobile App
S01372,2024-03-08,ST08,C0009,P045,1,367.69,127.08,240.61,Mobile App
S01373,2024-06-09,ST10,C0298,P030,2,1248.43,616.1,632.33,Retail Store
S01374,2023-05-28,ST09,C0052,P078,4,403.8,866.2,-462.4,Mobile App
S01375,2023-11-10,ST12,C0375,P079,3,1830.77,540.78,1289.99,Online
S01376,2024-08-14,ST14,C0023,P043,1,772.94,386.09,386.85,Marketplace
S01377,2023-11-25,ST15,C0080,P046,1,404.51,349.48,55.03,Marketplace
S01378,2025-08-02,ST15,C0019,P074,2,330.81,700.02,-369.21,Marketplace
S01379,2024-01-07,ST12,C0003,P029,2,508.73,233.94,274.79,Marketplace
S01380,2024-11-04,ST02,C0287,P063,3,2392.59,337.41,2055.18,Retail Store
S01381,2024-11-21,ST06,C0021,P032,1,311.29,296.35,14.94,Mobile App
S01382,2023-07-21,ST01,C0052,P035,2,1648.9,545.38,1103.52,Online
S01383,2023-07-18,ST10,C0212,P013,2,514.93,155.68,359.25,Marketplace
S01384,2023-08-19,ST15,C0040,P020,1,742.8,218.7,524.1,Online
S01385,2024-12-02,ST15,C0273,P026,2,216.72,384.76,-168.04,Marketplace
S01386,2023-05-09,ST05,C0044,P047,3,2127.06,356.01,1771.05,Mobile App
S01387,2023-02-23,ST10,C0076,P028,2,1052.9,598.86,454.04,Online
S01388,2023-07-04,ST03,C0318,P082,1,608.6,136.73,471.87,Mobile App
S01389,2025-08-16,ST05,C0218,P002,1,541.73,197.54,344.19,Online
S01390,2023-10-19,ST05,C0280,P030,4,2496.87,1232.2,1264.67,Online
S01391,2025-04-07,ST12,C0231,P039,1,47.93,373.85,-325.92,Mobile App
S01392,2024-05-04,ST08,C0309,P014,1,98.8,86.92,11.88,Mobile App
S01393,2024-05-08,ST09,C0056,P058,2,1082.75,266.98,815.77,Online
S01394,2023-02-21,ST04,C0190,P067,2,1282.1,607.8,674.3,Online
S01395,2025-01-17,ST13,C0392,P026,2,216.72,384.76,-168.04,Mobile App
S01396,2024-02-25,ST02,C0081,P016,2,1333.74,258.12,1075.62,Mobile App
S01397,2023-02-11,ST15,C0272,P082,2,1288.8,273.46,1015.34,Marketplace
S01398,2024-12-01,ST08,C0269,P006,4,1228.35,155.6,1072.75,Marketplace
S01399,2024-08-11,ST01,C0135,P063,1,677.9,112.47,565.43,Retail Store
S01400,2024-04-14,ST02,C0195,P087,1,731.16,250.47,480.69,Online
S01401,2025-07-31,ST13,C0432,P041,1,62.87,33.46,29.41,Online
S01402,2024-08-03,ST09,C0013,P009,3,1347.66,849.15,498.51,Online
S01403,2023-02-09,ST14,C0328,P024,1,828.99,153.67,675.32,Retail Store
S01404,2024-10-23,ST01,C0171,P016,3,1790.02,387.18,1402.84,Online
S01405,2023-04-25,ST11,C0349,P038,2,834.1,794.74,39.36,Marketplace
S01406,2024-11-11,ST11,C0046,P083,3,1589.55,500.91,1088.64,Mobile App
S01407,2023-04-01,ST04,C0210,P011,4,2930.67,1012.88,1917.79,Mobile App
S01408,2025-03-27,ST09,C0248,P045,1,347.26,127.08,220.18,Mobile App
S01409,2025-03-11,ST06,C0145,P012,1,411.49,157.89,253.6,Mobile App
S01410,2024-09-04,ST06,C0124,P062,1,290.95,91.36,199.59,Marketplace
S01411,2025-08-10,ST11,C0330,P068,2,877.65,753.98,123.67,Marketplace
S01412,2025-04-22,ST13,C0246,P050,1,526.29,164.87,361.42,Marketplace
S01413,2023-03-18,ST15,C0156,P029,1,268.5,116.97,151.53,Marketplace
S01414,2023-07-14,ST09,C0289,P059,4,502.16,980.92,-478.76,Online
S01415,2025-04-13,ST13,C0043,P026,1,108.36,192.38,-84.02,Marketplace
S01416,2023-05-22,ST15,C0230,P045,4,1552.45,508.32,1044.13,Online
S01417,2024-01-15,ST12,C0333,P008,2,1315.96,761.14,554.82,Mobile App
S01418,2023-04-08,ST14,C0239,P026,1,108.36,192.38,-84.02,Marketplace
S01419,2023-11-23,ST14,C0441,P035,1,742.01,272.69,469.32,Retail Store
S01420,2023-09-26,ST05,C0039,P028,1,554.16,299.43,254.73,Marketplace
S01421,2023-11-26,ST14,C0078,P073,3,2217.51,1130.43,1087.08,Retail Store
S01422,2023-02-15,ST03,C0339,P073,1,698.1,376.81,321.29,Online
S01423,2023-06-08,ST15,C0339,P088,3,2258.68,906.42,1352.26,Online
S01424,2024-01-24,ST11,C0227,P005,1,535.76,280.69,255.07,Retail Store
S01425,2023-07-01,ST06,C0226,P034,4,2017.26,1259.76,757.5,Retail Store
S01426,2023-04-27,ST08,C0328,P073,2,1560.47,753.62,806.85,Retail Store
S01427,2024-07-31,ST02,C0437,P034,2,1008.63,629.88,378.75,Mobile App
S01428,2024-01-28,ST02,C0016,P042,2,538.94,281.96,256.98,Mobile App
S01429,2023-10-15,ST13,C0183,P077,1,243.53,391.83,-148.3,Online
S01430,2024-03-18,ST09,C0442,P010,1,735.65,290.1,445.55,Marketplace
S01431,2024-10-27,ST10,C0038,P089,1,599.83,227.16,372.67,Mobile App
S01432,2025-08-19,ST05,C0206,P012,4,1737.4,631.56,1105.84,Marketplace
S01433,2023-05-23,ST14,C0168,P069,1,606.42,160.09,446.33,Mobile App
S01434,2023-11-02,ST10,C0101,P033,2,1336.01,587.2,748.81,Marketplace
S01435,2024-08-07,ST02,C0442,P021,1,484.16,349.05,135.11,Marketplace
S01436,2024-04-02,ST13,C0284,P034,1,532.33,314.94,217.39,Mobile App
S01437,2023-01-07,ST09,C0023,P022,1,308.44,225.66,82.78,Retail Store
S01438,2024-04-09,ST10,C0411,P030,1,624.22,308.05,316.17,Retail Store
S01439,2023-09-23,ST05,C0007,P078,2,181.71,433.1,-251.39,Marketplace
S01440,2024-11-22,ST07,C0262,P016,1,631.77,129.06,502.71,Online
S01441,2023-10-16,ST06,C0268,P001,2,1271.83,636.5,635.33,Online
S01442,2024-12-07,ST04,C0092,P049,1,550.54,236.79,313.75,Online
S01443,2025-07-21,ST06,C0045,P035,1,824.45,272.69,551.76,Online
S01444,2023-02-25,ST01,C0344,P037,1,843.59,385.8,457.79,Marketplace
S01445,2024-06-01,ST11,C0311,P036,2,1405.46,714.18,691.28,Retail Store
S01446,2025-05-17,ST12,C0327,P027,4,2284.49,812.4,1472.09,Mobile App
S01447,2025-01-21,ST06,C0066,P010,2,1471.3,580.2,891.1,Retail Store
S01448,2025-06-12,ST15,C0302,P067,1,609.0,303.9,305.1,Retail Store
S01449,2025-05-21,ST02,C0449,P067,1,576.94,303.9,273.04,Mobile App
S01450,2023-03-19,ST12,C0246,P071,2,259.18,507.84,-248.66,Online
S01451,2024-12-31,ST11,C0244,P077,1,243.53,391.83,-148.3,Marketplace
S01452,2023-10-09,ST08,C0053,P041,4,237.52,133.84,103.68,Online
S01453,2024-12-26,ST06,C0331,P072,1,803.55,235.14,568.41,Mobile App
S01454,2025-03-11,ST08,C0349,P019,1,114.36,335.58,-221.22,Marketplace
S01455,2024-07-10,ST13,C0144,P002,2,1026.43,395.08,631.35,Mobile App
S01456,2024-12-10,ST11,C0047,P058,1,573.22,133.49,439.73,Online
S01457,2024-07-15,ST08,C0226,P082,1,716.0,136.73,579.27,Mobile App
S01458,2024-02-14,ST09,C0390,P059,2,251.08,490.46,-239.38,Online
S01459,2025-02-10,ST04,C0346,P073,1,821.3,376.81,444.49,Marketplace
S01460,2025-02-21,ST13,C0419,P001,2,1201.17,636.5,564.67,Retail Store
S01461,2025-08-28,ST01,C0091,P079,1,610.26,180.26,430.0,Online
S01462,2023-05-09,ST10,C0087,P065,1,474.37,143.64,330.73,Online
S01463,2024-02-01,ST13,C0161,P048,1,344.06,154.5,189.56,Online
S01464,2023-08-30,ST08,C0258,P043,2,1314.0,772.18,541.82,Marketplace
S01465,2024-11-15,ST03,C0381,P002,2,1140.48,395.08,745.4,Retail Store
S01466,2024-07-14,ST05,C0325,P019,2,228.72,671.16,-442.44,Marketplace
S01467,2025-06-16,ST12,C0053,P040,1,608.36,99.01,509.35,Retail Store
S01468,2023-12-20,ST07,C0195,P085,1,686.76,218.24,468.52,Mobile App
S01469,2025-08-07,ST05,C0292,P044,1,371.7,212.6,159.1,Online
S01470,2023-05-15,ST05,C0245,P004,1,339.99,233.76,106.23,Online
S01471,2024-01-09,ST14,C0301,P075,1,508.53,89.53,419.0,Mobile App
S01472,2024-12-20,ST05,C0182,P088,2,1673.1,604.28,1068.82,Online
S01473,2023-10-21,ST08,C0299,P066,2,333.53,188.1,145.43,Online
S01474,2023-05-07,ST07,C0248,P033,3,2226.69,880.8,1345.89,Marketplace
S01475,2024-04-18,ST15,C0037,P013,5,1363.05,389.2,973.85,Retail Store
S01476,2024-06-24,ST07,C0315,P031,1,126.08,286.24,-160.16,Online
S01477,2024-03-12,ST03,C0303,P067,1,641.05,303.9,337.15,Marketplace
S01478,2023-07-30,ST03,C0374,P055,1,725.09,244.81,480.28,Mobile App
S01479,2024-01-13,ST06,C0196,P010,1,696.93,290.1,406.83,Marketplace
S01480,2024-01-26,ST15,C0261,P026,1,97.52,192.38,-94.86,Retail Store
S01481,2023-11-18,ST02,C0224,P042,1,269.47,140.98,128.49,Marketplace
S01482,2025-03-01,ST08,C0064,P022,1,308.44,225.66,82.78,Marketplace
S01483,2024-01-18,ST10,C0219,P024,4,3315.96,614.68,2701.28,Online
S01484,2023-02-10,ST09,C0398,P029,2,565.26,233.94,331.32,Online
S01485,2024-01-21,ST05,C0076,P009,1,404.3,283.05,121.25,Marketplace
S01486,2024-02-27,ST08,C0429,P049,1,582.92,236.79,346.13,Online
S01487,2023-01-09,ST14,C0295,P057,2,988.4,68.32,920.08,Retail Store
S01488,2023-02-12,ST15,C0341,P001,1,600.58,318.25,282.33,Mobile App
S01489,2024-12-12,ST09,C0108,P083,1,503.36,166.97,336.39,Mobile App
S01490,2025-05-13,ST12,C0189,P016,2,1193.35,258.12,935.23,Marketplace
S01491,2023-03-27,ST13,C0420,P077,2,487.07,783.66,-296.59,Retail Store
S01492,2024-09-08,ST03,C0435,P027,1,634.58,203.1,431.48,Retail Store
S01493,2023-09-16,ST10,C0146,P022,1,308.44,225.66,82.78,Mobile App
S01494,2023-01-08,ST03,C0345,P025,4,2801.57,1067.84,1733.73,Retail Store
S01495,2024-06-14,ST06,C0079,P025,1,823.99,266.96,557.03,Marketplace
S01496,2023-04-28,ST05,C0160,P014,1,98.8,86.92,11.88,Retail Store
S01497,2025-04-16,ST15,C0037,P045,1,388.11,127.08,261.03,Mobile App
S01498,2024-07-24,ST03,C0377,P086,1,518.92,167.27,351.65,Marketplace
S01499,2024-07-30,ST13,C0401,P067,1,641.05,303.9,337.15,Mobile App
S01500,2025-08-19,ST05,C0432,P008,1,623.35,380.57,242.78,Marketplace
S01501,2023-02-27,ST05,C0029,P046,2,856.62,698.96,157.66,Online
S01502,2024-12-21,ST12,C0090,P066,3,447.63,282.15,165.48,Online
S01503,2024-09-13,ST07,C0087,P030,2,1182.73,616.1,566.63,Retail Store
S01504,2023-05-20,ST07,C0194,P071,1,143.99,253.92,-109.93,Retail Store
S01505,2023-05-12,ST11,C0082,P046,2,856.62,698.96,157.66,Retail Store
S01506,2024-08-14,ST07,C0227,P057,1,523.27,34.16,489.11,Mobile App
S01507,2023-11-26,ST03,C0200,P056,4,3287.8,1113.84,2173.96,Online
S01508,2024-10-31,ST12,C0211,P044,2,787.14,425.2,361.94,Retail Store
S01509,2025-01-16,ST05,C0136,P073,2,1478.34,753.62,724.72,Marketplace
S01510,2024-03-23,ST06,C0298,P070,1,94.26,144.72,-50.46,Retail Store
S01511,2023-12-28,ST15,C0131,P007,4,211.1,1419.2,-1208.1,Marketplace
S01512,2024-03-30,ST03,C0210,P020,2,1411.32,437.4,973.92,Marketplace
S01513,2024-08-04,ST08,C0316,P068,1,415.73,376.99,38.74,Retail Store
S01514,2023-08-14,ST11,C0193,P082,1,608.6,136.73,471.87,Online
S01515,2023-04-20,ST09,C0208,P073,5,3490.53,1884.05,1606.48,Retail Store
S01516,2024-09-23,ST09,C0073,P073,1,821.3,376.81,444.49,Retail Store
S01517,2023-07-01,ST14,C0231,P065,4,2108.32,574.56,1533.76,Marketplace
S01518,2024-01-17,ST11,C0204,P081,1,182.99,42.77,140.22,Online
S01519,2023-02-18,ST07,C0179,P015,1,791.07,139.34,651.73,Marketplace
S01520,2024-11-28,ST03,C0011,P071,2,287.98,507.84,-219.86,Marketplace
S01521,2024-02-23,ST08,C0144,P030,1,657.07,308.05,349.02,Mobile App
S01522,2023-05-10,ST12,C0059,P085,3,2423.85,654.72,1769.13,Online
S01523,2025-07-29,ST02,C0125,P051,1,739.95,383.14,356.81,Marketplace
S01524,2023-12-06,ST15,C0093,P056,3,2219.27,835.38,1383.89,Retail Store
S01525,2025-03-03,ST04,C0267,P013,1,287.75,77.84,209.91,Marketplace
S01526,2024-04-24,ST02,C0142,P072,2,1446.39,470.28,976.11,Retail Store
S01527,2023-10-15,ST01,C0247,P069,1,713.43,160.09,553.34,Mobile App
S01528,2023-11-09,ST14,C0005,P047,1,638.12,118.67,519.45,Mobile App
S01529,2025-02-28,ST05,C0003,P072,1,723.19,235.14,488.05,Mobile App
S01530,2025-08-12,ST06,C0169,P061,3,822.99,1189.5,-366.51,Online
S01531,2024-07-28,ST07,C0357,P049,4,2331.68,947.16,1384.52,Marketplace
S01532,2023-05-14,ST02,C0357,P033,2,1410.24,587.2,823.04,Mobile App
S01533,2023-11-07,ST13,C0008,P059,2,237.13,490.46,-253.33,Retail Store
S01534,2024-12-27,ST14,C0027,P080,1,145.57,303.66,-158.09,Mobile App
S01535,2025-07-25,ST02,C0326,P045,3,1103.06,381.24,721.82,Mobile App
S01536,2023-10-01,ST15,C0108,P086,1,490.09,167.27,322.82,Retail Store
S01537,2023-10-05,ST01,C0356,P068,5,2194.12,1884.95,309.17,Retail Store
S01538,2023-11-17,ST06,C0304,P002,1,513.22,197.54,315.68,Online
S01539,2024-05-14,ST14,C0409,P087,1,654.19,250.47,403.72,Mobile App
S01540,2023-05-01,ST06,C0365,P034,2,1120.7,629.88,490.82,Online
S01541,2023-01-16,ST13,C0081,P084,3,2405.79,1171.74,1234.05,Marketplace
S01542,2024-06-29,ST05,C0268,P085,1,807.95,218.24,589.71,Mobile App
S01543,2024-11-29,ST07,C0334,P012,4,1645.96,631.56,1014.4,Retail Store
S01544,2024-08-02,ST06,C0429,P063,1,677.9,112.47,565.43,Marketplace
S01545,2023-12-05,ST02,C0438,P025,1,823.99,266.96,557.03,Marketplace
S01546,2023-12-07,ST12,C0103,P036,2,1327.38,714.18,613.2,Marketplace
S01547,2023-07-25,ST11,C0055,P024,4,2818.57,614.68,2203.89,Marketplace
S01548,2025-05-12,ST01,C0135,P049,1,647.69,236.79,410.9,Online
S01549,2025-04-02,ST12,C0240,P019,1,120.38,335.58,-215.2,Marketplace
S01550,2025-01-11,ST13,C0192,P082,1,716.0,136.73,579.27,Mobile App
S01551,2024-01-23,ST14,C0049,P019,1,114.36,335.58,-221.22,Mobile App
S01552,2024-01-31,ST09,C0226,P037,3,2530.77,1157.4,1373.37,Marketplace
S01553,2025-04-23,ST12,C0304,P068,3,1247.18,1130.97,116.21,Mobile App
S01554,2024-08-03,ST01,C0076,P045,1,347.26,127.08,220.18,Marketplace
S01555,2024-10-29,ST08,C0019,P023,3,637.69,765.0,-127.31,Marketplace
S01556,2023-05-26,ST05,C0405,P074,1,174.11,350.01,-175.9,Retail Store
S01557,2024-04-25,ST01,C0016,P058,1,636.91,133.49,503.42,Retail Store
S01558,2024-04-26,ST09,C0404,P070,1,84.34,144.72,-60.38,Mobile App
S01559,2023-11-03,ST13,C0361,P060,2,888.04,276.5,611.54,Marketplace
S01560,2024-02-01,ST03,C0204,P072,2,1607.1,470.28,1136.82,Retail Store
S01561,2023-01-12,ST14,C0056,P068,5,2078.64,1884.95,193.69,Online
S01562,2025-08-01,ST03,C0020,P051,1,822.17,383.14,439.03,Marketplace
S01563,2024-02-02,ST07,C0282,P017,2,880.82,530.12,350.7,Marketplace
S01564,2025-02-27,ST14,C0132,P007,1,55.71,354.8,-299.09,Retail Store
S01565,2025-03-28,ST10,C0341,P078,2,171.62,433.1,-261.48,Marketplace
S01566,2023-10-29,ST13,C0429,P045,1,367.69,127.08,240.61,Retail Store
S01567,2024-02-16,ST15,C0060,P056,3,2095.97,835.38,1260.59,Mobile App
S01568,2024-03-11,ST09,C0194,P013,3,772.39,233.52,538.87,Marketplace
S01569,2023-10-16,ST05,C0025,P023,2,472.36,510.0,-37.64,Marketplace
S01570,2025-04-20,ST13,C0264,P066,1,175.54,94.05,81.49,Mobile App
S01571,2023-05-31,ST05,C0049,P068,1,461.92,376.99,84.93,Retail Store
S01572,2024-02-15,ST09,C0356,P069,1,713.43,160.09,553.34,Marketplace
S01573,2025-06-15,ST12,C0073,P042,3,767.99,422.94,345.05,Marketplace
S01574,2023-01-16,ST15,C0337,P046,2,856.62,698.96,157.66,Retail Store
S01575,2023-07-11,ST11,C0282,P057,4,2325.64,136.64,2189.0,Online
S01576,2025-02-17,ST05,C0383,P073,1,780.23,376.81,403.42,Retail Store
S01577,2023-03-03,ST05,C0368,P082,1,608.6,136.73,471.87,Marketplace
S01578,2024-05-05,ST01,C0140,P028,4,2105.81,1197.72,908.09,Marketplace
S01579,2023-01-27,ST10,C0239,P009,3,1145.51,849.15,296.36,Mobile App
S01580,2023-12-31,ST12,C0176,P059,2,278.98,490.46,-211.48,Mobile App
S01581,2023-07-13,ST05,C0103,P052,1,387.52,64.51,323.01,Retail Store
S01582,2023-01-05,ST01,C0092,P048,3,877.35,463.5,413.85,Online
S01583,2024-03-05,ST15,C0443,P047,1,602.67,118.67,484.0,Retail Store
S01584,2024-10-23,ST15,C0068,P083,1,450.37,166.97,283.4,Online
S01585,2024-09-09,ST13,C0045,P043,3,2086.94,1158.27,928.67,Online
S01586,2023-03-29,ST14,C0043,P069,1,642.09,160.09,482.0,Marketplace
S01587,2024-04-28,ST03,C0430,P084,1,721.74,390.58,331.16,Marketplace
S01588,2023-04-02,ST14,C0399,P052,1,368.14,64.51,303.63,Retail Store
S01589,2024-02-16,ST14,C0428,P001,1,706.57,318.25,388.32,Retail Store
S01590,2023-12-04,ST04,C0260,P018,1,654.31,314.13,340.18,Mobile App
S01591,2024-03-04,ST01,C0085,P080,1,145.57,303.66,-158.09,Online
S01592,2023-03-02,ST09,C0012,P009,1,449.22,283.05,166.17,Marketplace
S01593,2023-05-06,ST09,C0378,P003,2,1031.34,224.04,807.3,Retail Store
S01594,2023-09-06,ST08,C0107,P044,3,1180.71,637.8,542.91,Mobile App
S01595,2023-03-15,ST14,C0313,P009,1,404.3,283.05,121.25,Mobile App
S01596,2023-08-27,ST05,C0277,P020,1,705.66,218.7,486.96,Mobile App
S01597,2023-11-14,ST07,C0032,P037,5,4007.05,1929.0,2078.05,Marketplace
S01598,2024-03-06,ST09,C0224,P060,1,397.28,138.25,259.03,Marketplace
S01599,2023-09-16,ST10,C0443,P076,2,1343.84,289.54,1054.3,Online
S01600,2024-11-21,ST04,C0373,P019,1,102.32,335.58,-233.26,Mobile App
S01601,2025-07-31,ST10,C0059,P072,1,763.37,235.14,528.23,Retail Store
S01602,2024-12-13,ST02,C0005,P003,1,576.34,112.02,464.32,Marketplace
S01603,2023-12-22,ST04,C0414,P077,2,544.37,783.66,-239.29,Mobile App
S01604,2023-04-05,ST09,C0301,P011,2,1311.09,506.44,804.65,Online
S01605,2025-02-28,ST15,C0022,P023,1,200.75,255.0,-54.25,Online
S01606,2024-11-06,ST06,C0390,P055,2,1232.65,489.62,743.03,Mobile App
S01607,2025-08-18,ST04,C0087,P041,3,188.62,100.38,88.24,Marketplace
S01608,2024-03-30,ST12,C0209,P023,1,224.37,255.0,-30.63,Online
S01609,2023-02-22,ST12,C0441,P058,3,1719.66,400.47,1319.19,Retail Store
S01610,2024-12-04,ST12,C0234,P041,2,118.76,66.92,51.84,Online
S01611,2023-04-30,ST01,C0357,P064,2,573.44,261.08,312.36,Marketplace
S01612,2025-06-27,ST07,C0446,P018,3,2066.25,942.39,1123.86,Retail Store
S01613,2023-03-19,ST09,C0259,P060,2,934.78,276.5,658.28,Online
S01614,2024-09-17,ST02,C0381,P087,1,731.16,250.47,480.69,Mobile App
S01615,2024-05-25,ST14,C0231,P072,1,683.02,235.14,447.88,Mobile App
S01616,2024-07-14,ST10,C0200,P060,1,467.39,138.25,329.14,Online
S01617,2024-01-23,ST08,C0379,P043,1,772.94,386.09,386.85,Marketplace
S01618,2025-07-27,ST15,C0145,P007,1,55.71,354.8,-299.09,Retail Store
S01619,2025-06-30,ST06,C0070,P080,1,161.74,303.66,-141.92,Online
S01620,2025-04-04,ST04,C0021,P068,1,392.63,376.99,15.64,Retail Store
S01621,2024-01-29,ST09,C0288,P073,1,821.3,376.81,444.49,Online
S01622,2023-07-29,ST04,C0331,P044,1,415.44,212.6,202.84,Online
S01623,2023-11-18,ST15,C0158,P032,2,588.0,592.7,-4.7,Mobile App
S01624,2025-05-11,ST11,C0385,P057,1,581.41,34.16,547.25,Online
S01625,2024-06-22,ST10,C0155,P034,2,1008.63,629.88,378.75,Marketplace
S01626,2023-07-09,ST11,C0255,P070,1,99.22,144.72,-45.5,Marketplace
S01627,2023-11-10,ST07,C0184,P066,3,500.29,282.15,218.14,Mobile App
S01628,2024-08-13,ST12,C0184,P002,1,570.24,197.54,372.7,Mobile App
S01629,2023-09-14,ST05,C0005,P031,4,479.1,1144.96,-665.86,Online
S01630,2024-10-14,ST05,C0421,P084,2,1603.86,781.16,822.7,Mobile App
S01631,2024-03-23,ST13,C0136,P054,1,248.06,278.44,-30.38,Online
S01632,2024-06-16,ST04,C0021,P021,3,1234.61,1047.15,187.46,Mobile App
S01633,2023-01-07,ST06,C0022,P072,1,803.55,235.14,568.41,Online
S01634,2024-10-30,ST15,C0334,P014,3,251.94,260.76,-8.82,Mobile App
S01635,2023-02-17,ST13,C0125,P038,1,441.58,397.37,44.21,Online
S01636,2023-06-30,ST11,C0218,P082,1,716.0,136.73,579.27,Mobile App
S01637,2023-08-25,ST05,C0290,P084,4,3047.33,1562.32,1485.01,Online
S01638,2024-12-26,ST14,C0398,P069,3,2033.28,480.27,1553.01,Online
S01639,2024-04-10,ST10,C0152,P012,6,2606.1,947.34,1658.76,Marketplace
S01640,2024-04-06,ST10,C0387,P087,1,731.16,250.47,480.69,Marketplace
S01641,2024-12-12,ST07,C0253,P051,2,1644.34,766.28,878.06,Online
S01642,2024-06-11,ST01,C0145,P037,1,843.59,385.8,457.79,Retail Store
S01643,2023-08-26,ST03,C0100,P037,1,843.59,385.8,457.79,Mobile App
S01644,2023-01-06,ST09,C0270,P035,1,824.45,272.69,551.76,Online
S01645,2024-09-17,ST02,C0085,P062,1,275.63,91.36,184.27,Marketplace
S01646,2024-07-02,ST05,C0160,P072,3,2410.65,705.42,1705.23,Mobile App
S01647,2023-06-09,ST07,C0188,P007,2,99.69,709.6,-609.91,Online
S01648,2024-08-10,ST12,C0201,P072,1,803.55,235.14,568.41,Marketplace
S01649,2024-02-25,ST06,C0274,P033,3,2226.69,880.8,1345.89,Marketplace
S01650,2023-08-24,ST06,C0394,P059,2,265.03,490.46,-225.43,Mobile App
S01651,2023-07-04,ST12,C0082,P019,1,102.32,335.58,-233.26,Online
S01652,2025-03-06,ST05,C0088,P073,1,739.17,376.81,362.36,Online
S01653,2024-11-02,ST11,C0324,P082,1,716.0,136.73,579.27,Retail Store
S01654,2024-08-10,ST08,C0082,P060,1,444.02,138.25,305.77,Mobile App
S01655,2024-04-11,ST09,C0192,P018,1,585.44,314.13,271.31,Online
S01656,2025-02-03,ST03,C0159,P076,2,1276.65,289.54,987.11,Marketplace
S01657,2023-05-10,ST04,C0394,P024,1,746.09,153.67,592.42,Mobile App
S01658,2024-07-04,ST02,C0353,P014,3,296.4,260.76,35.64,Online
S01659,2025-04-17,ST10,C0127,P014,2,187.72,173.84,13.88,Retail Store
S01660,2023-10-09,ST08,C0206,P014,1,98.8,86.92,11.88,Marketplace
S01661,2023-02-08,ST14,C0342,P034,2,952.6,629.88,322.72,Marketplace
S01662,2025-04-25,ST03,C0448,P056,1,821.95,278.46,543.49,Retail Store
S01663,2025-06-15,ST06,C0049,P023,1,224.37,255.0,-30.63,Mobile App
S01664,2023-11-10,ST09,C0125,P017,1,440.41,265.06,175.35,Online
S01665,2025-01-12,ST11,C0137,P083,2,953.73,333.94,619.79,Mobile App
S01666,2025-03-04,ST14,C0139,P070,1,99.22,144.72,-45.5,Marketplace
S01667,2025-06-28,ST03,C0002,P036,1,702.73,357.09,345.64,Retail Store
S01668,2025-05-21,ST03,C0326,P049,2,1295.38,473.58,821.8,Online
S01669,2024-03-23,ST06,C0226,P022,1,324.67,225.66,99.01,Mobile App
S01670,2024-08-23,ST06,C0320,P072,2,1526.74,470.28,1056.46,Online
S01671,2024-07-31,ST05,C0028,P028,1,526.45,299.43,227.02,Retail Store
S01672,2023-07-01,ST05,C0083,P033,2,1336.01,587.2,748.81,Marketplace
S01673,2023-06-10,ST02,C0246,P027,3,1903.74,609.3,1294.44,Marketplace
S01674,2024-04-05,ST02,C0410,P035,1,824.45,272.69,551.76,Mobile App
S01675,2023-08-19,ST07,C0187,P076,2,1142.26,289.54,852.72,Retail Store
S01676,2025-06-26,ST02,C0033,P077,1,286.51,391.83,-105.32,Online
S01677,2023-06-05,ST10,C0040,P075,3,1373.03,268.59,1104.44,Mobile App
S01678,2024-12-02,ST10,C0220,P019,2,228.72,671.16,-442.44,Retail Store
S01679,2025-04-24,ST02,C0397,P010,1,696.93,290.1,406.83,Online
S01680,2024-09-26,ST05,C0416,P027,3,1713.37,609.3,1104.07,Marketplace
S01681,2023-02-15,ST09,C0120,P003,1,606.67,112.02,494.65,Retail Store
S01682,2023-08-20,ST14,C0121,P016,2,1403.94,258.12,1145.82,Marketplace
S01683,2023-06-27,ST08,C0268,P014,1,98.8,86.92,11.88,Retail Store
S01684,2024-07-13,ST13,C0213,P030,1,657.07,308.05,349.02,Retail Store
S01685,2023-09-02,ST05,C0364,P029,1,254.37,116.97,137.4,Online
S01686,2025-08-22,ST14,C0395,P014,1,83.98,86.92,-2.94,Retail Store
S01687,2023-03-05,ST03,C0362,P029,1,240.24,116.97,123.27,Marketplace
S01688,2024-08-23,ST08,C0058,P081,1,215.28,42.77,172.51,Mobile App
S01689,2023-08-10,ST07,C0018,P050,1,473.66,164.87,308.79,Retail Store
S01690,2025-02-15,ST14,C0273,P036,3,1991.07,1071.27,919.8,Retail Store
S01691,2024-05-17,ST04,C0361,P047,1,709.02,118.67,590.35,Retail Store
S01692,2023-10-13,ST12,C0016,P014,1,88.92,86.92,2.0,Online
S01693,2023-07-26,ST15,C0186,P087,2,1462.32,500.94,961.38,Online
S01694,2023-10-16,ST01,C0417,P010,2,1393.87,580.2,813.67,Online
S01695,2024-10-04,ST09,C0083,P011,4,2622.18,1012.88,1609.3,Retail Store
S01696,2024-08-11,ST10,C0387,P053,2,418.74,351.76,66.98,Retail Store
S01697,2024-05-26,ST07,C0293,P033,2,1484.46,587.2,897.26,Marketplace
S01698,2025-05-15,ST12,C0406,P043,2,1545.88,772.18,773.7,Online
S01699,2023-01-09,ST04,C0004,P080,1,161.74,303.66,-141.92,Retail Store
S01700,2024-10-16,ST01,C0216,P071,1,122.39,253.92,-131.53,Retail Store
S01701,2023-11-19,ST02,C0334,P075,1,457.68,89.53,368.15,Marketplace
S01702,2023-11-09,ST06,C0222,P050,1,526.29,164.87,361.42,Mobile App
S01703,2023-03-23,ST05,C0073,P052,1,368.14,64.51,303.63,Mobile App
S01704,2025-03-30,ST09,C0101,P044,1,437.3,212.6,224.7,Retail Store
S01705,2024-11-02,ST05,C0019,P079,2,1435.9,360.52,1075.38,Mobile App
S01706,2023-05-04,ST09,C0162,P051,2,1562.12,766.28,795.84,Retail Store
S01707,2024-01-14,ST14,C0243,P032,1,294.0,296.35,-2.35,Marketplace
S01708,2025-06-09,ST06,C0251,P021,3,1379.86,1047.15,332.71,Mobile App
S01709,2024-03-06,ST02,C0426,P068,1,438.82,376.99,61.83,Online
S01710,2024-02-29,ST04,C0075,P001,1,671.24,318.25,352.99,Mobile App
S01711,2024-11-02,ST10,C0429,P078,2,171.62,433.1,-261.48,Online
S01712,2024-08-28,ST13,C0140,P063,1,717.78,112.47,605.31,Marketplace
S01713,2023-07-16,ST02,C0342,P022,1,292.2,225.66,66.54,Marketplace
S01714,2025-07-22,ST06,C0163,P069,1,677.76,160.09,517.67,Marketplace
S01715,2023-05-01,ST06,C0003,P054,1,221.95,278.44,-56.49,Marketplace
S01716,2023-01-04,ST02,C0315,P071,1,129.59,253.92,-124.33,Marketplace
S01717,2025-03-20,ST10,C0444,P028,1,554.16,299.43,254.73,Online
S01718,2025-02-06,ST05,C0200,P078,2,201.9,433.1,-231.2,Online
S01719,2025-08-16,ST05,C0261,P013,3,772.39,233.52,538.87,Mobile App
S01720,2023-07-27,ST09,C0406,P084,2,1603.86,781.16,822.7,Marketplace
S01721,2023-05-31,ST13,C0431,P035,3,2349.68,818.07,1531.61,Marketplace
S01722,2025-01-22,ST09,C0048,P030,2,1117.02,616.1,500.92,Marketplace
S01723,2024-02-25,ST11,C0059,P082,3,1825.8,410.19,1415.61,Marketplace
S01724,2024-08-31,ST09,C0271,P077,1,286.51,391.83,-105.32,Online
S01725,2025-01-28,ST10,C0058,P045,1,367.69,127.08,240.61,Retail Store
S01726,2025-06-07,ST09,C0190,P073,1,739.17,376.81,362.36,Retail Store
S01727,2024-04-24,ST11,C0446,P043,2,1545.88,772.18,773.7,Mobile App
S01728,2024-03-30,ST02,C0259,P046,2,904.21,698.96,205.25,Marketplace
S01729,2023-08-01,ST11,C0332,P075,1,508.53,89.53,419.0,Online
S01730,2025-07-02,ST02,C0190,P024,2,1575.08,307.34,1267.74,Marketplace
S01731,2024-02-07,ST09,C0112,P044,1,437.3,212.6,224.7,Retail Store
S01732,2024-12-07,ST12,C0277,P047,1,602.67,118.67,484.0,Mobile App
S01733,2024-11-11,ST13,C0032,P073,1,821.3,376.81,444.49,Retail Store
S01734,2023-02-02,ST02,C0132,P008,1,692.61,380.57,312.04,Retail Store
S01735,2024-01-23,ST10,C0239,P077,3,859.53,1175.49,-315.96,Online
S01736,2025-06-22,ST15,C0202,P087,1,769.64,250.47,519.17,Mobile App
S01737,2024-12-11,ST15,C0154,P072,1,803.55,235.14,568.41,Mobile App
S01738,2023-01-28,ST13,C0384,P003,3,1547.01,336.06,1210.95,Online
S01739,2025-02-19,ST08,C0437,P032,1,345.88,296.35,49.53,Online
S01740,2023-01-04,ST09,C0018,P050,4,2105.16,659.48,1445.68,Online
S01741,2024-06-27,ST15,C0227,P069,1,713.43,160.09,553.34,Online
S01742,2023-02-20,ST06,C0285,P069,4,2568.35,640.36,1927.99,Mobile App
S01743,2024-01-04,ST06,C0215,P052,1,368.14,64.51,303.63,Marketplace
S01744,2023-02-03,ST03,C0031,P018,1,619.88,314.13,305.75,Online
S01745,2024-08-20,ST10,C0386,P049,3,1845.92,710.37,1135.55,Retail Store
S01746,2023-06-14,ST11,C0007,P002,1,541.73,197.54,344.19,Retail Store
S01747,2024-05-04,ST14,C0286,P053,1,209.37,175.88,33.49,Mobile App
S01748,2023-10-24,ST06,C0213,P009,3,1347.66,849.15,498.51,Retail Store
S01749,2024-09-05,ST11,C0442,P056,1,821.95,278.46,543.49,Online
S01750,2023-03-24,ST08,C0289,P014,1,98.8,86.92,11.88,Online
S01751,2025-03-12,ST11,C0448,P007,1,49.84,354.8,-304.96,Marketplace
S01752,2024-09-15,ST04,C0317,P066,4,596.84,376.2,220.64,Marketplace
S01753,2025-02-08,ST12,C0227,P064,1,286.72,130.54,156.18,Mobile App
S01754,2023-10-17,ST12,C0180,P024,2,1657.98,307.34,1350.64,Mobile App
S01755,2023-02-22,ST01,C0300,P023,1,236.18,255.0,-18.82,Retail Store
S01756,2025-05-23,ST10,C0441,P054,1,248.06,278.44,-30.38,Marketplace
S01757,2023-09-20,ST12,C0152,P079,1,682.05,180.26,501.79,Marketplace
S01758,2024-10-19,ST11,C0420,P040,2,1351.92,198.02,1153.9,Mobile App
S01759,2025-04-25,ST09,C0055,P042,2,485.05,281.96,203.09,Online
S01760,2024-04-05,ST02,C0187,P051,2,1562.12,766.28,795.84,Mobile App
S01761,2025-01-08,ST05,C0123,P037,1,801.41,385.8,415.61,Online
S01762,2024-05-07,ST15,C0079,P002,2,1140.48,395.08,745.4,Online
S01763,2024-02-21,ST09,C0449,P038,1,490.65,397.37,93.28,Retail Store
S01764,2024-02-13,ST07,C0144,P023,1,236.18,255.0,-18.82,Online
S01765,2023-12-28,ST03,C0122,P065,1,448.02,143.64,304.38,Retail Store
S01766,2025-06-20,ST11,C0283,P024,1,746.09,153.67,592.42,Online
S01767,2025-03-30,ST11,C0119,P042,1,229.05,140.98,88.07,Mobile App
S01768,2024-02-23,ST08,C0055,P016,1,701.97,129.06,572.91,Marketplace
S01769,2023-06-05,ST09,C0237,P010,3,2206.95,870.3,1336.65,Mobile App
S01770,2025-03-31,ST14,C0251,P067,5,3044.99,1519.5,1525.49,Marketplace
S01771,2023-08-27,ST14,C0091,P084,1,681.64,390.58,291.06,Mobile App
S01772,2024-01-29,ST04,C0139,P061,1,288.77,396.5,-107.73,Retail Store
S01773,2025-02-22,ST05,C0213,P015,4,2997.76,557.36,2440.4,Marketplace
S01774,2024-10-06,ST06,C0030,P009,1,449.22,283.05,166.17,Marketplace
S01775,2023-12-14,ST12,C0426,P003,1,546.0,112.02,433.98,Mobile App
S01776,2025-04-04,ST10,C0122,P025,2,1400.78,533.92,866.86,Retail Store
S01777,2025-02-26,ST08,C0003,P080,1,153.65,303.66,-150.01,Retail Store
S01778,2024-01-28,ST04,C0397,P039,1,56.39,373.85,-317.46,Retail Store
S01779,2025-07-18,ST10,C0381,P047,2,1205.33,237.34,967.99,Marketplace
S01780,2023-09-13,ST07,C0137,P001,2,1413.14,636.5,776.64,Retail Store
S01781,2024-02-05,ST04,C0309,P043,2,1545.88,772.18,773.7,Marketplace
S01782,2023-03-11,ST12,C0258,P065,1,527.08,143.64,383.44,Retail Store
S01783,2024-07-12,ST02,C0344,P015,3,2248.32,418.02,1830.3,Retail Store
S01784,2023-09-18,ST02,C0144,P053,2,396.7,351.76,44.94,Marketplace
S01785,2024-08-01,ST02,C0406,P066,3,526.62,282.15,244.47,Mobile App
S01786,2024-09-20,ST07,C0346,P063,2,1595.06,224.94,1370.12,Retail Store
S01787,2023-07-23,ST13,C0291,P015,1,749.44,139.34,610.1,Online
S01788,2024-05-23,ST04,C0258,P016,1,701.97,129.06,572.91,Marketplace
S01789,2023-07-31,ST09,C0261,P005,1,507.56,280.69,226.87,Mobile App
S01790,2024-07-25,ST04,C0415,P047,1,673.57,118.67,554.9,Retail Store
S01791,2025-01-19,ST08,C0372,P067,1,544.89,303.9,240.99,Marketplace
S01792,2024-10-23,ST06,C0266,P028,1,471.04,299.43,171.61,Mobile App
S01793,2024-12-29,ST12,C0237,P059,1,139.49,245.23,-105.74,Marketplace
S01794,2025-03-26,ST06,C0298,P058,1,636.91,133.49,503.42,Online
S01795,2024-11-19,ST15,C0177,P042,1,229.05,140.98,88.07,Retail Store
S01796,2025-03-30,ST04,C0173,P083,1,529.85,166.97,362.88,Online
S01797,2024-08-05,ST08,C0171,P041,1,66.37,33.46,32.91,Marketplace
S01798,2023-03-17,ST13,C0160,P086,5,2450.47,836.35,1614.12,Marketplace
S01799,2024-08-05,ST08,C0308,P051,2,1644.34,766.28,878.06,Mobile App
S01800,2024-11-18,ST13,C0092,P024,1,828.99,153.67,675.32,Online
S01801,2024-02-20,ST13,C0144,P039,2,107.14,747.7,-640.56,Retail Store
S01802,2024-07-27,ST04,C0367,P022,1,292.2,225.66,66.54,Retail Store
S01803,2024-08-26,ST01,C0138,P017,1,518.13,265.06,253.07,Mobile App
S01804,2023-11-03,ST14,C0058,P083,1,450.37,166.97,283.4,Marketplace
S01805,2023-11-02,ST08,C0276,P074,1,147.99,350.01,-202.02,Mobile App
S01806,2025-04-23,ST03,C0429,P076,3,1713.4,434.31,1279.09,Marketplace
S01807,2024-08-04,ST08,C0223,P072,1,803.55,235.14,568.41,Mobile App
S01808,2025-02-17,ST15,C0041,P074,3,470.1,1050.03,-579.93,Marketplace
S01809,2023-07-21,ST14,C0358,P072,2,1607.1,470.28,1136.82,Retail Store
S01810,2025-03-12,ST11,C0336,P047,1,602.67,118.67,484.0,Mobile App
S01811,2025-01-24,ST02,C0002,P013,2,605.8,155.68,450.12,Mobile App
S01812,2024-02-29,ST06,C0077,P087,1,769.64,250.47,519.17,Marketplace
S01813,2023-07-30,ST06,C0010,P036,2,1561.62,714.18,847.44,Marketplace
S01814,2023-05-09,ST09,C0171,P079,2,1220.52,360.52,860.0,Online
S01815,2023-08-05,ST02,C0313,P009,1,404.3,283.05,121.25,Mobile App
S01816,2024-07-28,ST03,C0184,P075,1,508.53,89.53,419.0,Mobile App
S01817,2025-05-19,ST14,C0078,P051,2,1644.34,766.28,878.06,Marketplace
S01818,2023-04-09,ST13,C0324,P044,1,371.7,212.6,159.1,Retail Store
S01819,2023-04-09,ST08,C0429,P057,1,523.27,34.16,489.11,Marketplace
S01820,2024-11-30,ST01,C0353,P040,1,675.96,99.01,576.95,Marketplace
S01821,2024-07-23,ST04,C0016,P017,1,518.13,265.06,253.07,Online
S01822,2025-06-28,ST13,C0402,P044,2,743.41,425.2,318.21,Mobile App
S01823,2024-06-03,ST12,C0079,P058,1,541.37,133.49,407.88,Online
S01824,2024-09-25,ST11,C0164,P066,1,149.21,94.05,55.16,Marketplace
S01825,2024-10-04,ST02,C0073,P014,1,93.86,86.92,6.94,Marketplace
S01826,2025-06-04,ST06,C0181,P068,2,923.84,753.98,169.86,Mobile App
S01827,2023-11-17,ST09,C0202,P068,1,461.92,376.99,84.93,Mobile App
S01828,2023-10-08,ST08,C0280,P079,1,682.05,180.26,501.79,Retail Store
S01829,2025-06-26,ST05,C0405,P078,3,302.85,649.65,-346.8,Retail Store
S01830,2023-08-10,ST10,C0355,P050,3,1578.87,494.61,1084.26,Retail Store
S01831,2023-01-16,ST15,C0242,P059,2,251.08,490.46,-239.38,Marketplace
S01832,2024-11-11,ST08,C0226,P078,1,100.95,216.55,-115.6,Marketplace
S01833,2023-06-27,ST13,C0309,P043,2,1545.88,772.18,773.7,Retail Store
S01834,2024-03-14,ST07,C0015,P087,1,769.64,250.47,519.17,Marketplace
S01835,2024-12-22,ST11,C0275,P064,1,243.71,130.54,113.17,Mobile App
S01836,2025-08-19,ST06,C0131,P040,1,675.96,99.01,576.95,Marketplace
S01837,2025-05-02,ST01,C0113,P005,3,1691.88,842.07,849.81,Marketplace
S01838,2023-05-14,ST04,C0249,P066,1,175.54,94.05,81.49,Retail Store
S01839,2023-07-07,ST09,C0171,P014,2,187.72,173.84,13.88,Online
S01840,2024-07-29,ST04,C0059,P006,1,323.25,38.9,284.35,Online
S01841,2024-05-31,ST08,C0284,P036,3,2225.31,1071.27,1154.04,Online
S01842,2025-06-09,ST05,C0253,P017,1,440.41,265.06,175.35,Online
S01843,2025-07-02,ST05,C0075,P042,1,269.47,140.98,128.49,Mobile App
S01844,2023-10-20,ST09,C0302,P030,4,2496.87,1232.2,1264.67,Retail Store
S01845,2025-03-15,ST05,C0013,P015,1,707.8,139.34,568.46,Retail Store
S01846,2025-06-23,ST05,C0157,P058,3,1624.12,400.47,1223.65,Retail Store
S01847,2023-06-07,ST03,C0314,P015,1,749.44,139.34,610.1,Marketplace
S01848,2024-01-22,ST12,C0231,P030,2,1117.02,616.1,500.92,Marketplace
S01849,2024-03-24,ST13,C0284,P023,1,236.18,255.0,-18.82,Mobile App
S01850,2024-05-05,ST10,C0326,P004,1,288.99,233.76,55.23,Mobile App
S01851,2024-04-23,ST12,C0139,P018,2,1377.5,628.26,749.24,Mobile App
S01852,2025-04-04,ST14,C0094,P046,1,404.51,349.48,55.03,Retail Store
S01853,2025-01-23,ST01,C0097,P033,4,2968.92,1174.4,1794.52,Mobile App
S01854,2024-05-27,ST07,C0016,P084,2,1603.86,781.16,822.7,Marketplace
S01855,2025-06-03,ST12,C0303,P084,1,681.64,390.58,291.06,Mobile App
S01856,2023-05-06,ST10,C0165,P057,5,2761.7,170.8,2590.9,Retail Store
S01857,2024-03-14,ST06,C0202,P066,2,315.97,188.1,127.87,Retail Store
S01858,2024-09-17,ST14,C0012,P033,4,2968.92,1174.4,1794.52,Mobile App
S01859,2024-09-23,ST05,C0333,P035,1,824.45,272.69,551.76,Marketplace
S01860,2023-02-26,ST06,C0011,P004,1,339.99,233.76,106.23,Online
S01861,2024-10-01,ST13,C0286,P046,2,809.03,698.96,110.07,Marketplace
S01862,2025-08-04,ST13,C0275,P038,1,441.58,397.37,44.21,Marketplace
S01863,2023-10-10,ST02,C0083,P009,3,1347.66,849.15,498.51,Marketplace
S01864,2024-01-13,ST09,C0375,P080,1,161.74,303.66,-141.92,Mobile App
S01865,2023-02-18,ST04,C0232,P060,2,794.56,276.5,518.06,Marketplace
S01866,2024-11-09,ST11,C0108,P072,1,763.37,235.14,528.23,Retail Store
S01867,2025-08-18,ST11,C0437,P024,1,746.09,153.67,592.42,Retail Store
S01868,2023-07-14,ST04,C0323,P067,2,1217.99,607.8,610.19,Mobile App
S01869,2024-12-04,ST04,C0435,P062,2,612.52,182.72,429.8,Marketplace
S01870,2024-07-13,ST01,C0054,P014,1,98.8,86.92,11.88,Mobile App
S01871,2023-12-27,ST10,C0345,P019,3,325.03,1006.74,-681.71,Mobile App
S01872,2023-10-25,ST04,C0344,P058,2,1082.75,266.98,815.77,Marketplace
S01873,2024-12-28,ST04,C0346,P030,1,624.22,308.05,316.17,Retail Store
S01874,2024-07-13,ST13,C0382,P058,3,1910.73,400.47,1510.26,Retail Store
S01875,2024-06-05,ST05,C0021,P046,1,428.31,349.48,78.83,Mobile App
S01876,2025-04-26,ST05,C0280,P057,1,523.27,34.16,489.11,Marketplace
S01877,2023-09-21,ST13,C0074,P049,1,582.92,236.79,346.13,Retail Store
S01878,2023-01-24,ST03,C0033,P027,1,602.85,203.1,399.75,Retail Store
S01879,2024-10-23,ST14,C0118,P014,2,197.6,173.84,23.76,Marketplace
S01880,2024-05-16,ST08,C0126,P045,2,817.08,254.16,562.92,Online
S01881,2024-10-30,ST08,C0440,P073,3,2094.31,1130.43,963.88,Mobile App
S01882,2024-08-29,ST08,C0128,P007,2,111.42,709.6,-598.18,Online
S01883,2024-07-06,ST06,C0125,P031,2,239.55,572.48,-332.93,Mobile App
S01884,2025-02-14,ST11,C0313,P080,1,161.74,303.66,-141.92,Retail Store
S01885,2023-07-07,ST08,C0195,P066,1,166.76,94.05,72.71,Retail Store
S01886,2024-10-21,ST04,C0311,P016,2,1403.94,258.12,1145.82,Mobile App
S01887,2023-08-23,ST11,C0111,P039,1,50.75,373.85,-323.1,Mobile App
S01888,2023-01-04,ST02,C0289,P089,1,633.16,227.16,406.0,Online
S01889,2024-08-27,ST07,C0255,P021,2,968.32,698.1,270.22,Mobile App
S01890,2025-06-12,ST09,C0350,P056,1,780.85,278.46,502.39,Retail Store
S01891,2023-05-31,ST03,C0334,P035,1,824.45,272.69,551.76,Marketplace
S01892,2024-01-20,ST12,C0142,P007,1,49.84,354.8,-304.96,Mobile App
S01893,2023-04-27,ST04,C0052,P048,1,344.06,154.5,189.56,Online
S01894,2025-03-27,ST04,C0132,P068,3,1247.18,1130.97,116.21,Marketplace
S01895,2023-02-27,ST14,C0443,P010,1,774.37,290.1,484.27,Online
S01896,2025-05-06,ST09,C0354,P047,2,1205.33,237.34,967.99,Mobile App
S01897,2024-02-10,ST15,C0253,P046,3,1284.93,1048.44,236.49,Mobile App
S01898,2024-01-09,ST11,C0085,P004,1,288.99,233.76,55.23,Marketplace
S01899,2023-05-09,ST13,C0343,P045,1,347.26,127.08,220.18,Retail Store
S01900,2023-04-07,ST02,C0040,P008,4,2770.44,1522.28,1248.16,Retail Store
S01901,2023-11-10,ST14,C0172,P074,3,522.33,1050.03,-527.7,Mobile App
S01902,2025-05-26,ST06,C0278,P022,2,551.94,451.32,100.62,Online
S01903,2024-12-13,ST03,C0274,P006,2,646.5,77.8,568.7,Retail Store
S01904,2024-10-27,ST02,C0295,P057,2,1162.82,68.32,1094.5,Marketplace
S01905,2024-01-31,ST14,C0301,P064,4,974.85,522.16,452.69,Retail Store
S01906,2023-09-28,ST05,C0256,P072,2,1526.74,470.28,1056.46,Marketplace
S01907,2024-04-30,ST08,C0141,P032,1,345.88,296.35,49.53,Marketplace
S01908,2025-06-20,ST09,C0379,P022,1,324.67,225.66,99.01,Retail Store
S01909,2025-07-10,ST04,C0294,P005,1,563.96,280.69,283.27,Marketplace
S01910,2023-11-10,ST09,C0118,P028,4,1994.98,1197.72,797.26,Retail Store
S01911,2025-01-01,ST03,C0027,P055,3,2175.27,734.43,1440.84,Online
S01912,2023-12-15,ST05,C0400,P058,2,1273.82,266.98,1006.84,Retail Store
S01913,2024-04-25,ST15,C0284,P061,2,577.54,793.0,-215.46,Marketplace
S01914,2023-04-08,ST14,C0038,P057,1,581.41,34.16,547.25,Mobile App
S01915,2025-07-28,ST14,C0014,P089,1,666.48,227.16,439.32,Online
S01916,2023-09-05,ST12,C0182,P022,2,616.87,451.32,165.55,Retail Store
S01917,2024-02-24,ST04,C0042,P020,3,1894.14,656.1,1238.04,Online
S01918,2023-01-06,ST04,C0260,P007,5,293.2,1774.0,-1480.8,Online
S01919,2023-02-20,ST07,C0147,P028,2,1108.32,598.86,509.46,Online
S01920,2024-05-24,ST05,C0446,P053,1,220.39,175.88,44.51,Mobile App
S01921,2023-11-25,ST01,C0417,P002,1,570.24,197.54,372.7,Marketplace
S01922,2025-02-04,ST03,C0415,P036,2,1483.54,714.18,769.36,Retail Store
S01923,2024-02-08,ST05,C0354,P037,2,1518.46,771.6,746.86,Online
S01924,2024-05-31,ST13,C0103,P071,1,143.99,253.92,-109.93,Online
S01925,2023-05-10,ST15,C0244,P052,1,387.52,64.51,323.01,Marketplace
S01926,2024-10-26,ST12,C0084,P055,4,2465.31,979.24,1486.07,Retail Store
S01927,2023-12-14,ST13,C0448,P088,1,711.07,302.14,408.93,Mobile App
S01928,2024-02-08,ST06,C0010,P053,3,661.17,527.64,133.53,Mobile App
S01929,2023-12-10,ST01,C0160,P082,2,1217.2,273.46,943.74,Mobile App
S01930,2023-11-13,ST13,C0425,P064,1,258.05,130.54,127.51,Retail Store
S01931,2023-05-30,ST03,C0019,P003,2,1092.01,224.04,867.97,Mobile App
S01932,2025-05-17,ST10,C0286,P064,1,243.71,130.54,113.17,Marketplace
S01933,2025-04-18,ST11,C0247,P070,1,89.3,144.72,-55.42,Retail Store
S01934,2023-09-10,ST05,C0223,P016,2,1193.35,258.12,935.23,Retail Store
S01935,2025-01-19,ST13,C0157,P017,2,880.82,530.12,350.7,Online
S01936,2024-07-26,ST07,C0292,P066,3,473.96,282.15,191.81,Mobile App
S01937,2024-04-04,ST07,C0330,P025,1,741.59,266.96,474.63,Marketplace
S01938,2023-10-16,ST08,C0026,P028,2,1108.32,598.86,509.46,Marketplace
S01939,2023-05-20,ST13,C0239,P017,1,492.22,265.06,227.16,Marketplace
S01940,2025-04-05,ST02,C0111,P082,1,608.6,136.73,471.87,Online
S01941,2023-07-16,ST10,C0380,P087,1,769.64,250.47,519.17,Online
S01942,2024-05-29,ST04,C0405,P010,2,1548.74,580.2,968.54,Marketplace
S01943,2025-06-06,ST10,C0230,P008,1,692.61,380.57,312.04,Marketplace
S01944,2025-08-29,ST12,C0207,P037,1,843.59,385.8,457.79,Online
S01945,2023-01-17,ST06,C0070,P022,3,925.31,676.98,248.33,Mobile App
S01946,2025-01-24,ST11,C0412,P049,2,1295.38,473.58,821.8,Marketplace
S01947,2025-03-24,ST13,C0101,P085,2,1373.52,436.48,937.04,Online
S01948,2025-03-09,ST10,C0211,P049,2,1295.38,473.58,821.8,Marketplace
S01949,2025-04-23,ST10,C0446,P050,1,473.66,164.87,308.79,Online
S01950,2024-12-11,ST03,C0002,P026,1,102.94,192.38,-89.44,Retail Store
S01951,2024-03-16,ST12,C0390,P041,3,178.14,100.38,77.76,Mobile App
S01952,2025-07-21,ST07,C0302,P035,2,1484.01,545.38,938.63,Mobile App
S01953,2024-02-02,ST14,C0339,P069,2,1355.52,320.18,1035.34,Marketplace
S01954,2023-02-14,ST14,C0372,P014,1,88.92,86.92,2.0,Marketplace
S01955,2024-08-28,ST07,C0383,P048,3,877.35,463.5,413.85,Mobile App
S01956,2025-02-27,ST11,C0186,P066,2,315.97,188.1,127.87,Mobile App
S01957,2023-09-18,ST04,C0288,P084,3,2405.79,1171.74,1234.05,Retail Store
S01958,2025-06-10,ST06,C0042,P071,1,136.79,253.92,-117.13,Retail Store
S01959,2024-05-13,ST12,C0195,P086,5,2738.76,836.35,1902.41,Retail Store
S01960,2024-02-05,ST11,C0111,P026,1,102.94,192.38,-89.44,Marketplace
S01961,2023-06-18,ST07,C0084,P088,1,794.72,302.14,492.58,Retail Store
S01962,2025-02-14,ST12,C0181,P069,4,2425.66,640.36,1785.3,Mobile App
S01963,2023-11-20,ST05,C0047,P041,1,59.38,33.46,25.92,Mobile App
S01964,2023-02-17,ST11,C0071,P059,1,139.49,245.23,-105.74,Retail Store
S01965,2024-08-17,ST12,C0018,P049,1,615.31,236.79,378.52,Marketplace
S01966,2024-06-04,ST03,C0167,P006,1,290.93,38.9,252.03,Marketplace
S01967,2023-01-30,ST10,C0214,P011,5,3470.54,1266.1,2204.44,Marketplace
S01968,2024-08-15,ST13,C0377,P071,2,287.98,507.84,-219.86,Marketplace
S01969,2025-04-29,ST12,C0234,P050,2,1052.58,329.74,722.84,Retail Store
S01970,2024-12-27,ST02,C0281,P039,3,169.17,1121.55,-952.38,Mobile App
S01971,2023-07-26,ST10,C0424,P063,1,757.65,112.47,645.18,Marketplace
S01972,2024-10-11,ST11,C0167,P006,3,969.75,116.7,853.05,Online
S01973,2023-01-12,ST15,C0203,P006,1,307.09,38.9,268.19,Retail Store
S01974,2025-01-19,ST15,C0232,P041,1,69.86,33.46,36.4,Retail Store
S01975,2024-09-12,ST11,C0129,P024,2,1657.98,307.34,1350.64,Retail Store
S01976,2025-03-12,ST07,C0110,P045,1,408.54,127.08,281.46,Marketplace
S01977,2024-04-07,ST13,C0304,P026,2,195.05,384.76,-189.71,Online
S01978,2024-04-16,ST12,C0167,P072,3,2169.58,705.42,1464.16,Retail Store
S01979,2025-04-01,ST04,C0331,P047,1,638.12,118.67,519.45,Online
S01980,2025-03-10,ST11,C0212,P045,3,1103.06,381.24,721.82,Mobile App
S01981,2024-07-14,ST15,C0268,P037,2,1687.18,771.6,915.58,Retail Store
S01982,2024-04-18,ST11,C0404,P014,1,98.8,86.92,11.88,Marketplace
S01983,2025-03-29,ST08,C0403,P007,1,49.84,354.8,-304.96,Online
S01984,2023-11-24,ST02,C0054,P087,1,692.68,250.47,442.21,Marketplace
S01985,2023-05-29,ST11,C0124,P035,1,700.78,272.69,428.09,Marketplace
S01986,2023-09-19,ST08,C0203,P005,2,1071.52,561.38,510.14,Online
S01987,2023-07-24,ST12,C0238,P034,2,1064.66,629.88,434.78,Retail Store
S01988,2024-01-14,ST11,C0405,P062,2,612.52,182.72,429.8,Online
S01989,2023-09-21,ST11,C0229,P079,1,717.95,180.26,537.69,Mobile App
S01990,2023-01-13,ST09,C0378,P070,1,89.3,144.72,-55.42,Retail Store
S01991,2023-11-06,ST11,C0070,P032,1,345.88,296.35,49.53,Marketplace
S01992,2023-02-11,ST03,C0129,P046,3,1213.54,1048.44,165.1,Retail Store
S01993,2023-07-19,ST07,C0190,P003,2,1092.01,224.04,867.97,Mobile App
S01994,2025-01-03,ST09,C0434,P009,2,898.44,566.1,332.34,Mobile App
S01995,2024-01-03,ST01,C0106,P086,1,547.75,167.27,380.48,Retail Store
S01996,2024-11-03,ST09,C0139,P036,1,780.81,357.09,423.72,Retail Store
S01997,2023-10-19,ST14,C0098,P061,2,577.54,793.0,-215.46,Retail Store
S01998,2024-05-10,ST12,C0202,P072,1,763.37,235.14,528.23,Marketplace
S01999,2025-08-15,ST10,C0238,P070,1,89.3,144.72,-55.42,Retail Store
S02000,2024-07-11,ST13,C0050,P036,2,1483.54,714.18,769.36,Marketplace
S02001,2024-04-29,ST10,C0068,P033,1,630.9,293.6,337.3,Mobile App
S02002,2024-09-13,ST02,C0076,P027,2,1205.7,406.2,799.5,Marketplace
S02003,2023-08-05,ST09,C0328,P054,2,522.24,556.88,-34.64,Online
S02004,2023-09-02,ST01,C0109,P062,1,275.63,91.36,184.27,Online
S02005,2023-01-19,ST04,C0426,P080,1,145.57,303.66,-158.09,Retail Store
S02006,2023-11-24,ST05,C0108,P062,1,260.32,91.36,168.96,Mobile App
S02007,2025-03-17,ST06,C0248,P054,3,665.86,835.32,-169.46,Mobile App
S02008,2025-01-10,ST10,C0291,P084,4,3207.72,1562.32,1645.4,Retail Store
S02009,2023-02-13,ST08,C0303,P086,1,547.75,167.27,380.48,Online
S02010,2024-10-02,ST08,C0177,P057,1,494.2,34.16,460.04,Online
S02011,2024-02-25,ST12,C0030,P063,3,2033.7,337.41,1696.29,Mobile App
S02012,2023-06-14,ST12,C0098,P048,1,344.06,154.5,189.56,Marketplace
S02013,2024-08-23,ST14,C0406,P051,1,781.06,383.14,397.92,Retail Store
S02014,2023-09-20,ST05,C0118,P038,1,466.12,397.37,68.75,Mobile App
S02015,2024-09-25,ST12,C0224,P052,2,775.04,129.02,646.02,Retail Store
S02016,2025-02-25,ST08,C0413,P057,1,581.41,34.16,547.25,Marketplace
S02017,2023-02-13,ST01,C0122,P020,1,742.8,218.7,524.1,Mobile App
S02018,2023-08-15,ST15,C0080,P066,2,298.42,188.1,110.32,Retail Store
S02019,2023-03-29,ST14,C0353,P028,1,554.16,299.43,254.73,Retail Store
S02020,2025-06-05,ST08,C0367,P017,1,518.13,265.06,253.07,Mobile App
S02021,2024-08-07,ST03,C0173,P062,2,612.52,182.72,429.8,Marketplace
S02022,2025-01-12,ST06,C0161,P023,1,224.37,255.0,-30.63,Online
S02023,2023-11-20,ST15,C0163,P016,1,701.97,129.06,572.91,Online
S02024,2023-09-30,ST01,C0111,P073,1,821.3,376.81,444.49,Retail Store
S02025,2025-03-29,ST07,C0308,P063,1,677.9,112.47,565.43,Mobile App
S02026,2023-01-18,ST05,C0438,P013,1,287.75,77.84,209.91,Retail Store
S02027,2023-07-06,ST05,C0183,P071,2,244.78,507.84,-263.06,Retail Store
S02028,2023-10-31,ST05,C0418,P018,1,585.44,314.13,271.31,Marketplace
S02029,2023-02-09,ST15,C0287,P056,3,2465.85,835.38,1630.47,Retail Store
S02030,2023-04-04,ST15,C0174,P014,1,88.92,86.92,2.0,Online
S02031,2024-12-25,ST04,C0137,P015,2,1498.88,278.68,1220.2,Marketplace
S02032,2024-10-09,ST02,C0343,P003,3,1729.01,336.06,1392.95,Online
S02033,2024-04-03,ST03,C0304,P066,4,702.16,376.2,325.96,Mobile App
S02034,2024-06-02,ST04,C0207,P038,2,932.23,794.74,137.49,Mobile App
S02035,2024-03-23,ST13,C0047,P017,1,518.13,265.06,253.07,Retail Store
S02036,2024-08-16,ST14,C0254,P016,1,596.67,129.06,467.61,Online
S02037,2025-07-18,ST08,C0236,P008,1,692.61,380.57,312.04,Mobile App
S02038,2023-04-21,ST15,C0245,P063,1,797.53,112.47,685.06,Marketplace
S02039,2023-10-28,ST04,C0099,P048,1,344.06,154.5,189.56,Mobile App
S02040,2024-05-14,ST08,C0187,P054,1,261.12,278.44,-17.32,Online
S02041,2024-02-18,ST07,C0157,P076,1,671.92,144.77,527.15,Retail Store
S02042,2023-09-18,ST09,C0375,P020,1,631.38,218.7,412.68,Mobile App
S02043,2025-06-03,ST13,C0095,P044,3,1115.12,637.8,477.32,Marketplace
S02044,2024-05-23,ST11,C0442,P075,2,1017.06,179.06,838.0,Online
S02045,2023-06-04,ST05,C0315,P065,1,474.37,143.64,330.73,Online
S02046,2023-01-04,ST14,C0301,P055,1,652.58,244.81,407.77,Retail Store
S02047,2024-05-22,ST12,C0423,P061,3,866.31,1189.5,-323.19,Marketplace
S02048,2024-12-05,ST09,C0006,P080,2,291.13,607.32,-316.19,Online
S02049,2025-03-27,ST12,C0336,P027,3,1903.74,609.3,1294.44,Retail Store
S02050,2023-11-08,ST08,C0311,P049,1,615.31,236.79,378.52,Retail Store
S02051,2024-09-16,ST04,C0288,P058,2,1082.75,266.98,815.77,Marketplace
S02052,2025-04-30,ST09,C0179,P045,1,347.26,127.08,220.18,Retail Store
S02053,2024-11-08,ST14,C0106,P081,1,204.52,42.77,161.75,Mobile App
S02054,2025-02-23,ST07,C0362,P051,4,3124.25,1532.56,1591.69,Online
S02055,2023-09-26,ST10,C0267,P018,3,1859.62,942.39,917.23,Mobile App
S02056,2024-07-09,ST04,C0368,P029,2,480.47,233.94,246.53,Marketplace
S02057,2023-06-04,ST07,C0285,P072,1,803.55,235.14,568.41,Retail Store
S02058,2024-09-21,ST15,C0084,P007,1,55.71,354.8,-299.09,Marketplace
S02059,2023-08-02,ST14,C0334,P087,1,654.19,250.47,403.72,Online
S02060,2025-08-02,ST12,C0302,P080,1,145.57,303.66,-158.09,Marketplace
S02061,2024-02-22,ST14,C0312,P074,1,156.7,350.01,-193.31,Retail Store
S02062,2024-12-17,ST09,C0223,P037,3,2151.15,1157.4,993.75,Marketplace
S02063,2023-12-17,ST03,C0101,P082,1,644.4,136.73,507.67,Marketplace
S02064,2024-06-17,ST01,C0139,P044,1,415.44,212.6,202.84,Mobile App
S02065,2024-11-28,ST13,C0021,P046,1,404.51,349.48,55.03,Online
S02066,2025-01-06,ST05,C0282,P034,1,560.35,314.94,245.41,Online
S02067,2023-06-11,ST03,C0410,P051,1,698.84,383.14,315.7,Mobile App
S02068,2024-02-13,ST05,C0145,P042,2,511.99,281.96,230.03,Marketplace
S02069,2024-04-12,ST03,C0426,P073,6,4188.63,2260.86,1927.77,Marketplace
S02070,2025-06-22,ST03,C0296,P001,1,635.91,318.25,317.66,Retail Store
S02071,2023-07-24,ST02,C0339,P019,2,240.76,671.16,-430.4,Mobile App
S02072,2025-04-06,ST09,C0444,P072,2,1526.74,470.28,1056.46,Online
S02073,2024-03-07,ST11,C0309,P027,1,634.58,203.1,431.48,Mobile App
S02074,2024-11-11,ST09,C0352,P057,1,523.27,34.16,489.11,Mobile App
S02075,2024-01-09,ST14,C0421,P003,2,1031.34,224.04,807.3,Mobile App
S02076,2023-06-26,ST03,C0331,P085,2,1535.11,436.48,1098.63,Marketplace
S02077,2024-07-28,ST14,C0031,P028,1,471.04,299.43,171.61,Retail Store
S02078,2024-10-01,ST01,C0019,P007,2,117.28,709.6,-592.32,Retail Store
S02079,2024-09-16,ST15,C0395,P004,2,611.98,467.52,144.46,Mobile App
S02080,2024-10-24,ST07,C0090,P015,1,832.71,139.34,693.37,Retail Store
S02081,2023-12-28,ST01,C0046,P080,1,161.74,303.66,-141.92,Retail Store
S02082,2025-08-13,ST01,C0270,P018,3,1859.62,942.39,917.23,Online
S02083,2024-05-30,ST13,C0363,P077,1,243.53,391.83,-148.3,Mobile App
S02084,2025-05-19,ST05,C0374,P084,1,721.74,390.58,331.16,Mobile App
S02085,2025-01-13,ST03,C0400,P049,2,1295.38,473.58,821.8,Marketplace
S02086,2024-04-01,ST05,C0199,P080,2,323.48,607.32,-283.84,Marketplace
S02087,2024-05-02,ST15,C0125,P050,1,447.35,164.87,282.48,Marketplace
S02088,2023-10-14,ST02,C0323,P029,2,480.47,233.94,246.53,Marketplace
S02089,2023-05-23,ST06,C0131,P030,1,624.22,308.05,316.17,Mobile App
S02090,2024-01-07,ST08,C0401,P039,2,112.78,747.7,-634.92,Marketplace
S02091,2023-12-19,ST08,C0324,P005,1,479.37,280.69,198.68,Retail Store
S02092,2023-11-27,ST01,C0160,P047,3,1914.35,356.01,1558.34,Retail Store
S02093,2023-10-31,ST15,C0303,P022,1,275.97,225.66,50.31,Marketplace
S02094,2024-08-29,ST02,C0005,P073,1,821.3,376.81,444.49,Marketplace
S02095,2024-07-31,ST02,C0074,P055,2,1377.67,489.62,888.05,Marketplace
S02096,2023-01-23,ST05,C0043,P030,1,624.22,308.05,316.17,Retail Store
S02097,2024-02-14,ST12,C0119,P085,2,1615.9,436.48,1179.42,Retail Store
S02098,2023-05-29,ST04,C0069,P048,1,326.86,154.5,172.36,Online
S02099,2023-05-10,ST06,C0365,P088,1,836.55,302.14,534.41,Online
S02100,2024-12-06,ST09,C0018,P019,4,481.52,1342.32,-860.8,Online
S02101,2023-08-03,ST15,C0255,P088,1,794.72,302.14,492.58,Online
S02102,2024-04-05,ST13,C0041,P077,1,243.53,391.83,-148.3,Retail Store
S02103,2024-03-14,ST15,C0378,P001,2,1413.14,636.5,776.64,Retail Store
S02104,2024-05-04,ST05,C0263,P017,1,518.13,265.06,253.07,Retail Store
S02105,2024-07-17,ST14,C0072,P064,1,286.72,130.54,156.18,Mobile App
S02106,2025-08-12,ST12,C0202,P034,2,1008.63,629.88,378.75,Marketplace
S02107,2025-05-10,ST11,C0359,P081,1,182.99,42.77,140.22,Mobile App
S02108,2023-08-10,ST07,C0392,P021,1,411.54,349.05,62.49,Retail Store
S02109,2024-10-22,ST03,C0428,P069,4,2568.35,640.36,1927.99,Retail Store
S02110,2024-07-11,ST03,C0135,P041,1,69.86,33.46,36.4,Online
S02111,2023-02-04,ST10,C0041,P075,2,915.35,179.06,736.29,Retail Store
S02112,2025-03-01,ST14,C0296,P036,4,3123.24,1428.36,1694.88,Retail Store
S02113,2025-01-12,ST01,C0423,P062,1,306.26,91.36,214.9,Retail Store
S02114,2024-02-21,ST02,C0310,P048,1,292.45,154.5,137.95,Marketplace
S02115,2025-03-12,ST13,C0005,P058,1,573.22,133.49,439.73,Mobile App
S02116,2025-04-29,ST11,C0115,P035,2,1566.45,545.38,1021.07,Marketplace
S02117,2024-11-26,ST09,C0377,P081,3,645.84,128.31,517.53,Retail Store
S02118,2024-09-02,ST12,C0346,P060,2,934.78,276.5,658.28,Retail Store
S02119,2024-03-11,ST06,C0186,P037,1,843.59,385.8,457.79,Mobile App
S02120,2024-10-14,ST12,C0329,P053,1,209.37,175.88,33.49,Online
S02121,2024-06-21,ST05,C0069,P003,4,2305.35,448.08,1857.27,Marketplace
S02122,2025-02-27,ST03,C0392,P039,1,47.93,373.85,-325.92,Mobile App
S02123,2025-08-15,ST06,C0423,P075,4,2034.12,358.12,1676.0,Mobile App
S02124,2024-07-19,ST10,C0348,P022,1,324.67,225.66,99.01,Mobile App
S02125,2024-11-15,ST01,C0356,P018,2,1170.88,628.26,542.62,Retail Store
S02126,2023-03-10,ST11,C0079,P038,1,466.12,397.37,68.75,Mobile App
S02127,2025-02-08,ST11,C0091,P030,1,558.51,308.05,250.46,Retail Store
S02128,2024-02-14,ST15,C0370,P025,3,2224.77,800.88,1423.89,Retail Store
S02129,2023-11-02,ST03,C0254,P062,1,306.26,91.36,214.9,Mobile App
S02130,2023-07-17,ST15,C0056,P033,2,1410.24,587.2,823.04,Marketplace
S02131,2024-05-25,ST03,C0097,P029,1,254.37,116.97,137.4,Mobile App
S02132,2025-08-20,ST10,C0408,P042,1,269.47,140.98,128.49,Retail Store
S02133,2025-05-04,ST07,C0005,P042,3,687.15,422.94,264.21,Marketplace
S02134,2024-06-13,ST12,C0272,P048,1,326.86,154.5,172.36,Online
S02135,2024-08-30,ST03,C0251,P045,1,388.11,127.08,261.03,Online
S02136,2023-02-08,ST09,C0290,P048,3,928.96,463.5,465.46,Marketplace
S02137,2024-03-16,ST13,C0011,P034,2,1120.7,629.88,490.82,Marketplace
S02138,2023-07-24,ST05,C0218,P074,1,156.7,350.01,-193.31,Retail Store
S02139,2024-05-15,ST13,C0424,P015,3,2248.32,418.02,1830.3,Mobile App
S02140,2023-12-10,ST03,C0341,P036,2,1561.62,714.18,847.44,Marketplace
S02141,2023-03-05,ST13,C0041,P002,2,1083.46,395.08,688.38,Retail Store
S02142,2024-04-25,ST15,C0445,P044,2,830.87,425.2,405.67,Retail Store
S02143,2023-02-26,ST06,C0390,P006,3,969.75,116.7,853.05,Marketplace
S02144,2024-07-19,ST08,C0169,P063,7,4745.3,787.29,3958.01,Marketplace
S02145,2023-12-26,ST03,C0333,P011,2,1542.46,506.44,1036.02,Mobile App
S02146,2025-08-18,ST09,C0351,P083,2,953.73,333.94,619.79,Marketplace
S02147,2025-01-11,ST07,C0082,P049,2,1101.07,473.58,627.49,Retail Store
S02148,2024-09-02,ST02,C0044,P075,1,432.25,89.53,342.72,Marketplace
S02149,2023-06-13,ST03,C0393,P031,1,126.08,286.24,-160.16,Marketplace
S02150,2025-03-15,ST04,C0192,P021,3,1307.23,1047.15,260.08,Marketplace
S02151,2023-07-24,ST15,C0019,P028,2,997.49,598.86,398.63,Retail Store
S02152,2023-09-14,ST11,C0323,P016,2,1403.94,258.12,1145.82,Retail Store
S02153,2024-05-12,ST13,C0387,P087,1,692.68,250.47,442.21,Marketplace
S02154,2024-02-04,ST15,C0026,P068,1,461.92,376.99,84.93,Online
S02155,2024-05-25,ST13,C0368,P085,2,1615.9,436.48,1179.42,Online
S02156,2025-04-17,ST05,C0218,P013,1,257.46,77.84,179.62,Mobile App
S02157,2025-07-22,ST05,C0206,P069,1,606.42,160.09,446.33,Retail Store
S02158,2024-10-28,ST06,C0019,P064,2,487.42,261.08,226.34,Retail Store
S02159,2024-01-23,ST08,C0029,P028,1,554.16,299.43,254.73,Mobile App
S02160,2023-05-27,ST02,C0021,P054,2,522.24,556.88,-34.64,Mobile App
S02161,2024-07-31,ST03,C0243,P066,2,333.53,188.1,145.43,Mobile App
S02162,2024-10-24,ST02,C0394,P009,1,449.22,283.05,166.17,Online
S02163,2023-06-25,ST12,C0248,P074,1,174.11,350.01,-175.9,Retail Store
S02164,2025-06-29,ST15,C0418,P028,2,1108.32,598.86,509.46,Retail Store
S02165,2025-02-04,ST02,C0438,P048,1,292.45,154.5,137.95,Marketplace
S02166,2024-08-09,ST13,C0043,P069,1,677.76,160.09,517.67,Marketplace
S02167,2024-09-06,ST14,C0355,P075,1,508.53,89.53,419.0,Retail Store
S02168,2023-11-21,ST15,C0366,P057,1,523.27,34.16,489.11,Mobile App
S02169,2023-03-27,ST15,C0415,P031,3,378.24,858.72,-480.48,Marketplace
S02170,2025-05-04,ST05,C0054,P027,1,634.58,203.1,431.48,Mobile App
S02171,2024-06-16,ST03,C0276,P029,1,282.63,116.97,165.66,Mobile App
S02172,2023-05-31,ST03,C0443,P036,1,663.69,357.09,306.6,Mobile App
S02173,2024-07-05,ST04,C0192,P014,1,83.98,86.92,-2.94,Mobile App
S02174,2025-02-06,ST13,C0022,P013,1,302.9,77.84,225.06,Mobile App
S02175,2024-05-23,ST08,C0308,P004,2,645.98,467.52,178.46,Online
S02176,2024-01-12,ST12,C0014,P051,2,1479.91,766.28,713.63,Marketplace
S02177,2024-09-29,ST05,C0354,P048,2,688.12,309.0,379.12,Retail Store
S02178,2025-01-11,ST11,C0115,P013,1,302.9,77.84,225.06,Marketplace
S02179,2024-05-11,ST08,C0226,P031,1,119.78,286.24,-166.46,Retail Store
S02180,2023-05-11,ST14,C0321,P086,4,2306.32,669.08,1637.24,Mobile App
S02181,2025-02-25,ST09,C0083,P023,1,224.37,255.0,-30.63,Online
S02182,2024-09-23,ST05,C0019,P023,4,944.72,1020.0,-75.28,Online
S02183,2024-04-20,ST01,C0327,P002,1,513.22,197.54,315.68,Online
S02184,2025-06-09,ST06,C0031,P030,2,1314.14,616.1,698.04,Mobile App
S02185,2024-01-13,ST03,C0278,P057,3,1569.81,102.48,1467.33,Marketplace
S02186,2025-01-09,ST12,C0158,P026,3,308.83,577.14,-268.31,Marketplace
S02187,2025-07-28,ST11,C0376,P026,3,308.83,577.14,-268.31,Marketplace
S02188,2023-02-05,ST03,C0162,P087,1,692.68,250.47,442.21,Marketplace
S02189,2023-04-26,ST05,C0344,P084,2,1363.28,781.16,582.12,Online
S02190,2024-03-18,ST12,C0371,P044,1,437.3,212.6,224.7,Retail Store
S02191,2023-05-09,ST15,C0227,P058,1,636.91,133.49,503.42,Marketplace
S02192,2024-04-13,ST01,C0208,P056,1,739.76,278.46,461.3,Online
S02193,2023-05-23,ST04,C0306,P048,2,619.31,309.0,310.31,Marketplace
S02194,2024-06-23,ST06,C0147,P021,1,435.74,349.05,86.69,Mobile App
S02195,2024-01-13,ST14,C0061,P034,4,2129.33,1259.76,869.57,Online
S02196,2024-08-13,ST15,C0193,P079,1,646.16,180.26,465.9,Retail Store
S02197,2023-08-13,ST07,C0400,P068,2,923.84,753.98,169.86,Mobile App
S02198,2023-09-25,ST10,C0306,P066,1,166.76,94.05,72.71,Retail Store
S02199,2024-11-18,ST09,C0040,P082,1,680.2,136.73,543.47,Retail Store
S02200,2024-10-06,ST10,C0400,P038,1,441.58,397.37,44.21,Marketplace
S02201,2025-04-06,ST09,C0202,P025,2,1400.78,533.92,866.86,Mobile App
S02202,2024-10-05,ST02,C0196,P041,1,59.38,33.46,25.92,Retail Store
S02203,2024-08-14,ST10,C0147,P031,1,126.08,286.24,-160.16,Retail Store
S02204,2024-03-17,ST08,C0448,P049,3,1845.92,710.37,1135.55,Mobile App
S02205,2023-02-14,ST04,C0329,P004,1,339.99,233.76,106.23,Retail Store
S02206,2024-11-25,ST09,C0103,P079,4,2441.03,721.04,1719.99,Online
S02207,2023-02-13,ST07,C0187,P080,3,485.22,910.98,-425.76,Marketplace
S02208,2024-04-22,ST04,C0243,P080,3,436.7,910.98,-474.28,Marketplace
S02209,2024-03-23,ST11,C0292,P068,3,1177.9,1130.97,46.93,Retail Store
S02210,2024-08-20,ST15,C0300,P013,1,272.61,77.84,194.77,Online
S02211,2025-04-18,ST02,C0105,P023,2,448.74,510.0,-61.26,Online
S02212,2025-01-31,ST11,C0051,P014,2,197.6,173.84,23.76,Mobile App
S02213,2025-04-21,ST15,C0139,P031,2,252.16,572.48,-320.32,Mobile App
S02214,2025-08-27,ST11,C0139,P034,1,532.33,314.94,217.39,Retail Store
S02215,2023-07-05,ST13,C0067,P059,1,139.49,245.23,-105.74,Retail Store
S02216,2023-12-11,ST06,C0090,P016,3,1790.02,387.18,1402.84,Marketplace
S02217,2024-03-10,ST08,C0411,P051,2,1397.69,766.28,631.41,Mobile App
S02218,2025-02-17,ST02,C0051,P053,2,440.78,351.76,89.02,Online
S02219,2024-03-06,ST01,C0123,P045,4,1634.16,508.32,1125.84,Online
S02220,2024-12-20,ST04,C0111,P052,1,329.39,64.51,264.88,Mobile App
S02221,2025-01-15,ST13,C0250,P076,3,1914.97,434.31,1480.66,Marketplace
S02222,2025-03-28,ST10,C0258,P061,1,259.89,396.5,-136.61,Marketplace
S02223,2024-10-02,ST03,C0053,P050,1,473.66,164.87,308.79,Marketplace
S02224,2025-05-06,ST15,C0058,P047,1,673.57,118.67,554.9,Online
S02225,2023-04-08,ST14,C0374,P040,1,675.96,99.01,576.95,Retail Store
S02226,2023-11-17,ST10,C0411,P008,1,623.35,380.57,242.78,Retail Store
S02227,2024-09-07,ST05,C0425,P003,2,1213.34,224.04,989.3,Retail Store
S02228,2024-10-24,ST07,C0124,P081,2,387.5,85.54,301.96,Online
S02229,2025-01-16,ST07,C0210,P005,1,507.56,280.69,226.87,Retail Store
S02230,2024-03-04,ST03,C0434,P001,2,1413.14,636.5,776.64,Retail Store
S02231,2025-05-30,ST08,C0359,P012,1,434.35,157.89,276.46,Mobile App
S02232,2023-12-14,ST13,C0345,P015,1,707.8,139.34,568.46,Online
S02233,2024-09-18,ST08,C0229,P034,2,1120.7,629.88,490.82,Retail Store
S02234,2024-05-25,ST02,C0055,P008,2,1385.22,761.14,624.08,Marketplace
S02235,2024-08-24,ST04,C0002,P007,1,58.64,354.8,-296.16,Mobile App
S02236,2024-10-19,ST04,C0243,P075,4,1830.71,358.12,1472.59,Retail Store
S02237,2024-12-20,ST03,C0059,P050,2,999.95,329.74,670.21,Mobile App
S02238,2024-05-17,ST02,C0181,P048,4,1169.8,618.0,551.8,Mobile App
S02239,2024-11-22,ST13,C0114,P009,1,449.22,283.05,166.17,Online
S02240,2023-09-30,ST07,C0069,P083,1,476.87,166.97,309.9,Mobile App
S02241,2023-02-13,ST15,C0309,P006,4,1099.05,155.6,943.45,Retail Store
S02242,2023-12-24,ST11,C0245,P016,2,1403.94,258.12,1145.82,Mobile App
S02243,2024-05-10,ST15,C0292,P054,1,248.06,278.44,-30.38,Retail Store
S02244,2023-07-23,ST08,C0167,P036,1,663.69,357.09,306.6,Mobile App
S02245,2025-08-03,ST05,C0061,P063,3,2392.59,337.41,2055.18,Mobile App
S02246,2023-10-30,ST01,C0090,P010,1,774.37,290.1,484.27,Mobile App
S02247,2023-10-28,ST14,C0365,P045,1,408.54,127.08,281.46,Mobile App
S02248,2024-04-15,ST12,C0091,P066,1,149.21,94.05,55.16,Mobile App
S02249,2023-02-20,ST07,C0417,P029,1,268.5,116.97,151.53,Marketplace
S02250,2025-06-13,ST06,C0371,P065,3,1344.05,430.92,913.13,Marketplace
S02251,2023-04-10,ST14,C0248,P080,1,153.65,303.66,-150.01,Mobile App
S02252,2023-05-29,ST03,C0016,P030,2,1182.73,616.1,566.63,Retail Store
S02253,2023-08-09,ST12,C0236,P010,1,735.65,290.1,445.55,Mobile App
S02254,2024-09-22,ST11,C0056,P056,1,698.66,278.46,420.2,Mobile App
S02255,2023-11-10,ST01,C0085,P009,1,426.76,283.05,143.71,Mobile App
S02256,2023-02-17,ST09,C0138,P005,1,563.96,280.69,283.27,Mobile App
S02257,2024-01-25,ST12,C0328,P045,3,1103.06,381.24,721.82,Marketplace
S02258,2025-08-21,ST15,C0068,P069,4,2711.03,640.36,2070.67,Mobile App
S02259,2023-04-21,ST13,C0115,P009,1,449.22,283.05,166.17,Retail Store
S02260,2024-09-02,ST07,C0350,P037,1,843.59,385.8,457.79,Marketplace
S02261,2024-01-18,ST14,C0288,P061,2,577.54,793.0,-215.46,Mobile App
S02262,2025-06-28,ST12,C0309,P027,4,2538.32,812.4,1725.92,Mobile App
S02263,2024-06-03,ST12,C0226,P083,2,900.75,333.94,566.81,Mobile App
S02264,2023-03-14,ST14,C0210,P057,4,2209.36,136.64,2072.72,Retail Store
S02265,2023-02-06,ST08,C0153,P044,1,393.57,212.6,180.97,Marketplace
S02266,2024-09-13,ST05,C0411,P034,1,532.33,314.94,217.39,Online
S02267,2025-05-04,ST15,C0126,P011,1,655.55,253.22,402.33,Marketplace
S02268,2024-03-14,ST03,C0267,P062,2,612.52,182.72,429.8,Marketplace
S02269,2024-03-10,ST08,C0350,P023,1,200.75,255.0,-54.25,Mobile App
S02270,2023-02-21,ST04,C0325,P019,1,108.34,335.58,-227.24,Mobile App
S02271,2025-05-08,ST11,C0161,P006,1,323.25,38.9,284.35,Marketplace
S02272,2023-08-14,ST08,C0403,P010,1,735.65,290.1,445.55,Marketplace
S02273,2025-08-05,ST04,C0437,P084,3,2405.79,1171.74,1234.05,Online
S02274,2025-02-21,ST07,C0099,P071,1,143.99,253.92,-109.93,Online
S02275,2024-09-02,ST05,C0057,P067,1,641.05,303.9,337.15,Retail Store
S02276,2023-12-14,ST01,C0400,P087,4,3078.56,1001.88,2076.68,Marketplace
S02277,2024-05-13,ST11,C0125,P085,1,767.55,218.24,549.31,Retail Store
S02278,2023-09-14,ST03,C0210,P026,4,390.1,769.52,-379.42,Mobile App
S02279,2025-08-07,ST10,C0080,P050,1,499.98,164.87,335.11,Online
S02280,2024-07-12,ST14,C0374,P017,1,492.22,265.06,227.16,Online
S02281,2023-10-13,ST03,C0114,P077,1,257.86,391.83,-133.97,Marketplace
S02282,2025-06-09,ST06,C0361,P034,1,560.35,314.94,245.41,Retail Store
S02283,2025-08-20,ST07,C0069,P067,1,641.05,303.9,337.15,Marketplace
S02284,2025-03-08,ST14,C0305,P045,1,347.26,127.08,220.18,Retail Store
S02285,2024-02-16,ST11,C0390,P058,1,636.91,133.49,503.42,Retail Store
S02286,2025-04-13,ST01,C0224,P013,1,302.9,77.84,225.06,Online
S02287,2025-07-17,ST01,C0370,P037,4,3374.36,1543.2,1831.16,Marketplace
S02288,2025-03-03,ST07,C0101,P007,1,58.64,354.8,-296.16,Online
S02289,2023-03-06,ST02,C0265,P061,3,822.99,1189.5,-366.51,Marketplace
S02290,2023-08-01,ST09,C0358,P046,1,452.1,349.48,102.62,Marketplace
S02291,2023-05-12,ST06,C0368,P046,2,951.8,698.96,252.84,Retail Store
S02292,2023-11-07,ST15,C0337,P006,2,549.52,77.8,471.72,Online
S02293,2023-08-01,ST10,C0315,P014,1,98.8,86.92,11.88,Marketplace
S02294,2024-04-30,ST06,C0187,P029,3,847.89,350.91,496.98,Online
S02295,2024-10-06,ST04,C0117,P012,4,1737.4,631.56,1105.84,Marketplace
S02296,2025-04-25,ST09,C0206,P023,1,224.37,255.0,-30.63,Retail Store
S02297,2023-12-12,ST09,C0430,P030,1,624.22,308.05,316.17,Retail Store
S02298,2025-07-08,ST13,C0138,P036,1,663.69,357.09,306.6,Marketplace
S02299,2023-12-23,ST02,C0026,P084,1,801.93,390.58,411.35,Retail Store
S02300,2024-11-18,ST04,C0339,P052,5,1937.6,322.55,1615.05,Retail Store
S02301,2023-06-05,ST05,C0025,P001,2,1413.14,636.5,776.64,Retail Store
S02302,2025-06-04,ST11,C0301,P079,1,610.26,180.26,430.0,Online
S02303,2024-10-13,ST12,C0199,P077,1,286.51,391.83,-105.32,Marketplace
S02304,2024-10-06,ST02,C0098,P025,1,823.99,266.96,557.03,Mobile App
S02305,2023-08-16,ST12,C0357,P054,1,235.01,278.44,-43.43,Retail Store
S02306,2024-05-10,ST01,C0078,P034,1,504.32,314.94,189.38,Online
S02307,2025-07-24,ST13,C0136,P015,7,5828.97,975.38,4853.59,Online
S02308,2025-01-23,ST10,C0296,P035,1,700.78,272.69,428.09,Online
S02309,2023-07-22,ST11,C0150,P084,1,801.93,390.58,411.35,Retail Store
S02310,2023-02-06,ST14,C0424,P064,2,573.44,261.08,312.36,Retail Store
S02311,2024-07-03,ST03,C0065,P042,1,269.47,140.98,128.49,Retail Store
S02312,2023-03-28,ST11,C0276,P024,2,1575.08,307.34,1267.74,Retail Store
S02313,2024-06-28,ST15,C0325,P047,3,2127.06,356.01,1771.05,Marketplace
S02314,2025-06-15,ST06,C0193,P062,1,290.95,91.36,199.59,Online
S02315,2024-10-06,ST13,C0128,P047,2,1418.04,237.34,1180.7,Mobile App
S02316,2024-09-17,ST14,C0163,P022,3,925.31,676.98,248.33,Marketplace
S02317,2025-08-27,ST06,C0293,P046,1,428.31,349.48,78.83,Marketplace
S02318,2023-08-09,ST14,C0154,P023,4,803.01,1020.0,-216.99,Online
S02319,2023-06-20,ST09,C0394,P077,3,730.6,1175.49,-444.89,Marketplace
S02320,2023-03-30,ST09,C0055,P085,2,1454.31,436.48,1017.83,Mobile App
S02321,2025-04-11,ST09,C0266,P022,1,324.67,225.66,99.01,Retail Store
S02322,2024-12-17,ST03,C0021,P057,1,523.27,34.16,489.11,Online
S02323,2023-03-09,ST09,C0162,P035,1,783.23,272.69,510.54,Online
S02324,2023-12-04,ST14,C0151,P020,1,742.8,218.7,524.1,Retail Store
S02325,2024-12-19,ST08,C0448,P056,3,2465.85,835.38,1630.47,Retail Store
S02326,2024-06-07,ST12,C0118,P071,3,367.17,761.76,-394.59,Mobile App
S02327,2024-07-21,ST07,C0337,P089,2,1332.96,454.32,878.64,Retail Store
S02328,2025-02-14,ST03,C0209,P067,1,641.05,303.9,337.15,Marketplace
S02329,2023-01-24,ST06,C0428,P084,3,2044.92,1171.74,873.18,Retail Store
S02330,2024-03-29,ST01,C0145,P077,3,773.58,1175.49,-401.91,Marketplace
S02331,2023-07-21,ST05,C0429,P080,1,161.74,303.66,-141.92,Mobile App
S02332,2023-10-11,ST06,C0436,P005,1,535.76,280.69,255.07,Marketplace
S02333,2024-01-09,ST10,C0078,P085,3,2181.47,654.72,1526.75,Mobile App
S02334,2024-04-03,ST04,C0302,P048,3,1032.18,463.5,568.68,Mobile App
S02335,2023-09-05,ST12,C0297,P015,1,749.44,139.34,610.1,Online
S02336,2023-06-21,ST09,C0312,P015,1,791.07,139.34,651.73,Retail Store
S02337,2023-04-30,ST11,C0191,P044,2,874.6,425.2,449.4,Mobile App
S02338,2024-12-23,ST11,C0294,P056,3,2219.27,835.38,1383.89,Mobile App
S02339,2024-07-10,ST09,C0123,P086,2,1095.5,334.54,760.96,Marketplace
S02340,2024-06-14,ST06,C0198,P028,2,942.07,598.86,343.21,Online
S02341,2024-09-24,ST07,C0377,P064,2,516.1,261.08,255.02,Retail Store
S02342,2025-06-15,ST04,C0354,P016,2,1403.94,258.12,1145.82,Marketplace
S02343,2024-04-18,ST15,C0390,P050,1,526.29,164.87,361.42,Mobile App
S02344,2024-12-21,ST09,C0356,P081,4,775.01,171.08,603.93,Mobile App
S02345,2025-06-17,ST12,C0140,P001,1,600.58,318.25,282.33,Marketplace
S02346,2024-08-16,ST09,C0445,P008,1,623.35,380.57,242.78,Online
S02347,2024-02-18,ST05,C0328,P067,3,1923.15,911.7,1011.45,Retail Store
S02348,2024-03-06,ST08,C0224,P002,1,513.22,197.54,315.68,Mobile App
S02349,2023-11-24,ST06,C0342,P081,1,204.52,42.77,161.75,Retail Store
S02350,2025-07-11,ST01,C0218,P046,1,475.9,349.48,126.42,Retail Store
S02351,2025-05-23,ST09,C0033,P086,2,1037.84,334.54,703.3,Online
S02352,2023-03-16,ST14,C0276,P020,3,2116.98,656.1,1460.88,Marketplace
S02353,2024-10-08,ST11,C0286,P042,1,269.47,140.98,128.49,Retail Store
S02354,2024-01-29,ST14,C0397,P045,1,408.54,127.08,281.46,Retail Store
S02355,2024-06-20,ST04,C0345,P045,3,1164.34,381.24,783.1,Marketplace
S02356,2024-09-20,ST13,C0015,P043,3,2318.82,1158.27,1160.55,Online
S02357,2025-07-06,ST01,C0364,P038,1,490.65,397.37,93.28,Retail Store
S02358,2025-05-17,ST12,C0006,P061,1,288.77,396.5,-107.73,Retail Store
S02359,2023-04-07,ST13,C0257,P071,1,136.79,253.92,-117.13,Mobile App
S02360,2025-02-05,ST04,C0095,P082,1,680.2,136.73,543.47,Online
S02361,2023-10-19,ST13,C0329,P061,9,2339.04,3568.5,-1229.46,Online
S02362,2023-09-24,ST06,C0302,P065,3,1423.12,430.92,992.2,Retail Store
S02363,2024-04-11,ST13,C0314,P067,3,1730.83,911.7,819.13,Online
S02364,2024-11-11,ST07,C0392,P085,1,767.55,218.24,549.31,Mobile App
S02365,2023-02-26,ST05,C0226,P063,2,1435.55,224.94,1210.61,Retail Store
S02366,2024-07-28,ST02,C0341,P011,1,771.23,253.22,518.01,Mobile App
S02367,2025-03-06,ST14,C0320,P025,3,2101.17,800.88,1300.29,Retail Store
S02368,2023-07-17,ST13,C0217,P011,1,771.23,253.22,518.01,Mobile App
S02369,2024-04-18,ST06,C0255,P067,3,1923.15,911.7,1011.45,Mobile App
S02370,2024-03-13,ST01,C0011,P051,2,1644.34,766.28,878.06,Mobile App
S02371,2023-01-26,ST01,C0010,P026,2,184.21,384.76,-200.55,Mobile App
S02372,2025-08-27,ST11,C0264,P082,1,680.2,136.73,543.47,Retail Store
S02373,2024-07-29,ST12,C0332,P031,3,359.33,858.72,-499.39,Mobile App
S02374,2024-11-30,ST12,C0296,P080,1,161.74,303.66,-141.92,Mobile App
S02375,2023-05-02,ST02,C0002,P033,1,668.01,293.6,374.41,Marketplace
S02376,2024-01-30,ST06,C0315,P038,6,2943.9,2384.22,559.68,Online
S02377,2024-10-08,ST05,C0140,P041,2,118.76,66.92,51.84,Online
S02378,2025-08-28,ST04,C0436,P041,3,209.58,100.38,109.2,Mobile App
S02379,2025-08-02,ST14,C0377,P067,3,1923.15,911.7,1011.45,Online
S02380,2025-01-19,ST02,C0189,P042,5,1347.35,704.9,642.45,Marketplace
S02381,2023-01-28,ST01,C0142,P085,1,807.95,218.24,589.71,Online
S02382,2023-05-28,ST08,C0337,P072,2,1526.74,470.28,1056.46,Mobile App
S02383,2025-07-24,ST09,C0407,P080,1,145.57,303.66,-158.09,Retail Store
S02384,2024-09-09,ST07,C0349,P051,2,1479.91,766.28,713.63,Mobile App
S02385,2025-08-01,ST07,C0016,P026,2,195.05,384.76,-189.71,Online
S02386,2024-12-29,ST06,C0249,P067,2,1282.1,607.8,674.3,Online
S02387,2024-07-13,ST15,C0432,P062,3,780.96,274.08,506.88,Marketplace
S02388,2024-09-20,ST04,C0427,P083,1,476.87,166.97,309.9,Online
S02389,2024-01-10,ST05,C0282,P013,1,257.46,77.84,179.62,Retail Store
S02390,2025-03-08,ST15,C0235,P058,1,605.06,133.49,471.57,Mobile App
S02391,2023-04-24,ST09,C0426,P041,3,199.1,100.38,98.72,Retail Store
S02392,2025-05-16,ST07,C0215,P011,1,771.23,253.22,518.01,Marketplace
S02393,2024-02-09,ST05,C0333,P031,3,340.42,858.72,-518.3,Mobile App
S02394,2024-03-16,ST13,C0096,P023,1,236.18,255.0,-18.82,Retail Store
S02395,2023-04-30,ST02,C0101,P037,2,1602.82,771.6,831.22,Retail Store
S02396,2024-12-27,ST08,C0293,P087,1,769.64,250.47,519.17,Marketplace
S02397,2025-08-21,ST12,C0326,P014,3,296.4,260.76,35.64,Online
S02398,2024-02-07,ST13,C0021,P082,1,716.0,136.73,579.27,Online
S02399,2025-07-15,ST03,C0311,P037,2,1602.82,771.6,831.22,Retail Store
S02400,2023-01-02,ST07,C0356,P079,1,717.95,180.26,537.69,Online
S02401,2025-08-28,ST14,C0119,P003,1,515.67,112.02,403.65,Marketplace
S02402,2024-12-27,ST10,C0281,P023,1,200.75,255.0,-54.25,Retail Store
S02403,2025-06-09,ST12,C0315,P072,3,2049.05,705.42,1343.63,Online
S02404,2023-09-28,ST15,C0279,P021,1,459.95,349.05,110.9,Retail Store
S02405,2025-02-28,ST08,C0419,P008,2,1177.44,761.14,416.3,Online
S02406,2025-06-15,ST11,C0439,P054,2,443.9,556.88,-112.98,Online
S02407,2023-05-11,ST04,C0348,P010,1,774.37,290.1,484.27,Mobile App
S02408,2025-04-06,ST13,C0302,P014,1,98.8,86.92,11.88,Retail Store
S02409,2023-05-05,ST11,C0027,P082,2,1432.0,273.46,1158.54,Online
S02410,2024-10-23,ST12,C0301,P045,1,408.54,127.08,281.46,Marketplace
S02411,2025-08-10,ST14,C0109,P029,1,268.5,116.97,151.53,Mobile App
S02412,2023-09-19,ST05,C0384,P028,5,2770.8,1497.15,1273.65,Retail Store
S02413,2024-07-26,ST06,C0192,P003,1,515.67,112.02,403.65,Retail Store
S02414,2023-02-08,ST09,C0313,P010,2,1548.74,580.2,968.54,Retail Store
S02415,2025-05-25,ST04,C0449,P006,1,323.25,38.9,284.35,Mobile App
S02416,2023-07-23,ST08,C0400,P020,1,742.8,218.7,524.1,Online
S02417,2024-03-01,ST12,C0131,P033,1,742.23,293.6,448.63,Mobile App
S02418,2024-02-16,ST01,C0394,P040,1,642.16,99.01,543.15,Online
S02419,2023-08-03,ST01,C0361,P066,1,157.99,94.05,63.94,Mobile App
S02420,2024-02-14,ST12,C0140,P046,1,475.9,349.48,126.42,Mobile App
S02421,2023-12-15,ST13,C0399,P081,1,204.52,42.77,161.75,Mobile App
S02422,2024-12-21,ST14,C0193,P072,2,1526.74,470.28,1056.46,Mobile App
S02423,2023-04-02,ST07,C0074,P041,1,66.37,33.46,32.91,Marketplace
S02424,2025-04-20,ST08,C0013,P047,1,709.02,118.67,590.35,Online
S02425,2024-08-20,ST11,C0416,P012,2,914.42,315.78,598.64,Mobile App
S02426,2023-11-15,ST02,C0314,P014,2,177.84,173.84,4.0,Online
S02427,2024-09-10,ST05,C0264,P072,3,2290.12,705.42,1584.7,Online
S02428,2023-09-26,ST08,C0441,P048,1,326.86,154.5,172.36,Online
S02429,2024-01-28,ST09,C0154,P009,1,449.22,283.05,166.17,Retail Store
S02430,2023-09-24,ST13,C0082,P007,1,52.78,354.8,-302.02,Online
S02431,2023-01-27,ST04,C0328,P030,1,657.07,308.05,349.02,Online
S02432,2023-06-09,ST07,C0432,P080,3,485.22,910.98,-425.76,Online
S02433,2023-08-27,ST03,C0005,P003,1,606.67,112.02,494.65,Marketplace
S02434,2025-04-15,ST07,C0005,P079,2,1364.11,360.52,1003.59,Marketplace
S02435,2023-03-02,ST10,C0435,P027,1,602.85,203.1,399.75,Retail Store
S02436,2023-10-23,ST09,C0378,P003,1,606.67,112.02,494.65,Marketplace
S02437,2024-01-20,ST02,C0157,P034,2,1120.7,629.88,490.82,Marketplace
S02438,2023-12-17,ST08,C0393,P006,2,646.5,77.8,568.7,Online
S02439,2025-05-07,ST09,C0368,P004,2,577.98,467.52,110.46,Mobile App
S02440,2023-05-17,ST07,C0208,P052,1,387.52,64.51,323.01,Retail Store
S02441,2025-02-26,ST10,C0427,P076,3,1814.18,434.31,1379.87,Online
S02442,2025-03-02,ST11,C0262,P045,3,1164.34,381.24,783.1,Online
S02443,2023-04-18,ST02,C0325,P036,1,702.73,357.09,345.64,Marketplace
S02444,2024-01-09,ST04,C0032,P044,2,787.14,425.2,361.94,Retail Store
S02445,2024-04-21,ST02,C0308,P022,3,827.91,676.98,150.93,Online
S02446,2023-05-05,ST11,C0179,P003,5,3033.35,560.1,2473.25,Online
S02447,2023-08-01,ST10,C0034,P060,4,1589.13,553.0,1036.13,Retail Store
S02448,2024-07-06,ST13,C0300,P008,1,588.72,380.57,208.15,Mobile App
S02449,2025-01-31,ST07,C0409,P034,1,532.33,314.94,217.39,Online
S02450,2023-12-14,ST14,C0325,P039,1,47.93,373.85,-325.92,Online
S02451,2025-05-30,ST03,C0182,P055,1,725.09,244.81,480.28,Mobile App
S02452,2024-01-07,ST05,C0030,P028,3,1662.48,898.29,764.19,Marketplace
S02453,2024-08-18,ST06,C0066,P029,1,282.63,116.97,165.66,Mobile App
S02454,2023-11-22,ST15,C0304,P050,2,1052.58,329.74,722.84,Retail Store
S02455,2024-07-20,ST03,C0189,P026,2,205.88,384.76,-178.88,Retail Store
S02456,2023-06-03,ST05,C0146,P048,1,309.65,154.5,155.15,Mobile App
S02457,2023-06-27,ST12,C0037,P067,1,544.89,303.9,240.99,Mobile App
S02458,2024-10-28,ST02,C0004,P089,1,666.48,227.16,439.32,Retail Store
S02459,2024-01-01,ST09,C0106,P068,1,392.63,376.99,15.64,Online
S02460,2025-05-07,ST07,C0035,P013,1,302.9,77.84,225.06,Mobile App
S02461,2025-02-28,ST15,C0008,P064,1,286.72,130.54,156.18,Marketplace
S02462,2023-10-18,ST02,C0129,P047,1,602.67,118.67,484.0,Online
S02463,2023-02-13,ST11,C0326,P087,2,1308.39,500.94,807.45,Mobile App
S02464,2023-07-30,ST11,C0314,P017,1,518.13,265.06,253.07,Marketplace
S02465,2025-04-15,ST08,C0049,P028,2,997.49,598.86,398.63,Retail Store
S02466,2025-02-10,ST04,C0244,P073,1,821.3,376.81,444.49,Retail Store
S02467,2025-03-03,ST02,C0329,P040,2,1351.92,198.02,1153.9,Retail Store
S02468,2023-11-11,ST10,C0418,P006,1,307.09,38.9,268.19,Retail Store
S02469,2025-08-04,ST07,C0170,P086,2,1037.84,334.54,703.3,Mobile App
S02470,2024-12-23,ST05,C0211,P065,1,448.02,143.64,304.38,Retail Store
S02471,2023-11-22,ST07,C0317,P064,1,286.72,130.54,156.18,Mobile App
S02472,2023-03-03,ST03,C0139,P007,3,175.92,1064.4,-888.48,Retail Store
S02473,2024-12-03,ST04,C0367,P054,1,261.12,278.44,-17.32,Mobile App
S02474,2023-07-22,ST02,C0031,P085,1,727.16,218.24,508.92,Marketplace
S02475,2025-06-30,ST15,C0111,P032,2,691.76,592.7,99.06,Online
S02476,2025-07-31,ST04,C0107,P077,1,257.86,391.83,-133.97,Online
S02477,2025-01-28,ST08,C0039,P052,1,329.39,64.51,264.88,Mobile App
S02478,2025-06-19,ST09,C0328,P034,1,476.3,314.94,161.36,Online
S02479,2023-09-06,ST15,C0278,P048,1,309.65,154.5,155.15,Mobile App
S02480,2024-06-18,ST09,C0138,P084,4,3047.33,1562.32,1485.01,Online
S02481,2024-04-13,ST03,C0440,P016,2,1333.74,258.12,1075.62,Retail Store
S02482,2023-06-25,ST12,C0442,P064,2,544.77,261.08,283.69,Retail Store
S02483,2025-06-05,ST05,C0214,P088,2,1422.13,604.28,817.85,Marketplace
S02484,2023-08-11,ST05,C0013,P082,1,644.4,136.73,507.67,Mobile App
S02485,2023-01-01,ST01,C0417,P003,6,3640.02,672.12,2967.9,Mobile App
S02486,2024-04-01,ST04,C0041,P076,1,671.92,144.77,527.15,Marketplace
S02487,2023-08-23,ST11,C0291,P007,3,167.12,1064.4,-897.28,Marketplace
S02488,2023-08-16,ST03,C0203,P022,2,649.34,451.32,198.02,Marketplace
S02489,2023-09-03,ST06,C0035,P031,1,113.47,286.24,-172.77,Marketplace
S02490,2023-12-18,ST06,C0045,P054,1,235.01,278.44,-43.43,Mobile App
S02491,2024-01-03,ST06,C0180,P029,1,282.63,116.97,165.66,Online
S02492,2024-12-19,ST13,C0132,P049,2,1101.07,473.58,627.49,Online
S02493,2023-03-23,ST02,C0009,P081,5,968.76,213.85,754.91,Mobile App
S02494,2024-10-30,ST10,C0072,P048,1,309.65,154.5,155.15,Marketplace
S02495,2023-10-12,ST05,C0084,P083,1,529.85,166.97,362.88,Mobile App
S02496,2025-03-18,ST14,C0252,P084,3,2405.79,1171.74,1234.05,Retail Store
S02497,2023-05-25,ST03,C0314,P040,2,1216.73,198.02,1018.71,Retail Store
S02498,2023-04-01,ST15,C0402,P007,1,58.64,354.8,-296.16,Marketplace
S02499,2023-09-11,ST14,C0433,P079,2,1292.31,360.52,931.79,Mobile App
S02500,2025-01-30,ST03,C0435,P086,1,490.09,167.27,322.82,Retail Store
S02501,2024-03-21,ST10,C0204,P050,1,526.29,164.87,361.42,Mobile App
S02502,2024-05-18,ST14,C0123,P053,2,396.7,351.76,44.94,Mobile App
S02503,2024-07-27,ST05,C0032,P027,3,1808.55,609.3,1199.25,Marketplace
S02504,2023-11-05,ST15,C0221,P078,1,85.81,216.55,-130.74,Marketplace
S02505,2023-03-03,ST14,C0331,P059,2,278.98,490.46,-211.48,Mobile App
S02506,2025-05-01,ST01,C0198,P057,2,1046.54,68.32,978.22,Marketplace
S02507,2023-01-08,ST01,C0004,P085,5,4039.75,1091.2,2948.55,Online
S02508,2023-01-14,ST01,C0282,P087,3,2308.92,751.41,1557.51,Online
S02509,2023-11-10,ST02,C0101,P039,2,95.86,747.7,-651.84,Retail Store
S02510,2023-08-26,ST10,C0008,P005,1,479.37,280.69,198.68,Online
S02511,2024-04-27,ST12,C0187,P083,4,2119.4,667.88,1451.52,Online
S02512,2024-02-28,ST07,C0113,P040,1,642.16,99.01,543.15,Mobile App
S02513,2023-04-03,ST03,C0007,P058,2,1082.75,266.98,815.77,Retail Store
S02514,2023-07-09,ST03,C0209,P083,3,1589.55,500.91,1088.64,Marketplace
S02515,2024-11-10,ST10,C0428,P043,1,734.29,386.09,348.2,Marketplace
S02516,2025-02-21,ST10,C0358,P060,2,794.56,276.5,518.06,Marketplace
S02517,2024-05-03,ST12,C0143,P009,2,808.6,566.1,242.5,Mobile App
S02518,2023-02-28,ST13,C0138,P058,2,1082.75,266.98,815.77,Mobile App
S02519,2024-12-04,ST09,C0084,P044,3,1115.12,637.8,477.32,Online
S02520,2024-06-05,ST01,C0385,P041,2,118.76,66.92,51.84,Online
S02521,2025-07-27,ST12,C0321,P027,1,571.12,203.1,368.02,Marketplace
S02522,2023-03-25,ST11,C0022,P067,1,544.89,303.9,240.99,Online
S02523,2023-07-20,ST08,C0440,P022,1,324.67,225.66,99.01,Mobile App
S02524,2023-03-24,ST08,C0276,P045,1,347.26,127.08,220.18,Marketplace
S02525,2023-03-31,ST15,C0075,P058,2,1082.75,266.98,815.77,Marketplace
S02526,2023-03-05,ST07,C0174,P020,2,1262.76,437.4,825.36,Online
S02527,2023-08-11,ST08,C0360,P086,3,1643.25,501.81,1141.44,Marketplace
S02528,2024-04-13,ST07,C0339,P070,1,99.22,144.72,-45.5,Mobile App
S02529,2024-02-06,ST06,C0019,P082,4,2720.8,546.92,2173.88,Online
S02530,2024-09-06,ST09,C0093,P063,1,757.65,112.47,645.18,Online
S02531,2025-07-08,ST11,C0123,P073,2,1642.6,753.62,888.98,Online
S02532,2023-01-15,ST01,C0414,P040,1,675.96,99.01,576.95,Marketplace
S02533,2025-02-15,ST11,C0243,P006,1,323.25,38.9,284.35,Marketplace
S02534,2023-03-17,ST06,C0041,P060,1,467.39,138.25,329.14,Marketplace
S02535,2024-03-19,ST11,C0125,P010,1,658.21,290.1,368.11,Retail Store
S02536,2023-02-14,ST10,C0139,P050,2,1052.58,329.74,722.84,Retail Store
S02537,2024-10-15,ST09,C0263,P024,1,828.99,153.67,675.32,Marketplace
S02538,2024-09-05,ST09,C0098,P026,1,108.36,192.38,-84.02,Retail Store
S02539,2023-11-08,ST05,C0025,P037,1,759.23,385.8,373.43,Mobile App
S02540,2023-10-21,ST02,C0217,P012,1,457.21,157.89,299.32,Online
S02541,2023-11-18,ST03,C0191,P053,3,561.99,527.64,34.35,Online
S02542,2024-03-17,ST04,C0100,P079,1,682.05,180.26,501.79,Marketplace
S02543,2023-02-21,ST08,C0381,P041,2,132.73,66.92,65.81,Mobile App
S02544,2024-09-16,ST09,C0426,P048,3,1032.18,463.5,568.68,Mobile App
S02545,2024-09-26,ST08,C0331,P084,1,761.83,390.58,371.25,Online
S02546,2023-01-03,ST13,C0254,P029,1,254.37,116.97,137.4,Online
S02547,2025-04-20,ST15,C0134,P004,2,679.98,467.52,212.46,Online
S02548,2025-03-10,ST04,C0169,P036,4,3123.24,1428.36,1694.88,Online
S02549,2024-09-30,ST06,C0325,P079,1,717.95,180.26,537.69,Mobile App
S02550,2023-08-26,ST08,C0276,P050,1,447.35,164.87,282.48,Marketplace
S02551,2025-02-25,ST04,C0058,P089,4,2266.03,908.64,1357.39,Mobile App
S02552,2023-03-12,ST11,C0125,P004,1,288.99,233.76,55.23,Mobile App
S02553,2025-07-05,ST04,C0109,P035,1,742.01,272.69,469.32,Marketplace
S02554,2023-06-24,ST09,C0434,P046,3,1427.7,1048.44,379.26,Online
S02555,2024-12-23,ST15,C0381,P022,1,324.67,225.66,99.01,Marketplace
S02556,2023-01-12,ST15,C0233,P056,1,821.95,278.46,543.49,Retail Store
S02557,2023-02-02,ST06,C0088,P055,2,1305.16,489.62,815.54,Mobile App
S02558,2023-06-29,ST09,C0276,P058,1,605.06,133.49,471.57,Online
S02559,2023-02-22,ST06,C0235,P039,1,47.93,373.85,-325.92,Mobile App
S02560,2025-07-22,ST15,C0281,P001,1,706.57,318.25,388.32,Marketplace
S02561,2024-02-25,ST06,C0020,P009,3,1212.89,849.15,363.74,Online
S02562,2023-11-23,ST12,C0335,P054,4,992.26,1113.76,-121.5,Online
S02563,2024-09-21,ST14,C0350,P065,1,500.73,143.64,357.09,Marketplace
S02564,2025-07-05,ST10,C0167,P011,1,694.11,253.22,440.89,Mobile App
S02565,2025-06-04,ST10,C0117,P039,3,169.17,1121.55,-952.38,Retail Store
S02566,2023-01-19,ST01,C0043,P046,1,428.31,349.48,78.83,Mobile App
S02567,2023-11-14,ST11,C0444,P054,1,221.95,278.44,-56.49,Marketplace
S02568,2025-03-19,ST04,C0225,P081,1,182.99,42.77,140.22,Online
S02569,2023-06-13,ST06,C0198,P022,4,1233.75,902.64,331.11,Online
S02570,2024-12-21,ST02,C0422,P027,5,3172.9,1015.5,2157.4,Online
S02571,2023-04-04,ST12,C0403,P016,1,666.87,129.06,537.81,Online
S02572,2025-02-05,ST14,C0387,P032,2,691.76,592.7,99.06,Retail Store
S02573,2023-01-27,ST07,C0043,P044,1,393.57,212.6,180.97,Mobile App
S02574,2024-02-02,ST04,C0419,P019,1,114.36,335.58,-221.22,Online
S02575,2023-02-05,ST05,C0292,P009,1,404.3,283.05,121.25,Mobile App
S02576,2023-11-03,ST15,C0150,P059,4,474.27,980.92,-506.65,Retail Store
S02577,2023-09-07,ST05,C0420,P054,3,665.86,835.32,-169.46,Mobile App
S02578,2024-12-19,ST05,C0096,P051,3,2466.51,1149.42,1317.09,Retail Store
S02579,2024-07-05,ST06,C0103,P038,1,441.58,397.37,44.21,Retail Store
S02580,2023-01-19,ST02,C0130,P031,5,630.4,1431.2,-800.8,Mobile App
S02581,2025-08-14,ST06,C0094,P055,3,1848.98,734.43,1114.55,Mobile App
S02582,2024-01-26,ST03,C0053,P036,1,663.69,357.09,306.6,Retail Store
S02583,2025-05-18,ST05,C0309,P087,2,1308.39,500.94,807.45,Online
S02584,2023-07-20,ST11,C0174,P002,2,1083.46,395.08,688.38,Online
S02585,2024-12-21,ST11,C0032,P036,1,780.81,357.09,423.72,Mobile App
S02586,2023-05-17,ST05,C0233,P053,1,187.33,175.88,11.45,Retail Store
S02587,2023-05-13,ST02,C0055,P036,1,741.77,357.09,384.68,Mobile App
S02588,2023-05-13,ST13,C0189,P059,1,139.49,245.23,-105.74,Online
S02589,2023-02-06,ST11,C0169,P076,2,1343.84,289.54,1054.3,Mobile App
S02590,2025-08-22,ST05,C0233,P083,1,476.87,166.97,309.9,Retail Store
S02591,2023-08-14,ST08,C0423,P054,2,443.9,556.88,-112.98,Retail Store
S02592,2025-08-08,ST02,C0098,P070,1,99.22,144.72,-45.5,Mobile App
S02593,2023-05-07,ST11,C0426,P056,1,780.85,278.46,502.39,Online
S02594,2024-10-08,ST12,C0250,P001,1,706.57,318.25,388.32,Online
S02595,2023-02-15,ST10,C0386,P076,2,1276.65,289.54,987.11,Mobile App
S02596,2024-01-03,ST06,C0036,P019,2,216.68,671.16,-454.48,Online
S02597,2024-09-29,ST05,C0051,P030,1,558.51,308.05,250.46,Marketplace
S02598,2023-04-04,ST06,C0173,P081,3,613.55,128.31,485.24,Marketplace
S02599,2024-10-07,ST02,C0134,P065,1,527.08,143.64,383.44,Online
S02600,2024-08-20,ST09,C0281,P068,2,831.46,753.98,77.48,Mobile App
S02601,2023-02-15,ST12,C0304,P050,2,894.69,329.74,564.95,Retail Store
S02602,2023-03-15,ST13,C0378,P071,2,273.58,507.84,-234.26,Marketplace
S02603,2025-01-07,ST15,C0428,P078,4,403.8,866.2,-462.4,Retail Store
S02604,2023-09-07,ST11,C0273,P020,3,2228.4,656.1,1572.3,Mobile App
S02605,2023-10-26,ST09,C0392,P018,1,619.88,314.13,305.75,Marketplace
S02606,2023-08-06,ST13,C0247,P086,1,547.75,167.27,380.48,Marketplace
S02607,2023-04-09,ST04,C0242,P056,1,821.95,278.46,543.49,Mobile App
S02608,2023-08-10,ST09,C0413,P081,2,409.03,85.54,323.49,Retail Store
S02609,2023-06-19,ST14,C0052,P060,3,1332.06,414.75,917.31,Marketplace
S02610,2023-06-26,ST07,C0416,P079,1,610.26,180.26,430.0,Mobile App
S02611,2024-01-04,ST15,C0307,P011,1,655.55,253.22,402.33,Retail Store
S02612,2025-08-04,ST12,C0204,P060,1,444.02,138.25,305.77,Retail Store
S02613,2025-02-14,ST01,C0073,P048,2,688.12,309.0,379.12,Mobile App
S02614,2023-06-04,ST04,C0260,P005,2,1015.13,561.38,453.75,Marketplace
S02615,2024-12-14,ST08,C0223,P004,1,288.99,233.76,55.23,Mobile App
S02616,2023-09-05,ST13,C0301,P040,3,1825.09,297.03,1528.06,Mobile App
S02617,2025-03-20,ST13,C0063,P011,1,771.23,253.22,518.01,Mobile App
S02618,2024-02-05,ST13,C0449,P085,2,1373.52,436.48,937.04,Online
S02619,2023-10-03,ST11,C0248,P085,2,1615.9,436.48,1179.42,Retail Store
S02620,2023-05-03,ST10,C0195,P083,1,450.37,166.97,283.4,Online
S02621,2023-10-24,ST03,C0308,P012,3,1165.89,473.67,692.22,Retail Store
S02622,2024-05-02,ST06,C0146,P020,1,742.8,218.7,524.1,Marketplace
S02623,2023-10-18,ST05,C0093,P049,1,550.54,236.79,313.75,Marketplace
S02624,2025-02-21,ST10,C0135,P035,1,700.78,272.69,428.09,Retail Store
S02625,2024-08-15,ST11,C0301,P045,2,776.23,254.16,522.07,Retail Store
S02626,2024-02-21,ST08,C0436,P082,2,1288.8,273.46,1015.34,Mobile App
S02627,2023-01-05,ST01,C0147,P032,4,1383.52,1185.4,198.12,Retail Store
S02628,2023-09-14,ST13,C0253,P079,1,717.95,180.26,537.69,Online
S02629,2024-05-13,ST15,C0213,P003,1,606.67,112.02,494.65,Mobile App
S02630,2024-02-22,ST03,C0105,P067,2,1282.1,607.8,674.3,Mobile App
S02631,2023-09-18,ST04,C0217,P066,1,166.76,94.05,72.71,Retail Store
S02632,2024-12-26,ST15,C0398,P047,2,1418.04,237.34,1180.7,Retail Store
S02633,2024-12-10,ST12,C0286,P027,1,571.12,203.1,368.02,Marketplace
S02634,2024-07-21,ST02,C0160,P082,1,644.4,136.73,507.67,Retail Store
S02635,2023-12-13,ST09,C0156,P033,1,705.12,293.6,411.52,Retail Store
S02636,2024-03-01,ST04,C0035,P060,4,1589.13,553.0,1036.13,Mobile App
S02637,2024-03-17,ST07,C0410,P043,4,2628.0,1544.36,1083.64,Mobile App
S02638,2024-10-13,ST07,C0284,P047,2,1418.04,237.34,1180.7,Marketplace
S02639,2024-08-31,ST14,C0143,P021,1,411.54,349.05,62.49,Mobile App
S02640,2025-04-23,ST13,C0407,P029,1,240.24,116.97,123.27,Online
S02641,2023-08-24,ST01,C0356,P030,3,1872.65,924.15,948.5,Mobile App
S02642,2024-10-06,ST09,C0381,P073,1,821.3,376.81,444.49,Mobile App
S02643,2024-06-19,ST14,C0058,P067,1,641.05,303.9,337.15,Online
S02644,2024-08-31,ST11,C0262,P082,1,644.4,136.73,507.67,Marketplace
S02645,2023-06-22,ST08,C0304,P029,2,480.47,233.94,246.53,Marketplace
S02646,2024-04-04,ST09,C0014,P004,1,305.99,233.76,72.23,Retail Store
S02647,2023-08-14,ST09,C0250,P084,2,1603.86,781.16,822.7,Mobile App
S02648,2024-01-29,ST01,C0298,P074,1,174.11,350.01,-175.9,Online
S02649,2025-01-23,ST12,C0378,P021,2,871.49,698.1,173.39,Online
S02650,2023-11-22,ST13,C0092,P014,3,281.58,260.76,20.82,Retail Store
S02651,2023-06-22,ST08,C0390,P086,1,518.92,167.27,351.65,Marketplace
S02652,2024-01-09,ST04,C0272,P077,1,257.86,391.83,-133.97,Marketplace
S02653,2025-07-22,ST15,C0062,P086,1,576.58,167.27,409.31,Retail Store
S02654,2023-12-27,ST06,C0285,P071,1,143.99,253.92,-109.93,Mobile App
S02655,2023-11-20,ST05,C0079,P033,2,1484.46,587.2,897.26,Retail Store
S02656,2025-04-04,ST09,C0397,P019,6,722.28,2013.48,-1291.2,Marketplace
S02657,2023-09-18,ST06,C0045,P025,1,782.79,266.96,515.83,Online
S02658,2025-01-13,ST03,C0432,P012,1,434.35,157.89,276.46,Marketplace
S02659,2024-01-15,ST06,C0208,P007,1,52.78,354.8,-302.02,Retail Store
S02660,2023-06-03,ST15,C0345,P024,1,787.54,153.67,633.87,Mobile App
S02661,2025-02-05,ST01,C0077,P047,1,602.67,118.67,484.0,Retail Store
S02662,2025-04-28,ST02,C0265,P038,1,417.05,397.37,19.68,Mobile App
S02663,2024-05-12,ST01,C0275,P038,2,932.23,794.74,137.49,Retail Store
S02664,2024-08-25,ST10,C0368,P007,2,99.69,709.6,-609.91,Mobile App
S02665,2024-02-10,ST09,C0221,P012,4,1737.4,631.56,1105.84,Retail Store
S02666,2023-10-20,ST13,C0071,P041,2,118.76,66.92,51.84,Online
S02667,2023-09-17,ST02,C0131,P043,1,772.94,386.09,386.85,Marketplace
S02668,2025-01-31,ST13,C0229,P029,1,282.63,116.97,165.66,Retail Store
S02669,2023-12-26,ST09,C0426,P068,1,461.92,376.99,84.93,Online
S02670,2023-08-31,ST05,C0229,P046,1,428.31,349.48,78.83,Mobile App
S02671,2025-04-06,ST05,C0420,P083,1,503.36,166.97,336.39,Retail Store
S02672,2024-11-10,ST14,C0102,P056,1,780.85,278.46,502.39,Mobile App
S02673,2023-06-04,ST01,C0263,P051,1,822.17,383.14,439.03,Online
S02674,2025-05-04,ST08,C0013,P038,1,490.65,397.37,93.28,Online
S02675,2025-01-26,ST08,C0332,P053,2,440.78,351.76,89.02,Marketplace
S02676,2025-07-12,ST09,C0056,P006,2,549.52,77.8,471.72,Retail Store
S02677,2025-06-17,ST14,C0269,P031,2,252.16,572.48,-320.32,Mobile App
S02678,2024-01-19,ST01,C0318,P041,1,59.38,33.46,25.92,Marketplace
S02679,2024-12-01,ST11,C0236,P002,1,484.7,197.54,287.16,Online
S02680,2024-10-10,ST14,C0383,P038,2,834.1,794.74,39.36,Retail Store
S02681,2023-11-25,ST05,C0293,P038,1,466.12,397.37,68.75,Retail Store
S02682,2024-06-30,ST07,C0061,P010,1,735.65,290.1,445.55,Marketplace
S02683,2024-11-10,ST14,C0321,P033,3,1892.69,880.8,1011.89,Mobile App
S02684,2024-11-11,ST10,C0280,P084,2,1443.47,781.16,662.31,Retail Store
S02685,2024-02-01,ST12,C0214,P077,1,272.18,391.83,-119.65,Marketplace
S02686,2025-01-11,ST06,C0133,P042,2,458.1,281.96,176.14,Retail Store
S02687,2025-05-06,ST01,C0433,P008,1,588.72,380.57,208.15,Retail Store
S02688,2024-07-15,ST06,C0125,P063,1,797.53,112.47,685.06,Retail Store
S02689,2025-05-14,ST15,C0336,P043,1,772.94,386.09,386.85,Mobile App
S02690,2024-12-28,ST03,C0146,P068,1,392.63,376.99,15.64,Retail Store
S02691,2023-05-30,ST10,C0288,P040,1,608.36,99.01,509.35,Online
S02692,2023-07-17,ST10,C0014,P076,2,1343.84,289.54,1054.3,Retail Store
S02693,2025-06-05,ST08,C0059,P060,3,1402.17,414.75,987.42,Online
S02694,2025-01-04,ST03,C0013,P077,1,243.53,391.83,-148.3,Retail Store
S02695,2024-01-13,ST04,C0059,P087,3,2308.92,751.41,1557.51,Online
S02696,2025-06-17,ST01,C0267,P062,1,260.32,91.36,168.96,Retail Store
S02697,2023-05-27,ST13,C0291,P012,3,1371.63,473.67,897.96,Mobile App
S02698,2023-04-11,ST04,C0284,P066,3,473.96,282.15,191.81,Marketplace
S02699,2024-04-07,ST15,C0415,P027,1,602.85,203.1,399.75,Marketplace
S02700,2023-06-02,ST10,C0037,P064,3,817.15,391.62,425.53,Mobile App
S02701,2024-03-21,ST09,C0209,P044,1,437.3,212.6,224.7,Retail Store
S02702,2024-09-19,ST10,C0211,P001,2,1413.14,636.5,776.64,Mobile App
S02703,2025-06-27,ST09,C0102,P004,3,917.97,701.28,216.69,Mobile App
S02704,2025-07-14,ST06,C0347,P027,1,539.39,203.1,336.29,Marketplace
S02705,2024-12-25,ST04,C0079,P049,5,3076.53,1183.95,1892.58,Mobile App
S02706,2024-06-16,ST13,C0229,P050,2,894.69,329.74,564.95,Mobile App
S02707,2023-08-07,ST09,C0395,P029,2,565.26,233.94,331.32,Marketplace
S02708,2023-09-22,ST03,C0305,P064,1,243.71,130.54,113.17,Mobile App
S02709,2025-07-03,ST01,C0148,P061,2,548.66,793.0,-244.34,Marketplace
S02710,2023-10-06,ST15,C0098,P075,1,457.68,89.53,368.15,Marketplace
S02711,2024-06-17,ST03,C0409,P001,2,1201.17,636.5,564.67,Mobile App
S02712,2024-05-01,ST03,C0357,P048,2,584.9,309.0,275.9,Retail Store
S02713,2024-02-22,ST15,C0066,P006,2,614.17,77.8,536.37,Marketplace
S02714,2024-10-12,ST02,C0149,P009,3,1347.66,849.15,498.51,Online
S02715,2023-01-26,ST01,C0287,P044,1,415.44,212.6,202.84,Mobile App
S02716,2025-02-02,ST12,C0185,P073,5,4106.5,1884.05,2222.45,Retail Store
S02717,2024-01-18,ST06,C0186,P001,2,1201.17,636.5,564.67,Marketplace
S02718,2024-06-07,ST13,C0382,P063,1,797.53,112.47,685.06,Marketplace
S02719,2023-10-16,ST02,C0133,P069,1,606.42,160.09,446.33,Mobile App
S02720,2024-04-02,ST13,C0237,P050,5,2236.73,824.35,1412.38,Marketplace
S02721,2024-09-13,ST12,C0090,P028,1,554.16,299.43,254.73,Marketplace
S02722,2024-08-22,ST10,C0110,P022,3,974.01,676.98,297.03,Marketplace
S02723,2025-01-01,ST14,C0330,P046,2,856.62,698.96,157.66,Online
S02724,2025-01-08,ST05,C0442,P033,1,705.12,293.6,411.52,Online
S02725,2025-02-05,ST08,C0028,P066,1,157.99,94.05,63.94,Mobile App
S02726,2023-03-17,ST02,C0093,P034,1,532.33,314.94,217.39,Mobile App
S02727,2023-04-04,ST11,C0158,P006,1,290.93,38.9,252.03,Mobile App
S02728,2025-04-17,ST14,C0344,P060,1,420.65,138.25,282.4,Mobile App
S02729,2024-10-17,ST02,C0333,P040,2,1284.32,198.02,1086.3,Retail Store
S02730,2024-05-01,ST11,C0317,P063,1,757.65,112.47,645.18,Mobile App
S02731,2023-04-09,ST07,C0074,P026,1,97.52,192.38,-94.86,Online
S02732,2025-05-22,ST03,C0400,P045,1,347.26,127.08,220.18,Marketplace
S02733,2024-05-16,ST10,C0220,P012,1,434.35,157.89,276.46,Mobile App
S02734,2023-07-11,ST11,C0085,P033,2,1410.24,587.2,823.04,Marketplace
S02735,2024-03-25,ST04,C0214,P074,4,661.62,1400.04,-738.42,Marketplace
S02736,2023-01-29,ST07,C0147,P067,4,2564.2,1215.6,1348.6,Retail Store
S02737,2023-01-23,ST05,C0272,P026,1,102.94,192.38,-89.44,Retail Store
S02738,2025-02-23,ST13,C0414,P025,1,823.99,266.96,557.03,Online
S02739,2024-04-06,ST10,C0344,P078,1,85.81,216.55,-130.74,Retail Store
S02740,2024-01-05,ST04,C0013,P031,1,113.47,286.24,-172.77,Online
S02741,2024-04-03,ST06,C0312,P004,3,917.97,701.28,216.69,Online
S02742,2023-06-11,ST01,C0416,P045,3,1164.34,381.24,783.1,Marketplace
S02743,2025-03-18,ST03,C0325,P047,1,709.02,118.67,590.35,Mobile App
S02744,2023-01-04,ST05,C0246,P073,1,821.3,376.81,444.49,Retail Store
S02745,2023-04-03,ST11,C0217,P007,2,105.55,709.6,-604.05,Mobile App
S02746,2024-06-05,ST07,C0240,P050,1,526.29,164.87,361.42,Marketplace
S02747,2024-02-17,ST15,C0018,P051,2,1479.91,766.28,713.63,Marketplace
S02748,2024-04-13,ST12,C0222,P003,1,515.67,112.02,403.65,Mobile App
S02749,2024-06-22,ST12,C0032,P018,3,2066.25,942.39,1123.86,Online
S02750,2024-11-23,ST14,C0334,P024,1,787.54,153.67,633.87,Mobile App
S02751,2024-06-24,ST04,C0321,P017,2,880.82,530.12,350.7,Mobile App
S02752,2023-05-17,ST12,C0193,P016,3,2000.61,387.18,1613.43,Marketplace
S02753,2024-12-13,ST11,C0283,P074,3,496.21,1050.03,-553.82,Marketplace
S02754,2024-07-12,ST01,C0132,P082,2,1432.0,273.46,1158.54,Retail Store
S02755,2023-04-25,ST09,C0210,P062,1,306.26,91.36,214.9,Online
S02756,2025-08-10,ST12,C0355,P003,1,606.67,112.02,494.65,Retail Store
S02757,2025-08-10,ST07,C0168,P030,1,657.07,308.05,349.02,Mobile App
S02758,2024-01-23,ST12,C0445,P077,2,544.37,783.66,-239.29,Online
S02759,2023-07-11,ST02,C0205,P025,3,2471.97,800.88,1671.09,Marketplace
S02760,2025-01-17,ST13,C0249,P059,1,132.52,245.23,-112.71,Marketplace
S02761,2025-01-31,ST02,C0107,P060,1,467.39,138.25,329.14,Online
S02762,2024-03-06,ST15,C0368,P035,2,1648.9,545.38,1103.52,Retail Store
S02763,2023-06-28,ST14,C0407,P062,1,306.26,91.36,214.9,Online
S02764,2024-09-17,ST10,C0069,P060,1,467.39,138.25,329.14,Mobile App
S02765,2025-03-26,ST08,C0293,P045,3,1225.62,381.24,844.38,Online
S02766,2024-12-29,ST13,C0260,P088,2,1505.79,604.28,901.51,Marketplace
S02767,2025-08-22,ST11,C0242,P009,1,404.3,283.05,121.25,Mobile App
S02768,2024-09-07,ST13,C0095,P008,1,657.98,380.57,277.41,Online
S02769,2024-01-14,ST02,C0302,P077,1,286.51,391.83,-105.32,Retail Store
S02770,2024-11-14,ST02,C0344,P052,1,368.14,64.51,303.63,Mobile App
S02771,2023-12-02,ST10,C0265,P078,3,302.85,649.65,-346.8,Online
S02772,2024-01-30,ST13,C0376,P059,1,125.54,245.23,-119.69,Mobile App
S02773,2025-06-11,ST03,C0371,P024,1,828.99,153.67,675.32,Mobile App
S02774,2023-07-06,ST15,C0183,P049,1,615.31,236.79,378.52,Retail Store
S02775,2023-04-16,ST02,C0400,P041,1,59.38,33.46,25.92,Online
S02776,2023-05-15,ST06,C0330,P064,4,1089.54,522.16,567.38,Retail Store
S02777,2025-06-24,ST08,C0216,P001,1,671.24,318.25,352.99,Mobile App
S02778,2025-04-17,ST09,C0385,P067,2,1282.1,607.8,674.3,Mobile App
S02779,2024-07-26,ST06,C0076,P049,1,550.54,236.79,313.75,Retail Store
S02780,2025-05-24,ST10,C0058,P038,1,490.65,397.37,93.28,Retail Store
S02781,2023-01-12,ST07,C0392,P015,3,2123.41,418.02,1705.39,Retail Store
S02782,2024-01-20,ST09,C0396,P024,1,828.99,153.67,675.32,Online
S02783,2024-07-11,ST06,C0300,P043,4,2937.17,1544.36,1392.81,Online
S02784,2024-05-06,ST05,C0026,P047,4,2836.08,474.68,2361.4,Mobile App
S02785,2024-10-08,ST07,C0069,P038,3,1471.95,1192.11,279.84,Retail Store
S02786,2025-08-24,ST02,C0253,P035,3,2349.68,818.07,1531.61,Retail Store
S02787,2023-04-17,ST05,C0023,P066,2,298.42,188.1,110.32,Mobile App
S02788,2024-09-16,ST06,C0301,P059,4,557.96,980.92,-422.96,Mobile App
S02789,2024-11-14,ST04,C0433,P030,3,1971.21,924.15,1047.06,Marketplace
S02790,2024-01-08,ST07,C0217,P051,1,822.17,383.14,439.03,Mobile App
S02791,2023-10-12,ST14,C0398,P044,3,1311.9,637.8,674.1,Online
S02792,2024-03-23,ST12,C0369,P054,2,443.9,556.88,-112.98,Online
S02793,2024-08-26,ST03,C0273,P028,3,1662.48,898.29,764.19,Retail Store
S02794,2024-03-15,ST03,C0006,P048,2,653.71,309.0,344.71,Retail Store
S02795,2024-10-16,ST13,C0286,P020,2,1262.76,437.4,825.36,Mobile App
S02796,2024-02-05,ST13,C0384,P055,2,1232.65,489.62,743.03,Online
S02797,2025-05-15,ST15,C0407,P004,1,322.99,233.76,89.23,Online
S02798,2023-08-07,ST09,C0423,P061,1,245.45,396.5,-151.05,Mobile App
S02799,2023-11-16,ST09,C0302,P003,1,546.0,112.02,433.98,Marketplace
S02800,2024-08-06,ST10,C0060,P065,1,448.02,143.64,304.38,Marketplace
S02801,2023-02-01,ST09,C0356,P036,2,1405.46,714.18,691.28,Mobile App
S02802,2025-07-19,ST07,C0222,P085,4,3070.21,872.96,2197.25,Online
S02803,2023-04-15,ST15,C0083,P047,1,709.02,118.67,590.35,Mobile App
S02804,2023-12-07,ST02,C0366,P062,3,918.78,274.08,644.7,Retail Store
S02805,2025-01-22,ST03,C0080,P083,2,953.73,333.94,619.79,Retail Store
S02806,2023-01-27,ST10,C0052,P016,1,701.97,129.06,572.91,Online
S02807,2024-01-26,ST04,C0228,P044,1,393.57,212.6,180.97,Online
S02808,2024-11-30,ST15,C0119,P077,1,286.51,391.83,-105.32,Mobile App
S02809,2024-07-06,ST02,C0020,P088,4,2844.27,1208.56,1635.71,Online
S02810,2023-09-22,ST11,C0244,P021,3,1452.48,1047.15,405.33,Marketplace
S02811,2024-07-23,ST14,C0430,P061,1,288.77,396.5,-107.73,Online
S02812,2025-01-10,ST06,C0007,P016,1,701.97,129.06,572.91,Marketplace
S02813,2023-03-21,ST09,C0394,P016,2,1403.94,258.12,1145.82,Online
S02814,2023-08-09,ST06,C0448,P003,3,1820.01,336.06,1483.95,Online
S02815,2023-09-22,ST15,C0347,P059,1,125.54,245.23,-119.69,Mobile App
S02816,2023-09-22,ST03,C0040,P029,2,480.47,233.94,246.53,Mobile App
S02817,2024-04-08,ST10,C0377,P058,1,605.06,133.49,471.57,Online
S02818,2024-10-09,ST06,C0043,P029,1,282.63,116.97,165.66,Retail Store
S02819,2025-03-21,ST05,C0223,P052,1,368.14,64.51,303.63,Mobile App
S02820,2024-10-01,ST01,C0378,P044,2,787.14,425.2,361.94,Mobile App
S02821,2023-07-19,ST02,C0446,P024,4,2984.36,614.68,2369.68,Marketplace
S02822,2024-10-29,ST04,C0372,P067,1,641.05,303.9,337.15,Retail Store
S02823,2024-06-03,ST06,C0242,P045,2,817.08,254.16,562.92,Mobile App
S02824,2023-04-08,ST15,C0189,P064,3,731.14,391.62,339.52,Online
S02825,2023-02-14,ST10,C0146,P049,4,2590.76,947.16,1643.6,Marketplace
S02826,2024-07-02,ST13,C0449,P052,1,329.39,64.51,264.88,Retail Store
S02827,2025-02-14,ST07,C0437,P002,1,570.24,197.54,372.7,Retail Store
S02828,2023-09-16,ST13,C0247,P003,1,606.67,112.02,494.65,Retail Store
S02829,2024-12-09,ST03,C0437,P072,2,1446.39,470.28,976.11,Mobile App
S02830,2025-07-18,ST14,C0371,P032,3,985.76,889.05,96.71,Online
S02831,2025-04-21,ST02,C0083,P070,3,253.01,434.16,-181.15,Retail Store
S02832,2024-04-25,ST09,C0279,P004,2,611.98,467.52,144.46,Mobile App
S02833,2023-07-30,ST15,C0317,P018,1,654.31,314.13,340.18,Online
S02834,2023-03-13,ST14,C0041,P023,1,224.37,255.0,-30.63,Marketplace
S02835,2023-09-02,ST04,C0297,P038,1,466.12,397.37,68.75,Mobile App
S02836,2024-06-13,ST02,C0157,P074,3,522.33,1050.03,-527.7,Marketplace
S02837,2023-04-11,ST08,C0265,P048,1,309.65,154.5,155.15,Marketplace
S02838,2023-01-11,ST09,C0303,P084,1,721.74,390.58,331.16,Marketplace
S02839,2023-10-03,ST08,C0287,P003,1,606.67,112.02,494.65,Online
S02840,2024-09-28,ST12,C0138,P047,4,2836.08,474.68,2361.4,Marketplace
S02841,2024-07-28,ST10,C0065,P055,1,725.09,244.81,480.28,Retail Store
S02842,2024-10-01,ST08,C0325,P060,3,1402.17,414.75,987.42,Marketplace
S02843,2025-01-20,ST13,C0067,P058,1,636.91,133.49,503.42,Retail Store
S02844,2023-02-16,ST12,C0319,P086,3,1556.77,501.81,1054.96,Marketplace
S02845,2023-10-31,ST02,C0151,P075,1,457.68,89.53,368.15,Online
S02846,2025-05-24,ST02,C0128,P005,1,535.76,280.69,255.07,Retail Store
S02847,2023-06-07,ST08,C0434,P043,1,772.94,386.09,386.85,Retail Store
S02848,2025-06-06,ST04,C0419,P040,3,2027.88,297.03,1730.85,Mobile App
S02849,2023-05-27,ST02,C0203,P078,1,90.86,216.55,-125.69,Retail Store
S02850,2024-06-30,ST06,C0014,P047,1,709.02,118.67,590.35,Online
S02851,2025-05-07,ST13,C0048,P043,4,2628.0,1544.36,1083.64,Online
S02852,2025-04-10,ST07,C0362,P066,2,351.08,188.1,162.98,Mobile App
S02853,2025-06-19,ST01,C0391,P086,2,1153.16,334.54,818.62,Retail Store
S02854,2024-01-29,ST09,C0387,P073,1,821.3,376.81,444.49,Online
S02855,2024-06-13,ST09,C0073,P084,1,801.93,390.58,411.35,Online
S02856,2023-02-02,ST11,C0325,P072,1,803.55,235.14,568.41,Retail Store
S02857,2025-07-27,ST06,C0162,P052,3,1046.3,193.53,852.77,Mobile App
S02858,2025-05-02,ST06,C0141,P022,1,275.97,225.66,50.31,Retail Store
S02859,2024-08-08,ST03,C0232,P077,1,286.51,391.83,-105.32,Marketplace
S02860,2023-08-28,ST03,C0390,P014,1,93.86,86.92,6.94,Online
S02861,2023-05-21,ST03,C0398,P085,1,807.95,218.24,589.71,Marketplace
S02862,2025-07-17,ST08,C0205,P013,1,302.9,77.84,225.06,Online
S02863,2025-01-18,ST07,C0393,P051,1,822.17,383.14,439.03,Mobile App
S02864,2023-09-08,ST13,C0267,P025,1,700.39,266.96,433.43,Mobile App
S02865,2025-05-21,ST03,C0163,P033,1,705.12,293.6,411.52,Retail Store
S02866,2025-06-28,ST14,C0166,P082,3,2040.6,410.19,1630.41,Retail Store
S02867,2023-10-22,ST04,C0083,P029,1,254.37,116.97,137.4,Retail Store
S02868,2023-09-12,ST06,C0124,P046,2,856.62,698.96,157.66,Mobile App
S02869,2023-06-01,ST12,C0312,P030,3,1872.65,924.15,948.5,Mobile App
S02870,2023-02-28,ST10,C0187,P084,4,3207.72,1562.32,1645.4,Retail Store
S02871,2023-11-07,ST11,C0357,P042,2,538.94,281.96,256.98,Mobile App
S02872,2023-03-14,ST13,C0242,P040,1,675.96,99.01,576.95,Marketplace
S02873,2023-03-01,ST02,C0098,P047,1,602.67,118.67,484.0,Online
S02874,2024-04-10,ST07,C0206,P026,4,411.77,769.52,-357.75,Online
S02875,2025-08-15,ST04,C0001,P086,2,1095.5,334.54,760.96,Mobile App
S02876,2023-04-04,ST03,C0045,P052,2,658.78,129.02,529.76,Retail Store
S02877,2025-03-25,ST05,C0323,P046,4,1903.6,1397.92,505.68,Retail Store
S02878,2025-06-22,ST14,C0449,P027,2,1269.16,406.2,862.96,Online
S02879,2023-04-07,ST06,C0322,P048,1,309.65,154.5,155.15,Retail Store
S02880,2025-06-14,ST01,C0053,P007,1,58.64,354.8,-296.16,Mobile App
S02881,2024-01-07,ST05,C0175,P088,1,752.89,302.14,450.75,Online
S02882,2023-03-19,ST14,C0141,P055,1,725.09,244.81,480.28,Marketplace
S02883,2025-02-04,ST13,C0261,P034,4,2241.4,1259.76,981.64,Marketplace
S02884,2023-04-07,ST03,C0111,P018,3,1756.31,942.39,813.92,Marketplace
S02885,2024-11-13,ST12,C0286,P013,1,257.46,77.84,179.62,Retail Store
S02886,2023-03-26,ST12,C0429,P065,1,474.37,143.64,330.73,Online
S02887,2024-04-27,ST10,C0393,P046,3,1427.7,1048.44,379.26,Online
S02888,2023-07-17,ST01,C0225,P034,2,1064.66,629.88,434.78,Online
S02889,2023-05-12,ST03,C0328,P013,1,287.75,77.84,209.91,Retail Store
S02890,2024-11-17,ST02,C0327,P017,1,492.22,265.06,227.16,Retail Store
S02891,2024-07-21,ST02,C0299,P080,1,153.65,303.66,-150.01,Online
S02892,2023-10-29,ST02,C0136,P012,1,411.49,157.89,253.6,Retail Store
S02893,2025-04-04,ST02,C0363,P003,2,1031.34,224.04,807.3,Retail Store
S02894,2023-01-16,ST01,C0146,P041,1,69.86,33.46,36.4,Online
S02895,2023-05-12,ST09,C0405,P035,5,4122.25,1363.45,2758.8,Marketplace
S02896,2025-05-31,ST01,C0089,P033,2,1410.24,587.2,823.04,Marketplace
S02897,2024-10-12,ST11,C0107,P025,2,1647.98,533.92,1114.06,Retail Store
S02898,2023-01-05,ST12,C0032,P087,1,769.64,250.47,519.17,Marketplace
S02899,2025-08-02,ST10,C0112,P066,1,157.99,94.05,63.94,Retail Store
S02900,2024-05-21,ST04,C0236,P004,1,322.99,233.76,89.23,Mobile App
S02901,2025-02-20,ST11,C0275,P025,2,1647.98,533.92,1114.06,Retail Store
S02902,2023-03-27,ST15,C0125,P015,1,749.44,139.34,610.1,Retail Store
S02903,2023-03-31,ST13,C0424,P011,1,732.67,253.22,479.45,Retail Store
S02904,2023-05-09,ST08,C0159,P052,1,368.14,64.51,303.63,Marketplace
S02905,2024-06-03,ST02,C0203,P087,1,769.64,250.47,519.17,Marketplace
S02906,2025-04-08,ST01,C0041,P010,1,696.93,290.1,406.83,Marketplace
S02907,2023-10-18,ST14,C0397,P081,2,409.03,85.54,323.49,Marketplace
S02908,2023-05-14,ST01,C0150,P029,1,282.63,116.97,165.66,Marketplace
S02909,2024-04-16,ST11,C0410,P013,1,257.46,77.84,179.62,Mobile App
S02910,2024-11-09,ST02,C0206,P005,1,535.76,280.69,255.07,Mobile App
S02911,2025-01-21,ST13,C0223,P035,4,3297.8,1090.76,2207.04,Retail Store
S02912,2024-08-14,ST15,C0052,P066,4,702.16,376.2,325.96,Mobile App
S02913,2025-08-01,ST06,C0427,P052,2,775.04,129.02,646.02,Online
S02914,2024-04-08,ST15,C0406,P017,1,518.13,265.06,253.07,Marketplace
S02915,2024-05-11,ST03,C0383,P063,1,717.78,112.47,605.31,Retail Store
S02916,2024-04-22,ST14,C0221,P043,1,657.0,386.09,270.91,Mobile App
S02917,2023-10-14,ST11,C0118,P079,3,2153.85,540.78,1613.07,Retail Store
S02918,2024-02-22,ST15,C0146,P083,1,476.87,166.97,309.9,Marketplace
S02919,2024-08-11,ST05,C0367,P068,1,415.73,376.99,38.74,Online
S02920,2023-08-21,ST04,C0279,P070,5,471.3,723.6,-252.3,Marketplace
S02921,2025-02-06,ST04,C0445,P084,2,1603.86,781.16,822.7,Retail Store
S02922,2023-03-19,ST05,C0283,P068,1,438.82,376.99,61.83,Mobile App
S02923,2025-06-12,ST15,C0349,P089,3,1999.44,681.48,1317.96,Online
S02924,2024-04-30,ST03,C0405,P047,6,3616.0,712.02,2903.98,Mobile App
S02925,2024-08-21,ST03,C0058,P029,1,240.24,116.97,123.27,Mobile App
S02926,2023-04-19,ST02,C0118,P035,1,824.45,272.69,551.76,Retail Store
S02927,2025-08-17,ST03,C0192,P031,1,107.17,286.24,-179.07,Mobile App
S02928,2023-04-29,ST11,C0089,P058,1,636.91,133.49,503.42,Retail Store
S02929,2024-07-16,ST14,C0386,P002,1,513.22,197.54,315.68,Marketplace
S02930,2023-10-06,ST11,C0263,P024,1,828.99,153.67,675.32,Mobile App
S02931,2023-08-31,ST05,C0431,P022,2,616.87,451.32,165.55,Online
S02932,2023-05-28,ST11,C0123,P027,1,634.58,203.1,431.48,Retail Store
S02933,2023-12-05,ST08,C0096,P027,2,1142.24,406.2,736.04,Online
S02934,2025-05-03,ST02,C0072,P036,2,1405.46,714.18,691.28,Marketplace
S02935,2023-03-16,ST14,C0234,P075,3,1296.75,268.59,1028.16,Marketplace
S02936,2023-08-20,ST13,C0444,P007,2,99.69,709.6,-609.91,Mobile App
S02937,2025-06-14,ST14,C0085,P047,2,1418.04,237.34,1180.7,Retail Store
S02938,2023-07-31,ST12,C0294,P043,1,695.65,386.09,309.56,Mobile App
S02939,2023-02-20,ST14,C0378,P086,1,547.75,167.27,380.48,Mobile App
S02940,2024-08-03,ST12,C0083,P039,1,50.75,373.85,-323.1,Online
S02941,2024-02-26,ST09,C0178,P001,1,706.57,318.25,388.32,Marketplace
S02942,2024-10-06,ST11,C0369,P030,2,1314.14,616.1,698.04,Retail Store
S02943,2024-01-14,ST13,C0267,P082,2,1432.0,273.46,1158.54,Online
S02944,2024-01-31,ST06,C0061,P067,1,544.89,303.9,240.99,Mobile App
S02945,2023-09-04,ST07,C0092,P059,2,251.08,490.46,-239.38,Marketplace
S02946,2023-12-02,ST08,C0265,P086,1,490.09,167.27,322.82,Marketplace
S02947,2023-06-12,ST06,C0019,P052,4,1317.57,258.04,1059.53,Retail Store
S02948,2023-11-11,ST08,C0331,P018,2,1170.88,628.26,542.62,Marketplace
S02949,2025-01-07,ST09,C0257,P018,2,1377.5,628.26,749.24,Mobile App
S02950,2024-04-28,ST06,C0103,P055,1,616.33,244.81,371.52,Mobile App
S02951,2023-10-31,ST03,C0112,P078,2,201.9,433.1,-231.2,Retail Store
S02952,2023-03-15,ST06,C0285,P080,2,307.31,607.32,-300.01,Marketplace
S02953,2023-05-16,ST08,C0419,P042,1,242.52,140.98,101.54,Retail Store
S02954,2023-12-20,ST09,C0255,P015,3,2498.13,418.02,2080.11,Online
S02955,2024-04-18,ST09,C0260,P055,1,616.33,244.81,371.52,Mobile App
S02956,2025-02-25,ST06,C0182,P011,2,1542.46,506.44,1036.02,Marketplace
S02957,2025-06-28,ST08,C0414,P043,2,1314.0,772.18,541.82,Retail Store
S02958,2024-03-29,ST10,C0331,P053,1,220.39,175.88,44.51,Marketplace
S02959,2024-06-12,ST13,C0445,P020,1,742.8,218.7,524.1,Retail Store
S02960,2024-11-16,ST01,C0359,P033,2,1410.24,587.2,823.04,Retail Store
S02961,2023-09-26,ST06,C0127,P043,2,1468.59,772.18,696.41,Retail Store
S02962,2024-05-26,ST01,C0241,P025,4,3295.96,1067.84,2228.12,Marketplace
S02963,2025-06-04,ST10,C0442,P066,4,702.16,376.2,325.96,Retail Store
S02964,2024-02-19,ST06,C0444,P003,1,515.67,112.02,403.65,Online
S02965,2024-08-11,ST04,C0314,P007,3,167.12,1064.4,-897.28,Marketplace
S02966,2024-05-08,ST15,C0146,P038,1,490.65,397.37,93.28,Retail Store
S02967,2025-08-13,ST15,C0212,P037,1,717.05,385.8,331.25,Mobile App
S02968,2024-08-04,ST01,C0327,P088,2,1505.79,604.28,901.51,Retail Store
S02969,2025-08-12,ST13,C0037,P039,2,107.14,747.7,-640.56,Retail Store
S02970,2023-01-30,ST06,C0214,P033,4,2672.03,1174.4,1497.63,Online
S02971,2023-04-14,ST09,C0050,P010,2,1393.87,580.2,813.67,Online
S02972,2025-08-21,ST13,C0362,P065,2,896.04,287.28,608.76,Mobile App
S02973,2024-11-12,ST06,C0422,P027,1,539.39,203.1,336.29,Marketplace
S02974,2023-11-28,ST15,C0394,P080,2,323.48,607.32,-283.84,Online
S02975,2024-03-15,ST06,C0196,P048,1,344.06,154.5,189.56,Retail Store
S02976,2025-07-02,ST10,C0435,P054,3,665.86,835.32,-169.46,Marketplace
S02977,2025-06-11,ST13,C0253,P001,2,1271.83,636.5,635.33,Mobile App
S02978,2023-07-22,ST02,C0117,P004,1,339.99,233.76,106.23,Mobile App
S02979,2023-12-21,ST06,C0346,P078,1,100.95,216.55,-115.6,Online
S02980,2024-05-06,ST01,C0359,P047,4,2410.67,474.68,1935.99,Mobile App
S02981,2025-05-12,ST05,C0014,P067,1,641.05,303.9,337.15,Marketplace
S02982,2025-04-08,ST07,C0073,P058,2,1082.75,266.98,815.77,Marketplace
S02983,2023-06-29,ST03,C0288,P050,3,1499.93,494.61,1005.32,Mobile App
S02984,2024-09-12,ST07,C0138,P059,1,118.57,245.23,-126.66,Online
S02985,2023-03-26,ST08,C0316,P042,2,485.05,281.96,203.09,Online
S02986,2023-06-01,ST11,C0212,P033,1,705.12,293.6,411.52,Mobile App
S02987,2024-01-29,ST13,C0108,P008,1,657.98,380.57,277.41,Online
S02988,2025-01-09,ST02,C0072,P053,3,661.17,527.64,133.53,Retail Store
S02989,2023-12-18,ST08,C0007,P037,1,717.05,385.8,331.25,Mobile App
S02990,2023-12-24,ST08,C0124,P035,2,1648.9,545.38,1103.52,Retail Store
S02991,2023-09-09,ST04,C0433,P004,1,339.99,233.76,106.23,Mobile App
S02992,2025-04-30,ST02,C0314,P030,1,657.07,308.05,349.02,Retail Store
S02993,2024-04-08,ST12,C0018,P034,2,952.6,629.88,322.72,Retail Store
S02994,2024-10-07,ST13,C0103,P052,1,348.77,64.51,284.26,Marketplace
S02995,2023-03-22,ST06,C0037,P029,4,960.94,467.88,493.06,Marketplace
S02996,2025-04-15,ST05,C0012,P077,2,544.37,783.66,-239.29,Retail Store
S02997,2024-09-28,ST10,C0083,P031,2,252.16,572.48,-320.32,Retail Store
S02998,2023-09-25,ST14,C0126,P012,2,822.98,315.78,507.2,Retail Store
S02999,2025-03-27,ST04,C0350,P072,2,1526.74,470.28,1056.46,Online
S03000,2023-01-05,ST07,C0262,P005,1,563.96,280.69,283.27,Marketplace
S03001,2025-03-07,ST03,C0055,P008,2,1246.7,761.14,485.56,Marketplace
S03002,2024-05-10,ST01,C0250,P081,2,387.5,85.54,301.96,Mobile App
S03003,2025-07-18,ST13,C0142,P009,1,449.22,283.05,166.17,Online
S03004,2024-02-14,ST09,C0274,P034,1,560.35,314.94,245.41,Retail Store
S03005,2023-06-25,ST11,C0141,P040,2,1216.73,198.02,1018.71,Online
S03006,2023-02-09,ST15,C0350,P088,1,836.55,302.14,534.41,Mobile App
S03007,2024-11-12,ST15,C0042,P003,2,1031.34,224.04,807.3,Retail Store
S03008,2024-03-09,ST10,C0252,P085,1,767.55,218.24,549.31,Retail Store
S03009,2025-02-25,ST01,C0421,P087,1,692.68,250.47,442.21,Mobile App
S03010,2025-05-03,ST04,C0192,P080,1,153.65,303.66,-150.01,Marketplace
S03011,2023-01-04,ST06,C0433,P073,2,1478.34,753.62,724.72,Marketplace
S03012,2024-09-12,ST14,C0037,P042,2,538.94,281.96,256.98,Marketplace
S03013,2025-03-01,ST04,C0050,P007,1,58.64,354.8,-296.16,Online
S03014,2024-02-03,ST01,C0047,P017,2,932.63,530.12,402.51,Retail Store
S03015,2024-08-06,ST05,C0088,P029,2,508.73,233.94,274.79,Online
S03016,2024-10-16,ST02,C0355,P059,1,139.49,245.23,-105.74,Online
S03017,2025-08-19,ST13,C0206,P039,2,112.78,747.7,-634.92,Mobile App
S03018,2025-02-21,ST02,C0135,P068,1,392.63,376.99,15.64,Mobile App
S03019,2023-04-08,ST07,C0259,P073,1,698.1,376.81,321.29,Online
S03020,2023-05-12,ST03,C0003,P041,1,59.38,33.46,25.92,Mobile App
S03021,2023-05-17,ST05,C0053,P001,2,1271.83,636.5,635.33,Marketplace
S03022,2024-04-03,ST04,C0445,P057,2,1104.68,68.32,1036.36,Online
S03023,2023-06-13,ST14,C0214,P088,2,1422.13,604.28,817.85,Marketplace
S03024,2024-05-02,ST07,C0195,P088,2,1422.13,604.28,817.85,Marketplace
S03025,2023-04-19,ST11,C0228,P009,1,449.22,283.05,166.17,Online
S03026,2023-12-08,ST08,C0438,P061,2,548.66,793.0,-244.34,Retail Store
S03027,2025-02-10,ST08,C0011,P012,3,1371.63,473.67,897.96,Mobile App
S03028,2023-06-06,ST06,C0110,P068,2,923.84,753.98,169.86,Marketplace
S03029,2023-08-12,ST01,C0386,P062,2,612.52,182.72,429.8,Retail Store
S03030,2024-06-21,ST08,C0348,P031,3,340.42,858.72,-518.3,Mobile App
S03031,2023-06-26,ST09,C0189,P054,1,235.01,278.44,-43.43,Mobile App
S03032,2024-06-25,ST12,C0436,P076,1,638.32,144.77,493.55,Marketplace
S03033,2023-10-04,ST14,C0357,P062,1,306.26,91.36,214.9,Mobile App
S03034,2024-06-05,ST03,C0382,P024,1,828.99,153.67,675.32,Marketplace
S03035,2024-04-03,ST13,C0206,P055,3,2066.51,734.43,1332.08,Mobile App
S03036,2025-04-22,ST01,C0437,P072,1,723.19,235.14,488.05,Retail Store
S03037,2024-05-26,ST14,C0388,P077,1,286.51,391.83,-105.32,Marketplace
S03038,2023-12-15,ST08,C0172,P036,1,780.81,357.09,423.72,Retail Store
S03039,2024-08-12,ST07,C0143,P020,1,742.8,218.7,524.1,Mobile App
S03040,2024-08-02,ST12,C0438,P085,2,1454.31,436.48,1017.83,Marketplace
S03041,2023-02-01,ST06,C0013,P065,3,1581.24,430.92,1150.32,Retail Store
S03042,2023-09-23,ST05,C0297,P081,1,193.75,42.77,150.98,Online
S03043,2023-02-07,ST13,C0338,P041,1,59.38,33.46,25.92,Mobile App
S03044,2025-01-01,ST13,C0228,P066,1,157.99,94.05,63.94,Marketplace
S03045,2023-09-18,ST07,C0086,P016,1,596.67,129.06,467.61,Mobile App
S03046,2024-08-11,ST05,C0038,P029,2,565.26,233.94,331.32,Retail Store
S03047,2023-04-23,ST04,C0093,P005,1,507.56,280.69,226.87,Marketplace
S03048,2023-12-29,ST07,C0110,P062,5,1531.3,456.8,1074.5,Mobile App
S03049,2025-01-30,ST02,C0228,P011,2,1542.46,506.44,1036.02,Marketplace
S03050,2024-11-16,ST06,C0142,P037,2,1434.1,771.6,662.5,Online
S03051,2025-06-29,ST05,C0218,P032,1,294.0,296.35,-2.35,Marketplace
S03052,2023-12-04,ST06,C0277,P076,1,671.92,144.77,527.15,Online
S03053,2023-01-29,ST02,C0207,P039,2,112.78,747.7,-634.92,Mobile App
S03054,2025-04-09,ST06,C0309,P045,2,735.37,254.16,481.21,Online
S03055,2025-01-23,ST09,C0035,P032,3,1037.64,889.05,148.59,Retail Store
S03056,2023-07-08,ST03,C0414,P035,1,783.23,272.69,510.54,Marketplace
S03057,2025-07-30,ST06,C0099,P005,1,563.96,280.69,283.27,Online
S03058,2025-07-07,ST15,C0404,P061,2,577.54,793.0,-215.46,Online
S03059,2025-06-21,ST09,C0054,P080,2,307.31,607.32,-300.01,Marketplace
S03060,2023-06-10,ST02,C0221,P003,5,2881.68,560.1,2321.58,Retail Store
S03061,2024-09-17,ST06,C0269,P036,2,1483.54,714.18,769.36,Marketplace
S03062,2024-07-30,ST04,C0439,P040,1,574.57,99.01,475.56,Retail Store
S03063,2025-06-17,ST03,C0378,P004,2,679.98,467.52,212.46,Retail Store
S03064,2023-01-08,ST12,C0030,P034,3,1428.89,944.82,484.07,Marketplace
S03065,2025-06-23,ST07,C0207,P036,1,741.77,357.09,384.68,Online
S03066,2023-10-09,ST05,C0289,P040,1,675.96,99.01,576.95,Online
S03067,2024-09-14,ST13,C0166,P061,3,822.99,1189.5,-366.51,Online
S03068,2025-06-29,ST12,C0239,P006,1,323.25,38.9,284.35,Mobile App
S03069,2023-12-16,ST08,C0043,P081,1,204.52,42.77,161.75,Marketplace
S03070,2024-04-21,ST13,C0055,P082,2,1360.4,273.46,1086.94,Marketplace
S03071,2025-08-12,ST10,C0301,P036,1,702.73,357.09,345.64,Mobile App
S03072,2024-08-05,ST15,C0085,P059,1,139.49,245.23,-105.74,Marketplace
S03073,2024-03-27,ST12,C0043,P051,1,822.17,383.14,439.03,Marketplace
S03074,2023-08-22,ST05,C0037,P052,1,348.77,64.51,284.26,Retail Store
S03075,2023-05-05,ST08,C0433,P022,1,275.97,225.66,50.31,Mobile App
S03076,2024-06-09,ST01,C0395,P083,3,1510.07,500.91,1009.16,Marketplace
S03077,2025-04-08,ST02,C0051,P010,2,1393.87,580.2,813.67,Online
S03078,2023-01-24,ST08,C0407,P035,2,1401.57,545.38,856.19,Retail Store
S03079,2023-10-19,ST07,C0341,P033,1,705.12,293.6,411.52,Online
S03080,2024-08-28,ST02,C0195,P036,1,663.69,357.09,306.6,Online
S03081,2025-06-04,ST01,C0433,P033,1,742.23,293.6,448.63,Retail Store
S03082,2024-11-24,ST03,C0026,P018,3,1756.31,942.39,813.92,Mobile App
S03083,2023-11-17,ST05,C0366,P046,1,404.51,349.48,55.03,Retail Store
S03084,2023-10-21,ST07,C0090,P059,2,251.08,490.46,-239.38,Online
S03085,2024-08-19,ST03,C0342,P010,1,658.21,290.1,368.11,Online
S03086,2025-04-28,ST05,C0022,P037,1,759.23,385.8,373.43,Online
S03087,2023-05-03,ST08,C0038,P012,2,868.7,315.78,552.92,Mobile App
S03088,2025-01-11,ST15,C0336,P082,1,644.4,136.73,507.67,Retail Store
S03089,2025-01-10,ST07,C0378,P019,2,216.68,671.16,-454.48,Retail Store
S03090,2023-04-04,ST07,C0018,P040,1,675.96,99.01,576.95,Retail Store
S03091,2024-09-30,ST11,C0198,P080,3,485.22,910.98,-425.76,Retail Store
S03092,2023-10-08,ST15,C0346,P057,1,494.2,34.16,460.04,Marketplace
S03093,2024-06-24,ST10,C0283,P033,2,1336.01,587.2,748.81,Retail Store
S03094,2025-02-17,ST10,C0128,P033,1,668.01,293.6,374.41,Marketplace
S03095,2023-10-08,ST11,C0329,P081,2,430.56,85.54,345.02,Retail Store
S03096,2025-05-09,ST09,C0431,P074,1,156.7,350.01,-193.31,Marketplace
S03097,2023-05-06,ST11,C0001,P069,3,2140.29,480.27,1660.02,Retail Store
S03098,2023-02-05,ST15,C0401,P009,2,898.44,566.1,332.34,Online
S03099,2023-03-24,ST05,C0098,P006,1,274.76,38.9,235.86,Retail Store
S03100,2024-05-11,ST08,C0184,P023,2,448.74,510.0,-61.26,Retail Store
S03101,2024-06-24,ST09,C0365,P008,1,692.61,380.57,312.04,Online
S03102,2024-08-16,ST02,C0027,P078,5,479.51,1082.75,-603.24,Mobile App
S03103,2023-01-22,ST13,C0163,P003,1,546.0,112.02,433.98,Online
S03104,2023-08-05,ST11,C0290,P053,1,209.37,175.88,33.49,Mobile App
S03105,2023-12-02,ST08,C0292,P013,3,863.26,233.52,629.74,Online
S03106,2025-08-12,ST10,C0278,P078,3,287.71,649.65,-361.94,Mobile App
S03107,2024-06-28,ST10,C0215,P058,2,1273.82,266.98,1006.84,Mobile App
S03108,2024-11-22,ST09,C0173,P012,1,411.49,157.89,253.6,Online
S03109,2023-01-25,ST06,C0296,P014,1,83.98,86.92,-2.94,Retail Store
S03110,2025-08-26,ST08,C0175,P032,1,294.0,296.35,-2.35,Retail Store
S03111,2024-03-28,ST11,C0093,P053,1,220.39,175.88,44.51,Mobile App
S03112,2024-07-23,ST02,C0390,P071,1,143.99,253.92,-109.93,Online
S03113,2023-04-23,ST11,C0386,P076,1,638.32,144.77,493.55,Online
S03114,2023-05-22,ST03,C0247,P067,4,2307.78,1215.6,1092.18,Marketplace
S03115,2023-08-04,ST12,C0036,P042,2,538.94,281.96,256.98,Mobile App
S03116,2024-10-04,ST14,C0083,P005,1,563.96,280.69,283.27,Retail Store
S03117,2024-12-06,ST13,C0336,P064,3,860.16,391.62,468.54,Retail Store
S03118,2024-11-30,ST07,C0013,P081,2,409.03,85.54,323.49,Online
S03119,2023-09-01,ST08,C0247,P049,1,582.92,236.79,346.13,Marketplace
S03120,2025-06-11,ST10,C0123,P055,1,725.09,244.81,480.28,Marketplace
S03121,2023-08-22,ST05,C0015,P010,1,774.37,290.1,484.27,Mobile App
S03122,2024-12-02,ST12,C0018,P009,2,808.6,566.1,242.5,Online
S03123,2024-08-03,ST12,C0205,P065,1,500.73,143.64,357.09,Marketplace
S03124,2023-01-14,ST03,C0310,P081,2,430.56,85.54,345.02,Retail Store
S03125,2025-03-03,ST12,C0365,P062,2,551.27,182.72,368.55,Retail Store
S03126,2024-06-21,ST05,C0051,P087,2,1385.35,500.94,884.41,Online
S03127,2025-07-20,ST05,C0448,P040,1,574.57,99.01,475.56,Retail Store
S03128,2025-06-09,ST07,C0410,P042,1,256.0,140.98,115.02,Online
S03129,2025-02-02,ST14,C0152,P052,5,1937.6,322.55,1615.05,Marketplace
S03130,2024-07-30,ST15,C0139,P079,1,682.05,180.26,501.79,Retail Store
S03131,2023-10-25,ST11,C0059,P045,2,817.08,254.16,562.92,Marketplace
S03132,2025-01-17,ST02,C0126,P012,2,868.7,315.78,552.92,Marketplace
S03133,2024-06-14,ST15,C0038,P089,2,1133.02,454.32,678.7,Mobile App
S03134,2023-09-28,ST05,C0058,P043,3,2086.94,1158.27,928.67,Online
S03135,2024-07-14,ST12,C0010,P032,1,345.88,296.35,49.53,Online
S03136,2024-12-17,ST02,C0411,P064,2,487.42,261.08,226.34,Online
S03137,2025-03-22,ST08,C0437,P019,4,433.37,1342.32,-908.95,Marketplace
S03138,2024-08-09,ST12,C0069,P048,2,619.31,309.0,310.31,Mobile App
S03139,2024-02-23,ST08,C0008,P032,3,985.76,889.05,96.71,Mobile App
S03140,2024-09-12,ST12,C0049,P006,1,307.09,38.9,268.19,Online
S03141,2024-11-01,ST11,C0217,P052,1,368.14,64.51,303.63,Mobile App
S03142,2023-12-16,ST01,C0292,P055,1,725.09,244.81,480.28,Mobile App
S03143,2023-05-30,ST07,C0220,P081,2,387.5,85.54,301.96,Mobile App
S03144,2024-08-14,ST01,C0182,P081,2,430.56,85.54,345.02,Marketplace
S03145,2024-06-12,ST09,C0378,P010,1,658.21,290.1,368.11,Online
S03146,2023-01-15,ST10,C0064,P032,3,985.76,889.05,96.71,Marketplace
S03147,2023-03-06,ST03,C0395,P084,5,4009.65,1952.9,2056.75,Mobile App
S03148,2023-02-17,ST05,C0374,P022,1,275.97,225.66,50.31,Retail Store
S03149,2023-11-19,ST02,C0330,P062,4,1041.28,365.44,675.84,Marketplace
S03150,2024-03-23,ST05,C0048,P030,2,1314.14,616.1,698.04,Retail Store
S03151,2023-08-16,ST02,C0172,P068,1,415.73,376.99,38.74,Marketplace
S03152,2025-01-05,ST15,C0058,P020,4,2971.2,874.8,2096.4,Mobile App
S03153,2023-12-28,ST01,C0292,P030,3,1675.53,924.15,751.38,Retail Store
S03154,2025-05-19,ST11,C0311,P046,3,1284.93,1048.44,236.49,Online
S03155,2023-03-22,ST15,C0138,P020,3,1894.14,656.1,1238.04,Online
S03156,2023-11-06,ST10,C0058,P088,2,1673.1,604.28,1068.82,Mobile App
S03157,2024-03-08,ST14,C0444,P076,3,1914.97,434.31,1480.66,Online
S03158,2023-04-01,ST09,C0201,P074,2,295.99,700.02,-404.03,Mobile App
S03159,2023-08-05,ST03,C0254,P046,1,404.51,349.48,55.03,Marketplace
S03160,2024-10-07,ST13,C0383,P022,1,292.2,225.66,66.54,Retail Store
S03161,2023-03-09,ST09,C0056,P063,2,1435.55,224.94,1210.61,Retail Store
S03162,2024-07-25,ST08,C0413,P077,2,544.37,783.66,-239.29,Online
S03163,2024-06-20,ST02,C0167,P071,1,143.99,253.92,-109.93,Online
S03164,2023-05-17,ST10,C0009,P079,1,646.16,180.26,465.9,Retail Store
S03165,2023-08-03,ST12,C0226,P031,1,126.08,286.24,-160.16,Mobile App
S03166,2023-01-20,ST15,C0164,P078,4,343.23,866.2,-522.97,Online
S03167,2023-09-30,ST13,C0414,P088,2,1589.44,604.28,985.16,Online
S03168,2024-04-10,ST05,C0287,P042,2,458.1,281.96,176.14,Marketplace
S03169,2024-01-23,ST03,C0359,P085,2,1454.31,436.48,1017.83,Marketplace
S03170,2024-08-20,ST04,C0047,P074,1,165.4,350.01,-184.61,Mobile App
S03171,2024-09-14,ST05,C0296,P007,1,49.84,354.8,-304.96,Online
S03172,2025-04-05,ST02,C0198,P019,1,108.34,335.58,-227.24,Marketplace
S03173,2023-10-15,ST06,C0136,P049,1,582.92,236.79,346.13,Marketplace
S03174,2023-10-21,ST05,C0441,P080,1,145.57,303.66,-158.09,Mobile App
S03175,2025-01-22,ST08,C0200,P057,1,494.2,34.16,460.04,Marketplace
S03176,2024-04-30,ST01,C0137,P032,3,985.76,889.05,96.71,Online
S03177,2025-06-03,ST15,C0314,P089,1,666.48,227.16,439.32,Marketplace
S03178,2023-11-11,ST14,C0379,P007,1,55.71,354.8,-299.09,Marketplace
S03179,2025-05-02,ST03,C0107,P067,4,2564.2,1215.6,1348.6,Marketplace
S03180,2023-01-09,ST13,C0349,P028,1,526.45,299.43,227.02,Mobile App
S03181,2023-10-02,ST05,C0044,P064,1,272.38,130.54,141.84,Mobile App
S03182,2023-06-29,ST05,C0326,P031,1,126.08,286.24,-160.16,Retail Store
S03183,2024-12-24,ST10,C0295,P007,1,49.84,354.8,-304.96,Marketplace
S03184,2025-05-26,ST12,C0335,P054,4,992.26,1113.76,-121.5,Marketplace
S03185,2023-06-19,ST11,C0311,P074,1,174.11,350.01,-175.9,Marketplace
S03186,2023-10-21,ST01,C0241,P025,2,1483.18,533.92,949.26,Mobile App
S03187,2023-01-05,ST09,C0140,P026,2,195.05,384.76,-189.71,Mobile App
S03188,2023-02-01,ST01,C0021,P088,2,1673.1,604.28,1068.82,Retail Store
S03189,2023-03-19,ST06,C0211,P077,1,272.18,391.83,-119.65,Retail Store
S03190,2024-11-21,ST12,C0091,P037,3,2530.77,1157.4,1373.37,Marketplace
S03191,2023-10-27,ST02,C0168,P066,3,473.96,282.15,191.81,Online
S03192,2024-12-01,ST08,C0252,P045,2,817.08,254.16,562.92,Retail Store
S03193,2023-11-29,ST08,C0298,P067,1,544.89,303.9,240.99,Retail Store
S03194,2025-07-05,ST09,C0260,P083,3,1589.55,500.91,1088.64,Marketplace
S03195,2024-01-23,ST05,C0222,P011,2,1465.34,506.44,958.9,Marketplace
S03196,2023-04-16,ST04,C0344,P077,2,487.07,783.66,-296.59,Online
S03197,2024-06-04,ST02,C0203,P010,3,2323.11,870.3,1452.81,Mobile App
S03198,2023-11-03,ST09,C0366,P067,1,641.05,303.9,337.15,Mobile App
S03199,2023-10-02,ST11,C0357,P018,1,619.88,314.13,305.75,Retail Store
S03200,2025-07-19,ST04,C0275,P005,1,563.96,280.69,283.27,Retail Store
S03201,2025-06-22,ST14,C0245,P004,2,645.98,467.52,178.46,Online
S03202,2024-01-09,ST02,C0442,P062,2,581.89,182.72,399.17,Online
S03203,2025-03-22,ST07,C0242,P021,1,411.54,349.05,62.49,Retail Store
S03204,2024-07-01,ST03,C0224,P032,2,622.58,592.7,29.88,Mobile App
S03205,2024-01-04,ST04,C0114,P036,1,780.81,357.09,423.72,Marketplace
S03206,2023-06-07,ST09,C0406,P070,2,188.52,289.44,-100.92,Mobile App
S03207,2023-06-10,ST11,C0131,P062,2,520.64,182.72,337.92,Online
S03208,2024-03-15,ST03,C0397,P049,1,582.92,236.79,346.13,Marketplace
S03209,2023-08-21,ST01,C0106,P058,1,636.91,133.49,503.42,Online
S03210,2025-01-12,ST04,C0024,P055,1,725.09,244.81,480.28,Marketplace
S03211,2023-08-04,ST09,C0020,P047,2,1276.24,237.34,1038.9,Mobile App
S03212,2023-05-21,ST08,C0040,P045,1,408.54,127.08,281.46,Online
S03213,2025-02-12,ST13,C0019,P083,1,503.36,166.97,336.39,Retail Store
S03214,2024-10-19,ST11,C0249,P087,1,692.68,250.47,442.21,Retail Store
S03215,2023-10-11,ST09,C0283,P066,1,157.99,94.05,63.94,Mobile App
S03216,2023-06-26,ST05,C0131,P077,1,286.51,391.83,-105.32,Online
S03217,2023-08-05,ST02,C0265,P016,1,701.97,129.06,572.91,Mobile App
S03218,2023-03-22,ST15,C0334,P008,1,623.35,380.57,242.78,Online
S03219,2024-09-14,ST10,C0419,P013,1,302.9,77.84,225.06,Marketplace
S03220,2025-06-15,ST07,C0386,P045,1,347.26,127.08,220.18,Online
S03221,2023-05-16,ST14,C0206,P023,1,212.56,255.0,-42.44,Retail Store
S03222,2024-01-12,ST12,C0177,P035,1,742.01,272.69,469.32,Marketplace
S03223,2023-02-14,ST14,C0109,P054,1,248.06,278.44,-30.38,Marketplace
S03224,2023-01-20,ST08,C0129,P043,1,772.94,386.09,386.85,Online
S03225,2025-03-16,ST04,C0028,P027,2,1269.16,406.2,862.96,Mobile App
S03226,2024-08-11,ST09,C0115,P079,1,610.26,180.26,430.0,Marketplace
S03227,2024-01-17,ST07,C0184,P005,1,507.56,280.69,226.87,Marketplace
S03228,2025-05-30,ST03,C0030,P066,3,526.62,282.15,244.47,Online
S03229,2024-11-02,ST15,C0228,P033,1,742.23,293.6,448.63,Online
S03230,2024-08-06,ST03,C0046,P032,3,1037.64,889.05,148.59,Marketplace
S03231,2024-03-06,ST09,C0030,P071,2,287.98,507.84,-219.86,Retail Store
S03232,2023-04-07,ST09,C0288,P072,4,2892.78,940.56,1952.22,Retail Store
S03233,2023-10-15,ST05,C0158,P026,1,102.94,192.38,-89.44,Retail Store
S03234,2023-06-02,ST04,C0243,P060,3,1191.84,414.75,777.09,Online
S03235,2023-05-16,ST04,C0179,P038,1,441.58,397.37,44.21,Mobile App
S03236,2023-05-08,ST10,C0162,P029,1,254.37,116.97,137.4,Mobile App
S03237,2023-10-21,ST09,C0341,P051,1,822.17,383.14,439.03,Retail Store
S03238,2024-02-01,ST06,C0023,P045,3,1225.62,381.24,844.38,Marketplace
S03239,2024-06-10,ST07,C0211,P066,1,157.99,94.05,63.94,Marketplace
S03240,2025-01-18,ST05,C0210,P048,2,688.12,309.0,379.12,Marketplace
S03241,2025-05-30,ST15,C0006,P001,3,1801.75,954.75,847.0,Online
S03242,2023-12-16,ST08,C0126,P004,1,322.99,233.76,89.23,Retail Store
S03243,2023-08-23,ST12,C0323,P004,1,305.99,233.76,72.23,Online
S03244,2023-06-21,ST05,C0071,P079,2,1220.52,360.52,860.0,Mobile App
S03245,2024-01-31,ST05,C0358,P071,1,143.99,253.92,-109.93,Online
S03246,2024-08-10,ST11,C0118,P013,3,908.7,233.52,675.18,Online
S03247,2024-04-07,ST13,C0339,P061,4,1039.57,1586.0,-546.43,Mobile App
S03248,2025-08-21,ST15,C0283,P022,2,616.87,451.32,165.55,Online
S03249,2023-01-05,ST06,C0423,P068,3,1385.76,1130.97,254.79,Marketplace
S03250,2023-08-04,ST15,C0254,P081,1,204.52,42.77,161.75,Marketplace
S03251,2023-05-03,ST14,C0204,P043,1,734.29,386.09,348.2,Mobile App
S03252,2023-12-12,ST12,C0301,P053,1,220.39,175.88,44.51,Retail Store
S03253,2023-02-02,ST15,C0169,P050,2,999.95,329.74,670.21,Marketplace
S03254,2023-07-29,ST09,C0194,P031,1,126.08,286.24,-160.16,Mobile App
S03255,2025-03-27,ST06,C0132,P022,1,292.2,225.66,66.54,Mobile App
S03256,2024-07-24,ST01,C0225,P012,2,822.98,315.78,507.2,Mobile App
S03257,2024-05-01,ST03,C0186,P074,1,156.7,350.01,-193.31,Marketplace
S03258,2023-10-21,ST06,C0198,P011,2,1465.34,506.44,958.9,Online
S03259,2025-01-29,ST03,C0378,P018,1,619.88,314.13,305.75,Marketplace
S03260,2025-03-10,ST07,C0090,P033,1,705.12,293.6,411.52,Retail Store
S03261,2023-01-08,ST15,C0349,P075,1,457.68,89.53,368.15,Marketplace
S03262,2023-05-28,ST14,C0049,P018,2,1377.5,628.26,749.24,Marketplace
S03263,2024-02-11,ST15,C0123,P054,5,1240.32,1392.2,-151.88,Retail Store
S03264,2024-10-15,ST14,C0403,P041,2,125.75,66.92,58.83,Retail Store
S03265,2023-02-17,ST13,C0296,P043,2,1545.88,772.18,773.7,Marketplace
S03266,2024-07-14,ST08,C0325,P065,2,948.74,287.28,661.46,Marketplace
S03267,2024-09-17,ST05,C0110,P081,2,430.56,85.54,345.02,Online
S03268,2023-07-25,ST04,C0072,P026,3,276.32,577.14,-300.82,Online
S03269,2024-08-25,ST03,C0224,P046,1,428.31,349.48,78.83,Online
S03270,2024-04-21,ST02,C0049,P061,5,1227.27,1982.5,-755.23,Retail Store
S03271,2024-04-19,ST03,C0349,P066,1,175.54,94.05,81.49,Marketplace
S03272,2024-08-10,ST06,C0152,P001,1,671.24,318.25,352.99,Retail Store
S03273,2023-01-03,ST13,C0222,P078,1,85.81,216.55,-130.74,Online
S03274,2024-09-20,ST12,C0334,P027,1,634.58,203.1,431.48,Retail Store
S03275,2023-06-28,ST05,C0107,P011,1,655.55,253.22,402.33,Online
S03276,2024-07-20,ST12,C0189,P054,5,1240.32,1392.2,-151.88,Retail Store
S03277,2023-11-29,ST15,C0275,P018,1,619.88,314.13,305.75,Online
S03278,2023-04-07,ST12,C0261,P036,1,780.81,357.09,423.72,Mobile App
S03279,2023-05-23,ST05,C0052,P062,1,275.63,91.36,184.27,Online
S03280,2025-03-29,ST01,C0244,P078,1,85.81,216.55,-130.74,Retail Store
S03281,2024-01-02,ST14,C0170,P026,2,205.88,384.76,-178.88,Online
S03282,2024-11-29,ST08,C0292,P081,1,215.28,42.77,172.51,Marketplace
S03283,2023-10-01,ST02,C0015,P043,1,695.65,386.09,309.56,Marketplace
S03284,2024-04-23,ST04,C0249,P020,2,1485.6,437.4,1048.2,Online
S03285,2024-05-15,ST12,C0299,P022,2,584.41,451.32,133.09,Marketplace
S03286,2023-12-25,ST02,C0390,P080,1,161.74,303.66,-141.92,Online
S03287,2025-08-01,ST13,C0269,P013,1,257.46,77.84,179.62,Online
S03288,2023-10-28,ST06,C0196,P030,1,558.51,308.05,250.46,Mobile App
S03289,2024-12-08,ST08,C0440,P020,1,631.38,218.7,412.68,Online
S03290,2024-07-17,ST07,C0041,P072,3,2290.12,705.42,1584.7,Mobile App
S03291,2024-08-27,ST07,C0241,P030,1,591.36,308.05,283.31,Retail Store
S03292,2025-05-24,ST09,C0056,P033,1,742.23,293.6,448.63,Retail Store
S03293,2023-08-09,ST05,C0251,P031,1,126.08,286.24,-160.16,Mobile App
S03294,2023-10-05,ST02,C0256,P069,1,713.43,160.09,553.34,Marketplace
S03295,2025-01-28,ST05,C0049,P064,1,286.72,130.54,156.18,Online
S03296,2024-12-08,ST05,C0188,P058,2,1273.82,266.98,1006.84,Retail Store
S03297,2025-08-09,ST14,C0163,P075,2,864.5,179.06,685.44,Marketplace
S03298,2023-05-14,ST09,C0210,P041,1,66.37,33.46,32.91,Mobile App
S03299,2023-08-17,ST07,C0013,P019,3,325.03,1006.74,-681.71,Marketplace
S03300,2025-07-25,ST05,C0093,P014,1,83.98,86.92,-2.94,Mobile App
S03301,2024-09-25,ST05,C0120,P035,3,2102.35,818.07,1284.28,Mobile App
S03302,2024-04-01,ST01,C0076,P034,3,1428.89,944.82,484.07,Marketplace
S03303,2025-06-10,ST10,C0416,P003,2,1092.01,224.04,867.97,Mobile App
S03304,2024-06-04,ST04,C0261,P087,3,1962.58,751.41,1211.17,Online
S03305,2023-03-15,ST12,C0095,P074,3,496.21,1050.03,-553.82,Online
S03306,2023-11-19,ST13,C0336,P085,3,2060.27,654.72,1405.55,Retail Store
S03307,2023-10-09,ST11,C0070,P012,3,1371.63,473.67,897.96,Marketplace
S03308,2024-12-15,ST15,C0299,P021,1,484.16,349.05,135.11,Online
S03309,2025-03-26,ST08,C0272,P065,1,474.37,143.64,330.73,Marketplace
S03310,2024-03-07,ST14,C0374,P070,2,178.6,289.44,-110.84,Online
S03311,2025-01-31,ST06,C0116,P016,3,2105.91,387.18,1718.73,Online
S03312,2023-04-26,ST05,C0245,P045,2,817.08,254.16,562.92,Online
S03313,2023-10-15,ST06,C0359,P075,3,1525.59,268.59,1257.0,Online
S03314,2025-01-06,ST09,C0226,P076,1,571.13,144.77,426.36,Marketplace
S03315,2023-07-10,ST05,C0002,P029,2,565.26,233.94,331.32,Marketplace
S03316,2024-08-20,ST10,C0054,P038,1,417.05,397.37,19.68,Marketplace
S03317,2025-06-06,ST02,C0123,P052,1,329.39,64.51,264.88,Online
S03318,2025-06-14,ST05,C0244,P051,4,2959.81,1532.56,1427.25,Online
S03319,2024-10-13,ST13,C0344,P032,1,345.88,296.35,49.53,Online
S03320,2025-08-05,ST10,C0448,P038,2,932.23,794.74,137.49,Marketplace
S03321,2024-02-21,ST13,C0395,P060,3,1402.17,414.75,987.42,Online
S03322,2024-02-14,ST07,C0251,P085,4,2747.03,872.96,1874.07,Retail Store
S03323,2024-02-21,ST08,C0213,P082,1,716.0,136.73,579.27,Mobile App
S03324,2023-02-26,ST04,C0025,P072,2,1366.03,470.28,895.75,Online
S03325,2023-06-22,ST12,C0423,P038,2,981.3,794.74,186.56,Retail Store
S03326,2024-04-03,ST15,C0317,P056,2,1643.9,556.92,1086.98,Online
S03327,2025-05-22,ST06,C0379,P041,3,188.62,100.38,88.24,Mobile App
S03328,2024-02-11,ST08,C0198,P010,2,1548.74,580.2,968.54,Retail Store
S03329,2023-05-02,ST07,C0005,P080,5,687.39,1518.3,-830.91,Retail Store
S03330,2025-02-01,ST02,C0087,P019,5,511.61,1677.9,-1166.29,Retail Store
S03331,2023-06-05,ST03,C0339,P028,3,1496.23,898.29,597.94,Online
S03332,2023-03-26,ST02,C0008,P009,1,449.22,283.05,166.17,Retail Store
S03333,2024-11-12,ST07,C0350,P072,2,1607.1,470.28,1136.82,Marketplace
S03334,2023-11-09,ST03,C0210,P082,2,1217.2,273.46,943.74,Online
S03335,2024-06-16,ST10,C0061,P025,1,823.99,266.96,557.03,Online
S03336,2024-01-31,ST07,C0206,P023,3,637.69,765.0,-127.31,Mobile App
S03337,2023-03-14,ST04,C0177,P048,1,292.45,154.5,137.95,Online
S03338,2024-12-02,ST04,C0336,P061,3,822.99,1189.5,-366.51,Marketplace
S03339,2023-02-28,ST12,C0389,P077,1,243.53,391.83,-148.3,Marketplace
S03340,2023-05-09,ST12,C0448,P087,1,769.64,250.47,519.17,Mobile App
S03341,2023-03-09,ST12,C0274,P051,2,1397.69,766.28,631.41,Online
S03342,2023-04-21,ST09,C0051,P079,1,682.05,180.26,501.79,Online
S03343,2024-04-10,ST12,C0398,P015,2,1582.15,278.68,1303.47,Marketplace
S03344,2024-06-16,ST06,C0403,P073,1,698.1,376.81,321.29,Online
S03345,2025-06-21,ST10,C0216,P071,2,287.98,507.84,-219.86,Online
S03346,2023-01-24,ST13,C0019,P087,6,4617.84,1502.82,3115.02,Mobile App
S03347,2024-09-04,ST12,C0233,P034,3,1681.05,944.82,736.23,Mobile App
S03348,2024-04-09,ST05,C0341,P079,1,717.95,180.26,537.69,Retail Store
S03349,2024-02-21,ST05,C0414,P016,3,2000.61,387.18,1613.43,Mobile App
S03350,2023-11-23,ST10,C0062,P049,1,582.92,236.79,346.13,Retail Store
S03351,2023-05-12,ST13,C0437,P038,1,417.05,397.37,19.68,Retail Store
S03352,2023-07-13,ST11,C0302,P065,6,3162.48,861.84,2300.64,Online
S03353,2024-04-18,ST02,C0021,P076,1,571.13,144.77,426.36,Retail Store
S03354,2024-06-08,ST14,C0044,P069,1,677.76,160.09,517.67,Retail Store
S03355,2024-07-23,ST03,C0332,P059,2,237.13,490.46,-253.33,Mobile App
S03356,2023-03-11,ST15,C0274,P071,1,143.99,253.92,-109.93,Retail Store
S03357,2023-05-15,ST01,C0034,P068,2,923.84,753.98,169.86,Marketplace
S03358,2025-03-07,ST15,C0013,P086,2,1095.5,334.54,760.96,Marketplace
S03359,2024-05-17,ST08,C0254,P032,1,345.88,296.35,49.53,Online
S03360,2023-10-04,ST11,C0388,P074,1,147.99,350.01,-202.02,Marketplace
S03361,2024-05-13,ST14,C0144,P013,2,605.8,155.68,450.12,Marketplace
S03362,2024-02-07,ST09,C0302,P010,4,2942.61,1160.4,1782.21,Online
S03363,2025-06-06,ST14,C0090,P024,1,828.99,153.67,675.32,Online
S03364,2023-03-23,ST05,C0187,P021,1,459.95,349.05,110.9,Retail Store
S03365,2023-10-06,ST02,C0419,P070,1,99.22,144.72,-45.5,Marketplace
S03366,2023-05-29,ST08,C0364,P022,2,584.41,451.32,133.09,Marketplace
S03367,2023-10-31,ST14,C0051,P032,3,1037.64,889.05,148.59,Mobile App
S03368,2023-01-21,ST13,C0429,P009,1,449.22,283.05,166.17,Marketplace
S03369,2023-01-29,ST02,C0187,P051,3,2466.51,1149.42,1317.09,Retail Store
S03370,2024-12-27,ST10,C0243,P056,3,2465.85,835.38,1630.47,Online
S03371,2024-03-17,ST05,C0286,P030,3,1971.21,924.15,1047.06,Mobile App
S03372,2023-11-24,ST11,C0116,P051,2,1644.34,766.28,878.06,Mobile App
S03373,2025-06-02,ST02,C0200,P057,1,581.41,34.16,547.25,Mobile App
S03374,2024-07-08,ST11,C0200,P005,3,1691.88,842.07,849.81,Online
S03375,2024-06-07,ST10,C0259,P058,2,1210.13,266.98,943.15,Mobile App
S03376,2025-06-02,ST05,C0431,P007,1,52.78,354.8,-302.02,Marketplace
S03377,2023-05-25,ST04,C0301,P062,1,306.26,91.36,214.9,Retail Store
S03378,2023-08-25,ST03,C0422,P065,1,448.02,143.64,304.38,Mobile App
S03379,2024-11-09,ST11,C0267,P014,1,83.98,86.92,-2.94,Mobile App
S03380,2023-07-21,ST06,C0297,P053,1,187.33,175.88,11.45,Mobile App
S03381,2023-09-10,ST04,C0063,P064,3,774.14,391.62,382.52,Marketplace
S03382,2023-12-02,ST11,C0417,P033,1,742.23,293.6,448.63,Marketplace
S03383,2024-10-02,ST03,C0059,P072,1,683.02,235.14,447.88,Retail Store
S03384,2024-05-03,ST04,C0248,P011,1,771.23,253.22,518.01,Retail Store
S03385,2024-01-05,ST11,C0084,P041,3,209.58,100.38,109.2,Mobile App
S03386,2024-08-19,ST08,C0094,P053,1,187.33,175.88,11.45,Online
S03387,2023-05-04,ST03,C0406,P010,1,774.37,290.1,484.27,Mobile App
S03388,2024-04-10,ST11,C0315,P019,1,102.32,335.58,-233.26,Online
S03389,2025-07-27,ST14,C0131,P050,1,473.66,164.87,308.79,Marketplace
S03390,2024-11-25,ST07,C0311,P084,1,761.83,390.58,371.25,Retail Store
S03391,2023-04-11,ST02,C0007,P032,2,588.0,592.7,-4.7,Mobile App
S03392,2024-10-03,ST11,C0231,P003,1,546.0,112.02,433.98,Online
S03393,2023-07-16,ST06,C0318,P004,1,322.99,233.76,89.23,Marketplace
S03394,2024-10-26,ST02,C0322,P058,3,1815.19,400.47,1414.72,Online
S03395,2024-02-06,ST11,C0409,P081,5,968.76,213.85,754.91,Retail Store
S03396,2024-07-08,ST06,C0035,P057,1,494.2,34.16,460.04,Retail Store
S03397,2025-05-08,ST05,C0030,P017,3,1398.95,795.18,603.77,Mobile App
S03398,2023-11-28,ST07,C0151,P038,2,981.3,794.74,186.56,Marketplace
S03399,2023-07-24,ST04,C0035,P034,3,1428.89,944.82,484.07,Marketplace
S03400,2024-05-24,ST07,C0215,P039,1,47.93,373.85,-325.92,Online
S03401,2023-02-10,ST07,C0366,P039,1,53.57,373.85,-320.28,Retail Store
S03402,2023-04-06,ST08,C0353,P046,1,452.1,349.48,102.62,Online
S03403,2023-09-25,ST15,C0233,P001,1,706.57,318.25,388.32,Mobile App
S03404,2025-04-27,ST07,C0333,P072,1,803.55,235.14,568.41,Retail Store
S03405,2025-03-03,ST04,C0035,P085,1,767.55,218.24,549.31,Online
S03406,2025-02-21,ST11,C0430,P029,3,720.71,350.91,369.8,Retail Store
S03407,2023-06-09,ST01,C0079,P025,1,823.99,266.96,557.03,Marketplace
S03408,2024-02-21,ST07,C0244,P003,1,606.67,112.02,494.65,Marketplace
S03409,2023-10-12,ST07,C0016,P044,1,415.44,212.6,202.84,Retail Store
S03410,2024-02-24,ST09,C0209,P028,1,526.45,299.43,227.02,Retail Store
S03411,2025-04-22,ST10,C0409,P052,2,697.54,129.02,568.52,Online
S03412,2025-05-03,ST11,C0183,P021,2,871.49,698.1,173.39,Online
S03413,2025-04-27,ST02,C0329,P032,1,345.88,296.35,49.53,Retail Store
S03414,2023-12-25,ST03,C0231,P005,1,507.56,280.69,226.87,Mobile App
S03415,2025-02-22,ST03,C0251,P020,1,705.66,218.7,486.96,Retail Store
S03416,2024-04-19,ST13,C0020,P052,2,658.78,129.02,529.76,Marketplace
S03417,2025-08-24,ST08,C0237,P034,1,560.35,314.94,245.41,Marketplace
S03418,2023-11-04,ST06,C0108,P042,1,256.0,140.98,115.02,Online
S03419,2023-12-03,ST10,C0224,P033,1,630.9,293.6,337.3,Mobile App
S03420,2025-07-25,ST06,C0008,P067,2,1153.89,607.8,546.09,Retail Store
S03421,2025-06-04,ST15,C0045,P066,2,298.42,188.1,110.32,Marketplace
S03422,2024-04-20,ST14,C0042,P067,1,576.94,303.9,273.04,Marketplace
S03423,2025-03-22,ST08,C0310,P005,1,507.56,280.69,226.87,Online
S03424,2024-10-16,ST12,C0314,P024,1,828.99,153.67,675.32,Online
S03425,2023-11-02,ST03,C0099,P057,3,1744.23,102.48,1641.75,Mobile App
S03426,2025-01-01,ST13,C0148,P015,3,2498.13,418.02,2080.11,Online
S03427,2024-08-20,ST13,C0405,P042,1,256.0,140.98,115.02,Mobile App
S03428,2025-08-09,ST03,C0126,P089,1,633.16,227.16,406.0,Retail Store
S03429,2023-09-11,ST07,C0353,P067,1,641.05,303.9,337.15,Online
S03430,2024-03-05,ST02,C0103,P067,3,1730.83,911.7,819.13,Online
S03431,2023-10-13,ST09,C0196,P087,3,1962.58,751.41,1211.17,Online
S03432,2024-02-19,ST01,C0396,P061,1,245.45,396.5,-151.05,Marketplace
S03433,2023-06-10,ST11,C0419,P086,3,1643.25,501.81,1141.44,Retail Store
S03434,2025-03-03,ST12,C0035,P021,4,1936.64,1396.2,540.44,Marketplace
S03435,2024-07-16,ST01,C0257,P007,1,52.78,354.8,-302.02,Retail Store
S03436,2024-11-20,ST14,C0115,P072,2,1607.1,470.28,1136.82,Marketplace
S03437,2025-03-19,ST11,C0326,P035,1,824.45,272.69,551.76,Marketplace
S03438,2023-01-22,ST09,C0146,P034,1,476.3,314.94,161.36,Retail Store
S03439,2024-01-31,ST12,C0381,P049,1,550.54,236.79,313.75,Online
S03440,2023-05-15,ST09,C0157,P084,1,761.83,390.58,371.25,Online
S03441,2023-01-06,ST12,C0094,P054,1,248.06,278.44,-30.38,Retail Store
S03442,2024-02-07,ST02,C0040,P038,3,1251.16,1192.11,59.05,Mobile App
S03443,2023-05-07,ST06,C0206,P047,1,638.12,118.67,519.45,Marketplace
S03444,2024-07-06,ST09,C0012,P013,2,605.8,155.68,450.12,Online
S03445,2023-11-15,ST10,C0220,P034,2,1120.7,629.88,490.82,Retail Store
S03446,2024-06-03,ST10,C0449,P049,1,615.31,236.79,378.52,Mobile App
S03447,2023-11-21,ST11,C0183,P033,2,1336.01,587.2,748.81,Online
S03448,2023-04-17,ST03,C0164,P025,2,1565.58,533.92,1031.66,Online
S03449,2025-03-07,ST06,C0039,P054,1,221.95,278.44,-56.49,Online
S03450,2023-02-22,ST15,C0264,P049,2,1295.38,473.58,821.8,Retail Store
S03451,2024-02-15,ST15,C0329,P041,2,125.75,66.92,58.83,Online
S03452,2023-05-03,ST07,C0023,P044,1,393.57,212.6,180.97,Retail Store
S03453,2024-03-11,ST07,C0324,P025,2,1647.98,533.92,1114.06,Online
S03454,2024-02-11,ST02,C0163,P053,2,396.7,351.76,44.94,Online
S03455,2024-04-23,ST04,C0330,P041,5,314.37,167.3,147.07,Online
S03456,2024-08-04,ST04,C0068,P085,1,767.55,218.24,549.31,Online
S03457,2023-08-14,ST01,C0029,P078,1,100.95,216.55,-115.6,Mobile App
S03458,2023-11-07,ST13,C0215,P064,1,258.05,130.54,127.51,Mobile App
S03459,2023-01-22,ST13,C0309,P041,3,209.58,100.38,109.2,Marketplace
S03460,2024-03-04,ST09,C0014,P065,1,474.37,143.64,330.73,Online
S03461,2025-01-26,ST10,C0369,P006,1,323.25,38.9,284.35,Mobile App
S03462,2023-09-08,ST14,C0111,P022,1,324.67,225.66,99.01,Marketplace
S03463,2025-05-03,ST02,C0406,P025,3,2348.37,800.88,1547.49,Mobile App
S03464,2025-04-23,ST07,C0324,P035,1,824.45,272.69,551.76,Mobile App
S03465,2023-03-12,ST12,C0094,P024,1,787.54,153.67,633.87,Mobile App
S03466,2024-07-13,ST14,C0053,P042,2,458.1,281.96,176.14,Marketplace
S03467,2023-10-21,ST08,C0162,P064,1,258.05,130.54,127.51,Marketplace
S03468,2025-04-25,ST05,C0224,P011,1,655.55,253.22,402.33,Retail Store
S03469,2024-10-01,ST13,C0084,P036,1,780.81,357.09,423.72,Retail Store
S03470,2025-05-26,ST13,C0321,P003,1,606.67,112.02,494.65,Marketplace
S03471,2023-07-01,ST12,C0064,P017,1,440.41,265.06,175.35,Online
S03472,2025-02-05,ST06,C0397,P027,1,539.39,203.1,336.29,Marketplace
S03473,2023-10-12,ST04,C0203,P027,1,539.39,203.1,336.29,Marketplace
S03474,2024-04-25,ST04,C0294,P071,1,143.99,253.92,-109.93,Mobile App
S03475,2024-06-19,ST15,C0415,P067,1,544.89,303.9,240.99,Retail Store
S03476,2025-04-13,ST10,C0143,P039,1,53.57,373.85,-320.28,Online
S03477,2025-06-28,ST07,C0194,P053,1,209.37,175.88,33.49,Mobile App
S03478,2024-11-11,ST11,C0030,P060,2,934.78,276.5,658.28,Marketplace
S03479,2024-12-11,ST10,C0435,P085,1,807.95,218.24,589.71,Mobile App
S03480,2023-01-07,ST01,C0349,P066,1,166.76,94.05,72.71,Retail Store
S03481,2025-06-05,ST02,C0135,P048,1,344.06,154.5,189.56,Marketplace
S03482,2025-08-04,ST05,C0107,P029,2,537.0,233.94,303.06,Retail Store
S03483,2024-12-04,ST15,C0186,P089,1,599.83,227.16,372.67,Online
S03484,2024-03-27,ST15,C0112,P047,2,1205.33,237.34,967.99,Mobile App
S03485,2025-05-03,ST07,C0418,P062,1,306.26,91.36,214.9,Online
S03486,2023-12-30,ST03,C0073,P051,1,698.84,383.14,315.7,Online
S03487,2025-04-20,ST07,C0317,P088,1,836.55,302.14,534.41,Marketplace
S03488,2023-10-11,ST06,C0119,P016,1,631.77,129.06,502.71,Marketplace
S03489,2024-09-29,ST12,C0308,P053,1,187.33,175.88,11.45,Mobile App
S03490,2024-03-22,ST07,C0167,P032,1,294.0,296.35,-2.35,Mobile App
S03491,2023-07-18,ST02,C0337,P089,2,1332.96,454.32,878.64,Mobile App
S03492,2024-09-24,ST10,C0165,P060,1,444.02,138.25,305.77,Online
S03493,2024-05-30,ST07,C0314,P035,1,742.01,272.69,469.32,Marketplace
S03494,2023-04-02,ST11,C0242,P072,4,3214.2,940.56,2273.64,Marketplace
S03495,2024-03-16,ST06,C0341,P009,1,449.22,283.05,166.17,Marketplace
S03496,2024-10-24,ST01,C0114,P026,1,108.36,192.38,-84.02,Marketplace
S03497,2025-07-10,ST14,C0446,P018,4,2479.5,1256.52,1222.98,Marketplace
S03498,2025-08-16,ST08,C0325,P019,1,120.38,335.58,-215.2,Retail Store
S03499,2023-05-21,ST06,C0126,P081,1,193.75,42.77,150.98,Mobile App
S03500,2023-08-25,ST12,C0359,P063,3,2392.59,337.41,2055.18,Online
S03501,2024-03-08,ST04,C0249,P056,1,739.76,278.46,461.3,Mobile App
S03502,2024-12-12,ST12,C0241,P008,1,692.61,380.57,312.04,Online
S03503,2023-06-01,ST05,C0347,P016,3,2105.91,387.18,1718.73,Marketplace
S03504,2023-02-24,ST13,C0310,P033,2,1484.46,587.2,897.26,Retail Store
S03505,2024-07-06,ST04,C0259,P055,1,725.09,244.81,480.28,Marketplace
S03506,2024-11-15,ST15,C0023,P019,1,120.38,335.58,-215.2,Retail Store
S03507,2023-11-05,ST01,C0114,P022,2,551.94,451.32,100.62,Retail Store
S03508,2024-11-29,ST02,C0219,P068,4,1847.68,1507.96,339.72,Retail Store
S03509,2024-01-20,ST06,C0280,P065,1,448.02,143.64,304.38,Online
S03510,2024-01-25,ST13,C0197,P008,1,657.98,380.57,277.41,Marketplace
S03511,2024-12-11,ST04,C0436,P086,1,576.58,167.27,409.31,Mobile App
S03512,2023-01-12,ST09,C0196,P026,1,102.94,192.38,-89.44,Online
S03513,2023-07-11,ST03,C0331,P006,1,307.09,38.9,268.19,Retail Store
S03514,2024-09-05,ST13,C0222,P069,1,677.76,160.09,517.67,Marketplace
S03515,2024-10-14,ST07,C0113,P018,3,1962.94,942.39,1020.55,Retail Store
S03516,2025-04-05,ST12,C0013,P026,1,97.52,192.38,-94.86,Marketplace
S03517,2025-02-01,ST10,C0031,P042,2,458.1,281.96,176.14,Retail Store
S03518,2025-02-25,ST08,C0358,P073,1,780.23,376.81,403.42,Mobile App
S03519,2024-02-19,ST05,C0335,P041,1,59.38,33.46,25.92,Retail Store
S03520,2023-01-05,ST07,C0251,P038,2,883.17,794.74,88.43,Online
S03521,2023-03-07,ST06,C0023,P076,3,1814.18,434.31,1379.87,Mobile App
S03522,2023-05-15,ST06,C0298,P018,1,688.75,314.13,374.62,Marketplace
S03523,2025-02-11,ST10,C0190,P025,1,823.99,266.96,557.03,Mobile App
S03524,2023-05-28,ST03,C0141,P026,1,108.36,192.38,-84.02,Marketplace
S03525,2025-03-10,ST08,C0228,P045,2,735.37,254.16,481.21,Marketplace
S03526,2025-03-29,ST01,C0126,P010,2,1548.74,580.2,968.54,Retail Store
S03527,2025-05-17,ST01,C0334,P053,2,440.78,351.76,89.02,Mobile App
S03528,2024-12-01,ST08,C0226,P050,2,1052.58,329.74,722.84,Retail Store
S03529,2024-05-19,ST05,C0282,P069,1,713.43,160.09,553.34,Online
S03530,2024-05-04,ST09,C0253,P035,3,2102.35,818.07,1284.28,Online
S03531,2023-09-19,ST10,C0197,P008,1,692.61,380.57,312.04,Retail Store
S03532,2024-01-13,ST06,C0383,P044,2,830.87,425.2,405.67,Online
S03533,2023-09-04,ST03,C0037,P067,2,1089.78,607.8,481.98,Mobile App
S03534,2025-07-27,ST10,C0095,P070,3,282.78,434.16,-151.38,Online
S03535,2024-06-12,ST15,C0020,P070,1,99.22,144.72,-45.5,Online
S03536,2023-07-19,ST12,C0050,P040,1,675.96,99.01,576.95,Marketplace
S03537,2025-01-02,ST06,C0107,P005,2,1071.52,561.38,510.14,Online
S03538,2024-02-16,ST11,C0328,P042,1,229.05,140.98,88.07,Mobile App
S03539,2024-03-15,ST10,C0446,P088,1,794.72,302.14,492.58,Retail Store
S03540,2024-07-14,ST03,C0097,P010,1,696.93,290.1,406.83,Mobile App
S03541,2023-01-23,ST04,C0249,P039,1,47.93,373.85,-325.92,Mobile App
S03542,2025-02-07,ST10,C0016,P062,1,275.63,91.36,184.27,Mobile App
S03543,2023-06-11,ST12,C0390,P068,1,415.73,376.99,38.74,Mobile App
S03544,2025-08-08,ST03,C0050,P028,1,471.04,299.43,171.61,Mobile App
S03545,2024-06-09,ST08,C0088,P048,1,292.45,154.5,137.95,Online
S03546,2024-01-30,ST03,C0202,P049,2,1230.61,473.58,757.03,Mobile App
S03547,2024-12-05,ST11,C0332,P065,1,527.08,143.64,383.44,Retail Store
S03548,2024-09-12,ST01,C0353,P081,2,430.56,85.54,345.02,Retail Store
S03549,2024-11-09,ST05,C0351,P059,1,118.57,245.23,-126.66,Marketplace
S03550,2024-01-06,ST02,C0146,P004,1,288.99,233.76,55.23,Marketplace
S03551,2025-04-08,ST14,C0280,P057,2,1046.54,68.32,978.22,Online
S03552,2024-09-14,ST09,C0234,P003,2,1213.34,224.04,989.3,Retail Store
S03553,2023-09-04,ST10,C0176,P049,1,582.92,236.79,346.13,Online
S03554,2025-06-11,ST09,C0322,P028,1,554.16,299.43,254.73,Mobile App
S03555,2025-05-16,ST04,C0414,P085,2,1535.11,436.48,1098.63,Marketplace
S03556,2025-05-03,ST12,C0357,P026,1,108.36,192.38,-84.02,Mobile App
S03557,2024-08-06,ST06,C0042,P011,3,2198.01,759.66,1438.35,Online
S03558,2023-01-24,ST06,C0046,P033,2,1336.01,587.2,748.81,Marketplace
S03559,2025-08-16,ST11,C0087,P077,1,272.18,391.83,-119.65,Mobile App
S03560,2025-06-11,ST01,C0423,P028,1,471.04,299.43,171.61,Online
S03561,2023-09-30,ST15,C0224,P021,2,871.49,698.1,173.39,Mobile App
S03562,2024-11-26,ST03,C0266,P083,1,529.85,166.97,362.88,Retail Store
S03563,2023-02-20,ST13,C0146,P035,2,1401.57,545.38,856.19,Online
S03564,2025-04-23,ST10,C0284,P024,2,1575.08,307.34,1267.74,Mobile App
S03565,2023-05-22,ST02,C0309,P058,1,541.37,133.49,407.88,Retail Store
S03566,2024-08-27,ST12,C0097,P043,1,772.94,386.09,386.85,Marketplace
S03567,2025-01-12,ST06,C0389,P072,2,1607.1,470.28,1136.82,Online
S03568,2023-04-02,ST12,C0089,P020,1,631.38,218.7,412.68,Mobile App
S03569,2024-07-02,ST04,C0317,P082,1,680.2,136.73,543.47,Marketplace
S03570,2023-07-29,ST01,C0212,P035,1,824.45,272.69,551.76,Mobile App
S03571,2023-02-18,ST02,C0433,P056,1,780.85,278.46,502.39,Retail Store
S03572,2024-09-27,ST05,C0413,P006,1,274.76,38.9,235.86,Marketplace
S03573,2025-05-15,ST07,C0297,P065,2,1001.45,287.28,714.17,Marketplace
S03574,2023-01-01,ST05,C0351,P009,1,404.3,283.05,121.25,Mobile App
S03575,2023-04-16,ST03,C0252,P086,1,490.09,167.27,322.82,Marketplace
S03576,2023-11-19,ST09,C0001,P029,1,282.63,116.97,165.66,Online
S03577,2024-01-16,ST02,C0347,P088,1,711.07,302.14,408.93,Marketplace
S03578,2024-04-07,ST04,C0325,P058,1,541.37,133.49,407.88,Marketplace
S03579,2025-02-04,ST03,C0410,P016,1,631.77,129.06,502.71,Online
S03580,2024-05-31,ST08,C0346,P062,2,612.52,182.72,429.8,Marketplace
S03581,2024-11-03,ST13,C0006,P026,1,108.36,192.38,-84.02,Mobile App
S03582,2024-11-20,ST06,C0267,P004,2,679.98,467.52,212.46,Marketplace
S03583,2023-02-28,ST06,C0263,P006,1,323.25,38.9,284.35,Marketplace
S03584,2025-05-04,ST06,C0228,P052,2,775.04,129.02,646.02,Marketplace
S03585,2023-07-30,ST03,C0016,P010,1,696.93,290.1,406.83,Marketplace
S03586,2024-05-24,ST14,C0287,P075,1,432.25,89.53,342.72,Mobile App
S03587,2024-05-10,ST11,C0113,P031,2,214.34,572.48,-358.14,Marketplace
S03588,2024-09-13,ST04,C0313,P012,3,1165.89,473.67,692.22,Retail Store
S03589,2024-12-09,ST09,C0247,P006,1,323.25,38.9,284.35,Online
S03590,2023-02-04,ST10,C0233,P053,1,198.35,175.88,22.47,Retail Store
S03591,2023-09-06,ST01,C0375,P018,1,619.88,314.13,305.75,Mobile App
S03592,2023-03-08,ST01,C0252,P073,3,2094.31,1130.43,963.88,Online
S03593,2023-10-02,ST05,C0054,P021,5,2420.8,1745.25,675.55,Retail Store
S03594,2023-09-22,ST05,C0278,P087,1,769.64,250.47,519.17,Marketplace
S03595,2023-03-04,ST01,C0319,P089,1,666.48,227.16,439.32,Marketplace
S03596,2024-01-30,ST01,C0419,P037,1,843.59,385.8,457.79,Marketplace
S03597,2025-05-19,ST03,C0378,P024,1,828.99,153.67,675.32,Mobile App
S03598,2023-11-27,ST11,C0341,P023,1,236.18,255.0,-18.82,Mobile App
S03599,2024-10-30,ST09,C0112,P039,1,56.39,373.85,-317.46,Retail Store
S03600,2025-03-22,ST13,C0067,P059,1,118.57,245.23,-126.66,Online
S03601,2023-07-05,ST06,C0216,P027,1,571.12,203.1,368.02,Retail Store
S03602,2024-09-09,ST09,C0222,P037,3,2404.23,1157.4,1246.83,Marketplace
S03603,2023-04-11,ST03,C0308,P033,1,742.23,293.6,448.63,Marketplace
S03604,2024-05-16,ST03,C0129,P008,6,4155.66,2283.42,1872.24,Marketplace
S03605,2023-07-31,ST12,C0186,P020,4,2822.64,874.8,1947.84,Retail Store
S03606,2023-10-29,ST09,C0131,P013,1,272.61,77.84,194.77,Retail Store
S03607,2023-11-08,ST02,C0226,P019,3,361.14,1006.74,-645.6,Retail Store
S03608,2024-05-07,ST07,C0100,P043,2,1545.88,772.18,773.7,Marketplace
S03609,2023-07-11,ST08,C0225,P010,2,1548.74,580.2,968.54,Online
S03610,2024-08-30,ST09,C0106,P042,2,458.1,281.96,176.14,Retail Store
S03611,2023-01-12,ST13,C0200,P073,1,698.1,376.81,321.29,Mobile App
S03612,2025-06-16,ST11,C0150,P074,1,156.7,350.01,-193.31,Marketplace
S03613,2024-05-17,ST03,C0291,P020,2,1411.32,437.4,973.92,Retail Store
S03614,2023-11-06,ST11,C0287,P042,1,269.47,140.98,128.49,Marketplace
S03615,2023-10-02,ST15,C0217,P031,1,119.78,286.24,-166.46,Marketplace
S03616,2023-04-18,ST09,C0043,P011,2,1388.21,506.44,881.77,Mobile App
S03617,2025-03-29,ST08,C0366,P007,1,55.71,354.8,-299.09,Retail Store
S03618,2024-03-14,ST06,C0435,P016,1,666.87,129.06,537.81,Online
S03619,2023-09-13,ST02,C0015,P080,3,460.96,910.98,-450.02,Marketplace
S03620,2023-03-30,ST14,C0205,P025,3,2348.37,800.88,1547.49,Online
S03621,2025-06-21,ST01,C0384,P042,1,242.52,140.98,101.54,Retail Store
S03622,2023-02-06,ST13,C0322,P015,1,707.8,139.34,568.46,Online
S03623,2025-05-14,ST01,C0192,P075,2,966.21,179.06,787.15,Retail Store
S03624,2025-02-07,ST15,C0216,P067,1,576.94,303.9,273.04,Retail Store
S03625,2024-10-01,ST02,C0312,P001,1,635.91,318.25,317.66,Mobile App
S03626,2024-01-29,ST11,C0146,P005,3,1438.1,842.07,596.03,Online
S03627,2024-08-12,ST12,C0348,P074,2,295.99,700.02,-404.03,Retail Store
S03628,2024-11-06,ST05,C0004,P045,1,388.11,127.08,261.03,Online
S03629,2024-09-20,ST06,C0269,P012,1,457.21,157.89,299.32,Online
S03630,2023-07-18,ST11,C0128,P007,3,158.33,1064.4,-906.07,Online
S03631,2024-11-13,ST13,C0172,P055,1,725.09,244.81,480.28,Online
S03632,2024-02-29,ST07,C0171,P049,2,1230.61,473.58,757.03,Online
S03633,2023-04-14,ST05,C0291,P056,1,821.95,278.46,543.49,Retail Store
S03634,2024-05-17,ST05,C0190,P058,2,1273.82,266.98,1006.84,Mobile App
S03635,2024-01-14,ST04,C0085,P045,4,1552.45,508.32,1044.13,Online
S03636,2025-08-12,ST14,C0399,P017,2,984.45,530.12,454.33,Retail Store
S03637,2024-05-18,ST07,C0346,P042,1,229.05,140.98,88.07,Retail Store
S03638,2024-02-15,ST08,C0369,P085,1,807.95,218.24,589.71,Mobile App
S03639,2023-03-24,ST01,C0004,P056,1,739.76,278.46,461.3,Online
S03640,2024-07-09,ST10,C0273,P070,1,94.26,144.72,-50.46,Retail Store
S03641,2025-03-15,ST02,C0332,P083,2,900.75,333.94,566.81,Retail Store
S03642,2024-01-10,ST06,C0409,P086,2,1153.16,334.54,818.62,Retail Store
S03643,2023-12-13,ST12,C0060,P048,1,344.06,154.5,189.56,Online
S03644,2024-12-16,ST12,C0385,P011,1,732.67,253.22,479.45,Mobile App
S03645,2024-05-22,ST02,C0160,P002,6,3421.44,1185.24,2236.2,Mobile App
S03646,2024-10-08,ST03,C0361,P065,1,527.08,143.64,383.44,Online
S03647,2023-06-05,ST06,C0259,P041,1,62.87,33.46,29.41,Marketplace
S03648,2023-03-05,ST10,C0086,P002,1,484.7,197.54,287.16,Retail Store
S03649,2025-04-26,ST14,C0363,P058,2,1273.82,266.98,1006.84,Mobile App
S03650,2024-11-30,ST06,C0015,P054,1,261.12,278.44,-17.32,Mobile App
S03651,2025-04-21,ST14,C0362,P083,3,1430.6,500.91,929.69,Online
S03652,2023-11-20,ST11,C0167,P044,1,371.7,212.6,159.1,Retail Store
S03653,2025-08-10,ST07,C0383,P032,1,311.29,296.35,14.94,Marketplace
S03654,2023-07-21,ST09,C0397,P011,2,1311.09,506.44,804.65,Retail Store
S03655,2023-07-04,ST11,C0316,P007,2,105.55,709.6,-604.05,Online
S03656,2023-12-13,ST14,C0189,P036,2,1327.38,714.18,613.2,Mobile App
S03657,2024-06-08,ST02,C0075,P042,1,269.47,140.98,128.49,Online
S03658,2024-07-26,ST06,C0440,P014,2,187.72,173.84,13.88,Marketplace
S03659,2024-02-15,ST02,C0099,P088,1,794.72,302.14,492.58,Mobile App
S03660,2024-03-03,ST05,C0015,P086,1,547.75,167.27,380.48,Marketplace
S03661,2023-05-26,ST15,C0412,P065,1,500.73,143.64,357.09,Marketplace
S03662,2023-12-26,ST14,C0167,P059,1,125.54,245.23,-119.69,Online
S03663,2023-12-21,ST02,C0319,P049,1,615.31,236.79,378.52,Online
S03664,2023-08-21,ST10,C0331,P021,4,1936.64,1396.2,540.44,Marketplace
S03665,2023-08-29,ST07,C0003,P014,1,83.98,86.92,-2.94,Marketplace
S03666,2024-09-30,ST08,C0411,P052,1,368.14,64.51,303.63,Mobile App
S03667,2025-01-19,ST04,C0266,P081,1,215.28,42.77,172.51,Retail Store
S03668,2024-05-10,ST14,C0273,P008,1,692.61,380.57,312.04,Online
S03669,2023-10-02,ST15,C0138,P025,1,700.39,266.96,433.43,Online
S03670,2024-01-13,ST07,C0110,P024,1,787.54,153.67,633.87,Mobile App
S03671,2024-10-03,ST02,C0345,P012,3,1165.89,473.67,692.22,Marketplace
S03672,2023-04-02,ST09,C0314,P042,1,269.47,140.98,128.49,Marketplace
S03673,2025-05-30,ST09,C0003,P056,2,1643.9,556.92,1086.98,Marketplace
S03674,2024-11-12,ST14,C0146,P077,1,257.86,391.83,-133.97,Marketplace
S03675,2023-11-23,ST01,C0116,P015,4,3330.84,557.36,2773.48,Retail Store
S03676,2023-02-12,ST06,C0416,P031,1,113.47,286.24,-172.77,Online
S03677,2024-10-24,ST02,C0091,P081,4,861.12,171.08,690.04,Mobile App
S03678,2024-06-08,ST05,C0205,P002,3,1539.65,592.62,947.03,Online
S03679,2023-09-18,ST11,C0013,P087,1,654.19,250.47,403.72,Mobile App
S03680,2024-02-18,ST07,C0241,P069,2,1426.86,320.18,1106.68,Retail Store
S03681,2024-06-17,ST12,C0083,P082,1,716.0,136.73,579.27,Online
S03682,2024-08-11,ST01,C0114,P089,4,2532.62,908.64,1623.98,Marketplace
S03683,2023-07-22,ST13,C0045,P086,4,2191.0,669.08,1521.92,Retail Store
S03684,2025-03-03,ST10,C0186,P077,2,573.02,783.66,-210.64,Online
S03685,2025-01-25,ST06,C0072,P062,1,306.26,91.36,214.9,Online
S03686,2023-01-07,ST07,C0274,P029,2,565.26,233.94,331.32,Marketplace
S03687,2025-02-06,ST07,C0148,P045,1,347.26,127.08,220.18,Online
S03688,2023-11-28,ST06,C0260,P025,1,741.59,266.96,474.63,Online
S03689,2023-06-03,ST06,C0067,P016,3,1895.32,387.18,1508.14,Online
S03690,2025-03-14,ST05,C0449,P029,2,565.26,233.94,331.32,Mobile App
S03691,2023-06-23,ST10,C0128,P025,3,2101.17,800.88,1300.29,Retail Store
S03692,2025-01-03,ST07,C0088,P085,1,767.55,218.24,549.31,Online
S03693,2024-02-23,ST06,C0206,P056,1,821.95,278.46,543.49,Online
S03694,2024-06-29,ST13,C0103,P062,1,306.26,91.36,214.9,Retail Store
S03695,2024-09-21,ST04,C0212,P013,5,1287.33,389.2,898.13,Retail Store
S03696,2023-09-06,ST03,C0251,P061,1,288.77,396.5,-107.73,Retail Store
S03697,2023-03-09,ST11,C0006,P012,1,457.21,157.89,299.32,Online
S03698,2023-12-27,ST02,C0113,P066,2,351.08,188.1,162.98,Retail Store
S03699,2024-12-19,ST04,C0447,P001,1,600.58,318.25,282.33,Marketplace
S03700,2023-03-01,ST03,C0243,P038,5,2085.26,1986.85,98.41,Mobile App
S03701,2023-11-08,ST13,C0360,P056,1,780.85,278.46,502.39,Marketplace
S03702,2025-05-01,ST11,C0294,P084,3,2285.5,1171.74,1113.76,Marketplace
S03703,2023-12-27,ST12,C0127,P010,2,1548.74,580.2,968.54,Marketplace
S03704,2023-10-19,ST07,C0010,P019,3,361.14,1006.74,-645.6,Retail Store
S03705,2023-04-14,ST13,C0259,P024,2,1657.98,307.34,1350.64,Mobile App
S03706,2023-08-21,ST11,C0220,P074,1,174.11,350.01,-175.9,Marketplace
S03707,2025-02-21,ST02,C0337,P081,1,193.75,42.77,150.98,Mobile App
S03708,2024-03-30,ST02,C0110,P071,2,287.98,507.84,-219.86,Online
S03709,2023-07-05,ST09,C0204,P005,2,1127.92,561.38,566.54,Online
S03710,2025-06-09,ST09,C0375,P041,1,62.87,33.46,29.41,Retail Store
S03711,2024-06-04,ST15,C0323,P083,2,1059.7,333.94,725.76,Retail Store
S03712,2024-07-03,ST03,C0176,P017,1,466.32,265.06,201.26,Retail Store
S03713,2024-04-04,ST15,C0423,P055,1,725.09,244.81,480.28,Online
S03714,2025-05-12,ST14,C0200,P018,3,2066.25,942.39,1123.86,Marketplace
S03715,2025-03-30,ST05,C0049,P089,2,1332.96,454.32,878.64,Mobile App
S03716,2024-09-13,ST07,C0282,P041,3,199.1,100.38,98.72,Retail Store
S03717,2025-01-14,ST12,C0173,P038,1,417.05,397.37,19.68,Online
S03718,2023-08-06,ST04,C0033,P029,1,240.24,116.97,123.27,Mobile App
S03719,2025-04-21,ST08,C0287,P022,5,1623.35,1128.3,495.05,Online
S03720,2025-04-01,ST08,C0012,P026,1,97.52,192.38,-94.86,Online
S03721,2025-07-13,ST06,C0438,P060,1,467.39,138.25,329.14,Mobile App
S03722,2025-02-10,ST08,C0139,P064,1,272.38,130.54,141.84,Marketplace
S03723,2024-04-01,ST03,C0006,P039,1,56.39,373.85,-317.46,Retail Store
S03724,2025-06-14,ST06,C0423,P046,1,452.1,349.48,102.62,Retail Store
S03725,2025-07-13,ST03,C0059,P017,4,1968.89,1060.24,908.65,Online
S03726,2023-04-23,ST06,C0109,P067,2,1089.78,607.8,481.98,Mobile App
S03727,2025-05-05,ST01,C0035,P051,3,2219.86,1149.42,1070.44,Retail Store
S03728,2024-05-02,ST15,C0061,P081,1,204.52,42.77,161.75,Retail Store
S03729,2023-05-17,ST07,C0119,P031,1,113.47,286.24,-172.77,Marketplace
S03730,2023-05-05,ST02,C0365,P076,2,1343.84,289.54,1054.3,Online
S03731,2024-12-13,ST13,C0346,P045,3,1103.06,381.24,721.82,Retail Store
S03732,2024-09-26,ST11,C0006,P004,1,339.99,233.76,106.23,Online
S03733,2025-06-15,ST15,C0204,P013,5,1363.05,389.2,973.85,Mobile App
S03734,2023-07-13,ST07,C0005,P079,1,717.95,180.26,537.69,Retail Store
S03735,2025-01-29,ST10,C0005,P063,1,677.9,112.47,565.43,Marketplace
S03736,2023-03-01,ST11,C0412,P058,1,541.37,133.49,407.88,Mobile App
S03737,2024-03-06,ST04,C0152,P011,1,771.23,253.22,518.01,Marketplace
S03738,2023-03-22,ST09,C0358,P048,1,326.86,154.5,172.36,Mobile App
S03739,2023-03-13,ST11,C0421,P064,1,258.05,130.54,127.51,Mobile App
S03740,2025-03-15,ST05,C0407,P039,5,239.66,1869.25,-1629.59,Retail Store
S03741,2024-11-27,ST07,C0381,P081,2,430.56,85.54,345.02,Marketplace
S03742,2023-09-29,ST03,C0252,P012,2,914.42,315.78,598.64,Mobile App
S03743,2023-07-08,ST04,C0210,P053,1,187.33,175.88,11.45,Marketplace
S03744,2024-10-18,ST10,C0234,P023,1,224.37,255.0,-30.63,Mobile App
S03745,2024-04-20,ST04,C0320,P084,2,1603.86,781.16,822.7,Mobile App
S03746,2025-05-14,ST07,C0344,P007,5,278.54,1774.0,-1495.46,Marketplace
S03747,2025-07-27,ST03,C0006,P010,1,696.93,290.1,406.83,Retail Store
S03748,2023-12-06,ST04,C0314,P035,1,700.78,272.69,428.09,Marketplace
S03749,2024-10-02,ST02,C0140,P087,2,1539.28,500.94,1038.34,Marketplace
S03750,2025-04-05,ST05,C0334,P061,3,822.99,1189.5,-366.51,Mobile App
S03751,2024-11-04,ST14,C0063,P005,1,563.96,280.69,283.27,Marketplace
S03752,2024-03-10,ST14,C0211,P011,1,771.23,253.22,518.01,Marketplace
S03753,2024-04-01,ST10,C0289,P041,2,139.72,66.92,72.8,Retail Store
S03754,2025-01-06,ST01,C0422,P004,3,1019.97,701.28,318.69,Retail Store
S03755,2025-03-22,ST15,C0381,P019,2,204.65,671.16,-466.51,Online
S03756,2025-02-01,ST01,C0226,P084,1,801.93,390.58,411.35,Mobile App
S03757,2025-05-28,ST01,C0090,P053,2,440.78,351.76,89.02,Online
S03758,2025-06-28,ST03,C0208,P047,1,709.02,118.67,590.35,Mobile App
S03759,2024-10-21,ST09,C0364,P029,1,240.24,116.97,123.27,Mobile App
S03760,2024-07-20,ST06,C0030,P007,1,55.71,354.8,-299.09,Retail Store
S03761,2024-04-06,ST07,C0035,P029,1,268.5,116.97,151.53,Marketplace
S03762,2024-01-02,ST01,C0078,P016,2,1333.74,258.12,1075.62,Retail Store
S03763,2024-11-21,ST03,C0067,P015,2,1665.42,278.68,1386.74,Online
S03764,2024-02-27,ST12,C0042,P062,1,306.26,91.36,214.9,Online
S03765,2025-01-21,ST01,C0307,P003,3,1729.01,336.06,1392.95,Marketplace
S03766,2024-01-27,ST15,C0353,P050,1,526.29,164.87,361.42,Online
S03767,2024-03-18,ST14,C0206,P080,1,161.74,303.66,-141.92,Retail Store
S03768,2023-10-16,ST07,C0188,P010,1,658.21,290.1,368.11,Marketplace
S03769,2024-08-13,ST15,C0368,P013,2,545.22,155.68,389.54,Retail Store
S03770,2024-12-04,ST07,C0067,P054,2,470.02,556.88,-86.86,Online
S03771,2024-01-03,ST06,C0139,P011,1,694.11,253.22,440.89,Marketplace
S03772,2025-04-11,ST08,C0367,P037,3,2404.23,1157.4,1246.83,Retail Store
S03773,2023-07-09,ST02,C0208,P022,1,308.44,225.66,82.78,Marketplace
S03774,2025-01-27,ST11,C0283,P014,1,88.92,86.92,2.0,Retail Store
S03775,2023-01-16,ST15,C0157,P031,2,226.94,572.48,-345.54,Retail Store
S03776,2024-08-21,ST11,C0206,P064,1,286.72,130.54,156.18,Online
S03777,2023-12-23,ST09,C0295,P058,1,541.37,133.49,407.88,Marketplace
S03778,2023-06-07,ST05,C0427,P060,1,444.02,138.25,305.77,Mobile App
S03779,2025-03-12,ST04,C0246,P077,1,257.86,391.83,-133.97,Marketplace
S03780,2023-10-01,ST07,C0087,P085,3,2302.66,654.72,1647.94,Retail Store
S03781,2023-05-15,ST10,C0246,P016,1,596.67,129.06,467.61,Marketplace
S03782,2024-10-18,ST02,C0291,P025,2,1647.98,533.92,1114.06,Marketplace
S03783,2024-10-25,ST11,C0089,P077,1,286.51,391.83,-105.32,Online
S03784,2023-12-21,ST11,C0010,P036,1,780.81,357.09,423.72,Mobile App
S03785,2025-01-29,ST03,C0198,P065,1,474.37,143.64,330.73,Online
S03786,2024-08-30,ST09,C0015,P069,2,1284.17,320.18,963.99,Online
S03787,2025-07-20,ST15,C0122,P059,2,278.98,490.46,-211.48,Retail Store
S03788,2023-06-27,ST13,C0347,P002,2,969.41,395.08,574.33,Marketplace
S03789,2025-03-26,ST08,C0243,P031,4,479.1,1144.96,-665.86,Online
S03790,2024-07-17,ST05,C0151,P083,2,1059.7,333.94,725.76,Mobile App
S03791,2025-01-09,ST09,C0154,P055,3,2175.27,734.43,1440.84,Marketplace
S03792,2023-08-26,ST05,C0293,P065,1,527.08,143.64,383.44,Marketplace
S03793,2024-08-29,ST10,C0225,P017,1,518.13,265.06,253.07,Retail Store
S03794,2023-01-13,ST10,C0239,P044,1,393.57,212.6,180.97,Mobile App
S03795,2023-01-21,ST09,C0282,P030,1,591.36,308.05,283.31,Online
S03796,2024-11-05,ST12,C0146,P027,1,571.12,203.1,368.02,Online
S03797,2024-04-10,ST12,C0146,P021,2,871.49,698.1,173.39,Mobile App
S03798,2023-08-25,ST09,C0065,P035,1,742.01,272.69,469.32,Online
S03799,2023-02-18,ST04,C0424,P022,2,649.34,451.32,198.02,Online
S03800,2023-04-21,ST05,C0436,P001,2,1413.14,636.5,776.64,Retail Store
S03801,2024-04-24,ST02,C0172,P082,4,2864.0,546.92,2317.08,Mobile App
S03802,2024-09-15,ST10,C0213,P068,1,461.92,376.99,84.93,Mobile App
S03803,2023-04-22,ST10,C0153,P003,2,1152.67,224.04,928.63,Online
S03804,2025-06-02,ST05,C0333,P056,1,821.95,278.46,543.49,Online
S03805,2023-11-16,ST08,C0082,P046,1,475.9,349.48,126.42,Online
S03806,2024-12-26,ST03,C0324,P087,1,769.64,250.47,519.17,Online
S03807,2023-04-04,ST12,C0323,P054,2,522.24,556.88,-34.64,Online
S03808,2023-03-09,ST03,C0428,P049,2,1165.84,473.58,692.26,Online
S03809,2024-11-20,ST04,C0278,P074,1,147.99,350.01,-202.02,Mobile App
S03810,2025-06-03,ST05,C0096,P089,2,1133.02,454.32,678.7,Retail Store
S03811,2024-02-12,ST01,C0031,P020,1,631.38,218.7,412.68,Mobile App
S03812,2023-01-30,ST04,C0046,P035,3,2349.68,818.07,1531.61,Online
S03813,2023-02-01,ST14,C0065,P053,1,220.39,175.88,44.51,Retail Store
S03814,2024-01-26,ST06,C0281,P003,1,606.67,112.02,494.65,Retail Store
S03815,2024-06-29,ST14,C0376,P005,2,958.73,561.38,397.35,Retail Store
S03816,2024-11-29,ST07,C0250,P077,1,272.18,391.83,-119.65,Marketplace
S03817,2024-10-13,ST02,C0152,P077,4,1146.04,1567.32,-421.28,Mobile App
S03818,2025-04-01,ST02,C0097,P005,1,479.37,280.69,198.68,Marketplace
S03819,2025-06-04,ST02,C0395,P011,1,771.23,253.22,518.01,Marketplace
S03820,2024-08-04,ST09,C0004,P084,1,721.74,390.58,331.16,Online
S03821,2025-04-20,ST04,C0435,P020,1,631.38,218.7,412.68,Mobile App
S03822,2025-06-12,ST14,C0152,P043,4,2782.58,1544.36,1238.22,Marketplace
S03823,2023-07-17,ST05,C0260,P084,1,721.74,390.58,331.16,Marketplace
S03824,2023-11-07,ST14,C0161,P062,3,918.78,274.08,644.7,Marketplace
S03825,2024-05-08,ST05,C0144,P026,2,195.05,384.76,-189.71,Retail Store
S03826,2024-11-25,ST05,C0140,P075,1,483.1,89.53,393.57,Online
S03827,2023-12-15,ST01,C0135,P064,3,774.14,391.62,382.52,Marketplace
S03828,2025-05-20,ST05,C0144,P054,1,248.06,278.44,-30.38,Retail Store
S03829,2024-08-06,ST02,C0194,P007,1,49.84,354.8,-304.96,Online
S03830,2023-04-15,ST13,C0263,P006,1,307.09,38.9,268.19,Retail Store
S03831,2024-07-09,ST03,C0073,P018,4,2755.0,1256.52,1498.48,Online
S03832,2024-04-04,ST11,C0253,P070,2,178.6,289.44,-110.84,Marketplace
S03833,2023-03-30,ST09,C0349,P027,1,602.85,203.1,399.75,Online
S03834,2023-09-03,ST02,C0374,P075,3,1296.75,268.59,1028.16,Mobile App
S03835,2023-08-24,ST02,C0391,P049,3,1943.07,710.37,1232.7,Online
S03836,2025-05-22,ST02,C0297,P032,2,588.0,592.7,-4.7,Online
S03837,2024-05-06,ST06,C0381,P039,1,56.39,373.85,-317.46,Mobile App
S03838,2024-02-07,ST14,C0380,P005,1,507.56,280.69,226.87,Mobile App
S03839,2024-09-08,ST01,C0152,P031,3,378.24,858.72,-480.48,Online
S03840,2025-04-10,ST08,C0198,P051,2,1644.34,766.28,878.06,Retail Store
S03841,2024-10-22,ST09,C0232,P055,1,688.84,244.81,444.03,Retail Store
S03842,2023-08-22,ST08,C0097,P040,1,642.16,99.01,543.15,Mobile App
S03843,2023-06-01,ST12,C0036,P031,1,107.17,286.24,-179.07,Marketplace
S03844,2025-05-02,ST05,C0187,P089,2,1332.96,454.32,878.64,Online
S03845,2023-03-31,ST15,C0233,P075,3,1525.59,268.59,1257.0,Retail Store
S03846,2025-08-26,ST12,C0367,P014,3,251.94,260.76,-8.82,Marketplace
S03847,2024-04-26,ST06,C0420,P003,1,606.67,112.02,494.65,Mobile App
S03848,2023-05-15,ST11,C0120,P046,3,1427.7,1048.44,379.26,Retail Store
S03849,2024-10-01,ST09,C0393,P046,1,428.31,349.48,78.83,Retail Store
S03850,2024-02-16,ST02,C0308,P059,1,132.52,245.23,-112.71,Retail Store
S03851,2023-05-23,ST13,C0345,P089,1,666.48,227.16,439.32,Online
S03852,2024-05-19,ST14,C0264,P075,1,508.53,89.53,419.0,Retail Store
S03853,2023-10-29,ST01,C0202,P066,2,333.53,188.1,145.43,Mobile App
S03854,2024-06-08,ST06,C0051,P081,2,365.98,85.54,280.44,Online
S03855,2023-09-14,ST01,C0169,P068,1,392.63,376.99,15.64,Retail Store
S03856,2025-05-14,ST05,C0035,P067,4,2179.57,1215.6,963.97,Marketplace
S03857,2025-05-27,ST05,C0213,P073,1,780.23,376.81,403.42,Online
S03858,2025-08-19,ST08,C0375,P031,1,126.08,286.24,-160.16,Mobile App
S03859,2024-04-29,ST12,C0241,P076,3,1914.97,434.31,1480.66,Online
S03860,2023-05-06,ST05,C0098,P030,1,657.07,308.05,349.02,Mobile App
S03861,2023-01-03,ST13,C0064,P010,1,658.21,290.1,368.11,Online
S03862,2025-02-27,ST15,C0380,P082,4,2720.8,546.92,2173.88,Retail Store
S03863,2024-11-01,ST07,C0274,P036,1,741.77,357.09,384.68,Retail Store
S03864,2024-12-15,ST10,C0086,P019,4,457.44,1342.32,-884.88,Online
S03865,2024-10-02,ST13,C0355,P008,5,3463.05,1902.85,1560.2,Online
S03866,2023-01-21,ST05,C0378,P002,1,484.7,197.54,287.16,Marketplace
S03867,2024-01-16,ST08,C0270,P022,2,616.87,451.32,165.55,Online
S03868,2023-02-18,ST15,C0316,P084,1,761.83,390.58,371.25,Online
S03869,2023-10-23,ST09,C0180,P089,1,599.83,227.16,372.67,Online
S03870,2024-12-27,ST11,C0123,P016,1,701.97,129.06,572.91,Mobile App
S03871,2025-02-07,ST09,C0368,P011,1,771.23,253.22,518.01,Marketplace
S03872,2023-11-07,ST08,C0326,P015,1,707.8,139.34,568.46,Retail Store
S03873,2024-07-27,ST09,C0285,P073,1,739.17,376.81,362.36,Mobile App
S03874,2024-06-28,ST06,C0266,P074,1,165.4,350.01,-184.61,Retail Store
S03875,2023-11-25,ST04,C0398,P064,2,573.44,261.08,312.36,Online
S03876,2023-07-22,ST03,C0332,P038,2,932.23,794.74,137.49,Retail Store
S03877,2023-05-20,ST13,C0259,P026,1,97.52,192.38,-94.86,Retail Store
S03878,2025-05-03,ST11,C0164,P057,5,2761.7,170.8,2590.9,Marketplace
S03879,2024-01-25,ST08,C0034,P042,3,808.41,422.94,385.47,Mobile App
S03880,2024-09-26,ST03,C0206,P022,2,649.34,451.32,198.02,Marketplace
S03881,2024-12-10,ST15,C0293,P014,4,375.44,347.68,27.76,Online
S03882,2025-05-05,ST06,C0266,P034,1,560.35,314.94,245.41,Retail Store
S03883,2024-11-08,ST13,C0269,P046,2,904.21,698.96,205.25,Marketplace
S03884,2023-07-12,ST14,C0328,P089,3,1999.44,681.48,1317.96,Mobile App
S03885,2023-08-17,ST12,C0424,P037,1,843.59,385.8,457.79,Online
S03886,2025-05-24,ST05,C0366,P037,1,759.23,385.8,373.43,Mobile App
S03887,2025-04-02,ST01,C0028,P028,2,1052.9,598.86,454.04,Retail Store
S03888,2025-06-04,ST13,C0328,P060,2,934.78,276.5,658.28,Mobile App
S03889,2024-01-07,ST04,C0168,P025,1,823.99,266.96,557.03,Mobile App
S03890,2024-11-24,ST10,C0129,P040,1,675.96,99.01,576.95,Mobile App
S03891,2025-03-21,ST15,C0241,P085,1,686.76,218.24,468.52,Marketplace
S03892,2023-07-15,ST11,C0198,P071,2,287.98,507.84,-219.86,Online
S03893,2023-01-13,ST07,C0390,P072,1,803.55,235.14,568.41,Retail Store
S03894,2025-06-01,ST03,C0131,P028,1,554.16,299.43,254.73,Online
S03895,2023-02-25,ST03,C0198,P048,2,653.71,309.0,344.71,Marketplace
S03896,2023-02-06,ST06,C0243,P064,2,573.44,261.08,312.36,Marketplace
S03897,2023-02-21,ST14,C0368,P051,1,739.95,383.14,356.81,Online
S03898,2025-03-09,ST02,C0125,P001,2,1271.83,636.5,635.33,Online
S03899,2024-07-26,ST02,C0419,P015,1,749.44,139.34,610.1,Online
S03900,2023-03-06,ST12,C0156,P089,3,1899.47,681.48,1217.99,Online
S03901,2024-03-07,ST12,C0213,P009,1,381.84,283.05,98.79,Marketplace
S03902,2023-04-21,ST15,C0347,P009,1,404.3,283.05,121.25,Marketplace
S03903,2023-01-04,ST15,C0002,P006,1,323.25,38.9,284.35,Mobile App
S03904,2025-07-04,ST09,C0359,P008,2,1385.22,761.14,624.08,Online
S03905,2025-04-10,ST07,C0348,P056,3,2219.27,835.38,1383.89,Marketplace
S03906,2024-06-01,ST03,C0391,P051,4,2959.81,1532.56,1427.25,Retail Store
S03907,2023-02-13,ST06,C0315,P065,1,500.73,143.64,357.09,Online
S03908,2024-05-27,ST14,C0243,P081,4,861.12,171.08,690.04,Retail Store
S03909,2025-08-13,ST11,C0170,P027,2,1205.7,406.2,799.5,Mobile App
S03910,2023-08-13,ST08,C0107,P046,3,1284.93,1048.44,236.49,Marketplace
S03911,2024-11-11,ST02,C0147,P031,2,226.94,572.48,-345.54,Mobile App
S03912,2023-09-29,ST08,C0130,P002,2,1140.48,395.08,745.4,Mobile App
S03913,2023-11-23,ST10,C0071,P077,1,286.51,391.83,-105.32,Online
S03914,2025-05-07,ST14,C0127,P016,4,2667.49,516.24,2151.25,Marketplace
S03915,2024-08-06,ST05,C0409,P004,1,339.99,233.76,106.23,Online
S03916,2023-06-24,ST01,C0278,P005,1,535.76,280.69,255.07,Marketplace
S03917,2024-10-26,ST12,C0441,P067,1,544.89,303.9,240.99,Retail Store
S03918,2024-08-27,ST10,C0415,P007,3,149.53,1064.4,-914.87,Marketplace
S03919,2023-08-12,ST08,C0221,P042,2,538.94,281.96,256.98,Online
S03920,2025-06-17,ST15,C0333,P035,1,783.23,272.69,510.54,Mobile App
S03921,2024-11-18,ST12,C0382,P006,1,290.93,38.9,252.03,Retail Store
S03922,2024-09-08,ST12,C0168,P060,3,1402.17,414.75,987.42,Mobile App
S03923,2024-02-10,ST14,C0369,P058,3,1719.66,400.47,1319.19,Online
S03924,2023-03-28,ST06,C0312,P071,1,143.99,253.92,-109.93,Online
S03925,2025-01-19,ST14,C0005,P001,2,1342.48,636.5,705.98,Online
S03926,2024-01-19,ST07,C0175,P076,1,638.32,144.77,493.55,Online
S03927,2024-06-03,ST03,C0334,P051,2,1562.12,766.28,795.84,Mobile App
S03928,2024-09-17,ST02,C0223,P070,1,99.22,144.72,-45.5,Mobile App
S03929,2024-05-13,ST02,C0195,P059,1,132.52,245.23,-112.71,Mobile App
S03930,2025-02-27,ST02,C0001,P001,1,706.57,318.25,388.32,Retail Store
S03931,2023-05-17,ST04,C0149,P012,2,868.7,315.78,552.92,Retail Store
S03932,2023-05-14,ST03,C0348,P069,1,677.76,160.09,517.67,Mobile App
S03933,2024-09-10,ST09,C0441,P025,2,1400.78,533.92,866.86,Retail Store
S03934,2024-05-20,ST14,C0237,P052,1,348.77,64.51,284.26,Online
S03935,2023-12-06,ST04,C0153,P021,2,968.32,698.1,270.22,Retail Store
S03936,2025-08-15,ST06,C0290,P051,1,781.06,383.14,397.92,Online
S03937,2025-01-10,ST02,C0115,P022,1,324.67,225.66,99.01,Retail Store
S03938,2023-10-22,ST06,C0384,P023,2,472.36,510.0,-37.64,Online
S03939,2024-03-22,ST04,C0113,P071,2,259.18,507.84,-248.66,Retail Store
S03940,2024-11-09,ST13,C0315,P057,2,1162.82,68.32,1094.5,Retail Store
S03941,2023-09-07,ST03,C0032,P027,1,634.58,203.1,431.48,Mobile App
S03942,2024-03-21,ST15,C0085,P081,2,387.5,85.54,301.96,Online
S03943,2023-01-04,ST07,C0203,P013,1,302.9,77.84,225.06,Online
S03944,2023-12-05,ST09,C0044,P036,4,3123.24,1428.36,1694.88,Retail Store
S03945,2024-11-29,ST13,C0248,P036,1,663.69,357.09,306.6,Mobile App
S03946,2023-03-13,ST03,C0183,P009,3,1347.66,849.15,498.51,Mobile App
S03947,2025-03-16,ST03,C0281,P065,3,1344.05,430.92,913.13,Retail Store
S03948,2025-08-28,ST03,C0038,P026,1,102.94,192.38,-89.44,Online
S03949,2023-02-05,ST13,C0242,P068,3,1385.76,1130.97,254.79,Retail Store
S03950,2023-12-06,ST10,C0204,P058,1,636.91,133.49,503.42,Retail Store
S03951,2024-06-17,ST03,C0016,P037,2,1518.46,771.6,746.86,Mobile App
S03952,2023-07-26,ST12,C0405,P078,2,201.9,433.1,-231.2,Online
S03953,2025-01-28,ST04,C0098,P076,1,604.73,144.77,459.96,Online
S03954,2023-08-26,ST05,C0229,P075,4,1932.41,358.12,1574.29,Online
S03955,2025-04-18,ST01,C0178,P045,1,367.69,127.08,240.61,Online
S03956,2024-02-25,ST03,C0153,P076,1,671.92,144.77,527.15,Mobile App
S03957,2025-06-23,ST08,C0410,P081,1,193.75,42.77,150.98,Online
S03958,2024-08-11,ST14,C0005,P030,1,657.07,308.05,349.02,Retail Store
S03959,2024-08-25,ST06,C0013,P022,1,324.67,225.66,99.01,Mobile App
S03960,2023-10-10,ST11,C0362,P034,1,476.3,314.94,161.36,Mobile App
S03961,2023-05-16,ST15,C0239,P017,1,466.32,265.06,201.26,Mobile App
S03962,2024-06-26,ST01,C0037,P057,2,1162.82,68.32,1094.5,Online
S03963,2025-08-18,ST04,C0390,P058,1,541.37,133.49,407.88,Marketplace
S03964,2024-12-27,ST07,C0400,P069,2,1355.52,320.18,1035.34,Mobile App
S03965,2023-05-17,ST08,C0205,P016,1,596.67,129.06,467.61,Mobile App
S03966,2024-02-15,ST13,C0190,P003,1,606.67,112.02,494.65,Retail Store
S03967,2023-08-15,ST01,C0227,P079,1,717.95,180.26,537.69,Online
S03968,2025-08-29,ST06,C0041,P082,5,3580.0,683.65,2896.35,Retail Store
S03969,2024-12-14,ST12,C0083,P055,2,1305.16,489.62,815.54,Online
S03970,2023-12-13,ST05,C0243,P074,1,174.11,350.01,-175.9,Online
S03971,2023-01-29,ST12,C0395,P062,3,780.96,274.08,506.88,Online
S03972,2024-12-09,ST04,C0087,P024,4,3150.16,614.68,2535.48,Online
S03973,2024-01-30,ST03,C0085,P030,3,1971.21,924.15,1047.06,Retail Store
S03974,2024-04-17,ST08,C0326,P075,1,508.53,89.53,419.0,Retail Store
S03975,2024-04-11,ST09,C0198,P024,2,1657.98,307.34,1350.64,Retail Store
S03976,2025-04-23,ST05,C0103,P031,2,252.16,572.48,-320.32,Online
S03977,2024-05-10,ST12,C0130,P058,1,636.91,133.49,503.42,Marketplace
S03978,2024-04-10,ST13,C0424,P019,1,120.38,335.58,-215.2,Online
S03979,2025-04-26,ST15,C0269,P076,1,671.92,144.77,527.15,Marketplace
S03980,2023-05-02,ST07,C0010,P008,1,623.35,380.57,242.78,Online
S03981,2024-05-31,ST04,C0142,P079,2,1220.52,360.52,860.0,Marketplace
S03982,2025-02-27,ST15,C0087,P082,2,1360.4,273.46,1086.94,Online
S03983,2023-07-30,ST10,C0225,P024,2,1657.98,307.34,1350.64,Mobile App
S03984,2025-06-20,ST11,C0081,P055,2,1232.65,489.62,743.03,Retail Store
S03985,2024-02-25,ST13,C0176,P061,1,288.77,396.5,-107.73,Online
S03986,2024-05-26,ST06,C0246,P057,1,494.2,34.16,460.04,Marketplace
S03987,2024-10-08,ST04,C0145,P016,2,1263.55,258.12,1005.43,Mobile App
S03988,2023-12-14,ST10,C0346,P032,2,691.76,592.7,99.06,Mobile App
S03989,2023-03-27,ST08,C0309,P060,1,467.39,138.25,329.14,Online
S03990,2024-09-29,ST09,C0268,P017,1,492.22,265.06,227.16,Retail Store
S03991,2025-05-05,ST05,C0391,P035,4,2968.02,1090.76,1877.26,Mobile App
S03992,2025-01-31,ST10,C0175,P056,2,1561.7,556.92,1004.78,Online
S03993,2023-06-07,ST08,C0381,P050,1,447.35,164.87,282.48,Online
S03994,2025-06-18,ST10,C0279,P008,2,1315.96,761.14,554.82,Mobile App
S03995,2023-06-17,ST12,C0055,P052,3,1162.56,193.53,969.03,Retail Store
S03996,2023-06-04,ST06,C0243,P003,4,2184.01,448.08,1735.93,Retail Store
S03997,2024-02-18,ST09,C0285,P081,1,215.28,42.77,172.51,Marketplace
S03998,2024-02-28,ST02,C0349,P055,1,652.58,244.81,407.77,Retail Store
S03999,2024-05-15,ST04,C0327,P012,1,411.49,157.89,253.6,Online
S04000,2024-11-03,ST01,C0115,P045,1,408.54,127.08,281.46,Mobile App
S04001,2023-01-11,ST07,C0440,P083,1,503.36,166.97,336.39,Online
S04002,2024-11-11,ST10,C0396,P021,3,1307.23,1047.15,260.08,Online
S04003,2023-07-09,ST08,C0012,P072,2,1526.74,470.28,1056.46,Online
S04004,2024-09-18,ST14,C0430,P046,1,404.51,349.48,55.03,Mobile App
S04005,2023-03-25,ST08,C0087,P066,1,175.54,94.05,81.49,Marketplace
S04006,2024-01-20,ST03,C0433,P072,2,1607.1,470.28,1136.82,Online
S04007,2025-03-05,ST06,C0281,P030,1,657.07,308.05,349.02,Marketplace
S04008,2023-06-14,ST13,C0102,P056,1,821.95,278.46,543.49,Mobile App
S04009,2024-06-19,ST04,C0285,P074,1,165.4,350.01,-184.61,Retail Store
S04010,2024-09-15,ST06,C0153,P025,2,1483.18,533.92,949.26,Retail Store
S04011,2024-10-19,ST14,C0053,P072,5,3615.97,1175.7,2440.27,Marketplace
S04012,2024-11-25,ST12,C0349,P041,3,209.58,100.38,109.2,Mobile App
S04013,2025-07-30,ST08,C0113,P027,3,1808.55,609.3,1199.25,Marketplace
S04014,2023-01-01,ST11,C0341,P080,3,412.44,910.98,-498.54,Mobile App
S04015,2023-10-11,ST13,C0186,P041,3,209.58,100.38,109.2,Retail Store
S04016,2024-07-21,ST03,C0190,P075,1,457.68,89.53,368.15,Marketplace
S04017,2025-02-25,ST04,C0351,P014,3,251.94,260.76,-8.82,Retail Store
S04018,2024-07-04,ST06,C0363,P008,3,1870.05,1141.71,728.34,Online
S04019,2023-04-14,ST05,C0232,P034,1,560.35,314.94,245.41,Online
S04020,2023-11-11,ST09,C0372,P072,1,803.55,235.14,568.41,Mobile App
S04021,2024-08-28,ST08,C0311,P073,3,2094.31,1130.43,963.88,Mobile App
S04022,2024-04-12,ST13,C0181,P039,2,107.14,747.7,-640.56,Mobile App
S04023,2023-05-29,ST14,C0159,P003,1,606.67,112.02,494.65,Mobile App
S04024,2023-11-11,ST08,C0390,P071,1,122.39,253.92,-131.53,Retail Store
S04025,2024-08-09,ST13,C0259,P036,1,780.81,357.09,423.72,Marketplace
S04026,2024-04-27,ST07,C0398,P006,1,290.93,38.9,252.03,Online
S04027,2023-10-16,ST05,C0363,P036,2,1327.38,714.18,613.2,Online
S04028,2024-06-18,ST04,C0066,P079,1,717.95,180.26,537.69,Online
S04029,2023-07-02,ST15,C0169,P001,1,600.58,318.25,282.33,Retail Store
S04030,2024-06-26,ST09,C0204,P039,1,53.57,373.85,-320.28,Retail Store
S04031,2025-07-22,ST15,C0354,P065,1,448.02,143.64,304.38,Mobile App
S04032,2024-06-01,ST05,C0317,P001,2,1413.14,636.5,776.64,Mobile App
S04033,2023-11-05,ST05,C0417,P064,2,516.1,261.08,255.02,Marketplace
S04034,2025-06-18,ST09,C0249,P073,1,821.3,376.81,444.49,Marketplace
S04035,2025-06-12,ST07,C0444,P066,1,175.54,94.05,81.49,Mobile App
S04036,2025-07-04,ST09,C0445,P042,1,269.47,140.98,128.49,Retail Store
S04037,2023-10-11,ST01,C0152,P088,3,2133.2,906.42,1226.78,Retail Store
S04038,2025-01-22,ST08,C0328,P088,2,1673.1,604.28,1068.82,Mobile App
S04039,2023-04-17,ST08,C0090,P062,1,306.26,91.36,214.9,Online
S04040,2025-07-10,ST10,C0102,P080,1,153.65,303.66,-150.01,Mobile App
S04041,2024-01-13,ST12,C0302,P081,3,548.96,128.31,420.65,Online
S04042,2024-04-14,ST04,C0104,P042,2,485.05,281.96,203.09,Online
S04043,2024-07-20,ST07,C0319,P020,1,668.52,218.7,449.82,Marketplace
S04044,2024-07-10,ST07,C0028,P042,1,269.47,140.98,128.49,Marketplace
S04045,2025-07-16,ST10,C0354,P084,1,801.93,390.58,411.35,Online
S04046,2023-05-16,ST06,C0176,P083,1,503.36,166.97,336.39,Retail Store
S04047,2025-07-20,ST12,C0057,P033,1,630.9,293.6,337.3,Mobile App
S04048,2025-04-19,ST12,C0260,P047,3,1914.35,356.01,1558.34,Online
S04049,2025-04-23,ST02,C0291,P026,3,325.08,577.14,-252.06,Marketplace
S04050,2023-12-08,ST05,C0227,P064,1,286.72,130.54,156.18,Mobile App
S04051,2023-04-01,ST11,C0437,P087,4,3078.56,1001.88,2076.68,Mobile App
S04052,2024-06-02,ST02,C0226,P049,2,1165.84,473.58,692.26,Retail Store
S04053,2023-03-20,ST05,C0224,P009,1,426.76,283.05,143.71,Online
S04054,2023-04-22,ST06,C0108,P062,1,306.26,91.36,214.9,Retail Store
S04055,2025-08-08,ST04,C0116,P009,1,426.76,283.05,143.71,Online
S04056,2024-05-26,ST05,C0301,P050,2,947.32,329.74,617.58,Mobile App
S04057,2023-02-08,ST05,C0291,P045,2,776.23,254.16,522.07,Mobile App
S04058,2025-04-29,ST05,C0003,P007,2,117.28,709.6,-592.32,Retail Store
S04059,2023-12-18,ST14,C0232,P058,4,2292.88,533.96,1758.92,Marketplace
S04060,2023-02-12,ST15,C0072,P048,1,344.06,154.5,189.56,Retail Store
S04061,2024-11-30,ST10,C0158,P030,3,1675.53,924.15,751.38,Mobile App
S04062,2023-06-28,ST13,C0034,P088,1,836.55,302.14,534.41,Mobile App
S04063,2023-09-20,ST10,C0312,P017,1,518.13,265.06,253.07,Marketplace
S04064,2024-11-15,ST01,C0158,P038,2,834.1,794.74,39.36,Mobile App
S04065,2023-06-26,ST12,C0010,P013,1,257.46,77.84,179.62,Marketplace
S04066,2025-07-11,ST05,C0080,P061,3,866.31,1189.5,-323.19,Online
S04067,2024-06-30,ST12,C0171,P003,1,576.34,112.02,464.32,Marketplace
S04068,2025-05-14,ST11,C0281,P047,2,1276.24,237.34,1038.9,Marketplace
S04069,2023-12-07,ST14,C0330,P038,1,441.58,397.37,44.21,Marketplace
S04070,2024-03-26,ST15,C0161,P065,2,1054.16,287.28,766.88,Online
S04071,2023-02-18,ST09,C0304,P019,2,216.68,671.16,-454.48,Online
S04072,2023-08-15,ST04,C0235,P024,2,1657.98,307.34,1350.64,Retail Store
S04073,2023-01-17,ST10,C0081,P081,3,548.96,128.31,420.65,Online
S04074,2023-05-18,ST13,C0294,P083,2,900.75,333.94,566.81,Online
S04075,2023-07-10,ST13,C0003,P066,1,166.76,94.05,72.71,Retail Store
S04076,2023-05-01,ST10,C0310,P053,3,661.17,527.64,133.53,Marketplace
S04077,2024-12-12,ST10,C0384,P053,1,198.35,175.88,22.47,Retail Store
S04078,2023-05-26,ST04,C0221,P065,1,527.08,143.64,383.44,Mobile App
S04079,2024-09-08,ST08,C0380,P051,1,781.06,383.14,397.92,Mobile App
S04080,2023-03-04,ST02,C0113,P075,3,1296.75,268.59,1028.16,Marketplace
S04081,2024-05-08,ST07,C0127,P037,2,1687.18,771.6,915.58,Marketplace
S04082,2025-03-24,ST05,C0430,P013,1,302.9,77.84,225.06,Marketplace
S04083,2023-02-05,ST15,C0075,P023,1,236.18,255.0,-18.82,Online
S04084,2023-09-25,ST09,C0155,P003,1,546.0,112.02,433.98,Marketplace
S04085,2024-07-10,ST15,C0075,P068,1,392.63,376.99,15.64,Mobile App
S04086,2025-07-31,ST11,C0248,P027,1,539.39,203.1,336.29,Online
S04087,2024-01-26,ST13,C0325,P068,2,923.84,753.98,169.86,Mobile App
S04088,2024-09-17,ST07,C0356,P075,1,508.53,89.53,419.0,Online
S04089,2023-12-02,ST11,C0152,P081,2,430.56,85.54,345.02,Online
S04090,2025-08-26,ST05,C0195,P010,1,696.93,290.1,406.83,Marketplace
S04091,2023-06-07,ST02,C0231,P083,1,450.37,166.97,283.4,Online
S04092,2025-04-08,ST11,C0440,P036,4,3123.24,1428.36,1694.88,Marketplace
S04093,2024-02-02,ST09,C0155,P017,1,518.13,265.06,253.07,Online
S04094,2023-07-25,ST14,C0291,P024,1,787.54,153.67,633.87,Online
S04095,2023-04-26,ST12,C0084,P017,1,466.32,265.06,201.26,Retail Store
S04096,2024-06-29,ST15,C0164,P010,2,1548.74,580.2,968.54,Online
S04097,2024-01-10,ST08,C0372,P045,1,347.26,127.08,220.18,Retail Store
S04098,2025-05-12,ST02,C0283,P037,1,717.05,385.8,331.25,Retail Store
S04099,2023-01-14,ST01,C0406,P024,1,787.54,153.67,633.87,Mobile App
S04100,2025-07-15,ST09,C0172,P002,2,1140.48,395.08,745.4,Marketplace
S04101,2024-09-13,ST10,C0316,P087,1,769.64,250.47,519.17,Mobile App
S04102,2023-01-20,ST02,C0134,P002,3,1454.11,592.62,861.49,Marketplace
S04103,2023-05-13,ST01,C0301,P089,3,1899.47,681.48,1217.99,Marketplace
S04104,2023-09-12,ST01,C0257,P031,1,119.78,286.24,-166.46,Retail Store
S04105,2023-06-18,ST06,C0157,P003,3,1729.01,336.06,1392.95,Online
S04106,2024-01-10,ST07,C0077,P048,2,653.71,309.0,344.71,Mobile App
S04107,2024-11-22,ST07,C0029,P050,1,473.66,164.87,308.79,Online
S04108,2023-05-16,ST09,C0258,P053,1,187.33,175.88,11.45,Online
S04109,2024-11-13,ST12,C0152,P032,2,657.17,592.7,64.47,Retail Store
S04110,2024-07-12,ST12,C0222,P074,1,147.99,350.01,-202.02,Marketplace
S04111,2023-12-20,ST10,C0001,P031,1,119.78,286.24,-166.46,Marketplace
S04112,2024-04-01,ST06,C0186,P061,1,288.77,396.5,-107.73,Online
S04113,2025-02-10,ST07,C0408,P057,2,1104.68,68.32,1036.36,Marketplace
S04114,2024-09-09,ST02,C0298,P066,1,175.54,94.05,81.49,Online
S04115,2025-08-25,ST01,C0008,P079,3,1938.47,540.78,1397.69,Mobile App
S04116,2024-11-09,ST09,C0084,P056,4,2959.02,1113.84,1845.18,Retail Store
S04117,2023-11-14,ST15,C0029,P016,4,2667.49,516.24,2151.25,Retail Store
S04118,2025-05-10,ST12,C0330,P054,2,443.9,556.88,-112.98,Online
S04119,2024-11-02,ST12,C0257,P047,1,638.12,118.67,519.45,Marketplace
S04120,2025-02-23,ST04,C0203,P050,2,1052.58,329.74,722.84,Marketplace
S04121,2025-01-12,ST10,C0337,P010,2,1316.43,580.2,736.23,Marketplace
S04122,2023-10-24,ST01,C0332,P033,2,1410.24,587.2,823.04,Online
S04123,2025-07-09,ST08,C0216,P063,3,2392.59,337.41,2055.18,Mobile App
S04124,2025-07-24,ST02,C0164,P011,1,771.23,253.22,518.01,Marketplace
S04125,2023-12-24,ST14,C0091,P012,4,1737.4,631.56,1105.84,Online
S04126,2024-02-01,ST15,C0207,P008,4,2770.44,1522.28,1248.16,Mobile App
S04127,2025-01-25,ST10,C0306,P058,2,1273.82,266.98,1006.84,Mobile App
S04128,2024-04-27,ST03,C0356,P016,2,1403.94,258.12,1145.82,Mobile App
S04129,2023-02-18,ST09,C0378,P065,1,500.73,143.64,357.09,Retail Store
S04130,2024-01-06,ST14,C0174,P035,1,742.01,272.69,469.32,Mobile App
S04131,2025-05-28,ST06,C0024,P052,3,1046.3,193.53,852.77,Retail Store
S04132,2025-02-06,ST08,C0124,P062,1,275.63,91.36,184.27,Retail Store
S04133,2023-12-19,ST09,C0260,P016,3,2105.91,387.18,1718.73,Mobile App
S04134,2023-10-23,ST14,C0015,P021,1,459.95,349.05,110.9,Retail Store
S04135,2025-07-03,ST12,C0192,P024,1,828.99,153.67,675.32,Online
S04136,2023-08-01,ST07,C0005,P018,1,688.75,314.13,374.62,Mobile App
S04137,2023-11-18,ST02,C0378,P088,1,752.89,302.14,450.75,Online
S04138,2023-03-05,ST12,C0386,P061,1,288.77,396.5,-107.73,Mobile App
S04139,2024-01-06,ST12,C0131,P084,2,1603.86,781.16,822.7,Retail Store
S04140,2024-02-22,ST01,C0427,P037,1,843.59,385.8,457.79,Retail Store
S04141,2024-06-18,ST02,C0087,P077,1,286.51,391.83,-105.32,Online
S04142,2024-06-05,ST09,C0370,P083,2,1059.7,333.94,725.76,Mobile App
S04143,2025-03-11,ST04,C0216,P066,4,667.05,376.2,290.85,Mobile App
S04144,2023-12-11,ST11,C0424,P057,1,523.27,34.16,489.11,Mobile App
S04145,2025-04-30,ST11,C0097,P034,2,1008.63,629.88,378.75,Online
S04146,2023-07-13,ST06,C0363,P077,1,272.18,391.83,-119.65,Retail Store
S04147,2024-12-28,ST15,C0085,P085,1,767.55,218.24,549.31,Online
S04148,2023-09-18,ST02,C0382,P013,1,302.9,77.84,225.06,Marketplace
S04149,2023-07-12,ST08,C0420,P075,3,1525.59,268.59,1257.0,Marketplace
S04150,2023-10-16,ST05,C0190,P052,1,387.52,64.51,323.01,Retail Store
S04151,2024-12-22,ST04,C0143,P006,3,824.29,116.7,707.59,Marketplace
S04152,2023-08-11,ST07,C0094,P043,1,657.0,386.09,270.91,Mobile App
S04153,2025-07-03,ST12,C0283,P011,1,694.11,253.22,440.89,Retail Store
S04154,2023-12-10,ST10,C0104,P041,1,69.86,33.46,36.4,Retail Store
S04155,2024-06-16,ST14,C0001,P080,3,460.96,910.98,-450.02,Mobile App
S04156,2024-02-22,ST02,C0393,P068,3,1385.76,1130.97,254.79,Marketplace
S04157,2023-06-05,ST11,C0386,P088,1,711.07,302.14,408.93,Mobile App
S04158,2024-02-10,ST06,C0394,P054,2,470.02,556.88,-86.86,Mobile App
S04159,2024-04-26,ST07,C0203,P053,1,220.39,175.88,44.51,Online
S04160,2024-02-27,ST09,C0354,P006,3,969.75,116.7,853.05,Online
S04161,2024-01-17,ST04,C0131,P043,1,695.65,386.09,309.56,Online
S04162,2023-10-19,ST07,C0441,P014,1,88.92,86.92,2.0,Marketplace
S04163,2023-11-01,ST08,C0257,P079,1,682.05,180.26,501.79,Retail Store
S04164,2023-05-31,ST13,C0365,P087,1,731.16,250.47,480.69,Marketplace
S04165,2025-04-17,ST01,C0203,P034,1,504.32,314.94,189.38,Online
S04166,2025-02-28,ST11,C0366,P041,1,69.86,33.46,36.4,Retail Store
S04167,2024-04-04,ST15,C0280,P035,1,824.45,272.69,551.76,Retail Store
S04168,2024-05-25,ST08,C0343,P010,1,735.65,290.1,445.55,Mobile App
S04169,2023-01-05,ST10,C0222,P039,3,152.25,1121.55,-969.3,Marketplace
S04170,2024-05-09,ST05,C0218,P023,2,401.51,510.0,-108.49,Marketplace
S04171,2024-08-15,ST01,C0331,P026,4,433.44,769.52,-336.08,Online
S04172,2023-08-26,ST02,C0390,P027,1,539.39,203.1,336.29,Mobile App
S04173,2025-01-22,ST07,C0446,P081,1,193.75,42.77,150.98,Online
S04174,2024-09-24,ST08,C0293,P051,1,698.84,383.14,315.7,Mobile App
S04175,2025-01-20,ST12,C0106,P046,2,856.62,698.96,157.66,Retail Store
S04176,2024-08-16,ST10,C0144,P053,4,793.4,703.52,89.88,Online
S04177,2023-08-01,ST10,C0398,P016,2,1263.55,258.12,1005.43,Marketplace
S04178,2025-03-17,ST14,C0373,P045,1,347.26,127.08,220.18,Marketplace
S04179,2023-09-03,ST12,C0014,P085,1,686.76,218.24,468.52,Retail Store
S04180,2023-08-26,ST15,C0180,P022,1,324.67,225.66,99.01,Retail Store
S04181,2025-08-07,ST10,C0117,P028,1,471.04,299.43,171.61,Marketplace
S04182,2024-02-23,ST13,C0089,P061,1,259.89,396.5,-136.61,Retail Store
S04183,2024-08-03,ST05,C0427,P074,1,174.11,350.01,-175.9,Marketplace
S04184,2023-11-25,ST01,C0158,P071,2,259.18,507.84,-248.66,Retail Store
S04185,2024-06-05,ST11,C0248,P047,2,1418.04,237.34,1180.7,Marketplace
S04186,2023-12-13,ST07,C0184,P031,4,504.32,1144.96,-640.64,Retail Store
S04187,2025-01-12,ST11,C0074,P056,2,1397.32,556.92,840.4,Online
S04188,2025-02-08,ST01,C0008,P050,1,473.66,164.87,308.79,Mobile App
S04189,2023-11-07,ST07,C0056,P015,1,707.8,139.34,568.46,Retail Store
S04190,2023-02-27,ST05,C0049,P029,2,565.26,233.94,331.32,Online
S04191,2025-08-25,ST08,C0445,P083,1,503.36,166.97,336.39,Online
S04192,2023-02-01,ST11,C0063,P055,1,725.09,244.81,480.28,Marketplace
S04193,2023-06-20,ST05,C0031,P034,1,560.35,314.94,245.41,Marketplace
S04194,2023-09-19,ST03,C0281,P075,3,1525.59,268.59,1257.0,Marketplace
S04195,2024-03-26,ST02,C0127,P025,1,782.79,266.96,515.83,Retail Store
S04196,2024-12-14,ST14,C0327,P053,3,595.05,527.64,67.41,Online
S04197,2023-01-08,ST15,C0140,P054,1,261.12,278.44,-17.32,Retail Store
S04198,2024-03-21,ST02,C0230,P088,2,1673.1,604.28,1068.82,Retail Store
S04199,2023-09-30,ST14,C0101,P013,2,514.93,155.68,359.25,Marketplace
S04200,2025-06-11,ST03,C0398,P016,1,631.77,129.06,502.71,Retail Store
S04201,2025-01-07,ST10,C0120,P067,3,1730.83,911.7,819.13,Retail Store
S04202,2025-01-08,ST14,C0171,P082,1,716.0,136.73,579.27,Mobile App
S04203,2024-07-05,ST02,C0232,P065,1,527.08,143.64,383.44,Mobile App
S04204,2024-11-09,ST12,C0019,P081,3,548.96,128.31,420.65,Online
S04205,2024-03-10,ST15,C0240,P073,2,1560.47,753.62,806.85,Marketplace
S04206,2025-06-08,ST04,C0044,P081,2,409.03,85.54,323.49,Mobile App
S04207,2024-04-21,ST03,C0073,P045,1,388.11,127.08,261.03,Marketplace
S04208,2023-05-19,ST14,C0358,P056,2,1561.7,556.92,1004.78,Retail Store
S04209,2025-08-03,ST12,C0439,P006,4,1163.7,155.6,1008.1,Mobile App
S04210,2023-11-03,ST02,C0312,P036,1,741.77,357.09,384.68,Online
S04211,2024-09-09,ST11,C0117,P024,2,1575.08,307.34,1267.74,Marketplace
S04212,2025-06-16,ST10,C0449,P011,1,771.23,253.22,518.01,Mobile App
S04213,2024-10-10,ST05,C0423,P060,2,934.78,276.5,658.28,Marketplace
S04214,2025-08-01,ST04,C0422,P080,3,485.22,910.98,-425.76,Retail Store
S04215,2023-01-05,ST05,C0178,P083,1,503.36,166.97,336.39,Retail Store
S04216,2024-07-01,ST08,C0285,P076,2,1276.65,289.54,987.11,Retail Store
S04217,2023-01-28,ST07,C0071,P066,1,175.54,94.05,81.49,Retail Store
S04218,2024-02-15,ST07,C0075,P044,2,743.41,425.2,318.21,Retail Store
S04219,2023-11-23,ST09,C0281,P037,1,759.23,385.8,373.43,Retail Store
S04220,2025-08-24,ST10,C0211,P002,2,1083.46,395.08,688.38,Marketplace
S04221,2023-04-17,ST14,C0167,P024,1,828.99,153.67,675.32,Mobile App
S04222,2023-02-07,ST13,C0178,P051,2,1397.69,766.28,631.41,Online
S04223,2023-05-10,ST14,C0202,P088,3,2133.2,906.42,1226.78,Marketplace
S04224,2024-11-09,ST08,C0039,P031,1,113.47,286.24,-172.77,Marketplace
S04225,2023-01-05,ST02,C0268,P016,1,701.97,129.06,572.91,Retail Store
S04226,2025-08-23,ST03,C0064,P049,3,1943.07,710.37,1232.7,Online
S04227,2023-01-23,ST04,C0259,P053,3,628.11,527.64,100.47,Online
S04228,2023-06-29,ST13,C0357,P028,3,1662.48,898.29,764.19,Marketplace
S04229,2024-07-01,ST11,C0443,P055,1,725.09,244.81,480.28,Retail Store
S04230,2023-10-31,ST09,C0344,P045,3,1103.06,381.24,721.82,Mobile App
S04231,2023-12-01,ST10,C0323,P075,1,483.1,89.53,393.57,Mobile App
S04232,2025-05-10,ST02,C0051,P032,1,345.88,296.35,49.53,Online
S04233,2023-05-16,ST04,C0003,P075,1,457.68,89.53,368.15,Marketplace
S04234,2024-03-27,ST01,C0142,P065,1,474.37,143.64,330.73,Mobile App
S04235,2023-09-15,ST15,C0317,P016,1,596.67,129.06,467.61,Online
S04236,2024-10-27,ST08,C0418,P066,5,789.93,470.25,319.68,Online
S04237,2024-10-16,ST08,C0272,P016,1,596.67,129.06,467.61,Marketplace
S04238,2023-08-15,ST02,C0429,P069,1,713.43,160.09,553.34,Retail Store
S04239,2023-08-06,ST14,C0095,P028,1,498.74,299.43,199.31,Mobile App
S04240,2024-04-23,ST11,C0283,P081,1,215.28,42.77,172.51,Retail Store
S04241,2025-04-15,ST03,C0218,P005,5,2537.82,1403.45,1134.37,Retail Store
S04242,2025-01-07,ST03,C0197,P017,3,1476.67,795.18,681.49,Retail Store
S04243,2023-07-03,ST10,C0344,P065,6,3162.48,861.84,2300.64,Marketplace
S04244,2025-02-14,ST14,C0076,P004,1,305.99,233.76,72.23,Online
S04245,2024-12-06,ST14,C0315,P038,1,417.05,397.37,19.68,Marketplace
S04246,2023-04-08,ST10,C0157,P018,2,1308.62,628.26,680.36,Retail Store
S04247,2023-05-19,ST13,C0312,P056,1,780.85,278.46,502.39,Online
S04248,2024-10-01,ST01,C0073,P002,2,1140.48,395.08,745.4,Online
S04249,2024-07-14,ST06,C0347,P009,3,1280.28,849.15,431.13,Retail Store
S04250,2023-09-25,ST13,C0290,P030,1,657.07,308.05,349.02,Mobile App
S04251,2025-04-25,ST04,C0442,P004,2,611.98,467.52,144.46,Marketplace
S04252,2024-01-26,ST06,C0098,P002,1,541.73,197.54,344.19,Retail Store
S04253,2023-06-29,ST08,C0367,P047,1,673.57,118.67,554.9,Retail Store
S04254,2024-03-24,ST01,C0366,P034,1,532.33,314.94,217.39,Mobile App
S04255,2023-09-15,ST06,C0396,P039,1,56.39,373.85,-317.46,Marketplace
S04256,2024-06-20,ST13,C0032,P051,2,1644.34,766.28,878.06,Marketplace
S04257,2025-03-28,ST15,C0235,P061,1,288.77,396.5,-107.73,Online
S04258,2024-01-06,ST07,C0199,P001,4,2684.97,1273.0,1411.97,Mobile App
S04259,2023-06-28,ST03,C0426,P054,2,522.24,556.88,-34.64,Online
S04260,2024-10-11,ST04,C0050,P049,1,582.92,236.79,346.13,Retail Store
S04261,2023-04-19,ST01,C0155,P051,1,822.17,383.14,439.03,Online
S04262,2023-02-19,ST08,C0288,P035,4,3297.8,1090.76,2207.04,Mobile App
S04263,2023-12-20,ST01,C0014,P060,2,934.78,276.5,658.28,Marketplace
S04264,2023-08-06,ST15,C0049,P009,1,404.3,283.05,121.25,Retail Store
S04265,2023-07-07,ST02,C0143,P058,1,541.37,133.49,407.88,Marketplace
S04266,2024-11-26,ST13,C0217,P066,1,175.54,94.05,81.49,Mobile App
S04267,2023-12-07,ST12,C0225,P071,1,143.99,253.92,-109.93,Retail Store
S04268,2023-10-12,ST14,C0338,P037,1,759.23,385.8,373.43,Retail Store
S04269,2025-07-17,ST05,C0026,P016,1,631.77,129.06,502.71,Mobile App
S04270,2023-09-10,ST06,C0422,P063,2,1595.06,224.94,1370.12,Retail Store
S04271,2025-01-06,ST04,C0329,P040,1,675.96,99.01,576.95,Retail Store
S04272,2025-08-08,ST02,C0389,P061,1,288.77,396.5,-107.73,Retail Store
S04273,2025-02-15,ST09,C0171,P051,4,3288.68,1532.56,1756.12,Mobile App
S04274,2025-03-12,ST08,C0230,P018,2,1377.5,628.26,749.24,Online
S04275,2024-08-31,ST08,C0291,P066,1,166.76,94.05,72.71,Mobile App
S04276,2024-07-22,ST12,C0049,P043,1,772.94,386.09,386.85,Online
S04277,2023-11-12,ST10,C0145,P035,1,783.23,272.69,510.54,Marketplace
S04278,2023-03-18,ST12,C0371,P008,2,1177.44,761.14,416.3,Online
S04279,2024-10-09,ST08,C0207,P036,3,2225.31,1071.27,1154.04,Mobile App
S04280,2025-06-17,ST12,C0145,P065,1,474.37,143.64,330.73,Retail Store
S04281,2023-12-01,ST11,C0102,P077,3,773.58,1175.49,-401.91,Online
S04282,2023-12-14,ST03,C0206,P050,1,526.29,164.87,361.42,Mobile App
S04283,2025-01-05,ST12,C0377,P058,2,1273.82,266.98,1006.84,Mobile App
S04284,2023-08-02,ST09,C0232,P022,1,292.2,225.66,66.54,Marketplace
S04285,2024-03-17,ST02,C0371,P016,1,701.97,129.06,572.91,Marketplace
S04286,2023-01-31,ST07,C0036,P066,2,351.08,188.1,162.98,Online
S04287,2025-01-14,ST09,C0198,P014,1,83.98,86.92,-2.94,Retail Store
S04288,2023-05-13,ST15,C0306,P028,1,471.04,299.43,171.61,Retail Store
S04289,2023-07-01,ST08,C0352,P015,1,707.8,139.34,568.46,Mobile App
S04290,2025-04-02,ST07,C0217,P042,1,256.0,140.98,115.02,Marketplace
S04291,2024-02-09,ST01,C0019,P021,1,435.74,349.05,86.69,Retail Store
S04292,2023-07-14,ST13,C0424,P081,3,645.84,128.31,517.53,Retail Store
S04293,2024-03-06,ST04,C0036,P065,1,527.08,143.64,383.44,Online
S04294,2024-01-10,ST14,C0059,P037,1,843.59,385.8,457.79,Mobile App
S04295,2025-08-28,ST07,C0290,P037,1,843.59,385.8,457.79,Retail Store
S04296,2023-05-17,ST05,C0123,P027,1,539.39,203.1,336.29,Mobile App
S04297,2023-03-26,ST07,C0098,P087,2,1308.39,500.94,807.45,Retail Store
S04298,2023-11-05,ST13,C0391,P073,3,2463.9,1130.43,1333.47,Marketplace
S04299,2024-04-07,ST07,C0421,P059,1,125.54,245.23,-119.69,Mobile App
S04300,2025-07-26,ST08,C0212,P073,1,821.3,376.81,444.49,Mobile App
S04301,2024-11-30,ST02,C0428,P064,2,573.44,261.08,312.36,Mobile App
S04302,2025-01-11,ST10,C0355,P006,1,323.25,38.9,284.35,Marketplace
S04303,2024-12-27,ST01,C0410,P008,2,1177.44,761.14,416.3,Retail Store
S04304,2025-01-10,ST07,C0059,P011,2,1465.34,506.44,958.9,Online
S04305,2023-09-08,ST15,C0245,P061,2,548.66,793.0,-244.34,Mobile App
S04306,2023-04-09,ST09,C0089,P054,4,992.26,1113.76,-121.5,Retail Store
S04307,2025-01-02,ST07,C0054,P051,1,822.17,383.14,439.03,Online
S04308,2023-01-28,ST10,C0106,P065,2,948.74,287.28,661.46,Marketplace
S04309,2023-09-08,ST11,C0189,P057,2,1046.54,68.32,978.22,Online
S04310,2023-04-26,ST15,C0276,P078,1,95.9,216.55,-120.65,Mobile App
S04311,2025-08-07,ST11,C0238,P003,1,606.67,112.02,494.65,Mobile App
S04312,2024-09-29,ST10,C0361,P074,2,348.22,700.02,-351.8,Retail Store
S04313,2024-01-17,ST02,C0082,P056,2,1561.7,556.92,1004.78,Online
S04314,2023-01-14,ST04,C0402,P077,1,243.53,391.83,-148.3,Online
S04315,2024-08-27,ST13,C0406,P029,3,847.89,350.91,496.98,Mobile App
S04316,2023-02-27,ST01,C0375,P009,2,853.52,566.1,287.42,Marketplace
S04317,2024-07-09,ST02,C0230,P070,2,188.52,289.44,-100.92,Marketplace
S04318,2023-03-23,ST03,C0074,P012,3,1371.63,473.67,897.96,Marketplace
S04319,2025-03-20,ST08,C0368,P055,1,725.09,244.81,480.28,Mobile App
S04320,2023-08-23,ST06,C0350,P048,4,1238.62,618.0,620.62,Mobile App
S04321,2025-02-07,ST11,C0134,P002,2,1026.43,395.08,631.35,Marketplace
S04322,2023-08-17,ST14,C0187,P050,6,2999.85,989.22,2010.63,Retail Store
S04323,2024-08-24,ST07,C0432,P045,3,1225.62,381.24,844.38,Mobile App
S04324,2023-11-23,ST04,C0069,P060,2,841.3,276.5,564.8,Mobile App
S04325,2023-03-13,ST09,C0157,P062,1,306.26,91.36,214.9,Retail Store
S04326,2024-12-25,ST10,C0065,P079,1,717.95,180.26,537.69,Marketplace
S04327,2025-07-04,ST02,C0247,P055,2,1377.67,489.62,888.05,Marketplace
S04328,2023-10-30,ST06,C0103,P021,1,484.16,349.05,135.11,Retail Store
S04329,2023-02-01,ST12,C0400,P083,1,450.37,166.97,283.4,Online
S04330,2023-11-18,ST03,C0357,P084,1,801.93,390.58,411.35,Mobile App
S04331,2024-08-21,ST05,C0282,P070,1,94.26,144.72,-50.46,Retail Store
S04332,2024-07-28,ST06,C0394,P077,1,286.51,391.83,-105.32,Marketplace
S04333,2023-05-19,ST14,C0058,P059,1,139.49,245.23,-105.74,Online
S04334,2025-03-09,ST02,C0178,P010,1,696.93,290.1,406.83,Marketplace
S04335,2025-06-08,ST09,C0257,P062,1,306.26,91.36,214.9,Online
S04336,2024-11-15,ST02,C0185,P046,1,475.9,349.48,126.42,Mobile App
S04337,2024-02-12,ST08,C0091,P026,2,205.88,384.76,-178.88,Online
S04338,2023-08-10,ST02,C0180,P029,1,240.24,116.97,123.27,Mobile App
S04339,2025-02-21,ST09,C0115,P006,3,969.75,116.7,853.05,Marketplace
S04340,2025-07-11,ST09,C0238,P072,1,763.37,235.14,528.23,Retail Store
S04341,2025-07-15,ST11,C0154,P085,1,767.55,218.24,549.31,Online
S04342,2023-07-29,ST13,C0257,P086,2,980.19,334.54,645.65,Mobile App
S04343,2025-01-30,ST04,C0264,P023,2,401.51,510.0,-108.49,Marketplace
S04344,2025-03-16,ST11,C0129,P049,2,1165.84,473.58,692.26,Retail Store
S04345,2024-05-31,ST09,C0300,P082,1,644.4,136.73,507.67,Online
S04346,2024-06-25,ST08,C0440,P054,1,221.95,278.44,-56.49,Mobile App
S04347,2025-07-20,ST10,C0097,P028,1,526.45,299.43,227.02,Mobile App
S04348,2023-10-28,ST03,C0141,P049,1,647.69,236.79,410.9,Online
S04349,2023-12-01,ST05,C0155,P010,3,1974.64,870.3,1104.34,Retail Store
S04350,2025-06-29,ST08,C0034,P069,1,713.43,160.09,553.34,Online
S04351,2024-10-01,ST01,C0265,P047,2,1418.04,237.34,1180.7,Marketplace
S04352,2024-09-24,ST09,C0246,P017,2,1036.26,530.12,506.14,Marketplace
S04353,2023-02-25,ST11,C0110,P024,1,746.09,153.67,592.42,Mobile App
S04354,2023-12-26,ST07,C0173,P074,2,295.99,700.02,-404.03,Retail Store
S04355,2025-03-04,ST08,C0163,P060,3,1191.84,414.75,777.09,Mobile App
S04356,2024-01-25,ST04,C0043,P005,1,507.56,280.69,226.87,Marketplace
S04357,2023-12-23,ST01,C0077,P018,1,619.88,314.13,305.75,Online
S04358,2025-04-15,ST13,C0206,P026,1,108.36,192.38,-84.02,Marketplace
S04359,2023-05-21,ST03,C0019,P052,1,348.77,64.51,284.26,Mobile App
S04360,2023-06-20,ST15,C0144,P077,2,544.37,783.66,-239.29,Mobile App
S04361,2024-12-03,ST04,C0180,P019,1,120.38,335.58,-215.2,Marketplace
S04362,2023-04-15,ST09,C0439,P075,1,508.53,89.53,419.0,Mobile App
S04363,2023-09-06,ST15,C0019,P032,1,294.0,296.35,-2.35,Retail Store
S04364,2024-04-03,ST06,C0307,P056,1,739.76,278.46,461.3,Marketplace
S04365,2025-01-16,ST01,C0108,P020,1,668.52,218.7,449.82,Mobile App
S04366,2024-03-05,ST11,C0176,P040,3,1723.7,297.03,1426.67,Online
S04367,2024-03-29,ST06,C0353,P007,2,117.28,709.6,-592.32,Online
S04368,2024-08-13,ST07,C0015,P024,1,828.99,153.67,675.32,Marketplace
S04369,2023-03-04,ST11,C0232,P008,1,588.72,380.57,208.15,Retail Store
S04370,2024-11-29,ST10,C0443,P045,2,817.08,254.16,562.92,Retail Store
S04371,2023-10-12,ST07,C0061,P068,1,392.63,376.99,15.64,Marketplace
S04372,2023-01-24,ST03,C0171,P062,3,872.84,274.08,598.76,Marketplace
S04373,2023-10-05,ST14,C0204,P037,2,1602.82,771.6,831.22,Retail Store
S04374,2023-09-09,ST05,C0240,P046,1,404.51,349.48,55.03,Retail Store
S04375,2025-05-21,ST07,C0197,P065,1,527.08,143.64,383.44,Retail Store
S04376,2024-05-22,ST05,C0368,P056,2,1397.32,556.92,840.4,Mobile App
S04377,2024-11-19,ST04,C0433,P079,1,682.05,180.26,501.79,Online
S04378,2024-09-21,ST13,C0063,P053,4,881.56,703.52,178.04,Online
S04379,2023-08-31,ST05,C0227,P069,2,1212.83,320.18,892.65,Marketplace
S04380,2025-05-09,ST05,C0200,P013,4,1151.02,311.36,839.66,Mobile App
S04381,2023-12-29,ST10,C0347,P052,1,387.52,64.51,323.01,Online
S04382,2025-06-09,ST13,C0021,P008,1,657.98,380.57,277.41,Online
S04383,2023-03-24,ST07,C0060,P032,1,328.59,296.35,32.24,Retail Store
S04384,2023-02-07,ST14,C0027,P089,4,2399.33,908.64,1490.69,Marketplace
S04385,2024-09-27,ST10,C0264,P048,1,344.06,154.5,189.56,Mobile App
S04386,2023-06-02,ST07,C0230,P073,1,780.23,376.81,403.42,Retail Store
S04387,2025-08-12,ST12,C0001,P073,1,821.3,376.81,444.49,Marketplace
S04388,2024-04-15,ST10,C0295,P036,1,780.81,357.09,423.72,Online
S04389,2023-04-26,ST08,C0299,P060,2,794.56,276.5,518.06,Mobile App
S04390,2024-09-17,ST01,C0350,P061,1,245.45,396.5,-151.05,Mobile App
S04391,2023-11-09,ST15,C0029,P062,1,275.63,91.36,184.27,Marketplace
S04392,2024-02-01,ST14,C0368,P058,1,636.91,133.49,503.42,Retail Store
S04393,2024-10-26,ST03,C0443,P038,3,1398.35,1192.11,206.24,Online
S04394,2023-04-22,ST07,C0377,P060,1,397.28,138.25,259.03,Mobile App
S04395,2024-10-16,ST15,C0357,P075,4,1932.41,358.12,1574.29,Online
S04396,2024-03-31,ST12,C0335,P038,4,1962.6,1589.48,373.12,Retail Store
S04397,2023-05-04,ST05,C0396,P060,3,1332.06,414.75,917.31,Online
S04398,2025-05-28,ST14,C0100,P007,1,58.64,354.8,-296.16,Retail Store
S04399,2025-07-23,ST12,C0059,P071,1,136.79,253.92,-117.13,Retail Store
S04400,2025-02-26,ST05,C0265,P011,1,771.23,253.22,518.01,Marketplace
S04401,2025-06-04,ST03,C0096,P039,4,225.56,1495.4,-1269.84,Mobile App
S04402,2023-07-27,ST01,C0219,P076,2,1276.65,289.54,987.11,Online
S04403,2023-06-07,ST14,C0431,P089,1,566.51,227.16,339.35,Marketplace
S04404,2023-04-19,ST14,C0420,P089,1,666.48,227.16,439.32,Mobile App
S04405,2024-02-20,ST08,C0320,P066,2,333.53,188.1,145.43,Mobile App
S04406,2024-10-28,ST15,C0085,P066,1,149.21,94.05,55.16,Mobile App
S04407,2023-03-23,ST08,C0424,P067,1,641.05,303.9,337.15,Online
S04408,2023-02-22,ST04,C0398,P054,1,248.06,278.44,-30.38,Online
S04409,2024-05-04,ST03,C0235,P054,8,1984.51,2227.52,-243.01,Online
S04410,2023-08-11,ST11,C0048,P062,1,290.95,91.36,199.59,Retail Store
S04411,2024-08-24,ST14,C0096,P066,3,447.63,282.15,165.48,Marketplace
S04412,2023-06-02,ST11,C0125,P052,1,387.52,64.51,323.01,Online
S04413,2024-07-31,ST02,C0003,P075,2,966.21,179.06,787.15,Mobile App
S04414,2023-08-28,ST13,C0421,P038,2,981.3,794.74,186.56,Retail Store
S04415,2024-07-05,ST02,C0007,P039,1,53.57,373.85,-320.28,Online
S04416,2023-03-15,ST13,C0373,P089,5,3165.78,1135.8,2029.98,Retail Store
S04417,2023-11-10,ST14,C0022,P028,3,1662.48,898.29,764.19,Marketplace
S04418,2023-07-31,ST14,C0136,P081,1,193.75,42.77,150.98,Mobile App
S04419,2024-03-24,ST14,C0255,P013,1,302.9,77.84,225.06,Retail Store
S04420,2025-01-27,ST06,C0103,P086,1,490.09,167.27,322.82,Retail Store
S04421,2023-04-21,ST05,C0313,P077,1,272.18,391.83,-119.65,Marketplace
S04422,2023-01-27,ST03,C0326,P061,5,1299.46,1982.5,-683.04,Retail Store
S04423,2023-05-14,ST02,C0354,P009,1,449.22,283.05,166.17,Mobile App
S04424,2024-05-14,ST06,C0130,P010,1,774.37,290.1,484.27,Marketplace
S04425,2024-03-15,ST01,C0301,P040,3,1825.09,297.03,1528.06,Mobile App
S04426,2023-01-01,ST04,C0223,P085,2,1535.11,436.48,1098.63,Retail Store
S04427,2024-09-18,ST12,C0147,P011,4,3084.92,1012.88,2072.04,Retail Store
S04428,2023-12-03,ST09,C0027,P077,5,1360.92,1959.15,-598.23,Mobile App
S04429,2024-08-01,ST15,C0319,P028,1,554.16,299.43,254.73,Retail Store
S04430,2024-08-25,ST09,C0331,P028,3,1413.11,898.29,514.82,Mobile App
S04431,2024-12-10,ST02,C0226,P048,1,309.65,154.5,155.15,Mobile App
S04432,2023-12-30,ST06,C0211,P031,1,119.78,286.24,-166.46,Online
S04433,2023-07-11,ST03,C0126,P018,1,619.88,314.13,305.75,Online
S04434,2023-09-05,ST10,C0235,P025,1,823.99,266.96,557.03,Retail Store
S04435,2023-11-06,ST14,C0176,P024,1,828.99,153.67,675.32,Online
S04436,2023-01-11,ST07,C0079,P086,1,518.92,167.27,351.65,Mobile App
S04437,2025-08-19,ST11,C0277,P019,1,120.38,335.58,-215.2,Marketplace
S04438,2023-01-06,ST09,C0443,P037,3,2530.77,1157.4,1373.37,Online
S04439,2025-01-25,ST03,C0061,P085,1,807.95,218.24,589.71,Mobile App
S04440,2024-01-03,ST13,C0008,P028,2,1052.9,598.86,454.04,Marketplace
S04441,2025-02-24,ST07,C0161,P065,1,500.73,143.64,357.09,Mobile App
S04442,2023-08-26,ST02,C0364,P086,5,2882.9,836.35,2046.55,Online
S04443,2024-04-26,ST01,C0372,P023,1,212.56,255.0,-42.44,Retail Store
S04444,2024-08-19,ST13,C0278,P006,1,307.09,38.9,268.19,Online
S04445,2025-05-13,ST06,C0195,P046,1,404.51,349.48,55.03,Online
S04446,2024-12-25,ST13,C0145,P070,3,253.01,434.16,-181.15,Retail Store
S04447,2023-10-29,ST01,C0311,P046,2,856.62,698.96,157.66,Retail Store
S04448,2023-12-03,ST10,C0067,P075,1,508.53,89.53,419.0,Online
S04449,2023-02-23,ST03,C0133,P010,1,696.93,290.1,406.83,Mobile App
S04450,2024-08-01,ST12,C0142,P067,3,1730.83,911.7,819.13,Marketplace
S04451,2024-05-04,ST08,C0035,P034,1,560.35,314.94,245.41,Retail Store
S04452,2024-03-16,ST14,C0050,P035,1,824.45,272.69,551.76,Marketplace
S04453,2024-01-21,ST15,C0114,P069,1,677.76,160.09,517.67,Marketplace
S04454,2023-08-20,ST09,C0284,P013,4,1151.02,311.36,839.66,Mobile App
S04455,2025-01-28,ST04,C0129,P024,1,787.54,153.67,633.87,Mobile App
S04456,2023-09-22,ST04,C0153,P019,2,216.68,671.16,-454.48,Retail Store
S04457,2024-08-11,ST15,C0251,P011,3,2313.69,759.66,1554.03,Online
S04458,2024-11-30,ST15,C0237,P070,2,168.67,289.44,-120.77,Marketplace
S04459,2023-07-20,ST13,C0020,P002,5,2708.64,987.7,1720.94,Retail Store
S04460,2024-02-02,ST04,C0171,P070,1,99.22,144.72,-45.5,Retail Store
S04461,2024-11-02,ST08,C0182,P061,1,274.33,396.5,-122.17,Retail Store
S04462,2024-10-23,ST11,C0421,P037,3,2277.69,1157.4,1120.29,Mobile App
S04463,2023-10-17,ST01,C0196,P036,1,702.73,357.09,345.64,Marketplace
S04464,2023-03-08,ST09,C0382,P084,1,801.93,390.58,411.35,Online
S04465,2024-11-22,ST15,C0327,P014,1,93.86,86.92,6.94,Mobile App
S04466,2023-05-23,ST02,C0223,P058,3,1910.73,400.47,1510.26,Retail Store
S04467,2025-02-06,ST06,C0096,P020,3,2228.4,656.1,1572.3,Mobile App
S04468,2024-06-11,ST05,C0208,P038,1,417.05,397.37,19.68,Mobile App
S04469,2023-04-04,ST14,C0116,P012,1,457.21,157.89,299.32,Marketplace
S04470,2023-03-15,ST11,C0232,P078,2,201.9,433.1,-231.2,Marketplace
S04471,2023-08-26,ST10,C0342,P085,2,1615.9,436.48,1179.42,Online
S04472,2024-06-18,ST06,C0394,P069,1,606.42,160.09,446.33,Marketplace
S04473,2023-05-09,ST08,C0093,P035,1,824.45,272.69,551.76,Mobile App
S04474,2023-06-17,ST01,C0433,P058,5,3184.55,667.45,2517.1,Marketplace
S04475,2023-02-17,ST10,C0124,P084,1,761.83,390.58,371.25,Online
S04476,2024-12-31,ST15,C0208,P051,2,1562.12,766.28,795.84,Retail Store
S04477,2023-04-08,ST11,C0065,P011,3,2313.69,759.66,1554.03,Marketplace
S04478,2023-08-26,ST04,C0230,P040,3,2027.88,297.03,1730.85,Marketplace
S04479,2024-01-01,ST07,C0013,P037,3,2530.77,1157.4,1373.37,Retail Store
S04480,2023-04-08,ST11,C0069,P045,3,1103.06,381.24,721.82,Online
S04481,2023-10-30,ST09,C0045,P070,1,94.26,144.72,-50.46,Mobile App
S04482,2023-05-25,ST06,C0289,P052,1,368.14,64.51,303.63,Mobile App
S04483,2023-04-06,ST02,C0370,P058,2,1146.44,266.98,879.46,Mobile App
S04484,2024-06-04,ST02,C0205,P022,1,308.44,225.66,82.78,Online
S04485,2024-06-16,ST08,C0021,P024,5,3523.21,768.35,2754.86,Online
S04486,2023-12-18,ST04,C0422,P063,1,797.53,112.47,685.06,Marketplace
S04487,2023-08-18,ST12,C0076,P020,1,742.8,218.7,524.1,Marketplace
S04488,2023-01-31,ST04,C0183,P003,1,576.34,112.02,464.32,Online
S04489,2024-06-19,ST12,C0402,P001,7,4945.99,2227.75,2718.24,Marketplace
S04490,2023-07-11,ST11,C0145,P030,5,2792.55,1540.25,1252.3,Marketplace
S04491,2024-12-12,ST01,C0251,P006,5,1373.81,194.5,1179.31,Mobile App
S04492,2025-05-07,ST05,C0302,P013,1,302.9,77.84,225.06,Online
S04493,2024-10-15,ST01,C0391,P012,2,914.42,315.78,598.64,Retail Store
S04494,2024-05-23,ST04,C0165,P041,1,59.38,33.46,25.92,Online
S04495,2024-12-05,ST02,C0194,P015,1,791.07,139.34,651.73,Online
S04496,2024-09-11,ST01,C0426,P073,2,1396.21,753.62,642.59,Online
S04497,2023-08-05,ST13,C0084,P007,3,175.92,1064.4,-888.48,Online
S04498,2025-03-29,ST12,C0398,P057,3,1569.81,102.48,1467.33,Marketplace
S04499,2023-08-20,ST13,C0137,P040,3,2027.88,297.03,1730.85,Retail Store
S04500,2024-07-04,ST12,C0004,P023,1,200.75,255.0,-54.25,Online
S04501,2024-10-11,ST08,C0345,P030,1,657.07,308.05,349.02,Marketplace
S04502,2023-03-25,ST06,C0113,P007,2,111.42,709.6,-598.18,Retail Store
S04503,2025-07-02,ST10,C0037,P062,1,260.32,91.36,168.96,Online
S04504,2024-04-10,ST07,C0318,P016,2,1333.74,258.12,1075.62,Retail Store
S04505,2023-08-27,ST01,C0197,P062,2,612.52,182.72,429.8,Mobile App
S04506,2024-01-06,ST01,C0021,P087,1,731.16,250.47,480.69,Online
S04507,2023-01-13,ST12,C0186,P068,1,461.92,376.99,84.93,Marketplace
S04508,2024-12-29,ST05,C0045,P075,1,508.53,89.53,419.0,Online
S04509,2024-07-30,ST11,C0353,P018,1,619.88,314.13,305.75,Retail Store
S04510,2023-10-25,ST13,C0126,P039,1,47.93,373.85,-325.92,Retail Store
S04511,2024-04-17,ST09,C0300,P057,1,581.41,34.16,547.25,Retail Store
S04512,2024-04-14,ST04,C0067,P025,1,823.99,266.96,557.03,Retail Store
S04513,2023-02-14,ST04,C0320,P007,1,49.84,354.8,-304.96,Marketplace
S04514,2023-01-23,ST15,C0286,P069,1,713.43,160.09,553.34,Online
S04515,2023-05-06,ST07,C0186,P074,5,827.02,1750.05,-923.03,Marketplace
S04516,2023-09-08,ST10,C0187,P026,3,292.57,577.14,-284.57,Online
S04517,2024-11-28,ST11,C0109,P075,1,508.53,89.53,419.0,Online
S04518,2025-01-29,ST15,C0098,P085,3,2181.47,654.72,1526.75,Online
S04519,2025-07-29,ST11,C0248,P080,1,153.65,303.66,-150.01,Marketplace
S04520,2025-06-07,ST13,C0422,P075,2,864.5,179.06,685.44,Marketplace
S04521,2024-03-20,ST12,C0250,P037,1,843.59,385.8,457.79,Mobile App
S04522,2024-02-26,ST05,C0306,P083,4,1801.49,667.88,1133.61,Marketplace
S04523,2023-09-19,ST07,C0387,P036,1,663.69,357.09,306.6,Online
S04524,2023-12-22,ST08,C0423,P032,1,311.29,296.35,14.94,Retail Store
S04525,2025-02-11,ST10,C0255,P012,1,434.35,157.89,276.46,Online
S04526,2025-02-12,ST04,C0418,P034,2,1120.7,629.88,490.82,Marketplace
S04527,2024-10-15,ST01,C0367,P069,3,2033.28,480.27,1553.01,Retail Store
S04528,2025-03-26,ST13,C0352,P058,1,636.91,133.49,503.42,Online
S04529,2023-11-08,ST03,C0374,P014,3,296.4,260.76,35.64,Marketplace
S04530,2023-06-25,ST06,C0109,P072,3,2410.65,705.42,1705.23,Online
S04531,2024-03-22,ST05,C0331,P001,2,1413.14,636.5,776.64,Mobile App
S04532,2024-05-29,ST05,C0125,P054,2,496.13,556.88,-60.75,Online
S04533,2023-03-20,ST02,C0095,P009,2,808.6,566.1,242.5,Retail Store
S04534,2023-04-18,ST08,C0031,P076,2,1142.26,289.54,852.72,Online
S04535,2025-01-29,ST13,C0342,P075,2,915.35,179.06,736.29,Retail Store
S04536,2025-01-03,ST11,C0355,P051,1,698.84,383.14,315.7,Online
S04537,2024-08-28,ST14,C0236,P071,1,143.99,253.92,-109.93,Retail Store
S04538,2025-02-15,ST07,C0247,P089,1,666.48,227.16,439.32,Mobile App
S04539,2023-10-23,ST15,C0313,P074,1,156.7,350.01,-193.31,Online
S04540,2023-09-10,ST10,C0144,P014,1,98.8,86.92,11.88,Marketplace
S04541,2023-12-20,ST12,C0441,P011,1,732.67,253.22,479.45,Online
S04542,2024-08-12,ST10,C0033,P046,1,452.1,349.48,102.62,Marketplace
S04543,2023-05-18,ST06,C0253,P089,1,599.83,227.16,372.67,Online
S04544,2024-01-20,ST14,C0106,P051,2,1644.34,766.28,878.06,Online
S04545,2023-11-26,ST12,C0305,P011,1,771.23,253.22,518.01,Online
S04546,2025-03-11,ST09,C0407,P031,2,252.16,572.48,-320.32,Mobile App
S04547,2024-08-06,ST01,C0198,P049,4,2202.15,947.16,1254.99,Online
S04548,2024-03-17,ST13,C0125,P063,3,2392.59,337.41,2055.18,Online
S04549,2024-04-30,ST15,C0339,P008,2,1385.22,761.14,624.08,Mobile App
S04550,2023-08-18,ST01,C0354,P045,1,367.69,127.08,240.61,Marketplace
S04551,2024-03-10,ST03,C0333,P046,5,2379.5,1747.4,632.1,Retail Store
S04552,2024-10-27,ST01,C0214,P068,1,461.92,376.99,84.93,Online
S04553,2023-04-24,ST05,C0157,P015,2,1498.88,278.68,1220.2,Mobile App
S04554,2025-01-04,ST10,C0145,P033,1,630.9,293.6,337.3,Marketplace
S04555,2024-05-02,ST12,C0018,P076,2,1209.46,289.54,919.92,Mobile App
S04556,2024-02-09,ST08,C0086,P022,2,649.34,451.32,198.02,Retail Store
S04557,2023-05-18,ST09,C0127,P039,4,225.56,1495.4,-1269.84,Mobile App
S04558,2024-02-19,ST02,C0078,P012,2,868.7,315.78,552.92,Mobile App
S04559,2024-07-22,ST07,C0216,P043,3,2202.88,1158.27,1044.61,Mobile App
S04560,2024-01-25,ST11,C0244,P047,3,1914.35,356.01,1558.34,Online
S04561,2023-05-11,ST09,C0002,P007,1,58.64,354.8,-296.16,Mobile App
S04562,2024-01-26,ST09,C0341,P003,2,1213.34,224.04,989.3,Mobile App
S04563,2025-03-17,ST10,C0275,P046,2,904.21,698.96,205.25,Mobile App
S04564,2025-06-17,ST06,C0257,P020,3,2228.4,656.1,1572.3,Online
S04565,2024-03-04,ST09,C0167,P012,1,388.63,157.89,230.74,Online
S04566,2023-08-01,ST03,C0068,P087,1,731.16,250.47,480.69,Online
S04567,2023-01-25,ST10,C0133,P071,1,129.59,253.92,-124.33,Online
S04568,2023-12-20,ST07,C0200,P069,1,642.09,160.09,482.0,Retail Store
S04569,2023-07-21,ST01,C0394,P054,1,261.12,278.44,-17.32,Retail Store
S04570,2023-04-06,ST05,C0318,P060,1,444.02,138.25,305.77,Retail Store
S04571,2024-06-13,ST09,C0332,P079,2,1364.11,360.52,1003.59,Mobile App
S04572,2025-04-09,ST02,C0301,P080,1,153.65,303.66,-150.01,Marketplace
S04573,2024-04-09,ST06,C0376,P079,2,1292.31,360.52,931.79,Retail Store
S04574,2023-10-06,ST06,C0441,P073,3,2217.51,1130.43,1087.08,Online
S04575,2025-08-23,ST12,C0391,P014,1,88.92,86.92,2.0,Mobile App
S04576,2023-06-11,ST03,C0397,P001,2,1271.83,636.5,635.33,Marketplace
S04577,2023-05-17,ST15,C0399,P085,3,2181.47,654.72,1526.75,Marketplace
S04578,2024-10-30,ST04,C0143,P041,2,118.76,66.92,51.84,Mobile App
S04579,2025-06-21,ST09,C0438,P025,2,1647.98,533.92,1114.06,Mobile App
S04580,2025-01-10,ST04,C0434,P026,4,411.77,769.52,-357.75,Online
S04581,2023-10-08,ST06,C0193,P020,1,631.38,218.7,412.68,Online
S04582,2024-01-06,ST09,C0210,P061,1,245.45,396.5,-151.05,Retail Store
S04583,2023-03-08,ST13,C0007,P045,4,1389.04,508.32,880.72,Mobile App
S04584,2023-10-17,ST01,C0438,P007,2,117.28,709.6,-592.32,Retail Store
S04585,2024-01-16,ST07,C0229,P063,2,1515.31,224.94,1290.37,Online
S04586,2024-01-06,ST11,C0027,P069,3,1926.26,480.27,1445.99,Online
S04587,2024-04-25,ST06,C0124,P064,1,243.71,130.54,113.17,Marketplace
S04588,2023-07-19,ST03,C0153,P057,2,988.4,68.32,920.08,Retail Store
S04589,2023-08-01,ST09,C0431,P044,2,743.41,425.2,318.21,Marketplace
S04590,2023-10-16,ST06,C0055,P073,2,1642.6,753.62,888.98,Online
S04591,2024-10-23,ST13,C0291,P001,2,1413.14,636.5,776.64,Online
S04592,2023-03-11,ST12,C0043,P061,5,1443.85,1982.5,-538.65,Online
S04593,2024-03-20,ST01,C0312,P064,1,286.72,130.54,156.18,Retail Store
S04594,2025-01-28,ST04,C0251,P020,4,2674.08,874.8,1799.28,Online
S04595,2024-10-27,ST10,C0326,P059,2,278.98,490.46,-211.48,Mobile App
S04596,2023-06-19,ST13,C0280,P089,2,1133.02,454.32,678.7,Mobile App
S04597,2024-10-14,ST02,C0348,P033,4,2820.47,1174.4,1646.07,Online
S04598,2023-12-31,ST06,C0079,P060,1,397.28,138.25,259.03,Mobile App
S04599,2023-10-15,ST13,C0142,P075,1,508.53,89.53,419.0,Online
S04600,2023-08-09,ST09,C0423,P018,1,585.44,314.13,271.31,Online
S04601,2024-08-07,ST15,C0343,P070,1,94.26,144.72,-50.46,Retail Store
S04602,2025-08-21,ST15,C0246,P023,1,224.37,255.0,-30.63,Mobile App
S04603,2024-12-18,ST12,C0212,P007,2,117.28,709.6,-592.32,Marketplace
S04604,2023-07-21,ST13,C0431,P058,2,1082.75,266.98,815.77,Online
S04605,2025-06-17,ST14,C0417,P060,6,2804.34,829.5,1974.84,Online
S04606,2023-09-12,ST13,C0102,P080,1,137.48,303.66,-166.18,Marketplace
S04607,2023-01-27,ST12,C0253,P072,2,1446.39,470.28,976.11,Marketplace
S04608,2023-09-01,ST03,C0090,P013,2,605.8,155.68,450.12,Marketplace
S04609,2023-11-01,ST03,C0294,P029,2,565.26,233.94,331.32,Retail Store
S04610,2024-06-08,ST01,C0327,P027,2,1142.24,406.2,736.04,Mobile App
S04611,2024-07-04,ST11,C0372,P003,1,576.34,112.02,464.32,Marketplace
S04612,2024-07-31,ST15,C0069,P008,2,1246.7,761.14,485.56,Marketplace
S04613,2025-05-28,ST15,C0242,P006,1,274.76,38.9,235.86,Retail Store
S04614,2025-06-20,ST09,C0316,P023,3,708.54,765.0,-56.46,Marketplace
S04615,2023-07-30,ST03,C0044,P071,4,575.96,1015.68,-439.72,Marketplace
S04616,2024-06-20,ST05,C0440,P004,1,288.99,233.76,55.23,Retail Store
S04617,2025-01-28,ST09,C0406,P016,1,596.67,129.06,467.61,Online
S04618,2023-08-14,ST06,C0433,P054,1,261.12,278.44,-17.32,Retail Store
S04619,2023-01-28,ST10,C0320,P030,4,2628.28,1232.2,1396.08,Mobile App
S04620,2024-06-10,ST15,C0280,P049,2,1295.38,473.58,821.8,Mobile App
S04621,2024-04-18,ST15,C0143,P027,2,1142.24,406.2,736.04,Retail Store
S04622,2024-08-10,ST04,C0061,P085,1,767.55,218.24,549.31,Retail Store
S04623,2024-09-15,ST06,C0303,P025,1,700.39,266.96,433.43,Online
S04624,2024-01-26,ST13,C0384,P064,1,272.38,130.54,141.84,Marketplace
S04625,2023-08-09,ST07,C0050,P071,1,143.99,253.92,-109.93,Retail Store
S04626,2025-03-31,ST09,C0223,P020,1,631.38,218.7,412.68,Online
S04627,2025-01-14,ST02,C0431,P057,1,552.34,34.16,518.18,Marketplace
S04628,2024-07-15,ST05,C0417,P012,1,457.21,157.89,299.32,Marketplace
S04629,2023-06-26,ST13,C0087,P078,2,191.81,433.1,-241.29,Marketplace
S04630,2025-07-15,ST03,C0057,P016,2,1403.94,258.12,1145.82,Mobile App
S04631,2025-01-28,ST04,C0238,P013,4,1151.02,311.36,839.66,Mobile App
S04632,2024-11-18,ST03,C0410,P063,1,757.65,112.47,645.18,Mobile App
S04633,2025-07-11,ST13,C0099,P078,1,90.86,216.55,-125.69,Marketplace
S04634,2023-04-21,ST15,C0098,P083,2,1059.7,333.94,725.76,Online
S04635,2024-09-18,ST09,C0029,P010,1,735.65,290.1,445.55,Mobile App
S04636,2024-04-14,ST05,C0024,P056,1,698.66,278.46,420.2,Retail Store
S04637,2023-02-26,ST06,C0203,P064,3,817.15,391.62,425.53,Mobile App
S04638,2023-11-17,ST08,C0231,P009,4,1617.19,1132.2,484.99,Mobile App
S04639,2023-08-06,ST04,C0072,P069,1,713.43,160.09,553.34,Marketplace
S04640,2023-03-04,ST07,C0274,P043,3,2202.88,1158.27,1044.61,Marketplace
S04641,2025-06-02,ST03,C0419,P006,2,581.85,77.8,504.05,Retail Store
S04642,2023-02-18,ST07,C0400,P011,3,1966.64,759.66,1206.98,Retail Store
S04643,2024-12-23,ST13,C0244,P033,5,3525.59,1468.0,2057.59,Online
S04644,2024-10-29,ST11,C0299,P053,1,209.37,175.88,33.49,Marketplace
S04645,2024-07-17,ST06,C0031,P072,2,1526.74,470.28,1056.46,Marketplace
S04646,2023-03-21,ST12,C0173,P030,2,1248.43,616.1,632.33,Retail Store
S04647,2024-03-15,ST01,C0126,P042,1,256.0,140.98,115.02,Online
S04648,2023-05-05,ST07,C0271,P085,2,1615.9,436.48,1179.42,Marketplace
S04649,2023-06-02,ST06,C0085,P060,4,1869.56,553.0,1316.56,Online
S04650,2024-04-11,ST11,C0034,P073,2,1560.47,753.62,806.85,Marketplace
S04651,2024-05-19,ST09,C0218,P079,1,682.05,180.26,501.79,Retail Store
S04652,2023-01-20,ST07,C0432,P019,1,108.34,335.58,-227.24,Online
S04653,2024-06-05,ST12,C0009,P076,3,1713.4,434.31,1279.09,Marketplace
S04654,2024-03-10,ST11,C0434,P076,3,1914.97,434.31,1480.66,Online
S04655,2024-07-21,ST04,C0271,P084,2,1443.47,781.16,662.31,Mobile App
S04656,2025-08-20,ST03,C0366,P006,1,307.09,38.9,268.19,Mobile App
S04657,2024-01-25,ST13,C0420,P023,2,401.51,510.0,-108.49,Mobile App
S04658,2023-02-21,ST15,C0340,P005,2,1127.92,561.38,566.54,Online
S04659,2025-03-16,ST04,C0185,P081,1,215.28,42.77,172.51,Mobile App
S04660,2023-11-22,ST08,C0164,P037,1,759.23,385.8,373.43,Online
S04661,2024-03-12,ST02,C0165,P027,1,571.12,203.1,368.02,Marketplace
S04662,2024-08-19,ST08,C0256,P005,1,563.96,280.69,283.27,Marketplace
S04663,2025-02-07,ST04,C0233,P051,3,2219.86,1149.42,1070.44,Marketplace
S04664,2024-12-08,ST15,C0361,P070,2,178.6,289.44,-110.84,Marketplace
S04665,2024-09-30,ST15,C0309,P014,1,88.92,86.92,2.0,Retail Store
S04666,2025-03-21,ST01,C0095,P025,1,700.39,266.96,433.43,Online
S04667,2024-04-09,ST13,C0396,P030,2,1314.14,616.1,698.04,Marketplace
S04668,2023-10-05,ST08,C0428,P063,1,797.53,112.47,685.06,Online
S04669,2024-08-20,ST07,C0348,P062,1,275.63,91.36,184.27,Online
S04670,2024-08-30,ST04,C0082,P029,1,282.63,116.97,165.66,Retail Store
S04671,2023-02-25,ST11,C0173,P060,4,1682.6,553.0,1129.6,Retail Store
S04672,2023-06-06,ST09,C0417,P072,1,803.55,235.14,568.41,Mobile App
S04673,2025-04-24,ST08,C0447,P042,1,242.52,140.98,101.54,Mobile App
S04674,2023-04-14,ST07,C0227,P034,1,476.3,314.94,161.36,Marketplace
S04675,2023-05-01,ST10,C0381,P013,1,302.9,77.84,225.06,Retail Store
S04676,2023-09-29,ST03,C0312,P054,1,261.12,278.44,-17.32,Retail Store
S04677,2025-04-10,ST09,C0331,P079,2,1435.9,360.52,1075.38,Retail Store
S04678,2025-02-08,ST05,C0074,P077,1,272.18,391.83,-119.65,Retail Store
S04679,2025-08-19,ST10,C0158,P001,4,2543.65,1273.0,1270.65,Marketplace
S04680,2023-12-13,ST01,C0377,P083,1,450.37,166.97,283.4,Online
S04681,2024-12-18,ST02,C0353,P056,1,739.76,278.46,461.3,Online
S04682,2024-06-21,ST08,C0085,P021,2,968.32,698.1,270.22,Retail Store
S04683,2024-06-04,ST02,C0207,P023,1,212.56,255.0,-42.44,Marketplace
S04684,2023-04-10,ST04,C0180,P074,2,330.81,700.02,-369.21,Online
S04685,2025-07-04,ST06,C0319,P024,1,828.99,153.67,675.32,Marketplace
S04686,2025-07-30,ST07,C0133,P085,1,807.95,218.24,589.71,Retail Store
S04687,2024-02-25,ST06,C0447,P012,5,2171.75,789.45,1382.3,Retail Store
S04688,2024-04-24,ST01,C0224,P051,2,1479.91,766.28,713.63,Online
S04689,2024-09-06,ST11,C0291,P069,5,3032.08,800.45,2231.63,Marketplace
S04690,2024-10-28,ST14,C0263,P042,3,808.41,422.94,385.47,Retail Store
S04691,2025-07-20,ST15,C0264,P076,2,1343.84,289.54,1054.3,Marketplace
S04692,2024-11-18,ST05,C0336,P054,1,261.12,278.44,-17.32,Marketplace
S04693,2024-01-31,ST13,C0009,P048,2,619.31,309.0,310.31,Marketplace
S04694,2023-08-25,ST08,C0201,P047,2,1418.04,237.34,1180.7,Mobile App
S04695,2025-08-24,ST02,C0189,P059,2,251.08,490.46,-239.38,Retail Store
S04696,2023-07-14,ST03,C0184,P037,3,2530.77,1157.4,1373.37,Mobile App
S04697,2023-04-02,ST05,C0418,P009,2,763.67,566.1,197.57,Retail Store
S04698,2024-08-03,ST01,C0370,P083,1,450.37,166.97,283.4,Retail Store
S04699,2025-08-12,ST14,C0166,P081,1,215.28,42.77,172.51,Retail Store
S04700,2023-12-23,ST01,C0022,P037,2,1602.82,771.6,831.22,Mobile App
S04701,2023-12-09,ST14,C0054,P034,2,952.6,629.88,322.72,Retail Store
S04702,2025-03-06,ST10,C0217,P060,3,1402.17,414.75,987.42,Mobile App
S04703,2024-12-25,ST13,C0284,P008,1,692.61,380.57,312.04,Marketplace
S04704,2025-01-02,ST01,C0017,P082,2,1288.8,273.46,1015.34,Mobile App
S04705,2023-04-11,ST12,C0217,P066,1,149.21,94.05,55.16,Online
S04706,2024-08-03,ST14,C0376,P027,1,634.58,203.1,431.48,Marketplace
S04707,2024-08-15,ST01,C0073,P078,2,181.71,433.1,-251.39,Online
S04708,2023-08-01,ST08,C0014,P069,1,642.09,160.09,482.0,Marketplace
S04709,2025-06-08,ST03,C0255,P080,1,137.48,303.66,-166.18,Retail Store
S04710,2024-05-08,ST05,C0193,P008,3,2077.83,1141.71,936.12,Mobile App
S04711,2023-03-28,ST03,C0266,P020,1,742.8,218.7,524.1,Marketplace
S04712,2025-03-27,ST02,C0301,P030,2,1182.73,616.1,566.63,Online
S04713,2023-07-25,ST14,C0261,P070,1,84.34,144.72,-60.38,Marketplace
S04714,2025-04-09,ST03,C0164,P003,2,1092.01,224.04,867.97,Marketplace
S04715,2024-11-22,ST08,C0102,P065,2,1054.16,287.28,766.88,Mobile App
S04716,2024-09-22,ST09,C0423,P034,2,1008.63,629.88,378.75,Marketplace
S04717,2025-05-13,ST05,C0049,P074,4,696.44,1400.04,-703.6,Mobile App
S04718,2023-02-22,ST03,C0158,P043,3,2202.88,1158.27,1044.61,Mobile App
S04719,2024-05-31,ST10,C0347,P045,1,347.26,127.08,220.18,Online
S04720,2025-07-11,ST15,C0426,P089,1,566.51,227.16,339.35,Mobile App
S04721,2024-11-09,ST04,C0122,P087,3,1962.58,751.41,1211.17,Marketplace
S04722,2023-04-21,ST11,C0166,P052,2,697.54,129.02,568.52,Mobile App
S04723,2023-07-21,ST05,C0073,P072,1,803.55,235.14,568.41,Online
S04724,2025-03-12,ST06,C0050,P034,2,952.6,629.88,322.72,Mobile App
S04725,2024-05-01,ST10,C0108,P072,2,1607.1,470.28,1136.82,Marketplace
S04726,2024-02-19,ST06,C0026,P052,1,368.14,64.51,303.63,Online
S04727,2024-04-25,ST09,C0373,P057,1,581.41,34.16,547.25,Retail Store
S04728,2023-07-03,ST06,C0292,P042,5,1347.35,704.9,642.45,Marketplace
S04729,2024-10-26,ST03,C0218,P013,1,272.61,77.84,194.77,Mobile App
S04730,2023-06-17,ST05,C0250,P038,1,490.65,397.37,93.28,Retail Store
S04731,2024-01-14,ST14,C0245,P048,1,292.45,154.5,137.95,Mobile App
S04732,2025-02-19,ST15,C0265,P084,2,1523.67,781.16,742.51,Online
S04733,2024-11-03,ST06,C0435,P080,3,485.22,910.98,-425.76,Mobile App
S04734,2024-02-15,ST13,C0212,P079,4,2584.62,721.04,1863.58,Online
S04735,2023-04-28,ST07,C0300,P049,4,2590.76,947.16,1643.6,Retail Store
S04736,2025-03-25,ST13,C0100,P023,1,200.75,255.0,-54.25,Retail Store
S04737,2023-03-16,ST09,C0024,P043,4,3091.76,1544.36,1547.4,Online
S04738,2024-08-20,ST05,C0009,P041,2,139.72,66.92,72.8,Mobile App
S04739,2024-05-27,ST11,C0392,P068,2,877.65,753.98,123.67,Online
S04740,2023-09-18,ST09,C0339,P081,3,581.26,128.31,452.95,Online
S04741,2023-02-05,ST02,C0063,P044,2,743.41,425.2,318.21,Retail Store
S04742,2025-04-04,ST11,C0434,P027,1,602.85,203.1,399.75,Online
S04743,2023-10-30,ST14,C0410,P058,2,1210.13,266.98,943.15,Marketplace
S04744,2024-08-08,ST09,C0263,P031,1,119.78,286.24,-166.46,Marketplace
S04745,2023-02-24,ST04,C0180,P070,1,99.22,144.72,-45.5,Online
S04746,2024-04-08,ST11,C0182,P045,2,735.37,254.16,481.21,Mobile App
S04747,2023-06-08,ST03,C0318,P022,2,584.41,451.32,133.09,Marketplace
S04748,2023-12-14,ST04,C0092,P069,2,1284.17,320.18,963.99,Retail Store
S04749,2023-10-15,ST02,C0412,P031,5,598.88,1431.2,-832.32,Online
S04750,2024-05-16,ST01,C0068,P040,2,1284.32,198.02,1086.3,Online
S04751,2023-11-20,ST13,C0316,P040,3,2027.88,297.03,1730.85,Marketplace
S04752,2023-08-07,ST05,C0270,P056,1,698.66,278.46,420.2,Mobile App
S04753,2024-11-07,ST01,C0014,P079,4,2871.8,721.04,2150.76,Marketplace
S04754,2025-05-29,ST11,C0022,P087,2,1539.28,500.94,1038.34,Online
S04755,2025-03-09,ST15,C0313,P024,3,2238.27,461.01,1777.26,Online
S04756,2023-08-17,ST14,C0355,P015,1,791.07,139.34,651.73,Mobile App
S04757,2024-08-04,ST07,C0357,P049,3,1943.07,710.37,1232.7,Mobile App
S04758,2024-07-24,ST09,C0427,P024,5,4144.95,768.35,3376.6,Mobile App
S04759,2025-01-08,ST07,C0324,P014,1,93.86,86.92,6.94,Marketplace
S04760,2023-05-01,ST11,C0115,P043,3,2318.82,1158.27,1160.55,Retail Store
S04761,2024-04-13,ST09,C0097,P079,1,682.05,180.26,501.79,Mobile App
S04762,2023-09-28,ST08,C0157,P004,1,305.99,233.76,72.23,Mobile App
S04763,2024-12-13,ST03,C0185,P012,3,1303.05,473.67,829.38,Marketplace
S04764,2024-08-10,ST09,C0093,P050,1,447.35,164.87,282.48,Mobile App
S04765,2023-05-30,ST04,C0184,P020,1,742.8,218.7,524.1,Online
S04766,2025-06-05,ST08,C0209,P012,2,914.42,315.78,598.64,Retail Store
S04767,2025-01-26,ST07,C0231,P039,2,101.5,747.7,-646.2,Marketplace
S04768,2025-05-17,ST04,C0333,P070,4,337.35,578.88,-241.53,Retail Store
S04769,2023-04-13,ST04,C0258,P011,2,1311.09,506.44,804.65,Mobile App
S04770,2025-02-25,ST04,C0030,P036,3,1991.07,1071.27,919.8,Retail Store
S04771,2023-03-09,ST04,C0027,P013,1,287.75,77.84,209.91,Retail Store
S04772,2024-08-06,ST13,C0092,P024,2,1575.08,307.34,1267.74,Mobile App
S04773,2024-12-20,ST12,C0029,P077,1,257.86,391.83,-133.97,Retail Store
S04774,2023-11-10,ST12,C0285,P068,5,2078.64,1884.95,193.69,Online
S04775,2025-05-06,ST11,C0110,P017,1,492.22,265.06,227.16,Online
S04776,2023-03-06,ST04,C0115,P007,3,158.33,1064.4,-906.07,Marketplace
S04777,2024-12-20,ST04,C0281,P075,1,508.53,89.53,419.0,Retail Store
S04778,2025-08-12,ST13,C0214,P050,2,1052.58,329.74,722.84,Online
S04779,2025-07-12,ST11,C0419,P050,1,447.35,164.87,282.48,Retail Store
S04780,2023-09-05,ST12,C0322,P015,2,1415.61,278.68,1136.93,Online
S04781,2024-04-25,ST10,C0158,P084,3,2405.79,1171.74,1234.05,Online
S04782,2024-02-14,ST15,C0382,P071,4,575.96,1015.68,-439.72,Online
S04783,2023-06-24,ST08,C0165,P043,2,1468.59,772.18,696.41,Mobile App
S04784,2025-06-28,ST11,C0172,P040,2,1216.73,198.02,1018.71,Online
S04785,2025-03-07,ST04,C0275,P048,1,326.86,154.5,172.36,Mobile App
S04786,2025-08-22,ST12,C0031,P010,4,3097.48,1160.4,1937.08,Online
S04787,2024-11-18,ST09,C0237,P056,2,1397.32,556.92,840.4,Marketplace
S04788,2024-01-30,ST14,C0217,P077,1,257.86,391.83,-133.97,Retail Store
S04789,2023-02-06,ST01,C0122,P016,1,701.97,129.06,572.91,Mobile App
S04790,2024-11-08,ST05,C0154,P037,2,1687.18,771.6,915.58,Retail Store
S04791,2024-01-20,ST15,C0288,P040,4,2433.46,396.04,2037.42,Retail Store
S04792,2024-07-10,ST08,C0114,P055,1,652.58,244.81,407.77,Marketplace
S04793,2023-09-12,ST05,C0374,P009,3,1280.28,849.15,431.13,Retail Store
S04794,2023-09-09,ST10,C0162,P050,2,1052.58,329.74,722.84,Marketplace
S04795,2025-03-13,ST14,C0116,P080,3,485.22,910.98,-425.76,Retail Store
S04796,2024-12-04,ST11,C0409,P028,1,554.16,299.43,254.73,Retail Store
S04797,2024-06-23,ST13,C0368,P043,1,695.65,386.09,309.56,Retail Store
S04798,2023-11-06,ST10,C0392,P056,4,2794.63,1113.84,1680.79,Mobile App
S04799,2023-04-02,ST15,C0289,P029,1,282.63,116.97,165.66,Mobile App
S04800,2024-01-15,ST07,C0288,P050,1,473.66,164.87,308.79,Mobile App
S04801,2025-01-25,ST11,C0280,P084,3,2285.5,1171.74,1113.76,Marketplace
S04802,2024-08-09,ST07,C0266,P043,1,772.94,386.09,386.85,Retail Store
S04803,2023-01-09,ST06,C0252,P068,1,438.82,376.99,61.83,Retail Store
S04804,2025-01-20,ST13,C0221,P082,1,680.2,136.73,543.47,Marketplace
S04805,2024-04-02,ST03,C0364,P001,1,706.57,318.25,388.32,Mobile App
S04806,2024-01-25,ST06,C0285,P043,1,772.94,386.09,386.85,Marketplace
S04807,2024-10-05,ST02,C0399,P064,2,573.44,261.08,312.36,Retail Store
S04808,2023-11-25,ST15,C0180,P084,3,2044.92,1171.74,873.18,Marketplace
S04809,2025-07-21,ST14,C0056,P055,2,1232.65,489.62,743.03,Retail Store
S04810,2023-02-14,ST11,C0188,P015,1,791.07,139.34,651.73,Retail Store
S04811,2024-07-25,ST05,C0098,P027,1,634.58,203.1,431.48,Online
S04812,2024-11-07,ST12,C0370,P026,1,108.36,192.38,-84.02,Mobile App
S04813,2023-10-25,ST14,C0347,P007,2,117.28,709.6,-592.32,Online
S04814,2025-05-08,ST11,C0430,P061,1,259.89,396.5,-136.61,Marketplace
S04815,2024-07-17,ST14,C0351,P086,3,1643.25,501.81,1141.44,Marketplace
S04816,2024-03-28,ST07,C0412,P039,1,50.75,373.85,-323.1,Online
S04817,2024-09-04,ST07,C0311,P067,4,2564.2,1215.6,1348.6,Retail Store
S04818,2025-06-08,ST13,C0100,P007,4,234.56,1419.2,-1184.64,Retail Store
S04819,2023-02-01,ST15,C0203,P049,2,1295.38,473.58,821.8,Retail Store
S04820,2025-08-16,ST13,C0430,P081,1,193.75,42.77,150.98,Marketplace
S04821,2024-08-17,ST03,C0352,P015,1,832.71,139.34,693.37,Retail Store
S04822,2025-04-22,ST05,C0364,P039,1,56.39,373.85,-317.46,Mobile App
S04823,2024-11-14,ST07,C0196,P016,1,701.97,129.06,572.91,Marketplace
S04824,2024-03-24,ST14,C0306,P022,3,827.91,676.98,150.93,Mobile App
S04825,2024-09-10,ST13,C0099,P044,2,830.87,425.2,405.67,Mobile App
S04826,2025-05-17,ST07,C0178,P063,4,2711.6,449.88,2261.72,Online
S04827,2023-11-16,ST09,C0422,P038,2,981.3,794.74,186.56,Online
S04828,2025-07-09,ST14,C0245,P058,1,541.37,133.49,407.88,Online
S04829,2025-06-19,ST05,C0269,P034,4,2241.4,1259.76,981.64,Online
S04830,2024-02-12,ST07,C0100,P028,4,2216.64,1197.72,1018.92,Mobile App
S04831,2024-05-09,ST01,C0294,P066,1,175.54,94.05,81.49,Retail Store
S04832,2023-03-06,ST01,C0305,P013,3,772.39,233.52,538.87,Online
S04833,2023-07-20,ST13,C0243,P072,1,723.19,235.14,488.05,Retail Store
S04834,2025-07-25,ST13,C0339,P081,1,204.52,42.77,161.75,Marketplace
S04835,2024-04-02,ST03,C0107,P025,5,4119.95,1334.8,2785.15,Retail Store
S04836,2025-06-28,ST12,C0205,P086,2,1153.16,334.54,818.62,Online
S04837,2024-03-16,ST06,C0313,P074,1,174.11,350.01,-175.9,Mobile App
S04838,2024-04-10,ST04,C0004,P014,4,375.44,347.68,27.76,Mobile App
S04839,2023-05-13,ST12,C0355,P045,1,388.11,127.08,261.03,Retail Store
S04840,2024-04-10,ST15,C0135,P014,2,187.72,173.84,13.88,Online
S04841,2023-08-09,ST13,C0347,P008,2,1246.7,761.14,485.56,Online
S04842,2023-10-13,ST03,C0016,P007,1,58.64,354.8,-296.16,Retail Store
S04843,2023-01-11,ST08,C0344,P007,3,158.33,1064.4,-906.07,Online
S04844,2025-06-14,ST11,C0338,P062,1,275.63,91.36,184.27,Mobile App
S04845,2023-10-25,ST01,C0189,P048,1,326.86,154.5,172.36,Mobile App
S04846,2024-09-24,ST03,C0392,P051,1,822.17,383.14,439.03,Retail Store
S04847,2024-09-20,ST07,C0099,P087,1,654.19,250.47,403.72,Mobile App
S04848,2024-12-16,ST06,C0367,P061,1,288.77,396.5,-107.73,Retail Store
S04849,2025-07-08,ST10,C0092,P083,1,450.37,166.97,283.4,Retail Store
S04850,2023-04-02,ST01,C0325,P024,1,828.99,153.67,675.32,Retail Store
S04851,2024-08-23,ST04,C0037,P021,1,484.16,349.05,135.11,Marketplace
S04852,2025-05-05,ST01,C0361,P036,1,780.81,357.09,423.72,Retail Store
S04853,2025-03-27,ST03,C0214,P051,3,2096.53,1149.42,947.11,Online
S04854,2023-08-12,ST11,C0294,P057,2,1162.82,68.32,1094.5,Retail Store
S04855,2025-02-26,ST13,C0048,P070,2,188.52,289.44,-100.92,Mobile App
S04856,2024-02-05,ST08,C0017,P046,1,404.51,349.48,55.03,Marketplace
S04857,2025-06-06,ST12,C0404,P013,3,908.7,233.52,675.18,Retail Store
S04858,2023-06-29,ST09,C0168,P068,4,1755.3,1507.96,247.34,Retail Store
S04859,2023-08-17,ST02,C0028,P087,4,2770.7,1001.88,1768.82,Marketplace
S04860,2023-11-01,ST15,C0088,P074,1,174.11,350.01,-175.9,Retail Store
S04861,2025-05-27,ST15,C0081,P060,1,420.65,138.25,282.4,Retail Store
S04862,2023-04-02,ST01,C0376,P080,2,274.96,607.32,-332.36,Mobile App
S04863,2024-06-13,ST14,C0175,P019,1,102.32,335.58,-233.26,Mobile App
S04864,2024-09-23,ST01,C0102,P053,1,187.33,175.88,11.45,Marketplace
S04865,2023-10-29,ST10,C0224,P040,3,1825.09,297.03,1528.06,Online
S04866,2023-09-19,ST04,C0435,P037,1,801.41,385.8,415.61,Retail Store
S04867,2023-10-16,ST10,C0136,P031,1,107.17,286.24,-179.07,Online
S04868,2025-08-03,ST05,C0184,P043,3,1971.0,1158.27,812.73,Mobile App
S04869,2025-04-29,ST14,C0190,P074,2,348.22,700.02,-351.8,Online
S04870,2023-09-21,ST12,C0221,P012,1,411.49,157.89,253.6,Online
S04871,2024-10-13,ST12,C0360,P017,1,518.13,265.06,253.07,Mobile App
S04872,2024-10-12,ST13,C0092,P004,2,577.98,467.52,110.46,Marketplace
S04873,2023-06-03,ST06,C0338,P076,1,604.73,144.77,459.96,Online
S04874,2023-09-29,ST13,C0123,P055,1,652.58,244.81,407.77,Mobile App
S04875,2025-02-25,ST06,C0292,P078,1,100.95,216.55,-115.6,Online
S04876,2025-01-03,ST12,C0386,P035,2,1484.01,545.38,938.63,Marketplace
S04877,2023-01-08,ST13,C0302,P071,1,129.59,253.92,-124.33,Marketplace
S04878,2024-08-07,ST13,C0356,P049,1,647.69,236.79,410.9,Online
S04879,2024-03-03,ST08,C0043,P053,3,661.17,527.64,133.53,Marketplace
S04880,2023-12-08,ST07,C0364,P073,1,780.23,376.81,403.42,Mobile App
S04881,2025-05-20,ST04,C0323,P008,2,1315.96,761.14,554.82,Marketplace
S04882,2023-03-30,ST13,C0235,P066,3,500.29,282.15,218.14,Online
S04883,2024-10-12,ST03,C0040,P079,1,610.26,180.26,430.0,Online
S04884,2024-05-15,ST04,C0150,P003,1,606.67,112.02,494.65,Retail Store
S04885,2024-10-01,ST04,C0354,P087,1,769.64,250.47,519.17,Retail Store
S04886,2025-08-11,ST02,C0396,P019,2,228.72,671.16,-442.44,Mobile App
S04887,2024-02-10,ST02,C0019,P006,2,581.85,77.8,504.05,Online
S04888,2023-09-24,ST14,C0167,P018,6,3719.25,1884.78,1834.47,Marketplace
S04889,2024-08-19,ST02,C0139,P084,3,2044.92,1171.74,873.18,Marketplace
S04890,2024-07-14,ST10,C0078,P034,2,1064.66,629.88,434.78,Retail Store
S04891,2023-04-11,ST11,C0144,P049,5,3238.45,1183.95,2054.5,Marketplace
S04892,2024-04-26,ST06,C0392,P067,1,544.89,303.9,240.99,Retail Store
S04893,2023-07-07,ST07,C0323,P085,1,686.76,218.24,468.52,Mobile App
S04894,2024-06-08,ST11,C0154,P031,1,107.17,286.24,-179.07,Mobile App
S04895,2024-11-18,ST08,C0438,P078,3,257.42,649.65,-392.23,Mobile App
S04896,2025-05-23,ST03,C0394,P067,1,641.05,303.9,337.15,Online
S04897,2024-03-30,ST02,C0241,P039,1,56.39,373.85,-317.46,Mobile App
S04898,2023-11-08,ST11,C0065,P056,1,739.76,278.46,461.3,Marketplace
S04899,2025-03-19,ST01,C0426,P019,1,102.32,335.58,-233.26,Retail Store
S04900,2023-05-11,ST10,C0332,P059,1,132.52,245.23,-112.71,Online
S04901,2025-03-27,ST04,C0190,P041,1,59.38,33.46,25.92,Retail Store
S04902,2025-08-21,ST07,C0203,P002,1,513.22,197.54,315.68,Retail Store
S04903,2024-10-27,ST13,C0284,P023,1,236.18,255.0,-18.82,Marketplace
S04904,2024-08-29,ST04,C0063,P036,2,1561.62,714.18,847.44,Retail Store
S04905,2024-05-09,ST11,C0357,P073,2,1478.34,753.62,724.72,Online
S04906,2025-03-13,ST06,C0399,P082,2,1217.2,273.46,943.74,Marketplace
S04907,2024-01-11,ST14,C0079,P074,1,174.11,350.01,-175.9,Online
S04908,2023-03-16,ST10,C0169,P080,1,161.74,303.66,-141.92,Marketplace
S04909,2025-05-27,ST04,C0429,P002,1,484.7,197.54,287.16,Retail Store
S04910,2025-01-28,ST03,C0330,P047,1,709.02,118.67,590.35,Mobile App
S04911,2023-01-27,ST12,C0191,P018,1,619.88,314.13,305.75,Mobile App
S04912,2023-07-14,ST03,C0314,P015,1,832.71,139.34,693.37,Retail Store
S04913,2024-01-08,ST13,C0101,P041,2,132.73,66.92,65.81,Marketplace
S04914,2024-08-22,ST02,C0315,P011,1,655.55,253.22,402.33,Marketplace
S04915,2023-06-26,ST15,C0235,P068,1,438.82,376.99,61.83,Online
S04916,2024-07-16,ST06,C0100,P058,2,1146.44,266.98,879.46,Online
S04917,2025-08-21,ST07,C0089,P027,2,1269.16,406.2,862.96,Retail Store
S04918,2023-02-04,ST08,C0094,P002,1,570.24,197.54,372.7,Online
S04919,2025-07-19,ST15,C0354,P016,1,666.87,129.06,537.81,Mobile App
S04920,2023-08-24,ST13,C0177,P021,1,484.16,349.05,135.11,Retail Store
S04921,2024-01-07,ST14,C0346,P015,3,2498.13,418.02,2080.11,Retail Store
S04922,2024-01-07,ST01,C0387,P077,1,286.51,391.83,-105.32,Mobile App
S04923,2024-07-21,ST15,C0321,P027,2,1142.24,406.2,736.04,Retail Store
S04924,2025-06-30,ST10,C0383,P085,4,2747.03,872.96,1874.07,Marketplace
S04925,2024-02-16,ST02,C0337,P087,3,2078.03,751.41,1326.62,Online
S04926,2023-06-18,ST15,C0092,P078,2,171.62,433.1,-261.48,Online
S04927,2023-06-13,ST11,C0068,P018,4,2341.75,1256.52,1085.23,Online
S04928,2023-12-04,ST07,C0152,P063,5,3987.65,562.35,3425.3,Online
S04929,2023-08-14,ST08,C0013,P022,1,324.67,225.66,99.01,Marketplace
S04930,2024-01-09,ST15,C0038,P027,1,539.39,203.1,336.29,Marketplace
S04931,2024-07-07,ST06,C0245,P009,1,404.3,283.05,121.25,Marketplace
S04932,2023-04-01,ST04,C0264,P024,3,2238.27,461.01,1777.26,Marketplace
S04933,2023-03-05,ST15,C0185,P064,3,774.14,391.62,382.52,Marketplace
S04934,2025-03-11,ST08,C0360,P029,3,763.1,350.91,412.19,Online
S04935,2025-01-31,ST13,C0103,P058,1,636.91,133.49,503.42,Mobile App
S04936,2023-07-06,ST03,C0239,P033,1,705.12,293.6,411.52,Retail Store
S04937,2024-10-20,ST10,C0270,P009,2,898.44,566.1,332.34,Mobile App
S04938,2025-03-24,ST10,C0364,P080,2,323.48,607.32,-283.84,Retail Store
S04939,2025-02-10,ST06,C0352,P072,1,723.19,235.14,488.05,Marketplace
S04940,2025-02-01,ST14,C0169,P015,2,1582.15,278.68,1303.47,Mobile App
S04941,2023-10-25,ST15,C0162,P025,1,823.99,266.96,557.03,Online
S04942,2023-09-30,ST12,C0347,P042,1,229.05,140.98,88.07,Online
S04943,2024-09-05,ST07,C0236,P008,1,623.35,380.57,242.78,Marketplace
S04944,2023-05-25,ST12,C0267,P077,2,487.07,783.66,-296.59,Marketplace
S04945,2023-01-03,ST03,C0132,P066,2,315.97,188.1,127.87,Mobile App
S04946,2024-02-18,ST05,C0404,P072,1,723.19,235.14,488.05,Marketplace
S04947,2023-06-22,ST04,C0066,P082,1,680.2,136.73,543.47,Mobile App
S04948,2024-12-25,ST13,C0203,P077,4,1146.04,1567.32,-421.28,Online
S04949,2023-09-20,ST08,C0279,P059,1,125.54,245.23,-119.69,Retail Store
S04950,2023-07-06,ST08,C0358,P067,1,641.05,303.9,337.15,Mobile App
S04951,2025-02-23,ST09,C0016,P062,2,612.52,182.72,429.8,Retail Store
S04952,2024-10-18,ST04,C0039,P075,4,1932.41,358.12,1574.29,Online
S04953,2024-06-08,ST10,C0074,P039,1,50.75,373.85,-323.1,Marketplace
S04954,2023-08-12,ST02,C0109,P040,2,1351.92,198.02,1153.9,Retail Store
S04955,2023-08-20,ST09,C0328,P065,2,1001.45,287.28,714.17,Retail Store
S04956,2023-07-23,ST02,C0078,P068,1,415.73,376.99,38.74,Mobile App
S04957,2023-12-27,ST14,C0025,P019,1,120.38,335.58,-215.2,Retail Store
S04958,2025-07-02,ST10,C0001,P078,1,85.81,216.55,-130.74,Marketplace
S04959,2024-12-18,ST09,C0345,P087,1,692.68,250.47,442.21,Marketplace
S04960,2024-01-06,ST13,C0276,P021,1,484.16,349.05,135.11,Mobile App
S04961,2025-05-28,ST11,C0271,P058,2,1273.82,266.98,1006.84,Retail Store
S04962,2023-09-05,ST01,C0448,P013,2,605.8,155.68,450.12,Mobile App
S04963,2023-02-06,ST05,C0032,P032,4,1175.99,1185.4,-9.41,Mobile App
S04964,2024-02-27,ST10,C0210,P062,4,1102.54,365.44,737.1,Online
S04965,2025-02-25,ST02,C0247,P077,3,773.58,1175.49,-401.91,Mobile App
S04966,2025-03-01,ST13,C0318,P063,1,677.9,112.47,565.43,Retail Store
S04967,2023-06-20,ST05,C0253,P080,1,161.74,303.66,-141.92,Online
S04968,2023-08-31,ST06,C0449,P032,1,345.88,296.35,49.53,Online
S04969,2024-06-30,ST04,C0062,P073,1,698.1,376.81,321.29,Online
S04970,2024-01-09,ST01,C0350,P084,4,3207.72,1562.32,1645.4,Online
S04971,2024-08-26,ST12,C0083,P075,1,432.25,89.53,342.72,Retail Store
S04972,2023-05-10,ST07,C0291,P039,2,101.5,747.7,-646.2,Online
S04973,2023-11-17,ST01,C0045,P028,1,498.74,299.43,199.31,Retail Store
S04974,2023-01-21,ST10,C0422,P002,1,513.22,197.54,315.68,Online
S04975,2023-09-19,ST10,C0186,P012,2,868.7,315.78,552.92,Retail Store
S04976,2023-11-27,ST07,C0266,P042,3,687.15,422.94,264.21,Retail Store
S04977,2025-03-21,ST06,C0316,P084,4,2886.95,1562.32,1324.63,Online
S04978,2024-07-16,ST13,C0391,P074,1,174.11,350.01,-175.9,Marketplace
S04979,2023-12-05,ST07,C0055,P044,1,437.3,212.6,224.7,Mobile App
S04980,2025-08-05,ST07,C0323,P069,2,1212.83,320.18,892.65,Retail Store
S04981,2025-04-09,ST01,C0314,P021,5,2178.72,1745.25,433.47,Mobile App
S04982,2024-09-08,ST09,C0092,P069,3,2140.29,480.27,1660.02,Retail Store
S04983,2025-06-29,ST06,C0114,P013,2,514.93,155.68,359.25,Retail Store
S04984,2025-02-24,ST02,C0204,P081,2,430.56,85.54,345.02,Marketplace
S04985,2025-08-20,ST01,C0251,P045,3,1164.34,381.24,783.1,Mobile App
S04986,2024-08-15,ST12,C0088,P071,1,122.39,253.92,-131.53,Online
S04987,2025-05-05,ST05,C0268,P079,1,646.16,180.26,465.9,Online
S04988,2025-06-15,ST02,C0005,P044,3,1180.71,637.8,542.91,Online
S04989,2025-03-31,ST14,C0346,P078,2,201.9,433.1,-231.2,Online
S04990,2025-04-22,ST02,C0221,P083,2,1006.72,333.94,672.78,Retail Store
S04991,2023-08-31,ST07,C0093,P059,1,125.54,245.23,-119.69,Marketplace
S04992,2024-02-20,ST03,C0211,P009,1,426.76,283.05,143.71,Marketplace
S04993,2025-05-29,ST14,C0194,P020,1,668.52,218.7,449.82,Mobile App
S04994,2025-04-30,ST14,C0274,P062,2,612.52,182.72,429.8,Marketplace
S04995,2024-02-15,ST13,C0236,P048,1,326.86,154.5,172.36,Mobile App
S04996,2023-11-14,ST03,C0012,P066,2,298.42,188.1,110.32,Online
S04997,2023-11-11,ST12,C0024,P036,1,780.81,357.09,423.72,Retail Store
S04998,2023-04-04,ST15,C0043,P005,1,479.37,280.69,198.68,Online
S04999,2025-04-18,ST08,C0372,P025,6,4943.94,1601.76,3342.18,Online
S05000,2024-01-29,ST10,C0201,P054,1,261.12,278.44,-17.32,Retail Store
S05001,2023-02-13,ST03,C0250,P047,3,1914.35,356.01,1558.34,Mobile App
S05002,2024-03-21,ST11,C0340,P021,5,2420.8,1745.25,675.55,Online
S05003,2025-02-19,ST11,C0177,P056,1,821.95,278.46,543.49,Mobile App
S05004,2024-05-23,ST15,C0291,P027,1,602.85,203.1,399.75,Online
S05005,2023-01-05,ST11,C0219,P043,1,657.0,386.09,270.91,Mobile App
S05006,2025-01-11,ST07,C0020,P003,1,576.34,112.02,464.32,Marketplace
S05007,2025-02-15,ST14,C0173,P010,2,1316.43,580.2,736.23,Mobile App
S05008,2023-11-28,ST09,C0175,P030,1,657.07,308.05,349.02,Mobile App
S05009,2023-05-13,ST02,C0434,P080,2,274.96,607.32,-332.36,Online
S05010,2024-05-09,ST15,C0106,P038,1,441.58,397.37,44.21,Marketplace
S05011,2024-03-19,ST11,C0354,P046,1,404.51,349.48,55.03,Retail Store
S05012,2025-06-28,ST07,C0441,P006,1,290.93,38.9,252.03,Online
S05013,2025-08-17,ST08,C0250,P022,1,324.67,225.66,99.01,Online
S05014,2024-12-20,ST03,C0006,P014,1,98.8,86.92,11.88,Marketplace
S05015,2024-08-17,ST12,C0126,P039,1,56.39,373.85,-317.46,Retail Store
S05016,2024-01-27,ST07,C0176,P008,1,588.72,380.57,208.15,Retail Store
S05017,2024-01-03,ST08,C0399,P016,1,701.97,129.06,572.91,Marketplace
S05018,2025-07-25,ST05,C0190,P035,1,783.23,272.69,510.54,Retail Store
S05019,2024-02-23,ST03,C0364,P013,1,287.75,77.84,209.91,Retail Store
S05020,2024-07-27,ST13,C0110,P058,2,1082.75,266.98,815.77,Mobile App
S05021,2024-08-17,ST08,C0331,P011,2,1465.34,506.44,958.9,Retail Store
S05022,2023-09-09,ST13,C0096,P085,1,807.95,218.24,589.71,Marketplace
S05023,2023-01-16,ST11,C0115,P070,1,99.22,144.72,-45.5,Retail Store
S05024,2024-11-12,ST06,C0295,P050,1,526.29,164.87,361.42,Online
S05025,2024-03-21,ST12,C0376,P047,1,602.67,118.67,484.0,Online
S05026,2025-04-10,ST11,C0088,P073,1,821.3,376.81,444.49,Retail Store
S05027,2024-09-17,ST04,C0029,P075,2,1017.06,179.06,838.0,Mobile App
S05028,2025-04-28,ST01,C0378,P008,1,623.35,380.57,242.78,Online
S05029,2025-04-23,ST11,C0389,P088,2,1673.1,604.28,1068.82,Online
S05030,2024-02-26,ST15,C0266,P014,2,177.84,173.84,4.0,Mobile App
S05031,2023-02-20,ST03,C0331,P038,2,883.17,794.74,88.43,Retail Store
S05032,2025-04-03,ST10,C0012,P023,5,1121.86,1275.0,-153.14,Mobile App
S05033,2024-08-27,ST05,C0233,P044,1,393.57,212.6,180.97,Online
S05034,2025-06-02,ST14,C0291,P080,1,161.74,303.66,-141.92,Mobile App
S05035,2023-03-20,ST04,C0369,P031,1,126.08,286.24,-160.16,Marketplace
S05036,2025-07-26,ST01,C0075,P072,1,723.19,235.14,488.05,Marketplace
S05037,2023-07-29,ST03,C0189,P067,1,576.94,303.9,273.04,Mobile App
S05038,2024-05-24,ST12,C0069,P032,4,1383.52,1185.4,198.12,Marketplace
S05039,2025-02-13,ST14,C0051,P083,2,1059.7,333.94,725.76,Mobile App
S05040,2025-07-14,ST10,C0388,P016,2,1403.94,258.12,1145.82,Marketplace
S05041,2025-06-26,ST04,C0098,P014,3,251.94,260.76,-8.82,Marketplace
S05042,2024-03-11,ST13,C0133,P085,2,1535.11,436.48,1098.63,Retail Store
S05043,2023-11-24,ST15,C0061,P021,1,459.95,349.05,110.9,Mobile App
S05044,2024-04-12,ST02,C0055,P031,2,239.55,572.48,-332.93,Marketplace
S05045,2023-12-15,ST08,C0315,P039,1,47.93,373.85,-325.92,Marketplace
S05046,2024-02-25,ST07,C0327,P089,1,633.16,227.16,406.0,Online
S05047,2023-11-13,ST04,C0054,P079,2,1435.9,360.52,1075.38,Marketplace
S05048,2024-09-26,ST06,C0148,P010,2,1471.3,580.2,891.1,Retail Store
S05049,2023-03-16,ST06,C0088,P077,2,544.37,783.66,-239.29,Retail Store
S05050,2024-12-09,ST05,C0119,P068,2,877.65,753.98,123.67,Retail Store
S05051,2024-02-15,ST02,C0289,P019,1,102.32,335.58,-233.26,Mobile App
S05052,2023-01-20,ST08,C0328,P070,2,198.44,289.44,-91.0,Mobile App
S05053,2023-04-04,ST04,C0221,P023,2,425.12,510.0,-84.88,Online
S05054,2024-04-23,ST03,C0140,P057,1,581.41,34.16,547.25,Mobile App
S05055,2023-10-12,ST04,C0162,P072,2,1366.03,470.28,895.75,Marketplace
S05056,2024-07-01,ST01,C0175,P031,2,252.16,572.48,-320.32,Online
S05057,2024-12-04,ST14,C0341,P088,4,3178.89,1208.56,1970.33,Mobile App
S05058,2023-06-25,ST01,C0433,P062,1,260.32,91.36,168.96,Marketplace
S05059,2023-10-04,ST07,C0232,P034,5,2661.66,1574.7,1086.96,Online
S05060,2023-07-21,ST09,C0205,P068,1,461.92,376.99,84.93,Mobile App
S05061,2025-07-28,ST05,C0082,P026,3,292.57,577.14,-284.57,Marketplace
S05062,2024-08-17,ST05,C0035,P012,2,914.42,315.78,598.64,Mobile App
S05063,2024-09-14,ST04,C0262,P029,1,282.63,116.97,165.66,Mobile App
S05064,2024-02-28,ST09,C0209,P004,3,866.97,701.28,165.69,Marketplace
S05065,2024-05-18,ST05,C0336,P087,1,731.16,250.47,480.69,Mobile App
S05066,2023-01-19,ST09,C0427,P055,2,1305.16,489.62,815.54,Retail Store
S05067,2025-08-08,ST10,C0142,P058,1,636.91,133.49,503.42,Mobile App
S05068,2025-06-20,ST10,C0082,P041,1,59.38,33.46,25.92,Retail Store
S05069,2023-11-12,ST08,C0047,P058,3,1624.12,400.47,1223.65,Marketplace
S05070,2025-06-03,ST03,C0105,P047,1,709.02,118.67,590.35,Marketplace
S05071,2024-09-20,ST10,C0002,P082,1,716.0,136.73,579.27,Retail Store
S05072,2025-01-30,ST08,C0402,P064,1,243.71,130.54,113.17,Marketplace
S05073,2024-02-02,ST10,C0148,P086,1,518.92,167.27,351.65,Mobile App
S05074,2024-11-19,ST06,C0379,P049,3,1651.61,710.37,941.24,Mobile App
S05075,2025-02-08,ST02,C0073,P078,2,191.81,433.1,-241.29,Marketplace
S05076,2023-08-12,ST06,C0276,P048,4,1238.62,618.0,620.62,Retail Store
S05077,2023-11-30,ST10,C0015,P033,1,630.9,293.6,337.3,Online
S05078,2023-02-14,ST11,C0142,P051,1,822.17,383.14,439.03,Marketplace
S05079,2025-03-13,ST01,C0335,P079,3,2153.85,540.78,1613.07,Mobile App
S05080,2024-12-30,ST13,C0161,P067,1,609.0,303.9,305.1,Online
S05081,2023-09-15,ST07,C0033,P045,1,408.54,127.08,281.46,Online
S05082,2023-06-23,ST06,C0430,P075,2,966.21,179.06,787.15,Retail Store
S05083,2024-06-29,ST10,C0232,P012,3,1303.05,473.67,829.38,Mobile App
S05084,2023-03-12,ST14,C0267,P073,1,698.1,376.81,321.29,Online
S05085,2025-03-19,ST08,C0099,P033,1,742.23,293.6,448.63,Online
S05086,2024-06-06,ST02,C0444,P037,2,1687.18,771.6,915.58,Mobile App
S05087,2023-06-13,ST15,C0260,P022,1,324.67,225.66,99.01,Mobile App
S05088,2023-11-19,ST12,C0212,P079,4,2871.8,721.04,2150.76,Online
S05089,2024-03-09,ST15,C0025,P008,4,2770.44,1522.28,1248.16,Marketplace
S05090,2023-10-20,ST08,C0061,P034,4,2241.4,1259.76,981.64,Marketplace
S05091,2023-02-02,ST14,C0129,P010,1,696.93,290.1,406.83,Marketplace
S05092,2023-05-07,ST10,C0015,P071,1,129.59,253.92,-124.33,Retail Store
S05093,2023-02-24,ST14,C0358,P024,5,4144.95,768.35,3376.6,Retail Store
S05094,2025-04-18,ST02,C0287,P046,1,475.9,349.48,126.42,Marketplace
S05095,2025-04-16,ST08,C0151,P007,1,49.84,354.8,-304.96,Online
S05096,2024-06-08,ST12,C0011,P017,1,518.13,265.06,253.07,Online
S05097,2025-04-27,ST07,C0080,P036,1,780.81,357.09,423.72,Marketplace
S05098,2025-08-30,ST07,C0093,P032,1,345.88,296.35,49.53,Mobile App
S05099,2024-02-21,ST12,C0224,P059,2,278.98,490.46,-211.48,Marketplace
S05100,2023-06-17,ST11,C0410,P077,2,573.02,783.66,-210.64,Marketplace
S05101,2024-01-02,ST12,C0354,P014,2,197.6,173.84,23.76,Retail Store
S05102,2025-03-19,ST14,C0113,P071,1,136.79,253.92,-117.13,Online
S05103,2024-05-15,ST02,C0143,P070,1,99.22,144.72,-45.5,Marketplace
S05104,2025-02-07,ST01,C0063,P029,2,508.73,233.94,274.79,Online
S05105,2024-09-04,ST13,C0049,P072,4,3053.49,940.56,2112.93,Retail Store
S05106,2025-01-10,ST01,C0399,P067,1,609.0,303.9,305.1,Marketplace
S05107,2023-08-31,ST08,C0243,P028,3,1662.48,898.29,764.19,Online
S05108,2024-09-21,ST01,C0025,P064,2,573.44,261.08,312.36,Retail Store
S05109,2024-07-11,ST11,C0015,P001,2,1342.48,636.5,705.98,Retail Store
S05110,2025-01-08,ST14,C0312,P075,2,864.5,179.06,685.44,Online
S05111,2024-02-01,ST03,C0381,P050,1,473.66,164.87,308.79,Marketplace
S05112,2024-06-28,ST14,C0213,P041,3,178.14,100.38,77.76,Retail Store
S05113,2023-02-20,ST09,C0075,P037,1,801.41,385.8,415.61,Retail Store
S05114,2024-01-10,ST09,C0273,P026,1,102.94,192.38,-89.44,Online
S05115,2023-11-11,ST15,C0242,P056,2,1643.9,556.92,1086.98,Marketplace
S05116,2023-12-08,ST04,C0164,P050,1,499.98,164.87,335.11,Marketplace
S05117,2023-01-19,ST04,C0265,P030,1,624.22,308.05,316.17,Online
S05118,2025-03-28,ST13,C0055,P084,1,761.83,390.58,371.25,Retail Store
S05119,2023-01-22,ST01,C0329,P068,1,438.82,376.99,61.83,Marketplace
S05120,2023-03-19,ST09,C0264,P014,2,197.6,173.84,23.76,Retail Store
S05121,2025-01-13,ST12,C0363,P030,1,657.07,308.05,349.02,Retail Store
S05122,2024-03-03,ST13,C0041,P014,2,197.6,173.84,23.76,Marketplace
S05123,2024-07-16,ST01,C0254,P034,1,532.33,314.94,217.39,Mobile App
S05124,2024-08-07,ST10,C0344,P008,3,1766.16,1141.71,624.45,Mobile App
S05125,2023-03-23,ST07,C0373,P081,2,387.5,85.54,301.96,Retail Store
S05126,2025-02-23,ST03,C0377,P049,2,1295.38,473.58,821.8,Mobile App
S05127,2024-09-23,ST07,C0129,P033,1,705.12,293.6,411.52,Marketplace
S05128,2023-01-02,ST08,C0391,P078,3,272.57,649.65,-377.08,Retail Store
S05129,2023-10-14,ST08,C0163,P070,1,94.26,144.72,-50.46,Online
S05130,2025-06-14,ST07,C0224,P065,3,1581.24,430.92,1150.32,Mobile App
S05131,2025-04-16,ST13,C0088,P007,1,49.84,354.8,-304.96,Mobile App
S05132,2023-05-24,ST09,C0045,P042,3,808.41,422.94,385.47,Mobile App
S05133,2025-04-24,ST02,C0264,P031,3,378.24,858.72,-480.48,Mobile App
S05134,2024-11-19,ST11,C0288,P032,1,345.88,296.35,49.53,Retail Store
S05135,2024-03-23,ST02,C0139,P014,1,98.8,86.92,11.88,Retail Store
S05136,2024-05-25,ST06,C0354,P077,1,257.86,391.83,-133.97,Online
S05137,2025-01-08,ST05,C0436,P075,1,508.53,89.53,419.0,Marketplace
S05138,2023-02-17,ST12,C0163,P052,3,1162.56,193.53,969.03,Retail Store
S05139,2023-07-30,ST09,C0134,P085,4,3231.8,872.96,2358.84,Marketplace
S05140,2023-11-15,ST02,C0071,P089,2,1266.31,454.32,811.99,Mobile App
S05141,2023-05-23,ST04,C0390,P006,1,274.76,38.9,235.86,Marketplace
S05142,2025-07-08,ST01,C0365,P065,2,1054.16,287.28,766.88,Retail Store
S05143,2024-12-28,ST03,C0285,P053,2,440.78,351.76,89.02,Marketplace
S05144,2023-07-29,ST14,C0019,P033,2,1336.01,587.2,748.81,Mobile App
S05145,2023-10-23,ST12,C0080,P073,1,821.3,376.81,444.49,Retail Store
S05146,2023-10-01,ST13,C0128,P058,1,605.06,133.49,471.57,Mobile App
S05147,2024-09-03,ST01,C0066,P051,2,1644.34,766.28,878.06,Online
S05148,2023-09-09,ST10,C0129,P075,1,483.1,89.53,393.57,Mobile App
S05149,2024-05-09,ST11,C0100,P013,1,302.9,77.84,225.06,Mobile App
S05150,2024-08-04,ST11,C0327,P086,1,490.09,167.27,322.82,Mobile App
S05151,2024-12-28,ST12,C0322,P062,1,306.26,91.36,214.9,Marketplace
S05152,2024-11-30,ST08,C0362,P009,1,449.22,283.05,166.17,Retail Store
S05153,2023-08-15,ST02,C0094,P086,4,2191.0,669.08,1521.92,Marketplace
S05154,2024-06-06,ST04,C0054,P004,2,577.98,467.52,110.46,Mobile App
S05155,2024-10-18,ST06,C0208,P061,2,490.91,793.0,-302.09,Mobile App
S05156,2023-05-27,ST07,C0236,P045,3,1225.62,381.24,844.38,Retail Store
S05157,2023-08-05,ST11,C0023,P081,1,204.52,42.77,161.75,Online
S05158,2024-03-03,ST09,C0222,P004,4,1359.96,935.04,424.92,Retail Store
S05159,2024-02-15,ST14,C0302,P054,1,235.01,278.44,-43.43,Retail Store
S05160,2024-04-08,ST14,C0282,P025,4,2966.36,1067.84,1898.52,Online
S05161,2025-03-30,ST11,C0370,P087,1,731.16,250.47,480.69,Online
S05162,2025-05-27,ST08,C0402,P042,2,538.94,281.96,256.98,Retail Store
S05163,2024-03-12,ST03,C0368,P003,2,1213.34,224.04,989.3,Mobile App
S05164,2023-08-02,ST12,C0235,P057,1,581.41,34.16,547.25,Mobile App
S05165,2023-05-01,ST03,C0370,P061,1,245.45,396.5,-151.05,Retail Store
S05166,2024-03-10,ST13,C0099,P021,1,411.54,349.05,62.49,Retail Store
S05167,2023-09-30,ST10,C0111,P084,3,2405.79,1171.74,1234.05,Marketplace
S05168,2023-12-14,ST10,C0290,P018,1,585.44,314.13,271.31,Retail Store
S05169,2024-03-25,ST07,C0252,P072,1,803.55,235.14,568.41,Online
S05170,2024-02-21,ST02,C0335,P020,1,742.8,218.7,524.1,Retail Store
S05171,2024-10-18,ST01,C0135,P036,1,663.69,357.09,306.6,Online
S05172,2025-05-16,ST15,C0212,P003,2,1031.34,224.04,807.3,Mobile App
S05173,2024-01-13,ST13,C0089,P070,3,267.89,434.16,-166.27,Online
S05174,2025-07-06,ST05,C0042,P086,1,490.09,167.27,322.82,Mobile App
S05175,2024-03-08,ST05,C0124,P050,1,473.66,164.87,308.79,Online
S05176,2023-11-01,ST08,C0402,P058,1,636.91,133.49,503.42,Mobile App
S05177,2023-02-10,ST05,C0180,P021,4,1742.98,1396.2,346.78,Online
S05178,2024-08-20,ST08,C0027,P030,3,1971.21,924.15,1047.06,Marketplace
S05179,2025-06-03,ST15,C0109,P084,2,1603.86,781.16,822.7,Online
S05180,2025-06-09,ST10,C0222,P044,4,1574.28,850.4,723.88,Marketplace
S05181,2024-08-12,ST05,C0365,P013,1,272.61,77.84,194.77,Mobile App
S05182,2025-03-02,ST05,C0057,P051,1,822.17,383.14,439.03,Marketplace
S05183,2023-09-15,ST12,C0331,P054,1,261.12,278.44,-17.32,Mobile App
S05184,2024-04-27,ST12,C0097,P030,1,558.51,308.05,250.46,Online
S05185,2025-01-22,ST04,C0107,P002,1,570.24,197.54,372.7,Retail Store
S05186,2023-12-31,ST10,C0273,P077,1,243.53,391.83,-148.3,Online
S05187,2023-09-23,ST13,C0208,P076,1,671.92,144.77,527.15,Mobile App
S05188,2023-10-07,ST05,C0160,P063,2,1595.06,224.94,1370.12,Mobile App
S05189,2023-08-21,ST09,C0283,P017,2,1036.26,530.12,506.14,Retail Store
S05190,2023-10-05,ST15,C0158,P066,2,315.97,188.1,127.87,Online
S05191,2024-05-03,ST12,C0259,P075,1,508.53,89.53,419.0,Retail Store
S05192,2023-11-22,ST15,C0026,P015,3,2248.32,418.02,1830.3,Online
S05193,2024-07-25,ST09,C0338,P023,2,425.12,510.0,-84.88,Retail Store
S05194,2025-04-05,ST05,C0212,P011,1,655.55,253.22,402.33,Marketplace
S05195,2024-03-10,ST10,C0348,P071,6,734.35,1523.52,-789.17,Online
S05196,2024-03-23,ST08,C0331,P029,2,565.26,233.94,331.32,Online
S05197,2023-09-04,ST03,C0414,P004,1,322.99,233.76,89.23,Online
S05198,2025-03-14,ST10,C0119,P043,1,695.65,386.09,309.56,Mobile App
S05199,2023-01-27,ST01,C0145,P086,1,576.58,167.27,409.31,Marketplace
S05200,2025-01-02,ST14,C0211,P069,3,2033.28,480.27,1553.01,Marketplace
S05201,2023-08-22,ST05,C0253,P006,1,323.25,38.9,284.35,Marketplace
S05202,2024-01-14,ST09,C0447,P069,1,713.43,160.09,553.34,Retail Store
S05203,2024-02-13,ST05,C0413,P030,1,591.36,308.05,283.31,Mobile App
S05204,2024-04-07,ST13,C0318,P012,1,388.63,157.89,230.74,Mobile App
S05205,2023-01-25,ST09,C0101,P048,1,292.45,154.5,137.95,Online
S05206,2025-04-28,ST13,C0346,P013,1,272.61,77.84,194.77,Mobile App
S05207,2023-01-22,ST11,C0029,P082,2,1432.0,273.46,1158.54,Mobile App
S05208,2025-04-23,ST02,C0324,P053,2,418.74,351.76,66.98,Retail Store
S05209,2024-02-14,ST10,C0039,P085,3,2423.85,654.72,1769.13,Mobile App
S05210,2023-12-12,ST10,C0149,P026,5,541.8,961.9,-420.1,Marketplace
S05211,2023-10-27,ST13,C0120,P011,5,3663.34,1266.1,2397.24,Mobile App
S05212,2024-03-09,ST02,C0290,P031,1,119.78,286.24,-166.46,Online
S05213,2023-07-14,ST07,C0428,P083,2,953.73,333.94,619.79,Mobile App
S05214,2023-03-27,ST10,C0182,P030,1,624.22,308.05,316.17,Marketplace
S05215,2023-11-05,ST08,C0164,P040,2,1284.32,198.02,1086.3,Online
S05216,2024-04-03,ST03,C0371,P055,3,2175.27,734.43,1440.84,Online
S05217,2023-07-22,ST15,C0391,P028,2,942.07,598.86,343.21,Marketplace
S05218,2025-01-25,ST01,C0207,P080,4,646.96,1214.64,-567.68,Retail Store
S05219,2023-02-27,ST06,C0060,P040,1,642.16,99.01,543.15,Online
S05220,2024-07-26,ST11,C0058,P007,1,49.84,354.8,-304.96,Retail Store
S05221,2025-02-06,ST13,C0152,P053,1,198.35,175.88,22.47,Online
S05222,2024-09-17,ST02,C0095,P016,1,701.97,129.06,572.91,Online
S05223,2023-02-15,ST04,C0431,P084,3,2405.79,1171.74,1234.05,Retail Store
S05224,2025-04-08,ST01,C0431,P079,2,1292.31,360.52,931.79,Online
S05225,2024-12-19,ST02,C0161,P076,1,671.92,144.77,527.15,Mobile App
S05226,2025-02-13,ST10,C0333,P088,4,3346.2,1208.56,2137.64,Online
S05227,2023-12-29,ST02,C0348,P082,2,1217.2,273.46,943.74,Retail Store
S05228,2023-12-14,ST01,C0342,P008,2,1177.44,761.14,416.3,Retail Store
S05229,2024-05-07,ST03,C0396,P032,1,328.59,296.35,32.24,Online
S05230,2023-08-24,ST02,C0411,P010,1,774.37,290.1,484.27,Retail Store
S05231,2023-10-10,ST08,C0131,P089,2,1332.96,454.32,878.64,Marketplace
S05232,2023-09-14,ST04,C0007,P002,2,1140.48,395.08,745.4,Mobile App
S05233,2023-08-26,ST14,C0099,P010,3,2323.11,870.3,1452.81,Mobile App
S05234,2025-08-14,ST14,C0014,P086,1,547.75,167.27,380.48,Online
S05235,2025-02-17,ST05,C0113,P004,3,917.97,701.28,216.69,Mobile App
S05236,2024-09-29,ST06,C0165,P066,1,166.76,94.05,72.71,Retail Store
S05237,2024-02-16,ST05,C0423,P023,2,472.36,510.0,-37.64,Marketplace
S05238,2023-08-28,ST02,C0158,P005,1,563.96,280.69,283.27,Retail Store
S05239,2025-07-17,ST14,C0227,P032,1,328.59,296.35,32.24,Retail Store
S05240,2025-06-08,ST13,C0220,P072,2,1607.1,470.28,1136.82,Retail Store
S05241,2025-04-21,ST14,C0326,P038,2,932.23,794.74,137.49,Retail Store
S05242,2023-05-07,ST15,C0199,P018,1,619.88,314.13,305.75,Mobile App
S05243,2024-02-05,ST09,C0246,P077,2,544.37,783.66,-239.29,Mobile App
S05244,2025-08-15,ST08,C0114,P087,1,692.68,250.47,442.21,Retail Store
S05245,2024-09-06,ST13,C0298,P005,1,563.96,280.69,283.27,Mobile App
S05246,2025-06-09,ST05,C0143,P073,2,1560.47,753.62,806.85,Online
S05247,2024-10-14,ST08,C0414,P069,1,606.42,160.09,446.33,Retail Store
S05248,2023-01-14,ST09,C0268,P035,1,824.45,272.69,551.76,Online
S05249,2025-07-21,ST02,C0402,P039,1,53.57,373.85,-320.28,Marketplace
S05250,2023-09-11,ST10,C0052,P076,1,671.92,144.77,527.15,Retail Store
S05251,2023-01-29,ST09,C0217,P023,2,448.74,510.0,-61.26,Marketplace
S05252,2025-08-30,ST11,C0199,P015,1,749.44,139.34,610.1,Retail Store
S05253,2024-12-17,ST01,C0020,P010,1,696.93,290.1,406.83,Mobile App
S05254,2023-03-10,ST03,C0295,P010,1,774.37,290.1,484.27,Retail Store
S05255,2024-12-16,ST04,C0437,P035,1,700.78,272.69,428.09,Marketplace
S05256,2025-03-03,ST11,C0081,P075,1,457.68,89.53,368.15,Retail Store
S05257,2024-07-23,ST10,C0224,P058,2,1273.82,266.98,1006.84,Mobile App
S05258,2025-01-03,ST15,C0058,P028,2,997.49,598.86,398.63,Mobile App
S05259,2023-12-18,ST01,C0116,P019,3,361.14,1006.74,-645.6,Mobile App
S05260,2024-02-15,ST07,C0079,P086,2,1153.16,334.54,818.62,Online
S05261,2023-03-18,ST07,C0258,P036,2,1327.38,714.18,613.2,Marketplace
S05262,2024-11-01,ST11,C0123,P053,2,418.74,351.76,66.98,Marketplace
S05263,2024-08-04,ST05,C0387,P026,4,390.1,769.52,-379.42,Online
S05264,2024-07-06,ST13,C0095,P030,1,657.07,308.05,349.02,Marketplace
S05265,2024-12-16,ST03,C0402,P068,4,1755.3,1507.96,247.34,Retail Store
S05266,2025-03-22,ST06,C0226,P075,1,508.53,89.53,419.0,Online
S05267,2025-08-24,ST13,C0286,P018,3,1962.94,942.39,1020.55,Retail Store
S05268,2023-03-26,ST10,C0114,P075,2,966.21,179.06,787.15,Online
S05269,2023-04-10,ST14,C0187,P032,2,691.76,592.7,99.06,Online
S05270,2025-05-12,ST07,C0097,P030,2,1248.43,616.1,632.33,Marketplace
S05271,2024-05-03,ST09,C0046,P036,2,1561.62,714.18,847.44,Marketplace
S05272,2024-12-29,ST01,C0107,P020,1,631.38,218.7,412.68,Online
S05273,2024-03-11,ST08,C0021,P058,1,541.37,133.49,407.88,Marketplace
S05274,2025-06-23,ST02,C0306,P069,1,713.43,160.09,553.34,Retail Store
S05275,2024-01-26,ST08,C0404,P072,2,1607.1,470.28,1136.82,Online
S05276,2023-03-16,ST03,C0401,P033,2,1261.79,587.2,674.59,Retail Store
S05277,2024-12-11,ST12,C0103,P049,1,550.54,236.79,313.75,Marketplace
S05278,2024-04-02,ST04,C0232,P063,2,1355.8,224.94,1130.86,Online
S05279,2024-02-18,ST11,C0115,P084,1,801.93,390.58,411.35,Mobile App
S05280,2023-04-01,ST03,C0064,P016,3,1895.32,387.18,1508.14,Online
S05281,2024-09-17,ST02,C0401,P031,3,340.42,858.72,-518.3,Mobile App
S05282,2024-09-22,ST02,C0023,P030,1,591.36,308.05,283.31,Retail Store
S05283,2024-05-12,ST14,C0306,P073,2,1642.6,753.62,888.98,Retail Store
S05284,2024-10-12,ST02,C0165,P053,1,198.35,175.88,22.47,Mobile App
S05285,2023-10-01,ST14,C0429,P044,1,371.7,212.6,159.1,Retail Store
S05286,2024-03-25,ST10,C0402,P079,1,646.16,180.26,465.9,Mobile App
S05287,2024-07-21,ST05,C0217,P011,2,1311.09,506.44,804.65,Online
S05288,2024-01-25,ST01,C0117,P058,1,605.06,133.49,471.57,Mobile App
S05289,2024-09-25,ST02,C0108,P075,1,432.25,89.53,342.72,Mobile App
S05290,2025-01-30,ST01,C0211,P017,2,1036.26,530.12,506.14,Retail Store
S05291,2024-01-09,ST12,C0049,P071,1,143.99,253.92,-109.93,Mobile App
S05292,2025-05-11,ST14,C0239,P084,1,681.64,390.58,291.06,Mobile App
S05293,2024-11-20,ST15,C0315,P071,5,719.95,1269.6,-549.65,Retail Store
S05294,2023-01-16,ST07,C0039,P088,1,752.89,302.14,450.75,Retail Store
S05295,2023-12-29,ST10,C0105,P057,1,552.34,34.16,518.18,Marketplace
S05296,2023-05-10,ST03,C0388,P082,3,2148.0,410.19,1737.81,Retail Store
S05297,2024-01-29,ST13,C0241,P022,1,292.2,225.66,66.54,Mobile App
S05298,2025-08-09,ST07,C0058,P007,1,49.84,354.8,-304.96,Marketplace
S05299,2024-07-24,ST13,C0352,P019,1,108.34,335.58,-227.24,Mobile App
S05300,2023-01-17,ST07,C0183,P069,1,713.43,160.09,553.34,Online
S05301,2024-09-16,ST03,C0197,P050,1,473.66,164.87,308.79,Online
S05302,2023-03-07,ST04,C0227,P072,4,3053.49,940.56,2112.93,Mobile App
S05303,2024-11-29,ST07,C0239,P070,1,99.22,144.72,-45.5,Retail Store
S05304,2024-11-13,ST09,C0347,P073,2,1642.6,753.62,888.98,Retail Store
S05305,2024-11-03,ST03,C0347,P011,3,2313.69,759.66,1554.03,Marketplace
S05306,2023-01-04,ST10,C0173,P065,3,1581.24,430.92,1150.32,Retail Store
S05307,2023-06-25,ST07,C0433,P018,1,688.75,314.13,374.62,Online
S05308,2024-11-16,ST03,C0112,P041,2,132.73,66.92,65.81,Mobile App
S05309,2024-04-27,ST10,C0180,P003,1,515.67,112.02,403.65,Retail Store
S05310,2025-06-02,ST15,C0256,P033,1,742.23,293.6,448.63,Online
S05311,2025-04-12,ST01,C0192,P051,3,2219.86,1149.42,1070.44,Mobile App
S05312,2023-11-04,ST15,C0420,P070,1,99.22,144.72,-45.5,Online
S05313,2025-03-26,ST10,C0253,P087,1,692.68,250.47,442.21,Retail Store
S05314,2024-10-24,ST06,C0114,P089,1,599.83,227.16,372.67,Online
S05315,2024-08-29,ST02,C0378,P053,3,561.99,527.64,34.35,Online
S05316,2024-02-15,ST05,C0296,P021,1,484.16,349.05,135.11,Retail Store
S05317,2025-06-08,ST13,C0366,P012,1,411.49,157.89,253.6,Marketplace
S05318,2023-03-07,ST15,C0328,P050,2,894.69,329.74,564.95,Retail Store
S05319,2023-02-23,ST14,C0159,P073,2,1396.21,753.62,642.59,Mobile App
S05320,2023-03-07,ST09,C0222,P010,3,2323.11,870.3,1452.81,Mobile App
S05321,2025-05-02,ST01,C0177,P003,2,1031.34,224.04,807.3,Online
S05322,2024-06-01,ST08,C0251,P021,1,484.16,349.05,135.11,Marketplace
S05323,2024-01-01,ST14,C0128,P056,2,1561.7,556.92,1004.78,Mobile App
S05324,2023-10-28,ST01,C0118,P082,3,2148.0,410.19,1737.81,Mobile App
S05325,2023-10-27,ST04,C0024,P064,1,286.72,130.54,156.18,Mobile App
S05326,2025-04-24,ST07,C0055,P089,1,633.16,227.16,406.0,Mobile App
S05327,2023-07-27,ST04,C0100,P034,4,2129.33,1259.76,869.57,Mobile App
S05328,2024-07-28,ST07,C0155,P024,1,746.09,153.67,592.42,Retail Store
S05329,2023-03-29,ST12,C0141,P071,1,136.79,253.92,-117.13,Retail Store
S05330,2024-03-17,ST08,C0122,P036,1,780.81,357.09,423.72,Marketplace
S05331,2024-12-21,ST03,C0337,P009,1,426.76,283.05,143.71,Marketplace
S05332,2023-11-27,ST15,C0371,P074,1,147.99,350.01,-202.02,Retail Store
S05333,2023-09-12,ST12,C0006,P013,3,863.26,233.52,629.74,Marketplace
S05334,2023-10-19,ST13,C0149,P082,1,608.6,136.73,471.87,Mobile App
S05335,2023-10-22,ST02,C0394,P031,2,214.34,572.48,-358.14,Online
S05336,2023-05-05,ST07,C0357,P039,1,50.75,373.85,-323.1,Retail Store
S05337,2023-07-02,ST09,C0235,P014,1,83.98,86.92,-2.94,Retail Store
S05338,2024-08-12,ST06,C0412,P030,3,1872.65,924.15,948.5,Online
S05339,2023-10-02,ST09,C0041,P018,2,1377.5,628.26,749.24,Online
S05340,2023-01-17,ST02,C0149,P054,1,248.06,278.44,-30.38,Retail Store
S05341,2025-05-22,ST06,C0314,P059,1,125.54,245.23,-119.69,Marketplace
S05342,2025-04-30,ST11,C0325,P047,1,638.12,118.67,519.45,Marketplace
S05343,2023-06-11,ST02,C0397,P073,1,821.3,376.81,444.49,Retail Store
S05344,2024-12-03,ST14,C0116,P014,2,187.72,173.84,13.88,Online
S05345,2025-01-31,ST03,C0083,P038,1,417.05,397.37,19.68,Online
S05346,2024-04-12,ST11,C0401,P049,1,550.54,236.79,313.75,Marketplace
S05347,2023-08-08,ST11,C0304,P013,1,287.75,77.84,209.91,Online
S05348,2023-12-14,ST06,C0131,P043,3,1971.0,1158.27,812.73,Marketplace
S05349,2023-03-21,ST02,C0260,P018,3,2066.25,942.39,1123.86,Marketplace
S05350,2025-06-10,ST08,C0076,P017,2,932.63,530.12,402.51,Marketplace
S05351,2024-10-25,ST08,C0088,P074,2,295.99,700.02,-404.03,Retail Store
S05352,2025-01-04,ST05,C0173,P086,2,1153.16,334.54,818.62,Online
S05353,2024-01-31,ST08,C0060,P025,3,2101.17,800.88,1300.29,Mobile App
S05354,2023-10-29,ST04,C0079,P055,3,1848.98,734.43,1114.55,Online
S05355,2025-04-23,ST11,C0209,P088,1,836.55,302.14,534.41,Marketplace
S05356,2024-04-28,ST01,C0438,P074,4,661.62,1400.04,-738.42,Retail Store
S05357,2023-10-22,ST02,C0113,P063,1,757.65,112.47,645.18,Mobile App
S05358,2023-07-18,ST01,C0073,P013,2,575.51,155.68,419.83,Marketplace
S05359,2025-08-01,ST04,C0207,P039,1,47.93,373.85,-325.92,Mobile App
S05360,2025-06-12,ST14,C0132,P024,1,746.09,153.67,592.42,Marketplace
S05361,2023-03-16,ST03,C0371,P025,2,1647.98,533.92,1114.06,Marketplace
S05362,2024-10-18,ST15,C0107,P003,2,1031.34,224.04,807.3,Retail Store
S05363,2023-01-09,ST08,C0001,P067,2,1282.1,607.8,674.3,Marketplace
S05364,2023-12-12,ST15,C0340,P083,2,1006.72,333.94,672.78,Retail Store
S05365,2023-12-30,ST04,C0108,P011,1,771.23,253.22,518.01,Marketplace
S05366,2023-09-18,ST10,C0136,P035,1,742.01,272.69,469.32,Mobile App
S05367,2025-07-08,ST15,C0062,P006,1,307.09,38.9,268.19,Online
S05368,2024-02-12,ST09,C0384,P012,1,388.63,157.89,230.74,Retail Store
S05369,2023-11-06,ST10,C0226,P073,1,821.3,376.81,444.49,Retail Store
S05370,2025-03-03,ST04,C0434,P035,1,742.01,272.69,469.32,Online
S05371,2023-12-06,ST05,C0232,P047,2,1418.04,237.34,1180.7,Retail Store
S05372,2025-07-14,ST15,C0052,P082,1,716.0,136.73,579.27,Online
S05373,2025-06-29,ST04,C0116,P055,2,1450.18,489.62,960.56,Retail Store
S05374,2025-01-24,ST13,C0309,P010,3,2323.11,870.3,1452.81,Retail Store
S05375,2023-12-21,ST03,C0440,P080,1,137.48,303.66,-166.18,Online
S05376,2023-06-13,ST06,C0021,P005,1,535.76,280.69,255.07,Retail Store
S05377,2023-04-26,ST07,C0181,P070,1,84.34,144.72,-60.38,Retail Store
S05378,2024-06-19,ST14,C0225,P065,2,1001.45,287.28,714.17,Mobile App
S05379,2023-11-16,ST07,C0096,P049,3,1943.07,710.37,1232.7,Online
S05380,2025-05-03,ST02,C0077,P022,5,1461.02,1128.3,332.72,Online
S05381,2025-02-23,ST11,C0008,P069,1,606.42,160.09,446.33,Retail Store
S05382,2023-02-26,ST02,C0092,P049,1,582.92,236.79,346.13,Online
S05383,2024-07-15,ST03,C0002,P003,1,546.0,112.02,433.98,Retail Store
S05384,2023-10-23,ST13,C0147,P031,1,113.47,286.24,-172.77,Online
S05385,2025-05-12,ST09,C0126,P043,2,1468.59,772.18,696.41,Mobile App
S05386,2025-02-11,ST07,C0222,P029,4,1073.99,467.88,606.11,Online
S05387,2023-03-15,ST02,C0131,P008,2,1385.22,761.14,624.08,Online
S05388,2023-06-16,ST01,C0266,P052,1,387.52,64.51,323.01,Online
S05389,2025-08-29,ST15,C0326,P005,2,1015.13,561.38,453.75,Marketplace
S05390,2025-08-10,ST01,C0182,P079,1,717.95,180.26,537.69,Marketplace
S05391,2023-11-18,ST04,C0367,P022,1,324.67,225.66,99.01,Mobile App
S05392,2025-02-24,ST09,C0244,P014,1,83.98,86.92,-2.94,Retail Store
S05393,2025-03-27,ST14,C0134,P009,2,898.44,566.1,332.34,Retail Store
S05394,2025-08-04,ST12,C0405,P023,1,236.18,255.0,-18.82,Online
S05395,2023-04-18,ST02,C0257,P069,1,606.42,160.09,446.33,Online
S05396,2024-03-24,ST12,C0146,P051,4,3288.68,1532.56,1756.12,Mobile App
S05397,2025-01-07,ST07,C0077,P068,1,461.92,376.99,84.93,Mobile App
S05398,2023-06-23,ST13,C0338,P036,2,1327.38,714.18,613.2,Marketplace
S05399,2024-06-07,ST11,C0308,P025,2,1400.78,533.92,866.86,Marketplace
S05400,2025-07-06,ST02,C0365,P061,2,548.66,793.0,-244.34,Marketplace
S05401,2023-04-05,ST01,C0064,P043,4,3091.76,1544.36,1547.4,Retail Store
S05402,2023-08-03,ST13,C0002,P067,2,1282.1,607.8,674.3,Mobile App
S05403,2024-06-02,ST12,C0241,P055,4,2900.36,979.24,1921.12,Retail Store
S05404,2025-07-17,ST05,C0094,P043,4,3091.76,1544.36,1547.4,Online
S05405,2023-03-31,ST14,C0121,P069,1,677.76,160.09,517.67,Online
S05406,2025-05-17,ST06,C0439,P064,3,774.14,391.62,382.52,Retail Store
S05407,2025-01-14,ST11,C0042,P058,1,636.91,133.49,503.42,Marketplace
S05408,2024-12-13,ST12,C0315,P088,2,1505.79,604.28,901.51,Marketplace
S05409,2025-08-23,ST08,C0387,P017,5,2331.59,1325.3,1006.29,Retail Store
S05410,2025-07-23,ST15,C0041,P035,1,824.45,272.69,551.76,Mobile App
S05411,2023-03-05,ST13,C0080,P052,2,736.29,129.02,607.27,Marketplace
S05412,2023-09-09,ST15,C0037,P067,1,544.89,303.9,240.99,Online
S05413,2024-01-10,ST08,C0400,P046,1,475.9,349.48,126.42,Mobile App
S05414,2023-09-10,ST04,C0339,P053,1,198.35,175.88,22.47,Retail Store
S05415,2024-11-15,ST03,C0260,P006,1,307.09,38.9,268.19,Retail Store
S05416,2025-08-13,ST09,C0100,P021,3,1452.48,1047.15,405.33,Marketplace
S05417,2023-06-18,ST07,C0407,P024,1,828.99,153.67,675.32,Online
S05418,2025-06-09,ST13,C0180,P055,4,2900.36,979.24,1921.12,Mobile App
S05419,2023-04-11,ST08,C0237,P063,1,797.53,112.47,685.06,Online
S05420,2024-08-14,ST03,C0198,P084,1,801.93,390.58,411.35,Mobile App
S05421,2023-12-26,ST06,C0321,P023,1,236.18,255.0,-18.82,Marketplace
S05422,2024-03-26,ST01,C0379,P055,1,652.58,244.81,407.77,Mobile App
S05423,2025-03-29,ST06,C0374,P058,1,636.91,133.49,503.42,Online
S05424,2025-08-09,ST06,C0349,P045,2,735.37,254.16,481.21,Online
S05425,2025-04-04,ST05,C0068,P072,2,1607.1,470.28,1136.82,Marketplace
S05426,2025-03-28,ST04,C0357,P076,1,604.73,144.77,459.96,Mobile App
S05427,2024-12-16,ST14,C0392,P024,1,704.64,153.67,550.97,Mobile App
S05428,2023-04-09,ST01,C0168,P082,2,1360.4,273.46,1086.94,Online
S05429,2023-03-03,ST07,C0022,P088,1,836.55,302.14,534.41,Online
S05430,2023-11-02,ST07,C0031,P063,1,717.78,112.47,605.31,Retail Store
S05431,2024-04-04,ST03,C0141,P004,1,288.99,233.76,55.23,Mobile App
S05432,2023-07-07,ST08,C0415,P041,1,59.38,33.46,25.92,Marketplace
S05433,2023-03-30,ST15,C0368,P026,1,108.36,192.38,-84.02,Retail Store
S05434,2023-03-26,ST13,C0077,P052,1,329.39,64.51,264.88,Online
S05435,2024-12-05,ST13,C0016,P028,1,471.04,299.43,171.61,Retail Store
S05436,2023-03-27,ST06,C0188,P030,3,1675.53,924.15,751.38,Marketplace
S05437,2023-08-31,ST13,C0136,P012,1,457.21,157.89,299.32,Retail Store
S05438,2023-11-20,ST04,C0087,P079,3,1938.47,540.78,1397.69,Mobile App
S05439,2024-09-15,ST07,C0204,P050,1,526.29,164.87,361.42,Mobile App
S05440,2023-12-19,ST09,C0189,P089,1,566.51,227.16,339.35,Mobile App
S05441,2025-04-06,ST13,C0127,P043,1,772.94,386.09,386.85,Mobile App
S05442,2025-07-15,ST08,C0188,P029,2,480.47,233.94,246.53,Mobile App
S05443,2023-11-09,ST12,C0396,P059,4,557.96,980.92,-422.96,Mobile App
S05444,2023-02-07,ST05,C0391,P089,1,666.48,227.16,439.32,Mobile App
S05445,2023-02-27,ST01,C0255,P078,1,95.9,216.55,-120.65,Mobile App
S05446,2023-10-27,ST04,C0442,P011,2,1465.34,506.44,958.9,Mobile App
S05447,2023-01-10,ST05,C0020,P030,3,1872.65,924.15,948.5,Online
S05448,2024-03-05,ST14,C0445,P031,2,239.55,572.48,-332.93,Marketplace
S05449,2023-03-27,ST06,C0363,P054,1,235.01,278.44,-43.43,Online
S05450,2024-11-23,ST11,C0407,P055,1,725.09,244.81,480.28,Mobile App
S05451,2025-05-19,ST07,C0088,P053,2,418.74,351.76,66.98,Mobile App
S05452,2024-08-22,ST07,C0436,P074,2,348.22,700.02,-351.8,Mobile App
S05453,2025-05-14,ST01,C0338,P051,3,2096.53,1149.42,947.11,Retail Store
S05454,2024-02-01,ST06,C0288,P001,1,635.91,318.25,317.66,Retail Store
S05455,2024-08-20,ST06,C0157,P002,1,484.7,197.54,287.16,Online
S05456,2023-10-22,ST10,C0042,P036,2,1327.38,714.18,613.2,Marketplace
S05457,2025-01-17,ST11,C0229,P009,2,808.6,566.1,242.5,Mobile App
S05458,2023-11-08,ST03,C0122,P035,2,1401.57,545.38,856.19,Retail Store
S05459,2024-01-31,ST06,C0209,P061,2,490.91,793.0,-302.09,Online
S05460,2025-03-27,ST05,C0364,P033,2,1261.79,587.2,674.59,Marketplace
S05461,2024-02-25,ST12,C0404,P060,3,1332.06,414.75,917.31,Mobile App
S05462,2024-12-30,ST09,C0384,P033,1,705.12,293.6,411.52,Retail Store
S05463,2023-10-25,ST11,C0238,P052,2,658.78,129.02,529.76,Retail Store
S05464,2025-08-19,ST07,C0151,P033,2,1410.24,587.2,823.04,Mobile App
S05465,2023-10-23,ST13,C0181,P083,2,900.75,333.94,566.81,Online
S05466,2025-01-31,ST11,C0281,P034,1,532.33,314.94,217.39,Retail Store
S05467,2024-12-22,ST02,C0223,P006,1,307.09,38.9,268.19,Online
S05468,2023-06-28,ST04,C0113,P036,3,2108.19,1071.27,1036.92,Marketplace
S05469,2024-07-29,ST02,C0435,P061,1,288.77,396.5,-107.73,Retail Store
S05470,2023-05-18,ST08,C0351,P007,1,49.84,354.8,-304.96,Retail Store
S05471,2025-07-02,ST13,C0410,P003,2,1031.34,224.04,807.3,Mobile App
S05472,2025-04-14,ST03,C0449,P066,1,166.76,94.05,72.71,Retail Store
S05473,2024-08-04,ST05,C0290,P064,1,258.05,130.54,127.51,Mobile App
S05474,2023-11-29,ST13,C0425,P024,1,828.99,153.67,675.32,Mobile App
S05475,2023-02-23,ST03,C0204,P050,3,1342.04,494.61,847.43,Mobile App
S05476,2023-10-26,ST04,C0347,P023,2,472.36,510.0,-37.64,Mobile App
S05477,2023-03-21,ST06,C0004,P029,2,565.26,233.94,331.32,Online
S05478,2024-08-24,ST01,C0254,P023,1,200.75,255.0,-54.25,Marketplace
S05479,2024-12-14,ST11,C0167,P024,1,787.54,153.67,633.87,Marketplace
S05480,2023-04-11,ST03,C0080,P051,1,822.17,383.14,439.03,Retail Store
S05481,2024-02-13,ST07,C0264,P070,2,198.44,289.44,-91.0,Mobile App
S05482,2023-04-12,ST10,C0401,P067,1,641.05,303.9,337.15,Mobile App
S05483,2024-11-07,ST02,C0244,P007,2,117.28,709.6,-592.32,Online
S05484,2024-01-08,ST13,C0305,P026,1,102.94,192.38,-89.44,Marketplace
S05485,2024-09-15,ST14,C0066,P041,1,69.86,33.46,36.4,Mobile App
S05486,2024-11-02,ST07,C0297,P059,3,397.55,735.69,-338.14,Online
S05487,2023-04-01,ST10,C0157,P011,1,771.23,253.22,518.01,Marketplace
S05488,2023-02-27,ST08,C0237,P007,1,55.71,354.8,-299.09,Marketplace
S05489,2025-01-03,ST10,C0020,P036,2,1561.62,714.18,847.44,Marketplace
S05490,2025-03-28,ST05,C0093,P001,1,706.57,318.25,388.32,Retail Store
S05491,2024-11-14,ST10,C0045,P010,3,2090.8,870.3,1220.5,Retail Store
S05492,2024-05-27,ST13,C0164,P018,1,619.88,314.13,305.75,Online
S05493,2023-05-09,ST05,C0195,P028,1,554.16,299.43,254.73,Marketplace
S05494,2024-10-08,ST07,C0263,P027,2,1269.16,406.2,862.96,Marketplace
S05495,2023-05-11,ST08,C0191,P002,3,1625.18,592.62,1032.56,Marketplace
S05496,2024-12-21,ST14,C0393,P006,3,872.77,116.7,756.07,Marketplace
S05497,2024-01-29,ST04,C0026,P061,3,866.31,1189.5,-323.19,Retail Store
S05498,2023-05-18,ST06,C0360,P006,1,323.25,38.9,284.35,Retail Store
S05499,2025-03-12,ST03,C0342,P011,2,1388.21,506.44,881.77,Marketplace
S05500,2025-06-19,ST02,C0393,P056,2,1643.9,556.92,1086.98,Marketplace
S05501,2023-05-28,ST10,C0074,P059,1,139.49,245.23,-105.74,Online
S05502,2023-03-23,ST06,C0342,P088,2,1422.13,604.28,817.85,Marketplace
S05503,2025-02-27,ST09,C0185,P044,3,1311.9,637.8,674.1,Online
S05504,2023-12-13,ST09,C0137,P065,2,1001.45,287.28,714.17,Mobile App
S05505,2024-09-12,ST07,C0167,P005,5,2819.8,1403.45,1416.35,Mobile App
S05506,2023-06-15,ST01,C0417,P029,1,254.37,116.97,137.4,Marketplace
S05507,2025-01-31,ST04,C0226,P067,1,544.89,303.9,240.99,Mobile App
S05508,2025-03-24,ST01,C0040,P010,1,696.93,290.1,406.83,Online
S05509,2024-07-07,ST03,C0157,P085,3,2060.27,654.72,1405.55,Mobile App
S05510,2024-01-07,ST05,C0393,P049,2,1295.38,473.58,821.8,Retail Store
S05511,2023-05-23,ST15,C0420,P063,4,3190.12,449.88,2740.24,Online
S05512,2024-05-29,ST09,C0098,P073,1,739.17,376.81,362.36,Online
S05513,2024-09-06,ST09,C0396,P008,2,1315.96,761.14,554.82,Online
S05514,2024-04-28,ST03,C0296,P045,1,347.26,127.08,220.18,Online
S05515,2025-02-17,ST03,C0061,P067,4,2564.2,1215.6,1348.6,Retail Store
S05516,2024-11-20,ST02,C0377,P055,1,616.33,244.81,371.52,Online
S05517,2024-12-26,ST04,C0109,P085,1,807.95,218.24,589.71,Mobile App
S05518,2023-01-11,ST10,C0059,P085,2,1535.11,436.48,1098.63,Marketplace
S05519,2024-07-07,ST01,C0359,P001,2,1271.83,636.5,635.33,Mobile App
S05520,2023-05-16,ST13,C0268,P014,3,296.4,260.76,35.64,Mobile App
S05521,2025-02-17,ST08,C0371,P059,1,132.52,245.23,-112.71,Retail Store
S05522,2024-09-08,ST02,C0045,P035,1,700.78,272.69,428.09,Retail Store
S05523,2025-06-30,ST08,C0004,P042,2,458.1,281.96,176.14,Online
S05524,2024-09-08,ST07,C0088,P015,4,2831.21,557.36,2273.85,Online
S05525,2024-04-23,ST04,C0371,P018,2,1170.88,628.26,542.62,Marketplace
S05526,2025-01-09,ST08,C0280,P053,1,220.39,175.88,44.51,Online
S05527,2024-06-20,ST13,C0127,P053,1,220.39,175.88,44.51,Marketplace
S05528,2024-03-19,ST09,C0224,P066,5,877.7,470.25,407.45,Online
S05529,2024-11-15,ST14,C0110,P084,1,681.64,390.58,291.06,Retail Store
S05530,2023-06-03,ST03,C0182,P007,3,175.92,1064.4,-888.48,Online
S05531,2023-01-30,ST03,C0294,P066,1,166.76,94.05,72.71,Retail Store
S05532,2025-07-23,ST06,C0327,P021,1,435.74,349.05,86.69,Online
S05533,2024-10-05,ST08,C0130,P059,2,251.08,490.46,-239.38,Online
S05534,2025-06-07,ST02,C0215,P056,5,3493.29,1392.3,2100.99,Mobile App
S05535,2023-09-18,ST11,C0383,P006,1,290.93,38.9,252.03,Retail Store
S05536,2023-11-27,ST08,C0374,P069,3,2140.29,480.27,1660.02,Marketplace
S05537,2024-04-25,ST07,C0050,P009,1,449.22,283.05,166.17,Marketplace
S05538,2023-05-06,ST04,C0061,P033,1,705.12,293.6,411.52,Online
S05539,2025-02-22,ST14,C0003,P058,1,636.91,133.49,503.42,Marketplace
S05540,2024-06-25,ST14,C0005,P066,3,526.62,282.15,244.47,Online
S05541,2025-07-02,ST11,C0004,P037,2,1434.1,771.6,662.5,Marketplace
S05542,2023-05-21,ST03,C0215,P014,1,83.98,86.92,-2.94,Online
S05543,2023-12-07,ST06,C0254,P036,2,1483.54,714.18,769.36,Retail Store
S05544,2023-10-15,ST15,C0436,P001,1,706.57,318.25,388.32,Retail Store
S05545,2023-07-01,ST07,C0415,P035,2,1484.01,545.38,938.63,Online
S05546,2024-11-28,ST09,C0008,P053,1,187.33,175.88,11.45,Marketplace
S05547,2023-02-13,ST14,C0040,P008,1,623.35,380.57,242.78,Retail Store
S05548,2024-10-20,ST03,C0069,P062,1,306.26,91.36,214.9,Marketplace
S05549,2024-05-12,ST13,C0279,P005,1,479.37,280.69,198.68,Mobile App
S05550,2025-06-19,ST14,C0372,P019,4,481.52,1342.32,-860.8,Retail Store
S05551,2024-09-17,ST13,C0325,P015,2,1582.15,278.68,1303.47,Retail Store
S05552,2024-11-18,ST15,C0024,P083,1,529.85,166.97,362.88,Marketplace
S05553,2023-05-24,ST13,C0031,P012,1,388.63,157.89,230.74,Retail Store
S05554,2024-09-06,ST07,C0325,P024,1,746.09,153.67,592.42,Marketplace
S05555,2024-05-17,ST02,C0279,P010,3,1974.64,870.3,1104.34,Online
S05556,2023-01-16,ST12,C0356,P068,1,461.92,376.99,84.93,Retail Store
S05557,2024-01-05,ST04,C0356,P002,3,1710.72,592.62,1118.1,Online
S05558,2023-10-08,ST09,C0379,P077,2,573.02,783.66,-210.64,Retail Store
S05559,2023-01-28,ST06,C0124,P088,1,752.89,302.14,450.75,Mobile App
S05560,2025-02-08,ST04,C0094,P015,1,832.71,139.34,693.37,Mobile App
S05561,2025-03-20,ST08,C0255,P085,3,2423.85,654.72,1769.13,Marketplace
S05562,2023-09-13,ST15,C0120,P029,1,282.63,116.97,165.66,Retail Store
S05563,2024-02-12,ST03,C0317,P082,1,608.6,136.73,471.87,Marketplace
S05564,2023-12-15,ST03,C0330,P081,4,731.95,171.08,560.87,Retail Store
S05565,2023-10-20,ST12,C0057,P032,2,691.76,592.7,99.06,Online
S05566,2024-04-09,ST04,C0197,P012,1,457.21,157.89,299.32,Mobile App
S05567,2024-03-14,ST07,C0257,P007,1,58.64,354.8,-296.16,Retail Store
S05568,2025-02-21,ST11,C0305,P088,1,836.55,302.14,534.41,Marketplace
S05569,2024-11-04,ST06,C0341,P037,1,717.05,385.8,331.25,Mobile App
S05570,2024-08-13,ST04,C0303,P055,1,688.84,244.81,444.03,Mobile App
S05571,2023-11-28,ST09,C0225,P005,1,479.37,280.69,198.68,Mobile App
S05572,2024-11-29,ST11,C0215,P069,1,713.43,160.09,553.34,Online
S05573,2023-01-23,ST03,C0290,P016,1,596.67,129.06,467.61,Online
S05574,2025-04-27,ST14,C0297,P011,1,655.55,253.22,402.33,Online
S05575,2024-09-09,ST04,C0334,P055,1,725.09,244.81,480.28,Online
S05576,2025-08-03,ST10,C0307,P044,4,1661.74,850.4,811.34,Retail Store
S05577,2024-07-22,ST03,C0056,P088,2,1673.1,604.28,1068.82,Marketplace
S05578,2023-11-18,ST07,C0414,P013,2,545.22,155.68,389.54,Retail Store
S05579,2024-01-17,ST04,C0113,P027,1,539.39,203.1,336.29,Marketplace
S05580,2024-10-31,ST11,C0297,P087,1,769.64,250.47,519.17,Mobile App
S05581,2023-07-18,ST09,C0271,P087,1,692.68,250.47,442.21,Retail Store
S05582,2023-04-02,ST12,C0215,P044,1,415.44,212.6,202.84,Online
S05583,2024-01-14,ST03,C0052,P084,3,2405.79,1171.74,1234.05,Mobile App
S05584,2024-09-02,ST08,C0170,P010,1,696.93,290.1,406.83,Mobile App
S05585,2023-12-11,ST02,C0420,P001,2,1342.48,636.5,705.98,Mobile App
S05586,2025-02-22,ST07,C0431,P016,2,1193.35,258.12,935.23,Online
S05587,2023-08-03,ST14,C0428,P005,1,507.56,280.69,226.87,Marketplace
S05588,2024-06-27,ST04,C0085,P011,2,1542.46,506.44,1036.02,Retail Store
S05589,2024-05-31,ST06,C0225,P022,3,974.01,676.98,297.03,Online
S05590,2025-06-20,ST05,C0432,P035,4,2803.13,1090.76,1712.37,Marketplace
S05591,2024-03-06,ST14,C0350,P083,1,529.85,166.97,362.88,Marketplace
S05592,2025-05-06,ST08,C0076,P024,2,1492.18,307.34,1184.84,Retail Store
S05593,2023-12-05,ST14,C0048,P083,1,503.36,166.97,336.39,Mobile App
S05594,2024-11-09,ST14,C0019,P080,2,323.48,607.32,-283.84,Mobile App
S05595,2025-06-05,ST08,C0389,P026,1,97.52,192.38,-94.86,Retail Store
S05596,2024-08-19,ST12,C0017,P030,1,558.51,308.05,250.46,Retail Store
S05597,2025-03-18,ST08,C0225,P056,1,821.95,278.46,543.49,Retail Store
S05598,2023-03-14,ST10,C0003,P065,1,474.37,143.64,330.73,Mobile App
S05599,2024-01-14,ST11,C0084,P074,2,313.4,700.02,-386.62,Retail Store
S05600,2025-07-22,ST03,C0238,P049,3,1651.61,710.37,941.24,Marketplace
S05601,2024-02-10,ST04,C0062,P074,1,156.7,350.01,-193.31,Retail Store
S05602,2023-05-05,ST11,C0164,P073,1,821.3,376.81,444.49,Online
S05603,2025-06-21,ST03,C0310,P035,1,824.45,272.69,551.76,Retail Store
S05604,2025-03-31,ST10,C0242,P051,2,1562.12,766.28,795.84,Marketplace
S05605,2023-01-23,ST04,C0110,P058,2,1273.82,266.98,1006.84,Marketplace
S05606,2023-03-27,ST02,C0443,P062,1,260.32,91.36,168.96,Mobile App
S05607,2023-04-06,ST02,C0214,P051,1,822.17,383.14,439.03,Online
S05608,2024-12-08,ST13,C0070,P074,1,156.7,350.01,-193.31,Online
S05609,2023-07-08,ST02,C0307,P067,4,2179.57,1215.6,963.97,Online
S05610,2024-01-07,ST09,C0439,P062,1,260.32,91.36,168.96,Mobile App
S05611,2025-06-16,ST05,C0195,P024,3,2113.92,461.01,1652.91,Online
S05612,2024-04-13,ST14,C0366,P083,1,503.36,166.97,336.39,Mobile App
S05613,2024-07-27,ST03,C0379,P048,1,326.86,154.5,172.36,Online
S05614,2024-10-09,ST07,C0038,P033,1,742.23,293.6,448.63,Marketplace
S05615,2024-03-11,ST04,C0389,P050,2,894.69,329.74,564.95,Marketplace
S05616,2025-05-08,ST04,C0402,P024,2,1409.28,307.34,1101.94,Mobile App
S05617,2025-01-03,ST12,C0248,P011,1,732.67,253.22,479.45,Mobile App
S05618,2024-08-21,ST13,C0036,P081,1,182.99,42.77,140.22,Mobile App
S05619,2023-07-28,ST02,C0449,P068,1,461.92,376.99,84.93,Online
S05620,2023-01-17,ST08,C0222,P087,2,1539.28,500.94,1038.34,Online
S05621,2023-11-17,ST14,C0147,P033,1,742.23,293.6,448.63,Marketplace
S05622,2025-01-09,ST08,C0107,P070,2,168.67,289.44,-120.77,Online
S05623,2024-12-11,ST05,C0185,P051,3,2096.53,1149.42,947.11,Mobile App
S05624,2025-04-13,ST13,C0252,P021,1,411.54,349.05,62.49,Marketplace
S05625,2024-05-21,ST11,C0350,P015,1,832.71,139.34,693.37,Online
S05626,2025-02-15,ST04,C0352,P004,1,339.99,233.76,106.23,Online
S05627,2025-01-14,ST01,C0058,P030,3,1971.21,924.15,1047.06,Online
S05628,2024-12-11,ST12,C0127,P058,1,636.91,133.49,503.42,Marketplace
S05629,2024-06-28,ST02,C0301,P012,1,457.21,157.89,299.32,Mobile App
S05630,2025-07-14,ST02,C0120,P088,1,752.89,302.14,450.75,Retail Store
S05631,2024-07-08,ST04,C0410,P062,2,612.52,182.72,429.8,Online
S05632,2023-10-27,ST06,C0177,P022,1,324.67,225.66,99.01,Retail Store
S05633,2024-07-27,ST13,C0283,P010,1,735.65,290.1,445.55,Online
S05634,2025-01-03,ST13,C0233,P070,5,446.49,723.6,-277.11,Marketplace
S05635,2023-09-10,ST09,C0121,P087,1,769.64,250.47,519.17,Mobile App
S05636,2025-02-26,ST13,C0418,P026,1,108.36,192.38,-84.02,Marketplace
S05637,2024-12-12,ST12,C0350,P060,2,841.3,276.5,564.8,Retail Store
S05638,2025-07-20,ST03,C0117,P013,1,272.61,77.84,194.77,Mobile App
S05639,2023-08-16,ST02,C0055,P030,1,624.22,308.05,316.17,Retail Store
S05640,2024-03-04,ST01,C0403,P054,1,248.06,278.44,-30.38,Marketplace
S05641,2024-06-29,ST13,C0410,P060,2,794.56,276.5,518.06,Online
S05642,2024-07-26,ST07,C0100,P023,4,850.25,1020.0,-169.75,Retail Store
S05643,2025-05-08,ST07,C0127,P048,2,688.12,309.0,379.12,Retail Store
S05644,2025-07-20,ST11,C0059,P043,1,734.29,386.09,348.2,Retail Store
S05645,2024-02-02,ST10,C0134,P026,4,433.44,769.52,-336.08,Marketplace
S05646,2023-07-29,ST15,C0272,P019,2,240.76,671.16,-430.4,Mobile App
S05647,2023-02-24,ST02,C0347,P043,1,734.29,386.09,348.2,Marketplace
S05648,2024-07-03,ST14,C0292,P082,3,2148.0,410.19,1737.81,Marketplace
S05649,2024-12-10,ST11,C0172,P012,1,457.21,157.89,299.32,Online
S05650,2023-05-03,ST10,C0409,P080,4,582.26,1214.64,-632.38,Retail Store
S05651,2024-12-11,ST02,C0118,P025,3,2224.77,800.88,1423.89,Online
S05652,2024-04-25,ST04,C0104,P043,2,1314.0,772.18,541.82,Marketplace
S05653,2025-02-25,ST10,C0059,P082,1,716.0,136.73,579.27,Online
S05654,2023-09-06,ST11,C0409,P018,1,688.75,314.13,374.62,Online
S05655,2024-05-11,ST13,C0439,P025,3,2348.37,800.88,1547.49,Mobile App
S05656,2024-05-18,ST01,C0224,P083,1,529.85,166.97,362.88,Marketplace
S05657,2025-03-03,ST04,C0437,P006,1,323.25,38.9,284.35,Retail Store
S05658,2024-05-29,ST04,C0199,P069,3,1819.25,480.27,1338.98,Marketplace
S05659,2025-01-19,ST11,C0301,P034,4,1905.19,1259.76,645.43,Online
S05660,2025-03-23,ST03,C0316,P064,1,272.38,130.54,141.84,Online
S05661,2023-11-19,ST11,C0270,P083,2,900.75,333.94,566.81,Retail Store
S05662,2024-11-01,ST13,C0190,P065,1,474.37,143.64,330.73,Retail Store
S05663,2023-05-26,ST14,C0054,P078,2,171.62,433.1,-261.48,Mobile App
S05664,2025-05-16,ST01,C0092,P034,2,1008.63,629.88,378.75,Online
S05665,2023-12-24,ST06,C0373,P082,2,1288.8,273.46,1015.34,Mobile App
S05666,2024-10-07,ST02,C0309,P017,1,440.41,265.06,175.35,Online
S05667,2024-10-06,ST12,C0191,P001,1,635.91,318.25,317.66,Marketplace
S05668,2024-10-07,ST02,C0171,P088,1,794.72,302.14,492.58,Marketplace
S05669,2025-04-29,ST07,C0390,P023,1,212.56,255.0,-42.44,Retail Store
S05670,2023-06-04,ST03,C0132,P036,2,1561.62,714.18,847.44,Retail Store
S05671,2025-05-31,ST13,C0225,P080,2,291.13,607.32,-316.19,Mobile App
S05672,2024-11-28,ST02,C0408,P066,1,149.21,94.05,55.16,Retail Store
S05673,2025-05-26,ST02,C0110,P025,1,741.59,266.96,474.63,Retail Store
S05674,2025-01-09,ST01,C0373,P067,1,641.05,303.9,337.15,Mobile App
S05675,2023-04-18,ST05,C0220,P014,1,93.86,86.92,6.94,Mobile App
S05676,2023-08-01,ST06,C0440,P051,1,822.17,383.14,439.03,Online
S05677,2023-08-27,ST11,C0345,P079,2,1220.52,360.52,860.0,Retail Store
S05678,2023-07-24,ST04,C0014,P051,4,2959.81,1532.56,1427.25,Online
S05679,2024-02-29,ST01,C0056,P089,4,2665.92,908.64,1757.28,Mobile App
S05680,2024-05-11,ST02,C0064,P085,2,1454.31,436.48,1017.83,Online
S05681,2023-11-30,ST08,C0101,P041,3,188.62,100.38,88.24,Marketplace
S05682,2024-06-04,ST05,C0095,P011,1,655.55,253.22,402.33,Online
S05683,2023-10-17,ST14,C0365,P005,1,479.37,280.69,198.68,Mobile App
S05684,2025-07-05,ST05,C0175,P041,2,132.73,66.92,65.81,Mobile App
S05685,2024-02-16,ST02,C0151,P002,2,969.41,395.08,574.33,Retail Store
S05686,2025-06-01,ST11,C0337,P006,1,290.93,38.9,252.03,Mobile App
S05687,2024-09-13,ST04,C0405,P036,1,663.69,357.09,306.6,Marketplace
S05688,2024-05-03,ST10,C0007,P089,1,566.51,227.16,339.35,Online
S05689,2024-08-17,ST04,C0281,P064,2,573.44,261.08,312.36,Retail Store
S05690,2024-01-24,ST15,C0277,P074,2,348.22,700.02,-351.8,Retail Store
S05691,2023-11-12,ST08,C0116,P078,3,302.85,649.65,-346.8,Retail Store
S05692,2024-06-20,ST13,C0126,P031,2,214.34,572.48,-358.14,Online
S05693,2024-04-11,ST14,C0064,P061,1,288.77,396.5,-107.73,Online
S05694,2023-09-19,ST01,C0290,P063,1,797.53,112.47,685.06,Online
S05695,2023-10-01,ST06,C0088,P022,4,1298.68,902.64,396.04,Retail Store
S05696,2023-11-13,ST02,C0311,P039,2,112.78,747.7,-634.92,Retail Store
S05697,2024-07-13,ST14,C0309,P069,1,713.43,160.09,553.34,Mobile App
S05698,2023-11-22,ST13,C0436,P086,4,2191.0,669.08,1521.92,Online
S05699,2023-03-19,ST11,C0013,P026,1,92.11,192.38,-100.27,Marketplace
S05700,2023-12-14,ST05,C0198,P003,1,606.67,112.02,494.65,Marketplace
S05701,2023-07-15,ST06,C0075,P062,3,780.96,274.08,506.88,Mobile App
S05702,2025-07-01,ST02,C0094,P063,2,1515.31,224.94,1290.37,Retail Store
S05703,2023-11-10,ST08,C0386,P024,1,828.99,153.67,675.32,Online
S05704,2023-12-02,ST10,C0073,P081,1,204.52,42.77,161.75,Marketplace
S05705,2025-02-05,ST03,C0427,P083,1,450.37,166.97,283.4,Marketplace
S05706,2023-11-17,ST10,C0172,P043,3,2318.82,1158.27,1160.55,Online
S05707,2024-09-03,ST13,C0362,P058,1,573.22,133.49,439.73,Marketplace
S05708,2025-06-17,ST12,C0447,P015,1,749.44,139.34,610.1,Mobile App
S05709,2024-11-12,ST09,C0032,P067,3,1826.99,911.7,915.29,Retail Store
S05710,2024-04-20,ST15,C0073,P061,1,245.45,396.5,-151.05,Marketplace
S05711,2024-06-06,ST06,C0437,P035,1,783.23,272.69,510.54,Retail Store
S05712,2024-03-21,ST15,C0265,P066,2,351.08,188.1,162.98,Mobile App
S05713,2023-09-26,ST12,C0106,P087,1,769.64,250.47,519.17,Online
S05714,2025-07-29,ST13,C0081,P031,2,214.34,572.48,-358.14,Online
S05715,2023-03-04,ST12,C0045,P080,4,646.96,1214.64,-567.68,Marketplace
S05716,2024-09-10,ST08,C0032,P010,1,774.37,290.1,484.27,Retail Store
S05717,2025-08-02,ST11,C0175,P041,1,66.37,33.46,32.91,Mobile App
S05718,2024-01-11,ST15,C0325,P014,1,98.8,86.92,11.88,Retail Store
S05719,2025-05-13,ST05,C0052,P063,1,717.78,112.47,605.31,Mobile App
S05720,2025-06-22,ST12,C0047,P022,2,649.34,451.32,198.02,Marketplace
S05721,2024-02-21,ST14,C0072,P039,2,107.14,747.7,-640.56,Mobile App
S05722,2023-11-11,ST11,C0275,P065,1,448.02,143.64,304.38,Online
S05723,2023-04-28,ST08,C0437,P017,5,2590.65,1325.3,1265.35,Marketplace
S05724,2024-12-28,ST04,C0133,P029,1,282.63,116.97,165.66,Online
S05725,2023-04-25,ST14,C0348,P063,3,2392.59,337.41,2055.18,Online
S05726,2024-08-23,ST14,C0018,P017,4,2072.52,1060.24,1012.28,Retail Store
S05727,2024-04-24,ST13,C0272,P085,2,1454.31,436.48,1017.83,Marketplace
S05728,2023-09-08,ST03,C0230,P085,2,1535.11,436.48,1098.63,Mobile App
S05729,2023-08-06,ST05,C0382,P087,1,654.19,250.47,403.72,Retail Store
S05730,2024-08-19,ST10,C0422,P057,1,581.41,34.16,547.25,Online
S05731,2023-12-12,ST04,C0031,P069,3,2033.28,480.27,1553.01,Retail Store
S05732,2023-11-06,ST15,C0183,P036,1,663.69,357.09,306.6,Marketplace
S05733,2025-01-16,ST08,C0145,P017,3,1476.67,795.18,681.49,Marketplace
S05734,2025-01-27,ST10,C0014,P034,2,1008.63,629.88,378.75,Retail Store
S05735,2024-02-29,ST07,C0257,P054,1,261.12,278.44,-17.32,Marketplace
S05736,2025-05-12,ST06,C0235,P083,3,1430.6,500.91,929.69,Mobile App
S05737,2024-08-17,ST07,C0143,P031,3,321.5,858.72,-537.22,Online
S05738,2024-03-04,ST12,C0227,P004,3,1019.97,701.28,318.69,Mobile App
S05739,2024-08-05,ST05,C0006,P012,1,457.21,157.89,299.32,Mobile App
S05740,2023-08-20,ST09,C0221,P083,1,503.36,166.97,336.39,Mobile App
S05741,2024-12-04,ST14,C0408,P053,3,561.99,527.64,34.35,Marketplace
S05742,2025-06-07,ST11,C0411,P003,2,1213.34,224.04,989.3,Mobile App
S05743,2023-02-18,ST05,C0232,P018,2,1170.88,628.26,542.62,Marketplace
S05744,2025-07-18,ST11,C0123,P012,1,457.21,157.89,299.32,Marketplace
S05745,2023-12-08,ST09,C0264,P004,3,1019.97,701.28,318.69,Mobile App
S05746,2024-05-05,ST01,C0442,P081,2,409.03,85.54,323.49,Mobile App
S05747,2023-06-28,ST11,C0208,P007,2,105.55,709.6,-604.05,Online
S05748,2025-03-23,ST03,C0101,P053,1,209.37,175.88,33.49,Online
S05749,2024-01-21,ST07,C0107,P002,2,1026.43,395.08,631.35,Marketplace
S05750,2023-07-06,ST09,C0136,P015,1,832.71,139.34,693.37,Retail Store
S05751,2023-02-06,ST15,C0380,P009,5,2021.49,1415.25,606.24,Mobile App
S05752,2025-01-08,ST03,C0217,P062,1,260.32,91.36,168.96,Mobile App
S05753,2023-11-15,ST08,C0384,P063,1,717.78,112.47,605.31,Online
S05754,2024-04-07,ST12,C0442,P072,1,803.55,235.14,568.41,Online
S05755,2024-09-14,ST07,C0062,P037,5,4007.05,1929.0,2078.05,Online
S05756,2023-06-17,ST07,C0063,P064,2,544.77,261.08,283.69,Marketplace
S05757,2023-10-01,ST04,C0315,P010,2,1548.74,580.2,968.54,Mobile App
S05758,2023-05-03,ST09,C0103,P038,2,981.3,794.74,186.56,Marketplace
S05759,2023-10-01,ST11,C0187,P070,3,253.01,434.16,-181.15,Marketplace
S05760,2024-06-10,ST02,C0119,P066,2,315.97,188.1,127.87,Mobile App
S05761,2024-12-25,ST08,C0083,P070,2,178.6,289.44,-110.84,Retail Store
S05762,2023-10-25,ST05,C0037,P008,6,3532.31,2283.42,1248.89,Online
S05763,2024-10-06,ST03,C0076,P001,4,2684.97,1273.0,1411.97,Retail Store
S05764,2023-06-12,ST12,C0271,P057,3,1482.6,102.48,1380.12,Mobile App
S05765,2024-01-07,ST02,C0183,P053,2,374.66,351.76,22.9,Mobile App
S05766,2024-06-22,ST07,C0214,P010,3,2323.11,870.3,1452.81,Mobile App
S05767,2024-07-06,ST06,C0079,P085,2,1535.11,436.48,1098.63,Mobile App
S05768,2024-05-20,ST11,C0299,P025,2,1565.58,533.92,1031.66,Retail Store
S05769,2023-09-05,ST01,C0387,P063,2,1515.31,224.94,1290.37,Online
S05770,2024-09-29,ST04,C0254,P068,5,2309.6,1884.95,424.65,Retail Store
S05771,2023-02-17,ST07,C0370,P035,1,700.78,272.69,428.09,Online
S05772,2023-03-22,ST05,C0074,P009,2,898.44,566.1,332.34,Online
S05773,2024-09-08,ST04,C0302,P003,1,606.67,112.02,494.65,Marketplace
S05774,2024-05-07,ST12,C0277,P028,2,942.07,598.86,343.21,Retail Store
S05775,2023-02-02,ST03,C0339,P018,2,1377.5,628.26,749.24,Marketplace
S05776,2023-01-08,ST10,C0205,P066,3,526.62,282.15,244.47,Online
S05777,2023-07-18,ST04,C0083,P078,1,100.95,216.55,-115.6,Retail Store
S05778,2025-06-04,ST12,C0351,P032,2,691.76,592.7,99.06,Retail Store
S05779,2024-06-22,ST03,C0410,P002,2,1026.43,395.08,631.35,Mobile App
S05780,2023-03-12,ST02,C0065,P037,2,1602.82,771.6,831.22,Marketplace
S05781,2025-04-11,ST15,C0426,P064,3,774.14,391.62,382.52,Retail Store
S05782,2025-04-26,ST05,C0336,P050,2,947.32,329.74,617.58,Online
S05783,2024-03-02,ST04,C0174,P080,2,274.96,607.32,-332.36,Online
S05784,2023-08-24,ST14,C0330,P072,1,763.37,235.14,528.23,Online
S05785,2025-02-12,ST01,C0147,P049,1,647.69,236.79,410.9,Marketplace
S05786,2024-05-27,ST10,C0427,P088,1,836.55,302.14,534.41,Marketplace
S05787,2024-01-25,ST15,C0095,P039,1,56.39,373.85,-317.46,Marketplace
S05788,2024-12-27,ST14,C0092,P047,1,673.57,118.67,554.9,Marketplace
S05789,2023-04-12,ST04,C0203,P032,1,294.0,296.35,-2.35,Retail Store
S05790,2023-12-03,ST01,C0035,P025,1,741.59,266.96,474.63,Online
S05791,2023-09-12,ST12,C0113,P012,1,457.21,157.89,299.32,Marketplace
S05792,2024-02-10,ST03,C0084,P051,2,1397.69,766.28,631.41,Retail Store
S05793,2023-01-16,ST11,C0119,P054,1,248.06,278.44,-30.38,Marketplace
S05794,2023-08-27,ST11,C0061,P001,1,706.57,318.25,388.32,Marketplace
S05795,2023-05-31,ST06,C0399,P030,2,1314.14,616.1,698.04,Marketplace
S05796,2024-01-18,ST15,C0447,P086,1,518.92,167.27,351.65,Marketplace
S05797,2024-08-21,ST13,C0095,P036,2,1405.46,714.18,691.28,Mobile App
S05798,2024-03-01,ST10,C0102,P077,1,286.51,391.83,-105.32,Marketplace
S05799,2025-04-12,ST03,C0116,P009,1,381.84,283.05,98.79,Marketplace
S05800,2025-06-25,ST04,C0365,P044,1,437.3,212.6,224.7,Mobile App
S05801,2025-03-13,ST11,C0108,P063,3,2153.33,337.41,1815.92,Retail Store
S05802,2024-01-28,ST13,C0192,P007,2,117.28,709.6,-592.32,Mobile App
S05803,2024-11-12,ST07,C0025,P034,1,476.3,314.94,161.36,Mobile App
S05804,2024-04-27,ST06,C0107,P040,1,675.96,99.01,576.95,Retail Store
S05805,2023-02-16,ST11,C0214,P072,1,683.02,235.14,447.88,Online
S05806,2023-11-20,ST06,C0276,P086,3,1470.28,501.81,968.47,Mobile App
S05807,2023-07-20,ST11,C0081,P013,1,257.46,77.84,179.62,Retail Store
S05808,2025-06-19,ST01,C0181,P054,3,783.36,835.32,-51.96,Retail Store
S05809,2025-04-09,ST11,C0423,P043,4,2628.0,1544.36,1083.64,Mobile App
S05810,2023-10-18,ST03,C0310,P072,1,683.02,235.14,447.88,Marketplace
S05811,2024-07-11,ST14,C0355,P056,2,1643.9,556.92,1086.98,Mobile App
S05812,2023-04-15,ST06,C0089,P049,2,1101.07,473.58,627.49,Online
S05813,2024-11-03,ST12,C0148,P084,2,1363.28,781.16,582.12,Mobile App
S05814,2024-11-22,ST15,C0215,P052,6,2092.61,387.06,1705.55,Online
S05815,2025-03-09,ST05,C0089,P062,1,306.26,91.36,214.9,Retail Store
S05816,2023-12-06,ST11,C0337,P042,2,458.1,281.96,176.14,Retail Store
S05817,2024-03-08,ST08,C0099,P083,2,953.73,333.94,619.79,Marketplace
S05818,2024-09-01,ST15,C0327,P048,3,1032.18,463.5,568.68,Marketplace
S05819,2024-10-26,ST11,C0120,P066,1,166.76,94.05,72.71,Online
S05820,2025-02-20,ST04,C0286,P033,3,1892.69,880.8,1011.89,Online
S05821,2023-12-21,ST14,C0383,P036,2,1327.38,714.18,613.2,Online
S05822,2023-02-11,ST08,C0115,P001,1,706.57,318.25,388.32,Online
S05823,2025-08-12,ST12,C0404,P043,1,657.0,386.09,270.91,Mobile App
S05824,2025-05-05,ST14,C0183,P089,1,633.16,227.16,406.0,Online
S05825,2025-07-12,ST15,C0397,P010,3,2323.11,870.3,1452.81,Marketplace
S05826,2025-08-01,ST15,C0096,P036,3,2342.43,1071.27,1271.16,Online
S05827,2024-12-04,ST13,C0433,P086,2,980.19,334.54,645.65,Online
S05828,2025-04-06,ST14,C0042,P066,3,526.62,282.15,244.47,Mobile App
S05829,2024-09-23,ST14,C0441,P031,1,107.17,286.24,-179.07,Online
S05830,2024-09-30,ST11,C0365,P023,1,236.18,255.0,-18.82,Online
S05831,2024-06-26,ST15,C0041,P019,1,120.38,335.58,-215.2,Retail Store
S05832,2025-04-17,ST14,C0036,P074,1,174.11,350.01,-175.9,Marketplace
S05833,2024-10-17,ST12,C0096,P047,1,638.12,118.67,519.45,Marketplace
S05834,2024-03-17,ST09,C0271,P019,3,343.08,1006.74,-663.66,Marketplace
S05835,2025-05-01,ST02,C0349,P065,1,500.73,143.64,357.09,Marketplace
S05836,2024-06-18,ST10,C0180,P072,2,1526.74,470.28,1056.46,Online
S05837,2023-03-28,ST12,C0249,P012,1,457.21,157.89,299.32,Marketplace
S05838,2023-06-04,ST09,C0019,P081,1,215.28,42.77,172.51,Retail Store
S05839,2023-06-27,ST06,C0322,P027,1,539.39,203.1,336.29,Retail Store
S05840,2023-09-10,ST15,C0445,P022,1,275.97,225.66,50.31,Online
S05841,2025-07-05,ST04,C0393,P089,1,666.48,227.16,439.32,Retail Store
S05842,2023-12-27,ST09,C0439,P059,2,265.03,490.46,-225.43,Marketplace
S05843,2024-04-09,ST10,C0360,P056,2,1561.7,556.92,1004.78,Marketplace
S05844,2024-05-13,ST12,C0227,P014,1,98.8,86.92,11.88,Online
S05845,2023-10-08,ST08,C0087,P028,1,554.16,299.43,254.73,Online
S05846,2024-01-20,ST15,C0242,P084,1,681.64,390.58,291.06,Marketplace
S05847,2024-03-09,ST04,C0043,P036,1,663.69,357.09,306.6,Marketplace
S05848,2024-08-16,ST02,C0423,P030,2,1182.73,616.1,566.63,Marketplace
S05849,2025-03-20,ST08,C0193,P001,1,671.24,318.25,352.99,Marketplace
S05850,2025-03-19,ST10,C0157,P014,1,98.8,86.92,11.88,Mobile App
S05851,2025-03-18,ST06,C0262,P087,2,1308.39,500.94,807.45,Mobile App
S05852,2023-03-21,ST03,C0340,P047,1,709.02,118.67,590.35,Retail Store
S05853,2025-01-30,ST14,C0317,P021,1,459.95,349.05,110.9,Mobile App
S05854,2024-07-01,ST05,C0178,P027,1,634.58,203.1,431.48,Retail Store
S05855,2024-07-08,ST12,C0082,P056,1,821.95,278.46,543.49,Marketplace
S05856,2023-04-08,ST09,C0389,P036,3,1991.07,1071.27,919.8,Retail Store
S05857,2024-05-06,ST13,C0011,P077,5,1217.67,1959.15,-741.48,Marketplace
S05858,2024-03-19,ST15,C0252,P004,1,305.99,233.76,72.23,Retail Store
S05859,2023-12-31,ST11,C0423,P038,1,466.12,397.37,68.75,Marketplace
S05860,2023-03-08,ST02,C0032,P046,2,856.62,698.96,157.66,Online
S05861,2024-07-11,ST15,C0380,P071,1,136.79,253.92,-117.13,Marketplace
S05862,2024-10-31,ST10,C0036,P032,2,622.58,592.7,29.88,Mobile App
S05863,2023-10-18,ST01,C0354,P059,1,118.57,245.23,-126.66,Retail Store
S05864,2025-02-11,ST06,C0351,P035,1,824.45,272.69,551.76,Online
S05865,2024-08-10,ST08,C0112,P086,4,1960.37,669.08,1291.29,Online
S05866,2023-06-10,ST13,C0186,P065,2,1054.16,287.28,766.88,Marketplace
S05867,2023-07-20,ST06,C0356,P027,1,634.58,203.1,431.48,Online
S05868,2023-04-08,ST14,C0223,P045,4,1552.45,508.32,1044.13,Online
S05869,2025-06-11,ST08,C0061,P087,3,2308.92,751.41,1557.51,Retail Store
S05870,2024-08-26,ST02,C0003,P076,3,1713.4,434.31,1279.09,Retail Store
S05871,2023-06-23,ST05,C0425,P029,1,254.37,116.97,137.4,Retail Store
S05872,2025-01-08,ST04,C0349,P007,3,158.33,1064.4,-906.07,Retail Store
S05873,2025-01-09,ST05,C0175,P047,4,2836.08,474.68,2361.4,Marketplace
S05874,2024-05-18,ST07,C0081,P008,3,1870.05,1141.71,728.34,Marketplace
S05875,2024-09-18,ST02,C0348,P081,1,204.52,42.77,161.75,Retail Store
S05876,2024-10-07,ST02,C0339,P072,1,683.02,235.14,447.88,Online
S05877,2024-04-08,ST11,C0046,P032,3,1037.64,889.05,148.59,Mobile App
S05878,2024-03-04,ST14,C0412,P030,2,1248.43,616.1,632.33,Marketplace
S05879,2024-02-27,ST06,C0200,P036,3,1991.07,1071.27,919.8,Retail Store
S05880,2024-01-04,ST07,C0048,P028,1,554.16,299.43,254.73,Retail Store
S05881,2023-11-07,ST09,C0437,P023,2,401.51,510.0,-108.49,Marketplace
S05882,2025-05-23,ST05,C0399,P010,1,658.21,290.1,368.11,Retail Store
S05883,2024-04-13,ST05,C0080,P075,1,432.25,89.53,342.72,Mobile App
S05884,2023-12-18,ST08,C0182,P034,1,532.33,314.94,217.39,Mobile App
S05885,2023-10-22,ST04,C0382,P059,1,118.57,245.23,-126.66,Retail Store
S05886,2024-08-19,ST03,C0394,P085,3,2302.66,654.72,1647.94,Mobile App
S05887,2024-09-23,ST01,C0139,P034,4,1905.19,1259.76,645.43,Marketplace
S05888,2024-11-20,ST02,C0306,P080,1,137.48,303.66,-166.18,Marketplace
S05889,2024-09-13,ST12,C0440,P057,4,2209.36,136.64,2072.72,Mobile App
S05890,2023-10-25,ST07,C0163,P086,1,518.92,167.27,351.65,Marketplace
S05891,2025-08-15,ST03,C0130,P078,1,100.95,216.55,-115.6,Mobile App
S05892,2024-02-25,ST10,C0013,P073,1,821.3,376.81,444.49,Mobile App
S05893,2024-04-03,ST11,C0149,P074,2,330.81,700.02,-369.21,Mobile App
S05894,2024-04-24,ST15,C0420,P040,4,2703.84,396.04,2307.8,Mobile App
S05895,2023-11-24,ST06,C0191,P056,1,780.85,278.46,502.39,Retail Store
S05896,2024-02-04,ST15,C0253,P079,4,2871.8,721.04,2150.76,Marketplace
S05897,2024-07-02,ST15,C0276,P013,2,605.8,155.68,450.12,Online
S05898,2025-07-14,ST11,C0100,P016,1,701.97,129.06,572.91,Retail Store
S05899,2024-12-07,ST14,C0273,P063,2,1595.06,224.94,1370.12,Mobile App
S05900,2025-03-18,ST08,C0250,P018,1,585.44,314.13,271.31,Marketplace
S05901,2023-09-16,ST03,C0087,P007,4,211.1,1419.2,-1208.1,Mobile App
S05902,2024-08-18,ST15,C0030,P036,1,780.81,357.09,423.72,Marketplace
S05903,2025-05-23,ST04,C0067,P061,2,548.66,793.0,-244.34,Retail Store
S05904,2024-04-18,ST11,C0196,P019,2,240.76,671.16,-430.4,Retail Store
S05905,2025-07-10,ST15,C0038,P072,3,2049.05,705.42,1343.63,Online
S05906,2024-11-06,ST11,C0015,P039,3,152.25,1121.55,-969.3,Marketplace
S05907,2023-10-18,ST06,C0217,P070,1,99.22,144.72,-45.5,Marketplace
S05908,2023-04-20,ST14,C0121,P083,3,1430.6,500.91,929.69,Mobile App
S05909,2023-07-24,ST11,C0274,P041,1,59.38,33.46,25.92,Mobile App
S05910,2024-07-31,ST13,C0319,P035,2,1484.01,545.38,938.63,Marketplace
S05911,2024-03-30,ST01,C0207,P015,2,1415.61,278.68,1136.93,Retail Store
S05912,2025-08-25,ST05,C0408,P052,1,348.77,64.51,284.26,Online
S05913,2024-10-08,ST15,C0339,P039,3,169.17,1121.55,-952.38,Online
S05914,2023-04-17,ST02,C0363,P089,1,666.48,227.16,439.32,Retail Store
S05915,2025-07-13,ST01,C0171,P041,1,59.38,33.46,25.92,Retail Store
S05916,2024-09-18,ST13,C0097,P021,2,968.32,698.1,270.22,Marketplace
S05917,2024-03-25,ST13,C0002,P046,1,452.1,349.48,102.62,Retail Store
S05918,2025-04-15,ST05,C0281,P053,2,440.78,351.76,89.02,Marketplace
S05919,2025-01-15,ST01,C0129,P007,1,49.84,354.8,-304.96,Marketplace
S05920,2024-08-20,ST04,C0121,P046,1,428.31,349.48,78.83,Mobile App
S05921,2023-09-13,ST15,C0285,P073,5,3490.53,1884.05,1606.48,Marketplace
S05922,2024-10-07,ST04,C0355,P039,1,56.39,373.85,-317.46,Online
S05923,2025-03-07,ST10,C0407,P039,1,56.39,373.85,-317.46,Retail Store
S05924,2024-10-03,ST10,C0422,P059,2,278.98,490.46,-211.48,Marketplace
S05925,2024-11-06,ST13,C0173,P029,2,537.0,233.94,303.06,Marketplace
S05926,2024-04-15,ST01,C0152,P006,1,274.76,38.9,235.86,Retail Store
S05927,2023-06-18,ST10,C0122,P053,1,220.39,175.88,44.51,Online
S05928,2025-07-06,ST03,C0273,P031,1,113.47,286.24,-172.77,Marketplace
S05929,2024-03-31,ST03,C0207,P036,4,3123.24,1428.36,1694.88,Online
S05930,2024-05-01,ST10,C0403,P080,4,549.92,1214.64,-664.72,Mobile App
S05931,2024-01-26,ST01,C0167,P034,2,1008.63,629.88,378.75,Mobile App
S05932,2023-04-12,ST13,C0418,P085,1,686.76,218.24,468.52,Retail Store
S05933,2023-11-30,ST15,C0378,P018,4,2341.75,1256.52,1085.23,Marketplace
S05934,2024-09-22,ST02,C0311,P047,1,638.12,118.67,519.45,Marketplace
S05935,2024-12-12,ST03,C0390,P011,3,2313.69,759.66,1554.03,Mobile App
S05936,2024-04-19,ST01,C0032,P028,1,554.16,299.43,254.73,Online
S05937,2023-04-03,ST11,C0197,P006,1,290.93,38.9,252.03,Marketplace
S05938,2024-06-03,ST12,C0085,P089,1,666.48,227.16,439.32,Retail Store
S05939,2025-05-01,ST08,C0229,P017,1,492.22,265.06,227.16,Mobile App
S05940,2023-12-30,ST15,C0014,P028,1,471.04,299.43,171.61,Online
S05941,2023-07-28,ST05,C0058,P035,2,1648.9,545.38,1103.52,Online
S05942,2024-10-09,ST10,C0424,P055,1,616.33,244.81,371.52,Marketplace
S05943,2023-05-28,ST11,C0015,P076,2,1276.65,289.54,987.11,Mobile App
S05944,2025-04-17,ST05,C0219,P040,1,675.96,99.01,576.95,Marketplace
S05945,2024-06-05,ST12,C0271,P032,1,345.88,296.35,49.53,Marketplace
S05946,2025-07-29,ST08,C0145,P063,1,757.65,112.47,645.18,Online
S05947,2023-12-07,ST09,C0196,P064,1,272.38,130.54,141.84,Mobile App
S05948,2023-01-18,ST13,C0153,P011,1,694.11,253.22,440.89,Retail Store
S05949,2025-01-24,ST12,C0341,P020,1,705.66,218.7,486.96,Mobile App
S05950,2024-12-30,ST09,C0182,P051,1,822.17,383.14,439.03,Marketplace
S05951,2025-02-03,ST02,C0080,P071,5,647.96,1269.6,-621.64,Retail Store
S05952,2025-03-25,ST14,C0442,P025,1,782.79,266.96,515.83,Online
S05953,2024-04-17,ST14,C0198,P087,1,731.16,250.47,480.69,Online
S05954,2024-08-04,ST02,C0314,P046,3,1356.31,1048.44,307.87,Mobile App
S05955,2025-03-21,ST10,C0101,P026,2,195.05,384.76,-189.71,Mobile App
S05956,2023-12-19,ST12,C0380,P069,2,1426.86,320.18,1106.68,Marketplace
S05957,2024-05-03,ST01,C0437,P057,2,1162.82,68.32,1094.5,Marketplace
S05958,2024-09-27,ST11,C0038,P079,2,1220.52,360.52,860.0,Mobile App
S05959,2024-01-27,ST14,C0151,P029,2,537.0,233.94,303.06,Retail Store
S05960,2023-06-01,ST11,C0294,P063,2,1595.06,224.94,1370.12,Marketplace
S05961,2025-05-23,ST08,C0249,P069,1,713.43,160.09,553.34,Retail Store
S05962,2024-05-31,ST12,C0429,P071,3,367.17,761.76,-394.59,Mobile App
S05963,2025-06-03,ST14,C0100,P034,1,504.32,314.94,189.38,Marketplace
S05964,2024-09-03,ST03,C0388,P049,1,582.92,236.79,346.13,Marketplace
S05965,2023-04-25,ST09,C0418,P019,3,325.03,1006.74,-681.71,Mobile App
S05966,2023-07-08,ST13,C0325,P003,4,2062.68,448.08,1614.6,Online
S05967,2023-06-13,ST04,C0083,P019,2,228.72,671.16,-442.44,Online
S05968,2023-07-27,ST09,C0415,P055,3,2175.27,734.43,1440.84,Online
S05969,2024-12-17,ST05,C0081,P019,2,240.76,671.16,-430.4,Retail Store
S05970,2025-02-04,ST11,C0350,P072,1,683.02,235.14,447.88,Online
S05971,2024-09-12,ST06,C0150,P019,1,120.38,335.58,-215.2,Marketplace
S05972,2024-03-08,ST13,C0196,P044,1,437.3,212.6,224.7,Mobile App
S05973,2023-10-20,ST09,C0272,P005,3,1522.69,842.07,680.62,Marketplace
S05974,2024-03-28,ST08,C0146,P086,1,547.75,167.27,380.48,Mobile App
S05975,2023-09-02,ST10,C0176,P055,1,688.84,244.81,444.03,Online
S05976,2025-02-24,ST07,C0025,P008,4,2354.87,1522.28,832.59,Mobile App
S05977,2025-08-28,ST09,C0380,P072,3,2169.58,705.42,1464.16,Retail Store
S05978,2024-03-08,ST02,C0268,P028,1,554.16,299.43,254.73,Retail Store
S05979,2024-11-27,ST05,C0150,P068,3,1177.9,1130.97,46.93,Online
S05980,2023-09-05,ST07,C0117,P026,2,205.88,384.76,-178.88,Mobile App
S05981,2025-08-10,ST02,C0262,P005,3,1607.29,842.07,765.22,Online
S05982,2024-10-13,ST04,C0061,P033,1,742.23,293.6,448.63,Retail Store
S05983,2024-04-20,ST03,C0227,P051,1,781.06,383.14,397.92,Retail Store
S05984,2025-02-26,ST04,C0422,P060,1,397.28,138.25,259.03,Online
S05985,2025-03-09,ST09,C0364,P010,3,2323.11,870.3,1452.81,Marketplace
S05986,2023-08-27,ST12,C0049,P042,1,256.0,140.98,115.02,Marketplace
S05987,2023-10-10,ST14,C0107,P019,1,102.32,335.58,-233.26,Marketplace
S05988,2024-06-24,ST08,C0353,P007,2,117.28,709.6,-592.32,Online
S05989,2024-11-25,ST10,C0223,P027,2,1269.16,406.2,862.96,Online
S05990,2024-07-10,ST05,C0393,P087,2,1308.39,500.94,807.45,Mobile App
S05991,2025-08-25,ST03,C0354,P058,1,541.37,133.49,407.88,Marketplace
S05992,2024-05-19,ST01,C0387,P047,1,709.02,118.67,590.35,Mobile App
S05993,2023-07-30,ST04,C0190,P006,3,921.26,116.7,804.56,Mobile App
S05994,2025-07-02,ST06,C0088,P047,1,673.57,118.67,554.9,Online
S05995,2023-12-29,ST15,C0091,P052,3,1162.56,193.53,969.03,Retail Store
S05996,2025-01-15,ST08,C0109,P076,1,638.32,144.77,493.55,Retail Store
S05997,2023-02-06,ST14,C0050,P034,1,560.35,314.94,245.41,Mobile App
S05998,2024-03-25,ST11,C0325,P068,1,415.73,376.99,38.74,Online
S05999,2023-07-05,ST03,C0137,P047,1,602.67,118.67,484.0,Retail Store
S06000,2025-03-13,ST04,C0137,P060,1,467.39,138.25,329.14,Online
S06001,2023-04-09,ST11,C0163,P051,1,739.95,383.14,356.81,Online
S06002,2023-03-17,ST10,C0062,P025,1,823.99,266.96,557.03,Online
S06003,2023-12-05,ST06,C0035,P001,1,706.57,318.25,388.32,Mobile App
S06004,2024-10-21,ST12,C0070,P011,1,771.23,253.22,518.01,Mobile App
S06005,2024-10-03,ST14,C0209,P003,1,515.67,112.02,403.65,Mobile App
S06006,2023-02-08,ST15,C0288,P074,1,174.11,350.01,-175.9,Retail Store
S06007,2023-04-13,ST12,C0298,P040,1,642.16,99.01,543.15,Retail Store
S06008,2024-12-30,ST05,C0304,P024,1,828.99,153.67,675.32,Online
S06009,2025-07-03,ST13,C0214,P053,3,561.99,527.64,34.35,Retail Store
S06010,2024-03-23,ST09,C0425,P075,2,915.35,179.06,736.29,Online
S06011,2025-02-08,ST01,C0132,P053,2,418.74,351.76,66.98,Online
S06012,2023-09-20,ST07,C0087,P066,1,166.76,94.05,72.71,Mobile App
S06013,2023-02-02,ST15,C0449,P006,1,274.76,38.9,235.86,Online
S06014,2024-06-12,ST14,C0265,P036,1,663.69,357.09,306.6,Online
S06015,2024-11-12,ST09,C0059,P062,2,581.89,182.72,399.17,Marketplace
S06016,2023-06-23,ST01,C0254,P081,2,387.5,85.54,301.96,Online
S06017,2024-05-29,ST14,C0078,P058,1,541.37,133.49,407.88,Marketplace
S06018,2023-11-02,ST05,C0335,P040,1,675.96,99.01,576.95,Retail Store
S06019,2023-04-06,ST02,C0344,P023,4,850.25,1020.0,-169.75,Retail Store
S06020,2025-05-29,ST07,C0440,P002,2,1140.48,395.08,745.4,Marketplace
S06021,2023-06-01,ST09,C0176,P044,2,743.41,425.2,318.21,Mobile App
S06022,2024-12-30,ST13,C0382,P001,1,635.91,318.25,317.66,Mobile App
S06023,2023-12-22,ST03,C0370,P020,2,1485.6,437.4,1048.2,Retail Store
S06024,2025-02-27,ST02,C0131,P029,2,565.26,233.94,331.32,Mobile App
S06025,2023-08-18,ST01,C0251,P077,1,243.53,391.83,-148.3,Retail Store
S06026,2024-06-18,ST11,C0112,P022,1,292.2,225.66,66.54,Online
S06027,2025-02-09,ST06,C0151,P086,3,1729.74,501.81,1227.93,Marketplace
S06028,2024-07-23,ST01,C0035,P056,2,1479.51,556.92,922.59,Mobile App
S06029,2024-03-09,ST11,C0436,P004,2,577.98,467.52,110.46,Marketplace
S06030,2024-10-20,ST01,C0267,P018,1,688.75,314.13,374.62,Online
S06031,2023-12-10,ST12,C0427,P076,3,1713.4,434.31,1279.09,Online
S06032,2023-07-12,ST15,C0363,P038,3,1398.35,1192.11,206.24,Marketplace
S06033,2024-02-21,ST12,C0308,P024,1,704.64,153.67,550.97,Online
S06034,2025-08-30,ST15,C0103,P026,1,102.94,192.38,-89.44,Online
S06035,2023-12-25,ST04,C0135,P050,2,894.69,329.74,564.95,Marketplace
S06036,2024-10-17,ST01,C0419,P012,2,914.42,315.78,598.64,Online
S06037,2023-12-13,ST07,C0167,P024,4,3150.16,614.68,2535.48,Online
S06038,2024-05-27,ST05,C0272,P052,1,387.52,64.51,323.01,Marketplace
S06039,2024-02-01,ST07,C0353,P010,1,735.65,290.1,445.55,Retail Store
S06040,2024-04-20,ST02,C0336,P051,1,822.17,383.14,439.03,Mobile App
S06041,2024-03-18,ST01,C0059,P045,3,1164.34,381.24,783.1,Mobile App
S06042,2023-05-10,ST12,C0240,P013,1,272.61,77.84,194.77,Mobile App
S06043,2024-06-07,ST03,C0171,P063,2,1515.31,224.94,1290.37,Retail Store
S06044,2023-09-20,ST06,C0223,P043,3,2086.94,1158.27,928.67,Retail Store
S06045,2023-03-25,ST03,C0078,P068,1,461.92,376.99,84.93,Retail Store
S06046,2023-07-27,ST04,C0249,P002,2,1140.48,395.08,745.4,Marketplace
S06047,2025-02-18,ST12,C0097,P064,2,573.44,261.08,312.36,Online
S06048,2025-03-09,ST03,C0039,P077,1,286.51,391.83,-105.32,Online
S06049,2025-01-02,ST13,C0196,P039,1,56.39,373.85,-317.46,Marketplace
S06050,2024-08-18,ST09,C0386,P016,1,701.97,129.06,572.91,Retail Store
S06051,2023-03-14,ST14,C0030,P001,1,635.91,318.25,317.66,Retail Store
S06052,2023-07-04,ST10,C0254,P089,3,1999.44,681.48,1317.96,Marketplace
S06053,2024-08-10,ST10,C0247,P004,1,322.99,233.76,89.23,Online
S06054,2025-06-05,ST08,C0287,P055,1,725.09,244.81,480.28,Online
S06055,2023-10-29,ST09,C0372,P068,1,392.63,376.99,15.64,Marketplace
S06056,2024-04-24,ST10,C0248,P060,1,420.65,138.25,282.4,Marketplace
S06057,2023-10-29,ST13,C0186,P061,2,577.54,793.0,-215.46,Mobile App
S06058,2024-08-20,ST06,C0254,P055,2,1450.18,489.62,960.56,Mobile App
S06059,2024-02-25,ST05,C0251,P017,2,984.45,530.12,454.33,Retail Store
S06060,2025-04-08,ST04,C0198,P025,1,782.79,266.96,515.83,Online
S06061,2025-06-16,ST04,C0152,P024,4,2818.57,614.68,2203.89,Mobile App
S06062,2023-11-02,ST02,C0235,P041,4,279.44,133.84,145.6,Marketplace
S06063,2024-11-24,ST11,C0242,P025,2,1647.98,533.92,1114.06,Online
S06064,2024-12-08,ST05,C0179,P074,2,295.99,700.02,-404.03,Online
S06065,2024-02-07,ST05,C0325,P023,1,200.75,255.0,-54.25,Online
S06066,2025-01-17,ST07,C0415,P027,3,1713.37,609.3,1104.07,Retail Store
S06067,2025-05-10,ST02,C0083,P069,1,713.43,160.09,553.34,Online
S06068,2025-07-14,ST10,C0077,P057,1,581.41,34.16,547.25,Mobile App
S06069,2023-09-18,ST05,C0449,P016,3,1895.32,387.18,1508.14,Online
S06070,2025-07-26,ST01,C0209,P058,1,636.91,133.49,503.42,Retail Store
S06071,2023-07-10,ST04,C0156,P088,1,836.55,302.14,534.41,Marketplace
S06072,2025-01-16,ST04,C0399,P052,2,658.78,129.02,529.76,Retail Store
S06073,2025-08-05,ST09,C0234,P064,2,573.44,261.08,312.36,Marketplace
S06074,2024-10-11,ST04,C0408,P003,1,606.67,112.02,494.65,Mobile App
S06075,2024-10-08,ST14,C0389,P047,2,1418.04,237.34,1180.7,Retail Store
S06076,2025-06-08,ST07,C0278,P055,1,652.58,244.81,407.77,Marketplace
S06077,2024-10-17,ST12,C0045,P063,2,1595.06,224.94,1370.12,Online
S06078,2023-08-11,ST03,C0206,P046,2,809.03,698.96,110.07,Online
S06079,2023-12-21,ST10,C0270,P089,2,1332.96,454.32,878.64,Online
S06080,2024-09-03,ST02,C0249,P085,1,807.95,218.24,589.71,Marketplace
S06081,2025-03-31,ST10,C0113,P001,4,2684.97,1273.0,1411.97,Online
S06082,2024-06-29,ST04,C0284,P041,4,237.52,133.84,103.68,Retail Store
S06083,2023-05-30,ST08,C0016,P067,1,641.05,303.9,337.15,Online
S06084,2025-03-13,ST10,C0308,P007,2,99.69,709.6,-609.91,Retail Store
S06085,2024-05-14,ST08,C0337,P083,3,1589.55,500.91,1088.64,Mobile App
S06086,2025-08-06,ST15,C0273,P068,5,2194.12,1884.95,309.17,Marketplace
S06087,2023-11-30,ST07,C0012,P055,2,1450.18,489.62,960.56,Online
S06088,2025-07-11,ST01,C0362,P035,1,783.23,272.69,510.54,Marketplace
S06089,2024-10-13,ST07,C0240,P065,1,527.08,143.64,383.44,Mobile App
S06090,2023-08-19,ST03,C0158,P061,1,288.77,396.5,-107.73,Retail Store
S06091,2024-12-10,ST05,C0179,P049,1,582.92,236.79,346.13,Online
S06092,2025-02-26,ST01,C0193,P073,5,3490.53,1884.05,1606.48,Marketplace
S06093,2025-07-09,ST03,C0176,P074,1,165.4,350.01,-184.61,Mobile App
S06094,2024-11-19,ST05,C0039,P024,1,828.99,153.67,675.32,Marketplace
S06095,2025-02-17,ST02,C0188,P066,1,175.54,94.05,81.49,Mobile App
S06096,2023-05-18,ST01,C0002,P078,1,90.86,216.55,-125.69,Retail Store
S06097,2024-05-07,ST11,C0306,P006,2,581.85,77.8,504.05,Online
S06098,2025-01-12,ST02,C0132,P066,2,315.97,188.1,127.87,Online
S06099,2024-01-15,ST14,C0076,P050,1,447.35,164.87,282.48,Retail Store
S06100,2025-07-02,ST11,C0110,P044,1,437.3,212.6,224.7,Mobile App
S06101,2023-04-11,ST01,C0261,P025,2,1647.98,533.92,1114.06,Mobile App
S06102,2025-02-27,ST01,C0321,P052,1,348.77,64.51,284.26,Mobile App
S06103,2024-10-16,ST02,C0256,P081,1,182.99,42.77,140.22,Marketplace
S06104,2025-07-20,ST02,C0214,P070,3,267.89,434.16,-166.27,Marketplace
S06105,2025-02-14,ST05,C0019,P058,1,636.91,133.49,503.42,Retail Store
S06106,2023-06-11,ST13,C0069,P028,4,2105.81,1197.72,908.09,Marketplace
S06107,2023-09-14,ST07,C0404,P064,1,272.38,130.54,141.84,Retail Store
S06108,2024-10-01,ST10,C0297,P060,1,444.02,138.25,305.77,Mobile App
S06109,2023-11-10,ST11,C0177,P034,3,1597.0,944.82,652.18,Marketplace
S06110,2023-06-04,ST03,C0394,P079,3,2046.16,540.78,1505.38,Online
S06111,2024-01-03,ST02,C0160,P012,4,1828.84,631.56,1197.28,Online
S06112,2025-06-17,ST09,C0230,P036,3,1991.07,1071.27,919.8,Marketplace
S06113,2024-07-23,ST06,C0296,P035,1,700.78,272.69,428.09,Marketplace
S06114,2025-02-07,ST11,C0071,P057,2,1162.82,68.32,1094.5,Marketplace
S06115,2024-06-15,ST02,C0037,P068,1,438.82,376.99,61.83,Retail Store
S06116,2025-02-23,ST02,C0387,P088,3,2509.65,906.42,1603.23,Mobile App
S06117,2023-05-23,ST14,C0264,P016,5,3334.36,645.3,2689.06,Retail Store
S06118,2023-11-21,ST06,C0107,P049,1,647.69,236.79,410.9,Marketplace
S06119,2024-08-24,ST07,C0373,P072,1,683.02,235.14,447.88,Marketplace
S06120,2023-10-25,ST13,C0369,P067,1,576.94,303.9,273.04,Mobile App
S06121,2025-08-08,ST06,C0322,P029,2,537.0,233.94,303.06,Mobile App
S06122,2025-01-08,ST11,C0011,P063,2,1515.31,224.94,1290.37,Online
S06123,2024-03-15,ST04,C0310,P026,1,108.36,192.38,-84.02,Online
S06124,2023-09-14,ST07,C0234,P054,3,783.36,835.32,-51.96,Marketplace
S06125,2024-09-04,ST13,C0439,P070,1,99.22,144.72,-45.5,Marketplace
S06126,2024-01-03,ST03,C0386,P071,1,122.39,253.92,-131.53,Mobile App
S06127,2023-12-29,ST07,C0099,P004,2,577.98,467.52,110.46,Online
S06128,2023-07-28,ST11,C0208,P039,1,47.93,373.85,-325.92,Retail Store
S06129,2023-12-31,ST08,C0072,P053,1,220.39,175.88,44.51,Retail Store
S06130,2025-03-07,ST11,C0104,P071,2,287.98,507.84,-219.86,Online
S06131,2023-09-30,ST13,C0009,P083,3,1351.12,500.91,850.21,Marketplace
S06132,2025-06-18,ST15,C0033,P063,2,1515.31,224.94,1290.37,Mobile App
S06133,2023-04-17,ST04,C0228,P017,2,1036.26,530.12,506.14,Marketplace
S06134,2023-04-05,ST15,C0314,P014,2,187.72,173.84,13.88,Retail Store
S06135,2025-01-21,ST03,C0353,P011,3,2313.69,759.66,1554.03,Marketplace
S06136,2024-06-01,ST09,C0130,P026,1,108.36,192.38,-84.02,Mobile App
S06137,2025-04-07,ST03,C0403,P042,3,727.57,422.94,304.63,Retail Store
S06138,2025-05-30,ST12,C0080,P054,3,744.19,835.32,-91.13,Online
S06139,2023-11-30,ST07,C0126,P088,3,2384.17,906.42,1477.75,Online
S06140,2023-07-28,ST10,C0125,P028,3,1662.48,898.29,764.19,Online
S06141,2025-06-15,ST07,C0397,P077,4,1088.74,1567.32,-478.58,Retail Store
S06142,2023-07-02,ST03,C0221,P039,1,56.39,373.85,-317.46,Online
S06143,2025-07-29,ST07,C0118,P077,1,286.51,391.83,-105.32,Retail Store
S06144,2024-10-30,ST10,C0390,P054,1,248.06,278.44,-30.38,Mobile App
S06145,2023-05-21,ST07,C0336,P041,1,69.86,33.46,36.4,Retail Store
S06146,2023-07-20,ST04,C0328,P029,1,268.5,116.97,151.53,Online
S06147,2025-03-14,ST06,C0132,P053,1,220.39,175.88,44.51,Mobile App
S06148,2024-09-18,ST01,C0415,P002,2,1083.46,395.08,688.38,Marketplace
S06149,2023-04-08,ST06,C0359,P028,1,498.74,299.43,199.31,Online
S06150,2024-07-31,ST10,C0246,P085,1,767.55,218.24,549.31,Online
S06151,2024-03-08,ST08,C0015,P060,1,397.28,138.25,259.03,Mobile App
S06152,2025-07-14,ST03,C0165,P009,2,808.6,566.1,242.5,Retail Store
S06153,2024-02-22,ST10,C0428,P088,1,711.07,302.14,408.93,Online
S06154,2023-10-20,ST04,C0403,P081,1,182.99,42.77,140.22,Retail Store
S06155,2023-04-08,ST04,C0248,P059,1,132.52,245.23,-112.71,Mobile App
S06156,2025-01-27,ST08,C0325,P054,2,470.02,556.88,-86.86,Mobile App
S06157,2023-09-29,ST14,C0208,P060,2,934.78,276.5,658.28,Retail Store
S06158,2024-04-28,ST07,C0288,P067,4,2307.78,1215.6,1092.18,Online
S06159,2023-03-20,ST14,C0325,P087,1,692.68,250.47,442.21,Mobile App
S06160,2024-01-07,ST01,C0192,P010,4,2942.61,1160.4,1782.21,Online
S06161,2023-05-11,ST10,C0031,P045,1,408.54,127.08,281.46,Marketplace
S06162,2023-01-28,ST15,C0055,P014,1,93.86,86.92,6.94,Marketplace
S06163,2023-03-14,ST11,C0211,P060,1,420.65,138.25,282.4,Mobile App
S06164,2024-10-06,ST05,C0426,P044,4,1749.2,850.4,898.8,Marketplace
S06165,2023-08-26,ST12,C0070,P060,2,934.78,276.5,658.28,Retail Store
S06166,2023-08-25,ST05,C0139,P033,1,742.23,293.6,448.63,Marketplace
S06167,2023-09-17,ST06,C0252,P040,3,2027.88,297.03,1730.85,Marketplace
S06168,2023-02-28,ST05,C0182,P023,3,637.69,765.0,-127.31,Retail Store
S06169,2023-04-05,ST13,C0298,P019,3,306.97,1006.74,-699.77,Online
S06170,2023-06-29,ST10,C0275,P017,2,880.82,530.12,350.7,Retail Store
S06171,2023-06-14,ST06,C0301,P040,2,1351.92,198.02,1153.9,Online
S06172,2023-07-21,ST02,C0247,P036,3,1991.07,1071.27,919.8,Marketplace
S06173,2024-01-14,ST05,C0371,P001,2,1413.14,636.5,776.64,Marketplace
S06174,2023-07-10,ST12,C0267,P054,2,496.13,556.88,-60.75,Retail Store
S06175,2024-05-09,ST08,C0034,P043,1,772.94,386.09,386.85,Retail Store
S06176,2025-05-04,ST10,C0214,P003,2,1092.01,224.04,867.97,Online
S06177,2024-01-20,ST06,C0263,P055,1,688.84,244.81,444.03,Retail Store
S06178,2023-10-11,ST05,C0386,P066,1,166.76,94.05,72.71,Retail Store
S06179,2025-06-02,ST15,C0058,P002,1,513.22,197.54,315.68,Marketplace
S06180,2023-02-14,ST03,C0427,P022,2,649.34,451.32,198.02,Retail Store
S06181,2024-07-11,ST06,C0222,P055,1,688.84,244.81,444.03,Marketplace
S06182,2025-08-22,ST11,C0208,P066,2,333.53,188.1,145.43,Marketplace
S06183,2024-10-05,ST09,C0410,P044,1,437.3,212.6,224.7,Mobile App
S06184,2024-04-15,ST07,C0198,P079,1,610.26,180.26,430.0,Mobile App
S06185,2023-04-16,ST08,C0081,P079,3,2153.85,540.78,1613.07,Mobile App
S06186,2024-06-12,ST03,C0088,P050,1,499.98,164.87,335.11,Mobile App
S06187,2025-01-24,ST08,C0019,P060,1,444.02,138.25,305.77,Online
S06188,2024-01-03,ST14,C0067,P042,1,256.0,140.98,115.02,Marketplace
S06189,2024-12-21,ST01,C0302,P069,1,642.09,160.09,482.0,Marketplace
S06190,2023-12-30,ST03,C0415,P086,1,547.75,167.27,380.48,Mobile App
S06191,2024-04-15,ST14,C0075,P067,1,641.05,303.9,337.15,Mobile App
S06192,2024-09-28,ST09,C0023,P027,3,1713.37,609.3,1104.07,Marketplace
S06193,2024-11-01,ST05,C0115,P073,1,821.3,376.81,444.49,Marketplace
S06194,2023-03-05,ST13,C0414,P036,1,780.81,357.09,423.72,Marketplace
S06195,2024-02-09,ST10,C0252,P074,4,696.44,1400.04,-703.6,Mobile App
S06196,2025-07-21,ST09,C0316,P014,3,266.76,260.76,6.0,Online
S06197,2024-04-30,ST07,C0285,P060,1,467.39,138.25,329.14,Retail Store
S06198,2023-02-10,ST14,C0443,P043,1,657.0,386.09,270.91,Retail Store
S06199,2024-06-14,ST15,C0254,P038,3,1398.35,1192.11,206.24,Mobile App
S06200,2025-04-02,ST08,C0127,P059,1,132.52,245.23,-112.71,Mobile App
S06201,2024-01-20,ST08,C0432,P021,2,919.9,698.1,221.8,Retail Store
S06202,2023-02-17,ST13,C0056,P027,4,2538.32,812.4,1725.92,Retail Store
S06203,2023-10-19,ST12,C0435,P002,5,2851.2,987.7,1863.5,Retail Store
S06204,2024-05-02,ST13,C0243,P002,2,1140.48,395.08,745.4,Marketplace
S06205,2025-03-02,ST04,C0041,P029,1,282.63,116.97,165.66,Retail Store
S06206,2023-08-05,ST13,C0179,P026,2,195.05,384.76,-189.71,Marketplace
S06207,2023-08-09,ST02,C0242,P059,1,139.49,245.23,-105.74,Online
S06208,2025-03-15,ST03,C0339,P029,2,565.26,233.94,331.32,Mobile App
S06209,2023-06-07,ST08,C0288,P020,2,1485.6,437.4,1048.2,Online
S06210,2025-04-02,ST15,C0198,P074,1,156.7,350.01,-193.31,Online
S06211,2024-09-28,ST07,C0078,P030,3,1774.09,924.15,849.94,Online
S06212,2025-02-13,ST03,C0190,P003,1,576.34,112.02,464.32,Marketplace
S06213,2023-09-07,ST12,C0066,P020,1,631.38,218.7,412.68,Marketplace
S06214,2024-02-22,ST06,C0042,P043,1,772.94,386.09,386.85,Marketplace
S06215,2023-10-18,ST01,C0263,P019,2,216.68,671.16,-454.48,Retail Store
S06216,2024-07-26,ST12,C0293,P046,3,1427.7,1048.44,379.26,Marketplace
S06217,2023-03-23,ST07,C0217,P072,4,3214.2,940.56,2273.64,Online
S06218,2023-02-06,ST11,C0180,P069,1,677.76,160.09,517.67,Retail Store
S06219,2024-11-29,ST05,C0290,P021,1,484.16,349.05,135.11,Marketplace
S06220,2024-10-28,ST11,C0385,P020,1,631.38,218.7,412.68,Online
S06221,2023-08-13,ST01,C0391,P034,4,2129.33,1259.76,869.57,Online
S06222,2024-10-25,ST15,C0365,P048,2,688.12,309.0,379.12,Mobile App
S06223,2024-01-12,ST05,C0250,P078,3,272.57,649.65,-377.08,Online
S06224,2025-06-06,ST08,C0294,P035,2,1566.45,545.38,1021.07,Online
S06225,2025-02-13,ST08,C0125,P043,1,734.29,386.09,348.2,Mobile App
S06226,2024-07-07,ST03,C0191,P017,5,2461.12,1325.3,1135.82,Marketplace
S06227,2025-07-28,ST09,C0262,P002,1,541.73,197.54,344.19,Marketplace
S06228,2024-11-30,ST01,C0338,P088,1,752.89,302.14,450.75,Retail Store
S06229,2024-12-31,ST15,C0238,P015,2,1498.88,278.68,1220.2,Online
S06230,2024-09-19,ST15,C0222,P027,1,571.12,203.1,368.02,Retail Store
S06231,2023-08-12,ST11,C0337,P071,1,143.99,253.92,-109.93,Mobile App
S06232,2023-05-08,ST10,C0173,P009,1,426.76,283.05,143.71,Marketplace
S06233,2025-03-03,ST05,C0281,P019,4,481.52,1342.32,-860.8,Online
S06234,2025-08-29,ST15,C0164,P073,1,698.1,376.81,321.29,Mobile App
S06235,2024-11-17,ST13,C0409,P043,4,3091.76,1544.36,1547.4,Retail Store
S06236,2024-08-03,ST10,C0037,P003,1,515.67,112.02,403.65,Online
S06237,2024-10-26,ST15,C0097,P052,1,348.77,64.51,284.26,Marketplace
S06238,2023-05-01,ST01,C0449,P004,1,322.99,233.76,89.23,Mobile App
S06239,2023-03-09,ST13,C0180,P048,1,344.06,154.5,189.56,Marketplace
S06240,2025-04-20,ST02,C0294,P004,1,339.99,233.76,106.23,Marketplace
S06241,2024-06-27,ST05,C0391,P079,2,1220.52,360.52,860.0,Online
S06242,2023-04-08,ST04,C0090,P068,3,1385.76,1130.97,254.79,Marketplace
S06243,2024-01-22,ST10,C0180,P013,3,863.26,233.52,629.74,Mobile App
S06244,2024-06-14,ST02,C0248,P033,1,668.01,293.6,374.41,Mobile App
S06245,2024-07-17,ST11,C0155,P069,1,642.09,160.09,482.0,Retail Store
S06246,2024-03-28,ST13,C0297,P010,4,2787.73,1160.4,1627.33,Retail Store
S06247,2023-01-11,ST10,C0017,P012,2,914.42,315.78,598.64,Retail Store
S06248,2023-09-27,ST04,C0157,P086,1,576.58,167.27,409.31,Marketplace
S06249,2023-04-25,ST15,C0196,P008,4,2770.44,1522.28,1248.16,Marketplace
S06250,2023-11-20,ST03,C0229,P070,2,168.67,289.44,-120.77,Online
S06251,2023-08-28,ST08,C0050,P083,4,2013.43,667.88,1345.55,Marketplace
S06252,2024-08-05,ST14,C0318,P062,1,306.26,91.36,214.9,Online
S06253,2024-09-12,ST13,C0227,P051,1,739.95,383.14,356.81,Retail Store
S06254,2024-01-23,ST08,C0348,P015,1,707.8,139.34,568.46,Marketplace
S06255,2023-05-15,ST12,C0209,P015,1,749.44,139.34,610.1,Marketplace
S06256,2025-05-01,ST12,C0244,P049,3,1943.07,710.37,1232.7,Mobile App
S06257,2025-07-15,ST13,C0055,P061,1,245.45,396.5,-151.05,Marketplace
S06258,2024-01-26,ST13,C0288,P016,1,701.97,129.06,572.91,Retail Store
S06259,2023-01-04,ST09,C0227,P016,1,596.67,129.06,467.61,Online
S06260,2023-06-19,ST09,C0173,P063,1,717.78,112.47,605.31,Mobile App
S06261,2024-02-17,ST10,C0161,P039,2,101.5,747.7,-646.2,Retail Store
S06262,2024-12-16,ST01,C0289,P087,1,769.64,250.47,519.17,Online
S06263,2025-01-06,ST04,C0307,P064,4,1089.54,522.16,567.38,Marketplace
S06264,2024-06-19,ST09,C0155,P061,3,736.36,1189.5,-453.14,Mobile App
S06265,2024-05-11,ST09,C0279,P015,2,1582.15,278.68,1303.47,Retail Store
S06266,2023-12-23,ST04,C0197,P025,1,741.59,266.96,474.63,Online
S06267,2023-09-26,ST08,C0110,P010,1,658.21,290.1,368.11,Marketplace
S06268,2023-01-11,ST15,C0104,P079,2,1435.9,360.52,1075.38,Retail Store
S06269,2025-04-21,ST13,C0246,P063,2,1595.06,224.94,1370.12,Mobile App
S06270,2025-06-21,ST13,C0178,P044,3,1180.71,637.8,542.91,Online
S06271,2023-08-14,ST04,C0292,P049,1,615.31,236.79,378.52,Marketplace
S06272,2025-01-21,ST15,C0346,P074,1,165.4,350.01,-184.61,Mobile App
S06273,2023-12-25,ST04,C0360,P007,1,58.64,354.8,-296.16,Online
S06274,2023-08-13,ST01,C0233,P054,1,261.12,278.44,-17.32,Marketplace
S06275,2024-05-04,ST04,C0359,P014,4,355.68,347.68,8.0,Marketplace
S06276,2023-10-17,ST14,C0032,P009,3,1347.66,849.15,498.51,Mobile App
S06277,2024-10-26,ST11,C0097,P024,1,828.99,153.67,675.32,Retail Store
S06278,2024-08-27,ST08,C0006,P077,2,573.02,783.66,-210.64,Marketplace
S06279,2023-03-22,ST15,C0060,P001,2,1413.14,636.5,776.64,Online
S06280,2024-02-02,ST14,C0121,P086,3,1470.28,501.81,968.47,Mobile App
S06281,2024-03-12,ST04,C0012,P071,2,259.18,507.84,-248.66,Online
S06282,2025-05-11,ST01,C0034,P052,1,387.52,64.51,323.01,Retail Store
S06283,2023-11-14,ST12,C0311,P015,3,2248.32,418.02,1830.3,Online
S06284,2023-03-24,ST15,C0210,P020,1,742.8,218.7,524.1,Retail Store
S06285,2023-10-31,ST12,C0174,P075,2,864.5,179.06,685.44,Mobile App
S06286,2025-06-12,ST07,C0265,P014,2,177.84,173.84,4.0,Marketplace
S06287,2024-01-03,ST05,C0250,P052,1,329.39,64.51,264.88,Mobile App
S06288,2023-07-31,ST05,C0111,P015,4,2831.21,557.36,2273.85,Mobile App
S06289,2024-11-02,ST14,C0274,P080,2,323.48,607.32,-283.84,Marketplace
S06290,2023-12-02,ST03,C0114,P082,2,1432.0,273.46,1158.54,Marketplace
S06291,2023-01-26,ST11,C0216,P058,2,1082.75,266.98,815.77,Online
S06292,2023-06-08,ST07,C0353,P022,1,275.97,225.66,50.31,Marketplace
S06293,2023-03-21,ST12,C0063,P023,1,200.75,255.0,-54.25,Mobile App
S06294,2023-02-15,ST12,C0061,P050,3,1578.87,494.61,1084.26,Retail Store
S06295,2025-02-24,ST13,C0372,P050,1,499.98,164.87,335.11,Retail Store
S06296,2023-03-28,ST12,C0436,P083,1,450.37,166.97,283.4,Online
S06297,2025-06-05,ST08,C0364,P045,3,1225.62,381.24,844.38,Marketplace
S06298,2023-08-26,ST08,C0217,P079,2,1292.31,360.52,931.79,Mobile App
S06299,2023-03-26,ST06,C0215,P043,2,1314.0,772.18,541.82,Marketplace
S06300,2023-11-18,ST13,C0128,P001,1,706.57,318.25,388.32,Mobile App
S06301,2024-05-14,ST13,C0104,P056,1,780.85,278.46,502.39,Online
S06302,2024-09-09,ST10,C0392,P057,1,552.34,34.16,518.18,Online
S06303,2024-11-18,ST07,C0099,P030,3,1675.53,924.15,751.38,Marketplace
S06304,2024-07-04,ST14,C0229,P012,1,434.35,157.89,276.46,Mobile App
S06305,2023-01-12,ST04,C0118,P001,1,671.24,318.25,352.99,Marketplace
S06306,2023-08-03,ST08,C0043,P089,2,1199.66,454.32,745.34,Online
S06307,2025-02-25,ST10,C0194,P053,1,220.39,175.88,44.51,Marketplace
S06308,2025-04-19,ST07,C0417,P037,1,843.59,385.8,457.79,Online
S06309,2024-03-17,ST11,C0175,P008,1,623.35,380.57,242.78,Retail Store
S06310,2024-04-24,ST10,C0311,P046,1,404.51,349.48,55.03,Retail Store
S06311,2024-04-24,ST04,C0420,P083,2,953.73,333.94,619.79,Mobile App
S06312,2025-04-13,ST12,C0114,P019,2,240.76,671.16,-430.4,Online
S06313,2024-11-11,ST10,C0337,P081,2,430.56,85.54,345.02,Retail Store
S06314,2023-07-07,ST03,C0013,P013,3,817.83,233.52,584.31,Mobile App
S06315,2023-12-03,ST08,C0056,P026,2,184.21,384.76,-200.55,Mobile App
S06316,2024-05-01,ST13,C0273,P088,2,1673.1,604.28,1068.82,Mobile App
S06317,2025-06-02,ST03,C0093,P019,3,306.97,1006.74,-699.77,Retail Store
S06318,2025-05-19,ST11,C0439,P015,2,1415.61,278.68,1136.93,Mobile App
S06319,2023-10-23,ST13,C0003,P007,6,351.84,2128.8,-1776.96,Mobile App
S06320,2023-05-07,ST08,C0017,P019,5,571.8,1677.9,-1106.1,Online
S06321,2025-06-04,ST05,C0223,P037,1,717.05,385.8,331.25,Retail Store
S06322,2024-11-10,ST12,C0208,P065,1,448.02,143.64,304.38,Mobile App
S06323,2023-01-05,ST06,C0434,P017,1,466.32,265.06,201.26,Online
S06324,2023-04-01,ST10,C0363,P057,1,494.2,34.16,460.04,Marketplace
S06325,2024-01-17,ST09,C0276,P031,1,126.08,286.24,-160.16,Mobile App
S06326,2024-06-10,ST06,C0283,P022,2,649.34,451.32,198.02,Marketplace
S06327,2023-08-14,ST09,C0203,P045,1,367.69,127.08,240.61,Mobile App
S06328,2024-09-09,ST10,C0279,P015,1,832.71,139.34,693.37,Online
S06329,2024-06-24,ST05,C0356,P087,1,692.68,250.47,442.21,Online
S06330,2023-11-09,ST03,C0440,P029,4,1130.52,467.88,662.64,Marketplace
S06331,2023-08-21,ST10,C0217,P058,3,1910.73,400.47,1510.26,Retail Store
S06332,2024-01-10,ST03,C0266,P051,1,822.17,383.14,439.03,Online
S06333,2023-09-09,ST06,C0187,P019,1,120.38,335.58,-215.2,Marketplace
S06334,2025-01-05,ST02,C0292,P001,1,671.24,318.25,352.99,Online
S06335,2024-03-17,ST15,C0199,P009,2,853.52,566.1,287.42,Online
S06336,2025-03-21,ST01,C0277,P060,2,794.56,276.5,518.06,Mobile App
S06337,2024-03-21,ST10,C0241,P004,2,679.98,467.52,212.46,Retail Store
S06338,2025-04-22,ST10,C0324,P068,1,438.82,376.99,61.83,Retail Store
S06339,2024-02-28,ST03,C0254,P042,1,269.47,140.98,128.49,Retail Store
S06340,2023-03-01,ST15,C0216,P080,2,274.96,607.32,-332.36,Online
S06341,2024-01-13,ST11,C0051,P072,1,803.55,235.14,568.41,Online
S06342,2023-08-07,ST03,C0013,P016,3,2000.61,387.18,1613.43,Retail Store
S06343,2023-11-12,ST09,C0163,P067,3,1923.15,911.7,1011.45,Online
S06344,2025-07-17,ST02,C0309,P061,1,245.45,396.5,-151.05,Mobile App
S06345,2025-03-31,ST07,C0134,P072,1,723.19,235.14,488.05,Mobile App
S06346,2025-06-25,ST15,C0394,P024,2,1492.18,307.34,1184.84,Online
S06347,2025-02-16,ST08,C0324,P011,1,655.55,253.22,402.33,Online
S06348,2024-03-18,ST01,C0437,P044,3,1180.71,637.8,542.91,Mobile App
S06349,2024-09-09,ST01,C0086,P029,1,240.24,116.97,123.27,Retail Store
S06350,2025-03-30,ST14,C0419,P041,1,59.38,33.46,25.92,Online
S06351,2025-03-31,ST04,C0242,P082,2,1360.4,273.46,1086.94,Retail Store
S06352,2024-09-13,ST14,C0337,P016,1,701.97,129.06,572.91,Online
S06353,2024-04-04,ST05,C0237,P046,2,856.62,698.96,157.66,Mobile App
S06354,2023-08-18,ST15,C0413,P027,2,1142.24,406.2,736.04,Mobile App
S06355,2023-08-10,ST01,C0363,P021,1,459.95,349.05,110.9,Online
S06356,2023-06-22,ST06,C0020,P074,3,522.33,1050.03,-527.7,Mobile App
S06357,2024-07-18,ST09,C0172,P086,1,576.58,167.27,409.31,Mobile App
S06358,2024-02-13,ST10,C0015,P059,4,557.96,980.92,-422.96,Online
S06359,2025-03-17,ST10,C0163,P007,1,49.84,354.8,-304.96,Marketplace
S06360,2024-12-06,ST10,C0162,P047,1,673.57,118.67,554.9,Retail Store
S06361,2023-11-21,ST13,C0039,P017,2,1036.26,530.12,506.14,Marketplace
S06362,2025-01-04,ST09,C0299,P086,1,576.58,167.27,409.31,Retail Store
S06363,2024-05-01,ST05,C0186,P022,1,324.67,225.66,99.01,Retail Store
S06364,2025-08-11,ST02,C0115,P003,2,1152.67,224.04,928.63,Retail Store
S06365,2025-08-25,ST01,C0258,P064,2,573.44,261.08,312.36,Mobile App
S06366,2023-11-28,ST07,C0043,P051,3,2343.18,1149.42,1193.76,Retail Store
S06367,2025-01-28,ST11,C0041,P027,1,539.39,203.1,336.29,Mobile App
S06368,2023-10-22,ST01,C0343,P065,1,527.08,143.64,383.44,Online
S06369,2023-10-01,ST02,C0076,P065,1,500.73,143.64,357.09,Online
S06370,2024-06-02,ST09,C0249,P063,1,797.53,112.47,685.06,Retail Store
S06371,2023-02-12,ST15,C0145,P065,1,474.37,143.64,330.73,Mobile App
S06372,2023-10-23,ST06,C0075,P086,1,576.58,167.27,409.31,Marketplace
S06373,2025-04-29,ST15,C0110,P070,1,99.22,144.72,-45.5,Retail Store
S06374,2024-03-02,ST07,C0152,P071,3,410.37,761.76,-351.39,Marketplace
S06375,2025-02-19,ST11,C0136,P087,2,1539.28,500.94,1038.34,Online
S06376,2025-03-31,ST12,C0159,P023,2,448.74,510.0,-61.26,Mobile App
S06377,2024-06-10,ST05,C0438,P042,2,538.94,281.96,256.98,Retail Store
S06378,2025-08-22,ST06,C0410,P027,4,2411.4,812.4,1599.0,Mobile App
S06379,2024-01-12,ST03,C0095,P040,3,1825.09,297.03,1528.06,Online
S06380,2025-04-13,ST09,C0058,P052,1,387.52,64.51,323.01,Online
S06381,2025-04-02,ST12,C0158,P068,1,392.63,376.99,15.64,Online
S06382,2023-06-07,ST10,C0290,P046,1,404.51,349.48,55.03,Mobile App
S06383,2023-02-20,ST13,C0031,P015,2,1665.42,278.68,1386.74,Marketplace
S06384,2024-08-01,ST02,C0034,P061,2,548.66,793.0,-244.34,Marketplace
S06385,2025-04-05,ST14,C0073,P058,1,573.22,133.49,439.73,Mobile App
S06386,2025-05-16,ST04,C0310,P061,3,779.68,1189.5,-409.82,Online
S06387,2023-12-17,ST12,C0284,P014,4,355.68,347.68,8.0,Marketplace
S06388,2024-07-18,ST06,C0128,P084,1,681.64,390.58,291.06,Mobile App
S06389,2025-05-15,ST09,C0005,P088,2,1589.44,604.28,985.16,Online
S06390,2025-02-20,ST07,C0148,P049,1,582.92,236.79,346.13,Marketplace
S06391,2024-02-07,ST08,C0059,P005,1,535.76,280.69,255.07,Retail Store
S06392,2023-04-25,ST14,C0195,P073,1,739.17,376.81,362.36,Marketplace
S06393,2023-04-15,ST04,C0079,P024,3,2362.62,461.01,1901.61,Marketplace
S06394,2024-04-16,ST12,C0294,P017,1,466.32,265.06,201.26,Retail Store
S06395,2025-08-24,ST12,C0061,P043,1,734.29,386.09,348.2,Online
S06396,2024-04-04,ST12,C0309,P004,1,339.99,233.76,106.23,Marketplace
S06397,2023-10-26,ST09,C0322,P058,1,541.37,133.49,407.88,Marketplace
S06398,2024-03-13,ST10,C0004,P001,2,1413.14,636.5,776.64,Retail Store
S06399,2023-10-10,ST02,C0219,P081,1,193.75,42.77,150.98,Marketplace
S06400,2024-12-24,ST07,C0019,P014,4,375.44,347.68,27.76,Mobile App
S06401,2024-02-12,ST02,C0139,P039,2,101.5,747.7,-646.2,Online
S06402,2024-03-24,ST09,C0337,P026,1,108.36,192.38,-84.02,Online
S06403,2024-05-12,ST11,C0349,P077,1,286.51,391.83,-105.32,Mobile App
S06404,2025-02-07,ST02,C0376,P018,1,654.31,314.13,340.18,Retail Store
S06405,2023-05-28,ST02,C0011,P068,1,415.73,376.99,38.74,Mobile App
S06406,2024-01-12,ST04,C0423,P066,4,596.84,376.2,220.64,Online
S06407,2024-07-15,ST03,C0046,P055,2,1232.65,489.62,743.03,Retail Store
S06408,2023-10-16,ST08,C0072,P029,4,1073.99,467.88,606.11,Retail Store
S06409,2023-11-25,ST12,C0112,P064,1,286.72,130.54,156.18,Mobile App
S06410,2025-07-06,ST04,C0364,P054,1,235.01,278.44,-43.43,Mobile App
S06411,2024-10-23,ST04,C0178,P059,2,265.03,490.46,-225.43,Online
S06412,2025-01-07,ST15,C0256,P042,1,242.52,140.98,101.54,Retail Store
S06413,2024-07-18,ST01,C0134,P048,1,344.06,154.5,189.56,Mobile App
S06414,2024-08-15,ST06,C0105,P003,1,606.67,112.02,494.65,Mobile App
S06415,2023-09-08,ST15,C0383,P089,1,666.48,227.16,439.32,Online
S06416,2024-10-28,ST11,C0394,P067,1,609.0,303.9,305.1,Retail Store
S06417,2024-05-29,ST10,C0155,P075,1,483.1,89.53,393.57,Marketplace
S06418,2023-12-06,ST08,C0386,P028,1,471.04,299.43,171.61,Retail Store
S06419,2024-02-10,ST13,C0145,P059,2,265.03,490.46,-225.43,Retail Store
S06420,2025-03-31,ST15,C0324,P045,2,694.52,254.16,440.36,Marketplace
S06421,2024-01-04,ST13,C0170,P086,2,1037.84,334.54,703.3,Online
S06422,2024-07-28,ST13,C0238,P011,1,655.55,253.22,402.33,Mobile App
S06423,2024-08-04,ST08,C0152,P013,3,817.83,233.52,584.31,Online
S06424,2025-06-16,ST03,C0088,P013,2,514.93,155.68,359.25,Marketplace
S06425,2025-07-17,ST02,C0175,P052,1,348.77,64.51,284.26,Retail Store
S06426,2024-11-29,ST01,C0211,P053,1,220.39,175.88,44.51,Online
S06427,2024-02-01,ST07,C0357,P008,1,692.61,380.57,312.04,Marketplace
S06428,2023-08-01,ST01,C0098,P003,2,1152.67,224.04,928.63,Online
S06429,2023-05-09,ST01,C0405,P009,2,898.44,566.1,332.34,Online
S06430,2024-02-03,ST09,C0420,P049,1,550.54,236.79,313.75,Retail Store
S06431,2024-06-17,ST03,C0294,P069,2,1284.17,320.18,963.99,Marketplace
S06432,2023-02-02,ST08,C0423,P046,1,404.51,349.48,55.03,Retail Store
S06433,2025-01-16,ST15,C0417,P084,1,721.74,390.58,331.16,Retail Store
S06434,2024-03-06,ST03,C0372,P025,1,823.99,266.96,557.03,Retail Store
S06435,2024-03-04,ST03,C0415,P044,2,874.6,425.2,449.4,Mobile App
S06436,2024-03-19,ST07,C0175,P074,1,165.4,350.01,-184.61,Marketplace
S06437,2024-08-03,ST11,C0425,P005,1,479.37,280.69,198.68,Online
S06438,2024-03-31,ST06,C0271,P031,2,239.55,572.48,-332.93,Online
S06439,2025-01-06,ST11,C0277,P024,3,2486.97,461.01,2025.96,Online
S06440,2023-07-19,ST05,C0196,P065,2,1001.45,287.28,714.17,Retail Store
S06441,2024-07-03,ST09,C0051,P034,1,560.35,314.94,245.41,Mobile App
S06442,2025-03-14,ST10,C0221,P052,1,368.14,64.51,303.63,Retail Store
S06443,2023-05-21,ST02,C0146,P065,1,448.02,143.64,304.38,Mobile App
S06444,2023-08-05,ST14,C0116,P083,2,953.73,333.94,619.79,Retail Store
S06445,2024-03-31,ST05,C0388,P049,3,1943.07,710.37,1232.7,Retail Store
S06446,2023-06-28,ST14,C0100,P077,2,573.02,783.66,-210.64,Marketplace
S06447,2024-12-26,ST06,C0107,P040,3,2027.88,297.03,1730.85,Online
S06448,2025-01-08,ST01,C0011,P038,1,490.65,397.37,93.28,Retail Store
S06449,2024-03-08,ST01,C0128,P070,4,396.88,578.88,-182.0,Mobile App
S06450,2024-10-13,ST09,C0309,P007,2,99.69,709.6,-609.91,Mobile App
S06451,2023-03-25,ST06,C0069,P055,1,616.33,244.81,371.52,Mobile App
S06452,2025-07-09,ST05,C0392,P034,1,532.33,314.94,217.39,Mobile App
S06453,2025-01-08,ST10,C0048,P026,1,108.36,192.38,-84.02,Mobile App
S06454,2025-08-19,ST11,C0314,P045,1,347.26,127.08,220.18,Retail Store
S06455,2023-04-30,ST06,C0259,P065,2,1054.16,287.28,766.88,Mobile App
S06456,2024-06-22,ST12,C0419,P033,3,2115.36,880.8,1234.56,Mobile App
S06457,2024-02-13,ST14,C0013,P078,3,302.85,649.65,-346.8,Marketplace
S06458,2023-07-02,ST15,C0244,P017,4,1968.89,1060.24,908.65,Mobile App
S06459,2025-02-10,ST07,C0038,P073,1,698.1,376.81,321.29,Marketplace
S06460,2024-01-31,ST09,C0331,P002,1,541.73,197.54,344.19,Retail Store
S06461,2025-07-29,ST13,C0053,P010,4,2942.61,1160.4,1782.21,Mobile App
S06462,2024-09-27,ST01,C0383,P084,1,721.74,390.58,331.16,Mobile App
S06463,2023-06-13,ST03,C0170,P004,1,339.99,233.76,106.23,Mobile App
S06464,2023-07-16,ST03,C0448,P057,1,552.34,34.16,518.18,Retail Store
S06465,2023-08-14,ST01,C0401,P031,1,126.08,286.24,-160.16,Retail Store
S06466,2024-10-27,ST12,C0337,P027,1,571.12,203.1,368.02,Mobile App
S06467,2025-01-25,ST12,C0410,P023,1,200.75,255.0,-54.25,Mobile App
S06468,2023-02-20,ST09,C0171,P042,3,808.41,422.94,385.47,Marketplace
S06469,2023-05-20,ST03,C0118,P042,2,485.05,281.96,203.09,Online
S06470,2024-08-23,ST11,C0379,P029,1,254.37,116.97,137.4,Retail Store
S06471,2025-06-22,ST12,C0238,P024,3,2362.62,461.01,1901.61,Retail Store
S06472,2023-09-03,ST10,C0378,P078,2,171.62,433.1,-261.48,Online
S06473,2024-01-04,ST06,C0314,P056,1,698.66,278.46,420.2,Mobile App
S06474,2025-02-05,ST13,C0217,P013,1,302.9,77.84,225.06,Mobile App
S06475,2025-03-03,ST08,C0212,P074,3,443.98,1050.03,-606.05,Mobile App
S06476,2025-05-15,ST06,C0039,P052,2,775.04,129.02,646.02,Retail Store
S06477,2025-03-22,ST02,C0007,P078,1,100.95,216.55,-115.6,Online
S06478,2025-07-15,ST09,C0395,P018,2,1308.62,628.26,680.36,Marketplace
S06479,2024-01-03,ST01,C0123,P079,3,1938.47,540.78,1397.69,Mobile App
S06480,2025-08-16,ST08,C0110,P069,2,1284.17,320.18,963.99,Marketplace
S06481,2023-09-09,ST02,C0413,P071,2,287.98,507.84,-219.86,Online
S06482,2023-08-09,ST14,C0441,P024,1,787.54,153.67,633.87,Marketplace
S06483,2025-06-11,ST04,C0232,P012,1,434.35,157.89,276.46,Marketplace
S06484,2024-01-24,ST07,C0275,P042,4,1077.88,563.92,513.96,Online
S06485,2023-12-01,ST06,C0110,P019,3,361.14,1006.74,-645.6,Marketplace
S06486,2023-05-07,ST10,C0026,P064,5,1433.6,652.7,780.9,Mobile App
S06487,2023-11-28,ST08,C0225,P083,5,2649.25,834.85,1814.4,Mobile App
S06488,2024-06-07,ST15,C0164,P064,1,243.71,130.54,113.17,Retail Store
S06489,2024-01-17,ST12,C0064,P051,2,1397.69,766.28,631.41,Marketplace
S06490,2025-01-27,ST15,C0102,P021,1,435.74,349.05,86.69,Retail Store
S06491,2024-08-05,ST13,C0114,P066,2,351.08,188.1,162.98,Mobile App
S06492,2023-03-29,ST01,C0270,P024,2,1409.28,307.34,1101.94,Marketplace
S06493,2024-05-07,ST14,C0302,P054,3,783.36,835.32,-51.96,Marketplace
S06494,2023-08-24,ST08,C0308,P034,1,560.35,314.94,245.41,Marketplace
S06495,2024-11-27,ST14,C0090,P048,3,928.96,463.5,465.46,Marketplace
S06496,2023-02-17,ST05,C0079,P014,3,296.4,260.76,35.64,Online
S06497,2025-02-03,ST12,C0102,P002,3,1454.11,592.62,861.49,Online
S06498,2025-04-18,ST02,C0029,P012,2,822.98,315.78,507.2,Retail Store
S06499,2023-09-15,ST13,C0257,P040,4,2703.84,396.04,2307.8,Retail Store
S06500,2024-05-31,ST15,C0205,P061,3,736.36,1189.5,-453.14,Mobile App
S06501,2025-03-16,ST03,C0341,P041,1,62.87,33.46,29.41,Marketplace
S06502,2023-11-24,ST01,C0104,P085,2,1373.52,436.48,937.04,Marketplace
S06503,2024-06-01,ST01,C0021,P048,1,326.86,154.5,172.36,Retail Store
S06504,2025-01-28,ST07,C0044,P014,4,375.44,347.68,27.76,Mobile App
S06505,2023-11-28,ST13,C0050,P068,1,415.73,376.99,38.74,Marketplace
S06506,2023-04-14,ST03,C0067,P067,3,1634.68,911.7,722.98,Mobile App
S06507,2025-07-24,ST01,C0141,P016,1,631.77,129.06,502.71,Retail Store
S06508,2024-09-06,ST11,C0368,P020,2,1485.6,437.4,1048.2,Retail Store
S06509,2025-01-14,ST03,C0363,P035,1,783.23,272.69,510.54,Retail Store
S06510,2024-05-21,ST15,C0012,P031,2,252.16,572.48,-320.32,Marketplace
S06511,2023-01-10,ST13,C0116,P057,1,581.41,34.16,547.25,Online
S06512,2023-06-12,ST01,C0179,P050,1,526.29,164.87,361.42,Marketplace
S06513,2023-12-07,ST05,C0169,P089,1,666.48,227.16,439.32,Marketplace
S06514,2023-10-30,ST03,C0056,P030,2,1314.14,616.1,698.04,Mobile App
S06515,2023-05-20,ST06,C0322,P045,4,1634.16,508.32,1125.84,Retail Store
S06516,2025-02-19,ST03,C0238,P074,1,156.7,350.01,-193.31,Online
S06517,2023-11-12,ST11,C0226,P013,2,605.8,155.68,450.12,Marketplace
S06518,2025-08-06,ST07,C0008,P018,3,1962.94,942.39,1020.55,Mobile App
S06519,2024-02-04,ST10,C0374,P016,1,666.87,129.06,537.81,Marketplace
S06520,2025-08-24,ST07,C0259,P027,2,1269.16,406.2,862.96,Marketplace
S06521,2025-08-02,ST01,C0362,P019,1,120.38,335.58,-215.2,Marketplace
S06522,2023-12-22,ST14,C0103,P013,2,514.93,155.68,359.25,Marketplace
S06523,2025-02-18,ST12,C0336,P061,1,288.77,396.5,-107.73,Mobile App
S06524,2024-04-11,ST09,C0338,P024,1,828.99,153.67,675.32,Retail Store
S06525,2025-04-16,ST14,C0228,P071,1,143.99,253.92,-109.93,Mobile App
S06526,2025-07-14,ST12,C0030,P048,3,1032.18,463.5,568.68,Marketplace
S06527,2024-06-19,ST15,C0397,P038,2,981.3,794.74,186.56,Online
S06528,2024-09-12,ST07,C0245,P033,1,742.23,293.6,448.63,Online
S06529,2024-03-10,ST14,C0233,P039,3,160.71,1121.55,-960.84,Mobile App
S06530,2024-01-22,ST04,C0107,P077,2,573.02,783.66,-210.64,Retail Store
S06531,2024-10-22,ST07,C0309,P056,1,780.85,278.46,502.39,Retail Store
S06532,2023-02-10,ST14,C0287,P030,3,1971.21,924.15,1047.06,Retail Store
S06533,2024-12-03,ST08,C0080,P041,2,139.72,66.92,72.8,Retail Store
S06534,2025-07-14,ST09,C0023,P086,2,1037.84,334.54,703.3,Marketplace
S06535,2023-06-14,ST05,C0357,P052,1,387.52,64.51,323.01,Marketplace
S06536,2023-08-31,ST12,C0362,P080,1,153.65,303.66,-150.01,Online
S06537,2023-03-15,ST15,C0291,P041,3,199.1,100.38,98.72,Retail Store
S06538,2024-04-12,ST11,C0055,P073,2,1642.6,753.62,888.98,Retail Store
S06539,2025-05-27,ST14,C0275,P052,1,329.39,64.51,264.88,Retail Store
S06540,2023-04-01,ST11,C0022,P015,2,1582.15,278.68,1303.47,Online
S06541,2025-07-31,ST08,C0422,P007,3,149.53,1064.4,-914.87,Online
S06542,2025-05-29,ST07,C0056,P004,1,339.99,233.76,106.23,Mobile App
S06543,2024-06-29,ST05,C0246,P059,1,132.52,245.23,-112.71,Online
S06544,2025-07-27,ST12,C0433,P003,1,546.0,112.02,433.98,Mobile App
S06545,2025-06-16,ST06,C0427,P089,2,1133.02,454.32,678.7,Mobile App
S06546,2025-07-14,ST13,C0258,P085,1,767.55,218.24,549.31,Online
S06547,2025-01-24,ST04,C0062,P028,3,1413.11,898.29,514.82,Marketplace
S06548,2024-10-05,ST11,C0133,P003,1,606.67,112.02,494.65,Mobile App
S06549,2024-06-09,ST15,C0384,P016,1,666.87,129.06,537.81,Marketplace
S06550,2024-04-04,ST10,C0365,P005,1,507.56,280.69,226.87,Marketplace
S06551,2024-05-25,ST03,C0347,P017,3,1554.39,795.18,759.21,Mobile App
S06552,2024-04-15,ST02,C0291,P065,1,500.73,143.64,357.09,Retail Store
S06553,2025-06-13,ST12,C0083,P080,1,145.57,303.66,-158.09,Mobile App
S06554,2024-05-20,ST12,C0039,P011,2,1311.09,506.44,804.65,Online
S06555,2023-07-17,ST06,C0159,P004,3,1019.97,701.28,318.69,Retail Store
S06556,2025-02-15,ST15,C0367,P044,1,393.57,212.6,180.97,Retail Store
S06557,2023-03-16,ST04,C0393,P025,1,700.39,266.96,433.43,Retail Store
S06558,2025-02-18,ST07,C0138,P007,4,222.83,1419.2,-1196.37,Mobile App
S06559,2025-02-22,ST13,C0439,P056,1,739.76,278.46,461.3,Marketplace
S06560,2024-07-06,ST07,C0150,P046,1,452.1,349.48,102.62,Retail Store
S06561,2025-02-14,ST01,C0337,P028,1,554.16,299.43,254.73,Marketplace
S06562,2023-06-18,ST07,C0225,P023,1,212.56,255.0,-42.44,Online
S06563,2025-03-06,ST06,C0231,P075,3,1296.75,268.59,1028.16,Mobile App
S06564,2024-04-06,ST11,C0093,P032,2,691.76,592.7,99.06,Marketplace
S06565,2024-10-10,ST05,C0296,P071,2,259.18,507.84,-248.66,Retail Store
S06566,2024-01-17,ST05,C0351,P068,1,461.92,376.99,84.93,Mobile App
S06567,2023-10-20,ST08,C0333,P069,2,1284.17,320.18,963.99,Online
S06568,2024-02-20,ST11,C0160,P059,2,265.03,490.46,-225.43,Retail Store
S06569,2023-08-17,ST11,C0017,P023,1,236.18,255.0,-18.82,Retail Store
S06570,2025-01-09,ST15,C0299,P001,2,1413.14,636.5,776.64,Mobile App
S06571,2024-06-11,ST15,C0037,P078,1,90.86,216.55,-125.69,Marketplace
S06572,2024-05-07,ST12,C0321,P042,1,242.52,140.98,101.54,Mobile App
S06573,2024-04-03,ST03,C0086,P075,1,508.53,89.53,419.0,Retail Store
S06574,2023-01-19,ST09,C0329,P001,1,671.24,318.25,352.99,Mobile App
S06575,2023-03-18,ST09,C0196,P013,1,272.61,77.84,194.77,Mobile App
S06576,2023-02-10,ST08,C0425,P048,2,653.71,309.0,344.71,Marketplace
S06577,2024-05-27,ST03,C0243,P054,2,443.9,556.88,-112.98,Retail Store
S06578,2023-10-31,ST05,C0186,P042,1,229.05,140.98,88.07,Marketplace
S06579,2024-10-28,ST09,C0371,P018,2,1170.88,628.26,542.62,Online
S06580,2023-05-27,ST07,C0342,P038,2,883.17,794.74,88.43,Online
S06581,2023-01-21,ST12,C0181,P058,2,1146.44,266.98,879.46,Marketplace
S06582,2024-10-24,ST09,C0387,P077,1,272.18,391.83,-119.65,Marketplace
S06583,2024-12-11,ST09,C0013,P043,2,1314.0,772.18,541.82,Online
S06584,2024-09-30,ST15,C0194,P035,1,824.45,272.69,551.76,Retail Store
S06585,2023-01-04,ST11,C0171,P056,1,739.76,278.46,461.3,Retail Store
S06586,2024-12-04,ST09,C0324,P007,3,175.92,1064.4,-888.48,Retail Store
S06587,2024-04-20,ST12,C0281,P009,1,449.22,283.05,166.17,Online
S06588,2023-10-17,ST03,C0088,P061,2,577.54,793.0,-215.46,Retail Store
S06589,2025-07-10,ST06,C0172,P061,1,288.77,396.5,-107.73,Online
S06590,2023-03-07,ST03,C0284,P037,2,1518.46,771.6,746.86,Marketplace
S06591,2023-09-25,ST15,C0339,P057,3,1569.81,102.48,1467.33,Mobile App
S06592,2024-04-29,ST08,C0394,P012,3,1371.63,473.67,897.96,Marketplace
S06593,2023-05-14,ST07,C0307,P007,1,58.64,354.8,-296.16,Marketplace
S06594,2025-04-21,ST01,C0143,P054,3,705.02,835.32,-130.3,Online
S06595,2023-03-08,ST10,C0291,P087,1,769.64,250.47,519.17,Marketplace
S06596,2025-04-24,ST14,C0238,P052,4,1550.08,258.04,1292.04,Online
S06597,2023-09-19,ST01,C0160,P082,4,2434.4,546.92,1887.48,Mobile App
S06598,2024-02-08,ST03,C0449,P006,2,581.85,77.8,504.05,Mobile App
S06599,2025-04-30,ST15,C0040,P088,3,2133.2,906.42,1226.78,Marketplace
S06600,2023-11-07,ST04,C0417,P024,1,704.64,153.67,550.97,Marketplace
S06601,2024-12-20,ST07,C0408,P074,1,147.99,350.01,-202.02,Marketplace
S06602,2025-01-28,ST10,C0177,P010,2,1548.74,580.2,968.54,Retail Store
S06603,2023-12-12,ST12,C0417,P053,1,209.37,175.88,33.49,Online
S06604,2024-01-30,ST03,C0404,P025,1,823.99,266.96,557.03,Retail Store
S06605,2024-10-24,ST11,C0057,P071,1,143.99,253.92,-109.93,Marketplace
S06606,2024-03-11,ST09,C0411,P055,6,4350.54,1468.86,2881.68,Marketplace
S06607,2023-09-26,ST05,C0419,P083,1,450.37,166.97,283.4,Marketplace
S06608,2025-03-13,ST15,C0381,P002,2,1140.48,395.08,745.4,Online
S06609,2023-08-12,ST04,C0078,P020,1,705.66,218.7,486.96,Marketplace
S06610,2024-12-02,ST15,C0231,P022,2,551.94,451.32,100.62,Retail Store
S06611,2023-02-23,ST12,C0398,P066,1,175.54,94.05,81.49,Mobile App
S06612,2024-06-04,ST08,C0404,P087,2,1539.28,500.94,1038.34,Retail Store
S06613,2025-01-16,ST03,C0407,P037,2,1434.1,771.6,662.5,Marketplace
S06614,2023-10-12,ST01,C0094,P006,2,646.5,77.8,568.7,Mobile App
S06615,2024-06-12,ST05,C0128,P077,1,286.51,391.83,-105.32,Online
S06616,2025-07-02,ST06,C0023,P028,1,498.74,299.43,199.31,Online
S06617,2023-07-03,ST12,C0326,P016,1,701.97,129.06,572.91,Retail Store
S06618,2023-01-14,ST02,C0106,P024,1,828.99,153.67,675.32,Online
S06619,2025-07-30,ST15,C0280,P088,1,836.55,302.14,534.41,Marketplace
S06620,2024-05-08,ST10,C0035,P078,3,302.85,649.65,-346.8,Marketplace
S06621,2024-04-25,ST02,C0300,P037,1,843.59,385.8,457.79,Online
S06622,2025-05-27,ST05,C0437,P049,1,647.69,236.79,410.9,Online
S06623,2024-11-01,ST09,C0031,P021,5,2420.8,1745.25,675.55,Mobile App
S06624,2023-07-30,ST02,C0314,P063,2,1595.06,224.94,1370.12,Retail Store
S06625,2024-06-04,ST07,C0084,P083,1,529.85,166.97,362.88,Online
S06626,2024-09-18,ST07,C0065,P012,1,411.49,157.89,253.6,Mobile App
S06627,2024-02-19,ST07,C0122,P082,2,1432.0,273.46,1158.54,Mobile App
S06628,2025-02-13,ST08,C0351,P068,1,392.63,376.99,15.64,Mobile App
S06629,2025-04-21,ST07,C0187,P066,3,526.62,282.15,244.47,Online
S06630,2023-11-23,ST15,C0227,P072,1,763.37,235.14,528.23,Retail Store
S06631,2025-08-09,ST07,C0442,P061,1,288.77,396.5,-107.73,Marketplace
S06632,2023-05-30,ST06,C0098,P056,1,780.85,278.46,502.39,Mobile App
S06633,2023-05-11,ST13,C0013,P023,1,236.18,255.0,-18.82,Retail Store
S06634,2024-04-17,ST11,C0420,P061,1,288.77,396.5,-107.73,Online
S06635,2023-09-18,ST07,C0143,P012,1,457.21,157.89,299.32,Retail Store
S06636,2024-10-07,ST10,C0064,P075,1,432.25,89.53,342.72,Online
S06637,2023-11-30,ST15,C0060,P074,2,348.22,700.02,-351.8,Mobile App
S06638,2024-11-15,ST11,C0441,P022,1,324.67,225.66,99.01,Retail Store
S06639,2024-08-27,ST01,C0109,P042,3,727.57,422.94,304.63,Retail Store
S06640,2024-03-23,ST05,C0272,P001,1,706.57,318.25,388.32,Online
S06641,2023-04-04,ST14,C0381,P032,2,691.76,592.7,99.06,Online
S06642,2023-02-13,ST05,C0041,P007,3,149.53,1064.4,-914.87,Marketplace
S06643,2023-04-14,ST05,C0180,P030,1,624.22,308.05,316.17,Marketplace
S06644,2024-02-25,ST10,C0192,P019,2,216.68,671.16,-454.48,Mobile App
S06645,2024-08-15,ST12,C0062,P003,5,2881.68,560.1,2321.58,Retail Store
S06646,2025-04-04,ST02,C0325,P063,2,1515.31,224.94,1290.37,Online
S06647,2024-04-15,ST03,C0204,P046,1,404.51,349.48,55.03,Online
S06648,2023-05-09,ST02,C0442,P045,1,388.11,127.08,261.03,Mobile App
S06649,2024-08-23,ST04,C0287,P003,2,1152.67,224.04,928.63,Marketplace
S06650,2023-12-07,ST12,C0023,P028,3,1662.48,898.29,764.19,Mobile App
S06651,2024-07-10,ST06,C0328,P081,2,430.56,85.54,345.02,Marketplace
S06652,2023-02-14,ST09,C0314,P034,1,504.32,314.94,189.38,Marketplace
S06653,2025-04-05,ST07,C0137,P059,5,592.83,1226.15,-633.32,Mobile App
S06654,2023-05-31,ST10,C0335,P059,1,118.57,245.23,-126.66,Retail Store
S06655,2024-12-05,ST13,C0440,P052,1,387.52,64.51,323.01,Mobile App
S06656,2023-12-10,ST06,C0150,P010,2,1316.43,580.2,736.23,Online
S06657,2023-08-20,ST02,C0320,P004,4,1155.97,935.04,220.93,Mobile App
S06658,2024-11-16,ST09,C0274,P087,4,3078.56,1001.88,2076.68,Mobile App
S06659,2025-08-01,ST02,C0034,P020,3,2228.4,656.1,1572.3,Marketplace
S06660,2024-03-13,ST09,C0069,P005,1,479.37,280.69,198.68,Online
S06661,2023-01-04,ST12,C0063,P054,3,665.86,835.32,-169.46,Mobile App
S06662,2023-09-19,ST04,C0102,P050,1,473.66,164.87,308.79,Mobile App
S06663,2024-09-21,ST05,C0324,P042,2,458.1,281.96,176.14,Mobile App
S06664,2023-07-12,ST10,C0408,P003,1,606.67,112.02,494.65,Mobile App
S06665,2024-04-08,ST05,C0052,P027,3,1618.18,609.3,1008.88,Retail Store
S06666,2023-11-28,ST05,C0223,P071,3,410.37,761.76,-351.39,Retail Store
S06667,2023-06-07,ST03,C0203,P085,1,767.55,218.24,549.31,Retail Store
S06668,2025-06-03,ST02,C0135,P004,3,1019.97,701.28,318.69,Online
S06669,2023-12-01,ST05,C0243,P060,4,1869.56,553.0,1316.56,Mobile App
S06670,2025-07-27,ST14,C0001,P037,3,2530.77,1157.4,1373.37,Online
S06671,2024-09-06,ST02,C0434,P015,1,832.71,139.34,693.37,Retail Store
S06672,2023-12-28,ST10,C0062,P016,2,1403.94,258.12,1145.82,Retail Store
S06673,2023-11-11,ST01,C0077,P047,1,709.02,118.67,590.35,Retail Store
S06674,2023-05-02,ST12,C0059,P076,2,1142.26,289.54,852.72,Marketplace
S06675,2024-02-22,ST07,C0390,P045,1,347.26,127.08,220.18,Mobile App
S06676,2023-07-25,ST07,C0419,P034,2,952.6,629.88,322.72,Online
S06677,2024-08-11,ST14,C0142,P040,4,2433.46,396.04,2037.42,Marketplace
S06678,2024-03-07,ST15,C0093,P016,2,1263.55,258.12,1005.43,Marketplace
S06679,2023-10-02,ST08,C0204,P083,3,1589.55,500.91,1088.64,Marketplace
S06680,2023-06-10,ST01,C0363,P009,1,404.3,283.05,121.25,Marketplace
S06681,2023-01-19,ST06,C0258,P066,4,702.16,376.2,325.96,Marketplace
S06682,2025-02-05,ST04,C0280,P053,2,396.7,351.76,44.94,Retail Store
S06683,2023-11-22,ST09,C0270,P050,2,999.95,329.74,670.21,Marketplace
S06684,2025-06-30,ST01,C0094,P020,2,1337.04,437.4,899.64,Marketplace
S06685,2023-10-22,ST12,C0106,P076,1,604.73,144.77,459.96,Marketplace
S06686,2025-04-16,ST05,C0164,P034,2,1120.7,629.88,490.82,Retail Store
S06687,2025-08-26,ST14,C0296,P076,2,1209.46,289.54,919.92,Online
S06688,2025-07-26,ST07,C0341,P029,1,268.5,116.97,151.53,Marketplace
S06689,2025-06-09,ST07,C0142,P070,3,267.89,434.16,-166.27,Marketplace
S06690,2023-10-18,ST04,C0053,P076,3,1914.97,434.31,1480.66,Retail Store
S06691,2025-02-27,ST14,C0324,P070,2,198.44,289.44,-91.0,Online
S06692,2025-03-15,ST01,C0050,P039,1,47.93,373.85,-325.92,Retail Store
S06693,2024-07-21,ST02,C0043,P018,1,688.75,314.13,374.62,Marketplace
S06694,2023-06-04,ST01,C0020,P087,2,1462.32,500.94,961.38,Marketplace
S06695,2023-05-07,ST04,C0265,P065,1,448.02,143.64,304.38,Mobile App
S06696,2024-08-08,ST08,C0079,P005,4,2143.05,1122.76,1020.29,Retail Store
S06697,2024-05-18,ST05,C0349,P074,1,174.11,350.01,-175.9,Marketplace
S06698,2024-06-14,ST05,C0030,P020,1,668.52,218.7,449.82,Marketplace
S06699,2024-11-05,ST13,C0185,P082,3,1825.8,410.19,1415.61,Retail Store
S06700,2023-06-23,ST12,C0288,P072,2,1366.03,470.28,895.75,Online
S06701,2024-09-27,ST07,C0029,P045,3,1103.06,381.24,721.82,Retail Store
S06702,2025-07-15,ST05,C0220,P077,4,1031.44,1567.32,-535.88,Marketplace
S06703,2025-07-30,ST12,C0447,P070,1,99.22,144.72,-45.5,Marketplace
S06704,2025-06-09,ST04,C0032,P065,2,948.74,287.28,661.46,Mobile App
S06705,2024-12-08,ST15,C0417,P013,1,272.61,77.84,194.77,Mobile App
S06706,2023-08-18,ST04,C0187,P043,1,657.0,386.09,270.91,Online
S06707,2025-06-18,ST06,C0129,P089,1,566.51,227.16,339.35,Retail Store
S06708,2024-02-27,ST04,C0118,P037,3,2277.69,1157.4,1120.29,Mobile App
S06709,2025-02-07,ST06,C0435,P009,3,1212.89,849.15,363.74,Online
S06710,2024-04-12,ST03,C0055,P068,1,461.92,376.99,84.93,Marketplace
S06711,2025-05-08,ST09,C0236,P034,1,504.32,314.94,189.38,Mobile App
S06712,2023-09-08,ST07,C0225,P068,1,461.92,376.99,84.93,Online
S06713,2023-07-06,ST13,C0134,P079,1,717.95,180.26,537.69,Mobile App
S06714,2023-10-25,ST13,C0156,P063,2,1355.8,224.94,1130.86,Online
S06715,2024-09-04,ST03,C0288,P069,1,642.09,160.09,482.0,Marketplace
S06716,2023-11-30,ST01,C0035,P025,1,823.99,266.96,557.03,Online
S06717,2023-10-24,ST04,C0148,P029,3,805.5,350.91,454.59,Mobile App
S06718,2025-05-22,ST15,C0132,P024,4,2818.57,614.68,2203.89,Mobile App
S06719,2024-05-19,ST03,C0320,P045,3,1103.06,381.24,721.82,Mobile App
S06720,2023-06-10,ST05,C0304,P054,1,235.01,278.44,-43.43,Online
S06721,2025-08-06,ST10,C0402,P029,1,254.37,116.97,137.4,Retail Store
S06722,2024-01-02,ST02,C0053,P026,1,97.52,192.38,-94.86,Retail Store
S06723,2024-04-08,ST09,C0174,P032,1,294.0,296.35,-2.35,Retail Store
S06724,2023-11-25,ST06,C0211,P056,4,2794.63,1113.84,1680.79,Retail Store
S06725,2024-01-31,ST08,C0151,P065,2,1054.16,287.28,766.88,Marketplace
S06726,2024-11-22,ST13,C0025,P010,2,1316.43,580.2,736.23,Mobile App
S06727,2023-10-27,ST14,C0184,P041,1,66.37,33.46,32.91,Retail Store
S06728,2025-05-20,ST14,C0344,P089,1,599.83,227.16,372.67,Mobile App
S06729,2025-04-23,ST13,C0443,P025,5,3913.95,1334.8,2579.15,Marketplace
S06730,2024-09-22,ST02,C0314,P059,1,118.57,245.23,-126.66,Online
S06731,2025-03-23,ST04,C0203,P080,1,153.65,303.66,-150.01,Retail Store
S06732,2024-08-19,ST14,C0077,P052,2,697.54,129.02,568.52,Marketplace
S06733,2024-07-09,ST07,C0080,P024,5,3730.45,768.35,2962.1,Retail Store
S06734,2025-01-12,ST15,C0327,P014,1,88.92,86.92,2.0,Marketplace
S06735,2023-08-09,ST11,C0259,P012,1,388.63,157.89,230.74,Online
S06736,2025-06-22,ST02,C0048,P088,2,1505.79,604.28,901.51,Mobile App
S06737,2024-09-21,ST11,C0013,P014,1,93.86,86.92,6.94,Online
S06738,2024-09-15,ST10,C0399,P026,1,108.36,192.38,-84.02,Marketplace
S06739,2023-05-02,ST07,C0259,P004,1,339.99,233.76,106.23,Online
S06740,2024-04-03,ST08,C0337,P054,1,221.95,278.44,-56.49,Marketplace
S06741,2025-04-20,ST01,C0290,P002,3,1710.72,592.62,1118.1,Retail Store
S06742,2025-07-24,ST14,C0042,P071,3,388.77,761.76,-372.99,Online
S06743,2024-09-01,ST14,C0018,P055,1,725.09,244.81,480.28,Mobile App
S06744,2024-12-02,ST05,C0392,P023,1,200.75,255.0,-54.25,Online
S06745,2024-07-06,ST06,C0102,P072,1,803.55,235.14,568.41,Retail Store
S06746,2023-01-10,ST03,C0257,P027,1,634.58,203.1,431.48,Mobile App
S06747,2023-03-06,ST07,C0377,P068,3,1385.76,1130.97,254.79,Mobile App
S06748,2024-11-11,ST13,C0031,P014,1,98.8,86.92,11.88,Online
S06749,2024-04-14,ST15,C0049,P022,2,616.87,451.32,165.55,Mobile App
S06750,2024-04-09,ST11,C0413,P061,2,577.54,793.0,-215.46,Online
S06751,2023-05-05,ST14,C0308,P061,2,577.54,793.0,-215.46,Marketplace
S06752,2025-05-05,ST08,C0392,P007,3,175.92,1064.4,-888.48,Mobile App
S06753,2024-01-30,ST11,C0372,P043,2,1314.0,772.18,541.82,Online
S06754,2024-11-06,ST04,C0107,P023,4,850.25,1020.0,-169.75,Retail Store
S06755,2025-07-31,ST01,C0304,P027,1,539.39,203.1,336.29,Mobile App
S06756,2025-03-21,ST14,C0362,P008,1,588.72,380.57,208.15,Retail Store
S06757,2023-05-03,ST14,C0250,P088,1,836.55,302.14,534.41,Retail Store
S06758,2023-09-12,ST06,C0423,P016,2,1193.35,258.12,935.23,Mobile App
S06759,2023-05-30,ST02,C0315,P042,2,458.1,281.96,176.14,Mobile App
S06760,2023-02-02,ST01,C0242,P073,2,1642.6,753.62,888.98,Marketplace
S06761,2024-02-06,ST11,C0063,P021,1,459.95,349.05,110.9,Retail Store
S06762,2024-08-06,ST03,C0429,P067,3,1634.68,911.7,722.98,Mobile App
S06763,2023-02-21,ST15,C0308,P085,1,767.55,218.24,549.31,Marketplace
S06764,2025-01-09,ST13,C0200,P002,4,2166.91,790.16,1376.75,Retail Store
S06765,2024-11-29,ST12,C0380,P075,1,508.53,89.53,419.0,Online
S06766,2023-09-19,ST06,C0382,P058,1,605.06,133.49,471.57,Online
S06767,2025-03-18,ST06,C0185,P009,5,2246.1,1415.25,830.85,Online
S06768,2025-08-06,ST02,C0232,P057,1,581.41,34.16,547.25,Marketplace
S06769,2025-06-06,ST11,C0329,P079,1,646.16,180.26,465.9,Retail Store
S06770,2024-10-22,ST14,C0423,P074,3,443.98,1050.03,-606.05,Mobile App
S06771,2023-05-25,ST02,C0164,P078,2,201.9,433.1,-231.2,Mobile App
S06772,2023-08-24,ST01,C0114,P012,1,411.49,157.89,253.6,Online
S06773,2025-07-07,ST13,C0207,P028,1,471.04,299.43,171.61,Online
S06774,2023-04-21,ST04,C0319,P082,2,1217.2,273.46,943.74,Marketplace
S06775,2024-03-23,ST13,C0120,P086,1,576.58,167.27,409.31,Mobile App
S06776,2025-03-08,ST07,C0356,P034,4,2241.4,1259.76,981.64,Mobile App
S06777,2024-01-21,ST07,C0321,P048,1,344.06,154.5,189.56,Marketplace
S06778,2025-06-05,ST08,C0086,P008,5,3116.75,1902.85,1213.9,Retail Store
S06779,2023-09-09,ST04,C0167,P021,2,823.07,698.1,124.97,Retail Store
S06780,2025-07-23,ST09,C0082,P045,1,347.26,127.08,220.18,Marketplace
S06781,2023-11-16,ST09,C0054,P055,1,688.84,244.81,444.03,Marketplace
S06782,2024-07-10,ST02,C0194,P038,3,1471.95,1192.11,279.84,Marketplace
S06783,2025-02-05,ST06,C0004,P043,2,1545.88,772.18,773.7,Online
S06784,2025-05-05,ST13,C0030,P054,4,887.81,1113.76,-225.95,Online
S06785,2024-09-09,ST02,C0437,P050,3,1578.87,494.61,1084.26,Online
S06786,2024-05-22,ST02,C0430,P006,1,290.93,38.9,252.03,Marketplace
S06787,2023-05-03,ST02,C0017,P047,3,2127.06,356.01,1771.05,Retail Store
S06788,2024-08-16,ST11,C0236,P082,1,644.4,136.73,507.67,Online
S06789,2023-08-05,ST02,C0080,P012,3,1371.63,473.67,897.96,Online
S06790,2025-08-10,ST05,C0223,P061,1,288.77,396.5,-107.73,Mobile App
S06791,2024-08-17,ST05,C0090,P011,1,771.23,253.22,518.01,Marketplace
S06792,2025-08-16,ST04,C0368,P057,1,494.2,34.16,460.04,Retail Store
S06793,2023-09-23,ST13,C0130,P088,1,836.55,302.14,534.41,Online
S06794,2025-02-18,ST03,C0061,P083,1,529.85,166.97,362.88,Mobile App
S06795,2023-06-09,ST08,C0049,P051,1,781.06,383.14,397.92,Marketplace
S06796,2024-07-13,ST12,C0371,P079,1,646.16,180.26,465.9,Marketplace
S06797,2024-09-12,ST14,C0418,P012,2,822.98,315.78,507.2,Retail Store
S06798,2025-03-22,ST06,C0356,P027,1,571.12,203.1,368.02,Marketplace
S06799,2025-07-25,ST15,C0044,P052,1,368.14,64.51,303.63,Mobile App
S06800,2024-09-21,ST03,C0067,P051,3,2096.53,1149.42,947.11,Mobile App
S06801,2023-11-11,ST02,C0412,P089,8,5065.25,1817.28,3247.97,Retail Store
S06802,2024-02-10,ST12,C0311,P022,2,649.34,451.32,198.02,Marketplace
S06803,2024-02-09,ST06,C0195,P047,2,1276.24,237.34,1038.9,Retail Store
S06804,2024-11-05,ST14,C0318,P011,3,1966.64,759.66,1206.98,Mobile App
S06805,2025-02-05,ST11,C0235,P069,1,606.42,160.09,446.33,Retail Store
S06806,2025-02-14,ST04,C0105,P011,2,1465.34,506.44,958.9,Retail Store
S06807,2023-03-22,ST09,C0241,P052,4,1395.07,258.04,1137.03,Mobile App
S06808,2023-12-10,ST13,C0341,P088,3,2509.65,906.42,1603.23,Online
S06809,2025-04-19,ST02,C0316,P045,4,1634.16,508.32,1125.84,Mobile App
S06810,2023-01-20,ST09,C0227,P052,1,348.77,64.51,284.26,Marketplace
S06811,2023-06-14,ST03,C0156,P010,2,1393.87,580.2,813.67,Marketplace
S06812,2024-02-24,ST08,C0025,P029,5,1413.15,584.85,828.3,Mobile App
S06813,2025-06-07,ST03,C0139,P061,1,259.89,396.5,-136.61,Marketplace
S06814,2024-12-22,ST05,C0102,P078,2,191.81,433.1,-241.29,Mobile App
S06815,2024-03-28,ST07,C0104,P085,1,807.95,218.24,589.71,Retail Store
S06816,2025-01-28,ST04,C0042,P041,1,59.38,33.46,25.92,Retail Store
S06817,2024-01-27,ST06,C0053,P004,2,645.98,467.52,178.46,Retail Store
S06818,2023-01-11,ST04,C0442,P050,1,499.98,164.87,335.11,Retail Store
S06819,2024-12-01,ST06,C0172,P081,1,204.52,42.77,161.75,Retail Store
S06820,2023-05-20,ST13,C0103,P017,2,984.45,530.12,454.33,Online
S06821,2024-07-01,ST10,C0412,P024,1,746.09,153.67,592.42,Mobile App
S06822,2024-07-13,ST10,C0277,P021,1,484.16,349.05,135.11,Retail Store
S06823,2024-11-15,ST02,C0171,P054,5,1175.04,1392.2,-217.16,Retail Store
S06824,2024-09-10,ST08,C0003,P044,1,415.44,212.6,202.84,Retail Store
S06825,2024-02-25,ST08,C0003,P047,1,709.02,118.67,590.35,Online
S06826,2025-03-30,ST15,C0336,P067,1,544.89,303.9,240.99,Mobile App
S06827,2024-01-31,ST09,C0085,P038,1,441.58,397.37,44.21,Mobile App
S06828,2025-04-21,ST10,C0072,P065,1,527.08,143.64,383.44,Retail Store
S06829,2024-09-19,ST14,C0415,P088,1,794.72,302.14,492.58,Online
S06830,2023-10-20,ST08,C0017,P083,1,529.85,166.97,362.88,Retail Store
S06831,2024-03-15,ST15,C0063,P032,5,1642.93,1481.75,161.18,Online
S06832,2024-04-20,ST07,C0017,P016,2,1333.74,258.12,1075.62,Online
S06833,2025-03-30,ST04,C0017,P080,2,274.96,607.32,-332.36,Retail Store
S06834,2024-11-17,ST06,C0308,P042,1,229.05,140.98,88.07,Marketplace
S06835,2023-11-06,ST04,C0328,P007,2,99.69,709.6,-609.91,Mobile App
S06836,2024-10-02,ST08,C0180,P037,1,843.59,385.8,457.79,Mobile App
S06837,2023-02-21,ST11,C0271,P041,1,59.38,33.46,25.92,Online
S06838,2025-06-15,ST07,C0039,P046,5,2141.55,1747.4,394.15,Mobile App
S06839,2023-06-21,ST05,C0025,P003,3,1729.01,336.06,1392.95,Marketplace
S06840,2023-08-30,ST15,C0195,P011,1,694.11,253.22,440.89,Mobile App
S06841,2024-01-25,ST04,C0236,P072,1,763.37,235.14,528.23,Online
S06842,2024-04-24,ST13,C0344,P018,4,2617.25,1256.52,1360.73,Online
S06843,2023-05-20,ST09,C0278,P032,1,294.0,296.35,-2.35,Online
S06844,2024-11-17,ST12,C0008,P046,3,1427.7,1048.44,379.26,Retail Store
S06845,2023-03-01,ST07,C0155,P002,1,570.24,197.54,372.7,Marketplace
S06846,2024-02-26,ST02,C0240,P089,1,633.16,227.16,406.0,Mobile App
S06847,2025-07-13,ST08,C0418,P084,4,2726.56,1562.32,1164.24,Marketplace
S06848,2025-02-28,ST14,C0082,P030,1,657.07,308.05,349.02,Marketplace
S06849,2023-09-18,ST02,C0246,P059,1,132.52,245.23,-112.71,Retail Store
S06850,2024-07-09,ST02,C0399,P036,3,2108.19,1071.27,1036.92,Online
S06851,2024-08-28,ST03,C0311,P051,3,2466.51,1149.42,1317.09,Online
S06852,2023-10-25,ST04,C0167,P041,3,178.14,100.38,77.76,Online
S06853,2023-08-13,ST13,C0346,P009,1,426.76,283.05,143.71,Retail Store
S06854,2024-07-13,ST13,C0241,P006,1,290.93,38.9,252.03,Marketplace
S06855,2024-07-25,ST03,C0052,P028,1,554.16,299.43,254.73,Mobile App
S06856,2023-09-27,ST03,C0195,P024,1,704.64,153.67,550.97,Mobile App
S06857,2025-04-10,ST08,C0122,P059,2,265.03,490.46,-225.43,Marketplace
S06858,2024-12-20,ST05,C0357,P066,1,157.99,94.05,63.94,Marketplace
S06859,2024-10-15,ST02,C0184,P018,1,688.75,314.13,374.62,Retail Store
S06860,2025-04-21,ST15,C0330,P067,1,641.05,303.9,337.15,Online
S06861,2025-02-08,ST06,C0001,P038,1,490.65,397.37,93.28,Marketplace
S06862,2024-11-01,ST05,C0349,P021,3,1452.48,1047.15,405.33,Online
S06863,2023-06-19,ST02,C0388,P060,2,794.56,276.5,518.06,Mobile App
S06864,2024-04-01,ST03,C0101,P078,2,171.62,433.1,-261.48,Retail Store
S06865,2024-11-06,ST15,C0013,P074,1,165.4,350.01,-184.61,Marketplace
S06866,2023-11-22,ST01,C0355,P053,2,440.78,351.76,89.02,Marketplace
S06867,2023-07-12,ST03,C0012,P075,1,508.53,89.53,419.0,Retail Store
S06868,2025-03-15,ST10,C0294,P034,1,532.33,314.94,217.39,Retail Store
S06869,2025-03-14,ST06,C0244,P060,1,420.65,138.25,282.4,Mobile App
S06870,2023-04-06,ST01,C0368,P061,3,866.31,1189.5,-323.19,Online
S06871,2023-08-04,ST03,C0204,P011,1,655.55,253.22,402.33,Online
S06872,2023-01-20,ST10,C0096,P087,1,654.19,250.47,403.72,Online
S06873,2024-04-13,ST03,C0358,P014,3,296.4,260.76,35.64,Mobile App
S06874,2023-09-27,ST15,C0350,P071,1,136.79,253.92,-117.13,Online
S06875,2023-08-30,ST09,C0443,P007,4,234.56,1419.2,-1184.64,Retail Store
S06876,2025-05-23,ST10,C0237,P076,1,604.73,144.77,459.96,Mobile App
S06877,2024-10-22,ST13,C0252,P003,3,1729.01,336.06,1392.95,Retail Store
S06878,2023-02-19,ST10,C0189,P065,1,448.02,143.64,304.38,Marketplace
S06879,2025-08-17,ST14,C0188,P031,3,321.5,858.72,-537.22,Online
S06880,2024-02-16,ST05,C0328,P036,2,1561.62,714.18,847.44,Marketplace
S06881,2023-04-09,ST03,C0382,P062,1,260.32,91.36,168.96,Retail Store
S06882,2023-06-23,ST12,C0373,P030,1,558.51,308.05,250.46,Mobile App
S06883,2023-10-13,ST04,C0172,P005,1,535.76,280.69,255.07,Marketplace
S06884,2024-04-07,ST06,C0065,P024,1,746.09,153.67,592.42,Mobile App
S06885,2023-09-04,ST07,C0103,P019,1,108.34,335.58,-227.24,Mobile App
S06886,2024-09-08,ST12,C0413,P089,1,566.51,227.16,339.35,Retail Store
S06887,2024-06-08,ST15,C0164,P046,1,475.9,349.48,126.42,Retail Store
S06888,2023-07-05,ST15,C0350,P084,2,1523.67,781.16,742.51,Retail Store
S06889,2025-03-07,ST08,C0403,P075,2,864.5,179.06,685.44,Marketplace
S06890,2023-06-03,ST07,C0240,P041,2,139.72,66.92,72.8,Retail Store
S06891,2023-08-24,ST01,C0335,P010,4,2632.86,1160.4,1472.46,Mobile App
S06892,2023-12-04,ST02,C0279,P020,2,1262.76,437.4,825.36,Mobile App
S06893,2023-11-12,ST06,C0326,P050,1,447.35,164.87,282.48,Mobile App
S06894,2023-03-12,ST12,C0073,P001,1,706.57,318.25,388.32,Marketplace
S06895,2023-02-16,ST11,C0142,P010,1,774.37,290.1,484.27,Marketplace
S06896,2023-08-30,ST02,C0296,P003,2,1213.34,224.04,989.3,Mobile App
S06897,2023-05-09,ST11,C0304,P050,3,1499.93,494.61,1005.32,Online
S06898,2023-04-04,ST07,C0320,P041,2,139.72,66.92,72.8,Retail Store
S06899,2023-01-28,ST02,C0212,P064,1,258.05,130.54,127.51,Marketplace
S06900,2024-11-20,ST12,C0046,P040,3,1926.49,297.03,1629.46,Online
S06901,2023-12-22,ST08,C0172,P013,1,257.46,77.84,179.62,Retail Store
S06902,2023-12-13,ST03,C0376,P046,4,1713.24,1397.92,315.32,Retail Store
S06903,2024-06-03,ST05,C0160,P051,2,1397.69,766.28,631.41,Retail Store
S06904,2024-04-30,ST13,C0115,P006,1,274.76,38.9,235.86,Retail Store
S06905,2025-02-21,ST10,C0231,P006,2,614.17,77.8,536.37,Mobile App
S06906,2025-07-19,ST10,C0229,P049,1,615.31,236.79,378.52,Marketplace
S06907,2023-09-17,ST14,C0156,P011,3,2082.32,759.66,1322.66,Marketplace
S06908,2025-08-28,ST15,C0444,P070,2,198.44,289.44,-91.0,Mobile App
S06909,2023-02-20,ST12,C0396,P056,1,698.66,278.46,420.2,Retail Store
S06910,2023-05-28,ST04,C0128,P020,3,2228.4,656.1,1572.3,Mobile App
S06911,2025-05-21,ST08,C0041,P022,1,275.97,225.66,50.31,Mobile App
S06912,2025-03-06,ST04,C0280,P082,1,716.0,136.73,579.27,Online
S06913,2024-10-18,ST11,C0239,P002,4,2052.86,790.16,1262.7,Marketplace
S06914,2025-07-09,ST09,C0390,P037,1,843.59,385.8,457.79,Retail Store
S06915,2024-01-18,ST06,C0069,P087,5,3463.38,1252.35,2211.03,Retail Store
S06916,2023-03-11,ST14,C0198,P021,4,1839.81,1396.2,443.61,Retail Store
S06917,2024-07-31,ST02,C0352,P085,1,727.16,218.24,508.92,Mobile App
S06918,2023-06-02,ST07,C0284,P085,2,1615.9,436.48,1179.42,Marketplace
S06919,2025-03-02,ST14,C0174,P068,2,923.84,753.98,169.86,Retail Store
S06920,2025-04-12,ST15,C0238,P051,1,698.84,383.14,315.7,Online
S06921,2023-05-09,ST09,C0386,P033,1,742.23,293.6,448.63,Marketplace
S06922,2023-08-15,ST05,C0273,P053,1,220.39,175.88,44.51,Online
S06923,2025-02-18,ST13,C0289,P031,2,252.16,572.48,-320.32,Online
S06924,2023-02-04,ST06,C0097,P022,1,292.2,225.66,66.54,Online
S06925,2024-04-18,ST08,C0319,P008,5,3289.9,1902.85,1387.05,Mobile App
S06926,2024-05-17,ST08,C0420,P077,3,730.6,1175.49,-444.89,Retail Store
S06927,2024-07-24,ST04,C0412,P051,1,698.84,383.14,315.7,Retail Store
S06928,2025-04-01,ST02,C0384,P052,1,348.77,64.51,284.26,Online
S06929,2025-03-11,ST15,C0436,P027,1,539.39,203.1,336.29,Retail Store
S06930,2024-12-13,ST10,C0418,P015,1,707.8,139.34,568.46,Online
S06931,2025-05-12,ST05,C0091,P029,2,480.47,233.94,246.53,Online
S06932,2025-05-29,ST13,C0223,P029,1,240.24,116.97,123.27,Online
S06933,2023-12-06,ST09,C0076,P009,2,763.67,566.1,197.57,Online
S06934,2024-12-23,ST11,C0373,P086,2,980.19,334.54,645.65,Online
S06935,2024-12-10,ST01,C0073,P088,1,794.72,302.14,492.58,Mobile App
S06936,2023-10-29,ST14,C0265,P005,2,1127.92,561.38,566.54,Mobile App
S06937,2025-07-24,ST05,C0250,P040,2,1284.32,198.02,1086.3,Marketplace
S06938,2025-06-25,ST11,C0313,P069,1,642.09,160.09,482.0,Online
S06939,2025-08-05,ST10,C0088,P078,2,201.9,433.1,-231.2,Marketplace
S06940,2024-08-22,ST12,C0062,P063,1,797.53,112.47,685.06,Mobile App
S06941,2025-04-30,ST02,C0284,P065,2,1001.45,287.28,714.17,Mobile App
S06942,2023-04-18,ST15,C0090,P036,1,780.81,357.09,423.72,Mobile App
S06943,2024-11-04,ST03,C0086,P088,1,836.55,302.14,534.41,Online
S06944,2025-04-15,ST08,C0448,P054,1,261.12,278.44,-17.32,Retail Store
S06945,2023-11-02,ST10,C0213,P025,3,2471.97,800.88,1671.09,Mobile App
S06946,2024-04-27,ST01,C0195,P022,1,308.44,225.66,82.78,Retail Store
S06947,2023-04-29,ST03,C0241,P047,1,673.57,118.67,554.9,Retail Store
S06948,2025-06-25,ST05,C0257,P053,1,209.37,175.88,33.49,Marketplace
S06949,2024-02-25,ST02,C0128,P085,1,767.55,218.24,549.31,Marketplace
S06950,2023-08-13,ST13,C0086,P072,1,763.37,235.14,528.23,Marketplace
S06951,2025-07-21,ST07,C0028,P088,2,1589.44,604.28,985.16,Marketplace
S06952,2024-09-06,ST01,C0090,P032,1,345.88,296.35,49.53,Online
S06953,2023-05-08,ST15,C0151,P059,1,132.52,245.23,-112.71,Online
S06954,2023-09-28,ST10,C0352,P008,1,692.61,380.57,312.04,Mobile App
S06955,2023-08-28,ST13,C0303,P063,5,3987.65,562.35,3425.3,Retail Store
S06956,2025-03-28,ST13,C0261,P045,2,694.52,254.16,440.36,Online
S06957,2024-02-23,ST11,C0072,P073,1,821.3,376.81,444.49,Online
S06958,2024-12-25,ST12,C0382,P021,2,871.49,698.1,173.39,Retail Store
S06959,2023-05-11,ST05,C0087,P057,2,1104.68,68.32,1036.36,Online
S06960,2025-04-09,ST03,C0122,P018,3,2066.25,942.39,1123.86,Mobile App
S06961,2024-10-15,ST03,C0319,P081,2,387.5,85.54,301.96,Retail Store
S06962,2025-04-29,ST01,C0019,P050,1,499.98,164.87,335.11,Online
S06963,2024-10-01,ST12,C0030,P025,1,823.99,266.96,557.03,Mobile App
S06964,2025-05-17,ST11,C0426,P044,1,393.57,212.6,180.97,Online
S06965,2024-11-27,ST03,C0029,P087,3,2308.92,751.41,1557.51,Mobile App
S06966,2023-08-20,ST10,C0017,P085,1,686.76,218.24,468.52,Online
S06967,2023-05-08,ST01,C0433,P074,1,174.11,350.01,-175.9,Retail Store
S06968,2025-04-30,ST15,C0299,P043,1,695.65,386.09,309.56,Marketplace
S06969,2023-01-01,ST01,C0287,P069,1,642.09,160.09,482.0,Online
S06970,2024-02-29,ST03,C0448,P041,3,178.14,100.38,77.76,Retail Store
S06971,2023-03-13,ST12,C0228,P065,1,474.37,143.64,330.73,Online
S06972,2023-02-10,ST14,C0082,P034,2,1120.7,629.88,490.82,Retail Store
S06973,2023-05-30,ST08,C0246,P028,1,554.16,299.43,254.73,Online
S06974,2023-11-02,ST06,C0294,P019,1,120.38,335.58,-215.2,Marketplace
S06975,2024-07-01,ST08,C0366,P002,1,513.22,197.54,315.68,Marketplace
S06976,2024-01-11,ST10,C0180,P059,4,530.06,980.92,-450.86,Marketplace
S06977,2025-02-25,ST05,C0001,P060,1,397.28,138.25,259.03,Online
S06978,2024-10-11,ST06,C0049,P022,2,584.41,451.32,133.09,Online
S06979,2024-02-13,ST04,C0366,P018,2,1239.75,628.26,611.49,Online
S06980,2024-03-09,ST02,C0315,P086,1,576.58,167.27,409.31,Marketplace
S06981,2025-05-03,ST07,C0077,P056,2,1397.32,556.92,840.4,Retail Store
S06982,2023-10-25,ST07,C0087,P062,1,306.26,91.36,214.9,Retail Store
S06983,2024-10-29,ST07,C0327,P008,3,1766.16,1141.71,624.45,Retail Store
S06984,2024-11-05,ST12,C0166,P085,1,767.55,218.24,549.31,Mobile App
S06985,2024-02-16,ST11,C0147,P086,1,547.75,167.27,380.48,Mobile App
S06986,2025-06-07,ST11,C0180,P085,4,3231.8,872.96,2358.84,Online
S06987,2024-05-06,ST11,C0422,P057,1,523.27,34.16,489.11,Mobile App
S06988,2024-12-26,ST04,C0285,P051,1,822.17,383.14,439.03,Marketplace
S06989,2024-07-30,ST06,C0073,P016,1,701.97,129.06,572.91,Marketplace
S06990,2023-04-17,ST07,C0411,P048,4,1307.43,618.0,689.43,Online
S06991,2023-03-18,ST12,C0414,P039,3,160.71,1121.55,-960.84,Mobile App
S06992,2023-10-04,ST03,C0299,P006,2,646.5,77.8,568.7,Retail Store
S06993,2025-01-03,ST04,C0397,P016,1,701.97,129.06,572.91,Marketplace
S06994,2024-12-13,ST12,C0257,P002,1,484.7,197.54,287.16,Online
S06995,2025-04-06,ST14,C0432,P005,3,1691.88,842.07,849.81,Marketplace
S06996,2024-12-13,ST03,C0148,P011,1,732.67,253.22,479.45,Mobile App
S06997,2024-08-06,ST15,C0234,P085,1,727.16,218.24,508.92,Retail Store
S06998,2024-04-17,ST08,C0448,P059,2,278.98,490.46,-211.48,Mobile App
S06999,2024-05-14,ST07,C0273,P041,1,66.37,33.46,32.91,Online
S07000,2024-05-02,ST05,C0324,P033,1,668.01,293.6,374.41,Retail Store
S07001,2023-04-06,ST01,C0207,P019,1,102.32,335.58,-233.26,Online
S07002,2024-07-31,ST09,C0139,P001,1,706.57,318.25,388.32,Retail Store
S07003,2023-02-07,ST05,C0105,P025,1,741.59,266.96,474.63,Retail Store
S07004,2025-02-16,ST15,C0145,P070,6,535.79,868.32,-332.53,Mobile App
S07005,2025-05-21,ST04,C0390,P072,1,763.37,235.14,528.23,Retail Store
S07006,2024-09-30,ST08,C0285,P066,2,333.53,188.1,145.43,Marketplace
S07007,2024-01-11,ST08,C0400,P036,1,741.77,357.09,384.68,Online
S07008,2023-08-25,ST08,C0358,P056,1,821.95,278.46,543.49,Online
S07009,2024-05-23,ST01,C0320,P023,4,803.01,1020.0,-216.99,Mobile App
S07010,2024-02-01,ST14,C0430,P016,1,666.87,129.06,537.81,Marketplace
S07011,2024-05-09,ST09,C0372,P010,3,2323.11,870.3,1452.81,Mobile App
S07012,2024-11-19,ST02,C0157,P022,1,324.67,225.66,99.01,Retail Store
S07013,2024-12-15,ST09,C0282,P048,2,584.9,309.0,275.9,Online
S07014,2023-03-28,ST09,C0431,P066,2,315.97,188.1,127.87,Online
S07015,2025-03-06,ST01,C0288,P034,3,1512.95,944.82,568.13,Mobile App
S07016,2023-12-10,ST07,C0339,P051,1,739.95,383.14,356.81,Marketplace
S07017,2024-02-14,ST11,C0150,P071,1,143.99,253.92,-109.93,Online
S07018,2024-08-02,ST02,C0008,P070,1,99.22,144.72,-45.5,Marketplace
S07019,2025-08-24,ST12,C0008,P053,3,661.17,527.64,133.53,Online
S07020,2024-09-02,ST01,C0156,P034,1,476.3,314.94,161.36,Online
S07021,2024-10-04,ST02,C0182,P021,2,919.9,698.1,221.8,Mobile App
S07022,2024-01-07,ST01,C0364,P084,4,3207.72,1562.32,1645.4,Retail Store
S07023,2025-08-24,ST11,C0016,P077,2,544.37,783.66,-239.29,Mobile App
S07024,2025-01-08,ST04,C0130,P024,1,828.99,153.67,675.32,Retail Store
S07025,2024-06-05,ST02,C0031,P059,1,132.52,245.23,-112.71,Retail Store
S07026,2023-06-05,ST08,C0334,P017,1,440.41,265.06,175.35,Retail Store
S07027,2024-04-10,ST08,C0434,P074,6,1044.66,2100.06,-1055.4,Retail Store
S07028,2024-05-24,ST01,C0312,P005,1,507.56,280.69,226.87,Online
S07029,2023-01-12,ST15,C0127,P001,2,1413.14,636.5,776.64,Marketplace
S07030,2025-07-12,ST07,C0026,P028,1,554.16,299.43,254.73,Mobile App
S07031,2024-11-26,ST07,C0125,P036,4,3123.24,1428.36,1694.88,Retail Store
S07032,2023-06-02,ST10,C0380,P025,4,3131.16,1067.84,2063.32,Retail Store
S07033,2023-01-02,ST02,C0338,P013,3,908.7,233.52,675.18,Marketplace
S07034,2024-09-13,ST01,C0130,P055,2,1305.16,489.62,815.54,Online
S07035,2024-06-23,ST06,C0334,P006,6,1939.5,233.4,1706.1,Mobile App
S07036,2024-10-17,ST04,C0189,P069,1,713.43,160.09,553.34,Retail Store
S07037,2025-07-07,ST05,C0163,P087,2,1539.28,500.94,1038.34,Mobile App
S07038,2023-10-10,ST15,C0210,P037,4,2868.21,1543.2,1325.01,Retail Store
S07039,2023-05-31,ST01,C0444,P026,1,108.36,192.38,-84.02,Retail Store
S07040,2023-07-07,ST09,C0420,P006,1,323.25,38.9,284.35,Retail Store
S07041,2023-07-25,ST09,C0215,P068,2,785.26,753.98,31.28,Retail Store
S07042,2024-02-13,ST04,C0210,P031,1,113.47,286.24,-172.77,Retail Store
S07043,2023-01-18,ST11,C0387,P028,1,498.74,299.43,199.31,Retail Store
S07044,2024-05-16,ST03,C0079,P056,1,821.95,278.46,543.49,Mobile App
S07045,2024-12-08,ST07,C0126,P074,1,156.7,350.01,-193.31,Online
S07046,2024-11-23,ST10,C0107,P074,1,147.99,350.01,-202.02,Marketplace
S07047,2023-01-29,ST01,C0449,P035,2,1401.57,545.38,856.19,Retail Store
S07048,2024-06-03,ST12,C0413,P017,1,518.13,265.06,253.07,Mobile App
S07049,2023-02-18,ST06,C0091,P084,2,1523.67,781.16,742.51,Mobile App
S07050,2024-01-25,ST09,C0429,P055,2,1377.67,489.62,888.05,Marketplace
S07051,2024-03-07,ST14,C0308,P077,2,573.02,783.66,-210.64,Marketplace
S07052,2025-05-10,ST15,C0238,P021,4,1646.14,1396.2,249.94,Retail Store
S07053,2025-01-09,ST11,C0399,P023,3,637.69,765.0,-127.31,Online
S07054,2024-07-22,ST13,C0039,P033,1,630.9,293.6,337.3,Marketplace
S07055,2025-08-19,ST03,C0194,P048,3,1032.18,463.5,568.68,Mobile App
S07056,2023-12-28,ST14,C0243,P056,1,821.95,278.46,543.49,Mobile App
S07057,2024-09-16,ST05,C0042,P018,1,688.75,314.13,374.62,Marketplace
S07058,2023-12-04,ST05,C0255,P062,1,260.32,91.36,168.96,Marketplace
S07059,2023-10-04,ST13,C0447,P014,2,197.6,173.84,23.76,Retail Store
S07060,2024-06-17,ST08,C0246,P041,1,69.86,33.46,36.4,Retail Store
S07061,2024-02-05,ST15,C0329,P065,1,500.73,143.64,357.09,Online
S07062,2025-05-17,ST04,C0407,P035,3,2473.35,818.07,1655.28,Mobile App
S07063,2023-09-11,ST14,C0349,P047,1,602.67,118.67,484.0,Retail Store
S07064,2024-04-12,ST04,C0201,P067,1,544.89,303.9,240.99,Online
S07065,2024-07-03,ST04,C0145,P048,1,309.65,154.5,155.15,Mobile App
S07066,2025-07-07,ST06,C0246,P073,2,1642.6,753.62,888.98,Retail Store
S07067,2024-01-04,ST07,C0189,P062,2,612.52,182.72,429.8,Marketplace
S07068,2024-05-16,ST03,C0087,P079,4,2584.62,721.04,1863.58,Mobile App
S07069,2024-02-11,ST10,C0014,P020,3,2228.4,656.1,1572.3,Online
S07070,2023-12-29,ST04,C0046,P083,1,476.87,166.97,309.9,Retail Store
S07071,2025-04-24,ST11,C0244,P044,1,371.7,212.6,159.1,Marketplace
S07072,2023-11-25,ST03,C0351,P079,3,1938.47,540.78,1397.69,Retail Store
S07073,2024-04-23,ST08,C0119,P017,2,1036.26,530.12,506.14,Mobile App
S07074,2023-04-09,ST14,C0135,P026,1,108.36,192.38,-84.02,Online
S07075,2024-02-18,ST01,C0378,P019,2,228.72,671.16,-442.44,Marketplace
S07076,2023-12-11,ST10,C0113,P053,1,209.37,175.88,33.49,Mobile App
S07077,2023-02-14,ST03,C0233,P048,2,584.9,309.0,275.9,Online
S07078,2024-10-12,ST09,C0059,P050,1,473.66,164.87,308.79,Marketplace
S07079,2025-02-13,ST08,C0207,P075,1,432.25,89.53,342.72,Online
S07080,2025-03-09,ST06,C0067,P063,1,677.9,112.47,565.43,Mobile App
S07081,2023-07-21,ST07,C0283,P078,1,100.95,216.55,-115.6,Retail Store
S07082,2023-10-23,ST06,C0243,P064,1,272.38,130.54,141.84,Marketplace
S07083,2025-06-20,ST12,C0084,P020,2,1485.6,437.4,1048.2,Marketplace
S07084,2023-03-28,ST07,C0152,P010,1,696.93,290.1,406.83,Mobile App
S07085,2023-02-17,ST02,C0447,P084,1,681.64,390.58,291.06,Retail Store
S07086,2024-08-31,ST06,C0016,P041,1,59.38,33.46,25.92,Online
S07087,2024-03-03,ST02,C0308,P070,3,282.78,434.16,-151.38,Marketplace
S07088,2024-07-26,ST11,C0050,P021,2,823.07,698.1,124.97,Mobile App
S07089,2023-05-23,ST10,C0246,P013,4,1151.02,311.36,839.66,Marketplace
S07090,2024-12-01,ST02,C0269,P048,1,344.06,154.5,189.56,Marketplace
S07091,2023-05-12,ST15,C0220,P029,2,480.47,233.94,246.53,Retail Store
S07092,2024-05-29,ST07,C0204,P059,3,355.7,735.69,-379.99,Online
S07093,2025-07-24,ST02,C0223,P086,1,518.92,167.27,351.65,Online
S07094,2024-02-21,ST11,C0380,P019,3,325.03,1006.74,-681.71,Retail Store
S07095,2025-01-07,ST09,C0183,P039,3,169.17,1121.55,-952.38,Retail Store
S07096,2023-07-28,ST14,C0340,P070,1,89.3,144.72,-55.42,Online
S07097,2025-01-19,ST06,C0413,P020,1,742.8,218.7,524.1,Mobile App
S07098,2024-11-15,ST07,C0146,P042,1,269.47,140.98,128.49,Marketplace
S07099,2024-04-14,ST08,C0025,P086,1,518.92,167.27,351.65,Mobile App
S07100,2023-08-24,ST01,C0313,P083,1,529.85,166.97,362.88,Marketplace
S07101,2024-10-20,ST02,C0419,P073,3,2094.31,1130.43,963.88,Mobile App
S07102,2023-04-07,ST10,C0308,P039,1,50.75,373.85,-323.1,Retail Store
S07103,2024-04-26,ST05,C0014,P059,1,132.52,245.23,-112.71,Mobile App
S07104,2024-06-26,ST13,C0406,P072,3,2410.65,705.42,1705.23,Retail Store
S07105,2023-04-16,ST15,C0168,P031,5,598.88,1431.2,-832.32,Marketplace
S07106,2025-01-31,ST12,C0289,P046,1,404.51,349.48,55.03,Online
S07107,2025-03-27,ST09,C0102,P048,1,326.86,154.5,172.36,Marketplace
S07108,2023-04-15,ST13,C0090,P011,2,1465.34,506.44,958.9,Mobile App
S07109,2023-10-03,ST10,C0339,P044,1,437.3,212.6,224.7,Online
S07110,2024-04-12,ST05,C0357,P010,5,3484.66,1450.5,2034.16,Online
S07111,2023-05-30,ST12,C0388,P083,1,529.85,166.97,362.88,Marketplace
S07112,2025-04-09,ST14,C0356,P070,3,297.66,434.16,-136.5,Retail Store
S07113,2023-05-20,ST06,C0067,P055,4,2465.31,979.24,1486.07,Online
S07114,2024-10-08,ST13,C0392,P084,1,681.64,390.58,291.06,Retail Store
S07115,2023-05-15,ST01,C0179,P028,1,471.04,299.43,171.61,Online
S07116,2023-12-31,ST04,C0329,P021,3,1452.48,1047.15,405.33,Online
S07117,2025-03-06,ST10,C0169,P087,3,2308.92,751.41,1557.51,Marketplace
S07118,2023-11-24,ST11,C0198,P082,2,1432.0,273.46,1158.54,Retail Store
S07119,2023-01-24,ST05,C0449,P060,1,420.65,138.25,282.4,Mobile App
S07120,2023-02-26,ST10,C0109,P033,2,1261.79,587.2,674.59,Online
S07121,2023-11-29,ST14,C0432,P002,1,513.22,197.54,315.68,Retail Store
S07122,2024-07-27,ST05,C0029,P009,1,381.84,283.05,98.79,Marketplace
S07123,2023-01-31,ST09,C0254,P042,2,538.94,281.96,256.98,Mobile App
S07124,2025-08-24,ST15,C0273,P059,2,251.08,490.46,-239.38,Marketplace
S07125,2024-12-01,ST01,C0168,P043,1,695.65,386.09,309.56,Retail Store
S07126,2024-10-09,ST11,C0040,P066,3,526.62,282.15,244.47,Online
S07127,2024-07-24,ST11,C0175,P048,1,344.06,154.5,189.56,Mobile App
S07128,2024-06-19,ST04,C0084,P030,4,2496.87,1232.2,1264.67,Mobile App
S07129,2023-07-23,ST13,C0239,P075,1,508.53,89.53,419.0,Marketplace
S07130,2025-04-03,ST15,C0330,P045,2,776.23,254.16,522.07,Mobile App
S07131,2024-01-26,ST14,C0232,P056,1,821.95,278.46,543.49,Marketplace
S07132,2024-03-21,ST02,C0301,P008,1,623.35,380.57,242.78,Retail Store
S07133,2024-05-21,ST15,C0022,P062,1,260.32,91.36,168.96,Mobile App
S07134,2024-04-10,ST10,C0016,P056,1,780.85,278.46,502.39,Mobile App
S07135,2023-10-29,ST06,C0249,P051,1,698.84,383.14,315.7,Retail Store
S07136,2023-04-05,ST12,C0298,P083,2,1006.72,333.94,672.78,Online
S07137,2023-07-28,ST15,C0012,P088,2,1673.1,604.28,1068.82,Online
S07138,2023-07-16,ST14,C0307,P026,1,102.94,192.38,-89.44,Retail Store
S07139,2025-02-11,ST06,C0347,P060,1,444.02,138.25,305.77,Retail Store
S07140,2023-10-02,ST13,C0287,P010,1,774.37,290.1,484.27,Online
S07141,2024-05-26,ST01,C0059,P037,3,2530.77,1157.4,1373.37,Mobile App
S07142,2025-01-21,ST01,C0151,P055,2,1305.16,489.62,815.54,Online
S07143,2023-02-27,ST09,C0314,P038,1,417.05,397.37,19.68,Retail Store
S07144,2023-01-30,ST15,C0129,P084,2,1603.86,781.16,822.7,Retail Store
S07145,2023-03-19,ST02,C0186,P018,3,2066.25,942.39,1123.86,Retail Store
S07146,2023-08-06,ST15,C0152,P019,1,114.36,335.58,-221.22,Retail Store
S07147,2023-06-03,ST12,C0202,P025,1,823.99,266.96,557.03,Marketplace
S07148,2023-10-26,ST14,C0071,P060,2,841.3,276.5,564.8,Marketplace
S07149,2025-06-30,ST14,C0437,P061,3,866.31,1189.5,-323.19,Retail Store
S07150,2025-08-17,ST15,C0254,P085,1,686.76,218.24,468.52,Online
S07151,2024-04-23,ST05,C0066,P081,1,182.99,42.77,140.22,Online
S07152,2025-08-05,ST13,C0210,P046,7,3331.3,2446.36,884.94,Retail Store
S07153,2023-09-28,ST12,C0371,P050,2,1052.58,329.74,722.84,Marketplace
S07154,2024-03-01,ST11,C0120,P029,1,240.24,116.97,123.27,Marketplace
S07155,2024-07-06,ST10,C0047,P089,1,666.48,227.16,439.32,Online
S07156,2025-07-24,ST09,C0239,P065,2,1054.16,287.28,766.88,Online
S07157,2024-02-06,ST09,C0224,P022,3,876.61,676.98,199.63,Marketplace
S07158,2025-08-21,ST08,C0231,P028,3,1662.48,898.29,764.19,Retail Store
S07159,2024-02-07,ST12,C0017,P051,1,822.17,383.14,439.03,Marketplace
S07160,2024-01-13,ST15,C0248,P016,2,1193.35,258.12,935.23,Online
S07161,2024-05-13,ST01,C0216,P067,2,1217.99,607.8,610.19,Marketplace
S07162,2024-04-28,ST15,C0122,P060,5,2336.95,691.25,1645.7,Marketplace
S07163,2023-07-09,ST09,C0093,P045,1,347.26,127.08,220.18,Online
S07164,2023-04-08,ST06,C0304,P002,2,1140.48,395.08,745.4,Marketplace
S07165,2024-08-12,ST10,C0430,P040,2,1149.13,198.02,951.11,Retail Store
S07166,2024-01-03,ST01,C0260,P043,1,657.0,386.09,270.91,Marketplace
S07167,2023-05-22,ST08,C0326,P008,2,1177.44,761.14,416.3,Retail Store
S07168,2023-06-01,ST02,C0392,P077,1,272.18,391.83,-119.65,Online
S07169,2025-01-26,ST03,C0184,P033,1,705.12,293.6,411.52,Mobile App
S07170,2024-09-06,ST08,C0209,P036,2,1405.46,714.18,691.28,Mobile App
S07171,2023-02-24,ST01,C0048,P020,3,1894.14,656.1,1238.04,Online
S07172,2023-06-11,ST02,C0302,P014,1,93.86,86.92,6.94,Online
S07173,2023-09-01,ST11,C0280,P087,1,769.64,250.47,519.17,Online
S07174,2023-05-07,ST10,C0273,P004,2,611.98,467.52,144.46,Marketplace
S07175,2025-05-22,ST10,C0420,P015,4,3330.84,557.36,2773.48,Retail Store
S07176,2023-10-07,ST15,C0026,P053,1,187.33,175.88,11.45,Retail Store
S07177,2023-12-29,ST09,C0199,P018,1,585.44,314.13,271.31,Marketplace
S07178,2024-12-24,ST10,C0124,P044,3,1246.31,637.8,608.51,Online
S07179,2024-03-15,ST15,C0435,P017,1,518.13,265.06,253.07,Marketplace
S07180,2025-04-05,ST09,C0373,P004,2,611.98,467.52,144.46,Mobile App
S07181,2025-07-16,ST08,C0088,P065,1,527.08,143.64,383.44,Online
S07182,2023-06-29,ST08,C0212,P031,1,113.47,286.24,-172.77,Mobile App
S07183,2023-03-18,ST05,C0303,P016,2,1193.35,258.12,935.23,Retail Store
S07184,2023-12-26,ST10,C0420,P074,1,147.99,350.01,-202.02,Marketplace
S07185,2024-07-02,ST11,C0152,P089,1,566.51,227.16,339.35,Retail Store
S07186,2023-02-12,ST11,C0061,P079,2,1364.11,360.52,1003.59,Marketplace
S07187,2023-09-13,ST02,C0264,P064,1,272.38,130.54,141.84,Marketplace
S07188,2025-06-17,ST15,C0386,P048,2,584.9,309.0,275.9,Marketplace
S07189,2025-04-07,ST06,C0234,P027,2,1269.16,406.2,862.96,Marketplace
S07190,2023-06-11,ST01,C0429,P003,1,546.0,112.02,433.98,Online
S07191,2025-04-18,ST10,C0059,P067,1,576.94,303.9,273.04,Mobile App
S07192,2025-05-08,ST03,C0299,P077,1,286.51,391.83,-105.32,Retail Store
S07193,2023-01-12,ST06,C0212,P033,3,1892.69,880.8,1011.89,Marketplace
S07194,2023-03-09,ST04,C0295,P028,2,1108.32,598.86,509.46,Online
S07195,2024-01-27,ST08,C0277,P040,2,1351.92,198.02,1153.9,Marketplace
S07196,2023-02-12,ST13,C0018,P024,2,1492.18,307.34,1184.84,Retail Store
S07197,2024-06-11,ST08,C0152,P086,1,490.09,167.27,322.82,Mobile App
S07198,2023-04-22,ST13,C0423,P025,2,1647.98,533.92,1114.06,Online
S07199,2023-06-24,ST08,C0150,P051,2,1644.34,766.28,878.06,Marketplace
S07200,2024-07-17,ST01,C0263,P067,2,1089.78,607.8,481.98,Retail Store
S07201,2024-04-19,ST12,C0210,P017,2,1036.26,530.12,506.14,Retail Store
S07202,2024-06-22,ST01,C0290,P059,3,418.47,735.69,-317.22,Marketplace
S07203,2025-01-20,ST09,C0153,P057,1,552.34,34.16,518.18,Retail Store
S07204,2024-04-17,ST02,C0017,P084,3,2165.21,1171.74,993.47,Mobile App
S07205,2024-08-20,ST14,C0223,P014,1,88.92,86.92,2.0,Marketplace
S07206,2024-07-21,ST04,C0281,P085,1,767.55,218.24,549.31,Online
S07207,2024-01-07,ST12,C0316,P049,1,647.69,236.79,410.9,Online
S07208,2023-07-08,ST02,C0294,P047,3,2127.06,356.01,1771.05,Retail Store
S07209,2023-03-22,ST02,C0144,P012,1,434.35,157.89,276.46,Online
S07210,2023-05-17,ST04,C0441,P001,2,1201.17,636.5,564.67,Online
S07211,2024-01-16,ST07,C0082,P073,1,780.23,376.81,403.42,Marketplace
S07212,2023-11-11,ST15,C0206,P016,2,1403.94,258.12,1145.82,Retail Store
S07213,2024-06-20,ST05,C0006,P028,1,526.45,299.43,227.02,Retail Store
S07214,2025-03-01,ST09,C0264,P037,3,2277.69,1157.4,1120.29,Mobile App
S07215,2025-04-14,ST07,C0305,P051,1,822.17,383.14,439.03,Retail Store
S07216,2023-10-22,ST10,C0165,P084,2,1363.28,781.16,582.12,Retail Store
S07217,2023-06-01,ST15,C0125,P023,1,212.56,255.0,-42.44,Marketplace
S07218,2023-05-21,ST03,C0244,P061,1,259.89,396.5,-136.61,Retail Store
S07219,2025-02-16,ST13,C0233,P042,2,458.1,281.96,176.14,Marketplace
S07220,2023-09-10,ST14,C0176,P045,1,408.54,127.08,281.46,Retail Store
S07221,2024-06-24,ST15,C0138,P042,3,687.15,422.94,264.21,Online
S07222,2023-09-02,ST13,C0413,P059,4,530.06,980.92,-450.86,Marketplace
S07223,2024-06-13,ST11,C0368,P078,2,201.9,433.1,-231.2,Marketplace
S07224,2024-01-18,ST13,C0255,P039,1,50.75,373.85,-323.1,Mobile App
S07225,2024-12-05,ST10,C0191,P008,2,1385.22,761.14,624.08,Mobile App
S07226,2023-08-26,ST12,C0007,P034,4,1905.19,1259.76,645.43,Online
S07227,2024-03-25,ST12,C0377,P025,2,1483.18,533.92,949.26,Online
S07228,2024-03-25,ST14,C0171,P010,1,774.37,290.1,484.27,Marketplace
S07229,2023-10-20,ST11,C0440,P006,1,290.93,38.9,252.03,Mobile App
S07230,2023-02-10,ST02,C0344,P040,1,608.36,99.01,509.35,Online
S07231,2025-07-06,ST04,C0006,P024,2,1575.08,307.34,1267.74,Marketplace
S07232,2025-03-25,ST05,C0328,P069,1,713.43,160.09,553.34,Mobile App
S07233,2025-04-27,ST08,C0255,P033,1,742.23,293.6,448.63,Marketplace
S07234,2025-06-07,ST09,C0135,P005,1,563.96,280.69,283.27,Mobile App
S07235,2023-01-31,ST15,C0434,P060,1,467.39,138.25,329.14,Mobile App
S07236,2023-05-29,ST05,C0257,P070,7,659.81,1013.04,-353.23,Mobile App
S07237,2024-10-22,ST02,C0285,P034,2,1120.7,629.88,490.82,Mobile App
S07238,2024-09-06,ST11,C0049,P052,2,736.29,129.02,607.27,Marketplace
S07239,2025-03-01,ST09,C0300,P006,1,323.25,38.9,284.35,Marketplace
S07240,2025-06-14,ST01,C0291,P017,2,880.82,530.12,350.7,Online
S07241,2025-02-05,ST04,C0016,P076,2,1343.84,289.54,1054.3,Retail Store
S07242,2024-08-10,ST06,C0185,P025,3,2101.17,800.88,1300.29,Retail Store
S07243,2023-08-30,ST11,C0352,P003,1,606.67,112.02,494.65,Retail Store
S07244,2024-07-12,ST09,C0275,P074,1,174.11,350.01,-175.9,Online
S07245,2023-01-07,ST11,C0403,P022,2,616.87,451.32,165.55,Mobile App
S07246,2023-03-24,ST07,C0259,P022,2,616.87,451.32,165.55,Mobile App
S07247,2023-09-14,ST14,C0441,P033,5,3154.48,1468.0,1686.48,Mobile App
S07248,2025-06-24,ST07,C0399,P062,2,551.27,182.72,368.55,Retail Store
S07249,2025-02-05,ST06,C0094,P038,3,1251.16,1192.11,59.05,Mobile App
S07250,2025-04-29,ST15,C0314,P063,2,1595.06,224.94,1370.12,Mobile App
S07251,2024-07-06,ST10,C0028,P059,1,125.54,245.23,-119.69,Mobile App
S07252,2024-12-25,ST05,C0073,P012,1,457.21,157.89,299.32,Marketplace
S07253,2025-03-19,ST03,C0159,P078,1,95.9,216.55,-120.65,Mobile App
S07254,2025-03-03,ST03,C0302,P006,3,969.75,116.7,853.05,Online
S07255,2025-02-21,ST14,C0045,P008,1,588.72,380.57,208.15,Mobile App
S07256,2024-08-22,ST03,C0405,P022,1,275.97,225.66,50.31,Mobile App
S07257,2024-12-14,ST12,C0375,P001,2,1413.14,636.5,776.64,Mobile App
S07258,2025-04-04,ST06,C0052,P059,2,278.98,490.46,-211.48,Marketplace
S07259,2024-01-04,ST12,C0126,P049,1,582.92,236.79,346.13,Marketplace
S07260,2024-10-02,ST08,C0419,P068,4,1847.68,1507.96,339.72,Retail Store
S07261,2024-08-06,ST01,C0182,P037,1,717.05,385.8,331.25,Online
S07262,2025-05-14,ST14,C0129,P080,1,145.57,303.66,-158.09,Online
S07263,2024-12-07,ST07,C0238,P007,2,99.69,709.6,-609.91,Mobile App
S07264,2024-02-03,ST14,C0413,P026,2,195.05,384.76,-189.71,Online
S07265,2024-06-21,ST09,C0085,P024,3,2113.92,461.01,1652.91,Marketplace
S07266,2025-01-26,ST13,C0099,P067,5,3205.25,1519.5,1685.75,Marketplace
S07267,2023-10-09,ST01,C0246,P075,2,1017.06,179.06,838.0,Marketplace
S07268,2025-07-31,ST11,C0183,P060,1,397.28,138.25,259.03,Retail Store
S07269,2023-08-03,ST03,C0187,P028,2,942.07,598.86,343.21,Mobile App
S07270,2023-03-18,ST15,C0016,P080,1,145.57,303.66,-158.09,Marketplace
S07271,2023-04-01,ST13,C0306,P046,2,904.21,698.96,205.25,Mobile App
S07272,2025-01-05,ST01,C0030,P073,3,2094.31,1130.43,963.88,Mobile App
S07273,2024-05-16,ST12,C0297,P028,1,471.04,299.43,171.61,Mobile App
S07274,2023-04-18,ST13,C0309,P083,2,953.73,333.94,619.79,Retail Store
S07275,2025-04-14,ST15,C0243,P038,1,490.65,397.37,93.28,Online
S07276,2025-04-11,ST06,C0002,P037,2,1687.18,771.6,915.58,Mobile App
S07277,2024-09-08,ST02,C0298,P009,1,426.76,283.05,143.71,Mobile App
S07278,2023-10-31,ST10,C0413,P069,1,713.43,160.09,553.34,Marketplace
S07279,2025-07-12,ST09,C0330,P004,1,339.99,233.76,106.23,Retail Store
S07280,2023-11-29,ST09,C0401,P053,1,220.39,175.88,44.51,Marketplace
S07281,2023-03-25,ST15,C0201,P028,1,498.74,299.43,199.31,Online
S07282,2024-11-15,ST04,C0063,P083,3,1589.55,500.91,1088.64,Online
S07283,2023-06-02,ST02,C0234,P006,1,290.93,38.9,252.03,Mobile App
S07284,2024-09-11,ST06,C0037,P021,2,871.49,698.1,173.39,Retail Store
S07285,2024-03-08,ST10,C0196,P045,1,347.26,127.08,220.18,Marketplace
S07286,2024-07-25,ST11,C0170,P030,2,1314.14,616.1,698.04,Marketplace
S07287,2023-01-03,ST10,C0032,P073,1,821.3,376.81,444.49,Retail Store
S07288,2023-10-31,ST10,C0259,P039,2,101.5,747.7,-646.2,Mobile App
S07289,2023-02-07,ST05,C0258,P038,3,1471.95,1192.11,279.84,Retail Store
S07290,2023-12-18,ST05,C0293,P076,1,604.73,144.77,459.96,Mobile App
S07291,2023-01-02,ST12,C0118,P056,1,821.95,278.46,543.49,Marketplace
S07292,2024-12-25,ST14,C0117,P076,1,671.92,144.77,527.15,Online
S07293,2025-02-09,ST07,C0178,P029,1,240.24,116.97,123.27,Retail Store
S07294,2025-02-23,ST02,C0233,P007,3,175.92,1064.4,-888.48,Marketplace
S07295,2025-05-28,ST07,C0322,P020,2,1411.32,437.4,973.92,Mobile App
S07296,2024-03-16,ST10,C0095,P049,2,1295.38,473.58,821.8,Retail Store
S07297,2023-10-15,ST02,C0071,P018,1,688.75,314.13,374.62,Marketplace
S07298,2025-03-06,ST04,C0152,P080,1,145.57,303.66,-158.09,Marketplace
S07299,2024-03-22,ST01,C0225,P018,1,654.31,314.13,340.18,Marketplace
S07300,2023-07-26,ST08,C0267,P035,2,1401.57,545.38,856.19,Online
S07301,2023-01-22,ST09,C0336,P059,1,125.54,245.23,-119.69,Online
S07302,2023-04-12,ST13,C0424,P042,1,229.05,140.98,88.07,Marketplace
S07303,2025-02-26,ST09,C0358,P046,1,475.9,349.48,126.42,Online
S07304,2023-12-11,ST04,C0193,P089,1,666.48,227.16,439.32,Marketplace
S07305,2025-06-04,ST08,C0232,P017,2,932.63,530.12,402.51,Online
S07306,2023-09-22,ST09,C0101,P071,1,122.39,253.92,-131.53,Retail Store
S07307,2024-04-06,ST09,C0305,P020,2,1411.32,437.4,973.92,Marketplace
S07308,2025-07-09,ST02,C0123,P018,5,3443.75,1570.65,1873.1,Marketplace
S07309,2023-05-29,ST14,C0221,P048,1,292.45,154.5,137.95,Mobile App
S07310,2023-11-16,ST03,C0066,P008,2,1246.7,761.14,485.56,Marketplace
S07311,2025-08-08,ST13,C0207,P073,3,2094.31,1130.43,963.88,Retail Store
S07312,2024-08-06,ST02,C0291,P058,1,573.22,133.49,439.73,Mobile App
S07313,2025-02-08,ST05,C0309,P052,2,658.78,129.02,529.76,Marketplace
S07314,2024-03-18,ST03,C0045,P013,3,863.26,233.52,629.74,Marketplace
S07315,2023-09-18,ST11,C0121,P058,1,541.37,133.49,407.88,Marketplace
S07316,2023-08-05,ST08,C0235,P017,1,492.22,265.06,227.16,Online
S07317,2025-04-14,ST08,C0432,P045,1,367.69,127.08,240.61,Mobile App
S07318,2025-07-01,ST10,C0114,P079,1,646.16,180.26,465.9,Online
S07319,2023-09-16,ST09,C0442,P011,3,2313.69,759.66,1554.03,Mobile App
S07320,2024-08-24,ST03,C0436,P078,3,287.71,649.65,-361.94,Retail Store
S07321,2024-07-18,ST02,C0352,P049,2,1165.84,473.58,692.26,Retail Store
S07322,2025-06-15,ST14,C0420,P024,1,746.09,153.67,592.42,Marketplace
S07323,2024-05-26,ST09,C0045,P067,4,2564.2,1215.6,1348.6,Online
S07324,2023-01-04,ST15,C0089,P079,1,682.05,180.26,501.79,Mobile App
S07325,2025-07-06,ST05,C0208,P060,3,1191.84,414.75,777.09,Online
S07326,2023-08-29,ST11,C0333,P083,1,529.85,166.97,362.88,Online
S07327,2023-04-14,ST15,C0445,P006,2,581.85,77.8,504.05,Marketplace
S07328,2023-08-11,ST13,C0422,P080,1,161.74,303.66,-141.92,Mobile App
S07329,2024-12-28,ST06,C0101,P064,2,487.42,261.08,226.34,Mobile App
S07330,2025-08-29,ST04,C0163,P005,2,958.73,561.38,397.35,Marketplace
S07331,2023-10-09,ST06,C0184,P043,1,772.94,386.09,386.85,Retail Store
S07332,2023-06-30,ST02,C0049,P051,1,739.95,383.14,356.81,Online
S07333,2024-09-05,ST05,C0294,P072,2,1526.74,470.28,1056.46,Mobile App
S07334,2025-07-26,ST11,C0126,P015,1,832.71,139.34,693.37,Online
S07335,2023-03-10,ST10,C0435,P037,2,1687.18,771.6,915.58,Marketplace
S07336,2025-03-21,ST15,C0070,P089,2,1199.66,454.32,745.34,Retail Store
S07337,2023-01-17,ST09,C0330,P024,4,2818.57,614.68,2203.89,Online
S07338,2023-06-13,ST13,C0248,P021,4,1839.81,1396.2,443.61,Online
S07339,2025-01-08,ST11,C0363,P022,1,292.2,225.66,66.54,Online
S07340,2024-03-14,ST02,C0445,P051,4,3288.68,1532.56,1756.12,Retail Store
S07341,2023-08-16,ST10,C0223,P042,2,538.94,281.96,256.98,Marketplace
S07342,2023-03-05,ST08,C0154,P051,5,3699.76,1915.7,1784.06,Marketplace
S07343,2024-09-20,ST11,C0448,P018,1,688.75,314.13,374.62,Mobile App
S07344,2023-02-14,ST09,C0153,P045,2,776.23,254.16,522.07,Marketplace
S07345,2024-04-20,ST01,C0099,P055,1,616.33,244.81,371.52,Mobile App
S07346,2025-07-11,ST01,C0115,P065,2,1054.16,287.28,766.88,Online
S07347,2023-08-23,ST05,C0041,P019,3,361.14,1006.74,-645.6,Online
S07348,2024-10-28,ST13,C0136,P031,2,239.55,572.48,-332.93,Online
S07349,2023-02-05,ST06,C0407,P063,1,797.53,112.47,685.06,Online
S07350,2023-01-27,ST10,C0435,P013,1,302.9,77.84,225.06,Online
S07351,2024-06-03,ST15,C0136,P019,2,228.72,671.16,-442.44,Retail Store
S07352,2024-01-31,ST03,C0118,P031,3,378.24,858.72,-480.48,Mobile App
S07353,2023-11-20,ST08,C0242,P042,3,687.15,422.94,264.21,Online
S07354,2024-02-01,ST10,C0249,P028,1,554.16,299.43,254.73,Marketplace
S07355,2023-04-03,ST07,C0274,P001,1,706.57,318.25,388.32,Online
S07356,2023-11-10,ST09,C0428,P075,1,432.25,89.53,342.72,Mobile App
S07357,2024-01-21,ST11,C0145,P018,1,585.44,314.13,271.31,Marketplace
S07358,2024-01-14,ST03,C0375,P059,2,278.98,490.46,-211.48,Retail Store
S07359,2023-10-08,ST03,C0104,P013,2,605.8,155.68,450.12,Retail Store
S07360,2023-03-01,ST03,C0130,P042,1,242.52,140.98,101.54,Mobile App
S07361,2024-03-04,ST14,C0008,P003,2,1213.34,224.04,989.3,Marketplace
S07362,2025-07-13,ST14,C0156,P066,1,157.99,94.05,63.94,Marketplace
S07363,2024-01-25,ST13,C0227,P030,2,1248.43,616.1,632.33,Marketplace
S07364,2024-08-06,ST14,C0215,P012,2,777.26,315.78,461.48,Retail Store
S07365,2025-05-03,ST04,C0359,P040,1,608.36,99.01,509.35,Mobile App
S07366,2024-01-04,ST08,C0390,P033,5,3525.59,1468.0,2057.59,Retail Store
S07367,2024-09-10,ST05,C0363,P016,3,2105.91,387.18,1718.73,Mobile App
S07368,2024-07-22,ST03,C0349,P083,1,503.36,166.97,336.39,Mobile App
S07369,2024-05-19,ST07,C0080,P029,1,282.63,116.97,165.66,Mobile App
S07370,2023-09-22,ST10,C0386,P007,2,117.28,709.6,-592.32,Marketplace
S07371,2023-09-03,ST10,C0207,P027,3,1903.74,609.3,1294.44,Online
S07372,2023-03-09,ST14,C0281,P049,5,3238.45,1183.95,2054.5,Marketplace
S07373,2023-01-12,ST13,C0430,P062,1,275.63,91.36,184.27,Online
S07374,2024-09-24,ST12,C0392,P004,1,339.99,233.76,106.23,Online
S07375,2024-01-30,ST09,C0061,P064,2,544.77,261.08,283.69,Online
S07376,2023-04-14,ST04,C0371,P070,1,99.22,144.72,-45.5,Marketplace
S07377,2025-08-19,ST01,C0355,P045,2,735.37,254.16,481.21,Retail Store
S07378,2025-06-15,ST07,C0415,P071,4,575.96,1015.68,-439.72,Mobile App
S07379,2024-03-19,ST10,C0085,P037,2,1518.46,771.6,746.86,Marketplace
S07380,2024-03-31,ST05,C0110,P001,4,2543.65,1273.0,1270.65,Retail Store
S07381,2025-01-03,ST08,C0038,P085,1,807.95,218.24,589.71,Marketplace
S07382,2024-03-08,ST12,C0368,P027,3,1808.55,609.3,1199.25,Mobile App
S07383,2025-07-13,ST15,C0215,P084,1,801.93,390.58,411.35,Retail Store
S07384,2025-01-14,ST14,C0163,P046,1,404.51,349.48,55.03,Online
S07385,2023-08-04,ST02,C0154,P004,1,288.99,233.76,55.23,Marketplace
S07386,2024-04-12,ST01,C0398,P012,1,411.49,157.89,253.6,Marketplace
S07387,2024-07-12,ST09,C0092,P060,3,1402.17,414.75,987.42,Mobile App
S07388,2023-10-29,ST13,C0144,P007,4,199.38,1419.2,-1219.82,Online
S07389,2023-07-11,ST02,C0036,P058,1,636.91,133.49,503.42,Retail Store
S07390,2023-07-16,ST02,C0122,P049,2,1230.61,473.58,757.03,Marketplace
S07391,2025-08-21,ST05,C0035,P073,3,2463.9,1130.43,1333.47,Mobile App
S07392,2023-02-05,ST12,C0171,P019,1,108.34,335.58,-227.24,Marketplace
S07393,2024-05-28,ST14,C0180,P084,1,801.93,390.58,411.35,Online
S07394,2023-04-18,ST12,C0328,P067,1,641.05,303.9,337.15,Mobile App
S07395,2025-05-11,ST03,C0155,P037,1,717.05,385.8,331.25,Online
S07396,2024-03-06,ST14,C0412,P033,2,1410.24,587.2,823.04,Mobile App
S07397,2024-07-12,ST13,C0084,P053,1,198.35,175.88,22.47,Marketplace
S07398,2025-01-08,ST08,C0405,P048,2,653.71,309.0,344.71,Mobile App
S07399,2025-03-20,ST08,C0047,P002,2,1140.48,395.08,745.4,Retail Store
S07400,2025-08-23,ST05,C0159,P078,1,100.95,216.55,-115.6,Online
S07401,2023-09-28,ST14,C0077,P007,2,117.28,709.6,-592.32,Mobile App
S07402,2023-01-23,ST05,C0309,P046,1,475.9,349.48,126.42,Retail Store
S07403,2025-06-16,ST01,C0055,P040,1,608.36,99.01,509.35,Marketplace
S07404,2023-09-18,ST10,C0375,P088,1,794.72,302.14,492.58,Online
S07405,2023-10-13,ST01,C0070,P025,1,823.99,266.96,557.03,Retail Store
S07406,2025-07-08,ST13,C0005,P081,2,430.56,85.54,345.02,Marketplace
S07407,2025-02-27,ST03,C0168,P083,1,529.85,166.97,362.88,Online
S07408,2023-11-22,ST04,C0050,P009,1,449.22,283.05,166.17,Online
S07409,2024-07-29,ST12,C0146,P002,1,570.24,197.54,372.7,Mobile App
S07410,2024-03-11,ST02,C0369,P040,1,642.16,99.01,543.15,Retail Store
S07411,2023-08-10,ST08,C0058,P058,1,541.37,133.49,407.88,Online
S07412,2023-08-15,ST04,C0104,P081,1,182.99,42.77,140.22,Online
S07413,2024-10-06,ST03,C0301,P079,1,682.05,180.26,501.79,Online
S07414,2023-10-22,ST09,C0388,P048,1,344.06,154.5,189.56,Marketplace
S07415,2024-07-03,ST10,C0418,P013,1,302.9,77.84,225.06,Retail Store
S07416,2024-02-01,ST06,C0215,P025,1,700.39,266.96,433.43,Mobile App
S07417,2024-11-13,ST01,C0380,P015,2,1498.88,278.68,1220.2,Mobile App
S07418,2023-11-30,ST10,C0268,P017,1,518.13,265.06,253.07,Retail Store
S07419,2025-07-03,ST13,C0221,P083,1,529.85,166.97,362.88,Marketplace
S07420,2023-08-11,ST02,C0417,P015,2,1498.88,278.68,1220.2,Retail Store
S07421,2025-08-17,ST03,C0113,P086,1,576.58,167.27,409.31,Online
S07422,2024-04-12,ST02,C0368,P026,1,97.52,192.38,-94.86,Mobile App
S07423,2024-10-23,ST02,C0347,P016,1,631.77,129.06,502.71,Online
S07424,2025-03-07,ST02,C0239,P019,1,114.36,335.58,-221.22,Mobile App
S07425,2024-12-08,ST03,C0318,P087,4,2770.7,1001.88,1768.82,Marketplace
S07426,2023-12-17,ST02,C0161,P081,1,193.75,42.77,150.98,Retail Store
S07427,2025-06-01,ST01,C0183,P028,1,554.16,299.43,254.73,Marketplace
S07428,2025-05-02,ST05,C0244,P074,1,165.4,350.01,-184.61,Marketplace
S07429,2025-01-06,ST07,C0190,P018,2,1308.62,628.26,680.36,Online
S07430,2023-10-30,ST01,C0360,P018,1,688.75,314.13,374.62,Mobile App
S07431,2024-11-06,ST06,C0341,P028,1,526.45,299.43,227.02,Retail Store
S07432,2024-07-23,ST05,C0226,P073,2,1642.6,753.62,888.98,Mobile App
S07433,2023-06-25,ST08,C0046,P039,2,95.86,747.7,-651.84,Retail Store
S07434,2024-09-01,ST08,C0431,P007,1,58.64,354.8,-296.16,Online
S07435,2025-08-11,ST14,C0012,P009,2,808.6,566.1,242.5,Retail Store
S07436,2023-07-28,ST10,C0429,P033,1,742.23,293.6,448.63,Online
S07437,2024-01-11,ST07,C0274,P027,2,1269.16,406.2,862.96,Mobile App
S07438,2023-04-19,ST01,C0349,P020,3,2228.4,656.1,1572.3,Retail Store
S07439,2024-12-20,ST13,C0213,P003,1,515.67,112.02,403.65,Mobile App
S07440,2024-04-09,ST13,C0254,P039,3,169.17,1121.55,-952.38,Mobile App
S07441,2025-03-20,ST02,C0195,P008,3,1870.05,1141.71,728.34,Mobile App
S07442,2023-08-18,ST14,C0058,P067,2,1089.78,607.8,481.98,Marketplace
S07443,2025-08-25,ST02,C0116,P036,1,741.77,357.09,384.68,Marketplace
S07444,2023-07-30,ST11,C0339,P059,1,139.49,245.23,-105.74,Online
S07445,2024-07-06,ST03,C0184,P071,3,431.97,761.76,-329.79,Online
S07446,2023-10-23,ST02,C0308,P023,2,472.36,510.0,-37.64,Marketplace
S07447,2024-02-21,ST10,C0315,P052,3,1104.43,193.53,910.9,Marketplace
S07448,2025-06-07,ST04,C0319,P043,1,695.65,386.09,309.56,Marketplace
S07449,2023-09-23,ST06,C0242,P084,1,721.74,390.58,331.16,Online
S07450,2024-04-26,ST10,C0186,P008,3,1870.05,1141.71,728.34,Online
S07451,2024-12-04,ST13,C0354,P010,2,1548.74,580.2,968.54,Mobile App
S07452,2025-06-23,ST02,C0246,P062,1,275.63,91.36,184.27,Marketplace
S07453,2023-07-10,ST12,C0210,P022,2,649.34,451.32,198.02,Online
S07454,2024-12-27,ST15,C0397,P018,2,1308.62,628.26,680.36,Online
S07455,2024-06-29,ST02,C0067,P063,2,1595.06,224.94,1370.12,Mobile App
S07456,2023-12-06,ST09,C0202,P067,1,641.05,303.9,337.15,Retail Store
S07457,2024-05-26,ST07,C0066,P065,3,1581.24,430.92,1150.32,Retail Store
S07458,2025-04-14,ST06,C0180,P045,2,817.08,254.16,562.92,Retail Store
S07459,2025-08-01,ST13,C0358,P047,3,2020.71,356.01,1664.7,Online
S07460,2023-08-26,ST04,C0161,P066,2,351.08,188.1,162.98,Online
S07461,2024-08-27,ST07,C0262,P039,5,267.85,1869.25,-1601.4,Marketplace
S07462,2025-04-22,ST12,C0194,P086,1,490.09,167.27,322.82,Marketplace
S07463,2024-10-03,ST14,C0125,P088,1,794.72,302.14,492.58,Retail Store
S07464,2024-01-13,ST02,C0095,P057,3,1482.6,102.48,1380.12,Retail Store
S07465,2024-03-16,ST09,C0394,P043,3,2086.94,1158.27,928.67,Online
S07466,2023-03-31,ST15,C0008,P001,1,600.58,318.25,282.33,Marketplace
S07467,2024-11-13,ST03,C0231,P065,1,474.37,143.64,330.73,Mobile App
S07468,2025-08-22,ST12,C0308,P016,2,1333.74,258.12,1075.62,Retail Store
S07469,2025-07-22,ST12,C0236,P075,2,966.21,179.06,787.15,Online
S07470,2023-09-24,ST03,C0337,P056,2,1479.51,556.92,922.59,Retail Store
S07471,2023-07-15,ST04,C0037,P020,1,668.52,218.7,449.82,Retail Store
S07472,2023-05-02,ST10,C0192,P039,2,112.78,747.7,-634.92,Online
S07473,2025-01-14,ST08,C0095,P019,2,204.65,671.16,-466.51,Mobile App
S07474,2025-06-11,ST02,C0146,P075,1,457.68,89.53,368.15,Marketplace
S07475,2024-01-15,ST03,C0033,P084,3,2405.79,1171.74,1234.05,Mobile App
S07476,2025-06-30,ST15,C0211,P086,1,490.09,167.27,322.82,Retail Store
S07477,2024-02-23,ST09,C0321,P006,1,307.09,38.9,268.19,Retail Store
S07478,2023-12-22,ST10,C0043,P088,2,1505.79,604.28,901.51,Marketplace
S07479,2024-06-28,ST15,C0211,P084,2,1523.67,781.16,742.51,Marketplace
S07480,2023-04-09,ST14,C0062,P062,4,1225.04,365.44,859.6,Marketplace
S07481,2025-04-29,ST01,C0151,P010,1,774.37,290.1,484.27,Mobile App
S07482,2025-03-13,ST09,C0196,P041,3,209.58,100.38,109.2,Mobile App
S07483,2024-03-26,ST05,C0328,P057,3,1744.23,102.48,1641.75,Marketplace
S07484,2023-05-02,ST11,C0369,P059,2,278.98,490.46,-211.48,Mobile App
S07485,2025-05-07,ST12,C0265,P018,1,688.75,314.13,374.62,Online
S07486,2023-04-29,ST12,C0146,P055,1,725.09,244.81,480.28,Marketplace
S07487,2023-05-13,ST03,C0079,P079,2,1292.31,360.52,931.79,Marketplace
S07488,2023-01-24,ST01,C0003,P039,5,239.66,1869.25,-1629.59,Retail Store
S07489,2024-11-09,ST08,C0053,P034,1,504.32,314.94,189.38,Online
S07490,2024-07-25,ST12,C0222,P045,2,817.08,254.16,562.92,Online
S07491,2024-08-18,ST10,C0047,P001,3,2119.71,954.75,1164.96,Retail Store
S07492,2025-06-28,ST10,C0024,P075,1,483.1,89.53,393.57,Mobile App
S07493,2023-12-27,ST08,C0195,P077,1,257.86,391.83,-133.97,Mobile App
S07494,2023-09-13,ST10,C0079,P075,2,915.35,179.06,736.29,Marketplace
S07495,2023-10-22,ST05,C0055,P064,1,243.71,130.54,113.17,Marketplace
S07496,2023-07-22,ST08,C0311,P025,1,741.59,266.96,474.63,Mobile App
S07497,2024-07-30,ST05,C0249,P043,1,657.0,386.09,270.91,Mobile App
S07498,2024-11-06,ST12,C0068,P016,2,1333.74,258.12,1075.62,Retail Store
S07499,2024-03-11,ST04,C0236,P086,2,1153.16,334.54,818.62,Marketplace
S07500,2023-04-09,ST08,C0042,P086,2,980.19,334.54,645.65,Mobile App
S07501,2023-10-15,ST11,C0180,P029,3,763.1,350.91,412.19,Online
S07502,2025-08-08,ST10,C0006,P027,1,539.39,203.1,336.29,Retail Store
S07503,2024-09-20,ST13,C0096,P002,4,2052.86,790.16,1262.7,Mobile App
S07504,2023-12-17,ST09,C0048,P005,2,1127.92,561.38,566.54,Retail Store
S07505,2023-01-05,ST06,C0344,P042,1,229.05,140.98,88.07,Mobile App
S07506,2025-04-30,ST07,C0348,P080,1,161.74,303.66,-141.92,Mobile App
S07507,2024-08-06,ST04,C0411,P046,1,404.51,349.48,55.03,Marketplace
S07508,2023-08-19,ST02,C0093,P082,2,1360.4,273.46,1086.94,Marketplace
S07509,2024-10-05,ST01,C0009,P058,3,1624.12,400.47,1223.65,Online
S07510,2024-04-07,ST12,C0433,P067,2,1153.89,607.8,546.09,Online
S07511,2025-03-28,ST01,C0007,P075,1,508.53,89.53,419.0,Online
S07512,2023-04-07,ST11,C0421,P053,1,198.35,175.88,22.47,Mobile App
S07513,2024-06-10,ST07,C0138,P060,1,397.28,138.25,259.03,Online
S07514,2024-01-20,ST15,C0071,P010,1,774.37,290.1,484.27,Marketplace
S07515,2025-07-17,ST12,C0302,P084,1,721.74,390.58,331.16,Marketplace
S07516,2024-07-21,ST12,C0396,P041,1,69.86,33.46,36.4,Retail Store
S07517,2023-05-27,ST08,C0249,P015,2,1665.42,278.68,1386.74,Retail Store
S07518,2023-11-10,ST13,C0306,P088,3,2509.65,906.42,1603.23,Mobile App
S07519,2024-08-11,ST08,C0372,P047,6,4041.41,712.02,3329.39,Marketplace
S07520,2025-04-09,ST12,C0087,P041,2,139.72,66.92,72.8,Online
S07521,2023-02-23,ST13,C0276,P005,1,563.96,280.69,283.27,Online
S07522,2023-01-24,ST07,C0179,P087,2,1539.28,500.94,1038.34,Online
S07523,2025-06-17,ST04,C0102,P029,1,254.37,116.97,137.4,Mobile App
S07524,2024-01-14,ST02,C0223,P062,1,306.26,91.36,214.9,Mobile App
S07525,2023-02-22,ST12,C0340,P004,3,968.97,701.28,267.69,Marketplace
S07526,2023-02-16,ST06,C0414,P014,2,197.6,173.84,23.76,Online
S07527,2023-03-20,ST03,C0359,P074,1,174.11,350.01,-175.9,Mobile App
S07528,2025-07-21,ST07,C0264,P010,3,1974.64,870.3,1104.34,Marketplace
S07529,2025-03-07,ST14,C0140,P058,1,636.91,133.49,503.42,Mobile App
S07530,2024-10-11,ST13,C0297,P042,3,808.41,422.94,385.47,Mobile App
S07531,2024-12-30,ST11,C0406,P051,1,781.06,383.14,397.92,Retail Store
S07532,2023-03-22,ST11,C0394,P056,2,1561.7,556.92,1004.78,Retail Store
S07533,2023-11-14,ST08,C0445,P047,1,709.02,118.67,590.35,Mobile App
S07534,2023-03-13,ST08,C0438,P029,4,1073.99,467.88,606.11,Online
S07535,2023-03-10,ST11,C0080,P023,1,224.37,255.0,-30.63,Mobile App
S07536,2024-07-23,ST09,C0117,P044,1,437.3,212.6,224.7,Retail Store
S07537,2023-07-07,ST05,C0317,P049,4,2331.68,947.16,1384.52,Marketplace
S07538,2023-09-08,ST11,C0249,P052,3,1162.56,193.53,969.03,Mobile App
S07539,2023-09-03,ST13,C0175,P002,3,1539.65,592.62,947.03,Retail Store
S07540,2025-01-20,ST07,C0270,P072,2,1446.39,470.28,976.11,Online
S07541,2024-08-29,ST06,C0220,P081,2,365.98,85.54,280.44,Mobile App
S07542,2024-05-15,ST12,C0252,P012,1,457.21,157.89,299.32,Mobile App
S07543,2023-05-16,ST01,C0350,P018,1,688.75,314.13,374.62,Online
S07544,2023-03-27,ST02,C0220,P050,1,447.35,164.87,282.48,Retail Store
S07545,2023-08-13,ST03,C0091,P087,4,2616.78,1001.88,1614.9,Marketplace
S07546,2023-02-15,ST14,C0306,P053,1,187.33,175.88,11.45,Online
S07547,2024-12-20,ST04,C0133,P055,2,1450.18,489.62,960.56,Online
S07548,2024-05-13,ST15,C0249,P027,1,634.58,203.1,431.48,Retail Store
S07549,2024-09-29,ST11,C0448,P061,5,1443.85,1982.5,-538.65,Online
S07550,2023-07-08,ST04,C0123,P058,3,1719.66,400.47,1319.19,Mobile App
S07551,2025-04-10,ST03,C0434,P060,4,1869.56,553.0,1316.56,Online
S07552,2024-10-10,ST14,C0102,P043,6,4637.64,2316.54,2321.1,Online
S07553,2024-01-01,ST09,C0348,P083,1,529.85,166.97,362.88,Online
S07554,2024-07-11,ST06,C0293,P037,2,1687.18,771.6,915.58,Marketplace
S07555,2023-02-19,ST14,C0029,P052,2,775.04,129.02,646.02,Online
S07556,2024-10-24,ST02,C0299,P080,1,153.65,303.66,-150.01,Retail Store
S07557,2025-07-13,ST12,C0394,P019,1,114.36,335.58,-221.22,Online
S07558,2025-06-07,ST12,C0105,P087,3,1962.58,751.41,1211.17,Mobile App
S07559,2025-03-08,ST10,C0257,P024,2,1492.18,307.34,1184.84,Marketplace
S07560,2025-04-09,ST10,C0289,P074,3,496.21,1050.03,-553.82,Mobile App
S07561,2024-04-10,ST02,C0360,P068,3,1385.76,1130.97,254.79,Online
S07562,2023-07-11,ST15,C0417,P035,1,824.45,272.69,551.76,Online
S07563,2025-06-25,ST14,C0200,P089,1,633.16,227.16,406.0,Marketplace
S07564,2023-03-13,ST12,C0204,P010,1,696.93,290.1,406.83,Online
S07565,2023-09-14,ST04,C0327,P005,2,1127.92,561.38,566.54,Marketplace
S07566,2023-09-13,ST02,C0127,P030,1,591.36,308.05,283.31,Mobile App
S07567,2023-05-02,ST13,C0042,P085,1,686.76,218.24,468.52,Online
S07568,2024-10-20,ST05,C0010,P051,1,698.84,383.14,315.7,Mobile App
S07569,2025-07-07,ST02,C0361,P073,1,821.3,376.81,444.49,Retail Store
S07570,2024-03-29,ST04,C0024,P032,1,294.0,296.35,-2.35,Marketplace
S07571,2024-09-03,ST10,C0178,P043,1,657.0,386.09,270.91,Marketplace
S07572,2024-09-03,ST08,C0386,P053,1,187.33,175.88,11.45,Retail Store
S07573,2024-02-06,ST15,C0197,P006,1,323.25,38.9,284.35,Retail Store
S07574,2025-05-26,ST07,C0443,P032,3,985.76,889.05,96.71,Marketplace
S07575,2023-12-20,ST15,C0019,P005,1,479.37,280.69,198.68,Marketplace
S07576,2023-11-05,ST15,C0236,P062,1,306.26,91.36,214.9,Mobile App
S07577,2024-02-12,ST05,C0397,P053,2,418.74,351.76,66.98,Mobile App
S07578,2024-08-12,ST08,C0285,P083,1,450.37,166.97,283.4,Mobile App
S07579,2023-05-04,ST09,C0343,P065,2,948.74,287.28,661.46,Retail Store
S07580,2023-03-11,ST12,C0294,P031,1,113.47,286.24,-172.77,Retail Store
S07581,2025-08-22,ST13,C0367,P056,3,2342.56,835.38,1507.18,Mobile App
S07582,2024-06-16,ST05,C0372,P084,1,721.74,390.58,331.16,Marketplace
S07583,2025-05-05,ST10,C0409,P002,3,1539.65,592.62,947.03,Mobile App
S07584,2023-01-21,ST05,C0444,P068,1,415.73,376.99,38.74,Mobile App
S07585,2023-07-27,ST06,C0062,P041,1,62.87,33.46,29.41,Marketplace
S07586,2023-03-21,ST12,C0367,P008,2,1385.22,761.14,624.08,Marketplace
S07587,2024-12-08,ST11,C0162,P064,1,286.72,130.54,156.18,Marketplace
S07588,2024-01-22,ST09,C0127,P083,1,450.37,166.97,283.4,Online
S07589,2023-10-07,ST13,C0350,P046,3,1427.7,1048.44,379.26,Mobile App
S07590,2024-04-12,ST07,C0283,P059,1,132.52,245.23,-112.71,Retail Store
S07591,2023-03-03,ST04,C0247,P004,1,305.99,233.76,72.23,Marketplace
S07592,2024-09-04,ST09,C0373,P030,2,1182.73,616.1,566.63,Retail Store
S07593,2025-08-06,ST06,C0019,P003,3,1638.01,336.06,1301.95,Marketplace
S07594,2023-08-06,ST04,C0280,P038,2,932.23,794.74,137.49,Mobile App
S07595,2023-01-29,ST13,C0060,P010,1,735.65,290.1,445.55,Online
S07596,2023-07-04,ST07,C0242,P031,1,113.47,286.24,-172.77,Marketplace
S07597,2023-09-12,ST12,C0366,P073,1,698.1,376.81,321.29,Retail Store
S07598,2023-04-24,ST08,C0405,P055,1,725.09,244.81,480.28,Online
S07599,2024-09-02,ST10,C0098,P036,2,1405.46,714.18,691.28,Marketplace
S07600,2024-08-14,ST11,C0415,P021,1,484.16,349.05,135.11,Marketplace
S07601,2024-02-17,ST15,C0126,P072,3,2410.65,705.42,1705.23,Retail Store
S07602,2023-07-04,ST01,C0166,P015,2,1665.42,278.68,1386.74,Online
S07603,2025-06-07,ST09,C0042,P067,1,609.0,303.9,305.1,Mobile App
S07604,2024-08-16,ST14,C0231,P049,4,2461.22,947.16,1514.06,Online
S07605,2023-03-06,ST13,C0129,P027,3,1903.74,609.3,1294.44,Mobile App
S07606,2025-04-04,ST13,C0029,P036,2,1561.62,714.18,847.44,Retail Store
S07607,2024-02-27,ST09,C0345,P022,1,308.44,225.66,82.78,Retail Store
S07608,2023-01-15,ST10,C0391,P063,2,1435.55,224.94,1210.61,Retail Store
S07609,2023-08-26,ST07,C0229,P035,2,1648.9,545.38,1103.52,Mobile App
S07610,2023-08-08,ST03,C0290,P085,1,686.76,218.24,468.52,Mobile App
S07611,2024-07-15,ST08,C0035,P049,1,550.54,236.79,313.75,Retail Store
S07612,2023-03-07,ST04,C0055,P040,3,2027.88,297.03,1730.85,Marketplace
S07613,2024-07-10,ST02,C0026,P071,4,547.16,1015.68,-468.52,Online
S07614,2023-08-10,ST06,C0170,P047,1,709.02,118.67,590.35,Mobile App
S07615,2023-06-24,ST06,C0156,P035,1,783.23,272.69,510.54,Mobile App
S07616,2023-12-01,ST06,C0336,P019,2,204.65,671.16,-466.51,Marketplace
S07617,2025-02-06,ST10,C0369,P038,1,490.65,397.37,93.28,Mobile App
S07618,2024-06-03,ST09,C0307,P034,4,2241.4,1259.76,981.64,Online
S07619,2025-05-11,ST14,C0393,P017,2,880.82,530.12,350.7,Online
S07620,2024-09-09,ST15,C0135,P061,2,519.79,793.0,-273.21,Marketplace
S07621,2024-01-27,ST12,C0282,P034,1,504.32,314.94,189.38,Mobile App
S07622,2024-03-17,ST01,C0388,P089,1,666.48,227.16,439.32,Online
S07623,2023-04-09,ST05,C0292,P047,2,1418.04,237.34,1180.7,Mobile App
S07624,2024-01-06,ST06,C0411,P006,2,581.85,77.8,504.05,Mobile App
S07625,2024-08-09,ST10,C0397,P079,2,1364.11,360.52,1003.59,Mobile App
S07626,2024-03-24,ST15,C0201,P077,2,544.37,783.66,-239.29,Retail Store
S07627,2023-09-11,ST03,C0064,P025,1,700.39,266.96,433.43,Retail Store
S07628,2025-04-02,ST14,C0368,P013,1,287.75,77.84,209.91,Retail Store
S07629,2024-07-06,ST04,C0162,P013,1,257.46,77.84,179.62,Mobile App
S07630,2025-04-02,ST01,C0202,P025,5,4119.95,1334.8,2785.15,Mobile App
S07631,2023-06-10,ST15,C0406,P054,2,470.02,556.88,-86.86,Mobile App
S07632,2023-07-01,ST08,C0437,P084,1,761.83,390.58,371.25,Retail Store
S07633,2023-06-30,ST03,C0418,P075,1,483.1,89.53,393.57,Marketplace
S07634,2024-08-21,ST05,C0314,P046,2,951.8,698.96,252.84,Mobile App
S07635,2025-01-11,ST02,C0259,P010,1,774.37,290.1,484.27,Online
S07636,2023-09-09,ST12,C0072,P022,1,275.97,225.66,50.31,Retail Store
S07637,2024-10-27,ST08,C0176,P078,1,95.9,216.55,-120.65,Retail Store
S07638,2023-09-28,ST08,C0083,P022,1,324.67,225.66,99.01,Marketplace
S07639,2025-07-24,ST07,C0401,P043,1,772.94,386.09,386.85,Online
S07640,2025-02-18,ST08,C0232,P025,2,1647.98,533.92,1114.06,Online
S07641,2024-12-27,ST05,C0210,P065,2,948.74,287.28,661.46,Marketplace
S07642,2024-02-22,ST10,C0394,P023,1,212.56,255.0,-42.44,Retail Store
S07643,2024-11-15,ST05,C0259,P023,2,472.36,510.0,-37.64,Mobile App
S07644,2024-06-11,ST05,C0176,P048,3,1032.18,463.5,568.68,Online
S07645,2024-05-08,ST12,C0373,P017,1,466.32,265.06,201.26,Online
S07646,2025-04-28,ST01,C0242,P078,1,100.95,216.55,-115.6,Marketplace
S07647,2025-05-09,ST05,C0205,P069,2,1212.83,320.18,892.65,Retail Store
S07648,2023-03-14,ST04,C0338,P030,3,1971.21,924.15,1047.06,Marketplace
S07649,2025-02-01,ST15,C0384,P010,8,5885.21,2320.8,3564.41,Mobile App
S07650,2023-08-05,ST12,C0369,P026,1,92.11,192.38,-100.27,Marketplace
S07651,2023-02-15,ST15,C0250,P034,1,560.35,314.94,245.41,Mobile App
S07652,2023-09-08,ST10,C0257,P043,4,2628.0,1544.36,1083.64,Online
S07653,2024-08-11,ST15,C0141,P046,1,475.9,349.48,126.42,Online
S07654,2024-05-20,ST12,C0145,P056,1,821.95,278.46,543.49,Marketplace
S07655,2023-11-08,ST14,C0047,P088,3,2133.2,906.42,1226.78,Marketplace
S07656,2024-05-01,ST05,C0057,P034,1,532.33,314.94,217.39,Online
S07657,2023-03-24,ST04,C0100,P063,1,717.78,112.47,605.31,Marketplace
S07658,2023-11-21,ST01,C0081,P007,2,111.42,709.6,-598.18,Retail Store
S07659,2024-11-14,ST02,C0180,P017,3,1554.39,795.18,759.21,Mobile App
S07660,2024-07-31,ST12,C0239,P045,1,347.26,127.08,220.18,Marketplace
S07661,2024-10-04,ST09,C0279,P036,2,1327.38,714.18,613.2,Marketplace
S07662,2024-11-06,ST10,C0318,P014,2,197.6,173.84,23.76,Mobile App
S07663,2025-01-20,ST01,C0049,P015,1,832.71,139.34,693.37,Mobile App
S07664,2025-06-04,ST07,C0008,P041,1,69.86,33.46,36.4,Marketplace
S07665,2024-11-10,ST06,C0039,P084,2,1603.86,781.16,822.7,Marketplace
S07666,2023-06-12,ST10,C0363,P024,2,1657.98,307.34,1350.64,Marketplace
S07667,2024-04-13,ST07,C0329,P008,3,2077.83,1141.71,936.12,Mobile App
S07668,2024-04-10,ST05,C0311,P038,3,1251.16,1192.11,59.05,Online
S07669,2024-08-16,ST03,C0007,P019,3,325.03,1006.74,-681.71,Marketplace
S07670,2023-06-17,ST05,C0130,P047,4,2836.08,474.68,2361.4,Retail Store
S07671,2023-12-13,ST04,C0296,P075,1,483.1,89.53,393.57,Mobile App
S07672,2023-04-06,ST08,C0068,P020,3,2116.98,656.1,1460.88,Retail Store
S07673,2023-05-28,ST14,C0129,P052,1,348.77,64.51,284.26,Retail Store
S07674,2024-11-24,ST14,C0375,P073,2,1396.21,753.62,642.59,Online
S07675,2023-09-17,ST12,C0070,P011,3,1966.64,759.66,1206.98,Retail Store
S07676,2024-01-15,ST09,C0346,P081,3,613.55,128.31,485.24,Marketplace
S07677,2023-08-18,ST15,C0198,P012,2,914.42,315.78,598.64,Retail Store
S07678,2023-06-13,ST01,C0114,P006,1,323.25,38.9,284.35,Retail Store
S07679,2024-02-06,ST11,C0100,P028,2,942.07,598.86,343.21,Marketplace
S07680,2025-05-12,ST15,C0113,P001,2,1342.48,636.5,705.98,Retail Store
S07681,2025-07-29,ST08,C0188,P048,3,877.35,463.5,413.85,Mobile App
S07682,2024-01-20,ST13,C0354,P030,1,591.36,308.05,283.31,Mobile App
S07683,2023-01-22,ST02,C0443,P020,1,742.8,218.7,524.1,Marketplace
S07684,2023-05-22,ST02,C0034,P079,2,1364.11,360.52,1003.59,Marketplace
S07685,2023-11-12,ST14,C0310,P075,2,915.35,179.06,736.29,Retail Store
S07686,2023-10-16,ST14,C0018,P047,1,602.67,118.67,484.0,Mobile App
S07687,2024-06-04,ST07,C0229,P005,3,1522.69,842.07,680.62,Marketplace
S07688,2023-01-07,ST13,C0366,P078,1,100.95,216.55,-115.6,Marketplace
S07689,2024-08-28,ST08,C0116,P068,1,438.82,376.99,61.83,Marketplace
S07690,2023-12-02,ST05,C0406,P086,5,2882.9,836.35,2046.55,Retail Store
S07691,2024-08-25,ST11,C0215,P028,1,498.74,299.43,199.31,Online
S07692,2024-07-06,ST01,C0032,P025,2,1483.18,533.92,949.26,Retail Store
S07693,2024-04-21,ST07,C0129,P044,1,437.3,212.6,224.7,Marketplace
S07694,2025-01-18,ST02,C0004,P084,2,1523.67,781.16,742.51,Mobile App
S07695,2024-12-03,ST13,C0263,P087,1,769.64,250.47,519.17,Marketplace
S07696,2025-08-01,ST01,C0094,P021,3,1452.48,1047.15,405.33,Marketplace
S07697,2025-02-14,ST08,C0318,P088,1,711.07,302.14,408.93,Marketplace
S07698,2023-07-10,ST09,C0145,P065,1,448.02,143.64,304.38,Retail Store
S07699,2025-03-19,ST11,C0337,P008,2,1177.44,761.14,416.3,Marketplace
S07700,2025-08-08,ST08,C0220,P033,2,1410.24,587.2,823.04,Online
S07701,2025-04-09,ST08,C0020,P071,4,547.16,1015.68,-468.52,Mobile App
S07702,2023-11-04,ST01,C0444,P024,3,2486.97,461.01,2025.96,Mobile App
S07703,2023-12-03,ST10,C0404,P023,3,637.69,765.0,-127.31,Mobile App
S07704,2024-07-03,ST10,C0326,P060,2,934.78,276.5,658.28,Online
S07705,2024-09-18,ST04,C0064,P035,2,1401.57,545.38,856.19,Retail Store
S07706,2023-05-23,ST02,C0316,P029,3,805.5,350.91,454.59,Retail Store
S07707,2024-12-01,ST05,C0421,P047,1,673.57,118.67,554.9,Marketplace
S07708,2023-09-20,ST03,C0049,P070,4,377.04,578.88,-201.84,Mobile App
S07709,2023-03-25,ST13,C0063,P007,1,49.84,354.8,-304.96,Retail Store
S07710,2023-03-04,ST09,C0109,P048,1,292.45,154.5,137.95,Online
S07711,2024-10-19,ST03,C0249,P076,2,1343.84,289.54,1054.3,Marketplace
S07712,2025-08-18,ST15,C0062,P011,1,655.55,253.22,402.33,Mobile App
S07713,2025-07-26,ST11,C0429,P059,2,251.08,490.46,-239.38,Marketplace
S07714,2024-03-19,ST02,C0165,P076,2,1343.84,289.54,1054.3,Mobile App
S07715,2023-08-01,ST15,C0248,P012,1,388.63,157.89,230.74,Mobile App
S07716,2024-05-28,ST11,C0111,P028,3,1413.11,898.29,514.82,Online
S07717,2023-05-25,ST13,C0332,P013,1,302.9,77.84,225.06,Mobile App
S07718,2023-12-12,ST03,C0295,P015,1,832.71,139.34,693.37,Mobile App
S07719,2025-07-20,ST12,C0007,P047,1,638.12,118.67,519.45,Mobile App
S07720,2024-03-26,ST04,C0094,P035,2,1566.45,545.38,1021.07,Retail Store
S07721,2024-02-24,ST08,C0284,P054,2,522.24,556.88,-34.64,Online
S07722,2023-04-11,ST02,C0052,P065,3,1423.12,430.92,992.2,Marketplace
S07723,2023-12-21,ST11,C0323,P043,1,772.94,386.09,386.85,Online
S07724,2024-06-24,ST13,C0008,P019,2,204.65,671.16,-466.51,Online
S07725,2024-12-11,ST01,C0202,P033,1,668.01,293.6,374.41,Marketplace
S07726,2023-06-06,ST07,C0436,P024,2,1657.98,307.34,1350.64,Online
S07727,2023-07-22,ST10,C0129,P058,3,1910.73,400.47,1510.26,Mobile App
S07728,2025-02-13,ST03,C0062,P049,2,1101.07,473.58,627.49,Mobile App
S07729,2024-06-12,ST04,C0300,P031,1,126.08,286.24,-160.16,Retail Store
S07730,2023-12-18,ST03,C0125,P013,1,302.9,77.84,225.06,Retail Store
S07731,2025-07-19,ST01,C0067,P072,1,763.37,235.14,528.23,Retail Store
S07732,2023-02-01,ST11,C0346,P004,1,305.99,233.76,72.23,Marketplace
S07733,2025-07-11,ST09,C0120,P077,2,573.02,783.66,-210.64,Online
S07734,2024-11-11,ST11,C0030,P049,1,647.69,236.79,410.9,Retail Store
S07735,2024-07-16,ST02,C0217,P080,2,291.13,607.32,-316.19,Retail Store
S07736,2023-06-11,ST08,C0166,P068,2,831.46,753.98,77.48,Online
S07737,2023-09-03,ST13,C0254,P039,1,56.39,373.85,-317.46,Marketplace
S07738,2024-09-12,ST11,C0169,P089,1,566.51,227.16,339.35,Retail Store
S07739,2023-05-16,ST01,C0402,P078,1,85.81,216.55,-130.74,Retail Store
S07740,2024-03-29,ST05,C0398,P043,2,1314.0,772.18,541.82,Mobile App
S07741,2025-07-24,ST01,C0331,P007,1,58.64,354.8,-296.16,Retail Store
S07742,2025-03-26,ST03,C0285,P007,2,105.55,709.6,-604.05,Marketplace
S07743,2023-06-16,ST07,C0057,P032,3,985.76,889.05,96.71,Retail Store
S07744,2023-04-18,ST08,C0443,P075,1,483.1,89.53,393.57,Mobile App
S07745,2025-05-14,ST05,C0110,P049,1,647.69,236.79,410.9,Retail Store
S07746,2024-10-26,ST05,C0102,P003,1,606.67,112.02,494.65,Mobile App
S07747,2024-05-22,ST05,C0259,P066,3,500.29,282.15,218.14,Mobile App
S07748,2023-07-17,ST04,C0226,P082,2,1432.0,273.46,1158.54,Marketplace
S07749,2023-06-17,ST14,C0261,P067,3,1730.83,911.7,819.13,Mobile App
S07750,2024-03-05,ST10,C0102,P027,2,1205.7,406.2,799.5,Marketplace
S07751,2024-11-27,ST04,C0095,P067,2,1153.89,607.8,546.09,Retail Store
S07752,2025-08-13,ST13,C0342,P010,1,696.93,290.1,406.83,Mobile App
S07753,2025-01-11,ST07,C0245,P089,2,1332.96,454.32,878.64,Mobile App
S07754,2023-10-10,ST03,C0341,P027,2,1269.16,406.2,862.96,Retail Store
S07755,2023-12-06,ST11,C0375,P041,3,209.58,100.38,109.2,Online
S07756,2023-06-28,ST03,C0386,P005,3,1522.69,842.07,680.62,Mobile App
S07757,2024-04-04,ST05,C0201,P055,2,1232.65,489.62,743.03,Mobile App
S07758,2023-01-07,ST06,C0348,P079,2,1292.31,360.52,931.79,Online
S07759,2024-08-23,ST06,C0234,P066,2,351.08,188.1,162.98,Mobile App
S07760,2025-04-02,ST03,C0144,P030,1,558.51,308.05,250.46,Marketplace
S07761,2024-06-19,ST02,C0427,P054,1,221.95,278.44,-56.49,Online
S07762,2023-05-15,ST13,C0006,P015,1,832.71,139.34,693.37,Mobile App
S07763,2024-04-02,ST03,C0070,P063,4,2711.6,449.88,2261.72,Online
S07764,2025-03-18,ST04,C0170,P042,1,269.47,140.98,128.49,Marketplace
S07765,2023-03-09,ST11,C0008,P087,2,1462.32,500.94,961.38,Online
S07766,2024-10-25,ST14,C0321,P051,1,698.84,383.14,315.7,Mobile App
S07767,2023-06-05,ST01,C0419,P064,2,544.77,261.08,283.69,Online
S07768,2024-08-19,ST03,C0333,P001,2,1413.14,636.5,776.64,Mobile App
S07769,2024-02-23,ST02,C0164,P039,1,53.57,373.85,-320.28,Retail Store
S07770,2025-05-14,ST13,C0420,P071,1,143.99,253.92,-109.93,Mobile App
S07771,2024-09-04,ST10,C0374,P059,2,278.98,490.46,-211.48,Online
S07772,2023-11-14,ST13,C0217,P016,2,1403.94,258.12,1145.82,Retail Store
S07773,2023-06-02,ST12,C0024,P073,1,821.3,376.81,444.49,Retail Store
S07774,2024-12-12,ST08,C0239,P028,1,554.16,299.43,254.73,Retail Store
S07775,2023-11-15,ST02,C0228,P071,3,431.97,761.76,-329.79,Mobile App
S07776,2023-11-20,ST06,C0094,P009,2,898.44,566.1,332.34,Online
S07777,2024-10-27,ST08,C0345,P075,2,966.21,179.06,787.15,Marketplace
S07778,2023-01-19,ST10,C0188,P074,1,156.7,350.01,-193.31,Online
S07779,2025-07-20,ST06,C0254,P032,1,328.59,296.35,32.24,Online
S07780,2025-05-11,ST05,C0020,P022,1,324.67,225.66,99.01,Mobile App
S07781,2023-02-01,ST05,C0193,P031,3,321.5,858.72,-537.22,Online
S07782,2023-04-22,ST03,C0337,P003,1,576.34,112.02,464.32,Online
S07783,2023-10-23,ST10,C0021,P078,1,100.95,216.55,-115.6,Retail Store
S07784,2024-06-07,ST11,C0389,P048,1,344.06,154.5,189.56,Marketplace
S07785,2023-09-07,ST08,C0136,P029,1,240.24,116.97,123.27,Retail Store
S07786,2023-05-06,ST01,C0294,P065,3,1581.24,430.92,1150.32,Online
S07787,2024-02-22,ST15,C0373,P038,1,417.05,397.37,19.68,Mobile App
S07788,2023-06-18,ST08,C0117,P074,1,174.11,350.01,-175.9,Marketplace
S07789,2024-11-02,ST15,C0409,P089,3,1799.5,681.48,1118.02,Mobile App
S07790,2023-01-13,ST11,C0071,P035,2,1648.9,545.38,1103.52,Mobile App
S07791,2024-02-12,ST05,C0149,P035,2,1648.9,545.38,1103.52,Online
S07792,2025-08-27,ST01,C0044,P059,1,139.49,245.23,-105.74,Marketplace
S07793,2023-05-12,ST06,C0334,P073,2,1478.34,753.62,724.72,Retail Store
S07794,2023-08-23,ST03,C0394,P085,1,686.76,218.24,468.52,Online
S07795,2023-02-07,ST14,C0242,P009,2,898.44,566.1,332.34,Mobile App
S07796,2024-12-26,ST05,C0432,P025,4,3131.16,1067.84,2063.32,Retail Store
S07797,2024-05-29,ST07,C0419,P009,1,404.3,283.05,121.25,Mobile App
S07798,2023-01-03,ST15,C0317,P059,1,139.49,245.23,-105.74,Marketplace
S07799,2025-05-29,ST02,C0273,P007,2,117.28,709.6,-592.32,Marketplace
S07800,2024-10-13,ST10,C0119,P039,1,53.57,373.85,-320.28,Mobile App
S07801,2024-10-26,ST12,C0068,P014,2,197.6,173.84,23.76,Marketplace
S07802,2025-05-03,ST12,C0415,P056,1,821.95,278.46,543.49,Online
S07803,2024-09-14,ST01,C0139,P063,1,757.65,112.47,645.18,Retail Store
S07804,2023-07-12,ST11,C0293,P052,1,368.14,64.51,303.63,Mobile App
S07805,2024-03-20,ST11,C0175,P061,2,519.79,793.0,-273.21,Retail Store
S07806,2025-02-24,ST09,C0332,P046,1,428.31,349.48,78.83,Marketplace
S07807,2024-07-12,ST13,C0408,P003,2,1213.34,224.04,989.3,Marketplace
S07808,2025-08-12,ST06,C0105,P075,4,2034.12,358.12,1676.0,Marketplace
S07809,2025-01-16,ST02,C0378,P033,1,742.23,293.6,448.63,Marketplace
S07810,2023-05-18,ST02,C0126,P070,1,84.34,144.72,-60.38,Online
S07811,2025-07-19,ST11,C0123,P019,1,102.32,335.58,-233.26,Mobile App
S07812,2023-01-30,ST03,C0406,P016,3,1790.02,387.18,1402.84,Online
S07813,2024-08-12,ST04,C0394,P046,1,475.9,349.48,126.42,Mobile App
S07814,2025-04-27,ST08,C0256,P044,1,415.44,212.6,202.84,Retail Store
S07815,2024-11-21,ST08,C0150,P043,4,3091.76,1544.36,1547.4,Online
S07816,2023-08-04,ST15,C0391,P033,5,3154.48,1468.0,1686.48,Mobile App
S07817,2024-02-15,ST09,C0184,P027,1,634.58,203.1,431.48,Marketplace
S07818,2025-05-25,ST13,C0118,P019,3,361.14,1006.74,-645.6,Marketplace
S07819,2024-02-19,ST05,C0006,P045,1,408.54,127.08,281.46,Retail Store
S07820,2024-01-11,ST11,C0442,P087,2,1539.28,500.94,1038.34,Retail Store
S07821,2024-06-27,ST08,C0154,P080,2,274.96,607.32,-332.36,Online
S07822,2024-12-08,ST15,C0422,P088,1,794.72,302.14,492.58,Online
S07823,2023-10-25,ST02,C0180,P001,1,635.91,318.25,317.66,Marketplace
S07824,2023-08-31,ST06,C0441,P068,2,923.84,753.98,169.86,Marketplace
S07825,2025-04-14,ST04,C0238,P026,2,216.72,384.76,-168.04,Online
S07826,2023-09-05,ST06,C0171,P029,1,282.63,116.97,165.66,Online
S07827,2023-09-28,ST04,C0069,P064,1,286.72,130.54,156.18,Mobile App
S07828,2023-09-03,ST03,C0023,P064,1,243.71,130.54,113.17,Mobile App
S07829,2025-07-06,ST13,C0166,P011,3,2313.69,759.66,1554.03,Retail Store
S07830,2024-01-15,ST02,C0210,P018,1,688.75,314.13,374.62,Online
S07831,2024-02-29,ST04,C0251,P027,2,1078.79,406.2,672.59,Online
S07832,2023-09-14,ST07,C0054,P001,1,706.57,318.25,388.32,Retail Store
S07833,2024-03-27,ST01,C0390,P033,2,1410.24,587.2,823.04,Online
S07834,2023-01-30,ST05,C0134,P007,3,167.12,1064.4,-897.28,Marketplace
S07835,2024-06-15,ST15,C0343,P049,1,647.69,236.79,410.9,Online
S07836,2023-10-10,ST14,C0105,P017,2,1036.26,530.12,506.14,Marketplace
S07837,2024-12-15,ST02,C0310,P004,2,611.98,467.52,144.46,Online
S07838,2024-06-21,ST01,C0404,P015,2,1415.61,278.68,1136.93,Retail Store
S07839,2023-04-08,ST06,C0146,P076,1,671.92,144.77,527.15,Online
S07840,2024-12-10,ST09,C0137,P048,3,1032.18,463.5,568.68,Marketplace
S07841,2023-04-03,ST07,C0150,P083,1,529.85,166.97,362.88,Mobile App
S07842,2024-02-01,ST11,C0447,P041,1,69.86,33.46,36.4,Marketplace
S07843,2023-05-19,ST01,C0062,P040,1,675.96,99.01,576.95,Retail Store
S07844,2025-07-08,ST11,C0372,P016,4,2807.88,516.24,2291.64,Online
S07845,2025-03-18,ST10,C0379,P041,2,118.76,66.92,51.84,Online
S07846,2023-06-15,ST11,C0240,P019,2,240.76,671.16,-430.4,Mobile App
S07847,2023-01-04,ST08,C0177,P078,3,272.57,649.65,-377.08,Marketplace
S07848,2023-05-07,ST12,C0391,P026,3,308.83,577.14,-268.31,Mobile App
S07849,2023-04-04,ST01,C0344,P085,1,807.95,218.24,589.71,Marketplace
S07850,2023-12-15,ST01,C0152,P024,2,1409.28,307.34,1101.94,Marketplace
S07851,2023-11-06,ST01,C0118,P021,2,968.32,698.1,270.22,Marketplace
S07852,2023-01-18,ST05,C0361,P012,1,457.21,157.89,299.32,Retail Store
S07853,2024-08-16,ST09,C0020,P005,1,563.96,280.69,283.27,Online
S07854,2025-02-23,ST01,C0181,P036,3,2342.43,1071.27,1271.16,Mobile App
S07855,2024-08-21,ST03,C0048,P078,1,85.81,216.55,-130.74,Marketplace
S07856,2025-08-09,ST05,C0272,P028,2,1052.9,598.86,454.04,Mobile App
S07857,2024-02-09,ST10,C0140,P011,1,771.23,253.22,518.01,Retail Store
S07858,2024-12-12,ST06,C0260,P070,1,89.3,144.72,-55.42,Retail Store
S07859,2025-01-21,ST13,C0370,P050,2,894.69,329.74,564.95,Marketplace
S07860,2023-04-29,ST13,C0349,P013,1,302.9,77.84,225.06,Mobile App
S07861,2025-03-24,ST04,C0147,P034,1,560.35,314.94,245.41,Online
S07862,2024-11-20,ST05,C0170,P066,2,333.53,188.1,145.43,Online
S07863,2023-12-29,ST03,C0206,P085,5,3635.78,1091.2,2544.58,Retail Store
S07864,2024-11-10,ST09,C0280,P044,1,437.3,212.6,224.7,Marketplace
S07865,2024-11-08,ST14,C0389,P015,3,2498.13,418.02,2080.11,Mobile App
S07866,2023-05-10,ST02,C0096,P004,1,305.99,233.76,72.23,Marketplace
S07867,2025-02-10,ST13,C0359,P008,1,692.61,380.57,312.04,Retail Store
S07868,2024-06-21,ST05,C0137,P045,2,776.23,254.16,522.07,Mobile App
S07869,2023-02-16,ST05,C0205,P003,1,576.34,112.02,464.32,Retail Store
S07870,2024-05-04,ST09,C0167,P018,2,1377.5,628.26,749.24,Mobile App
S07871,2024-06-17,ST05,C0174,P037,2,1687.18,771.6,915.58,Online
S07872,2025-08-15,ST05,C0127,P007,1,58.64,354.8,-296.16,Mobile App
S07873,2024-09-22,ST02,C0064,P001,2,1413.14,636.5,776.64,Mobile App
S07874,2024-09-10,ST08,C0313,P078,1,90.86,216.55,-125.69,Online
S07875,2023-08-17,ST06,C0132,P018,1,619.88,314.13,305.75,Marketplace
S07876,2025-06-15,ST14,C0373,P066,2,351.08,188.1,162.98,Retail Store
S07877,2024-12-21,ST01,C0146,P041,2,132.73,66.92,65.81,Marketplace
S07878,2025-07-17,ST05,C0298,P065,1,527.08,143.64,383.44,Online
S07879,2025-04-07,ST14,C0097,P065,1,448.02,143.64,304.38,Online
S07880,2023-10-25,ST14,C0169,P065,3,1581.24,430.92,1150.32,Marketplace
S07881,2025-08-26,ST08,C0112,P001,1,671.24,318.25,352.99,Retail Store
S07882,2023-06-19,ST08,C0441,P086,2,1037.84,334.54,703.3,Online
S07883,2023-11-27,ST10,C0300,P063,3,2392.59,337.41,2055.18,Retail Store
S07884,2025-04-26,ST02,C0293,P002,1,570.24,197.54,372.7,Marketplace
S07885,2023-07-13,ST11,C0066,P052,3,1046.3,193.53,852.77,Online
S07886,2023-12-21,ST10,C0261,P061,1,288.77,396.5,-107.73,Retail Store
S07887,2025-01-20,ST11,C0049,P006,1,323.25,38.9,284.35,Retail Store
S07888,2023-03-26,ST01,C0158,P075,1,432.25,89.53,342.72,Online
S07889,2025-06-08,ST14,C0397,P053,1,187.33,175.88,11.45,Mobile App
S07890,2025-01-25,ST05,C0123,P015,1,707.8,139.34,568.46,Online
S07891,2025-03-06,ST05,C0103,P064,3,731.14,391.62,339.52,Online
S07892,2023-11-07,ST11,C0294,P081,1,204.52,42.77,161.75,Mobile App
S07893,2024-10-29,ST11,C0410,P054,1,248.06,278.44,-30.38,Online
S07894,2025-03-23,ST05,C0305,P076,1,638.32,144.77,493.55,Marketplace
S07895,2024-03-26,ST14,C0018,P068,4,1755.3,1507.96,247.34,Retail Store
S07896,2024-11-16,ST15,C0309,P002,2,1140.48,395.08,745.4,Mobile App
S07897,2024-06-21,ST05,C0177,P055,1,652.58,244.81,407.77,Online
S07898,2023-06-22,ST02,C0132,P054,1,221.95,278.44,-56.49,Marketplace
S07899,2023-02-09,ST15,C0326,P053,2,418.74,351.76,66.98,Mobile App
S07900,2023-03-22,ST05,C0330,P047,2,1418.04,237.34,1180.7,Marketplace
S07901,2024-03-09,ST13,C0436,P082,1,644.4,136.73,507.67,Retail Store
S07902,2024-06-01,ST08,C0255,P007,4,234.56,1419.2,-1184.64,Retail Store
S07903,2023-01-19,ST01,C0230,P062,1,306.26,91.36,214.9,Retail Store
S07904,2023-08-20,ST05,C0116,P024,2,1575.08,307.34,1267.74,Marketplace
S07905,2023-09-05,ST09,C0171,P049,2,1101.07,473.58,627.49,Retail Store
S07906,2025-07-26,ST11,C0103,P023,1,200.75,255.0,-54.25,Marketplace
S07907,2025-02-19,ST08,C0303,P011,1,771.23,253.22,518.01,Marketplace
S07908,2024-06-03,ST10,C0405,P051,1,739.95,383.14,356.81,Marketplace
S07909,2025-02-14,ST09,C0391,P061,5,1371.66,1982.5,-610.84,Retail Store
S07910,2023-01-07,ST13,C0079,P086,3,1729.74,501.81,1227.93,Retail Store
S07911,2025-01-08,ST02,C0193,P044,1,437.3,212.6,224.7,Online
S07912,2024-04-03,ST09,C0144,P029,2,537.0,233.94,303.06,Marketplace
S07913,2025-03-25,ST08,C0394,P029,2,565.26,233.94,331.32,Retail Store
S07914,2024-02-25,ST05,C0354,P035,3,2226.02,818.07,1407.95,Mobile App
S07915,2025-02-16,ST10,C0414,P013,3,772.39,233.52,538.87,Retail Store
S07916,2025-04-06,ST15,C0037,P068,1,438.82,376.99,61.83,Marketplace
S07917,2023-10-29,ST14,C0122,P040,1,574.57,99.01,475.56,Online
S07918,2025-05-26,ST10,C0054,P013,1,302.9,77.84,225.06,Retail Store
S07919,2023-06-23,ST01,C0114,P027,2,1078.79,406.2,672.59,Retail Store
S07920,2025-08-22,ST01,C0355,P079,1,646.16,180.26,465.9,Marketplace
S07921,2023-08-03,ST07,C0132,P057,1,494.2,34.16,460.04,Retail Store
S07922,2025-07-20,ST10,C0408,P026,1,108.36,192.38,-84.02,Marketplace
S07923,2023-11-16,ST07,C0180,P082,1,716.0,136.73,579.27,Retail Store
S07924,2024-11-04,ST11,C0264,P029,1,240.24,116.97,123.27,Retail Store
S07925,2023-10-15,ST11,C0402,P086,1,547.75,167.27,380.48,Retail Store
S07926,2024-12-12,ST07,C0075,P053,1,198.35,175.88,22.47,Mobile App
S07927,2024-08-03,ST08,C0041,P076,1,638.32,144.77,493.55,Mobile App
S07928,2023-06-26,ST07,C0148,P042,2,458.1,281.96,176.14,Retail Store
S07929,2023-11-14,ST13,C0307,P044,1,415.44,212.6,202.84,Marketplace
S07930,2025-02-11,ST07,C0318,P051,1,822.17,383.14,439.03,Mobile App
S07931,2024-07-02,ST07,C0193,P066,3,473.96,282.15,191.81,Online
S07932,2024-03-06,ST12,C0129,P005,1,479.37,280.69,198.68,Marketplace
S07933,2024-03-08,ST12,C0198,P088,2,1673.1,604.28,1068.82,Retail Store
S07934,2024-08-06,ST03,C0410,P030,1,657.07,308.05,349.02,Mobile App
S07935,2025-08-14,ST01,C0373,P028,1,498.74,299.43,199.31,Mobile App
S07936,2023-03-27,ST09,C0017,P073,4,3120.94,1507.24,1613.7,Marketplace
S07937,2024-10-24,ST15,C0133,P074,1,174.11,350.01,-175.9,Mobile App
S07938,2025-02-03,ST01,C0021,P066,1,149.21,94.05,55.16,Online
S07939,2025-08-20,ST12,C0075,P004,3,968.97,701.28,267.69,Marketplace
S07940,2025-02-14,ST14,C0152,P054,2,470.02,556.88,-86.86,Retail Store
S07941,2023-08-06,ST03,C0118,P011,1,655.55,253.22,402.33,Online
S07942,2024-11-20,ST15,C0113,P027,3,1713.37,609.3,1104.07,Retail Store
S07943,2025-01-08,ST12,C0227,P053,1,187.33,175.88,11.45,Retail Store
S07944,2024-03-31,ST11,C0243,P003,1,606.67,112.02,494.65,Retail Store
S07945,2025-08-03,ST12,C0227,P062,1,290.95,91.36,199.59,Retail Store
S07946,2024-03-06,ST12,C0419,P021,3,1452.48,1047.15,405.33,Online
S07947,2023-09-01,ST11,C0091,P035,1,700.78,272.69,428.09,Retail Store
S07948,2025-01-16,ST01,C0273,P028,1,498.74,299.43,199.31,Mobile App
S07949,2024-10-26,ST02,C0103,P012,2,777.26,315.78,461.48,Retail Store
S07950,2023-03-27,ST13,C0252,P012,1,411.49,157.89,253.6,Online
S07951,2024-01-14,ST02,C0446,P014,3,296.4,260.76,35.64,Online
S07952,2024-06-18,ST01,C0325,P014,1,98.8,86.92,11.88,Online
S07953,2025-08-10,ST10,C0243,P050,2,894.69,329.74,564.95,Online
S07954,2025-04-05,ST08,C0356,P041,3,209.58,100.38,109.2,Retail Store
S07955,2025-07-30,ST08,C0345,P086,1,518.92,167.27,351.65,Online
S07956,2024-07-09,ST10,C0348,P011,2,1388.21,506.44,881.77,Marketplace
S07957,2025-06-05,ST09,C0102,P010,1,696.93,290.1,406.83,Retail Store
S07958,2023-02-07,ST02,C0011,P049,4,2331.68,947.16,1384.52,Mobile App
S07959,2025-01-06,ST01,C0310,P021,1,435.74,349.05,86.69,Online
S07960,2025-05-04,ST02,C0274,P075,3,1449.31,268.59,1180.72,Mobile App
S07961,2024-10-03,ST06,C0022,P012,1,388.63,157.89,230.74,Marketplace
S07962,2025-07-27,ST05,C0178,P017,3,1476.67,795.18,681.49,Retail Store
S07963,2023-06-26,ST08,C0327,P071,2,244.78,507.84,-263.06,Retail Store
S07964,2025-01-25,ST09,C0163,P010,2,1316.43,580.2,736.23,Mobile App
S07965,2023-07-15,ST14,C0012,P071,2,287.98,507.84,-219.86,Mobile App
S07966,2024-11-21,ST01,C0260,P007,2,99.69,709.6,-609.91,Retail Store
S07967,2024-08-02,ST06,C0344,P018,3,2066.25,942.39,1123.86,Online
S07968,2024-01-01,ST05,C0171,P060,3,1332.06,414.75,917.31,Retail Store
S07969,2023-01-08,ST01,C0281,P048,1,292.45,154.5,137.95,Retail Store
S07970,2024-05-15,ST06,C0171,P014,1,93.86,86.92,6.94,Mobile App
S07971,2023-09-22,ST05,C0045,P082,1,608.6,136.73,471.87,Retail Store
S07972,2024-02-25,ST05,C0102,P082,1,644.4,136.73,507.67,Mobile App
S07973,2024-12-29,ST07,C0234,P061,2,548.66,793.0,-244.34,Marketplace
S07974,2023-05-07,ST08,C0254,P029,1,282.63,116.97,165.66,Online
S07975,2024-05-08,ST06,C0145,P064,2,573.44,261.08,312.36,Marketplace
S07976,2024-07-16,ST04,C0201,P058,1,636.91,133.49,503.42,Mobile App
S07977,2024-05-17,ST02,C0122,P078,2,191.81,433.1,-241.29,Online
S07978,2024-08-23,ST05,C0044,P015,1,832.71,139.34,693.37,Online
S07979,2023-08-10,ST15,C0125,P083,2,1059.7,333.94,725.76,Retail Store
S07980,2024-10-30,ST04,C0350,P061,1,245.45,396.5,-151.05,Online
S07981,2025-06-14,ST05,C0321,P051,1,822.17,383.14,439.03,Mobile App
S07982,2023-10-01,ST02,C0402,P042,2,511.99,281.96,230.03,Online
S07983,2025-05-28,ST01,C0369,P084,1,721.74,390.58,331.16,Online
S07984,2024-12-21,ST12,C0409,P025,3,2224.77,800.88,1423.89,Marketplace
S07985,2024-12-28,ST02,C0441,P031,1,107.17,286.24,-179.07,Retail Store
S07986,2024-12-11,ST11,C0101,P074,1,174.11,350.01,-175.9,Online
S07987,2024-07-10,ST15,C0042,P069,1,713.43,160.09,553.34,Mobile App
S07988,2025-01-04,ST04,C0431,P004,2,577.98,467.52,110.46,Online
S07989,2024-04-11,ST03,C0157,P055,2,1377.67,489.62,888.05,Retail Store
S07990,2025-05-09,ST11,C0230,P012,1,388.63,157.89,230.74,Retail Store
S07991,2025-04-02,ST11,C0414,P068,3,1247.18,1130.97,116.21,Mobile App
S07992,2023-05-04,ST14,C0237,P063,1,717.78,112.47,605.31,Marketplace
S07993,2023-04-13,ST07,C0158,P039,1,56.39,373.85,-317.46,Retail Store
S07994,2025-05-31,ST11,C0002,P050,4,1789.39,659.48,1129.91,Retail Store
S07995,2023-11-16,ST14,C0002,P011,1,771.23,253.22,518.01,Mobile App
S07996,2024-01-19,ST06,C0393,P070,3,297.66,434.16,-136.5,Retail Store
S07997,2023-02-17,ST14,C0167,P014,1,98.8,86.92,11.88,Online
S07998,2025-02-01,ST07,C0246,P019,2,240.76,671.16,-430.4,Online
S07999,2025-04-06,ST05,C0281,P040,1,608.36,99.01,509.35,Retail Store
S08000,2023-07-25,ST08,C0135,P002,1,570.24,197.54,372.7,Mobile App
S08001,2024-10-20,ST02,C0246,P048,1,344.06,154.5,189.56,Marketplace
S08002,2024-12-28,ST03,C0240,P064,1,243.71,130.54,113.17,Retail Store
S08003,2025-05-08,ST15,C0375,P057,1,581.41,34.16,547.25,Retail Store
S08004,2024-10-20,ST10,C0423,P007,1,58.64,354.8,-296.16,Retail Store
S08005,2025-05-08,ST07,C0144,P045,1,367.69,127.08,240.61,Retail Store
S08006,2023-05-22,ST10,C0388,P063,1,717.78,112.47,605.31,Mobile App
S08007,2023-12-22,ST06,C0323,P023,1,224.37,255.0,-30.63,Online
S08008,2024-09-17,ST07,C0354,P075,2,1017.06,179.06,838.0,Retail Store
S08009,2025-07-06,ST09,C0399,P052,1,368.14,64.51,303.63,Marketplace
S08010,2025-04-17,ST05,C0022,P066,1,175.54,94.05,81.49,Mobile App
S08011,2024-05-13,ST15,C0093,P061,1,274.33,396.5,-122.17,Mobile App
S08012,2024-05-13,ST08,C0301,P067,1,609.0,303.9,305.1,Retail Store
S08013,2023-04-13,ST11,C0204,P077,4,1088.74,1567.32,-478.58,Mobile App
S08014,2025-01-22,ST06,C0242,P026,2,195.05,384.76,-189.71,Online
S08015,2023-09-09,ST15,C0418,P078,2,191.81,433.1,-241.29,Online
S08016,2023-08-17,ST02,C0195,P049,1,647.69,236.79,410.9,Mobile App
S08017,2024-07-13,ST04,C0405,P069,3,2140.29,480.27,1660.02,Retail Store
S08018,2024-01-21,ST04,C0348,P047,1,602.67,118.67,484.0,Retail Store
S08019,2023-08-25,ST10,C0359,P085,1,807.95,218.24,589.71,Marketplace
S08020,2024-11-23,ST06,C0246,P016,1,596.67,129.06,467.61,Online
S08021,2025-05-22,ST15,C0251,P087,2,1539.28,500.94,1038.34,Retail Store
S08022,2023-01-09,ST13,C0231,P039,3,143.79,1121.55,-977.76,Online
S08023,2023-01-04,ST03,C0157,P038,2,981.3,794.74,186.56,Marketplace
S08024,2023-08-19,ST06,C0411,P053,1,187.33,175.88,11.45,Mobile App
S08025,2024-07-25,ST14,C0114,P021,1,484.16,349.05,135.11,Online
S08026,2024-08-21,ST11,C0034,P050,1,473.66,164.87,308.79,Marketplace
S08027,2025-08-11,ST05,C0046,P082,1,716.0,136.73,579.27,Mobile App
S08028,2025-04-06,ST13,C0223,P037,2,1518.46,771.6,746.86,Mobile App
S08029,2025-07-06,ST04,C0170,P040,1,608.36,99.01,509.35,Retail Store
S08030,2024-09-27,ST06,C0249,P084,2,1603.86,781.16,822.7,Online
S08031,2023-10-17,ST06,C0274,P015,1,832.71,139.34,693.37,Online
S08032,2023-09-27,ST13,C0011,P024,1,746.09,153.67,592.42,Mobile App
S08033,2024-03-26,ST01,C0234,P050,1,526.29,164.87,361.42,Marketplace
S08034,2025-05-26,ST08,C0413,P032,3,933.88,889.05,44.83,Retail Store
S08035,2024-10-03,ST10,C0310,P034,2,952.6,629.88,322.72,Retail Store
S08036,2025-04-26,ST02,C0290,P021,1,435.74,349.05,86.69,Retail Store
S08037,2023-10-29,ST09,C0259,P087,3,2308.92,751.41,1557.51,Retail Store
S08038,2023-04-18,ST08,C0353,P054,1,235.01,278.44,-43.43,Marketplace
S08039,2025-07-26,ST01,C0254,P023,3,637.69,765.0,-127.31,Online
S08040,2024-03-15,ST09,C0300,P010,1,696.93,290.1,406.83,Retail Store
S08041,2024-07-19,ST14,C0393,P050,2,1052.58,329.74,722.84,Retail Store
S08042,2025-03-16,ST02,C0024,P017,4,1968.89,1060.24,908.65,Mobile App
S08043,2024-12-24,ST15,C0427,P081,1,215.28,42.77,172.51,Mobile App
S08044,2023-05-12,ST12,C0386,P012,1,434.35,157.89,276.46,Online
S08045,2024-09-14,ST09,C0354,P017,2,880.82,530.12,350.7,Online
S08046,2025-06-20,ST02,C0139,P011,1,732.67,253.22,479.45,Mobile App
S08047,2023-10-05,ST15,C0155,P065,1,527.08,143.64,383.44,Mobile App
S08048,2023-08-14,ST11,C0056,P026,1,97.52,192.38,-94.86,Mobile App
S08049,2025-01-17,ST11,C0006,P062,1,290.95,91.36,199.59,Retail Store
S08050,2025-03-18,ST06,C0360,P066,1,157.99,94.05,63.94,Mobile App
S08051,2025-08-24,ST06,C0226,P010,1,774.37,290.1,484.27,Mobile App
S08052,2023-04-17,ST14,C0188,P056,3,2095.97,835.38,1260.59,Mobile App
S08053,2024-01-16,ST02,C0165,P059,2,265.03,490.46,-225.43,Online
S08054,2025-06-30,ST03,C0006,P017,2,1036.26,530.12,506.14,Online
S08055,2024-12-14,ST10,C0294,P085,1,807.95,218.24,589.71,Marketplace
S08056,2023-08-31,ST07,C0394,P041,1,69.86,33.46,36.4,Marketplace
S08057,2024-07-18,ST06,C0212,P022,1,292.2,225.66,66.54,Marketplace
S08058,2025-06-13,ST14,C0080,P010,3,2323.11,870.3,1452.81,Retail Store
S08059,2023-07-23,ST01,C0333,P061,2,577.54,793.0,-215.46,Online
S08060,2024-08-17,ST13,C0178,P067,1,609.0,303.9,305.1,Online
S08061,2023-11-17,ST04,C0087,P032,4,1175.99,1185.4,-9.41,Mobile App
S08062,2024-09-01,ST01,C0205,P016,2,1403.94,258.12,1145.82,Retail Store
S08063,2024-11-22,ST03,C0122,P032,4,1245.17,1185.4,59.77,Retail Store
S08064,2024-07-06,ST07,C0433,P057,1,523.27,34.16,489.11,Marketplace
S08065,2023-02-22,ST02,C0429,P036,3,2108.19,1071.27,1036.92,Online
S08066,2025-03-01,ST14,C0072,P039,3,169.17,1121.55,-952.38,Retail Store
S08067,2024-11-16,ST08,C0308,P081,2,365.98,85.54,280.44,Retail Store
S08068,2024-07-10,ST12,C0297,P015,3,2373.22,418.02,1955.2,Mobile App
S08069,2024-02-22,ST05,C0364,P034,1,476.3,314.94,161.36,Retail Store
S08070,2024-05-07,ST15,C0431,P070,3,267.89,434.16,-166.27,Online
S08071,2023-11-02,ST03,C0034,P050,2,947.32,329.74,617.58,Retail Store
S08072,2024-05-08,ST07,C0370,P023,3,708.54,765.0,-56.46,Online
S08073,2023-08-05,ST01,C0192,P026,1,102.94,192.38,-89.44,Online
S08074,2024-10-15,ST08,C0243,P050,2,947.32,329.74,617.58,Marketplace
S08075,2023-11-17,ST15,C0383,P028,2,942.07,598.86,343.21,Mobile App
S08076,2024-10-10,ST03,C0426,P061,1,259.89,396.5,-136.61,Online
S08077,2025-02-14,ST06,C0025,P053,2,396.7,351.76,44.94,Retail Store
S08078,2023-03-12,ST09,C0061,P035,2,1401.57,545.38,856.19,Online
S08079,2024-04-09,ST02,C0155,P029,1,282.63,116.97,165.66,Retail Store
S08080,2023-10-29,ST11,C0393,P075,1,457.68,89.53,368.15,Online
S08081,2025-03-12,ST12,C0354,P073,2,1396.21,753.62,642.59,Online
S08082,2025-08-22,ST05,C0344,P068,1,461.92,376.99,84.93,Mobile App
S08083,2024-10-20,ST13,C0267,P007,2,105.55,709.6,-604.05,Marketplace
S08084,2024-04-20,ST08,C0309,P030,1,657.07,308.05,349.02,Retail Store
S08085,2025-07-18,ST14,C0123,P005,1,563.96,280.69,283.27,Online
S08086,2023-07-24,ST01,C0405,P069,2,1284.17,320.18,963.99,Mobile App
S08087,2025-08-27,ST08,C0320,P016,1,701.97,129.06,572.91,Retail Store
S08088,2024-09-26,ST11,C0438,P020,1,705.66,218.7,486.96,Mobile App
S08089,2023-04-06,ST10,C0297,P010,3,2323.11,870.3,1452.81,Marketplace
S08090,2024-10-30,ST04,C0306,P030,2,1314.14,616.1,698.04,Marketplace
S08091,2024-03-29,ST15,C0235,P074,1,165.4,350.01,-184.61,Marketplace
S08092,2025-07-20,ST12,C0237,P022,1,275.97,225.66,50.31,Marketplace
S08093,2023-04-02,ST10,C0344,P060,3,1402.17,414.75,987.42,Retail Store
S08094,2025-06-15,ST03,C0373,P065,1,500.73,143.64,357.09,Retail Store
S08095,2024-09-11,ST07,C0232,P050,1,499.98,164.87,335.11,Online
S08096,2023-07-08,ST07,C0404,P031,2,252.16,572.48,-320.32,Online
S08097,2024-10-01,ST10,C0048,P003,2,1031.34,224.04,807.3,Marketplace
S08098,2024-09-16,ST03,C0225,P047,1,673.57,118.67,554.9,Marketplace
S08099,2023-01-03,ST11,C0144,P060,2,841.3,276.5,564.8,Mobile App
S08100,2024-05-09,ST02,C0369,P005,2,1015.13,561.38,453.75,Online
S08101,2023-08-01,ST02,C0214,P084,1,761.83,390.58,371.25,Retail Store
S08102,2024-07-22,ST12,C0070,P041,1,69.86,33.46,36.4,Online
S08103,2023-05-25,ST03,C0026,P067,1,641.05,303.9,337.15,Mobile App
S08104,2023-07-12,ST08,C0037,P084,1,761.83,390.58,371.25,Retail Store
S08105,2024-11-23,ST03,C0142,P079,1,717.95,180.26,537.69,Retail Store
S08106,2023-11-09,ST01,C0437,P043,2,1468.59,772.18,696.41,Marketplace
S08107,2023-01-14,ST05,C0403,P033,1,705.12,293.6,411.52,Mobile App
S08108,2025-05-29,ST01,C0350,P003,1,515.67,112.02,403.65,Marketplace
S08109,2024-02-02,ST13,C0405,P013,2,514.93,155.68,359.25,Retail Store
S08110,2024-07-25,ST01,C0283,P071,1,143.99,253.92,-109.93,Mobile App
S08111,2023-11-27,ST06,C0012,P036,1,702.73,357.09,345.64,Marketplace
S08112,2025-07-17,ST15,C0342,P062,1,260.32,91.36,168.96,Retail Store
S08113,2023-11-21,ST05,C0166,P042,2,458.1,281.96,176.14,Marketplace
S08114,2025-01-15,ST02,C0415,P005,2,1071.52,561.38,510.14,Mobile App
S08115,2024-12-09,ST09,C0416,P075,1,432.25,89.53,342.72,Online
S08116,2023-08-07,ST01,C0413,P064,1,272.38,130.54,141.84,Marketplace
S08117,2025-01-14,ST04,C0396,P034,6,3362.1,1889.64,1472.46,Online
S08118,2025-07-25,ST07,C0353,P047,2,1347.14,237.34,1109.8,Mobile App
S08119,2025-06-23,ST15,C0149,P074,1,147.99,350.01,-202.02,Mobile App
S08120,2024-10-26,ST06,C0178,P063,2,1515.31,224.94,1290.37,Mobile App
S08121,2024-01-17,ST12,C0125,P013,2,605.8,155.68,450.12,Marketplace
S08122,2023-07-10,ST05,C0424,P003,5,2578.35,560.1,2018.25,Mobile App
S08123,2024-03-22,ST13,C0406,P030,1,624.22,308.05,316.17,Online
S08124,2023-11-02,ST04,C0076,P080,1,161.74,303.66,-141.92,Mobile App
S08125,2024-10-14,ST12,C0034,P052,1,387.52,64.51,323.01,Mobile App
S08126,2023-11-19,ST03,C0250,P023,1,212.56,255.0,-42.44,Marketplace
S08127,2023-04-26,ST03,C0266,P027,3,1903.74,609.3,1294.44,Online
S08128,2024-08-29,ST05,C0434,P052,1,387.52,64.51,323.01,Marketplace
S08129,2023-06-01,ST06,C0437,P053,2,418.74,351.76,66.98,Retail Store
S08130,2024-08-01,ST09,C0320,P030,1,624.22,308.05,316.17,Marketplace
S08131,2023-02-22,ST01,C0330,P022,3,974.01,676.98,297.03,Retail Store
S08132,2023-05-16,ST03,C0449,P001,3,2119.71,954.75,1164.96,Mobile App
S08133,2023-05-05,ST04,C0147,P012,1,457.21,157.89,299.32,Online
S08134,2023-09-18,ST14,C0110,P045,2,776.23,254.16,522.07,Mobile App
S08135,2024-04-19,ST06,C0227,P081,3,613.55,128.31,485.24,Retail Store
S08136,2023-10-12,ST03,C0380,P038,3,1471.95,1192.11,279.84,Online
S08137,2025-02-09,ST15,C0279,P031,2,252.16,572.48,-320.32,Online
S08138,2023-11-17,ST01,C0307,P062,2,520.64,182.72,337.92,Mobile App
S08139,2023-02-02,ST10,C0007,P049,1,647.69,236.79,410.9,Marketplace
S08140,2023-08-25,ST15,C0161,P057,2,988.4,68.32,920.08,Mobile App
S08141,2023-12-14,ST12,C0385,P041,1,62.87,33.46,29.41,Marketplace
S08142,2023-12-25,ST02,C0157,P075,1,483.1,89.53,393.57,Marketplace
S08143,2024-11-07,ST07,C0337,P060,1,444.02,138.25,305.77,Retail Store
S08144,2025-08-18,ST02,C0321,P013,3,817.83,233.52,584.31,Retail Store
S08145,2023-02-10,ST13,C0281,P014,2,197.6,173.84,23.76,Online
S08146,2025-08-13,ST08,C0260,P077,2,573.02,783.66,-210.64,Marketplace
S08147,2023-02-05,ST06,C0144,P078,1,95.9,216.55,-120.65,Mobile App
S08148,2024-02-04,ST09,C0143,P085,4,3231.8,872.96,2358.84,Online
S08149,2024-04-02,ST04,C0145,P037,2,1687.18,771.6,915.58,Online
S08150,2023-03-13,ST12,C0446,P022,2,649.34,451.32,198.02,Marketplace
S08151,2024-02-11,ST06,C0343,P058,1,605.06,133.49,471.57,Marketplace
S08152,2023-10-28,ST03,C0357,P086,1,490.09,167.27,322.82,Marketplace
S08153,2025-06-30,ST04,C0412,P077,1,272.18,391.83,-119.65,Marketplace
S08154,2025-02-10,ST14,C0048,P023,4,897.48,1020.0,-122.52,Retail Store
S08155,2024-07-02,ST03,C0139,P068,1,461.92,376.99,84.93,Mobile App
S08156,2025-02-16,ST01,C0037,P045,2,817.08,254.16,562.92,Marketplace
S08157,2025-02-16,ST03,C0167,P027,1,634.58,203.1,431.48,Retail Store
S08158,2023-04-19,ST04,C0200,P005,2,1127.92,561.38,566.54,Online
S08159,2023-06-05,ST09,C0338,P072,2,1446.39,470.28,976.11,Retail Store
S08160,2024-06-20,ST15,C0422,P008,1,692.61,380.57,312.04,Marketplace
S08161,2023-08-31,ST01,C0386,P076,1,671.92,144.77,527.15,Online
S08162,2024-10-06,ST14,C0317,P015,1,707.8,139.34,568.46,Mobile App
S08163,2023-04-01,ST06,C0144,P008,2,1385.22,761.14,624.08,Retail Store
S08164,2024-09-09,ST11,C0353,P045,1,367.69,127.08,240.61,Retail Store
S08165,2024-04-09,ST11,C0237,P070,2,188.52,289.44,-100.92,Retail Store
S08166,2024-12-13,ST13,C0182,P070,2,198.44,289.44,-91.0,Mobile App
S08167,2025-02-03,ST05,C0256,P038,2,883.17,794.74,88.43,Mobile App
S08168,2025-03-30,ST13,C0128,P063,3,2392.59,337.41,2055.18,Marketplace
S08169,2023-11-13,ST15,C0015,P045,1,347.26,127.08,220.18,Marketplace
S08170,2024-03-01,ST02,C0331,P086,1,576.58,167.27,409.31,Mobile App
S08171,2024-01-30,ST11,C0263,P018,1,585.44,314.13,271.31,Online
S08172,2025-05-31,ST03,C0088,P017,1,466.32,265.06,201.26,Mobile App
S08173,2023-06-14,ST12,C0336,P059,3,376.62,735.69,-359.07,Online
S08174,2023-05-26,ST04,C0382,P007,1,58.64,354.8,-296.16,Mobile App
S08175,2025-08-10,ST03,C0378,P065,1,448.02,143.64,304.38,Retail Store
S08176,2024-09-23,ST15,C0354,P013,1,257.46,77.84,179.62,Online
S08177,2024-09-30,ST10,C0224,P063,3,2153.33,337.41,1815.92,Online
S08178,2024-09-07,ST05,C0428,P022,2,584.41,451.32,133.09,Retail Store
S08179,2023-12-21,ST10,C0337,P015,1,832.71,139.34,693.37,Retail Store
S08180,2023-10-16,ST05,C0131,P072,1,723.19,235.14,488.05,Retail Store
S08181,2024-02-12,ST06,C0155,P074,1,174.11,350.01,-175.9,Online
S08182,2024-11-07,ST13,C0120,P042,1,242.52,140.98,101.54,Retail Store
S08183,2023-08-30,ST12,C0364,P086,1,547.75,167.27,380.48,Marketplace
S08184,2023-01-05,ST09,C0423,P053,1,209.37,175.88,33.49,Online
S08185,2023-09-07,ST12,C0110,P069,3,1819.25,480.27,1338.98,Online
S08186,2023-12-26,ST02,C0395,P003,1,576.34,112.02,464.32,Mobile App
S08187,2025-02-28,ST05,C0113,P031,1,113.47,286.24,-172.77,Retail Store
S08188,2023-11-27,ST05,C0069,P041,2,139.72,66.92,72.8,Mobile App
S08189,2023-11-20,ST03,C0344,P043,2,1314.0,772.18,541.82,Online
S08190,2023-05-03,ST07,C0288,P061,1,288.77,396.5,-107.73,Online
S08191,2024-02-01,ST14,C0034,P009,4,1527.35,1132.2,395.15,Mobile App
S08192,2024-11-17,ST14,C0403,P009,2,898.44,566.1,332.34,Online
S08193,2024-02-22,ST12,C0309,P083,2,1059.7,333.94,725.76,Online
S08194,2024-05-01,ST13,C0437,P034,1,560.35,314.94,245.41,Marketplace
S08195,2024-04-19,ST14,C0417,P067,2,1217.99,607.8,610.19,Mobile App
S08196,2024-06-08,ST05,C0247,P032,3,881.99,889.05,-7.06,Online
S08197,2025-02-19,ST05,C0401,P038,1,417.05,397.37,19.68,Online
S08198,2023-10-31,ST06,C0416,P038,1,417.05,397.37,19.68,Marketplace
S08199,2025-02-11,ST05,C0317,P013,3,908.7,233.52,675.18,Online
S08200,2023-08-14,ST12,C0225,P067,3,1923.15,911.7,1011.45,Retail Store
S08201,2023-05-14,ST02,C0078,P060,1,467.39,138.25,329.14,Online
S08202,2024-02-03,ST13,C0315,P055,3,1848.98,734.43,1114.55,Mobile App
S08203,2025-08-17,ST14,C0004,P048,2,619.31,309.0,310.31,Marketplace
S08204,2024-07-14,ST13,C0427,P048,3,980.57,463.5,517.07,Retail Store
S08205,2024-08-07,ST07,C0233,P043,5,3285.0,1930.45,1354.55,Mobile App
S08206,2023-09-13,ST05,C0394,P032,4,1314.34,1185.4,128.94,Online
S08207,2025-03-12,ST08,C0200,P039,3,160.71,1121.55,-960.84,Retail Store
S08208,2023-02-04,ST03,C0096,P020,1,705.66,218.7,486.96,Marketplace
S08209,2024-05-20,ST06,C0084,P083,1,476.87,166.97,309.9,Retail Store
S08210,2024-11-06,ST07,C0242,P039,3,143.79,1121.55,-977.76,Marketplace
S08211,2025-03-13,ST05,C0073,P085,2,1373.52,436.48,937.04,Online
S08212,2024-01-25,ST08,C0430,P054,1,235.01,278.44,-43.43,Mobile App
S08213,2024-01-02,ST04,C0299,P027,1,539.39,203.1,336.29,Online
S08214,2024-10-04,ST01,C0369,P002,2,1140.48,395.08,745.4,Mobile App
S08215,2025-03-08,ST05,C0201,P036,1,702.73,357.09,345.64,Retail Store
S08216,2023-05-19,ST11,C0051,P081,1,204.52,42.77,161.75,Online
S08217,2025-07-22,ST07,C0345,P036,1,741.77,357.09,384.68,Marketplace
S08218,2025-05-15,ST01,C0131,P081,2,430.56,85.54,345.02,Retail Store
S08219,2024-07-01,ST02,C0210,P048,1,309.65,154.5,155.15,Retail Store
S08220,2023-06-28,ST07,C0148,P068,5,2194.12,1884.95,309.17,Marketplace
S08221,2024-10-29,ST11,C0402,P002,2,1026.43,395.08,631.35,Retail Store
S08222,2023-05-26,ST09,C0281,P060,1,397.28,138.25,259.03,Marketplace
S08223,2024-07-02,ST06,C0272,P006,3,969.75,116.7,853.05,Online
S08224,2023-12-31,ST10,C0065,P029,1,254.37,116.97,137.4,Online
S08225,2023-11-25,ST05,C0114,P082,1,716.0,136.73,579.27,Retail Store
S08226,2023-01-23,ST07,C0134,P002,1,570.24,197.54,372.7,Online
S08227,2023-04-12,ST06,C0265,P069,1,713.43,160.09,553.34,Marketplace
S08228,2025-01-22,ST01,C0446,P045,3,1041.78,381.24,660.54,Mobile App
S08229,2023-02-06,ST01,C0034,P031,1,113.47,286.24,-172.77,Retail Store
S08230,2024-09-17,ST07,C0276,P036,1,663.69,357.09,306.6,Online
S08231,2025-06-10,ST03,C0248,P045,3,1225.62,381.24,844.38,Mobile App
S08232,2023-01-24,ST11,C0294,P059,1,125.54,245.23,-119.69,Mobile App
S08233,2024-12-02,ST14,C0298,P052,2,775.04,129.02,646.02,Retail Store
S08234,2025-07-19,ST08,C0135,P079,1,610.26,180.26,430.0,Mobile App
S08235,2024-10-21,ST02,C0294,P073,1,821.3,376.81,444.49,Online
S08236,2023-06-17,ST07,C0298,P051,3,2219.86,1149.42,1070.44,Online
S08237,2023-02-24,ST01,C0344,P053,2,374.66,351.76,22.9,Online
S08238,2024-07-22,ST04,C0097,P083,1,529.85,166.97,362.88,Marketplace
S08239,2023-07-23,ST02,C0207,P025,1,823.99,266.96,557.03,Online
S08240,2023-10-28,ST09,C0229,P063,2,1435.55,224.94,1210.61,Mobile App
S08241,2023-02-02,ST02,C0372,P054,4,887.81,1113.76,-225.95,Marketplace
S08242,2024-02-29,ST03,C0387,P018,2,1308.62,628.26,680.36,Marketplace
S08243,2024-04-07,ST09,C0174,P075,1,483.1,89.53,393.57,Online
S08244,2023-06-09,ST13,C0404,P082,3,2148.0,410.19,1737.81,Online
S08245,2023-04-22,ST14,C0220,P026,1,102.94,192.38,-89.44,Marketplace
S08246,2023-06-27,ST11,C0344,P063,2,1515.31,224.94,1290.37,Mobile App
S08247,2023-03-13,ST14,C0003,P031,2,252.16,572.48,-320.32,Mobile App
S08248,2024-09-23,ST07,C0101,P088,1,711.07,302.14,408.93,Mobile App
S08249,2024-10-29,ST15,C0188,P033,1,742.23,293.6,448.63,Online
S08250,2025-01-04,ST12,C0300,P087,1,692.68,250.47,442.21,Marketplace
S08251,2025-03-06,ST09,C0150,P017,1,518.13,265.06,253.07,Retail Store
S08252,2024-07-26,ST06,C0247,P027,1,539.39,203.1,336.29,Marketplace
S08253,2024-09-10,ST04,C0178,P041,1,66.37,33.46,32.91,Retail Store
S08254,2025-03-27,ST04,C0046,P019,1,120.38,335.58,-215.2,Retail Store
S08255,2024-12-21,ST01,C0444,P034,1,560.35,314.94,245.41,Marketplace
S08256,2023-06-03,ST10,C0090,P023,1,236.18,255.0,-18.82,Mobile App
S08257,2025-06-14,ST02,C0239,P051,6,4686.37,2298.84,2387.53,Marketplace
S08258,2025-02-01,ST07,C0261,P044,1,415.44,212.6,202.84,Online
S08259,2024-08-15,ST10,C0202,P036,1,780.81,357.09,423.72,Online
S08260,2023-04-20,ST10,C0425,P068,1,392.63,376.99,15.64,Online
S08261,2025-04-07,ST04,C0063,P070,1,89.3,144.72,-55.42,Online
S08262,2023-08-07,ST07,C0346,P030,1,624.22,308.05,316.17,Online
S08263,2024-04-12,ST09,C0001,P066,2,333.53,188.1,145.43,Marketplace
S08264,2023-06-05,ST15,C0150,P048,1,344.06,154.5,189.56,Retail Store
S08265,2025-06-13,ST07,C0092,P061,1,288.77,396.5,-107.73,Marketplace
S08266,2023-02-10,ST03,C0357,P003,3,1638.01,336.06,1301.95,Online
S08267,2023-02-24,ST12,C0438,P012,3,1371.63,473.67,897.96,Online
S08268,2024-06-28,ST10,C0158,P057,2,1104.68,68.32,1036.36,Marketplace
S08269,2025-05-10,ST03,C0349,P052,2,736.29,129.02,607.27,Online
S08270,2024-05-12,ST12,C0381,P019,3,343.08,1006.74,-663.66,Mobile App
S08271,2024-09-26,ST06,C0292,P080,1,137.48,303.66,-166.18,Marketplace
S08272,2024-03-08,ST12,C0229,P062,2,551.27,182.72,368.55,Retail Store
S08273,2023-09-30,ST13,C0424,P087,1,692.68,250.47,442.21,Retail Store
S08274,2024-03-17,ST04,C0028,P048,3,1032.18,463.5,568.68,Mobile App
S08275,2023-02-22,ST02,C0372,P022,1,275.97,225.66,50.31,Marketplace
S08276,2023-10-06,ST13,C0130,P019,1,114.36,335.58,-221.22,Marketplace
S08277,2024-06-28,ST02,C0328,P060,2,934.78,276.5,658.28,Marketplace
S08278,2024-04-22,ST02,C0287,P088,2,1589.44,604.28,985.16,Retail Store
S08279,2024-06-10,ST03,C0320,P066,2,351.08,188.1,162.98,Marketplace
S08280,2025-05-15,ST10,C0403,P066,1,175.54,94.05,81.49,Marketplace
S08281,2025-02-06,ST14,C0329,P006,1,274.76,38.9,235.86,Retail Store
S08282,2025-05-16,ST05,C0028,P050,1,499.98,164.87,335.11,Mobile App
S08283,2025-06-27,ST07,C0129,P063,1,797.53,112.47,685.06,Retail Store
S08284,2023-03-02,ST09,C0078,P071,4,575.96,1015.68,-439.72,Retail Store
S08285,2023-07-08,ST07,C0071,P004,4,1155.97,935.04,220.93,Online
S08286,2023-06-04,ST12,C0194,P085,1,727.16,218.24,508.92,Online
S08287,2024-10-04,ST01,C0177,P078,1,100.95,216.55,-115.6,Online
S08288,2025-03-19,ST14,C0394,P002,1,570.24,197.54,372.7,Online
S08289,2024-12-28,ST05,C0160,P068,3,1385.76,1130.97,254.79,Retail Store
S08290,2023-01-26,ST12,C0123,P088,3,2509.65,906.42,1603.23,Retail Store
S08291,2023-03-19,ST11,C0240,P039,1,56.39,373.85,-317.46,Online
S08292,2025-08-27,ST15,C0144,P023,3,708.54,765.0,-56.46,Online
S08293,2024-02-15,ST07,C0123,P051,1,781.06,383.14,397.92,Marketplace
S08294,2024-07-15,ST10,C0402,P056,3,2465.85,835.38,1630.47,Marketplace
S08295,2023-02-21,ST07,C0385,P003,1,606.67,112.02,494.65,Mobile App
S08296,2023-10-11,ST06,C0330,P018,3,1859.62,942.39,917.23,Retail Store
S08297,2024-02-09,ST05,C0012,P022,1,292.2,225.66,66.54,Retail Store
S08298,2024-02-12,ST10,C0217,P059,3,376.62,735.69,-359.07,Retail Store
S08299,2024-05-04,ST13,C0114,P026,1,92.11,192.38,-100.27,Mobile App
S08300,2023-11-12,ST05,C0174,P033,1,742.23,293.6,448.63,Online
S08301,2024-12-21,ST03,C0246,P027,3,1903.74,609.3,1294.44,Marketplace
S08302,2023-09-21,ST13,C0443,P020,1,631.38,218.7,412.68,Online
S08303,2024-02-02,ST09,C0338,P010,1,774.37,290.1,484.27,Retail Store
S08304,2025-04-01,ST03,C0132,P078,2,171.62,433.1,-261.48,Marketplace
S08305,2024-02-10,ST07,C0089,P069,1,713.43,160.09,553.34,Retail Store
S08306,2024-11-04,ST03,C0421,P048,2,688.12,309.0,379.12,Online
S08307,2023-01-19,ST11,C0142,P001,1,600.58,318.25,282.33,Marketplace
S08308,2024-02-20,ST04,C0203,P062,2,520.64,182.72,337.92,Retail Store
S08309,2025-03-18,ST07,C0116,P016,1,596.67,129.06,467.61,Mobile App
S08310,2023-09-16,ST11,C0192,P054,1,221.95,278.44,-56.49,Mobile App
S08311,2023-06-01,ST07,C0031,P015,2,1415.61,278.68,1136.93,Online
S08312,2024-09-02,ST07,C0235,P022,1,308.44,225.66,82.78,Retail Store
S08313,2025-06-11,ST10,C0379,P074,2,348.22,700.02,-351.8,Retail Store
S08314,2025-08-30,ST15,C0442,P073,4,3285.2,1507.24,1777.96,Marketplace
S08315,2023-06-22,ST11,C0060,P067,2,1282.1,607.8,674.3,Marketplace
S08316,2024-03-24,ST07,C0056,P087,1,769.64,250.47,519.17,Marketplace
S08317,2024-03-16,ST01,C0375,P030,3,1872.65,924.15,948.5,Retail Store
S08318,2024-03-29,ST10,C0159,P010,1,696.93,290.1,406.83,Retail Store
S08319,2023-09-01,ST04,C0263,P060,3,1261.95,414.75,847.2,Retail Store
S08320,2024-04-26,ST10,C0162,P069,3,2033.28,480.27,1553.01,Marketplace
S08321,2025-05-31,ST03,C0390,P065,2,1054.16,287.28,766.88,Mobile App
S08322,2023-09-11,ST08,C0076,P014,2,187.72,173.84,13.88,Online
S08323,2024-03-05,ST13,C0363,P046,3,1284.93,1048.44,236.49,Retail Store
S08324,2025-02-27,ST13,C0274,P035,4,3297.8,1090.76,2207.04,Retail Store
S08325,2024-11-11,ST12,C0420,P043,3,2318.82,1158.27,1160.55,Mobile App
S08326,2023-09-23,ST13,C0177,P035,5,3710.03,1363.45,2346.58,Marketplace
S08327,2023-11-06,ST15,C0409,P063,2,1595.06,224.94,1370.12,Mobile App
S08328,2024-03-31,ST15,C0044,P084,2,1363.28,781.16,582.12,Marketplace
S08329,2025-01-24,ST04,C0008,P064,1,286.72,130.54,156.18,Online
S08330,2023-02-21,ST08,C0073,P062,3,918.78,274.08,644.7,Retail Store
S08331,2024-02-27,ST10,C0249,P054,3,744.19,835.32,-91.13,Retail Store
S08332,2023-05-19,ST08,C0284,P061,1,288.77,396.5,-107.73,Online
S08333,2024-08-21,ST15,C0268,P046,2,951.8,698.96,252.84,Retail Store
S08334,2024-05-01,ST08,C0028,P005,1,479.37,280.69,198.68,Retail Store
S08335,2024-03-17,ST07,C0191,P039,1,50.75,373.85,-323.1,Marketplace
S08336,2025-06-15,ST05,C0261,P049,2,1230.61,473.58,757.03,Online
S08337,2024-06-15,ST02,C0052,P072,3,2290.12,705.42,1584.7,Mobile App
S08338,2023-05-31,ST13,C0230,P088,2,1505.79,604.28,901.51,Marketplace
S08339,2024-05-23,ST01,C0051,P021,1,484.16,349.05,135.11,Retail Store
S08340,2025-02-13,ST03,C0220,P076,1,671.92,144.77,527.15,Marketplace
S08341,2023-05-13,ST14,C0007,P048,2,584.9,309.0,275.9,Marketplace
S08342,2025-02-14,ST03,C0416,P013,1,257.46,77.84,179.62,Mobile App
S08343,2023-05-23,ST05,C0203,P079,1,717.95,180.26,537.69,Mobile App
S08344,2024-01-26,ST02,C0100,P034,3,1597.0,944.82,652.18,Retail Store
S08345,2024-12-01,ST10,C0264,P050,2,999.95,329.74,670.21,Marketplace
S08346,2024-11-19,ST13,C0363,P038,2,834.1,794.74,39.36,Retail Store
S08347,2025-01-05,ST04,C0253,P063,2,1595.06,224.94,1370.12,Marketplace
S08348,2023-09-08,ST07,C0024,P032,2,691.76,592.7,99.06,Marketplace
S08349,2024-03-01,ST15,C0348,P039,1,56.39,373.85,-317.46,Online
S08350,2023-01-02,ST12,C0076,P080,1,161.74,303.66,-141.92,Retail Store
S08351,2023-07-10,ST12,C0384,P009,1,426.76,283.05,143.71,Mobile App
S08352,2024-04-24,ST07,C0106,P081,1,204.52,42.77,161.75,Mobile App
S08353,2024-09-20,ST03,C0036,P084,1,761.83,390.58,371.25,Mobile App
S08354,2025-07-05,ST12,C0203,P027,1,602.85,203.1,399.75,Mobile App
S08355,2023-02-02,ST09,C0144,P084,1,681.64,390.58,291.06,Retail Store
S08356,2024-01-12,ST08,C0150,P018,1,585.44,314.13,271.31,Mobile App
S08357,2024-11-28,ST15,C0018,P032,2,691.76,592.7,99.06,Retail Store
S08358,2024-06-12,ST03,C0343,P074,1,156.7,350.01,-193.31,Mobile App
S08359,2023-01-11,ST08,C0309,P033,2,1336.01,587.2,748.81,Retail Store
S08360,2023-07-15,ST01,C0053,P011,2,1465.34,506.44,958.9,Marketplace
S08361,2024-11-02,ST08,C0418,P033,2,1484.46,587.2,897.26,Retail Store
S08362,2025-07-26,ST08,C0006,P022,1,275.97,225.66,50.31,Mobile App
S08363,2024-01-26,ST15,C0318,P044,2,874.6,425.2,449.4,Mobile App
S08364,2023-10-25,ST08,C0265,P073,1,821.3,376.81,444.49,Online
S08365,2024-04-04,ST10,C0441,P024,2,1657.98,307.34,1350.64,Marketplace
S08366,2025-04-26,ST01,C0078,P042,1,269.47,140.98,128.49,Retail Store
S08367,2025-03-26,ST14,C0430,P034,2,952.6,629.88,322.72,Retail Store
S08368,2024-09-10,ST14,C0323,P059,2,251.08,490.46,-239.38,Marketplace
S08369,2023-05-21,ST05,C0012,P063,2,1595.06,224.94,1370.12,Marketplace
S08370,2024-07-20,ST13,C0423,P036,2,1405.46,714.18,691.28,Retail Store
S08371,2023-07-05,ST09,C0217,P048,1,344.06,154.5,189.56,Marketplace
S08372,2023-04-30,ST11,C0144,P051,1,822.17,383.14,439.03,Retail Store
S08373,2023-06-19,ST13,C0418,P021,1,484.16,349.05,135.11,Marketplace
S08374,2025-01-11,ST04,C0090,P037,2,1518.46,771.6,746.86,Mobile App
S08375,2023-09-13,ST07,C0187,P048,1,344.06,154.5,189.56,Mobile App
S08376,2024-06-25,ST03,C0070,P034,1,504.32,314.94,189.38,Mobile App
S08377,2023-12-18,ST04,C0209,P004,1,339.99,233.76,106.23,Mobile App
S08378,2025-08-14,ST15,C0048,P033,1,668.01,293.6,374.41,Marketplace
S08379,2024-10-16,ST09,C0089,P084,1,761.83,390.58,371.25,Mobile App
S08380,2023-09-20,ST13,C0112,P044,1,415.44,212.6,202.84,Online
S08381,2025-03-26,ST07,C0169,P081,2,430.56,85.54,345.02,Retail Store
S08382,2025-02-09,ST10,C0193,P030,2,1314.14,616.1,698.04,Marketplace
S08383,2023-03-24,ST09,C0066,P087,1,654.19,250.47,403.72,Marketplace
S08384,2024-08-10,ST11,C0019,P045,1,347.26,127.08,220.18,Marketplace
S08385,2025-08-08,ST14,C0348,P046,2,951.8,698.96,252.84,Marketplace
S08386,2024-06-25,ST09,C0302,P023,3,673.11,765.0,-91.89,Online
S08387,2023-09-12,ST03,C0323,P027,3,1618.18,609.3,1008.88,Marketplace
S08388,2023-01-20,ST12,C0382,P048,1,344.06,154.5,189.56,Online
S08389,2024-03-04,ST14,C0322,P076,1,671.92,144.77,527.15,Retail Store
S08390,2025-06-24,ST08,C0309,P051,3,2343.18,1149.42,1193.76,Online
S08391,2023-04-26,ST10,C0150,P053,1,198.35,175.88,22.47,Marketplace
S08392,2023-01-02,ST15,C0435,P063,1,797.53,112.47,685.06,Retail Store
S08393,2024-05-15,ST07,C0319,P044,2,743.41,425.2,318.21,Online
S08394,2024-12-05,ST01,C0159,P020,1,631.38,218.7,412.68,Online
S08395,2024-01-25,ST02,C0284,P010,3,2323.11,870.3,1452.81,Retail Store
S08396,2025-04-28,ST06,C0046,P042,1,269.47,140.98,128.49,Mobile App
S08397,2023-04-10,ST12,C0157,P064,5,1433.6,652.7,780.9,Retail Store
S08398,2023-06-15,ST01,C0360,P006,1,290.93,38.9,252.03,Online
S08399,2024-04-11,ST15,C0118,P075,1,432.25,89.53,342.72,Online
S08400,2024-09-23,ST03,C0045,P007,3,158.33,1064.4,-906.07,Marketplace
S08401,2024-12-05,ST01,C0391,P053,3,661.17,527.64,133.53,Online
S08402,2023-02-23,ST04,C0387,P034,4,2241.4,1259.76,981.64,Mobile App
S08403,2025-03-15,ST13,C0174,P059,1,118.57,245.23,-126.66,Mobile App
S08404,2023-02-26,ST02,C0379,P045,1,408.54,127.08,281.46,Online
S08405,2023-08-08,ST04,C0420,P035,2,1484.01,545.38,938.63,Retail Store
S08406,2024-02-18,ST08,C0005,P049,2,1165.84,473.58,692.26,Retail Store
S08407,2024-06-17,ST04,C0036,P027,1,634.58,203.1,431.48,Mobile App
S08408,2023-12-29,ST07,C0243,P026,1,108.36,192.38,-84.02,Online
S08409,2024-03-06,ST07,C0423,P043,3,2318.82,1158.27,1160.55,Online
S08410,2024-01-05,ST03,C0380,P058,1,605.06,133.49,471.57,Online
S08411,2024-11-11,ST07,C0203,P085,1,727.16,218.24,508.92,Mobile App
S08412,2024-09-22,ST15,C0105,P001,1,706.57,318.25,388.32,Mobile App
S08413,2023-10-13,ST04,C0006,P011,1,771.23,253.22,518.01,Retail Store
S08414,2023-03-22,ST08,C0212,P063,1,797.53,112.47,685.06,Retail Store
S08415,2023-02-22,ST14,C0009,P006,1,290.93,38.9,252.03,Online
S08416,2025-08-06,ST03,C0256,P019,2,240.76,671.16,-430.4,Mobile App
S08417,2023-03-31,ST12,C0353,P017,2,1036.26,530.12,506.14,Online
S08418,2025-06-20,ST06,C0317,P002,1,570.24,197.54,372.7,Online
S08419,2024-07-09,ST13,C0237,P037,1,801.41,385.8,415.61,Retail Store
S08420,2023-01-01,ST08,C0095,P085,1,767.55,218.24,549.31,Mobile App
S08421,2024-10-20,ST06,C0205,P031,3,359.33,858.72,-499.39,Online
S08422,2023-02-19,ST14,C0302,P052,2,658.78,129.02,529.76,Mobile App
S08423,2023-04-14,ST15,C0001,P044,2,743.41,425.2,318.21,Online
S08424,2024-06-24,ST11,C0128,P060,1,420.65,138.25,282.4,Marketplace
S08425,2023-12-19,ST10,C0283,P080,4,614.61,1214.64,-600.03,Marketplace
S08426,2024-12-07,ST15,C0293,P003,6,3640.02,672.12,2967.9,Mobile App
S08427,2023-01-12,ST14,C0136,P064,3,860.16,391.62,468.54,Retail Store
S08428,2023-02-16,ST05,C0029,P003,1,606.67,112.02,494.65,Online
S08429,2023-12-05,ST02,C0073,P001,3,2013.72,954.75,1058.97,Mobile App
S08430,2023-10-09,ST06,C0211,P031,2,239.55,572.48,-332.93,Mobile App
S08431,2024-04-05,ST14,C0170,P027,2,1078.79,406.2,672.59,Online
S08432,2024-10-29,ST06,C0193,P079,2,1435.9,360.52,1075.38,Marketplace
S08433,2025-06-24,ST03,C0152,P054,4,1044.48,1113.76,-69.28,Online
S08434,2023-08-12,ST11,C0053,P036,1,702.73,357.09,345.64,Mobile App
S08435,2024-10-26,ST08,C0290,P025,2,1647.98,533.92,1114.06,Retail Store
S08436,2023-06-20,ST02,C0349,P056,2,1643.9,556.92,1086.98,Mobile App
S08437,2023-03-21,ST12,C0105,P026,1,92.11,192.38,-100.27,Online
S08438,2025-08-21,ST14,C0033,P084,3,2285.5,1171.74,1113.76,Online
S08439,2023-06-17,ST04,C0449,P037,1,717.05,385.8,331.25,Online
S08440,2025-05-26,ST09,C0262,P081,4,818.06,171.08,646.98,Online
S08441,2024-04-02,ST07,C0078,P038,1,490.65,397.37,93.28,Retail Store
S08442,2025-05-30,ST08,C0185,P012,4,1645.96,631.56,1014.4,Mobile App
S08443,2025-02-08,ST10,C0390,P004,2,679.98,467.52,212.46,Mobile App
S08444,2024-04-05,ST12,C0289,P082,4,2577.6,546.92,2030.68,Retail Store
S08445,2024-09-22,ST11,C0406,P029,1,254.37,116.97,137.4,Retail Store
S08446,2024-10-18,ST10,C0376,P028,3,1662.48,898.29,764.19,Marketplace
S08447,2024-09-28,ST04,C0258,P049,2,1101.07,473.58,627.49,Mobile App
S08448,2025-04-16,ST12,C0070,P013,4,1211.6,311.36,900.24,Marketplace
S08449,2023-11-21,ST02,C0335,P015,2,1665.42,278.68,1386.74,Online
S08450,2023-08-12,ST11,C0314,P055,3,1957.74,734.43,1223.31,Online
S08451,2024-08-05,ST01,C0449,P072,1,723.19,235.14,488.05,Retail Store
S08452,2023-11-09,ST01,C0400,P079,2,1435.9,360.52,1075.38,Mobile App
S08453,2025-04-23,ST06,C0069,P045,2,735.37,254.16,481.21,Mobile App
S08454,2025-08-19,ST12,C0280,P077,1,257.86,391.83,-133.97,Marketplace
S08455,2024-12-28,ST13,C0154,P062,1,260.32,91.36,168.96,Mobile App
S08456,2023-09-05,ST03,C0130,P035,1,824.45,272.69,551.76,Online
S08457,2025-01-09,ST01,C0234,P009,1,426.76,283.05,143.71,Mobile App
S08458,2023-12-04,ST07,C0198,P029,2,537.0,233.94,303.06,Mobile App
S08459,2024-01-09,ST07,C0230,P063,2,1595.06,224.94,1370.12,Online
S08460,2024-10-21,ST15,C0191,P008,1,692.61,380.57,312.04,Online
S08461,2024-08-21,ST14,C0171,P008,2,1385.22,761.14,624.08,Retail Store
S08462,2024-12-22,ST01,C0383,P008,1,692.61,380.57,312.04,Retail Store
S08463,2024-10-12,ST04,C0164,P022,2,649.34,451.32,198.02,Mobile App
S08464,2023-06-11,ST04,C0051,P069,1,606.42,160.09,446.33,Marketplace
S08465,2023-10-01,ST04,C0350,P025,1,823.99,266.96,557.03,Marketplace
S08466,2024-01-29,ST07,C0386,P064,1,286.72,130.54,156.18,Online
S08467,2023-04-20,ST11,C0031,P012,1,411.49,157.89,253.6,Retail Store
S08468,2025-01-27,ST07,C0149,P086,6,2940.56,1003.62,1936.94,Online
S08469,2023-07-25,ST09,C0355,P065,1,527.08,143.64,383.44,Retail Store
S08470,2023-10-11,ST06,C0434,P018,4,2617.25,1256.52,1360.73,Mobile App
S08471,2025-07-04,ST01,C0111,P071,2,259.18,507.84,-248.66,Online
S08472,2025-02-04,ST04,C0237,P010,3,1974.64,870.3,1104.34,Online
S08473,2025-04-07,ST04,C0089,P089,2,1332.96,454.32,878.64,Marketplace
S08474,2023-04-01,ST08,C0034,P048,3,928.96,463.5,465.46,Online
S08475,2025-05-23,ST14,C0387,P038,3,1471.95,1192.11,279.84,Retail Store
S08476,2023-07-02,ST14,C0026,P063,1,797.53,112.47,685.06,Mobile App
S08477,2024-03-22,ST11,C0217,P070,3,253.01,434.16,-181.15,Retail Store
S08478,2025-01-29,ST13,C0133,P063,1,717.78,112.47,605.31,Retail Store
S08479,2024-08-19,ST03,C0163,P034,4,2129.33,1259.76,869.57,Online
S08480,2023-08-12,ST04,C0342,P008,2,1385.22,761.14,624.08,Online
S08481,2024-03-08,ST12,C0131,P087,1,769.64,250.47,519.17,Online
S08482,2024-02-17,ST09,C0426,P046,1,475.9,349.48,126.42,Retail Store
S08483,2025-01-01,ST07,C0235,P015,2,1582.15,278.68,1303.47,Marketplace
S08484,2024-12-22,ST13,C0325,P015,1,749.44,139.34,610.1,Mobile App
S08485,2025-01-20,ST06,C0027,P034,1,476.3,314.94,161.36,Retail Store
S08486,2024-10-30,ST13,C0377,P038,1,417.05,397.37,19.68,Marketplace
S08487,2024-03-11,ST11,C0190,P027,1,602.85,203.1,399.75,Mobile App
S08488,2024-06-03,ST11,C0068,P021,1,484.16,349.05,135.11,Online
S08489,2024-12-24,ST03,C0158,P057,2,1104.68,68.32,1036.36,Online
S08490,2025-05-26,ST03,C0146,P022,3,974.01,676.98,297.03,Online
S08491,2025-01-16,ST07,C0026,P017,3,1321.23,795.18,526.05,Retail Store
S08492,2023-01-05,ST07,C0271,P052,1,387.52,64.51,323.01,Retail Store
S08493,2024-05-30,ST12,C0398,P068,1,438.82,376.99,61.83,Retail Store
S08494,2023-12-01,ST13,C0011,P080,3,485.22,910.98,-425.76,Retail Store
S08495,2025-01-16,ST14,C0282,P014,1,88.92,86.92,2.0,Online
S08496,2025-02-25,ST11,C0083,P002,3,1454.11,592.62,861.49,Mobile App
S08497,2024-03-21,ST14,C0275,P010,3,2206.95,870.3,1336.65,Mobile App
S08498,2024-08-05,ST09,C0389,P017,3,1554.39,795.18,759.21,Retail Store
S08499,2023-02-15,ST08,C0273,P072,1,803.55,235.14,568.41,Marketplace
S08500,2023-12-20,ST03,C0305,P080,2,291.13,607.32,-316.19,Marketplace
S08501,2023-10-18,ST03,C0233,P088,1,752.89,302.14,450.75,Mobile App
S08502,2024-12-05,ST01,C0151,P073,1,698.1,376.81,321.29,Online
S08503,2024-05-17,ST06,C0298,P052,4,1395.07,258.04,1137.03,Online
S08504,2023-03-18,ST11,C0243,P029,1,282.63,116.97,165.66,Mobile App
S08505,2023-09-23,ST02,C0057,P039,2,95.86,747.7,-651.84,Mobile App
S08506,2024-08-18,ST10,C0188,P055,1,725.09,244.81,480.28,Retail Store
S08507,2024-05-16,ST03,C0190,P001,1,706.57,318.25,388.32,Online
S08508,2023-07-25,ST11,C0149,P068,1,438.82,376.99,61.83,Online
S08509,2025-03-08,ST15,C0320,P067,1,576.94,303.9,273.04,Online
S08510,2023-11-25,ST13,C0129,P028,2,942.07,598.86,343.21,Retail Store
S08511,2024-01-25,ST02,C0434,P035,1,742.01,272.69,469.32,Marketplace
S08512,2023-10-03,ST06,C0146,P055,1,725.09,244.81,480.28,Marketplace
S08513,2023-02-13,ST05,C0217,P069,1,713.43,160.09,553.34,Marketplace
S08514,2023-12-12,ST08,C0226,P063,2,1435.55,224.94,1210.61,Mobile App
S08515,2023-09-06,ST11,C0064,P063,1,757.65,112.47,645.18,Online
S08516,2023-11-18,ST11,C0243,P017,1,518.13,265.06,253.07,Mobile App
S08517,2024-07-03,ST02,C0303,P034,1,560.35,314.94,245.41,Online
S08518,2024-07-15,ST13,C0086,P049,1,647.69,236.79,410.9,Retail Store
S08519,2024-02-29,ST14,C0056,P065,1,527.08,143.64,383.44,Marketplace
S08520,2023-06-27,ST10,C0422,P046,1,452.1,349.48,102.62,Marketplace
S08521,2023-12-30,ST06,C0355,P059,2,251.08,490.46,-239.38,Online
S08522,2023-08-25,ST06,C0346,P078,1,95.9,216.55,-120.65,Retail Store
S08523,2023-05-22,ST14,C0331,P073,1,821.3,376.81,444.49,Marketplace
S08524,2024-03-05,ST15,C0395,P008,3,1973.94,1141.71,832.23,Retail Store
S08525,2024-07-29,ST02,C0423,P034,1,504.32,314.94,189.38,Retail Store
S08526,2023-04-05,ST12,C0447,P055,1,725.09,244.81,480.28,Online
S08527,2023-04-24,ST10,C0160,P018,2,1377.5,628.26,749.24,Marketplace
S08528,2024-11-03,ST08,C0025,P077,2,573.02,783.66,-210.64,Retail Store
S08529,2023-02-25,ST11,C0137,P017,2,1036.26,530.12,506.14,Mobile App
S08530,2024-11-13,ST09,C0308,P042,3,687.15,422.94,264.21,Mobile App
S08531,2023-12-28,ST09,C0413,P057,2,1104.68,68.32,1036.36,Retail Store
S08532,2024-11-05,ST04,C0388,P052,3,1162.56,193.53,969.03,Mobile App
S08533,2023-03-10,ST14,C0196,P071,1,143.99,253.92,-109.93,Mobile App
S08534,2024-06-03,ST12,C0086,P030,1,657.07,308.05,349.02,Online
S08535,2024-02-04,ST15,C0298,P011,1,771.23,253.22,518.01,Marketplace
S08536,2024-02-17,ST05,C0364,P038,2,883.17,794.74,88.43,Marketplace
S08537,2024-05-12,ST10,C0202,P064,4,974.85,522.16,452.69,Online
S08538,2024-06-22,ST05,C0073,P078,1,100.95,216.55,-115.6,Marketplace
S08539,2025-08-26,ST14,C0448,P041,1,66.37,33.46,32.91,Online
S08540,2023-11-09,ST15,C0077,P015,1,832.71,139.34,693.37,Online
S08541,2023-08-05,ST04,C0162,P068,1,461.92,376.99,84.93,Online
S08542,2023-06-11,ST04,C0014,P069,1,606.42,160.09,446.33,Online
S08543,2023-08-25,ST05,C0341,P034,1,560.35,314.94,245.41,Mobile App
S08544,2025-03-15,ST11,C0408,P040,1,608.36,99.01,509.35,Marketplace
S08545,2024-02-05,ST10,C0390,P020,1,631.38,218.7,412.68,Marketplace
S08546,2024-05-01,ST04,C0283,P067,1,641.05,303.9,337.15,Marketplace
S08547,2023-07-23,ST11,C0407,P053,1,220.39,175.88,44.51,Online
S08548,2025-03-07,ST14,C0180,P034,1,476.3,314.94,161.36,Marketplace
S08549,2024-03-17,ST09,C0139,P001,1,600.58,318.25,282.33,Mobile App
S08550,2024-11-06,ST09,C0234,P063,1,757.65,112.47,645.18,Retail Store
S08551,2024-09-25,ST11,C0426,P088,3,2133.2,906.42,1226.78,Mobile App
S08552,2024-11-05,ST02,C0176,P030,1,657.07,308.05,349.02,Retail Store
S08553,2025-04-08,ST10,C0325,P078,1,100.95,216.55,-115.6,Mobile App
S08554,2023-01-09,ST10,C0265,P077,2,544.37,783.66,-239.29,Marketplace
S08555,2025-01-08,ST10,C0376,P064,3,860.16,391.62,468.54,Online
S08556,2025-05-10,ST01,C0359,P062,1,260.32,91.36,168.96,Retail Store
S08557,2023-05-24,ST14,C0215,P071,4,518.36,1015.68,-497.32,Retail Store
S08558,2025-04-15,ST12,C0178,P007,2,111.42,709.6,-598.18,Retail Store
S08559,2023-09-15,ST13,C0188,P061,1,259.89,396.5,-136.61,Marketplace
S08560,2023-12-03,ST15,C0247,P024,2,1409.28,307.34,1101.94,Marketplace
S08561,2025-07-30,ST02,C0049,P084,1,801.93,390.58,411.35,Marketplace
S08562,2024-04-26,ST03,C0088,P076,2,1343.84,289.54,1054.3,Online
S08563,2025-06-26,ST05,C0256,P004,1,339.99,233.76,106.23,Online
S08564,2023-01-09,ST08,C0249,P042,1,229.05,140.98,88.07,Online
S08565,2025-04-08,ST15,C0417,P088,1,752.89,302.14,450.75,Marketplace
S08566,2023-10-16,ST08,C0238,P081,1,215.28,42.77,172.51,Marketplace
S08567,2025-03-14,ST13,C0022,P037,1,759.23,385.8,373.43,Retail Store
S08568,2025-03-11,ST01,C0129,P064,1,258.05,130.54,127.51,Online
S08569,2024-05-18,ST12,C0167,P069,1,677.76,160.09,517.67,Online
S08570,2025-05-10,ST14,C0161,P040,1,675.96,99.01,576.95,Mobile App
S08571,2024-04-16,ST02,C0142,P014,2,197.6,173.84,23.76,Marketplace
S08572,2025-02-09,ST11,C0349,P057,2,1162.82,68.32,1094.5,Mobile App
S08573,2025-04-21,ST12,C0035,P076,1,671.92,144.77,527.15,Marketplace
S08574,2024-11-29,ST09,C0419,P016,2,1333.74,258.12,1075.62,Marketplace
S08575,2023-05-18,ST01,C0418,P023,2,472.36,510.0,-37.64,Marketplace
S08576,2023-03-04,ST05,C0049,P013,1,287.75,77.84,209.91,Retail Store
S08577,2025-01-08,ST08,C0398,P050,2,1052.58,329.74,722.84,Marketplace
S08578,2023-10-02,ST07,C0071,P089,1,633.16,227.16,406.0,Marketplace
S08579,2025-08-03,ST04,C0218,P015,3,2373.22,418.02,1955.2,Retail Store
S08580,2023-09-06,ST03,C0116,P023,1,236.18,255.0,-18.82,Retail Store
S08581,2024-12-10,ST03,C0081,P034,1,560.35,314.94,245.41,Mobile App
S08582,2023-09-30,ST01,C0274,P039,1,56.39,373.85,-317.46,Mobile App
S08583,2023-10-24,ST01,C0207,P079,2,1220.52,360.52,860.0,Retail Store
S08584,2023-01-05,ST05,C0156,P088,2,1505.79,604.28,901.51,Mobile App
S08585,2023-06-19,ST01,C0265,P028,1,526.45,299.43,227.02,Marketplace
S08586,2023-08-30,ST05,C0448,P080,1,161.74,303.66,-141.92,Retail Store
S08587,2024-03-19,ST03,C0117,P030,1,558.51,308.05,250.46,Online
S08588,2023-04-11,ST05,C0285,P035,2,1648.9,545.38,1103.52,Retail Store
S08589,2024-12-02,ST14,C0104,P075,1,457.68,89.53,368.15,Retail Store
S08590,2025-06-13,ST14,C0424,P069,1,677.76,160.09,517.67,Online
S08591,2024-10-25,ST15,C0063,P003,2,1031.34,224.04,807.3,Mobile App
S08592,2025-08-18,ST13,C0176,P054,3,744.19,835.32,-91.13,Mobile App
S08593,2025-05-05,ST03,C0159,P028,3,1496.23,898.29,597.94,Online
S08594,2023-03-20,ST14,C0190,P084,1,721.74,390.58,331.16,Retail Store
S08595,2024-02-23,ST11,C0380,P025,4,3131.16,1067.84,2063.32,Marketplace
S08596,2024-03-21,ST09,C0336,P020,1,742.8,218.7,524.1,Mobile App
S08597,2024-04-30,ST07,C0194,P038,2,834.1,794.74,39.36,Online
S08598,2024-06-04,ST14,C0377,P010,1,774.37,290.1,484.27,Retail Store
S08599,2025-02-25,ST04,C0340,P012,1,411.49,157.89,253.6,Online
S08600,2023-12-01,ST15,C0140,P016,1,701.97,129.06,572.91,Marketplace
S08601,2023-05-21,ST11,C0099,P061,2,548.66,793.0,-244.34,Retail Store
S08602,2025-03-20,ST06,C0440,P001,2,1413.14,636.5,776.64,Mobile App
S08603,2023-06-26,ST04,C0047,P024,1,828.99,153.67,675.32,Marketplace
S08604,2024-03-09,ST15,C0221,P018,3,1859.62,942.39,917.23,Online
S08605,2025-07-06,ST14,C0436,P037,3,2277.69,1157.4,1120.29,Retail Store
S08606,2024-02-21,ST15,C0351,P036,1,741.77,357.09,384.68,Online
S08607,2025-06-13,ST01,C0023,P014,2,197.6,173.84,23.76,Online
S08608,2024-05-19,ST09,C0376,P079,2,1435.9,360.52,1075.38,Marketplace
S08609,2024-08-24,ST06,C0203,P004,1,339.99,233.76,106.23,Retail Store
S08610,2024-07-27,ST09,C0114,P032,2,691.76,592.7,99.06,Online
S08611,2024-06-11,ST05,C0140,P081,3,548.96,128.31,420.65,Online
S08612,2024-03-24,ST12,C0159,P036,1,780.81,357.09,423.72,Mobile App
S08613,2024-04-02,ST02,C0302,P082,3,1825.8,410.19,1415.61,Mobile App
S08614,2023-10-13,ST14,C0113,P049,3,1748.76,710.37,1038.39,Online
S08615,2023-11-17,ST06,C0327,P061,1,259.89,396.5,-136.61,Online
S08616,2023-09-09,ST02,C0333,P053,3,661.17,527.64,133.53,Retail Store
S08617,2024-03-15,ST03,C0211,P032,1,345.88,296.35,49.53,Retail Store
S08618,2023-10-14,ST15,C0277,P063,3,2153.33,337.41,1815.92,Mobile App
S08619,2023-03-09,ST05,C0112,P082,2,1360.4,273.46,1086.94,Marketplace
S08620,2023-09-28,ST09,C0078,P059,1,125.54,245.23,-119.69,Mobile App
S08621,2023-04-23,ST12,C0076,P081,2,430.56,85.54,345.02,Marketplace
S08622,2024-08-16,ST07,C0441,P029,2,565.26,233.94,331.32,Marketplace
S08623,2025-08-26,ST13,C0069,P075,2,1017.06,179.06,838.0,Retail Store
S08624,2024-12-03,ST13,C0112,P016,1,631.77,129.06,502.71,Marketplace
S08625,2024-07-19,ST06,C0279,P070,1,84.34,144.72,-60.38,Online
S08626,2024-11-04,ST14,C0432,P020,1,742.8,218.7,524.1,Mobile App
S08627,2023-07-27,ST03,C0146,P030,2,1314.14,616.1,698.04,Marketplace
S08628,2025-08-25,ST05,C0422,P040,3,1825.09,297.03,1528.06,Retail Store
S08629,2025-06-11,ST12,C0348,P083,1,529.85,166.97,362.88,Retail Store
S08630,2024-11-03,ST03,C0321,P032,3,1037.64,889.05,148.59,Mobile App
S08631,2025-07-25,ST02,C0090,P003,1,606.67,112.02,494.65,Mobile App
S08632,2024-02-28,ST05,C0070,P013,1,257.46,77.84,179.62,Mobile App
S08633,2024-11-07,ST10,C0397,P079,2,1435.9,360.52,1075.38,Online
S08634,2023-11-20,ST11,C0412,P059,1,139.49,245.23,-105.74,Marketplace
S08635,2025-08-22,ST08,C0214,P058,2,1273.82,266.98,1006.84,Marketplace
S08636,2025-08-19,ST05,C0336,P073,4,3285.2,1507.24,1777.96,Retail Store
S08637,2024-07-19,ST12,C0278,P050,3,1578.87,494.61,1084.26,Online
S08638,2023-09-02,ST03,C0263,P083,1,450.37,166.97,283.4,Marketplace
S08639,2025-05-21,ST06,C0010,P012,1,457.21,157.89,299.32,Retail Store
S08640,2024-05-17,ST02,C0376,P027,4,2284.49,812.4,1472.09,Mobile App
S08641,2023-01-27,ST04,C0318,P032,1,345.88,296.35,49.53,Retail Store
S08642,2023-05-30,ST07,C0045,P023,1,200.75,255.0,-54.25,Retail Store
S08643,2023-09-29,ST09,C0335,P028,2,942.07,598.86,343.21,Mobile App
S08644,2025-08-09,ST13,C0096,P026,3,325.08,577.14,-252.06,Mobile App
S08645,2023-10-06,ST10,C0256,P047,1,673.57,118.67,554.9,Marketplace
S08646,2023-10-14,ST08,C0200,P007,4,234.56,1419.2,-1184.64,Mobile App
S08647,2024-08-10,ST07,C0008,P001,3,1801.75,954.75,847.0,Marketplace
S08648,2024-02-15,ST04,C0230,P023,1,212.56,255.0,-42.44,Mobile App
S08649,2025-02-06,ST03,C0351,P087,1,769.64,250.47,519.17,Retail Store
S08650,2023-12-07,ST05,C0410,P054,7,1827.84,1949.08,-121.24,Online
S08651,2023-04-26,ST08,C0193,P084,3,2044.92,1171.74,873.18,Marketplace
S08652,2025-05-13,ST05,C0411,P043,2,1545.88,772.18,773.7,Mobile App
S08653,2025-08-12,ST10,C0043,P025,1,782.79,266.96,515.83,Retail Store
S08654,2024-02-03,ST08,C0195,P079,3,1830.77,540.78,1289.99,Mobile App
S08655,2025-02-20,ST11,C0412,P078,1,95.9,216.55,-120.65,Online
S08656,2023-05-13,ST12,C0261,P052,2,775.04,129.02,646.02,Mobile App
S08657,2023-05-09,ST05,C0121,P083,1,529.85,166.97,362.88,Retail Store
S08658,2025-06-15,ST03,C0006,P068,3,1385.76,1130.97,254.79,Online
S08659,2025-04-24,ST10,C0338,P003,1,606.67,112.02,494.65,Mobile App
S08660,2023-03-02,ST15,C0224,P056,5,3698.78,1392.3,2306.48,Online
S08661,2025-07-05,ST11,C0256,P013,1,287.75,77.84,209.91,Mobile App
S08662,2024-03-28,ST11,C0285,P031,1,113.47,286.24,-172.77,Retail Store
S08663,2024-10-01,ST04,C0448,P062,1,306.26,91.36,214.9,Online
S08664,2023-11-23,ST07,C0432,P015,2,1665.42,278.68,1386.74,Mobile App
S08665,2023-09-03,ST02,C0060,P076,2,1142.26,289.54,852.72,Marketplace
S08666,2023-01-30,ST05,C0271,P012,1,388.63,157.89,230.74,Online
S08667,2023-11-04,ST08,C0087,P027,2,1078.79,406.2,672.59,Online
S08668,2023-08-14,ST09,C0252,P006,3,969.75,116.7,853.05,Retail Store
S08669,2024-01-04,ST07,C0224,P007,1,55.71,354.8,-299.09,Online
S08670,2023-05-08,ST07,C0189,P029,3,763.1,350.91,412.19,Online
S08671,2023-05-08,ST04,C0150,P021,2,823.07,698.1,124.97,Online
S08672,2024-09-10,ST09,C0261,P080,1,137.48,303.66,-166.18,Online
S08673,2023-10-19,ST15,C0028,P034,1,476.3,314.94,161.36,Retail Store
S08674,2023-08-30,ST12,C0051,P016,2,1263.55,258.12,1005.43,Retail Store
S08675,2023-07-27,ST15,C0056,P080,5,768.26,1518.3,-750.04,Mobile App
S08676,2024-03-04,ST15,C0007,P027,4,2157.57,812.4,1345.17,Marketplace
S08677,2024-10-18,ST04,C0135,P045,1,408.54,127.08,281.46,Marketplace
S08678,2025-02-25,ST12,C0120,P041,2,139.72,66.92,72.8,Mobile App
S08679,2025-06-07,ST08,C0254,P082,1,644.4,136.73,507.67,Mobile App
S08680,2024-11-27,ST12,C0435,P005,3,1691.88,842.07,849.81,Retail Store
S08681,2025-06-02,ST06,C0104,P059,1,118.57,245.23,-126.66,Retail Store
S08682,2023-03-07,ST05,C0242,P004,1,339.99,233.76,106.23,Retail Store
S08683,2024-02-07,ST04,C0081,P082,1,644.4,136.73,507.67,Marketplace
S08684,2024-09-23,ST05,C0433,P049,1,550.54,236.79,313.75,Online
S08685,2023-10-04,ST14,C0175,P059,2,237.13,490.46,-253.33,Online
S08686,2024-03-20,ST07,C0388,P006,1,323.25,38.9,284.35,Marketplace
S08687,2025-04-30,ST08,C0041,P054,1,261.12,278.44,-17.32,Marketplace
S08688,2024-02-12,ST05,C0293,P066,4,631.94,376.2,255.74,Mobile App
S08689,2025-04-18,ST15,C0295,P022,1,275.97,225.66,50.31,Retail Store
S08690,2025-02-17,ST13,C0446,P039,1,56.39,373.85,-317.46,Marketplace
S08691,2023-04-13,ST12,C0285,P057,1,581.41,34.16,547.25,Retail Store
S08692,2024-08-31,ST08,C0043,P051,3,2343.18,1149.42,1193.76,Marketplace
S08693,2023-07-24,ST09,C0293,P083,3,1430.6,500.91,929.69,Marketplace
S08694,2024-11-10,ST08,C0206,P026,1,108.36,192.38,-84.02,Marketplace
S08695,2024-04-23,ST02,C0160,P020,1,742.8,218.7,524.1,Online
S08696,2025-04-04,ST05,C0340,P039,2,107.14,747.7,-640.56,Online
S08697,2024-06-26,ST01,C0212,P061,5,1299.46,1982.5,-683.04,Marketplace
S08698,2024-04-20,ST13,C0164,P043,3,2086.94,1158.27,928.67,Online
S08699,2025-01-07,ST10,C0443,P023,2,472.36,510.0,-37.64,Online
S08700,2023-02-16,ST11,C0188,P061,1,288.77,396.5,-107.73,Marketplace
S08701,2024-01-20,ST08,C0315,P061,1,274.33,396.5,-122.17,Marketplace
S08702,2023-03-17,ST05,C0222,P001,2,1342.48,636.5,705.98,Retail Store
S08703,2024-11-09,ST01,C0085,P030,2,1314.14,616.1,698.04,Online
S08704,2023-10-18,ST12,C0364,P063,1,757.65,112.47,645.18,Mobile App
S08705,2024-08-28,ST07,C0230,P068,2,831.46,753.98,77.48,Marketplace
S08706,2024-05-11,ST08,C0059,P002,2,1140.48,395.08,745.4,Retail Store
S08707,2024-05-14,ST03,C0279,P079,1,717.95,180.26,537.69,Online
S08708,2024-01-02,ST13,C0224,P079,1,717.95,180.26,537.69,Retail Store
S08709,2023-12-11,ST15,C0175,P056,1,739.76,278.46,461.3,Marketplace
S08710,2023-11-14,ST09,C0370,P065,1,448.02,143.64,304.38,Online
S08711,2025-03-21,ST13,C0343,P088,2,1673.1,604.28,1068.82,Marketplace
S08712,2023-03-19,ST12,C0230,P046,1,428.31,349.48,78.83,Retail Store
S08713,2025-06-23,ST03,C0270,P014,2,197.6,173.84,23.76,Retail Store
S08714,2023-06-10,ST10,C0172,P086,1,518.92,167.27,351.65,Retail Store
S08715,2025-04-11,ST14,C0421,P041,1,69.86,33.46,36.4,Online
S08716,2024-10-24,ST15,C0424,P048,3,980.57,463.5,517.07,Online
S08717,2023-06-21,ST07,C0397,P033,3,2226.69,880.8,1345.89,Marketplace
S08718,2023-05-16,ST01,C0167,P076,4,2687.68,579.08,2108.6,Mobile App
S08719,2025-07-01,ST13,C0417,P033,1,742.23,293.6,448.63,Online
S08720,2025-06-09,ST15,C0072,P044,1,437.3,212.6,224.7,Mobile App
S08721,2024-05-24,ST10,C0237,P046,1,452.1,349.48,102.62,Marketplace
S08722,2024-06-09,ST11,C0147,P085,2,1373.52,436.48,937.04,Retail Store
S08723,2024-02-26,ST07,C0123,P050,2,1052.58,329.74,722.84,Marketplace
S08724,2023-02-10,ST07,C0302,P020,1,668.52,218.7,449.82,Retail Store
S08725,2025-06-19,ST09,C0427,P057,1,552.34,34.16,518.18,Mobile App
S08726,2025-03-22,ST05,C0447,P081,3,548.96,128.31,420.65,Online
S08727,2024-08-19,ST12,C0387,P080,3,460.96,910.98,-450.02,Mobile App
S08728,2024-01-15,ST08,C0411,P040,2,1216.73,198.02,1018.71,Online
S08729,2025-06-16,ST04,C0122,P033,2,1410.24,587.2,823.04,Mobile App
S08730,2024-08-12,ST15,C0265,P033,2,1410.24,587.2,823.04,Mobile App
S08731,2025-01-10,ST15,C0119,P017,1,440.41,265.06,175.35,Retail Store
S08732,2023-06-20,ST13,C0069,P089,1,566.51,227.16,339.35,Marketplace
S08733,2024-05-02,ST06,C0259,P073,2,1642.6,753.62,888.98,Marketplace
S08734,2023-06-02,ST15,C0245,P086,4,2306.32,669.08,1637.24,Marketplace
S08735,2024-11-04,ST03,C0281,P073,1,698.1,376.81,321.29,Mobile App
S08736,2024-06-02,ST09,C0294,P018,2,1170.88,628.26,542.62,Marketplace
S08737,2023-10-06,ST05,C0128,P010,2,1548.74,580.2,968.54,Online
S08738,2025-05-09,ST10,C0179,P025,1,741.59,266.96,474.63,Online
S08739,2023-11-16,ST14,C0311,P085,2,1373.52,436.48,937.04,Mobile App
S08740,2023-02-13,ST06,C0247,P024,2,1575.08,307.34,1267.74,Marketplace
S08741,2023-03-19,ST05,C0264,P014,2,167.96,173.84,-5.88,Marketplace
S08742,2023-08-03,ST15,C0020,P020,1,742.8,218.7,524.1,Online
S08743,2024-10-18,ST09,C0289,P043,2,1545.88,772.18,773.7,Mobile App
S08744,2025-03-03,ST15,C0433,P056,3,2095.97,835.38,1260.59,Marketplace
S08745,2024-06-09,ST13,C0288,P038,1,417.05,397.37,19.68,Mobile App
S08746,2025-04-23,ST04,C0375,P012,3,1165.89,473.67,692.22,Online
S08747,2024-03-23,ST11,C0348,P006,1,323.25,38.9,284.35,Marketplace
S08748,2025-02-10,ST07,C0283,P023,4,944.72,1020.0,-75.28,Online
S08749,2025-01-04,ST15,C0440,P060,1,420.65,138.25,282.4,Online
S08750,2023-06-13,ST05,C0165,P007,2,105.55,709.6,-604.05,Online
S08751,2024-12-26,ST10,C0289,P077,1,243.53,391.83,-148.3,Retail Store
S08752,2025-06-12,ST10,C0047,P055,2,1450.18,489.62,960.56,Mobile App
S08753,2023-07-22,ST02,C0063,P068,1,461.92,376.99,84.93,Online
S08754,2024-02-25,ST10,C0370,P063,1,717.78,112.47,605.31,Mobile App
S08755,2024-01-07,ST02,C0012,P029,2,565.26,233.94,331.32,Mobile App
S08756,2024-02-29,ST09,C0053,P029,1,240.24,116.97,123.27,Retail Store
S08757,2023-10-13,ST12,C0031,P019,1,120.38,335.58,-215.2,Retail Store
S08758,2025-02-05,ST09,C0326,P069,2,1426.86,320.18,1106.68,Marketplace
S08759,2025-06-23,ST10,C0446,P045,1,367.69,127.08,240.61,Retail Store
S08760,2024-12-29,ST07,C0374,P023,1,236.18,255.0,-18.82,Mobile App
S08761,2024-06-14,ST08,C0109,P083,1,529.85,166.97,362.88,Marketplace
S08762,2023-05-13,ST01,C0161,P060,2,934.78,276.5,658.28,Online
S08763,2025-07-08,ST04,C0218,P075,4,1830.71,358.12,1472.59,Marketplace
S08764,2024-11-14,ST13,C0401,P017,1,492.22,265.06,227.16,Marketplace
S08765,2025-01-26,ST11,C0025,P042,2,485.05,281.96,203.09,Online
S08766,2023-07-01,ST07,C0112,P055,5,3625.45,1224.05,2401.4,Mobile App
S08767,2023-05-21,ST03,C0236,P001,1,671.24,318.25,352.99,Online
S08768,2024-03-26,ST11,C0420,P033,2,1484.46,587.2,897.26,Online
S08769,2024-01-04,ST07,C0046,P034,1,476.3,314.94,161.36,Mobile App
S08770,2023-01-29,ST06,C0387,P013,2,605.8,155.68,450.12,Mobile App
S08771,2023-08-25,ST12,C0114,P030,1,558.51,308.05,250.46,Mobile App
S08772,2023-01-07,ST05,C0247,P038,1,490.65,397.37,93.28,Online
S08773,2025-08-25,ST12,C0323,P072,2,1526.74,470.28,1056.46,Retail Store
S08774,2024-04-15,ST14,C0333,P062,1,275.63,91.36,184.27,Mobile App
S08775,2024-06-29,ST15,C0045,P013,1,257.46,77.84,179.62,Mobile App
S08776,2025-03-19,ST09,C0347,P024,2,1492.18,307.34,1184.84,Marketplace
S08777,2024-03-01,ST03,C0277,P032,1,328.59,296.35,32.24,Marketplace
S08778,2023-03-19,ST06,C0439,P058,3,1910.73,400.47,1510.26,Online
S08779,2024-12-24,ST13,C0316,P004,2,679.98,467.52,212.46,Retail Store
S08780,2024-01-31,ST10,C0057,P057,2,1046.54,68.32,978.22,Retail Store
S08781,2024-10-09,ST08,C0151,P088,1,836.55,302.14,534.41,Mobile App
S08782,2023-08-10,ST08,C0248,P005,1,563.96,280.69,283.27,Mobile App
S08783,2023-08-04,ST03,C0027,P076,2,1276.65,289.54,987.11,Retail Store
S08784,2024-09-12,ST08,C0082,P054,2,522.24,556.88,-34.64,Marketplace
S08785,2023-12-04,ST09,C0197,P007,3,167.12,1064.4,-897.28,Mobile App
S08786,2025-04-26,ST11,C0171,P003,1,576.34,112.02,464.32,Mobile App
S08787,2025-01-06,ST06,C0183,P034,1,560.35,314.94,245.41,Marketplace
S08788,2025-07-19,ST04,C0047,P025,3,2471.97,800.88,1671.09,Online
S08789,2024-11-16,ST14,C0424,P018,3,1756.31,942.39,813.92,Mobile App
S08790,2024-04-12,ST10,C0081,P011,1,655.55,253.22,402.33,Marketplace
S08791,2023-11-29,ST15,C0437,P053,1,209.37,175.88,33.49,Online
S08792,2024-02-18,ST08,C0160,P043,3,2202.88,1158.27,1044.61,Mobile App
S08793,2023-07-07,ST01,C0365,P059,3,355.7,735.69,-379.99,Online
S08794,2024-09-24,ST11,C0352,P012,2,822.98,315.78,507.2,Marketplace
S08795,2025-04-15,ST12,C0065,P054,3,783.36,835.32,-51.96,Marketplace
S08796,2025-04-08,ST13,C0421,P082,2,1432.0,273.46,1158.54,Mobile App
S08797,2024-03-16,ST11,C0036,P065,1,527.08,143.64,383.44,Retail Store
S08798,2024-09-18,ST08,C0415,P024,1,746.09,153.67,592.42,Retail Store
S08799,2025-01-16,ST01,C0245,P004,1,288.99,233.76,55.23,Mobile App
S08800,2023-02-24,ST02,C0382,P059,1,132.52,245.23,-112.71,Marketplace
S08801,2023-11-18,ST09,C0405,P023,1,236.18,255.0,-18.82,Retail Store
S08802,2023-11-27,ST08,C0283,P011,3,1966.64,759.66,1206.98,Marketplace
S08803,2023-12-13,ST12,C0318,P014,1,98.8,86.92,11.88,Retail Store
S08804,2024-07-22,ST06,C0350,P069,1,713.43,160.09,553.34,Retail Store
S08805,2023-08-01,ST11,C0085,P006,1,290.93,38.9,252.03,Mobile App
S08806,2025-07-05,ST02,C0312,P027,2,1205.7,406.2,799.5,Marketplace
S08807,2025-01-24,ST01,C0399,P045,1,347.26,127.08,220.18,Marketplace
S08808,2023-08-03,ST10,C0234,P008,1,623.35,380.57,242.78,Marketplace
S08809,2024-09-10,ST09,C0343,P040,2,1284.32,198.02,1086.3,Mobile App
S08810,2025-03-13,ST01,C0448,P044,2,874.6,425.2,449.4,Marketplace
S08811,2023-06-15,ST08,C0393,P006,3,921.26,116.7,804.56,Online
S08812,2023-12-02,ST10,C0341,P038,1,466.12,397.37,68.75,Marketplace
S08813,2025-06-18,ST08,C0078,P067,1,576.94,303.9,273.04,Marketplace
S08814,2024-03-12,ST06,C0134,P047,2,1418.04,237.34,1180.7,Online
S08815,2025-06-05,ST10,C0234,P005,3,1691.88,842.07,849.81,Marketplace
S08816,2023-10-31,ST14,C0051,P045,1,408.54,127.08,281.46,Marketplace
S08817,2023-06-08,ST12,C0293,P087,2,1308.39,500.94,807.45,Mobile App
S08818,2023-09-05,ST12,C0172,P067,3,1826.99,911.7,915.29,Mobile App
S08819,2025-01-12,ST03,C0344,P056,1,780.85,278.46,502.39,Mobile App
S08820,2025-08-02,ST14,C0421,P056,1,821.95,278.46,543.49,Mobile App
S08821,2023-11-19,ST06,C0165,P056,4,2794.63,1113.84,1680.79,Online
S08822,2023-11-25,ST01,C0111,P037,1,801.41,385.8,415.61,Online
S08823,2025-06-02,ST12,C0320,P002,2,1026.43,395.08,631.35,Marketplace
S08824,2024-05-22,ST14,C0123,P032,1,311.29,296.35,14.94,Online
S08825,2024-12-07,ST09,C0268,P025,1,741.59,266.96,474.63,Online
S08826,2024-11-12,ST02,C0056,P011,2,1465.34,506.44,958.9,Mobile App
S08827,2023-08-05,ST02,C0309,P054,3,744.19,835.32,-91.13,Online
S08828,2024-07-17,ST05,C0134,P039,1,53.57,373.85,-320.28,Marketplace
S08829,2024-03-13,ST13,C0355,P003,1,606.67,112.02,494.65,Online
S08830,2025-06-09,ST04,C0254,P087,5,3848.2,1252.35,2595.85,Mobile App
S08831,2024-03-21,ST03,C0082,P019,1,114.36,335.58,-221.22,Online
S08832,2023-02-07,ST09,C0156,P031,1,126.08,286.24,-160.16,Online
S08833,2023-04-12,ST11,C0013,P043,2,1468.59,772.18,696.41,Marketplace
S08834,2024-02-09,ST09,C0377,P085,2,1615.9,436.48,1179.42,Marketplace
S08835,2025-08-02,ST14,C0099,P084,4,3207.72,1562.32,1645.4,Online
S08836,2024-06-06,ST01,C0236,P007,1,52.78,354.8,-302.02,Marketplace
S08837,2025-07-17,ST11,C0025,P024,1,828.99,153.67,675.32,Retail Store
S08838,2023-12-16,ST02,C0282,P059,3,376.62,735.69,-359.07,Retail Store
S08839,2024-07-22,ST13,C0344,P011,1,771.23,253.22,518.01,Mobile App
S08840,2024-09-12,ST08,C0112,P072,2,1607.1,470.28,1136.82,Online
S08841,2025-04-20,ST03,C0161,P074,2,348.22,700.02,-351.8,Online
S08842,2024-01-24,ST02,C0329,P023,1,224.37,255.0,-30.63,Online
S08843,2024-09-19,ST07,C0142,P011,1,732.67,253.22,479.45,Mobile App
S08844,2023-08-15,ST07,C0093,P068,1,415.73,376.99,38.74,Online
S08845,2024-01-16,ST05,C0305,P077,1,257.86,391.83,-133.97,Retail Store
S08846,2025-02-04,ST04,C0034,P029,1,282.63,116.97,165.66,Online
S08847,2025-04-30,ST15,C0111,P082,2,1217.2,273.46,943.74,Online
S08848,2024-01-05,ST10,C0010,P035,2,1401.57,545.38,856.19,Mobile App
S08849,2023-01-10,ST04,C0130,P015,2,1665.42,278.68,1386.74,Marketplace
S08850,2025-07-26,ST10,C0434,P034,1,560.35,314.94,245.41,Online
S08851,2023-09-29,ST01,C0143,P038,1,466.12,397.37,68.75,Marketplace
S08852,2024-10-15,ST02,C0132,P026,1,92.11,192.38,-100.27,Marketplace
S08853,2025-05-23,ST09,C0380,P076,1,604.73,144.77,459.96,Marketplace
S08854,2024-12-26,ST04,C0222,P064,1,272.38,130.54,141.84,Mobile App
S08855,2024-02-24,ST09,C0091,P048,1,344.06,154.5,189.56,Mobile App
S08856,2024-12-26,ST05,C0444,P057,5,2907.05,170.8,2736.25,Online
S08857,2023-07-21,ST07,C0230,P040,1,574.57,99.01,475.56,Marketplace
S08858,2024-11-23,ST15,C0331,P009,1,449.22,283.05,166.17,Retail Store
S08859,2024-08-29,ST01,C0294,P048,1,309.65,154.5,155.15,Marketplace
S08860,2023-03-10,ST10,C0406,P018,1,654.31,314.13,340.18,Marketplace
S08861,2024-11-02,ST08,C0222,P032,3,933.88,889.05,44.83,Online
S08862,2023-10-03,ST03,C0436,P059,3,418.47,735.69,-317.22,Online
S08863,2024-08-09,ST14,C0349,P053,1,209.37,175.88,33.49,Marketplace
S08864,2023-12-09,ST01,C0110,P067,4,2179.57,1215.6,963.97,Mobile App
S08865,2024-03-28,ST08,C0193,P003,3,1820.01,336.06,1483.95,Retail Store
S08866,2024-11-01,ST02,C0025,P075,2,1017.06,179.06,838.0,Retail Store
S08867,2023-01-29,ST04,C0364,P026,3,292.57,577.14,-284.57,Mobile App
S08868,2024-10-03,ST10,C0299,P025,1,823.99,266.96,557.03,Mobile App
S08869,2024-02-16,ST15,C0113,P066,2,351.08,188.1,162.98,Online
S08870,2023-06-07,ST01,C0051,P084,1,681.64,390.58,291.06,Marketplace
S08871,2024-10-21,ST01,C0226,P067,1,609.0,303.9,305.1,Mobile App
S08872,2023-09-12,ST06,C0324,P069,3,2033.28,480.27,1553.01,Marketplace
S08873,2023-11-01,ST14,C0203,P086,1,576.58,167.27,409.31,Online
S08874,2025-03-28,ST08,C0273,P026,1,102.94,192.38,-89.44,Marketplace
S08875,2024-10-21,ST10,C0399,P078,2,201.9,433.1,-231.2,Online
S08876,2023-09-29,ST14,C0399,P004,1,339.99,233.76,106.23,Retail Store
S08877,2023-06-05,ST05,C0267,P048,1,344.06,154.5,189.56,Mobile App
S08878,2023-09-25,ST14,C0034,P053,1,209.37,175.88,33.49,Online
S08879,2024-04-20,ST09,C0114,P077,1,286.51,391.83,-105.32,Retail Store
S08880,2023-01-24,ST10,C0162,P010,1,774.37,290.1,484.27,Mobile App
S08881,2024-06-24,ST13,C0019,P061,3,866.31,1189.5,-323.19,Mobile App
S08882,2023-11-11,ST01,C0270,P076,2,1209.46,289.54,919.92,Online
S08883,2023-02-27,ST15,C0175,P068,3,1316.47,1130.97,185.5,Marketplace
S08884,2023-05-06,ST10,C0391,P067,1,609.0,303.9,305.1,Retail Store
S08885,2024-11-30,ST10,C0446,P004,3,917.97,701.28,216.69,Marketplace
S08886,2023-08-08,ST10,C0440,P018,1,619.88,314.13,305.75,Retail Store
S08887,2025-07-18,ST12,C0006,P030,1,591.36,308.05,283.31,Marketplace
S08888,2024-07-14,ST12,C0239,P054,1,221.95,278.44,-56.49,Retail Store
S08889,2023-01-29,ST14,C0393,P023,2,425.12,510.0,-84.88,Marketplace
S08890,2023-04-25,ST10,C0436,P045,1,347.26,127.08,220.18,Online
S08891,2024-12-02,ST03,C0441,P087,1,654.19,250.47,403.72,Marketplace
S08892,2024-05-05,ST07,C0041,P081,1,215.28,42.77,172.51,Marketplace
S08893,2023-03-30,ST09,C0199,P058,1,573.22,133.49,439.73,Mobile App
S08894,2025-01-08,ST15,C0343,P087,4,2924.63,1001.88,1922.75,Marketplace
S08895,2023-05-20,ST10,C0076,P053,1,187.33,175.88,11.45,Retail Store
S08896,2023-08-06,ST06,C0049,P066,1,149.21,94.05,55.16,Online
S08897,2023-12-13,ST10,C0424,P049,4,2590.76,947.16,1643.6,Mobile App
S08898,2024-06-18,ST15,C0308,P028,2,1108.32,598.86,509.46,Mobile App
S08899,2023-02-21,ST02,C0153,P076,1,671.92,144.77,527.15,Retail Store
S08900,2025-05-17,ST11,C0106,P068,3,1247.18,1130.97,116.21,Marketplace
S08901,2024-06-17,ST06,C0164,P058,1,573.22,133.49,439.73,Online
S08902,2025-08-29,ST13,C0290,P086,2,1037.84,334.54,703.3,Online
S08903,2023-02-07,ST15,C0011,P031,4,428.67,1144.96,-716.29,Online
S08904,2024-10-17,ST04,C0184,P029,1,282.63,116.97,165.66,Marketplace
S08905,2025-07-10,ST01,C0406,P014,1,83.98,86.92,-2.94,Retail Store
S08906,2023-12-23,ST15,C0355,P081,4,775.01,171.08,603.93,Mobile App
S08907,2023-08-01,ST04,C0111,P086,1,518.92,167.27,351.65,Online
S08908,2024-03-20,ST10,C0367,P065,1,448.02,143.64,304.38,Online
S08909,2025-03-26,ST09,C0333,P001,1,706.57,318.25,388.32,Marketplace
S08910,2023-07-12,ST05,C0432,P054,2,522.24,556.88,-34.64,Online
S08911,2024-01-28,ST09,C0241,P064,1,286.72,130.54,156.18,Mobile App
S08912,2023-01-21,ST12,C0234,P085,1,767.55,218.24,549.31,Online
S08913,2024-09-10,ST14,C0291,P008,4,2354.87,1522.28,832.59,Mobile App
S08914,2024-03-13,ST15,C0083,P081,1,215.28,42.77,172.51,Online
S08915,2023-06-11,ST01,C0313,P064,3,860.16,391.62,468.54,Online
S08916,2025-01-16,ST13,C0295,P017,3,1398.95,795.18,603.77,Retail Store
S08917,2023-03-10,ST02,C0166,P019,2,240.76,671.16,-430.4,Online
S08918,2023-11-07,ST08,C0209,P010,1,774.37,290.1,484.27,Marketplace
S08919,2024-01-06,ST09,C0379,P016,1,596.67,129.06,467.61,Retail Store
S08920,2024-08-14,ST09,C0334,P061,1,259.89,396.5,-136.61,Marketplace
S08921,2024-10-04,ST15,C0298,P014,2,167.96,173.84,-5.88,Mobile App
S08922,2023-12-25,ST14,C0276,P070,2,178.6,289.44,-110.84,Marketplace
S08923,2024-11-09,ST15,C0192,P010,4,2942.61,1160.4,1782.21,Mobile App
S08924,2024-07-19,ST06,C0020,P046,3,1213.54,1048.44,165.1,Mobile App
S08925,2025-05-23,ST01,C0385,P041,1,69.86,33.46,36.4,Marketplace
S08926,2023-12-10,ST08,C0163,P056,2,1397.32,556.92,840.4,Mobile App
S08927,2024-04-26,ST07,C0310,P082,1,608.6,136.73,471.87,Marketplace
S08928,2024-07-07,ST04,C0325,P075,1,457.68,89.53,368.15,Marketplace
S08929,2024-08-18,ST08,C0261,P022,3,827.91,676.98,150.93,Marketplace
S08930,2023-12-27,ST05,C0196,P035,5,4122.25,1363.45,2758.8,Retail Store
S08931,2023-12-24,ST12,C0041,P064,1,243.71,130.54,113.17,Mobile App
S08932,2025-05-16,ST07,C0171,P001,1,635.91,318.25,317.66,Marketplace
S08933,2023-11-12,ST13,C0436,P034,2,1008.63,629.88,378.75,Marketplace
S08934,2024-09-23,ST10,C0396,P009,2,808.6,566.1,242.5,Retail Store
S08935,2024-10-31,ST04,C0036,P041,1,69.86,33.46,36.4,Mobile App
S08936,2024-01-12,ST05,C0430,P079,2,1292.31,360.52,931.79,Marketplace
S08937,2024-07-01,ST11,C0208,P048,1,344.06,154.5,189.56,Mobile App
S08938,2024-09-06,ST14,C0074,P043,1,657.0,386.09,270.91,Marketplace
S08939,2024-03-07,ST11,C0096,P042,1,229.05,140.98,88.07,Marketplace
S08940,2023-10-20,ST05,C0248,P066,2,315.97,188.1,127.87,Online
S08941,2023-12-21,ST07,C0421,P020,2,1411.32,437.4,973.92,Online
S08942,2025-05-16,ST05,C0119,P046,1,428.31,349.48,78.83,Retail Store
S08943,2025-03-28,ST11,C0247,P031,3,321.5,858.72,-537.22,Retail Store
S08944,2025-05-23,ST02,C0165,P083,1,529.85,166.97,362.88,Online
S08945,2024-06-28,ST04,C0206,P040,1,642.16,99.01,543.15,Online
S08946,2024-08-30,ST12,C0130,P013,3,817.83,233.52,584.31,Retail Store
S08947,2025-07-05,ST03,C0145,P088,1,794.72,302.14,492.58,Online
S08948,2024-11-02,ST14,C0245,P011,1,655.55,253.22,402.33,Retail Store
S08949,2023-05-08,ST04,C0056,P001,1,706.57,318.25,388.32,Retail Store
S08950,2025-04-10,ST02,C0311,P047,1,709.02,118.67,590.35,Marketplace
S08951,2025-05-22,ST05,C0279,P054,1,248.06,278.44,-30.38,Retail Store
S08952,2023-05-20,ST10,C0228,P016,4,2807.88,516.24,2291.64,Marketplace
S08953,2025-06-26,ST03,C0018,P017,3,1321.23,795.18,526.05,Online
S08954,2025-07-05,ST15,C0439,P063,2,1515.31,224.94,1290.37,Marketplace
S08955,2025-05-20,ST05,C0065,P006,1,307.09,38.9,268.19,Retail Store
S08956,2025-01-22,ST09,C0323,P030,1,558.51,308.05,250.46,Mobile App
S08957,2024-09-19,ST08,C0023,P024,2,1409.28,307.34,1101.94,Retail Store
S08958,2024-05-02,ST12,C0215,P017,1,492.22,265.06,227.16,Online
S08959,2025-01-23,ST08,C0188,P026,1,108.36,192.38,-84.02,Mobile App
S08960,2023-03-14,ST10,C0287,P013,1,302.9,77.84,225.06,Mobile App
S08961,2024-09-24,ST10,C0396,P060,6,2804.34,829.5,1974.84,Online
S08962,2023-04-04,ST10,C0381,P016,5,3509.85,645.3,2864.55,Marketplace
S08963,2023-03-07,ST01,C0302,P024,1,746.09,153.67,592.42,Retail Store
S08964,2024-09-04,ST09,C0412,P048,1,344.06,154.5,189.56,Retail Store
S08965,2023-06-29,ST07,C0015,P085,4,3070.21,872.96,2197.25,Retail Store
S08966,2023-10-19,ST12,C0189,P071,1,122.39,253.92,-131.53,Retail Store
S08967,2025-06-02,ST04,C0415,P088,1,836.55,302.14,534.41,Online
S08968,2024-04-23,ST04,C0093,P006,2,581.85,77.8,504.05,Marketplace
S08969,2024-11-22,ST02,C0003,P032,2,657.17,592.7,64.47,Online
S08970,2023-11-08,ST02,C0323,P010,2,1393.87,580.2,813.67,Marketplace
S08971,2023-02-28,ST12,C0138,P028,1,471.04,299.43,171.61,Mobile App
S08972,2023-07-18,ST05,C0170,P080,2,323.48,607.32,-283.84,Retail Store
S08973,2025-02-07,ST06,C0053,P063,2,1595.06,224.94,1370.12,Mobile App
S08974,2024-10-08,ST06,C0006,P009,1,449.22,283.05,166.17,Mobile App
S08975,2024-04-05,ST05,C0329,P057,4,2209.36,136.64,2072.72,Retail Store
S08976,2024-01-11,ST12,C0234,P001,2,1342.48,636.5,705.98,Retail Store
S08977,2024-08-29,ST14,C0337,P073,3,2463.9,1130.43,1333.47,Retail Store
S08978,2023-09-13,ST09,C0428,P053,1,198.35,175.88,22.47,Retail Store
S08979,2023-07-17,ST03,C0191,P058,1,573.22,133.49,439.73,Marketplace
S08980,2024-05-14,ST07,C0323,P082,2,1432.0,273.46,1158.54,Retail Store
S08981,2025-01-23,ST01,C0290,P008,7,4848.27,2663.99,2184.28,Online
S08982,2023-05-18,ST09,C0218,P050,2,1052.58,329.74,722.84,Online
S08983,2025-07-14,ST05,C0387,P061,1,259.89,396.5,-136.61,Mobile App
S08984,2023-07-03,ST14,C0294,P038,1,490.65,397.37,93.28,Marketplace
S08985,2024-12-10,ST08,C0075,P055,1,688.84,244.81,444.03,Marketplace
S08986,2024-10-26,ST15,C0364,P013,2,514.93,155.68,359.25,Online
S08987,2023-08-24,ST15,C0130,P067,1,609.0,303.9,305.1,Marketplace
S08988,2024-12-04,ST13,C0242,P031,1,113.47,286.24,-172.77,Marketplace
S08989,2023-03-31,ST13,C0273,P070,1,89.3,144.72,-55.42,Online
S08990,2023-06-13,ST02,C0062,P080,7,1132.18,2125.62,-993.44,Retail Store
S08991,2025-08-23,ST14,C0416,P033,2,1410.24,587.2,823.04,Marketplace
S08992,2025-05-04,ST03,C0189,P059,1,139.49,245.23,-105.74,Mobile App
S08993,2023-10-06,ST15,C0337,P060,1,444.02,138.25,305.77,Marketplace
S08994,2024-12-17,ST03,C0120,P007,4,222.83,1419.2,-1196.37,Online
S08995,2023-06-18,ST12,C0145,P055,1,688.84,244.81,444.03,Marketplace
S08996,2023-07-14,ST07,C0439,P083,1,450.37,166.97,283.4,Marketplace
S08997,2025-01-22,ST07,C0246,P036,2,1327.38,714.18,613.2,Online
S08998,2023-08-16,ST15,C0070,P051,1,739.95,383.14,356.81,Mobile App
S08999,2024-09-18,ST13,C0420,P011,1,732.67,253.22,479.45,Retail Store
S09000,2025-02-11,ST07,C0133,P023,1,212.56,255.0,-42.44,Marketplace
