SalesID,OrderDate,StoreID,CustomerID,ProductID,Quantity,UnitPrice,Discount,SalesAmount,CostAmount,Profit,Channel
SAL00001,2022-07-07,STR03,CUS0060,PRD015,3,339.66,0.0,1018.98,550.95,468.03,Store
SAL00002,2025-04-20,STR12,CUS0045,PRD080,1,390.71,0.15,332.1,178.69,153.41,Store
SAL00003,2022-02-01,STR04,CUS0043,PRD065,1,361.03,0.0,361.03,256.52,104.51,Store
SAL00004,2023-07-19,STR09,CUS0157,PRD038,1,588.04,0.0,588.04,383.18,204.86,Store
SAL00005,2022-07-14,STR10,CUS0270,PRD080,3,390.71,0.0,1172.13,536.07,636.06,App
SAL00006,2024-05-16,STR12,CUS0271,PRD070,2,326.09,0.0,652.18,441.64,210.54,App
SAL00007,2022-10-26,STR05,CUS0212,PRD049,1,535.39,0.2,428.31,243.87,184.44,Online
SAL00008,2025-03-08,STR02,CUS0097,PRD021,1,732.57,0.2,586.06,388.69,197.37,App
SAL00009,2023-05-24,STR10,CUS0295,PRD014,1,469.29,0.0,469.29,320.0,149.29,App
SAL00010,2025-03-14,STR11,CUS0036,PRD020,1,144.97,0.0,144.97,76.2,68.77,Store
SAL00011,2024-12-23,STR09,CUS0201,PRD042,1,213.13,0.15,181.16,102.36,78.8,App
SAL00012,2022-05-29,STR08,CUS0049,PRD027,1,167.97,0.0,167.97,84.52,83.45,Store
SAL00013,2022-08-13,STR08,CUS0205,PRD056,2,434.96,0.0,869.92,522.28,347.64,Online
SAL00014,2022-05-26,STR02,CUS0248,PRD009,2,337.72,0.0,675.44,455.98,219.46,App
SAL00015,2022-05-15,STR10,CUS0281,PRD028,1,167.14,0.0,167.14,81.77,85.37,App
SAL00016,2025-06-17,STR08,CUS0260,PRD015,1,339.66,0.0,339.66,183.65,156.01,Store
SAL00017,2023-04-18,STR02,CUS0016,PRD042,4,213.13,0.0,852.52,409.44,443.08,App
SAL00018,2024-03-24,STR01,CUS0082,PRD027,2,167.97,0.2,268.75,169.04,99.71,Store
SAL00019,2022-06-06,STR10,CUS0135,PRD035,1,285.91,0.0,285.91,147.39,138.52,Online
SAL00020,2025-05-05,STR02,CUS0253,PRD004,2,277.55,0.0,555.1,262.38,292.72,App
SAL00021,2025-05-01,STR06,CUS0201,PRD061,1,60.41,0.0,60.41,31.04,29.37,App
SAL00022,2025-03-29,STR06,CUS0233,PRD064,1,508.25,0.2,406.6,292.5,114.1,App
SAL00023,2024-03-10,STR12,CUS0184,PRD020,6,144.97,0.2,695.86,457.2,238.66,App
SAL00024,2022-08-24,STR04,CUS0078,PRD059,1,494.95,0.0,494.95,285.33,209.62,Online
SAL00025,2023-12-03,STR07,CUS0061,PRD027,1,167.97,0.0,167.97,84.52,83.45,Store
SAL00026,2024-03-03,STR12,CUS0258,PRD064,1,508.25,0.0,508.25,292.5,215.75,Store
SAL00027,2024-06-17,STR12,CUS0162,PRD008,2,439.89,0.2,703.82,513.14,190.68,Online
SAL00028,2022-07-18,STR10,CUS0097,PRD004,1,277.55,0.1,249.8,131.19,118.61,Online
SAL00029,2024-06-01,STR07,CUS0031,PRD027,1,167.97,0.05,159.57,84.52,75.05,Online
SAL00030,2023-02-03,STR06,CUS0007,PRD003,1,460.37,0.1,414.33,234.76,179.57,App
SAL00031,2024-12-16,STR10,CUS0207,PRD036,2,638.05,0.2,1020.88,630.48,390.4,Online
SAL00032,2023-04-06,STR12,CUS0126,PRD051,1,428.0,0.0,428.0,224.16,203.84,Store
SAL00033,2022-05-18,STR01,CUS0237,PRD028,4,167.14,0.0,668.56,327.08,341.48,Online
SAL00034,2025-04-26,STR09,CUS0163,PRD014,1,469.29,0.2,375.43,320.0,55.43,Store
SAL00035,2024-05-24,STR08,CUS0297,PRD004,2,277.55,0.2,444.08,262.38,181.7,Store
SAL00036,2025-05-18,STR09,CUS0025,PRD036,1,638.05,0.05,606.15,315.24,290.91,Store
SAL00037,2024-12-07,STR04,CUS0094,PRD032,1,570.78,0.0,570.78,326.53,244.25,Store
SAL00038,2024-07-29,STR06,CUS0208,PRD004,3,277.55,0.1,749.39,393.57,355.82,Online
SAL00039,2022-04-11,STR12,CUS0147,PRD038,1,588.04,0.1,529.24,383.18,146.06,App
SAL00040,2022-01-03,STR04,CUS0283,PRD068,4,193.87,0.1,697.93,545.36,152.57,App
SAL00041,2025-05-18,STR08,CUS0125,PRD022,2,447.25,0.0,894.5,631.36,263.14,App
SAL00042,2022-07-16,STR08,CUS0296,PRD001,1,769.25,0.0,769.25,373.76,395.49,Store
SAL00043,2024-05-17,STR09,CUS0167,PRD068,1,193.87,0.2,155.1,136.34,18.76,App
SAL00044,2023-02-28,STR09,CUS0192,PRD019,1,404.77,0.0,404.77,279.33,125.44,App
SAL00045,2023-06-01,STR06,CUS0183,PRD036,2,638.05,0.2,1020.88,630.48,390.4,Store
SAL00046,2024-08-11,STR10,CUS0059,PRD028,2,167.14,0.05,317.57,163.54,154.03,Store
SAL00047,2024-11-04,STR09,CUS0160,PRD028,1,167.14,0.2,133.71,81.77,51.94,Store
SAL00048,2023-09-25,STR08,CUS0220,PRD031,1,607.09,0.1,546.38,311.8,234.58,App
SAL00049,2022-03-30,STR12,CUS0281,PRD027,5,167.97,0.05,797.86,422.6,375.26,Store
SAL00050,2024-02-03,STR11,CUS0289,PRD051,4,428.0,0.0,1712.0,896.64,815.36,Store
SAL00051,2025-06-22,STR01,CUS0273,PRD031,1,607.09,0.0,607.09,311.8,295.29,Online
SAL00052,2023-01-04,STR05,CUS0211,PRD031,1,607.09,0.05,576.74,311.8,264.94,Online
SAL00053,2022-04-30,STR07,CUS0160,PRD067,2,338.84,0.05,643.8,382.56,261.24,Online
SAL00054,2025-08-08,STR12,CUS0221,PRD067,2,338.84,0.05,643.8,382.56,261.24,App
SAL00055,2022-08-29,STR07,CUS0051,PRD035,1,285.91,0.0,285.91,147.39,138.52,Online
SAL00056,2023-05-24,STR01,CUS0067,PRD012,2,580.87,0.05,1103.65,774.02,329.63,Store
SAL00057,2023-02-27,STR06,CUS0235,PRD014,2,469.29,0.0,938.58,640.0,298.58,Store
SAL00058,2023-07-15,STR08,CUS0227,PRD074,3,778.55,0.05,2218.87,1128.36,1090.51,Store
SAL00059,2024-07-05,STR06,CUS0134,PRD016,1,565.24,0.1,508.72,261.92,246.8,Online
SAL00060,2023-07-02,STR02,CUS0263,PRD001,1,769.25,0.0,769.25,373.76,395.49,App
SAL00061,2024-11-15,STR02,CUS0130,PRD035,2,285.91,0.0,571.82,294.78,277.04,Online
SAL00062,2023-03-17,STR02,CUS0279,PRD023,2,336.46,0.15,571.98,449.44,122.54,Online
SAL00063,2024-11-26,STR02,CUS0195,PRD028,1,167.14,0.0,167.14,81.77,85.37,Online
SAL00064,2024-05-14,STR02,CUS0196,PRD069,2,393.75,0.0,787.5,422.46,365.04,Online
SAL00065,2022-11-22,STR04,CUS0016,PRD050,2,289.93,0.05,550.87,405.08,145.79,Store
SAL00066,2023-07-08,STR10,CUS0265,PRD012,2,580.87,0.0,1161.74,774.02,387.72,Online
SAL00067,2023-10-20,STR06,CUS0171,PRD003,2,460.37,0.0,920.74,469.52,451.22,App
SAL00068,2023-12-07,STR06,CUS0195,PRD035,2,285.91,0.0,571.82,294.78,277.04,Store
SAL00069,2023-12-05,STR04,CUS0257,PRD051,1,428.0,0.05,406.6,224.16,182.44,App
SAL00070,2024-12-21,STR08,CUS0119,PRD033,2,82.66,0.05,157.05,115.04,42.01,Store
SAL00071,2023-05-24,STR04,CUS0014,PRD035,1,285.91,0.0,285.91,147.39,138.52,App
SAL00072,2024-02-08,STR05,CUS0162,PRD035,1,285.91,0.0,285.91,147.39,138.52,App
SAL00073,2023-07-12,STR07,CUS0211,PRD046,3,533.74,0.0,1601.22,1047.75,553.47,Store
SAL00074,2024-02-03,STR02,CUS0004,PRD030,1,396.17,0.0,396.17,240.04,156.13,App
SAL00075,2024-07-05,STR03,CUS0071,PRD053,3,139.83,0.05,398.52,238.44,160.08,Store
SAL00076,2024-09-16,STR07,CUS0268,PRD029,3,318.8,0.2,765.12,512.4,252.72,App
SAL00077,2024-07-18,STR11,CUS0137,PRD061,1,60.41,0.0,60.41,31.04,29.37,App
SAL00078,2022-11-07,STR12,CUS0228,PRD013,3,332.19,0.2,797.26,455.49,341.77,Store
SAL00079,2022-01-04,STR04,CUS0272,PRD050,3,289.93,0.1,782.81,607.62,175.19,Online
SAL00080,2025-08-06,STR06,CUS0298,PRD008,2,439.89,0.2,703.82,513.14,190.68,App
SAL00081,2022-01-23,STR10,CUS0011,PRD058,1,428.07,0.0,428.07,284.8,143.27,Online
SAL00082,2024-01-09,STR02,CUS0294,PRD004,2,277.55,0.05,527.35,262.38,264.97,App
SAL00083,2025-06-19,STR09,CUS0017,PRD047,1,470.23,0.0,470.23,300.2,170.03,Store
SAL00084,2025-05-02,STR12,CUS0211,PRD025,1,395.29,0.2,316.23,254.79,61.44,Online
SAL00085,2022-03-20,STR05,CUS0124,PRD003,1,460.37,0.2,368.3,234.76,133.54,App
SAL00086,2023-04-07,STR05,CUS0288,PRD033,3,82.66,0.0,247.98,172.56,75.42,App
SAL00087,2025-01-27,STR01,CUS0238,PRD061,1,60.41,0.0,60.41,31.04,29.37,App
SAL00088,2025-02-19,STR08,CUS0089,PRD054,2,167.08,0.1,300.74,161.92,138.82,Online
SAL00089,2024-12-18,STR12,CUS0172,PRD074,3,778.55,0.0,2335.65,1128.36,1207.29,Online
SAL00090,2023-01-25,STR05,CUS0182,PRD024,1,582.46,0.0,582.46,336.53,245.93,App
SAL00091,2022-07-10,STR10,CUS0220,PRD050,2,289.93,0.0,579.86,405.08,174.78,Online
SAL00092,2025-02-02,STR12,CUS0044,PRD018,4,703.6,0.2,2251.52,1351.68,899.84,App
SAL00093,2025-07-08,STR07,CUS0182,PRD061,1,60.41,0.0,60.41,31.04,29.37,Online
SAL00094,2025-04-21,STR09,CUS0087,PRD044,2,125.25,0.0,250.5,114.38,136.12,Store
SAL00095,2022-11-17,STR12,CUS0213,PRD015,1,339.66,0.15,288.71,183.65,105.06,Store
SAL00096,2024-12-30,STR05,CUS0105,PRD058,4,428.07,0.0,1712.28,1139.2,573.08,Online
SAL00097,2022-03-15,STR12,CUS0146,PRD075,5,453.11,0.2,1812.44,1348.65,463.79,Online
SAL00098,2022-07-02,STR04,CUS0095,PRD075,2,453.11,0.0,906.22,539.46,366.76,App
SAL00099,2025-06-25,STR12,CUS0210,PRD016,1,565.24,0.0,565.24,261.92,303.32,App
SAL00100,2024-07-19,STR07,CUS0084,PRD030,4,396.17,0.0,1584.68,960.16,624.52,App
SAL00101,2023-05-15,STR12,CUS0250,PRD066,2,180.08,0.0,360.16,248.14,112.02,App
SAL00102,2022-02-04,STR02,CUS0028,PRD006,4,365.95,0.05,1390.61,827.0,563.61,Store
SAL00103,2025-06-29,STR02,CUS0285,PRD060,1,118.37,0.0,118.37,77.73,40.64,App
SAL00104,2023-05-07,STR11,CUS0146,PRD080,5,390.71,0.15,1660.52,893.45,767.07,Online
SAL00105,2024-07-16,STR02,CUS0208,PRD058,5,428.07,0.15,1819.3,1424.0,395.3,App
SAL00106,2024-05-26,STR05,CUS0021,PRD031,1,607.09,0.2,485.67,311.8,173.87,App
SAL00107,2022-04-08,STR05,CUS0287,PRD039,1,267.3,0.0,267.3,176.25,91.05,App
SAL00108,2025-01-12,STR11,CUS0089,PRD037,2,72.87,0.15,123.88,98.58,25.3,App
SAL00109,2025-02-24,STR12,CUS0161,PRD032,1,570.78,0.0,570.78,326.53,244.25,Store
SAL00110,2022-02-09,STR11,CUS0104,PRD070,1,326.09,0.0,326.09,220.82,105.27,Online
SAL00111,2023-04-28,STR08,CUS0274,PRD022,2,447.25,0.15,760.32,631.36,128.96,Online
SAL00112,2022-04-15,STR10,CUS0252,PRD052,2,660.22,0.1,1188.4,786.38,402.02,Store
SAL00113,2022-04-12,STR03,CUS0025,PRD027,1,167.97,0.05,159.57,84.52,75.05,Online
SAL00114,2024-01-23,STR11,CUS0141,PRD049,1,535.39,0.05,508.62,243.87,264.75,App
SAL00115,2024-12-11,STR02,CUS0050,PRD061,2,60.41,0.0,120.82,62.08,58.74,App
SAL00116,2022-07-17,STR12,CUS0067,PRD072,3,499.84,0.15,1274.59,901.2,373.39,Store
SAL00117,2022-08-30,STR01,CUS0240,PRD068,2,193.87,0.15,329.58,272.68,56.9,App
SAL00118,2024-09-09,STR02,CUS0143,PRD077,1,517.67,0.15,440.02,306.08,133.94,Store
SAL00119,2024-09-15,STR02,CUS0296,PRD063,1,447.14,0.0,447.14,313.98,133.16,Online
SAL00120,2024-07-12,STR05,CUS0039,PRD016,4,565.24,0.05,2147.91,1047.68,1100.23,Online
SAL00121,2023-01-31,STR12,CUS0196,PRD033,1,82.66,0.15,70.26,57.52,12.74,Store
SAL00122,2023-06-29,STR09,CUS0299,PRD014,1,469.29,0.0,469.29,320.0,149.29,Store
SAL00123,2023-03-22,STR06,CUS0235,PRD074,2,778.55,0.2,1245.68,752.24,493.44,Online
SAL00124,2024-10-30,STR08,CUS0155,PRD023,4,336.46,0.0,1345.84,898.88,446.96,App
SAL00125,2024-07-08,STR11,CUS0280,PRD067,1,338.84,0.2,271.07,191.28,79.79,Online
SAL00126,2023-01-15,STR08,CUS0124,PRD024,1,582.46,0.15,495.09,336.53,158.56,App
SAL00127,2022-07-26,STR09,CUS0150,PRD062,1,210.83,0.15,179.21,103.07,76.14,App
SAL00128,2025-03-10,STR01,CUS0235,PRD064,1,508.25,0.0,508.25,292.5,215.75,Online
SAL00129,2022-02-12,STR02,CUS0287,PRD072,1,499.84,0.15,424.86,300.4,124.46,Store
SAL00130,2024-09-19,STR03,CUS0125,PRD044,3,125.25,0.0,375.75,171.57,204.18,Store
SAL00131,2023-10-28,STR11,CUS0045,PRD021,2,732.57,0.15,1245.37,777.38,467.99,App
SAL00132,2022-01-15,STR03,CUS0282,PRD004,1,277.55,0.2,222.04,131.19,90.85,Store
SAL00133,2025-01-05,STR10,CUS0248,PRD052,2,660.22,0.1,1188.4,786.38,402.02,Store
SAL00134,2024-06-17,STR11,CUS0210,PRD079,2,665.32,0.05,1264.11,677.76,586.35,Online
SAL00135,2025-03-04,STR09,CUS0076,PRD003,2,460.37,0.05,874.7,469.52,405.18,Online
SAL00136,2024-01-03,STR04,CUS0282,PRD027,1,167.97,0.2,134.38,84.52,49.86,App
SAL00137,2025-01-01,STR02,CUS0236,PRD047,1,470.23,0.05,446.72,300.2,146.52,Online
SAL00138,2025-04-30,STR03,CUS0272,PRD052,3,660.22,0.0,1980.66,1179.57,801.09,App
SAL00139,2023-10-26,STR04,CUS0008,PRD001,2,769.25,0.15,1307.72,747.52,560.2,App
SAL00140,2024-07-26,STR12,CUS0005,PRD061,4,60.41,0.1,217.48,124.16,93.32,Store
SAL00141,2023-07-15,STR04,CUS0024,PRD058,1,428.07,0.05,406.67,284.8,121.87,App
SAL00142,2022-07-27,STR11,CUS0271,PRD008,1,439.89,0.1,395.9,256.57,139.33,App
SAL00143,2025-07-10,STR10,CUS0223,PRD054,1,167.08,0.0,167.08,80.96,86.12,Store
SAL00144,2023-11-21,STR12,CUS0256,PRD005,1,245.1,0.0,245.1,174.49,70.61,App
SAL00145,2025-07-16,STR05,CUS0121,PRD066,1,180.08,0.1,162.07,124.07,38.0,Online
SAL00146,2022-06-15,STR11,CUS0080,PRD077,2,517.67,0.15,880.04,612.16,267.88,App
SAL00147,2022-10-08,STR12,CUS0252,PRD056,2,434.96,0.0,869.92,522.28,347.64,App
SAL00148,2024-03-29,STR11,CUS0210,PRD057,5,52.44,0.0,262.2,183.9,78.3,App
SAL00149,2022-10-17,STR01,CUS0178,PRD053,1,139.83,0.2,111.86,79.48,32.38,Online
SAL00150,2022-08-31,STR06,CUS0138,PRD037,4,72.87,0.05,276.91,197.16,79.75,Online
SAL00151,2024-09-13,STR07,CUS0069,PRD057,4,52.44,0.05,199.27,147.12,52.15,Online
SAL00152,2024-01-10,STR02,CUS0142,PRD047,2,470.23,0.2,752.37,600.4,151.97,App
SAL00153,2025-01-17,STR09,CUS0083,PRD066,3,180.08,0.0,540.24,372.21,168.03,Online
SAL00154,2024-12-15,STR08,CUS0139,PRD076,2,841.57,0.05,1598.98,766.44,832.54,App
SAL00155,2023-09-12,STR01,CUS0002,PRD045,1,74.57,0.0,74.57,34.38,40.19,Online
SAL00156,2023-02-19,STR03,CUS0068,PRD043,3,108.59,0.0,325.77,164.88,160.89,Store
SAL00157,2024-04-28,STR07,CUS0092,PRD056,2,434.96,0.1,782.93,522.28,260.65,Store
SAL00158,2024-12-29,STR03,CUS0111,PRD008,2,439.89,0.2,703.82,513.14,190.68,App
SAL00159,2022-08-06,STR06,CUS0131,PRD050,2,289.93,0.0,579.86,405.08,174.78,Online
SAL00160,2024-11-28,STR04,CUS0115,PRD057,1,52.44,0.0,52.44,36.78,15.66,App
SAL00161,2024-05-04,STR05,CUS0237,PRD005,3,245.1,0.2,588.24,523.47,64.77,Store
SAL00162,2022-09-15,STR06,CUS0117,PRD049,1,535.39,0.0,535.39,243.87,291.52,Online
SAL00163,2022-05-24,STR03,CUS0176,PRD066,1,180.08,0.15,153.07,124.07,29.0,Store
SAL00164,2022-04-13,STR07,CUS0239,PRD035,2,285.91,0.15,486.05,294.78,191.27,Online
SAL00165,2024-03-08,STR03,CUS0063,PRD048,1,65.44,0.0,65.44,45.9,19.54,App
SAL00166,2025-01-24,STR08,CUS0103,PRD072,1,499.84,0.2,399.87,300.4,99.47,App
SAL00167,2022-02-07,STR01,CUS0013,PRD074,2,778.55,0.15,1323.53,752.24,571.29,Online
SAL00168,2023-01-09,STR12,CUS0205,PRD027,1,167.97,0.2,134.38,84.52,49.86,Online
SAL00169,2023-12-17,STR04,CUS0107,PRD077,2,517.67,0.0,1035.34,612.16,423.18,Online
SAL00170,2022-03-28,STR04,CUS0119,PRD056,5,434.96,0.0,2174.8,1305.7,869.1,Store
SAL00171,2024-02-29,STR06,CUS0273,PRD020,2,144.97,0.15,246.45,152.4,94.05,Online
SAL00172,2024-09-27,STR04,CUS0267,PRD021,1,732.57,0.05,695.94,388.69,307.25,Store
SAL00173,2023-02-13,STR11,CUS0255,PRD029,1,318.8,0.0,318.8,170.8,148.0,Store
SAL00174,2023-12-31,STR04,CUS0297,PRD044,1,125.25,0.0,125.25,57.19,68.06,Store
SAL00175,2024-04-23,STR12,CUS0118,PRD030,1,396.17,0.05,376.36,240.04,136.32,App
SAL00176,2022-02-12,STR09,CUS0004,PRD007,1,297.96,0.15,253.27,173.78,79.49,App
SAL00177,2022-12-22,STR11,CUS0073,PRD040,4,107.82,0.0,431.28,227.24,204.04,Online
SAL00178,2025-07-15,STR12,CUS0105,PRD005,2,245.1,0.05,465.69,348.98,116.71,Store
SAL00179,2024-01-17,STR04,CUS0102,PRD035,1,285.91,0.0,285.91,147.39,138.52,Store
SAL00180,2024-01-16,STR09,CUS0276,PRD016,1,565.24,0.0,565.24,261.92,303.32,App
SAL00181,2024-11-10,STR07,CUS0188,PRD036,3,638.05,0.15,1627.03,945.72,681.31,Store
SAL00182,2022-03-02,STR11,CUS0185,PRD017,3,86.4,0.05,246.24,142.05,104.19,App
SAL00183,2023-02-20,STR08,CUS0138,PRD002,2,528.99,0.0,1057.98,694.78,363.2,Online
SAL00184,2025-06-01,STR12,CUS0269,PRD013,2,332.19,0.15,564.72,303.66,261.06,App
SAL00185,2022-01-12,STR08,CUS0059,PRD048,3,65.44,0.05,186.5,137.7,48.8,App
SAL00186,2023-04-17,STR01,CUS0277,PRD050,1,289.93,0.15,246.44,202.54,43.9,App
SAL00187,2023-01-09,STR06,CUS0152,PRD050,1,289.93,0.2,231.94,202.54,29.4,App
SAL00188,2023-06-11,STR05,CUS0158,PRD046,1,533.74,0.15,453.68,349.25,104.43,App
SAL00189,2022-09-15,STR06,CUS0050,PRD019,1,404.77,0.05,384.53,279.33,105.2,App
SAL00190,2024-09-20,STR08,CUS0114,PRD070,4,326.09,0.1,1173.92,883.28,290.64,App
SAL00191,2024-08-17,STR05,CUS0223,PRD021,2,732.57,0.0,1465.14,777.38,687.76,Online
SAL00192,2025-07-11,STR11,CUS0075,PRD027,5,167.97,0.2,671.88,422.6,249.28,Online
SAL00193,2024-07-17,STR09,CUS0220,PRD026,2,434.62,0.1,782.32,497.38,284.94,Online
SAL00194,2022-05-09,STR05,CUS0105,PRD079,1,665.32,0.15,565.52,338.88,226.64,Store
SAL00195,2023-06-23,STR04,CUS0285,PRD068,3,193.87,0.15,494.37,409.02,85.35,App
SAL00196,2024-09-07,STR10,CUS0114,PRD005,3,245.1,0.05,698.53,523.47,175.06,App
SAL00197,2022-05-14,STR11,CUS0240,PRD078,2,149.61,0.15,254.34,145.7,108.64,App
SAL00198,2024-12-03,STR02,CUS0109,PRD028,1,167.14,0.15,142.07,81.77,60.3,Online
SAL00199,2022-07-18,STR03,CUS0122,PRD003,8,460.37,0.0,3682.96,1878.08,1804.88,App
SAL00200,2024-02-16,STR10,CUS0192,PRD066,1,180.08,0.2,144.06,124.07,19.99,App
SAL00201,2023-05-21,STR06,CUS0177,PRD054,2,167.08,0.2,267.33,161.92,105.41,Store
SAL00202,2024-02-15,STR06,CUS0066,PRD004,2,277.55,0.0,555.1,262.38,292.72,Online
SAL00203,2025-01-31,STR12,CUS0223,PRD056,1,434.96,0.15,369.72,261.14,108.58,App
SAL00204,2023-01-19,STR07,CUS0019,PRD052,-1,660.22,0.15,1683.56,1179.57,503.99,Online
SAL00205,2022-07-20,STR08,CUS0153,PRD029,4,318.8,0.05,1211.44,683.2,528.24,Online
SAL00206,2023-09-05,STR10,CUS0153,PRD012,1,580.87,0.1,522.78,387.01,135.77,App
SAL00207,2025-03-16,STR04,CUS0220,PRD069,1,393.75,0.0,393.75,211.23,182.52,App
SAL00208,2022-05-04,STR12,CUS0184,PRD075,3,453.11,0.1,1223.4,809.19,414.21,Store
SAL00209,2024-08-07,STR09,CUS0119,PRD001,1,769.25,0.0,769.25,373.76,395.49,Store
SAL00210,2025-03-15,STR08,CUS0076,PRD040,1,107.82,0.05,102.43,56.81,45.62,Store
SAL00211,2024-12-03,STR06,CUS0053,PRD020,2,144.97,0.0,289.94,152.4,137.54,App
SAL00212,2024-05-14,STR11,CUS0124,PRD052,2,660.22,0.05,1254.42,786.38,468.04,Online
SAL00213,2024-10-13,STR11,CUS0294,PRD027,2,167.97,0.05,319.14,169.04,150.1,Store
SAL00214,2022-08-01,STR10,CUS0132,PRD077,3,517.67,0.0,1553.01,918.24,634.77,App
SAL00215,2025-06-27,STR04,CUS0004,PRD037,2,72.87,0.1,131.17,98.58,32.59,App
SAL00216,2023-11-14,STR12,CUS0165,PRD045,3,74.57,0.0,223.71,103.14,120.57,Online
SAL00217,2024-08-21,STR11,CUS0223,PRD047,1,470.23,0.15,399.7,300.2,99.5,Online
SAL00218,2024-05-11,STR08,CUS0039,PRD026,1,434.62,0.0,434.62,248.69,185.93,App
SAL00219,2025-05-14,STR01,CUS0112,PRD063,1,447.14,0.0,447.14,313.98,133.16,Store
SAL00220,2023-03-28,STR11,CUS0009,PRD012,1,580.87,0.0,580.87,387.01,193.86,App
SAL00221,2024-11-04,STR07,CUS0105,PRD060,1,118.37,0.15,100.61,77.73,22.88,Online
SAL00222,2023-03-25,STR06,CUS0086,PRD029,1,318.8,0.15,270.98,170.8,100.18,Online
SAL00223,2023-04-22,STR12,CUS0105,PRD060,1,118.37,0.15,100.61,77.73,22.88,Store
SAL00224,2025-02-05,STR05,CUS0105,PRD022,2,447.25,0.1,805.05,631.36,173.69,Online
SAL00225,2023-07-24,STR04,CUS0289,PRD035,1,285.91,0.1,257.32,147.39,109.93,Store
SAL00226,2025-03-23,STR01,CUS0201,PRD055,1,402.22,0.2,321.78,211.32,110.46,Store
SAL00227,2024-10-20,STR01,CUS0064,PRD075,1,453.11,0.1,407.8,269.73,138.07,Store
SAL00228,2023-05-28,STR09,CUS0281,PRD039,1,267.3,0.05,253.94,176.25,77.69,Online
SAL00229,2022-10-04,STR04,CUS0227,PRD003,1,460.37,0.2,368.3,234.76,133.54,App
SAL00230,2024-03-17,STR05,CUS0212,PRD020,1,144.97,0.0,144.97,76.2,68.77,Online
SAL00231,2022-04-10,STR11,CUS0293,PRD072,1,499.84,0.15,424.86,300.4,124.46,Store
SAL00232,2022-07-21,STR06,CUS0264,PRD061,1,60.41,0.1,54.37,31.04,23.33,Online
SAL00233,2024-04-09,STR08,CUS0047,PRD036,1,638.05,0.05,606.15,315.24,290.91,Store
SAL00234,2023-10-20,STR10,CUS0012,PRD079,1,665.32,0.0,665.32,338.88,326.44,Online
SAL00235,2024-11-29,STR05,CUS0213,PRD013,2,332.19,0.2,531.5,303.66,227.84,App
SAL00236,2022-07-08,STR02,CUS0287,PRD047,2,470.23,0.0,940.46,600.4,340.06,Online
SAL00237,2025-02-24,STR04,CUS0252,PRD045,2,74.57,0.15,126.77,68.76,58.01,Online
SAL00238,2023-12-25,STR10,CUS0223,PRD054,1,167.08,0.2,133.66,80.96,52.7,Online
SAL00239,2025-07-04,STR04,CUS0253,PRD033,1,82.66,0.15,70.26,57.52,12.74,Store
SAL00240,2024-10-30,STR09,CUS0226,PRD070,2,326.09,0.0,652.18,441.64,210.54,App
SAL00241,2022-04-26,STR09,CUS0067,PRD042,2,213.13,0.1,383.63,204.72,178.91,Store
SAL00242,2022-05-05,STR07,CUS0200,PRD043,1,108.59,0.0,108.59,54.96,53.63,Store
SAL00243,2023-02-19,STR08,CUS0098,PRD071,3,618.33,0.1,1669.49,998.1,671.39,Online
SAL00244,2025-05-19,STR02,CUS0227,PRD058,2,428.07,0.1,770.53,569.6,200.93,App
SAL00245,2022-08-02,STR04,CUS0258,PRD070,1,326.09,0.05,309.79,220.82,88.97,Online
SAL00246,2023-01-06,STR06,CUS0136,PRD032,1,570.78,0.0,570.78,326.53,244.25,App
SAL00247,2023-04-26,STR06,CUS0261,PRD052,1,660.22,0.1,594.2,393.19,201.01,Store
SAL00248,2022-04-28,STR07,CUS0021,PRD065,1,361.03,0.0,361.03,256.52,104.51,App
SAL00249,2022-08-25,STR03,CUS0030,PRD042,4,213.13,0.0,852.52,409.44,443.08,Store
SAL00250,2024-10-17,STR11,CUS0293,PRD066,1,180.08,0.1,162.07,124.07,38.0,App
SAL00251,2022-12-08,STR07,CUS0144,PRD050,3,289.93,0.2,695.83,607.62,88.21,App
SAL00252,2023-09-18,STR04,CUS0136,PRD022,1,447.25,0.0,447.25,315.68,131.57,Store
SAL00253,2022-12-05,STR09,CUS0129,PRD046,1,533.74,0.05,507.05,349.25,157.8,App
SAL00254,2025-03-04,STR02,CUS0091,PRD043,2,108.59,0.0,217.18,109.92,107.26,Store
SAL00255,2024-05-09,STR01,CUS0200,PRD046,2,533.74,0.2,853.98,698.5,155.48,Store
SAL00256,2022-07-05,STR02,CUS0232,PRD065,1,361.03,0.0,361.03,256.52,104.51,App
SAL00257,2022-06-13,STR04,CUS0024,PRD070,1,326.09,0.0,326.09,220.82,105.27,Online
SAL00258,2024-01-22,STR07,CUS0149,PRD054,1,167.08,0.05,158.73,80.96,77.77,Store
SAL00259,2022-02-22,STR04,CUS0031,PRD039,1,267.3,0.05,253.94,176.25,77.69,Online
SAL00260,2025-02-09,STR05,CUS0226,PRD034,1,539.68,0.05,512.7,291.79,220.91,Online
SAL00261,2023-06-15,STR11,CUS0063,PRD075,1,453.11,0.15,385.14,269.73,115.41,Store
SAL00262,2025-02-06,STR03,CUS0042,PRD055,3,402.22,0.0,1206.66,633.96,572.7,Store
SAL00263,2025-04-27,STR04,CUS0023,PRD044,4,125.25,0.15,425.85,228.76,197.09,App
SAL00264,2022-06-20,STR06,CUS0161,PRD052,1,660.22,0.1,594.2,393.19,201.01,Online
SAL00265,2023-04-30,STR11,CUS0036,PRD065,3,361.03,0.1,974.78,769.56,205.22,App
SAL00266,2025-01-21,STR05,CUS0022,PRD006,2,365.95,0.0,731.9,413.5,318.4,Online
SAL00267,2025-06-12,STR04,CUS0114,PRD067,1,338.84,0.0,338.84,191.28,147.56,Online
SAL00268,2023-05-10,STR07,CUS0279,PRD017,1,86.4,0.15,73.44,47.35,26.09,App
SAL00269,2024-06-20,STR02,CUS0001,PRD052,1,660.22,0.2,528.18,393.19,134.99,Store
SAL00270,2023-10-31,STR06,CUS0161,PRD066,1,180.08,0.15,153.07,124.07,29.0,Store
SAL00271,2022-12-14,STR10,CUS0086,PRD004,1,277.55,0.0,277.55,131.19,146.36,Online
SAL00272,2025-03-03,STR01,CUS0266,PRD025,2,395.29,0.0,790.58,509.58,281.0,Store
SAL00273,2024-06-21,STR05,CUS0095,PRD009,1,337.72,0.2,270.18,227.99,42.19,Online
SAL00274,2024-03-31,STR09,CUS0049,PRD060,1,118.37,0.0,118.37,77.73,40.64,Online
SAL00275,2024-05-01,STR07,CUS0029,PRD072,3,499.84,0.15,1274.59,901.2,373.39,App
SAL00276,2024-09-06,STR10,CUS0152,PRD012,3,580.87,0.1,1568.35,1161.03,407.32,App
SAL00277,2022-11-20,STR07,CUS0098,PRD015,1,339.66,0.15,288.71,183.65,105.06,App
SAL00278,2024-12-21,STR06,CUS0019,PRD048,3,65.44,0.0,196.32,137.7,58.62,Store
SAL00279,2022-01-11,STR11,CUS0049,PRD074,2,778.55,0.2,1245.68,752.24,493.44,App
SAL00280,2025-02-01,STR10,CUS0114,PRD076,1,841.57,0.05,799.49,383.22,416.27,App
SAL00281,2023-01-20,STR09,CUS0042,PRD057,3,52.44,0.05,149.45,110.34,39.11,App
SAL00282,2022-07-29,STR08,CUS0040,PRD064,1,508.25,0.0,508.25,292.5,215.75,App
SAL00283,2023-06-12,STR10,CUS0160,PRD002,1,528.99,0.0,528.99,347.39,181.6,App
SAL00284,2022-04-07,STR09,CUS0084,PRD027,1,167.97,0.15,142.77,84.52,58.25,Online
SAL00285,2023-05-29,STR12,CUS0252,PRD003,3,460.37,0.0,1381.11,704.28,676.83,App
SAL00286,2023-09-04,STR03,CUS0043,PRD055,3,402.22,0.1,1085.99,633.96,452.03,Store
SAL00287,2022-05-04,STR02,CUS0072,PRD027,1,167.97,0.2,134.38,84.52,49.86,Store
SAL00288,2023-09-08,STR06,CUS0296,PRD036,2,638.05,0.0,1276.1,630.48,645.62,Store
SAL00289,2024-04-29,STR05,CUS0289,PRD006,2,365.95,0.0,731.9,413.5,318.4,App
SAL00290,2025-04-04,STR08,CUS0110,PRD007,3,297.96,0.2,715.1,521.34,193.76,App
SAL00291,2023-09-07,STR08,CUS0242,PRD010,2,307.16,0.0,614.32,326.86,287.46,App
SAL00292,2022-04-24,STR07,CUS0179,PRD072,1,499.84,0.0,499.84,300.4,199.44,App
SAL00293,2024-08-25,STR09,CUS0131,PRD058,4,428.07,0.0,1712.28,1139.2,573.08,Online
SAL00294,2025-04-27,STR02,CUS0055,PRD052,1,660.22,0.15,561.19,393.19,168.0,Store
SAL00295,2025-05-04,STR12,CUS0068,PRD054,1,167.08,0.0,167.08,80.96,86.12,App
SAL00296,2024-10-12,STR07,CUS0031,PRD030,1,396.17,0.1,356.55,240.04,116.51,Online
SAL00297,2022-09-21,STR06,CUS0220,PRD010,3,307.16,0.05,875.41,490.29,385.12,App
SAL00298,2023-03-11,STR02,CUS0087,PRD012,1,580.87,0.0,580.87,387.01,193.86,App
SAL00299,2023-02-24,STR11,CUS0025,PRD056,1,434.96,0.0,434.96,261.14,173.82,App
SAL00300,2025-08-10,STR11,CUS0063,PRD011,2,450.62,0.15,766.05,411.82,354.23,Store
SAL00301,2023-10-05,STR04,CUS0114,PRD030,1,396.17,0.0,396.17,240.04,156.13,Store
SAL00302,2024-07-17,STR10,CUS0183,PRD042,3,213.13,0.2,511.51,307.08,204.43,App
SAL00303,2023-09-22,STR10,CUS0254,PRD066,1,180.08,0.15,153.07,124.07,29.0,Store
SAL00304,2023-01-04,STR03,CUS0220,PRD008,1,439.89,0.0,439.89,256.57,183.32,Store
SAL00305,2022-02-20,STR10,CUS0175,PRD037,3,72.87,0.05,207.68,147.87,59.81,App
SAL00306,2022-07-25,STR01,CUS0054,PRD065,1,361.03,0.1,324.93,256.52,68.41,App
SAL00307,2023-09-14,STR10,CUS0056,PRD050,2,289.93,0.2,463.89,405.08,58.81,Online
SAL00308,2024-04-26,STR05,CUS0025,PRD071,1,618.33,0.0,618.33,332.7,285.63,Store
SAL00309,2023-02-28,STR02,CUS0084,PRD045,6,74.57,0.0,447.42,206.28,241.14,Store
SAL00310,2022-02-11,STR07,CUS0112,PRD007,2,297.96,0.0,595.92,347.56,248.36,App
SAL00311,2024-03-05,STR05,CUS0208,PRD016,4,565.24,0.2,1808.77,1047.68,761.09,Store
SAL00312,2023-05-18,STR05,CUS0007,PRD072,2,499.84,0.0,999.68,600.8,398.88,App
SAL00313,2025-05-22,STR09,CUS0022,PRD053,4,139.83,0.15,475.42,317.92,157.5,Store
SAL00314,2023-04-23,STR02,CUS0256,PRD079,1,665.32,0.0,665.32,338.88,326.44,Store
SAL00315,2023-07-23,STR05,CUS0121,PRD071,2,618.33,0.05,1174.83,665.4,509.43,App
SAL00316,2023-09-18,STR05,CUS0135,PRD042,1,213.13,0.1,191.82,102.36,89.46,Online
SAL00317,2022-03-13,STR01,CUS0207,PRD004,2,277.55,0.1,499.59,262.38,237.21,App
SAL00318,2025-02-21,STR01,CUS0257,PRD043,2,108.59,0.05,206.32,109.92,96.4,Store
SAL00319,2025-06-13,STR06,CUS0135,PRD059,1,494.95,0.05,470.2,285.33,184.87,Online
SAL00320,2024-06-22,STR04,CUS0286,PRD077,1,517.67,0.15,440.02,306.08,133.94,App
SAL00321,2022-12-23,STR10,CUS0179,PRD070,1,326.09,0.15,277.18,220.82,56.36,Store
SAL00322,2024-04-20,STR03,CUS0133,PRD063,2,447.14,0.1,804.85,627.96,176.89,Online
SAL00323,2022-04-21,STR03,CUS0157,PRD011,2,450.62,0.15,766.05,411.82,354.23,App
SAL00324,2022-04-02,STR10,CUS0149,PRD003,1,460.37,0.0,460.37,234.76,225.61,Online
SAL00325,2023-06-20,STR03,CUS0221,PRD057,1,52.44,0.0,52.44,36.78,15.66,Store
SAL00326,2023-01-30,STR08,CUS0148,PRD069,1,393.75,0.05,374.06,211.23,162.83,Online
SAL00327,2024-07-30,STR10,CUS0044,PRD078,1,149.61,0.2,119.69,72.85,46.84,Online
SAL00328,2025-02-25,STR02,CUS0023,PRD025,3,395.29,0.05,1126.58,764.37,362.21,Online
SAL00329,2023-11-25,STR09,CUS0072,PRD064,1,508.25,0.15,432.01,292.5,139.51,Online
SAL00330,2024-06-04,STR05,CUS0241,PRD016,1,565.24,0.15,480.45,261.92,218.53,App
SAL00331,2022-12-09,STR06,CUS0266,PRD049,1,535.39,0.1,481.85,243.87,237.98,Store
SAL00332,2025-01-02,STR03,CUS0199,PRD018,1,703.6,0.1,633.24,337.92,295.32,Online
SAL00333,2022-05-03,STR02,CUS0044,PRD050,2,289.93,0.2,463.89,405.08,58.81,Online
SAL00334,2025-04-06,STR12,CUS0071,PRD050,2,289.93,0.1,521.87,405.08,116.79,Online
SAL00335,2023-03-29,STR04,CUS0005,PRD056,1,434.96,0.0,434.96,261.14,173.82,App
SAL00336,2024-09-22,STR05,CUS0066,PRD067,1,338.84,0.2,271.07,191.28,79.79,Online
SAL00337,2022-08-06,STR08,CUS0212,PRD071,1,618.33,0.15,525.58,332.7,192.88,Store
SAL00338,2023-04-07,STR06,CUS0203,PRD016,3,565.24,0.05,1610.93,785.76,825.17,Store
SAL00339,2023-07-09,STR11,CUS0252,PRD064,2,508.25,0.0,1016.5,585.0,431.5,Store
SAL00340,2023-09-21,STR06,CUS0033,PRD021,1,732.57,0.2,586.06,388.69,197.37,Online
SAL00341,2024-06-29,STR02,CUS0106,PRD017,2,86.4,0.15,146.88,94.7,52.18,Store
SAL00342,2022-08-01,STR05,CUS0076,PRD042,1,213.13,0.0,213.13,102.36,110.77,Store
SAL00343,2024-07-10,STR06,CUS0078,PRD044,1,125.25,0.2,100.2,57.19,43.01,App
SAL00344,2023-04-14,STR01,CUS0018,PRD050,1,289.93,0.1,260.94,202.54,58.4,Online
SAL00345,2024-07-05,STR10,CUS0159,PRD067,1,338.84,0.05,321.9,191.28,130.62,Store
SAL00346,2023-05-30,STR02,CUS0093,PRD058,1,428.07,0.0,428.07,284.8,143.27,Store
SAL00347,2022-01-14,STR01,CUS0077,PRD044,1,125.25,0.15,106.46,57.19,49.27,Online
SAL00348,2024-11-01,STR04,CUS0170,PRD030,1,396.17,0.2,316.94,240.04,76.9,Store
SAL00349,2024-02-29,STR09,CUS0061,PRD025,3,395.29,0.0,1185.87,764.37,421.5,Online
SAL00350,2022-04-13,STR06,CUS0009,PRD053,1,139.83,0.1,125.85,79.48,46.37,App
SAL00351,2024-06-02,STR11,CUS0148,PRD030,1,396.17,0.0,396.17,240.04,156.13,Store
SAL00352,2024-03-26,STR12,CUS0065,PRD020,1,144.97,0.15,123.22,76.2,47.02,App
SAL00353,2023-03-04,STR10,CUS0004,PRD016,1,565.24,0.0,565.24,261.92,303.32,Store
SAL00354,2025-07-27,STR05,CUS0139,PRD075,1,453.11,0.15,385.14,269.73,115.41,Store
SAL00355,2025-05-26,STR12,CUS0142,PRD014,3,469.29,0.15,1196.69,960.0,236.69,Store
SAL00356,2024-09-09,STR09,CUS0016,PRD036,1,638.05,0.2,510.44,315.24,195.2,Online
SAL00357,2024-08-31,STR05,CUS0114,PRD066,2,180.08,0.15,306.14,248.14,58.0,Store
SAL00358,2023-02-23,STR10,CUS0247,PRD060,2,118.37,0.2,189.39,155.46,33.93,App
SAL00359,2022-07-18,STR01,CUS0156,PRD020,1,144.97,0.2,115.98,76.2,39.78,Store
SAL00360,2023-08-30,STR07,CUS0059,PRD013,2,332.19,0.1,597.94,303.66,294.28,Store
SAL00361,2022-07-14,STR04,CUS0048,PRD030,4,396.17,0.05,1505.45,960.16,545.29,App
SAL00362,2025-02-16,STR02,CUS0265,PRD073,1,252.83,0.1,227.55,167.82,59.73,Store
SAL00363,2022-05-31,STR11,CUS0022,PRD002,1,528.99,0.1,476.09,347.39,128.7,Online
SAL00364,2025-07-06,STR03,CUS0160,PRD020,1,144.97,0.05,137.72,76.2,61.52,Online
SAL00365,2023-06-22,STR10,CUS0266,PRD060,1,118.37,0.2,94.7,77.73,16.97,Online
SAL00366,2023-11-20,STR06,CUS0171,PRD028,3,167.14,0.1,451.28,245.31,205.97,Online
SAL00367,2022-01-05,STR06,CUS0145,PRD058,1,428.07,0.2,342.46,284.8,57.66,Store
SAL00368,2023-08-19,STR12,CUS0110,PRD054,1,167.08,0.0,167.08,80.96,86.12,App
SAL00369,2025-01-05,STR03,CUS0273,PRD067,1,338.84,0.0,338.84,191.28,147.56,App
SAL00370,2022-06-16,STR06,CUS0077,PRD064,3,508.25,0.0,1524.75,877.5,647.25,Online
SAL00371,2023-08-18,STR11,CUS0066,PRD024,1,582.46,0.0,582.46,336.53,245.93,Store
SAL00372,2025-07-05,STR02,CUS0060,PRD042,1,213.13,0.05,202.47,102.36,100.11,App
SAL00373,2022-05-09,STR09,CUS0096,PRD072,4,499.84,0.0,1999.36,1201.6,797.76,Online
SAL00374,2022-10-17,STR05,CUS0128,PRD006,1,365.95,0.0,365.95,206.75,159.2,Online
SAL00375,2025-07-18,STR12,CUS0284,PRD030,2,396.17,0.1,713.11,480.08,233.03,Store
SAL00376,2023-07-10,STR03,CUS0242,PRD066,1,180.08,0.0,180.08,124.07,56.01,Online
SAL00377,2023-12-23,STR08,CUS0204,PRD057,1,52.44,0.05,49.82,36.78,13.04,Online
SAL00378,2022-08-08,STR09,CUS0023,PRD049,1,535.39,0.0,535.39,243.87,291.52,App
SAL00379,2023-05-15,STR05,CUS0254,PRD070,1,326.09,0.0,326.09,220.82,105.27,App
SAL00380,2023-04-06,STR02,CUS0229,PRD065,1,361.03,0.15,306.88,256.52,50.36,App
SAL00381,2025-06-13,STR11,CUS0029,PRD017,2,86.4,0.05,164.16,94.7,69.46,Online
SAL00382,2025-07-08,STR11,CUS0037,PRD027,2,167.97,0.2,268.75,169.04,99.71,Store
SAL00383,2024-02-02,STR06,CUS0285,PRD050,2,289.93,0.1,521.87,405.08,116.79,Store
SAL00384,2022-01-19,STR12,CUS0191,PRD014,1,469.29,0.0,469.29,320.0,149.29,Online
SAL00385,2024-12-11,STR11,CUS0049,PRD017,1,86.4,0.15,73.44,47.35,26.09,Store
SAL00386,2022-01-22,STR12,CUS0152,PRD062,1,210.83,0.0,210.83,103.07,107.76,Online
SAL00387,2025-03-31,STR01,CUS0113,PRD034,2,539.68,0.15,917.46,583.58,333.88,Store
SAL00388,2023-10-26,STR02,CUS0199,PRD002,1,528.99,0.0,528.99,347.39,181.6,Online
SAL00389,2025-02-21,STR10,CUS0073,PRD046,1,533.74,0.2,426.99,349.25,77.74,App
SAL00390,2024-07-13,STR06,CUS0157,PRD049,3,535.39,0.15,1365.24,731.61,633.63,Online
SAL00391,2024-05-07,STR04,CUS0139,PRD040,1,107.82,0.0,107.82,56.81,51.01,Store
SAL00392,2023-08-26,STR02,CUS0246,PRD077,2,517.67,0.2,828.27,612.16,216.11,Store
SAL00393,2023-06-27,STR04,CUS0117,PRD047,2,470.23,0.2,752.37,600.4,151.97,Store
SAL00394,2023-04-11,STR08,CUS0298,PRD036,1,638.05,0.0,638.05,315.24,322.81,App
SAL00395,2023-12-19,STR01,CUS0240,PRD056,2,434.96,0.0,869.92,522.28,347.64,Store
SAL00396,2023-11-23,STR11,CUS0106,PRD006,4,365.95,0.0,1463.8,827.0,636.8,Store
SAL00397,2024-10-08,STR10,CUS0155,PRD038,2,588.04,0.1,1058.47,766.36,292.11,Online
SAL00398,2022-05-30,STR12,CUS0278,PRD047,1,470.23,0.0,470.23,300.2,170.03,App
SAL00399,2022-08-21,STR12,CUS0036,PRD053,2,139.83,0.1,251.69,158.96,92.73,App
SAL00400,2023-07-21,STR08,CUS0048,PRD065,2,361.03,0.1,649.85,513.04,136.81,Online
SAL00401,2022-08-22,STR02,CUS0067,PRD007,2,297.96,0.0,595.92,347.56,248.36,App
SAL00402,2024-02-26,STR08,CUS0079,PRD076,2,841.57,0.1,1514.83,766.44,748.39,Online
SAL00403,2023-12-19,STR07,CUS0234,PRD028,5,167.14,0.0,835.7,408.85,426.85,App
SAL00404,2023-05-20,STR05,CUS0252,PRD017,1,86.4,0.1,77.76,47.35,30.41,Store
SAL00405,2025-01-22,STR02,CUS0110,PRD027,1,167.97,0.0,167.97,84.52,83.45,Store
SAL00406,2024-06-29,STR10,CUS0118,PRD024,1,582.46,0.0,582.46,336.53,245.93,Online
SAL00407,2023-08-02,STR08,CUS0021,PRD072,1,499.84,0.0,499.84,300.4,199.44,Online
SAL00408,2023-01-10,STR11,CUS0106,PRD058,2,428.07,0.0,856.14,569.6,286.54,Online
SAL00409,2024-03-31,STR07,CUS0112,PRD068,1,193.87,0.1,174.48,136.34,38.14,Online
SAL00410,2025-05-08,STR08,CUS0236,PRD040,1,107.82,0.15,91.65,56.81,34.84,Online
SAL00411,2025-02-06,STR08,CUS0004,PRD033,2,82.66,0.0,165.32,115.04,50.28,Store
SAL00412,2025-08-08,STR07,CUS0198,PRD052,2,660.22,0.2,1056.35,786.38,269.97,Online
SAL00413,2024-12-01,STR01,CUS0007,PRD052,1,660.22,0.15,561.19,393.19,168.0,Online
SAL00414,2022-05-18,STR03,CUS0072,PRD049,1,535.39,0.2,428.31,243.87,184.44,App
SAL00415,2024-05-08,STR03,CUS0062,PRD020,5,144.97,0.2,579.88,381.0,198.88,App
SAL00416,2024-03-25,STR02,CUS0066,PRD069,2,393.75,0.1,708.75,422.46,286.29,Store
SAL00417,2023-06-28,STR09,CUS0213,PRD065,4,361.03,0.0,1444.12,1026.08,418.04,Online
SAL00418,2023-10-19,STR08,CUS0134,PRD072,2,499.84,0.0,999.68,600.8,398.88,Online
SAL00419,2024-09-20,STR10,CUS0111,PRD034,1,539.68,0.0,539.68,291.79,247.89,Store
SAL00420,2025-05-10,STR12,CUS0154,PRD002,1,528.99,0.2,423.19,347.39,75.8,Online
SAL00421,2022-05-12,STR10,CUS0221,PRD076,1,841.57,0.0,841.57,383.22,458.35,App
SAL00422,2023-08-11,STR07,CUS0206,PRD005,1,245.1,0.15,208.33,174.49,33.84,Online
SAL00423,2024-02-08,STR09,CUS0140,PRD005,1,245.1,0.0,245.1,174.49,70.61,Store
SAL00424,2022-02-13,STR04,CUS0094,PRD013,2,332.19,0.0,664.38,303.66,360.72,App
SAL00425,2023-01-19,STR06,CUS0106,PRD034,1,539.68,0.1,485.71,291.79,193.92,App
SAL00426,2023-07-11,STR09,CUS0297,PRD036,2,638.05,0.0,1276.1,630.48,645.62,Store
SAL00427,2022-10-22,STR07,CUS0159,PRD067,3,338.84,0.0,1016.52,573.84,442.68,Store
SAL00428,2023-08-25,STR03,CUS0134,PRD020,1,144.97,0.0,144.97,76.2,68.77,Store
SAL00429,2023-05-19,STR08,CUS0121,PRD050,3,289.93,0.1,782.81,607.62,175.19,App
SAL00430,2022-09-16,STR12,CUS0243,PRD012,2,580.87,0.0,1161.74,774.02,387.72,Online
SAL00431,2023-09-13,STR07,CUS0116,PRD072,1,499.84,0.0,499.84,300.4,199.44,App
SAL00432,2022-06-14,STR02,CUS0049,PRD068,1,193.87,0.15,164.79,136.34,28.45,Online
SAL00433,2025-07-03,STR06,CUS0297,PRD044,2,125.25,0.0,250.5,114.38,136.12,App
SAL00434,2025-04-23,STR10,CUS0191,PRD071,4,618.33,0.0,2473.32,1330.8,1142.52,Store
SAL00435,2023-06-30,STR08,CUS0127,PRD010,3,307.16,0.1,829.33,490.29,339.04,Store
SAL00436,2024-12-20,STR07,CUS0107,PRD014,1,469.29,0.0,469.29,320.0,149.29,App
SAL00437,2024-07-19,STR10,CUS0173,PRD051,1,428.0,0.05,406.6,224.16,182.44,Store
SAL00438,2024-09-06,STR08,CUS0205,PRD063,2,447.14,0.05,849.57,627.96,221.61,App
SAL00439,2022-01-11,STR08,CUS0244,PRD064,2,508.25,0.0,1016.5,585.0,431.5,App
SAL00440,2023-05-11,STR09,CUS0185,PRD027,6,167.97,0.05,957.43,507.12,450.31,Store
SAL00441,2022-10-24,STR02,CUS0159,PRD027,1,167.97,0.05,159.57,84.52,75.05,Online
SAL00442,2023-01-10,STR10,CUS0038,PRD077,1,517.67,0.0,517.67,306.08,211.59,Store
SAL00443,2025-03-08,STR09,CUS0013,PRD072,1,499.84,0.15,424.86,300.4,124.46,App
SAL00444,2022-12-16,STR07,CUS0092,PRD039,1,267.3,0.2,213.84,176.25,37.59,Online
SAL00445,2025-01-13,STR04,CUS0099,PRD017,1,86.4,0.1,77.76,47.35,30.41,App
SAL00446,2024-11-17,STR07,CUS0251,PRD002,3,528.99,0.0,1586.97,1042.17,544.8,Online
SAL00447,2023-07-03,STR02,CUS0017,PRD004,2,277.55,0.0,555.1,262.38,292.72,Store
SAL00448,2022-11-16,STR06,CUS0055,PRD029,1,318.8,0.0,318.8,170.8,148.0,App
SAL00449,2025-04-05,STR05,CUS0158,PRD001,6,769.25,0.0,4615.5,2242.56,2372.94,App
SAL00450,2023-07-03,STR05,CUS0212,PRD026,4,434.62,0.05,1651.56,994.76,656.8,App
SAL00451,2022-01-21,STR05,CUS0039,PRD021,2,732.57,0.1,1318.63,777.38,541.25,App
SAL00452,2022-07-22,STR01,CUS0045,PRD002,1,528.99,0.2,423.19,347.39,75.8,App
SAL00453,2023-05-10,STR02,CUS0202,PRD068,2,193.87,0.2,310.19,272.68,37.51,Online
SAL00454,2024-12-15,STR12,CUS0236,PRD033,3,82.66,0.1,223.18,172.56,50.62,Store
SAL00455,2024-12-20,STR02,CUS0293,PRD040,1,107.82,0.0,107.82,56.81,51.01,Online
SAL00456,2024-03-04,STR11,CUS0272,PRD029,2,318.8,0.0,637.6,341.6,296.0,Online
SAL00457,2023-03-19,STR07,CUS0294,PRD059,-1,494.95,0.05,1410.61,855.99,554.62,App
SAL00458,2025-06-22,STR08,CUS0199,PRD030,3,396.17,0.0,1188.51,720.12,468.39,Store
SAL00459,2025-08-05,STR02,CUS0202,PRD075,2,453.11,0.0,906.22,539.46,366.76,Store
SAL00460,2022-11-16,STR03,CUS0235,PRD025,2,395.29,0.05,751.05,509.58,241.47,Online
SAL00461,2025-07-10,STR01,CUS0089,PRD029,2,318.8,0.0,637.6,341.6,296.0,App
SAL00462,2022-09-12,STR10,CUS0291,PRD050,1,289.93,0.05,275.43,202.54,72.89,Store
SAL00463,2024-05-01,STR10,CUS0186,PRD035,1,285.91,0.05,271.61,147.39,124.22,Store
SAL00464,2024-12-31,STR11,CUS0186,PRD047,4,470.23,0.05,1786.87,1200.8,586.07,App
SAL00465,2024-11-25,STR08,CUS0081,PRD026,1,434.62,0.05,412.89,248.69,164.2,Store
SAL00466,2024-02-03,STR11,CUS0060,PRD016,1,565.24,0.0,565.24,261.92,303.32,Online
SAL00467,2022-06-20,STR08,CUS0050,PRD080,1,390.71,0.15,332.1,178.69,153.41,Online
SAL00468,2024-04-21,STR12,CUS0094,PRD027,3,167.97,0.2,403.13,253.56,149.57,Online
SAL00469,2025-07-16,STR09,CUS0218,PRD001,2,769.25,0.0,1538.5,747.52,790.98,Online
SAL00470,2022-08-18,STR12,CUS0283,PRD066,1,180.08,0.1,162.07,124.07,38.0,App
SAL00471,2025-04-10,STR02,CUS0216,PRD071,2,618.33,0.0,1236.66,665.4,571.26,App
SAL00472,2023-11-15,STR04,CUS0243,PRD044,1,125.25,0.0,125.25,57.19,68.06,App
SAL00473,2023-08-02,STR10,CUS0246,PRD049,2,535.39,0.0,1070.78,487.74,583.04,Store
SAL00474,2022-05-12,STR05,CUS0211,PRD025,1,395.29,0.0,395.29,254.79,140.5,Online
SAL00475,2024-11-25,STR07,CUS0087,PRD007,2,297.96,0.0,595.92,347.56,248.36,Store
SAL00476,2023-10-29,STR08,CUS0203,PRD063,2,447.14,0.15,760.14,627.96,132.18,Online
SAL00477,2024-04-14,STR05,CUS0202,PRD045,3,74.57,0.15,190.15,103.14,87.01,Online
SAL00478,2024-11-02,STR11,CUS0228,PRD067,1,338.84,0.15,288.01,191.28,96.73,Online
SAL00479,2025-01-19,STR10,CUS0133,PRD050,3,289.93,0.15,739.32,607.62,131.7,Online
SAL00480,2024-04-09,STR06,CUS0041,PRD057,1,52.44,0.0,52.44,36.78,15.66,App
SAL00481,2022-12-11,STR08,CUS0141,PRD031,6,607.09,0.0,3642.54,1870.8,1771.74,Online
SAL00482,2024-01-01,STR05,CUS0067,PRD005,1,245.1,0.0,245.1,174.49,70.61,Online
SAL00483,2025-06-08,STR08,CUS0227,PRD031,4,607.09,0.0,2428.36,1247.2,1181.16,App
SAL00484,2022-09-27,STR12,CUS0287,PRD001,1,769.25,0.0,769.25,373.76,395.49,App
SAL00485,2022-05-04,STR06,CUS0204,PRD068,2,193.87,0.0,387.74,272.68,115.06,App
SAL00486,2023-08-02,STR06,CUS0133,PRD080,1,390.71,0.0,390.71,178.69,212.02,Store
SAL00487,2024-04-11,STR05,CUS0179,PRD057,1,52.44,0.1,47.2,36.78,10.42,Store
SAL00488,2024-02-24,STR01,CUS0269,PRD062,2,210.83,0.0,421.66,206.14,215.52,Store
SAL00489,2022-02-06,STR04,CUS0111,PRD069,1,393.75,0.15,334.69,211.23,123.46,App
SAL00490,2024-07-24,STR10,CUS0207,PRD048,1,65.44,0.0,65.44,45.9,19.54,Store
SAL00491,2025-05-02,STR04,CUS0062,PRD078,1,149.61,0.05,142.13,72.85,69.28,App
SAL00492,2022-04-15,STR12,CUS0156,PRD049,1,535.39,0.1,481.85,243.87,237.98,Store
SAL00493,2023-05-21,STR08,CUS0015,PRD036,3,638.05,0.0,1914.15,945.72,968.43,Online
SAL00494,2024-09-08,STR05,CUS0029,PRD027,1,167.97,0.0,167.97,84.52,83.45,Online
SAL00495,2022-06-22,STR04,CUS0198,PRD001,2,769.25,0.0,1538.5,747.52,790.98,App
SAL00496,2023-08-23,STR06,CUS0016,PRD033,3,82.66,0.0,247.98,172.56,75.42,Store
SAL00497,2024-04-14,STR06,CUS0209,PRD019,1,404.77,0.1,364.29,279.33,84.96,Store
SAL00498,2023-04-19,STR11,CUS0232,PRD069,1,393.75,0.1,354.38,211.23,143.15,Online
SAL00499,2022-11-13,STR05,CUS0104,PRD027,1,167.97,0.05,159.57,84.52,75.05,Online
SAL00500,2025-04-02,STR05,CUS0219,PRD036,1,638.05,0.15,542.34,315.24,227.1,Online
SAL00501,2023-01-28,STR04,CUS0020,PRD056,1,434.96,0.0,434.96,261.14,173.82,Store
SAL00502,2023-12-09,STR10,CUS0101,PRD063,1,447.14,0.1,402.43,313.98,88.45,Online
SAL00503,2022-11-21,STR06,CUS0058,PRD034,3,539.68,0.1,1457.14,875.37,581.77,Store
SAL00504,2024-10-28,STR05,CUS0295,PRD007,1,297.96,0.2,238.37,173.78,64.59,Store
SAL00505,2024-11-05,STR01,CUS0046,PRD007,1,297.96,0.0,297.96,173.78,124.18,App
SAL00506,2024-10-15,STR01,CUS0224,PRD063,2,447.14,0.05,849.57,627.96,221.61,App
SAL00507,2024-05-21,STR02,CUS0168,PRD015,1,339.66,0.05,322.68,183.65,139.03,Online
SAL00508,2022-12-30,STR10,CUS0135,PRD067,4,338.84,0.05,1287.59,765.12,522.47,Online
SAL00509,2025-05-21,STR04,CUS0241,PRD073,2,252.83,0.1,455.09,335.64,119.45,Store
SAL00510,2024-04-09,STR07,CUS0012,PRD031,3,607.09,0.0,1821.27,935.4,885.87,Online
SAL00511,2024-04-23,STR06,CUS0111,PRD033,3,82.66,0.05,235.58,172.56,63.02,App
SAL00512,2024-02-05,STR12,CUS0139,PRD048,1,65.44,0.05,62.17,45.9,16.27,App
SAL00513,2022-05-17,STR06,CUS0108,PRD076,1,841.57,0.0,841.57,383.22,458.35,Online
SAL00514,2023-08-30,STR01,CUS0210,PRD024,1,582.46,0.0,582.46,336.53,245.93,Online
SAL00515,2024-02-27,STR09,CUS0207,PRD004,2,277.55,0.05,527.35,262.38,264.97,Online
SAL00516,2022-05-22,STR01,CUS0241,PRD056,3,434.96,0.05,1239.64,783.42,456.22,Store
SAL00517,2023-01-09,STR03,CUS0062,PRD070,1,326.09,0.1,293.48,220.82,72.66,Store
SAL00518,2025-03-28,STR02,CUS0205,PRD031,3,607.09,0.2,1457.02,935.4,521.62,Store
SAL00519,2022-05-03,STR03,CUS0057,PRD073,1,252.83,0.0,252.83,167.82,85.01,Online
SAL00520,2023-10-16,STR06,CUS0130,PRD060,1,118.37,0.1,106.53,77.73,28.8,App
SAL00521,2023-04-23,STR05,CUS0267,PRD076,1,841.57,0.15,715.33,383.22,332.11,Store
SAL00522,2025-01-13,STR08,CUS0128,PRD027,3,167.97,0.05,478.71,253.56,225.15,App
SAL00523,2023-06-01,STR06,CUS0005,PRD058,1,428.07,0.15,363.86,284.8,79.06,App
SAL00524,2023-10-12,STR10,CUS0251,PRD002,1,528.99,0.0,528.99,347.39,181.6,Store
SAL00525,2022-01-30,STR02,CUS0187,PRD052,3,660.22,0.0,1980.66,1179.57,801.09,Online
SAL00526,2022-04-08,STR08,CUS0021,PRD035,3,285.91,0.0,857.73,442.17,415.56,Online
SAL00527,2025-06-22,STR09,CUS0105,PRD068,1,193.87,0.15,164.79,136.34,28.45,App
SAL00528,2022-04-11,STR09,CUS0226,PRD039,1,267.3,0.15,227.21,176.25,50.96,Online
SAL00529,2024-06-27,STR01,CUS0101,PRD066,3,180.08,0.0,540.24,372.21,168.03,Online
SAL00530,2023-05-12,STR08,CUS0180,PRD067,2,338.84,0.0,677.68,382.56,295.12,Online
SAL00531,2023-02-19,STR12,CUS0146,PRD043,2,108.59,0.15,184.6,109.92,74.68,Store
SAL00532,2025-04-15,STR10,CUS0135,PRD038,2,588.04,0.0,1176.08,766.36,409.72,Online
SAL00533,2024-12-04,STR01,CUS0264,PRD024,2,582.46,0.1,1048.43,673.06,375.37,Store
SAL00534,2022-08-26,STR08,CUS0061,PRD025,2,395.29,0.1,711.52,509.58,201.94,App
SAL00535,2022-01-14,STR05,CUS0200,PRD032,2,570.78,0.0,1141.56,653.06,488.5,App
SAL00536,2022-08-25,STR08,CUS0220,PRD011,2,450.62,0.15,766.05,411.82,354.23,App
SAL00537,2024-01-20,STR05,CUS0258,PRD042,1,213.13,0.0,213.13,102.36,110.77,Online
SAL00538,2024-03-12,STR09,CUS0283,PRD006,2,365.95,0.15,622.12,413.5,208.62,App
SAL00539,2022-02-11,STR01,CUS0111,PRD041,1,500.06,0.0,500.06,248.09,251.97,Store
SAL00540,2025-07-14,STR11,CUS0237,PRD005,1,245.1,0.0,245.1,174.49,70.61,Online
SAL00541,2025-08-06,STR03,CUS0176,PRD001,1,769.25,0.05,730.79,373.76,357.03,App
SAL00542,2023-10-02,STR02,CUS0028,PRD080,2,390.71,0.15,664.21,357.38,306.83,Online
SAL00543,2024-03-22,STR11,CUS0106,PRD021,2,732.57,0.0,1465.14,777.38,687.76,Store
SAL00544,2023-12-24,STR07,CUS0206,PRD078,1,149.61,0.0,149.61,72.85,76.76,Store
SAL00545,2022-07-29,STR04,CUS0085,PRD003,-1,460.37,0.0,460.37,234.76,225.61,Online
SAL00546,2024-09-07,STR01,CUS0136,PRD046,3,533.74,0.0,1601.22,1047.75,553.47,Store
SAL00547,2025-05-09,STR06,CUS0061,PRD057,3,52.44,0.0,157.32,110.34,46.98,Store
SAL00548,2022-09-12,STR04,CUS0238,PRD024,1,582.46,0.0,582.46,336.53,245.93,Store
SAL00549,2022-02-09,STR11,CUS0075,PRD016,1,565.24,0.1,508.72,261.92,246.8,Online
SAL00550,2022-01-31,STR09,CUS0048,PRD028,2,167.14,0.0,334.28,163.54,170.74,Store
SAL00551,2023-11-08,STR03,CUS0150,PRD003,1,460.37,0.0,460.37,234.76,225.61,Store
SAL00552,2022-07-21,STR12,CUS0072,PRD069,2,393.75,0.0,787.5,422.46,365.04,App
SAL00553,2025-02-20,STR03,CUS0265,PRD050,1,289.93,0.2,231.94,202.54,29.4,Store
SAL00554,2022-06-01,STR02,CUS0271,PRD039,1,267.3,0.2,213.84,176.25,37.59,App
SAL00555,2022-10-14,STR04,CUS0291,PRD005,2,245.1,0.0,490.2,348.98,141.22,Online
SAL00556,2023-03-10,STR05,CUS0272,PRD039,4,267.3,0.15,908.82,705.0,203.82,Online
SAL00557,2022-10-18,STR06,CUS0265,PRD028,2,167.14,0.05,317.57,163.54,154.03,Online
SAL00558,2024-08-20,STR04,CUS0229,PRD077,1,517.67,0.1,465.9,306.08,159.82,App
SAL00559,2025-05-27,STR12,CUS0139,PRD020,2,144.97,0.0,289.94,152.4,137.54,App
SAL00560,2022-12-20,STR09,CUS0122,PRD042,2,213.13,0.2,341.01,204.72,136.29,Store
SAL00561,2023-09-29,STR09,CUS0044,PRD048,3,65.44,0.0,196.32,137.7,58.62,Online
SAL00562,2025-06-14,STR09,CUS0097,PRD019,4,404.77,0.2,1295.26,1117.32,177.94,Store
SAL00563,2023-04-06,STR03,CUS0141,PRD056,3,434.96,0.1,1174.39,783.42,390.97,Online
SAL00564,2023-12-31,STR06,CUS0259,PRD013,3,332.19,0.0,996.57,455.49,541.08,Online
SAL00565,2023-01-25,STR11,CUS0240,PRD047,2,470.23,0.05,893.44,600.4,293.04,App
SAL00566,2024-09-12,STR06,CUS0041,PRD068,1,193.87,0.0,193.87,136.34,57.53,App
SAL00567,2023-10-18,STR01,CUS0125,PRD006,2,365.95,0.1,658.71,413.5,245.21,Store
SAL00568,2023-11-09,STR12,CUS0217,PRD074,4,778.55,0.15,2647.07,1504.48,1142.59,App
SAL00569,2023-06-13,STR05,CUS0156,PRD043,3,108.59,0.15,276.9,164.88,112.02,App
SAL00570,2022-09-13,STR02,CUS0199,PRD059,4,494.95,0.15,1682.83,1141.32,541.51,Online
SAL00571,2022-08-17,STR09,CUS0151,PRD002,1,528.99,0.1,476.09,347.39,128.7,Online
SAL00572,2024-06-27,STR12,CUS0059,PRD075,1,453.11,0.2,362.49,269.73,92.76,Online
SAL00573,2025-03-19,STR10,CUS0262,PRD004,1,277.55,0.0,277.55,131.19,146.36,App
SAL00574,2023-01-07,STR07,CUS0148,PRD033,2,82.66,0.15,140.52,115.04,25.48,Online
SAL00575,2023-06-04,STR06,CUS0122,PRD006,1,365.95,0.0,365.95,206.75,159.2,Online
SAL00576,2024-02-11,STR06,CUS0185,PRD053,1,139.83,0.2,111.86,79.48,32.38,Online
SAL00577,2024-10-10,STR06,CUS0108,PRD077,1,517.67,0.2,414.14,306.08,108.06,Online
SAL00578,2023-02-16,STR02,CUS0262,PRD066,3,180.08,0.2,432.19,372.21,59.98,Store
SAL00579,2024-11-15,STR11,CUS0069,PRD065,2,361.03,0.0,722.06,513.04,209.02,Online
SAL00580,2025-06-14,STR05,CUS0169,PRD057,1,52.44,0.05,49.82,36.78,13.04,Online
SAL00581,2023-10-07,STR05,CUS0253,PRD064,1,508.25,0.0,508.25,292.5,215.75,App
SAL00582,2025-03-13,STR05,CUS0190,PRD024,2,582.46,0.15,990.18,673.06,317.12,Store
SAL00583,2023-07-15,STR09,CUS0112,PRD017,5,86.4,0.05,410.4,236.75,173.65,Store
SAL00584,2024-09-14,STR08,CUS0128,PRD037,1,72.87,0.1,65.58,49.29,16.29,Online
SAL00585,2024-12-14,STR01,CUS0020,PRD079,1,665.32,0.05,632.05,338.88,293.17,Store
SAL00586,2024-04-03,STR06,CUS0170,PRD037,2,72.87,0.1,131.17,98.58,32.59,Online
SAL00587,2024-03-13,STR10,CUS0159,PRD071,1,618.33,0.15,525.58,332.7,192.88,App
SAL00588,2023-07-22,STR05,CUS0237,PRD054,2,167.08,0.15,284.04,161.92,122.12,Store
SAL00589,2024-01-20,STR03,CUS0219,PRD056,1,434.96,0.0,434.96,261.14,173.82,App
SAL00590,2023-05-10,STR07,CUS0175,PRD073,1,252.83,0.15,214.91,167.82,47.09,Online
SAL00591,2024-04-16,STR06,CUS0079,PRD016,2,565.24,0.0,1130.48,523.84,606.64,App
SAL00592,2022-03-26,STR01,CUS0176,PRD029,2,318.8,0.0,637.6,341.6,296.0,Online
SAL00593,2022-08-10,STR05,CUS0229,PRD056,1,434.96,0.1,391.46,261.14,130.32,App
SAL00594,2022-02-14,STR05,CUS0193,PRD003,1,460.37,0.0,460.37,234.76,225.61,Store
SAL00595,2023-11-08,STR03,CUS0252,PRD020,1,144.97,0.15,123.22,76.2,47.02,Online
SAL00596,2024-02-15,STR04,CUS0185,PRD051,2,428.0,0.2,684.8,448.32,236.48,Store
SAL00597,2023-01-23,STR02,CUS0189,PRD037,1,72.87,0.15,61.94,49.29,12.65,App
SAL00598,2024-12-28,STR02,CUS0142,PRD026,4,434.62,0.05,1651.56,994.76,656.8,App
SAL00599,2024-05-02,STR06,CUS0029,PRD007,5,297.96,0.0,1489.8,868.9,620.9,Online
SAL00600,2025-06-29,STR04,CUS0285,PRD044,1,125.25,0.2,100.2,57.19,43.01,Online
SAL00601,2023-04-11,STR10,CUS0183,PRD046,3,533.74,0.0,1601.22,1047.75,553.47,Online
SAL00602,2022-02-09,STR02,CUS0096,PRD056,1,434.96,0.05,413.21,261.14,152.07,App
SAL00603,2022-08-26,STR06,CUS0105,PRD028,2,167.14,0.2,267.42,163.54,103.88,App
SAL00604,2023-03-03,STR07,CUS0213,PRD062,1,210.83,0.1,189.75,103.07,86.68,Store
SAL00605,2024-11-11,STR01,CUS0183,PRD072,2,499.84,0.0,999.68,600.8,398.88,App
SAL00606,2023-04-18,STR01,CUS0047,PRD075,1,453.11,0.1,407.8,269.73,138.07,Online
SAL00607,2022-04-07,STR04,CUS0151,PRD007,2,297.96,0.0,595.92,347.56,248.36,Online
SAL00608,2024-05-18,STR06,CUS0190,PRD012,1,580.87,0.15,493.74,387.01,106.73,Online
SAL00609,2023-05-07,STR03,CUS0165,PRD072,1,499.84,0.0,499.84,300.4,199.44,App
SAL00610,2024-10-27,STR10,CUS0234,PRD075,3,453.11,0.0,1359.33,809.19,550.14,Store
SAL00611,2022-06-11,STR07,CUS0285,PRD051,2,428.0,0.0,856.0,448.32,407.68,App
SAL00612,2023-02-26,STR11,CUS0036,PRD032,1,570.78,0.15,485.16,326.53,158.63,Online
SAL00613,2022-01-15,STR10,CUS0269,PRD005,2,245.1,0.1,441.18,348.98,92.2,App
SAL00614,2023-03-11,STR11,CUS0180,PRD070,3,326.09,0.15,831.53,662.46,169.07,Store
SAL00615,2023-09-08,STR06,CUS0018,PRD012,1,580.87,0.0,580.87,387.01,193.86,App
SAL00616,2024-11-17,STR02,CUS0041,PRD026,2,434.62,0.0,869.24,497.38,371.86,Online
SAL00617,2025-04-03,STR01,CUS0089,PRD027,1,167.97,0.0,167.97,84.52,83.45,Online
SAL00618,2024-01-13,STR01,CUS0025,PRD037,1,72.87,0.1,65.58,49.29,16.29,App
SAL00619,2023-05-25,STR12,CUS0122,PRD025,1,395.29,0.0,395.29,254.79,140.5,App
SAL00620,2024-03-06,STR08,CUS0125,PRD056,1,434.96,0.1,391.46,261.14,130.32,Store
SAL00621,2023-11-29,STR11,CUS0002,PRD024,1,582.46,0.15,495.09,336.53,158.56,Store
SAL00622,2022-05-17,STR11,CUS0287,PRD070,1,326.09,0.05,309.79,220.82,88.97,App
SAL00623,2023-01-03,STR09,CUS0033,PRD022,1,447.25,0.1,402.53,315.68,86.85,App
SAL00624,2024-03-14,STR05,CUS0271,PRD028,3,167.14,0.0,501.42,245.31,256.11,Online
SAL00625,2025-03-13,STR07,CUS0051,PRD067,1,338.84,0.2,271.07,191.28,79.79,Online
SAL00626,2025-02-10,STR04,CUS0207,PRD056,4,434.96,0.15,1478.86,1044.56,434.3,Online
SAL00627,2022-04-09,STR09,CUS0005,PRD018,1,703.6,0.0,703.6,337.92,365.68,Online
SAL00628,2025-03-26,STR03,CUS0048,PRD066,2,180.08,0.0,360.16,248.14,112.02,Store
SAL00629,2023-07-12,STR05,CUS0223,PRD052,1,660.22,0.05,627.21,393.19,234.02,Online
SAL00630,2024-09-26,STR05,CUS0212,PRD020,1,144.97,0.0,144.97,76.2,68.77,Store
SAL00631,2023-02-25,STR11,CUS0238,PRD033,2,82.66,0.1,148.79,115.04,33.75,Store
SAL00632,2023-02-28,STR10,CUS0254,PRD022,3,447.25,0.2,1073.4,947.04,126.36,Online
SAL00633,2022-09-18,STR08,CUS0123,PRD053,1,139.83,0.1,125.85,79.48,46.37,App
SAL00634,2024-11-27,STR02,CUS0266,PRD042,5,213.13,0.15,905.8,511.8,394.0,App
SAL00635,2023-10-22,STR08,CUS0243,PRD071,1,618.33,0.2,494.66,332.7,161.96,Online
SAL00636,2025-08-02,STR03,CUS0291,PRD035,1,285.91,0.0,285.91,147.39,138.52,Online
SAL00637,2023-07-11,STR11,CUS0229,PRD068,3,193.87,0.0,581.61,409.02,172.59,Online
SAL00638,2022-06-14,STR10,CUS0197,PRD033,1,82.66,0.0,82.66,57.52,25.14,App
SAL00639,2022-08-15,STR04,CUS0172,PRD079,1,665.32,0.0,665.32,338.88,326.44,Online
SAL00640,2023-03-09,STR07,CUS0224,PRD043,2,108.59,0.0,217.18,109.92,107.26,App
SAL00641,2023-05-22,STR10,CUS0101,PRD019,1,404.77,0.0,404.77,279.33,125.44,Store
SAL00642,2024-02-02,STR10,CUS0194,PRD020,3,144.97,0.2,347.93,228.6,119.33,Store
SAL00643,2023-01-12,STR07,CUS0290,PRD072,2,499.84,0.0,999.68,600.8,398.88,App
SAL00644,2024-04-30,STR07,CUS0200,PRD050,1,289.93,0.15,246.44,202.54,43.9,App
SAL00645,2025-02-05,STR11,CUS0063,PRD009,4,337.72,0.1,1215.79,911.96,303.83,Store
SAL00646,2025-07-30,STR03,CUS0296,PRD018,2,703.6,0.0,1407.2,675.84,731.36,App
SAL00647,2025-04-20,STR07,CUS0137,PRD018,1,703.6,0.1,633.24,337.92,295.32,Online
SAL00648,2023-01-11,STR01,CUS0096,PRD018,3,703.6,0.0,2110.8,1013.76,1097.04,Online
SAL00649,2025-01-17,STR08,CUS0118,PRD027,1,167.97,0.15,142.77,84.52,58.25,App
SAL00650,2023-06-17,STR07,CUS0028,PRD035,4,285.91,0.15,972.09,589.56,382.53,App
SAL00651,2025-03-30,STR09,CUS0105,PRD009,1,337.72,0.05,320.83,227.99,92.84,Online
SAL00652,2025-04-28,STR06,CUS0267,PRD039,1,267.3,0.05,253.94,176.25,77.69,App
SAL00653,2022-02-21,STR05,CUS0027,PRD032,1,570.78,0.2,456.62,326.53,130.09,Online
SAL00654,2024-05-02,STR07,CUS0300,PRD042,1,213.13,0.15,181.16,102.36,78.8,Online
SAL00655,2022-04-02,STR11,CUS0205,PRD058,1,428.07,0.2,342.46,284.8,57.66,App
SAL00656,2022-05-06,STR09,CUS0236,PRD048,1,65.44,0.05,62.17,45.9,16.27,App
SAL00657,2024-11-26,STR06,CUS0028,PRD001,4,769.25,0.0,3077.0,1495.04,1581.96,Store
SAL00658,2024-08-14,STR11,CUS0203,PRD017,2,86.4,0.15,146.88,94.7,52.18,Online
SAL00659,2022-12-30,STR11,CUS0134,PRD055,1,402.22,0.0,402.22,211.32,190.9,App
SAL00660,2024-09-23,STR07,CUS0110,PRD034,2,539.68,0.0,1079.36,583.58,495.78,Store
SAL00661,2023-06-14,STR06,CUS0019,PRD060,1,118.37,0.05,112.45,77.73,34.72,Store
SAL00662,2024-01-06,STR06,CUS0223,PRD033,2,82.66,0.0,165.32,115.04,50.28,Online
SAL00663,2023-02-19,STR01,CUS0091,PRD033,1,82.66,0.0,82.66,57.52,25.14,Online
SAL00664,2024-03-20,STR11,CUS0045,PRD020,2,144.97,0.1,260.95,152.4,108.55,Online
SAL00665,2023-06-04,STR08,CUS0129,PRD057,1,52.44,0.15,44.57,36.78,7.79,Store
SAL00666,2024-07-09,STR01,CUS0071,PRD048,1,65.44,0.0,65.44,45.9,19.54,Online
SAL00667,2023-08-24,STR02,CUS0295,PRD011,1,450.62,0.1,405.56,205.91,199.65,App
SAL00668,2025-01-26,STR06,CUS0012,PRD045,1,74.57,0.05,70.84,34.38,36.46,Online
SAL00669,2025-07-02,STR04,CUS0121,PRD013,4,332.19,0.0,1328.76,607.32,721.44,App
SAL00670,2022-06-10,STR09,CUS0026,PRD041,2,500.06,0.0,1000.12,496.18,503.94,App
SAL00671,2023-05-10,STR03,CUS0097,PRD034,1,539.68,0.2,431.74,291.79,139.95,Store
SAL00672,2024-03-27,STR08,CUS0257,PRD073,2,252.83,0.05,480.38,335.64,144.74,Online
SAL00673,2022-02-08,STR08,CUS0096,PRD027,1,167.97,0.15,142.77,84.52,58.25,App
SAL00674,2022-03-05,STR03,CUS0143,PRD007,3,297.96,0.0,893.88,521.34,372.54,Store
SAL00675,2022-01-14,STR01,CUS0050,PRD071,1,618.33,0.05,587.41,332.7,254.71,Store
SAL00676,2022-05-19,STR12,CUS0040,PRD065,1,361.03,0.2,288.82,256.52,32.3,Online
SAL00677,2023-03-03,STR06,CUS0020,PRD006,1,365.95,0.0,365.95,206.75,159.2,Store
SAL00678,2024-06-28,STR09,CUS0042,PRD078,1,149.61,0.0,149.61,72.85,76.76,Online
SAL00679,2023-07-30,STR10,CUS0152,PRD059,1,494.95,0.2,395.96,285.33,110.63,Online
SAL00680,2022-08-13,STR06,CUS0011,PRD047,1,470.23,0.2,376.18,300.2,75.98,Store
SAL00681,2022-09-10,STR12,CUS0010,PRD061,2,60.41,0.0,120.82,62.08,58.74,Online
SAL00682,2025-04-07,STR02,CUS0220,PRD079,2,665.32,0.0,1330.64,677.76,652.88,Online
SAL00683,2023-05-03,STR09,CUS0163,PRD028,3,167.14,0.2,401.14,245.31,155.83,Store
SAL00684,2025-04-08,STR01,CUS0160,PRD006,1,365.95,0.15,311.06,206.75,104.31,Online
SAL00685,2025-08-01,STR02,CUS0188,PRD062,2,210.83,0.0,421.66,206.14,215.52,Store
SAL00686,2025-05-19,STR01,CUS0040,PRD055,1,402.22,0.1,362.0,211.32,150.68,Store
SAL00687,2025-02-21,STR07,CUS0056,PRD018,5,703.6,0.1,3166.2,1689.6,1476.6,App
SAL00688,2022-12-10,STR06,CUS0148,PRD059,2,494.95,0.2,791.92,570.66,221.26,Store
SAL00689,2024-11-03,STR05,CUS0057,PRD059,1,494.95,0.05,470.2,285.33,184.87,Store
SAL00690,2022-05-27,STR05,CUS0023,PRD020,3,144.97,0.0,434.91,228.6,206.31,Store
SAL00691,2025-06-06,STR08,CUS0065,PRD079,3,665.32,0.0,1995.96,1016.64,979.32,Store
SAL00692,2022-04-10,STR07,CUS0092,PRD012,1,580.87,0.05,551.83,387.01,164.82,Online
SAL00693,2023-03-12,STR01,CUS0204,PRD045,3,74.57,0.0,223.71,103.14,120.57,Store
SAL00694,2024-03-21,STR02,CUS0206,PRD026,1,434.62,0.05,412.89,248.69,164.2,Online
SAL00695,2024-12-10,STR01,CUS0262,PRD044,1,125.25,0.05,118.99,57.19,61.8,Store
SAL00696,2022-12-23,STR06,CUS0233,PRD033,1,82.66,0.0,82.66,57.52,25.14,Online
SAL00697,2022-08-14,STR08,CUS0216,PRD020,1,144.97,0.0,144.97,76.2,68.77,Store
SAL00698,2022-07-02,STR11,CUS0208,PRD031,3,607.09,0.05,1730.21,935.4,794.81,App
SAL00699,2023-09-02,STR08,CUS0074,PRD008,2,439.89,0.15,747.81,513.14,234.67,Online
SAL00700,2022-06-16,STR01,CUS0004,PRD015,1,339.66,0.0,339.66,183.65,156.01,App
SAL00701,2025-02-13,STR08,CUS0282,PRD056,1,434.96,0.0,434.96,261.14,173.82,Online
SAL00702,2024-09-22,STR06,CUS0002,PRD075,1,453.11,0.05,430.45,269.73,160.72,Store
SAL00703,2025-03-19,STR02,CUS0092,PRD010,2,307.16,0.15,522.17,326.86,195.31,App
SAL00704,2025-06-30,STR08,CUS0197,PRD012,1,580.87,0.2,464.7,387.01,77.69,App
SAL00705,2023-07-01,STR03,CUS0104,PRD077,1,517.67,0.0,517.67,306.08,211.59,Online
SAL00706,2023-08-14,STR04,CUS0295,PRD025,3,395.29,0.2,948.7,764.37,184.33,App
SAL00707,2022-06-11,STR11,CUS0009,PRD030,1,396.17,0.2,316.94,240.04,76.9,Online
SAL00708,2023-11-29,STR05,CUS0272,PRD035,1,285.91,0.15,243.02,147.39,95.63,App
SAL00709,2024-02-03,STR07,CUS0042,PRD041,3,500.06,0.0,1500.18,744.27,755.91,Online
SAL00710,2024-05-24,STR10,CUS0227,PRD008,1,439.89,0.0,439.89,256.57,183.32,Store
SAL00711,2025-07-14,STR12,CUS0056,PRD019,4,404.77,0.1,1457.17,1117.32,339.85,Store
SAL00712,2023-03-02,STR05,CUS0076,PRD005,4,245.1,0.0,980.4,697.96,282.44,Online
SAL00713,2024-08-24,STR12,CUS0212,PRD034,2,539.68,0.1,971.42,583.58,387.84,Online
SAL00714,2022-10-26,STR10,CUS0057,PRD043,1,108.59,0.0,108.59,54.96,53.63,Store
SAL00715,2022-12-15,STR02,CUS0156,PRD005,3,245.1,0.2,588.24,523.47,64.77,App
SAL00716,2023-01-27,STR12,CUS0166,PRD009,1,337.72,0.0,337.72,227.99,109.73,App
SAL00717,2022-04-20,STR06,CUS0017,PRD065,1,361.03,0.0,361.03,256.52,104.51,Store
SAL00718,2024-01-09,STR04,CUS0114,PRD078,2,149.61,0.0,299.22,145.7,153.52,Online
SAL00719,2025-02-27,STR04,CUS0127,PRD047,4,470.23,0.05,1786.87,1200.8,586.07,Store
SAL00720,2024-05-21,STR06,CUS0004,PRD031,4,607.09,0.05,2306.94,1247.2,1059.74,App
SAL00721,2024-08-30,STR04,CUS0155,PRD048,1,65.44,0.05,62.17,45.9,16.27,App
SAL00722,2022-09-30,STR10,CUS0002,PRD007,3,297.96,0.2,715.1,521.34,193.76,App
SAL00723,2022-04-14,STR07,CUS0062,PRD037,1,72.87,0.2,58.3,49.29,9.01,Online
SAL00724,2025-07-08,STR08,CUS0231,PRD030,1,396.17,0.0,396.17,240.04,156.13,App
SAL00725,2022-03-21,STR08,CUS0050,PRD019,2,404.77,0.0,809.54,558.66,250.88,App
SAL00726,2022-01-18,STR01,CUS0226,PRD035,3,285.91,0.0,857.73,442.17,415.56,Store
SAL00727,2022-10-13,STR09,CUS0087,PRD044,2,125.25,0.15,212.92,114.38,98.54,Store
SAL00728,2024-12-18,STR12,CUS0290,PRD028,4,167.14,0.05,635.13,327.08,308.05,Store
SAL00729,2022-09-06,STR06,CUS0277,PRD058,1,428.07,0.05,406.67,284.8,121.87,App
SAL00730,2022-05-19,STR07,CUS0233,PRD014,1,469.29,0.1,422.36,320.0,102.36,Online
SAL00731,2022-10-03,STR06,CUS0019,PRD048,1,65.44,0.1,58.9,45.9,13.0,Store
SAL00732,2024-02-20,STR12,CUS0122,PRD064,1,508.25,0.2,406.6,292.5,114.1,App
SAL00733,2023-11-29,STR12,CUS0016,PRD031,2,607.09,0.0,1214.18,623.6,590.58,Store
SAL00734,2025-02-08,STR10,CUS0186,PRD045,3,74.57,0.0,223.71,103.14,120.57,Online
SAL00735,2024-10-02,STR04,CUS0281,PRD078,2,149.61,0.0,299.22,145.7,153.52,App
SAL00736,2023-02-17,STR10,CUS0250,PRD010,1,307.16,0.0,307.16,163.43,143.73,Online
SAL00737,2023-08-24,STR01,CUS0256,PRD037,1,72.87,0.1,65.58,49.29,16.29,App
SAL00738,2022-07-23,STR01,CUS0154,PRD033,1,82.66,0.05,78.53,57.52,21.01,Online
SAL00739,2023-10-29,STR03,CUS0182,PRD038,2,588.04,0.15,999.67,766.36,233.31,Online
SAL00740,2025-04-23,STR06,CUS0104,PRD074,1,778.55,0.05,739.62,376.12,363.5,Store
SAL00741,2022-10-17,STR06,CUS0196,PRD064,3,508.25,0.0,1524.75,877.5,647.25,App
SAL00742,2023-04-26,STR03,CUS0201,PRD034,3,539.68,0.2,1295.23,875.37,419.86,Store
SAL00743,2025-07-13,STR11,CUS0276,PRD061,1,60.41,0.0,60.41,31.04,29.37,Online
SAL00744,2025-02-21,STR08,CUS0094,PRD019,1,404.77,0.0,404.77,279.33,125.44,App
SAL00745,2023-11-10,STR01,CUS0211,PRD021,2,732.57,0.2,1172.11,777.38,394.73,Store
SAL00746,2024-10-28,STR02,CUS0034,PRD050,1,289.93,0.1,260.94,202.54,58.4,Online
SAL00747,2022-09-06,STR12,CUS0011,PRD066,2,180.08,0.0,360.16,248.14,112.02,Store
SAL00748,2023-01-03,STR07,CUS0113,PRD078,1,149.61,0.2,119.69,72.85,46.84,Store
SAL00749,2022-08-06,STR10,CUS0035,PRD076,2,841.57,0.0,1683.14,766.44,916.7,App
SAL00750,2023-02-11,STR02,CUS0285,PRD001,3,769.25,0.15,1961.59,1121.28,840.31,Online
SAL00751,2025-02-23,STR04,CUS0026,PRD007,2,297.96,0.0,595.92,347.56,248.36,Online
SAL00752,2024-05-07,STR09,CUS0087,PRD052,1,660.22,0.0,660.22,393.19,267.03,Online
SAL00753,2022-07-14,STR08,CUS0237,PRD068,2,193.87,0.2,310.19,272.68,37.51,Online
SAL00754,2025-03-04,STR02,CUS0026,PRD064,2,508.25,0.0,1016.5,585.0,431.5,App
SAL00755,2024-09-11,STR03,CUS0238,PRD076,1,841.57,0.15,715.33,383.22,332.11,Online
SAL00756,2022-11-15,STR02,CUS0067,PRD065,1,361.03,0.0,361.03,256.52,104.51,App
SAL00757,2025-03-27,STR11,CUS0219,PRD043,1,108.59,0.15,92.3,54.96,37.34,App
SAL00758,2022-09-05,STR05,CUS0206,PRD077,1,517.67,0.05,491.79,306.08,185.71,Store
SAL00759,2022-02-07,STR04,CUS0231,PRD063,4,447.14,0.15,1520.28,1255.92,264.36,Online
SAL00760,2024-05-25,STR07,CUS0186,PRD077,2,517.67,0.15,880.04,612.16,267.88,App
SAL00761,2023-08-22,STR03,CUS0086,PRD015,2,339.66,0.0,679.32,367.3,312.02,Online
SAL00762,2022-12-18,STR06,CUS0105,PRD016,2,565.24,0.05,1073.96,523.84,550.12,Store
SAL00763,2025-05-10,STR05,CUS0236,PRD073,1,252.83,0.15,214.91,167.82,47.09,App
SAL00764,2022-04-22,STR06,CUS0090,PRD079,1,665.32,0.0,665.32,338.88,326.44,Store
SAL00765,2023-07-25,STR02,CUS0183,PRD064,1,508.25,0.05,482.84,292.5,190.34,Online
SAL00766,2022-07-19,STR07,CUS0269,PRD035,2,285.91,0.15,486.05,294.78,191.27,Online
SAL00767,2023-10-26,STR09,CUS0186,PRD025,2,395.29,0.0,790.58,509.58,281.0,App
SAL00768,2023-11-03,STR08,CUS0058,PRD017,3,86.4,0.15,220.32,142.05,78.27,Online
SAL00769,2022-03-12,STR08,CUS0261,PRD034,2,539.68,0.0,1079.36,583.58,495.78,Online
SAL00770,2022-12-27,STR06,CUS0123,PRD058,1,428.07,0.2,342.46,284.8,57.66,App
SAL00771,2022-05-10,STR11,CUS0171,PRD080,1,390.71,0.1,351.64,178.69,172.95,Online
SAL00772,2024-05-07,STR04,CUS0275,PRD028,2,167.14,0.0,334.28,163.54,170.74,Online
SAL00773,2024-08-25,STR10,CUS0297,PRD078,2,149.61,0.05,284.26,145.7,138.56,Store
SAL00774,2023-07-13,STR03,CUS0180,PRD023,1,336.46,0.2,269.17,224.72,44.45,Store
SAL00775,2023-01-24,STR01,CUS0103,PRD011,3,450.62,0.15,1149.08,617.73,531.35,Online
SAL00776,2023-06-17,STR11,CUS0219,PRD033,1,82.66,0.1,74.39,57.52,16.87,Store
SAL00777,2024-02-25,STR08,CUS0196,PRD020,1,144.97,0.0,144.97,76.2,68.77,App
SAL00778,2023-12-02,STR07,CUS0292,PRD012,2,580.87,0.1,1045.57,774.02,271.55,App
SAL00779,2023-10-15,STR06,CUS0108,PRD025,2,395.29,0.0,790.58,509.58,281.0,App
SAL00780,2023-07-28,STR11,CUS0109,PRD005,1,245.1,0.0,245.1,174.49,70.61,Store
SAL00781,2024-06-19,STR09,CUS0245,PRD072,1,499.84,0.0,499.84,300.4,199.44,Store
SAL00782,2024-05-04,STR09,CUS0202,PRD042,1,213.13,0.0,213.13,102.36,110.77,App
SAL00783,2025-06-21,STR04,CUS0192,PRD062,1,210.83,0.0,210.83,103.07,107.76,Online
SAL00784,2022-10-18,STR07,CUS0092,PRD043,2,108.59,0.15,184.6,109.92,74.68,Store
SAL00785,2022-03-12,STR10,CUS0070,PRD007,1,297.96,0.15,253.27,173.78,79.49,Online
SAL00786,2022-02-17,STR05,CUS0252,PRD071,4,618.33,0.05,2349.65,1330.8,1018.85,App
SAL00787,2022-12-18,STR03,CUS0059,PRD016,1,565.24,0.1,508.72,261.92,246.8,Store
SAL00788,2022-03-29,STR05,CUS0101,PRD052,2,660.22,0.15,1122.37,786.38,335.99,Online
SAL00789,2022-05-14,STR04,CUS0232,PRD016,1,565.24,0.1,508.72,261.92,246.8,Store
SAL00790,2022-10-27,STR10,CUS0071,PRD017,3,86.4,0.0,259.2,142.05,117.15,Store
SAL00791,2024-03-30,STR09,CUS0236,PRD057,1,52.44,0.05,49.82,36.78,13.04,Online
SAL00792,2024-08-04,STR10,CUS0126,PRD002,1,528.99,0.15,449.64,347.39,102.25,Online
SAL00793,2023-06-03,STR11,CUS0192,PRD057,1,52.44,0.15,44.57,36.78,7.79,Store
SAL00794,2022-05-14,STR08,CUS0167,PRD041,3,500.06,0.15,1275.15,744.27,530.88,App
SAL00795,2024-08-28,STR10,CUS0248,PRD064,2,508.25,0.0,1016.5,585.0,431.5,Online
SAL00796,2025-03-08,STR02,CUS0105,PRD039,2,267.3,0.0,534.6,352.5,182.1,App
SAL00797,2022-12-21,STR05,CUS0109,PRD039,2,267.3,0.15,454.41,352.5,101.91,Online
SAL00798,2022-09-29,STR04,CUS0180,PRD027,4,167.97,0.1,604.69,338.08,266.61,App
SAL00799,2024-11-04,STR12,CUS0036,PRD010,2,307.16,0.0,614.32,326.86,287.46,Online
SAL00800,2023-04-05,STR10,CUS0017,PRD046,2,533.74,0.0,1067.48,698.5,368.98,Online
SAL00801,2023-01-16,STR10,CUS0026,PRD021,1,732.57,0.0,732.57,388.69,343.88,App
SAL00802,2024-02-28,STR07,CUS0097,PRD005,1,245.1,0.1,220.59,174.49,46.1,App
SAL00803,2024-08-28,STR11,CUS0231,PRD048,1,65.44,0.0,65.44,45.9,19.54,Online
SAL00804,2022-05-05,STR04,CUS0132,PRD024,2,582.46,0.0,1164.92,673.06,491.86,App
SAL00805,2023-10-28,STR09,CUS0209,PRD013,1,332.19,0.05,315.58,151.83,163.75,Online
SAL00806,2024-07-15,STR09,CUS0267,PRD001,2,769.25,0.0,1538.5,747.52,790.98,Online
SAL00807,2023-09-23,STR10,CUS0205,PRD003,3,460.37,0.2,1104.89,704.28,400.61,Online
SAL00808,2023-02-08,STR11,CUS0297,PRD030,1,396.17,0.0,396.17,240.04,156.13,Online
SAL00809,2025-04-13,STR12,CUS0031,PRD014,3,469.29,0.0,1407.87,960.0,447.87,Store
SAL00810,2022-11-12,STR08,CUS0075,PRD039,1,267.3,0.2,213.84,176.25,37.59,App
SAL00811,2023-02-21,STR05,CUS0243,PRD076,3,841.57,0.1,2272.24,1149.66,1122.58,Store
SAL00812,2022-04-02,STR10,CUS0143,PRD045,1,74.57,0.0,74.57,34.38,40.19,Store
SAL00813,2022-09-05,STR09,CUS0055,PRD001,1,769.25,0.2,615.4,373.76,241.64,Store
SAL00814,2025-04-04,STR11,CUS0280,PRD065,4,361.03,0.1,1299.71,1026.08,273.63,Online
SAL00815,2022-07-07,STR04,CUS0059,PRD079,2,665.32,0.0,1330.64,677.76,652.88,App
SAL00816,2022-01-17,STR06,CUS0126,PRD076,2,841.57,0.05,1598.98,766.44,832.54,Online
SAL00817,2023-09-20,STR05,CUS0271,PRD027,4,167.97,0.2,537.5,338.08,199.42,App
SAL00818,2023-03-18,STR02,CUS0052,PRD010,1,307.16,0.0,307.16,163.43,143.73,App
SAL00819,2022-08-23,STR04,CUS0020,PRD064,2,508.25,0.0,1016.5,585.0,431.5,Online
SAL00820,2022-12-15,STR01,CUS0203,PRD048,2,65.44,0.15,111.25,91.8,19.45,Store
SAL00821,2022-04-12,STR11,CUS0147,PRD053,4,139.83,0.0,559.32,317.92,241.4,Online
SAL00822,2024-06-16,STR06,CUS0155,PRD024,3,582.46,0.0,1747.38,1009.59,737.79,Online
SAL00823,2025-02-01,STR01,CUS0084,PRD054,2,167.08,0.0,334.16,161.92,172.24,Store
SAL00824,2024-02-25,STR12,CUS0175,PRD030,1,396.17,0.0,396.17,240.04,156.13,Online
SAL00825,2025-07-05,STR03,CUS0087,PRD080,3,390.71,0.15,996.31,536.07,460.24,Store
SAL00826,2024-02-10,STR01,CUS0146,PRD073,1,252.83,0.05,240.19,167.82,72.37,Store
SAL00827,2023-10-08,STR11,CUS0127,PRD057,1,52.44,0.0,52.44,36.78,15.66,Store
SAL00828,2022-11-24,STR07,CUS0198,PRD036,4,638.05,0.0,2552.2,1260.96,1291.24,App
SAL00829,2022-05-25,STR08,CUS0133,PRD044,2,125.25,0.15,212.92,114.38,98.54,Store
SAL00830,2024-12-18,STR01,CUS0214,PRD007,1,297.96,0.2,238.37,173.78,64.59,Store
SAL00831,2024-01-20,STR02,CUS0270,PRD074,2,778.55,0.0,1557.1,752.24,804.86,Online
SAL00832,2025-08-02,STR02,CUS0184,PRD074,2,778.55,0.05,1479.24,752.24,727.0,Store
SAL00833,2025-01-09,STR02,CUS0069,PRD044,1,125.25,0.0,125.25,57.19,68.06,App
SAL00834,2023-11-26,STR01,CUS0091,PRD011,1,450.62,0.0,450.62,205.91,244.71,Store
SAL00835,2022-08-10,STR08,CUS0055,PRD038,3,588.04,0.0,1764.12,1149.54,614.58,Online
SAL00836,2022-07-13,STR09,CUS0197,PRD009,4,337.72,0.0,1350.88,911.96,438.92,App
SAL00837,2022-05-05,STR05,CUS0224,PRD044,2,125.25,0.15,212.92,114.38,98.54,Store
SAL00838,2023-02-07,STR05,CUS0172,PRD068,1,193.87,0.0,193.87,136.34,57.53,Store
SAL00839,2024-08-31,STR07,CUS0101,PRD028,1,167.14,0.05,158.78,81.77,77.01,Online
SAL00840,2023-08-22,STR09,CUS0072,PRD002,1,528.99,0.0,528.99,347.39,181.6,App
SAL00841,2024-08-29,STR07,CUS0169,PRD009,2,337.72,0.15,574.12,455.98,118.14,Online
SAL00842,2025-08-01,STR08,CUS0060,PRD071,2,618.33,0.15,1051.16,665.4,385.76,App
SAL00843,2022-12-07,STR12,CUS0192,PRD013,1,332.19,0.05,315.58,151.83,163.75,App
SAL00844,2023-10-06,STR01,CUS0290,PRD022,1,447.25,0.15,380.16,315.68,64.48,Online
SAL00845,2023-04-27,STR10,CUS0156,PRD023,5,336.46,0.0,1682.3,1123.6,558.7,Store
SAL00846,2022-01-18,STR02,CUS0300,PRD011,3,450.62,0.15,1149.08,617.73,531.35,App
SAL00847,2023-04-12,STR03,CUS0145,PRD014,2,469.29,0.1,844.72,640.0,204.72,App
SAL00848,2024-07-27,STR09,CUS0139,PRD078,3,149.61,0.0,448.83,218.55,230.28,Online
SAL00849,2025-03-24,STR01,CUS0146,PRD015,1,339.66,0.2,271.73,183.65,88.08,Store
SAL00850,2024-10-20,STR06,CUS0263,PRD028,2,167.14,0.15,284.14,163.54,120.6,App
SAL00851,2025-02-06,STR10,CUS0296,PRD051,3,428.0,0.0,1284.0,672.48,611.52,App
SAL00852,2025-04-07,STR03,CUS0146,PRD016,1,565.24,0.05,536.98,261.92,275.06,Online
SAL00853,2024-02-27,STR02,CUS0003,PRD020,3,144.97,0.2,347.93,228.6,119.33,Store
SAL00854,2022-05-30,STR08,CUS0056,PRD004,2,277.55,0.0,555.1,262.38,292.72,Store
SAL00855,2024-06-25,STR10,CUS0027,PRD020,2,144.97,0.1,260.95,152.4,108.55,App
SAL00856,2024-08-20,STR07,CUS0158,PRD039,1,267.3,0.1,240.57,176.25,64.32,App
SAL00857,2022-01-28,STR07,CUS0267,PRD066,1,180.08,0.05,171.08,124.07,47.01,Online
SAL00858,2025-07-17,STR09,CUS0153,PRD080,1,390.71,0.0,390.71,178.69,212.02,App
SAL00859,2025-02-05,STR08,CUS0076,PRD070,2,326.09,0.0,652.18,441.64,210.54,App
SAL00860,2024-05-21,STR11,CUS0127,PRD016,5,565.24,0.05,2684.89,1309.6,1375.29,Online
SAL00861,2022-07-07,STR07,CUS0053,PRD042,1,213.13,0.0,213.13,102.36,110.77,Online
SAL00862,2023-10-21,STR06,CUS0064,PRD074,1,778.55,0.0,778.55,376.12,402.43,Store
SAL00863,2022-11-20,STR11,CUS0287,PRD015,1,339.66,0.0,339.66,183.65,156.01,Store
SAL00864,2024-09-06,STR01,CUS0098,PRD013,4,332.19,0.1,1195.88,607.32,588.56,Online
SAL00865,2025-07-10,STR02,CUS0112,PRD018,2,703.6,0.0,1407.2,675.84,731.36,Online
SAL00866,2023-04-21,STR04,CUS0088,PRD069,1,393.75,0.0,393.75,211.23,182.52,Store
SAL00867,2024-09-11,STR12,CUS0129,PRD070,5,326.09,0.0,1630.45,1104.1,526.35,App
SAL00868,2022-09-14,STR12,CUS0076,PRD017,1,86.4,0.15,73.44,47.35,26.09,Online
SAL00869,2025-06-16,STR07,CUS0090,PRD051,3,428.0,0.05,1219.8,672.48,547.32,Store
SAL00870,2024-04-24,STR01,CUS0081,PRD032,2,570.78,0.0,1141.56,653.06,488.5,Online
SAL00871,2025-06-30,STR03,CUS0130,PRD032,2,570.78,0.0,1141.56,653.06,488.5,App
SAL00872,2025-03-05,STR01,CUS0226,PRD055,1,402.22,0.2,321.78,211.32,110.46,Online
SAL00873,2024-06-16,STR01,CUS0198,PRD061,1,60.41,0.0,60.41,31.04,29.37,Store
SAL00874,2025-04-03,STR11,CUS0102,PRD080,4,390.71,0.15,1328.41,714.76,613.65,App
SAL00875,2023-08-17,STR08,CUS0275,PRD076,1,841.57,0.15,715.33,383.22,332.11,App
SAL00876,2025-06-20,STR08,CUS0203,PRD055,1,402.22,0.0,402.22,211.32,190.9,Store
SAL00877,2023-11-28,STR08,CUS0256,PRD070,1,326.09,0.2,260.87,220.82,40.05,Store
SAL00878,2022-12-17,STR08,CUS0021,PRD010,1,307.16,0.15,261.09,163.43,97.66,Online
SAL00879,2024-06-16,STR12,CUS0150,PRD023,2,336.46,0.0,672.92,449.44,223.48,Store
SAL00880,2025-03-19,STR12,CUS0112,PRD031,1,607.09,0.0,607.09,311.8,295.29,Online
SAL00881,2023-06-01,STR12,CUS0010,PRD010,1,307.16,0.15,261.09,163.43,97.66,App
SAL00882,2023-07-06,STR05,CUS0075,PRD064,1,508.25,0.2,406.6,292.5,114.1,Online
SAL00883,2025-08-06,STR05,CUS0177,PRD018,1,703.6,0.0,703.6,337.92,365.68,Online
SAL00884,2023-02-13,STR02,CUS0149,PRD045,1,74.57,0.05,70.84,34.38,36.46,App
SAL00885,2022-02-24,STR10,CUS0107,PRD069,1,393.75,0.0,393.75,211.23,182.52,Online
SAL00886,2023-11-19,STR10,CUS0120,PRD056,1,434.96,0.1,391.46,261.14,130.32,Online
SAL00887,2023-03-30,STR09,CUS0113,PRD024,2,582.46,0.15,990.18,673.06,317.12,Store
SAL00888,2024-03-20,STR09,CUS0087,PRD071,1,618.33,0.1,556.5,332.7,223.8,Store
SAL00889,2023-07-28,STR11,CUS0099,PRD049,2,535.39,0.15,910.16,487.74,422.42,Store
SAL00890,2023-08-25,STR11,CUS0282,PRD059,1,494.95,0.05,470.2,285.33,184.87,App
SAL00891,2025-07-03,STR12,CUS0245,PRD003,1,460.37,0.0,460.37,234.76,225.61,Online
SAL00892,2024-11-13,STR06,CUS0119,PRD024,4,582.46,0.05,2213.35,1346.12,867.23,App
SAL00893,2023-01-17,STR09,CUS0041,PRD030,1,396.17,0.1,356.55,240.04,116.51,App
SAL00894,2025-07-05,STR04,CUS0297,PRD048,1,65.44,0.0,65.44,45.9,19.54,Store
SAL00895,2023-10-22,STR10,CUS0297,PRD055,3,402.22,0.0,1206.66,633.96,572.7,App
SAL00896,2024-06-25,STR06,CUS0098,PRD011,3,450.62,0.0,1351.86,617.73,734.13,Online
SAL00897,2023-09-09,STR06,CUS0030,PRD060,1,118.37,0.0,118.37,77.73,40.64,Online
SAL00898,2022-07-18,STR08,CUS0254,PRD001,1,769.25,0.0,769.25,373.76,395.49,Store
SAL00899,2025-07-01,STR05,CUS0283,PRD072,2,499.84,0.1,899.71,600.8,298.91,Online
SAL00900,2024-04-04,STR04,CUS0205,PRD074,1,778.55,0.2,622.84,376.12,246.72,Online
SAL00901,2024-05-28,STR09,CUS0194,PRD059,1,494.95,0.05,470.2,285.33,184.87,App
SAL00902,2023-02-06,STR02,CUS0065,PRD054,2,167.08,0.0,334.16,161.92,172.24,App
SAL00903,2023-01-17,STR10,CUS0167,PRD002,1,528.99,0.0,528.99,347.39,181.6,Store
SAL00904,2024-11-23,STR09,CUS0132,PRD079,3,665.32,0.0,1995.96,1016.64,979.32,App
SAL00905,2022-01-21,STR12,CUS0143,PRD046,-1,533.74,0.0,1067.48,698.5,368.98,Store
SAL00906,2022-02-24,STR06,CUS0299,PRD048,5,65.44,0.0,327.2,229.5,97.7,Store
SAL00907,2023-01-10,STR12,CUS0097,PRD026,1,434.62,0.0,434.62,248.69,185.93,App
SAL00908,2024-02-24,STR06,CUS0035,PRD042,1,213.13,0.0,213.13,102.36,110.77,Store
SAL00909,2022-03-12,STR04,CUS0212,PRD075,1,453.11,0.15,385.14,269.73,115.41,App
SAL00910,2023-02-09,STR12,CUS0057,PRD046,1,533.74,0.15,453.68,349.25,104.43,Store
SAL00911,2023-07-23,STR08,CUS0211,PRD004,2,277.55,0.0,555.1,262.38,292.72,Online
SAL00912,2024-05-22,STR07,CUS0118,PRD014,1,469.29,0.0,469.29,320.0,149.29,Online
SAL00913,2022-01-01,STR06,CUS0006,PRD046,1,533.74,0.15,453.68,349.25,104.43,Store
SAL00914,2022-11-29,STR08,CUS0034,PRD033,4,82.66,0.0,330.64,230.08,100.56,Online
SAL00915,2023-04-08,STR04,CUS0073,PRD019,1,404.77,0.0,404.77,279.33,125.44,Store
SAL00916,2023-01-10,STR09,CUS0250,PRD054,2,167.08,0.2,267.33,161.92,105.41,Online
SAL00917,2025-02-09,STR11,CUS0102,PRD006,5,365.95,0.0,1829.75,1033.75,796.0,Store
SAL00918,2024-05-29,STR03,CUS0058,PRD070,2,326.09,0.1,586.96,441.64,145.32,Store
SAL00919,2024-10-13,STR09,CUS0033,PRD057,2,52.44,0.2,83.9,73.56,10.34,App
SAL00920,2022-07-24,STR06,CUS0118,PRD073,1,252.83,0.2,202.26,167.82,34.44,Online
SAL00921,2022-04-24,STR03,CUS0164,PRD057,1,52.44,0.2,41.95,36.78,5.17,Store
SAL00922,2022-12-24,STR08,CUS0083,PRD010,2,307.16,0.15,522.17,326.86,195.31,Online
SAL00923,2025-08-09,STR04,CUS0217,PRD075,1,453.11,0.2,362.49,269.73,92.76,Online
SAL00924,2022-09-18,STR02,CUS0037,PRD028,2,167.14,0.0,334.28,163.54,170.74,App
SAL00925,2024-02-13,STR02,CUS0123,PRD027,1,167.97,0.0,167.97,84.52,83.45,App
SAL00926,2022-04-17,STR03,CUS0207,PRD065,1,361.03,0.0,361.03,256.52,104.51,Store
SAL00927,2022-10-17,STR10,CUS0172,PRD056,2,434.96,0.0,869.92,522.28,347.64,App
SAL00928,2023-09-18,STR04,CUS0014,PRD004,2,277.55,0.2,444.08,262.38,181.7,App
SAL00929,2023-04-14,STR01,CUS0261,PRD013,1,332.19,0.0,332.19,151.83,180.36,App
SAL00930,2024-12-09,STR09,CUS0153,PRD054,1,167.08,0.0,167.08,80.96,86.12,App
SAL00931,2024-04-22,STR01,CUS0020,PRD012,2,580.87,0.0,1161.74,774.02,387.72,Store
SAL00932,2023-07-13,STR05,CUS0079,PRD065,1,361.03,0.0,361.03,256.52,104.51,App
SAL00933,2025-07-02,STR09,CUS0013,PRD033,1,82.66,0.0,82.66,57.52,25.14,Online
SAL00934,2022-05-10,STR09,CUS0069,PRD006,1,365.95,0.0,365.95,206.75,159.2,Online
SAL00935,2022-12-12,STR11,CUS0218,PRD009,1,337.72,0.1,303.95,227.99,75.96,Online
SAL00936,2023-02-04,STR11,CUS0229,PRD069,2,393.75,0.2,630.0,422.46,207.54,App
SAL00937,2023-02-15,STR02,CUS0095,PRD025,1,395.29,0.0,395.29,254.79,140.5,App
SAL00938,2024-01-16,STR08,CUS0294,PRD078,3,149.61,0.2,359.06,218.55,140.51,Store
SAL00939,2024-06-16,STR01,CUS0066,PRD027,4,167.97,0.0,671.88,338.08,333.8,Store
SAL00940,2023-03-03,STR05,CUS0254,PRD040,1,107.82,0.0,107.82,56.81,51.01,App
SAL00941,2024-02-04,STR05,CUS0158,PRD027,1,167.97,0.0,167.97,84.52,83.45,Store
SAL00942,2024-06-22,STR06,CUS0211,PRD006,3,365.95,0.0,1097.85,620.25,477.6,Store
SAL00943,2022-09-21,STR07,CUS0151,PRD003,1,460.37,0.0,460.37,234.76,225.61,Store
SAL00944,2022-06-29,STR02,CUS0150,PRD002,1,528.99,0.0,528.99,347.39,181.6,Store
SAL00945,2024-01-03,STR06,CUS0173,PRD031,1,607.09,0.0,607.09,311.8,295.29,App
SAL00946,2023-02-03,STR05,CUS0293,PRD059,1,494.95,0.0,494.95,285.33,209.62,Store
SAL00947,2022-04-24,STR11,CUS0076,PRD061,2,60.41,0.15,102.7,62.08,40.62,Store
SAL00948,2024-01-20,STR07,CUS0183,PRD030,1,396.17,0.2,316.94,240.04,76.9,App
SAL00949,2024-04-10,STR11,CUS0067,PRD060,2,118.37,0.0,236.74,155.46,81.28,Online
SAL00950,2023-12-23,STR12,CUS0040,PRD049,4,535.39,0.1,1927.4,975.48,951.92,App
SAL00951,2023-05-13,STR09,CUS0299,PRD072,1,499.84,0.05,474.85,300.4,174.45,App
SAL00952,2025-03-03,STR08,CUS0233,PRD071,1,618.33,0.05,587.41,332.7,254.71,Online
SAL00953,2023-08-01,STR02,CUS0190,PRD057,2,52.44,0.0,104.88,73.56,31.32,App
SAL00954,2022-07-03,STR11,CUS0238,PRD062,5,210.83,0.0,1054.15,515.35,538.8,Store
SAL00955,2023-08-08,STR02,CUS0275,PRD028,1,167.14,0.1,150.43,81.77,68.66,App
SAL00956,2023-02-19,STR11,CUS0234,PRD029,2,318.8,0.15,541.96,341.6,200.36,Store
SAL00957,2025-05-20,STR09,CUS0143,PRD006,1,365.95,0.05,347.65,206.75,140.9,Store
SAL00958,2024-07-31,STR06,CUS0141,PRD005,3,245.1,0.0,735.3,523.47,211.83,App
SAL00959,2023-09-12,STR06,CUS0164,PRD033,2,82.66,0.15,140.52,115.04,25.48,App
SAL00960,2023-07-20,STR02,CUS0262,PRD053,1,139.83,0.15,118.86,79.48,39.38,App
SAL00961,2023-07-10,STR05,CUS0115,PRD059,1,494.95,0.0,494.95,285.33,209.62,App
SAL00962,2023-06-27,STR08,CUS0016,PRD072,4,499.84,0.1,1799.42,1201.6,597.82,App
SAL00963,2022-02-06,STR12,CUS0160,PRD052,4,660.22,0.15,2244.75,1572.76,671.99,Store
SAL00964,2024-01-09,STR06,CUS0055,PRD032,1,570.78,0.05,542.24,326.53,215.71,Online
SAL00965,2025-06-19,STR10,CUS0170,PRD066,4,180.08,0.0,720.32,496.28,224.04,App
SAL00966,2023-07-11,STR11,CUS0277,PRD014,3,469.29,0.0,1407.87,960.0,447.87,Store
SAL00967,2024-09-26,STR01,CUS0072,PRD051,1,428.0,0.0,428.0,224.16,203.84,Online
SAL00968,2024-03-24,STR04,CUS0098,PRD040,3,107.82,0.1,291.11,170.43,120.68,Store
SAL00969,2023-02-04,STR11,CUS0042,PRD058,1,428.07,0.1,385.26,284.8,100.46,Online
SAL00970,2022-11-17,STR07,CUS0016,PRD033,1,82.66,0.0,82.66,57.52,25.14,App
SAL00971,2023-11-09,STR08,CUS0216,PRD041,2,500.06,0.0,1000.12,496.18,503.94,Store
SAL00972,2022-06-18,STR11,CUS0240,PRD007,1,297.96,0.0,297.96,173.78,124.18,Online
SAL00973,2023-12-20,STR09,CUS0235,PRD026,3,434.62,0.15,1108.28,746.07,362.21,Online
SAL00974,2024-01-18,STR11,CUS0029,PRD024,1,582.46,0.0,582.46,336.53,245.93,Online
SAL00975,2023-01-23,STR04,CUS0173,PRD045,3,74.57,0.15,190.15,103.14,87.01,Online
SAL00976,2024-09-25,STR01,CUS0145,PRD035,5,285.91,0.05,1358.07,736.95,621.12,App
SAL00977,2023-06-04,STR08,CUS0212,PRD076,1,841.57,0.05,799.49,383.22,416.27,App
SAL00978,2023-06-17,STR09,CUS0270,PRD065,1,361.03,0.2,288.82,256.52,32.3,App
SAL00979,2022-01-08,STR02,CUS0070,PRD022,1,447.25,0.2,357.8,315.68,42.12,Store
SAL00980,2024-12-03,STR03,CUS0234,PRD005,1,245.1,0.15,208.33,174.49,33.84,App
SAL00981,2025-03-02,STR01,CUS0142,PRD002,1,528.99,0.2,423.19,347.39,75.8,App
SAL00982,2023-09-01,STR02,CUS0254,PRD040,2,107.82,0.0,215.64,113.62,102.02,Store
SAL00983,2022-03-13,STR02,CUS0207,PRD038,2,588.04,0.15,999.67,766.36,233.31,Online
SAL00984,2022-03-14,STR09,CUS0252,PRD047,1,470.23,0.15,399.7,300.2,99.5,Store
SAL00985,2025-01-02,STR01,CUS0049,PRD036,3,638.05,0.15,1627.03,945.72,681.31,Online
SAL00986,2024-05-09,STR07,CUS0219,PRD071,1,618.33,0.05,587.41,332.7,254.71,Store
SAL00987,2023-03-17,STR05,CUS0215,PRD067,1,338.84,0.0,338.84,191.28,147.56,Store
SAL00988,2022-05-09,STR05,CUS0065,PRD056,1,434.96,0.0,434.96,261.14,173.82,Online
SAL00989,2023-01-20,STR10,CUS0133,PRD008,4,439.89,0.1,1583.6,1026.28,557.32,Online
SAL00990,2023-09-29,STR02,CUS0043,PRD061,1,60.41,0.2,48.33,31.04,17.29,Store
SAL00991,2023-03-14,STR08,CUS0258,PRD016,3,565.24,0.05,1610.93,785.76,825.17,Store
SAL00992,2022-03-22,STR03,CUS0125,PRD030,1,396.17,0.0,396.17,240.04,156.13,Online
SAL00993,2024-09-05,STR11,CUS0147,PRD007,2,297.96,0.0,595.92,347.56,248.36,Store
SAL00994,2024-06-10,STR04,CUS0238,PRD004,2,277.55,0.0,555.1,262.38,292.72,Online
SAL00995,2024-09-04,STR09,CUS0217,PRD049,1,535.39,0.1,481.85,243.87,237.98,App
SAL00996,2022-03-12,STR10,CUS0132,PRD062,4,210.83,0.2,674.66,412.28,262.38,App
SAL00997,2022-09-29,STR11,CUS0110,PRD008,1,439.89,0.2,351.91,256.57,95.34,Store
SAL00998,2022-07-10,STR09,CUS0117,PRD034,2,539.68,0.0,1079.36,583.58,495.78,Online
SAL00999,2024-09-05,STR10,CUS0257,PRD057,1,52.44,0.1,47.2,36.78,10.42,Store
SAL01000,2023-10-17,STR10,CUS0207,PRD034,1,539.68,0.0,539.68,291.79,247.89,Online
SAL01001,2022-10-23,STR05,CUS0012,PRD060,2,118.37,0.2,189.39,155.46,33.93,App
SAL01002,2024-06-12,STR11,CUS0054,PRD016,1,565.24,0.0,565.24,261.92,303.32,Store
SAL01003,2025-01-31,STR07,CUS0262,PRD012,1,580.87,0.2,464.7,387.01,77.69,Online
SAL01004,2023-02-02,STR04,CUS0070,PRD032,1,570.78,0.0,570.78,326.53,244.25,Online
SAL01005,2023-02-15,STR06,CUS0195,PRD046,1,533.74,0.0,533.74,349.25,184.49,App
SAL01006,2025-07-31,STR08,CUS0086,PRD016,1,565.24,0.0,565.24,261.92,303.32,App
SAL01007,2022-01-09,STR01,CUS0244,PRD011,1,450.62,0.0,450.62,205.91,244.71,Store
SAL01008,2023-10-04,STR08,CUS0124,PRD035,1,285.91,0.0,285.91,147.39,138.52,Store
SAL01009,2024-06-28,STR07,CUS0182,PRD020,3,144.97,0.2,347.93,228.6,119.33,App
SAL01010,2022-06-01,STR01,CUS0152,PRD061,2,60.41,0.2,96.66,62.08,34.58,App
SAL01011,2022-01-01,STR07,CUS0108,PRD043,1,108.59,0.0,108.59,54.96,53.63,Online
SAL01012,2024-03-09,STR04,CUS0080,PRD012,2,580.87,0.0,1161.74,774.02,387.72,Store
SAL01013,2022-06-10,STR02,CUS0133,PRD044,2,125.25,0.15,212.92,114.38,98.54,Store
SAL01014,2022-05-09,STR11,CUS0014,PRD015,1,339.66,0.0,339.66,183.65,156.01,Store
SAL01015,2022-09-28,STR08,CUS0006,PRD049,6,535.39,0.0,3212.34,1463.22,1749.12,Store
SAL01016,2023-09-19,STR04,CUS0299,PRD052,1,660.22,0.0,660.22,393.19,267.03,Store
SAL01017,2025-01-05,STR03,CUS0066,PRD047,2,470.23,0.0,940.46,600.4,340.06,App
SAL01018,2023-08-10,STR03,CUS0136,PRD040,2,107.82,0.15,183.29,113.62,69.67,Online
SAL01019,2022-03-15,STR12,CUS0126,PRD057,1,52.44,0.2,41.95,36.78,5.17,Online
SAL01020,2022-06-11,STR05,CUS0287,PRD026,1,434.62,0.15,369.43,248.69,120.74,Store
SAL01021,2023-06-19,STR02,CUS0218,PRD041,1,500.06,0.0,500.06,248.09,251.97,Online
SAL01022,2025-07-23,STR11,CUS0161,PRD014,4,469.29,0.2,1501.73,1280.0,221.73,App
SAL01023,2024-12-20,STR05,CUS0160,PRD074,3,778.55,0.15,1985.3,1128.36,856.94,Store
SAL01024,2025-01-17,STR09,CUS0044,PRD053,2,139.83,0.0,279.66,158.96,120.7,Online
SAL01025,2023-12-24,STR08,CUS0108,PRD041,1,500.06,0.2,400.05,248.09,151.96,Online
SAL01026,2024-12-22,STR07,CUS0079,PRD069,2,393.75,0.1,708.75,422.46,286.29,Store
SAL01027,2024-06-19,STR01,CUS0189,PRD080,2,390.71,0.1,703.28,357.38,345.9,Store
SAL01028,2025-02-10,STR11,CUS0298,PRD035,1,285.91,0.0,285.91,147.39,138.52,Store
SAL01029,2024-03-26,STR03,CUS0099,PRD024,2,582.46,0.0,1164.92,673.06,491.86,Online
SAL01030,2023-07-26,STR10,CUS0190,PRD072,1,499.84,0.0,499.84,300.4,199.44,Online
SAL01031,2024-04-21,STR12,CUS0029,PRD066,1,180.08,0.0,180.08,124.07,56.01,App
SAL01032,2022-09-02,STR09,CUS0088,PRD043,1,108.59,0.1,97.73,54.96,42.77,Store
SAL01033,2024-12-18,STR08,CUS0015,PRD044,1,125.25,0.0,125.25,57.19,68.06,Store
SAL01034,2024-05-19,STR02,CUS0261,PRD064,1,508.25,0.1,457.43,292.5,164.93,App
SAL01035,2022-08-14,STR06,CUS0109,PRD058,1,428.07,0.0,428.07,284.8,143.27,Online
SAL01036,2024-09-07,STR03,CUS0184,PRD017,1,86.4,0.0,86.4,47.35,39.05,App
SAL01037,2023-12-24,STR08,CUS0253,PRD061,2,60.41,0.05,114.78,62.08,52.7,Online
SAL01038,2023-09-22,STR10,CUS0141,PRD037,2,72.87,0.05,138.45,98.58,39.87,Online
SAL01039,2023-01-19,STR01,CUS0126,PRD076,3,841.57,0.0,2524.71,1149.66,1375.05,Online
SAL01040,2024-06-01,STR01,CUS0028,PRD037,2,72.87,0.05,138.45,98.58,39.87,Store
SAL01041,2025-06-21,STR09,CUS0291,PRD050,2,289.93,0.2,463.89,405.08,58.81,App
SAL01042,2023-10-14,STR05,CUS0200,PRD018,1,703.6,0.1,633.24,337.92,295.32,Online
SAL01043,2024-06-01,STR06,CUS0235,PRD017,2,86.4,0.2,138.24,94.7,43.54,Online
SAL01044,2023-06-02,STR08,CUS0255,PRD027,1,167.97,0.1,151.17,84.52,66.65,Store
SAL01045,2024-07-11,STR11,CUS0181,PRD072,2,499.84,0.2,799.74,600.8,198.94,Online
SAL01046,2022-05-22,STR10,CUS0011,PRD049,1,535.39,0.0,535.39,243.87,291.52,Store
SAL01047,2023-07-06,STR05,CUS0012,,1,565.24,0.0,565.24,261.92,303.32,Online
SAL01048,2023-07-16,STR05,CUS0185,PRD021,1,732.57,0.2,586.06,388.69,197.37,Online
SAL01049,2022-02-06,STR01,CUS0223,PRD026,2,434.62,0.0,869.24,497.38,371.86,Online
SAL01050,2023-08-28,STR10,CUS0294,PRD008,4,439.89,0.2,1407.65,1026.28,381.37,Store
SAL01051,2024-01-16,STR08,CUS0130,PRD019,1,404.77,0.0,404.77,279.33,125.44,Online
SAL01052,2022-01-15,STR07,CUS0074,PRD073,1,252.83,0.0,252.83,167.82,85.01,Online
SAL01053,2023-02-05,STR05,CUS0245,PRD014,2,469.29,0.0,938.58,640.0,298.58,Store
SAL01054,2024-05-02,STR04,CUS0030,PRD051,1,428.0,0.0,428.0,224.16,203.84,Online
SAL01055,2025-03-26,STR12,CUS0119,PRD008,6,439.89,0.15,2243.44,1539.42,704.02,App
SAL01056,2024-03-30,STR04,CUS0153,PRD075,1,453.11,0.15,385.14,269.73,115.41,App
SAL01057,2022-02-26,STR09,CUS0261,PRD077,1,517.67,0.0,517.67,306.08,211.59,Online
SAL01058,2025-04-14,STR09,CUS0236,PRD020,1,144.97,0.1,130.47,76.2,54.27,Online
SAL01059,2025-06-26,STR07,CUS0125,PRD020,3,144.97,0.0,434.91,228.6,206.31,Online
SAL01060,2023-09-11,STR10,CUS0136,PRD076,2,841.57,0.05,1598.98,766.44,832.54,App
SAL01061,2024-08-13,STR05,CUS0173,PRD034,1,539.68,0.1,485.71,291.79,193.92,App
SAL01062,2023-01-02,STR08,CUS0182,PRD046,2,533.74,0.15,907.36,698.5,208.86,App
SAL01063,2025-07-21,STR08,CUS0089,PRD015,3,339.66,0.15,866.13,550.95,315.18,Store
SAL01064,2023-04-18,STR12,CUS0253,PRD014,1,469.29,0.2,375.43,320.0,55.43,Online
SAL01065,2025-02-05,STR12,CUS0225,PRD019,1,404.77,0.0,404.77,279.33,125.44,App
SAL01066,2023-10-28,STR03,CUS0068,PRD030,2,396.17,0.15,673.49,480.08,193.41,Online
SAL01067,2023-04-07,STR04,CUS0083,PRD004,2,277.55,0.1,499.59,262.38,237.21,Store
SAL01068,2024-07-22,STR08,CUS0067,PRD051,2,428.0,0.05,813.2,448.32,364.88,Store
SAL01069,2023-06-01,STR05,CUS0210,PRD060,2,118.37,0.15,201.23,155.46,45.77,Store
SAL01070,2022-03-24,STR05,CUS0021,PRD036,2,638.05,0.15,1084.68,630.48,454.2,Online
SAL01071,2024-05-17,STR02,CUS0188,PRD044,1,125.25,0.0,125.25,57.19,68.06,Store
SAL01072,2023-04-11,STR04,CUS0194,PRD071,1,618.33,0.1,556.5,332.7,223.8,Store
SAL01073,2024-08-08,STR06,CUS0009,PRD016,1,565.24,0.0,565.24,261.92,303.32,Store
SAL01074,2023-03-25,STR12,CUS0273,PRD017,4,86.4,0.1,311.04,189.4,121.64,Store
SAL01075,2024-08-03,STR11,CUS0245,PRD005,1,245.1,0.0,245.1,174.49,70.61,App
SAL01076,2024-11-06,STR03,CUS0183,PRD044,5,125.25,0.2,501.0,285.95,215.05,App
SAL01077,2023-01-03,STR07,CUS0227,PRD018,2,703.6,0.05,1336.84,675.84,661.0,Online
SAL01078,2024-10-05,STR04,CUS0094,PRD035,2,285.91,0.1,514.64,294.78,219.86,Store
SAL01079,2023-02-05,STR04,CUS0136,PRD041,7,500.06,0.2,2800.34,1736.63,1063.71,Store
SAL01080,2023-06-05,STR12,CUS0100,PRD059,2,494.95,0.2,791.92,570.66,221.26,Store
SAL01081,2025-04-26,STR04,CUS0267,PRD057,2,52.44,0.1,94.39,73.56,20.83,Online
SAL01082,2024-05-02,STR02,CUS0096,PRD075,3,453.11,0.2,1087.46,809.19,278.27,Online
SAL01083,2023-05-13,STR01,CUS0022,PRD016,1,565.24,0.0,565.24,261.92,303.32,Online
SAL01084,2023-09-16,STR08,CUS0251,PRD001,2,769.25,0.2,1230.8,747.52,483.28,Store
SAL01085,2024-05-21,STR04,CUS0132,PRD009,1,337.72,0.15,287.06,227.99,59.07,App
SAL01086,2024-02-01,STR07,CUS0268,PRD033,2,82.66,0.1,148.79,115.04,33.75,App
SAL01087,2025-05-11,STR04,CUS0176,PRD049,1,535.39,0.2,428.31,243.87,184.44,Online
SAL01088,2024-10-22,STR06,CUS0185,PRD009,1,337.72,0.05,320.83,227.99,92.84,Store
SAL01089,2023-11-26,STR06,CUS0014,PRD015,2,339.66,0.0,679.32,367.3,312.02,Store
SAL01090,2022-06-21,STR09,CUS0291,PRD072,1,499.84,0.0,499.84,300.4,199.44,Store
SAL01091,2023-03-05,STR04,CUS0233,PRD072,2,499.84,0.0,999.68,600.8,398.88,App
SAL01092,2025-06-16,STR01,CUS0186,PRD073,2,252.83,0.05,480.38,335.64,144.74,App
SAL01093,2023-04-06,STR08,CUS0120,PRD027,4,167.97,0.05,638.29,338.08,300.21,Store
SAL01094,2024-03-27,STR10,CUS0067,PRD014,1,469.29,0.05,445.83,320.0,125.83,Store
SAL01095,2023-06-18,STR12,CUS0044,PRD036,2,638.05,0.0,1276.1,630.48,645.62,App
SAL01096,2022-03-01,STR03,CUS0027,PRD044,1,125.25,0.15,106.46,57.19,49.27,App
SAL01097,2025-01-31,STR10,CUS0192,PRD059,1,494.95,0.15,420.71,285.33,135.38,App
SAL01098,2022-07-30,STR03,CUS0270,PRD004,1,277.55,0.05,263.67,131.19,132.48,App
SAL01099,2022-05-08,STR10,CUS0001,PRD003,1,460.37,0.0,460.37,234.76,225.61,Online
SAL01100,2022-05-21,STR01,CUS0089,PRD020,1,144.97,0.1,130.47,76.2,54.27,App
SAL01101,2025-05-20,STR03,CUS0044,PRD062,1,210.83,0.2,168.66,103.07,65.59,Store
SAL01102,2023-09-22,STR05,CUS0300,PRD067,3,338.84,0.0,1016.52,573.84,442.68,Store
SAL01103,2024-10-01,STR10,CUS0166,PRD032,2,570.78,0.05,1084.48,653.06,431.42,Store
SAL01104,2025-07-21,STR04,CUS0121,PRD017,2,86.4,0.0,172.8,94.7,78.1,Online
SAL01105,2024-12-04,STR12,CUS0265,PRD080,5,390.71,0.05,1855.87,893.45,962.42,Online
SAL01106,2024-08-26,STR06,CUS0236,PRD015,1,339.66,0.05,322.68,183.65,139.03,App
SAL01107,2022-11-09,STR03,CUS0102,PRD004,1,277.55,0.0,277.55,131.19,146.36,Store
SAL01108,2025-04-04,STR09,CUS0270,PRD071,2,618.33,0.0,1236.66,665.4,571.26,Online
SAL01109,2022-08-19,STR02,CUS0145,PRD001,1,769.25,0.05,730.79,373.76,357.03,Online
SAL01110,2025-03-25,STR12,CUS0087,PRD002,1,528.99,0.0,528.99,347.39,181.6,Store
SAL01111,2024-09-26,STR01,CUS0013,PRD029,2,318.8,0.05,605.72,341.6,264.12,App
SAL01112,2023-07-10,STR08,CUS0217,PRD070,3,326.09,0.15,831.53,662.46,169.07,Online
SAL01113,2022-03-27,STR06,CUS0249,PRD067,2,338.84,0.0,677.68,382.56,295.12,App
SAL01114,2024-03-19,STR01,CUS0174,PRD070,2,326.09,0.1,586.96,441.64,145.32,Online
SAL01115,2022-06-01,STR05,CUS0050,PRD074,1,778.55,0.0,778.55,376.12,402.43,Store
SAL01116,2025-01-24,STR03,CUS0225,PRD038,1,588.04,0.0,588.04,383.18,204.86,Online
SAL01117,2022-04-07,STR11,CUS0150,PRD053,1,139.83,0.05,132.84,79.48,53.36,Store
SAL01118,2024-10-06,STR09,CUS0092,PRD058,2,428.07,0.05,813.33,569.6,243.73,Online
SAL01119,2024-03-12,STR02,CUS0277,PRD014,2,469.29,0.0,938.58,640.0,298.58,App
SAL01120,2025-01-16,STR05,CUS0021,PRD018,1,703.6,0.2,562.88,337.92,224.96,Store
SAL01121,2025-05-05,STR11,CUS0139,PRD071,1,618.33,0.0,618.33,332.7,285.63,Store
SAL01122,2023-03-01,STR03,CUS0206,PRD034,2,539.68,0.0,1079.36,583.58,495.78,Online
SAL01123,2024-07-12,STR11,CUS0134,PRD050,3,289.93,0.0,869.79,607.62,262.17,Online
SAL01124,2023-05-15,STR10,CUS0104,PRD078,1,149.61,0.0,149.61,72.85,76.76,Store
SAL01125,2025-07-31,STR08,CUS0194,PRD055,2,402.22,0.0,804.44,422.64,381.8,Store
SAL01126,2024-01-29,STR11,CUS0285,PRD057,4,52.44,0.1,188.78,147.12,41.66,App
SAL01127,2022-09-22,STR09,CUS0289,PRD054,2,167.08,0.15,284.04,161.92,122.12,App
SAL01128,2022-11-30,STR06,CUS0273,PRD047,1,470.23,0.05,446.72,300.2,146.52,Online
SAL01129,2023-08-02,STR02,CUS0039,PRD080,2,390.71,0.0,781.42,357.38,424.04,Online
SAL01130,2023-01-14,STR11,CUS0235,PRD056,3,434.96,0.0,1304.88,783.42,521.46,Online
SAL01131,2022-09-23,STR09,CUS0047,PRD038,1,588.04,0.05,558.64,383.18,175.46,App
SAL01132,2022-08-03,STR08,CUS0297,PRD031,2,607.09,0.1,1092.76,623.6,469.16,App
SAL01133,2024-12-11,STR08,CUS0111,PRD041,1,500.06,0.05,475.06,248.09,226.97,Store
SAL01134,2024-12-05,STR05,CUS0082,PRD010,2,307.16,0.1,552.89,326.86,226.03,Store
SAL01135,2022-09-12,STR12,CUS0221,PRD015,4,339.66,0.0,1358.64,734.6,624.04,Online
SAL01136,2024-02-09,STR03,CUS0268,PRD077,4,517.67,0.0,2070.68,1224.32,846.36,Store
SAL01137,2024-04-11,STR01,CUS0280,PRD057,1,52.44,0.0,52.44,36.78,15.66,Online
SAL01138,2024-06-02,STR01,CUS0150,PRD001,1,769.25,0.05,730.79,373.76,357.03,App
SAL01139,2022-09-27,STR07,CUS0103,PRD076,6,841.57,0.0,5049.42,2299.32,2750.1,Store
SAL01140,2024-12-06,STR06,CUS0229,PRD066,1,180.08,0.05,171.08,124.07,47.01,App
SAL01141,2025-03-26,STR12,CUS0222,PRD023,3,336.46,0.1,908.44,674.16,234.28,Store
SAL01142,2023-04-21,STR11,CUS0113,PRD007,1,297.96,0.15,253.27,173.78,79.49,Store
SAL01143,2023-06-24,STR06,CUS0107,PRD061,3,60.41,0.2,144.98,93.12,51.86,Online
SAL01144,2023-12-24,STR06,CUS0073,PRD016,4,565.24,0.05,2147.91,1047.68,1100.23,Online
SAL01145,2022-04-06,STR03,CUS0038,PRD024,3,582.46,0.2,1397.9,1009.59,388.31,Store
SAL01146,2022-09-02,STR09,CUS0014,PRD001,2,769.25,0.2,1230.8,747.52,483.28,Online
SAL01147,2024-08-23,STR10,CUS0260,PRD059,1,494.95,0.0,494.95,285.33,209.62,App
SAL01148,2025-04-19,STR04,CUS0189,PRD015,1,339.66,0.0,339.66,183.65,156.01,App
SAL01149,2024-04-29,STR06,CUS0093,PRD040,1,107.82,0.2,86.26,56.81,29.45,Online
SAL01150,2023-10-18,STR01,CUS0011,PRD049,3,535.39,0.1,1445.55,731.61,713.94,App
SAL01151,2025-01-05,STR08,CUS0171,PRD001,4,769.25,0.2,2461.6,1495.04,966.56,App
SAL01152,2024-01-25,STR11,CUS0209,PRD028,1,167.14,0.1,150.43,81.77,68.66,Store
SAL01153,2023-09-19,STR04,CUS0016,PRD027,1,167.97,0.0,167.97,84.52,83.45,Store
SAL01154,2023-04-11,STR06,CUS0208,PRD032,1,570.78,0.15,485.16,326.53,158.63,Store
SAL01155,2024-03-28,STR06,CUS0264,PRD017,2,86.4,0.05,164.16,94.7,69.46,App
SAL01156,2024-01-09,STR10,CUS0137,PRD069,1,393.75,0.15,334.69,211.23,123.46,App
SAL01157,2022-07-02,STR01,CUS0226,PRD057,2,52.44,0.15,89.15,73.56,15.59,Online
SAL01158,2022-03-30,STR01,CUS0219,PRD006,2,365.95,0.0,731.9,413.5,318.4,Online
SAL01159,2023-07-20,STR02,CUS0194,PRD035,3,285.91,0.2,686.18,442.17,244.01,Online
SAL01160,2023-05-13,STR08,CUS0127,PRD031,1,607.09,0.0,607.09,311.8,295.29,Store
SAL01161,2022-04-04,STR12,CUS0041,PRD036,2,638.05,0.2,1020.88,630.48,390.4,App
SAL01162,2022-04-14,STR05,CUS0159,PRD063,1,447.14,0.0,447.14,313.98,133.16,Online
SAL01163,2024-10-31,STR02,CUS0225,PRD072,2,499.84,0.15,849.73,600.8,248.93,App
SAL01164,2023-01-30,STR09,CUS0123,PRD049,1,535.39,0.15,455.08,243.87,211.21,Online
SAL01165,2022-06-05,STR02,CUS0096,PRD056,1,434.96,0.0,434.96,261.14,173.82,Online
SAL01166,2022-11-01,STR01,CUS0155,PRD063,3,447.14,0.15,1140.21,941.94,198.27,Online
SAL01167,2024-03-06,STR09,CUS0192,PRD033,1,82.66,0.05,78.53,57.52,21.01,Online
SAL01168,2023-03-14,STR03,CUS0269,PRD016,1,565.24,0.0,565.24,261.92,303.32,App
SAL01169,2022-10-24,STR02,CUS0158,PRD064,1,508.25,0.0,508.25,292.5,215.75,Store
SAL01170,2025-05-28,STR06,CUS0260,PRD063,1,447.14,0.0,447.14,313.98,133.16,App
SAL01171,2025-05-04,STR02,CUS0129,PRD009,2,337.72,0.15,574.12,455.98,118.14,App
SAL01172,2022-11-29,STR09,CUS0258,PRD078,1,149.61,0.05,142.13,72.85,69.28,Store
SAL01173,2024-07-18,STR12,CUS0107,PRD054,2,167.08,0.0,334.16,161.92,172.24,App
SAL01174,2022-03-31,STR02,CUS0089,PRD074,-1,778.55,0.15,1985.3,1128.36,856.94,Store
SAL01175,2025-02-26,STR12,CUS0105,PRD018,1,703.6,0.0,703.6,337.92,365.68,App
SAL01176,2025-07-03,STR03,CUS0269,PRD075,2,453.11,0.0,906.22,539.46,366.76,Online
SAL01177,2022-04-09,STR01,CUS0013,PRD073,2,252.83,0.05,480.38,335.64,144.74,App
SAL01178,2024-01-31,STR03,CUS0109,PRD016,1,565.24,0.15,480.45,261.92,218.53,App
SAL01179,2025-02-01,STR12,CUS0149,PRD001,2,769.25,0.0,1538.5,747.52,790.98,App
SAL01180,2025-05-16,STR07,CUS0180,PRD034,1,539.68,0.05,512.7,291.79,220.91,Online
SAL01181,2023-10-24,STR11,CUS0187,PRD010,3,307.16,0.0,921.48,490.29,431.19,Store
SAL01182,2023-06-12,STR07,CUS0195,PRD060,3,118.37,0.0,355.11,233.19,121.92,Online
SAL01183,2022-03-16,STR09,CUS0214,PRD041,1,500.06,0.1,450.05,248.09,201.96,Store
SAL01184,2024-07-11,STR02,CUS0044,PRD074,1,778.55,0.05,739.62,376.12,363.5,App
SAL01185,2022-05-27,STR08,CUS0190,PRD040,2,107.82,0.15,183.29,113.62,69.67,Online
SAL01186,2023-09-15,STR07,CUS0231,PRD063,1,447.14,0.0,447.14,313.98,133.16,Online
SAL01187,2025-04-27,STR07,CUS0198,PRD056,2,434.96,0.2,695.94,522.28,173.66,Online
SAL01188,2022-12-14,STR01,CUS0202,PRD062,1,210.83,0.1,189.75,103.07,86.68,Online
SAL01189,2022-02-09,STR09,CUS0005,PRD017,1,86.4,0.15,73.44,47.35,26.09,App
SAL01190,2023-03-23,STR10,CUS0072,PRD044,3,125.25,0.05,356.96,171.57,185.39,Online
SAL01191,2022-12-11,STR03,CUS0165,PRD043,2,108.59,0.0,217.18,109.92,107.26,Online
SAL01192,2023-03-19,STR05,CUS0032,PRD047,3,470.23,0.1,1269.62,900.6,369.02,App
SAL01193,2024-10-07,STR08,CUS0266,PRD069,1,393.75,0.1,354.38,211.23,143.15,Store
SAL01194,2022-07-04,STR09,CUS0286,PRD076,1,841.57,0.05,799.49,383.22,416.27,Store
SAL01195,2023-12-25,STR05,CUS0185,PRD060,2,118.37,0.15,201.23,155.46,45.77,Online
SAL01196,2024-08-28,STR01,CUS0086,PRD019,1,404.77,0.05,384.53,279.33,105.2,Store
SAL01197,2025-05-06,STR12,CUS0186,PRD071,1,618.33,0.0,618.33,332.7,285.63,Online
SAL01198,2024-05-26,STR10,CUS0088,PRD078,1,149.61,0.2,119.69,72.85,46.84,App
SAL01199,2025-03-07,STR11,CUS0119,PRD060,3,118.37,0.1,319.6,233.19,86.41,Online
SAL01200,2022-11-08,STR01,CUS0018,PRD036,1,638.05,0.05,606.15,315.24,290.91,Online
SAL01201,2022-04-07,STR07,CUS0157,PRD018,6,703.6,0.2,3377.28,2027.52,1349.76,Online
SAL01202,2025-06-07,STR01,CUS0300,PRD026,3,434.62,0.0,1303.86,746.07,557.79,Store
SAL01203,2025-04-10,STR04,CUS0132,PRD012,1,580.87,0.0,580.87,387.01,193.86,Store
SAL01204,2024-07-18,STR12,CUS0279,PRD012,2,580.87,0.0,1161.74,774.02,387.72,App
SAL01205,2024-10-09,STR01,CUS0124,PRD031,1,607.09,0.0,607.09,311.8,295.29,Store
SAL01206,2022-02-16,STR05,CUS0261,PRD015,3,339.66,0.15,866.13,550.95,315.18,Store
SAL01207,2025-07-20,STR05,CUS0182,PRD052,2,660.22,0.1,1188.4,786.38,402.02,App
SAL01208,2025-06-09,STR09,CUS0176,PRD042,2,213.13,0.05,404.95,204.72,200.23,Online
SAL01209,2024-03-01,STR12,CUS0069,PRD048,2,65.44,0.0,130.88,91.8,39.08,Online
SAL01210,2024-03-20,STR07,CUS0292,PRD020,2,144.97,0.0,289.94,152.4,137.54,Online
SAL01211,2022-04-17,STR04,CUS0142,PRD010,1,307.16,0.05,291.8,163.43,128.37,App
SAL01212,2023-12-30,STR06,CUS0130,PRD059,1,494.95,0.05,470.2,285.33,184.87,App
SAL01213,2025-06-05,STR06,CUS0109,PRD067,1,338.84,0.0,338.84,191.28,147.56,Online
SAL01214,2022-12-24,STR04,CUS0280,PRD074,2,778.55,0.15,1323.53,752.24,571.29,App
SAL01215,2022-02-25,STR11,CUS0046,PRD059,3,494.95,0.0,1484.85,855.99,628.86,Online
SAL01216,2022-02-17,STR07,CUS0204,PRD045,1,74.57,0.1,67.11,34.38,32.73,Online
SAL01217,2023-11-03,STR09,CUS0105,PRD032,1,570.78,0.15,485.16,326.53,158.63,App
SAL01218,2024-05-09,STR07,CUS0276,PRD046,1,533.74,0.15,453.68,349.25,104.43,Online
SAL01219,2023-07-25,STR11,CUS0238,PRD009,1,337.72,0.1,303.95,227.99,75.96,Store
SAL01220,2023-02-06,STR01,CUS0199,PRD042,4,213.13,0.15,724.64,409.44,315.2,Store
SAL01221,2025-01-28,STR02,CUS0299,PRD077,1,517.67,0.2,414.14,306.08,108.06,App
SAL01222,2025-07-08,STR05,CUS0067,PRD056,1,434.96,0.2,347.97,261.14,86.83,Online
SAL01223,2022-01-29,STR11,CUS0157,PRD078,1,149.61,0.05,142.13,72.85,69.28,Online
SAL01224,2022-03-15,STR07,CUS0101,PRD022,3,447.25,0.2,1073.4,947.04,126.36,App
SAL01225,2024-10-19,STR03,CUS0146,PRD069,3,393.75,0.05,1122.19,633.69,488.5,App
SAL01226,2024-12-08,STR08,CUS0060,PRD047,3,470.23,0.1,1269.62,900.6,369.02,Online
SAL01227,2023-12-08,STR08,CUS0223,PRD025,2,395.29,0.1,711.52,509.58,201.94,App
SAL01228,2025-02-11,STR02,CUS0025,PRD078,1,149.61,0.2,119.69,72.85,46.84,Store
SAL01229,2024-06-20,STR02,CUS0254,PRD017,5,86.4,0.1,388.8,236.75,152.05,Store
SAL01230,2024-09-02,STR12,CUS0161,PRD080,1,390.71,0.15,332.1,178.69,153.41,App
SAL01231,2024-01-01,STR04,CUS0005,PRD017,1,86.4,0.1,77.76,47.35,30.41,App
SAL01232,2022-03-10,STR02,CUS0082,PRD059,1,494.95,0.0,494.95,285.33,209.62,Store
SAL01233,2024-10-09,STR10,CUS0039,PRD047,1,470.23,0.0,470.23,300.2,170.03,App
SAL01234,2024-07-08,STR12,CUS0181,PRD036,1,638.05,0.2,510.44,315.24,195.2,Online
SAL01235,2023-07-23,STR12,CUS0157,PRD022,1,447.25,0.0,447.25,315.68,131.57,Online
SAL01236,2023-07-19,STR01,CUS0078,PRD024,3,582.46,0.0,1747.38,1009.59,737.79,Online
SAL01237,2022-07-02,STR07,CUS0218,PRD044,1,125.25,0.0,125.25,57.19,68.06,App
SAL01238,2023-08-02,STR11,CUS0109,PRD031,1,607.09,0.0,607.09,311.8,295.29,Store
SAL01239,2025-04-01,STR05,CUS0080,PRD067,1,338.84,0.0,338.84,191.28,147.56,App
SAL01240,2025-07-22,STR03,CUS0197,PRD017,2,86.4,0.0,172.8,94.7,78.1,Store
SAL01241,2023-05-02,STR05,CUS0047,PRD069,1,393.75,0.0,393.75,211.23,182.52,Store
SAL01242,2022-09-13,STR06,CUS0254,PRD007,1,297.96,0.0,297.96,173.78,124.18,App
SAL01243,2023-08-01,STR02,CUS0146,PRD068,1,193.87,0.15,164.79,136.34,28.45,Online
SAL01244,2022-03-18,STR03,CUS0032,PRD021,1,732.57,0.0,732.57,388.69,343.88,App
SAL01245,2022-11-03,STR06,CUS0098,PRD039,1,267.3,0.0,267.3,176.25,91.05,Online
SAL01246,2024-02-18,STR01,CUS0189,PRD036,2,638.05,0.2,1020.88,630.48,390.4,App
SAL01247,2022-10-28,STR12,CUS0109,PRD077,2,517.67,0.2,828.27,612.16,216.11,Store
SAL01248,2024-09-15,STR01,CUS0264,PRD024,3,582.46,0.2,1397.9,1009.59,388.31,App
SAL01249,2025-03-20,STR01,CUS0239,PRD073,2,252.83,0.0,505.66,335.64,170.02,Online
SAL01250,2024-11-14,STR05,CUS0003,PRD035,2,285.91,0.2,457.46,294.78,162.68,Store
SAL01251,2024-01-21,STR10,CUS0013,PRD012,1,580.87,0.0,580.87,387.01,193.86,Online
SAL01252,2025-08-03,STR11,CUS0050,PRD062,1,210.83,0.1,189.75,103.07,86.68,Store
SAL01253,2022-01-20,STR12,CUS0169,PRD031,1,607.09,0.15,516.03,311.8,204.23,Store
SAL01254,2024-08-09,STR08,CUS0251,PRD017,2,86.4,0.15,146.88,94.7,52.18,App
SAL01255,2024-12-10,STR07,CUS0251,PRD029,2,318.8,0.0,637.6,341.6,296.0,Online
SAL01256,2022-04-12,STR07,CUS0226,PRD033,1,82.66,0.0,82.66,57.52,25.14,Online
SAL01257,2022-06-17,STR06,CUS0228,PRD017,2,86.4,0.05,164.16,94.7,69.46,Store
SAL01258,2022-08-27,STR05,CUS0165,PRD044,1,125.25,0.1,112.73,57.19,55.54,Store
SAL01259,2022-02-27,STR02,CUS0240,PRD037,1,72.87,0.0,72.87,49.29,23.58,Online
SAL01260,2023-04-08,STR02,CUS0220,PRD053,5,139.83,0.0,699.15,397.4,301.75,App
SAL01261,2024-05-16,STR04,CUS0298,PRD032,2,570.78,0.2,913.25,653.06,260.19,App
SAL01262,2022-11-19,STR03,CUS0137,PRD017,1,86.4,0.05,82.08,47.35,34.73,App
SAL01263,2023-01-22,STR02,CUS0072,PRD007,3,297.96,0.0,893.88,521.34,372.54,Store
SAL01264,2024-03-12,STR05,CUS0107,PRD013,3,332.19,0.2,797.26,455.49,341.77,Store
SAL01265,2023-09-25,STR01,CUS0292,PRD032,1,570.78,0.05,542.24,326.53,215.71,Store
SAL01266,2022-06-11,STR10,CUS0277,PRD061,2,60.41,0.15,102.7,62.08,40.62,Online
SAL01267,2022-04-12,STR05,CUS0093,PRD065,1,361.03,0.2,288.82,256.52,32.3,Online
SAL01268,2022-11-27,STR04,CUS0097,PRD061,1,60.41,0.15,51.35,31.04,20.31,App
SAL01269,2023-12-20,STR10,CUS0068,PRD009,2,337.72,0.2,540.35,455.98,84.37,App
SAL01270,2023-10-17,STR08,CUS0114,PRD006,2,365.95,0.0,731.9,413.5,318.4,App
SAL01271,2024-08-29,STR03,CUS0057,PRD077,1,517.67,0.05,491.79,306.08,185.71,Online
SAL01272,2023-04-17,STR10,CUS0125,PRD077,1,517.67,0.15,440.02,306.08,133.94,Online
SAL01273,2025-04-24,STR11,CUS0237,PRD041,1,500.06,0.0,500.06,248.09,251.97,Online
SAL01274,2022-10-19,STR12,CUS0044,PRD024,3,582.46,0.0,1747.38,1009.59,737.79,Online
SAL01275,2024-07-31,STR01,CUS0091,PRD024,1,582.46,0.2,465.97,336.53,129.44,App
SAL01276,2025-05-29,STR10,CUS0167,PRD051,1,428.0,0.0,428.0,224.16,203.84,Store
SAL01277,2024-10-28,STR05,CUS0142,PRD001,3,769.25,0.0,2307.75,1121.28,1186.47,Online
SAL01278,2023-01-22,STR07,CUS0111,PRD033,5,82.66,0.0,413.3,287.6,125.7,Online
SAL01279,2024-05-14,STR03,CUS0108,PRD033,1,82.66,0.15,70.26,57.52,12.74,App
SAL01280,2023-11-28,STR05,CUS0048,PRD054,3,167.08,0.0,501.24,242.88,258.36,Store
SAL01281,2022-12-20,STR08,CUS0029,PRD001,1,769.25,0.15,653.86,373.76,280.1,Store
SAL01282,2024-07-11,STR07,CUS0227,PRD022,5,447.25,0.15,1900.81,1578.4,322.41,App
SAL01283,2023-10-28,STR03,CUS0164,PRD031,3,607.09,0.05,1730.21,935.4,794.81,App
SAL01284,2022-03-13,STR08,CUS0260,PRD007,2,297.96,0.1,536.33,347.56,188.77,Online
SAL01285,2025-04-05,STR01,CUS0055,PRD062,1,210.83,0.1,189.75,103.07,86.68,Store
SAL01286,2024-07-21,STR06,CUS0277,PRD025,1,395.29,0.0,395.29,254.79,140.5,Store
SAL01287,2024-04-02,STR10,CUS0023,PRD002,2,528.99,0.0,1057.98,694.78,363.2,Store
SAL01288,2023-01-05,STR11,CUS0109,PRD055,1,402.22,0.0,402.22,211.32,190.9,Online
SAL01289,2022-09-27,STR11,CUS0218,PRD066,1,180.08,0.05,171.08,124.07,47.01,Online
SAL01290,2022-07-01,STR07,CUS0146,PRD043,3,108.59,0.0,325.77,164.88,160.89,App
SAL01291,2025-07-14,STR08,CUS0062,PRD053,2,139.83,0.0,279.66,158.96,120.7,App
SAL01292,2022-11-01,STR11,CUS0237,PRD040,2,107.82,0.0,215.64,113.62,102.02,Store
SAL01293,2024-09-07,STR07,CUS0141,PRD038,1,588.04,0.15,499.83,383.18,116.65,Store
SAL01294,2022-10-06,STR12,CUS0095,PRD029,1,318.8,0.0,318.8,170.8,148.0,Online
SAL01295,2023-05-08,STR09,CUS0212,PRD046,1,533.74,0.0,533.74,349.25,184.49,Store
SAL01296,2024-12-15,STR12,CUS0152,PRD043,1,108.59,0.05,103.16,54.96,48.2,App
SAL01297,2022-07-07,STR02,CUS0171,PRD026,4,434.62,0.05,1651.56,994.76,656.8,Online
SAL01298,2025-07-16,STR06,CUS0105,PRD064,1,508.25,0.2,406.6,292.5,114.1,Store
SAL01299,2024-07-12,STR02,CUS0188,PRD066,2,180.08,0.2,288.13,248.14,39.99,App
SAL01300,2024-05-09,STR10,CUS0203,PRD064,1,508.25,0.15,432.01,292.5,139.51,Online
SAL01301,2023-08-23,STR06,CUS0290,PRD046,1,533.74,0.1,480.37,349.25,131.12,Online
SAL01302,2022-06-01,STR01,CUS0211,PRD042,2,213.13,0.0,426.26,204.72,221.54,App
SAL01303,2023-10-22,STR08,CUS0113,PRD030,1,396.17,0.15,336.74,240.04,96.7,Online
SAL01304,2022-02-14,STR10,CUS0094,PRD020,2,144.97,0.2,231.95,152.4,79.55,Online
SAL01305,2023-01-03,STR05,CUS0265,PRD035,5,285.91,0.15,1215.12,736.95,478.17,Store
SAL01306,2023-05-23,STR10,CUS0005,PRD012,1,580.87,0.0,580.87,387.01,193.86,Store
SAL01307,2024-12-29,STR02,CUS0167,PRD017,1,86.4,0.15,73.44,47.35,26.09,Online
SAL01308,2022-04-22,STR08,CUS0181,PRD044,1,125.25,0.1,112.73,57.19,55.54,App
SAL01309,2023-01-04,STR08,CUS0102,PRD048,3,65.44,0.15,166.87,137.7,29.17,Store
SAL01310,2024-03-17,STR07,CUS0249,PRD030,3,396.17,0.05,1129.08,720.12,408.96,Store
SAL01311,2023-10-17,STR05,CUS0036,PRD035,1,285.91,0.0,285.91,147.39,138.52,Online
SAL01312,2025-02-14,STR01,CUS0110,PRD040,1,107.82,0.0,107.82,56.81,51.01,App
SAL01313,2023-05-24,STR09,CUS0024,PRD061,2,60.41,0.0,120.82,62.08,58.74,Store
SAL01314,2022-02-28,STR03,CUS0080,PRD063,2,447.14,0.1,804.85,627.96,176.89,App
SAL01315,2022-09-29,STR01,CUS0063,PRD019,1,404.77,0.1,364.29,279.33,84.96,Store
SAL01316,2022-09-01,STR05,CUS0077,PRD047,3,470.23,0.15,1199.09,900.6,298.49,Store
SAL01317,2023-07-24,STR03,CUS0079,PRD078,3,149.61,0.1,403.95,218.55,185.4,App
SAL01318,2022-03-11,STR02,CUS0017,PRD048,5,65.44,0.15,278.12,229.5,48.62,App
SAL01319,2023-02-08,STR07,CUS0291,PRD040,2,107.82,0.0,215.64,113.62,102.02,App
SAL01320,2023-12-17,STR08,CUS0014,PRD034,3,539.68,0.2,1295.23,875.37,419.86,Online
SAL01321,2023-04-05,STR04,CUS0169,PRD076,1,841.57,0.1,757.41,383.22,374.19,Store
SAL01322,2022-02-04,STR09,CUS0240,PRD070,6,326.09,0.0,1956.54,1324.92,631.62,App
SAL01323,2024-03-15,STR07,CUS0256,PRD038,3,588.04,0.05,1675.91,1149.54,526.37,App
SAL01324,2025-03-26,STR01,CUS0013,PRD080,1,390.71,0.05,371.17,178.69,192.48,App
SAL01325,2025-05-04,STR05,CUS0160,PRD020,3,144.97,0.05,413.16,228.6,184.56,Online
SAL01326,2025-04-14,STR10,CUS0194,PRD051,1,428.0,0.0,428.0,224.16,203.84,App
SAL01327,2024-12-07,STR07,CUS0114,PRD072,2,499.84,0.15,849.73,600.8,248.93,Store
SAL01328,2024-02-21,STR04,CUS0159,PRD073,3,252.83,0.1,682.64,503.46,179.18,Online
SAL01329,2024-09-28,STR11,CUS0082,PRD065,1,361.03,0.15,306.88,256.52,50.36,Online
SAL01330,2023-03-27,STR06,CUS0272,PRD003,1,460.37,0.0,460.37,234.76,225.61,App
SAL01331,2025-01-01,STR11,CUS0172,PRD024,6,582.46,0.05,3320.02,2019.18,1300.84,Store
SAL01332,2023-07-28,STR03,CUS0245,PRD074,1,778.55,0.05,739.62,376.12,363.5,Online
SAL01333,2023-07-20,STR04,CUS0075,PRD073,1,252.83,0.2,202.26,167.82,34.44,Store
SAL01334,2024-08-22,STR12,CUS0230,PRD042,1,213.13,0.2,170.5,102.36,68.14,Store
SAL01335,2024-08-30,STR11,CUS0126,PRD063,3,447.14,0.0,1341.42,941.94,399.48,App
SAL01336,2022-03-17,STR12,CUS0277,PRD053,1,139.83,0.1,125.85,79.48,46.37,App
SAL01337,2022-05-25,STR01,CUS0243,PRD022,1,447.25,0.15,380.16,315.68,64.48,App
SAL01338,2023-05-29,STR03,CUS0240,PRD035,1,285.91,0.0,285.91,147.39,138.52,App
SAL01339,2024-08-11,STR11,CUS0130,PRD031,4,607.09,0.0,2428.36,1247.2,1181.16,Online
SAL01340,2024-06-15,STR02,CUS0204,PRD054,2,167.08,0.0,334.16,161.92,172.24,Online
SAL01341,2025-02-08,STR10,CUS0153,PRD013,2,332.19,0.15,564.72,303.66,261.06,App
SAL01342,2025-05-25,STR09,CUS0045,PRD050,1,289.93,0.0,289.93,202.54,87.39,Online
SAL01343,2023-09-05,STR03,CUS0203,PRD066,5,180.08,0.1,810.36,620.35,190.01,App
SAL01344,2024-01-27,STR12,CUS0267,PRD050,1,289.93,0.1,260.94,202.54,58.4,Online
SAL01345,2024-01-22,STR05,CUS0087,PRD079,4,665.32,0.0,2661.28,1355.52,1305.76,App
SAL01346,2023-11-18,STR04,CUS0010,PRD033,1,82.66,0.15,70.26,57.52,12.74,App
SAL01347,2022-08-03,STR02,CUS0185,PRD080,1,390.71,0.1,351.64,178.69,172.95,Online
SAL01348,2023-05-20,STR07,CUS0166,PRD080,1,390.71,0.2,312.57,178.69,133.88,Store
SAL01349,2024-09-12,STR05,CUS0154,PRD030,1,396.17,0.0,396.17,240.04,156.13,App
SAL01350,2025-05-07,STR12,CUS0117,PRD070,1,326.09,0.15,277.18,220.82,56.36,Store
SAL01351,2022-06-24,STR04,CUS0279,PRD013,1,332.19,0.1,298.97,151.83,147.14,Store
SAL01352,2022-01-21,STR10,CUS0203,PRD016,4,565.24,0.15,1921.82,1047.68,874.14,Store
SAL01353,2024-11-23,STR07,CUS0241,PRD035,2,285.91,0.1,514.64,294.78,219.86,Store
SAL01354,2025-06-11,STR08,CUS0105,PRD018,1,703.6,0.05,668.42,337.92,330.5,App
SAL01355,2022-04-24,STR01,CUS0283,PRD032,1,570.78,0.0,570.78,326.53,244.25,App
SAL01356,2022-11-27,STR01,CUS0082,PRD021,1,732.57,0.0,732.57,388.69,343.88,Online
SAL01357,2023-12-19,STR09,CUS0050,PRD028,1,167.14,0.2,133.71,81.77,51.94,Online
SAL01358,2023-03-23,STR01,CUS0016,PRD024,1,582.46,0.15,495.09,336.53,158.56,Store
SAL01359,2023-06-06,STR02,CUS0297,PRD031,2,607.09,0.0,1214.18,623.6,590.58,Store
SAL01360,2024-03-24,STR04,CUS0038,PRD028,1,167.14,0.0,167.14,81.77,85.37,Online
SAL01361,2023-04-24,STR05,CUS0035,PRD028,1,167.14,0.2,133.71,81.77,51.94,Store
SAL01362,2024-05-21,STR03,CUS0284,PRD076,2,841.57,0.0,1683.14,766.44,916.7,Store
SAL01363,2024-10-31,STR03,CUS0024,PRD063,2,447.14,0.0,894.28,627.96,266.32,Store
SAL01364,2024-12-07,STR08,CUS0219,PRD071,1,618.33,0.0,618.33,332.7,285.63,Store
SAL01365,2024-03-14,STR10,CUS0094,PRD015,1,339.66,0.0,339.66,183.65,156.01,App
SAL01366,2022-06-14,STR02,CUS0126,PRD003,1,460.37,0.15,391.31,234.76,156.55,Online
SAL01367,2024-01-22,STR07,CUS0164,PRD063,1,447.14,0.1,402.43,313.98,88.45,App
SAL01368,2023-03-01,STR12,CUS0004,PRD002,1,528.99,0.0,528.99,347.39,181.6,App
SAL01369,2022-12-16,STR11,CUS0298,PRD014,4,469.29,0.2,1501.73,1280.0,221.73,App
SAL01370,2022-08-25,STR07,CUS0238,PRD011,1,450.62,0.2,360.5,205.91,154.59,Online
SAL01371,2023-09-04,STR05,CUS0090,PRD028,4,167.14,0.2,534.85,327.08,207.77,Online
SAL01372,2023-08-05,STR05,CUS0123,PRD068,2,193.87,0.0,387.74,272.68,115.06,App
SAL01373,2023-09-09,STR06,CUS0059,PRD062,2,210.83,0.0,421.66,206.14,215.52,Online
SAL01374,2025-06-30,STR05,CUS0253,PRD037,2,72.87,0.05,138.45,98.58,39.87,App
SAL01375,2023-09-27,STR08,CUS0059,PRD015,2,339.66,0.15,577.42,367.3,210.12,Store
SAL01376,2025-01-21,STR01,CUS0232,PRD071,1,618.33,0.0,618.33,332.7,285.63,Online
SAL01377,2022-10-15,STR03,CUS0273,PRD019,1,404.77,0.0,404.77,279.33,125.44,Online
SAL01378,2022-03-19,STR10,CUS0024,PRD007,2,297.96,0.0,595.92,347.56,248.36,App
SAL01379,2025-05-26,STR09,CUS0005,PRD067,1,338.84,0.15,288.01,191.28,96.73,Store
SAL01380,2023-01-01,STR11,CUS0291,PRD037,2,72.87,0.0,145.74,98.58,47.16,Store
SAL01381,2024-03-17,STR02,CUS0086,PRD027,1,167.97,0.05,159.57,84.52,75.05,App
SAL01382,2023-02-20,STR06,CUS0013,PRD002,1,528.99,0.2,423.19,347.39,75.8,App
SAL01383,2022-03-26,STR05,CUS0092,PRD028,1,167.14,0.15,142.07,81.77,60.3,Store
SAL01384,2022-08-26,STR03,CUS0120,PRD070,1,326.09,0.15,277.18,220.82,56.36,App
SAL01385,2024-10-09,STR12,CUS0096,PRD045,4,74.57,0.05,283.37,137.52,145.85,Online
SAL01386,2023-01-01,STR03,CUS0185,PRD021,1,732.57,0.15,622.68,388.69,233.99,Store
SAL01387,2025-02-22,STR04,CUS0046,PRD021,2,732.57,0.0,1465.14,777.38,687.76,Store
SAL01388,2022-06-18,STR10,CUS0240,PRD056,1,434.96,0.0,434.96,261.14,173.82,App
SAL01389,2024-04-13,STR09,CUS0085,PRD038,3,588.04,0.15,1499.5,1149.54,349.96,Store
SAL01390,2022-07-14,STR08,CUS0198,PRD022,1,447.25,0.15,380.16,315.68,64.48,Store
SAL01391,2024-03-27,STR07,CUS0043,PRD013,1,332.19,0.05,315.58,151.83,163.75,App
SAL01392,2022-03-07,STR07,CUS0058,PRD015,1,339.66,0.05,322.68,183.65,139.03,App
SAL01393,2022-06-01,STR12,CUS0211,PRD069,1,393.75,0.0,393.75,211.23,182.52,App
SAL01394,2022-02-20,STR06,CUS0092,PRD001,4,769.25,0.0,3077.0,1495.04,1581.96,Online
SAL01395,2024-06-23,STR07,CUS0260,PRD025,1,395.29,0.2,316.23,254.79,61.44,Online
SAL01396,2025-02-11,STR08,CUS0222,PRD022,1,447.25,0.0,447.25,315.68,131.57,Store
SAL01397,2024-02-06,STR01,CUS0088,PRD022,2,447.25,0.1,805.05,631.36,173.69,App
SAL01398,2022-02-25,STR08,CUS0043,PRD039,1,267.3,0.15,227.21,176.25,50.96,Online
SAL01399,2024-08-06,STR05,CUS0012,PRD027,2,167.97,0.15,285.55,169.04,116.51,Store
SAL01400,2022-03-22,STR02,CUS0102,PRD047,2,470.23,0.1,846.41,600.4,246.01,App
SAL01401,2024-08-02,STR01,CUS0039,PRD036,2,638.05,0.15,1084.68,630.48,454.2,Online
SAL01402,2022-12-09,STR06,CUS0230,PRD004,4,277.55,0.2,888.16,524.76,363.4,Online
SAL01403,2022-12-07,STR05,CUS0271,PRD001,1,769.25,0.1,692.33,373.76,318.57,Online
SAL01404,2024-06-15,STR05,CUS0281,PRD021,1,732.57,0.05,695.94,388.69,307.25,Online
SAL01405,2025-02-07,STR04,CUS0032,PRD058,3,428.07,0.2,1027.37,854.4,172.97,Online
SAL01406,2023-04-13,STR07,CUS0129,PRD065,1,361.03,0.05,342.98,256.52,86.46,App
SAL01407,2024-08-07,STR12,CUS0026,PRD063,1,447.14,0.0,447.14,313.98,133.16,App
SAL01408,2024-03-04,STR11,CUS0013,PRD030,3,396.17,0.05,1129.08,720.12,408.96,Online
SAL01409,2023-04-08,STR01,CUS0151,PRD035,1,285.91,0.0,285.91,147.39,138.52,App
SAL01410,2022-04-13,STR06,CUS0165,PRD030,1,396.17,0.15,336.74,240.04,96.7,Store
SAL01411,2023-08-10,STR03,CUS0255,PRD011,1,450.62,0.05,428.09,205.91,222.18,Store
SAL01412,2023-11-07,STR04,CUS0227,PRD059,1,494.95,0.15,420.71,285.33,135.38,Store
SAL01413,2022-11-10,STR10,CUS0096,PRD071,1,618.33,0.0,618.33,332.7,285.63,Store
SAL01414,2023-03-07,STR03,CUS0121,PRD071,1,618.33,0.0,618.33,332.7,285.63,Online
SAL01415,2023-05-06,STR03,CUS0047,PRD014,2,469.29,0.0,938.58,640.0,298.58,Store
SAL01416,2024-12-23,STR07,CUS0015,PRD033,1,82.66,0.0,82.66,57.52,25.14,Online
SAL01417,2023-07-04,STR02,CUS0016,PRD069,1,393.75,0.1,354.38,211.23,143.15,App
SAL01418,2024-04-28,STR01,CUS0187,PRD006,3,365.95,0.0,1097.85,620.25,477.6,Online
SAL01419,2025-03-03,STR06,CUS0206,PRD006,1,365.95,0.0,365.95,206.75,159.2,Store
SAL01420,2022-07-09,STR08,CUS0140,PRD061,1,60.41,0.2,48.33,31.04,17.29,Store
SAL01421,2023-03-08,STR01,CUS0236,PRD012,3,580.87,0.15,1481.22,1161.03,320.19,Online
SAL01422,2024-11-07,STR06,CUS0277,PRD035,1,285.91,0.2,228.73,147.39,81.34,Online
SAL01423,2023-03-19,STR09,CUS0224,PRD073,3,252.83,0.1,682.64,503.46,179.18,Online
SAL01424,2023-06-24,STR03,CUS0046,PRD025,2,395.29,0.2,632.46,509.58,122.88,Online
SAL01425,2024-05-11,STR12,CUS0230,PRD008,4,439.89,0.15,1495.63,1026.28,469.35,App
SAL01426,2023-09-15,STR11,CUS0158,PRD004,2,277.55,0.0,555.1,262.38,292.72,App
SAL01427,2025-07-10,STR09,CUS0127,PRD011,4,450.62,0.15,1532.11,823.64,708.47,App
SAL01428,2024-04-02,STR01,CUS0296,PRD016,1,565.24,0.0,565.24,261.92,303.32,Store
SAL01429,2022-07-31,STR12,CUS0172,,1,638.05,0.05,606.15,315.24,290.91,Online
SAL01430,2022-02-28,STR08,CUS0238,PRD052,3,660.22,0.05,1881.63,1179.57,702.06,Store
SAL01431,2025-05-14,STR03,CUS0174,PRD075,2,453.11,0.0,906.22,539.46,366.76,App
SAL01432,2025-04-20,STR02,CUS0015,PRD052,1,660.22,0.05,627.21,393.19,234.02,Store
SAL01433,2022-02-03,STR02,CUS0079,PRD073,1,252.83,0.05,240.19,167.82,72.37,Online
SAL01434,2024-03-16,STR02,CUS0170,PRD040,1,107.82,0.05,102.43,56.81,45.62,Online
SAL01435,2024-12-04,STR03,CUS0067,PRD006,3,365.95,0.15,933.17,620.25,312.92,Store
SAL01436,2023-11-07,STR05,CUS0003,PRD072,3,499.84,0.15,1274.59,901.2,373.39,Online
SAL01437,2024-10-29,STR08,CUS0157,PRD030,4,396.17,0.1,1426.21,960.16,466.05,Store
SAL01438,2023-11-03,STR11,CUS0236,PRD057,1,52.44,0.0,52.44,36.78,15.66,Online
SAL01439,2024-02-08,STR01,CUS0077,PRD025,1,395.29,0.1,355.76,254.79,100.97,Online
SAL01440,2023-03-31,STR09,CUS0094,PRD076,1,841.57,0.0,841.57,383.22,458.35,App
SAL01441,2022-10-12,STR08,CUS0285,PRD073,4,252.83,0.2,809.06,671.28,137.78,Store
SAL01442,2025-01-03,STR08,CUS0258,PRD047,1,470.23,0.0,470.23,300.2,170.03,Online
SAL01443,2022-02-13,STR04,CUS0098,PRD022,1,447.25,0.15,380.16,315.68,64.48,App
SAL01444,2024-08-18,STR11,CUS0242,PRD044,1,125.25,0.15,106.46,57.19,49.27,Store
SAL01445,2023-05-19,STR01,CUS0131,PRD021,1,732.57,0.2,586.06,388.69,197.37,App
SAL01446,2025-08-12,STR09,CUS0295,PRD032,2,570.78,0.05,1084.48,653.06,431.42,App
SAL01447,2022-04-14,STR12,CUS0101,PRD055,1,402.22,0.1,362.0,211.32,150.68,App
SAL01448,2022-04-13,STR05,CUS0197,PRD040,2,107.82,0.1,194.08,113.62,80.46,Online
SAL01449,2025-05-21,STR11,CUS0070,PRD035,1,285.91,0.05,271.61,147.39,124.22,Store
SAL01450,2022-10-24,STR04,CUS0286,PRD075,2,453.11,0.0,906.22,539.46,366.76,App
SAL01451,2023-10-28,STR03,CUS0178,PRD051,5,428.0,0.15,1819.0,1120.8,698.2,Store
SAL01452,2024-01-30,STR09,CUS0040,PRD078,2,149.61,0.15,254.34,145.7,108.64,App
SAL01453,2023-12-26,STR07,CUS0233,PRD054,1,167.08,0.0,167.08,80.96,86.12,Store
SAL01454,2023-07-07,STR06,CUS0128,PRD061,2,60.41,0.2,96.66,62.08,34.58,Store
SAL01455,2024-08-27,STR01,CUS0160,PRD031,2,607.09,0.05,1153.47,623.6,529.87,App
SAL01456,2025-01-25,STR02,CUS0029,PRD021,2,732.57,0.05,1391.88,777.38,614.5,Online
SAL01457,2023-11-29,STR05,CUS0126,PRD025,2,395.29,0.2,632.46,509.58,122.88,Store
SAL01458,2022-03-09,STR12,CUS0135,PRD015,2,339.66,0.0,679.32,367.3,312.02,Store
SAL01459,2023-09-17,STR12,CUS0204,PRD048,1,65.44,0.0,65.44,45.9,19.54,Online
SAL01460,2023-11-25,STR07,CUS0091,PRD044,1,125.25,0.0,125.25,57.19,68.06,Online
SAL01461,2023-08-07,STR09,CUS0271,PRD022,3,447.25,0.05,1274.66,947.04,327.62,Store
SAL01462,2022-12-22,STR06,CUS0100,PRD028,2,167.14,0.05,317.57,163.54,154.03,Store
SAL01463,2025-01-10,STR05,CUS0142,PRD037,1,72.87,0.0,72.87,49.29,23.58,Online
SAL01464,2023-01-23,STR04,CUS0157,PRD016,1,565.24,0.0,565.24,261.92,303.32,Online
SAL01465,2022-11-19,STR02,CUS0044,PRD019,2,404.77,0.0,809.54,558.66,250.88,Online
SAL01466,2022-11-18,STR10,CUS0136,PRD044,1,125.25,0.0,125.25,57.19,68.06,Online
SAL01467,2024-10-11,STR08,CUS0171,PRD073,2,252.83,0.15,429.81,335.64,94.17,Online
SAL01468,2023-04-24,STR11,CUS0042,PRD022,2,447.25,0.1,805.05,631.36,173.69,App
SAL01469,2023-08-26,STR11,CUS0092,PRD039,2,267.3,0.2,427.68,352.5,75.18,Online
SAL01470,2024-09-16,STR09,CUS0122,PRD049,1,535.39,0.0,535.39,243.87,291.52,Online
SAL01471,2022-06-02,STR10,CUS0083,PRD010,2,307.16,0.0,614.32,326.86,287.46,Store
SAL01472,2022-11-15,STR08,CUS0140,PRD053,1,139.83,0.15,118.86,79.48,39.38,App
SAL01473,2024-08-26,STR11,CUS0129,PRD023,3,336.46,0.05,958.91,674.16,284.75,Online
SAL01474,2025-03-09,STR08,CUS0257,PRD023,2,336.46,0.0,672.92,449.44,223.48,Online
SAL01475,2023-04-24,STR06,CUS0105,PRD057,3,52.44,0.0,157.32,110.34,46.98,App
SAL01476,2023-04-11,STR08,CUS0271,PRD080,1,390.71,0.0,390.71,178.69,212.02,App
SAL01477,2023-10-31,STR06,CUS0061,PRD073,1,252.83,0.0,252.83,167.82,85.01,Store
SAL01478,2025-04-24,STR06,CUS0238,PRD008,4,439.89,0.2,1407.65,1026.28,381.37,Store
SAL01479,2024-05-13,STR11,CUS0189,PRD034,1,539.68,0.0,539.68,291.79,247.89,App
SAL01480,2024-03-11,STR08,CUS0143,PRD029,3,318.8,0.1,860.76,512.4,348.36,Store
SAL01481,2023-08-17,STR06,CUS0025,PRD031,1,607.09,0.05,576.74,311.8,264.94,App
SAL01482,2023-07-08,STR06,CUS0134,PRD022,3,447.25,0.15,1140.49,947.04,193.45,Store
SAL01483,2024-01-23,STR12,CUS0014,PRD010,1,307.16,0.1,276.44,163.43,113.01,Store
SAL01484,2024-12-29,STR07,CUS0129,PRD018,1,703.6,0.0,703.6,337.92,365.68,Store
SAL01485,2022-06-15,STR11,CUS0274,PRD062,1,210.83,0.15,179.21,103.07,76.14,Online
SAL01486,2023-12-12,STR04,CUS0158,PRD022,2,447.25,0.15,760.32,631.36,128.96,Store
SAL01487,2024-10-23,STR11,CUS0138,PRD010,1,307.16,0.05,291.8,163.43,128.37,Store
SAL01488,2023-06-23,STR12,CUS0216,PRD055,1,402.22,0.15,341.89,211.32,130.57,App
SAL01489,2024-02-13,STR12,CUS0059,PRD050,1,289.93,0.0,289.93,202.54,87.39,Online
SAL01490,2022-07-02,STR04,CUS0212,PRD077,1,517.67,0.15,440.02,306.08,133.94,Online
SAL01491,2022-12-11,STR03,CUS0053,PRD040,2,107.82,0.2,172.51,113.62,58.89,Store
SAL01492,2023-01-15,STR10,CUS0252,PRD067,3,338.84,0.15,864.04,573.84,290.2,App
SAL01493,2023-02-19,STR06,CUS0198,PRD005,5,245.1,0.0,1225.5,872.45,353.05,Online
SAL01494,2022-04-18,STR08,CUS0137,PRD010,3,307.16,0.0,921.48,490.29,431.19,Online
SAL01495,2023-07-11,STR02,CUS0005,PRD075,2,453.11,0.0,906.22,539.46,366.76,Store
SAL01496,2025-07-23,STR03,CUS0002,PRD041,3,500.06,0.15,1275.15,744.27,530.88,Store
SAL01497,2024-02-01,STR01,CUS0213,PRD011,2,450.62,0.0,901.24,411.82,489.42,Online
SAL01498,2024-04-16,STR08,CUS0096,PRD007,3,297.96,0.0,893.88,521.34,372.54,App
SAL01499,2024-10-18,STR07,CUS0278,PRD080,1,390.71,0.2,312.57,178.69,133.88,App
SAL01500,2025-04-04,STR02,CUS0069,PRD030,1,396.17,0.0,396.17,240.04,156.13,Store
SAL01501,2025-03-04,STR02,CUS0201,PRD071,1,618.33,0.0,618.33,332.7,285.63,App
SAL01502,2022-01-21,STR05,CUS0281,PRD079,4,665.32,0.0,2661.28,1355.52,1305.76,Online
SAL01503,2022-06-09,STR10,CUS0237,PRD005,4,245.1,0.05,931.38,697.96,233.42,Online
SAL01504,2022-12-15,STR09,CUS0232,PRD080,2,390.71,0.0,781.42,357.38,424.04,Store
SAL01505,2024-01-04,STR11,CUS0032,PRD005,3,245.1,0.0,735.3,523.47,211.83,Online
SAL01506,2025-05-14,STR05,CUS0143,PRD011,1,450.62,0.0,450.62,205.91,244.71,Online
SAL01507,2024-09-09,STR11,CUS0008,PRD051,1,428.0,0.05,406.6,224.16,182.44,Store
SAL01508,2022-06-17,STR04,CUS0087,PRD063,1,447.14,0.15,380.07,313.98,66.09,App
SAL01509,2022-02-15,STR12,CUS0035,PRD055,1,402.22,0.0,402.22,211.32,190.9,App
SAL01510,2023-07-25,STR09,CUS0087,PRD048,1,65.44,0.15,55.62,45.9,9.72,Online
SAL01511,2024-07-01,STR08,CUS0140,PRD077,3,517.67,0.0,1553.01,918.24,634.77,App
SAL01512,2025-08-01,STR04,CUS0224,PRD061,1,60.41,0.2,48.33,31.04,17.29,Online
SAL01513,2022-06-25,STR03,CUS0258,PRD078,1,149.61,0.1,134.65,72.85,61.8,Store
SAL01514,2025-02-20,STR06,CUS0175,PRD004,2,277.55,0.05,527.35,262.38,264.97,Online
SAL01515,2025-04-29,STR11,CUS0241,PRD074,1,778.55,0.2,622.84,376.12,246.72,App
SAL01516,2025-04-10,STR07,CUS0107,PRD069,2,393.75,0.05,748.12,422.46,325.66,Online
SAL01517,2023-04-14,STR05,CUS0241,PRD003,1,460.37,0.15,391.31,234.76,156.55,App
SAL01518,2023-06-16,STR06,CUS0021,PRD013,2,332.19,0.1,597.94,303.66,294.28,Store
SAL01519,2024-01-07,STR12,CUS0140,PRD078,1,149.61,0.15,127.17,72.85,54.32,App
SAL01520,2024-07-30,STR01,CUS0163,PRD014,2,469.29,0.2,750.86,640.0,110.86,Online
SAL01521,2022-06-07,STR01,CUS0292,PRD030,1,396.17,0.0,396.17,240.04,156.13,Online
SAL01522,2025-04-01,STR03,CUS0014,PRD056,2,434.96,0.1,782.93,522.28,260.65,Online
SAL01523,2025-04-02,STR10,CUS0210,PRD071,3,618.33,0.15,1576.74,998.1,578.64,Online
SAL01524,2024-02-21,STR10,CUS0008,PRD055,1,402.22,0.05,382.11,211.32,170.79,Store
SAL01525,2024-03-26,STR11,CUS0158,PRD046,2,533.74,0.05,1014.11,698.5,315.61,Online
SAL01526,2025-08-07,STR06,CUS0249,PRD003,1,460.37,0.2,368.3,234.76,133.54,Store
SAL01527,2022-03-01,STR01,CUS0045,PRD022,3,447.25,0.0,1341.75,947.04,394.71,App
SAL01528,2024-09-03,STR07,CUS0067,PRD038,1,588.04,0.0,588.04,383.18,204.86,App
SAL01529,2023-04-15,STR05,CUS0195,PRD018,1,703.6,0.2,562.88,337.92,224.96,App
SAL01530,2023-08-17,STR09,CUS0054,PRD037,1,72.87,0.0,72.87,49.29,23.58,Store
SAL01531,2023-06-25,STR10,CUS0177,PRD036,1,638.05,0.0,638.05,315.24,322.81,Store
SAL01532,2023-08-18,STR10,CUS0179,PRD065,1,361.03,0.15,306.88,256.52,50.36,Store
SAL01533,2025-01-08,STR06,CUS0208,PRD042,1,213.13,0.0,213.13,102.36,110.77,Online
SAL01534,2023-01-18,STR11,CUS0142,PRD021,2,732.57,0.0,1465.14,777.38,687.76,Online
SAL01535,2023-09-23,STR01,CUS0170,PRD059,2,494.95,0.2,791.92,570.66,221.26,Online
SAL01536,2022-06-27,STR06,CUS0186,PRD054,3,167.08,0.05,476.18,242.88,233.3,Store
SAL01537,2022-08-31,STR09,CUS0130,PRD063,1,447.14,0.2,357.71,313.98,43.73,App
SAL01538,2024-10-09,STR06,CUS0080,PRD046,1,533.74,0.0,533.74,349.25,184.49,Store
SAL01539,2025-04-26,STR12,CUS0170,PRD022,2,447.25,0.1,805.05,631.36,173.69,Online
SAL01540,2025-05-23,STR10,CUS0235,PRD054,1,167.08,0.2,133.66,80.96,52.7,App
SAL01541,2022-04-21,STR11,CUS0043,PRD007,2,297.96,0.05,566.12,347.56,218.56,Online
SAL01542,2025-03-29,STR08,CUS0081,PRD022,1,447.25,0.1,402.53,315.68,86.85,App
SAL01543,2024-02-24,STR10,CUS0141,PRD023,3,336.46,0.15,857.97,674.16,183.81,Online
SAL01544,2023-05-04,STR04,CUS0083,PRD042,1,213.13,0.2,170.5,102.36,68.14,App
SAL01545,2024-05-08,STR05,CUS0255,PRD051,4,428.0,0.15,1455.2,896.64,558.56,App
SAL01546,2023-05-17,STR03,CUS0028,PRD073,1,252.83,0.0,252.83,167.82,85.01,Store
SAL01547,2023-08-03,STR05,CUS0174,PRD067,2,338.84,0.0,677.68,382.56,295.12,Online
SAL01548,2023-11-04,STR09,CUS0031,PRD001,1,769.25,0.0,769.25,373.76,395.49,Store
SAL01549,2024-02-17,STR12,CUS0293,PRD044,1,125.25,0.0,125.25,57.19,68.06,Store
SAL01550,2025-06-02,STR07,CUS0074,PRD037,6,72.87,0.1,393.5,295.74,97.76,App
SAL01551,2022-05-09,STR06,CUS0241,PRD041,2,500.06,0.0,1000.12,496.18,503.94,App
SAL01552,2023-01-29,STR02,CUS0175,PRD070,1,326.09,0.15,277.18,220.82,56.36,Store
SAL01553,2023-03-27,STR07,CUS0247,PRD078,2,149.61,0.15,254.34,145.7,108.64,Store
SAL01554,2024-01-16,STR10,CUS0083,PRD043,5,108.59,0.0,542.95,274.8,268.15,Online
SAL01555,2025-04-01,STR03,CUS0160,PRD010,1,307.16,0.15,261.09,163.43,97.66,Online
SAL01556,2024-02-06,STR05,CUS0012,PRD022,3,447.25,0.0,1341.75,947.04,394.71,App
SAL01557,2025-01-20,STR01,CUS0073,PRD046,1,533.74,0.05,507.05,349.25,157.8,Store
SAL01558,2023-07-19,STR07,CUS0135,PRD027,1,167.97,0.0,167.97,84.52,83.45,Store
SAL01559,2023-03-03,STR09,CUS0256,PRD068,1,193.87,0.05,184.18,136.34,47.84,Store
SAL01560,2023-02-26,STR09,CUS0074,PRD058,3,428.07,0.0,1284.21,854.4,429.81,App
SAL01561,2022-08-24,STR10,CUS0179,PRD049,3,535.39,0.2,1284.94,731.61,553.33,Store
SAL01562,2022-07-09,STR01,CUS0260,PRD028,2,167.14,0.0,334.28,163.54,170.74,Store
SAL01563,2024-12-12,STR08,CUS0034,PRD079,1,665.32,0.0,665.32,338.88,326.44,Online
SAL01564,2024-08-29,STR04,CUS0126,PRD007,1,297.96,0.2,238.37,173.78,64.59,App
SAL01565,2025-07-31,STR09,CUS0032,PRD030,2,396.17,0.2,633.87,480.08,153.79,Online
SAL01566,2022-10-06,STR02,CUS0145,PRD038,1,588.04,0.1,529.24,383.18,146.06,App
SAL01567,2023-11-18,STR07,CUS0128,PRD039,1,267.3,0.15,227.21,176.25,50.96,Online
SAL01568,2024-01-31,STR11,CUS0093,PRD007,2,297.96,0.0,595.92,347.56,248.36,App
SAL01569,2024-03-24,STR02,CUS0102,PRD078,2,149.61,0.0,299.22,145.7,153.52,Online
SAL01570,2022-05-12,STR01,CUS0277,PRD071,2,618.33,0.15,1051.16,665.4,385.76,Store
SAL01571,2023-01-12,STR10,CUS0017,PRD009,1,337.72,0.0,337.72,227.99,109.73,Online
SAL01572,2022-06-06,STR08,CUS0212,PRD063,1,447.14,0.05,424.78,313.98,110.8,Online
SAL01573,2022-12-29,STR07,CUS0123,PRD059,1,494.95,0.0,494.95,285.33,209.62,Online
SAL01574,2023-08-04,STR06,CUS0160,PRD049,2,535.39,0.0,1070.78,487.74,583.04,Online
SAL01575,2025-03-16,STR04,CUS0030,PRD043,1,108.59,0.0,108.59,54.96,53.63,App
SAL01576,2023-01-17,STR12,CUS0170,PRD015,1,339.66,0.0,339.66,183.65,156.01,Store
SAL01577,2025-04-28,STR02,CUS0057,PRD046,1,533.74,0.0,533.74,349.25,184.49,Store
SAL01578,2025-07-31,STR10,CUS0105,PRD049,3,535.39,0.0,1606.17,731.61,874.56,Online
SAL01579,2024-09-23,STR01,CUS0121,PRD027,1,167.97,0.1,151.17,84.52,66.65,App
SAL01580,2025-05-07,STR12,CUS0099,PRD018,1,703.6,0.0,703.6,337.92,365.68,Store
SAL01581,2024-05-31,STR06,CUS0106,PRD011,2,450.62,0.15,766.05,411.82,354.23,App
SAL01582,2022-07-06,STR11,CUS0160,PRD009,1,337.72,0.1,303.95,227.99,75.96,Online
SAL01583,2022-10-01,STR08,CUS0015,PRD044,2,125.25,0.0,250.5,114.38,136.12,Store
SAL01584,2025-01-13,STR01,CUS0129,PRD049,6,535.39,0.05,3051.72,1463.22,1588.5,Store
SAL01585,2024-09-24,STR07,CUS0008,PRD055,1,402.22,0.05,382.11,211.32,170.79,Online
SAL01586,2022-02-06,STR11,CUS0164,PRD014,1,469.29,0.0,469.29,320.0,149.29,App
SAL01587,2025-04-08,STR09,CUS0157,PRD039,3,267.3,0.05,761.81,528.75,233.06,Online
SAL01588,2025-06-22,STR07,CUS0055,PRD021,2,732.57,0.0,1465.14,777.38,687.76,App
SAL01589,2023-12-15,STR11,CUS0131,PRD032,1,570.78,0.0,570.78,326.53,244.25,Online
SAL01590,2024-11-22,STR04,CUS0233,PRD075,1,453.11,0.0,453.11,269.73,183.38,Store
SAL01591,2022-01-09,STR01,CUS0145,PRD075,1,453.11,0.05,430.45,269.73,160.72,App
SAL01592,2025-01-05,STR03,CUS0245,PRD042,3,213.13,0.0,639.39,307.08,332.31,Store
SAL01593,2022-02-04,STR04,CUS0081,PRD005,3,245.1,0.15,625.0,523.47,101.53,Online
SAL01594,2022-09-26,STR08,CUS0106,PRD065,1,361.03,0.05,342.98,256.52,86.46,Store
SAL01595,2025-05-30,STR09,CUS0192,PRD021,2,732.57,0.0,1465.14,777.38,687.76,App
SAL01596,2024-01-26,STR09,CUS0272,PRD034,1,539.68,0.1,485.71,291.79,193.92,Store
SAL01597,2024-08-25,STR10,CUS0154,PRD076,4,841.57,0.0,3366.28,1532.88,1833.4,Store
SAL01598,2023-11-20,STR10,CUS0171,PRD050,1,289.93,0.1,260.94,202.54,58.4,Store
SAL01599,2025-01-03,STR06,CUS0142,PRD075,2,453.11,0.2,724.98,539.46,185.52,Online
SAL01600,2023-01-25,STR07,CUS0153,PRD038,1,588.04,0.0,588.04,383.18,204.86,Online
SAL01601,2022-05-25,STR10,CUS0122,PRD019,1,404.77,0.0,404.77,279.33,125.44,Store
SAL01602,2024-07-22,STR06,CUS0038,PRD034,1,539.68,0.0,539.68,291.79,247.89,Online
SAL01603,2025-01-21,STR07,CUS0270,PRD020,1,144.97,0.05,137.72,76.2,61.52,App
SAL01604,2023-08-11,STR05,CUS0170,PRD047,5,470.23,0.05,2233.59,1501.0,732.59,Store
SAL01605,2023-07-26,STR10,CUS0258,PRD009,2,337.72,0.05,641.67,455.98,185.69,Online
SAL01606,2022-12-14,STR01,CUS0178,PRD077,2,517.67,0.0,1035.34,612.16,423.18,App
SAL01607,2025-02-16,STR08,CUS0193,PRD039,1,267.3,0.0,267.3,176.25,91.05,App
SAL01608,2025-08-05,STR07,CUS0117,PRD079,1,665.32,0.05,632.05,338.88,293.17,Store
SAL01609,2024-08-25,STR12,CUS0023,PRD044,4,125.25,0.0,501.0,228.76,272.24,App
SAL01610,2022-06-03,STR12,CUS0030,PRD004,3,277.55,0.0,832.65,393.57,439.08,App
SAL01611,2023-04-13,STR08,CUS0237,PRD010,1,307.16,0.15,261.09,163.43,97.66,Store
SAL01612,2022-04-15,STR05,CUS0124,PRD064,1,508.25,0.15,432.01,292.5,139.51,Online
SAL01613,2024-11-14,STR02,CUS0128,PRD006,2,365.95,0.05,695.3,413.5,281.8,Store
SAL01614,2024-08-19,STR01,CUS0153,PRD029,1,318.8,0.15,270.98,170.8,100.18,Online
SAL01615,2023-03-09,STR11,CUS0066,PRD076,1,841.57,0.15,715.33,383.22,332.11,Store
SAL01616,2023-11-02,STR06,CUS0138,PRD050,2,289.93,0.05,550.87,405.08,145.79,Online
SAL01617,2023-01-01,STR06,CUS0250,PRD023,1,336.46,0.0,336.46,224.72,111.74,App
SAL01618,2024-04-13,STR12,CUS0258,PRD023,1,336.46,0.15,285.99,224.72,61.27,Store
SAL01619,2023-11-09,STR07,CUS0288,PRD017,1,86.4,0.05,82.08,47.35,34.73,App
SAL01620,2024-10-24,STR02,CUS0174,PRD065,2,361.03,0.0,722.06,513.04,209.02,App
SAL01621,2024-07-23,STR07,CUS0217,PRD007,2,297.96,0.1,536.33,347.56,188.77,App
SAL01622,2023-02-21,STR06,CUS0178,PRD009,2,337.72,0.15,574.12,455.98,118.14,Online
SAL01623,2025-05-07,STR06,CUS0167,PRD015,1,339.66,0.2,271.73,183.65,88.08,Online
SAL01624,2023-07-27,STR07,CUS0042,PRD054,4,167.08,0.05,634.9,323.84,311.06,App
SAL01625,2025-05-17,STR01,CUS0155,PRD075,2,453.11,0.1,815.6,539.46,276.14,Store
SAL01626,2024-11-15,STR07,CUS0123,PRD054,2,167.08,0.0,334.16,161.92,172.24,Online
SAL01627,2023-02-24,STR10,CUS0175,PRD002,1,528.99,0.0,528.99,347.39,181.6,Online
SAL01628,2025-01-17,STR02,CUS0212,PRD016,1,565.24,0.2,452.19,261.92,190.27,Store
SAL01629,2024-05-24,STR10,CUS0107,PRD029,2,318.8,0.0,637.6,341.6,296.0,Online
SAL01630,2025-03-06,STR03,CUS0096,PRD025,3,395.29,0.0,1185.87,764.37,421.5,Online
SAL01631,2022-02-17,STR03,CUS0262,PRD010,2,307.16,0.0,614.32,326.86,287.46,Online
SAL01632,2024-04-18,STR02,CUS0207,PRD078,1,149.61,0.1,134.65,72.85,61.8,Store
SAL01633,2022-01-11,STR11,CUS0075,PRD011,3,450.62,0.15,1149.08,617.73,531.35,Online
SAL01634,2022-06-30,STR12,CUS0231,PRD073,1,252.83,0.0,252.83,167.82,85.01,App
SAL01635,2023-05-13,STR08,CUS0297,PRD050,1,289.93,0.1,260.94,202.54,58.4,Online
SAL01636,2025-05-31,STR10,CUS0247,PRD068,3,193.87,0.2,465.29,409.02,56.27,App
SAL01637,2024-06-09,STR12,CUS0210,PRD078,1,149.61,0.0,149.61,72.85,76.76,Store
SAL01638,2022-12-17,STR04,CUS0218,PRD074,2,778.55,0.0,1557.1,752.24,804.86,Online
SAL01639,2022-07-20,STR11,CUS0254,PRD021,2,732.57,0.0,1465.14,777.38,687.76,Online
SAL01640,2024-12-11,STR10,CUS0200,PRD027,1,167.97,0.2,134.38,84.52,49.86,Store
SAL01641,2024-08-27,STR10,CUS0178,PRD024,4,582.46,0.15,1980.36,1346.12,634.24,Store
SAL01642,2023-01-09,STR03,CUS0129,PRD055,2,402.22,0.0,804.44,422.64,381.8,Store
SAL01643,2022-09-20,STR08,CUS0069,PRD016,1,565.24,0.0,565.24,261.92,303.32,Online
SAL01644,2025-03-03,STR02,CUS0006,PRD076,1,841.57,0.05,799.49,383.22,416.27,Online
SAL01645,2025-06-11,STR10,CUS0056,PRD027,1,167.97,0.0,167.97,84.52,83.45,App
SAL01646,2025-02-07,STR04,CUS0218,PRD065,1,361.03,0.05,342.98,256.52,86.46,App
SAL01647,2024-09-17,STR06,CUS0269,PRD003,1,460.37,0.15,391.31,234.76,156.55,Online
SAL01648,2022-01-05,STR01,CUS0199,PRD029,3,318.8,0.05,908.58,512.4,396.18,Store
SAL01649,2022-03-30,STR01,CUS0099,PRD023,2,336.46,0.05,639.27,449.44,189.83,Store
SAL01650,2024-01-08,STR08,CUS0214,PRD045,1,74.57,0.0,74.57,34.38,40.19,App
SAL01651,2022-10-03,STR08,CUS0252,PRD046,3,533.74,0.0,1601.22,1047.75,553.47,Online
SAL01652,2022-08-24,STR03,CUS0149,PRD080,1,390.71,0.2,312.57,178.69,133.88,App
SAL01653,2023-07-07,STR02,CUS0159,PRD067,1,338.84,0.0,338.84,191.28,147.56,Online
SAL01654,2022-12-14,STR04,CUS0019,PRD002,2,528.99,0.2,846.38,694.78,151.6,App
SAL01655,2023-05-18,STR04,CUS0241,PRD021,4,732.57,0.0,2930.28,1554.76,1375.52,Store
SAL01656,2024-02-11,STR09,CUS0158,PRD017,3,86.4,0.0,259.2,142.05,117.15,App
SAL01657,2024-04-23,STR12,CUS0156,PRD057,2,52.44,0.05,99.64,73.56,26.08,Store
SAL01658,2023-10-03,STR11,CUS0066,PRD042,2,213.13,0.15,362.32,204.72,157.6,Store
SAL01659,2024-05-18,STR02,CUS0212,PRD044,1,125.25,0.0,125.25,57.19,68.06,App
SAL01660,2022-08-27,STR01,CUS0078,PRD066,2,180.08,0.0,360.16,248.14,112.02,App
SAL01661,2023-02-01,STR11,CUS0220,PRD001,5,769.25,0.15,3269.31,1868.8,1400.51,App
SAL01662,2022-11-03,STR09,CUS0169,PRD075,1,453.11,0.15,385.14,269.73,115.41,Online
SAL01663,2023-01-22,STR09,CUS0035,PRD018,2,703.6,0.0,1407.2,675.84,731.36,Store
SAL01664,2023-10-04,STR02,CUS0053,PRD009,2,337.72,0.15,574.12,455.98,118.14,Store
SAL01665,2024-11-19,STR08,CUS0041,PRD065,1,361.03,0.05,342.98,256.52,86.46,App
SAL01666,2023-06-03,STR11,CUS0108,PRD004,3,277.55,0.05,791.02,393.57,397.45,Online
SAL01667,2023-04-18,STR04,CUS0202,PRD050,1,289.93,0.05,275.43,202.54,72.89,App
SAL01668,2023-09-28,STR08,CUS0156,PRD079,3,665.32,0.0,1995.96,1016.64,979.32,App
SAL01669,2022-05-08,STR03,CUS0127,PRD010,4,307.16,0.05,1167.21,653.72,513.49,Online
SAL01670,2022-05-29,STR05,CUS0264,PRD075,3,453.11,0.0,1359.33,809.19,550.14,Store
SAL01671,2025-03-10,STR11,CUS0103,PRD025,1,395.29,0.05,375.53,254.79,120.74,App
SAL01672,2024-09-25,STR11,CUS0089,PRD007,2,297.96,0.15,506.53,347.56,158.97,App
SAL01673,2023-01-15,STR04,CUS0016,PRD036,1,638.05,0.05,606.15,315.24,290.91,Online
SAL01674,2025-07-05,STR11,CUS0177,PRD028,3,167.14,0.15,426.21,245.31,180.9,Store
SAL01675,2023-03-07,STR03,CUS0103,PRD014,1,469.29,0.15,398.9,320.0,78.9,Online
SAL01676,2024-05-25,STR12,CUS0065,PRD044,1,125.25,0.05,118.99,57.19,61.8,App
SAL01677,2022-06-03,STR08,CUS0213,PRD043,1,108.59,0.2,86.87,54.96,31.91,Store
SAL01678,2023-09-07,STR01,CUS0176,PRD075,1,453.11,0.2,362.49,269.73,92.76,App
SAL01679,2023-02-26,STR06,CUS0028,PRD032,1,570.78,0.05,542.24,326.53,215.71,App
SAL01680,2022-05-31,STR01,CUS0285,PRD059,2,494.95,0.05,940.4,570.66,369.74,Store
SAL01681,2024-07-10,STR06,CUS0204,PRD017,2,86.4,0.0,172.8,94.7,78.1,Online
SAL01682,2024-07-20,STR09,CUS0150,PRD080,1,390.71,0.1,351.64,178.69,172.95,Store
SAL01683,2024-10-19,STR03,CUS0183,PRD065,1,361.03,0.2,288.82,256.52,32.3,App
SAL01684,2023-10-02,STR04,CUS0259,PRD077,3,517.67,0.1,1397.71,918.24,479.47,App
SAL01685,2024-11-29,STR12,CUS0003,PRD022,1,447.25,0.0,447.25,315.68,131.57,Online
SAL01686,2023-10-09,STR10,CUS0142,PRD016,1,565.24,0.05,536.98,261.92,275.06,Online
SAL01687,2023-06-29,STR05,CUS0212,PRD064,1,508.25,0.1,457.43,292.5,164.93,Store
SAL01688,2022-11-07,STR12,CUS0205,PRD032,1,570.78,0.0,570.78,326.53,244.25,Online
SAL01689,2023-01-20,STR07,CUS0226,PRD046,2,533.74,0.2,853.98,698.5,155.48,Online
SAL01690,2023-11-02,STR03,CUS0261,PRD018,3,703.6,0.0,2110.8,1013.76,1097.04,App
SAL01691,2025-03-22,STR10,CUS0056,PRD050,1,289.93,0.15,246.44,202.54,43.9,Online
SAL01692,2024-10-31,STR11,CUS0289,PRD035,1,285.91,0.2,228.73,147.39,81.34,Store
SAL01693,2022-03-22,STR05,CUS0289,PRD017,1,86.4,0.1,77.76,47.35,30.41,Online
SAL01694,2024-10-17,STR04,CUS0152,PRD075,1,453.11,0.15,385.14,269.73,115.41,App
SAL01695,2022-12-12,STR08,CUS0164,PRD033,4,82.66,0.05,314.11,230.08,84.03,Online
SAL01696,2023-02-24,STR12,CUS0040,PRD051,2,428.0,0.0,856.0,448.32,407.68,App
SAL01697,2023-06-02,STR06,CUS0224,PRD069,1,393.75,0.15,334.69,211.23,123.46,Online
SAL01698,2023-08-08,STR12,CUS0018,PRD003,2,460.37,0.1,828.67,469.52,359.15,Store
SAL01699,2023-06-12,STR12,CUS0178,PRD048,2,65.44,0.05,124.34,91.8,32.54,App
SAL01700,2025-04-21,STR04,CUS0264,PRD057,1,52.44,0.0,52.44,36.78,15.66,Store
SAL01701,2022-12-21,STR10,CUS0187,PRD073,1,252.83,0.2,202.26,167.82,34.44,Store
SAL01702,2024-08-20,STR02,CUS0008,PRD050,3,289.93,0.1,782.81,607.62,175.19,Online
SAL01703,2023-03-26,STR11,CUS0079,PRD012,1,580.87,0.05,551.83,387.01,164.82,Store
SAL01704,2024-12-18,STR02,CUS0197,PRD054,1,167.08,0.1,150.37,80.96,69.41,Online
SAL01705,2023-02-12,STR01,CUS0210,PRD030,1,396.17,0.15,336.74,240.04,96.7,App
SAL01706,2023-06-26,STR01,CUS0274,PRD064,3,508.25,0.05,1448.51,877.5,571.01,Store
SAL01707,2024-01-27,STR01,CUS0072,PRD001,1,769.25,0.2,615.4,373.76,241.64,Store
SAL01708,2022-08-09,STR09,CUS0282,PRD028,1,167.14,0.0,167.14,81.77,85.37,Store
SAL01709,2022-09-30,STR10,CUS0006,PRD021,2,732.57,0.1,1318.63,777.38,541.25,Online
SAL01710,2024-04-06,STR07,CUS0245,PRD051,2,428.0,0.0,856.0,448.32,407.68,Online
SAL01711,2025-06-07,STR04,CUS0009,PRD021,1,732.57,0.15,622.68,388.69,233.99,Online
SAL01712,2024-03-21,STR05,CUS0152,PRD029,1,318.8,0.1,286.92,170.8,116.12,Store
SAL01713,2023-03-12,STR07,CUS0186,PRD049,2,535.39,0.05,1017.24,487.74,529.5,Store
SAL01714,2024-03-10,STR10,CUS0052,PRD059,3,494.95,0.15,1262.12,855.99,406.13,App
SAL01715,2022-01-27,STR07,CUS0178,PRD001,1,769.25,0.15,653.86,373.76,280.1,Online
SAL01716,2024-08-12,STR04,CUS0147,PRD063,1,447.14,0.1,402.43,313.98,88.45,Online
SAL01717,2024-11-26,STR01,CUS0245,PRD063,2,447.14,0.0,894.28,627.96,266.32,Online
SAL01718,2022-04-30,STR04,CUS0231,PRD051,2,428.0,0.1,770.4,448.32,322.08,Store
SAL01719,2024-07-20,STR05,CUS0201,PRD010,2,307.16,0.15,522.17,326.86,195.31,App
SAL01720,2025-04-20,STR05,CUS0175,PRD001,1,769.25,0.05,730.79,373.76,357.03,App
SAL01721,2024-10-10,STR12,CUS0254,PRD069,4,393.75,0.0,1575.0,844.92,730.08,App
SAL01722,2024-01-01,STR09,CUS0182,PRD007,2,297.96,0.1,536.33,347.56,188.77,Online
SAL01723,2024-05-15,STR01,CUS0064,PRD069,1,393.75,0.2,315.0,211.23,103.77,Store
SAL01724,2023-11-17,STR02,CUS0109,PRD043,2,108.59,0.0,217.18,109.92,107.26,App
SAL01725,2023-04-24,STR07,CUS0217,PRD023,2,336.46,0.0,672.92,449.44,223.48,Online
SAL01726,2022-09-20,STR09,CUS0254,PRD035,1,285.91,0.0,285.91,147.39,138.52,App
SAL01727,2022-07-27,STR06,CUS0289,PRD005,1,245.1,0.1,220.59,174.49,46.1,Store
SAL01728,2023-12-10,STR02,CUS0008,PRD040,2,107.82,0.2,172.51,113.62,58.89,Online
SAL01729,2025-02-10,STR06,CUS0063,PRD050,1,289.93,0.1,260.94,202.54,58.4,Online
SAL01730,2022-10-31,STR01,CUS0021,PRD002,4,528.99,0.0,2115.96,1389.56,726.4,App
SAL01731,2024-11-25,STR08,CUS0018,PRD008,1,439.89,0.0,439.89,256.57,183.32,App
SAL01732,2025-04-18,STR05,CUS0164,PRD065,1,361.03,0.05,342.98,256.52,86.46,Online
SAL01733,2023-03-15,STR12,CUS0159,PRD030,2,396.17,0.05,752.72,480.08,272.64,Online
SAL01734,2022-10-13,STR10,CUS0206,PRD032,1,570.78,0.0,570.78,326.53,244.25,App
SAL01735,2024-08-27,STR10,CUS0284,PRD005,1,245.1,0.0,245.1,174.49,70.61,Store
SAL01736,2025-05-27,STR10,CUS0055,PRD027,1,167.97,0.1,151.17,84.52,66.65,Online
SAL01737,2022-02-17,STR08,CUS0194,PRD074,2,778.55,0.0,1557.1,752.24,804.86,App
SAL01738,2022-01-27,STR02,CUS0074,PRD029,1,318.8,0.0,318.8,170.8,148.0,Store
SAL01739,2025-05-28,STR03,CUS0151,PRD045,2,74.57,0.15,126.77,68.76,58.01,App
SAL01740,2022-05-16,STR06,CUS0090,PRD033,2,82.66,0.15,140.52,115.04,25.48,Store
SAL01741,2023-06-11,STR10,CUS0045,PRD014,1,469.29,0.15,398.9,320.0,78.9,Store
SAL01742,2023-10-04,STR10,CUS0181,PRD026,5,434.62,0.0,2173.1,1243.45,929.65,App
SAL01743,2022-07-27,STR05,CUS0296,PRD002,3,528.99,0.0,1586.97,1042.17,544.8,App
SAL01744,2023-02-03,STR02,CUS0145,PRD074,1,778.55,0.2,622.84,376.12,246.72,Store
SAL01745,2022-11-01,STR08,CUS0290,PRD041,1,500.06,0.1,450.05,248.09,201.96,App
SAL01746,2024-10-18,STR12,CUS0019,PRD076,2,841.57,0.15,1430.67,766.44,664.23,Store
SAL01747,2022-11-23,STR09,CUS0127,PRD018,1,703.6,0.1,633.24,337.92,295.32,App
SAL01748,2022-12-27,STR08,CUS0215,PRD058,1,428.07,0.05,406.67,284.8,121.87,Online
SAL01749,2022-06-13,STR03,CUS0199,PRD005,1,245.1,0.2,196.08,174.49,21.59,App
SAL01750,2024-11-02,STR06,CUS0296,PRD068,1,193.87,0.2,155.1,136.34,18.76,Store
SAL01751,2024-05-16,STR01,CUS0159,PRD026,1,434.62,0.15,369.43,248.69,120.74,Store
SAL01752,2022-06-23,STR09,CUS0241,PRD073,1,252.83,0.0,252.83,167.82,85.01,App
SAL01753,2024-09-05,STR05,CUS0147,PRD060,4,118.37,0.15,402.46,310.92,91.54,App
SAL01754,2022-12-23,STR09,CUS0011,PRD025,1,395.29,0.0,395.29,254.79,140.5,App
SAL01755,2022-04-23,STR04,CUS0209,PRD026,3,434.62,0.0,1303.86,746.07,557.79,App
SAL01756,2022-04-08,STR11,CUS0105,PRD073,4,252.83,0.1,910.19,671.28,238.91,App
SAL01757,2024-08-12,STR03,CUS0005,PRD058,1,428.07,0.05,406.67,284.8,121.87,Online
SAL01758,2024-10-04,STR03,CUS0262,PRD032,2,570.78,0.0,1141.56,653.06,488.5,Online
SAL01759,2023-07-04,STR05,CUS0179,PRD016,1,565.24,0.1,508.72,261.92,246.8,Store
SAL01760,2022-01-20,STR02,CUS0167,PRD071,3,618.33,0.0,1854.99,998.1,856.89,Store
SAL01761,2025-01-02,STR08,CUS0040,PRD014,2,469.29,0.1,844.72,640.0,204.72,Online
SAL01762,2024-03-10,STR08,CUS0175,PRD008,1,439.89,0.2,351.91,256.57,95.34,Online
SAL01763,2022-07-20,STR08,CUS0232,PRD052,3,660.22,0.0,1980.66,1179.57,801.09,App
SAL01764,2024-08-30,STR09,CUS0287,PRD018,4,703.6,0.1,2532.96,1351.68,1181.28,Store
SAL01765,2024-11-13,STR01,CUS0117,PRD005,1,245.1,0.0,245.1,174.49,70.61,App
SAL01766,2022-09-14,STR08,CUS0164,PRD057,3,52.44,0.0,157.32,110.34,46.98,Store
SAL01767,2024-03-11,STR10,CUS0258,PRD046,1,533.74,0.2,426.99,349.25,77.74,Store
SAL01768,2023-02-17,STR04,CUS0007,PRD031,3,607.09,0.05,1730.21,935.4,794.81,Store
SAL01769,2023-03-04,STR08,CUS0225,PRD049,1,535.39,0.1,481.85,243.87,237.98,Online
SAL01770,2023-11-09,STR05,CUS0087,PRD015,1,339.66,0.2,271.73,183.65,88.08,App
SAL01771,2022-01-31,STR07,CUS0090,PRD061,3,60.41,0.0,181.23,93.12,88.11,Online
SAL01772,2022-12-29,STR04,CUS0033,PRD060,2,118.37,0.05,224.9,155.46,69.44,Online
SAL01773,2022-09-25,STR08,CUS0213,PRD074,2,778.55,0.0,1557.1,752.24,804.86,App
SAL01774,2022-12-16,STR12,CUS0049,PRD047,1,470.23,0.15,399.7,300.2,99.5,Online
SAL01775,2024-05-17,STR08,CUS0118,PRD041,1,500.06,0.0,500.06,248.09,251.97,Store
SAL01776,2023-09-16,STR12,CUS0228,PRD046,1,533.74,0.0,533.74,349.25,184.49,Online
SAL01777,2023-01-21,STR03,CUS0273,PRD067,3,338.84,0.2,813.22,573.84,239.38,Online
SAL01778,2022-05-04,STR11,CUS0215,PRD018,2,703.6,0.2,1125.76,675.84,449.92,App
SAL01779,2025-07-02,STR12,CUS0025,PRD074,3,778.55,0.0,2335.65,1128.36,1207.29,App
SAL01780,2024-01-12,STR02,CUS0054,PRD047,2,470.23,0.2,752.37,600.4,151.97,Store
SAL01781,2023-10-01,STR08,CUS0222,PRD041,1,500.06,0.0,500.06,248.09,251.97,Store
SAL01782,2025-04-14,STR02,CUS0177,PRD070,3,326.09,0.0,978.27,662.46,315.81,Online
SAL01783,2023-12-06,STR12,CUS0147,PRD055,3,402.22,0.05,1146.33,633.96,512.37,Online
SAL01784,2022-11-20,STR01,CUS0189,PRD005,4,245.1,0.15,833.34,697.96,135.38,Online
SAL01785,2022-01-23,STR10,CUS0005,PRD069,3,393.75,0.1,1063.12,633.69,429.43,Store
SAL01786,2023-10-20,STR02,CUS0108,PRD065,1,361.03,0.2,288.82,256.52,32.3,App
SAL01787,2023-06-05,STR07,CUS0133,PRD029,1,318.8,0.0,318.8,170.8,148.0,App
SAL01788,2023-05-08,STR08,CUS0091,PRD008,3,439.89,0.0,1319.67,769.71,549.96,App
SAL01789,2023-12-24,STR04,CUS0027,PRD055,1,402.22,0.15,341.89,211.32,130.57,Online
SAL01790,2022-05-24,STR04,CUS0193,PRD045,2,74.57,0.15,126.77,68.76,58.01,Store
SAL01791,2022-10-24,STR10,CUS0277,PRD027,3,167.97,0.0,503.91,253.56,250.35,Store
SAL01792,2025-07-13,STR03,CUS0185,PRD039,3,267.3,0.0,801.9,528.75,273.15,Online
SAL01793,2023-06-10,STR06,CUS0028,PRD058,3,428.07,0.0,1284.21,854.4,429.81,Online
SAL01794,2022-11-03,STR09,CUS0241,PRD044,2,125.25,0.15,212.92,114.38,98.54,Store
SAL01795,2023-05-04,STR09,CUS0099,PRD052,2,660.22,0.1,1188.4,786.38,402.02,Store
SAL01796,2024-01-15,STR05,CUS0086,PRD026,3,434.62,0.15,1108.28,746.07,362.21,App
SAL01797,2024-04-29,STR02,CUS0238,PRD019,2,404.77,0.05,769.06,558.66,210.4,Store
SAL01798,2023-03-16,STR03,CUS0200,PRD068,2,193.87,0.15,329.58,272.68,56.9,App
SAL01799,2024-12-06,STR10,CUS0194,PRD066,1,180.08,0.05,171.08,124.07,47.01,App
SAL01800,2025-07-14,STR07,CUS0247,PRD033,2,82.66,0.15,140.52,115.04,25.48,Store
SAL01801,2022-05-07,STR01,CUS0241,PRD028,1,167.14,0.0,167.14,81.77,85.37,App
SAL01802,2022-08-12,STR11,CUS0177,PRD072,2,499.84,0.0,999.68,600.8,398.88,Online
SAL01803,2025-02-17,STR12,CUS0228,PRD072,2,499.84,0.0,999.68,600.8,398.88,Online
SAL01804,2023-10-10,STR10,CUS0050,PRD068,2,193.87,0.2,310.19,272.68,37.51,Store
SAL01805,2022-11-27,STR03,CUS0080,PRD016,2,565.24,0.15,960.91,523.84,437.07,App
SAL01806,2022-07-06,STR12,CUS0047,PRD036,2,638.05,0.0,1276.1,630.48,645.62,App
SAL01807,2024-03-25,STR09,CUS0072,PRD029,3,318.8,0.2,765.12,512.4,252.72,App
SAL01808,2023-09-18,STR03,CUS0201,PRD001,1,769.25,0.0,769.25,373.76,395.49,Store
SAL01809,2024-08-13,STR12,CUS0129,,1,453.11,0.0,453.11,269.73,183.38,App
SAL01810,2024-01-20,STR06,CUS0141,PRD047,4,470.23,0.0,1880.92,1200.8,680.12,Online
SAL01811,2022-11-04,STR10,CUS0277,PRD009,1,337.72,0.0,337.72,227.99,109.73,Online
SAL01812,2024-10-11,STR04,CUS0272,PRD069,1,393.75,0.0,393.75,211.23,182.52,Online
SAL01813,2022-11-30,STR04,CUS0027,PRD001,1,769.25,0.0,769.25,373.76,395.49,Online
SAL01814,2023-02-16,STR04,CUS0015,PRD029,3,318.8,0.0,956.4,512.4,444.0,App
SAL01815,2023-03-23,STR08,CUS0221,PRD020,1,144.97,0.0,144.97,76.2,68.77,Online
SAL01816,2022-07-19,STR05,CUS0005,PRD039,1,267.3,0.05,253.94,176.25,77.69,App
SAL01817,2023-03-01,STR06,CUS0195,PRD070,3,326.09,0.05,929.36,662.46,266.9,Store
SAL01818,2024-01-18,STR10,CUS0258,PRD055,1,402.22,0.15,341.89,211.32,130.57,Online
SAL01819,2023-06-22,STR04,CUS0048,PRD018,2,703.6,0.0,1407.2,675.84,731.36,App
SAL01820,2022-01-08,STR09,CUS0031,PRD047,1,470.23,0.05,446.72,300.2,146.52,Store
SAL01821,2024-07-01,STR09,CUS0209,PRD070,1,326.09,0.0,326.09,220.82,105.27,Online
SAL01822,2024-09-25,STR05,CUS0108,PRD038,2,588.04,0.05,1117.28,766.36,350.92,Online
SAL01823,2024-11-16,STR09,CUS0269,PRD007,1,297.96,0.0,297.96,173.78,124.18,Store
SAL01824,2023-12-23,STR03,CUS0296,PRD003,1,460.37,0.2,368.3,234.76,133.54,Online
SAL01825,2023-02-18,STR03,CUS0225,PRD070,2,326.09,0.1,586.96,441.64,145.32,App
SAL01826,2024-05-11,STR08,CUS0203,PRD038,2,588.04,0.15,999.67,766.36,233.31,Store
SAL01827,2023-03-02,STR02,CUS0108,PRD051,2,428.0,0.05,813.2,448.32,364.88,Store
SAL01828,2024-07-26,STR09,CUS0009,PRD032,3,570.78,0.0,1712.34,979.59,732.75,Online
SAL01829,2023-11-12,STR08,CUS0053,PRD006,2,365.95,0.0,731.9,413.5,318.4,App
SAL01830,2025-02-09,STR09,CUS0078,PRD051,3,428.0,0.2,1027.2,672.48,354.72,Store
SAL01831,2025-08-05,STR12,CUS0107,PRD031,2,607.09,0.05,1153.47,623.6,529.87,Online
SAL01832,2022-04-18,STR09,CUS0026,PRD078,1,149.61,0.2,119.69,72.85,46.84,Online
SAL01833,2022-05-19,STR10,CUS0145,PRD064,3,508.25,0.0,1524.75,877.5,647.25,App
SAL01834,2024-07-13,STR04,CUS0222,PRD012,1,580.87,0.0,580.87,387.01,193.86,App
SAL01835,2023-05-12,STR04,CUS0018,PRD029,1,318.8,0.0,318.8,170.8,148.0,Store
SAL01836,2024-09-27,STR07,CUS0199,PRD013,1,332.19,0.0,332.19,151.83,180.36,Online
SAL01837,2022-08-03,STR03,CUS0092,PRD056,1,434.96,0.1,391.46,261.14,130.32,Online
SAL01838,2024-09-16,STR05,CUS0163,PRD047,1,470.23,0.0,470.23,300.2,170.03,Online
SAL01839,2022-08-08,STR11,CUS0274,PRD001,3,769.25,0.0,2307.75,1121.28,1186.47,Online
SAL01840,2023-08-02,STR03,CUS0194,PRD079,1,665.32,0.0,665.32,338.88,326.44,App
SAL01841,2025-07-08,STR02,CUS0039,PRD046,1,533.74,0.15,453.68,349.25,104.43,Store
SAL01842,2022-02-21,STR09,CUS0160,PRD066,1,180.08,0.05,171.08,124.07,47.01,Store
SAL01843,2023-07-15,STR12,CUS0196,PRD005,-1,245.1,0.2,196.08,174.49,21.59,Online
SAL01844,2022-08-14,STR03,CUS0031,PRD006,1,365.95,0.2,292.76,206.75,86.01,Online
SAL01845,2024-11-27,STR07,CUS0152,PRD001,1,769.25,0.1,692.33,373.76,318.57,Store
SAL01846,2023-10-07,STR05,CUS0227,PRD014,1,469.29,0.1,422.36,320.0,102.36,App
SAL01847,2024-09-17,STR09,CUS0103,PRD043,1,108.59,0.2,86.87,54.96,31.91,App
SAL01848,2023-12-25,STR12,CUS0055,PRD080,2,390.71,0.05,742.35,357.38,384.97,Store
SAL01849,2023-06-13,STR02,CUS0143,PRD040,3,107.82,0.0,323.46,170.43,153.03,Online
SAL01850,2023-01-28,STR09,CUS0252,PRD050,1,289.93,0.1,260.94,202.54,58.4,Online
SAL01851,2023-07-30,STR04,CUS0241,PRD041,6,500.06,0.2,2400.29,1488.54,911.75,Store
SAL01852,2023-01-24,STR06,CUS0221,PRD010,1,307.16,0.0,307.16,163.43,143.73,Store
SAL01853,2025-05-03,STR04,CUS0079,PRD036,1,638.05,0.2,510.44,315.24,195.2,App
SAL01854,2024-06-13,STR06,CUS0100,PRD074,1,778.55,0.0,778.55,376.12,402.43,App
SAL01855,2023-11-22,STR08,CUS0008,PRD033,1,82.66,0.0,82.66,57.52,25.14,Store
SAL01856,2024-03-24,STR03,CUS0238,PRD002,1,528.99,0.1,476.09,347.39,128.7,App
SAL01857,2023-05-07,STR03,CUS0013,PRD048,3,65.44,0.0,196.32,137.7,58.62,App
SAL01858,2024-05-09,STR11,CUS0178,PRD004,1,277.55,0.15,235.92,131.19,104.73,Store
SAL01859,2022-07-07,STR08,CUS0223,PRD055,1,402.22,0.0,402.22,211.32,190.9,Online
SAL01860,2023-11-23,STR04,CUS0174,PRD070,1,326.09,0.0,326.09,220.82,105.27,App
SAL01861,2022-09-28,STR08,CUS0063,PRD026,3,434.62,0.2,1043.09,746.07,297.02,Store
SAL01862,2024-03-22,STR10,CUS0234,PRD033,1,82.66,0.2,66.13,57.52,8.61,Online
SAL01863,2024-08-02,STR12,CUS0131,PRD046,1,533.74,0.2,426.99,349.25,77.74,Store
SAL01864,2023-11-18,STR09,CUS0289,PRD022,2,447.25,0.15,760.32,631.36,128.96,Store
SAL01865,2022-11-29,STR03,CUS0297,PRD038,1,588.04,0.0,588.04,383.18,204.86,Store
SAL01866,2023-09-04,STR11,CUS0260,PRD024,3,582.46,0.1,1572.64,1009.59,563.05,Store
SAL01867,2025-05-22,STR01,CUS0093,PRD046,1,533.74,0.1,480.37,349.25,131.12,App
SAL01868,2025-05-10,STR02,CUS0072,PRD046,1,533.74,0.2,426.99,349.25,77.74,Online
SAL01869,2024-08-10,STR01,CUS0281,PRD051,5,428.0,0.0,2140.0,1120.8,1019.2,Store
SAL01870,2025-01-31,STR03,CUS0221,PRD054,1,167.08,0.0,167.08,80.96,86.12,Store
SAL01871,2022-06-28,STR08,CUS0030,PRD042,2,213.13,0.15,362.32,204.72,157.6,Store
SAL01872,2023-11-25,STR12,CUS0143,PRD018,2,703.6,0.1,1266.48,675.84,590.64,Store
SAL01873,2025-01-01,STR04,CUS0152,PRD030,1,396.17,0.0,396.17,240.04,156.13,Store
SAL01874,2022-01-13,STR01,CUS0188,PRD022,1,447.25,0.15,380.16,315.68,64.48,Store
SAL01875,2023-07-05,STR10,CUS0129,PRD063,1,447.14,0.05,424.78,313.98,110.8,Store
SAL01876,2022-07-18,STR04,CUS0288,PRD031,3,607.09,0.1,1639.14,935.4,703.74,Online
SAL01877,2022-03-30,STR11,CUS0025,PRD038,1,588.04,0.2,470.43,383.18,87.25,Store
SAL01878,2025-07-15,STR06,CUS0202,PRD062,2,210.83,0.0,421.66,206.14,215.52,Store
SAL01879,2023-02-17,STR10,CUS0300,PRD077,1,517.67,0.0,517.67,306.08,211.59,Store
SAL01880,2022-09-06,STR12,CUS0183,PRD072,3,499.84,0.1,1349.57,901.2,448.37,Store
SAL01881,2024-07-06,STR01,CUS0116,PRD025,2,395.29,0.1,711.52,509.58,201.94,Online
SAL01882,2023-12-12,STR05,CUS0050,PRD033,1,82.66,0.1,74.39,57.52,16.87,Online
SAL01883,2023-03-14,STR10,CUS0066,PRD032,1,570.78,0.15,485.16,326.53,158.63,Store
SAL01884,2022-03-22,STR01,CUS0164,PRD066,1,180.08,0.0,180.08,124.07,56.01,Store
SAL01885,2023-09-12,STR08,CUS0262,PRD035,1,285.91,0.15,243.02,147.39,95.63,Store
SAL01886,2022-07-26,STR01,CUS0300,PRD043,1,108.59,0.2,86.87,54.96,31.91,Online
SAL01887,2023-04-09,STR03,CUS0286,PRD016,1,565.24,0.0,565.24,261.92,303.32,Online
SAL01888,2024-01-10,STR02,CUS0088,PRD063,2,447.14,0.0,894.28,627.96,266.32,App
SAL01889,2022-10-26,STR05,CUS0248,PRD007,1,297.96,0.0,297.96,173.78,124.18,Online
SAL01890,2024-04-11,STR12,CUS0294,PRD061,3,60.41,0.0,181.23,93.12,88.11,App
SAL01891,2025-05-11,STR08,CUS0037,PRD014,1,469.29,0.0,469.29,320.0,149.29,Online
SAL01892,2022-12-29,STR01,CUS0006,PRD033,1,82.66,0.0,82.66,57.52,25.14,App
SAL01893,2024-12-21,STR07,CUS0183,PRD033,2,82.66,0.1,148.79,115.04,33.75,App
SAL01894,2025-02-21,STR09,CUS0142,PRD065,3,361.03,0.05,1028.94,769.56,259.38,Online
SAL01895,2024-02-12,STR08,CUS0107,PRD063,2,447.14,0.0,894.28,627.96,266.32,Online
SAL01896,2023-02-09,STR07,CUS0194,PRD077,1,517.67,0.05,491.79,306.08,185.71,Store
SAL01897,2024-04-05,STR04,CUS0070,PRD057,1,52.44,0.05,49.82,36.78,13.04,Online
SAL01898,2023-06-18,STR08,CUS0150,PRD008,2,439.89,0.0,879.78,513.14,366.64,Store
SAL01899,2022-12-03,STR09,CUS0004,PRD019,3,404.77,0.0,1214.31,837.99,376.32,App
SAL01900,2023-12-17,STR07,CUS0099,PRD001,4,769.25,0.1,2769.3,1495.04,1274.26,App
SAL01901,2024-05-21,STR11,CUS0257,PRD027,2,167.97,0.0,335.94,169.04,166.9,Online
SAL01902,2022-04-13,STR11,CUS0274,PRD017,6,86.4,0.1,466.56,284.1,182.46,App
SAL01903,2022-07-21,STR05,CUS0003,PRD037,1,72.87,0.0,72.87,49.29,23.58,App
SAL01904,2024-08-23,STR02,CUS0187,PRD032,2,570.78,0.05,1084.48,653.06,431.42,Store
SAL01905,2023-01-06,STR10,CUS0203,PRD018,2,703.6,0.2,1125.76,675.84,449.92,App
SAL01906,2022-12-14,STR08,CUS0248,PRD043,1,108.59,0.0,108.59,54.96,53.63,Store
SAL01907,2022-05-16,STR09,CUS0215,PRD056,2,434.96,0.0,869.92,522.28,347.64,App
SAL01908,2024-11-19,STR11,CUS0112,PRD007,2,297.96,0.15,506.53,347.56,158.97,Store
SAL01909,2024-02-16,STR07,CUS0101,PRD055,2,402.22,0.05,764.22,422.64,341.58,App
SAL01910,2024-10-09,STR06,CUS0236,PRD009,2,337.72,0.0,675.44,455.98,219.46,Online
SAL01911,2023-03-13,STR04,CUS0035,PRD071,3,618.33,0.0,1854.99,998.1,856.89,Store
SAL01912,2024-10-17,STR05,CUS0198,PRD063,1,447.14,0.0,447.14,313.98,133.16,App
SAL01913,2024-02-22,STR10,CUS0118,PRD066,1,180.08,0.0,180.08,124.07,56.01,Store
SAL01914,2023-01-02,STR04,CUS0184,PRD027,1,167.97,0.1,151.17,84.52,66.65,Online
SAL01915,2024-12-03,STR01,CUS0204,PRD018,2,703.6,0.1,1266.48,675.84,590.64,App
SAL01916,2025-02-25,STR04,CUS0178,PRD069,2,393.75,0.0,787.5,422.46,365.04,App
SAL01917,2024-06-02,STR04,CUS0240,PRD072,5,499.84,0.0,2499.2,1502.0,997.2,App
SAL01918,2023-09-18,STR02,CUS0048,PRD004,2,277.55,0.0,555.1,262.38,292.72,App
SAL01919,2022-08-11,STR12,CUS0251,PRD078,1,149.61,0.0,149.61,72.85,76.76,Online
SAL01920,2024-11-01,STR12,CUS0140,PRD043,2,108.59,0.05,206.32,109.92,96.4,Store
SAL01921,2025-07-31,STR01,CUS0238,PRD058,1,428.07,0.0,428.07,284.8,143.27,App
SAL01922,2022-05-01,STR10,CUS0021,PRD079,3,665.32,0.05,1896.16,1016.64,879.52,Online
SAL01923,2024-11-28,STR10,CUS0035,PRD069,2,393.75,0.0,787.5,422.46,365.04,Online
SAL01924,2022-07-13,STR10,CUS0173,PRD050,1,289.93,0.05,275.43,202.54,72.89,Online
SAL01925,2022-08-06,STR02,CUS0198,PRD030,3,396.17,0.2,950.81,720.12,230.69,Store
SAL01926,2025-03-02,STR01,CUS0129,PRD026,1,434.62,0.0,434.62,248.69,185.93,Online
SAL01927,2023-03-04,STR09,CUS0206,PRD027,1,167.97,0.2,134.38,84.52,49.86,App
SAL01928,2025-03-30,STR01,CUS0050,PRD075,4,453.11,0.1,1631.2,1078.92,552.28,App
SAL01929,2022-03-10,STR02,CUS0151,PRD003,2,460.37,0.15,782.63,469.52,313.11,App
SAL01930,2023-11-08,STR07,CUS0161,PRD064,1,508.25,0.1,457.43,292.5,164.93,App
SAL01931,2023-08-05,STR01,CUS0110,PRD036,1,638.05,0.05,606.15,315.24,290.91,App
SAL01932,2024-05-28,STR11,CUS0054,PRD021,1,732.57,0.1,659.31,388.69,270.62,App
SAL01933,2023-03-09,STR11,CUS0234,PRD065,2,361.03,0.05,685.96,513.04,172.92,Store
SAL01934,2023-10-24,STR10,CUS0296,PRD055,3,402.22,0.0,1206.66,633.96,572.7,Online
SAL01935,2022-06-05,STR08,CUS0260,PRD041,3,500.06,0.0,1500.18,744.27,755.91,Store
SAL01936,2024-01-11,STR05,CUS0127,PRD053,3,139.83,0.2,335.59,238.44,97.15,Store
SAL01937,2023-05-14,STR05,CUS0017,PRD016,1,565.24,0.1,508.72,261.92,246.8,Online
SAL01938,2023-05-25,STR12,CUS0285,PRD057,1,52.44,0.05,49.82,36.78,13.04,Online
SAL01939,2023-09-20,STR07,CUS0075,PRD015,1,339.66,0.0,339.66,183.65,156.01,Online
SAL01940,2023-02-17,STR02,CUS0282,PRD021,1,732.57,0.1,659.31,388.69,270.62,Store
SAL01941,2023-11-22,STR03,CUS0061,PRD076,2,841.57,0.2,1346.51,766.44,580.07,Online
SAL01942,2023-12-03,STR09,CUS0274,PRD072,1,499.84,0.0,499.84,300.4,199.44,App
SAL01943,2025-03-13,STR10,CUS0133,PRD022,3,447.25,0.15,1140.49,947.04,193.45,App
SAL01944,2025-01-18,STR01,CUS0208,PRD009,2,337.72,0.15,574.12,455.98,118.14,App
SAL01945,2025-06-16,STR12,CUS0052,PRD038,1,588.04,0.15,499.83,383.18,116.65,Online
SAL01946,2025-06-03,STR06,CUS0172,PRD072,1,499.84,0.0,499.84,300.4,199.44,Online
SAL01947,2025-01-07,STR12,CUS0032,PRD030,2,396.17,0.2,633.87,480.08,153.79,Online
SAL01948,2024-07-29,STR07,CUS0234,PRD028,1,167.14,0.0,167.14,81.77,85.37,Store
SAL01949,2025-01-15,STR06,CUS0165,PRD068,3,193.87,0.1,523.45,409.02,114.43,Online
SAL01950,2024-01-11,STR08,CUS0012,PRD064,2,508.25,0.2,813.2,585.0,228.2,Store
SAL01951,2023-10-10,STR05,CUS0131,PRD056,1,434.96,0.1,391.46,261.14,130.32,App
SAL01952,2024-11-09,STR12,CUS0139,PRD013,1,332.19,0.0,332.19,151.83,180.36,Store
SAL01953,2024-06-25,STR12,CUS0031,PRD001,1,769.25,0.15,653.86,373.76,280.1,Online
SAL01954,2024-01-08,STR06,CUS0228,PRD005,2,245.1,0.05,465.69,348.98,116.71,Store
SAL01955,2023-07-30,STR02,CUS0123,PRD020,1,144.97,0.0,144.97,76.2,68.77,App
SAL01956,2023-04-06,STR01,CUS0160,PRD055,1,402.22,0.05,382.11,211.32,170.79,App
SAL01957,2022-02-03,STR10,CUS0082,PRD063,1,447.14,0.05,424.78,313.98,110.8,App
SAL01958,2023-04-29,STR12,CUS0091,PRD021,1,732.57,0.1,659.31,388.69,270.62,App
SAL01959,2023-09-09,STR03,CUS0157,PRD043,1,108.59,0.05,103.16,54.96,48.2,Store
SAL01960,2024-06-04,STR10,CUS0133,PRD035,2,285.91,0.15,486.05,294.78,191.27,Online
SAL01961,2024-08-21,STR06,CUS0077,PRD074,1,778.55,0.0,778.55,376.12,402.43,App
SAL01962,2022-10-10,STR12,CUS0246,PRD077,2,517.67,0.0,1035.34,612.16,423.18,Online
SAL01963,2024-01-11,STR05,CUS0165,PRD053,1,139.83,0.05,132.84,79.48,53.36,App
SAL01964,2025-08-12,STR08,CUS0261,PRD047,1,470.23,0.2,376.18,300.2,75.98,App
SAL01965,2025-05-26,STR02,CUS0248,PRD032,1,570.78,0.0,570.78,326.53,244.25,App
SAL01966,2023-05-21,STR10,CUS0097,PRD042,6,213.13,0.15,1086.96,614.16,472.8,App
SAL01967,2022-08-25,STR11,CUS0182,PRD019,2,404.77,0.15,688.11,558.66,129.45,App
SAL01968,2024-09-15,STR12,CUS0221,PRD008,2,439.89,0.2,703.82,513.14,190.68,Online
SAL01969,2022-01-15,STR09,CUS0062,PRD059,1,494.95,0.0,494.95,285.33,209.62,Store
SAL01970,2023-08-08,STR11,CUS0002,PRD052,3,660.22,0.0,1980.66,1179.57,801.09,Online
SAL01971,2023-11-27,STR12,CUS0115,PRD038,1,588.04,0.0,588.04,383.18,204.86,Online
SAL01972,2022-01-08,STR06,CUS0081,PRD008,3,439.89,0.05,1253.69,769.71,483.98,Store
SAL01973,2023-02-15,STR02,CUS0151,PRD006,1,365.95,0.0,365.95,206.75,159.2,Store
SAL01974,2022-05-05,STR08,CUS0204,PRD053,3,139.83,0.05,398.52,238.44,160.08,Online
SAL01975,2023-05-03,STR01,CUS0246,PRD019,3,404.77,0.05,1153.59,837.99,315.6,Store
SAL01976,2022-12-02,STR10,CUS0230,PRD020,2,144.97,0.15,246.45,152.4,94.05,App
SAL01977,2025-05-03,STR08,CUS0053,PRD060,4,118.37,0.05,449.81,310.92,138.89,Store
SAL01978,2024-03-13,STR07,CUS0005,PRD042,1,213.13,0.2,170.5,102.36,68.14,Online
SAL01979,2022-02-14,STR03,CUS0235,PRD023,3,336.46,0.1,908.44,674.16,234.28,App
SAL01980,2022-12-30,STR12,CUS0013,PRD078,1,149.61,0.0,149.61,72.85,76.76,Store
SAL01981,2023-09-25,STR11,CUS0281,PRD066,2,180.08,0.0,360.16,248.14,112.02,Online
SAL01982,2022-02-28,STR07,CUS0237,PRD053,1,139.83,0.0,139.83,79.48,60.35,Store
SAL01983,2024-07-08,STR03,CUS0018,PRD057,1,52.44,0.15,44.57,36.78,7.79,Online
SAL01984,2022-12-01,STR02,CUS0127,PRD040,1,107.82,0.05,102.43,56.81,45.62,App
SAL01985,2024-04-06,STR02,CUS0295,PRD030,2,396.17,0.0,792.34,480.08,312.26,App
SAL01986,2025-07-07,STR05,CUS0216,PRD040,1,107.82,0.05,102.43,56.81,45.62,Store
SAL01987,2024-12-24,STR01,CUS0215,PRD043,2,108.59,0.2,173.74,109.92,63.82,Online
SAL01988,2025-02-15,STR09,CUS0240,PRD050,1,289.93,0.0,289.93,202.54,87.39,App
SAL01989,2025-05-11,STR07,CUS0105,PRD006,3,365.95,0.1,988.06,620.25,367.81,Store
SAL01990,2025-08-11,STR06,CUS0056,PRD051,2,428.0,0.15,727.6,448.32,279.28,App
SAL01991,2024-04-15,STR11,CUS0017,PRD045,1,74.57,0.2,59.66,34.38,25.28,Store
SAL01992,2023-10-11,STR04,CUS0034,PRD051,4,428.0,0.0,1712.0,896.64,815.36,Store
SAL01993,2023-09-18,STR04,CUS0242,PRD080,2,390.71,0.0,781.42,357.38,424.04,Store
SAL01994,2025-03-02,STR12,CUS0029,PRD020,3,144.97,0.05,413.16,228.6,184.56,Online
SAL01995,2024-09-19,STR07,CUS0223,PRD057,2,52.44,0.0,104.88,73.56,31.32,Online
SAL01996,2024-12-03,STR04,CUS0167,PRD001,1,769.25,0.15,653.86,373.76,280.1,App
SAL01997,2022-02-20,STR03,CUS0143,PRD023,2,336.46,0.15,571.98,449.44,122.54,App
SAL01998,2022-02-08,STR10,CUS0211,PRD015,4,339.66,0.0,1358.64,734.6,624.04,Store
SAL01999,2025-03-28,STR12,CUS0115,PRD043,1,108.59,0.0,108.59,54.96,53.63,App
SAL02000,2022-07-22,STR08,CUS0038,PRD056,2,434.96,0.1,782.93,522.28,260.65,App
SAL02001,2024-08-31,STR09,CUS0188,PRD002,2,528.99,0.0,1057.98,694.78,363.2,Store
SAL02002,2025-02-25,STR06,CUS0017,PRD067,2,338.84,0.05,643.8,382.56,261.24,Store
SAL02003,2022-06-24,STR04,CUS0060,PRD024,1,582.46,0.05,553.34,336.53,216.81,Online
SAL02004,2023-07-09,STR07,CUS0287,PRD072,1,499.84,0.0,499.84,300.4,199.44,Online
SAL02005,2025-01-23,STR03,CUS0191,PRD043,1,108.59,0.05,103.16,54.96,48.2,Store
SAL02006,2022-03-16,STR01,CUS0062,PRD041,1,500.06,0.05,475.06,248.09,226.97,Store
SAL02007,2024-04-22,STR08,CUS0188,PRD045,1,74.57,0.0,74.57,34.38,40.19,Online
SAL02008,2022-03-24,STR01,CUS0192,PRD021,2,732.57,0.1,1318.63,777.38,541.25,Online
SAL02009,2022-05-09,STR05,CUS0253,PRD069,2,393.75,0.0,787.5,422.46,365.04,Store
SAL02010,2023-12-21,STR06,CUS0098,PRD017,2,86.4,0.15,146.88,94.7,52.18,App
SAL02011,2025-07-24,STR10,CUS0280,PRD075,1,453.11,0.05,430.45,269.73,160.72,App
SAL02012,2022-09-14,STR09,CUS0163,PRD023,2,336.46,0.05,639.27,449.44,189.83,App
SAL02013,2024-03-22,STR04,CUS0205,PRD020,2,144.97,0.0,289.94,152.4,137.54,Online
SAL02014,2022-01-23,STR07,CUS0018,PRD004,3,277.55,0.15,707.75,393.57,314.18,Store
SAL02015,2025-01-11,STR02,CUS0178,PRD043,3,108.59,0.0,325.77,164.88,160.89,Store
SAL02016,2025-01-26,STR12,CUS0229,PRD062,3,210.83,0.0,632.49,309.21,323.28,Store
SAL02017,2023-02-23,STR08,CUS0103,PRD075,2,453.11,0.1,815.6,539.46,276.14,Online
SAL02018,2024-07-26,STR04,CUS0172,PRD076,2,841.57,0.0,1683.14,766.44,916.7,Store
SAL02019,2025-04-12,STR05,CUS0102,PRD059,1,494.95,0.2,395.96,285.33,110.63,Online
SAL02020,2024-02-15,STR11,CUS0272,PRD043,1,108.59,0.0,108.59,54.96,53.63,App
SAL02021,2025-06-02,STR07,CUS0253,PRD009,2,337.72,0.15,574.12,455.98,118.14,Store
SAL02022,2023-11-14,STR05,CUS0102,PRD015,2,339.66,0.05,645.35,367.3,278.05,Store
SAL02023,2025-05-28,STR11,CUS0142,PRD051,1,428.0,0.05,406.6,224.16,182.44,Store
SAL02024,2023-06-17,STR12,CUS0077,PRD041,1,500.06,0.2,400.05,248.09,151.96,Online
SAL02025,2025-01-12,STR03,CUS0128,PRD043,2,108.59,0.2,173.74,109.92,63.82,Store
SAL02026,2024-06-04,STR08,CUS0134,PRD017,1,86.4,0.0,86.4,47.35,39.05,App
SAL02027,2022-03-27,STR01,CUS0049,PRD066,2,180.08,0.0,360.16,248.14,112.02,Online
SAL02028,2024-12-26,STR03,CUS0056,PRD068,2,193.87,0.1,348.97,272.68,76.29,App
SAL02029,2023-10-26,STR10,CUS0038,PRD057,4,52.44,0.1,188.78,147.12,41.66,App
SAL02030,2024-08-21,STR09,CUS0023,PRD035,1,285.91,0.1,257.32,147.39,109.93,App
SAL02031,2022-04-22,STR08,CUS0127,PRD033,2,82.66,0.2,132.26,115.04,17.22,Online
SAL02032,2023-08-10,STR03,CUS0062,PRD071,1,618.33,0.05,587.41,332.7,254.71,App
SAL02033,2022-12-31,STR10,CUS0250,PRD015,1,339.66,0.0,339.66,183.65,156.01,Store
SAL02034,2022-09-20,STR01,CUS0267,PRD002,1,528.99,0.0,528.99,347.39,181.6,App
SAL02035,2023-10-31,STR06,CUS0007,PRD070,2,326.09,0.2,521.74,441.64,80.1,App
SAL02036,2022-08-17,STR09,CUS0022,PRD066,1,180.08,0.0,180.08,124.07,56.01,Online
SAL02037,2024-09-14,STR04,CUS0099,PRD003,1,460.37,0.0,460.37,234.76,225.61,App
SAL02038,2025-01-12,STR01,CUS0175,PRD004,3,277.55,0.1,749.39,393.57,355.82,App
SAL02039,2022-01-05,STR06,CUS0025,PRD015,1,339.66,0.05,322.68,183.65,139.03,App
SAL02040,2022-12-28,STR11,CUS0175,PRD029,3,318.8,0.1,860.76,512.4,348.36,App
SAL02041,2023-04-09,STR11,CUS0020,PRD056,4,434.96,0.0,1739.84,1044.56,695.28,Store
SAL02042,2023-03-28,STR02,CUS0036,PRD031,1,607.09,0.05,576.74,311.8,264.94,App
SAL02043,2024-01-22,STR05,CUS0292,PRD054,1,167.08,0.05,158.73,80.96,77.77,Store
SAL02044,2024-07-09,STR03,CUS0039,PRD018,1,703.6,0.0,703.6,337.92,365.68,Online
SAL02045,2024-01-19,STR05,CUS0217,PRD058,1,428.07,0.0,428.07,284.8,143.27,App
SAL02046,2023-09-05,STR12,CUS0077,PRD015,1,339.66,0.15,288.71,183.65,105.06,App
SAL02047,2022-06-03,STR09,CUS0290,PRD045,1,74.57,0.2,59.66,34.38,25.28,Store
SAL02048,2022-04-30,STR01,CUS0082,PRD051,2,428.0,0.05,813.2,448.32,364.88,Online
SAL02049,2024-08-22,STR09,CUS0261,PRD080,1,390.71,0.2,312.57,178.69,133.88,Online
SAL02050,2022-09-03,STR10,CUS0165,PRD075,3,453.11,0.0,1359.33,809.19,550.14,Store
SAL02051,2024-02-21,STR10,CUS0003,PRD050,2,289.93,0.0,579.86,405.08,174.78,Store
SAL02052,2025-06-30,STR02,CUS0115,PRD032,2,570.78,0.15,970.33,653.06,317.27,Online
SAL02053,2024-10-10,STR07,CUS0190,PRD056,1,434.96,0.15,369.72,261.14,108.58,Online
SAL02054,2024-11-08,STR07,CUS0062,PRD064,2,508.25,0.05,965.67,585.0,380.67,Online
SAL02055,2022-10-15,STR11,CUS0263,PRD063,1,447.14,0.0,447.14,313.98,133.16,Store
SAL02056,2023-05-11,STR10,CUS0147,PRD003,3,460.37,0.1,1243.0,704.28,538.72,Online
SAL02057,2022-04-18,STR04,CUS0156,PRD008,2,439.89,0.1,791.8,513.14,278.66,App
SAL02058,2024-08-15,STR11,CUS0149,PRD051,1,428.0,0.0,428.0,224.16,203.84,Online
SAL02059,2022-11-23,STR01,CUS0181,PRD035,4,285.91,0.1,1029.28,589.56,439.72,Online
SAL02060,2025-01-11,STR06,CUS0289,PRD019,2,404.77,0.0,809.54,558.66,250.88,Store
SAL02061,2024-04-29,STR01,CUS0116,PRD017,3,86.4,0.05,246.24,142.05,104.19,Store
SAL02062,2025-04-06,STR08,CUS0283,PRD035,1,285.91,0.05,271.61,147.39,124.22,Online
SAL02063,2022-09-10,STR07,CUS0096,PRD013,1,332.19,0.0,332.19,151.83,180.36,Store
SAL02064,2024-09-26,STR06,CUS0187,PRD073,2,252.83,0.05,480.38,335.64,144.74,Online
SAL02065,2022-06-25,STR07,CUS0279,PRD042,2,213.13,0.0,426.26,204.72,221.54,App
SAL02066,2022-03-12,STR09,CUS0166,PRD002,1,528.99,0.0,528.99,347.39,181.6,App
SAL02067,2024-07-22,STR01,CUS0160,PRD032,1,570.78,0.1,513.7,326.53,187.17,Store
SAL02068,2022-08-24,STR11,CUS0139,PRD048,1,65.44,0.2,52.35,45.9,6.45,Online
SAL02069,2022-07-05,STR09,CUS0243,PRD019,2,404.77,0.1,728.59,558.66,169.93,Online
SAL02070,2023-02-22,STR09,CUS0280,PRD073,3,252.83,0.0,758.49,503.46,255.03,App
SAL02071,2022-10-26,STR07,CUS0008,PRD023,4,336.46,0.1,1211.26,898.88,312.38,Online
SAL02072,2022-09-06,STR10,CUS0196,PRD048,1,65.44,0.0,65.44,45.9,19.54,Store
SAL02073,2025-03-14,STR03,CUS0213,PRD048,1,65.44,0.05,62.17,45.9,16.27,Online
SAL02074,2022-08-23,STR04,CUS0072,PRD021,3,732.57,0.05,2087.82,1166.07,921.75,App
SAL02075,2023-01-25,STR03,CUS0043,PRD031,1,607.09,0.05,576.74,311.8,264.94,Online
SAL02076,2024-07-11,STR02,CUS0131,PRD030,3,396.17,0.1,1069.66,720.12,349.54,Store
SAL02077,2022-12-16,STR06,CUS0177,PRD079,2,665.32,0.15,1131.04,677.76,453.28,Online
SAL02078,2023-10-10,STR03,CUS0017,PRD072,1,499.84,0.2,399.87,300.4,99.47,Store
SAL02079,2024-02-05,STR02,CUS0010,PRD066,1,180.08,0.2,144.06,124.07,19.99,Online
SAL02080,2023-04-07,STR11,CUS0042,PRD064,1,508.25,0.0,508.25,292.5,215.75,Online
SAL02081,2024-04-28,STR05,CUS0289,PRD017,1,86.4,0.0,86.4,47.35,39.05,Store
SAL02082,2023-08-18,STR11,CUS0198,PRD018,1,703.6,0.2,562.88,337.92,224.96,App
SAL02083,2024-04-14,STR08,CUS0137,PRD037,2,72.87,0.0,145.74,98.58,47.16,Online
SAL02084,2025-01-04,STR02,CUS0143,PRD028,3,167.14,0.2,401.14,245.31,155.83,App
SAL02085,2022-02-18,STR10,CUS0127,PRD037,3,72.87,0.0,218.61,147.87,70.74,Store
SAL02086,2025-01-08,STR04,CUS0096,PRD028,1,167.14,0.15,142.07,81.77,60.3,App
SAL02087,2023-05-25,STR07,CUS0271,PRD016,2,565.24,0.2,904.38,523.84,380.54,App
SAL02088,2023-12-13,STR10,CUS0240,PRD055,1,402.22,0.15,341.89,211.32,130.57,Store
SAL02089,2022-10-06,STR11,CUS0217,PRD055,2,402.22,0.05,764.22,422.64,341.58,App
SAL02090,2024-07-17,STR08,CUS0241,PRD033,1,82.66,0.15,70.26,57.52,12.74,App
SAL02091,2023-04-04,STR12,CUS0027,PRD018,1,703.6,0.0,703.6,337.92,365.68,Store
SAL02092,2024-12-08,STR01,CUS0152,PRD008,1,439.89,0.1,395.9,256.57,139.33,Store
SAL02093,2024-11-18,STR04,CUS0129,PRD066,2,180.08,0.15,306.14,248.14,58.0,Online
SAL02094,2022-10-02,STR07,CUS0089,PRD072,1,499.84,0.0,499.84,300.4,199.44,Store
SAL02095,2024-07-13,STR08,CUS0229,PRD070,1,326.09,0.15,277.18,220.82,56.36,Online
SAL02096,2023-10-28,STR11,CUS0178,PRD080,1,390.71,0.0,390.71,178.69,212.02,Store
SAL02097,2025-01-02,STR03,CUS0073,PRD037,-1,72.87,0.0,72.87,49.29,23.58,Store
SAL02098,2024-11-16,STR10,CUS0116,PRD076,1,841.57,0.0,841.57,383.22,458.35,Store
SAL02099,2022-04-30,STR06,CUS0066,PRD034,3,539.68,0.2,1295.23,875.37,419.86,Online
SAL02100,2024-10-19,STR03,CUS0231,PRD062,1,210.83,0.05,200.29,103.07,97.22,Online
SAL02101,2022-12-08,STR08,CUS0186,PRD033,1,82.66,0.15,70.26,57.52,12.74,Online
SAL02102,2023-09-11,STR02,CUS0085,PRD007,4,297.96,0.15,1013.06,695.12,317.94,App
SAL02103,2022-02-11,STR03,CUS0177,PRD068,2,193.87,0.0,387.74,272.68,115.06,Store
SAL02104,2022-06-02,STR05,CUS0270,PRD037,1,72.87,0.05,69.23,49.29,19.94,Store
SAL02105,2024-05-20,STR04,CUS0194,PRD030,1,396.17,0.1,356.55,240.04,116.51,Store
SAL02106,2022-09-04,STR12,CUS0203,PRD075,2,453.11,0.2,724.98,539.46,185.52,App
SAL02107,2022-07-04,STR09,CUS0278,PRD063,2,447.14,0.2,715.42,627.96,87.46,Online
SAL02108,2024-02-15,STR12,CUS0009,PRD023,3,336.46,0.2,807.5,674.16,133.34,App
SAL02109,2023-05-08,STR06,CUS0237,PRD037,3,72.87,0.15,185.82,147.87,37.95,App
SAL02110,2023-05-15,STR04,CUS0287,PRD076,2,841.57,0.0,1683.14,766.44,916.7,App
SAL02111,2024-02-17,STR08,CUS0160,PRD065,1,361.03,0.2,288.82,256.52,32.3,Online
SAL02112,2022-02-14,STR10,CUS0197,PRD008,3,439.89,0.15,1121.72,769.71,352.01,App
SAL02113,2024-07-16,STR09,CUS0091,PRD032,1,570.78,0.0,570.78,326.53,244.25,Store
SAL02114,2024-04-12,STR03,CUS0028,PRD017,1,86.4,0.0,86.4,47.35,39.05,Online
SAL02115,2025-02-23,STR07,CUS0042,PRD053,1,139.83,0.15,118.86,79.48,39.38,App
SAL02116,2022-01-11,STR07,CUS0149,PRD061,1,60.41,0.15,51.35,31.04,20.31,Online
SAL02117,2023-07-12,STR11,CUS0269,PRD058,1,428.07,0.2,342.46,284.8,57.66,Store
SAL02118,2023-03-19,STR09,CUS0292,PRD067,1,338.84,0.2,271.07,191.28,79.79,Online
SAL02119,2024-05-06,STR12,CUS0213,PRD028,3,167.14,0.0,501.42,245.31,256.11,Store
SAL02120,2022-05-13,STR10,CUS0167,PRD074,3,778.55,0.15,1985.3,1128.36,856.94,Online
SAL02121,2025-04-22,STR03,CUS0300,PRD042,3,213.13,0.15,543.48,307.08,236.4,Store
SAL02122,2023-02-09,STR06,CUS0287,PRD015,2,339.66,0.15,577.42,367.3,210.12,Online
SAL02123,2023-09-10,STR11,CUS0118,PRD023,1,336.46,0.0,336.46,224.72,111.74,App
SAL02124,2022-09-04,STR10,CUS0045,PRD007,1,297.96,0.0,297.96,173.78,124.18,Online
SAL02125,2022-01-29,STR08,CUS0254,PRD028,1,167.14,0.1,150.43,81.77,68.66,Online
SAL02126,2024-12-05,STR11,CUS0206,PRD018,2,703.6,0.0,1407.2,675.84,731.36,App
SAL02127,2023-08-27,STR06,CUS0195,PRD075,1,453.11,0.0,453.11,269.73,183.38,App
SAL02128,2024-02-01,STR11,CUS0253,PRD080,1,390.71,0.05,371.17,178.69,192.48,App
SAL02129,2023-07-30,STR09,CUS0246,PRD011,3,450.62,0.15,1149.08,617.73,531.35,App
SAL02130,2023-06-12,STR01,CUS0070,PRD020,4,144.97,0.0,579.88,304.8,275.08,App
SAL02131,2025-01-07,STR01,CUS0012,PRD016,1,565.24,0.0,565.24,261.92,303.32,App
SAL02132,2022-11-30,STR09,CUS0092,PRD033,1,82.66,0.2,66.13,57.52,8.61,Online
SAL02133,2023-05-09,STR07,CUS0030,PRD054,1,167.08,0.0,167.08,80.96,86.12,Online
SAL02134,2023-03-23,STR08,CUS0165,PRD011,1,450.62,0.0,450.62,205.91,244.71,App
SAL02135,2024-06-16,STR05,CUS0056,PRD044,4,125.25,0.2,400.8,228.76,172.04,App
SAL02136,2023-02-01,STR12,CUS0290,PRD006,2,365.95,0.05,695.3,413.5,281.8,Online
SAL02137,2025-07-07,STR11,CUS0008,PRD013,2,332.19,0.1,597.94,303.66,294.28,Store
SAL02138,2025-03-05,STR11,CUS0136,PRD001,2,769.25,0.0,1538.5,747.52,790.98,App
SAL02139,2024-10-05,STR05,CUS0094,PRD062,5,210.83,0.0,1054.15,515.35,538.8,App
SAL02140,2025-04-05,STR11,CUS0248,PRD023,3,336.46,0.15,857.97,674.16,183.81,Online
SAL02141,2023-11-02,STR07,CUS0202,PRD076,4,841.57,0.0,3366.28,1532.88,1833.4,App
SAL02142,2023-07-11,STR09,CUS0153,PRD017,3,86.4,0.0,259.2,142.05,117.15,Store
SAL02143,2024-10-20,STR08,CUS0059,PRD045,1,74.57,0.0,74.57,34.38,40.19,App
SAL02144,2025-06-15,STR12,CUS0080,PRD060,1,118.37,0.0,118.37,77.73,40.64,Store
SAL02145,2023-06-14,STR05,CUS0112,PRD024,2,582.46,0.0,1164.92,673.06,491.86,Store
SAL02146,2022-02-07,STR07,CUS0119,PRD042,1,213.13,0.05,202.47,102.36,100.11,Online
SAL02147,2023-11-09,STR08,CUS0248,PRD058,2,428.07,0.05,813.33,569.6,243.73,Store
SAL02148,2025-05-04,STR07,CUS0067,PRD033,2,82.66,0.2,132.26,115.04,17.22,Online
SAL02149,2025-03-18,STR06,CUS0247,PRD069,1,393.75,0.0,393.75,211.23,182.52,Store
SAL02150,2025-06-30,STR05,CUS0005,PRD009,1,337.72,0.15,287.06,227.99,59.07,App
SAL02151,2025-05-31,STR10,CUS0225,PRD076,1,841.57,0.0,841.57,383.22,458.35,Online
SAL02152,2022-09-20,STR08,CUS0241,PRD001,4,769.25,0.0,3077.0,1495.04,1581.96,App
SAL02153,2025-07-09,STR01,CUS0262,PRD024,1,582.46,0.2,465.97,336.53,129.44,Online
SAL02154,2024-09-20,STR10,CUS0296,PRD011,2,450.62,0.0,901.24,411.82,489.42,Online
SAL02155,2022-06-21,STR07,CUS0202,PRD034,3,539.68,0.15,1376.18,875.37,500.81,Online
SAL02156,2023-03-17,STR11,CUS0255,PRD078,1,149.61,0.0,149.61,72.85,76.76,Online
SAL02157,2025-06-23,STR08,CUS0047,PRD020,1,144.97,0.0,144.97,76.2,68.77,Store
SAL02158,2025-07-06,STR06,CUS0118,PRD038,3,588.04,0.05,1675.91,1149.54,526.37,Online
SAL02159,2023-02-13,STR12,CUS0126,PRD065,2,361.03,0.0,722.06,513.04,209.02,Store
SAL02160,2024-10-09,STR04,CUS0179,PRD020,1,144.97,0.05,137.72,76.2,61.52,App
SAL02161,2024-11-25,STR06,CUS0074,PRD048,2,65.44,0.0,130.88,91.8,39.08,App
SAL02162,2023-08-30,STR08,CUS0195,PRD058,1,428.07,0.0,428.07,284.8,143.27,Online
SAL02163,2022-08-07,STR09,CUS0243,PRD002,1,528.99,0.2,423.19,347.39,75.8,Store
SAL02164,2022-01-02,STR03,CUS0256,PRD008,1,439.89,0.1,395.9,256.57,139.33,App
SAL02165,2022-07-14,STR08,CUS0153,PRD029,2,318.8,0.2,510.08,341.6,168.48,Online
SAL02166,2025-03-13,STR12,CUS0213,PRD035,1,285.91,0.15,243.02,147.39,95.63,Store
SAL02167,2023-02-03,STR02,CUS0194,PRD024,2,582.46,0.0,1164.92,673.06,491.86,App
SAL02168,2022-04-17,STR11,CUS0105,PRD078,2,149.61,0.05,284.26,145.7,138.56,App
SAL02169,2022-11-09,STR10,CUS0055,PRD031,1,607.09,0.05,576.74,311.8,264.94,Store
SAL02170,2022-09-26,STR07,CUS0171,PRD057,3,52.44,0.15,133.72,110.34,23.38,Online
SAL02171,2022-04-30,STR10,CUS0115,PRD033,1,82.66,0.2,66.13,57.52,8.61,Store
SAL02172,2022-11-20,STR02,CUS0164,PRD075,1,453.11,0.15,385.14,269.73,115.41,App
SAL02173,2024-06-24,STR07,CUS0202,PRD044,1,125.25,0.0,125.25,57.19,68.06,Store
SAL02174,2025-01-22,STR04,CUS0202,PRD008,4,439.89,0.05,1671.58,1026.28,645.3,Store
SAL02175,2023-05-10,STR06,CUS0028,PRD016,1,565.24,0.15,480.45,261.92,218.53,Store
SAL02176,2023-09-24,STR01,CUS0133,PRD050,4,289.93,0.05,1101.73,810.16,291.57,App
SAL02177,2023-04-01,STR05,CUS0029,PRD060,1,118.37,0.2,94.7,77.73,16.97,App
SAL02178,2023-09-15,STR04,CUS0047,PRD014,2,469.29,0.15,797.79,640.0,157.79,App
SAL02179,2024-06-26,STR12,CUS0101,PRD047,1,470.23,0.15,399.7,300.2,99.5,Online
SAL02180,2024-07-12,STR06,CUS0213,PRD032,1,570.78,0.0,570.78,326.53,244.25,Online
SAL02181,2025-04-21,STR10,CUS0163,PRD021,1,732.57,0.15,622.68,388.69,233.99,App
SAL02182,2024-06-02,STR08,CUS0226,PRD051,1,428.0,0.05,406.6,224.16,182.44,App
SAL02183,2025-01-04,STR06,CUS0172,PRD008,1,439.89,0.0,439.89,256.57,183.32,App
SAL02184,2024-07-22,STR12,CUS0300,PRD076,1,841.57,0.2,673.26,383.22,290.04,Store
SAL02185,2024-10-05,STR03,CUS0046,PRD061,1,60.41,0.15,51.35,31.04,20.31,App
SAL02186,2022-05-07,STR10,CUS0197,PRD078,3,149.61,0.2,359.06,218.55,140.51,App
SAL02187,2022-06-19,STR05,CUS0167,PRD013,1,332.19,0.15,282.36,151.83,130.53,App
SAL02188,2024-10-05,STR01,CUS0245,PRD024,1,582.46,0.0,582.46,336.53,245.93,App
SAL02189,2022-06-26,STR04,CUS0294,PRD017,3,86.4,0.0,259.2,142.05,117.15,App
SAL02190,2024-10-19,STR03,CUS0109,PRD014,1,469.29,0.05,445.83,320.0,125.83,App
SAL02191,2025-04-02,STR08,CUS0100,PRD074,2,778.55,0.2,1245.68,752.24,493.44,Online
SAL02192,2024-12-19,STR03,CUS0011,PRD054,1,167.08,0.0,167.08,80.96,86.12,Store
SAL02193,2024-08-23,STR09,CUS0280,PRD056,2,434.96,0.0,869.92,522.28,347.64,Store
SAL02194,2023-07-16,STR08,CUS0256,PRD047,1,470.23,0.0,470.23,300.2,170.03,App
SAL02195,2023-06-05,STR09,CUS0035,PRD018,2,703.6,0.0,1407.2,675.84,731.36,Store
SAL02196,2022-04-05,STR12,CUS0033,PRD048,4,65.44,0.1,235.58,183.6,51.98,Online
SAL02197,2023-10-08,STR08,CUS0044,PRD053,1,139.83,0.05,132.84,79.48,53.36,App
SAL02198,2024-09-05,STR09,CUS0173,PRD047,1,470.23,0.1,423.21,300.2,123.01,Store
SAL02199,2024-02-15,STR12,CUS0113,PRD020,1,144.97,0.0,144.97,76.2,68.77,Online
SAL02200,2022-10-21,STR06,CUS0280,PRD017,1,86.4,0.1,77.76,47.35,30.41,Online
SAL02201,2024-03-15,STR04,CUS0224,PRD004,2,277.55,0.0,555.1,262.38,292.72,App
SAL02202,2024-10-12,STR09,CUS0076,PRD020,1,144.97,0.2,115.98,76.2,39.78,App
SAL02203,2023-05-03,STR04,CUS0115,PRD023,1,336.46,0.0,336.46,224.72,111.74,Store
SAL02204,2023-03-26,STR09,CUS0225,PRD070,1,326.09,0.1,293.48,220.82,72.66,Online
SAL02205,2024-12-24,STR12,CUS0192,PRD014,1,469.29,0.0,469.29,320.0,149.29,Online
SAL02206,2024-03-18,STR05,CUS0210,PRD077,3,517.67,0.05,1475.36,918.24,557.12,Store
SAL02207,2024-09-20,STR11,CUS0270,PRD053,3,139.83,0.0,419.49,238.44,181.05,App
SAL02208,2025-04-24,STR07,CUS0137,PRD064,1,508.25,0.0,508.25,292.5,215.75,App
SAL02209,2024-05-03,STR01,CUS0165,PRD047,3,470.23,0.05,1340.16,900.6,439.56,App
SAL02210,2022-07-02,STR04,CUS0267,PRD020,1,144.97,0.0,144.97,76.2,68.77,Store
SAL02211,2022-09-06,STR06,CUS0282,PRD016,5,565.24,0.15,2402.27,1309.6,1092.67,App
SAL02212,2022-10-07,STR09,CUS0270,PRD007,1,297.96,0.0,297.96,173.78,124.18,App
SAL02213,2023-07-30,STR07,CUS0162,PRD062,3,210.83,0.15,537.62,309.21,228.41,Online
SAL02214,2023-03-25,STR12,CUS0014,PRD045,1,74.57,0.15,63.38,34.38,29.0,Online
SAL02215,2024-05-14,STR11,CUS0057,PRD070,4,326.09,0.0,1304.36,883.28,421.08,Online
SAL02216,2023-07-17,STR02,CUS0006,PRD068,2,193.87,0.0,387.74,272.68,115.06,App
SAL02217,2023-01-12,STR08,CUS0216,PRD072,1,499.84,0.1,449.86,300.4,149.46,Online
SAL02218,2023-05-27,STR08,CUS0130,PRD034,2,539.68,0.05,1025.39,583.58,441.81,Store
SAL02219,2024-12-21,STR08,CUS0109,PRD076,1,841.57,0.1,757.41,383.22,374.19,App
SAL02220,2022-02-16,STR07,CUS0219,PRD071,1,618.33,0.0,618.33,332.7,285.63,Online
SAL02221,2025-06-21,STR06,CUS0199,PRD038,2,588.04,0.0,1176.08,766.36,409.72,Store
SAL02222,2023-07-12,STR08,CUS0154,PRD030,1,396.17,0.05,376.36,240.04,136.32,Online
SAL02223,2022-08-05,STR04,CUS0210,PRD074,2,778.55,0.0,1557.1,752.24,804.86,Online
SAL02224,2024-06-21,STR03,CUS0076,PRD074,1,778.55,0.2,622.84,376.12,246.72,App
SAL02225,2025-01-07,STR09,CUS0088,PRD056,1,434.96,0.0,434.96,261.14,173.82,App
SAL02226,2023-09-07,STR01,CUS0177,PRD010,2,307.16,0.0,614.32,326.86,287.46,Store
SAL02227,2022-04-20,STR04,CUS0149,PRD063,2,447.14,0.1,804.85,627.96,176.89,App
SAL02228,2024-06-25,STR05,CUS0126,PRD064,5,508.25,0.0,2541.25,1462.5,1078.75,Store
SAL02229,2022-05-15,STR02,CUS0085,PRD042,2,213.13,0.1,383.63,204.72,178.91,Online
SAL02230,2025-02-14,STR11,CUS0164,PRD002,1,528.99,0.0,528.99,347.39,181.6,Online
SAL02231,2024-11-28,STR07,CUS0067,PRD061,2,60.41,0.0,120.82,62.08,58.74,App
SAL02232,2022-01-17,STR07,CUS0289,PRD062,1,210.83,0.0,210.83,103.07,107.76,App
SAL02233,2023-02-26,STR06,CUS0139,PRD010,3,307.16,0.1,829.33,490.29,339.04,Online
SAL02234,2024-01-30,STR07,CUS0121,PRD058,1,428.07,0.05,406.67,284.8,121.87,Store
SAL02235,2023-05-23,STR12,CUS0273,PRD074,3,778.55,0.0,2335.65,1128.36,1207.29,App
SAL02236,2023-08-25,STR02,CUS0286,PRD015,1,339.66,0.05,322.68,183.65,139.03,Online
SAL02237,2023-10-05,STR07,CUS0119,PRD063,1,447.14,0.05,424.78,313.98,110.8,Online
SAL02238,2025-06-23,STR11,CUS0226,PRD027,4,167.97,0.1,604.69,338.08,266.61,App
SAL02239,2023-06-16,STR08,CUS0269,PRD045,2,74.57,0.2,119.31,68.76,50.55,Online
SAL02240,2024-10-16,STR11,CUS0178,PRD065,2,361.03,0.2,577.65,513.04,64.61,Online
SAL02241,2023-02-05,STR04,CUS0060,PRD058,1,428.07,0.0,428.07,284.8,143.27,App
SAL02242,2022-12-08,STR05,CUS0275,PRD079,3,665.32,0.0,1995.96,1016.64,979.32,Online
SAL02243,2024-04-18,STR02,CUS0200,PRD077,3,517.67,0.05,1475.36,918.24,557.12,Store
SAL02244,2024-03-09,STR03,CUS0164,PRD073,2,252.83,0.0,505.66,335.64,170.02,Online
SAL02245,2024-11-26,STR08,CUS0245,PRD033,1,82.66,0.05,78.53,57.52,21.01,Online
SAL02246,2023-08-19,STR11,CUS0225,PRD031,1,607.09,0.0,607.09,311.8,295.29,Store
SAL02247,2023-05-08,STR09,CUS0114,PRD019,1,404.77,0.0,404.77,279.33,125.44,App
SAL02248,2023-09-19,STR06,CUS0228,PRD059,2,494.95,0.05,940.4,570.66,369.74,Store
SAL02249,2023-03-19,STR09,CUS0042,PRD080,2,390.71,0.2,625.14,357.38,267.76,App
SAL02250,2023-12-09,STR06,CUS0241,PRD067,1,338.84,0.0,338.84,191.28,147.56,Online
SAL02251,2023-04-28,STR04,CUS0276,PRD076,5,841.57,0.0,4207.85,1916.1,2291.75,App
SAL02252,2024-11-04,STR11,CUS0021,PRD024,1,582.46,0.2,465.97,336.53,129.44,Store
SAL02253,2025-07-20,STR10,CUS0166,PRD008,1,439.89,0.0,439.89,256.57,183.32,Online
SAL02254,2023-12-04,STR12,CUS0180,PRD037,2,72.87,0.0,145.74,98.58,47.16,Online
SAL02255,2023-05-22,STR06,CUS0195,PRD030,1,396.17,0.1,356.55,240.04,116.51,Online
SAL02256,2024-06-10,STR06,CUS0017,PRD037,2,72.87,0.15,123.88,98.58,25.3,App
SAL02257,2022-07-18,STR04,CUS0293,PRD009,1,337.72,0.0,337.72,227.99,109.73,Online
SAL02258,2023-03-22,STR07,CUS0149,PRD024,2,582.46,0.0,1164.92,673.06,491.86,App
SAL02259,2025-05-19,STR03,CUS0053,PRD061,1,60.41,0.0,60.41,31.04,29.37,App
SAL02260,2024-02-20,STR01,CUS0127,PRD030,2,396.17,0.2,633.87,480.08,153.79,Online
SAL02261,2022-09-19,STR04,CUS0122,PRD044,3,125.25,0.0,375.75,171.57,204.18,Store
SAL02262,2024-12-10,STR06,CUS0242,PRD048,1,65.44,0.2,52.35,45.9,6.45,App
SAL02263,2024-08-19,STR10,CUS0011,PRD070,2,326.09,0.05,619.57,441.64,177.93,Store
SAL02264,2023-08-25,STR12,CUS0096,PRD065,3,361.03,0.15,920.63,769.56,151.07,Store
SAL02265,2022-03-06,STR01,CUS0207,PRD077,2,517.67,0.1,931.81,612.16,319.65,Online
SAL02266,2023-01-08,STR11,CUS0251,PRD072,1,499.84,0.0,499.84,300.4,199.44,App
SAL02267,2022-06-10,STR11,CUS0259,PRD061,1,60.41,0.2,48.33,31.04,17.29,App
SAL02268,2023-10-10,STR04,CUS0244,PRD019,3,404.77,0.05,1153.59,837.99,315.6,Online
SAL02269,2023-05-01,STR10,CUS0025,PRD032,2,570.78,0.05,1084.48,653.06,431.42,Online
SAL02270,2025-03-21,STR11,CUS0298,PRD029,1,318.8,0.2,255.04,170.8,84.24,App
SAL02271,2024-06-26,STR07,CUS0224,PRD032,3,570.78,0.05,1626.72,979.59,647.13,Store
SAL02272,2022-11-30,STR11,CUS0256,PRD073,1,252.83,0.1,227.55,167.82,59.73,Online
SAL02273,2023-03-23,STR06,CUS0167,PRD065,3,361.03,0.0,1083.09,769.56,313.53,Store
SAL02274,2023-01-27,STR06,CUS0143,PRD038,1,588.04,0.15,499.83,383.18,116.65,Store
SAL02275,2024-12-18,STR10,CUS0072,PRD057,2,52.44,0.05,99.64,73.56,26.08,Store
SAL02276,2023-12-19,STR11,CUS0014,PRD079,1,665.32,0.0,665.32,338.88,326.44,Store
SAL02277,2022-08-25,STR12,CUS0119,PRD057,1,52.44,0.0,52.44,36.78,15.66,App
SAL02278,2023-04-17,STR06,CUS0208,PRD019,1,404.77,0.0,404.77,279.33,125.44,Online
SAL02279,2022-01-24,STR06,CUS0082,PRD067,5,338.84,0.0,1694.2,956.4,737.8,Online
SAL02280,2023-03-06,STR06,CUS0009,PRD031,1,607.09,0.1,546.38,311.8,234.58,Online
SAL02281,2024-04-20,STR07,CUS0180,PRD011,3,450.62,0.05,1284.27,617.73,666.54,Store
SAL02282,2024-02-27,STR08,CUS0235,PRD009,1,337.72,0.0,337.72,227.99,109.73,Store
SAL02283,2023-04-18,STR12,CUS0283,PRD075,1,453.11,0.2,362.49,269.73,92.76,Online
SAL02284,2022-02-18,STR11,CUS0143,PRD022,1,447.25,0.0,447.25,315.68,131.57,App
SAL02285,2024-09-03,STR08,CUS0284,PRD012,3,580.87,0.15,1481.22,1161.03,320.19,Store
SAL02286,2022-11-25,STR05,CUS0257,PRD065,1,361.03,0.0,361.03,256.52,104.51,Online
SAL02287,2022-04-22,STR04,CUS0162,PRD043,2,108.59,0.15,184.6,109.92,74.68,App
SAL02288,2022-05-06,STR04,CUS0187,PRD001,1,769.25,0.15,653.86,373.76,280.1,Online
SAL02289,2024-08-18,STR03,CUS0245,PRD044,2,125.25,0.05,237.97,114.38,123.59,App
SAL02290,2024-04-16,STR01,CUS0190,PRD028,1,167.14,0.2,133.71,81.77,51.94,Online
SAL02291,2023-07-24,STR02,CUS0179,PRD004,3,277.55,0.2,666.12,393.57,272.55,Store
SAL02292,2022-12-30,STR10,CUS0210,PRD006,3,365.95,0.05,1042.96,620.25,422.71,Online
SAL02293,2025-07-08,STR03,CUS0034,PRD024,2,582.46,0.1,1048.43,673.06,375.37,Store
SAL02294,2024-06-29,STR09,CUS0199,PRD041,3,500.06,0.0,1500.18,744.27,755.91,App
SAL02295,2022-11-19,STR03,CUS0015,PRD058,2,428.07,0.05,813.33,569.6,243.73,App
SAL02296,2024-12-27,STR08,CUS0115,PRD043,1,108.59,0.1,97.73,54.96,42.77,App
SAL02297,2025-01-08,STR05,CUS0058,PRD020,1,144.97,0.15,123.22,76.2,47.02,App
SAL02298,2024-08-26,STR02,CUS0159,PRD022,2,447.25,0.0,894.5,631.36,263.14,Online
SAL02299,2023-11-24,STR04,CUS0246,PRD014,1,469.29,0.0,469.29,320.0,149.29,Online
SAL02300,2023-08-30,STR01,CUS0290,PRD025,1,395.29,0.2,316.23,254.79,61.44,App
SAL02301,2022-04-12,STR04,CUS0272,PRD048,1,65.44,0.0,65.44,45.9,19.54,Online
SAL02302,2023-05-08,STR11,CUS0134,PRD072,1,499.84,0.1,449.86,300.4,149.46,Store
SAL02303,2022-07-14,STR02,CUS0265,PRD055,4,402.22,0.05,1528.44,845.28,683.16,Online
SAL02304,2025-07-15,STR09,CUS0102,PRD021,2,732.57,0.05,1391.88,777.38,614.5,Online
SAL02305,2024-04-23,STR01,CUS0212,PRD044,1,125.25,0.05,118.99,57.19,61.8,Online
SAL02306,2025-03-12,STR06,CUS0191,PRD062,3,210.83,0.1,569.24,309.21,260.03,Online
SAL02307,2023-05-20,STR12,CUS0125,PRD058,1,428.07,0.2,342.46,284.8,57.66,Online
SAL02308,2025-07-19,STR01,CUS0052,PRD038,1,588.04,0.0,588.04,383.18,204.86,App
SAL02309,2022-04-15,STR11,CUS0247,PRD057,2,52.44,0.0,104.88,73.56,31.32,Online
SAL02310,2025-05-11,STR01,CUS0151,PRD002,2,528.99,0.0,1057.98,694.78,363.2,Online
SAL02311,2024-09-17,STR09,CUS0258,PRD069,1,393.75,0.0,393.75,211.23,182.52,Store
SAL02312,2023-07-13,STR06,CUS0164,PRD070,4,326.09,0.1,1173.92,883.28,290.64,Online
SAL02313,2022-01-30,STR06,CUS0109,PRD020,1,144.97,0.05,137.72,76.2,61.52,App
SAL02314,2025-06-10,STR08,CUS0185,PRD038,2,588.04,0.15,999.67,766.36,233.31,Store
SAL02315,2022-12-06,STR01,CUS0270,PRD006,3,365.95,0.0,1097.85,620.25,477.6,Online
SAL02316,2024-05-13,STR05,CUS0009,PRD015,1,339.66,0.0,339.66,183.65,156.01,Online
SAL02317,2025-03-13,STR12,CUS0240,PRD008,2,439.89,0.2,703.82,513.14,190.68,Online
SAL02318,2025-01-11,STR02,CUS0126,PRD075,1,453.11,0.05,430.45,269.73,160.72,Online
SAL02319,2023-07-28,STR11,CUS0268,PRD002,2,528.99,0.0,1057.98,694.78,363.2,Online
SAL02320,2022-06-03,STR06,CUS0045,PRD015,1,339.66,0.15,288.71,183.65,105.06,Online
SAL02321,2022-09-11,STR02,CUS0224,PRD049,1,535.39,0.0,535.39,243.87,291.52,App
SAL02322,2022-12-12,STR12,CUS0009,PRD037,1,72.87,0.0,72.87,49.29,23.58,Online
SAL02323,2023-02-05,STR01,CUS0024,PRD046,2,533.74,0.0,1067.48,698.5,368.98,Online
SAL02324,2023-11-11,STR05,CUS0283,PRD043,1,108.59,0.0,108.59,54.96,53.63,App
SAL02325,2025-02-03,STR03,CUS0071,PRD071,2,618.33,0.15,1051.16,665.4,385.76,Online
SAL02326,2022-11-19,STR10,CUS0208,PRD003,3,460.37,0.1,1243.0,704.28,538.72,App
SAL02327,2024-11-22,STR05,CUS0197,PRD005,2,245.1,0.1,441.18,348.98,92.2,Online
SAL02328,2023-05-10,STR06,CUS0124,PRD080,2,390.71,0.05,742.35,357.38,384.97,App
SAL02329,2023-09-18,STR01,CUS0260,PRD045,3,74.57,0.15,190.15,103.14,87.01,Store
SAL02330,2024-10-02,STR09,CUS0109,PRD051,1,428.0,0.0,428.0,224.16,203.84,Online
SAL02331,2023-08-01,STR03,CUS0250,PRD038,1,588.04,0.2,470.43,383.18,87.25,Store
SAL02332,2024-09-14,STR06,CUS0186,PRD039,2,267.3,0.2,427.68,352.5,75.18,App
SAL02333,2024-10-25,STR01,CUS0249,PRD013,1,332.19,0.1,298.97,151.83,147.14,App
SAL02334,2023-01-02,STR06,CUS0121,PRD029,2,318.8,0.0,637.6,341.6,296.0,Online
SAL02335,2024-06-06,STR05,CUS0134,PRD024,1,582.46,0.15,495.09,336.53,158.56,App
SAL02336,2024-03-10,STR07,CUS0209,PRD079,1,665.32,0.15,565.52,338.88,226.64,Store
SAL02337,2025-04-17,STR01,CUS0019,PRD078,1,149.61,0.15,127.17,72.85,54.32,Store
SAL02338,2024-06-15,STR04,CUS0183,PRD034,1,539.68,0.1,485.71,291.79,193.92,App
SAL02339,2022-12-27,STR05,CUS0010,PRD071,1,618.33,0.15,525.58,332.7,192.88,App
SAL02340,2023-06-23,STR12,CUS0279,PRD071,2,618.33,0.05,1174.83,665.4,509.43,Online
SAL02341,2022-01-25,STR02,CUS0162,PRD022,1,447.25,0.0,447.25,315.68,131.57,Store
SAL02342,2023-07-02,STR02,CUS0193,PRD074,2,778.55,0.15,1323.53,752.24,571.29,Online
SAL02343,2022-06-21,STR10,CUS0290,PRD007,1,297.96,0.1,268.16,173.78,94.38,Online
SAL02344,2022-12-20,STR08,CUS0038,PRD027,2,167.97,0.2,268.75,169.04,99.71,Store
SAL02345,2024-03-02,STR02,CUS0257,PRD076,1,841.57,0.05,799.49,383.22,416.27,Online
SAL02346,2025-07-14,STR02,CUS0288,PRD069,1,393.75,0.0,393.75,211.23,182.52,Store
SAL02347,2023-02-25,STR05,CUS0280,PRD030,1,396.17,0.05,376.36,240.04,136.32,App
SAL02348,2022-10-20,STR09,CUS0093,PRD014,3,469.29,0.0,1407.87,960.0,447.87,Online
SAL02349,2022-01-24,STR07,CUS0052,PRD007,1,297.96,0.0,297.96,173.78,124.18,Online
SAL02350,2023-03-06,STR07,CUS0210,PRD034,1,539.68,0.0,539.68,291.79,247.89,Online
SAL02351,2022-03-26,STR02,CUS0119,PRD057,1,52.44,0.0,52.44,36.78,15.66,Online
SAL02352,2023-01-16,STR02,CUS0216,PRD029,1,318.8,0.0,318.8,170.8,148.0,Online
SAL02353,2024-07-30,STR08,CUS0257,PRD052,4,660.22,0.05,2508.84,1572.76,936.08,Store
SAL02354,2024-12-29,STR06,CUS0300,PRD021,1,732.57,0.05,695.94,388.69,307.25,App
SAL02355,2024-02-17,STR08,CUS0159,PRD075,2,453.11,0.0,906.22,539.46,366.76,Online
SAL02356,2024-04-19,STR01,CUS0285,PRD005,1,245.1,0.15,208.33,174.49,33.84,App
SAL02357,2023-03-11,STR02,CUS0232,PRD065,1,361.03,0.05,342.98,256.52,86.46,Store
SAL02358,2023-05-30,STR06,CUS0046,PRD029,1,318.8,0.2,255.04,170.8,84.24,Online
SAL02359,2025-05-14,STR01,CUS0218,PRD013,4,332.19,0.0,1328.76,607.32,721.44,Store
SAL02360,2022-01-17,STR05,CUS0043,PRD049,1,535.39,0.2,428.31,243.87,184.44,Online
SAL02361,2023-03-27,STR07,CUS0045,PRD058,1,428.07,0.0,428.07,284.8,143.27,Store
SAL02362,2023-04-03,STR02,CUS0135,PRD034,2,539.68,0.0,1079.36,583.58,495.78,Store
SAL02363,2023-08-11,STR05,CUS0134,PRD056,1,434.96,0.0,434.96,261.14,173.82,App
SAL02364,2023-09-03,STR10,CUS0074,PRD065,1,361.03,0.2,288.82,256.52,32.3,Online
SAL02365,2024-09-08,STR12,CUS0147,PRD077,3,517.67,0.0,1553.01,918.24,634.77,Online
SAL02366,2022-10-06,STR02,CUS0294,PRD012,1,580.87,0.2,464.7,387.01,77.69,Store
SAL02367,2024-07-11,STR01,CUS0286,PRD060,1,118.37,0.0,118.37,77.73,40.64,App
SAL02368,2024-06-08,STR07,CUS0249,PRD065,2,361.03,0.0,722.06,513.04,209.02,Store
SAL02369,2022-12-05,STR09,CUS0097,PRD078,2,149.61,0.2,239.38,145.7,93.68,Store
SAL02370,2022-02-12,STR10,CUS0127,PRD057,3,52.44,0.05,149.45,110.34,39.11,Online
SAL02371,2025-01-31,STR03,CUS0160,PRD022,1,447.25,0.2,357.8,315.68,42.12,Online
SAL02372,2025-07-03,STR12,CUS0002,PRD054,1,167.08,0.2,133.66,80.96,52.7,Online
SAL02373,2024-04-14,STR05,CUS0062,PRD037,1,72.87,0.05,69.23,49.29,19.94,Online
SAL02374,2024-01-13,STR03,CUS0002,PRD035,2,285.91,0.05,543.23,294.78,248.45,App
SAL02375,2023-04-02,STR06,CUS0098,PRD016,1,565.24,0.0,565.24,261.92,303.32,Online
SAL02376,2022-10-02,STR06,CUS0167,PRD020,1,144.97,0.0,144.97,76.2,68.77,Online
SAL02377,2025-07-25,STR04,CUS0286,PRD012,1,580.87,0.0,580.87,387.01,193.86,Online
SAL02378,2023-05-04,STR04,CUS0046,PRD020,1,144.97,0.1,130.47,76.2,54.27,Online
SAL02379,2023-01-21,STR06,CUS0185,PRD016,1,565.24,0.0,565.24,261.92,303.32,Store
SAL02380,2023-02-21,STR05,CUS0181,PRD074,1,778.55,0.0,778.55,376.12,402.43,App
SAL02381,2024-06-10,STR08,CUS0073,PRD047,1,470.23,0.0,470.23,300.2,170.03,Store
SAL02382,2022-02-09,STR09,CUS0206,PRD048,1,65.44,0.1,58.9,45.9,13.0,App
SAL02383,2024-04-06,STR05,CUS0262,PRD008,3,439.89,0.15,1121.72,769.71,352.01,App
SAL02384,2022-08-09,STR08,CUS0007,PRD023,1,336.46,0.0,336.46,224.72,111.74,Online
SAL02385,2023-04-10,STR07,CUS0078,PRD010,1,307.16,0.0,307.16,163.43,143.73,Store
SAL02386,2023-07-25,STR12,CUS0017,PRD040,1,107.82,0.15,91.65,56.81,34.84,Store
SAL02387,2025-08-09,STR08,CUS0109,PRD080,1,390.71,0.1,351.64,178.69,172.95,Store
SAL02388,2022-01-31,STR07,CUS0078,PRD032,1,570.78,0.05,542.24,326.53,215.71,Store
SAL02389,2025-07-10,STR04,CUS0127,PRD058,2,428.07,0.0,856.14,569.6,286.54,Online
SAL02390,2024-01-06,STR08,CUS0230,PRD017,1,86.4,0.15,73.44,47.35,26.09,Online
SAL02391,2023-10-11,STR07,CUS0150,PRD057,1,52.44,0.1,47.2,36.78,10.42,Online
SAL02392,2022-11-07,STR02,CUS0261,PRD065,5,361.03,0.1,1624.63,1282.6,342.03,App
SAL02393,2025-05-02,STR09,CUS0198,PRD038,2,588.04,0.05,1117.28,766.36,350.92,App
SAL02394,2022-06-24,STR10,CUS0151,PRD059,1,494.95,0.15,420.71,285.33,135.38,Store
SAL02395,2024-03-13,STR05,CUS0149,PRD074,3,778.55,0.1,2102.08,1128.36,973.72,App
SAL02396,2025-01-28,STR04,CUS0038,PRD025,1,395.29,0.05,375.53,254.79,120.74,Online
SAL02397,2022-05-09,STR03,CUS0254,PRD045,2,74.57,0.2,119.31,68.76,50.55,App
SAL02398,2022-10-16,STR09,CUS0210,PRD052,1,660.22,0.0,660.22,393.19,267.03,App
SAL02399,2025-08-04,STR11,CUS0003,PRD078,1,149.61,0.0,149.61,72.85,76.76,Store
SAL02400,2024-01-25,STR08,CUS0217,PRD052,1,660.22,0.15,561.19,393.19,168.0,App
SAL02401,2022-08-25,STR01,CUS0096,PRD027,2,167.97,0.0,335.94,169.04,166.9,Store
SAL02402,2022-07-30,STR12,CUS0064,PRD051,1,428.0,0.15,363.8,224.16,139.64,Store
SAL02403,2024-10-24,STR08,CUS0248,PRD014,1,469.29,0.1,422.36,320.0,102.36,Store
SAL02404,2024-08-28,STR05,CUS0125,PRD044,2,125.25,0.0,250.5,114.38,136.12,Store
SAL02405,2023-06-15,STR04,CUS0274,PRD071,1,618.33,0.0,618.33,332.7,285.63,Store
SAL02406,2023-06-25,STR11,CUS0164,PRD014,1,469.29,0.15,398.9,320.0,78.9,Store
SAL02407,2024-09-20,STR02,CUS0009,PRD066,3,180.08,0.05,513.23,372.21,141.02,Online
SAL02408,2023-07-07,STR01,CUS0277,PRD036,2,638.05,0.0,1276.1,630.48,645.62,Store
SAL02409,2024-03-03,STR09,CUS0070,PRD055,3,402.22,0.0,1206.66,633.96,572.7,Store
SAL02410,2023-02-27,STR09,CUS0114,PRD077,3,517.67,0.1,1397.71,918.24,479.47,App
SAL02411,2023-04-26,STR04,CUS0188,PRD079,3,665.32,0.0,1995.96,1016.64,979.32,Store
SAL02412,2022-05-20,STR11,CUS0142,PRD046,1,533.74,0.0,533.74,349.25,184.49,App
SAL02413,2025-03-15,STR02,CUS0279,PRD062,2,210.83,0.0,421.66,206.14,215.52,Online
SAL02414,2025-06-23,STR02,CUS0134,PRD032,1,570.78,0.2,456.62,326.53,130.09,Online
SAL02415,2024-10-04,STR01,CUS0044,PRD075,1,453.11,0.15,385.14,269.73,115.41,Online
SAL02416,2023-02-25,STR09,CUS0007,PRD055,2,402.22,0.05,764.22,422.64,341.58,Store
SAL02417,2023-12-10,STR06,CUS0195,PRD031,2,607.09,0.0,1214.18,623.6,590.58,Online
SAL02418,2023-06-03,STR03,CUS0020,PRD051,1,428.0,0.05,406.6,224.16,182.44,App
SAL02419,2025-02-09,STR05,CUS0074,PRD023,1,336.46,0.2,269.17,224.72,44.45,Online
SAL02420,2023-10-17,STR03,CUS0068,PRD071,4,618.33,0.0,2473.32,1330.8,1142.52,Store
SAL02421,2023-09-06,STR07,CUS0075,PRD071,1,618.33,0.15,525.58,332.7,192.88,Store
SAL02422,2024-12-28,STR01,CUS0173,PRD032,2,570.78,0.05,1084.48,653.06,431.42,Store
SAL02423,2023-08-18,STR09,CUS0031,PRD009,3,337.72,0.0,1013.16,683.97,329.19,Store
SAL02424,2025-05-06,STR08,CUS0166,PRD010,2,307.16,0.2,491.46,326.86,164.6,App
SAL02425,2022-08-23,STR11,CUS0255,PRD075,4,453.11,0.0,1812.44,1078.92,733.52,Online
SAL02426,2023-01-17,STR02,CUS0269,PRD018,4,703.6,0.0,2814.4,1351.68,1462.72,App
SAL02427,2023-12-06,STR11,CUS0245,PRD079,1,665.32,0.0,665.32,338.88,326.44,Store
SAL02428,2023-03-18,STR07,CUS0272,PRD055,2,402.22,0.05,764.22,422.64,341.58,Online
SAL02429,2023-09-06,STR04,CUS0274,PRD007,3,297.96,0.05,849.19,521.34,327.85,App
SAL02430,2022-08-16,STR09,CUS0201,PRD012,2,580.87,0.2,929.39,774.02,155.37,App
SAL02431,2025-04-14,STR05,CUS0059,PRD021,2,732.57,0.0,1465.14,777.38,687.76,Online
SAL02432,2023-05-22,STR04,CUS0242,PRD029,1,318.8,0.0,318.8,170.8,148.0,App
SAL02433,2024-05-13,STR05,CUS0043,PRD059,1,494.95,0.2,395.96,285.33,110.63,Store
SAL02434,2025-07-11,STR04,CUS0010,PRD075,2,453.11,0.1,815.6,539.46,276.14,Store
SAL02435,2023-06-27,STR01,CUS0080,PRD078,2,149.61,0.0,299.22,145.7,153.52,Online
SAL02436,2024-04-21,STR07,CUS0091,PRD051,2,428.0,0.2,684.8,448.32,236.48,Store
SAL02437,2024-03-29,STR11,CUS0004,PRD062,2,210.83,0.0,421.66,206.14,215.52,App
SAL02438,2022-07-03,STR05,CUS0253,PRD037,2,72.87,0.1,131.17,98.58,32.59,Online
SAL02439,2024-03-30,STR12,CUS0268,PRD058,1,428.07,0.1,385.26,284.8,100.46,App
SAL02440,2025-08-13,STR02,CUS0088,PRD079,1,665.32,0.0,665.32,338.88,326.44,Store
SAL02441,2024-03-03,STR09,CUS0117,PRD060,2,118.37,0.0,236.74,155.46,81.28,Online
SAL02442,2024-08-25,STR10,CUS0079,PRD023,1,336.46,0.2,269.17,224.72,44.45,Store
SAL02443,2025-06-03,STR10,CUS0070,PRD023,1,336.46,0.05,319.64,224.72,94.92,App
SAL02444,2023-03-06,STR05,CUS0168,PRD023,2,336.46,0.0,672.92,449.44,223.48,Store
SAL02445,2022-11-27,STR09,CUS0128,PRD038,1,588.04,0.15,499.83,383.18,116.65,Online
SAL02446,2024-01-23,STR05,CUS0189,PRD063,1,447.14,0.0,447.14,313.98,133.16,App
SAL02447,2023-09-16,STR09,CUS0260,PRD011,1,450.62,0.05,428.09,205.91,222.18,Online
SAL02448,2022-05-01,STR08,CUS0138,PRD047,1,470.23,0.1,423.21,300.2,123.01,Store
SAL02449,2023-05-05,STR11,CUS0244,PRD008,1,439.89,0.2,351.91,256.57,95.34,App
SAL02450,2024-09-09,STR07,CUS0139,PRD023,3,336.46,0.0,1009.38,674.16,335.22,Online
SAL02451,2025-03-14,STR04,CUS0268,PRD053,2,139.83,0.05,265.68,158.96,106.72,Online
SAL02452,2024-05-14,STR11,CUS0188,PRD047,1,470.23,0.0,470.23,300.2,170.03,Online
SAL02453,2023-12-31,STR04,CUS0279,PRD044,1,125.25,0.1,112.73,57.19,55.54,Online
SAL02454,2025-02-15,STR01,CUS0020,PRD047,4,470.23,0.2,1504.74,1200.8,303.94,App
SAL02455,2025-01-29,STR01,CUS0238,PRD064,2,508.25,0.1,914.85,585.0,329.85,App
SAL02456,2022-08-02,STR02,CUS0097,PRD007,1,297.96,0.05,283.06,173.78,109.28,Store
SAL02457,2023-05-03,STR04,CUS0040,PRD013,2,332.19,0.2,531.5,303.66,227.84,Online
SAL02458,2025-03-02,STR01,CUS0257,PRD076,1,841.57,0.0,841.57,383.22,458.35,Store
SAL02459,2022-08-20,STR02,CUS0122,PRD027,3,167.97,0.2,403.13,253.56,149.57,Online
SAL02460,2025-05-23,STR07,CUS0298,PRD054,2,167.08,0.0,334.16,161.92,172.24,Store
SAL02461,2025-05-03,STR02,CUS0025,PRD015,1,339.66,0.0,339.66,183.65,156.01,Online
SAL02462,2023-03-03,STR10,CUS0047,PRD004,5,277.55,0.15,1179.59,655.95,523.64,Store
SAL02463,2023-01-23,STR03,CUS0168,PRD027,1,167.97,0.0,167.97,84.52,83.45,Online
SAL02464,2025-03-28,STR07,CUS0090,PRD022,1,447.25,0.0,447.25,315.68,131.57,App
SAL02465,2022-10-01,STR02,CUS0107,PRD073,3,252.83,0.05,720.57,503.46,217.11,App
SAL02466,2023-09-02,STR07,CUS0067,PRD036,1,638.05,0.05,606.15,315.24,290.91,Store
SAL02467,2022-11-20,STR07,CUS0060,PRD030,4,396.17,0.0,1584.68,960.16,624.52,Online
SAL02468,2024-03-08,STR03,CUS0282,PRD007,1,297.96,0.0,297.96,173.78,124.18,Store
SAL02469,2025-08-01,STR08,CUS0033,PRD001,4,769.25,0.0,3077.0,1495.04,1581.96,App
SAL02470,2024-11-19,STR10,CUS0062,PRD058,1,428.07,0.2,342.46,284.8,57.66,App
SAL02471,2025-07-10,STR08,CUS0163,PRD038,2,588.04,0.15,999.67,766.36,233.31,Online
SAL02472,2023-10-24,STR02,CUS0172,PRD006,2,365.95,0.1,658.71,413.5,245.21,App
SAL02473,2022-05-27,STR01,CUS0186,PRD074,2,778.55,0.1,1401.39,752.24,649.15,Store
SAL02474,2024-03-09,STR01,CUS0006,PRD077,1,517.67,0.2,414.14,306.08,108.06,Online
SAL02475,2023-03-14,STR04,CUS0226,PRD053,1,139.83,0.15,118.86,79.48,39.38,Online
SAL02476,2025-05-01,STR04,CUS0214,PRD021,4,732.57,0.0,2930.28,1554.76,1375.52,App
SAL02477,2022-07-30,STR08,CUS0045,PRD048,1,65.44,0.2,52.35,45.9,6.45,Online
SAL02478,2023-09-04,STR03,CUS0186,PRD031,1,607.09,0.0,607.09,311.8,295.29,Store
SAL02479,2025-06-26,STR03,CUS0015,PRD031,1,607.09,0.15,516.03,311.8,204.23,Store
SAL02480,2022-01-10,STR08,CUS0193,PRD068,2,193.87,0.0,387.74,272.68,115.06,Store
SAL02481,2022-02-12,STR06,CUS0213,PRD051,4,428.0,0.15,1455.2,896.64,558.56,Online
SAL02482,2024-06-13,STR05,CUS0087,PRD003,3,460.37,0.1,1243.0,704.28,538.72,Store
SAL02483,2025-02-20,STR08,CUS0188,PRD025,1,395.29,0.05,375.53,254.79,120.74,Online
SAL02484,2025-08-09,STR11,CUS0042,PRD037,1,72.87,0.0,72.87,49.29,23.58,App
SAL02485,2025-02-13,STR08,CUS0189,PRD006,1,365.95,0.0,365.95,206.75,159.2,Online
SAL02486,2022-04-04,STR03,CUS0099,PRD044,1,125.25,0.0,125.25,57.19,68.06,App
SAL02487,2023-07-06,STR12,CUS0253,PRD064,3,508.25,0.2,1219.8,877.5,342.3,App
SAL02488,2022-12-10,STR07,CUS0084,PRD045,1,74.57,0.0,74.57,34.38,40.19,Online
SAL02489,2024-08-04,STR09,CUS0238,PRD068,3,193.87,0.1,523.45,409.02,114.43,App
SAL02490,2022-06-09,STR07,CUS0060,PRD068,2,193.87,0.2,310.19,272.68,37.51,App
SAL02491,2024-10-23,STR02,CUS0128,PRD071,2,618.33,0.05,1174.83,665.4,509.43,Store
SAL02492,2024-05-05,STR02,CUS0059,PRD041,1,500.06,0.0,500.06,248.09,251.97,Online
SAL02493,2023-12-08,STR02,CUS0135,PRD021,2,732.57,0.0,1465.14,777.38,687.76,Online
SAL02494,2022-02-01,STR06,CUS0160,PRD065,1,361.03,0.0,361.03,256.52,104.51,Online
SAL02495,2023-09-28,STR02,CUS0112,PRD057,1,52.44,0.15,44.57,36.78,7.79,Store
SAL02496,2024-08-17,STR12,CUS0039,PRD057,6,52.44,0.05,298.91,220.68,78.23,App
SAL02497,2023-01-23,STR10,CUS0048,PRD034,2,539.68,0.0,1079.36,583.58,495.78,App
SAL02498,2023-06-11,STR10,CUS0206,PRD053,1,139.83,0.0,139.83,79.48,60.35,Online
SAL02499,2024-12-23,STR09,CUS0028,PRD041,2,500.06,0.0,1000.12,496.18,503.94,Online
SAL02500,2024-10-13,STR05,CUS0099,PRD001,1,769.25,0.0,769.25,373.76,395.49,Store
SAL02501,2023-04-26,STR07,CUS0253,PRD012,1,580.87,0.0,580.87,387.01,193.86,Online
SAL02502,2024-08-05,STR02,CUS0199,PRD004,2,277.55,0.0,555.1,262.38,292.72,App
SAL02503,2023-11-08,STR02,CUS0059,PRD005,2,245.1,0.15,416.67,348.98,67.69,Store
SAL02504,2024-05-08,STR09,CUS0110,PRD058,1,428.07,0.0,428.07,284.8,143.27,Store
SAL02505,2023-07-21,STR08,CUS0045,PRD067,2,338.84,0.0,677.68,382.56,295.12,Store
SAL02506,2022-06-14,STR08,CUS0163,PRD032,1,570.78,0.1,513.7,326.53,187.17,Online
SAL02507,2022-07-12,STR05,CUS0217,PRD046,1,533.74,0.0,533.74,349.25,184.49,Store
SAL02508,2022-12-14,STR02,CUS0292,PRD009,1,337.72,0.15,287.06,227.99,59.07,App
SAL02509,2024-12-26,STR03,CUS0149,PRD041,1,500.06,0.2,400.05,248.09,151.96,Online
SAL02510,2024-09-23,STR09,CUS0225,PRD008,1,439.89,0.2,351.91,256.57,95.34,Store
SAL02511,2022-05-28,STR02,CUS0039,PRD038,1,588.04,0.05,558.64,383.18,175.46,Online
SAL02512,2022-08-12,STR12,CUS0139,PRD027,5,167.97,0.0,839.85,422.6,417.25,Online
SAL02513,2023-06-30,STR05,CUS0063,PRD009,4,337.72,0.05,1283.34,911.96,371.38,Online
SAL02514,2023-03-26,STR07,CUS0203,PRD038,3,588.04,0.0,1764.12,1149.54,614.58,Online
SAL02515,2025-04-21,STR03,CUS0075,PRD068,1,193.87,0.0,193.87,136.34,57.53,Store
SAL02516,2024-11-17,STR03,CUS0151,PRD055,1,402.22,0.15,341.89,211.32,130.57,Store
SAL02517,2022-10-05,STR09,CUS0217,PRD011,1,450.62,0.0,450.62,205.91,244.71,Online
SAL02518,2022-05-09,STR09,CUS0115,PRD008,1,439.89,0.2,351.91,256.57,95.34,App
SAL02519,2024-04-28,STR11,CUS0051,PRD045,3,74.57,0.15,190.15,103.14,87.01,Online
SAL02520,2022-04-08,STR04,CUS0077,PRD079,2,665.32,0.0,1330.64,677.76,652.88,App
SAL02521,2025-04-03,STR06,CUS0201,PRD055,1,402.22,0.0,402.22,211.32,190.9,Store
SAL02522,2023-10-12,STR07,CUS0147,PRD064,1,508.25,0.0,508.25,292.5,215.75,Online
SAL02523,2022-11-20,STR02,CUS0120,PRD025,3,395.29,0.05,1126.58,764.37,362.21,Online
SAL02524,2022-12-10,STR01,CUS0162,PRD075,3,453.11,0.05,1291.36,809.19,482.17,Store
SAL02525,2023-01-26,STR02,CUS0148,PRD042,1,213.13,0.0,213.13,102.36,110.77,App
SAL02526,2023-08-11,STR11,CUS0244,PRD028,2,167.14,0.0,334.28,163.54,170.74,Store
SAL02527,2024-11-06,STR12,CUS0218,PRD038,1,588.04,0.2,470.43,383.18,87.25,Store
SAL02528,2024-07-13,STR08,CUS0007,PRD014,2,469.29,0.1,844.72,640.0,204.72,App
SAL02529,2024-01-22,STR09,CUS0248,PRD006,2,365.95,0.05,695.3,413.5,281.8,App
SAL02530,2024-02-25,STR12,CUS0232,PRD042,1,213.13,0.05,202.47,102.36,100.11,Store
SAL02531,2024-10-03,STR09,CUS0286,PRD015,2,339.66,0.0,679.32,367.3,312.02,Store
SAL02532,2022-07-15,STR12,CUS0055,PRD036,1,638.05,0.15,542.34,315.24,227.1,Online
SAL02533,2023-01-17,STR08,CUS0146,PRD036,1,638.05,0.0,638.05,315.24,322.81,Online
SAL02534,2022-10-20,STR05,CUS0122,PRD031,2,607.09,0.15,1032.05,623.6,408.45,Store
SAL02535,2023-05-06,STR04,CUS0241,PRD048,1,65.44,0.05,62.17,45.9,16.27,App
SAL02536,2023-04-25,STR02,CUS0018,PRD062,1,210.83,0.15,179.21,103.07,76.14,Online
SAL02537,2023-01-20,STR03,CUS0185,PRD065,1,361.03,0.2,288.82,256.52,32.3,Online
SAL02538,2025-06-03,STR11,CUS0040,PRD031,1,607.09,0.2,485.67,311.8,173.87,App
SAL02539,2022-07-29,STR01,CUS0164,PRD062,2,210.83,0.0,421.66,206.14,215.52,Store
SAL02540,2024-04-18,STR08,CUS0110,PRD073,2,252.83,0.0,505.66,335.64,170.02,Store
SAL02541,2023-09-21,STR06,CUS0266,PRD015,2,339.66,0.1,611.39,367.3,244.09,Online
SAL02542,2023-08-05,STR12,CUS0294,PRD072,2,499.84,0.05,949.7,600.8,348.9,Online
SAL02543,2023-01-25,STR03,CUS0184,PRD003,1,460.37,0.1,414.33,234.76,179.57,Store
SAL02544,2024-09-10,STR01,CUS0182,PRD042,1,213.13,0.1,191.82,102.36,89.46,Online
SAL02545,2024-07-07,STR03,CUS0293,PRD062,2,210.83,0.1,379.49,206.14,173.35,Store
SAL02546,2022-07-13,STR08,CUS0137,PRD068,3,193.87,0.15,494.37,409.02,85.35,Store
SAL02547,2023-01-22,STR09,CUS0204,PRD050,1,289.93,0.0,289.93,202.54,87.39,Online
SAL02548,2023-05-23,STR05,CUS0089,PRD027,2,167.97,0.0,335.94,169.04,166.9,Online
SAL02549,2024-04-21,STR10,CUS0047,PRD013,2,332.19,0.0,664.38,303.66,360.72,Online
SAL02550,2022-02-07,STR03,CUS0196,PRD005,2,245.1,0.15,416.67,348.98,67.69,Online
SAL02551,2022-10-07,STR09,CUS0014,PRD066,1,180.08,0.1,162.07,124.07,38.0,App
SAL02552,2023-02-05,STR09,CUS0202,PRD007,2,297.96,0.2,476.74,347.56,129.18,Store
SAL02553,2024-02-12,STR03,CUS0063,PRD012,2,580.87,0.15,987.48,774.02,213.46,Store
SAL02554,2022-12-09,STR06,CUS0299,PRD059,1,494.95,0.1,445.45,285.33,160.12,Store
SAL02555,2024-08-11,STR03,CUS0077,PRD071,1,618.33,0.0,618.33,332.7,285.63,Store
SAL02556,2024-09-12,STR06,CUS0095,PRD011,1,450.62,0.05,428.09,205.91,222.18,Online
SAL02557,2025-08-09,STR06,CUS0071,PRD064,1,508.25,0.0,508.25,292.5,215.75,App
SAL02558,2023-06-21,STR06,CUS0266,PRD028,1,167.14,0.2,133.71,81.77,51.94,Online
SAL02559,2024-03-28,STR03,CUS0218,PRD016,1,565.24,0.15,480.45,261.92,218.53,Online
SAL02560,2022-08-14,STR02,CUS0134,PRD015,2,339.66,0.0,679.32,367.3,312.02,Online
SAL02561,2023-04-01,STR11,CUS0255,PRD023,4,336.46,0.15,1143.96,898.88,245.08,Online
SAL02562,2022-07-26,STR04,CUS0074,PRD025,1,395.29,0.0,395.29,254.79,140.5,App
SAL02563,2025-02-01,STR12,CUS0120,PRD063,3,447.14,0.05,1274.35,941.94,332.41,Online
SAL02564,2023-02-20,STR11,CUS0052,PRD024,2,582.46,0.0,1164.92,673.06,491.86,App
SAL02565,2023-05-10,STR10,CUS0007,PRD020,3,144.97,0.0,434.91,228.6,206.31,Store
SAL02566,2025-02-18,STR10,CUS0225,PRD005,2,245.1,0.0,490.2,348.98,141.22,Online
SAL02567,2023-10-04,STR06,CUS0058,PRD034,4,539.68,0.15,1834.91,1167.16,667.75,App
SAL02568,2022-08-12,STR10,CUS0034,PRD059,2,494.95,0.15,841.41,570.66,270.75,App
SAL02569,2023-11-26,STR06,CUS0074,PRD037,1,72.87,0.0,72.87,49.29,23.58,App
SAL02570,2022-08-20,STR03,CUS0291,PRD043,1,108.59,0.15,92.3,54.96,37.34,Online
SAL02571,2025-04-01,STR10,CUS0002,PRD029,1,318.8,0.0,318.8,170.8,148.0,Online
SAL02572,2022-01-19,STR08,CUS0252,PRD071,1,618.33,0.1,556.5,332.7,223.8,App
SAL02573,2025-06-05,STR07,CUS0115,PRD078,1,149.61,0.0,149.61,72.85,76.76,App
SAL02574,2023-03-29,STR04,CUS0251,PRD024,3,582.46,0.05,1660.01,1009.59,650.42,App
SAL02575,2023-02-13,STR03,CUS0233,PRD045,1,74.57,0.0,74.57,34.38,40.19,App
SAL02576,2022-10-24,STR11,CUS0217,PRD013,1,332.19,0.2,265.75,151.83,113.92,Store
SAL02577,2023-01-03,STR03,CUS0299,PRD017,2,86.4,0.0,172.8,94.7,78.1,Store
SAL02578,2024-10-25,STR02,CUS0054,PRD042,1,213.13,0.15,181.16,102.36,78.8,App
SAL02579,2024-11-09,STR11,CUS0123,PRD010,1,307.16,0.0,307.16,163.43,143.73,Store
SAL02580,2024-05-09,STR08,CUS0016,PRD014,2,469.29,0.0,938.58,640.0,298.58,Store
SAL02581,2023-04-17,STR03,CUS0023,PRD048,2,65.44,0.2,104.7,91.8,12.9,Online
SAL02582,2023-08-31,STR05,CUS0296,PRD052,1,660.22,0.1,594.2,393.19,201.01,Online
SAL02583,2025-04-21,STR04,CUS0088,PRD014,2,469.29,0.0,938.58,640.0,298.58,App
SAL02584,2025-04-13,STR04,CUS0093,PRD017,1,86.4,0.2,69.12,47.35,21.77,Store
SAL02585,2025-01-15,STR08,CUS0286,PRD005,1,245.1,0.2,196.08,174.49,21.59,Store
SAL02586,2025-01-23,STR12,CUS0165,PRD068,1,193.87,0.2,155.1,136.34,18.76,Online
SAL02587,2024-11-01,STR05,CUS0295,PRD008,4,439.89,0.0,1759.56,1026.28,733.28,App
SAL02588,2023-11-24,STR08,CUS0128,PRD014,2,469.29,0.0,938.58,640.0,298.58,App
SAL02589,2022-10-29,STR08,CUS0288,PRD046,2,533.74,0.1,960.73,698.5,262.23,Store
SAL02590,2022-09-25,STR02,CUS0087,PRD062,1,210.83,0.0,210.83,103.07,107.76,Store
SAL02591,2024-05-28,STR03,CUS0284,PRD055,5,402.22,0.0,2011.1,1056.6,954.5,Online
SAL02592,2023-06-11,STR01,CUS0265,PRD007,1,297.96,0.1,268.16,173.78,94.38,App
SAL02593,2022-05-11,STR02,CUS0229,PRD027,3,167.97,0.0,503.91,253.56,250.35,Store
SAL02594,2023-03-12,STR02,CUS0119,PRD080,1,390.71,0.05,371.17,178.69,192.48,App
SAL02595,2022-03-30,STR12,CUS0139,PRD039,2,267.3,0.1,481.14,352.5,128.64,App
SAL02596,2024-01-02,STR09,CUS0127,PRD072,3,499.84,0.0,1499.52,901.2,598.32,Store
SAL02597,2023-12-08,STR11,CUS0143,PRD057,1,52.44,0.05,49.82,36.78,13.04,App
SAL02598,2024-09-06,STR02,CUS0279,PRD030,3,396.17,0.0,1188.51,720.12,468.39,Store
SAL02599,2025-02-27,STR01,CUS0229,PRD027,2,167.97,0.15,285.55,169.04,116.51,Online
SAL02600,2025-07-06,STR07,CUS0137,PRD074,2,778.55,0.0,1557.1,752.24,804.86,Online
SAL02601,2022-03-15,STR05,CUS0161,PRD047,2,470.23,0.0,940.46,600.4,340.06,Online
SAL02602,2024-01-20,STR01,CUS0008,PRD063,1,447.14,0.0,447.14,313.98,133.16,Store
SAL02603,2022-11-24,STR11,CUS0165,PRD046,4,533.74,0.1,1921.46,1397.0,524.46,App
SAL02604,2022-12-05,STR05,CUS0105,PRD017,1,86.4,0.1,77.76,47.35,30.41,App
SAL02605,2024-09-04,STR09,CUS0064,PRD013,2,332.19,0.0,664.38,303.66,360.72,App
SAL02606,2024-06-30,STR10,CUS0092,PRD072,1,499.84,0.15,424.86,300.4,124.46,App
SAL02607,2024-05-10,STR06,CUS0265,PRD030,1,396.17,0.0,396.17,240.04,156.13,Store
SAL02608,2022-11-21,STR08,CUS0144,PRD069,1,393.75,0.05,374.06,211.23,162.83,App
SAL02609,2024-06-30,STR06,CUS0085,PRD071,4,618.33,0.1,2225.99,1330.8,895.19,Online
SAL02610,2023-08-26,STR08,CUS0113,PRD046,1,533.74,0.0,533.74,349.25,184.49,Online
SAL02611,2022-02-23,STR02,CUS0151,PRD055,1,402.22,0.0,402.22,211.32,190.9,Store
SAL02612,2024-03-16,STR08,CUS0018,PRD028,3,167.14,0.2,401.14,245.31,155.83,Store
SAL02613,2023-12-31,STR07,CUS0211,PRD049,2,535.39,0.15,910.16,487.74,422.42,Online
SAL02614,2022-05-01,STR04,CUS0206,PRD008,1,439.89,0.2,351.91,256.57,95.34,Store
SAL02615,2022-09-09,STR10,CUS0052,PRD012,2,580.87,0.2,929.39,774.02,155.37,Store
SAL02616,2025-01-03,STR02,CUS0048,PRD056,1,434.96,0.1,391.46,261.14,130.32,Online
SAL02617,2022-03-26,STR01,CUS0113,PRD044,3,125.25,0.1,338.18,171.57,166.61,Store
SAL02618,2025-04-08,STR12,CUS0106,PRD063,1,447.14,0.0,447.14,313.98,133.16,Store
SAL02619,2023-11-22,STR04,CUS0030,PRD033,1,82.66,0.05,78.53,57.52,21.01,Online
SAL02620,2022-03-22,STR08,CUS0040,PRD080,6,390.71,0.0,2344.26,1072.14,1272.12,Store
SAL02621,2022-10-28,STR11,CUS0293,PRD063,1,447.14,0.15,380.07,313.98,66.09,Store
SAL02622,2024-02-14,STR02,CUS0213,PRD004,1,277.55,0.2,222.04,131.19,90.85,App
SAL02623,2024-02-08,STR01,CUS0071,PRD075,2,453.11,0.0,906.22,539.46,366.76,Online
SAL02624,2023-09-06,STR03,CUS0265,PRD048,1,65.44,0.0,65.44,45.9,19.54,Online
SAL02625,2023-12-11,STR07,CUS0050,PRD019,1,404.77,0.0,404.77,279.33,125.44,Online
SAL02626,2024-10-30,STR03,CUS0153,PRD058,1,428.07,0.0,428.07,284.8,143.27,Online
SAL02627,2023-02-26,STR08,CUS0139,PRD072,1,499.84,0.0,499.84,300.4,199.44,Store
SAL02628,2024-04-18,STR01,CUS0165,PRD047,3,470.23,0.2,1128.55,900.6,227.95,Online
SAL02629,2022-09-17,STR10,CUS0069,PRD043,1,108.59,0.15,92.3,54.96,37.34,App
SAL02630,2022-06-03,STR12,CUS0172,PRD004,1,277.55,0.0,277.55,131.19,146.36,Online
SAL02631,2022-04-21,STR03,CUS0062,PRD057,1,52.44,0.0,52.44,36.78,15.66,Online
SAL02632,2022-09-18,STR10,CUS0018,PRD021,2,732.57,0.0,1465.14,777.38,687.76,Online
SAL02633,2023-12-19,STR04,CUS0012,PRD071,2,618.33,0.0,1236.66,665.4,571.26,App
SAL02634,2022-10-12,STR09,CUS0006,PRD042,2,213.13,0.0,426.26,204.72,221.54,App
SAL02635,2023-10-07,STR09,CUS0213,PRD078,3,149.61,0.2,359.06,218.55,140.51,App
SAL02636,2024-01-23,STR06,CUS0143,PRD034,1,539.68,0.05,512.7,291.79,220.91,Online
SAL02637,2024-02-09,STR02,CUS0276,PRD058,1,428.07,0.2,342.46,284.8,57.66,App
SAL02638,2025-02-12,STR05,CUS0135,PRD058,2,428.07,0.0,856.14,569.6,286.54,Store
SAL02639,2022-05-28,STR01,CUS0134,PRD041,3,500.06,0.15,1275.15,744.27,530.88,Online
SAL02640,2025-03-17,STR12,CUS0190,PRD011,2,450.62,0.15,766.05,411.82,354.23,Online
SAL02641,2024-10-24,STR05,CUS0248,PRD054,2,167.08,0.0,334.16,161.92,172.24,App
SAL02642,2022-09-15,STR02,CUS0025,PRD023,1,336.46,0.15,285.99,224.72,61.27,Online
SAL02643,2024-12-01,STR10,CUS0162,PRD064,1,508.25,0.15,432.01,292.5,139.51,App
SAL02644,2024-03-23,STR01,CUS0019,PRD032,1,570.78,0.0,570.78,326.53,244.25,Store
SAL02645,2023-08-27,STR05,CUS0041,PRD033,1,82.66,0.2,66.13,57.52,8.61,Store
SAL02646,2022-01-01,STR01,CUS0276,PRD045,1,74.57,0.05,70.84,34.38,36.46,App
SAL02647,2024-09-24,STR10,CUS0010,PRD062,2,210.83,0.0,421.66,206.14,215.52,Online
SAL02648,2024-03-05,STR06,CUS0222,PRD035,1,285.91,0.0,285.91,147.39,138.52,App
SAL02649,2023-10-14,STR01,CUS0003,PRD033,2,82.66,0.0,165.32,115.04,50.28,Store
SAL02650,2022-08-22,STR01,CUS0020,PRD038,2,588.04,0.0,1176.08,766.36,409.72,App
SAL02651,2023-11-02,STR06,CUS0131,PRD053,2,139.83,0.0,279.66,158.96,120.7,App
SAL02652,2023-11-11,STR09,CUS0198,PRD060,1,118.37,0.2,94.7,77.73,16.97,Store
SAL02653,2025-06-11,STR08,CUS0275,PRD038,1,588.04,0.0,588.04,383.18,204.86,Store
SAL02654,2023-02-01,STR01,CUS0209,PRD047,3,470.23,0.0,1410.69,900.6,510.09,App
SAL02655,2025-02-20,STR05,CUS0073,PRD075,2,453.11,0.05,860.91,539.46,321.45,Online
SAL02656,2022-11-26,STR08,CUS0162,PRD018,1,703.6,0.05,668.42,337.92,330.5,Store
SAL02657,2022-12-30,STR09,CUS0099,PRD011,1,450.62,0.0,450.62,205.91,244.71,App
SAL02658,2024-01-12,STR12,CUS0170,PRD061,2,60.41,0.0,120.82,62.08,58.74,Store
SAL02659,2023-02-13,STR03,CUS0058,PRD065,1,361.03,0.15,306.88,256.52,50.36,Store
SAL02660,2023-08-05,STR03,CUS0181,PRD050,3,289.93,0.15,739.32,607.62,131.7,App
SAL02661,2025-07-15,STR09,CUS0031,PRD048,1,65.44,0.15,55.62,45.9,9.72,Store
SAL02662,2025-06-04,STR06,CUS0290,PRD048,3,65.44,0.1,176.69,137.7,38.99,Store
SAL02663,2023-10-07,STR02,CUS0124,PRD040,1,107.82,0.0,107.82,56.81,51.01,Store
SAL02664,2023-02-26,STR08,CUS0037,PRD057,2,52.44,0.0,104.88,73.56,31.32,Store
SAL02665,2025-07-12,STR08,CUS0141,PRD056,1,434.96,0.2,347.97,261.14,86.83,Online
SAL02666,2023-09-15,STR02,CUS0097,PRD050,1,289.93,0.15,246.44,202.54,43.9,Store
SAL02667,2022-08-04,STR12,CUS0081,PRD030,1,396.17,0.0,396.17,240.04,156.13,Store
SAL02668,2022-03-28,STR07,CUS0235,PRD075,1,453.11,0.05,430.45,269.73,160.72,Store
SAL02669,2023-07-26,STR05,CUS0186,PRD021,1,732.57,0.05,695.94,388.69,307.25,Store
SAL02670,2023-02-07,STR05,CUS0262,PRD053,1,139.83,0.0,139.83,79.48,60.35,Online
SAL02671,2025-05-08,STR05,CUS0215,PRD049,2,535.39,0.0,1070.78,487.74,583.04,App
SAL02672,2023-08-09,STR05,CUS0093,PRD065,1,361.03,0.15,306.88,256.52,50.36,Online
SAL02673,2024-04-23,STR04,CUS0278,PRD011,1,450.62,0.0,450.62,205.91,244.71,App
SAL02674,2023-12-14,STR04,CUS0046,PRD009,1,337.72,0.2,270.18,227.99,42.19,Online
SAL02675,2022-08-30,STR12,CUS0140,PRD017,3,86.4,0.15,220.32,142.05,78.27,App
SAL02676,2024-10-26,STR12,CUS0253,PRD036,1,638.05,0.1,574.25,315.24,259.01,App
SAL02677,2024-10-05,STR08,CUS0297,PRD021,1,732.57,0.15,622.68,388.69,233.99,App
SAL02678,2022-10-09,STR02,CUS0295,PRD042,1,213.13,0.15,181.16,102.36,78.8,Online
SAL02679,2023-10-26,STR10,CUS0272,PRD039,2,267.3,0.0,534.6,352.5,182.1,Store
SAL02680,2023-02-28,STR11,CUS0295,PRD001,2,769.25,0.0,1538.5,747.52,790.98,Online
SAL02681,2023-12-03,STR05,CUS0279,PRD044,1,125.25,0.05,118.99,57.19,61.8,Store
SAL02682,2022-05-17,STR11,CUS0080,PRD075,2,453.11,0.15,770.29,539.46,230.83,Online
SAL02683,2023-02-01,STR08,CUS0258,PRD072,2,499.84,0.1,899.71,600.8,298.91,Store
SAL02684,2024-03-16,STR08,CUS0125,PRD062,3,210.83,0.05,600.87,309.21,291.66,App
SAL02685,2024-01-25,STR05,CUS0215,PRD062,2,210.83,0.2,337.33,206.14,131.19,App
SAL02686,2022-07-24,STR08,CUS0106,PRD061,1,60.41,0.1,54.37,31.04,23.33,Store
SAL02687,2022-07-26,STR05,CUS0128,PRD042,1,213.13,0.2,170.5,102.36,68.14,Store
SAL02688,2024-10-10,STR10,CUS0058,PRD045,2,74.57,0.0,149.14,68.76,80.38,App
SAL02689,2024-11-04,STR07,CUS0063,PRD059,1,494.95,0.0,494.95,285.33,209.62,App
SAL02690,2025-01-31,STR05,CUS0229,PRD074,2,778.55,0.05,1479.24,752.24,727.0,Online
SAL02691,2024-03-17,STR07,CUS0222,PRD059,4,494.95,0.15,1682.83,1141.32,541.51,Online
SAL02692,2022-07-27,STR10,CUS0042,PRD008,2,439.89,0.0,879.78,513.14,366.64,App
SAL02693,2025-06-18,STR03,CUS0187,PRD025,1,395.29,0.05,375.53,254.79,120.74,Online
SAL02694,2025-07-21,STR10,CUS0176,PRD017,2,86.4,0.15,146.88,94.7,52.18,App
SAL02695,2024-05-13,STR02,CUS0108,PRD079,1,665.32,0.05,632.05,338.88,293.17,Online
SAL02696,2024-11-08,STR01,CUS0255,PRD075,1,453.11,0.1,407.8,269.73,138.07,Online
SAL02697,2024-10-27,STR06,CUS0230,PRD054,2,167.08,0.1,300.74,161.92,138.82,Store
SAL02698,2022-12-23,STR11,CUS0192,PRD004,3,277.55,0.05,791.02,393.57,397.45,App
SAL02699,2025-05-18,STR08,CUS0213,PRD028,1,167.14,0.0,167.14,81.77,85.37,App
SAL02700,2023-09-16,STR08,CUS0143,PRD039,4,267.3,0.05,1015.74,705.0,310.74,Online
SAL02701,2025-02-05,STR01,CUS0140,PRD015,2,339.66,0.0,679.32,367.3,312.02,Online
SAL02702,2023-02-06,STR03,CUS0029,PRD060,1,118.37,0.0,118.37,77.73,40.64,App
SAL02703,2022-07-11,STR06,CUS0044,PRD003,2,460.37,0.0,920.74,469.52,451.22,Online
SAL02704,2023-03-18,STR01,CUS0145,PRD033,1,82.66,0.15,70.26,57.52,12.74,App
SAL02705,2023-04-13,STR06,CUS0276,PRD080,4,390.71,0.05,1484.7,714.76,769.94,Online
SAL02706,2024-09-12,STR07,CUS0190,PRD017,1,86.4,0.15,73.44,47.35,26.09,Store
SAL02707,2023-08-18,STR05,CUS0133,PRD063,1,447.14,0.15,380.07,313.98,66.09,App
SAL02708,2023-07-17,STR06,CUS0183,PRD035,3,285.91,0.15,729.07,442.17,286.9,Online
SAL02709,2023-06-05,STR11,CUS0200,PRD061,1,60.41,0.05,57.39,31.04,26.35,Store
SAL02710,2023-07-06,STR12,CUS0174,PRD031,1,607.09,0.0,607.09,311.8,295.29,Store
SAL02711,2024-10-04,STR01,CUS0171,PRD001,1,769.25,0.1,692.33,373.76,318.57,Online
SAL02712,2023-06-19,STR11,CUS0006,PRD028,1,167.14,0.05,158.78,81.77,77.01,Store
SAL02713,2025-07-04,STR03,CUS0241,PRD061,2,60.41,0.1,108.74,62.08,46.66,App
SAL02714,2023-04-13,STR07,CUS0244,PRD019,1,404.77,0.1,364.29,279.33,84.96,Online
SAL02715,2024-11-30,STR08,CUS0285,PRD065,2,361.03,0.0,722.06,513.04,209.02,App
SAL02716,2025-07-12,STR05,CUS0298,PRD072,4,499.84,0.2,1599.49,1201.6,397.89,Store
SAL02717,2024-10-11,STR01,CUS0207,PRD055,1,402.22,0.0,402.22,211.32,190.9,Online
SAL02718,2022-01-26,STR01,CUS0277,PRD055,2,402.22,0.2,643.55,422.64,220.91,App
SAL02719,2024-07-20,STR07,CUS0238,PRD024,1,582.46,0.15,495.09,336.53,158.56,Online
SAL02720,2022-10-03,STR03,CUS0277,PRD034,2,539.68,0.15,917.46,583.58,333.88,App
SAL02721,2024-08-05,STR12,CUS0101,PRD037,2,72.87,0.0,145.74,98.58,47.16,Store
SAL02722,2023-01-25,STR10,CUS0247,PRD008,3,439.89,0.2,1055.74,769.71,286.03,Online
SAL02723,2023-05-09,STR06,CUS0222,PRD014,1,469.29,0.0,469.29,320.0,149.29,Online
SAL02724,2023-03-02,STR11,CUS0240,PRD064,3,508.25,0.1,1372.28,877.5,494.78,Online
SAL02725,2024-11-11,STR08,CUS0143,PRD018,1,703.6,0.0,703.6,337.92,365.68,Online
SAL02726,2023-03-07,STR02,CUS0289,PRD037,4,72.87,0.1,262.33,197.16,65.17,Store
SAL02727,2024-01-11,STR11,CUS0099,PRD050,1,289.93,0.05,275.43,202.54,72.89,App
SAL02728,2022-09-21,STR11,CUS0012,PRD043,1,108.59,0.05,103.16,54.96,48.2,Store
SAL02729,2022-10-12,STR06,CUS0091,PRD044,6,125.25,0.0,751.5,343.14,408.36,Store
SAL02730,2023-10-27,STR06,CUS0038,PRD050,1,289.93,0.05,275.43,202.54,72.89,App
SAL02731,2025-02-06,STR01,CUS0272,PRD061,1,60.41,0.05,57.39,31.04,26.35,App
SAL02732,2022-05-22,STR04,CUS0073,PRD066,1,180.08,0.0,180.08,124.07,56.01,Online
SAL02733,2022-11-18,STR09,CUS0011,PRD006,1,365.95,0.0,365.95,206.75,159.2,Store
SAL02734,2023-03-07,STR12,CUS0158,PRD028,1,167.14,0.1,150.43,81.77,68.66,Store
SAL02735,2023-09-27,STR08,CUS0107,PRD019,1,404.77,0.0,404.77,279.33,125.44,Store
SAL02736,2024-08-11,STR10,CUS0222,PRD023,3,336.46,0.2,807.5,674.16,133.34,App
SAL02737,2023-09-14,STR10,CUS0143,PRD023,2,336.46,0.0,672.92,449.44,223.48,Store
SAL02738,2025-07-07,STR02,CUS0002,PRD071,2,618.33,0.15,1051.16,665.4,385.76,Online
SAL02739,2022-03-02,STR10,CUS0181,PRD074,-1,778.55,0.1,1401.39,752.24,649.15,Store
SAL02740,2024-05-21,STR10,CUS0090,PRD016,1,565.24,0.2,452.19,261.92,190.27,Online
SAL02741,2024-06-28,STR01,CUS0135,PRD054,1,167.08,0.0,167.08,80.96,86.12,Store
SAL02742,2025-04-16,STR03,CUS0278,PRD014,2,469.29,0.1,844.72,640.0,204.72,Online
SAL02743,2023-10-06,STR05,CUS0049,PRD077,2,517.67,0.05,983.57,612.16,371.41,Online
SAL02744,2023-01-06,STR02,CUS0179,PRD076,1,841.57,0.0,841.57,383.22,458.35,App
SAL02745,2024-03-13,STR04,CUS0015,PRD019,2,404.77,0.2,647.63,558.66,88.97,Store
SAL02746,2023-05-11,STR06,CUS0031,PRD073,1,252.83,0.1,227.55,167.82,59.73,Online
SAL02747,2022-05-15,STR11,CUS0222,PRD056,2,434.96,0.1,782.93,522.28,260.65,Online
SAL02748,2024-04-25,STR10,CUS0112,PRD020,1,144.97,0.0,144.97,76.2,68.77,Store
SAL02749,2022-12-31,STR12,CUS0107,PRD072,1,499.84,0.05,474.85,300.4,174.45,Online
SAL02750,2023-05-04,STR09,CUS0082,PRD037,2,72.87,0.1,131.17,98.58,32.59,Online
SAL02751,2025-05-06,STR08,CUS0125,PRD050,3,289.93,0.15,739.32,607.62,131.7,Online
SAL02752,2022-05-27,STR11,CUS0157,PRD031,3,607.09,0.1,1639.14,935.4,703.74,App
SAL02753,2022-06-27,STR12,CUS0028,PRD042,3,213.13,0.0,639.39,307.08,332.31,Store
SAL02754,2024-09-18,STR08,CUS0230,PRD023,2,336.46,0.2,538.34,449.44,88.9,Store
SAL02755,2023-03-06,STR10,CUS0233,PRD011,1,450.62,0.0,450.62,205.91,244.71,Store
SAL02756,2024-10-21,STR06,CUS0082,PRD052,1,660.22,0.0,660.22,393.19,267.03,Online
SAL02757,2023-07-02,STR03,CUS0102,PRD046,2,533.74,0.05,1014.11,698.5,315.61,Online
SAL02758,2022-07-20,STR05,CUS0075,PRD080,1,390.71,0.2,312.57,178.69,133.88,App
SAL02759,2022-07-18,STR04,CUS0262,PRD040,3,107.82,0.15,274.94,170.43,104.51,Online
SAL02760,2023-01-31,STR09,CUS0203,PRD019,1,404.77,0.15,344.05,279.33,64.72,Online
SAL02761,2022-09-22,STR12,CUS0124,PRD063,1,447.14,0.1,402.43,313.98,88.45,App
SAL02762,2022-04-27,STR05,CUS0292,PRD068,2,193.87,0.2,310.19,272.68,37.51,App
SAL02763,2022-11-21,STR09,CUS0088,PRD011,2,450.62,0.05,856.18,411.82,444.36,Online
SAL02764,2024-01-28,STR08,CUS0260,PRD022,3,447.25,0.05,1274.66,947.04,327.62,Online
SAL02765,2024-10-05,STR07,CUS0276,PRD064,3,508.25,0.1,1372.28,877.5,494.78,Store
SAL02766,2022-12-11,STR01,CUS0151,PRD007,2,297.96,0.05,566.12,347.56,218.56,Online
SAL02767,2023-12-04,STR10,CUS0194,PRD022,2,447.25,0.2,715.6,631.36,84.24,Online
SAL02768,2023-01-21,STR12,CUS0094,PRD041,3,500.06,0.0,1500.18,744.27,755.91,Store
SAL02769,2022-01-29,STR04,CUS0249,PRD041,2,500.06,0.0,1000.12,496.18,503.94,App
SAL02770,2024-10-17,STR03,CUS0026,PRD066,1,180.08,0.0,180.08,124.07,56.01,Online
SAL02771,2022-03-31,STR02,CUS0136,PRD003,3,460.37,0.15,1173.94,704.28,469.66,Store
SAL02772,2024-11-04,STR10,CUS0053,PRD059,3,494.95,0.0,1484.85,855.99,628.86,Store
SAL02773,2024-07-29,STR04,CUS0144,PRD077,1,517.67,0.2,414.14,306.08,108.06,App
SAL02774,2023-02-20,STR01,CUS0234,PRD032,3,570.78,0.0,1712.34,979.59,732.75,Online
SAL02775,2025-02-02,STR09,CUS0225,PRD047,3,470.23,0.0,1410.69,900.6,510.09,Online
SAL02776,2025-04-11,STR04,CUS0203,PRD080,2,390.71,0.2,625.14,357.38,267.76,Online
SAL02777,2023-08-13,STR02,CUS0016,PRD041,1,500.06,0.1,450.05,248.09,201.96,Store
SAL02778,2025-03-15,STR02,CUS0108,PRD048,2,65.44,0.15,111.25,91.8,19.45,Store
SAL02779,2022-09-01,STR12,CUS0059,PRD004,4,277.55,0.0,1110.2,524.76,585.44,App
SAL02780,2023-09-12,STR07,CUS0190,PRD039,1,267.3,0.05,253.94,176.25,77.69,Store
SAL02781,2023-09-02,STR08,CUS0113,PRD012,1,580.87,0.0,580.87,387.01,193.86,App
SAL02782,2023-03-17,STR11,CUS0034,PRD006,1,365.95,0.15,311.06,206.75,104.31,Online
SAL02783,2024-06-14,STR04,CUS0291,PRD036,2,638.05,0.0,1276.1,630.48,645.62,Online
SAL02784,2024-07-19,STR01,CUS0213,PRD047,1,470.23,0.2,376.18,300.2,75.98,Online
SAL02785,2022-12-04,STR03,CUS0004,PRD030,1,396.17,0.0,396.17,240.04,156.13,App
SAL02786,2024-09-15,STR08,CUS0110,PRD057,1,52.44,0.0,52.44,36.78,15.66,Store
SAL02787,2022-01-31,STR11,CUS0247,PRD077,5,517.67,0.15,2200.1,1530.4,669.7,Store
SAL02788,2022-06-07,STR02,CUS0003,PRD011,1,450.62,0.15,383.03,205.91,177.12,Online
SAL02789,2023-06-28,STR07,CUS0088,PRD073,4,252.83,0.0,1011.32,671.28,340.04,Store
SAL02790,2023-06-08,STR03,CUS0081,PRD071,2,618.33,0.15,1051.16,665.4,385.76,App
SAL02791,2023-10-05,STR01,CUS0008,PRD034,1,539.68,0.05,512.7,291.79,220.91,Store
SAL02792,2022-03-05,STR07,CUS0269,PRD027,1,167.97,0.0,167.97,84.52,83.45,Online
SAL02793,2023-11-30,STR07,CUS0219,PRD076,3,841.57,0.0,2524.71,1149.66,1375.05,Store
SAL02794,2025-04-21,STR05,CUS0044,PRD041,3,500.06,0.0,1500.18,744.27,755.91,Online
SAL02795,2023-11-09,STR05,CUS0022,PRD070,1,326.09,0.2,260.87,220.82,40.05,Online
SAL02796,2022-01-22,STR09,CUS0033,PRD011,1,450.62,0.15,383.03,205.91,177.12,Store
SAL02797,2023-08-01,STR06,CUS0156,PRD005,2,245.1,0.0,490.2,348.98,141.22,Store
SAL02798,2022-02-12,STR02,CUS0125,PRD041,3,500.06,0.15,1275.15,744.27,530.88,Store
SAL02799,2023-10-29,STR10,CUS0168,PRD074,2,778.55,0.2,1245.68,752.24,493.44,App
SAL02800,2024-11-21,STR03,CUS0030,PRD053,1,139.83,0.05,132.84,79.48,53.36,Online
SAL02801,2024-11-10,STR12,CUS0098,PRD077,1,517.67,0.2,414.14,306.08,108.06,Online
SAL02802,2023-10-13,STR10,CUS0249,PRD064,2,508.25,0.05,965.67,585.0,380.67,Online
SAL02803,2024-01-30,STR05,CUS0168,PRD007,1,297.96,0.1,268.16,173.78,94.38,Online
SAL02804,2024-04-18,STR06,CUS0077,PRD049,1,535.39,0.05,508.62,243.87,264.75,Online
SAL02805,2024-08-28,STR03,CUS0140,PRD002,1,528.99,0.0,528.99,347.39,181.6,Online
SAL02806,2024-01-18,STR01,CUS0134,PRD052,1,660.22,0.05,627.21,393.19,234.02,App
SAL02807,2025-07-11,STR07,CUS0257,PRD034,1,539.68,0.2,431.74,291.79,139.95,Store
SAL02808,2024-10-28,STR05,CUS0173,PRD063,1,447.14,0.0,447.14,313.98,133.16,App
SAL02809,2023-12-04,STR08,CUS0082,PRD067,2,338.84,0.2,542.14,382.56,159.58,Online
SAL02810,2024-11-21,STR05,CUS0060,PRD014,2,469.29,0.1,844.72,640.0,204.72,App
SAL02811,2025-01-23,STR01,CUS0196,PRD013,1,332.19,0.0,332.19,151.83,180.36,App
SAL02812,2022-04-26,STR10,CUS0039,PRD003,3,460.37,0.05,1312.05,704.28,607.77,App
SAL02813,2025-05-04,STR08,CUS0182,PRD043,1,108.59,0.0,108.59,54.96,53.63,App
SAL02814,2024-03-17,STR08,CUS0206,PRD022,1,447.25,0.15,380.16,315.68,64.48,App
SAL02815,2025-08-05,STR01,CUS0167,PRD049,2,535.39,0.0,1070.78,487.74,583.04,Online
SAL02816,2024-09-21,STR05,CUS0047,PRD038,3,588.04,0.0,1764.12,1149.54,614.58,App
SAL02817,2024-10-11,STR03,CUS0134,PRD018,1,703.6,0.15,598.06,337.92,260.14,Online
SAL02818,2023-07-24,STR09,CUS0010,PRD064,1,508.25,0.1,457.43,292.5,164.93,Store
SAL02819,2023-01-02,STR02,CUS0023,PRD045,1,74.57,0.0,74.57,34.38,40.19,Store
SAL02820,2023-08-20,STR11,CUS0225,PRD030,1,396.17,0.1,356.55,240.04,116.51,App
SAL02821,2025-03-10,STR07,CUS0091,PRD054,1,167.08,0.1,150.37,80.96,69.41,Online
SAL02822,2024-09-03,STR01,CUS0228,PRD080,1,390.71,0.0,390.71,178.69,212.02,Store
SAL02823,2024-05-09,STR07,CUS0033,PRD033,1,82.66,0.15,70.26,57.52,12.74,App
SAL02824,2022-04-07,STR05,CUS0060,PRD065,3,361.03,0.0,1083.09,769.56,313.53,Store
SAL02825,2024-05-06,STR11,CUS0196,PRD057,1,52.44,0.1,47.2,36.78,10.42,Store
SAL02826,2023-03-26,STR01,CUS0006,PRD057,2,52.44,0.05,99.64,73.56,26.08,App
SAL02827,2023-11-29,STR04,CUS0136,PRD010,1,307.16,0.05,291.8,163.43,128.37,Online
SAL02828,2024-07-04,STR03,CUS0242,PRD074,1,778.55,0.15,661.77,376.12,285.65,Store
SAL02829,2024-12-20,STR07,CUS0240,PRD077,3,517.67,0.05,1475.36,918.24,557.12,App
SAL02830,2023-07-26,STR06,CUS0025,PRD014,2,469.29,0.0,938.58,640.0,298.58,Store
SAL02831,2022-01-29,STR06,CUS0043,PRD059,1,494.95,0.0,494.95,285.33,209.62,Store
SAL02832,2024-01-30,STR01,CUS0222,PRD064,1,508.25,0.0,508.25,292.5,215.75,App
SAL02833,2022-01-09,STR02,CUS0179,PRD059,1,494.95,0.15,420.71,285.33,135.38,App
SAL02834,2024-12-30,STR01,CUS0004,PRD069,1,393.75,0.05,374.06,211.23,162.83,Online
SAL02835,2022-01-25,STR03,CUS0129,PRD071,1,618.33,0.1,556.5,332.7,223.8,Online
SAL02836,2022-10-25,STR08,CUS0186,PRD048,3,65.44,0.05,186.5,137.7,48.8,Store
SAL02837,2023-07-19,STR08,CUS0220,PRD068,1,193.87,0.05,184.18,136.34,47.84,Store
SAL02838,2022-12-09,STR08,CUS0220,PRD056,1,434.96,0.0,434.96,261.14,173.82,App
SAL02839,2022-10-22,STR03,CUS0082,PRD012,2,580.87,0.1,1045.57,774.02,271.55,Store
SAL02840,2024-06-10,STR05,CUS0061,PRD039,2,267.3,0.0,534.6,352.5,182.1,Store
SAL02841,2023-03-08,STR02,CUS0078,PRD076,1,841.57,0.0,841.57,383.22,458.35,Store
SAL02842,2023-08-29,STR12,CUS0091,PRD058,3,428.07,0.0,1284.21,854.4,429.81,App
SAL02843,2024-05-29,STR04,CUS0274,PRD063,1,447.14,0.0,447.14,313.98,133.16,Online
SAL02844,2024-10-14,STR12,CUS0144,PRD060,2,118.37,0.0,236.74,155.46,81.28,App
SAL02845,2024-01-30,STR03,CUS0053,PRD074,3,778.55,0.15,1985.3,1128.36,856.94,Store
SAL02846,2023-04-14,STR05,CUS0300,PRD045,3,74.57,0.2,178.97,103.14,75.83,Online
SAL02847,2025-03-09,STR10,CUS0201,PRD060,2,118.37,0.15,201.23,155.46,45.77,App
SAL02848,2025-02-20,STR02,CUS0015,PRD070,2,326.09,0.0,652.18,441.64,210.54,App
SAL02849,2022-07-21,STR07,CUS0176,PRD022,3,447.25,0.2,1073.4,947.04,126.36,Store
SAL02850,2024-10-18,STR04,CUS0273,PRD008,1,439.89,0.05,417.9,256.57,161.33,Store
SAL02851,2022-09-30,STR09,CUS0287,PRD002,1,528.99,0.0,528.99,347.39,181.6,Store
SAL02852,2022-08-29,STR11,CUS0252,PRD046,2,533.74,0.0,1067.48,698.5,368.98,Store
SAL02853,2022-02-04,STR12,CUS0087,PRD052,1,660.22,0.0,660.22,393.19,267.03,App
SAL02854,2024-03-06,STR08,CUS0124,PRD051,1,428.0,0.0,428.0,224.16,203.84,Store
SAL02855,2025-01-21,STR10,CUS0173,PRD048,3,65.44,0.0,196.32,137.7,58.62,App
SAL02856,2024-10-27,STR02,CUS0163,PRD014,1,469.29,0.05,445.83,320.0,125.83,Online
SAL02857,2023-12-15,STR07,CUS0040,PRD049,2,535.39,0.15,910.16,487.74,422.42,Online
SAL02858,2025-06-16,STR07,CUS0294,PRD020,1,144.97,0.2,115.98,76.2,39.78,Online
SAL02859,2023-03-09,STR12,CUS0204,PRD070,2,326.09,0.0,652.18,441.64,210.54,Online
SAL02860,2023-02-21,STR06,CUS0068,PRD007,1,297.96,0.0,297.96,173.78,124.18,Online
SAL02861,2022-11-01,STR04,CUS0250,PRD066,1,180.08,0.0,180.08,124.07,56.01,Store
SAL02862,2022-10-04,STR03,CUS0076,PRD080,2,390.71,0.0,781.42,357.38,424.04,Online
SAL02863,2023-02-05,STR09,CUS0024,PRD047,1,470.23,0.0,470.23,300.2,170.03,Online
SAL02864,2023-07-15,STR01,CUS0138,PRD079,2,665.32,0.1,1197.58,677.76,519.82,Online
SAL02865,2022-12-25,STR04,CUS0238,PRD072,1,499.84,0.2,399.87,300.4,99.47,App
SAL02866,2025-05-22,STR02,CUS0255,PRD072,2,499.84,0.2,799.74,600.8,198.94,App
SAL02867,2022-10-15,STR02,CUS0148,PRD026,2,434.62,0.2,695.39,497.38,198.01,Store
SAL02868,2023-04-15,STR07,CUS0003,PRD007,2,297.96,0.05,566.12,347.56,218.56,Online
SAL02869,2022-07-01,STR09,CUS0150,PRD070,1,326.09,0.0,326.09,220.82,105.27,Store
SAL02870,2025-04-03,STR01,CUS0119,PRD073,1,252.83,0.2,202.26,167.82,34.44,Store
SAL02871,2023-08-05,STR01,CUS0221,PRD036,1,638.05,0.0,638.05,315.24,322.81,App
SAL02872,2025-01-07,STR01,CUS0213,PRD041,1,500.06,0.15,425.05,248.09,176.96,App
SAL02873,2023-05-11,STR01,CUS0255,PRD078,2,149.61,0.05,284.26,145.7,138.56,Online
SAL02874,2023-08-10,STR08,CUS0126,PRD073,1,252.83,0.0,252.83,167.82,85.01,App
SAL02875,2024-09-10,STR05,CUS0146,PRD001,1,769.25,0.05,730.79,373.76,357.03,App
SAL02876,2024-09-05,STR12,CUS0162,PRD007,2,297.96,0.1,536.33,347.56,188.77,Store
SAL02877,2023-05-18,STR08,CUS0135,PRD008,1,439.89,0.0,439.89,256.57,183.32,Store
SAL02878,2023-08-14,STR10,CUS0272,PRD063,1,447.14,0.0,447.14,313.98,133.16,Store
SAL02879,2023-06-12,STR05,CUS0218,PRD059,1,494.95,0.0,494.95,285.33,209.62,Store
SAL02880,2022-09-29,STR11,CUS0003,PRD025,1,395.29,0.2,316.23,254.79,61.44,Store
SAL02881,2023-05-19,STR02,CUS0026,PRD042,1,213.13,0.1,191.82,102.36,89.46,App
SAL02882,2024-12-12,STR06,CUS0252,PRD042,1,213.13,0.0,213.13,102.36,110.77,Online
SAL02883,2022-05-03,STR09,CUS0278,PRD027,1,167.97,0.2,134.38,84.52,49.86,Store
SAL02884,2022-08-20,STR03,CUS0145,PRD070,1,326.09,0.05,309.79,220.82,88.97,Online
SAL02885,2025-04-22,STR03,CUS0196,PRD004,2,277.55,0.1,499.59,262.38,237.21,Store
SAL02886,2024-08-15,STR01,CUS0167,PRD065,1,361.03,0.05,342.98,256.52,86.46,Store
SAL02887,2022-06-10,STR04,CUS0162,PRD045,1,74.57,0.0,74.57,34.38,40.19,Store
SAL02888,2024-09-27,STR09,CUS0072,PRD048,2,65.44,0.0,130.88,91.8,39.08,Store
SAL02889,2022-06-09,STR01,CUS0190,PRD041,4,500.06,0.0,2000.24,992.36,1007.88,Store
SAL02890,2023-10-09,STR05,CUS0081,PRD043,1,108.59,0.05,103.16,54.96,48.2,Store
SAL02891,2024-03-10,STR09,CUS0225,PRD012,1,580.87,0.1,522.78,387.01,135.77,Online
SAL02892,2024-09-18,STR12,CUS0007,PRD045,2,74.57,0.0,149.14,68.76,80.38,Store
SAL02893,2023-02-23,STR09,CUS0062,PRD027,3,167.97,0.15,428.32,253.56,174.76,Online
SAL02894,2022-09-10,STR01,CUS0263,PRD012,2,580.87,0.0,1161.74,774.02,387.72,App
SAL02895,2025-07-26,STR02,CUS0149,PRD012,2,580.87,0.0,1161.74,774.02,387.72,Store
SAL02896,2024-11-23,STR05,CUS0253,PRD001,2,769.25,0.15,1307.72,747.52,560.2,Store
SAL02897,2023-04-21,STR02,CUS0192,PRD036,2,638.05,0.0,1276.1,630.48,645.62,Online
SAL02898,2022-12-04,STR04,CUS0109,PRD075,1,453.11,0.2,362.49,269.73,92.76,Store
SAL02899,2022-05-29,STR12,CUS0209,PRD061,2,60.41,0.1,108.74,62.08,46.66,Store
SAL02900,2023-08-28,STR10,CUS0288,PRD049,3,535.39,0.1,1445.55,731.61,713.94,Online
SAL02901,2022-01-10,STR09,CUS0116,PRD058,1,428.07,0.05,406.67,284.8,121.87,App
SAL02902,2024-11-28,STR10,CUS0022,PRD026,1,434.62,0.0,434.62,248.69,185.93,App
SAL02903,2023-06-14,STR04,CUS0092,PRD048,2,65.44,0.1,117.79,91.8,25.99,Store
SAL02904,2025-02-07,STR06,CUS0027,PRD049,1,535.39,0.05,508.62,243.87,264.75,Store
SAL02905,2023-04-14,STR08,CUS0024,PRD053,1,139.83,0.0,139.83,79.48,60.35,Store
SAL02906,2025-06-04,STR04,CUS0064,PRD039,3,267.3,0.05,761.81,528.75,233.06,Store
SAL02907,2025-01-10,STR10,CUS0153,PRD079,1,665.32,0.0,665.32,338.88,326.44,Store
SAL02908,2023-07-28,STR02,CUS0275,PRD041,3,500.06,0.1,1350.16,744.27,605.89,Store
SAL02909,2025-01-25,STR10,CUS0200,PRD056,4,434.96,0.0,1739.84,1044.56,695.28,Store
SAL02910,2023-02-02,STR04,CUS0153,PRD056,1,434.96,0.05,413.21,261.14,152.07,Online
SAL02911,2025-08-14,STR11,CUS0044,PRD025,2,395.29,0.0,790.58,509.58,281.0,App
SAL02912,2022-04-22,STR06,CUS0144,PRD041,1,500.06,0.05,475.06,248.09,226.97,App
SAL02913,2024-04-30,STR01,CUS0189,PRD016,1,565.24,0.2,452.19,261.92,190.27,App
SAL02914,2023-05-31,STR02,CUS0164,PRD075,1,453.11,0.0,453.11,269.73,183.38,Online
SAL02915,2023-09-16,STR09,CUS0056,PRD030,2,396.17,0.05,752.72,480.08,272.64,App
SAL02916,2025-06-11,STR08,CUS0297,PRD071,2,618.33,0.05,1174.83,665.4,509.43,Store
SAL02917,2022-12-30,STR03,CUS0024,PRD031,1,607.09,0.0,607.09,311.8,295.29,Store
SAL02918,2024-05-05,STR04,CUS0080,PRD036,1,638.05,0.0,638.05,315.24,322.81,Store
SAL02919,2023-03-04,STR11,CUS0269,PRD067,1,338.84,0.2,271.07,191.28,79.79,Store
SAL02920,2022-07-06,STR07,CUS0292,PRD014,1,469.29,0.0,469.29,320.0,149.29,Store
SAL02921,2022-11-26,STR10,CUS0014,PRD042,3,213.13,0.15,543.48,307.08,236.4,App
SAL02922,2024-01-17,STR01,CUS0254,PRD020,1,144.97,0.0,144.97,76.2,68.77,Store
SAL02923,2022-06-19,STR04,CUS0159,PRD004,1,277.55,0.2,222.04,131.19,90.85,App
SAL02924,2022-07-25,STR07,CUS0195,PRD056,1,434.96,0.1,391.46,261.14,130.32,Online
SAL02925,2024-07-07,STR08,CUS0021,PRD060,2,118.37,0.15,201.23,155.46,45.77,Store
SAL02926,2024-10-04,STR12,CUS0022,PRD050,1,289.93,0.0,289.93,202.54,87.39,Online
SAL02927,2022-03-22,STR12,CUS0245,PRD041,1,500.06,0.1,450.05,248.09,201.96,App
SAL02928,2024-11-26,STR04,CUS0219,PRD054,4,167.08,0.05,634.9,323.84,311.06,App
SAL02929,2025-02-19,STR04,CUS0183,PRD004,2,277.55,0.05,527.35,262.38,264.97,Store
SAL02930,2024-05-23,STR09,CUS0030,PRD068,1,193.87,0.2,155.1,136.34,18.76,App
SAL02931,2023-05-07,STR04,CUS0104,PRD019,3,404.77,0.2,971.45,837.99,133.46,Store
SAL02932,2023-07-03,STR01,CUS0236,PRD073,1,252.83,0.0,252.83,167.82,85.01,App
SAL02933,2022-07-28,STR03,CUS0278,PRD075,4,453.11,0.0,1812.44,1078.92,733.52,Online
SAL02934,2022-08-16,STR11,CUS0026,PRD064,1,508.25,0.15,432.01,292.5,139.51,Online
SAL02935,2025-05-22,STR09,CUS0051,PRD047,1,470.23,0.15,399.7,300.2,99.5,Online
SAL02936,2025-06-30,STR01,CUS0054,PRD018,1,703.6,0.1,633.24,337.92,295.32,App
SAL02937,2024-09-07,STR07,CUS0097,PRD053,1,139.83,0.05,132.84,79.48,53.36,App
SAL02938,2024-12-07,STR11,CUS0259,PRD023,1,336.46,0.15,285.99,224.72,61.27,Store
SAL02939,2022-08-29,STR10,CUS0279,PRD055,4,402.22,0.05,1528.44,845.28,683.16,Store
SAL02940,2025-03-08,STR07,CUS0194,PRD002,1,528.99,0.2,423.19,347.39,75.8,App
SAL02941,2022-05-25,STR03,CUS0033,PRD068,1,193.87,0.05,184.18,136.34,47.84,App
SAL02942,2022-08-03,STR12,CUS0160,PRD007,2,297.96,0.2,476.74,347.56,129.18,Store
SAL02943,2023-10-20,STR09,CUS0088,PRD048,2,65.44,0.15,111.25,91.8,19.45,Online
SAL02944,2023-02-09,STR09,CUS0166,PRD049,1,535.39,0.0,535.39,243.87,291.52,Online
SAL02945,2024-04-06,STR11,CUS0039,PRD070,3,326.09,0.05,929.36,662.46,266.9,App
SAL02946,2025-04-16,STR11,CUS0081,PRD018,2,703.6,0.0,1407.2,675.84,731.36,Store
SAL02947,2022-12-17,STR10,CUS0234,PRD079,2,665.32,0.05,1264.11,677.76,586.35,Store
SAL02948,2023-03-01,STR01,CUS0064,PRD028,1,167.14,0.1,150.43,81.77,68.66,Store
SAL02949,2024-11-01,STR05,CUS0109,PRD068,2,193.87,0.1,348.97,272.68,76.29,App
SAL02950,2023-03-15,STR06,CUS0280,PRD001,1,769.25,0.15,653.86,373.76,280.1,Online
SAL02951,2025-03-21,STR08,CUS0272,PRD033,2,82.66,0.1,148.79,115.04,33.75,App
SAL02952,2022-02-15,STR09,CUS0140,PRD006,1,365.95,0.0,365.95,206.75,159.2,Store
SAL02953,2025-02-26,STR06,CUS0214,PRD033,2,82.66,0.1,148.79,115.04,33.75,Online
SAL02954,2025-04-22,STR07,CUS0070,PRD059,1,494.95,0.0,494.95,285.33,209.62,Store
SAL02955,2022-03-03,STR02,CUS0111,PRD013,4,332.19,0.15,1129.45,607.32,522.13,App
SAL02956,2023-05-14,STR12,CUS0217,PRD004,1,277.55,0.05,263.67,131.19,132.48,App
SAL02957,2024-03-02,STR01,CUS0153,PRD054,4,167.08,0.0,668.32,323.84,344.48,App
SAL02958,2023-11-26,STR08,CUS0296,PRD078,3,149.61,0.15,381.51,218.55,162.96,App
SAL02959,2022-07-29,STR11,CUS0114,PRD039,3,267.3,0.0,801.9,528.75,273.15,App
SAL02960,2022-01-20,STR01,CUS0285,PRD064,2,508.25,0.2,813.2,585.0,228.2,App
SAL02961,2025-04-01,STR09,CUS0228,PRD028,1,167.14,0.0,167.14,81.77,85.37,App
SAL02962,2022-05-02,STR08,CUS0124,PRD043,1,108.59,0.0,108.59,54.96,53.63,Store
SAL02963,2025-07-30,STR09,CUS0270,PRD054,1,167.08,0.05,158.73,80.96,77.77,Store
SAL02964,2022-05-29,STR06,CUS0042,PRD037,1,72.87,0.2,58.3,49.29,9.01,Online
SAL02965,2023-09-21,STR11,CUS0277,PRD063,2,447.14,0.0,894.28,627.96,266.32,Store
SAL02966,2025-07-24,STR12,CUS0103,PRD057,1,52.44,0.0,52.44,36.78,15.66,Online
SAL02967,2025-02-05,STR08,CUS0062,PRD022,1,447.25,0.15,380.16,315.68,64.48,Online
SAL02968,2023-12-11,STR05,CUS0071,PRD050,1,289.93,0.05,275.43,202.54,72.89,App
SAL02969,2022-06-27,STR12,CUS0142,PRD078,1,149.61,0.0,149.61,72.85,76.76,Store
SAL02970,2024-03-08,STR08,CUS0057,PRD026,5,434.62,0.1,1955.79,1243.45,712.34,Store
SAL02971,2024-04-21,STR12,CUS0116,PRD058,1,428.07,0.2,342.46,284.8,57.66,Store
SAL02972,2023-02-16,STR07,CUS0245,PRD046,3,533.74,0.05,1521.16,1047.75,473.41,Store
SAL02973,2023-09-13,STR05,CUS0271,PRD005,1,245.1,0.2,196.08,174.49,21.59,Store
SAL02974,2025-04-08,STR05,CUS0267,PRD057,3,52.44,0.15,133.72,110.34,23.38,Online
SAL02975,2022-06-19,STR02,CUS0007,PRD033,3,82.66,0.0,247.98,172.56,75.42,Online
SAL02976,2024-05-17,STR07,CUS0151,PRD058,3,428.07,0.05,1220.0,854.4,365.6,Store
SAL02977,2023-04-29,STR09,CUS0249,PRD015,1,339.66,0.15,288.71,183.65,105.06,Online
SAL02978,2024-03-22,STR11,CUS0176,PRD055,3,402.22,0.0,1206.66,633.96,572.7,Online
SAL02979,2024-08-04,STR03,CUS0154,PRD044,1,125.25,0.0,125.25,57.19,68.06,Online
SAL02980,2023-09-24,STR07,CUS0217,PRD072,2,499.84,0.05,949.7,600.8,348.9,Store
SAL02981,2024-09-16,STR10,CUS0092,PRD079,2,665.32,0.1,1197.58,677.76,519.82,Store
SAL02982,2025-01-31,STR03,CUS0083,PRD060,2,118.37,0.15,201.23,155.46,45.77,Online
SAL02983,2022-09-17,STR01,CUS0139,PRD061,3,60.41,0.05,172.17,93.12,79.05,App
SAL02984,2022-10-17,STR06,CUS0051,PRD004,1,277.55,0.2,222.04,131.19,90.85,Online
SAL02985,2022-06-21,STR09,CUS0117,PRD014,3,469.29,0.0,1407.87,960.0,447.87,Online
SAL02986,2025-05-30,STR07,CUS0286,PRD030,1,396.17,0.15,336.74,240.04,96.7,App
SAL02987,2022-10-26,STR04,CUS0112,PRD068,1,193.87,0.1,174.48,136.34,38.14,Store
SAL02988,2022-04-19,STR11,CUS0275,PRD026,3,434.62,0.2,1043.09,746.07,297.02,App
SAL02989,2022-05-06,STR03,CUS0200,PRD068,1,193.87,0.0,193.87,136.34,57.53,Online
SAL02990,2023-06-18,STR11,CUS0217,PRD033,1,82.66,0.1,74.39,57.52,16.87,App
SAL02991,2025-03-18,STR10,CUS0096,PRD054,1,167.08,0.05,158.73,80.96,77.77,Online
SAL02992,2022-05-20,STR04,CUS0031,PRD012,2,580.87,0.0,1161.74,774.02,387.72,Online
SAL02993,2022-10-27,STR05,CUS0255,PRD048,4,65.44,0.15,222.5,183.6,38.9,App
SAL02994,2022-09-02,STR05,CUS0287,PRD007,2,297.96,0.0,595.92,347.56,248.36,Online
SAL02995,2024-05-21,STR10,CUS0157,PRD011,1,450.62,0.0,450.62,205.91,244.71,Online
SAL02996,2023-03-11,STR04,CUS0247,PRD019,3,404.77,0.15,1032.16,837.99,194.17,Online
SAL02997,2025-07-11,STR01,CUS0205,PRD001,1,769.25,0.0,769.25,373.76,395.49,App
SAL02998,2024-06-02,STR07,CUS0077,PRD010,1,307.16,0.05,291.8,163.43,128.37,Online
SAL02999,2023-11-19,STR10,CUS0019,PRD050,1,289.93,0.2,231.94,202.54,29.4,Online
SAL03000,2024-02-03,STR10,CUS0146,PRD010,2,307.16,0.2,491.46,326.86,164.6,Store
SAL03001,2025-03-14,STR01,CUS0043,PRD073,1,252.83,0.0,252.83,167.82,85.01,App
SAL03002,2024-10-01,STR07,CUS0221,PRD014,1,469.29,0.0,469.29,320.0,149.29,App
SAL03003,2022-06-24,STR05,CUS0166,PRD076,2,841.57,0.0,1683.14,766.44,916.7,Online
SAL03004,2023-07-12,STR01,CUS0020,PRD032,1,570.78,0.0,570.78,326.53,244.25,Online
SAL03005,2024-05-24,STR07,CUS0138,PRD067,2,338.84,0.0,677.68,382.56,295.12,App
SAL03006,2024-02-05,STR11,CUS0153,PRD063,1,447.14,0.15,380.07,313.98,66.09,Store
SAL03007,2025-05-20,STR03,CUS0162,PRD001,1,769.25,0.2,615.4,373.76,241.64,App
SAL03008,2022-02-15,STR11,CUS0175,PRD017,1,86.4,0.15,73.44,47.35,26.09,App
SAL03009,2025-04-12,STR08,CUS0260,PRD074,1,778.55,0.15,661.77,376.12,285.65,Store
SAL03010,2023-05-25,STR04,CUS0256,PRD008,2,439.89,0.0,879.78,513.14,366.64,Store
SAL03011,2022-03-05,STR06,CUS0204,PRD053,1,139.83,0.2,111.86,79.48,32.38,Online
SAL03012,2022-09-19,STR01,CUS0055,PRD073,2,252.83,0.15,429.81,335.64,94.17,Online
SAL03013,2022-08-29,STR11,CUS0273,PRD008,1,439.89,0.15,373.91,256.57,117.34,Online
SAL03014,2022-07-08,STR08,CUS0061,PRD009,1,337.72,0.0,337.72,227.99,109.73,Store
SAL03015,2022-02-15,STR11,CUS0001,PRD033,3,82.66,0.0,247.98,172.56,75.42,Online
SAL03016,2024-11-16,STR07,CUS0012,PRD005,1,245.1,0.0,245.1,174.49,70.61,Store
SAL03017,2022-08-03,STR07,CUS0235,PRD019,1,404.77,0.2,323.82,279.33,44.49,Online
SAL03018,2023-03-03,STR10,CUS0159,PRD032,3,570.78,0.15,1455.49,979.59,475.9,Online
SAL03019,2024-01-27,STR03,CUS0174,PRD053,1,139.83,0.05,132.84,79.48,53.36,App
SAL03020,2023-10-02,STR06,CUS0032,PRD046,1,533.74,0.0,533.74,349.25,184.49,Online
SAL03021,2023-03-31,STR11,CUS0252,PRD064,2,508.25,0.2,813.2,585.0,228.2,Online
SAL03022,2024-04-11,STR07,CUS0042,PRD011,1,450.62,0.0,450.62,205.91,244.71,Store
SAL03023,2024-12-16,STR12,CUS0192,PRD066,2,180.08,0.1,324.14,248.14,76.0,Online
SAL03024,2024-02-03,STR09,CUS0282,PRD025,3,395.29,0.15,1007.99,764.37,243.62,Online
SAL03025,2023-08-21,STR10,CUS0184,PRD044,1,125.25,0.15,106.46,57.19,49.27,App
SAL03026,2022-10-12,STR10,CUS0163,PRD064,1,508.25,0.15,432.01,292.5,139.51,Store
SAL03027,2024-04-01,STR12,CUS0134,PRD008,1,439.89,0.0,439.89,256.57,183.32,App
SAL03028,2023-12-23,STR03,CUS0166,PRD045,1,74.57,0.2,59.66,34.38,25.28,App
SAL03029,2022-06-05,STR01,CUS0117,PRD022,2,447.25,0.2,715.6,631.36,84.24,Store
SAL03030,2023-01-05,STR12,CUS0141,PRD052,1,660.22,0.0,660.22,393.19,267.03,Store
SAL03031,2024-10-12,STR10,CUS0069,PRD032,2,570.78,0.05,1084.48,653.06,431.42,Online
SAL03032,2025-05-06,STR11,CUS0151,PRD036,1,638.05,0.2,510.44,315.24,195.2,Online
SAL03033,2023-03-22,STR12,CUS0117,PRD030,1,396.17,0.0,396.17,240.04,156.13,App
SAL03034,2025-03-25,STR11,CUS0177,PRD040,1,107.82,0.05,102.43,56.81,45.62,App
SAL03035,2022-12-04,STR12,CUS0256,PRD055,1,402.22,0.15,341.89,211.32,130.57,App
SAL03036,2024-12-02,STR05,CUS0028,PRD037,1,72.87,0.2,58.3,49.29,9.01,Online
SAL03037,2023-10-07,STR05,CUS0067,PRD059,3,494.95,0.15,1262.12,855.99,406.13,App
SAL03038,2023-12-27,STR10,CUS0141,PRD051,1,428.0,0.05,406.6,224.16,182.44,Store
SAL03039,2024-05-26,STR11,CUS0109,PRD066,4,180.08,0.2,576.26,496.28,79.98,Online
SAL03040,2024-06-02,STR01,CUS0289,PRD014,1,469.29,0.05,445.83,320.0,125.83,Online
SAL03041,2023-03-29,STR01,CUS0012,PRD010,1,307.16,0.1,276.44,163.43,113.01,App
SAL03042,2023-11-18,STR05,CUS0287,PRD057,1,52.44,0.0,52.44,36.78,15.66,Store
SAL03043,2022-03-25,STR03,CUS0261,PRD079,-1,665.32,0.1,598.79,338.88,259.91,App
SAL03044,2023-04-29,STR07,CUS0034,PRD032,2,570.78,0.15,970.33,653.06,317.27,Online
SAL03045,2024-04-29,STR03,CUS0063,PRD017,2,86.4,0.1,155.52,94.7,60.82,Store
SAL03046,2025-06-29,STR09,CUS0183,PRD055,1,402.22,0.0,402.22,211.32,190.9,App
SAL03047,2022-06-16,STR03,CUS0026,PRD061,3,60.41,0.0,181.23,93.12,88.11,App
SAL03048,2022-10-28,STR01,CUS0037,PRD076,1,841.57,0.0,841.57,383.22,458.35,App
SAL03049,2023-08-28,STR10,CUS0241,PRD047,1,470.23,0.1,423.21,300.2,123.01,App
SAL03050,2022-05-27,STR09,CUS0186,PRD012,2,580.87,0.15,987.48,774.02,213.46,Online
SAL03051,2023-12-29,STR11,CUS0136,PRD030,1,396.17,0.0,396.17,240.04,156.13,Online
SAL03052,2023-01-26,STR11,CUS0060,PRD045,1,74.57,0.0,74.57,34.38,40.19,Store
SAL03053,2025-02-28,STR05,CUS0105,PRD037,1,72.87,0.0,72.87,49.29,23.58,Store
SAL03054,2023-02-10,STR09,CUS0014,PRD060,1,118.37,0.2,94.7,77.73,16.97,Store
SAL03055,2023-07-31,STR02,CUS0111,PRD054,1,167.08,0.15,142.02,80.96,61.06,Store
SAL03056,2025-07-25,STR10,CUS0169,PRD076,1,841.57,0.15,715.33,383.22,332.11,Online
SAL03057,2022-04-20,STR08,CUS0166,PRD031,1,607.09,0.1,546.38,311.8,234.58,App
SAL03058,2025-02-20,STR10,CUS0167,PRD035,1,285.91,0.0,285.91,147.39,138.52,App
SAL03059,2023-10-30,STR12,CUS0108,PRD061,1,60.41,0.15,51.35,31.04,20.31,Store
SAL03060,2023-06-10,STR03,CUS0268,PRD020,1,144.97,0.0,144.97,76.2,68.77,App
SAL03061,2025-05-29,STR03,CUS0037,PRD013,1,332.19,0.05,315.58,151.83,163.75,Online
SAL03062,2025-08-13,STR11,CUS0049,PRD020,1,144.97,0.1,130.47,76.2,54.27,Store
SAL03063,2022-09-15,STR05,CUS0132,PRD041,4,500.06,0.2,1600.19,992.36,607.83,Online
SAL03064,2025-01-15,STR10,CUS0259,PRD071,2,618.33,0.0,1236.66,665.4,571.26,Online
SAL03065,2022-10-21,STR08,CUS0027,PRD059,1,494.95,0.0,494.95,285.33,209.62,Online
SAL03066,2022-01-23,STR01,CUS0228,PRD004,3,277.55,0.1,749.39,393.57,355.82,Online
SAL03067,2024-08-27,STR03,CUS0206,PRD003,1,460.37,0.05,437.35,234.76,202.59,App
SAL03068,2023-04-13,STR08,CUS0095,PRD028,1,167.14,0.05,158.78,81.77,77.01,Store
SAL03069,2024-03-05,STR03,CUS0104,PRD033,1,82.66,0.05,78.53,57.52,21.01,Online
SAL03070,2022-07-20,STR01,CUS0079,PRD058,2,428.07,0.2,684.91,569.6,115.31,Online
SAL03071,2025-02-10,STR01,CUS0269,PRD078,3,149.61,0.0,448.83,218.55,230.28,App
SAL03072,2023-11-26,STR08,CUS0021,PRD063,2,447.14,0.1,804.85,627.96,176.89,App
SAL03073,2024-11-23,STR10,CUS0226,PRD031,1,607.09,0.1,546.38,311.8,234.58,Online
SAL03074,2023-04-25,STR03,CUS0169,PRD064,1,508.25,0.15,432.01,292.5,139.51,App
SAL03075,2022-11-01,STR04,CUS0223,PRD025,1,395.29,0.05,375.53,254.79,120.74,App
SAL03076,2025-06-06,STR05,CUS0266,PRD014,2,469.29,0.0,938.58,640.0,298.58,Online
SAL03077,2023-12-03,STR11,CUS0056,PRD035,2,285.91,0.2,457.46,294.78,162.68,App
SAL03078,2023-05-11,STR09,CUS0115,PRD070,1,326.09,0.0,326.09,220.82,105.27,Online
SAL03079,2022-05-13,STR09,CUS0079,PRD073,1,252.83,0.0,252.83,167.82,85.01,Online
SAL03080,2022-08-07,STR02,CUS0010,PRD019,1,404.77,0.05,384.53,279.33,105.2,Online
SAL03081,2024-04-18,STR10,CUS0162,PRD014,1,469.29,0.15,398.9,320.0,78.9,App
SAL03082,2024-03-28,STR08,CUS0085,PRD041,1,500.06,0.0,500.06,248.09,251.97,Online
SAL03083,2025-01-19,STR02,CUS0253,PRD070,-1,326.09,0.0,652.18,441.64,210.54,App
SAL03084,2024-09-19,STR04,CUS0115,PRD043,1,108.59,0.0,108.59,54.96,53.63,Store
SAL03085,2022-07-21,STR04,CUS0294,PRD058,1,428.07,0.0,428.07,284.8,143.27,App
SAL03086,2025-05-30,STR08,CUS0153,PRD028,3,167.14,0.0,501.42,245.31,256.11,Online
SAL03087,2024-03-16,STR12,CUS0217,PRD009,1,337.72,0.0,337.72,227.99,109.73,Online
SAL03088,2025-02-08,STR11,CUS0185,PRD049,3,535.39,0.0,1606.17,731.61,874.56,Store
SAL03089,2023-01-04,STR01,CUS0011,PRD015,1,339.66,0.2,271.73,183.65,88.08,Store
SAL03090,2025-06-21,STR09,CUS0256,PRD022,2,447.25,0.05,849.77,631.36,218.41,Online
SAL03091,2025-06-08,STR06,CUS0289,PRD079,1,665.32,0.2,532.26,338.88,193.38,App
SAL03092,2023-01-27,STR01,CUS0029,PRD060,2,118.37,0.0,236.74,155.46,81.28,Store
SAL03093,2025-04-06,STR04,CUS0167,PRD017,1,86.4,0.1,77.76,47.35,30.41,App
SAL03094,2025-07-08,STR04,CUS0216,PRD007,3,297.96,0.0,893.88,521.34,372.54,App
SAL03095,2025-03-27,STR04,CUS0170,PRD001,1,769.25,0.05,730.79,373.76,357.03,Online
SAL03096,2023-09-11,STR03,CUS0107,PRD077,1,517.67,0.15,440.02,306.08,133.94,App
SAL03097,2022-06-29,STR11,CUS0295,PRD060,4,118.37,0.0,473.48,310.92,162.56,App
SAL03098,2025-05-25,STR11,CUS0147,PRD064,1,508.25,0.2,406.6,292.5,114.1,Online
SAL03099,2022-01-01,STR07,CUS0092,PRD024,2,582.46,0.1,1048.43,673.06,375.37,App
SAL03100,2022-11-29,STR06,CUS0244,PRD079,2,665.32,0.0,1330.64,677.76,652.88,Store
SAL03101,2024-01-05,STR03,CUS0179,PRD010,1,307.16,0.15,261.09,163.43,97.66,Online
SAL03102,2023-02-16,STR08,CUS0276,PRD027,4,167.97,0.0,671.88,338.08,333.8,App
SAL03103,2025-05-05,STR06,CUS0228,PRD004,2,277.55,0.05,527.35,262.38,264.97,App
SAL03104,2024-03-21,STR05,CUS0050,PRD025,4,395.29,0.2,1264.93,1019.16,245.77,App
SAL03105,2025-06-22,STR11,CUS0129,PRD039,1,267.3,0.1,240.57,176.25,64.32,Online
SAL03106,2022-03-20,STR07,CUS0290,PRD015,1,339.66,0.15,288.71,183.65,105.06,Online
SAL03107,2023-06-27,STR11,CUS0295,PRD041,4,500.06,0.05,1900.23,992.36,907.87,Store
SAL03108,2022-07-10,STR09,CUS0104,PRD034,1,539.68,0.0,539.68,291.79,247.89,Store
SAL03109,2024-12-23,STR08,CUS0073,PRD074,1,778.55,0.05,739.62,376.12,363.5,App
SAL03110,2024-10-07,STR08,CUS0182,PRD010,1,307.16,0.2,245.73,163.43,82.3,Store
SAL03111,2024-12-02,STR06,CUS0271,PRD053,1,139.83,0.0,139.83,79.48,60.35,App
SAL03112,2025-06-11,STR06,CUS0031,PRD057,2,52.44,0.15,89.15,73.56,15.59,Store
SAL03113,2022-11-17,STR06,CUS0080,PRD070,2,326.09,0.0,652.18,441.64,210.54,App
SAL03114,2024-11-05,STR04,CUS0016,PRD016,2,565.24,0.0,1130.48,523.84,606.64,App
SAL03115,2024-05-04,STR08,CUS0223,PRD069,1,393.75,0.0,393.75,211.23,182.52,Store
SAL03116,2023-06-01,STR10,CUS0182,PRD062,1,210.83,0.0,210.83,103.07,107.76,Online
SAL03117,2022-09-13,STR07,CUS0192,PRD036,3,638.05,0.05,1818.44,945.72,872.72,Store
SAL03118,2025-01-07,STR07,CUS0209,PRD080,3,390.71,0.15,996.31,536.07,460.24,Online
SAL03119,2022-04-04,STR02,CUS0005,PRD049,3,535.39,0.15,1365.24,731.61,633.63,Online
SAL03120,2025-06-27,STR04,CUS0139,PRD007,2,297.96,0.0,595.92,347.56,248.36,Store
SAL03121,2023-01-01,STR03,CUS0001,PRD011,2,450.62,0.05,856.18,411.82,444.36,App
SAL03122,2025-03-26,STR08,CUS0176,PRD048,2,65.44,0.05,124.34,91.8,32.54,App
SAL03123,2022-06-13,STR06,CUS0237,PRD039,1,267.3,0.05,253.94,176.25,77.69,App
SAL03124,2024-09-04,STR12,CUS0186,PRD051,1,428.0,0.05,406.6,224.16,182.44,Store
SAL03125,2025-06-02,STR08,CUS0245,PRD018,1,703.6,0.0,703.6,337.92,365.68,Store
SAL03126,2022-07-20,STR01,CUS0173,PRD008,2,439.89,0.05,835.79,513.14,322.65,App
SAL03127,2023-08-10,STR12,CUS0011,PRD042,3,213.13,0.0,639.39,307.08,332.31,Store
SAL03128,2024-06-07,STR10,CUS0028,PRD032,2,570.78,0.2,913.25,653.06,260.19,Online
SAL03129,2024-10-02,STR02,CUS0096,PRD055,1,402.22,0.0,402.22,211.32,190.9,App
SAL03130,2022-01-15,STR07,CUS0012,PRD063,1,447.14,0.2,357.71,313.98,43.73,Store
SAL03131,2022-06-05,STR04,CUS0172,PRD049,1,535.39,0.2,428.31,243.87,184.44,Online
SAL03132,2023-02-16,STR06,CUS0007,PRD029,1,318.8,0.0,318.8,170.8,148.0,Online
SAL03133,2022-05-16,STR10,CUS0279,PRD022,4,447.25,0.0,1789.0,1262.72,526.28,Online
SAL03134,2024-04-10,STR11,CUS0036,PRD068,1,193.87,0.2,155.1,136.34,18.76,Online
SAL03135,2023-09-15,STR04,CUS0297,PRD020,2,144.97,0.0,289.94,152.4,137.54,App
SAL03136,2024-05-23,STR06,CUS0058,PRD049,1,535.39,0.2,428.31,243.87,184.44,Store
SAL03137,2023-01-31,STR01,CUS0058,PRD062,1,210.83,0.05,200.29,103.07,97.22,Online
SAL03138,2022-06-15,STR10,CUS0204,PRD016,1,565.24,0.0,565.24,261.92,303.32,Store
SAL03139,2024-09-09,STR01,CUS0236,PRD056,2,434.96,0.0,869.92,522.28,347.64,App
SAL03140,2023-08-24,STR02,CUS0138,PRD008,3,439.89,0.0,1319.67,769.71,549.96,Online
SAL03141,2022-04-04,STR08,CUS0241,PRD074,1,778.55,0.1,700.69,376.12,324.57,Online
SAL03142,2025-07-18,STR10,CUS0054,PRD026,2,434.62,0.1,782.32,497.38,284.94,Online
SAL03143,2025-04-18,STR01,CUS0227,PRD053,1,139.83,0.1,125.85,79.48,46.37,App
SAL03144,2023-03-28,STR09,CUS0025,PRD050,1,289.93,0.05,275.43,202.54,72.89,Online
SAL03145,2022-12-26,STR02,CUS0216,PRD079,4,665.32,0.2,2129.02,1355.52,773.5,Store
SAL03146,2025-07-30,STR04,CUS0262,PRD020,3,144.97,0.0,434.91,228.6,206.31,App
SAL03147,2023-05-20,STR09,CUS0278,PRD063,3,447.14,0.0,1341.42,941.94,399.48,App
SAL03148,2025-03-24,STR10,CUS0232,PRD061,1,60.41,0.1,54.37,31.04,23.33,App
SAL03149,2022-05-30,STR05,CUS0079,PRD065,4,361.03,0.2,1155.3,1026.08,129.22,Store
SAL03150,2023-09-09,STR10,CUS0179,PRD059,1,494.95,0.05,470.2,285.33,184.87,App
SAL03151,2024-02-13,STR11,CUS0276,,2,428.0,0.05,813.2,448.32,364.88,Store
SAL03152,2025-03-04,STR09,CUS0130,PRD058,3,428.07,0.0,1284.21,854.4,429.81,App
SAL03153,2024-07-03,STR01,CUS0007,PRD030,2,396.17,0.1,713.11,480.08,233.03,App
SAL03154,2024-11-16,STR06,CUS0034,PRD057,1,52.44,0.0,52.44,36.78,15.66,Online
SAL03155,2024-09-29,STR01,CUS0182,PRD043,1,108.59,0.0,108.59,54.96,53.63,Store
SAL03156,2022-10-24,STR08,CUS0197,PRD028,1,167.14,0.2,133.71,81.77,51.94,Store
SAL03157,2022-05-17,STR06,CUS0034,PRD012,1,580.87,0.05,551.83,387.01,164.82,Online
SAL03158,2025-08-11,STR05,CUS0034,PRD067,1,338.84,0.0,338.84,191.28,147.56,App
SAL03159,2024-03-08,STR03,CUS0274,PRD021,1,732.57,0.0,732.57,388.69,343.88,Online
SAL03160,2024-03-02,STR11,CUS0061,PRD040,1,107.82,0.0,107.82,56.81,51.01,Online
SAL03161,2023-04-25,STR06,CUS0216,PRD011,1,450.62,0.0,450.62,205.91,244.71,App
SAL03162,2025-02-23,STR11,CUS0086,PRD036,2,638.05,0.2,1020.88,630.48,390.4,Store
SAL03163,2024-05-29,STR10,CUS0192,PRD014,3,469.29,0.05,1337.48,960.0,377.48,App
SAL03164,2025-01-11,STR09,CUS0241,PRD031,1,607.09,0.0,607.09,311.8,295.29,Store
SAL03165,2025-06-27,STR06,CUS0033,PRD016,3,565.24,0.0,1695.72,785.76,909.96,App
SAL03166,2023-07-12,STR07,CUS0124,PRD010,1,307.16,0.2,245.73,163.43,82.3,App
SAL03167,2024-04-23,STR05,CUS0014,PRD003,2,460.37,0.05,874.7,469.52,405.18,App
SAL03168,2025-02-17,STR07,CUS0156,PRD007,1,297.96,0.15,253.27,173.78,79.49,Online
SAL03169,2023-01-06,STR01,CUS0135,PRD037,2,72.87,0.2,116.59,98.58,18.01,Online
SAL03170,2024-08-15,STR06,CUS0034,PRD070,1,326.09,0.0,326.09,220.82,105.27,App
SAL03171,2022-12-31,STR03,CUS0131,PRD029,1,318.8,0.05,302.86,170.8,132.06,App
SAL03172,2022-11-29,STR12,CUS0048,PRD073,2,252.83,0.15,429.81,335.64,94.17,Store
SAL03173,2023-11-03,STR07,CUS0083,PRD080,2,390.71,0.2,625.14,357.38,267.76,App
SAL03174,2023-07-09,STR01,CUS0028,PRD077,2,517.67,0.1,931.81,612.16,319.65,App
SAL03175,2025-01-10,STR11,CUS0026,PRD055,2,402.22,0.05,764.22,422.64,341.58,App
SAL03176,2025-07-23,STR05,CUS0150,PRD010,1,307.16,0.2,245.73,163.43,82.3,Store
SAL03177,2022-04-20,STR12,CUS0219,PRD055,2,402.22,0.05,764.22,422.64,341.58,Store
SAL03178,2022-05-14,STR08,CUS0245,PRD014,3,469.29,0.15,1196.69,960.0,236.69,Store
SAL03179,2024-12-01,STR03,CUS0143,PRD078,1,149.61,0.0,149.61,72.85,76.76,Online
SAL03180,2022-11-17,STR09,CUS0026,PRD061,1,60.41,0.0,60.41,31.04,29.37,Online
SAL03181,2023-10-17,STR09,CUS0177,PRD067,1,338.84,0.0,338.84,191.28,147.56,Online
SAL03182,2024-02-21,STR10,CUS0131,PRD002,1,528.99,0.15,449.64,347.39,102.25,Online
SAL03183,2024-05-29,STR12,CUS0166,PRD063,1,447.14,0.05,424.78,313.98,110.8,Store
SAL03184,2022-05-18,STR01,CUS0004,PRD037,1,72.87,0.0,72.87,49.29,23.58,Store
SAL03185,2024-10-29,STR06,CUS0043,PRD026,1,434.62,0.0,434.62,248.69,185.93,App
SAL03186,2024-07-25,STR02,CUS0212,PRD067,2,338.84,0.05,643.8,382.56,261.24,Online
SAL03187,2024-01-12,STR10,CUS0286,PRD076,2,841.57,0.05,1598.98,766.44,832.54,Store
SAL03188,2025-01-12,STR10,CUS0159,PRD020,2,144.97,0.0,289.94,152.4,137.54,App
SAL03189,2023-05-12,STR05,CUS0215,PRD060,1,118.37,0.15,100.61,77.73,22.88,Store
SAL03190,2023-11-18,STR10,CUS0139,PRD079,1,665.32,0.2,532.26,338.88,193.38,Online
SAL03191,2025-05-08,STR03,CUS0109,PRD065,1,361.03,0.0,361.03,256.52,104.51,Store
SAL03192,2023-05-21,STR01,CUS0294,PRD077,1,517.67,0.0,517.67,306.08,211.59,Store
SAL03193,2024-03-06,STR04,CUS0207,PRD018,1,703.6,0.0,703.6,337.92,365.68,Online
SAL03194,2024-02-20,STR03,CUS0069,PRD080,2,390.71,0.05,742.35,357.38,384.97,Online
SAL03195,2024-11-15,STR09,CUS0029,PRD061,1,60.41,0.0,60.41,31.04,29.37,App
SAL03196,2025-06-15,STR07,CUS0085,PRD040,1,107.82,0.1,97.04,56.81,40.23,Store
SAL03197,2024-01-31,STR12,CUS0185,PRD031,1,607.09,0.0,607.09,311.8,295.29,Online
SAL03198,2022-06-05,STR05,CUS0143,PRD026,1,434.62,0.1,391.16,248.69,142.47,Store
SAL03199,2024-10-07,STR09,CUS0124,PRD012,1,580.87,0.15,493.74,387.01,106.73,Store
SAL03200,2023-04-22,STR06,CUS0062,PRD016,1,565.24,0.15,480.45,261.92,218.53,Online
SAL03201,2024-06-08,STR10,CUS0208,PRD062,2,210.83,0.0,421.66,206.14,215.52,Store
SAL03202,2025-04-09,STR04,CUS0053,PRD048,1,65.44,0.1,58.9,45.9,13.0,App
SAL03203,2023-07-12,STR04,CUS0189,PRD047,2,470.23,0.0,940.46,600.4,340.06,Store
SAL03204,2023-06-05,STR01,CUS0186,PRD061,1,60.41,0.1,54.37,31.04,23.33,Store
SAL03205,2024-09-10,STR04,CUS0254,PRD079,1,665.32,0.0,665.32,338.88,326.44,Online
SAL03206,2023-04-05,STR06,CUS0086,PRD041,2,500.06,0.0,1000.12,496.18,503.94,App
SAL03207,2024-11-07,STR05,CUS0076,PRD029,1,318.8,0.0,318.8,170.8,148.0,Online
SAL03208,2025-01-31,STR12,CUS0050,PRD019,2,404.77,0.0,809.54,558.66,250.88,App
SAL03209,2024-01-28,STR10,CUS0248,PRD045,3,74.57,0.05,212.52,103.14,109.38,Online
SAL03210,2023-11-23,STR09,CUS0085,PRD056,3,434.96,0.0,1304.88,783.42,521.46,Online
SAL03211,2025-05-27,STR06,CUS0115,PRD026,1,434.62,0.0,434.62,248.69,185.93,Store
SAL03212,2024-12-10,STR12,CUS0133,PRD054,2,167.08,0.0,334.16,161.92,172.24,Online
SAL03213,2024-04-10,STR05,CUS0023,PRD067,1,338.84,0.2,271.07,191.28,79.79,App
SAL03214,2024-10-25,STR01,CUS0150,PRD022,1,447.25,0.05,424.89,315.68,109.21,App
SAL03215,2024-06-03,STR09,CUS0082,PRD070,5,326.09,0.05,1548.93,1104.1,444.83,Store
SAL03216,2022-02-03,STR09,CUS0178,PRD047,3,470.23,0.05,1340.16,900.6,439.56,App
SAL03217,2024-01-20,STR04,CUS0296,PRD024,3,582.46,0.2,1397.9,1009.59,388.31,App
SAL03218,2022-02-01,STR07,CUS0012,PRD058,1,428.07,0.2,342.46,284.8,57.66,Store
SAL03219,2025-06-04,STR08,CUS0260,PRD047,1,470.23,0.15,399.7,300.2,99.5,Store
SAL03220,2022-05-11,STR09,CUS0010,PRD049,1,535.39,0.0,535.39,243.87,291.52,Online
SAL03221,2025-05-02,STR03,CUS0276,PRD046,2,533.74,0.2,853.98,698.5,155.48,App
SAL03222,2024-11-26,STR03,CUS0215,PRD018,2,703.6,0.2,1125.76,675.84,449.92,Store
SAL03223,2024-08-21,STR08,CUS0210,PRD011,1,450.62,0.0,450.62,205.91,244.71,Store
SAL03224,2025-01-27,STR06,CUS0044,PRD009,3,337.72,0.0,1013.16,683.97,329.19,Store
SAL03225,2022-12-02,STR04,CUS0013,PRD058,1,428.07,0.2,342.46,284.8,57.66,Online
SAL03226,2024-12-17,STR08,CUS0147,PRD013,1,332.19,0.05,315.58,151.83,163.75,Online
SAL03227,2023-03-31,STR09,CUS0279,PRD049,3,535.39,0.15,1365.24,731.61,633.63,App
SAL03228,2025-07-11,STR12,CUS0109,PRD054,3,167.08,0.05,476.18,242.88,233.3,Store
SAL03229,2022-11-25,STR10,CUS0226,PRD031,1,607.09,0.1,546.38,311.8,234.58,App
SAL03230,2023-08-13,STR09,CUS0005,PRD061,3,60.41,0.0,181.23,93.12,88.11,App
SAL03231,2022-03-05,STR09,CUS0128,PRD043,1,108.59,0.0,108.59,54.96,53.63,App
SAL03232,2023-08-29,STR12,CUS0282,PRD075,4,453.11,0.0,1812.44,1078.92,733.52,Store
SAL03233,2025-08-03,STR11,CUS0115,PRD020,2,144.97,0.2,231.95,152.4,79.55,App
SAL03234,2022-12-14,STR08,CUS0170,PRD050,1,289.93,0.15,246.44,202.54,43.9,App
SAL03235,2024-11-15,STR11,CUS0100,PRD047,1,470.23,0.05,446.72,300.2,146.52,Online
SAL03236,2022-10-04,STR06,CUS0148,PRD035,1,285.91,0.0,285.91,147.39,138.52,Store
SAL03237,2024-10-16,STR03,CUS0197,PRD042,1,213.13,0.0,213.13,102.36,110.77,Store
SAL03238,2023-12-25,STR11,CUS0278,PRD002,1,528.99,0.0,528.99,347.39,181.6,Online
SAL03239,2023-03-02,STR11,CUS0132,PRD053,2,139.83,0.0,279.66,158.96,120.7,Store
SAL03240,2023-06-15,STR11,CUS0290,PRD076,1,841.57,0.15,715.33,383.22,332.11,Online
SAL03241,2023-04-06,STR09,CUS0108,PRD016,2,565.24,0.0,1130.48,523.84,606.64,Online
SAL03242,2024-12-14,STR11,CUS0287,PRD010,4,307.16,0.05,1167.21,653.72,513.49,Store
SAL03243,2025-01-21,STR10,CUS0292,PRD056,1,434.96,0.2,347.97,261.14,86.83,App
SAL03244,2025-02-06,STR06,CUS0135,PRD026,1,434.62,0.0,434.62,248.69,185.93,Store
SAL03245,2023-03-18,STR04,CUS0271,PRD050,1,289.93,0.1,260.94,202.54,58.4,App
SAL03246,2024-03-25,STR02,CUS0073,PRD020,4,144.97,0.05,550.89,304.8,246.09,Store
SAL03247,2024-09-05,STR12,CUS0265,PRD075,3,453.11,0.05,1291.36,809.19,482.17,Store
SAL03248,2025-01-10,STR08,CUS0095,PRD040,3,107.82,0.1,291.11,170.43,120.68,Online
SAL03249,2022-10-28,STR01,CUS0055,PRD064,2,508.25,0.0,1016.5,585.0,431.5,Online
SAL03250,2024-12-31,STR06,CUS0007,PRD025,4,395.29,0.05,1502.1,1019.16,482.94,App
SAL03251,2022-05-14,STR03,CUS0213,PRD043,3,108.59,0.0,325.77,164.88,160.89,App
SAL03252,2024-08-12,STR07,CUS0298,PRD005,2,245.1,0.1,441.18,348.98,92.2,Online
SAL03253,2024-04-25,STR04,CUS0072,PRD010,1,307.16,0.0,307.16,163.43,143.73,Store
SAL03254,2023-02-18,STR09,CUS0271,PRD071,1,618.33,0.1,556.5,332.7,223.8,App
SAL03255,2023-10-20,STR09,CUS0281,PRD001,1,769.25,0.2,615.4,373.76,241.64,App
SAL03256,2022-09-04,STR09,CUS0016,PRD050,1,289.93,0.0,289.93,202.54,87.39,Store
SAL03257,2023-05-21,STR02,CUS0236,PRD001,1,769.25,0.0,769.25,373.76,395.49,App
SAL03258,2022-12-16,STR12,CUS0105,PRD023,2,336.46,0.05,639.27,449.44,189.83,Store
SAL03259,2024-07-24,STR09,CUS0212,PRD032,2,570.78,0.0,1141.56,653.06,488.5,App
SAL03260,2023-04-09,STR11,CUS0286,PRD043,1,108.59,0.1,97.73,54.96,42.77,Online
SAL03261,2024-12-01,STR04,CUS0140,PRD034,1,539.68,0.2,431.74,291.79,139.95,Online
SAL03262,2025-03-30,STR04,CUS0058,PRD018,2,703.6,0.0,1407.2,675.84,731.36,Online
SAL03263,2024-09-24,STR07,CUS0254,PRD064,1,508.25,0.0,508.25,292.5,215.75,App
SAL03264,2025-06-22,STR12,CUS0038,PRD029,1,318.8,0.1,286.92,170.8,116.12,Store
SAL03265,2023-03-03,STR05,CUS0029,PRD065,2,361.03,0.0,722.06,513.04,209.02,App
SAL03266,2022-05-28,STR01,CUS0124,PRD039,2,267.3,0.2,427.68,352.5,75.18,App
SAL03267,2024-02-09,STR08,CUS0292,PRD061,2,60.41,0.0,120.82,62.08,58.74,Online
SAL03268,2025-04-16,STR03,CUS0134,PRD066,1,180.08,0.0,180.08,124.07,56.01,App
SAL03269,2024-07-14,STR01,CUS0285,PRD016,1,565.24,0.0,565.24,261.92,303.32,App
SAL03270,2024-01-11,STR08,CUS0143,PRD061,5,60.41,0.0,302.05,155.2,146.85,App
SAL03271,2024-09-27,STR02,CUS0117,PRD012,5,580.87,0.0,2904.35,1935.05,969.3,Store
SAL03272,2023-12-13,STR10,CUS0183,PRD050,1,289.93,0.15,246.44,202.54,43.9,Online
SAL03273,2023-06-11,STR01,CUS0199,PRD040,1,107.82,0.0,107.82,56.81,51.01,Store
SAL03274,2024-07-08,STR02,CUS0109,PRD017,1,86.4,0.0,86.4,47.35,39.05,Store
SAL03275,2022-09-20,STR02,CUS0271,PRD063,1,447.14,0.05,424.78,313.98,110.8,Store
SAL03276,2022-04-30,STR12,CUS0091,PRD040,2,107.82,0.0,215.64,113.62,102.02,Store
SAL03277,2024-03-01,STR09,CUS0162,PRD064,1,508.25,0.1,457.43,292.5,164.93,App
SAL03278,2025-03-05,STR09,CUS0041,PRD012,1,580.87,0.0,580.87,387.01,193.86,App
SAL03279,2023-06-19,STR07,CUS0013,PRD022,3,447.25,0.0,1341.75,947.04,394.71,Store
SAL03280,2022-12-15,STR07,CUS0060,PRD034,1,539.68,0.0,539.68,291.79,247.89,Store
SAL03281,2024-08-04,STR07,CUS0086,PRD059,1,494.95,0.0,494.95,285.33,209.62,App
SAL03282,2023-12-06,STR01,CUS0053,PRD073,1,252.83,0.1,227.55,167.82,59.73,Online
SAL03283,2023-06-09,STR01,CUS0050,PRD029,1,318.8,0.0,318.8,170.8,148.0,Store
SAL03284,2025-05-02,STR06,CUS0093,PRD059,2,494.95,0.0,989.9,570.66,419.24,Store
SAL03285,2022-05-17,STR03,CUS0087,PRD051,1,428.0,0.0,428.0,224.16,203.84,App
SAL03286,2025-06-17,STR04,CUS0039,PRD003,1,460.37,0.15,391.31,234.76,156.55,Online
SAL03287,2024-12-12,STR01,CUS0091,PRD005,3,245.1,0.2,588.24,523.47,64.77,App
SAL03288,2025-03-19,STR10,CUS0047,PRD072,1,499.84,0.0,499.84,300.4,199.44,Store
SAL03289,2023-01-24,STR07,CUS0142,PRD010,2,307.16,0.1,552.89,326.86,226.03,Online
SAL03290,2024-01-24,STR07,CUS0121,PRD011,1,450.62,0.0,450.62,205.91,244.71,Online
SAL03291,2022-04-19,STR08,CUS0074,PRD064,1,508.25,0.0,508.25,292.5,215.75,Store
SAL03292,2025-08-14,STR01,CUS0187,PRD037,3,72.87,0.15,185.82,147.87,37.95,App
SAL03293,2023-08-09,STR01,CUS0283,PRD074,2,778.55,0.05,1479.24,752.24,727.0,App
SAL03294,2022-02-23,STR04,CUS0180,PRD027,3,167.97,0.0,503.91,253.56,250.35,Store
SAL03295,2023-12-26,STR02,CUS0014,PRD047,3,470.23,0.05,1340.16,900.6,439.56,App
SAL03296,2024-06-01,STR03,CUS0216,PRD024,3,582.46,0.0,1747.38,1009.59,737.79,Store
SAL03297,2022-12-28,STR10,CUS0160,PRD005,2,245.1,0.0,490.2,348.98,141.22,Online
SAL03298,2023-10-16,STR04,CUS0249,PRD016,1,565.24,0.0,565.24,261.92,303.32,Online
SAL03299,2025-01-06,STR02,CUS0174,PRD010,1,307.16,0.0,307.16,163.43,143.73,Store
SAL03300,2025-07-23,STR10,CUS0016,PRD017,1,86.4,0.05,82.08,47.35,34.73,Online
SAL03301,2022-11-21,STR10,CUS0029,PRD026,1,434.62,0.2,347.7,248.69,99.01,Store
SAL03302,2022-10-26,STR08,CUS0001,PRD038,2,588.04,0.0,1176.08,766.36,409.72,Store
SAL03303,2024-05-06,STR10,CUS0174,PRD026,3,434.62,0.15,1108.28,746.07,362.21,App
SAL03304,2022-10-13,STR06,CUS0213,PRD054,3,167.08,0.0,501.24,242.88,258.36,Store
SAL03305,2022-01-17,STR04,CUS0026,PRD073,1,252.83,0.2,202.26,167.82,34.44,Online
SAL03306,2022-11-19,STR06,CUS0265,PRD029,1,318.8,0.05,302.86,170.8,132.06,Online
SAL03307,2022-01-28,STR10,CUS0114,PRD026,1,434.62,0.0,434.62,248.69,185.93,App
SAL03308,2024-03-20,STR01,CUS0259,PRD041,1,500.06,0.15,425.05,248.09,176.96,Store
SAL03309,2025-01-12,STR05,CUS0283,PRD004,2,277.55,0.0,555.1,262.38,292.72,Online
SAL03310,2023-07-03,STR08,CUS0194,PRD019,3,404.77,0.0,1214.31,837.99,376.32,Store
SAL03311,2023-12-30,STR07,CUS0159,PRD012,1,580.87,0.1,522.78,387.01,135.77,Store
SAL03312,2024-01-22,STR07,CUS0138,PRD016,1,565.24,0.0,565.24,261.92,303.32,Store
SAL03313,2023-06-30,STR10,CUS0116,PRD003,1,460.37,0.0,460.37,234.76,225.61,App
SAL03314,2025-01-25,STR09,CUS0185,PRD048,1,65.44,0.15,55.62,45.9,9.72,App
SAL03315,2024-02-07,STR12,CUS0199,PRD038,2,588.04,0.0,1176.08,766.36,409.72,App
SAL03316,2024-04-09,STR02,CUS0031,PRD021,1,732.57,0.1,659.31,388.69,270.62,Store
SAL03317,2025-03-20,STR03,CUS0011,PRD077,3,517.67,0.0,1553.01,918.24,634.77,Store
SAL03318,2025-07-18,STR07,CUS0049,PRD001,3,769.25,0.0,2307.75,1121.28,1186.47,Store
SAL03319,2024-09-14,STR09,CUS0268,PRD077,2,517.67,0.1,931.81,612.16,319.65,Store
SAL03320,2024-07-23,STR10,CUS0009,PRD052,1,660.22,0.0,660.22,393.19,267.03,Online
SAL03321,2025-07-22,STR08,CUS0017,PRD045,2,74.57,0.0,149.14,68.76,80.38,Store
SAL03322,2024-11-28,STR07,CUS0083,PRD075,3,453.11,0.2,1087.46,809.19,278.27,Online
SAL03323,2022-12-15,STR01,CUS0182,PRD061,1,60.41,0.0,60.41,31.04,29.37,Online
SAL03324,2023-05-05,STR11,CUS0201,PRD013,3,332.19,0.0,996.57,455.49,541.08,App
SAL03325,2025-04-04,STR11,CUS0264,PRD019,1,404.77,0.0,404.77,279.33,125.44,Store
SAL03326,2025-05-23,STR06,CUS0221,PRD078,4,149.61,0.05,568.52,291.4,277.12,App
SAL03327,2023-02-28,STR03,CUS0256,PRD072,3,499.84,0.0,1499.52,901.2,598.32,Store
SAL03328,2023-04-18,STR09,CUS0132,PRD001,2,769.25,0.05,1461.57,747.52,714.05,Store
SAL03329,2025-06-20,STR07,CUS0117,PRD004,1,277.55,0.2,222.04,131.19,90.85,App
SAL03330,2022-06-27,STR05,CUS0117,PRD044,1,125.25,0.05,118.99,57.19,61.8,Online
SAL03331,2025-02-10,STR05,CUS0046,PRD038,2,588.04,0.0,1176.08,766.36,409.72,Store
SAL03332,2025-07-27,STR11,CUS0059,PRD061,1,60.41,0.1,54.37,31.04,23.33,Online
SAL03333,2022-11-23,STR04,CUS0173,PRD038,3,588.04,0.0,1764.12,1149.54,614.58,Online
SAL03334,2023-12-13,STR06,CUS0298,PRD047,4,470.23,0.0,1880.92,1200.8,680.12,Store
SAL03335,2022-06-20,STR01,CUS0027,PRD072,3,499.84,0.0,1499.52,901.2,598.32,App
SAL03336,2025-07-20,STR07,CUS0010,PRD080,1,390.71,0.15,332.1,178.69,153.41,App
SAL03337,2024-11-02,STR08,CUS0157,PRD045,1,74.57,0.0,74.57,34.38,40.19,Online
SAL03338,2023-11-02,STR03,CUS0131,PRD055,1,402.22,0.2,321.78,211.32,110.46,Online
SAL03339,2023-09-21,STR04,CUS0131,PRD018,1,703.6,0.05,668.42,337.92,330.5,App
SAL03340,2023-02-19,STR10,CUS0020,PRD012,1,580.87,0.0,580.87,387.01,193.86,App
SAL03341,2024-12-03,STR05,CUS0082,PRD067,2,338.84,0.0,677.68,382.56,295.12,Store
SAL03342,2024-03-09,STR05,CUS0060,PRD067,1,338.84,0.15,288.01,191.28,96.73,Online
SAL03343,2024-08-09,STR01,CUS0227,PRD039,3,267.3,0.0,801.9,528.75,273.15,Store
SAL03344,2024-08-06,STR08,CUS0004,PRD054,2,167.08,0.0,334.16,161.92,172.24,Store
SAL03345,2024-05-02,STR07,CUS0031,PRD063,3,447.14,0.0,1341.42,941.94,399.48,Store
SAL03346,2024-01-03,STR03,CUS0186,PRD023,1,336.46,0.0,336.46,224.72,111.74,Online
SAL03347,2025-07-26,STR04,CUS0042,PRD026,2,434.62,0.0,869.24,497.38,371.86,App
SAL03348,2023-09-08,STR07,CUS0231,PRD012,2,580.87,0.0,1161.74,774.02,387.72,Store
SAL03349,2024-01-30,STR10,CUS0015,PRD070,1,326.09,0.0,326.09,220.82,105.27,Online
SAL03350,2022-03-12,STR06,CUS0252,PRD009,1,337.72,0.0,337.72,227.99,109.73,App
SAL03351,2024-03-29,STR07,CUS0050,PRD005,5,245.1,0.0,1225.5,872.45,353.05,Online
SAL03352,2023-10-20,STR06,CUS0019,PRD079,3,665.32,0.2,1596.77,1016.64,580.13,App
SAL03353,2023-07-31,STR03,CUS0284,PRD035,1,285.91,0.1,257.32,147.39,109.93,Store
SAL03354,2025-06-14,STR10,CUS0097,PRD058,1,428.07,0.0,428.07,284.8,143.27,Store
SAL03355,2022-08-15,STR10,CUS0208,PRD079,1,665.32,0.15,565.52,338.88,226.64,Store
SAL03356,2024-01-11,STR03,CUS0279,PRD004,2,277.55,0.2,444.08,262.38,181.7,App
SAL03357,2024-01-09,STR07,CUS0182,PRD055,1,402.22,0.0,402.22,211.32,190.9,Store
SAL03358,2022-03-18,STR05,CUS0196,PRD008,2,439.89,0.05,835.79,513.14,322.65,Online
SAL03359,2023-04-05,STR07,CUS0246,PRD053,1,139.83,0.0,139.83,79.48,60.35,Online
SAL03360,2025-02-20,STR07,CUS0183,PRD072,1,499.84,0.0,499.84,300.4,199.44,Online
SAL03361,2022-07-15,STR05,CUS0285,PRD007,1,297.96,0.0,297.96,173.78,124.18,Store
SAL03362,2024-06-20,STR04,CUS0157,PRD010,3,307.16,0.2,737.18,490.29,246.89,App
SAL03363,2022-03-28,STR03,CUS0290,PRD075,3,453.11,0.0,1359.33,809.19,550.14,Online
SAL03364,2024-08-08,STR10,CUS0298,PRD002,1,528.99,0.0,528.99,347.39,181.6,App
SAL03365,2024-01-24,STR01,CUS0062,PRD056,1,434.96,0.0,434.96,261.14,173.82,App
SAL03366,2025-06-06,STR02,CUS0172,PRD045,1,74.57,0.0,74.57,34.38,40.19,Store
SAL03367,2024-08-20,STR06,CUS0079,PRD068,1,193.87,0.15,164.79,136.34,28.45,Online
SAL03368,2024-08-01,STR04,CUS0006,PRD019,1,404.77,0.0,404.77,279.33,125.44,App
SAL03369,2023-10-11,STR06,CUS0210,PRD070,1,326.09,0.2,260.87,220.82,40.05,App
SAL03370,2024-07-19,STR02,CUS0275,PRD016,2,565.24,0.2,904.38,523.84,380.54,App
SAL03371,2025-05-31,STR06,CUS0019,PRD068,1,193.87,0.0,193.87,136.34,57.53,App
SAL03372,2025-07-27,STR06,CUS0022,PRD027,1,167.97,0.0,167.97,84.52,83.45,Store
SAL03373,2022-10-12,STR04,CUS0251,PRD056,2,434.96,0.0,869.92,522.28,347.64,App
SAL03374,2023-08-21,STR01,CUS0116,PRD070,1,326.09,0.0,326.09,220.82,105.27,App
SAL03375,2023-12-13,STR01,CUS0149,PRD068,2,193.87,0.0,387.74,272.68,115.06,App
SAL03376,2024-06-10,STR08,CUS0244,PRD056,1,434.96,0.2,347.97,261.14,86.83,Online
SAL03377,2023-03-13,STR12,CUS0073,PRD076,2,841.57,0.15,1430.67,766.44,664.23,Store
SAL03378,2024-01-24,STR12,CUS0063,PRD075,1,453.11,0.0,453.11,269.73,183.38,Online
SAL03379,2025-03-04,STR02,CUS0251,PRD002,1,528.99,0.1,476.09,347.39,128.7,Online
SAL03380,2025-06-04,STR08,CUS0182,PRD005,1,245.1,0.0,245.1,174.49,70.61,Online
SAL03381,2022-07-10,STR01,CUS0143,PRD045,1,74.57,0.2,59.66,34.38,25.28,Online
SAL03382,2023-12-15,STR05,CUS0060,PRD076,2,841.57,0.0,1683.14,766.44,916.7,App
SAL03383,2024-06-19,STR08,CUS0223,PRD059,1,494.95,0.0,494.95,285.33,209.62,App
SAL03384,2023-02-20,STR02,CUS0126,PRD040,1,107.82,0.2,86.26,56.81,29.45,App
SAL03385,2022-01-09,STR07,CUS0191,PRD041,2,500.06,0.05,950.11,496.18,453.93,Online
SAL03386,2024-03-16,STR10,CUS0162,PRD078,1,149.61,0.05,142.13,72.85,69.28,App
SAL03387,2024-07-30,STR07,CUS0289,PRD021,1,732.57,0.0,732.57,388.69,343.88,App
SAL03388,2023-04-19,STR03,CUS0117,PRD053,2,139.83,0.15,237.71,158.96,78.75,Online
SAL03389,2022-06-08,STR05,CUS0086,PRD028,1,167.14,0.0,167.14,81.77,85.37,Online
SAL03390,2025-07-16,STR11,CUS0098,PRD006,3,365.95,0.2,878.28,620.25,258.03,App
SAL03391,2024-03-22,STR10,CUS0041,PRD079,4,665.32,0.15,2262.09,1355.52,906.57,Store
SAL03392,2023-12-02,STR07,CUS0210,PRD042,1,213.13,0.2,170.5,102.36,68.14,Online
SAL03393,2024-08-23,STR02,CUS0136,PRD014,2,469.29,0.15,797.79,640.0,157.79,Store
SAL03394,2024-08-26,STR01,CUS0098,PRD040,1,107.82,0.05,102.43,56.81,45.62,Online
SAL03395,2022-11-25,STR03,CUS0119,PRD067,2,338.84,0.1,609.91,382.56,227.35,App
SAL03396,2024-03-06,STR12,CUS0197,PRD057,4,52.44,0.1,188.78,147.12,41.66,Store
SAL03397,2024-09-30,STR06,CUS0018,PRD056,3,434.96,0.2,1043.9,783.42,260.48,App
SAL03398,2022-08-26,STR02,CUS0299,PRD012,1,580.87,0.05,551.83,387.01,164.82,Store
SAL03399,2022-08-28,STR03,CUS0138,PRD021,3,732.57,0.2,1758.17,1166.07,592.1,Store
SAL03400,2024-05-08,STR08,CUS0124,PRD055,1,402.22,0.0,402.22,211.32,190.9,App
SAL03401,2023-10-17,STR04,CUS0237,PRD028,1,167.14,0.1,150.43,81.77,68.66,Store
SAL03402,2022-06-07,STR02,CUS0112,PRD009,1,337.72,0.1,303.95,227.99,75.96,Online
SAL03403,2022-04-28,STR02,CUS0148,PRD025,1,395.29,0.0,395.29,254.79,140.5,Online
SAL03404,2025-06-04,STR07,CUS0062,PRD062,2,210.83,0.15,358.41,206.14,152.27,App
SAL03405,2024-01-29,STR02,CUS0212,PRD019,1,404.77,0.0,404.77,279.33,125.44,Store
SAL03406,2025-06-08,STR07,CUS0237,PRD037,2,72.87,0.0,145.74,98.58,47.16,Store
SAL03407,2023-05-28,STR05,CUS0105,PRD057,1,52.44,0.05,49.82,36.78,13.04,App
SAL03408,2023-06-23,STR12,CUS0118,PRD062,2,210.83,0.0,421.66,206.14,215.52,Online
SAL03409,2024-07-09,STR06,CUS0144,PRD016,1,565.24,0.0,565.24,261.92,303.32,Online
SAL03410,2022-07-03,STR04,CUS0232,PRD040,1,107.82,0.0,107.82,56.81,51.01,App
SAL03411,2023-03-30,STR09,CUS0203,PRD013,1,332.19,0.1,298.97,151.83,147.14,Online
SAL03412,2022-05-07,STR07,CUS0091,PRD076,1,841.57,0.05,799.49,383.22,416.27,Store
SAL03413,2023-04-15,STR01,CUS0010,PRD061,1,60.41,0.1,54.37,31.04,23.33,App
SAL03414,2024-07-24,STR04,CUS0138,PRD067,2,338.84,0.1,609.91,382.56,227.35,Store
SAL03415,2025-03-08,STR05,CUS0064,PRD006,1,365.95,0.1,329.36,206.75,122.61,App
SAL03416,2023-10-23,STR09,CUS0243,PRD047,1,470.23,0.15,399.7,300.2,99.5,Store
SAL03417,2022-09-01,STR07,CUS0192,PRD052,3,660.22,0.0,1980.66,1179.57,801.09,App
SAL03418,2023-06-15,STR11,CUS0025,PRD068,2,193.87,0.2,310.19,272.68,37.51,Online
SAL03419,2022-10-27,STR11,CUS0261,PRD009,1,337.72,0.1,303.95,227.99,75.96,Store
SAL03420,2025-07-27,STR05,CUS0145,PRD017,1,86.4,0.05,82.08,47.35,34.73,App
SAL03421,2024-04-16,STR09,CUS0285,PRD024,3,582.46,0.2,1397.9,1009.59,388.31,Store
SAL03422,2023-03-26,STR08,CUS0034,PRD056,2,434.96,0.0,869.92,522.28,347.64,Online
SAL03423,2024-09-20,STR09,CUS0018,PRD049,1,535.39,0.05,508.62,243.87,264.75,Store
SAL03424,2023-11-24,STR02,CUS0104,PRD056,2,434.96,0.0,869.92,522.28,347.64,App
SAL03425,2022-01-27,STR09,CUS0048,PRD025,2,395.29,0.0,790.58,509.58,281.0,Store
SAL03426,2024-03-12,STR03,CUS0069,PRD058,1,428.07,0.1,385.26,284.8,100.46,App
SAL03427,2025-07-22,STR12,CUS0267,PRD026,2,434.62,0.0,869.24,497.38,371.86,Online
SAL03428,2022-03-20,STR11,CUS0004,PRD044,1,125.25,0.0,125.25,57.19,68.06,Store
SAL03429,2023-05-09,STR05,CUS0118,PRD068,2,193.87,0.1,348.97,272.68,76.29,Store
SAL03430,2022-08-11,STR05,CUS0206,PRD011,1,450.62,0.05,428.09,205.91,222.18,Online
SAL03431,2025-06-27,STR03,CUS0298,PRD033,1,82.66,0.15,70.26,57.52,12.74,Online
SAL03432,2023-12-01,STR12,CUS0288,PRD026,2,434.62,0.05,825.78,497.38,328.4,App
SAL03433,2022-01-07,STR04,CUS0105,PRD013,4,332.19,0.15,1129.45,607.32,522.13,Online
SAL03434,2023-05-24,STR11,CUS0083,PRD017,1,86.4,0.05,82.08,47.35,34.73,App
SAL03435,2022-02-06,STR09,CUS0053,PRD072,1,499.84,0.0,499.84,300.4,199.44,Online
SAL03436,2025-04-11,STR11,CUS0107,PRD045,1,74.57,0.1,67.11,34.38,32.73,Store
SAL03437,2024-01-15,STR09,CUS0258,PRD047,2,470.23,0.0,940.46,600.4,340.06,Store
SAL03438,2025-02-10,STR04,CUS0046,PRD023,2,336.46,0.05,639.27,449.44,189.83,Online
SAL03439,2025-06-17,STR01,CUS0209,PRD009,1,337.72,0.15,287.06,227.99,59.07,Store
SAL03440,2022-09-07,STR05,CUS0258,PRD032,1,570.78,0.0,570.78,326.53,244.25,App
SAL03441,2024-03-31,STR08,CUS0267,PRD061,1,60.41,0.05,57.39,31.04,26.35,Store
SAL03442,2022-08-29,STR08,CUS0262,PRD020,1,144.97,0.0,144.97,76.2,68.77,App
SAL03443,2022-10-16,STR03,CUS0242,PRD002,2,528.99,0.05,1005.08,694.78,310.3,App
SAL03444,2023-04-02,STR09,CUS0272,PRD033,1,82.66,0.0,82.66,57.52,25.14,Store
SAL03445,2025-02-26,STR04,CUS0016,PRD044,1,125.25,0.1,112.73,57.19,55.54,Store
SAL03446,2025-04-21,STR09,CUS0247,PRD054,2,167.08,0.0,334.16,161.92,172.24,Store
SAL03447,2024-03-03,STR11,CUS0262,PRD068,-1,193.87,0.0,193.87,136.34,57.53,Online
SAL03448,2024-01-29,STR10,CUS0114,PRD079,3,665.32,0.15,1696.57,1016.64,679.93,App
SAL03449,2025-03-24,STR04,CUS0291,PRD043,2,108.59,0.2,173.74,109.92,63.82,Store
SAL03450,2024-07-22,STR03,CUS0080,PRD072,1,499.84,0.2,399.87,300.4,99.47,Online
SAL03451,2025-03-08,STR05,CUS0050,PRD067,3,338.84,0.05,965.69,573.84,391.85,App
SAL03452,2022-08-23,STR10,CUS0128,PRD045,1,74.57,0.0,74.57,34.38,40.19,Store
SAL03453,2022-07-16,STR12,CUS0265,PRD054,2,167.08,0.0,334.16,161.92,172.24,Store
SAL03454,2024-12-18,STR08,CUS0022,PRD023,2,336.46,0.0,672.92,449.44,223.48,App
SAL03455,2022-02-10,STR07,CUS0262,PRD039,1,267.3,0.0,267.3,176.25,91.05,App
SAL03456,2022-02-21,STR07,CUS0175,PRD011,2,450.62,0.2,720.99,411.82,309.17,App
SAL03457,2023-12-12,STR01,CUS0119,PRD021,3,732.57,0.2,1758.17,1166.07,592.1,App
SAL03458,2025-06-20,STR09,CUS0256,PRD050,2,289.93,0.0,579.86,405.08,174.78,Store
SAL03459,2025-05-28,STR07,CUS0144,PRD074,3,778.55,0.05,2218.87,1128.36,1090.51,Store
SAL03460,2024-12-03,STR12,CUS0142,PRD011,1,450.62,0.0,450.62,205.91,244.71,Store
SAL03461,2023-02-17,STR05,CUS0001,PRD072,1,499.84,0.0,499.84,300.4,199.44,Online
SAL03462,2023-01-21,STR01,CUS0082,PRD014,1,469.29,0.1,422.36,320.0,102.36,Store
SAL03463,2023-04-07,STR05,CUS0066,PRD054,1,167.08,0.1,150.37,80.96,69.41,Online
SAL03464,2022-08-27,STR06,CUS0258,PRD040,1,107.82,0.05,102.43,56.81,45.62,Store
SAL03465,2023-11-17,STR09,CUS0230,PRD028,1,167.14,0.15,142.07,81.77,60.3,App
SAL03466,2025-04-05,STR08,CUS0036,PRD055,2,402.22,0.0,804.44,422.64,381.8,Store
SAL03467,2023-10-20,STR07,CUS0236,PRD058,2,428.07,0.0,856.14,569.6,286.54,App
SAL03468,2024-03-08,STR10,CUS0097,PRD054,1,167.08,0.15,142.02,80.96,61.06,App
SAL03469,2025-08-11,STR12,CUS0034,PRD043,3,108.59,0.0,325.77,164.88,160.89,Online
SAL03470,2025-05-01,STR10,CUS0292,PRD072,1,499.84,0.0,499.84,300.4,199.44,Online
SAL03471,2025-05-24,STR05,CUS0243,PRD047,1,470.23,0.0,470.23,300.2,170.03,App
SAL03472,2025-05-12,STR05,CUS0281,PRD053,1,139.83,0.15,118.86,79.48,39.38,Store
SAL03473,2023-12-26,STR12,CUS0208,PRD054,1,167.08,0.0,167.08,80.96,86.12,App
SAL03474,2023-05-30,STR12,CUS0244,PRD032,4,570.78,0.2,1826.5,1306.12,520.38,Online
SAL03475,2023-08-16,STR09,CUS0044,PRD054,3,167.08,0.0,501.24,242.88,258.36,Online
SAL03476,2022-06-03,STR08,CUS0176,PRD029,5,318.8,0.05,1514.3,854.0,660.3,Online
SAL03477,2024-01-03,STR06,CUS0269,PRD064,1,508.25,0.1,457.43,292.5,164.93,Store
SAL03478,2023-03-24,STR06,CUS0142,PRD079,3,665.32,0.1,1796.36,1016.64,779.72,Store
SAL03479,2023-04-29,STR09,CUS0038,PRD053,2,139.83,0.15,237.71,158.96,78.75,App
SAL03480,2022-11-13,STR05,CUS0226,PRD025,2,395.29,0.0,790.58,509.58,281.0,App
SAL03481,2024-12-16,STR04,CUS0086,PRD073,2,252.83,0.2,404.53,335.64,68.89,App
SAL03482,2022-09-06,STR05,CUS0020,PRD049,1,535.39,0.0,535.39,243.87,291.52,Online
SAL03483,2023-06-19,STR01,CUS0167,PRD035,2,285.91,0.0,571.82,294.78,277.04,Online
SAL03484,2023-04-19,STR11,CUS0255,PRD050,1,289.93,0.0,289.93,202.54,87.39,Store
SAL03485,2025-04-26,STR09,CUS0246,PRD016,3,565.24,0.0,1695.72,785.76,909.96,App
SAL03486,2025-05-02,STR09,CUS0285,PRD043,2,108.59,0.0,217.18,109.92,107.26,Online
SAL03487,2024-12-08,STR04,CUS0002,PRD014,1,469.29,0.05,445.83,320.0,125.83,App
SAL03488,2025-04-17,STR03,CUS0107,PRD053,4,139.83,0.1,503.39,317.92,185.47,Online
SAL03489,2024-07-24,STR09,CUS0115,PRD001,2,769.25,0.2,1230.8,747.52,483.28,App
SAL03490,2025-01-14,STR04,CUS0156,PRD004,2,277.55,0.05,527.35,262.38,264.97,Online
SAL03491,2022-05-11,STR07,CUS0081,PRD012,1,580.87,0.1,522.78,387.01,135.77,App
SAL03492,2023-11-19,STR12,CUS0263,PRD002,2,528.99,0.05,1005.08,694.78,310.3,Online
SAL03493,2024-05-27,STR01,CUS0062,PRD041,2,500.06,0.1,900.11,496.18,403.93,Online
SAL03494,2023-02-28,STR01,CUS0237,PRD014,2,469.29,0.2,750.86,640.0,110.86,Online
SAL03495,2023-11-29,STR10,CUS0106,PRD065,3,361.03,0.2,866.47,769.56,96.91,Store
SAL03496,2024-01-31,STR03,CUS0121,PRD011,1,450.62,0.1,405.56,205.91,199.65,Online
SAL03497,2023-12-05,STR11,CUS0086,PRD005,1,245.1,0.05,232.84,174.49,58.35,Online
SAL03498,2023-06-06,STR03,CUS0149,PRD076,1,841.57,0.0,841.57,383.22,458.35,Store
SAL03499,2023-12-24,STR06,CUS0207,PRD009,1,337.72,0.05,320.83,227.99,92.84,Online
SAL03500,2022-09-23,STR08,CUS0164,PRD047,2,470.23,0.0,940.46,600.4,340.06,App
SAL03501,2023-02-28,STR11,CUS0109,PRD049,2,535.39,0.0,1070.78,487.74,583.04,App
SAL03502,2023-08-16,STR11,CUS0006,PRD010,3,307.16,0.15,783.26,490.29,292.97,Online
SAL03503,2022-09-19,STR07,CUS0175,PRD001,1,769.25,0.0,769.25,373.76,395.49,Online
SAL03504,2025-06-02,STR04,CUS0246,PRD041,4,500.06,0.1,1800.22,992.36,807.86,App
SAL03505,2023-07-18,STR01,CUS0060,PRD037,1,72.87,0.1,65.58,49.29,16.29,Online
SAL03506,2023-07-30,STR12,CUS0015,PRD001,1,769.25,0.05,730.79,373.76,357.03,Online
SAL03507,2022-04-19,STR11,CUS0209,PRD015,1,339.66,0.2,271.73,183.65,88.08,Store
SAL03508,2022-02-01,STR02,CUS0100,PRD044,1,125.25,0.05,118.99,57.19,61.8,Online
SAL03509,2022-05-18,STR12,CUS0011,PRD052,1,660.22,0.0,660.22,393.19,267.03,Online
SAL03510,2024-01-12,STR07,CUS0192,PRD038,4,588.04,0.1,2116.94,1532.72,584.22,Online
SAL03511,2024-03-16,STR09,CUS0047,PRD076,2,841.57,0.0,1683.14,766.44,916.7,Online
SAL03512,2023-02-09,STR12,CUS0118,PRD028,2,167.14,0.2,267.42,163.54,103.88,Online
SAL03513,2025-08-04,STR06,CUS0232,PRD080,1,390.71,0.05,371.17,178.69,192.48,Online
SAL03514,2024-10-15,STR07,CUS0135,PRD047,1,470.23,0.2,376.18,300.2,75.98,Store
SAL03515,2024-10-16,STR04,CUS0285,PRD050,1,289.93,0.0,289.93,202.54,87.39,Store
SAL03516,2024-07-12,STR06,CUS0011,PRD054,-1,167.08,0.0,167.08,80.96,86.12,Store
SAL03517,2023-11-29,STR03,CUS0280,PRD068,1,193.87,0.2,155.1,136.34,18.76,App
SAL03518,2022-02-25,STR10,CUS0223,PRD040,1,107.82,0.05,102.43,56.81,45.62,Online
SAL03519,2025-06-05,STR12,CUS0280,PRD007,1,297.96,0.2,238.37,173.78,64.59,App
SAL03520,2023-02-11,STR08,CUS0264,PRD015,2,339.66,0.2,543.46,367.3,176.16,Online
SAL03521,2024-02-16,STR01,CUS0285,PRD067,1,338.84,0.0,338.84,191.28,147.56,Store
SAL03522,2025-04-05,STR04,CUS0011,PRD038,1,588.04,0.05,558.64,383.18,175.46,Store
SAL03523,2023-12-19,STR08,CUS0270,PRD040,2,107.82,0.0,215.64,113.62,102.02,Online
SAL03524,2024-04-27,STR12,CUS0071,PRD014,3,469.29,0.05,1337.48,960.0,377.48,Store
SAL03525,2024-09-04,STR08,CUS0124,PRD073,1,252.83,0.1,227.55,167.82,59.73,Store
SAL03526,2023-12-08,STR11,CUS0081,PRD022,2,447.25,0.15,760.32,631.36,128.96,App
SAL03527,2022-03-04,STR10,CUS0012,PRD027,1,167.97,0.15,142.77,84.52,58.25,App
SAL03528,2023-02-05,STR04,CUS0151,PRD038,2,588.04,0.0,1176.08,766.36,409.72,App
SAL03529,2022-09-06,STR04,CUS0044,PRD021,1,732.57,0.0,732.57,388.69,343.88,App
SAL03530,2025-06-28,STR08,CUS0170,PRD042,3,213.13,0.1,575.45,307.08,268.37,App
SAL03531,2022-03-11,STR01,CUS0016,PRD077,2,517.67,0.05,983.57,612.16,371.41,Store
SAL03532,2024-12-27,STR07,CUS0206,PRD044,1,125.25,0.2,100.2,57.19,43.01,App
SAL03533,2025-03-01,STR04,CUS0068,PRD063,2,447.14,0.0,894.28,627.96,266.32,Online
SAL03534,2024-09-03,STR06,CUS0215,PRD027,1,167.97,0.05,159.57,84.52,75.05,App
SAL03535,2023-11-24,STR12,CUS0227,PRD026,4,434.62,0.0,1738.48,994.76,743.72,App
SAL03536,2022-08-24,STR01,CUS0056,PRD048,1,65.44,0.0,65.44,45.9,19.54,Store
SAL03537,2023-05-06,STR08,CUS0205,PRD031,1,607.09,0.05,576.74,311.8,264.94,Online
SAL03538,2024-07-13,STR10,CUS0250,PRD049,1,535.39,0.0,535.39,243.87,291.52,App
SAL03539,2025-04-18,STR12,CUS0066,PRD026,3,434.62,0.0,1303.86,746.07,557.79,Online
SAL03540,2022-05-11,STR08,CUS0197,PRD077,3,517.67,0.0,1553.01,918.24,634.77,Online
SAL03541,2025-06-09,STR08,CUS0216,PRD011,1,450.62,0.0,450.62,205.91,244.71,Online
SAL03542,2025-03-25,STR02,CUS0299,PRD058,1,428.07,0.2,342.46,284.8,57.66,Store
SAL03543,2024-07-30,STR06,CUS0157,PRD004,2,277.55,0.0,555.1,262.38,292.72,App
SAL03544,2022-04-07,STR09,CUS0084,PRD004,1,277.55,0.15,235.92,131.19,104.73,App
SAL03545,2022-09-27,STR04,CUS0153,PRD036,2,638.05,0.1,1148.49,630.48,518.01,App
SAL03546,2022-10-01,STR07,CUS0071,PRD068,2,193.87,0.2,310.19,272.68,37.51,App
SAL03547,2024-04-26,STR10,CUS0207,PRD058,2,428.07,0.0,856.14,569.6,286.54,Store
SAL03548,2022-01-21,STR07,CUS0199,PRD031,2,607.09,0.05,1153.47,623.6,529.87,Online
SAL03549,2025-05-03,STR07,CUS0267,PRD070,3,326.09,0.2,782.62,662.46,120.16,App
SAL03550,2022-09-30,STR07,CUS0299,PRD078,2,149.61,0.1,269.3,145.7,123.6,Store
SAL03551,2024-06-30,STR09,CUS0246,PRD067,1,338.84,0.05,321.9,191.28,130.62,Store
SAL03552,2025-05-06,STR05,CUS0041,PRD073,1,252.83,0.0,252.83,167.82,85.01,App
SAL03553,2022-01-07,STR10,CUS0166,PRD031,3,607.09,0.0,1821.27,935.4,885.87,App
SAL03554,2022-11-14,STR10,CUS0147,PRD080,1,390.71,0.0,390.71,178.69,212.02,App
SAL03555,2024-12-11,STR05,CUS0150,PRD037,6,72.87,0.05,415.36,295.74,119.62,Online
SAL03556,2025-01-03,STR01,CUS0235,PRD024,4,582.46,0.05,2213.35,1346.12,867.23,Store
SAL03557,2025-07-25,STR05,CUS0154,PRD047,3,470.23,0.0,1410.69,900.6,510.09,App
SAL03558,2025-07-28,STR09,CUS0246,PRD020,2,144.97,0.05,275.44,152.4,123.04,Store
SAL03559,2024-12-28,STR05,CUS0172,PRD008,3,439.89,0.05,1253.69,769.71,483.98,App
SAL03560,2023-05-07,STR08,CUS0282,PRD021,2,732.57,0.0,1465.14,777.38,687.76,Store
SAL03561,2025-01-12,STR02,CUS0163,PRD059,1,494.95,0.2,395.96,285.33,110.63,App
SAL03562,2022-03-01,STR05,CUS0064,PRD032,3,570.78,0.05,1626.72,979.59,647.13,Store
SAL03563,2022-07-07,STR09,CUS0230,PRD031,1,607.09,0.0,607.09,311.8,295.29,App
SAL03564,2022-11-22,STR06,CUS0117,PRD004,2,277.55,0.05,527.35,262.38,264.97,App
SAL03565,2024-06-02,STR11,CUS0059,PRD077,1,517.67,0.0,517.67,306.08,211.59,App
SAL03566,2025-03-11,STR08,CUS0274,PRD048,1,65.44,0.05,62.17,45.9,16.27,Online
SAL03567,2023-07-13,STR06,CUS0241,PRD001,1,769.25,0.0,769.25,373.76,395.49,Store
SAL03568,2024-01-25,STR11,CUS0295,PRD025,3,395.29,0.15,1007.99,764.37,243.62,App
SAL03569,2025-02-15,STR06,CUS0089,PRD028,3,167.14,0.05,476.35,245.31,231.04,Online
SAL03570,2024-04-07,STR12,CUS0245,PRD079,3,665.32,0.2,1596.77,1016.64,580.13,Online
SAL03571,2022-09-28,STR02,CUS0126,PRD051,1,428.0,0.2,342.4,224.16,118.24,Online
SAL03572,2025-03-07,STR09,CUS0035,PRD062,2,210.83,0.05,400.58,206.14,194.44,Store
SAL03573,2024-08-31,STR12,CUS0209,PRD053,1,139.83,0.05,132.84,79.48,53.36,App
SAL03574,2022-12-27,STR02,CUS0211,PRD068,1,193.87,0.05,184.18,136.34,47.84,Store
SAL03575,2024-07-01,STR07,CUS0288,PRD029,1,318.8,0.0,318.8,170.8,148.0,App
SAL03576,2023-07-04,STR01,CUS0124,PRD016,1,565.24,0.0,565.24,261.92,303.32,Store
SAL03577,2023-07-01,STR05,CUS0067,PRD053,1,139.83,0.15,118.86,79.48,39.38,App
SAL03578,2023-01-03,STR05,CUS0216,PRD067,1,338.84,0.0,338.84,191.28,147.56,App
SAL03579,2025-04-06,STR07,CUS0207,PRD033,4,82.66,0.0,330.64,230.08,100.56,Online
SAL03580,2024-12-15,STR08,CUS0250,PRD073,3,252.83,0.0,758.49,503.46,255.03,Online
SAL03581,2023-10-08,STR05,CUS0202,PRD029,3,318.8,0.0,956.4,512.4,444.0,Store
SAL03582,2024-03-04,STR11,CUS0289,PRD033,5,82.66,0.0,413.3,287.6,125.7,Online
SAL03583,2024-04-08,STR02,CUS0068,PRD014,3,469.29,0.15,1196.69,960.0,236.69,Online
SAL03584,2023-06-07,STR01,CUS0088,PRD049,3,535.39,0.1,1445.55,731.61,713.94,App
SAL03585,2024-07-09,STR12,CUS0040,PRD005,2,245.1,0.0,490.2,348.98,141.22,App
SAL03586,2023-08-17,STR05,CUS0128,PRD079,1,665.32,0.1,598.79,338.88,259.91,Store
SAL03587,2024-05-26,STR01,CUS0005,PRD069,1,393.75,0.2,315.0,211.23,103.77,App
SAL03588,2022-10-22,STR01,CUS0084,PRD076,2,841.57,0.0,1683.14,766.44,916.7,Store
SAL03589,2024-04-22,STR01,CUS0165,PRD050,1,289.93,0.0,289.93,202.54,87.39,App
SAL03590,2022-06-02,STR09,CUS0205,PRD046,2,533.74,0.05,1014.11,698.5,315.61,App
SAL03591,2025-04-07,STR01,CUS0021,PRD054,4,167.08,0.0,668.32,323.84,344.48,App
SAL03592,2023-10-08,STR04,CUS0112,PRD022,2,447.25,0.0,894.5,631.36,263.14,Online
SAL03593,2022-08-31,STR01,CUS0154,PRD018,3,703.6,0.0,2110.8,1013.76,1097.04,Store
SAL03594,2023-03-09,STR06,CUS0234,PRD041,1,500.06,0.1,450.05,248.09,201.96,App
SAL03595,2025-06-01,STR08,CUS0075,PRD035,1,285.91,0.05,271.61,147.39,124.22,App
SAL03596,2022-12-06,STR11,CUS0048,PRD054,2,167.08,0.2,267.33,161.92,105.41,Store
SAL03597,2024-06-19,STR12,CUS0230,PRD062,3,210.83,0.2,505.99,309.21,196.78,App
SAL03598,2025-05-15,STR04,CUS0124,PRD026,2,434.62,0.0,869.24,497.38,371.86,Online
SAL03599,2023-06-11,STR03,CUS0160,PRD056,1,434.96,0.0,434.96,261.14,173.82,Store
SAL03600,2023-12-10,STR05,CUS0138,PRD071,1,618.33,0.2,494.66,332.7,161.96,Online
SAL03601,2023-01-12,STR07,CUS0202,PRD058,1,428.07,0.0,428.07,284.8,143.27,Online
SAL03602,2024-01-24,STR12,CUS0295,PRD023,2,336.46,0.2,538.34,449.44,88.9,Online
SAL03603,2022-05-24,STR05,CUS0213,PRD007,1,297.96,0.0,297.96,173.78,124.18,Store
SAL03604,2022-06-07,STR09,CUS0040,PRD028,1,167.14,0.0,167.14,81.77,85.37,Store
SAL03605,2024-12-23,STR11,CUS0126,PRD063,2,447.14,0.0,894.28,627.96,266.32,App
SAL03606,2025-03-14,STR03,CUS0189,PRD053,2,139.83,0.0,279.66,158.96,120.7,Online
SAL03607,2025-06-10,STR12,CUS0190,PRD055,1,402.22,0.0,402.22,211.32,190.9,Online
SAL03608,2024-01-04,STR03,CUS0033,PRD055,1,402.22,0.2,321.78,211.32,110.46,App
SAL03609,2023-10-21,STR09,CUS0113,PRD008,1,439.89,0.0,439.89,256.57,183.32,App
SAL03610,2022-06-18,STR11,CUS0233,PRD053,2,139.83,0.0,279.66,158.96,120.7,Online
SAL03611,2025-08-09,STR11,CUS0155,PRD034,2,539.68,0.0,1079.36,583.58,495.78,Store
SAL03612,2023-09-12,STR10,CUS0263,PRD078,1,149.61,0.0,149.61,72.85,76.76,App
SAL03613,2022-05-25,STR05,CUS0059,PRD066,1,180.08,0.15,153.07,124.07,29.0,Store
SAL03614,2022-10-30,STR06,CUS0109,PRD043,3,108.59,0.2,260.62,164.88,95.74,App
SAL03615,2025-01-06,STR06,CUS0093,PRD034,4,539.68,0.15,1834.91,1167.16,667.75,App
SAL03616,2022-09-01,STR09,CUS0065,PRD056,1,434.96,0.15,369.72,261.14,108.58,Online
SAL03617,2024-10-05,STR12,CUS0255,PRD001,2,769.25,0.1,1384.65,747.52,637.13,Store
SAL03618,2024-12-02,STR05,CUS0260,PRD032,5,570.78,0.15,2425.81,1632.65,793.16,Online
SAL03619,2022-11-16,STR04,CUS0038,PRD043,1,108.59,0.15,92.3,54.96,37.34,Online
SAL03620,2024-03-24,STR11,CUS0238,PRD006,3,365.95,0.0,1097.85,620.25,477.6,App
SAL03621,2023-08-03,STR12,CUS0258,PRD012,1,580.87,0.0,580.87,387.01,193.86,Store
SAL03622,2022-07-08,STR03,CUS0275,PRD048,1,65.44,0.15,55.62,45.9,9.72,Online
SAL03623,2024-02-29,STR11,CUS0178,PRD007,1,297.96,0.0,297.96,173.78,124.18,Online
SAL03624,2022-02-24,STR02,CUS0180,PRD054,2,167.08,0.0,334.16,161.92,172.24,Store
SAL03625,2025-05-19,STR11,CUS0012,PRD052,1,660.22,0.15,561.19,393.19,168.0,App
SAL03626,2024-10-10,STR02,CUS0056,PRD056,2,434.96,0.1,782.93,522.28,260.65,App
SAL03627,2022-09-07,STR04,CUS0233,PRD045,1,74.57,0.15,63.38,34.38,29.0,Online
SAL03628,2022-10-06,STR04,CUS0169,PRD020,3,144.97,0.2,347.93,228.6,119.33,Store
SAL03629,2023-02-25,STR06,CUS0061,PRD030,2,396.17,0.1,713.11,480.08,233.03,Online
SAL03630,2024-01-22,STR04,CUS0159,PRD049,2,535.39,0.2,856.62,487.74,368.88,App
SAL03631,2025-06-08,STR03,CUS0139,PRD033,3,82.66,0.1,223.18,172.56,50.62,Store
SAL03632,2023-03-28,STR11,CUS0131,PRD042,1,213.13,0.0,213.13,102.36,110.77,Store
SAL03633,2025-06-10,STR12,CUS0085,PRD075,2,453.11,0.2,724.98,539.46,185.52,Store
SAL03634,2025-05-03,STR06,CUS0295,PRD014,4,469.29,0.0,1877.16,1280.0,597.16,Online
SAL03635,2023-04-08,STR04,CUS0255,PRD072,5,499.84,0.0,2499.2,1502.0,997.2,Online
SAL03636,2022-09-23,STR01,CUS0298,PRD025,2,395.29,0.2,632.46,509.58,122.88,Store
SAL03637,2024-05-01,STR11,CUS0140,PRD031,1,607.09,0.15,516.03,311.8,204.23,App
SAL03638,2023-06-02,STR12,CUS0096,PRD027,2,167.97,0.1,302.35,169.04,133.31,Store
SAL03639,2022-07-22,STR01,CUS0073,PRD050,4,289.93,0.0,1159.72,810.16,349.56,App
SAL03640,2023-01-21,STR12,CUS0189,PRD047,1,470.23,0.0,470.23,300.2,170.03,App
SAL03641,2022-03-26,STR09,CUS0076,PRD049,1,535.39,0.0,535.39,243.87,291.52,App
SAL03642,2022-09-01,STR07,CUS0191,PRD064,3,508.25,0.2,1219.8,877.5,342.3,Online
SAL03643,2022-09-14,STR12,CUS0280,PRD057,1,52.44,0.0,52.44,36.78,15.66,Store
SAL03644,2024-05-19,STR10,CUS0125,PRD077,1,517.67,0.1,465.9,306.08,159.82,Online
SAL03645,2023-08-04,STR01,CUS0037,PRD027,1,167.97,0.1,151.17,84.52,66.65,App
SAL03646,2025-02-25,STR09,CUS0041,PRD045,1,74.57,0.1,67.11,34.38,32.73,App
SAL03647,2022-04-02,STR09,CUS0228,PRD046,2,533.74,0.05,1014.11,698.5,315.61,App
SAL03648,2022-11-21,STR01,CUS0272,PRD024,1,582.46,0.15,495.09,336.53,158.56,App
SAL03649,2023-11-30,STR03,CUS0247,PRD044,1,125.25,0.15,106.46,57.19,49.27,App
SAL03650,2024-01-07,STR09,CUS0229,PRD032,1,570.78,0.0,570.78,326.53,244.25,Store
SAL03651,2022-07-09,STR10,CUS0288,PRD010,3,307.16,0.1,829.33,490.29,339.04,Online
SAL03652,2025-06-28,STR05,CUS0268,PRD047,3,470.23,0.05,1340.16,900.6,439.56,App
SAL03653,2022-03-16,STR05,CUS0231,PRD003,2,460.37,0.0,920.74,469.52,451.22,Online
SAL03654,2024-06-24,STR11,CUS0164,PRD021,1,732.57,0.15,622.68,388.69,233.99,Online
SAL03655,2023-06-26,STR04,CUS0002,PRD060,2,118.37,0.0,236.74,155.46,81.28,Online
SAL03656,2023-12-08,STR11,CUS0274,PRD013,2,332.19,0.1,597.94,303.66,294.28,Online
SAL03657,2024-03-28,STR08,CUS0267,PRD046,1,533.74,0.2,426.99,349.25,77.74,Online
SAL03658,2022-08-13,STR09,CUS0297,PRD007,1,297.96,0.2,238.37,173.78,64.59,Store
SAL03659,2025-05-18,STR08,CUS0018,PRD017,1,86.4,0.0,86.4,47.35,39.05,App
SAL03660,2023-05-05,STR05,CUS0024,PRD017,1,86.4,0.05,82.08,47.35,34.73,App
SAL03661,2022-07-09,STR05,CUS0237,PRD007,2,297.96,0.0,595.92,347.56,248.36,App
SAL03662,2022-05-18,STR05,CUS0205,PRD003,1,460.37,0.1,414.33,234.76,179.57,Online
SAL03663,2022-11-05,STR04,CUS0254,PRD062,1,210.83,0.1,189.75,103.07,86.68,Store
SAL03664,2023-05-19,STR05,CUS0077,PRD006,3,365.95,0.15,933.17,620.25,312.92,Online
SAL03665,2024-01-14,STR11,CUS0007,PRD035,3,285.91,0.05,814.84,442.17,372.67,Store
SAL03666,2024-12-11,STR08,CUS0294,PRD013,2,332.19,0.0,664.38,303.66,360.72,App
SAL03667,2024-10-13,STR02,CUS0001,PRD080,2,390.71,0.0,781.42,357.38,424.04,Store
SAL03668,2022-06-08,STR07,CUS0101,PRD008,2,439.89,0.05,835.79,513.14,322.65,Store
SAL03669,2022-10-24,STR12,CUS0037,PRD079,2,665.32,0.05,1264.11,677.76,586.35,App
SAL03670,2024-04-10,STR07,CUS0065,PRD033,1,82.66,0.0,82.66,57.52,25.14,App
SAL03671,2024-01-16,STR11,CUS0213,PRD051,1,428.0,0.05,406.6,224.16,182.44,Online
SAL03672,2022-04-08,STR01,CUS0034,PRD062,1,210.83,0.05,200.29,103.07,97.22,App
SAL03673,2024-05-07,STR06,CUS0113,PRD074,1,778.55,0.0,778.55,376.12,402.43,Online
SAL03674,2025-04-19,STR06,CUS0216,PRD044,1,125.25,0.0,125.25,57.19,68.06,App
SAL03675,2025-05-23,STR04,CUS0279,PRD004,3,277.55,0.0,832.65,393.57,439.08,App
SAL03676,2024-05-02,STR11,CUS0006,PRD025,2,395.29,0.0,790.58,509.58,281.0,Store
SAL03677,2023-01-09,STR11,CUS0041,PRD050,1,289.93,0.2,231.94,202.54,29.4,App
SAL03678,2024-03-25,STR02,CUS0092,PRD029,2,318.8,0.0,637.6,341.6,296.0,Store
SAL03679,2023-08-18,STR01,CUS0024,PRD073,2,252.83,0.2,404.53,335.64,68.89,Online
SAL03680,2024-09-15,STR12,CUS0036,PRD038,1,588.04,0.05,558.64,383.18,175.46,Online
SAL03681,2024-06-21,STR01,CUS0108,PRD035,6,285.91,0.1,1543.91,884.34,659.57,Online
SAL03682,2024-03-20,STR03,CUS0152,PRD004,1,277.55,0.1,249.8,131.19,118.61,App
SAL03683,2023-04-02,STR07,CUS0050,PRD031,2,607.09,0.05,1153.47,623.6,529.87,Store
SAL03684,2025-07-30,STR05,CUS0067,PRD028,4,167.14,0.05,635.13,327.08,308.05,App
SAL03685,2023-08-25,STR08,CUS0144,PRD033,1,82.66,0.0,82.66,57.52,25.14,Store
SAL03686,2025-04-30,STR07,CUS0025,PRD049,1,535.39,0.0,535.39,243.87,291.52,Online
SAL03687,2022-07-22,STR08,CUS0122,PRD059,1,494.95,0.05,470.2,285.33,184.87,App
SAL03688,2023-12-11,STR02,CUS0085,PRD069,3,393.75,0.0,1181.25,633.69,547.56,Store
SAL03689,2023-04-22,STR01,CUS0061,PRD070,1,326.09,0.0,326.09,220.82,105.27,Online
SAL03690,2022-07-10,STR09,CUS0014,PRD021,1,732.57,0.15,622.68,388.69,233.99,Online
SAL03691,2024-04-22,STR12,CUS0273,PRD061,1,60.41,0.0,60.41,31.04,29.37,App
SAL03692,2022-08-19,STR08,CUS0049,PRD014,1,469.29,0.0,469.29,320.0,149.29,App
SAL03693,2025-07-02,STR05,CUS0201,PRD045,1,74.57,0.05,70.84,34.38,36.46,App
SAL03694,2025-08-13,STR09,CUS0170,PRD055,2,402.22,0.15,683.77,422.64,261.13,Online
SAL03695,2025-03-11,STR08,CUS0187,PRD059,2,494.95,0.1,890.91,570.66,320.25,Store
SAL03696,2023-05-02,STR07,CUS0116,PRD029,3,318.8,0.15,812.94,512.4,300.54,Online
SAL03697,2022-01-28,STR08,CUS0144,PRD041,1,500.06,0.1,450.05,248.09,201.96,Store
SAL03698,2024-11-30,STR10,CUS0299,PRD003,1,460.37,0.15,391.31,234.76,156.55,App
SAL03699,2022-07-10,STR12,CUS0112,PRD075,1,453.11,0.2,362.49,269.73,92.76,Online
SAL03700,2023-09-01,STR09,CUS0145,PRD068,1,193.87,0.15,164.79,136.34,28.45,Online
SAL03701,2024-07-28,STR04,CUS0084,PRD041,2,500.06,0.2,800.1,496.18,303.92,Store
SAL03702,2023-12-17,STR05,CUS0003,PRD069,2,393.75,0.0,787.5,422.46,365.04,Store
SAL03703,2022-10-28,STR04,CUS0136,PRD025,2,395.29,0.0,790.58,509.58,281.0,Online
SAL03704,2023-06-16,STR03,CUS0279,PRD079,1,665.32,0.0,665.32,338.88,326.44,Online
SAL03705,2025-01-15,STR01,CUS0002,PRD005,3,245.1,0.0,735.3,523.47,211.83,Online
SAL03706,2023-04-12,STR06,CUS0179,PRD060,2,118.37,0.0,236.74,155.46,81.28,Online
SAL03707,2025-05-30,STR12,CUS0104,PRD045,2,74.57,0.2,119.31,68.76,50.55,App
SAL03708,2023-07-11,STR12,CUS0149,PRD056,3,434.96,0.0,1304.88,783.42,521.46,Online
SAL03709,2023-07-07,STR03,CUS0271,PRD027,3,167.97,0.0,503.91,253.56,250.35,Store
SAL03710,2024-08-27,STR03,CUS0242,PRD014,1,469.29,0.2,375.43,320.0,55.43,App
SAL03711,2023-08-10,STR04,CUS0027,PRD026,1,434.62,0.2,347.7,248.69,99.01,Online
SAL03712,2023-05-29,STR02,CUS0084,PRD065,1,361.03,0.05,342.98,256.52,86.46,Store
SAL03713,2023-04-26,STR11,CUS0116,PRD050,1,289.93,0.0,289.93,202.54,87.39,Store
SAL03714,2023-03-07,STR12,CUS0028,PRD070,1,326.09,0.0,326.09,220.82,105.27,App
SAL03715,2023-06-12,STR12,CUS0275,PRD002,1,528.99,0.1,476.09,347.39,128.7,App
SAL03716,2024-08-14,STR02,CUS0041,PRD055,2,402.22,0.0,804.44,422.64,381.8,Online
SAL03717,2022-09-30,STR05,CUS0011,PRD065,5,361.03,0.0,1805.15,1282.6,522.55,App
SAL03718,2022-10-14,STR07,CUS0031,PRD030,3,396.17,0.0,1188.51,720.12,468.39,App
SAL03719,2022-09-10,STR03,CUS0248,PRD060,1,118.37,0.0,118.37,77.73,40.64,Store
SAL03720,2022-09-15,STR02,CUS0228,PRD018,2,703.6,0.15,1196.12,675.84,520.28,Online
SAL03721,2025-02-28,STR01,CUS0055,PRD067,2,338.84,0.1,609.91,382.56,227.35,App
SAL03722,2024-05-21,STR07,CUS0233,PRD013,2,332.19,0.05,631.16,303.66,327.5,Store
SAL03723,2024-03-29,STR02,CUS0066,PRD048,1,65.44,0.0,65.44,45.9,19.54,Store
SAL03724,2025-04-05,STR04,CUS0248,PRD054,1,167.08,0.2,133.66,80.96,52.7,App
SAL03725,2023-12-26,STR02,CUS0059,PRD058,1,428.07,0.0,428.07,284.8,143.27,Online
SAL03726,2024-10-06,STR09,CUS0203,PRD001,1,769.25,0.05,730.79,373.76,357.03,App
SAL03727,2023-06-24,STR07,CUS0141,PRD056,2,434.96,0.15,739.43,522.28,217.15,Online
SAL03728,2024-05-01,STR08,CUS0149,PRD013,1,332.19,0.0,332.19,151.83,180.36,Online
SAL03729,2022-10-10,STR07,CUS0160,PRD078,1,149.61,0.1,134.65,72.85,61.8,App
SAL03730,2022-07-06,STR11,CUS0099,PRD043,1,108.59,0.05,103.16,54.96,48.2,Online
SAL03731,2022-05-24,STR03,CUS0176,PRD024,2,582.46,0.0,1164.92,673.06,491.86,Online
SAL03732,2024-05-12,STR09,CUS0195,PRD057,1,52.44,0.1,47.2,36.78,10.42,App
SAL03733,2023-02-02,STR04,CUS0247,PRD063,2,447.14,0.15,760.14,627.96,132.18,App
SAL03734,2025-01-06,STR07,CUS0046,PRD048,2,65.44,0.15,111.25,91.8,19.45,Online
SAL03735,2024-10-20,STR12,CUS0115,PRD005,1,245.1,0.0,245.1,174.49,70.61,App
SAL03736,2024-04-04,STR12,CUS0246,PRD032,1,570.78,0.2,456.62,326.53,130.09,Store
SAL03737,2022-03-09,STR11,CUS0136,PRD013,1,332.19,0.15,282.36,151.83,130.53,Store
SAL03738,2022-10-15,STR12,CUS0181,PRD079,1,665.32,0.15,565.52,338.88,226.64,Store
SAL03739,2023-12-31,STR06,CUS0040,PRD057,1,52.44,0.15,44.57,36.78,7.79,Store
SAL03740,2022-07-27,STR12,CUS0195,PRD080,4,390.71,0.15,1328.41,714.76,613.65,App
SAL03741,2023-05-24,STR04,CUS0073,PRD029,2,318.8,0.0,637.6,341.6,296.0,App
SAL03742,2023-11-16,STR08,CUS0250,PRD040,1,107.82,0.0,107.82,56.81,51.01,Online
SAL03743,2022-08-27,STR02,CUS0215,PRD076,5,841.57,0.15,3576.67,1916.1,1660.57,Store
SAL03744,2023-08-09,STR11,CUS0177,PRD047,1,470.23,0.15,399.7,300.2,99.5,App
SAL03745,2024-07-06,STR09,CUS0118,PRD030,2,396.17,0.2,633.87,480.08,153.79,Online
SAL03746,2023-05-26,STR03,CUS0202,PRD012,1,580.87,0.2,464.7,387.01,77.69,App
SAL03747,2024-05-31,STR07,CUS0009,PRD075,1,453.11,0.0,453.11,269.73,183.38,App
SAL03748,2022-12-28,STR06,CUS0045,PRD066,1,180.08,0.15,153.07,124.07,29.0,App
SAL03749,2024-09-13,STR01,CUS0204,PRD053,1,139.83,0.15,118.86,79.48,39.38,Store
SAL03750,2024-01-15,STR09,CUS0295,PRD004,1,277.55,0.0,277.55,131.19,146.36,Online
SAL03751,2022-07-26,STR04,CUS0268,PRD011,1,450.62,0.0,450.62,205.91,244.71,Store
SAL03752,2023-06-16,STR04,CUS0291,PRD036,1,638.05,0.05,606.15,315.24,290.91,Store
SAL03753,2024-10-30,STR09,CUS0223,PRD042,1,213.13,0.0,213.13,102.36,110.77,App
SAL03754,2022-09-19,STR08,CUS0256,PRD067,2,338.84,0.1,609.91,382.56,227.35,App
SAL03755,2023-06-28,STR08,CUS0146,PRD032,1,570.78,0.0,570.78,326.53,244.25,Online
SAL03756,2023-09-12,STR12,CUS0049,PRD034,2,539.68,0.05,1025.39,583.58,441.81,Online
SAL03757,2025-02-21,STR02,CUS0074,PRD050,2,289.93,0.2,463.89,405.08,58.81,App
SAL03758,2022-06-22,STR04,CUS0149,PRD063,1,447.14,0.0,447.14,313.98,133.16,App
SAL03759,2025-05-16,STR08,CUS0147,PRD053,1,139.83,0.0,139.83,79.48,60.35,Store
SAL03760,2023-02-23,STR03,CUS0103,PRD078,3,149.61,0.05,426.39,218.55,207.84,App
SAL03761,2025-05-18,STR09,CUS0155,PRD031,3,607.09,0.05,1730.21,935.4,794.81,Store
SAL03762,2024-03-20,STR10,CUS0089,PRD078,1,149.61,0.2,119.69,72.85,46.84,Online
SAL03763,2024-08-30,STR11,CUS0216,PRD014,2,469.29,0.0,938.58,640.0,298.58,App
SAL03764,2025-03-03,STR09,CUS0021,PRD076,1,841.57,0.0,841.57,383.22,458.35,Online
SAL03765,2024-06-12,STR03,CUS0270,PRD034,3,539.68,0.05,1538.09,875.37,662.72,Store
SAL03766,2024-11-06,STR04,CUS0245,PRD057,1,52.44,0.0,52.44,36.78,15.66,Store
SAL03767,2022-04-24,STR09,CUS0173,PRD024,3,582.46,0.0,1747.38,1009.59,737.79,Store
SAL03768,2022-01-12,STR07,CUS0239,PRD072,1,499.84,0.05,474.85,300.4,174.45,Store
SAL03769,2025-02-13,STR05,CUS0004,PRD035,1,285.91,0.2,228.73,147.39,81.34,Store
SAL03770,2022-03-11,STR12,CUS0227,PRD080,2,390.71,0.0,781.42,357.38,424.04,Online
SAL03771,2025-02-01,STR06,CUS0218,PRD060,1,118.37,0.15,100.61,77.73,22.88,Store
SAL03772,2023-02-19,STR07,CUS0156,PRD017,1,86.4,0.2,69.12,47.35,21.77,App
SAL03773,2025-04-07,STR06,CUS0265,PRD052,3,660.22,0.2,1584.53,1179.57,404.96,Store
SAL03774,2022-09-26,STR02,CUS0092,PRD053,2,139.83,0.05,265.68,158.96,106.72,Online
SAL03775,2022-07-19,STR02,CUS0237,PRD010,1,307.16,0.0,307.16,163.43,143.73,Online
SAL03776,2022-10-09,STR05,CUS0284,PRD019,3,404.77,0.0,1214.31,837.99,376.32,Online
SAL03777,2025-01-16,STR12,CUS0015,PRD059,2,494.95,0.15,841.41,570.66,270.75,Online
SAL03778,2023-04-25,STR06,CUS0012,PRD001,1,769.25,0.2,615.4,373.76,241.64,Online
SAL03779,2025-04-17,STR12,CUS0171,PRD034,1,539.68,0.1,485.71,291.79,193.92,Store
SAL03780,2024-02-11,STR07,CUS0213,PRD063,1,447.14,0.0,447.14,313.98,133.16,App
SAL03781,2024-12-30,STR05,CUS0266,PRD059,1,494.95,0.0,494.95,285.33,209.62,Store
SAL03782,2023-09-21,STR02,CUS0128,PRD070,2,326.09,0.0,652.18,441.64,210.54,Online
SAL03783,2024-07-19,STR08,CUS0024,PRD056,2,434.96,0.1,782.93,522.28,260.65,Store
SAL03784,2023-01-19,STR10,CUS0180,PRD026,1,434.62,0.0,434.62,248.69,185.93,App
SAL03785,2022-05-15,STR05,CUS0066,PRD023,3,336.46,0.0,1009.38,674.16,335.22,Store
SAL03786,2024-01-13,STR09,CUS0278,PRD037,1,72.87,0.0,72.87,49.29,23.58,Online
SAL03787,2025-04-05,STR06,CUS0097,PRD002,2,528.99,0.2,846.38,694.78,151.6,Store
SAL03788,2022-07-20,STR08,CUS0056,PRD040,1,107.82,0.05,102.43,56.81,45.62,App
SAL03789,2023-07-03,STR07,CUS0160,PRD046,1,533.74,0.0,533.74,349.25,184.49,Online
SAL03790,2023-12-05,STR11,CUS0053,PRD013,1,332.19,0.2,265.75,151.83,113.92,App
SAL03791,2024-03-28,STR11,CUS0017,PRD014,4,469.29,0.0,1877.16,1280.0,597.16,Online
SAL03792,2022-07-29,STR10,CUS0114,PRD060,1,118.37,0.15,100.61,77.73,22.88,App
SAL03793,2024-01-01,STR10,CUS0087,PRD011,1,450.62,0.1,405.56,205.91,199.65,App
SAL03794,2023-09-13,STR09,CUS0161,PRD031,1,607.09,0.0,607.09,311.8,295.29,Online
SAL03795,2025-07-23,STR11,CUS0005,PRD072,1,499.84,0.0,499.84,300.4,199.44,Store
SAL03796,2024-07-01,STR02,CUS0244,PRD059,2,494.95,0.0,989.9,570.66,419.24,Online
SAL03797,2025-04-09,STR06,CUS0054,PRD063,2,447.14,0.05,849.57,627.96,221.61,App
SAL03798,2025-07-14,STR04,CUS0174,PRD065,1,361.03,0.2,288.82,256.52,32.3,App
SAL03799,2024-05-27,STR11,CUS0050,PRD001,2,769.25,0.05,1461.57,747.52,714.05,Online
SAL03800,2022-07-13,STR10,CUS0250,PRD035,2,285.91,0.0,571.82,294.78,277.04,Store
SAL03801,2023-08-12,STR11,CUS0002,PRD068,1,193.87,0.0,193.87,136.34,57.53,Store
SAL03802,2024-09-26,STR03,CUS0082,PRD069,1,393.75,0.1,354.38,211.23,143.15,App
SAL03803,2022-06-29,STR05,CUS0207,PRD006,2,365.95,0.2,585.52,413.5,172.02,Store
SAL03804,2023-05-19,STR06,CUS0200,PRD078,3,149.61,0.1,403.95,218.55,185.4,App
SAL03805,2023-05-17,STR03,CUS0017,PRD038,3,588.04,0.15,1499.5,1149.54,349.96,App
SAL03806,2022-08-14,STR07,CUS0238,PRD032,2,570.78,0.0,1141.56,653.06,488.5,Online
SAL03807,2022-01-27,STR11,CUS0213,PRD017,2,86.4,0.0,172.8,94.7,78.1,App
SAL03808,2024-06-28,STR09,CUS0067,PRD058,3,428.07,0.0,1284.21,854.4,429.81,Store
SAL03809,2024-12-17,STR07,CUS0282,PRD031,1,607.09,0.0,607.09,311.8,295.29,Online
SAL03810,2025-05-15,STR01,CUS0212,PRD023,4,336.46,0.0,1345.84,898.88,446.96,App
SAL03811,2024-02-13,STR10,CUS0187,PRD002,1,528.99,0.1,476.09,347.39,128.7,Store
SAL03812,2022-08-29,STR09,CUS0270,PRD016,1,565.24,0.1,508.72,261.92,246.8,Store
SAL03813,2025-03-27,STR01,CUS0127,PRD001,1,769.25,0.0,769.25,373.76,395.49,Online
SAL03814,2025-07-06,STR09,CUS0234,PRD025,1,395.29,0.0,395.29,254.79,140.5,App
SAL03815,2025-06-05,STR12,CUS0269,PRD051,1,428.0,0.05,406.6,224.16,182.44,App
SAL03816,2024-01-20,STR01,CUS0080,PRD021,3,732.57,0.2,1758.17,1166.07,592.1,Store
SAL03817,2025-03-16,STR02,CUS0233,PRD002,2,528.99,0.0,1057.98,694.78,363.2,App
SAL03818,2025-07-29,STR10,CUS0218,PRD009,1,337.72,0.15,287.06,227.99,59.07,Store
SAL03819,2025-03-17,STR12,CUS0105,PRD022,4,447.25,0.1,1610.1,1262.72,347.38,Online
SAL03820,2022-04-02,STR03,CUS0201,PRD049,2,535.39,0.0,1070.78,487.74,583.04,Online
SAL03821,2022-06-28,STR06,CUS0036,PRD035,2,285.91,0.2,457.46,294.78,162.68,App
SAL03822,2023-02-01,STR09,CUS0297,PRD009,3,337.72,0.0,1013.16,683.97,329.19,Online
SAL03823,2023-06-05,STR08,CUS0065,PRD001,1,769.25,0.15,653.86,373.76,280.1,Store
SAL03824,2022-07-17,STR12,CUS0086,PRD080,3,390.71,0.1,1054.92,536.07,518.85,Online
SAL03825,2025-08-05,STR07,CUS0287,PRD020,2,144.97,0.0,289.94,152.4,137.54,Online
SAL03826,2024-11-11,STR05,CUS0122,PRD069,3,393.75,0.1,1063.12,633.69,429.43,Store
SAL03827,2024-06-03,STR09,CUS0103,PRD050,1,289.93,0.1,260.94,202.54,58.4,App
SAL03828,2025-06-25,STR11,CUS0250,PRD070,1,326.09,0.15,277.18,220.82,56.36,Online
SAL03829,2023-02-28,STR06,CUS0166,PRD079,1,665.32,0.1,598.79,338.88,259.91,Store
SAL03830,2024-07-29,STR12,CUS0073,PRD007,2,297.96,0.0,595.92,347.56,248.36,Store
SAL03831,2025-06-08,STR09,CUS0186,PRD047,4,470.23,0.1,1692.83,1200.8,492.03,Online
SAL03832,2022-04-20,STR09,CUS0077,PRD059,1,494.95,0.15,420.71,285.33,135.38,Store
SAL03833,2024-03-07,STR11,CUS0205,PRD034,2,539.68,0.0,1079.36,583.58,495.78,App
SAL03834,2024-11-22,STR07,CUS0050,PRD067,2,338.84,0.0,677.68,382.56,295.12,App
SAL03835,2022-01-22,STR06,CUS0014,PRD077,1,517.67,0.0,517.67,306.08,211.59,App
SAL03836,2025-03-23,STR04,CUS0188,PRD063,3,447.14,0.0,1341.42,941.94,399.48,App
SAL03837,2023-07-07,STR02,CUS0210,PRD020,1,144.97,0.0,144.97,76.2,68.77,App
SAL03838,2022-08-12,STR11,CUS0030,PRD075,1,453.11,0.2,362.49,269.73,92.76,App
SAL03839,2025-01-30,STR07,CUS0034,PRD039,5,267.3,0.05,1269.67,881.25,388.42,App
SAL03840,2022-09-11,STR11,CUS0081,PRD042,1,213.13,0.0,213.13,102.36,110.77,Store
SAL03841,2023-01-06,STR10,CUS0261,PRD060,1,118.37,0.15,100.61,77.73,22.88,App
SAL03842,2023-11-20,STR06,CUS0141,PRD013,1,332.19,0.2,265.75,151.83,113.92,Online
SAL03843,2025-04-25,STR02,CUS0042,PRD070,1,326.09,0.1,293.48,220.82,72.66,App
SAL03844,2023-10-10,STR11,CUS0243,PRD016,1,565.24,0.0,565.24,261.92,303.32,App
SAL03845,2025-04-12,STR09,CUS0173,PRD036,1,638.05,0.0,638.05,315.24,322.81,App
SAL03846,2022-03-10,STR10,CUS0139,PRD062,2,210.83,0.0,421.66,206.14,215.52,Store
SAL03847,2022-11-12,STR03,CUS0296,PRD006,2,365.95,0.05,695.3,413.5,281.8,Store
SAL03848,2023-02-10,STR07,CUS0265,PRD071,1,618.33,0.0,618.33,332.7,285.63,App
SAL03849,2023-08-17,STR08,CUS0012,PRD070,3,326.09,0.15,831.53,662.46,169.07,Store
SAL03850,2023-07-27,STR09,CUS0029,PRD003,2,460.37,0.15,782.63,469.52,313.11,App
SAL03851,2022-02-23,STR08,CUS0183,PRD003,3,460.37,0.2,1104.89,704.28,400.61,Store
SAL03852,2024-09-18,STR08,CUS0292,PRD011,3,450.62,0.0,1351.86,617.73,734.13,Store
SAL03853,2024-10-01,STR06,CUS0229,PRD042,1,213.13,0.15,181.16,102.36,78.8,Store
SAL03854,2023-08-29,STR06,CUS0066,PRD079,1,665.32,0.0,665.32,338.88,326.44,App
SAL03855,2022-04-17,STR09,CUS0216,PRD048,2,65.44,0.0,130.88,91.8,39.08,App
SAL03856,2023-12-30,STR07,CUS0138,PRD071,1,618.33,0.2,494.66,332.7,161.96,App
SAL03857,2022-06-22,STR02,CUS0001,PRD002,1,528.99,0.0,528.99,347.39,181.6,App
SAL03858,2025-07-17,STR03,CUS0057,PRD072,1,499.84,0.2,399.87,300.4,99.47,Store
SAL03859,2024-04-05,STR05,CUS0079,PRD049,2,535.39,0.15,910.16,487.74,422.42,Store
SAL03860,2024-08-29,STR08,CUS0147,PRD038,3,588.04,0.15,1499.5,1149.54,349.96,Store
SAL03861,2022-01-26,STR06,CUS0070,PRD001,1,769.25,0.0,769.25,373.76,395.49,App
SAL03862,2023-05-19,STR11,CUS0202,PRD006,1,365.95,0.05,347.65,206.75,140.9,Store
SAL03863,2025-04-10,STR07,CUS0138,PRD040,3,107.82,0.0,323.46,170.43,153.03,App
SAL03864,2023-05-18,STR12,CUS0243,PRD047,1,470.23,0.05,446.72,300.2,146.52,Store
SAL03865,2022-02-17,STR08,CUS0273,PRD037,5,72.87,0.05,346.13,246.45,99.68,Online
SAL03866,2024-06-07,STR04,CUS0198,PRD059,1,494.95,0.0,494.95,285.33,209.62,App
SAL03867,2024-07-10,STR06,CUS0109,PRD069,1,393.75,0.05,374.06,211.23,162.83,Store
SAL03868,2023-03-20,STR10,CUS0016,PRD069,4,393.75,0.0,1575.0,844.92,730.08,App
SAL03869,2024-11-27,STR12,CUS0019,PRD008,1,439.89,0.15,373.91,256.57,117.34,Online
SAL03870,2025-02-02,STR11,CUS0137,PRD032,1,570.78,0.05,542.24,326.53,215.71,Online
SAL03871,2024-11-02,STR01,CUS0259,PRD011,1,450.62,0.2,360.5,205.91,154.59,Online
SAL03872,2023-06-23,STR11,CUS0024,PRD018,1,703.6,0.0,703.6,337.92,365.68,Store
SAL03873,2023-03-29,STR06,CUS0008,PRD025,1,395.29,0.2,316.23,254.79,61.44,App
SAL03874,2025-05-31,STR08,CUS0177,PRD062,2,210.83,0.0,421.66,206.14,215.52,Store
SAL03875,2024-08-08,STR11,CUS0285,PRD056,1,434.96,0.2,347.97,261.14,86.83,Store
SAL03876,2024-01-01,STR07,CUS0246,PRD065,1,361.03,0.0,361.03,256.52,104.51,Online
SAL03877,2023-10-09,STR06,CUS0183,PRD047,2,470.23,0.0,940.46,600.4,340.06,Online
SAL03878,2022-12-19,STR09,CUS0212,PRD066,1,180.08,0.0,180.08,124.07,56.01,Online
SAL03879,2025-04-22,STR01,CUS0185,PRD070,2,326.09,0.15,554.35,441.64,112.71,Online
SAL03880,2025-04-29,STR09,CUS0137,PRD050,2,289.93,0.05,550.87,405.08,145.79,App
SAL03881,2022-04-23,STR05,CUS0206,PRD022,1,447.25,0.2,357.8,315.68,42.12,App
SAL03882,2024-05-30,STR04,CUS0058,PRD061,1,60.41,0.0,60.41,31.04,29.37,Store
SAL03883,2023-02-26,STR06,CUS0090,PRD007,1,297.96,0.0,297.96,173.78,124.18,Online
SAL03884,2023-11-04,STR06,CUS0136,PRD052,2,660.22,0.2,1056.35,786.38,269.97,Store
SAL03885,2022-05-31,STR08,CUS0147,PRD031,1,607.09,0.1,546.38,311.8,234.58,App
SAL03886,2024-12-07,STR10,CUS0070,PRD045,4,74.57,0.0,298.28,137.52,160.76,App
SAL03887,2024-12-01,STR05,CUS0147,PRD066,1,180.08,0.05,171.08,124.07,47.01,Store
SAL03888,2022-05-22,STR12,CUS0061,PRD037,3,72.87,0.15,185.82,147.87,37.95,Online
SAL03889,2022-04-09,STR06,CUS0019,PRD048,1,65.44,0.15,55.62,45.9,9.72,App
SAL03890,2023-05-09,STR04,CUS0109,PRD050,2,289.93,0.05,550.87,405.08,145.79,Store
SAL03891,2022-07-23,STR11,CUS0172,PRD055,2,402.22,0.0,804.44,422.64,381.8,Store
SAL03892,2024-11-25,STR10,CUS0054,PRD067,4,338.84,0.05,1287.59,765.12,522.47,App
SAL03893,2024-10-26,STR09,CUS0102,PRD016,1,565.24,0.15,480.45,261.92,218.53,Online
SAL03894,2025-02-15,STR06,CUS0179,PRD047,1,470.23,0.1,423.21,300.2,123.01,Online
SAL03895,2022-01-13,STR10,CUS0092,PRD021,3,732.57,0.1,1977.94,1166.07,811.87,Store
SAL03896,2022-01-18,STR11,CUS0127,PRD025,6,395.29,0.0,2371.74,1528.74,843.0,Online
SAL03897,2024-12-02,STR08,CUS0236,PRD010,1,307.16,0.15,261.09,163.43,97.66,Store
SAL03898,2025-02-24,STR01,CUS0267,PRD011,1,450.62,0.2,360.5,205.91,154.59,Store
SAL03899,2024-03-27,STR12,CUS0227,PRD049,1,535.39,0.2,428.31,243.87,184.44,Online
SAL03900,2022-07-26,STR07,CUS0100,PRD038,1,588.04,0.0,588.04,383.18,204.86,Online
SAL03901,2024-04-07,STR10,CUS0002,PRD070,1,326.09,0.1,293.48,220.82,72.66,Online
SAL03902,2025-02-25,STR08,CUS0080,PRD078,1,149.61,0.0,149.61,72.85,76.76,Online
SAL03903,2023-09-02,STR10,CUS0213,PRD029,1,318.8,0.2,255.04,170.8,84.24,Online
SAL03904,2025-02-28,STR10,CUS0130,PRD061,4,60.41,0.0,241.64,124.16,117.48,App
SAL03905,2024-11-05,STR07,CUS0246,PRD040,4,107.82,0.15,366.59,227.24,139.35,App
SAL03906,2022-05-20,STR04,CUS0299,PRD069,2,393.75,0.15,669.38,422.46,246.92,App
SAL03907,2022-06-11,STR07,CUS0042,PRD054,1,167.08,0.15,142.02,80.96,61.06,App
SAL03908,2024-07-19,STR11,CUS0270,PRD012,1,580.87,0.05,551.83,387.01,164.82,Online
SAL03909,2022-09-21,STR12,CUS0158,PRD050,1,289.93,0.0,289.93,202.54,87.39,App
SAL03910,2024-09-13,STR05,CUS0277,PRD008,2,439.89,0.0,879.78,513.14,366.64,Store
SAL03911,2022-04-18,STR11,CUS0213,PRD080,1,390.71,0.0,390.71,178.69,212.02,Store
SAL03912,2022-05-02,STR10,CUS0229,PRD009,5,337.72,0.15,1435.31,1139.95,295.36,Store
SAL03913,2025-06-11,STR04,CUS0165,PRD004,2,277.55,0.15,471.83,262.38,209.45,Store
SAL03914,2022-01-06,STR01,CUS0215,PRD018,2,703.6,0.0,1407.2,675.84,731.36,Online
SAL03915,2024-11-12,STR01,CUS0154,PRD063,1,447.14,0.0,447.14,313.98,133.16,App
SAL03916,2022-11-05,STR06,CUS0155,PRD069,1,393.75,0.1,354.38,211.23,143.15,Online
SAL03917,2022-03-08,STR07,CUS0227,PRD069,1,393.75,0.1,354.38,211.23,143.15,Online
SAL03918,2022-04-15,STR02,CUS0290,PRD048,3,65.44,0.15,166.87,137.7,29.17,Store
SAL03919,2023-02-28,STR02,CUS0265,PRD054,4,167.08,0.0,668.32,323.84,344.48,Store
SAL03920,2023-12-01,STR04,CUS0266,PRD064,2,508.25,0.05,965.67,585.0,380.67,Store
SAL03921,2023-09-22,STR12,CUS0267,PRD014,1,469.29,0.15,398.9,320.0,78.9,Store
SAL03922,2022-09-18,STR05,CUS0298,PRD045,4,74.57,0.0,298.28,137.52,160.76,Store
SAL03923,2025-07-30,STR06,CUS0134,PRD031,1,607.09,0.1,546.38,311.8,234.58,App
SAL03924,2024-03-11,STR03,CUS0104,PRD023,2,336.46,0.2,538.34,449.44,88.9,Online
SAL03925,2022-09-03,STR12,CUS0029,PRD067,1,338.84,0.0,338.84,191.28,147.56,Online
SAL03926,2023-01-16,STR08,CUS0164,PRD045,1,74.57,0.0,74.57,34.38,40.19,Store
SAL03927,2024-06-12,STR12,CUS0092,PRD050,3,289.93,0.05,826.3,607.62,218.68,Online
SAL03928,2025-02-17,STR02,CUS0171,PRD027,2,167.97,0.2,268.75,169.04,99.71,Online
SAL03929,2022-03-22,STR09,CUS0065,PRD077,1,517.67,0.2,414.14,306.08,108.06,Online
SAL03930,2022-09-02,STR08,CUS0069,PRD026,3,434.62,0.15,1108.28,746.07,362.21,Store
SAL03931,2022-01-09,STR02,CUS0106,PRD020,1,144.97,0.05,137.72,76.2,61.52,Online
SAL03932,2022-08-21,STR09,CUS0067,PRD005,1,245.1,0.15,208.33,174.49,33.84,Store
SAL03933,2022-09-19,STR01,CUS0195,PRD006,1,365.95,0.2,292.76,206.75,86.01,App
SAL03934,2022-07-10,STR04,CUS0199,PRD063,1,447.14,0.2,357.71,313.98,43.73,Online
SAL03935,2023-12-18,STR04,CUS0107,PRD036,2,638.05,0.0,1276.1,630.48,645.62,App
SAL03936,2025-07-09,STR03,CUS0002,PRD054,1,167.08,0.15,142.02,80.96,61.06,App
SAL03937,2024-07-14,STR04,CUS0107,PRD049,1,535.39,0.15,455.08,243.87,211.21,Online
SAL03938,2024-07-18,STR02,CUS0143,PRD051,1,428.0,0.15,363.8,224.16,139.64,Online
SAL03939,2022-04-11,STR11,CUS0281,PRD023,1,336.46,0.05,319.64,224.72,94.92,Store
SAL03940,2022-09-05,STR03,CUS0170,PRD022,2,447.25,0.0,894.5,631.36,263.14,Online
SAL03941,2023-03-01,STR11,CUS0138,PRD012,1,580.87,0.15,493.74,387.01,106.73,App
SAL03942,2025-08-04,STR02,CUS0180,PRD030,4,396.17,0.05,1505.45,960.16,545.29,Store
SAL03943,2022-08-03,STR09,CUS0196,PRD026,2,434.62,0.0,869.24,497.38,371.86,Store
SAL03944,2024-04-19,STR09,CUS0160,PRD034,1,539.68,0.0,539.68,291.79,247.89,Store
SAL03945,2024-02-23,STR11,CUS0027,PRD050,1,289.93,0.2,231.94,202.54,29.4,Store
SAL03946,2024-03-06,STR05,CUS0171,PRD032,1,570.78,0.15,485.16,326.53,158.63,Online
SAL03947,2023-11-01,STR05,CUS0087,PRD020,3,144.97,0.0,434.91,228.6,206.31,Online
SAL03948,2023-01-13,STR01,CUS0122,PRD047,2,470.23,0.2,752.37,600.4,151.97,Online
SAL03949,2023-07-18,STR04,CUS0060,PRD010,3,307.16,0.1,829.33,490.29,339.04,Store
SAL03950,2024-12-25,STR06,CUS0137,PRD001,3,769.25,0.15,1961.59,1121.28,840.31,App
SAL03951,2024-08-30,STR08,CUS0070,PRD078,1,149.61,0.0,149.61,72.85,76.76,App
SAL03952,2023-12-03,STR05,CUS0101,PRD022,2,447.25,0.0,894.5,631.36,263.14,App
SAL03953,2024-05-15,STR06,CUS0019,PRD063,2,447.14,0.05,849.57,627.96,221.61,App
SAL03954,2025-07-03,STR06,CUS0113,PRD029,2,318.8,0.0,637.6,341.6,296.0,Online
SAL03955,2022-11-29,STR09,CUS0123,PRD052,2,660.22,0.0,1320.44,786.38,534.06,App
SAL03956,2024-09-24,STR09,CUS0033,PRD072,1,499.84,0.2,399.87,300.4,99.47,Store
SAL03957,2022-03-27,STR04,CUS0134,PRD072,2,499.84,0.1,899.71,600.8,298.91,App
SAL03958,2022-03-24,STR09,CUS0153,PRD057,1,52.44,0.2,41.95,36.78,5.17,Online
SAL03959,2023-04-01,STR01,CUS0287,PRD075,1,453.11,0.0,453.11,269.73,183.38,Online
SAL03960,2024-08-26,STR12,CUS0251,PRD047,1,470.23,0.0,470.23,300.2,170.03,Store
SAL03961,2024-03-30,STR08,CUS0002,PRD068,1,193.87,0.1,174.48,136.34,38.14,App
SAL03962,2024-12-17,STR11,CUS0208,PRD017,3,86.4,0.05,246.24,142.05,104.19,Store
SAL03963,2022-04-16,STR01,CUS0148,PRD074,2,778.55,0.0,1557.1,752.24,804.86,Online
SAL03964,2024-10-07,STR01,CUS0190,PRD059,2,494.95,0.0,989.9,570.66,419.24,Online
SAL03965,2024-08-04,STR06,CUS0008,PRD041,2,500.06,0.05,950.11,496.18,453.93,App
SAL03966,2022-01-16,STR06,CUS0178,PRD051,1,428.0,0.1,385.2,224.16,161.04,App
SAL03967,2024-09-10,STR11,CUS0020,PRD079,1,665.32,0.05,632.05,338.88,293.17,Online
SAL03968,2022-04-27,STR10,CUS0204,PRD069,1,393.75,0.05,374.06,211.23,162.83,App
SAL03969,2024-02-17,STR04,CUS0084,PRD018,1,703.6,0.0,703.6,337.92,365.68,Online
SAL03970,2025-04-26,STR05,CUS0022,PRD024,3,582.46,0.0,1747.38,1009.59,737.79,Store
SAL03971,2023-04-23,STR04,CUS0205,PRD008,1,439.89,0.15,373.91,256.57,117.34,Store
SAL03972,2024-06-19,STR01,CUS0054,PRD074,1,778.55,0.2,622.84,376.12,246.72,Online
SAL03973,2024-06-15,STR02,CUS0241,PRD073,1,252.83,0.15,214.91,167.82,47.09,Store
SAL03974,2022-03-29,STR06,CUS0124,PRD049,1,535.39,0.1,481.85,243.87,237.98,Store
SAL03975,2022-12-13,STR12,CUS0155,PRD012,1,580.87,0.0,580.87,387.01,193.86,Store
SAL03976,2025-01-15,STR07,CUS0281,PRD020,1,144.97,0.0,144.97,76.2,68.77,Store
SAL03977,2023-08-19,STR03,CUS0111,PRD019,1,404.77,0.1,364.29,279.33,84.96,Online
SAL03978,2024-09-08,STR01,CUS0139,PRD016,3,565.24,0.15,1441.36,785.76,655.6,Store
SAL03979,2023-09-28,STR05,CUS0169,PRD037,4,72.87,0.0,291.48,197.16,94.32,Store
SAL03980,2023-10-23,STR03,CUS0080,PRD034,1,539.68,0.0,539.68,291.79,247.89,Store
SAL03981,2024-10-06,STR04,CUS0077,PRD003,3,460.37,0.15,1173.94,704.28,469.66,Store
SAL03982,2023-02-19,STR01,CUS0008,PRD008,1,439.89,0.0,439.89,256.57,183.32,Store
SAL03983,2025-08-13,STR09,CUS0230,PRD017,3,86.4,0.1,233.28,142.05,91.23,Store
SAL03984,2022-09-09,STR05,CUS0083,PRD070,1,326.09,0.15,277.18,220.82,56.36,Store
SAL03985,2024-02-16,STR11,CUS0032,PRD043,2,108.59,0.1,195.46,109.92,85.54,Online
SAL03986,2022-02-26,STR12,CUS0050,PRD073,3,252.83,0.0,758.49,503.46,255.03,Online
SAL03987,2023-04-12,STR10,CUS0083,PRD030,2,396.17,0.0,792.34,480.08,312.26,Online
SAL03988,2023-09-07,STR07,CUS0249,PRD015,1,339.66,0.0,339.66,183.65,156.01,App
SAL03989,2023-09-03,STR05,CUS0266,PRD036,1,638.05,0.05,606.15,315.24,290.91,App
SAL03990,2025-05-05,STR05,CUS0193,PRD063,1,447.14,0.0,447.14,313.98,133.16,App
SAL03991,2025-01-24,STR08,CUS0233,PRD077,2,517.67,0.1,931.81,612.16,319.65,Online
SAL03992,2025-07-09,STR02,CUS0193,PRD028,1,167.14,0.0,167.14,81.77,85.37,Store
SAL03993,2023-09-05,STR01,CUS0097,PRD071,1,618.33,0.15,525.58,332.7,192.88,Online
SAL03994,2025-04-03,STR07,CUS0028,PRD006,2,365.95,0.0,731.9,413.5,318.4,Store
SAL03995,2023-08-21,STR03,CUS0029,PRD049,3,535.39,0.05,1525.86,731.61,794.25,Store
SAL03996,2022-07-07,STR07,CUS0172,PRD016,5,565.24,0.05,2684.89,1309.6,1375.29,App
SAL03997,2024-09-19,STR02,CUS0216,PRD021,1,732.57,0.05,695.94,388.69,307.25,App
SAL03998,2023-07-09,STR03,CUS0220,PRD026,1,434.62,0.1,391.16,248.69,142.47,Store
SAL03999,2022-02-02,STR10,CUS0165,PRD038,1,588.04,0.15,499.83,383.18,116.65,App
SAL04000,2022-07-04,STR12,CUS0241,PRD074,1,778.55,0.05,739.62,376.12,363.5,Online
SAL04001,2023-02-23,STR12,CUS0279,PRD026,4,434.62,0.15,1477.71,994.76,482.95,Store
SAL04002,2025-08-01,STR09,CUS0100,PRD039,1,267.3,0.0,267.3,176.25,91.05,Store
SAL04003,2024-04-15,STR03,CUS0222,PRD036,3,638.05,0.1,1722.73,945.72,777.01,Store
SAL04004,2023-06-13,STR03,CUS0096,PRD022,1,447.25,0.1,402.53,315.68,86.85,Store
SAL04005,2022-01-19,STR12,CUS0268,PRD026,1,434.62,0.2,347.7,248.69,99.01,Store
SAL04006,2024-11-12,STR06,CUS0257,PRD026,1,434.62,0.0,434.62,248.69,185.93,App
SAL04007,2024-05-24,STR06,CUS0112,PRD021,1,732.57,0.1,659.31,388.69,270.62,Store
SAL04008,2022-08-17,STR08,CUS0075,PRD050,2,289.93,0.15,492.88,405.08,87.8,Store
SAL04009,2024-02-23,STR01,CUS0150,PRD075,3,453.11,0.15,1155.43,809.19,346.24,App
SAL04010,2022-09-01,STR05,CUS0143,PRD013,3,332.19,0.0,996.57,455.49,541.08,Store
SAL04011,2022-05-06,STR03,CUS0174,PRD040,2,107.82,0.0,215.64,113.62,102.02,App
SAL04012,2023-06-02,STR06,CUS0129,PRD020,2,144.97,0.05,275.44,152.4,123.04,Online
SAL04013,2022-07-18,STR11,CUS0268,PRD004,2,277.55,0.2,444.08,262.38,181.7,App
SAL04014,2023-03-22,STR10,CUS0113,PRD073,1,252.83,0.15,214.91,167.82,47.09,Store
SAL04015,2022-01-29,STR05,CUS0018,PRD045,2,74.57,0.05,141.68,68.76,72.92,Store
SAL04016,2023-06-03,STR04,CUS0097,PRD079,1,665.32,0.15,565.52,338.88,226.64,Online
SAL04017,2023-02-06,STR06,CUS0058,PRD036,1,638.05,0.0,638.05,315.24,322.81,Online
SAL04018,2025-06-16,STR04,CUS0120,PRD071,1,618.33,0.15,525.58,332.7,192.88,App
SAL04019,2023-12-28,STR11,CUS0261,PRD058,1,428.07,0.1,385.26,284.8,100.46,Online
SAL04020,2022-10-29,STR12,CUS0041,PRD080,1,390.71,0.2,312.57,178.69,133.88,App
SAL04021,2023-10-06,STR04,CUS0175,PRD003,1,460.37,0.2,368.3,234.76,133.54,Store
SAL04022,2024-08-14,STR06,CUS0138,PRD075,1,453.11,0.1,407.8,269.73,138.07,Online
SAL04023,2023-07-27,STR06,CUS0293,PRD047,3,470.23,0.0,1410.69,900.6,510.09,App
SAL04024,2025-06-06,STR08,CUS0177,PRD024,1,582.46,0.0,582.46,336.53,245.93,Store
SAL04025,2022-07-31,STR01,CUS0098,PRD024,1,582.46,0.0,582.46,336.53,245.93,Online
SAL04026,2025-07-05,STR07,CUS0287,PRD001,1,769.25,0.2,615.4,373.76,241.64,Store
SAL04027,2022-03-21,STR10,CUS0224,PRD072,1,499.84,0.2,399.87,300.4,99.47,Online
SAL04028,2025-06-25,STR07,CUS0153,PRD065,1,361.03,0.15,306.88,256.52,50.36,Online
SAL04029,2022-03-30,STR12,CUS0239,PRD037,3,72.87,0.15,185.82,147.87,37.95,Online
SAL04030,2023-03-04,STR05,CUS0051,PRD022,3,447.25,0.1,1207.58,947.04,260.54,Store
SAL04031,2023-09-23,STR06,CUS0195,PRD047,1,470.23,0.0,470.23,300.2,170.03,App
SAL04032,2023-01-18,STR03,CUS0293,PRD049,2,535.39,0.15,910.16,487.74,422.42,Store
SAL04033,2022-11-07,STR12,CUS0001,PRD059,2,494.95,0.0,989.9,570.66,419.24,Online
SAL04034,2025-06-01,STR11,CUS0189,PRD017,5,86.4,0.15,367.2,236.75,130.45,App
SAL04035,2024-11-28,STR02,CUS0053,PRD034,2,539.68,0.15,917.46,583.58,333.88,App
SAL04036,2023-07-05,STR06,CUS0189,PRD008,2,439.89,0.15,747.81,513.14,234.67,Online
SAL04037,2022-01-18,STR02,CUS0156,PRD023,4,336.46,0.0,1345.84,898.88,446.96,Online
SAL04038,2023-02-12,STR07,CUS0229,PRD053,1,139.83,0.15,118.86,79.48,39.38,App
SAL04039,2022-07-29,STR05,CUS0292,PRD004,4,277.55,0.0,1110.2,524.76,585.44,App
SAL04040,2024-04-13,STR07,CUS0292,PRD041,2,500.06,0.0,1000.12,496.18,503.94,Online
SAL04041,2024-06-23,STR04,CUS0128,PRD005,1,245.1,0.05,232.84,174.49,58.35,Online
SAL04042,2023-07-22,STR06,CUS0148,PRD022,1,447.25,0.2,357.8,315.68,42.12,Store
SAL04043,2022-06-11,STR07,CUS0013,PRD020,6,144.97,0.0,869.82,457.2,412.62,Online
SAL04044,2022-06-21,STR07,CUS0072,PRD029,1,318.8,0.15,270.98,170.8,100.18,Store
SAL04045,2023-01-08,STR05,CUS0113,PRD038,3,588.04,0.2,1411.3,1149.54,261.76,Store
SAL04046,2024-08-16,STR02,CUS0245,PRD027,1,167.97,0.0,167.97,84.52,83.45,Store
SAL04047,2024-12-03,STR02,CUS0098,PRD035,1,285.91,0.0,285.91,147.39,138.52,App
SAL04048,2025-02-16,STR11,CUS0172,PRD009,1,337.72,0.2,270.18,227.99,42.19,Online
SAL04049,2023-05-04,STR11,CUS0127,PRD069,1,393.75,0.0,393.75,211.23,182.52,App
SAL04050,2025-07-06,STR12,CUS0124,PRD047,1,470.23,0.0,470.23,300.2,170.03,App
SAL04051,2022-03-25,STR06,CUS0084,PRD024,1,582.46,0.0,582.46,336.53,245.93,App
SAL04052,2023-08-15,STR10,CUS0142,PRD052,2,660.22,0.05,1254.42,786.38,468.04,Online
SAL04053,2023-07-06,STR08,CUS0282,PRD057,3,52.44,0.0,157.32,110.34,46.98,Online
SAL04054,2022-10-04,STR05,CUS0196,PRD057,1,52.44,0.0,52.44,36.78,15.66,Store
SAL04055,2023-03-08,STR11,CUS0212,PRD065,2,361.03,0.2,577.65,513.04,64.61,Store
SAL04056,2022-11-05,STR11,CUS0239,PRD005,2,245.1,0.15,416.67,348.98,67.69,Store
SAL04057,2025-02-26,STR02,CUS0269,PRD059,3,494.95,0.15,1262.12,855.99,406.13,Store
SAL04058,2023-02-18,STR02,CUS0019,PRD009,1,337.72,0.0,337.72,227.99,109.73,Online
SAL04059,2025-04-25,STR01,CUS0269,PRD038,1,588.04,0.0,588.04,383.18,204.86,Online
SAL04060,2025-07-09,STR03,CUS0153,PRD078,1,149.61,0.0,149.61,72.85,76.76,Store
SAL04061,2024-11-06,STR05,CUS0247,PRD066,3,180.08,0.15,459.2,372.21,86.99,App
SAL04062,2024-01-04,STR05,CUS0014,PRD003,1,460.37,0.0,460.37,234.76,225.61,App
SAL04063,2024-02-03,STR11,CUS0028,PRD009,1,337.72,0.2,270.18,227.99,42.19,App
SAL04064,2023-03-14,STR03,CUS0225,PRD008,4,439.89,0.15,1495.63,1026.28,469.35,Store
SAL04065,2022-09-14,STR10,CUS0151,PRD010,2,307.16,0.0,614.32,326.86,287.46,Store
SAL04066,2022-06-18,STR10,CUS0292,PRD037,6,72.87,0.0,437.22,295.74,141.48,Store
SAL04067,2023-03-02,STR01,CUS0149,PRD054,1,167.08,0.0,167.08,80.96,86.12,Store
SAL04068,2024-04-16,STR01,CUS0038,PRD017,1,86.4,0.05,82.08,47.35,34.73,Store
SAL04069,2025-07-07,STR02,CUS0106,PRD036,2,638.05,0.0,1276.1,630.48,645.62,Online
SAL04070,2022-10-30,STR04,CUS0005,PRD048,2,65.44,0.0,130.88,91.8,39.08,Online
SAL04071,2024-02-23,STR08,CUS0263,PRD067,1,338.84,0.1,304.96,191.28,113.68,Online
SAL04072,2022-11-10,STR07,CUS0199,PRD005,2,245.1,0.0,490.2,348.98,141.22,Online
SAL04073,2024-12-19,STR11,CUS0184,PRD057,3,52.44,0.0,157.32,110.34,46.98,Online
SAL04074,2023-10-08,STR09,CUS0136,PRD015,2,339.66,0.0,679.32,367.3,312.02,Online
SAL04075,2023-09-14,STR07,CUS0171,PRD010,1,307.16,0.0,307.16,163.43,143.73,App
SAL04076,2022-01-26,STR05,CUS0062,PRD045,1,74.57,0.15,63.38,34.38,29.0,Store
SAL04077,2023-11-07,STR01,CUS0243,PRD059,1,494.95,0.15,420.71,285.33,135.38,Store
SAL04078,2022-05-07,STR04,CUS0176,PRD009,1,337.72,0.1,303.95,227.99,75.96,Online
SAL04079,2024-09-18,STR06,CUS0054,PRD015,1,339.66,0.0,339.66,183.65,156.01,Store
SAL04080,2024-04-04,STR03,CUS0223,PRD011,1,450.62,0.2,360.5,205.91,154.59,App
SAL04081,2022-04-18,STR05,CUS0050,PRD061,2,60.41,0.0,120.82,62.08,58.74,Online
SAL04082,2023-10-12,STR05,CUS0099,PRD079,1,665.32,0.0,665.32,338.88,326.44,Store
SAL04083,2024-03-07,STR11,CUS0054,PRD051,1,428.0,0.2,342.4,224.16,118.24,Online
SAL04084,2025-03-23,STR11,CUS0006,PRD042,1,213.13,0.0,213.13,102.36,110.77,App
SAL04085,2025-06-20,STR06,CUS0096,PRD064,2,508.25,0.0,1016.5,585.0,431.5,Store
SAL04086,2022-12-18,STR08,CUS0019,PRD016,1,565.24,0.0,565.24,261.92,303.32,Online
SAL04087,2023-08-18,STR03,CUS0096,PRD010,1,307.16,0.0,307.16,163.43,143.73,Online
SAL04088,2024-10-24,STR12,CUS0165,PRD019,1,404.77,0.0,404.77,279.33,125.44,App
SAL04089,2024-11-12,STR12,CUS0165,PRD040,2,107.82,0.15,183.29,113.62,69.67,Store
SAL04090,2023-01-01,STR09,CUS0011,PRD039,1,267.3,0.1,240.57,176.25,64.32,Online
SAL04091,2022-07-09,STR11,CUS0220,PRD005,2,245.1,0.1,441.18,348.98,92.2,Store
SAL04092,2025-01-25,STR04,CUS0118,PRD041,1,500.06,0.05,475.06,248.09,226.97,Store
SAL04093,2022-03-20,STR10,CUS0008,PRD013,1,332.19,0.15,282.36,151.83,130.53,App
SAL04094,2022-11-22,STR04,CUS0295,PRD079,2,665.32,0.2,1064.51,677.76,386.75,Store
SAL04095,2024-04-16,STR12,CUS0051,PRD076,3,841.57,0.2,2019.77,1149.66,870.11,Online
SAL04096,2023-03-09,STR10,CUS0014,PRD008,3,439.89,0.1,1187.7,769.71,417.99,App
SAL04097,2024-12-26,STR03,CUS0059,PRD065,2,361.03,0.2,577.65,513.04,64.61,App
SAL04098,2023-09-30,STR12,CUS0232,PRD080,1,390.71,0.0,390.71,178.69,212.02,App
SAL04099,2022-07-13,STR09,CUS0095,PRD018,1,703.6,0.1,633.24,337.92,295.32,Online
SAL04100,2022-12-27,STR06,CUS0040,PRD040,3,107.82,0.15,274.94,170.43,104.51,App
SAL04101,2023-02-28,STR06,CUS0077,PRD033,2,82.66,0.0,165.32,115.04,50.28,App
SAL04102,2025-07-26,STR12,CUS0153,PRD025,1,395.29,0.0,395.29,254.79,140.5,Store
SAL04103,2024-03-10,STR07,CUS0208,PRD020,2,144.97,0.0,289.94,152.4,137.54,App
SAL04104,2023-12-11,STR04,CUS0246,PRD023,4,336.46,0.1,1211.26,898.88,312.38,App
SAL04105,2024-12-25,STR07,CUS0202,PRD056,3,434.96,0.0,1304.88,783.42,521.46,App
SAL04106,2024-05-03,STR01,CUS0043,PRD009,1,337.72,0.0,337.72,227.99,109.73,Store
SAL04107,2025-06-20,STR11,CUS0290,PRD022,3,447.25,0.15,1140.49,947.04,193.45,Store
SAL04108,2024-03-01,STR05,CUS0076,PRD060,1,118.37,0.0,118.37,77.73,40.64,Store
SAL04109,2022-06-09,STR08,CUS0253,PRD055,3,402.22,0.05,1146.33,633.96,512.37,App
SAL04110,2024-08-27,STR11,CUS0120,PRD067,1,338.84,0.05,321.9,191.28,130.62,Online
SAL04111,2024-08-30,STR02,CUS0260,PRD059,1,494.95,0.0,494.95,285.33,209.62,Online
SAL04112,2022-09-15,STR12,CUS0262,PRD001,4,769.25,0.0,3077.0,1495.04,1581.96,Online
SAL04113,2024-11-22,STR10,CUS0258,PRD007,2,297.96,0.2,476.74,347.56,129.18,Store
SAL04114,2023-01-09,STR12,CUS0043,PRD046,5,533.74,0.15,2268.39,1746.25,522.14,Store
SAL04115,2024-11-11,STR06,CUS0050,PRD025,3,395.29,0.05,1126.58,764.37,362.21,App
SAL04116,2023-07-14,STR09,CUS0029,PRD023,2,336.46,0.0,672.92,449.44,223.48,App
SAL04117,2024-12-18,STR07,CUS0222,PRD032,1,570.78,0.0,570.78,326.53,244.25,App
SAL04118,2022-01-15,STR01,CUS0084,PRD050,2,289.93,0.0,579.86,405.08,174.78,Online
SAL04119,2022-12-12,STR12,CUS0167,PRD020,2,144.97,0.0,289.94,152.4,137.54,App
SAL04120,2022-07-10,STR11,CUS0196,PRD018,2,703.6,0.2,1125.76,675.84,449.92,Online
SAL04121,2022-02-03,STR07,CUS0288,PRD008,2,439.89,0.1,791.8,513.14,278.66,Online
SAL04122,2024-05-11,STR01,CUS0045,PRD015,1,339.66,0.1,305.69,183.65,122.04,Online
SAL04123,2024-10-04,STR10,CUS0123,PRD001,1,769.25,0.0,769.25,373.76,395.49,App
SAL04124,2022-04-15,STR11,CUS0093,PRD073,2,252.83,0.15,429.81,335.64,94.17,App
SAL04125,2023-09-07,STR08,CUS0201,PRD062,4,210.83,0.0,843.32,412.28,431.04,Online
SAL04126,2025-04-17,STR07,CUS0271,PRD003,1,460.37,0.0,460.37,234.76,225.61,Store
SAL04127,2022-07-15,STR10,CUS0299,PRD028,1,167.14,0.15,142.07,81.77,60.3,Online
SAL04128,2024-04-07,STR07,CUS0201,PRD006,3,365.95,0.15,933.17,620.25,312.92,Online
SAL04129,2024-01-05,STR01,CUS0220,PRD064,1,508.25,0.2,406.6,292.5,114.1,App
SAL04130,2024-02-25,STR01,CUS0182,PRD044,1,125.25,0.1,112.73,57.19,55.54,App
SAL04131,2024-09-29,STR06,CUS0019,PRD004,5,277.55,0.2,1110.2,655.95,454.25,Store
SAL04132,2022-05-23,STR09,CUS0028,PRD078,1,149.61,0.0,149.61,72.85,76.76,Store
SAL04133,2022-12-28,STR06,CUS0096,PRD054,2,167.08,0.0,334.16,161.92,172.24,App
SAL04134,2022-12-31,STR01,CUS0259,PRD076,1,841.57,0.0,841.57,383.22,458.35,Online
SAL04135,2024-07-22,STR05,CUS0152,PRD056,4,434.96,0.2,1391.87,1044.56,347.31,Store
SAL04136,2023-08-23,STR12,CUS0294,PRD075,4,453.11,0.0,1812.44,1078.92,733.52,Store
SAL04137,2022-08-04,STR04,CUS0134,PRD017,1,86.4,0.05,82.08,47.35,34.73,Store
SAL04138,2022-06-19,STR06,CUS0025,PRD051,7,428.0,0.0,2996.0,1569.12,1426.88,App
SAL04139,2025-06-17,STR10,CUS0300,PRD024,2,582.46,0.0,1164.92,673.06,491.86,Online
SAL04140,2022-06-13,STR10,CUS0048,PRD052,2,660.22,0.0,1320.44,786.38,534.06,App
SAL04141,2025-02-21,STR12,CUS0057,PRD065,1,361.03,0.0,361.03,256.52,104.51,App
SAL04142,2024-01-01,STR07,CUS0108,PRD069,3,393.75,0.05,1122.19,633.69,488.5,App
SAL04143,2023-05-03,STR04,CUS0008,PRD034,1,539.68,0.0,539.68,291.79,247.89,Store
SAL04144,2023-02-21,STR05,CUS0227,PRD058,1,428.07,0.1,385.26,284.8,100.46,App
SAL04145,2024-08-10,STR08,CUS0061,PRD012,1,580.87,0.05,551.83,387.01,164.82,Online
SAL04146,2023-12-29,STR01,CUS0191,PRD043,1,108.59,0.15,92.3,54.96,37.34,App
SAL04147,2024-04-11,STR04,CUS0143,PRD006,1,365.95,0.2,292.76,206.75,86.01,Online
SAL04148,2024-05-04,STR12,CUS0102,PRD044,1,125.25,0.2,100.2,57.19,43.01,Store
SAL04149,2023-06-07,STR06,CUS0229,PRD043,3,108.59,0.15,276.9,164.88,112.02,App
SAL04150,2023-03-08,STR10,CUS0091,PRD017,1,86.4,0.0,86.4,47.35,39.05,Store
SAL04151,2025-01-10,STR09,CUS0127,PRD069,2,393.75,0.05,748.12,422.46,325.66,Store
SAL04152,2022-02-15,STR01,CUS0299,PRD026,1,434.62,0.0,434.62,248.69,185.93,Online
SAL04153,2023-01-10,STR09,CUS0150,PRD064,1,508.25,0.05,482.84,292.5,190.34,Online
SAL04154,2024-01-18,STR08,CUS0203,PRD047,1,470.23,0.0,470.23,300.2,170.03,Store
SAL04155,2024-01-22,STR06,CUS0039,PRD042,1,213.13,0.0,213.13,102.36,110.77,Online
SAL04156,2025-03-13,STR04,CUS0146,PRD064,1,508.25,0.1,457.43,292.5,164.93,Store
SAL04157,2022-03-15,STR09,CUS0001,PRD064,5,508.25,0.0,2541.25,1462.5,1078.75,Store
SAL04158,2024-08-06,STR09,CUS0235,PRD008,1,439.89,0.0,439.89,256.57,183.32,App
SAL04159,2022-06-24,STR08,CUS0107,PRD004,1,277.55,0.1,249.8,131.19,118.61,Store
SAL04160,2022-03-26,STR01,CUS0060,PRD001,1,769.25,0.0,769.25,373.76,395.49,App
SAL04161,2022-03-31,STR09,CUS0003,PRD019,2,404.77,0.0,809.54,558.66,250.88,Store
SAL04162,2022-07-20,STR07,CUS0050,PRD033,1,82.66,0.0,82.66,57.52,25.14,App
SAL04163,2023-11-23,STR10,CUS0013,PRD079,1,665.32,0.05,632.05,338.88,293.17,Online
SAL04164,2025-05-27,STR09,CUS0267,PRD063,3,447.14,0.2,1073.14,941.94,131.2,Online
SAL04165,2022-11-07,STR07,CUS0206,PRD015,1,339.66,0.0,339.66,183.65,156.01,App
SAL04166,2024-09-24,STR07,CUS0256,PRD003,1,460.37,0.0,460.37,234.76,225.61,Online
SAL04167,2025-07-09,STR05,CUS0025,PRD035,1,285.91,0.0,285.91,147.39,138.52,App
SAL04168,2023-03-24,STR12,CUS0205,PRD037,1,72.87,0.0,72.87,49.29,23.58,Online
SAL04169,2023-06-30,STR12,CUS0065,PRD019,3,404.77,0.0,1214.31,837.99,376.32,Online
SAL04170,2024-09-19,STR07,CUS0068,PRD057,1,52.44,0.0,52.44,36.78,15.66,Store
SAL04171,2023-10-14,STR11,CUS0138,PRD044,2,125.25,0.2,200.4,114.38,86.02,Store
SAL04172,2023-12-22,STR01,CUS0196,PRD022,2,447.25,0.15,760.32,631.36,128.96,Store
SAL04173,2023-11-25,STR07,CUS0155,PRD067,1,338.84,0.0,338.84,191.28,147.56,App
SAL04174,2024-04-28,STR03,CUS0300,PRD043,1,108.59,0.0,108.59,54.96,53.63,App
SAL04175,2023-06-08,STR07,CUS0163,PRD068,1,193.87,0.1,174.48,136.34,38.14,App
SAL04176,2022-07-24,STR10,CUS0129,PRD052,1,660.22,0.1,594.2,393.19,201.01,Store
SAL04177,2024-12-23,STR08,CUS0300,PRD025,1,395.29,0.0,395.29,254.79,140.5,Online
SAL04178,2024-12-12,STR09,CUS0033,PRD025,2,395.29,0.0,790.58,509.58,281.0,Store
SAL04179,2023-08-16,STR05,CUS0278,PRD030,3,396.17,0.1,1069.66,720.12,349.54,Online
SAL04180,2022-06-02,STR11,CUS0044,PRD053,2,139.83,0.0,279.66,158.96,120.7,Online
SAL04181,2025-04-19,STR12,CUS0115,PRD033,1,82.66,0.15,70.26,57.52,12.74,Store
SAL04182,2022-12-11,STR07,CUS0119,PRD057,1,52.44,0.2,41.95,36.78,5.17,App
SAL04183,2022-11-13,STR09,CUS0032,PRD005,2,245.1,0.0,490.2,348.98,141.22,Online
SAL04184,2024-05-02,STR12,CUS0115,PRD044,1,125.25,0.05,118.99,57.19,61.8,App
SAL04185,2024-01-08,STR07,CUS0227,PRD040,2,107.82,0.2,172.51,113.62,58.89,Store
SAL04186,2022-03-11,STR12,CUS0271,PRD014,3,469.29,0.0,1407.87,960.0,447.87,App
SAL04187,2025-01-19,STR12,CUS0093,PRD033,2,82.66,0.1,148.79,115.04,33.75,Store
SAL04188,2022-10-26,STR05,CUS0082,PRD002,2,528.99,0.1,952.18,694.78,257.4,Store
SAL04189,2022-02-26,STR06,CUS0276,PRD063,1,447.14,0.0,447.14,313.98,133.16,Store
SAL04190,2022-10-17,STR12,CUS0205,PRD038,2,588.04,0.15,999.67,766.36,233.31,Store
SAL04191,2022-11-04,STR03,CUS0036,PRD041,1,500.06,0.0,500.06,248.09,251.97,Online
SAL04192,2022-07-21,STR12,CUS0207,PRD063,4,447.14,0.0,1788.56,1255.92,532.64,App
SAL04193,2025-02-24,STR01,CUS0210,PRD078,1,149.61,0.0,149.61,72.85,76.76,Store
SAL04194,2023-10-24,STR06,CUS0219,PRD049,2,535.39,0.1,963.7,487.74,475.96,App
SAL04195,2023-03-03,STR11,CUS0258,PRD058,2,428.07,0.0,856.14,569.6,286.54,App
SAL04196,2024-09-26,STR12,CUS0067,PRD040,1,107.82,0.0,107.82,56.81,51.01,Online
SAL04197,2024-06-05,STR03,CUS0283,PRD047,1,470.23,0.2,376.18,300.2,75.98,App
SAL04198,2022-01-26,STR06,CUS0286,PRD028,2,167.14,0.0,334.28,163.54,170.74,App
SAL04199,2024-10-09,STR12,CUS0154,PRD006,2,365.95,0.0,731.9,413.5,318.4,App
SAL04200,2023-10-13,STR12,CUS0010,PRD044,2,125.25,0.0,250.5,114.38,136.12,App
SAL04201,2024-06-04,STR04,CUS0205,PRD071,1,618.33,0.1,556.5,332.7,223.8,Store
SAL04202,2024-07-10,STR07,CUS0194,PRD033,4,82.66,0.1,297.58,230.08,67.5,Store
SAL04203,2023-12-29,STR05,CUS0062,PRD067,5,338.84,0.0,1694.2,956.4,737.8,App
SAL04204,2022-02-23,STR01,CUS0201,PRD068,2,193.87,0.0,387.74,272.68,115.06,App
SAL04205,2024-02-19,STR04,CUS0170,PRD052,1,660.22,0.0,660.22,393.19,267.03,App
SAL04206,2022-10-04,STR02,CUS0115,PRD072,2,499.84,0.0,999.68,600.8,398.88,App
SAL04207,2024-02-10,STR08,CUS0012,PRD026,3,434.62,0.0,1303.86,746.07,557.79,Online
SAL04208,2022-01-10,STR10,CUS0054,PRD077,1,517.67,0.0,517.67,306.08,211.59,Online
SAL04209,2024-07-16,STR09,CUS0255,PRD068,1,193.87,0.05,184.18,136.34,47.84,Store
SAL04210,2024-02-08,STR01,CUS0184,PRD010,4,307.16,0.1,1105.78,653.72,452.06,App
SAL04211,2023-05-02,STR05,CUS0123,PRD029,2,318.8,0.2,510.08,341.6,168.48,Online
SAL04212,2025-04-02,STR10,CUS0092,PRD010,2,307.16,0.1,552.89,326.86,226.03,Store
SAL04213,2022-08-06,STR06,CUS0129,PRD078,4,149.61,0.0,598.44,291.4,307.04,Store
SAL04214,2022-10-09,STR04,CUS0107,PRD066,1,180.08,0.2,144.06,124.07,19.99,Online
SAL04215,2023-12-10,STR02,CUS0267,PRD072,2,499.84,0.0,999.68,600.8,398.88,App
SAL04216,2025-04-24,STR03,CUS0158,PRD063,2,447.14,0.0,894.28,627.96,266.32,Store
SAL04217,2024-09-10,STR04,CUS0158,PRD059,3,494.95,0.1,1336.37,855.99,480.38,Store
SAL04218,2023-01-08,STR10,CUS0103,PRD006,1,365.95,0.0,365.95,206.75,159.2,App
SAL04219,2024-01-06,STR08,CUS0029,PRD008,1,439.89,0.1,395.9,256.57,139.33,Online
SAL04220,2023-11-07,STR06,CUS0229,PRD058,1,428.07,0.0,428.07,284.8,143.27,Store
SAL04221,2022-07-31,STR04,CUS0165,PRD005,2,245.1,0.15,416.67,348.98,67.69,Online
SAL04222,2022-09-24,STR12,CUS0197,PRD062,1,210.83,0.0,210.83,103.07,107.76,App
SAL04223,2024-03-14,STR08,CUS0201,PRD029,2,318.8,0.0,637.6,341.6,296.0,Store
SAL04224,2023-03-19,STR05,CUS0035,PRD050,2,289.93,0.0,579.86,405.08,174.78,Online
SAL04225,2023-03-09,STR02,CUS0144,PRD061,1,60.41,0.0,60.41,31.04,29.37,Store
SAL04226,2022-12-11,STR03,CUS0115,PRD056,2,434.96,0.1,782.93,522.28,260.65,Online
SAL04227,2022-06-07,STR12,CUS0213,PRD056,2,434.96,0.0,869.92,522.28,347.64,App
SAL04228,2023-01-13,STR12,CUS0261,PRD036,1,638.05,0.0,638.05,315.24,322.81,App
SAL04229,2022-02-08,STR07,CUS0124,PRD034,2,539.68,0.0,1079.36,583.58,495.78,App
SAL04230,2024-03-08,STR08,CUS0039,PRD044,1,125.25,0.1,112.73,57.19,55.54,Store
SAL04231,2024-05-11,STR12,CUS0186,PRD058,2,428.07,0.05,813.33,569.6,243.73,Online
SAL04232,2023-11-08,STR07,CUS0031,PRD026,1,434.62,0.0,434.62,248.69,185.93,Online
SAL04233,2023-06-21,STR02,CUS0016,PRD051,1,428.0,0.05,406.6,224.16,182.44,App
SAL04234,2022-09-02,STR10,CUS0045,PRD033,1,82.66,0.05,78.53,57.52,21.01,Online
SAL04235,2022-02-25,STR01,CUS0031,PRD004,1,277.55,0.2,222.04,131.19,90.85,App
SAL04236,2024-11-29,STR06,CUS0080,PRD076,3,841.57,0.05,2398.47,1149.66,1248.81,App
SAL04237,2024-09-08,STR11,CUS0104,PRD066,1,180.08,0.0,180.08,124.07,56.01,App
SAL04238,2025-03-01,STR08,CUS0065,PRD055,2,402.22,0.1,724.0,422.64,301.36,Store
SAL04239,2022-09-22,STR08,CUS0243,PRD072,1,499.84,0.05,474.85,300.4,174.45,Online
SAL04240,2024-01-24,STR01,CUS0134,PRD043,1,108.59,0.0,108.59,54.96,53.63,Store
SAL04241,2024-09-14,STR02,CUS0242,PRD039,2,267.3,0.0,534.6,352.5,182.1,Online
SAL04242,2025-01-06,STR08,CUS0099,PRD015,1,339.66,0.0,339.66,183.65,156.01,App
SAL04243,2024-06-10,STR09,CUS0066,PRD001,2,769.25,0.15,1307.72,747.52,560.2,Store
SAL04244,2025-03-18,STR11,CUS0183,PRD054,2,167.08,0.2,267.33,161.92,105.41,Online
SAL04245,2024-12-17,STR10,CUS0093,PRD044,1,125.25,0.0,125.25,57.19,68.06,App
SAL04246,2023-04-23,STR06,CUS0246,PRD049,1,535.39,0.05,508.62,243.87,264.75,Store
SAL04247,2022-03-13,STR05,CUS0190,PRD059,3,494.95,0.0,1484.85,855.99,628.86,App
SAL04248,2024-04-07,STR04,CUS0008,PRD034,2,539.68,0.2,863.49,583.58,279.91,Online
SAL04249,2024-01-20,STR10,CUS0262,PRD075,2,453.11,0.0,906.22,539.46,366.76,App
SAL04250,2025-03-15,STR10,CUS0185,PRD058,1,428.07,0.0,428.07,284.8,143.27,Online
SAL04251,2022-11-30,STR11,CUS0205,PRD031,1,607.09,0.0,607.09,311.8,295.29,App
SAL04252,2023-11-07,STR11,CUS0093,PRD022,1,447.25,0.0,447.25,315.68,131.57,App
SAL04253,2023-02-14,STR01,CUS0225,PRD034,2,539.68,0.0,1079.36,583.58,495.78,Online
SAL04254,2022-10-14,STR07,CUS0254,PRD034,1,539.68,0.0,539.68,291.79,247.89,App
SAL04255,2022-08-28,STR02,CUS0006,PRD026,1,434.62,0.1,391.16,248.69,142.47,App
SAL04256,2023-03-18,STR12,CUS0198,PRD060,3,118.37,0.2,284.09,233.19,50.9,App
SAL04257,2023-10-23,STR01,CUS0229,PRD022,1,447.25,0.0,447.25,315.68,131.57,Store
SAL04258,2024-08-09,STR06,CUS0277,PRD066,1,180.08,0.15,153.07,124.07,29.0,Store
SAL04259,2024-08-09,STR02,CUS0231,PRD067,4,338.84,0.2,1084.29,765.12,319.17,Online
SAL04260,2023-08-29,STR05,CUS0120,PRD067,2,338.84,0.15,576.03,382.56,193.47,App
SAL04261,2023-06-01,STR01,CUS0116,PRD035,1,285.91,0.0,285.91,147.39,138.52,App
SAL04262,2024-09-23,STR12,CUS0239,PRD080,1,390.71,0.0,390.71,178.69,212.02,App
SAL04263,2025-05-02,STR05,CUS0160,PRD041,1,500.06,0.2,400.05,248.09,151.96,Store
SAL04264,2023-09-27,STR03,CUS0032,PRD036,2,638.05,0.1,1148.49,630.48,518.01,Online
SAL04265,2024-02-28,STR05,CUS0004,PRD069,2,393.75,0.15,669.38,422.46,246.92,Online
SAL04266,2024-11-16,STR07,CUS0269,PRD066,4,180.08,0.15,612.27,496.28,115.99,App
SAL04267,2024-05-31,STR11,CUS0286,PRD080,2,390.71,0.1,703.28,357.38,345.9,Store
SAL04268,2025-05-24,STR07,CUS0232,PRD070,2,326.09,0.0,652.18,441.64,210.54,Online
SAL04269,2022-04-13,STR03,CUS0250,PRD023,1,336.46,0.0,336.46,224.72,111.74,Online
SAL04270,2022-05-22,STR02,CUS0054,PRD060,1,118.37,0.0,118.37,77.73,40.64,Online
SAL04271,2022-01-01,STR04,CUS0234,PRD071,1,618.33,0.05,587.41,332.7,254.71,App
SAL04272,2022-02-11,STR07,CUS0175,PRD011,5,450.62,0.0,2253.1,1029.55,1223.55,Online
SAL04273,2022-03-08,STR12,CUS0034,PRD021,4,732.57,0.05,2783.77,1554.76,1229.01,Store
SAL04274,2022-01-15,STR02,CUS0243,PRD049,2,535.39,0.0,1070.78,487.74,583.04,App
SAL04275,2022-12-29,STR04,CUS0254,PRD068,1,193.87,0.0,193.87,136.34,57.53,Online
SAL04276,2022-01-01,STR02,CUS0111,PRD003,1,460.37,0.1,414.33,234.76,179.57,App
SAL04277,2023-08-12,STR07,CUS0204,PRD016,4,565.24,0.05,2147.91,1047.68,1100.23,App
SAL04278,2024-08-21,STR03,CUS0218,PRD016,3,565.24,0.0,1695.72,785.76,909.96,App
SAL04279,2025-06-24,STR09,CUS0280,PRD051,4,428.0,0.15,1455.2,896.64,558.56,App
SAL04280,2022-05-09,STR07,CUS0246,PRD056,2,434.96,0.0,869.92,522.28,347.64,App
SAL04281,2023-05-02,STR03,CUS0258,PRD010,3,307.16,0.0,921.48,490.29,431.19,Online
SAL04282,2024-05-03,STR11,CUS0292,PRD060,1,118.37,0.15,100.61,77.73,22.88,Store
SAL04283,2025-07-07,STR08,CUS0132,PRD017,2,86.4,0.05,164.16,94.7,69.46,App
SAL04284,2024-09-07,STR08,CUS0217,PRD071,1,618.33,0.0,618.33,332.7,285.63,App
SAL04285,2023-05-08,STR07,CUS0053,PRD059,4,494.95,0.2,1583.84,1141.32,442.52,Online
SAL04286,2023-01-06,STR09,CUS0138,PRD012,2,580.87,0.15,987.48,774.02,213.46,App
SAL04287,2024-05-14,STR10,CUS0236,PRD046,4,533.74,0.0,2134.96,1397.0,737.96,Online
SAL04288,2023-01-29,STR06,CUS0275,PRD059,1,494.95,0.15,420.71,285.33,135.38,Store
SAL04289,2022-02-16,STR03,CUS0162,PRD025,1,395.29,0.1,355.76,254.79,100.97,App
SAL04290,2022-06-08,STR10,CUS0014,PRD008,1,439.89,0.0,439.89,256.57,183.32,Online
SAL04291,2022-07-07,STR08,CUS0115,PRD009,1,337.72,0.0,337.72,227.99,109.73,Online
SAL04292,2023-08-28,STR03,CUS0138,PRD044,1,125.25,0.0,125.25,57.19,68.06,Online
SAL04293,2025-05-17,STR06,CUS0034,PRD013,3,332.19,0.0,996.57,455.49,541.08,App
SAL04294,2025-07-23,STR02,CUS0093,PRD024,2,582.46,0.1,1048.43,673.06,375.37,Store
SAL04295,2025-04-24,STR02,CUS0171,PRD073,2,252.83,0.05,480.38,335.64,144.74,Store
SAL04296,2022-06-09,STR08,CUS0001,PRD078,2,149.61,0.2,239.38,145.7,93.68,Store
SAL04297,2024-04-21,STR08,CUS0234,PRD056,1,434.96,0.15,369.72,261.14,108.58,Online
SAL04298,2025-06-13,STR02,CUS0102,PRD078,1,149.61,0.0,149.61,72.85,76.76,Store
SAL04299,2024-11-14,STR06,CUS0153,PRD051,1,428.0,0.0,428.0,224.16,203.84,App
SAL04300,2025-03-09,STR07,CUS0099,PRD026,1,434.62,0.0,434.62,248.69,185.93,Store
SAL04301,2025-05-17,STR01,CUS0166,PRD045,2,74.57,0.2,119.31,68.76,50.55,Store
SAL04302,2022-08-19,STR04,CUS0126,PRD047,1,470.23,0.15,399.7,300.2,99.5,App
SAL04303,2022-05-29,STR01,CUS0046,PRD023,1,336.46,0.0,336.46,224.72,111.74,Store
SAL04304,2024-08-16,STR12,CUS0154,PRD044,1,125.25,0.05,118.99,57.19,61.8,Online
SAL04305,2023-08-25,STR05,CUS0036,PRD042,3,213.13,0.1,575.45,307.08,268.37,App
SAL04306,2025-03-17,STR10,CUS0184,PRD078,2,149.61,0.2,239.38,145.7,93.68,Online
SAL04307,2024-07-07,STR04,CUS0022,PRD061,3,60.41,0.0,181.23,93.12,88.11,App
SAL04308,2022-12-28,STR06,CUS0001,PRD062,2,210.83,0.05,400.58,206.14,194.44,App
SAL04309,2022-01-30,STR09,CUS0190,PRD017,1,86.4,0.0,86.4,47.35,39.05,Store
SAL04310,2024-01-15,STR05,CUS0035,PRD006,2,365.95,0.2,585.52,413.5,172.02,Store
SAL04311,2022-03-25,STR06,CUS0157,PRD043,2,108.59,0.05,206.32,109.92,96.4,Store
SAL04312,2024-07-03,STR10,CUS0242,PRD051,3,428.0,0.1,1155.6,672.48,483.12,App
SAL04313,2022-10-12,STR09,CUS0224,PRD030,1,396.17,0.05,376.36,240.04,136.32,Store
SAL04314,2023-06-10,STR11,CUS0154,PRD054,2,167.08,0.0,334.16,161.92,172.24,App
SAL04315,2023-05-14,STR09,CUS0297,PRD040,2,107.82,0.0,215.64,113.62,102.02,Store
SAL04316,2022-02-19,STR03,CUS0100,PRD052,1,660.22,0.2,528.18,393.19,134.99,Online
SAL04317,2023-07-26,STR10,CUS0099,PRD058,3,428.07,0.0,1284.21,854.4,429.81,App
SAL04318,2023-09-08,STR12,CUS0194,PRD004,2,277.55,0.2,444.08,262.38,181.7,Store
SAL04319,2022-08-20,STR10,CUS0072,PRD036,1,638.05,0.0,638.05,315.24,322.81,Store
SAL04320,2022-01-18,STR02,CUS0072,PRD079,2,665.32,0.0,1330.64,677.76,652.88,App
SAL04321,2025-04-01,STR08,CUS0137,PRD023,3,336.46,0.0,1009.38,674.16,335.22,Store
SAL04322,2024-05-18,STR07,CUS0026,,2,125.25,0.1,225.45,114.38,111.07,App
SAL04323,2025-06-22,STR03,CUS0278,PRD062,2,210.83,0.0,421.66,206.14,215.52,App
SAL04324,2025-03-04,STR09,CUS0107,PRD075,1,453.11,0.05,430.45,269.73,160.72,Store
SAL04325,2024-07-27,STR03,CUS0049,PRD016,2,565.24,0.0,1130.48,523.84,606.64,Store
SAL04326,2024-08-08,STR12,CUS0078,PRD066,3,180.08,0.1,486.22,372.21,114.01,App
SAL04327,2022-09-25,STR10,CUS0099,PRD065,1,361.03,0.2,288.82,256.52,32.3,App
SAL04328,2022-12-20,STR06,CUS0054,PRD006,2,365.95,0.0,731.9,413.5,318.4,App
SAL04329,2024-06-06,STR05,CUS0179,PRD048,2,65.44,0.05,124.34,91.8,32.54,Online
SAL04330,2025-06-27,STR09,CUS0223,PRD011,2,450.62,0.2,720.99,411.82,309.17,Store
SAL04331,2022-09-06,STR01,CUS0263,PRD050,3,289.93,0.0,869.79,607.62,262.17,Store
SAL04332,2024-06-30,STR01,CUS0016,PRD040,2,107.82,0.2,172.51,113.62,58.89,Online
SAL04333,2024-12-07,STR09,CUS0216,PRD035,3,285.91,0.0,857.73,442.17,415.56,Store
SAL04334,2025-08-09,STR05,CUS0061,PRD026,1,434.62,0.0,434.62,248.69,185.93,Store
SAL04335,2022-02-28,STR06,CUS0001,PRD054,1,167.08,0.05,158.73,80.96,77.77,Online
SAL04336,2024-01-15,STR02,CUS0096,PRD026,1,434.62,0.15,369.43,248.69,120.74,Store
SAL04337,2025-02-06,STR05,CUS0177,PRD016,6,565.24,0.1,3052.3,1571.52,1480.78,Online
SAL04338,2024-01-09,STR10,CUS0067,PRD080,2,390.71,0.0,781.42,357.38,424.04,App
SAL04339,2024-07-18,STR10,CUS0056,PRD061,6,60.41,0.05,344.34,186.24,158.1,App
SAL04340,2024-11-12,STR04,CUS0035,PRD007,1,297.96,0.05,283.06,173.78,109.28,Online
SAL04341,2024-08-03,STR11,CUS0251,PRD009,2,337.72,0.05,641.67,455.98,185.69,Online
SAL04342,2024-09-08,STR01,CUS0066,PRD073,1,252.83,0.2,202.26,167.82,34.44,Online
SAL04343,2023-01-14,STR09,CUS0155,PRD074,1,778.55,0.15,661.77,376.12,285.65,Store
SAL04344,2022-04-27,STR10,CUS0013,PRD051,2,428.0,0.0,856.0,448.32,407.68,Store
SAL04345,2023-05-01,STR01,CUS0267,PRD054,2,167.08,0.0,334.16,161.92,172.24,Store
SAL04346,2024-12-20,STR12,CUS0111,PRD044,2,125.25,0.05,237.97,114.38,123.59,Store
SAL04347,2023-12-21,STR05,CUS0198,PRD080,3,390.71,0.0,1172.13,536.07,636.06,App
SAL04348,2023-05-09,STR11,CUS0187,PRD039,1,267.3,0.2,213.84,176.25,37.59,Store
SAL04349,2025-04-07,STR04,CUS0253,PRD035,1,285.91,0.0,285.91,147.39,138.52,Store
SAL04350,2024-08-18,STR07,CUS0299,PRD001,2,769.25,0.0,1538.5,747.52,790.98,Store
SAL04351,2023-12-16,STR06,CUS0101,PRD048,2,65.44,0.0,130.88,91.8,39.08,App
SAL04352,2023-02-28,STR04,CUS0184,PRD004,2,277.55,0.0,555.1,262.38,292.72,Online
SAL04353,2024-04-25,STR05,CUS0089,PRD056,1,434.96,0.15,369.72,261.14,108.58,App
SAL04354,2023-06-23,STR11,CUS0288,PRD070,3,326.09,0.15,831.53,662.46,169.07,App
SAL04355,2024-02-07,STR10,CUS0154,PRD003,3,460.37,0.05,1312.05,704.28,607.77,Store
SAL04356,2023-05-07,STR05,CUS0211,PRD034,3,539.68,0.1,1457.14,875.37,581.77,App
SAL04357,2025-07-24,STR06,CUS0166,PRD043,1,108.59,0.0,108.59,54.96,53.63,App
SAL04358,2024-10-11,STR12,CUS0292,PRD052,3,660.22,0.0,1980.66,1179.57,801.09,Store
SAL04359,2022-07-15,STR06,CUS0017,PRD037,1,72.87,0.2,58.3,49.29,9.01,App
SAL04360,2024-06-08,STR02,CUS0149,PRD058,1,428.07,0.0,428.07,284.8,143.27,App
SAL04361,2025-03-21,STR06,CUS0105,PRD073,1,252.83,0.0,252.83,167.82,85.01,App
SAL04362,2024-06-12,STR04,CUS0001,PRD013,2,332.19,0.1,597.94,303.66,294.28,App
SAL04363,2023-06-24,STR12,CUS0038,PRD075,2,453.11,0.05,860.91,539.46,321.45,Online
SAL04364,2025-06-24,STR11,CUS0226,PRD064,3,508.25,0.0,1524.75,877.5,647.25,App
SAL04365,2022-04-25,STR02,CUS0080,PRD047,1,470.23,0.1,423.21,300.2,123.01,Online
SAL04366,2022-12-01,STR09,CUS0194,PRD065,2,361.03,0.15,613.75,513.04,100.71,Store
SAL04367,2022-07-01,STR10,CUS0097,PRD034,1,539.68,0.0,539.68,291.79,247.89,Store
SAL04368,2025-05-07,STR01,CUS0008,PRD076,2,841.57,0.2,1346.51,766.44,580.07,App
SAL04369,2024-05-03,STR06,CUS0074,PRD068,2,193.87,0.2,310.19,272.68,37.51,App
SAL04370,2023-08-19,STR09,CUS0248,PRD042,2,213.13,0.2,341.01,204.72,136.29,Store
SAL04371,2023-12-14,STR01,CUS0279,PRD078,1,149.61,0.0,149.61,72.85,76.76,Online
SAL04372,2024-06-18,STR08,CUS0110,PRD004,1,277.55,0.05,263.67,131.19,132.48,Store
SAL04373,2025-03-22,STR01,CUS0079,PRD011,1,450.62,0.0,450.62,205.91,244.71,App
SAL04374,2023-03-31,STR10,CUS0210,PRD072,1,499.84,0.15,424.86,300.4,124.46,App
SAL04375,2025-04-28,STR06,CUS0266,PRD040,3,107.82,0.0,323.46,170.43,153.03,App
SAL04376,2025-07-23,STR05,CUS0234,PRD008,2,439.89,0.1,791.8,513.14,278.66,Online
SAL04377,2022-07-11,STR04,CUS0040,PRD071,1,618.33,0.0,618.33,332.7,285.63,Store
SAL04378,2023-03-28,STR12,CUS0179,PRD076,2,841.57,0.15,1430.67,766.44,664.23,Store
SAL04379,2024-04-16,STR06,CUS0008,PRD036,2,638.05,0.0,1276.1,630.48,645.62,App
SAL04380,2024-09-11,STR02,CUS0284,PRD010,2,307.16,0.0,614.32,326.86,287.46,App
SAL04381,2025-01-30,STR08,CUS0039,PRD050,1,289.93,0.0,289.93,202.54,87.39,Store
SAL04382,2024-01-29,STR09,CUS0142,PRD005,1,245.1,0.2,196.08,174.49,21.59,Online
SAL04383,2025-07-15,STR12,CUS0056,PRD039,1,267.3,0.2,213.84,176.25,37.59,App
SAL04384,2024-11-13,STR11,CUS0099,PRD018,1,703.6,0.0,703.6,337.92,365.68,App
SAL04385,2024-12-26,STR12,CUS0005,PRD014,1,469.29,0.1,422.36,320.0,102.36,Online
SAL04386,2023-06-08,STR06,CUS0085,PRD042,1,213.13,0.0,213.13,102.36,110.77,Store
SAL04387,2024-12-24,STR03,CUS0198,PRD074,1,778.55,0.0,778.55,376.12,402.43,Online
SAL04388,2025-03-10,STR05,CUS0041,PRD056,1,434.96,0.0,434.96,261.14,173.82,Store
SAL04389,2025-08-02,STR09,CUS0289,PRD020,1,144.97,0.05,137.72,76.2,61.52,Store
SAL04390,2023-12-21,STR10,CUS0030,PRD009,1,337.72,0.0,337.72,227.99,109.73,App
SAL04391,2023-11-18,STR06,CUS0063,PRD017,4,86.4,0.0,345.6,189.4,156.2,App
SAL04392,2024-01-31,STR08,CUS0056,PRD033,2,82.66,0.2,132.26,115.04,17.22,Online
SAL04393,2022-12-03,STR02,CUS0057,PRD015,3,339.66,0.2,815.18,550.95,264.23,Online
SAL04394,2023-12-29,STR03,CUS0120,PRD066,1,180.08,0.0,180.08,124.07,56.01,App
SAL04395,2025-05-30,STR12,CUS0208,PRD005,2,245.1,0.0,490.2,348.98,141.22,Store
SAL04396,2024-09-04,STR03,CUS0040,PRD053,1,139.83,0.0,139.83,79.48,60.35,Online
SAL04397,2024-06-23,STR05,CUS0289,PRD053,1,139.83,0.1,125.85,79.48,46.37,Store
SAL04398,2024-11-07,STR02,CUS0001,PRD008,1,439.89,0.0,439.89,256.57,183.32,Store
SAL04399,2023-10-09,STR12,CUS0113,PRD027,2,167.97,0.0,335.94,169.04,166.9,Store
SAL04400,2023-03-07,STR10,CUS0233,PRD054,1,167.08,0.2,133.66,80.96,52.7,Online
SAL04401,2025-01-10,STR11,CUS0189,PRD044,1,125.25,0.05,118.99,57.19,61.8,App
SAL04402,2023-05-09,STR03,CUS0126,PRD060,2,118.37,0.0,236.74,155.46,81.28,App
SAL04403,2025-05-23,STR09,CUS0199,PRD025,1,395.29,0.0,395.29,254.79,140.5,Store
SAL04404,2023-11-23,STR05,CUS0124,PRD038,2,588.04,0.0,1176.08,766.36,409.72,Online
SAL04405,2024-12-19,STR09,CUS0090,PRD022,2,447.25,0.0,894.5,631.36,263.14,App
SAL04406,2022-10-17,STR11,CUS0136,PRD063,1,447.14,0.1,402.43,313.98,88.45,App
SAL04407,2023-04-10,STR04,CUS0161,PRD008,2,439.89,0.1,791.8,513.14,278.66,App
SAL04408,2023-06-24,STR06,CUS0007,PRD074,1,778.55,0.15,661.77,376.12,285.65,App
SAL04409,2024-09-20,STR10,CUS0004,PRD048,1,65.44,0.2,52.35,45.9,6.45,App
SAL04410,2022-05-21,STR09,CUS0083,PRD035,1,285.91,0.15,243.02,147.39,95.63,Store
SAL04411,2024-04-26,STR04,CUS0279,PRD056,4,434.96,0.05,1652.85,1044.56,608.29,Store
SAL04412,2023-08-23,STR08,CUS0229,PRD043,2,108.59,0.0,217.18,109.92,107.26,Store
SAL04413,2025-01-08,STR08,CUS0257,PRD004,3,277.55,0.0,832.65,393.57,439.08,Online
SAL04414,2025-03-29,STR01,CUS0063,PRD037,3,72.87,0.2,174.89,147.87,27.02,Online
SAL04415,2022-09-06,STR06,CUS0041,PRD075,2,453.11,0.15,770.29,539.46,230.83,Online
SAL04416,2022-01-01,STR12,CUS0261,PRD074,2,778.55,0.2,1245.68,752.24,493.44,App
SAL04417,2024-11-15,STR06,CUS0192,PRD011,1,450.62,0.0,450.62,205.91,244.71,Store
SAL04418,2023-10-29,STR10,CUS0160,PRD071,2,618.33,0.0,1236.66,665.4,571.26,App
SAL04419,2022-05-23,STR10,CUS0086,PRD048,1,65.44,0.05,62.17,45.9,16.27,Online
SAL04420,2022-07-10,STR03,CUS0163,PRD032,1,570.78,0.0,570.78,326.53,244.25,Store
SAL04421,2022-04-06,STR03,CUS0102,PRD062,3,210.83,0.1,569.24,309.21,260.03,Online
SAL04422,2025-06-10,STR09,CUS0136,PRD019,1,404.77,0.05,384.53,279.33,105.2,App
SAL04423,2022-11-16,STR09,CUS0291,PRD022,3,447.25,0.0,1341.75,947.04,394.71,App
SAL04424,2023-06-21,STR03,CUS0012,PRD021,2,732.57,0.1,1318.63,777.38,541.25,Store
SAL04425,2024-12-26,STR07,CUS0089,PRD059,1,494.95,0.0,494.95,285.33,209.62,Store
SAL04426,2023-12-18,STR03,CUS0135,PRD032,2,570.78,0.0,1141.56,653.06,488.5,Online
SAL04427,2022-05-08,STR09,CUS0252,PRD043,2,108.59,0.2,173.74,109.92,63.82,Store
SAL04428,2024-12-12,STR05,CUS0055,PRD032,2,570.78,0.0,1141.56,653.06,488.5,Online
SAL04429,2022-02-01,STR04,CUS0191,PRD018,1,703.6,0.0,703.6,337.92,365.68,Store
SAL04430,2022-02-11,STR05,CUS0071,PRD008,1,439.89,0.2,351.91,256.57,95.34,Store
SAL04431,2022-06-10,STR01,CUS0009,PRD029,1,318.8,0.0,318.8,170.8,148.0,Store
SAL04432,2022-09-03,STR05,CUS0034,PRD027,1,167.97,0.05,159.57,84.52,75.05,Online
SAL04433,2024-10-22,STR02,CUS0095,PRD040,3,107.82,0.0,323.46,170.43,153.03,Store
SAL04434,2022-04-05,STR09,CUS0245,PRD060,1,118.37,0.15,100.61,77.73,22.88,App
SAL04435,2022-12-02,STR06,CUS0191,PRD004,3,277.55,0.15,707.75,393.57,314.18,App
SAL04436,2025-06-11,STR08,CUS0069,PRD018,1,703.6,0.05,668.42,337.92,330.5,Store
SAL04437,2023-07-12,STR01,CUS0219,PRD017,1,86.4,0.15,73.44,47.35,26.09,Online
SAL04438,2023-04-18,STR07,CUS0239,PRD073,1,252.83,0.1,227.55,167.82,59.73,App
SAL04439,2023-06-17,STR12,CUS0299,PRD061,4,60.41,0.1,217.48,124.16,93.32,Online
SAL04440,2024-07-11,STR07,CUS0180,PRD024,4,582.46,0.15,1980.36,1346.12,634.24,App
SAL04441,2023-02-01,STR02,CUS0157,PRD056,1,434.96,0.0,434.96,261.14,173.82,Store
SAL04442,2023-05-28,STR08,CUS0008,PRD045,2,74.57,0.15,126.77,68.76,58.01,Online
SAL04443,2022-10-03,STR08,CUS0195,PRD038,2,588.04,0.0,1176.08,766.36,409.72,App
SAL04444,2023-07-21,STR04,CUS0207,PRD058,1,428.07,0.0,428.07,284.8,143.27,App
SAL04445,2024-02-19,STR01,CUS0260,PRD053,1,139.83,0.0,139.83,79.48,60.35,Online
SAL04446,2023-09-25,STR10,CUS0055,PRD015,2,339.66,0.2,543.46,367.3,176.16,Online
SAL04447,2024-03-23,STR01,CUS0161,PRD064,1,508.25,0.15,432.01,292.5,139.51,Online
SAL04448,2022-02-25,STR01,CUS0066,PRD024,2,582.46,0.0,1164.92,673.06,491.86,Store
SAL04449,2023-10-12,STR01,CUS0248,PRD019,1,404.77,0.15,344.05,279.33,64.72,Online
SAL04450,2022-02-11,STR12,CUS0066,PRD019,2,404.77,0.0,809.54,558.66,250.88,App
SAL04451,2023-02-27,STR11,CUS0121,PRD029,1,318.8,0.15,270.98,170.8,100.18,Store
SAL04452,2022-02-11,STR02,CUS0283,PRD027,1,167.97,0.2,134.38,84.52,49.86,Online
SAL04453,2024-07-15,STR02,CUS0109,PRD030,1,396.17,0.05,376.36,240.04,136.32,Store
SAL04454,2025-02-12,STR12,CUS0208,PRD056,1,434.96,0.2,347.97,261.14,86.83,App
SAL04455,2023-05-23,STR11,CUS0158,PRD061,2,60.41,0.0,120.82,62.08,58.74,Online
SAL04456,2023-12-14,STR01,CUS0250,PRD075,1,453.11,0.05,430.45,269.73,160.72,Store
SAL04457,2022-05-10,STR12,CUS0270,PRD015,2,339.66,0.1,611.39,367.3,244.09,Online
SAL04458,2024-06-29,STR02,CUS0057,PRD009,2,337.72,0.0,675.44,455.98,219.46,Online
SAL04459,2024-03-30,STR03,CUS0233,PRD070,2,326.09,0.0,652.18,441.64,210.54,App
SAL04460,2023-04-10,STR08,CUS0101,PRD008,1,439.89,0.0,439.89,256.57,183.32,Online
SAL04461,2025-07-08,STR07,CUS0265,PRD048,2,65.44,0.0,130.88,91.8,39.08,Store
SAL04462,2023-10-11,STR03,CUS0155,PRD052,2,660.22,0.0,1320.44,786.38,534.06,Online
SAL04463,2022-02-06,STR06,CUS0155,PRD023,3,336.46,0.2,807.5,674.16,133.34,App
SAL04464,2022-02-21,STR12,CUS0147,PRD069,1,393.75,0.05,374.06,211.23,162.83,App
SAL04465,2023-10-07,STR08,CUS0106,PRD075,3,453.11,0.0,1359.33,809.19,550.14,Online
SAL04466,2025-04-12,STR08,CUS0283,PRD060,1,118.37,0.0,118.37,77.73,40.64,Store
SAL04467,2023-09-20,STR06,CUS0012,PRD067,2,338.84,0.15,576.03,382.56,193.47,App
SAL04468,2023-12-20,STR02,CUS0034,PRD059,1,494.95,0.2,395.96,285.33,110.63,Online
SAL04469,2022-04-20,STR11,CUS0133,PRD068,1,193.87,0.0,193.87,136.34,57.53,Online
SAL04470,2024-08-15,STR03,CUS0031,PRD007,2,297.96,0.15,506.53,347.56,158.97,Online
SAL04471,2024-08-04,STR10,CUS0261,PRD034,2,539.68,0.0,1079.36,583.58,495.78,Store
SAL04472,2025-05-04,STR04,CUS0158,PRD036,1,638.05,0.05,606.15,315.24,290.91,App
SAL04473,2023-08-25,STR07,CUS0208,PRD027,3,167.97,0.05,478.71,253.56,225.15,Store
SAL04474,2024-09-17,STR09,CUS0159,PRD037,1,72.87,0.2,58.3,49.29,9.01,Online
SAL04475,2022-11-16,STR02,CUS0060,PRD059,2,494.95,0.1,890.91,570.66,320.25,App
SAL04476,2025-07-24,STR02,CUS0209,PRD010,4,307.16,0.1,1105.78,653.72,452.06,Store
SAL04477,2022-02-15,STR11,CUS0226,PRD063,1,447.14,0.0,447.14,313.98,133.16,Online
SAL04478,2023-02-14,STR05,CUS0238,PRD058,3,428.07,0.1,1155.79,854.4,301.39,Online
SAL04479,2024-10-24,STR12,CUS0266,PRD057,3,52.44,0.0,157.32,110.34,46.98,Online
SAL04480,2025-02-03,STR04,CUS0237,PRD017,2,86.4,0.15,146.88,94.7,52.18,Store
SAL04481,2022-10-14,STR09,CUS0265,PRD014,3,469.29,0.0,1407.87,960.0,447.87,Online
SAL04482,2023-06-27,STR06,CUS0254,PRD054,1,167.08,0.2,133.66,80.96,52.7,Online
SAL04483,2022-01-14,STR06,CUS0110,PRD016,4,565.24,0.0,2260.96,1047.68,1213.28,App
SAL04484,2022-06-19,STR11,CUS0176,PRD046,2,533.74,0.05,1014.11,698.5,315.61,App
SAL04485,2025-02-14,STR12,CUS0016,PRD059,2,494.95,0.05,940.4,570.66,369.74,App
SAL04486,2024-10-29,STR08,CUS0244,PRD008,3,439.89,0.15,1121.72,769.71,352.01,Store
SAL04487,2025-05-21,STR06,CUS0192,PRD040,1,107.82,0.0,107.82,56.81,51.01,Store
SAL04488,2023-08-11,STR08,CUS0037,PRD003,1,460.37,0.0,460.37,234.76,225.61,Store
SAL04489,2023-10-26,STR03,CUS0054,PRD034,2,539.68,0.05,1025.39,583.58,441.81,Store
SAL04490,2023-09-05,STR02,CUS0090,PRD045,1,74.57,0.15,63.38,34.38,29.0,Store
SAL04491,2024-07-10,STR06,CUS0284,PRD074,2,778.55,0.05,1479.24,752.24,727.0,Online
SAL04492,2023-05-29,STR01,CUS0133,PRD017,4,86.4,0.0,345.6,189.4,156.2,Online
SAL04493,2025-05-07,STR06,CUS0084,PRD044,2,125.25,0.2,200.4,114.38,86.02,Store
SAL04494,2024-05-14,STR05,CUS0241,PRD064,2,508.25,0.15,864.02,585.0,279.02,App
SAL04495,2022-03-06,STR06,CUS0221,PRD046,1,533.74,0.0,533.74,349.25,184.49,App
SAL04496,2024-02-14,STR03,CUS0158,PRD052,4,660.22,0.2,2112.7,1572.76,539.94,App
SAL04497,2024-07-12,STR08,CUS0111,PRD035,3,285.91,0.0,857.73,442.17,415.56,Store
SAL04498,2023-10-12,STR03,CUS0070,PRD065,1,361.03,0.0,361.03,256.52,104.51,Store
SAL04499,2025-04-07,STR05,CUS0027,PRD017,1,86.4,0.0,86.4,47.35,39.05,Store
SAL04500,2023-01-23,STR10,CUS0150,PRD054,4,167.08,0.05,634.9,323.84,311.06,Store
SAL04501,2022-08-04,STR07,CUS0083,PRD059,2,494.95,0.0,989.9,570.66,419.24,Store
SAL04502,2023-01-19,STR12,CUS0055,PRD008,1,439.89,0.0,439.89,256.57,183.32,App
SAL04503,2023-03-15,STR01,CUS0215,PRD060,2,118.37,0.1,213.07,155.46,57.61,Online
SAL04504,2022-05-25,STR08,CUS0119,PRD058,1,428.07,0.0,428.07,284.8,143.27,Online
SAL04505,2022-07-24,STR10,CUS0029,PRD005,1,245.1,0.0,245.1,174.49,70.61,Store
SAL04506,2025-01-12,STR06,CUS0294,PRD016,2,565.24,0.05,1073.96,523.84,550.12,App
SAL04507,2022-09-21,STR03,CUS0100,PRD080,1,390.71,0.0,390.71,178.69,212.02,Online
SAL04508,2023-10-05,STR12,CUS0217,PRD001,1,769.25,0.0,769.25,373.76,395.49,Store
SAL04509,2022-01-08,STR07,CUS0291,PRD051,1,428.0,0.15,363.8,224.16,139.64,Store
SAL04510,2024-10-22,STR09,CUS0277,PRD043,1,108.59,0.0,108.59,54.96,53.63,Online
SAL04511,2024-12-02,STR04,CUS0065,PRD045,1,74.57,0.05,70.84,34.38,36.46,Online
SAL04512,2025-04-11,STR02,CUS0136,PRD075,1,453.11,0.0,453.11,269.73,183.38,App
SAL04513,2024-10-18,STR11,CUS0018,PRD004,2,277.55,0.0,555.1,262.38,292.72,Store
SAL04514,2022-02-28,STR07,CUS0292,PRD069,5,393.75,0.05,1870.31,1056.15,814.16,Online
SAL04515,2022-08-30,STR01,CUS0153,PRD005,2,245.1,0.2,392.16,348.98,43.18,Online
SAL04516,2023-03-26,STR03,CUS0126,PRD019,1,404.77,0.0,404.77,279.33,125.44,Online
SAL04517,2024-06-21,STR06,CUS0239,PRD016,4,565.24,0.0,2260.96,1047.68,1213.28,App
SAL04518,2025-01-22,STR10,CUS0243,PRD049,1,535.39,0.2,428.31,243.87,184.44,Store
SAL04519,2022-10-30,STR01,CUS0209,PRD074,1,778.55,0.0,778.55,376.12,402.43,App
SAL04520,2023-08-11,STR04,CUS0182,PRD056,1,434.96,0.0,434.96,261.14,173.82,Online
SAL04521,2024-07-15,STR03,CUS0139,PRD028,2,167.14,0.0,334.28,163.54,170.74,Store
SAL04522,2025-04-20,STR05,CUS0024,PRD064,1,508.25,0.0,508.25,292.5,215.75,Store
SAL04523,2022-05-15,STR08,CUS0234,PRD006,1,365.95,0.0,365.95,206.75,159.2,Store
SAL04524,2022-07-04,STR08,CUS0288,PRD019,4,404.77,0.0,1619.08,1117.32,501.76,App
SAL04525,2024-09-05,STR09,CUS0171,PRD077,3,517.67,0.1,1397.71,918.24,479.47,Store
SAL04526,2025-06-05,STR05,CUS0250,PRD052,3,660.22,0.0,1980.66,1179.57,801.09,App
SAL04527,2024-01-14,STR02,CUS0017,PRD051,2,428.0,0.05,813.2,448.32,364.88,Online
SAL04528,2023-08-03,STR08,CUS0272,PRD061,1,60.41,0.0,60.41,31.04,29.37,App
SAL04529,2023-04-30,STR02,CUS0030,PRD067,2,338.84,0.0,677.68,382.56,295.12,Store
SAL04530,2024-07-12,STR11,CUS0017,PRD027,1,167.97,0.0,167.97,84.52,83.45,Store
SAL04531,2022-01-28,STR04,CUS0078,PRD075,2,453.11,0.1,815.6,539.46,276.14,Store
SAL04532,2023-11-26,STR03,CUS0085,PRD047,1,470.23,0.0,470.23,300.2,170.03,Online
SAL04533,2024-07-06,STR01,CUS0172,PRD064,1,508.25,0.0,508.25,292.5,215.75,Online
SAL04534,2024-04-19,STR07,CUS0016,PRD068,2,193.87,0.15,329.58,272.68,56.9,Store
SAL04535,2022-05-21,STR05,CUS0136,PRD024,1,582.46,0.1,524.21,336.53,187.68,App
SAL04536,2023-09-19,STR09,CUS0205,PRD079,2,665.32,0.0,1330.64,677.76,652.88,Online
SAL04537,2023-01-04,STR02,CUS0143,PRD005,1,245.1,0.15,208.33,174.49,33.84,Store
SAL04538,2024-01-07,STR07,CUS0054,PRD054,2,167.08,0.15,284.04,161.92,122.12,App
SAL04539,2023-07-13,STR11,CUS0167,PRD047,1,470.23,0.0,470.23,300.2,170.03,Store
SAL04540,2022-03-28,STR04,CUS0300,PRD060,2,118.37,0.0,236.74,155.46,81.28,App
SAL04541,2022-12-14,STR08,CUS0293,PRD076,1,841.57,0.0,841.57,383.22,458.35,Store
SAL04542,2025-06-08,STR11,CUS0153,PRD016,1,565.24,0.05,536.98,261.92,275.06,Store
SAL04543,2023-04-18,STR05,CUS0018,PRD050,1,289.93,0.05,275.43,202.54,72.89,App
SAL04544,2023-06-15,STR01,CUS0038,PRD049,4,535.39,0.0,2141.56,975.48,1166.08,App
SAL04545,2025-04-30,STR05,CUS0188,PRD055,1,402.22,0.0,402.22,211.32,190.9,Store
SAL04546,2025-04-13,STR05,CUS0023,PRD076,2,841.57,0.0,1683.14,766.44,916.7,Online
SAL04547,2025-03-03,STR03,CUS0017,PRD060,1,118.37,0.1,106.53,77.73,28.8,App
SAL04548,2022-06-09,STR01,CUS0235,PRD054,1,167.08,0.0,167.08,80.96,86.12,Store
SAL04549,2022-08-03,STR07,CUS0165,PRD027,1,167.97,0.2,134.38,84.52,49.86,Store
SAL04550,2024-01-25,STR03,CUS0231,PRD031,3,607.09,0.2,1457.02,935.4,521.62,Online
SAL04551,2024-05-28,STR06,CUS0138,PRD051,1,428.0,0.2,342.4,224.16,118.24,Online
SAL04552,2023-08-13,STR09,CUS0151,PRD002,1,528.99,0.2,423.19,347.39,75.8,Online
SAL04553,2025-08-10,STR10,CUS0044,PRD012,1,580.87,0.1,522.78,387.01,135.77,Store
SAL04554,2023-05-09,STR07,CUS0164,PRD052,1,660.22,0.15,561.19,393.19,168.0,Store
SAL04555,2022-12-14,STR11,CUS0096,PRD023,1,336.46,0.05,319.64,224.72,94.92,Online
SAL04556,2022-03-30,STR02,CUS0037,PRD078,2,149.61,0.0,299.22,145.7,153.52,Online
SAL04557,2024-11-10,STR02,CUS0173,PRD066,2,180.08,0.0,360.16,248.14,112.02,Online
SAL04558,2022-09-03,STR11,CUS0088,PRD078,1,149.61,0.05,142.13,72.85,69.28,Store
SAL04559,2023-07-01,STR07,CUS0040,PRD075,3,453.11,0.1,1223.4,809.19,414.21,Online
SAL04560,2024-01-10,STR03,CUS0075,PRD018,1,703.6,0.2,562.88,337.92,224.96,App
SAL04561,2022-11-04,STR04,CUS0179,PRD019,1,404.77,0.1,364.29,279.33,84.96,Online
SAL04562,2022-07-14,STR08,CUS0283,PRD010,1,307.16,0.0,307.16,163.43,143.73,Online
SAL04563,2022-06-26,STR08,CUS0045,PRD050,3,289.93,0.05,826.3,607.62,218.68,Online
SAL04564,2024-07-16,STR03,CUS0083,PRD063,2,447.14,0.15,760.14,627.96,132.18,Online
SAL04565,2022-01-15,STR09,CUS0267,PRD047,4,470.23,0.2,1504.74,1200.8,303.94,Store
SAL04566,2022-03-21,STR01,CUS0222,PRD056,1,434.96,0.05,413.21,261.14,152.07,App
SAL04567,2024-11-07,STR04,CUS0111,PRD072,2,499.84,0.15,849.73,600.8,248.93,Online
SAL04568,2022-05-30,STR04,CUS0264,PRD007,1,297.96,0.15,253.27,173.78,79.49,Store
SAL04569,2024-05-30,STR04,CUS0262,PRD061,1,60.41,0.05,57.39,31.04,26.35,App
SAL04570,2024-02-14,STR11,CUS0181,PRD015,1,339.66,0.1,305.69,183.65,122.04,Store
SAL04571,2022-01-12,STR09,CUS0213,PRD050,1,289.93,0.05,275.43,202.54,72.89,Online
SAL04572,2025-03-09,STR09,CUS0013,PRD067,1,338.84,0.0,338.84,191.28,147.56,Online
SAL04573,2022-07-01,STR07,CUS0190,PRD076,1,841.57,0.0,841.57,383.22,458.35,Store
SAL04574,2025-05-02,STR01,CUS0013,PRD007,2,297.96,0.0,595.92,347.56,248.36,Store
SAL04575,2025-02-11,STR01,CUS0187,PRD063,3,447.14,0.1,1207.28,941.94,265.34,Store
SAL04576,2024-11-25,STR05,CUS0009,PRD053,3,139.83,0.05,398.52,238.44,160.08,Store
SAL04577,2022-09-07,STR09,CUS0080,PRD080,3,390.71,0.0,1172.13,536.07,636.06,Store
SAL04578,2023-09-20,STR02,CUS0232,PRD029,2,318.8,0.0,637.6,341.6,296.0,Store
SAL04579,2023-09-25,STR08,CUS0111,PRD015,1,339.66,0.0,339.66,183.65,156.01,Online
SAL04580,2022-05-11,STR10,CUS0256,PRD023,2,336.46,0.0,672.92,449.44,223.48,App
SAL04581,2023-05-28,STR11,CUS0074,PRD023,1,336.46,0.05,319.64,224.72,94.92,App
SAL04582,2024-04-17,STR10,CUS0143,PRD065,1,361.03,0.0,361.03,256.52,104.51,Online
SAL04583,2023-12-17,STR07,CUS0256,PRD021,1,732.57,0.15,622.68,388.69,233.99,Store
SAL04584,2024-11-28,STR12,CUS0127,PRD079,2,665.32,0.15,1131.04,677.76,453.28,Store
SAL04585,2022-07-13,STR09,CUS0294,PRD051,1,428.0,0.0,428.0,224.16,203.84,Store
SAL04586,2022-06-17,STR11,CUS0016,PRD040,1,107.82,0.05,102.43,56.81,45.62,Store
SAL04587,2023-11-06,STR10,CUS0044,PRD066,1,180.08,0.2,144.06,124.07,19.99,Online
SAL04588,2025-02-12,STR02,CUS0258,PRD079,2,665.32,0.15,1131.04,677.76,453.28,App
SAL04589,2022-03-31,STR11,CUS0039,PRD054,1,167.08,0.1,150.37,80.96,69.41,Store
SAL04590,2023-11-10,STR01,CUS0260,PRD076,1,841.57,0.1,757.41,383.22,374.19,App
SAL04591,2025-07-29,STR05,CUS0032,PRD072,1,499.84,0.0,499.84,300.4,199.44,App
SAL04592,2024-01-19,STR07,CUS0119,PRD027,3,167.97,0.15,428.32,253.56,174.76,Store
SAL04593,2022-11-23,STR05,CUS0076,PRD057,3,52.44,0.2,125.86,110.34,15.52,Online
SAL04594,2024-09-23,STR03,CUS0066,PRD043,2,108.59,0.05,206.32,109.92,96.4,Online
SAL04595,2025-01-15,STR03,CUS0133,PRD078,1,149.61,0.05,142.13,72.85,69.28,Online
SAL04596,2023-04-24,STR12,CUS0069,PRD030,4,396.17,0.15,1346.98,960.16,386.82,App
SAL04597,2022-10-25,STR03,CUS0092,PRD062,1,210.83,0.0,210.83,103.07,107.76,Store
SAL04598,2022-12-13,STR04,CUS0179,PRD041,2,500.06,0.0,1000.12,496.18,503.94,Online
SAL04599,2022-03-20,STR07,CUS0050,PRD007,1,297.96,0.1,268.16,173.78,94.38,App
SAL04600,2023-07-25,STR10,CUS0096,PRD025,1,395.29,0.05,375.53,254.79,120.74,Online
SAL04601,2025-02-25,STR02,CUS0050,PRD047,4,470.23,0.15,1598.78,1200.8,397.98,App
SAL04602,2024-10-28,STR12,CUS0174,PRD051,4,428.0,0.2,1369.6,896.64,472.96,Store
SAL04603,2022-02-06,STR09,CUS0003,PRD055,4,402.22,0.05,1528.44,845.28,683.16,Store
SAL04604,2024-06-06,STR02,CUS0167,PRD038,1,588.04,0.0,588.04,383.18,204.86,Store
SAL04605,2025-05-15,STR07,CUS0218,PRD075,3,453.11,0.2,1087.46,809.19,278.27,App
SAL04606,2023-06-01,STR08,CUS0175,PRD001,3,769.25,0.0,2307.75,1121.28,1186.47,Store
SAL04607,2024-03-12,STR07,CUS0208,PRD074,1,778.55,0.15,661.77,376.12,285.65,Online
SAL04608,2025-02-20,STR11,CUS0034,PRD062,1,210.83,0.0,210.83,103.07,107.76,App
SAL04609,2024-09-16,STR03,CUS0109,PRD011,3,450.62,0.15,1149.08,617.73,531.35,Store
SAL04610,2022-06-18,STR04,CUS0080,PRD059,2,494.95,0.15,841.41,570.66,270.75,App
SAL04611,2024-03-23,STR12,CUS0299,PRD016,4,565.24,0.0,2260.96,1047.68,1213.28,App
SAL04612,2024-11-10,STR06,CUS0205,PRD034,1,539.68,0.0,539.68,291.79,247.89,Store
SAL04613,2025-03-20,STR07,CUS0112,PRD053,1,139.83,0.1,125.85,79.48,46.37,App
SAL04614,2024-05-04,STR02,CUS0175,PRD066,1,180.08,0.05,171.08,124.07,47.01,Online
SAL04615,2024-09-25,STR06,CUS0185,PRD054,1,167.08,0.1,150.37,80.96,69.41,App
SAL04616,2022-07-27,STR10,CUS0039,PRD075,1,453.11,0.05,430.45,269.73,160.72,Online
SAL04617,2024-03-02,STR07,CUS0227,PRD075,2,453.11,0.0,906.22,539.46,366.76,App
SAL04618,2023-01-16,STR04,CUS0071,PRD024,1,582.46,0.05,553.34,336.53,216.81,Online
SAL04619,2024-10-19,STR12,CUS0293,PRD040,1,107.82,0.1,97.04,56.81,40.23,Online
SAL04620,2023-07-27,STR04,CUS0149,PRD014,1,469.29,0.05,445.83,320.0,125.83,App
SAL04621,2022-02-10,STR04,CUS0138,PRD001,1,769.25,0.15,653.86,373.76,280.1,Online
SAL04622,2022-03-29,STR10,CUS0152,PRD020,2,144.97,0.0,289.94,152.4,137.54,Online
SAL04623,2022-04-23,STR04,CUS0221,PRD020,1,144.97,0.0,144.97,76.2,68.77,Online
SAL04624,2025-03-24,STR05,CUS0241,PRD060,3,118.37,0.15,301.84,233.19,68.65,Online
SAL04625,2022-07-12,STR03,CUS0093,PRD019,3,404.77,0.0,1214.31,837.99,376.32,Store
SAL04626,2024-04-27,STR11,CUS0068,PRD039,1,267.3,0.0,267.3,176.25,91.05,App
SAL04627,2023-05-04,STR04,CUS0246,PRD076,2,841.57,0.1,1514.83,766.44,748.39,Store
SAL04628,2023-06-04,STR04,CUS0015,PRD074,5,778.55,0.0,3892.75,1880.6,2012.15,Online
SAL04629,2023-09-07,STR08,CUS0054,PRD027,2,167.97,0.0,335.94,169.04,166.9,Store
SAL04630,2024-12-02,STR10,CUS0091,PRD005,1,245.1,0.0,245.1,174.49,70.61,App
SAL04631,2025-04-27,STR06,CUS0287,PRD031,3,607.09,0.0,1821.27,935.4,885.87,App
SAL04632,2023-02-06,STR03,CUS0121,PRD027,1,167.97,0.05,159.57,84.52,75.05,Store
SAL04633,2023-12-09,STR06,CUS0153,PRD004,1,277.55,0.0,277.55,131.19,146.36,App
SAL04634,2023-03-09,STR04,CUS0045,PRD042,2,213.13,0.0,426.26,204.72,221.54,App
SAL04635,2023-02-12,STR11,CUS0104,PRD055,1,402.22,0.15,341.89,211.32,130.57,Online
SAL04636,2025-06-07,STR12,CUS0034,PRD029,1,318.8,0.05,302.86,170.8,132.06,Store
SAL04637,2023-11-08,STR07,CUS0034,PRD078,2,149.61,0.0,299.22,145.7,153.52,Store
SAL04638,2023-05-26,STR08,CUS0134,PRD045,1,74.57,0.15,63.38,34.38,29.0,Store
SAL04639,2025-02-25,STR04,CUS0134,PRD046,1,533.74,0.0,533.74,349.25,184.49,App
SAL04640,2024-06-29,STR06,CUS0086,PRD065,2,361.03,0.0,722.06,513.04,209.02,Store
SAL04641,2024-07-08,STR09,CUS0211,PRD063,2,447.14,0.1,804.85,627.96,176.89,Store
SAL04642,2025-05-05,STR07,CUS0017,PRD019,3,404.77,0.1,1092.88,837.99,254.89,Store
SAL04643,2024-03-11,STR06,CUS0131,PRD073,1,252.83,0.2,202.26,167.82,34.44,App
SAL04644,2024-05-23,STR09,CUS0089,PRD006,5,365.95,0.0,1829.75,1033.75,796.0,Online
SAL04645,2024-01-29,STR11,CUS0061,PRD059,4,494.95,0.1,1781.82,1141.32,640.5,Online
SAL04646,2023-09-13,STR10,CUS0052,PRD074,3,778.55,0.15,1985.3,1128.36,856.94,App
SAL04647,2022-05-01,STR07,CUS0044,PRD066,1,180.08,0.15,153.07,124.07,29.0,Store
SAL04648,2023-10-10,STR10,CUS0151,PRD048,1,65.44,0.1,58.9,45.9,13.0,Store
SAL04649,2023-03-29,STR06,CUS0155,PRD014,1,469.29,0.0,469.29,320.0,149.29,App
SAL04650,2023-11-15,STR02,CUS0174,PRD054,1,167.08,0.0,167.08,80.96,86.12,Store
SAL04651,2024-04-14,STR02,CUS0223,PRD067,3,338.84,0.2,813.22,573.84,239.38,Store
SAL04652,2022-11-29,STR12,CUS0239,PRD054,1,167.08,0.0,167.08,80.96,86.12,Online
SAL04653,2022-12-21,STR02,CUS0221,PRD011,1,450.62,0.05,428.09,205.91,222.18,Store
SAL04654,2022-12-25,STR04,CUS0140,PRD041,1,500.06,0.0,500.06,248.09,251.97,Online
SAL04655,2023-01-17,STR11,CUS0248,PRD003,2,460.37,0.2,736.59,469.52,267.07,App
SAL04656,2023-11-10,STR08,CUS0196,PRD031,1,607.09,0.0,607.09,311.8,295.29,Store
SAL04657,2023-02-18,STR08,CUS0133,PRD064,2,508.25,0.0,1016.5,585.0,431.5,Online
SAL04658,2025-04-12,STR04,CUS0192,PRD078,1,149.61,0.2,119.69,72.85,46.84,Store
SAL04659,2025-04-14,STR08,CUS0056,PRD023,1,336.46,0.2,269.17,224.72,44.45,App
SAL04660,2024-01-19,STR01,CUS0155,PRD077,1,517.67,0.15,440.02,306.08,133.94,App
SAL04661,2023-04-06,STR03,CUS0231,PRD050,3,289.93,0.1,782.81,607.62,175.19,Online
SAL04662,2023-02-09,STR01,CUS0073,PRD058,1,428.07,0.0,428.07,284.8,143.27,Store
SAL04663,2024-12-27,STR03,CUS0221,PRD071,1,618.33,0.1,556.5,332.7,223.8,Store
SAL04664,2023-11-16,STR11,CUS0055,,3,337.72,0.05,962.5,683.97,278.53,Online
SAL04665,2023-06-29,STR06,CUS0232,PRD071,3,618.33,0.15,1576.74,998.1,578.64,App
SAL04666,2022-12-15,STR12,CUS0198,PRD072,2,499.84,0.0,999.68,600.8,398.88,Online
SAL04667,2023-07-15,STR02,CUS0008,PRD034,1,539.68,0.1,485.71,291.79,193.92,Store
SAL04668,2024-05-21,STR04,CUS0177,PRD047,1,470.23,0.0,470.23,300.2,170.03,Online
SAL04669,2024-10-12,STR01,CUS0168,PRD043,1,108.59,0.0,108.59,54.96,53.63,Online
SAL04670,2025-03-23,STR02,CUS0223,PRD014,2,469.29,0.0,938.58,640.0,298.58,App
SAL04671,2022-07-04,STR12,CUS0278,PRD030,2,396.17,0.0,792.34,480.08,312.26,Store
SAL04672,2024-10-14,STR03,CUS0239,PRD030,2,396.17,0.2,633.87,480.08,153.79,Online
SAL04673,2023-01-26,STR05,CUS0173,PRD062,1,210.83,0.0,210.83,103.07,107.76,Online
SAL04674,2024-06-27,STR10,CUS0030,PRD054,2,167.08,0.0,334.16,161.92,172.24,Store
SAL04675,2023-04-23,STR06,CUS0067,PRD034,2,539.68,0.15,917.46,583.58,333.88,Store
SAL04676,2023-12-19,STR07,CUS0181,PRD079,2,665.32,0.0,1330.64,677.76,652.88,Online
SAL04677,2023-03-01,STR09,CUS0112,PRD008,2,439.89,0.0,879.78,513.14,366.64,App
SAL04678,2024-11-20,STR09,CUS0083,PRD042,2,213.13,0.2,341.01,204.72,136.29,App
SAL04679,2024-02-09,STR02,CUS0098,PRD024,3,582.46,0.0,1747.38,1009.59,737.79,Store
SAL04680,2022-08-18,STR08,CUS0219,PRD080,1,390.71,0.1,351.64,178.69,172.95,Store
SAL04681,2024-08-15,STR06,CUS0104,PRD040,3,107.82,0.1,291.11,170.43,120.68,App
SAL04682,2025-03-04,STR02,CUS0297,PRD047,2,470.23,0.2,752.37,600.4,151.97,App
SAL04683,2024-04-24,STR07,CUS0239,PRD060,4,118.37,0.0,473.48,310.92,162.56,App
SAL04684,2022-09-29,STR07,CUS0263,PRD047,2,470.23,0.15,799.39,600.4,198.99,App
SAL04685,2024-11-10,STR03,CUS0076,PRD074,3,778.55,0.0,2335.65,1128.36,1207.29,App
SAL04686,2025-01-02,STR08,CUS0117,PRD035,1,285.91,0.15,243.02,147.39,95.63,Online
SAL04687,2022-08-31,STR07,CUS0216,PRD026,3,434.62,0.0,1303.86,746.07,557.79,App
SAL04688,2024-05-05,STR02,CUS0050,PRD064,1,508.25,0.05,482.84,292.5,190.34,Store
SAL04689,2023-10-19,STR04,CUS0190,PRD056,3,434.96,0.15,1109.15,783.42,325.73,Online
SAL04690,2022-11-21,STR06,CUS0171,PRD077,1,517.67,0.0,517.67,306.08,211.59,App
SAL04691,2023-10-03,STR01,CUS0190,PRD035,1,285.91,0.05,271.61,147.39,124.22,App
SAL04692,2022-12-24,STR10,CUS0267,PRD073,2,252.83,0.0,505.66,335.64,170.02,App
SAL04693,2024-01-22,STR09,CUS0135,PRD017,1,86.4,0.05,82.08,47.35,34.73,Store
SAL04694,2023-12-12,STR12,CUS0294,PRD008,1,439.89,0.05,417.9,256.57,161.33,App
SAL04695,2022-07-13,STR06,CUS0267,PRD020,2,144.97,0.0,289.94,152.4,137.54,App
SAL04696,2024-03-12,STR08,CUS0063,PRD036,1,638.05,0.1,574.25,315.24,259.01,Store
SAL04697,2022-11-30,STR04,CUS0154,PRD079,3,665.32,0.0,1995.96,1016.64,979.32,Online
SAL04698,2025-07-01,STR05,CUS0061,PRD073,3,252.83,0.0,758.49,503.46,255.03,Store
SAL04699,2024-12-10,STR05,CUS0130,PRD046,2,533.74,0.15,907.36,698.5,208.86,Store
SAL04700,2025-07-24,STR08,CUS0206,PRD075,1,453.11,0.2,362.49,269.73,92.76,Online
SAL04701,2022-01-05,STR03,CUS0160,PRD019,1,404.77,0.1,364.29,279.33,84.96,Online
SAL04702,2022-09-07,STR01,CUS0134,PRD064,1,508.25,0.0,508.25,292.5,215.75,Store
SAL04703,2025-05-19,STR12,CUS0082,PRD048,2,65.44,0.15,111.25,91.8,19.45,App
SAL04704,2025-05-11,STR01,CUS0239,PRD063,4,447.14,0.0,1788.56,1255.92,532.64,Online
SAL04705,2023-08-25,STR07,CUS0237,PRD033,3,82.66,0.05,235.58,172.56,63.02,Store
SAL04706,2025-08-02,STR11,CUS0232,PRD007,3,297.96,0.05,849.19,521.34,327.85,App
SAL04707,2024-02-11,STR06,CUS0251,PRD078,2,149.61,0.0,299.22,145.7,153.52,App
SAL04708,2023-01-02,STR01,CUS0299,PRD001,1,769.25,0.05,730.79,373.76,357.03,App
SAL04709,2024-01-21,STR10,CUS0051,PRD046,1,533.74,0.2,426.99,349.25,77.74,Online
SAL04710,2022-09-21,STR03,CUS0250,PRD003,2,460.37,0.2,736.59,469.52,267.07,Store
SAL04711,2022-03-09,STR02,CUS0209,PRD036,1,638.05,0.0,638.05,315.24,322.81,App
SAL04712,2023-07-20,STR02,CUS0140,PRD006,4,365.95,0.15,1244.23,827.0,417.23,App
SAL04713,2025-07-21,STR01,CUS0256,PRD009,2,337.72,0.1,607.9,455.98,151.92,Store
SAL04714,2024-02-26,STR03,CUS0078,PRD073,1,252.83,0.0,252.83,167.82,85.01,App
SAL04715,2023-09-22,STR02,CUS0163,PRD019,1,404.77,0.2,323.82,279.33,44.49,App
SAL04716,2023-05-27,STR01,CUS0015,PRD027,1,167.97,0.0,167.97,84.52,83.45,App
SAL04717,2022-06-07,STR02,CUS0023,PRD046,1,533.74,0.2,426.99,349.25,77.74,App
SAL04718,2022-08-28,STR08,CUS0156,PRD012,2,580.87,0.0,1161.74,774.02,387.72,App
SAL04719,2023-04-23,STR10,CUS0091,PRD058,1,428.07,0.1,385.26,284.8,100.46,Store
SAL04720,2024-11-25,STR06,CUS0190,PRD045,1,74.57,0.0,74.57,34.38,40.19,Store
SAL04721,2022-03-14,STR04,CUS0259,PRD062,1,210.83,0.15,179.21,103.07,76.14,App
SAL04722,2025-01-24,STR10,CUS0130,PRD004,2,277.55,0.05,527.35,262.38,264.97,Online
SAL04723,2023-01-02,STR06,CUS0150,PRD062,1,210.83,0.05,200.29,103.07,97.22,App
SAL04724,2023-12-27,STR03,CUS0146,PRD037,4,72.87,0.2,233.18,197.16,36.02,Online
SAL04725,2022-12-21,STR04,CUS0101,PRD030,2,396.17,0.2,633.87,480.08,153.79,Store
SAL04726,2024-11-02,STR05,CUS0279,PRD072,3,499.84,0.15,1274.59,901.2,373.39,Online
SAL04727,2025-05-08,STR10,CUS0034,PRD044,2,125.25,0.0,250.5,114.38,136.12,Store
SAL04728,2024-06-26,STR04,CUS0288,PRD038,2,588.04,0.2,940.86,766.36,174.5,Store
SAL04729,2022-09-28,STR05,CUS0071,PRD072,1,499.84,0.0,499.84,300.4,199.44,Store
SAL04730,2025-03-24,STR07,CUS0061,PRD006,3,365.95,0.2,878.28,620.25,258.03,Store
SAL04731,2024-01-20,STR11,CUS0131,PRD052,2,660.22,0.2,1056.35,786.38,269.97,App
SAL04732,2022-01-14,STR01,CUS0298,PRD034,2,539.68,0.0,1079.36,583.58,495.78,Online
SAL04733,2023-03-23,STR05,CUS0125,PRD073,2,252.83,0.0,505.66,335.64,170.02,Online
SAL04734,2024-04-05,STR04,CUS0100,PRD062,1,210.83,0.0,210.83,103.07,107.76,App
SAL04735,2023-01-02,STR12,CUS0022,PRD030,2,396.17,0.2,633.87,480.08,153.79,Online
SAL04736,2023-07-23,STR12,CUS0281,PRD015,1,339.66,0.2,271.73,183.65,88.08,Store
SAL04737,2022-11-01,STR03,CUS0273,PRD013,1,332.19,0.0,332.19,151.83,180.36,Online
SAL04738,2024-03-28,STR11,CUS0223,PRD003,2,460.37,0.0,920.74,469.52,451.22,App
SAL04739,2024-01-25,STR02,CUS0113,PRD022,1,447.25,0.1,402.53,315.68,86.85,Online
SAL04740,2022-12-19,STR02,CUS0267,PRD060,4,118.37,0.15,402.46,310.92,91.54,Store
SAL04741,2024-01-01,STR01,CUS0279,PRD004,2,277.55,0.0,555.1,262.38,292.72,Store
SAL04742,2025-01-16,STR04,CUS0286,PRD070,1,326.09,0.05,309.79,220.82,88.97,App
SAL04743,2022-07-20,STR11,CUS0004,PRD062,1,210.83,0.0,210.83,103.07,107.76,App
SAL04744,2024-01-03,STR10,CUS0231,PRD046,1,533.74,0.0,533.74,349.25,184.49,Store
SAL04745,2023-02-23,STR05,CUS0217,PRD046,2,533.74,0.0,1067.48,698.5,368.98,App
SAL04746,2022-10-18,STR10,CUS0036,PRD009,1,337.72,0.15,287.06,227.99,59.07,App
SAL04747,2024-12-01,STR05,CUS0179,PRD025,1,395.29,0.2,316.23,254.79,61.44,Online
SAL04748,2024-12-26,STR07,CUS0268,PRD024,2,582.46,0.0,1164.92,673.06,491.86,App
SAL04749,2022-09-26,STR03,CUS0201,PRD073,1,252.83,0.0,252.83,167.82,85.01,Store
SAL04750,2024-03-25,STR09,CUS0119,PRD021,5,732.57,0.15,3113.42,1943.45,1169.97,Online
SAL04751,2025-06-15,STR01,CUS0074,PRD080,1,390.71,0.0,390.71,178.69,212.02,Store
SAL04752,2022-05-01,STR10,CUS0177,PRD061,2,60.41,0.0,120.82,62.08,58.74,Online
SAL04753,2024-09-05,STR10,CUS0006,PRD042,1,213.13,0.0,213.13,102.36,110.77,App
SAL04754,2025-07-17,STR10,CUS0098,PRD004,1,277.55,0.15,235.92,131.19,104.73,Online
SAL04755,2022-12-23,STR09,CUS0071,PRD062,1,210.83,0.05,200.29,103.07,97.22,App
SAL04756,2023-10-05,STR04,CUS0175,PRD031,2,607.09,0.1,1092.76,623.6,469.16,App
SAL04757,2022-05-07,STR07,CUS0013,PRD012,4,580.87,0.2,1858.78,1548.04,310.74,App
SAL04758,2025-01-22,STR04,CUS0116,PRD062,1,210.83,0.0,210.83,103.07,107.76,App
SAL04759,2022-10-20,STR07,CUS0228,PRD024,3,582.46,0.0,1747.38,1009.59,737.79,Store
SAL04760,2023-08-31,STR11,CUS0277,PRD038,1,588.04,0.0,588.04,383.18,204.86,Store
SAL04761,2022-08-07,STR07,CUS0296,PRD039,2,267.3,0.05,507.87,352.5,155.37,App
SAL04762,2022-08-18,STR12,CUS0295,PRD079,2,665.32,0.0,1330.64,677.76,652.88,Store
SAL04763,2022-10-19,STR09,CUS0186,PRD072,1,499.84,0.0,499.84,300.4,199.44,App
SAL04764,2022-05-22,STR01,CUS0094,PRD043,3,108.59,0.0,325.77,164.88,160.89,Store
SAL04765,2022-11-12,STR11,CUS0187,PRD015,3,339.66,0.0,1018.98,550.95,468.03,Online
SAL04766,2023-02-12,STR05,CUS0282,PRD040,2,107.82,0.05,204.86,113.62,91.24,App
SAL04767,2024-02-06,STR08,CUS0003,PRD019,1,404.77,0.0,404.77,279.33,125.44,Store
SAL04768,2024-03-03,STR12,CUS0054,PRD047,2,470.23,0.2,752.37,600.4,151.97,App
SAL04769,2023-05-27,STR01,CUS0239,PRD071,1,618.33,0.0,618.33,332.7,285.63,App
SAL04770,2022-10-10,STR02,CUS0088,PRD018,1,703.6,0.15,598.06,337.92,260.14,App
SAL04771,2022-05-13,STR06,CUS0234,PRD058,1,428.07,0.1,385.26,284.8,100.46,App
SAL04772,2022-04-19,STR06,CUS0069,PRD007,2,297.96,0.2,476.74,347.56,129.18,Online
SAL04773,2024-07-30,STR04,CUS0272,PRD077,3,517.67,0.1,1397.71,918.24,479.47,Store
SAL04774,2023-08-09,STR03,CUS0107,PRD004,3,277.55,0.0,832.65,393.57,439.08,App
SAL04775,2024-09-04,STR12,CUS0055,PRD036,2,638.05,0.0,1276.1,630.48,645.62,Store
SAL04776,2023-05-24,STR09,CUS0068,PRD063,2,447.14,0.2,715.42,627.96,87.46,Store
SAL04777,2024-03-24,STR10,CUS0077,PRD008,3,439.89,0.05,1253.69,769.71,483.98,Store
SAL04778,2023-05-18,STR08,CUS0175,PRD077,2,517.67,0.0,1035.34,612.16,423.18,Online
SAL04779,2023-12-17,STR07,CUS0080,PRD015,1,339.66,0.0,339.66,183.65,156.01,Online
SAL04780,2022-12-26,STR08,CUS0029,PRD008,1,439.89,0.2,351.91,256.57,95.34,App
SAL04781,2025-03-11,STR04,CUS0109,PRD055,3,402.22,0.15,1025.66,633.96,391.7,Store
SAL04782,2023-10-12,STR06,CUS0082,PRD024,1,582.46,0.0,582.46,336.53,245.93,Online
SAL04783,2024-11-09,STR07,CUS0220,PRD050,2,289.93,0.2,463.89,405.08,58.81,App
SAL04784,2023-11-24,STR02,CUS0090,PRD080,1,390.71,0.0,390.71,178.69,212.02,Online
SAL04785,2023-03-02,STR03,CUS0214,PRD037,4,72.87,0.0,291.48,197.16,94.32,Store
SAL04786,2023-10-22,STR06,CUS0156,PRD028,1,167.14,0.1,150.43,81.77,68.66,App
SAL04787,2024-03-24,STR03,CUS0288,PRD045,1,74.57,0.15,63.38,34.38,29.0,App
SAL04788,2025-01-13,STR06,CUS0204,PRD048,2,65.44,0.05,124.34,91.8,32.54,Store
SAL04789,2024-03-12,STR03,CUS0297,PRD009,2,337.72,0.1,607.9,455.98,151.92,App
SAL04790,2023-05-09,STR10,CUS0017,PRD042,3,213.13,0.15,543.48,307.08,236.4,App
SAL04791,2024-07-18,STR02,CUS0153,PRD039,1,267.3,0.2,213.84,176.25,37.59,Online
SAL04792,2024-03-05,STR04,CUS0187,PRD064,1,508.25,0.2,406.6,292.5,114.1,Online
SAL04793,2024-07-12,STR08,CUS0101,PRD055,2,402.22,0.2,643.55,422.64,220.91,App
SAL04794,2023-05-15,STR07,CUS0179,PRD023,1,336.46,0.0,336.46,224.72,111.74,App
SAL04795,2024-11-07,STR07,CUS0279,PRD046,1,533.74,0.0,533.74,349.25,184.49,Online
SAL04796,2022-10-01,STR10,CUS0214,PRD056,1,434.96,0.0,434.96,261.14,173.82,App
SAL04797,2023-02-20,STR08,CUS0255,PRD042,2,213.13,0.15,362.32,204.72,157.6,Store
SAL04798,2023-06-20,STR09,CUS0061,PRD042,1,213.13,0.05,202.47,102.36,100.11,Online
SAL04799,2022-11-25,STR08,CUS0203,PRD007,1,297.96,0.1,268.16,173.78,94.38,App
SAL04800,2023-01-20,STR05,CUS0212,PRD075,2,453.11,0.2,724.98,539.46,185.52,Online
SAL04801,2022-11-02,STR06,CUS0051,PRD009,1,337.72,0.1,303.95,227.99,75.96,App
SAL04802,2024-03-04,STR10,CUS0161,PRD001,1,769.25,0.0,769.25,373.76,395.49,Online
SAL04803,2023-09-13,STR08,CUS0258,PRD053,2,139.83,0.0,279.66,158.96,120.7,Online
SAL04804,2022-02-02,STR05,CUS0218,PRD022,1,447.25,0.05,424.89,315.68,109.21,App
SAL04805,2025-05-21,STR01,CUS0183,PRD064,3,508.25,0.2,1219.8,877.5,342.3,App
SAL04806,2022-11-19,STR05,CUS0025,PRD070,2,326.09,0.15,554.35,441.64,112.71,Online
SAL04807,2024-07-11,STR12,CUS0004,PRD053,1,139.83,0.15,118.86,79.48,39.38,Online
SAL04808,2023-08-21,STR12,CUS0260,PRD029,3,318.8,0.2,765.12,512.4,252.72,Store
SAL04809,2024-11-23,STR01,CUS0191,PRD065,5,361.03,0.15,1534.38,1282.6,251.78,Online
SAL04810,2023-05-30,STR03,CUS0214,PRD014,1,469.29,0.2,375.43,320.0,55.43,Online
SAL04811,2023-04-02,STR11,CUS0001,PRD043,1,108.59,0.15,92.3,54.96,37.34,Store
SAL04812,2023-05-19,STR03,CUS0081,PRD004,2,277.55,0.0,555.1,262.38,292.72,Store
SAL04813,2023-10-12,STR04,CUS0095,PRD015,2,339.66,0.1,611.39,367.3,244.09,Store
SAL04814,2024-08-15,STR11,CUS0298,PRD023,1,336.46,0.15,285.99,224.72,61.27,Online
SAL04815,2025-04-16,STR03,CUS0196,PRD034,3,539.68,0.05,1538.09,875.37,662.72,Online
SAL04816,2022-04-29,STR12,CUS0166,PRD032,1,570.78,0.0,570.78,326.53,244.25,Online
SAL04817,2022-12-04,STR05,CUS0238,PRD066,1,180.08,0.1,162.07,124.07,38.0,Online
SAL04818,2022-10-30,STR11,CUS0162,PRD012,1,580.87,0.0,580.87,387.01,193.86,Store
SAL04819,2023-04-30,STR05,CUS0169,PRD077,1,517.67,0.0,517.67,306.08,211.59,App
SAL04820,2025-08-11,STR12,CUS0124,PRD077,2,517.67,0.1,931.81,612.16,319.65,Online
SAL04821,2023-09-25,STR06,CUS0117,PRD029,2,318.8,0.1,573.84,341.6,232.24,App
SAL04822,2022-08-11,STR10,CUS0293,PRD038,3,588.04,0.15,1499.5,1149.54,349.96,App
SAL04823,2025-02-02,STR07,CUS0035,PRD079,1,665.32,0.1,598.79,338.88,259.91,Online
SAL04824,2024-05-02,STR11,CUS0179,PRD029,2,318.8,0.15,541.96,341.6,200.36,App
SAL04825,2024-03-03,STR03,CUS0074,PRD044,2,125.25,0.1,225.45,114.38,111.07,App
SAL04826,2024-12-07,STR02,CUS0165,PRD061,2,60.41,0.0,120.82,62.08,58.74,Store
SAL04827,2025-01-23,STR02,CUS0023,PRD074,1,778.55,0.1,700.69,376.12,324.57,Store
SAL04828,2025-07-18,STR10,CUS0155,PRD064,2,508.25,0.05,965.67,585.0,380.67,Store
SAL04829,2023-04-27,STR02,CUS0063,PRD009,2,337.72,0.0,675.44,455.98,219.46,App
SAL04830,2024-10-02,STR04,CUS0123,PRD055,1,402.22,0.05,382.11,211.32,170.79,Store
SAL04831,2022-04-29,STR10,CUS0278,PRD073,3,252.83,0.15,644.72,503.46,141.26,Store
SAL04832,2025-04-25,STR11,CUS0162,PRD007,2,297.96,0.0,595.92,347.56,248.36,Online
SAL04833,2022-05-03,STR11,CUS0200,PRD042,2,213.13,0.2,341.01,204.72,136.29,Store
SAL04834,2024-07-08,STR11,CUS0232,PRD080,1,390.71,0.0,390.71,178.69,212.02,Store
SAL04835,2022-03-08,STR10,CUS0186,PRD004,1,277.55,0.05,263.67,131.19,132.48,Online
SAL04836,2022-04-15,STR05,CUS0107,PRD067,1,338.84,0.15,288.01,191.28,96.73,Online
SAL04837,2025-05-17,STR03,CUS0140,PRD046,3,533.74,0.0,1601.22,1047.75,553.47,Store
SAL04838,2023-08-22,STR01,CUS0084,PRD039,1,267.3,0.15,227.21,176.25,50.96,App
SAL04839,2023-01-23,STR09,CUS0046,PRD038,1,588.04,0.0,588.04,383.18,204.86,App
SAL04840,2025-02-08,STR05,CUS0165,PRD053,3,139.83,0.1,377.54,238.44,139.1,Store
SAL04841,2023-01-04,STR08,CUS0281,PRD060,1,118.37,0.0,118.37,77.73,40.64,Online
SAL04842,2025-04-25,STR12,CUS0018,PRD043,2,108.59,0.0,217.18,109.92,107.26,Online
SAL04843,2022-10-30,STR02,CUS0172,PRD016,1,565.24,0.1,508.72,261.92,246.8,Store
SAL04844,2023-02-16,STR08,CUS0105,PRD074,1,778.55,0.0,778.55,376.12,402.43,Online
SAL04845,2023-11-20,STR08,CUS0002,PRD060,2,118.37,0.2,189.39,155.46,33.93,App
SAL04846,2022-11-03,STR11,CUS0016,PRD049,1,535.39,0.05,508.62,243.87,264.75,Store
SAL04847,2022-05-02,STR02,CUS0142,PRD055,1,402.22,0.0,402.22,211.32,190.9,Online
SAL04848,2022-03-10,STR09,CUS0088,PRD013,1,332.19,0.0,332.19,151.83,180.36,App
SAL04849,2024-05-15,STR10,CUS0195,PRD027,1,167.97,0.0,167.97,84.52,83.45,Online
SAL04850,2024-11-02,STR09,CUS0187,PRD076,1,841.57,0.0,841.57,383.22,458.35,Online
SAL04851,2025-06-14,STR12,CUS0032,PRD060,1,118.37,0.05,112.45,77.73,34.72,App
SAL04852,2025-05-29,STR03,CUS0068,PRD080,1,390.71,0.05,371.17,178.69,192.48,App
SAL04853,2022-08-21,STR07,CUS0192,PRD015,5,339.66,0.1,1528.47,918.25,610.22,App
SAL04854,2023-12-26,STR07,CUS0015,PRD033,1,82.66,0.0,82.66,57.52,25.14,App
SAL04855,2025-05-30,STR07,CUS0255,PRD023,1,336.46,0.0,336.46,224.72,111.74,Store
SAL04856,2025-03-29,STR12,CUS0087,PRD002,3,528.99,0.0,1586.97,1042.17,544.8,Online
SAL04857,2022-11-09,STR01,CUS0071,PRD010,1,307.16,0.1,276.44,163.43,113.01,Online
SAL04858,2024-12-03,STR10,CUS0197,PRD047,3,470.23,0.0,1410.69,900.6,510.09,Online
SAL04859,2022-09-16,STR12,CUS0106,PRD061,2,60.41,0.0,120.82,62.08,58.74,App
SAL04860,2024-07-30,STR09,CUS0100,PRD034,2,539.68,0.0,1079.36,583.58,495.78,App
SAL04861,2022-03-31,STR04,CUS0103,PRD055,1,402.22,0.05,382.11,211.32,170.79,Online
SAL04862,2022-05-15,STR12,CUS0263,PRD073,3,252.83,0.15,644.72,503.46,141.26,Online
SAL04863,2024-12-16,STR04,CUS0044,PRD076,1,841.57,0.15,715.33,383.22,332.11,App
SAL04864,2022-08-25,STR08,CUS0271,PRD061,1,60.41,0.2,48.33,31.04,17.29,Store
SAL04865,2022-06-14,STR09,CUS0288,PRD015,1,339.66,0.0,339.66,183.65,156.01,App
SAL04866,2023-09-04,STR12,CUS0062,PRD012,1,580.87,0.0,580.87,387.01,193.86,Store
SAL04867,2024-10-02,STR11,CUS0167,PRD061,1,60.41,0.0,60.41,31.04,29.37,Store
SAL04868,2024-08-14,STR05,CUS0049,PRD026,1,434.62,0.0,434.62,248.69,185.93,Store
SAL04869,2022-07-21,STR11,CUS0042,PRD036,3,638.05,0.05,1818.44,945.72,872.72,Store
SAL04870,2025-05-17,STR03,CUS0051,PRD060,1,118.37,0.05,112.45,77.73,34.72,App
SAL04871,2022-11-21,STR04,CUS0214,PRD063,1,447.14,0.0,447.14,313.98,133.16,App
SAL04872,2022-01-12,STR10,CUS0249,PRD066,2,180.08,0.15,306.14,248.14,58.0,Store
SAL04873,2025-02-04,STR04,CUS0036,PRD066,1,180.08,0.15,153.07,124.07,29.0,Store
SAL04874,2024-10-10,STR09,CUS0026,PRD023,4,336.46,0.0,1345.84,898.88,446.96,Store
SAL04875,2023-11-10,STR05,CUS0157,PRD007,1,297.96,0.1,268.16,173.78,94.38,Online
SAL04876,2022-01-28,STR02,CUS0163,PRD031,1,607.09,0.1,546.38,311.8,234.58,Online
SAL04877,2023-10-29,STR02,CUS0288,PRD066,3,180.08,0.05,513.23,372.21,141.02,Online
SAL04878,2022-03-17,STR08,CUS0181,PRD076,3,841.57,0.0,2524.71,1149.66,1375.05,Store
SAL04879,2022-06-28,STR11,CUS0073,PRD038,3,588.04,0.2,1411.3,1149.54,261.76,Online
SAL04880,2022-03-05,STR01,CUS0009,PRD080,1,390.71,0.15,332.1,178.69,153.41,App
SAL04881,2022-07-26,STR05,CUS0262,PRD024,1,582.46,0.0,582.46,336.53,245.93,Store
SAL04882,2022-06-24,STR08,CUS0050,PRD036,2,638.05,0.0,1276.1,630.48,645.62,App
SAL04883,2025-02-13,STR11,CUS0277,PRD016,1,565.24,0.2,452.19,261.92,190.27,Store
SAL04884,2025-01-07,STR08,CUS0123,PRD013,2,332.19,0.05,631.16,303.66,327.5,App
SAL04885,2024-01-29,STR05,CUS0108,PRD036,2,638.05,0.0,1276.1,630.48,645.62,Store
SAL04886,2023-01-05,STR12,CUS0175,PRD008,4,439.89,0.15,1495.63,1026.28,469.35,Online
SAL04887,2022-11-21,STR06,CUS0088,PRD074,1,778.55,0.15,661.77,376.12,285.65,App
SAL04888,2022-08-20,STR04,CUS0255,PRD012,5,580.87,0.0,2904.35,1935.05,969.3,Store
SAL04889,2022-05-26,STR02,CUS0267,PRD045,1,74.57,0.0,74.57,34.38,40.19,Online
SAL04890,2022-11-25,STR03,CUS0084,PRD065,1,361.03,0.0,361.03,256.52,104.51,Store
SAL04891,2024-04-26,STR10,CUS0080,PRD043,2,108.59,0.15,184.6,109.92,74.68,Online
SAL04892,2024-09-24,STR09,CUS0215,PRD079,1,665.32,0.0,665.32,338.88,326.44,Online
SAL04893,2022-03-30,STR02,CUS0090,PRD052,2,660.22,0.0,1320.44,786.38,534.06,Online
SAL04894,2023-05-14,STR11,CUS0005,PRD058,3,428.07,0.0,1284.21,854.4,429.81,Online
SAL04895,2022-01-01,STR09,CUS0023,PRD022,3,447.25,0.0,1341.75,947.04,394.71,Store
SAL04896,2023-09-02,STR01,CUS0138,PRD017,1,86.4,0.05,82.08,47.35,34.73,App
SAL04897,2024-11-22,STR05,CUS0222,PRD049,2,535.39,0.15,910.16,487.74,422.42,App
SAL04898,2024-06-14,STR07,CUS0110,PRD044,1,125.25,0.0,125.25,57.19,68.06,App
SAL04899,2023-06-07,STR12,CUS0060,PRD017,1,86.4,0.0,86.4,47.35,39.05,App
SAL04900,2023-12-17,STR11,CUS0023,PRD043,4,108.59,0.2,347.49,219.84,127.65,Store
SAL04901,2023-06-18,STR05,CUS0123,PRD014,1,469.29,0.0,469.29,320.0,149.29,App
SAL04902,2023-11-26,STR12,CUS0278,PRD049,2,535.39,0.2,856.62,487.74,368.88,App
SAL04903,2025-06-25,STR10,CUS0014,PRD042,2,213.13,0.0,426.26,204.72,221.54,App
SAL04904,2025-06-01,STR05,CUS0270,PRD011,1,450.62,0.1,405.56,205.91,199.65,App
SAL04905,2023-04-13,STR06,CUS0132,PRD076,2,841.57,0.0,1683.14,766.44,916.7,App
SAL04906,2024-03-11,STR12,CUS0143,PRD075,3,453.11,0.1,1223.4,809.19,414.21,Online
SAL04907,2024-08-07,STR05,CUS0181,PRD019,4,404.77,0.05,1538.13,1117.32,420.81,Store
SAL04908,2024-09-17,STR08,CUS0148,PRD008,1,439.89,0.0,439.89,256.57,183.32,Online
SAL04909,2024-09-20,STR08,CUS0056,PRD017,1,86.4,0.2,69.12,47.35,21.77,Online
SAL04910,2023-11-24,STR10,CUS0119,PRD053,2,139.83,0.0,279.66,158.96,120.7,App
SAL04911,2023-06-23,STR07,CUS0135,PRD001,1,769.25,0.0,769.25,373.76,395.49,Store
SAL04912,2023-10-28,STR05,CUS0155,PRD037,1,72.87,0.0,72.87,49.29,23.58,Online
SAL04913,2023-10-23,STR05,CUS0249,PRD047,1,470.23,0.1,423.21,300.2,123.01,Store
SAL04914,2024-11-29,STR03,CUS0163,PRD038,2,588.04,0.0,1176.08,766.36,409.72,Store
SAL04915,2022-10-01,STR09,CUS0262,PRD066,3,180.08,0.15,459.2,372.21,86.99,Online
SAL04916,2024-03-03,STR06,CUS0195,PRD039,3,267.3,0.2,641.52,528.75,112.77,Store
SAL04917,2023-05-01,STR01,CUS0118,PRD072,1,499.84,0.0,499.84,300.4,199.44,Store
SAL04918,2023-01-30,STR09,CUS0244,PRD011,1,450.62,0.0,450.62,205.91,244.71,Store
SAL04919,2024-03-10,STR10,CUS0122,PRD010,1,307.16,0.0,307.16,163.43,143.73,Store
SAL04920,2023-06-30,STR06,CUS0256,PRD056,1,434.96,0.0,434.96,261.14,173.82,App
SAL04921,2023-05-12,STR08,CUS0110,PRD029,2,318.8,0.05,605.72,341.6,264.12,Online
SAL04922,2023-05-09,STR12,CUS0226,PRD017,2,86.4,0.0,172.8,94.7,78.1,Online
SAL04923,2023-02-20,STR03,CUS0078,PRD033,3,82.66,0.0,247.98,172.56,75.42,Store
SAL04924,2022-09-20,STR01,CUS0163,PRD022,3,447.25,0.15,1140.49,947.04,193.45,Store
SAL04925,2022-01-22,STR05,CUS0108,PRD068,2,193.87,0.2,310.19,272.68,37.51,Store
SAL04926,2023-07-30,STR08,CUS0148,PRD024,4,582.46,0.0,2329.84,1346.12,983.72,Store
SAL04927,2024-04-24,STR03,CUS0234,PRD030,1,396.17,0.0,396.17,240.04,156.13,Online
SAL04928,2022-07-14,STR10,CUS0036,PRD039,2,267.3,0.05,507.87,352.5,155.37,Online
SAL04929,2025-02-17,STR01,CUS0245,PRD028,1,167.14,0.15,142.07,81.77,60.3,Store
SAL04930,2024-11-11,STR03,CUS0121,PRD055,2,402.22,0.0,804.44,422.64,381.8,App
SAL04931,2024-09-17,STR11,CUS0286,PRD078,1,149.61,0.15,127.17,72.85,54.32,App
SAL04932,2024-05-08,STR04,CUS0234,PRD063,2,447.14,0.0,894.28,627.96,266.32,Online
SAL04933,2023-02-04,STR01,CUS0050,PRD021,1,732.57,0.1,659.31,388.69,270.62,Online
SAL04934,2022-11-20,STR11,CUS0097,PRD068,1,193.87,0.05,184.18,136.34,47.84,Online
SAL04935,2022-01-22,STR03,CUS0280,PRD046,2,533.74,0.05,1014.11,698.5,315.61,Store
SAL04936,2022-10-28,STR09,CUS0045,PRD021,1,732.57,0.1,659.31,388.69,270.62,Online
SAL04937,2023-08-04,STR12,CUS0052,PRD048,1,65.44,0.0,65.44,45.9,19.54,App
SAL04938,2023-10-06,STR09,CUS0178,PRD067,2,338.84,0.1,609.91,382.56,227.35,App
SAL04939,2023-09-09,STR12,CUS0265,PRD075,1,453.11,0.15,385.14,269.73,115.41,Store
SAL04940,2023-09-08,STR02,CUS0063,PRD068,7,193.87,0.2,1085.67,954.38,131.29,App
SAL04941,2025-03-12,STR03,CUS0139,PRD080,1,390.71,0.1,351.64,178.69,172.95,Store
SAL04942,2023-09-05,STR04,CUS0287,PRD064,1,508.25,0.0,508.25,292.5,215.75,Store
SAL04943,2023-07-04,STR05,CUS0211,PRD001,1,769.25,0.0,769.25,373.76,395.49,Store
SAL04944,2022-03-09,STR06,CUS0164,PRD076,1,841.57,0.0,841.57,383.22,458.35,Online
SAL04945,2025-06-06,STR05,CUS0097,PRD026,4,434.62,0.1,1564.63,994.76,569.87,App
SAL04946,2025-03-31,STR10,CUS0051,PRD059,1,494.95,0.05,470.2,285.33,184.87,Store
SAL04947,2025-05-04,STR01,CUS0139,PRD002,2,528.99,0.2,846.38,694.78,151.6,App
SAL04948,2023-01-26,STR05,CUS0095,PRD028,1,167.14,0.0,167.14,81.77,85.37,Online
SAL04949,2022-03-12,STR01,CUS0017,,1,434.62,0.1,391.16,248.69,142.47,App
SAL04950,2023-09-07,STR04,CUS0236,PRD011,1,450.62,0.0,450.62,205.91,244.71,Online
SAL04951,2023-05-27,STR03,CUS0114,PRD025,1,395.29,0.0,395.29,254.79,140.5,App
SAL04952,2024-05-13,STR11,CUS0002,PRD030,1,396.17,0.1,356.55,240.04,116.51,App
SAL04953,2023-07-27,STR05,CUS0088,PRD064,3,508.25,0.0,1524.75,877.5,647.25,Online
SAL04954,2024-03-01,STR10,CUS0123,PRD065,1,361.03,0.15,306.88,256.52,50.36,Store
SAL04955,2023-04-15,STR03,CUS0061,PRD063,1,447.14,0.0,447.14,313.98,133.16,Store
SAL04956,2023-11-09,STR10,CUS0254,PRD047,2,470.23,0.2,752.37,600.4,151.97,App
SAL04957,2023-09-23,STR10,CUS0222,PRD076,4,841.57,0.0,3366.28,1532.88,1833.4,Store
SAL04958,2025-05-19,STR02,CUS0156,PRD019,2,404.77,0.1,728.59,558.66,169.93,App
SAL04959,2025-02-22,STR03,CUS0242,PRD023,1,336.46,0.0,336.46,224.72,111.74,Online
SAL04960,2023-09-26,STR03,CUS0185,PRD080,1,390.71,0.0,390.71,178.69,212.02,Online
SAL04961,2023-04-11,STR10,CUS0293,PRD050,1,289.93,0.15,246.44,202.54,43.9,Store
SAL04962,2022-09-13,STR09,CUS0074,PRD046,5,533.74,0.0,2668.7,1746.25,922.45,Store
SAL04963,2025-05-03,STR08,CUS0290,PRD012,1,580.87,0.05,551.83,387.01,164.82,App
SAL04964,2022-08-08,STR02,CUS0183,PRD074,1,778.55,0.05,739.62,376.12,363.5,Online
SAL04965,2025-08-04,STR02,CUS0029,PRD046,2,533.74,0.1,960.73,698.5,262.23,Store
SAL04966,2022-07-12,STR05,CUS0191,PRD007,1,297.96,0.0,297.96,173.78,124.18,Store
SAL04967,2024-07-29,STR08,CUS0239,PRD019,5,404.77,0.05,1922.66,1396.65,526.01,Store
SAL04968,2022-12-23,STR04,CUS0065,PRD015,2,339.66,0.0,679.32,367.3,312.02,Online
SAL04969,2022-02-02,STR08,CUS0174,PRD018,1,703.6,0.0,703.6,337.92,365.68,Store
SAL04970,2022-10-17,STR01,CUS0018,PRD004,1,277.55,0.0,277.55,131.19,146.36,Online
SAL04971,2023-11-20,STR06,CUS0276,PRD053,2,139.83,0.05,265.68,158.96,106.72,Online
SAL04972,2022-02-01,STR08,CUS0300,PRD031,1,607.09,0.15,516.03,311.8,204.23,Store
SAL04973,2023-06-18,STR08,CUS0139,PRD071,1,618.33,0.15,525.58,332.7,192.88,Store
SAL04974,2024-11-21,STR06,CUS0138,PRD070,1,326.09,0.1,293.48,220.82,72.66,Store
SAL04975,2023-09-01,STR01,CUS0117,PRD050,1,289.93,0.0,289.93,202.54,87.39,Store
SAL04976,2024-04-01,STR09,CUS0040,PRD023,1,336.46,0.0,336.46,224.72,111.74,Store
SAL04977,2023-01-12,STR08,CUS0100,PRD053,1,139.83,0.0,139.83,79.48,60.35,Online
SAL04978,2022-03-09,STR03,CUS0048,PRD015,3,339.66,0.1,917.08,550.95,366.13,App
SAL04979,2023-11-15,STR12,CUS0017,PRD067,1,338.84,0.2,271.07,191.28,79.79,Store
SAL04980,2022-06-12,STR03,CUS0027,PRD012,1,580.87,0.05,551.83,387.01,164.82,Store
SAL04981,2023-08-03,STR01,CUS0226,PRD030,2,396.17,0.0,792.34,480.08,312.26,Store
SAL04982,2023-10-07,STR11,CUS0233,PRD050,1,289.93,0.0,289.93,202.54,87.39,App
SAL04983,2024-10-06,STR03,CUS0180,PRD023,1,336.46,0.2,269.17,224.72,44.45,Store
SAL04984,2022-02-17,STR06,CUS0082,PRD074,1,778.55,0.0,778.55,376.12,402.43,Online
SAL04985,2024-10-27,STR08,CUS0143,PRD044,1,125.25,0.05,118.99,57.19,61.8,Store
SAL04986,2024-08-21,STR10,CUS0222,PRD010,1,307.16,0.0,307.16,163.43,143.73,Online
SAL04987,2024-01-19,STR10,CUS0182,PRD048,2,65.44,0.2,104.7,91.8,12.9,Store
SAL04988,2022-03-30,STR06,CUS0198,PRD027,2,167.97,0.0,335.94,169.04,166.9,Online
SAL04989,2025-07-03,STR04,CUS0082,PRD037,1,72.87,0.05,69.23,49.29,19.94,Store
SAL04990,2025-05-18,STR07,CUS0224,PRD033,1,82.66,0.05,78.53,57.52,21.01,Online
SAL04991,2023-05-15,STR07,CUS0086,PRD017,2,86.4,0.15,146.88,94.7,52.18,Online
SAL04992,2024-05-23,STR08,CUS0038,PRD050,1,289.93,0.0,289.93,202.54,87.39,App
SAL04993,2023-08-05,STR05,CUS0007,PRD057,2,52.44,0.2,83.9,73.56,10.34,Online
SAL04994,2024-08-13,STR03,CUS0086,PRD043,1,108.59,0.0,108.59,54.96,53.63,App
SAL04995,2022-12-20,STR06,CUS0023,PRD022,3,447.25,0.1,1207.58,947.04,260.54,Online
SAL04996,2022-07-08,STR06,CUS0076,PRD034,2,539.68,0.0,1079.36,583.58,495.78,App
SAL04997,2025-04-24,STR01,CUS0273,PRD058,2,428.07,0.05,813.33,569.6,243.73,Online
SAL04998,2022-05-04,STR02,CUS0247,PRD030,1,396.17,0.1,356.55,240.04,116.51,App
SAL04999,2023-05-23,STR12,CUS0021,PRD051,4,428.0,0.15,1455.2,896.64,558.56,Store
SAL05000,2023-06-06,STR10,CUS0262,PRD038,1,588.04,0.05,558.64,383.18,175.46,Store
SAL05001,2022-02-25,STR07,CUS0056,PRD009,3,337.72,0.0,1013.16,683.97,329.19,Store
SAL05002,2023-02-05,STR06,CUS0195,PRD045,1,74.57,0.0,74.57,34.38,40.19,App
SAL05003,2025-06-14,STR03,CUS0190,PRD078,3,149.61,0.0,448.83,218.55,230.28,Store
SAL05004,2022-09-15,STR03,CUS0144,PRD041,1,500.06,0.0,500.06,248.09,251.97,Store
SAL05005,2024-01-23,STR01,CUS0178,PRD012,1,580.87,0.15,493.74,387.01,106.73,App
SAL05006,2023-07-07,STR11,CUS0110,PRD034,1,539.68,0.05,512.7,291.79,220.91,App
SAL05007,2024-12-27,STR07,CUS0269,PRD008,4,439.89,0.2,1407.65,1026.28,381.37,App
SAL05008,2022-07-20,STR09,CUS0272,PRD004,2,277.55,0.0,555.1,262.38,292.72,Online
SAL05009,2023-12-25,STR06,CUS0190,PRD068,3,193.87,0.1,523.45,409.02,114.43,App
SAL05010,2022-12-04,STR05,CUS0219,PRD029,2,318.8,0.0,637.6,341.6,296.0,Online
SAL05011,2025-04-26,STR06,CUS0230,PRD072,5,499.84,0.2,1999.36,1502.0,497.36,App
SAL05012,2022-01-01,STR10,CUS0295,PRD058,4,428.07,0.2,1369.82,1139.2,230.62,App
SAL05013,2022-03-29,STR03,CUS0134,PRD062,2,210.83,0.0,421.66,206.14,215.52,App
SAL05014,2025-02-09,STR11,CUS0083,PRD038,1,588.04,0.1,529.24,383.18,146.06,App
SAL05015,2022-12-18,STR04,CUS0156,PRD008,2,439.89,0.05,835.79,513.14,322.65,App
SAL05016,2023-10-01,STR06,CUS0245,PRD022,2,447.25,0.05,849.77,631.36,218.41,App
SAL05017,2022-03-29,STR08,CUS0300,PRD033,1,82.66,0.15,70.26,57.52,12.74,App
SAL05018,2023-09-12,STR12,CUS0032,PRD042,3,213.13,0.05,607.42,307.08,300.34,App
SAL05019,2025-07-21,STR03,CUS0247,PRD056,2,434.96,0.2,695.94,522.28,173.66,Online
SAL05020,2025-05-07,STR09,CUS0030,PRD030,3,396.17,0.0,1188.51,720.12,468.39,Online
SAL05021,2023-10-15,STR09,CUS0003,PRD068,1,193.87,0.2,155.1,136.34,18.76,Online
SAL05022,2022-04-16,STR11,CUS0268,PRD057,1,52.44,0.2,41.95,36.78,5.17,App
SAL05023,2023-08-31,STR02,CUS0192,PRD034,1,539.68,0.0,539.68,291.79,247.89,App
SAL05024,2025-04-04,STR05,CUS0082,PRD029,1,318.8,0.05,302.86,170.8,132.06,Online
SAL05025,2024-03-26,STR10,CUS0289,PRD010,1,307.16,0.1,276.44,163.43,113.01,Store
SAL05026,2025-07-18,STR03,CUS0173,PRD060,1,118.37,0.0,118.37,77.73,40.64,Online
SAL05027,2025-01-29,STR01,CUS0011,PRD014,1,469.29,0.15,398.9,320.0,78.9,Store
SAL05028,2025-06-17,STR10,CUS0189,PRD080,3,390.71,0.15,996.31,536.07,460.24,Online
SAL05029,2022-12-08,STR02,CUS0163,PRD025,4,395.29,0.2,1264.93,1019.16,245.77,App
SAL05030,2024-01-09,STR08,CUS0180,PRD063,1,447.14,0.0,447.14,313.98,133.16,Online
SAL05031,2025-03-21,STR01,CUS0093,PRD027,1,167.97,0.1,151.17,84.52,66.65,App
SAL05032,2024-12-12,STR02,CUS0193,PRD032,1,570.78,0.0,570.78,326.53,244.25,App
SAL05033,2023-03-14,STR05,CUS0034,PRD003,1,460.37,0.0,460.37,234.76,225.61,Online
SAL05034,2024-05-29,STR10,CUS0056,PRD036,1,638.05,0.05,606.15,315.24,290.91,Store
SAL05035,2023-11-28,STR02,CUS0148,PRD073,2,252.83,0.15,429.81,335.64,94.17,Store
SAL05036,2024-06-01,STR08,CUS0219,PRD028,3,167.14,0.0,501.42,245.31,256.11,App
SAL05037,2025-01-09,STR10,CUS0199,PRD002,2,528.99,0.2,846.38,694.78,151.6,App
SAL05038,2024-02-19,STR12,CUS0079,PRD029,1,318.8,0.15,270.98,170.8,100.18,App
SAL05039,2024-06-21,STR01,CUS0137,PRD068,1,193.87,0.0,193.87,136.34,57.53,Store
SAL05040,2024-12-01,STR04,CUS0040,PRD059,1,494.95,0.0,494.95,285.33,209.62,Store
SAL05041,2024-10-25,STR10,CUS0015,PRD063,1,447.14,0.05,424.78,313.98,110.8,Store
SAL05042,2022-11-21,STR07,CUS0136,PRD068,4,193.87,0.2,620.38,545.36,75.02,Online
SAL05043,2024-12-13,STR09,CUS0030,PRD076,1,841.57,0.05,799.49,383.22,416.27,Online
SAL05044,2023-07-28,STR04,CUS0244,PRD030,2,396.17,0.15,673.49,480.08,193.41,Store
SAL05045,2022-12-26,STR03,CUS0293,PRD054,1,167.08,0.05,158.73,80.96,77.77,Online
SAL05046,2025-05-27,STR08,CUS0087,PRD079,4,665.32,0.0,2661.28,1355.52,1305.76,Online
SAL05047,2023-02-02,STR01,CUS0044,PRD007,1,297.96,0.0,297.96,173.78,124.18,Online
SAL05048,2025-07-09,STR08,CUS0227,PRD078,1,149.61,0.0,149.61,72.85,76.76,Store
SAL05049,2025-08-03,STR01,CUS0237,PRD001,2,769.25,0.0,1538.5,747.52,790.98,App
SAL05050,2022-03-09,STR06,CUS0068,PRD028,3,167.14,0.15,426.21,245.31,180.9,App
SAL05051,2024-02-22,STR12,CUS0196,PRD051,1,428.0,0.2,342.4,224.16,118.24,Store
SAL05052,2024-11-25,STR07,CUS0005,PRD070,3,326.09,0.0,978.27,662.46,315.81,Store
SAL05053,2022-12-07,STR04,CUS0174,PRD068,4,193.87,0.2,620.38,545.36,75.02,Online
SAL05054,2024-12-25,STR08,CUS0004,PRD006,5,365.95,0.0,1829.75,1033.75,796.0,Store
SAL05055,2024-01-04,STR03,CUS0004,PRD013,1,332.19,0.2,265.75,151.83,113.92,Store
SAL05056,2025-01-21,STR03,CUS0060,PRD017,1,86.4,0.15,73.44,47.35,26.09,Online
SAL05057,2022-10-17,STR10,CUS0112,PRD072,1,499.84,0.0,499.84,300.4,199.44,Online
SAL05058,2025-06-18,STR02,CUS0019,PRD013,1,332.19,0.2,265.75,151.83,113.92,Store
SAL05059,2023-09-06,STR12,CUS0035,PRD070,1,326.09,0.05,309.79,220.82,88.97,App
SAL05060,2022-07-22,STR12,CUS0138,PRD026,1,434.62,0.1,391.16,248.69,142.47,Store
SAL05061,2022-05-11,STR08,CUS0196,PRD001,1,769.25,0.05,730.79,373.76,357.03,App
SAL05062,2023-12-18,STR02,CUS0245,PRD067,1,338.84,0.0,338.84,191.28,147.56,Store
SAL05063,2023-04-25,STR02,CUS0157,PRD037,2,72.87,0.0,145.74,98.58,47.16,Online
SAL05064,2024-09-08,STR09,CUS0092,PRD030,3,396.17,0.0,1188.51,720.12,468.39,App
SAL05065,2023-07-09,STR02,CUS0186,PRD020,4,144.97,0.1,521.89,304.8,217.09,Online
SAL05066,2023-03-14,STR10,CUS0070,PRD033,4,82.66,0.0,330.64,230.08,100.56,App
SAL05067,2022-04-18,STR07,CUS0063,PRD050,2,289.93,0.05,550.87,405.08,145.79,Store
SAL05068,2022-08-03,STR08,CUS0033,PRD014,1,469.29,0.0,469.29,320.0,149.29,Store
SAL05069,2023-09-29,STR05,CUS0130,PRD042,1,213.13,0.2,170.5,102.36,68.14,App
SAL05070,2025-05-12,STR06,CUS0162,PRD050,2,289.93,0.0,579.86,405.08,174.78,Store
SAL05071,2022-03-29,STR12,CUS0081,PRD036,1,638.05,0.0,638.05,315.24,322.81,App
SAL05072,2023-02-20,STR05,CUS0167,PRD019,3,404.77,0.15,1032.16,837.99,194.17,App
SAL05073,2025-03-21,STR12,CUS0170,PRD007,3,297.96,0.05,849.19,521.34,327.85,Online
SAL05074,2023-07-30,STR01,CUS0169,PRD080,1,390.71,0.0,390.71,178.69,212.02,Online
SAL05075,2024-12-13,STR11,CUS0129,PRD019,4,404.77,0.2,1295.26,1117.32,177.94,Store
SAL05076,2022-07-23,STR04,CUS0111,PRD054,3,167.08,0.0,501.24,242.88,258.36,Store
SAL05077,2023-09-18,STR11,CUS0060,PRD030,2,396.17,0.05,752.72,480.08,272.64,App
SAL05078,2022-02-10,STR09,CUS0148,PRD042,1,213.13,0.05,202.47,102.36,100.11,Online
SAL05079,2025-05-24,STR03,CUS0100,PRD016,3,565.24,0.0,1695.72,785.76,909.96,Store
SAL05080,2022-06-06,STR02,CUS0206,PRD003,1,460.37,0.15,391.31,234.76,156.55,Store
SAL05081,2022-11-08,STR01,CUS0067,PRD079,1,665.32,0.0,665.32,338.88,326.44,Store
SAL05082,2025-03-08,STR08,CUS0213,PRD068,1,193.87,0.05,184.18,136.34,47.84,App
SAL05083,2023-10-13,STR05,CUS0144,PRD060,2,118.37,0.1,213.07,155.46,57.61,Store
SAL05084,2025-06-20,STR12,CUS0262,PRD023,1,336.46,0.05,319.64,224.72,94.92,App
SAL05085,2024-02-17,STR04,CUS0256,PRD002,1,528.99,0.1,476.09,347.39,128.7,Store
SAL05086,2023-06-20,STR10,CUS0154,PRD006,1,365.95,0.05,347.65,206.75,140.9,Store
SAL05087,2025-01-27,STR07,CUS0297,PRD005,1,245.1,0.05,232.84,174.49,58.35,Online
SAL05088,2023-01-14,STR03,CUS0224,PRD058,3,428.07,0.1,1155.79,854.4,301.39,Online
SAL05089,2024-03-18,STR12,CUS0081,PRD005,2,245.1,0.1,441.18,348.98,92.2,Online
SAL05090,2022-08-06,STR11,CUS0036,PRD040,1,107.82,0.0,107.82,56.81,51.01,Online
SAL05091,2022-07-30,STR07,CUS0063,PRD064,1,508.25,0.0,508.25,292.5,215.75,App
SAL05092,2023-03-09,STR06,CUS0132,PRD042,2,213.13,0.15,362.32,204.72,157.6,App
SAL05093,2023-05-14,STR07,CUS0156,PRD034,1,539.68,0.0,539.68,291.79,247.89,Online
SAL05094,2022-04-20,STR04,CUS0061,PRD060,1,118.37,0.15,100.61,77.73,22.88,App
SAL05095,2022-04-19,STR06,CUS0057,PRD058,1,428.07,0.0,428.07,284.8,143.27,Online
SAL05096,2024-11-18,STR09,CUS0239,PRD022,1,447.25,0.15,380.16,315.68,64.48,App
SAL05097,2022-01-12,STR09,CUS0090,PRD028,1,167.14,0.2,133.71,81.77,51.94,Online
SAL05098,2023-12-16,STR03,CUS0075,PRD028,1,167.14,0.2,133.71,81.77,51.94,Online
SAL05099,2023-10-14,STR06,CUS0219,PRD049,1,535.39,0.0,535.39,243.87,291.52,App
SAL05100,2022-05-03,STR03,CUS0149,PRD069,2,393.75,0.05,748.12,422.46,325.66,Online
SAL05101,2025-07-06,STR07,CUS0149,PRD077,1,517.67,0.15,440.02,306.08,133.94,Online
SAL05102,2024-12-04,STR11,CUS0141,PRD044,2,125.25,0.0,250.5,114.38,136.12,Store
SAL05103,2024-05-06,STR03,CUS0015,PRD004,2,277.55,0.15,471.83,262.38,209.45,Store
SAL05104,2025-08-04,STR07,CUS0120,PRD039,1,267.3,0.05,253.94,176.25,77.69,Online
SAL05105,2022-01-03,STR06,CUS0151,PRD073,2,252.83,0.0,505.66,335.64,170.02,App
SAL05106,2022-08-23,STR04,CUS0089,PRD071,1,618.33,0.0,618.33,332.7,285.63,Store
SAL05107,2022-06-26,STR12,CUS0171,PRD040,1,107.82,0.0,107.82,56.81,51.01,Store
SAL05108,2025-07-24,STR07,CUS0199,PRD045,5,74.57,0.1,335.56,171.9,163.66,Store
SAL05109,2023-04-30,STR10,CUS0269,PRD017,1,86.4,0.15,73.44,47.35,26.09,Online
SAL05110,2024-06-25,STR11,CUS0248,PRD047,1,470.23,0.0,470.23,300.2,170.03,Online
SAL05111,2024-12-28,STR11,CUS0077,PRD078,1,149.61,0.0,149.61,72.85,76.76,Store
SAL05112,2023-04-18,STR01,CUS0281,PRD079,1,665.32,0.0,665.32,338.88,326.44,Store
SAL05113,2024-01-27,STR11,CUS0239,PRD030,1,396.17,0.05,376.36,240.04,136.32,Store
SAL05114,2022-02-23,STR06,CUS0040,PRD079,1,665.32,0.15,565.52,338.88,226.64,Online
SAL05115,2025-03-26,STR02,CUS0005,PRD062,1,210.83,0.0,210.83,103.07,107.76,Store
SAL05116,2023-03-13,STR06,CUS0041,PRD015,2,339.66,0.15,577.42,367.3,210.12,App
SAL05117,2022-02-21,STR03,CUS0195,PRD014,1,469.29,0.0,469.29,320.0,149.29,Store
SAL05118,2024-02-10,STR10,CUS0125,PRD046,1,533.74,0.0,533.74,349.25,184.49,Store
SAL05119,2025-07-30,STR02,CUS0038,PRD071,1,618.33,0.0,618.33,332.7,285.63,App
SAL05120,2024-03-23,STR06,CUS0208,PRD060,3,118.37,0.0,355.11,233.19,121.92,App
SAL05121,2024-12-21,STR04,CUS0193,PRD009,2,337.72,0.1,607.9,455.98,151.92,Online
SAL05122,2022-09-12,STR06,CUS0012,PRD047,3,470.23,0.05,1340.16,900.6,439.56,App
SAL05123,2022-08-13,STR02,CUS0071,PRD078,1,149.61,0.2,119.69,72.85,46.84,Online
SAL05124,2023-06-01,STR11,CUS0020,PRD009,1,337.72,0.1,303.95,227.99,75.96,App
SAL05125,2025-08-06,STR01,CUS0032,PRD012,1,580.87,0.15,493.74,387.01,106.73,App
SAL05126,2022-05-23,STR04,CUS0151,PRD034,1,539.68,0.0,539.68,291.79,247.89,Store
SAL05127,2024-02-24,STR08,CUS0236,PRD018,2,703.6,0.0,1407.2,675.84,731.36,Store
SAL05128,2024-03-24,STR06,CUS0193,PRD002,5,528.99,0.05,2512.7,1736.95,775.75,App
SAL05129,2023-11-27,STR08,CUS0075,PRD038,4,588.04,0.15,1999.34,1532.72,466.62,Online
SAL05130,2025-01-04,STR01,CUS0284,PRD025,1,395.29,0.2,316.23,254.79,61.44,App
SAL05131,2023-01-12,STR07,CUS0089,PRD068,1,193.87,0.2,155.1,136.34,18.76,Store
SAL05132,2022-03-27,STR08,CUS0202,PRD022,3,447.25,0.05,1274.66,947.04,327.62,App
SAL05133,2024-03-12,STR02,CUS0052,PRD029,3,318.8,0.0,956.4,512.4,444.0,Store
SAL05134,2022-12-10,STR08,CUS0032,PRD011,2,450.62,0.0,901.24,411.82,489.42,Store
SAL05135,2024-04-30,STR08,CUS0258,PRD077,1,517.67,0.0,517.67,306.08,211.59,Online
SAL05136,2024-07-14,STR03,CUS0137,PRD014,1,469.29,0.05,445.83,320.0,125.83,App
SAL05137,2022-05-08,STR10,CUS0069,PRD038,1,588.04,0.0,588.04,383.18,204.86,Store
SAL05138,2024-03-12,STR12,CUS0132,PRD049,2,535.39,0.05,1017.24,487.74,529.5,Store
SAL05139,2024-06-29,STR09,CUS0102,PRD037,4,72.87,0.15,247.76,197.16,50.6,Store
SAL05140,2022-02-12,STR07,CUS0033,PRD065,1,361.03,0.05,342.98,256.52,86.46,Online
SAL05141,2025-01-31,STR12,CUS0277,PRD018,1,703.6,0.1,633.24,337.92,295.32,Online
SAL05142,2024-05-29,STR06,CUS0027,PRD040,1,107.82,0.1,97.04,56.81,40.23,Online
SAL05143,2024-07-07,STR04,CUS0133,PRD061,2,60.41,0.1,108.74,62.08,46.66,App
SAL05144,2024-12-07,STR06,CUS0251,PRD038,2,588.04,0.0,1176.08,766.36,409.72,App
SAL05145,2023-04-20,STR03,CUS0248,PRD076,3,841.57,0.15,2146.0,1149.66,996.34,Online
SAL05146,2023-11-04,STR10,CUS0235,PRD043,1,108.59,0.1,97.73,54.96,42.77,App
SAL05147,2023-01-24,STR03,CUS0092,PRD070,1,326.09,0.2,260.87,220.82,40.05,Online
SAL05148,2024-07-21,STR12,CUS0177,PRD044,3,125.25,0.0,375.75,171.57,204.18,Store
SAL05149,2023-06-15,STR02,CUS0078,PRD036,1,638.05,0.0,638.05,315.24,322.81,Store
SAL05150,2024-12-02,STR11,CUS0154,PRD015,3,339.66,0.1,917.08,550.95,366.13,App
SAL05151,2022-11-07,STR02,CUS0061,PRD052,1,660.22,0.2,528.18,393.19,134.99,Online
SAL05152,2025-07-25,STR06,CUS0270,PRD058,1,428.07,0.2,342.46,284.8,57.66,Online
SAL05153,2023-02-13,STR10,CUS0107,PRD048,1,65.44,0.15,55.62,45.9,9.72,App
SAL05154,2023-03-08,STR08,CUS0178,PRD005,1,245.1,0.15,208.33,174.49,33.84,App
SAL05155,2022-11-15,STR07,CUS0195,PRD070,1,326.09,0.0,326.09,220.82,105.27,App
SAL05156,2022-07-16,STR04,CUS0091,PRD056,2,434.96,0.0,869.92,522.28,347.64,App
SAL05157,2022-07-25,STR12,CUS0124,PRD044,3,125.25,0.2,300.6,171.57,129.03,Store
SAL05158,2022-04-16,STR11,CUS0066,PRD005,3,245.1,0.0,735.3,523.47,211.83,App
SAL05159,2024-02-16,STR10,CUS0101,PRD045,1,74.57,0.0,74.57,34.38,40.19,App
SAL05160,2022-06-05,STR07,CUS0190,PRD024,2,582.46,0.15,990.18,673.06,317.12,Store
SAL05161,2022-05-23,STR11,CUS0250,PRD059,2,494.95,0.15,841.41,570.66,270.75,Store
SAL05162,2023-08-17,STR06,CUS0090,PRD014,2,469.29,0.0,938.58,640.0,298.58,Online
SAL05163,2022-07-17,STR12,CUS0272,PRD047,1,470.23,0.2,376.18,300.2,75.98,Online
SAL05164,2022-04-08,STR04,CUS0063,PRD005,3,245.1,0.0,735.3,523.47,211.83,App
SAL05165,2024-10-15,STR08,CUS0033,PRD015,1,339.66,0.0,339.66,183.65,156.01,Store
SAL05166,2024-06-28,STR11,CUS0122,PRD063,1,447.14,0.0,447.14,313.98,133.16,Online
SAL05167,2024-02-05,STR07,CUS0101,PRD072,1,499.84,0.0,499.84,300.4,199.44,Online
SAL05168,2024-08-08,STR02,CUS0091,PRD073,1,252.83,0.0,252.83,167.82,85.01,Store
SAL05169,2023-07-30,STR10,CUS0220,PRD044,3,125.25,0.0,375.75,171.57,204.18,Online
SAL05170,2022-06-12,STR08,CUS0284,PRD029,1,318.8,0.1,286.92,170.8,116.12,Online
SAL05171,2024-05-01,STR02,CUS0235,PRD009,3,337.72,0.0,1013.16,683.97,329.19,Online
SAL05172,2025-05-31,STR06,CUS0111,PRD078,4,149.61,0.15,508.67,291.4,217.27,App
SAL05173,2023-12-31,STR02,CUS0300,PRD066,1,180.08,0.0,180.08,124.07,56.01,Online
SAL05174,2024-02-16,STR03,CUS0276,PRD036,2,638.05,0.0,1276.1,630.48,645.62,Online
SAL05175,2025-05-24,STR04,CUS0248,PRD021,1,732.57,0.1,659.31,388.69,270.62,Online
SAL05176,2022-10-05,STR11,CUS0102,PRD036,3,638.05,0.2,1531.32,945.72,585.6,Store
SAL05177,2023-09-18,STR02,CUS0221,PRD016,1,565.24,0.2,452.19,261.92,190.27,Store
SAL05178,2022-02-14,STR09,CUS0073,PRD001,2,769.25,0.05,1461.57,747.52,714.05,App
SAL05179,2022-07-26,STR09,CUS0244,PRD069,1,393.75,0.0,393.75,211.23,182.52,Store
SAL05180,2022-09-11,STR06,CUS0247,PRD061,2,60.41,0.0,120.82,62.08,58.74,Online
SAL05181,2022-03-29,STR11,CUS0204,PRD029,1,318.8,0.05,302.86,170.8,132.06,Store
SAL05182,2022-02-11,STR12,CUS0226,PRD007,4,297.96,0.0,1191.84,695.12,496.72,Store
SAL05183,2025-02-01,STR10,CUS0193,PRD050,1,289.93,0.1,260.94,202.54,58.4,Store
SAL05184,2022-11-30,STR06,CUS0280,PRD017,1,86.4,0.2,69.12,47.35,21.77,App
SAL05185,2022-09-04,STR06,CUS0266,PRD051,2,428.0,0.1,770.4,448.32,322.08,Online
SAL05186,2023-10-20,STR07,CUS0041,PRD038,2,588.04,0.0,1176.08,766.36,409.72,App
SAL05187,2024-05-20,STR02,CUS0106,PRD031,2,607.09,0.2,971.34,623.6,347.74,Store
SAL05188,2023-06-10,STR07,CUS0164,PRD012,2,580.87,0.2,929.39,774.02,155.37,App
SAL05189,2024-07-26,STR05,CUS0163,PRD070,1,326.09,0.0,326.09,220.82,105.27,Store
SAL05190,2023-03-04,STR02,CUS0065,PRD050,1,289.93,0.1,260.94,202.54,58.4,Store
SAL05191,2022-06-25,STR12,CUS0006,PRD051,3,428.0,0.0,1284.0,672.48,611.52,Online
SAL05192,2023-03-09,STR04,CUS0087,PRD032,1,570.78,0.15,485.16,326.53,158.63,Online
SAL05193,2025-07-01,STR06,CUS0282,PRD016,1,565.24,0.2,452.19,261.92,190.27,Store
SAL05194,2023-07-13,STR07,CUS0046,PRD019,1,404.77,0.2,323.82,279.33,44.49,Online
SAL05195,2023-02-21,STR04,CUS0048,PRD052,4,660.22,0.15,2244.75,1572.76,671.99,Store
SAL05196,2025-04-25,STR10,CUS0124,PRD057,1,52.44,0.1,47.2,36.78,10.42,Online
SAL05197,2024-01-20,STR09,CUS0149,PRD011,2,450.62,0.0,901.24,411.82,489.42,App
SAL05198,2024-07-14,STR05,CUS0139,PRD042,4,213.13,0.2,682.02,409.44,272.58,Store
SAL05199,2022-01-10,STR08,CUS0003,PRD004,1,277.55,0.15,235.92,131.19,104.73,Online
SAL05200,2024-11-01,STR12,CUS0231,PRD044,2,125.25,0.05,237.97,114.38,123.59,Online
SAL05201,2025-06-15,STR11,CUS0063,PRD038,1,588.04,0.0,588.04,383.18,204.86,Online
SAL05202,2023-07-04,STR09,CUS0052,PRD045,1,74.57,0.0,74.57,34.38,40.19,Store
SAL05203,2023-10-06,STR04,CUS0126,PRD052,1,660.22,0.2,528.18,393.19,134.99,Store
SAL05204,2025-07-30,STR04,CUS0114,PRD047,1,470.23,0.15,399.7,300.2,99.5,Online
SAL05205,2022-07-15,STR06,CUS0021,PRD026,1,434.62,0.05,412.89,248.69,164.2,App
SAL05206,2025-03-14,STR12,CUS0238,PRD046,1,533.74,0.1,480.37,349.25,131.12,Online
SAL05207,2022-11-14,STR08,CUS0029,PRD052,1,660.22,0.0,660.22,393.19,267.03,Store
SAL05208,2024-03-09,STR08,CUS0012,PRD044,2,125.25,0.15,212.92,114.38,98.54,Online
SAL05209,2025-06-19,STR01,CUS0219,PRD055,1,402.22,0.05,382.11,211.32,170.79,App
SAL05210,2025-04-14,STR09,CUS0010,PRD046,3,533.74,0.0,1601.22,1047.75,553.47,App
SAL05211,2024-08-10,STR02,CUS0219,PRD019,1,404.77,0.0,404.77,279.33,125.44,Online
SAL05212,2023-07-07,STR06,CUS0210,PRD066,2,180.08,0.0,360.16,248.14,112.02,App
SAL05213,2024-10-16,STR07,CUS0070,PRD027,1,167.97,0.2,134.38,84.52,49.86,Online
SAL05214,2024-04-14,STR02,CUS0139,PRD064,1,508.25,0.15,432.01,292.5,139.51,App
SAL05215,2024-07-29,STR03,CUS0033,PRD034,1,539.68,0.15,458.73,291.79,166.94,Online
SAL05216,2024-11-23,STR04,CUS0134,PRD002,2,528.99,0.1,952.18,694.78,257.4,Online
SAL05217,2023-05-09,STR09,CUS0146,PRD067,4,338.84,0.2,1084.29,765.12,319.17,Store
SAL05218,2022-01-04,STR07,CUS0299,PRD041,4,500.06,0.0,2000.24,992.36,1007.88,Store
SAL05219,2023-10-01,STR09,CUS0035,PRD001,2,769.25,0.15,1307.72,747.52,560.2,App
SAL05220,2024-12-25,STR09,CUS0004,PRD020,1,144.97,0.05,137.72,76.2,61.52,Store
SAL05221,2023-10-25,STR09,CUS0111,PRD050,2,289.93,0.1,521.87,405.08,116.79,Store
SAL05222,2022-10-07,STR12,CUS0111,PRD076,2,841.57,0.15,1430.67,766.44,664.23,App
SAL05223,2023-03-16,STR02,CUS0245,PRD019,3,404.77,0.1,1092.88,837.99,254.89,Store
SAL05224,2024-05-20,STR04,CUS0295,PRD065,3,361.03,0.1,974.78,769.56,205.22,Store
SAL05225,2024-08-31,STR08,CUS0274,PRD079,2,665.32,0.1,1197.58,677.76,519.82,Store
SAL05226,2023-10-30,STR06,CUS0212,PRD013,1,332.19,0.0,332.19,151.83,180.36,Store
SAL05227,2023-12-03,STR08,CUS0038,PRD068,3,193.87,0.15,494.37,409.02,85.35,Online
SAL05228,2025-03-22,STR12,CUS0216,PRD059,2,494.95,0.0,989.9,570.66,419.24,Store
SAL05229,2025-08-06,STR09,CUS0017,PRD066,1,180.08,0.05,171.08,124.07,47.01,App
SAL05230,2024-03-20,STR12,CUS0164,PRD057,3,52.44,0.0,157.32,110.34,46.98,Store
SAL05231,2024-03-20,STR05,CUS0068,PRD053,2,139.83,0.1,251.69,158.96,92.73,Store
SAL05232,2023-07-29,STR11,CUS0066,PRD043,3,108.59,0.1,293.19,164.88,128.31,App
SAL05233,2025-06-09,STR09,CUS0087,PRD029,1,318.8,0.0,318.8,170.8,148.0,Online
SAL05234,2024-11-23,STR12,CUS0173,PRD056,1,434.96,0.0,434.96,261.14,173.82,Online
SAL05235,2023-08-25,STR02,CUS0103,PRD063,1,447.14,0.0,447.14,313.98,133.16,Store
SAL05236,2024-08-08,STR05,CUS0236,PRD079,1,665.32,0.1,598.79,338.88,259.91,Store
SAL05237,2023-12-25,STR06,CUS0123,PRD015,1,339.66,0.0,339.66,183.65,156.01,App
SAL05238,2023-12-14,STR03,CUS0219,PRD063,3,447.14,0.2,1073.14,941.94,131.2,Online
SAL05239,2024-09-26,STR08,CUS0127,PRD044,1,125.25,0.05,118.99,57.19,61.8,App
SAL05240,2022-02-28,STR02,CUS0033,PRD048,1,65.44,0.2,52.35,45.9,6.45,App
SAL05241,2023-03-16,STR07,CUS0165,PRD017,4,86.4,0.2,276.48,189.4,87.08,Online
SAL05242,2023-06-23,STR07,CUS0057,PRD044,2,125.25,0.0,250.5,114.38,136.12,App
SAL05243,2024-04-08,STR03,CUS0234,PRD015,1,339.66,0.05,322.68,183.65,139.03,Store
SAL05244,2024-11-12,STR09,CUS0129,PRD043,3,108.59,0.15,276.9,164.88,112.02,Store
SAL05245,2023-09-20,STR09,CUS0089,PRD053,2,139.83,0.0,279.66,158.96,120.7,App
SAL05246,2025-03-07,STR02,CUS0148,PRD025,1,395.29,0.0,395.29,254.79,140.5,Online
SAL05247,2025-05-13,STR04,CUS0097,PRD004,1,277.55,0.0,277.55,131.19,146.36,Online
SAL05248,2025-04-23,STR05,CUS0243,PRD002,1,528.99,0.1,476.09,347.39,128.7,Online
SAL05249,2024-03-15,STR06,CUS0226,PRD065,3,361.03,0.05,1028.94,769.56,259.38,Online
SAL05250,2022-11-02,STR12,CUS0220,PRD038,4,588.04,0.0,2352.16,1532.72,819.44,Online
SAL05251,2023-02-21,STR03,CUS0276,PRD033,1,82.66,0.0,82.66,57.52,25.14,App
SAL05252,2024-02-21,STR10,CUS0112,PRD063,3,447.14,0.1,1207.28,941.94,265.34,App
SAL05253,2023-08-17,STR03,CUS0055,PRD023,1,336.46,0.0,336.46,224.72,111.74,Online
SAL05254,2023-02-01,STR08,CUS0279,PRD066,1,180.08,0.05,171.08,124.07,47.01,Online
SAL05255,2024-05-12,STR01,CUS0180,PRD006,4,365.95,0.0,1463.8,827.0,636.8,Store
SAL05256,2022-02-21,STR04,CUS0034,PRD044,1,125.25,0.0,125.25,57.19,68.06,App
SAL05257,2022-10-31,STR01,CUS0192,PRD049,2,535.39,0.1,963.7,487.74,475.96,App
SAL05258,2025-04-10,STR12,CUS0166,PRD054,1,167.08,0.05,158.73,80.96,77.77,App
SAL05259,2022-12-02,STR12,CUS0220,PRD073,1,252.83,0.15,214.91,167.82,47.09,Store
SAL05260,2022-12-17,STR05,CUS0252,PRD070,3,326.09,0.0,978.27,662.46,315.81,Online
SAL05261,2023-12-03,STR04,CUS0041,PRD063,1,447.14,0.0,447.14,313.98,133.16,Store
SAL05262,2022-02-23,STR12,CUS0174,PRD022,1,447.25,0.0,447.25,315.68,131.57,App
SAL05263,2025-06-12,STR05,CUS0128,PRD067,3,338.84,0.2,813.22,573.84,239.38,Store
SAL05264,2023-08-17,STR06,CUS0218,PRD004,1,277.55,0.2,222.04,131.19,90.85,Online
SAL05265,2023-06-09,STR07,CUS0229,PRD018,1,703.6,0.2,562.88,337.92,224.96,Online
SAL05266,2023-07-23,STR03,CUS0216,PRD047,1,470.23,0.15,399.7,300.2,99.5,Store
SAL05267,2025-06-21,STR11,CUS0256,PRD054,2,167.08,0.0,334.16,161.92,172.24,Store
SAL05268,2024-11-26,STR04,CUS0120,PRD078,1,149.61,0.05,142.13,72.85,69.28,Online
SAL05269,2022-12-28,STR05,CUS0233,PRD063,1,447.14,0.0,447.14,313.98,133.16,Store
SAL05270,2024-12-12,STR05,CUS0287,PRD005,2,245.1,0.0,490.2,348.98,141.22,App
SAL05271,2023-12-24,STR12,CUS0063,PRD061,1,60.41,0.2,48.33,31.04,17.29,Store
SAL05272,2023-07-05,STR12,CUS0096,PRD067,1,338.84,0.0,338.84,191.28,147.56,Store
SAL05273,2023-10-26,STR01,CUS0141,PRD028,2,167.14,0.1,300.85,163.54,137.31,App
SAL05274,2025-06-13,STR12,CUS0172,PRD032,1,570.78,0.2,456.62,326.53,130.09,App
SAL05275,2024-11-16,STR12,CUS0245,PRD024,4,582.46,0.15,1980.36,1346.12,634.24,Store
SAL05276,2024-04-26,STR11,CUS0102,PRD063,3,447.14,0.15,1140.21,941.94,198.27,Store
SAL05277,2023-02-09,STR02,CUS0109,PRD007,1,297.96,0.15,253.27,173.78,79.49,Store
SAL05278,2024-03-04,STR07,CUS0204,PRD056,1,434.96,0.0,434.96,261.14,173.82,Online
SAL05279,2022-03-09,STR09,CUS0050,PRD047,1,470.23,0.0,470.23,300.2,170.03,Online
SAL05280,2025-07-31,STR08,CUS0261,PRD066,1,180.08,0.15,153.07,124.07,29.0,App
SAL05281,2022-10-10,STR09,CUS0240,PRD080,1,390.71,0.1,351.64,178.69,172.95,App
SAL05282,2024-05-24,STR09,CUS0180,PRD039,1,267.3,0.15,227.21,176.25,50.96,App
SAL05283,2023-01-16,STR08,CUS0183,PRD063,3,447.14,0.15,1140.21,941.94,198.27,App
SAL05284,2022-06-03,STR02,CUS0044,PRD062,2,210.83,0.0,421.66,206.14,215.52,App
SAL05285,2022-11-07,STR10,CUS0235,PRD012,1,580.87,0.2,464.7,387.01,77.69,Online
SAL05286,2025-07-31,STR11,CUS0035,PRD054,1,167.08,0.2,133.66,80.96,52.7,App
SAL05287,2024-01-12,STR10,CUS0193,PRD007,1,297.96,0.15,253.27,173.78,79.49,Store
SAL05288,2023-03-11,STR06,CUS0293,PRD029,2,318.8,0.0,637.6,341.6,296.0,Store
SAL05289,2023-12-22,STR03,CUS0105,PRD069,1,393.75,0.2,315.0,211.23,103.77,Online
SAL05290,2022-09-22,STR07,CUS0204,PRD067,2,338.84,0.1,609.91,382.56,227.35,Online
SAL05291,2024-06-24,STR09,CUS0293,PRD070,3,326.09,0.0,978.27,662.46,315.81,Store
SAL05292,2022-04-16,STR04,CUS0011,PRD003,1,460.37,0.0,460.37,234.76,225.61,Online
SAL05293,2024-05-05,STR11,CUS0031,PRD043,2,108.59,0.0,217.18,109.92,107.26,Store
SAL05294,2025-06-05,STR05,CUS0072,PRD041,1,500.06,0.0,500.06,248.09,251.97,Store
SAL05295,2022-01-28,STR01,CUS0087,PRD035,1,285.91,0.15,243.02,147.39,95.63,Online
SAL05296,2022-06-21,STR02,CUS0192,PRD053,1,139.83,0.2,111.86,79.48,32.38,Store
SAL05297,2024-09-17,STR03,CUS0173,PRD028,3,167.14,0.2,401.14,245.31,155.83,App
SAL05298,2022-12-08,STR08,CUS0192,PRD037,1,72.87,0.05,69.23,49.29,19.94,Store
SAL05299,2024-05-19,STR07,CUS0292,PRD032,2,570.78,0.2,913.25,653.06,260.19,App
SAL05300,2024-06-07,STR09,CUS0016,PRD010,1,307.16,0.0,307.16,163.43,143.73,App
SAL05301,2023-07-04,STR12,CUS0085,PRD073,1,252.83,0.1,227.55,167.82,59.73,Online
SAL05302,2025-04-12,STR06,CUS0155,PRD007,4,297.96,0.0,1191.84,695.12,496.72,App
SAL05303,2022-09-27,STR08,CUS0278,PRD055,3,402.22,0.05,1146.33,633.96,512.37,Store
SAL05304,2022-08-05,STR08,CUS0291,PRD019,3,404.77,0.05,1153.59,837.99,315.6,Online
SAL05305,2022-05-10,STR02,CUS0078,PRD049,3,535.39,0.15,1365.24,731.61,633.63,Store
SAL05306,2025-05-16,STR11,CUS0154,PRD043,1,108.59,0.0,108.59,54.96,53.63,Online
SAL05307,2023-02-14,STR12,CUS0144,PRD009,1,337.72,0.0,337.72,227.99,109.73,Store
SAL05308,2023-12-18,STR11,CUS0102,PRD045,3,74.57,0.1,201.34,103.14,98.2,App
SAL05309,2023-12-27,STR09,CUS0156,PRD025,1,395.29,0.2,316.23,254.79,61.44,App
SAL05310,2022-04-01,STR04,CUS0186,PRD074,1,778.55,0.0,778.55,376.12,402.43,Store
SAL05311,2025-07-23,STR09,CUS0017,PRD007,1,297.96,0.2,238.37,173.78,64.59,Online
SAL05312,2025-02-28,STR05,CUS0022,PRD074,2,778.55,0.0,1557.1,752.24,804.86,Store
SAL05313,2025-02-01,STR02,CUS0144,PRD023,2,336.46,0.15,571.98,449.44,122.54,Online
SAL05314,2022-01-05,STR07,CUS0111,PRD005,2,245.1,0.15,416.67,348.98,67.69,Online
SAL05315,2022-11-13,STR08,CUS0125,PRD024,1,582.46,0.15,495.09,336.53,158.56,Store
SAL05316,2024-10-26,STR04,CUS0040,PRD028,1,167.14,0.0,167.14,81.77,85.37,App
SAL05317,2024-11-16,STR02,CUS0160,PRD020,2,144.97,0.0,289.94,152.4,137.54,App
SAL05318,2025-06-02,STR09,CUS0064,PRD057,2,52.44,0.1,94.39,73.56,20.83,Online
SAL05319,2025-06-29,STR02,CUS0084,PRD051,4,428.0,0.2,1369.6,896.64,472.96,Online
SAL05320,2022-05-30,STR12,CUS0151,PRD061,1,60.41,0.0,60.41,31.04,29.37,App
SAL05321,2023-08-20,STR02,CUS0091,PRD079,2,665.32,0.0,1330.64,677.76,652.88,Store
SAL05322,2022-06-10,STR08,CUS0070,PRD064,2,508.25,0.0,1016.5,585.0,431.5,App
SAL05323,2024-10-09,STR12,CUS0042,PRD018,1,703.6,0.0,703.6,337.92,365.68,Store
SAL05324,2024-10-27,STR01,CUS0173,PRD062,1,210.83,0.15,179.21,103.07,76.14,Online
SAL05325,2023-09-08,STR04,CUS0216,PRD073,2,252.83,0.0,505.66,335.64,170.02,Store
SAL05326,2022-06-11,STR11,CUS0141,PRD019,1,404.77,0.0,404.77,279.33,125.44,App
SAL05327,2024-06-02,STR02,CUS0200,PRD036,4,638.05,0.1,2296.98,1260.96,1036.02,Online
SAL05328,2023-01-03,STR10,CUS0048,PRD041,1,500.06,0.05,475.06,248.09,226.97,Online
SAL05329,2022-04-21,STR02,CUS0247,PRD022,1,447.25,0.0,447.25,315.68,131.57,Online
SAL05330,2024-11-09,STR07,CUS0027,PRD062,3,210.83,0.0,632.49,309.21,323.28,App
SAL05331,2023-04-12,STR09,CUS0222,PRD069,1,393.75,0.05,374.06,211.23,162.83,Store
SAL05332,2023-05-28,STR09,CUS0227,PRD028,1,167.14,0.0,167.14,81.77,85.37,App
SAL05333,2022-09-08,STR02,CUS0237,PRD058,1,428.07,0.15,363.86,284.8,79.06,Online
SAL05334,2025-06-03,STR02,CUS0092,PRD016,2,565.24,0.1,1017.43,523.84,493.59,App
SAL05335,2024-08-16,STR12,CUS0100,PRD074,2,778.55,0.15,1323.53,752.24,571.29,App
SAL05336,2025-04-19,STR07,CUS0253,PRD012,2,580.87,0.15,987.48,774.02,213.46,App
SAL05337,2024-03-31,STR11,CUS0001,PRD062,2,210.83,0.2,337.33,206.14,131.19,Online
SAL05338,2025-07-05,STR03,CUS0001,PRD002,1,528.99,0.0,528.99,347.39,181.6,App
SAL05339,2024-10-10,STR07,CUS0296,PRD057,3,52.44,0.2,125.86,110.34,15.52,Store
SAL05340,2025-08-04,STR06,CUS0157,PRD036,1,638.05,0.0,638.05,315.24,322.81,Online
SAL05341,2022-08-03,STR04,CUS0149,PRD065,2,361.03,0.0,722.06,513.04,209.02,App
SAL05342,2023-03-29,STR10,CUS0113,PRD002,2,528.99,0.1,952.18,694.78,257.4,Online
SAL05343,2023-11-22,STR07,CUS0021,PRD065,2,361.03,0.2,577.65,513.04,64.61,Online
SAL05344,2024-06-30,STR10,CUS0175,PRD055,3,402.22,0.0,1206.66,633.96,572.7,App
SAL05345,2022-09-14,STR11,CUS0045,PRD077,1,517.67,0.2,414.14,306.08,108.06,App
SAL05346,2025-08-03,STR11,CUS0278,PRD054,1,167.08,0.15,142.02,80.96,61.06,Online
SAL05347,2024-09-28,STR08,CUS0262,PRD077,1,517.67,0.15,440.02,306.08,133.94,Online
SAL05348,2023-04-10,STR12,CUS0100,PRD078,1,149.61,0.0,149.61,72.85,76.76,Store
SAL05349,2023-03-26,STR03,CUS0298,PRD027,1,167.97,0.0,167.97,84.52,83.45,Online
SAL05350,2023-05-30,STR09,CUS0207,PRD071,1,618.33,0.05,587.41,332.7,254.71,Store
SAL05351,2024-09-27,STR06,CUS0241,PRD027,1,167.97,0.0,167.97,84.52,83.45,App
SAL05352,2022-05-17,STR06,CUS0273,PRD063,3,447.14,0.2,1073.14,941.94,131.2,Online
SAL05353,2023-11-09,STR12,CUS0248,PRD042,2,213.13,0.15,362.32,204.72,157.6,Online
SAL05354,2024-12-09,STR01,CUS0110,PRD042,6,213.13,0.1,1150.9,614.16,536.74,Store
SAL05355,2022-10-08,STR05,CUS0215,PRD034,4,539.68,0.0,2158.72,1167.16,991.56,Store
SAL05356,2022-09-09,STR04,CUS0058,PRD065,1,361.03,0.0,361.03,256.52,104.51,Store
SAL05357,2024-04-22,STR08,CUS0178,PRD023,1,336.46,0.0,336.46,224.72,111.74,Store
SAL05358,2024-10-19,STR03,CUS0039,PRD034,1,539.68,0.0,539.68,291.79,247.89,Online
SAL05359,2024-09-15,STR04,CUS0157,PRD051,2,428.0,0.15,727.6,448.32,279.28,Online
SAL05360,2022-03-30,STR05,CUS0293,PRD001,1,769.25,0.2,615.4,373.76,241.64,Online
SAL05361,2025-08-05,STR04,CUS0228,PRD048,8,65.44,0.0,523.52,367.2,156.32,Online
SAL05362,2022-10-27,STR11,CUS0078,PRD073,3,252.83,0.05,720.57,503.46,217.11,Online
SAL05363,2024-05-18,STR11,CUS0075,PRD023,1,336.46,0.0,336.46,224.72,111.74,Online
SAL05364,2025-04-21,STR01,CUS0220,,1,52.44,0.0,52.44,36.78,15.66,App
SAL05365,2023-10-16,STR01,CUS0258,PRD020,1,144.97,0.05,137.72,76.2,61.52,Store
SAL05366,2024-10-16,STR03,CUS0026,PRD008,1,439.89,0.0,439.89,256.57,183.32,Online
SAL05367,2023-05-27,STR11,CUS0271,PRD068,1,193.87,0.2,155.1,136.34,18.76,Online
SAL05368,2024-04-29,STR11,CUS0058,PRD035,1,285.91,0.05,271.61,147.39,124.22,App
SAL05369,2022-09-21,STR10,CUS0123,PRD076,1,841.57,0.1,757.41,383.22,374.19,Online
SAL05370,2022-02-25,STR10,CUS0245,PRD079,1,665.32,0.0,665.32,338.88,326.44,App
SAL05371,2023-08-22,STR04,CUS0104,PRD029,2,318.8,0.1,573.84,341.6,232.24,Store
SAL05372,2022-01-05,STR08,CUS0270,PRD026,1,434.62,0.2,347.7,248.69,99.01,Online
SAL05373,2023-04-15,STR04,CUS0263,PRD071,1,618.33,0.1,556.5,332.7,223.8,App
SAL05374,2025-07-29,STR10,CUS0268,PRD052,1,660.22,0.2,528.18,393.19,134.99,App
SAL05375,2025-05-19,STR09,CUS0177,PRD020,1,144.97,0.0,144.97,76.2,68.77,Online
SAL05376,2024-05-07,STR12,CUS0286,PRD027,1,167.97,0.05,159.57,84.52,75.05,App
SAL05377,2023-07-04,STR06,CUS0194,PRD014,3,469.29,0.0,1407.87,960.0,447.87,App
SAL05378,2025-01-12,STR06,CUS0128,PRD019,4,404.77,0.0,1619.08,1117.32,501.76,Online
SAL05379,2025-07-05,STR08,CUS0121,PRD078,1,149.61,0.1,134.65,72.85,61.8,Online
SAL05380,2025-02-13,STR03,CUS0185,PRD030,1,396.17,0.0,396.17,240.04,156.13,App
SAL05381,2022-04-23,STR01,CUS0268,PRD078,1,149.61,0.05,142.13,72.85,69.28,App
SAL05382,2025-01-19,STR01,CUS0207,PRD033,2,82.66,0.15,140.52,115.04,25.48,Store
SAL05383,2024-02-26,STR03,CUS0149,PRD027,1,167.97,0.1,151.17,84.52,66.65,App
SAL05384,2024-01-13,STR09,CUS0030,PRD045,1,74.57,0.05,70.84,34.38,36.46,Online
SAL05385,2022-06-04,STR07,CUS0079,PRD020,2,144.97,0.15,246.45,152.4,94.05,App
SAL05386,2022-06-29,STR09,CUS0095,PRD056,2,434.96,0.0,869.92,522.28,347.64,Store
SAL05387,2023-10-16,STR08,CUS0207,PRD058,2,428.07,0.05,813.33,569.6,243.73,App
SAL05388,2025-08-09,STR07,CUS0276,PRD057,1,52.44,0.05,49.82,36.78,13.04,App
SAL05389,2024-08-17,STR02,CUS0247,PRD030,2,396.17,0.1,713.11,480.08,233.03,Store
SAL05390,2023-03-27,STR06,CUS0024,PRD078,2,149.61,0.15,254.34,145.7,108.64,App
SAL05391,2024-04-06,STR07,CUS0136,PRD057,3,52.44,0.1,141.59,110.34,31.25,App
SAL05392,2022-02-12,STR04,CUS0117,PRD073,3,252.83,0.0,758.49,503.46,255.03,Online
SAL05393,2025-01-09,STR05,CUS0249,PRD028,1,167.14,0.0,167.14,81.77,85.37,App
SAL05394,2023-02-24,STR05,CUS0081,PRD055,3,402.22,0.0,1206.66,633.96,572.7,Online
SAL05395,2023-02-17,STR12,CUS0029,PRD016,1,565.24,0.0,565.24,261.92,303.32,Store
SAL05396,2024-12-22,STR09,CUS0144,PRD020,2,144.97,0.15,246.45,152.4,94.05,Online
SAL05397,2023-01-23,STR07,CUS0097,PRD064,1,508.25,0.0,508.25,292.5,215.75,Store
SAL05398,2025-02-09,STR05,CUS0275,PRD068,1,193.87,0.2,155.1,136.34,18.76,App
SAL05399,2022-03-14,STR07,CUS0275,PRD015,2,339.66,0.2,543.46,367.3,176.16,Online
SAL05400,2023-02-01,STR03,CUS0109,PRD011,4,450.62,0.1,1622.23,823.64,798.59,Online
SAL05401,2025-06-28,STR04,CUS0205,PRD003,1,460.37,0.0,460.37,234.76,225.61,Online
SAL05402,2022-07-01,STR08,CUS0136,PRD024,2,582.46,0.05,1106.67,673.06,433.61,Store
SAL05403,2022-12-08,STR06,CUS0282,PRD077,2,517.67,0.05,983.57,612.16,371.41,Store
SAL05404,2023-05-17,STR06,CUS0268,PRD051,1,428.0,0.0,428.0,224.16,203.84,Store
SAL05405,2022-07-22,STR09,CUS0072,PRD060,1,118.37,0.15,100.61,77.73,22.88,App
SAL05406,2023-03-26,STR09,CUS0117,PRD039,1,267.3,0.15,227.21,176.25,50.96,App
SAL05407,2023-06-29,STR01,CUS0269,PRD046,3,533.74,0.0,1601.22,1047.75,553.47,App
SAL05408,2022-04-09,STR07,CUS0262,PRD080,4,390.71,0.05,1484.7,714.76,769.94,App
SAL05409,2023-12-03,STR12,CUS0083,PRD073,1,252.83,0.0,252.83,167.82,85.01,App
SAL05410,2022-04-10,STR06,CUS0009,PRD041,1,500.06,0.0,500.06,248.09,251.97,Online
SAL05411,2023-02-12,STR05,CUS0015,PRD079,1,665.32,0.1,598.79,338.88,259.91,Online
SAL05412,2023-02-01,STR12,CUS0177,PRD029,1,318.8,0.1,286.92,170.8,116.12,Online
SAL05413,2022-01-31,STR04,CUS0140,PRD048,1,65.44,0.2,52.35,45.9,6.45,Online
SAL05414,2025-07-21,STR07,CUS0121,PRD042,2,213.13,0.2,341.01,204.72,136.29,Online
SAL05415,2023-03-10,STR07,CUS0290,PRD080,1,390.71,0.0,390.71,178.69,212.02,App
SAL05416,2024-07-30,STR08,CUS0250,PRD008,2,439.89,0.15,747.81,513.14,234.67,App
SAL05417,2025-02-23,STR08,CUS0228,PRD078,3,149.61,0.0,448.83,218.55,230.28,Store
SAL05418,2025-05-16,STR12,CUS0073,PRD021,1,732.57,0.05,695.94,388.69,307.25,Online
SAL05419,2024-03-08,STR06,CUS0044,PRD049,1,535.39,0.0,535.39,243.87,291.52,Store
SAL05420,2025-01-30,STR03,CUS0006,PRD005,1,245.1,0.05,232.84,174.49,58.35,Store
SAL05421,2023-04-25,STR06,CUS0236,PRD018,1,703.6,0.15,598.06,337.92,260.14,Store
SAL05422,2022-05-06,STR10,CUS0215,PRD061,4,60.41,0.05,229.56,124.16,105.4,App
SAL05423,2022-12-16,STR04,CUS0289,PRD056,4,434.96,0.2,1391.87,1044.56,347.31,App
SAL05424,2023-03-18,STR02,CUS0164,PRD005,2,245.1,0.0,490.2,348.98,141.22,Online
SAL05425,2025-03-20,STR07,CUS0284,PRD031,1,607.09,0.15,516.03,311.8,204.23,App
SAL05426,2022-08-30,STR07,CUS0060,PRD002,1,528.99,0.1,476.09,347.39,128.7,Store
SAL05427,2022-10-08,STR08,CUS0020,PRD020,5,144.97,0.0,724.85,381.0,343.85,Store
SAL05428,2024-11-24,STR07,CUS0013,PRD007,1,297.96,0.1,268.16,173.78,94.38,App
SAL05429,2022-11-03,STR06,CUS0179,PRD011,3,450.62,0.1,1216.67,617.73,598.94,Online
SAL05430,2023-01-01,STR10,CUS0113,PRD073,1,252.83,0.15,214.91,167.82,47.09,Store
SAL05431,2025-01-17,STR05,CUS0133,PRD019,1,404.77,0.0,404.77,279.33,125.44,Online
SAL05432,2023-12-29,STR03,CUS0174,PRD056,1,434.96,0.0,434.96,261.14,173.82,Store
SAL05433,2023-12-17,STR05,CUS0050,PRD017,1,86.4,0.15,73.44,47.35,26.09,App
SAL05434,2025-02-09,STR05,CUS0159,PRD079,2,665.32,0.2,1064.51,677.76,386.75,Store
SAL05435,2024-12-08,STR10,CUS0293,PRD025,2,395.29,0.0,790.58,509.58,281.0,App
SAL05436,2023-12-27,STR07,CUS0229,PRD011,1,450.62,0.1,405.56,205.91,199.65,App
SAL05437,2024-02-03,STR01,CUS0107,PRD026,1,434.62,0.0,434.62,248.69,185.93,App
SAL05438,2024-07-01,STR07,CUS0163,PRD011,1,450.62,0.1,405.56,205.91,199.65,Online
SAL05439,2023-01-28,STR08,CUS0022,PRD076,1,841.57,0.0,841.57,383.22,458.35,Online
SAL05440,2024-01-01,STR12,CUS0190,PRD056,2,434.96,0.0,869.92,522.28,347.64,Store
SAL05441,2023-01-29,STR07,CUS0107,PRD056,2,434.96,0.0,869.92,522.28,347.64,App
SAL05442,2025-03-29,STR09,CUS0072,PRD009,1,337.72,0.2,270.18,227.99,42.19,Online
SAL05443,2024-09-21,STR12,CUS0022,PRD038,1,588.04,0.2,470.43,383.18,87.25,App
SAL05444,2022-02-23,STR08,CUS0033,PRD015,4,339.66,0.2,1086.91,734.6,352.31,Store
SAL05445,2025-04-29,STR10,CUS0193,PRD004,5,277.55,0.2,1110.2,655.95,454.25,App
SAL05446,2023-07-10,STR03,CUS0272,PRD030,2,396.17,0.0,792.34,480.08,312.26,Online
SAL05447,2024-05-19,STR09,CUS0068,PRD041,1,500.06,0.05,475.06,248.09,226.97,App
SAL05448,2022-12-22,STR10,CUS0298,PRD075,1,453.11,0.05,430.45,269.73,160.72,Store
SAL05449,2022-03-10,STR04,CUS0296,PRD065,2,361.03,0.0,722.06,513.04,209.02,App
SAL05450,2022-04-01,STR05,CUS0283,PRD024,1,582.46,0.0,582.46,336.53,245.93,Online
SAL05451,2025-06-08,STR09,CUS0039,PRD019,2,404.77,0.0,809.54,558.66,250.88,Store
SAL05452,2024-02-17,STR01,CUS0197,PRD042,1,213.13,0.1,191.82,102.36,89.46,Store
SAL05453,2022-05-22,STR02,CUS0293,PRD014,1,469.29,0.0,469.29,320.0,149.29,App
SAL05454,2023-09-23,STR05,CUS0028,PRD053,3,139.83,0.15,356.57,238.44,118.13,App
SAL05455,2023-09-13,STR12,CUS0182,PRD070,2,326.09,0.1,586.96,441.64,145.32,App
SAL05456,2023-04-23,STR05,CUS0167,PRD054,2,167.08,0.1,300.74,161.92,138.82,App
SAL05457,2023-12-18,STR05,CUS0281,PRD009,1,337.72,0.0,337.72,227.99,109.73,Store
SAL05458,2022-12-16,STR09,CUS0124,PRD077,1,517.67,0.2,414.14,306.08,108.06,Online
SAL05459,2024-02-21,STR08,CUS0158,PRD046,1,533.74,0.0,533.74,349.25,184.49,App
SAL05460,2024-01-12,STR11,CUS0256,PRD024,1,582.46,0.2,465.97,336.53,129.44,Store
SAL05461,2024-11-15,STR09,CUS0130,PRD048,1,65.44,0.05,62.17,45.9,16.27,Online
SAL05462,2022-04-19,STR01,CUS0242,PRD068,1,193.87,0.0,193.87,136.34,57.53,Online
SAL05463,2022-08-11,STR04,CUS0079,PRD049,1,535.39,0.0,535.39,243.87,291.52,App
SAL05464,2024-05-07,STR07,CUS0191,PRD007,2,297.96,0.0,595.92,347.56,248.36,App
SAL05465,2024-01-23,STR11,CUS0140,PRD040,1,107.82,0.05,102.43,56.81,45.62,Store
SAL05466,2025-02-19,STR02,CUS0006,PRD047,3,470.23,0.0,1410.69,900.6,510.09,App
SAL05467,2024-04-13,STR01,CUS0172,PRD029,4,318.8,0.05,1211.44,683.2,528.24,Online
SAL05468,2022-01-23,STR07,CUS0193,PRD048,4,65.44,0.2,209.41,183.6,25.81,Store
SAL05469,2022-10-16,STR06,CUS0015,PRD047,1,470.23,0.1,423.21,300.2,123.01,Store
SAL05470,2024-07-25,STR11,CUS0185,PRD066,1,180.08,0.0,180.08,124.07,56.01,App
SAL05471,2022-08-12,STR06,CUS0220,PRD059,2,494.95,0.05,940.4,570.66,369.74,App
SAL05472,2025-06-19,STR08,CUS0109,PRD074,2,778.55,0.1,1401.39,752.24,649.15,App
SAL05473,2025-02-15,STR02,CUS0299,PRD032,1,570.78,0.1,513.7,326.53,187.17,Online
SAL05474,2023-11-05,STR04,CUS0137,PRD063,1,447.14,0.05,424.78,313.98,110.8,Store
SAL05475,2025-08-01,STR12,CUS0022,PRD073,2,252.83,0.0,505.66,335.64,170.02,Online
SAL05476,2022-01-07,STR12,CUS0043,PRD020,1,144.97,0.2,115.98,76.2,39.78,App
SAL05477,2023-11-23,STR10,CUS0010,PRD050,2,289.93,0.0,579.86,405.08,174.78,Store
SAL05478,2022-12-28,STR07,CUS0234,PRD018,1,703.6,0.2,562.88,337.92,224.96,Online
SAL05479,2024-11-16,STR05,CUS0037,PRD064,3,508.25,0.0,1524.75,877.5,647.25,Online
SAL05480,2024-10-23,STR02,CUS0087,PRD030,5,396.17,0.0,1980.85,1200.2,780.65,Store
SAL05481,2022-09-05,STR03,CUS0026,PRD075,3,453.11,0.05,1291.36,809.19,482.17,App
SAL05482,2023-12-25,STR04,CUS0069,PRD054,2,167.08,0.05,317.45,161.92,155.53,Online
SAL05483,2022-03-20,STR02,CUS0283,PRD025,1,395.29,0.2,316.23,254.79,61.44,Store
SAL05484,2022-10-06,STR10,CUS0004,PRD032,1,570.78,0.1,513.7,326.53,187.17,Store
SAL05485,2024-05-31,STR06,CUS0135,PRD013,2,332.19,0.0,664.38,303.66,360.72,Store
SAL05486,2022-09-12,STR01,CUS0274,PRD063,1,447.14,0.0,447.14,313.98,133.16,Online
SAL05487,2023-11-29,STR04,CUS0112,PRD050,1,289.93,0.15,246.44,202.54,43.9,Store
SAL05488,2023-04-01,STR05,CUS0227,PRD066,1,180.08,0.15,153.07,124.07,29.0,Store
SAL05489,2023-06-19,STR06,CUS0214,PRD047,1,470.23,0.05,446.72,300.2,146.52,App
SAL05490,2024-02-20,STR09,CUS0212,PRD051,2,428.0,0.0,856.0,448.32,407.68,App
SAL05491,2025-04-19,STR01,CUS0284,PRD043,2,108.59,0.0,217.18,109.92,107.26,Store
SAL05492,2023-01-16,STR10,CUS0285,PRD047,1,470.23,0.15,399.7,300.2,99.5,Online
SAL05493,2022-11-26,STR02,CUS0279,PRD028,1,167.14,0.0,167.14,81.77,85.37,Online
SAL05494,2025-02-05,STR02,CUS0028,PRD048,1,65.44,0.2,52.35,45.9,6.45,Online
SAL05495,2022-06-14,STR11,CUS0114,PRD035,1,285.91,0.1,257.32,147.39,109.93,App
SAL05496,2023-07-10,STR09,CUS0233,PRD043,2,108.59,0.0,217.18,109.92,107.26,App
SAL05497,2024-05-07,STR08,CUS0247,PRD007,1,297.96,0.1,268.16,173.78,94.38,App
SAL05498,2023-10-20,STR05,CUS0055,PRD036,2,638.05,0.1,1148.49,630.48,518.01,App
SAL05499,2025-07-16,STR11,CUS0178,PRD015,2,339.66,0.2,543.46,367.3,176.16,App
SAL05500,2023-06-21,STR05,CUS0152,PRD015,3,339.66,0.05,968.03,550.95,417.08,Online
SAL05501,2022-09-10,STR05,CUS0175,PRD012,1,580.87,0.0,580.87,387.01,193.86,Online
SAL05502,2022-12-01,STR01,CUS0019,PRD012,1,580.87,0.2,464.7,387.01,77.69,Online
SAL05503,2022-06-19,STR03,CUS0213,PRD047,3,470.23,0.05,1340.16,900.6,439.56,Online
SAL05504,2022-09-01,STR09,CUS0275,PRD055,5,402.22,0.0,2011.1,1056.6,954.5,Online
SAL05505,2024-04-27,STR04,CUS0171,PRD041,1,500.06,0.2,400.05,248.09,151.96,App
SAL05506,2022-06-08,STR08,CUS0113,PRD052,1,660.22,0.2,528.18,393.19,134.99,Online
SAL05507,2024-06-06,STR06,CUS0222,PRD055,1,402.22,0.1,362.0,211.32,150.68,App
SAL05508,2022-06-25,STR03,CUS0024,PRD046,2,533.74,0.15,907.36,698.5,208.86,Store
SAL05509,2022-02-23,STR03,CUS0145,PRD036,1,638.05,0.0,638.05,315.24,322.81,App
SAL05510,2025-08-12,STR03,CUS0220,PRD014,2,469.29,0.0,938.58,640.0,298.58,Online
SAL05511,2024-09-11,STR09,CUS0138,PRD055,4,402.22,0.2,1287.1,845.28,441.82,Online
SAL05512,2024-08-24,STR09,CUS0056,PRD079,1,665.32,0.15,565.52,338.88,226.64,Online
SAL05513,2024-06-23,STR07,CUS0160,PRD013,1,332.19,0.0,332.19,151.83,180.36,App
SAL05514,2022-06-25,STR07,CUS0120,PRD067,2,338.84,0.0,677.68,382.56,295.12,App
SAL05515,2022-10-16,STR01,CUS0276,PRD043,2,108.59,0.15,184.6,109.92,74.68,Online
SAL05516,2025-06-22,STR02,CUS0103,PRD027,2,167.97,0.15,285.55,169.04,116.51,Online
SAL05517,2024-01-30,STR02,CUS0103,PRD011,1,450.62,0.15,383.03,205.91,177.12,Store
SAL05518,2024-05-11,STR02,CUS0221,PRD045,2,74.57,0.2,119.31,68.76,50.55,Store
SAL05519,2024-08-06,STR03,CUS0003,PRD057,1,52.44,0.05,49.82,36.78,13.04,App
SAL05520,2025-01-02,STR04,CUS0244,PRD038,1,588.04,0.0,588.04,383.18,204.86,Online
SAL05521,2022-01-19,STR04,CUS0296,PRD059,3,494.95,0.05,1410.61,855.99,554.62,Store
SAL05522,2022-05-22,STR10,CUS0117,PRD023,5,336.46,0.2,1345.84,1123.6,222.24,App
SAL05523,2022-09-30,STR07,CUS0248,PRD015,2,339.66,0.0,679.32,367.3,312.02,App
SAL05524,2022-07-10,STR03,CUS0286,PRD053,1,139.83,0.0,139.83,79.48,60.35,Online
SAL05525,2024-08-15,STR06,CUS0280,PRD067,3,338.84,0.15,864.04,573.84,290.2,App
SAL05526,2024-11-04,STR02,CUS0101,PRD035,1,285.91,0.0,285.91,147.39,138.52,App
SAL05527,2025-02-22,STR05,CUS0254,PRD041,1,500.06,0.0,500.06,248.09,251.97,App
SAL05528,2023-03-06,STR08,CUS0158,PRD058,1,428.07,0.0,428.07,284.8,143.27,Store
SAL05529,2023-06-28,STR10,CUS0100,PRD058,1,428.07,0.05,406.67,284.8,121.87,Store
SAL05530,2024-05-21,STR02,CUS0215,PRD074,3,778.55,0.15,1985.3,1128.36,856.94,Online
SAL05531,2024-06-18,STR06,CUS0209,PRD045,2,74.57,0.05,141.68,68.76,72.92,Online
SAL05532,2023-08-10,STR01,CUS0293,PRD076,1,841.57,0.05,799.49,383.22,416.27,Store
SAL05533,2022-09-24,STR12,CUS0125,PRD065,1,361.03,0.0,361.03,256.52,104.51,Online
SAL05534,2024-04-19,STR02,CUS0169,PRD020,1,144.97,0.0,144.97,76.2,68.77,App
SAL05535,2022-10-01,STR05,CUS0162,PRD005,1,245.1,0.0,245.1,174.49,70.61,Online
SAL05536,2023-04-12,STR11,CUS0300,PRD010,1,307.16,0.0,307.16,163.43,143.73,Online
SAL05537,2025-02-24,STR03,CUS0189,PRD014,5,469.29,0.1,2111.81,1600.0,511.81,Online
SAL05538,2025-02-08,STR09,CUS0160,PRD031,1,607.09,0.0,607.09,311.8,295.29,Store
SAL05539,2024-05-25,STR02,CUS0219,PRD009,4,337.72,0.15,1148.25,911.96,236.29,Online
SAL05540,2023-10-10,STR05,CUS0195,PRD007,1,297.96,0.1,268.16,173.78,94.38,Store
SAL05541,2025-06-08,STR06,CUS0157,PRD039,1,267.3,0.0,267.3,176.25,91.05,Store
SAL05542,2023-08-02,STR03,CUS0179,PRD064,3,508.25,0.0,1524.75,877.5,647.25,Store
SAL05543,2022-11-30,STR10,CUS0196,PRD047,5,470.23,0.0,2351.15,1501.0,850.15,Online
SAL05544,2023-07-27,STR07,CUS0056,PRD056,1,434.96,0.15,369.72,261.14,108.58,Online
SAL05545,2022-07-29,STR08,CUS0180,PRD010,1,307.16,0.0,307.16,163.43,143.73,Store
SAL05546,2024-10-30,STR09,CUS0218,PRD061,2,60.41,0.0,120.82,62.08,58.74,Store
SAL05547,2025-01-07,STR04,CUS0046,PRD080,2,390.71,0.0,781.42,357.38,424.04,Store
SAL05548,2024-09-16,STR02,CUS0260,PRD063,1,447.14,0.0,447.14,313.98,133.16,App
SAL05549,2023-11-25,STR02,CUS0250,PRD001,2,769.25,0.1,1384.65,747.52,637.13,Online
SAL05550,2022-09-27,STR11,CUS0053,PRD062,1,210.83,0.0,210.83,103.07,107.76,Online
SAL05551,2022-05-26,STR10,CUS0160,PRD014,1,469.29,0.0,469.29,320.0,149.29,Store
SAL05552,2023-01-15,STR12,CUS0299,PRD036,1,638.05,0.15,542.34,315.24,227.1,Online
SAL05553,2023-01-10,STR04,CUS0273,PRD042,3,213.13,0.1,575.45,307.08,268.37,Online
SAL05554,2022-08-23,STR09,CUS0197,PRD028,3,167.14,0.0,501.42,245.31,256.11,Online
SAL05555,2024-10-13,STR07,CUS0202,PRD023,1,336.46,0.15,285.99,224.72,61.27,Store
SAL05556,2023-09-18,STR09,CUS0026,PRD067,2,338.84,0.0,677.68,382.56,295.12,Store
SAL05557,2024-10-05,STR02,CUS0266,PRD067,1,338.84,0.05,321.9,191.28,130.62,App
SAL05558,2022-03-28,STR03,CUS0272,PRD040,1,107.82,0.2,86.26,56.81,29.45,Online
SAL05559,2023-08-24,STR11,CUS0101,PRD022,3,447.25,0.0,1341.75,947.04,394.71,App
SAL05560,2023-02-05,STR08,CUS0017,PRD078,2,149.61,0.0,299.22,145.7,153.52,Online
SAL05561,2022-10-24,STR05,CUS0142,PRD050,1,289.93,0.0,289.93,202.54,87.39,Store
SAL05562,2022-09-23,STR11,CUS0012,PRD031,1,607.09,0.0,607.09,311.8,295.29,Online
SAL05563,2025-02-16,STR06,CUS0134,PRD001,2,769.25,0.15,1307.72,747.52,560.2,App
SAL05564,2025-01-14,STR09,CUS0025,PRD016,1,565.24,0.0,565.24,261.92,303.32,App
SAL05565,2025-06-27,STR04,CUS0119,PRD062,1,210.83,0.0,210.83,103.07,107.76,Store
SAL05566,2022-12-23,STR11,CUS0253,PRD023,1,336.46,0.2,269.17,224.72,44.45,Online
SAL05567,2023-09-28,STR08,CUS0072,PRD031,3,607.09,0.0,1821.27,935.4,885.87,Store
SAL05568,2023-08-03,STR04,CUS0255,PRD027,1,167.97,0.2,134.38,84.52,49.86,Online
SAL05569,2022-06-26,STR01,CUS0166,PRD079,1,665.32,0.0,665.32,338.88,326.44,Store
SAL05570,2024-10-29,STR01,CUS0198,PRD019,1,404.77,0.0,404.77,279.33,125.44,App
SAL05571,2024-05-02,STR08,CUS0134,PRD007,1,297.96,0.0,297.96,173.78,124.18,Online
SAL05572,2023-05-24,STR03,CUS0168,PRD027,1,167.97,0.0,167.97,84.52,83.45,Online
SAL05573,2025-07-28,STR10,CUS0134,PRD047,4,470.23,0.0,1880.92,1200.8,680.12,Store
SAL05574,2023-12-31,STR10,CUS0108,PRD045,1,74.57,0.05,70.84,34.38,36.46,Store
SAL05575,2024-04-28,STR02,CUS0190,PRD040,1,107.82,0.0,107.82,56.81,51.01,App
SAL05576,2022-07-11,STR05,CUS0223,PRD045,1,74.57,0.0,74.57,34.38,40.19,Online
SAL05577,2022-12-20,STR01,CUS0195,PRD008,1,439.89,0.15,373.91,256.57,117.34,Store
SAL05578,2023-05-06,STR10,CUS0288,PRD079,1,665.32,0.15,565.52,338.88,226.64,Online
SAL05579,2022-12-03,STR05,CUS0240,PRD021,1,732.57,0.0,732.57,388.69,343.88,App
SAL05580,2022-05-11,STR05,CUS0046,PRD041,4,500.06,0.15,1700.2,992.36,707.84,App
SAL05581,2025-02-13,STR07,CUS0059,PRD032,1,570.78,0.0,570.78,326.53,244.25,Store
SAL05582,2023-11-14,STR12,CUS0046,PRD009,1,337.72,0.0,337.72,227.99,109.73,Online
SAL05583,2023-02-15,STR05,CUS0215,PRD047,2,470.23,0.15,799.39,600.4,198.99,Store
SAL05584,2023-06-18,STR05,CUS0185,PRD021,1,732.57,0.2,586.06,388.69,197.37,Store
SAL05585,2022-03-25,STR01,CUS0021,PRD055,1,402.22,0.05,382.11,211.32,170.79,Store
SAL05586,2025-06-19,STR11,CUS0295,PRD070,1,326.09,0.0,326.09,220.82,105.27,Store
SAL05587,2022-05-22,STR05,CUS0267,PRD025,1,395.29,0.0,395.29,254.79,140.5,Online
SAL05588,2025-04-03,STR09,CUS0097,PRD060,1,118.37,0.15,100.61,77.73,22.88,App
SAL05589,2022-11-30,STR05,CUS0294,PRD041,2,500.06,0.0,1000.12,496.18,503.94,App
SAL05590,2022-11-19,STR03,CUS0086,PRD073,6,252.83,0.0,1516.98,1006.92,510.06,Store
SAL05591,2025-06-20,STR08,CUS0143,PRD062,6,210.83,0.0,1264.98,618.42,646.56,Store
SAL05592,2025-05-16,STR10,CUS0139,PRD077,5,517.67,0.05,2458.93,1530.4,928.53,Online
SAL05593,2025-02-05,STR06,CUS0204,PRD046,1,533.74,0.0,533.74,349.25,184.49,Store
SAL05594,2024-01-30,STR09,CUS0264,PRD021,2,732.57,0.15,1245.37,777.38,467.99,App
SAL05595,2025-05-07,STR04,CUS0224,PRD043,1,108.59,0.1,97.73,54.96,42.77,Store
SAL05596,2025-05-03,STR07,CUS0252,PRD055,4,402.22,0.05,1528.44,845.28,683.16,Online
SAL05597,2024-04-09,STR04,CUS0030,PRD059,1,494.95,0.0,494.95,285.33,209.62,App
SAL05598,2025-07-16,STR03,CUS0041,PRD001,1,769.25,0.0,769.25,373.76,395.49,App
SAL05599,2022-01-05,STR04,CUS0126,PRD010,2,307.16,0.15,522.17,326.86,195.31,App
SAL05600,2025-06-21,STR06,CUS0253,PRD067,1,338.84,0.2,271.07,191.28,79.79,Store
SAL05601,2023-03-09,STR02,CUS0092,PRD034,1,539.68,0.0,539.68,291.79,247.89,Online
SAL05602,2024-06-30,STR06,CUS0110,PRD066,1,180.08,0.0,180.08,124.07,56.01,App
SAL05603,2024-01-03,STR05,CUS0233,PRD043,1,108.59,0.1,97.73,54.96,42.77,App
SAL05604,2024-01-21,STR10,CUS0119,PRD068,2,193.87,0.05,368.35,272.68,95.67,App
SAL05605,2022-01-02,STR12,CUS0288,PRD026,1,434.62,0.0,434.62,248.69,185.93,Online
SAL05606,2022-09-13,STR05,CUS0191,PRD020,3,144.97,0.0,434.91,228.6,206.31,Store
SAL05607,2022-05-24,STR06,CUS0099,PRD080,2,390.71,0.15,664.21,357.38,306.83,Store
SAL05608,2023-02-09,STR02,CUS0089,PRD044,3,125.25,0.0,375.75,171.57,204.18,Store
SAL05609,2024-10-07,STR11,CUS0101,PRD063,1,447.14,0.0,447.14,313.98,133.16,Online
SAL05610,2022-11-29,STR07,CUS0011,PRD054,3,167.08,0.1,451.12,242.88,208.24,App
SAL05611,2024-11-29,STR12,CUS0290,PRD074,3,778.55,0.15,1985.3,1128.36,856.94,Store
SAL05612,2024-02-14,STR02,CUS0241,PRD033,1,82.66,0.0,82.66,57.52,25.14,Online
SAL05613,2024-04-11,STR02,CUS0213,PRD042,2,213.13,0.0,426.26,204.72,221.54,App
SAL05614,2024-06-04,STR01,CUS0040,PRD006,3,365.95,0.2,878.28,620.25,258.03,Store
SAL05615,2025-06-23,STR03,CUS0084,PRD003,2,460.37,0.0,920.74,469.52,451.22,App
SAL05616,2024-01-18,STR10,CUS0108,PRD018,1,703.6,0.0,703.6,337.92,365.68,Online
SAL05617,2023-04-17,STR02,CUS0092,PRD014,1,469.29,0.2,375.43,320.0,55.43,Online
SAL05618,2023-05-18,STR04,CUS0263,PRD077,2,517.67,0.0,1035.34,612.16,423.18,Store
SAL05619,2024-04-05,STR06,CUS0285,PRD020,5,144.97,0.0,724.85,381.0,343.85,Store
SAL05620,2025-03-22,STR03,CUS0065,PRD034,2,539.68,0.05,1025.39,583.58,441.81,Store
SAL05621,2023-03-06,STR12,CUS0212,PRD018,1,703.6,0.15,598.06,337.92,260.14,Store
SAL05622,2025-02-08,STR05,CUS0152,PRD015,1,339.66,0.0,339.66,183.65,156.01,Store
SAL05623,2023-04-17,STR06,CUS0055,PRD061,4,60.41,0.15,205.39,124.16,81.23,Store
SAL05624,2024-09-30,STR02,CUS0165,PRD035,1,285.91,0.2,228.73,147.39,81.34,App
SAL05625,2023-12-05,STR09,CUS0251,PRD051,2,428.0,0.2,684.8,448.32,236.48,Online
SAL05626,2023-10-14,STR09,CUS0282,PRD064,2,508.25,0.2,813.2,585.0,228.2,Store
SAL05627,2023-07-24,STR11,CUS0064,PRD011,2,450.62,0.0,901.24,411.82,489.42,App
SAL05628,2024-01-14,STR03,CUS0107,PRD013,2,332.19,0.05,631.16,303.66,327.5,App
SAL05629,2024-06-30,STR04,CUS0096,PRD039,3,267.3,0.0,801.9,528.75,273.15,App
SAL05630,2022-05-17,STR06,CUS0098,PRD051,1,428.0,0.0,428.0,224.16,203.84,Online
SAL05631,2025-03-30,STR04,CUS0021,PRD054,1,167.08,0.0,167.08,80.96,86.12,App
SAL05632,2022-11-02,STR12,CUS0289,PRD050,1,289.93,0.0,289.93,202.54,87.39,Store
SAL05633,2025-02-19,STR08,CUS0175,PRD005,1,245.1,0.0,245.1,174.49,70.61,App
SAL05634,2022-09-28,STR03,CUS0127,PRD059,1,494.95,0.0,494.95,285.33,209.62,App
SAL05635,2023-06-30,STR06,CUS0052,PRD071,3,618.33,0.0,1854.99,998.1,856.89,Online
SAL05636,2025-08-09,STR08,CUS0071,PRD044,1,125.25,0.1,112.73,57.19,55.54,App
SAL05637,2022-04-06,STR11,CUS0224,PRD061,3,60.41,0.2,144.98,93.12,51.86,Store
SAL05638,2024-06-19,STR03,CUS0004,PRD049,1,535.39,0.0,535.39,243.87,291.52,Online
SAL05639,2025-07-14,STR01,CUS0146,PRD055,2,402.22,0.15,683.77,422.64,261.13,App
SAL05640,2023-08-07,STR10,CUS0008,PRD030,1,396.17,0.1,356.55,240.04,116.51,App
SAL05641,2022-06-29,STR09,CUS0222,PRD069,2,393.75,0.1,708.75,422.46,286.29,Store
SAL05642,2024-09-02,STR01,CUS0192,PRD077,4,517.67,0.05,1967.15,1224.32,742.83,App
SAL05643,2022-10-16,STR08,CUS0224,PRD072,1,499.84,0.1,449.86,300.4,149.46,Online
SAL05644,2022-05-09,STR10,CUS0293,PRD073,1,252.83,0.1,227.55,167.82,59.73,Store
SAL05645,2022-12-06,STR10,CUS0056,PRD068,3,193.87,0.15,494.37,409.02,85.35,Store
SAL05646,2025-04-28,STR09,CUS0149,PRD073,3,252.83,0.2,606.79,503.46,103.33,App
SAL05647,2023-06-25,STR07,CUS0140,PRD059,1,494.95,0.0,494.95,285.33,209.62,Store
SAL05648,2025-08-03,STR10,CUS0043,PRD031,1,607.09,0.15,516.03,311.8,204.23,App
SAL05649,2024-04-30,STR03,CUS0019,PRD002,2,528.99,0.0,1057.98,694.78,363.2,Store
SAL05650,2025-03-22,STR02,CUS0173,PRD047,1,470.23,0.05,446.72,300.2,146.52,Online
SAL05651,2025-03-26,STR04,CUS0203,PRD067,2,338.84,0.05,643.8,382.56,261.24,Store
SAL05652,2022-05-04,STR04,CUS0105,PRD043,1,108.59,0.0,108.59,54.96,53.63,Online
SAL05653,2025-05-05,STR09,CUS0067,PRD005,2,245.1,0.2,392.16,348.98,43.18,App
SAL05654,2024-03-19,STR07,CUS0206,PRD078,1,149.61,0.05,142.13,72.85,69.28,App
SAL05655,2022-05-04,STR06,CUS0273,PRD056,1,434.96,0.2,347.97,261.14,86.83,App
SAL05656,2022-11-27,STR02,CUS0109,PRD035,1,285.91,0.0,285.91,147.39,138.52,Online
SAL05657,2024-03-01,STR01,CUS0035,PRD021,3,732.57,0.15,1868.05,1166.07,701.98,App
SAL05658,2024-09-13,STR02,CUS0182,PRD052,1,660.22,0.0,660.22,393.19,267.03,App
SAL05659,2025-05-25,STR08,CUS0130,PRD079,2,665.32,0.0,1330.64,677.76,652.88,App
SAL05660,2022-11-15,STR11,CUS0187,PRD052,2,660.22,0.2,1056.35,786.38,269.97,Online
SAL05661,2023-09-22,STR01,CUS0041,PRD026,1,434.62,0.0,434.62,248.69,185.93,Online
SAL05662,2023-01-02,STR02,CUS0254,PRD057,1,52.44,0.15,44.57,36.78,7.79,Store
SAL05663,2022-08-09,STR11,CUS0029,PRD027,2,167.97,0.2,268.75,169.04,99.71,Store
SAL05664,2024-09-28,STR10,CUS0170,PRD060,1,118.37,0.05,112.45,77.73,34.72,Store
SAL05665,2024-08-21,STR10,CUS0280,PRD072,4,499.84,0.2,1599.49,1201.6,397.89,Online
SAL05666,2025-05-09,STR10,CUS0197,PRD071,3,618.33,0.05,1762.24,998.1,764.14,App
SAL05667,2023-10-10,STR09,CUS0170,PRD025,2,395.29,0.0,790.58,509.58,281.0,Store
SAL05668,2025-08-04,STR04,CUS0083,PRD033,1,82.66,0.0,82.66,57.52,25.14,Online
SAL05669,2024-11-17,STR06,CUS0142,PRD073,1,252.83,0.0,252.83,167.82,85.01,App
SAL05670,2025-03-19,STR06,CUS0087,PRD013,1,332.19,0.15,282.36,151.83,130.53,App
SAL05671,2022-05-13,STR07,CUS0024,PRD056,1,434.96,0.0,434.96,261.14,173.82,App
SAL05672,2023-10-28,STR02,CUS0263,PRD001,3,769.25,0.1,2076.97,1121.28,955.69,Store
SAL05673,2022-10-31,STR11,CUS0025,PRD035,1,285.91,0.1,257.32,147.39,109.93,App
SAL05674,2024-02-01,STR02,CUS0300,PRD080,4,390.71,0.0,1562.84,714.76,848.08,Store
SAL05675,2022-01-01,STR05,CUS0054,PRD039,5,267.3,0.0,1336.5,881.25,455.25,Online
SAL05676,2024-07-09,STR06,CUS0286,PRD008,1,439.89,0.0,439.89,256.57,183.32,App
SAL05677,2025-05-20,STR11,CUS0124,PRD011,2,450.62,0.0,901.24,411.82,489.42,Online
SAL05678,2024-09-22,STR10,CUS0083,PRD035,3,285.91,0.15,729.07,442.17,286.9,Online
SAL05679,2024-01-06,STR05,CUS0213,PRD029,3,318.8,0.0,956.4,512.4,444.0,Store
SAL05680,2022-08-06,STR05,CUS0211,PRD022,2,447.25,0.05,849.77,631.36,218.41,Store
SAL05681,2024-09-03,STR12,CUS0137,PRD041,2,500.06,0.0,1000.12,496.18,503.94,App
SAL05682,2025-07-20,STR05,CUS0092,PRD074,2,778.55,0.0,1557.1,752.24,804.86,Store
SAL05683,2024-01-26,STR01,CUS0204,PRD077,3,517.67,0.2,1242.41,918.24,324.17,Online
SAL05684,2024-06-01,STR01,CUS0130,PRD017,1,86.4,0.1,77.76,47.35,30.41,Store
SAL05685,2022-09-12,STR12,CUS0145,PRD059,1,494.95,0.15,420.71,285.33,135.38,Online
SAL05686,2024-12-23,STR11,CUS0189,PRD018,2,703.6,0.0,1407.2,675.84,731.36,App
SAL05687,2022-11-06,STR11,CUS0271,PRD052,2,660.22,0.0,1320.44,786.38,534.06,App
SAL05688,2022-03-01,STR07,CUS0232,PRD024,1,582.46,0.1,524.21,336.53,187.68,Store
SAL05689,2022-08-26,STR02,CUS0292,PRD003,3,460.37,0.1,1243.0,704.28,538.72,App
SAL05690,2024-12-29,STR03,CUS0053,PRD071,3,618.33,0.0,1854.99,998.1,856.89,Online
SAL05691,2022-09-19,STR02,CUS0200,PRD050,4,289.93,0.0,1159.72,810.16,349.56,Store
SAL05692,2023-01-25,STR10,CUS0021,PRD069,1,393.75,0.2,315.0,211.23,103.77,Online
SAL05693,2022-03-23,STR01,CUS0083,PRD001,3,769.25,0.1,2076.97,1121.28,955.69,Online
SAL05694,2023-08-18,STR10,CUS0008,PRD076,1,841.57,0.05,799.49,383.22,416.27,App
SAL05695,2024-03-28,STR02,CUS0184,PRD032,4,570.78,0.2,1826.5,1306.12,520.38,App
SAL05696,2022-02-11,STR02,CUS0040,PRD041,1,500.06,0.05,475.06,248.09,226.97,Online
SAL05697,2024-08-17,STR02,CUS0121,PRD028,1,167.14,0.05,158.78,81.77,77.01,Store
SAL05698,2024-08-15,STR04,CUS0180,PRD018,2,703.6,0.0,1407.2,675.84,731.36,Online
SAL05699,2023-04-30,STR01,CUS0243,PRD077,2,517.67,0.1,931.81,612.16,319.65,Online
SAL05700,2024-09-27,STR11,CUS0158,PRD007,1,297.96,0.0,297.96,173.78,124.18,Online
SAL05701,2024-10-03,STR09,CUS0177,PRD062,1,210.83,0.05,200.29,103.07,97.22,Store
SAL05702,2025-01-08,STR08,CUS0102,PRD048,1,65.44,0.0,65.44,45.9,19.54,Online
SAL05703,2023-07-25,STR11,CUS0019,PRD018,3,703.6,0.0,2110.8,1013.76,1097.04,Online
SAL05704,2024-06-28,STR04,CUS0123,PRD030,1,396.17,0.0,396.17,240.04,156.13,Store
SAL05705,2025-01-07,STR06,CUS0096,PRD026,1,434.62,0.05,412.89,248.69,164.2,App
SAL05706,2022-07-30,STR08,CUS0140,PRD054,1,167.08,0.2,133.66,80.96,52.7,Online
SAL05707,2023-05-15,STR04,CUS0098,PRD009,3,337.72,0.0,1013.16,683.97,329.19,Store
SAL05708,2022-08-15,STR10,CUS0047,PRD046,1,533.74,0.05,507.05,349.25,157.8,App
SAL05709,2022-02-16,STR09,CUS0149,PRD030,2,396.17,0.2,633.87,480.08,153.79,App
SAL05710,2022-08-20,STR03,CUS0081,PRD039,1,267.3,0.05,253.94,176.25,77.69,App
SAL05711,2025-01-19,STR02,CUS0102,PRD056,1,434.96,0.0,434.96,261.14,173.82,Online
SAL05712,2023-07-10,STR10,CUS0010,PRD028,2,167.14,0.2,267.42,163.54,103.88,App
SAL05713,2022-04-23,STR11,CUS0106,PRD004,3,277.55,0.15,707.75,393.57,314.18,Online
SAL05714,2022-07-28,STR04,CUS0061,PRD073,2,252.83,0.0,505.66,335.64,170.02,Online
SAL05715,2022-04-07,STR04,CUS0176,PRD049,1,535.39,0.2,428.31,243.87,184.44,App
SAL05716,2023-07-03,STR08,CUS0222,PRD049,1,535.39,0.0,535.39,243.87,291.52,Store
SAL05717,2023-07-29,STR07,CUS0157,PRD052,1,660.22,0.15,561.19,393.19,168.0,Store
SAL05718,2024-07-13,STR12,CUS0043,PRD043,1,108.59,0.0,108.59,54.96,53.63,Online
SAL05719,2022-08-08,STR09,CUS0095,PRD022,2,447.25,0.2,715.6,631.36,84.24,App
SAL05720,2024-08-01,STR03,CUS0109,PRD018,2,703.6,0.0,1407.2,675.84,731.36,App
SAL05721,2024-08-01,STR09,CUS0159,PRD028,1,167.14,0.15,142.07,81.77,60.3,Online
SAL05722,2025-03-14,STR10,CUS0229,PRD024,6,582.46,0.1,3145.28,2019.18,1126.1,Store
SAL05723,2023-12-03,STR06,CUS0209,PRD033,1,82.66,0.05,78.53,57.52,21.01,Online
SAL05724,2025-04-06,STR04,CUS0282,PRD041,1,500.06,0.15,425.05,248.09,176.96,Store
SAL05725,2024-02-22,STR02,CUS0091,PRD045,2,74.57,0.15,126.77,68.76,58.01,App
SAL05726,2025-06-25,STR11,CUS0001,PRD064,1,508.25,0.05,482.84,292.5,190.34,Online
SAL05727,2024-02-14,STR05,CUS0222,PRD001,4,769.25,0.0,3077.0,1495.04,1581.96,Store
SAL05728,2023-03-13,STR06,CUS0040,PRD026,2,434.62,0.0,869.24,497.38,371.86,Store
SAL05729,2023-08-22,STR05,CUS0158,PRD020,1,144.97,0.05,137.72,76.2,61.52,App
SAL05730,2024-12-31,STR08,CUS0005,PRD027,1,167.97,0.0,167.97,84.52,83.45,Store
SAL05731,2024-02-25,STR04,CUS0205,PRD014,2,469.29,0.0,938.58,640.0,298.58,Online
SAL05732,2024-05-23,STR11,CUS0098,PRD003,2,460.37,0.0,920.74,469.52,451.22,App
SAL05733,2022-10-13,STR02,CUS0130,PRD015,3,339.66,0.2,815.18,550.95,264.23,Store
SAL05734,2023-08-17,STR07,CUS0065,PRD045,1,74.57,0.1,67.11,34.38,32.73,App
SAL05735,2022-08-16,STR07,CUS0103,PRD051,2,428.0,0.0,856.0,448.32,407.68,Store
SAL05736,2025-01-11,STR12,CUS0079,PRD060,2,118.37,0.0,236.74,155.46,81.28,Store
SAL05737,2023-08-12,STR11,CUS0134,PRD052,2,660.22,0.0,1320.44,786.38,534.06,Online
SAL05738,2023-02-22,STR08,CUS0199,PRD026,1,434.62,0.05,412.89,248.69,164.2,App
SAL05739,2024-03-12,STR08,CUS0222,PRD062,3,210.83,0.15,537.62,309.21,228.41,Online
SAL05740,2025-05-09,STR11,CUS0246,PRD050,2,289.93,0.2,463.89,405.08,58.81,Store
SAL05741,2024-11-21,STR07,CUS0264,PRD050,1,289.93,0.15,246.44,202.54,43.9,Store
SAL05742,2025-01-09,STR12,CUS0046,PRD001,5,769.25,0.0,3846.25,1868.8,1977.45,Store
SAL05743,2022-09-17,STR08,CUS0068,PRD029,3,318.8,0.1,860.76,512.4,348.36,App
SAL05744,2023-01-26,STR02,CUS0070,PRD071,1,618.33,0.2,494.66,332.7,161.96,Online
SAL05745,2024-10-18,STR11,CUS0088,PRD001,2,769.25,0.05,1461.57,747.52,714.05,App
SAL05746,2023-09-07,STR10,CUS0062,PRD062,2,210.83,0.1,379.49,206.14,173.35,Online
SAL05747,2022-05-01,STR10,CUS0152,PRD010,2,307.16,0.0,614.32,326.86,287.46,App
SAL05748,2024-02-08,STR06,CUS0277,PRD013,5,332.19,0.0,1660.95,759.15,901.8,Online
SAL05749,2024-11-19,STR07,CUS0182,PRD059,1,494.95,0.0,494.95,285.33,209.62,Online
SAL05750,2022-06-17,STR09,CUS0107,PRD006,1,365.95,0.0,365.95,206.75,159.2,App
SAL05751,2022-03-13,STR07,CUS0077,PRD042,3,213.13,0.0,639.39,307.08,332.31,Online
SAL05752,2024-09-01,STR03,CUS0095,PRD066,2,180.08,0.1,324.14,248.14,76.0,Online
SAL05753,2023-12-07,STR12,CUS0161,PRD073,2,252.83,0.05,480.38,335.64,144.74,Store
SAL05754,2025-02-07,STR01,CUS0044,PRD040,1,107.82,0.1,97.04,56.81,40.23,Online
SAL05755,2024-01-11,STR11,CUS0036,PRD049,1,535.39,0.0,535.39,243.87,291.52,App
SAL05756,2023-06-06,STR03,CUS0098,PRD022,1,447.25,0.15,380.16,315.68,64.48,Online
SAL05757,2024-05-08,STR10,CUS0271,PRD058,1,428.07,0.0,428.07,284.8,143.27,App
SAL05758,2024-07-30,STR01,CUS0172,PRD065,1,361.03,0.05,342.98,256.52,86.46,App
SAL05759,2024-12-15,STR01,CUS0098,PRD002,3,528.99,0.2,1269.58,1042.17,227.41,App
SAL05760,2022-03-11,STR12,CUS0147,PRD029,2,318.8,0.15,541.96,341.6,200.36,Online
SAL05761,2022-08-26,STR03,CUS0041,PRD010,2,307.16,0.0,614.32,326.86,287.46,Store
SAL05762,2025-03-03,STR01,CUS0109,PRD061,2,60.41,0.2,96.66,62.08,34.58,App
SAL05763,2024-11-22,STR09,CUS0120,PRD018,1,703.6,0.15,598.06,337.92,260.14,Online
SAL05764,2022-11-14,STR12,CUS0170,PRD074,1,778.55,0.2,622.84,376.12,246.72,Store
SAL05765,2022-03-09,STR01,CUS0079,PRD018,3,703.6,0.05,2005.26,1013.76,991.5,Store
SAL05766,2025-02-08,STR01,CUS0101,PRD019,3,404.77,0.2,971.45,837.99,133.46,Store
SAL05767,2023-12-20,STR12,CUS0191,PRD032,2,570.78,0.1,1027.4,653.06,374.34,Store
SAL05768,2022-04-09,STR10,CUS0115,PRD029,3,318.8,0.1,860.76,512.4,348.36,App
SAL05769,2023-12-14,STR02,CUS0035,PRD046,2,533.74,0.15,907.36,698.5,208.86,Store
SAL05770,2022-04-21,STR08,CUS0299,PRD031,1,607.09,0.2,485.67,311.8,173.87,App
SAL05771,2023-11-26,STR09,CUS0125,PRD061,2,60.41,0.2,96.66,62.08,34.58,App
SAL05772,2022-05-04,STR08,CUS0081,PRD059,2,494.95,0.1,890.91,570.66,320.25,Online
SAL05773,2022-12-12,STR09,CUS0225,PRD050,1,289.93,0.2,231.94,202.54,29.4,Store
SAL05774,2023-12-27,STR01,CUS0201,PRD032,1,570.78,0.15,485.16,326.53,158.63,App
SAL05775,2024-12-30,STR03,CUS0094,PRD038,3,588.04,0.1,1587.71,1149.54,438.17,Online
SAL05776,2022-02-28,STR02,CUS0169,PRD053,2,139.83,0.0,279.66,158.96,120.7,Online
SAL05777,2023-10-11,STR07,CUS0261,PRD034,1,539.68,0.0,539.68,291.79,247.89,Online
SAL05778,2025-01-12,STR01,CUS0102,PRD035,2,285.91,0.05,543.23,294.78,248.45,Store
SAL05779,2022-07-04,STR09,CUS0196,PRD003,2,460.37,0.0,920.74,469.52,451.22,Online
SAL05780,2024-11-10,STR10,CUS0153,PRD072,4,499.84,0.1,1799.42,1201.6,597.82,App
SAL05781,2024-07-12,STR12,CUS0259,PRD016,1,565.24,0.05,536.98,261.92,275.06,Store
SAL05782,2022-04-29,STR10,CUS0089,PRD007,1,297.96,0.1,268.16,173.78,94.38,Store
SAL05783,2022-07-15,STR01,CUS0107,PRD009,1,337.72,0.2,270.18,227.99,42.19,Store
SAL05784,2023-08-08,STR04,CUS0140,PRD067,1,338.84,0.15,288.01,191.28,96.73,Store
SAL05785,2023-07-13,STR05,CUS0062,PRD075,1,453.11,0.0,453.11,269.73,183.38,App
SAL05786,2024-04-17,STR02,CUS0060,PRD071,1,618.33,0.15,525.58,332.7,192.88,App
SAL05787,2022-04-16,STR04,CUS0211,PRD057,1,52.44,0.0,52.44,36.78,15.66,Store
SAL05788,2024-10-01,STR08,CUS0001,PRD044,1,125.25,0.2,100.2,57.19,43.01,Online
SAL05789,2023-09-02,STR01,CUS0174,PRD074,2,778.55,0.2,1245.68,752.24,493.44,Online
SAL05790,2024-06-19,STR03,CUS0123,PRD037,1,72.87,0.05,69.23,49.29,19.94,Store
SAL05791,2025-08-05,STR10,CUS0086,PRD076,1,841.57,0.1,757.41,383.22,374.19,App
SAL05792,2023-03-23,STR12,CUS0073,PRD001,1,769.25,0.1,692.33,373.76,318.57,Online
SAL05793,2022-02-13,STR07,CUS0058,PRD034,2,539.68,0.0,1079.36,583.58,495.78,App
SAL05794,2022-01-16,STR11,CUS0110,PRD049,1,535.39,0.05,508.62,243.87,264.75,Store
SAL05795,2022-02-06,STR09,CUS0030,PRD035,3,285.91,0.15,729.07,442.17,286.9,App
SAL05796,2024-05-28,STR11,CUS0059,PRD043,4,108.59,0.15,369.21,219.84,149.37,Online
SAL05797,2022-02-02,STR04,CUS0068,PRD030,2,396.17,0.1,713.11,480.08,233.03,Store
SAL05798,2024-12-06,STR01,CUS0251,PRD026,1,434.62,0.15,369.43,248.69,120.74,Online
SAL05799,2022-02-10,STR02,CUS0151,PRD062,1,210.83,0.0,210.83,103.07,107.76,Store
SAL05800,2023-03-03,STR03,CUS0211,PRD061,2,60.41,0.0,120.82,62.08,58.74,Online
SAL05801,2024-09-28,STR02,CUS0138,PRD043,1,108.59,0.15,92.3,54.96,37.34,Online
SAL05802,2024-12-04,STR09,CUS0185,PRD017,4,86.4,0.0,345.6,189.4,156.2,App
SAL05803,2024-02-14,STR07,CUS0043,PRD045,1,74.57,0.0,74.57,34.38,40.19,Online
SAL05804,2022-04-20,STR02,CUS0265,PRD064,1,508.25,0.2,406.6,292.5,114.1,Store
SAL05805,2022-09-09,STR05,CUS0145,PRD053,1,139.83,0.15,118.86,79.48,39.38,Online
SAL05806,2025-06-13,STR05,CUS0257,PRD053,1,139.83,0.2,111.86,79.48,32.38,Online
SAL05807,2022-05-10,STR03,CUS0098,PRD014,1,469.29,0.15,398.9,320.0,78.9,App
SAL05808,2024-11-01,STR01,CUS0052,PRD008,1,439.89,0.0,439.89,256.57,183.32,App
SAL05809,2023-12-14,STR09,CUS0174,PRD013,1,332.19,0.2,265.75,151.83,113.92,App
SAL05810,2023-05-07,STR02,CUS0062,PRD044,2,125.25,0.1,225.45,114.38,111.07,Online
SAL05811,2024-11-07,STR02,CUS0042,PRD068,4,193.87,0.2,620.38,545.36,75.02,Store
SAL05812,2024-09-16,STR07,CUS0147,PRD013,3,332.19,0.0,996.57,455.49,541.08,Store
SAL05813,2024-03-10,STR04,CUS0190,PRD025,2,395.29,0.0,790.58,509.58,281.0,App
SAL05814,2024-08-08,STR09,CUS0204,PRD076,1,841.57,0.0,841.57,383.22,458.35,App
SAL05815,2025-07-30,STR02,CUS0008,PRD076,3,841.57,0.2,2019.77,1149.66,870.11,Online
SAL05816,2023-02-18,STR02,CUS0276,PRD007,1,297.96,0.2,238.37,173.78,64.59,Store
SAL05817,2024-06-07,STR07,CUS0173,PRD032,1,570.78,0.0,570.78,326.53,244.25,Store
SAL05818,2024-11-16,STR07,CUS0254,PRD052,2,660.22,0.05,1254.42,786.38,468.04,Store
SAL05819,2023-10-29,STR02,CUS0232,PRD019,2,404.77,0.05,769.06,558.66,210.4,App
SAL05820,2023-01-19,STR08,CUS0093,PRD075,2,453.11,0.1,815.6,539.46,276.14,App
SAL05821,2023-01-22,STR05,CUS0285,PRD072,4,499.84,0.2,1599.49,1201.6,397.89,Online
SAL05822,2022-07-30,STR02,CUS0236,PRD066,3,180.08,0.1,486.22,372.21,114.01,Store
SAL05823,2023-12-23,STR09,CUS0102,PRD079,2,665.32,0.0,1330.64,677.76,652.88,Online
SAL05824,2022-07-15,STR12,CUS0228,PRD064,1,508.25,0.0,508.25,292.5,215.75,Online
SAL05825,2024-06-02,STR11,CUS0007,PRD012,1,580.87,0.2,464.7,387.01,77.69,App
SAL05826,2023-12-15,STR04,CUS0243,PRD033,1,82.66,0.0,82.66,57.52,25.14,App
SAL05827,2023-01-15,STR03,CUS0016,PRD072,3,499.84,0.1,1349.57,901.2,448.37,Store
SAL05828,2023-11-22,STR02,CUS0111,PRD013,1,332.19,0.15,282.36,151.83,130.53,Store
SAL05829,2024-10-12,STR03,CUS0262,PRD039,1,267.3,0.0,267.3,176.25,91.05,App
SAL05830,2022-07-19,STR12,CUS0155,PRD012,2,580.87,0.0,1161.74,774.02,387.72,Store
SAL05831,2024-12-25,STR05,CUS0152,PRD036,1,638.05,0.05,606.15,315.24,290.91,App
SAL05832,2023-01-18,STR11,CUS0273,PRD060,1,118.37,0.1,106.53,77.73,28.8,Online
SAL05833,2024-04-01,STR10,CUS0168,PRD019,4,404.77,0.05,1538.13,1117.32,420.81,Store
SAL05834,2022-02-26,STR01,CUS0297,PRD039,1,267.3,0.2,213.84,176.25,37.59,Store
SAL05835,2023-05-17,STR07,CUS0232,PRD012,1,580.87,0.1,522.78,387.01,135.77,App
SAL05836,2022-02-23,STR04,CUS0116,PRD078,1,149.61,0.0,149.61,72.85,76.76,Online
SAL05837,2023-07-29,STR05,CUS0032,PRD001,1,769.25,0.0,769.25,373.76,395.49,App
SAL05838,2022-02-04,STR11,CUS0046,PRD047,2,470.23,0.0,940.46,600.4,340.06,Store
SAL05839,2024-03-03,STR01,CUS0110,PRD006,1,365.95,0.05,347.65,206.75,140.9,Online
SAL05840,2022-01-04,STR08,CUS0037,PRD050,2,289.93,0.0,579.86,405.08,174.78,Online
SAL05841,2022-12-12,STR11,CUS0199,PRD014,3,469.29,0.15,1196.69,960.0,236.69,Online
SAL05842,2022-11-21,STR07,CUS0138,PRD072,2,499.84,0.0,999.68,600.8,398.88,App
SAL05843,2023-04-02,STR11,CUS0070,PRD069,1,393.75,0.0,393.75,211.23,182.52,App
SAL05844,2023-03-28,STR03,CUS0251,PRD067,1,338.84,0.1,304.96,191.28,113.68,Online
SAL05845,2023-04-23,STR09,CUS0037,PRD067,3,338.84,0.0,1016.52,573.84,442.68,App
SAL05846,2023-11-14,STR07,CUS0294,PRD050,1,289.93,0.1,260.94,202.54,58.4,Store
SAL05847,2023-12-02,STR05,CUS0144,PRD029,3,318.8,0.0,956.4,512.4,444.0,Store
SAL05848,2023-06-20,STR08,CUS0190,PRD042,3,213.13,0.0,639.39,307.08,332.31,Online
SAL05849,2024-01-15,STR03,CUS0237,PRD064,1,508.25,0.0,508.25,292.5,215.75,Store
SAL05850,2022-11-08,STR04,CUS0210,PRD074,1,778.55,0.15,661.77,376.12,285.65,Online
SAL05851,2022-07-17,STR12,CUS0014,PRD020,1,144.97,0.1,130.47,76.2,54.27,Store
SAL05852,2022-12-23,STR11,CUS0004,PRD053,1,139.83,0.0,139.83,79.48,60.35,App
SAL05853,2022-10-29,STR08,CUS0057,PRD038,1,588.04,0.15,499.83,383.18,116.65,App
SAL05854,2023-03-02,STR02,CUS0100,PRD021,1,732.57,0.1,659.31,388.69,270.62,Store
SAL05855,2024-05-24,STR01,CUS0225,PRD009,1,337.72,0.15,287.06,227.99,59.07,Online
SAL05856,2023-04-30,STR07,CUS0270,PRD055,2,402.22,0.0,804.44,422.64,381.8,Online
SAL05857,2024-12-22,STR12,CUS0052,PRD018,1,703.6,0.1,633.24,337.92,295.32,Online
SAL05858,2024-11-03,STR04,CUS0295,PRD072,2,499.84,0.2,799.74,600.8,198.94,Online
SAL05859,2023-05-12,STR12,CUS0129,PRD066,1,180.08,0.15,153.07,124.07,29.0,App
SAL05860,2022-02-25,STR08,CUS0157,PRD007,2,297.96,0.0,595.92,347.56,248.36,Online
SAL05861,2024-08-02,STR03,CUS0046,PRD059,1,494.95,0.2,395.96,285.33,110.63,Online
SAL05862,2024-04-06,STR06,CUS0199,PRD041,1,500.06,0.05,475.06,248.09,226.97,App
SAL05863,2022-03-12,STR11,CUS0052,PRD036,1,638.05,0.05,606.15,315.24,290.91,Online
SAL05864,2022-10-02,STR07,CUS0200,PRD051,2,428.0,0.05,813.2,448.32,364.88,Store
SAL05865,2023-06-27,STR02,CUS0235,PRD043,2,108.59,0.0,217.18,109.92,107.26,Store
SAL05866,2025-02-05,STR08,CUS0020,PRD018,2,703.6,0.0,1407.2,675.84,731.36,Store
SAL05867,2024-01-09,STR12,CUS0010,PRD067,2,338.84,0.0,677.68,382.56,295.12,App
SAL05868,2024-03-28,STR04,CUS0291,PRD068,1,193.87,0.2,155.1,136.34,18.76,Online
SAL05869,2024-11-05,STR08,CUS0217,PRD073,1,252.83,0.15,214.91,167.82,47.09,App
SAL05870,2022-01-23,STR03,CUS0210,PRD024,3,582.46,0.0,1747.38,1009.59,737.79,App
SAL05871,2024-04-05,STR06,CUS0071,PRD044,2,125.25,0.05,237.97,114.38,123.59,Online
SAL05872,2024-04-21,STR01,CUS0179,PRD011,3,450.62,0.15,1149.08,617.73,531.35,App
SAL05873,2025-05-25,STR06,CUS0097,PRD031,1,607.09,0.2,485.67,311.8,173.87,App
SAL05874,2025-05-07,STR09,CUS0133,PRD066,2,180.08,0.0,360.16,248.14,112.02,App
SAL05875,2022-09-02,STR09,CUS0034,PRD054,2,167.08,0.05,317.45,161.92,155.53,App
SAL05876,2022-03-27,STR01,CUS0098,PRD067,2,338.84,0.2,542.14,382.56,159.58,Online
SAL05877,2022-12-21,STR03,CUS0144,PRD027,1,167.97,0.0,167.97,84.52,83.45,App
SAL05878,2022-03-04,STR09,CUS0254,PRD078,2,149.61,0.0,299.22,145.7,153.52,Store
SAL05879,2022-06-11,STR12,CUS0064,PRD017,3,86.4,0.15,220.32,142.05,78.27,Store
SAL05880,2023-06-02,STR04,CUS0124,PRD009,1,337.72,0.1,303.95,227.99,75.96,App
SAL05881,2025-01-08,STR01,CUS0112,PRD073,1,252.83,0.1,227.55,167.82,59.73,Store
SAL05882,2022-06-14,STR01,CUS0004,PRD036,1,638.05,0.0,638.05,315.24,322.81,Online
SAL05883,2024-01-05,STR09,CUS0177,PRD054,4,167.08,0.0,668.32,323.84,344.48,App
SAL05884,2023-12-01,STR02,CUS0009,PRD073,5,252.83,0.0,1264.15,839.1,425.05,Store
SAL05885,2022-01-07,STR06,CUS0222,PRD044,3,125.25,0.15,319.39,171.57,147.82,Store
SAL05886,2024-04-07,STR08,CUS0181,PRD019,2,404.77,0.1,728.59,558.66,169.93,Online
SAL05887,2022-12-08,STR10,CUS0024,PRD005,1,245.1,0.0,245.1,174.49,70.61,App
SAL05888,2025-02-06,STR11,CUS0074,PRD008,1,439.89,0.05,417.9,256.57,161.33,App
SAL05889,2022-08-23,STR01,CUS0289,PRD078,2,149.61,0.0,299.22,145.7,153.52,Online
SAL05890,2025-06-07,STR10,CUS0203,PRD025,1,395.29,0.2,316.23,254.79,61.44,Store
SAL05891,2023-10-21,STR02,CUS0295,PRD077,1,517.67,0.1,465.9,306.08,159.82,Store
SAL05892,2025-05-15,STR05,CUS0216,PRD067,1,338.84,0.1,304.96,191.28,113.68,App
SAL05893,2023-11-13,STR03,CUS0195,PRD025,2,395.29,0.05,751.05,509.58,241.47,App
SAL05894,2023-05-15,STR07,CUS0041,PRD054,1,167.08,0.15,142.02,80.96,61.06,Store
SAL05895,2024-10-06,STR11,CUS0228,PRD050,3,289.93,0.05,826.3,607.62,218.68,Store
SAL05896,2023-11-30,STR06,CUS0235,PRD059,1,494.95,0.0,494.95,285.33,209.62,App
SAL05897,2022-03-26,STR12,CUS0293,PRD053,1,139.83,0.0,139.83,79.48,60.35,App
SAL05898,2022-12-21,STR10,CUS0197,PRD024,1,582.46,0.0,582.46,336.53,245.93,Online
SAL05899,2022-07-24,STR11,CUS0277,PRD035,1,285.91,0.1,257.32,147.39,109.93,Online
SAL05900,2022-03-28,STR12,CUS0279,PRD070,2,326.09,0.0,652.18,441.64,210.54,App
SAL05901,2024-07-09,STR12,CUS0050,PRD034,2,539.68,0.0,1079.36,583.58,495.78,Online
SAL05902,2024-03-29,STR08,CUS0084,PRD042,1,213.13,0.2,170.5,102.36,68.14,Online
SAL05903,2023-01-26,STR01,CUS0186,PRD005,1,245.1,0.2,196.08,174.49,21.59,App
SAL05904,2022-08-14,STR06,CUS0173,PRD061,1,60.41,0.0,60.41,31.04,29.37,Online
SAL05905,2024-01-26,STR05,CUS0084,PRD056,1,434.96,0.0,434.96,261.14,173.82,App
SAL05906,2024-06-04,STR12,CUS0279,PRD011,2,450.62,0.2,720.99,411.82,309.17,App
SAL05907,2024-08-23,STR11,CUS0273,PRD069,2,393.75,0.2,630.0,422.46,207.54,Online
SAL05908,2023-06-23,STR10,CUS0265,PRD057,1,52.44,0.15,44.57,36.78,7.79,Online
SAL05909,2022-07-29,STR04,CUS0052,PRD004,1,277.55,0.1,249.8,131.19,118.61,Store
SAL05910,2022-11-17,STR09,CUS0103,PRD074,2,778.55,0.05,1479.24,752.24,727.0,Store
SAL05911,2023-07-09,STR12,CUS0143,PRD057,1,52.44,0.0,52.44,36.78,15.66,Online
SAL05912,2024-08-05,STR02,CUS0012,PRD022,3,447.25,0.0,1341.75,947.04,394.71,Online
SAL05913,2023-05-02,STR05,CUS0276,PRD080,3,390.71,0.0,1172.13,536.07,636.06,App
SAL05914,2024-08-16,STR11,CUS0280,PRD023,1,336.46,0.2,269.17,224.72,44.45,Store
SAL05915,2023-11-30,STR05,CUS0009,PRD040,4,107.82,0.05,409.72,227.24,182.48,Store
SAL05916,2022-10-10,STR09,CUS0244,PRD040,1,107.82,0.05,102.43,56.81,45.62,App
SAL05917,2023-02-14,STR08,CUS0184,PRD026,1,434.62,0.2,347.7,248.69,99.01,Store
SAL05918,2024-10-25,STR11,CUS0211,PRD028,3,167.14,0.0,501.42,245.31,256.11,Online
SAL05919,2022-04-19,STR01,CUS0120,PRD030,3,396.17,0.1,1069.66,720.12,349.54,App
SAL05920,2025-02-28,STR04,CUS0006,PRD074,1,778.55,0.0,778.55,376.12,402.43,Online
SAL05921,2024-12-22,STR07,CUS0159,PRD038,2,588.04,0.15,999.67,766.36,233.31,App
SAL05922,2023-01-21,STR03,CUS0128,PRD037,4,72.87,0.2,233.18,197.16,36.02,Store
SAL05923,2025-07-22,STR05,CUS0165,PRD006,1,365.95,0.1,329.36,206.75,122.61,Online
SAL05924,2023-05-31,STR02,CUS0215,PRD072,2,499.84,0.05,949.7,600.8,348.9,Online
SAL05925,2023-04-14,STR08,CUS0030,PRD025,1,395.29,0.1,355.76,254.79,100.97,Store
SAL05926,2024-09-18,STR12,CUS0039,PRD074,1,778.55,0.2,622.84,376.12,246.72,App
SAL05927,2024-09-28,STR05,CUS0257,PRD074,4,778.55,0.05,2958.49,1504.48,1454.01,Online
SAL05928,2025-02-19,STR08,CUS0035,PRD054,4,167.08,0.0,668.32,323.84,344.48,App
SAL05929,2022-02-25,STR02,CUS0191,PRD074,2,778.55,0.0,1557.1,752.24,804.86,Store
SAL05930,2023-06-18,STR07,CUS0180,PRD028,1,167.14,0.15,142.07,81.77,60.3,Store
SAL05931,2022-10-30,STR12,CUS0248,PRD041,1,500.06,0.05,475.06,248.09,226.97,Store
SAL05932,2024-06-12,STR12,CUS0030,PRD009,1,337.72,0.15,287.06,227.99,59.07,App
SAL05933,2023-03-26,STR09,CUS0073,PRD005,1,245.1,0.0,245.1,174.49,70.61,Online
SAL05934,2024-06-22,STR06,CUS0176,PRD059,2,494.95,0.0,989.9,570.66,419.24,Store
SAL05935,2023-01-24,STR05,CUS0132,PRD008,1,439.89,0.0,439.89,256.57,183.32,Store
SAL05936,2025-06-22,STR07,CUS0219,PRD045,2,74.57,0.15,126.77,68.76,58.01,Store
SAL05937,2025-04-19,STR12,CUS0192,PRD006,5,365.95,0.05,1738.26,1033.75,704.51,Store
SAL05938,2022-01-31,STR07,CUS0191,PRD064,5,508.25,0.0,2541.25,1462.5,1078.75,Store
SAL05939,2022-04-22,STR02,CUS0084,PRD003,3,460.37,0.05,1312.05,704.28,607.77,Online
SAL05940,2023-05-14,STR03,CUS0291,PRD070,2,326.09,0.2,521.74,441.64,80.1,App
SAL05941,2023-06-28,STR12,CUS0289,PRD028,3,167.14,0.0,501.42,245.31,256.11,Online
SAL05942,2023-01-05,STR01,CUS0236,PRD025,1,395.29,0.0,395.29,254.79,140.5,App
SAL05943,2023-01-20,STR12,CUS0245,PRD030,1,396.17,0.05,376.36,240.04,136.32,App
SAL05944,2024-02-01,STR03,CUS0234,PRD004,3,277.55,0.0,832.65,393.57,439.08,App
SAL05945,2024-12-13,STR12,CUS0079,PRD028,2,167.14,0.0,334.28,163.54,170.74,App
SAL05946,2023-10-30,STR03,CUS0099,PRD078,1,149.61,0.0,149.61,72.85,76.76,App
SAL05947,2025-04-28,STR06,CUS0247,PRD060,1,118.37,0.05,112.45,77.73,34.72,Online
SAL05948,2024-10-17,STR07,CUS0139,PRD061,1,60.41,0.05,57.39,31.04,26.35,App
SAL05949,2024-08-24,STR03,CUS0105,PRD042,1,213.13,0.0,213.13,102.36,110.77,Store
SAL05950,2023-05-02,STR05,CUS0259,PRD038,3,588.04,0.0,1764.12,1149.54,614.58,Online
SAL05951,2024-01-06,STR09,CUS0261,PRD072,2,499.84,0.15,849.73,600.8,248.93,Store
SAL05952,2023-10-25,STR06,CUS0226,PRD063,1,447.14,0.05,424.78,313.98,110.8,App
SAL05953,2022-08-24,STR06,CUS0224,PRD037,2,72.87,0.1,131.17,98.58,32.59,Online
SAL05954,2025-07-22,STR06,CUS0282,PRD057,3,52.44,0.05,149.45,110.34,39.11,Online
SAL05955,2023-03-15,STR12,CUS0045,PRD047,1,470.23,0.1,423.21,300.2,123.01,Store
SAL05956,2025-07-09,STR08,CUS0071,PRD036,1,638.05,0.1,574.25,315.24,259.01,Store
SAL05957,2023-09-08,STR09,CUS0198,PRD034,1,539.68,0.15,458.73,291.79,166.94,Store
SAL05958,2025-01-04,STR06,CUS0287,PRD079,2,665.32,0.0,1330.64,677.76,652.88,Online
SAL05959,2022-03-23,STR03,CUS0074,PRD045,1,74.57,0.15,63.38,34.38,29.0,App
SAL05960,2024-06-28,STR06,CUS0107,PRD063,3,447.14,0.0,1341.42,941.94,399.48,Store
SAL05961,2022-02-19,STR08,CUS0240,PRD071,1,618.33,0.1,556.5,332.7,223.8,Online
SAL05962,2024-06-26,STR11,CUS0133,PRD031,1,607.09,0.0,607.09,311.8,295.29,Online
SAL05963,2022-03-18,STR08,CUS0287,PRD037,3,72.87,0.15,185.82,147.87,37.95,Online
SAL05964,2025-02-01,STR08,CUS0154,PRD057,3,52.44,0.05,149.45,110.34,39.11,Store
SAL05965,2022-11-12,STR11,CUS0229,PRD075,2,453.11,0.15,770.29,539.46,230.83,Store
SAL05966,2025-04-26,STR02,CUS0099,PRD003,1,460.37,0.1,414.33,234.76,179.57,App
SAL05967,2022-10-04,STR08,CUS0092,PRD057,1,52.44,0.05,49.82,36.78,13.04,App
SAL05968,2024-10-08,STR07,CUS0029,PRD054,1,167.08,0.15,142.02,80.96,61.06,App
SAL05969,2023-04-15,STR11,CUS0268,PRD065,2,361.03,0.05,685.96,513.04,172.92,Online
SAL05970,2024-12-31,STR01,CUS0090,PRD037,1,72.87,0.0,72.87,49.29,23.58,App
SAL05971,2022-12-07,STR08,CUS0167,PRD004,3,277.55,0.1,749.39,393.57,355.82,Online
SAL05972,2023-02-21,STR03,CUS0090,PRD052,4,660.22,0.2,2112.7,1572.76,539.94,Store
SAL05973,2024-07-26,STR05,CUS0108,PRD052,2,660.22,0.2,1056.35,786.38,269.97,Online
SAL05974,2023-06-06,STR09,CUS0048,PRD043,3,108.59,0.15,276.9,164.88,112.02,Online
SAL05975,2022-10-21,STR06,CUS0059,PRD041,1,500.06,0.0,500.06,248.09,251.97,Store
SAL05976,2022-07-06,STR05,CUS0033,PRD017,1,86.4,0.0,86.4,47.35,39.05,App
SAL05977,2022-05-16,STR03,CUS0267,PRD030,2,396.17,0.15,673.49,480.08,193.41,App
SAL05978,2022-05-06,STR10,CUS0248,PRD065,2,361.03,0.0,722.06,513.04,209.02,App
SAL05979,2024-03-04,STR07,CUS0261,PRD056,3,434.96,0.0,1304.88,783.42,521.46,Store
SAL05980,2023-11-27,STR07,CUS0224,PRD033,1,82.66,0.2,66.13,57.52,8.61,Store
SAL05981,2024-08-11,STR01,CUS0254,PRD014,1,469.29,0.2,375.43,320.0,55.43,App
SAL05982,2024-11-06,STR04,CUS0291,PRD045,2,74.57,0.1,134.23,68.76,65.47,Online
SAL05983,2023-12-21,STR02,CUS0019,PRD060,1,118.37,0.2,94.7,77.73,16.97,App
SAL05984,2024-03-12,STR12,CUS0190,PRD043,2,108.59,0.2,173.74,109.92,63.82,Store
SAL05985,2022-09-20,STR05,CUS0199,PRD024,2,582.46,0.0,1164.92,673.06,491.86,App
SAL05986,2024-02-24,STR07,CUS0135,PRD018,1,703.6,0.0,703.6,337.92,365.68,Online
SAL05987,2024-04-14,STR12,CUS0185,PRD020,1,144.97,0.05,137.72,76.2,61.52,App
SAL05988,2022-09-19,STR06,CUS0101,PRD058,1,428.07,0.0,428.07,284.8,143.27,Online
SAL05989,2022-10-14,STR03,CUS0123,PRD070,1,326.09,0.0,326.09,220.82,105.27,Store
SAL05990,2023-06-20,STR12,CUS0238,PRD021,4,732.57,0.0,2930.28,1554.76,1375.52,Store
SAL05991,2023-03-04,STR09,CUS0042,PRD028,2,167.14,0.0,334.28,163.54,170.74,Store
SAL05992,2022-10-26,STR12,CUS0043,PRD019,3,404.77,0.0,1214.31,837.99,376.32,App
SAL05993,2025-03-12,STR01,CUS0027,PRD067,1,338.84,0.15,288.01,191.28,96.73,App
SAL05994,2025-02-04,STR11,CUS0227,PRD033,1,82.66,0.0,82.66,57.52,25.14,Online
SAL05995,2024-08-14,STR11,CUS0229,PRD047,1,470.23,0.05,446.72,300.2,146.52,Store
SAL05996,2025-06-18,STR03,CUS0111,PRD038,1,588.04,0.1,529.24,383.18,146.06,Store
SAL05997,2025-04-28,STR04,CUS0035,PRD030,2,396.17,0.0,792.34,480.08,312.26,App
SAL05998,2024-03-19,STR11,CUS0282,PRD009,1,337.72,0.0,337.72,227.99,109.73,Online
SAL05999,2023-10-30,STR12,CUS0298,PRD050,1,289.93,0.0,289.93,202.54,87.39,App
SAL06000,2024-09-29,STR06,CUS0128,PRD067,2,338.84,0.1,609.91,382.56,227.35,App
