SalesID,OrderDate,StoreID,CustomerID,ProductID,Quantity,UnitPrice,Discount,SalesAmount,CostAmount,Profit,Channel
S00001,2024-01-11,ST12,C0053,P055,3,374.11,0.15,953.98,760.47,193.51,Online
S00002,2025-02-06,ST01,C0448,P039,1,839.98,0.05,797.98,396.66,401.32,Mobile App
S00003,2023-07-30,ST14,C0442,P045,1,240.79,0.0,240.79,117.52,123.27,Marketplace
S00004,2024-10-06,ST13,C0398,P016,1,442.1,0.0,442.1,278.25,163.85,Online
S00005,2023-01-09,ST12,C0302,P095,3,139.42,0.0,418.26,299.25,119.01,Marketplace
S00006,2024-04-05,ST03,C0316,P022,2,753.54,0.0,1507.08,830.72,676.36,Online
S00007,2023-12-06,ST06,C0292,P008,1,682.79,0.1,614.51,317.47,297.04,Mobile App
S00008,2024-07-16,ST03,C0276,P077,1,146.59,0.0,146.59,100.89,45.7,Mobile App
S00009,2024-08-30,ST05,C0294,P038,2,348.21,0.1,626.78,431.32,195.46,Retail Store
S00010,2024-07-15,ST13,C0493,P018,1,560.51,0.05,532.48,344.12,188.36,Retail Store
S00011,2024-03-16,ST11,C0444,P036,1,539.12,0.0,539.12,311.18,227.94,Online
S00012,2024-03-20,ST12,C0075,P032,2,266.96,0.0,533.92,286.7,247.22,Online
S00013,2023-01-07,ST11,C0432,P098,2,610.44,0.05,1159.84,570.76,589.08,Marketplace
S00014,2024-05-17,ST11,C0296,P019,1,451.75,0.0,451.75,217.83,233.92,Marketplace
S00015,2023-01-11,ST02,C0232,P049,1,878.21,0.15,746.48,391.27,355.21,Retail Store
S00016,2024-04-27,ST12,C0264,P052,4,179.16,0.0,716.64,447.24,269.4,Mobile App
S00017,2023-09-08,ST08,C0487,P059,2,618.97,0.0,1237.94,848.1,389.84,Retail Store
S00018,2025-06-09,ST12,C0434,P100,1,691.45,0.0,691.45,381.94,309.51,Marketplace
S00019,2023-01-16,ST12,C0341,P082,2,824.42,0.0,1648.84,832.66,816.18,Retail Store
S00020,2025-01-10,ST04,C0204,P069,1,952.97,0.05,905.32,438.88,466.44,Online
S00021,2024-09-06,ST06,C0138,P064,1,189.25,0.0,189.25,93.67,95.58,Mobile App
S00022,2025-01-04,ST03,C0296,P071,6,573.25,0.1,3095.55,2145.06,950.49,Marketplace
S00023,2025-04-08,ST11,C0458,P044,1,670.76,0.0,670.76,448.05,222.71,Retail Store
S00024,2023-04-08,ST13,C0321,P013,1,633.58,0.05,601.9,406.57,195.33,Retail Store
S00025,2023-03-29,ST14,C0476,P016,2,442.1,0.0,884.2,556.5,327.7,Marketplace
S00026,2023-05-16,ST07,C0001,P059,1,618.97,0.0,618.97,424.05,194.92,Online
S00027,2023-06-24,ST03,C0155,P084,1,240.69,0.0,240.69,163.63,77.06,Retail Store
S00028,2024-04-24,ST05,C0185,P084,1,240.69,0.0,240.69,163.63,77.06,Mobile App
S00029,2025-01-12,ST11,C0463,P086,2,320.59,0.0,641.18,395.16,246.02,Retail Store
S00030,2023-09-01,ST05,C0321,P051,1,502.39,0.15,427.03,304.38,122.65,Online
S00031,2023-12-28,ST02,C0336,P055,4,374.11,0.15,1271.97,1013.96,258.01,Retail Store
S00032,2023-12-06,ST08,C0110,P001,1,474.05,0.0,474.05,252.9,221.15,Online
S00033,2024-01-05,ST09,C0116,P076,2,361.84,0.15,615.13,331.48,283.65,Marketplace
S00034,2024-05-29,ST12,C0005,P002,1,441.21,0.0,441.21,287.87,153.34,Retail Store
S00035,2025-06-21,ST03,C0356,P055,1,374.11,0.05,355.4,253.49,101.91,Retail Store
S00036,2023-07-25,ST02,C0197,P030,4,556.36,0.15,1891.62,1100.36,791.26,Retail Store
S00037,2024-09-15,ST06,C0161,P014,4,523.69,0.0,2094.76,966.2,1128.56,Online
S00038,2025-02-11,ST14,C0397,P049,2,878.21,0.0,1756.42,782.54,973.88,Online
S00039,2024-08-18,ST10,C0272,P009,1,211.8,0.0,211.8,122.35,89.45,Online
S00040,2025-02-20,ST12,C0180,P057,1,866.66,0.0,866.66,379.34,487.32,Online
S00041,2024-11-22,ST11,C0316,P053,2,512.39,0.05,973.54,620.94,352.6,Online
S00042,2023-03-27,ST02,C0460,P012,2,703.62,0.0,1407.24,683.24,724.0,Retail Store
S00043,2023-12-12,ST07,C0374,P076,1,361.84,0.0,361.84,165.74,196.1,Marketplace
S00044,2024-05-18,ST03,C0406,P041,1,148.6,0.0,148.6,95.68,52.92,Mobile App
S00045,2023-02-21,ST04,C0044,P083,1,543.94,0.1,489.55,330.9,158.65,Mobile App
S00046,2023-01-09,ST12,C0482,P100,5,691.45,0.0,3457.25,1909.7,1547.55,Mobile App
S00047,2023-06-06,ST10,C0266,P027,4,598.23,0.1,2153.63,1383.96,769.67,Online
S00048,2024-03-31,ST05,C0201,P096,1,612.7,0.15,520.8,414.92,105.88,Retail Store
S00049,2024-01-31,ST07,C0254,P031,1,173.34,0.0,173.34,122.3,51.04,Online
S00050,2024-12-15,ST10,C0327,P064,2,189.25,0.0,378.5,187.34,191.16,Retail Store
S00051,2024-05-30,ST06,C0479,P047,2,583.71,0.0,1167.42,831.48,335.94,Marketplace
S00052,2025-02-20,ST06,C0216,P073,1,238.26,0.1,214.43,173.6,40.83,Online
S00053,2023-03-28,ST13,C0242,P098,2,610.44,0.0,1220.88,570.76,650.12,Retail Store
S00054,2024-04-26,ST01,C0035,P076,2,361.84,0.0,723.68,331.48,392.2,Online
S00055,2023-02-08,ST01,C0473,P006,3,826.37,0.05,2355.15,1269.24,1085.91,Mobile App
S00056,2023-07-12,ST09,C0365,P081,1,595.21,0.05,565.45,338.24,227.21,Marketplace
S00057,2025-03-01,ST02,C0206,P090,1,573.25,0.15,487.26,288.19,199.07,Online
S00058,2025-03-19,ST05,C0043,P036,2,539.12,0.0,1078.24,622.36,455.88,Online
S00059,2024-03-09,ST06,C0275,P020,2,796.23,0.05,1512.84,825.74,687.1,Retail Store
S00060,2023-02-12,ST07,C0358,P040,1,151.24,0.15,128.55,66.61,61.94,Online
S00061,2023-03-09,ST02,C0126,P008,2,682.79,0.05,1297.3,634.94,662.36,Retail Store
S00062,2025-04-23,ST10,C0314,P059,2,618.97,0.0,1237.94,848.1,389.84,Mobile App
S00063,2025-03-30,ST11,C0380,P086,2,320.59,0.15,545.0,395.16,149.84,Online
S00064,2024-05-28,ST12,C0007,P016,2,442.1,0.0,884.2,556.5,327.7,Retail Store
S00065,2023-01-30,ST06,C0255,P021,2,414.87,0.1,746.77,367.82,378.95,Mobile App
S00066,2025-04-26,ST03,C0191,P022,1,753.54,0.15,640.51,415.36,225.15,Mobile App
S00067,2023-10-14,ST02,C0454,P094,2,634.83,0.0,1269.66,607.64,662.02,Mobile App
S00068,2025-05-25,ST09,C0140,P055,1,374.11,0.0,374.11,253.49,120.62,Mobile App
S00069,2024-06-18,ST10,C0500,P092,1,496.59,0.15,422.1,284.79,137.31,Retail Store
S00070,2024-11-16,ST09,C0234,P064,3,189.25,0.0,567.75,281.01,286.74,Retail Store
S00071,2024-10-11,ST10,C0440,P064,1,189.25,0.0,189.25,93.67,95.58,Mobile App
S00072,2023-12-29,ST13,C0131,P021,3,414.87,0.0,1244.61,551.73,692.88,Retail Store
S00073,2023-03-12,ST09,C0380,P030,3,556.36,0.0,1669.08,825.27,843.81,Retail Store
S00074,2023-05-28,ST01,C0126,P002,1,441.21,0.05,419.15,287.87,131.28,Mobile App
S00075,2023-08-08,ST03,C0472,P050,3,251.3,0.0,753.9,388.92,364.98,Retail Store
S00076,2025-01-30,ST15,C0412,P071,4,573.25,0.15,1949.05,1430.04,519.01,Marketplace
S00077,2023-12-21,ST04,C0165,P029,1,230.02,0.05,218.52,120.5,98.02,Mobile App
S00078,2025-03-27,ST02,C0423,P035,1,381.12,0.1,343.01,175.58,167.43,Mobile App
S00079,2023-10-30,ST11,C0258,P016,2,442.1,0.0,884.2,556.5,327.7,Online
S00080,2024-11-19,ST09,C0412,P029,1,230.02,0.0,230.02,120.5,109.52,Marketplace
S00081,2023-05-08,ST08,C0450,P009,1,211.8,0.0,211.8,122.35,89.45,Mobile App
S00082,2025-06-19,ST09,C0045,P042,1,552.37,0.05,524.75,408.54,116.21,Retail Store
S00083,2024-10-21,ST05,C0103,P048,3,113.1,0.1,305.37,177.15,128.22,Mobile App
S00084,2024-04-01,ST04,C0319,P095,1,139.42,0.05,132.45,99.75,32.7,Mobile App
S00085,2025-06-06,ST08,C0498,P076,2,361.84,0.0,723.68,331.48,392.2,Online
S00086,2023-02-18,ST15,C0004,P020,3,796.23,0.05,2269.26,1238.61,1030.65,Retail Store
S00087,2024-02-03,ST06,C0278,P030,1,556.36,0.15,472.91,275.09,197.82,Retail Store
S00088,2025-02-03,ST13,C0001,P043,2,241.25,0.15,410.12,275.42,134.7,Marketplace
S00089,2023-11-07,ST05,C0373,P095,4,139.42,0.0,557.68,399.0,158.68,Online
S00090,2024-12-01,ST07,C0122,P068,1,675.48,0.05,641.71,308.45,333.26,Retail Store
S00091,2025-05-19,ST05,C0365,P019,2,451.75,0.0,903.5,435.66,467.84,Retail Store
S00092,2023-12-28,ST14,C0460,P030,1,556.36,0.1,500.72,275.09,225.63,Marketplace
S00093,2024-12-05,ST06,C0459,P090,4,573.25,0.05,2178.35,1152.76,1025.59,Retail Store
S00094,2023-01-27,ST09,C0049,P075,5,347.7,0.0,1738.5,871.2,867.3,Marketplace
S00095,2023-09-07,ST10,C0304,P010,2,177.97,0.0,355.94,229.34,126.6,Marketplace
S00096,2025-06-23,ST03,C0494,P085,1,595.13,0.0,595.13,307.6,287.53,Mobile App
S00097,2024-03-22,ST06,C0436,P034,4,530.96,0.05,2017.65,1472.76,544.89,Mobile App
S00098,2023-11-21,ST05,C0232,P041,2,148.6,0.0,297.2,191.36,105.84,Retail Store
S00099,2025-05-07,ST13,C0070,P026,4,311.93,0.1,1122.95,550.6,572.35,Retail Store
S00100,2024-01-29,ST03,C0055,P020,1,796.23,0.05,756.42,412.87,343.55,Marketplace
S00101,2024-09-11,ST02,C0209,P041,5,148.6,0.1,668.7,478.4,190.3,Mobile App
S00102,2024-08-24,ST08,C0107,P099,5,381.31,0.0,1906.55,1072.55,834.0,Marketplace
S00103,2023-03-20,ST02,C0437,P034,1,530.96,0.0,530.96,368.19,162.77,Online
S00104,2024-07-17,ST14,C0156,P088,1,656.76,0.15,558.25,312.14,246.11,Retail Store
S00105,2024-12-28,ST14,C0428,P028,2,535.81,0.0,1071.62,602.4,469.22,Online
S00106,2024-10-11,ST04,C0365,P012,1,703.62,0.0,703.62,341.62,362.0,Marketplace
S00107,2023-03-16,ST11,C0026,P066,1,400.97,0.0,400.97,272.57,128.4,Mobile App
S00108,2023-05-21,ST07,C0016,P023,2,589.93,0.05,1120.87,839.74,281.13,Online
S00109,2024-10-10,ST02,C0237,P013,2,633.58,0.0,1267.16,813.14,454.02,Retail Store
S00110,2024-07-31,ST14,C0032,P002,1,441.21,0.0,441.21,287.87,153.34,Online
S00111,2024-11-04,ST07,C0422,P026,1,311.93,0.0,311.93,137.65,174.28,Retail Store
S00112,2023-10-16,ST05,C0301,P075,3,347.7,0.0,1043.1,522.72,520.38,Retail Store
S00113,2023-04-08,ST15,C0102,P009,2,211.8,0.15,360.06,244.7,115.36,Marketplace
S00114,2023-01-05,ST15,C0048,P017,2,780.73,0.0,1561.46,781.66,779.8,Retail Store
S00115,2023-10-08,ST08,C0483,P006,1,826.37,0.0,826.37,423.08,403.29,Online
S00116,2023-11-24,ST14,C0222,P074,1,440.89,0.15,374.76,194.35,180.41,Marketplace
S00117,2023-09-03,ST07,C0016,P064,4,189.25,0.15,643.45,374.68,268.77,Marketplace
S00118,2023-05-01,ST04,C0182,P023,1,589.93,0.0,589.93,419.87,170.06,Mobile App
S00119,2023-06-20,ST15,C0229,P036,1,539.12,0.0,539.12,311.18,227.94,Retail Store
S00120,2024-02-13,ST10,C0318,P079,2,118.05,0.0,236.1,148.3,87.8,Mobile App
S00121,2024-05-20,ST15,C0211,P064,4,189.25,0.1,681.3,374.68,306.62,Marketplace
S00122,2024-01-07,ST05,C0045,P008,1,682.79,0.05,648.65,317.47,331.18,Online
S00123,2023-01-24,ST11,C0103,P054,1,66.5,0.1,59.85,28.96,30.89,Online
S00124,2023-11-19,ST09,C0411,P081,1,595.21,0.0,595.21,338.24,256.97,Marketplace
S00125,2023-03-26,ST08,C0184,P092,1,496.59,0.1,446.93,284.79,162.14,Marketplace
S00126,2024-06-28,ST10,C0468,P045,1,240.79,0.1,216.71,117.52,99.19,Mobile App
S00127,2023-10-23,ST03,C0139,P050,3,251.3,0.0,753.9,388.92,364.98,Mobile App
S00128,2023-12-17,ST01,C0113,P077,2,146.59,0.0,293.18,201.78,91.4,Retail Store
S00129,2023-09-23,ST06,C0272,P061,1,603.93,0.1,543.54,329.99,213.55,Online
S00130,2023-12-20,ST04,C0052,P021,2,414.87,0.15,705.28,367.82,337.46,Online
S00131,2023-03-19,ST14,C0274,P035,2,381.12,0.15,647.9,351.16,296.74,Retail Store
S00132,2025-03-31,ST04,C0486,P098,2,610.44,0.1,1098.79,570.76,528.03,Marketplace
S00133,2025-04-04,ST14,C0479,P046,1,653.19,0.0,653.19,342.89,310.3,Online
S00134,2025-06-10,ST06,C0304,P031,1,173.34,0.15,147.34,122.3,25.04,Mobile App
S00135,2024-06-05,ST12,C0015,P076,3,361.84,0.15,922.69,497.22,425.47,Mobile App
S00136,2023-06-04,ST03,C0289,P073,2,238.26,0.1,428.87,347.2,81.67,Online
S00137,2023-12-13,ST05,C0278,P064,4,189.25,0.0,757.0,374.68,382.32,Marketplace
S00138,2023-05-07,ST01,C0047,P005,1,187.0,0.0,187.0,94.13,92.87,Online
S00139,2023-10-02,ST08,C0270,P003,1,101.68,0.0,101.68,44.48,57.2,Mobile App
S00140,2024-03-25,ST13,C0104,P079,1,118.05,0.0,118.05,74.15,43.9,Mobile App
S00141,2023-02-27,ST15,C0091,P092,1,496.59,0.0,496.59,284.79,211.8,Retail Store
S00142,2024-01-31,ST10,C0076,P003,1,101.68,0.15,86.43,44.48,41.95,Online
S00143,2024-01-19,ST14,C0057,P100,2,691.45,0.1,1244.61,763.88,480.73,Mobile App
S00144,2024-03-17,ST12,C0192,P010,2,177.97,0.15,302.55,229.34,73.21,Marketplace
S00145,2023-03-12,ST06,C0052,P076,5,361.84,0.0,1809.2,828.7,980.5,Mobile App
S00146,2023-08-18,ST03,C0500,P018,1,560.51,0.15,476.43,344.12,132.31,Marketplace
S00147,2023-08-13,ST08,C0492,P082,4,824.42,0.15,2803.03,1665.32,1137.71,Mobile App
S00148,2024-07-23,ST09,C0363,P023,4,589.93,0.15,2005.76,1679.48,326.28,Mobile App
S00149,2024-06-24,ST10,C0341,P029,2,230.02,0.0,460.04,241.0,219.04,Marketplace
S00150,2023-06-28,ST12,C0376,P040,3,151.24,0.0,453.72,199.83,253.89,Online
S00151,2023-04-08,ST01,C0374,P023,2,589.93,0.15,1002.88,839.74,163.14,Marketplace
S00152,2023-10-05,ST10,C0495,P099,1,381.31,0.0,381.31,214.51,166.8,Online
S00153,2025-05-14,ST15,C0163,P078,3,331.1,0.1,893.97,515.76,378.21,Online
S00154,2023-10-30,ST02,C0290,P082,2,824.42,0.05,1566.4,832.66,733.74,Online
S00155,2024-07-18,ST02,C0382,P043,2,241.25,0.0,482.5,275.42,207.08,Mobile App
S00156,2025-01-02,ST11,C0086,P041,2,148.6,0.0,297.2,191.36,105.84,Mobile App
S00157,2023-10-28,ST05,C0006,P058,1,558.35,0.0,558.35,249.8,308.55,Online
S00158,2023-11-01,ST06,C0035,P089,3,178.67,0.0,536.01,291.36,244.65,Retail Store
S00159,2025-01-12,ST01,C0001,P093,1,466.42,0.05,443.1,269.66,173.44,Marketplace
S00160,2025-02-22,ST03,C0215,P094,1,634.83,0.05,603.09,303.82,299.27,Marketplace
S00161,2025-06-06,ST09,C0180,P049,2,878.21,0.05,1668.6,782.54,886.06,Retail Store
S00162,2023-05-05,ST14,C0404,P062,1,800.1,0.1,720.09,409.77,310.32,Online
S00163,2023-10-20,ST02,C0232,P021,1,414.87,0.0,414.87,183.91,230.96,Mobile App
S00164,2025-05-12,ST05,C0164,P003,2,101.68,0.0,203.36,88.96,114.4,Retail Store
S00165,2023-07-02,ST15,C0088,P044,1,670.76,0.05,637.22,448.05,189.17,Online
S00166,2023-10-14,ST09,C0039,P094,2,634.83,0.0,1269.66,607.64,662.02,Mobile App
S00167,2025-05-28,ST15,C0315,P077,5,146.59,0.05,696.3,504.45,191.85,Retail Store
S00168,2025-06-01,ST11,C0483,P056,3,647.27,0.0,1941.81,1198.11,743.7,Marketplace
S00169,2023-09-23,ST02,C0028,P021,1,414.87,0.0,414.87,183.91,230.96,Online
S00170,2024-09-25,ST12,C0210,P025,1,788.41,0.1,709.57,350.48,359.09,Mobile App
S00171,2024-03-23,ST05,C0145,P085,1,595.13,0.0,595.13,307.6,287.53,Retail Store
S00172,2024-06-08,ST10,C0202,P007,1,572.81,0.1,515.53,334.88,180.65,Marketplace
S00173,2023-08-09,ST06,C0028,P020,1,796.23,0.0,796.23,412.87,383.36,Marketplace
S00174,2023-12-09,ST14,C0151,P012,4,703.62,0.15,2392.31,1366.48,1025.83,Marketplace
S00175,2025-01-13,ST01,C0050,P026,2,311.93,0.0,623.86,275.3,348.56,Online
S00176,2023-12-24,ST02,C0150,P082,1,824.42,0.05,783.2,416.33,366.87,Retail Store
S00177,2023-04-14,ST07,C0402,P040,1,151.24,0.05,143.68,66.61,77.07,Marketplace
S00178,2024-05-28,ST02,C0136,P085,3,595.13,0.15,1517.58,922.8,594.78,Marketplace
S00179,2024-06-23,ST15,C0190,P024,3,908.43,0.05,2589.03,1282.35,1306.68,Mobile App
S00180,2024-05-12,ST01,C0229,P024,3,908.43,0.0,2725.29,1282.35,1442.94,Marketplace
S00181,2024-09-13,ST04,C0135,P060,1,550.86,0.0,550.86,340.53,210.33,Retail Store
S00182,2024-05-16,ST12,C0386,P020,3,796.23,0.15,2030.39,1238.61,791.78,Retail Store
S00183,2025-05-18,ST06,C0343,P011,1,309.34,0.1,278.41,193.14,85.27,Marketplace
S00184,2024-02-25,ST04,C0302,P097,1,509.83,0.1,458.85,308.72,150.13,Retail Store
S00185,2024-10-07,ST09,C0420,P050,2,251.3,0.05,477.47,259.28,218.19,Marketplace
S00186,2024-02-04,ST04,C0452,P074,4,440.89,0.05,1675.38,777.4,897.98,Mobile App
S00187,2023-09-23,ST15,C0203,P011,2,309.34,0.15,525.88,386.28,139.6,Retail Store
S00188,2024-09-23,ST15,C0293,P065,5,54.39,0.1,244.75,145.55,99.2,Online
S00189,2025-01-16,ST13,C0487,P016,2,442.1,0.05,839.99,556.5,283.49,Online
S00190,2024-12-25,ST04,C0498,P022,1,753.54,0.0,753.54,415.36,338.18,Online
S00191,2024-01-08,ST02,C0217,P006,3,826.37,0.15,2107.24,1269.24,838.0,Marketplace
S00192,2024-03-30,ST11,C0422,P026,4,311.93,0.0,1247.72,550.6,697.12,Mobile App
S00193,2024-07-30,ST12,C0467,P041,2,148.6,0.0,297.2,191.36,105.84,Retail Store
S00194,2023-08-09,ST07,C0285,P050,1,251.3,0.1,226.17,129.64,96.53,Mobile App
S00195,2024-08-23,ST08,C0267,P036,8,539.12,0.0,4312.96,2489.44,1823.52,Marketplace
S00196,2024-10-13,ST03,C0213,P015,1,411.34,0.0,411.34,291.66,119.68,Retail Store
S00197,2024-12-19,ST13,C0289,P014,2,523.69,0.0,1047.38,483.1,564.28,Mobile App
S00198,2023-03-09,ST06,C0451,P069,2,952.97,0.05,1810.64,877.76,932.88,Mobile App
S00199,2025-06-21,ST08,C0336,P050,1,251.3,0.1,226.17,129.64,96.53,Marketplace
S00200,2024-03-12,ST05,C0089,P005,3,187.0,0.05,532.95,282.39,250.56,Online
S00201,2024-01-01,ST11,C0312,P080,4,421.17,0.15,1431.98,841.28,590.7,Marketplace
S00202,2024-04-06,ST15,C0203,P005,1,187.0,0.0,187.0,94.13,92.87,Online
S00203,2025-04-18,ST08,C0382,P007,1,572.81,0.0,572.81,334.88,237.93,Mobile App
S00204,2024-09-22,ST14,C0173,P003,3,101.68,0.0,305.04,133.44,171.6,Mobile App
S00205,2024-05-10,ST08,C0432,P036,1,539.12,0.15,458.25,311.18,147.07,Retail Store
S00206,2024-12-21,ST05,C0069,P030,1,556.36,0.15,472.91,275.09,197.82,Marketplace
S00207,2023-11-24,ST06,C0423,P100,2,691.45,0.0,1382.9,763.88,619.02,Marketplace
S00208,2025-03-26,ST02,C0331,P078,2,331.1,0.0,662.2,343.84,318.36,Marketplace
S00209,2024-05-04,ST14,C0468,P028,2,535.81,0.05,1018.04,602.4,415.64,Marketplace
S00210,2024-08-04,ST14,C0265,P098,3,610.44,0.0,1831.32,856.14,975.18,Retail Store
S00211,2023-03-19,ST03,C0406,P066,2,400.97,0.0,801.94,545.14,256.8,Mobile App
S00212,2024-12-01,ST07,C0260,P091,3,512.66,0.0,1537.98,1103.37,434.61,Retail Store
S00213,2024-08-22,ST15,C0099,P023,1,589.93,0.0,589.93,419.87,170.06,Retail Store
S00214,2023-11-20,ST08,C0017,P032,1,266.96,0.0,266.96,143.35,123.61,Mobile App
S00215,2024-08-12,ST05,C0102,P091,1,512.66,0.0,512.66,367.79,144.87,Marketplace
S00216,2023-02-10,ST11,C0204,P065,1,54.39,0.0,54.39,29.11,25.28,Retail Store
S00217,2025-06-15,ST08,C0191,P031,1,173.34,0.1,156.01,122.3,33.71,Marketplace
S00218,2024-09-09,ST14,C0492,P023,1,589.93,0.05,560.43,419.87,140.56,Mobile App
S00219,2023-12-31,ST14,C0084,P045,1,240.79,0.0,240.79,117.52,123.27,Retail Store
S00220,2024-11-16,ST07,C0015,P037,2,559.57,0.0,1119.14,730.5,388.64,Online
S00221,2025-05-29,ST04,C0400,P074,1,440.89,0.0,440.89,194.35,246.54,Online
S00222,2024-01-28,ST05,C0106,P087,1,643.14,0.15,546.67,358.95,187.72,Marketplace
S00223,2023-01-10,ST14,C0011,P066,1,400.97,0.15,340.82,272.57,68.25,Retail Store
S00224,2023-08-24,ST03,C0467,P061,1,603.93,0.15,513.34,329.99,183.35,Online
S00225,2024-04-10,ST01,C0411,P077,1,146.59,0.0,146.59,100.89,45.7,Mobile App
S00226,2024-04-17,ST05,C0413,P078,1,331.1,0.15,281.44,171.92,109.52,Mobile App
S00227,2024-06-12,ST07,C0459,P055,1,374.11,0.0,374.11,253.49,120.62,Marketplace
S00228,2024-06-08,ST08,C0112,P033,2,760.26,0.0,1520.52,845.18,675.34,Marketplace
S00229,2024-02-11,ST01,C0053,P075,1,347.7,0.1,312.93,174.24,138.69,Mobile App
S00230,2023-12-23,ST10,C0332,P072,2,110.76,0.1,199.37,141.88,57.49,Mobile App
S00231,2024-12-04,ST02,C0351,P039,2,839.98,0.05,1595.96,793.32,802.64,Retail Store
S00232,2024-06-20,ST11,C0142,P044,2,670.76,0.0,1341.52,896.1,445.42,Mobile App
S00233,2024-03-31,ST12,C0336,P034,1,530.96,0.15,451.32,368.19,83.13,Mobile App
S00234,2023-11-11,ST09,C0077,P025,1,788.41,0.0,788.41,350.48,437.93,Retail Store
S00235,2023-01-23,ST11,C0207,P077,2,146.59,0.0,293.18,201.78,91.4,Online
S00236,2023-04-06,ST11,C0014,P093,1,466.42,0.05,443.1,269.66,173.44,Mobile App
S00237,2024-01-14,ST07,C0465,P034,1,530.96,0.05,504.41,368.19,136.22,Marketplace
S00238,2025-05-26,ST10,C0019,P095,3,139.42,0.15,355.52,299.25,56.27,Online
S00239,2023-04-16,ST12,C0372,P044,2,670.76,0.0,1341.52,896.1,445.42,Marketplace
S00240,2025-05-06,ST09,C0184,P086,1,320.59,0.0,320.59,197.58,123.01,Online
S00241,2023-05-10,ST09,C0449,P085,1,595.13,0.0,595.13,307.6,287.53,Mobile App
S00242,2023-10-12,ST03,C0242,P013,1,633.58,0.15,538.54,406.57,131.97,Mobile App
S00243,2024-02-19,ST09,C0414,P093,1,466.42,0.0,466.42,269.66,196.76,Mobile App
S00244,2023-07-08,ST04,C0046,P084,4,240.69,0.0,962.76,654.52,308.24,Online
S00245,2024-03-15,ST05,C0447,P096,1,612.7,0.05,582.07,414.92,167.15,Mobile App
S00246,2024-03-09,ST10,C0134,P048,3,113.1,0.0,339.3,177.15,162.15,Marketplace
S00247,2024-02-04,ST01,C0241,P016,1,442.1,0.15,375.79,278.25,97.54,Retail Store
S00248,2024-09-26,ST04,C0456,P061,1,603.93,0.1,543.54,329.99,213.55,Retail Store
S00249,2023-10-18,ST09,C0196,P088,2,656.76,0.0,1313.52,624.28,689.24,Marketplace
S00250,2023-10-01,ST14,C0446,P007,2,572.81,0.0,1145.62,669.76,475.86,Online
S00251,2025-01-08,ST07,C0176,P026,1,311.93,0.1,280.74,137.65,143.09,Marketplace
S00252,2023-04-15,ST14,C0162,P019,1,451.75,0.15,383.99,217.83,166.16,Online
S00253,2025-02-12,ST08,C0042,P100,1,691.45,0.0,691.45,381.94,309.51,Online
S00254,2024-08-13,ST01,C0325,P041,1,148.6,0.0,148.6,95.68,52.92,Marketplace
S00255,2024-09-08,ST13,C0108,P036,1,539.12,0.0,539.12,311.18,227.94,Online
S00256,2023-05-30,ST13,C0403,P063,1,85.52,0.0,85.52,43.74,41.78,Online
S00257,2025-06-15,ST11,C0223,P079,3,118.05,0.05,336.44,222.45,113.99,Marketplace
S00258,2023-08-11,ST08,C0495,P055,4,374.11,0.05,1421.62,1013.96,407.66,Retail Store
S00259,2023-06-08,ST04,C0274,P005,1,187.0,0.15,158.95,94.13,64.82,Mobile App
S00260,2023-05-26,ST06,C0457,P002,4,441.21,0.1,1588.36,1151.48,436.88,Online
S00261,2024-05-25,ST01,C0347,P003,1,101.68,0.15,86.43,44.48,41.95,Online
S00262,2025-05-23,ST15,C0356,P029,1,230.02,0.0,230.02,120.5,109.52,Mobile App
S00263,2023-07-31,ST07,C0053,P017,1,780.73,0.1,702.66,390.83,311.83,Mobile App
S00264,2024-01-04,ST14,C0034,P022,1,753.54,0.0,753.54,415.36,338.18,Mobile App
S00265,2023-06-18,ST12,C0234,P038,1,348.21,0.1,313.39,215.66,97.73,Mobile App
S00266,2024-08-06,ST11,C0455,P056,1,647.27,0.0,647.27,399.37,247.9,Mobile App
S00267,2024-01-29,ST13,C0184,P063,2,85.52,0.0,171.04,87.48,83.56,Online
S00268,2023-01-27,ST04,C0010,P052,1,179.16,0.0,179.16,111.81,67.35,Online
S00269,2024-07-13,ST01,C0376,P028,1,535.81,0.1,482.23,301.2,181.03,Online
S00270,2023-06-29,ST12,C0188,P016,3,442.1,0.15,1127.36,834.75,292.61,Retail Store
S00271,2024-06-23,ST11,C0449,P049,3,878.21,0.0,2634.63,1173.81,1460.82,Retail Store
S00272,2023-12-21,ST11,C0025,P077,1,146.59,0.0,146.59,100.89,45.7,Retail Store
S00273,2024-10-04,ST02,C0354,P007,3,572.81,0.05,1632.51,1004.64,627.87,Marketplace
S00274,2023-07-07,ST09,C0064,P049,2,878.21,0.0,1756.42,782.54,973.88,Marketplace
S00275,2024-11-16,ST04,C0079,P090,1,573.25,0.15,487.26,288.19,199.07,Retail Store
S00276,2025-01-06,ST11,C0216,P039,3,839.98,0.0,2519.94,1189.98,1329.96,Mobile App
S00277,2023-02-26,ST12,C0311,P080,1,421.17,0.0,421.17,210.32,210.85,Marketplace
S00278,2023-04-03,ST12,C0262,P014,1,523.69,0.1,471.32,241.55,229.77,Retail Store
S00279,2025-03-05,ST13,C0059,P037,1,559.57,0.0,559.57,365.25,194.32,Marketplace
S00280,2023-06-20,ST04,C0312,P026,3,311.93,0.0,935.79,412.95,522.84,Online
S00281,2023-10-24,ST07,C0361,P046,3,653.19,0.0,1959.57,1028.67,930.9,Online
S00282,2024-02-21,ST08,C0281,P006,1,826.37,0.0,826.37,423.08,403.29,Marketplace
S00283,2023-08-28,ST01,C0121,P043,2,241.25,0.0,482.5,275.42,207.08,Retail Store
S00284,2025-02-24,ST10,C0428,P015,2,411.34,0.15,699.28,583.32,115.96,Marketplace
S00285,2024-04-25,ST02,C0487,P020,3,796.23,0.1,2149.82,1238.61,911.21,Retail Store
S00286,2024-08-05,ST02,C0371,P093,3,466.42,0.0,1399.26,808.98,590.28,Online
S00287,2024-06-27,ST05,C0152,P059,5,618.97,0.05,2940.11,2120.25,819.86,Retail Store
S00288,2024-07-10,ST03,C0417,P013,1,633.58,0.0,633.58,406.57,227.01,Mobile App
S00289,2024-06-18,ST11,C0411,P047,1,583.71,0.0,583.71,415.74,167.97,Marketplace
S00290,2023-11-13,ST02,C0060,P095,3,139.42,0.0,418.26,299.25,119.01,Retail Store
S00291,2025-02-09,ST11,C0340,P018,1,560.51,0.0,560.51,344.12,216.39,Mobile App
S00292,2024-07-16,ST08,C0458,P046,1,653.19,0.1,587.87,342.89,244.98,Mobile App
S00293,2025-01-11,ST06,C0048,P094,2,634.83,0.0,1269.66,607.64,662.02,Online
S00294,2024-10-05,ST07,C0206,P015,1,411.34,0.05,390.77,291.66,99.11,Mobile App
S00295,2023-09-28,ST14,C0354,P050,3,251.3,0.05,716.21,388.92,327.29,Marketplace
S00296,2024-07-13,ST13,C0454,P084,1,240.69,0.0,240.69,163.63,77.06,Retail Store
S00297,2023-03-19,ST12,C0357,P017,1,780.73,0.0,780.73,390.83,389.9,Online
S00298,2023-05-03,ST15,C0214,P014,3,523.69,0.1,1413.96,724.65,689.31,Marketplace
S00299,2023-04-18,ST08,C0348,P073,1,238.26,0.0,238.26,173.6,64.66,Marketplace
S00300,2023-10-06,ST10,C0184,P100,2,691.45,0.0,1382.9,763.88,619.02,Online
S00301,2023-06-16,ST08,C0472,P062,1,800.1,0.0,800.1,409.77,390.33,Marketplace
S00302,2024-09-23,ST02,C0024,P057,6,866.66,0.0,5199.96,2276.04,2923.92,Mobile App
S00303,2024-04-10,ST14,C0361,P002,2,441.21,0.15,750.06,575.74,174.32,Online
S00304,2024-01-17,ST06,C0448,P086,4,320.59,0.1,1154.12,790.32,363.8,Retail Store
S00305,2023-05-06,ST12,C0339,P056,2,647.27,0.0,1294.54,798.74,495.8,Marketplace
S00306,2023-12-16,ST11,C0340,P045,4,240.79,0.15,818.69,470.08,348.61,Marketplace
S00307,2023-06-19,ST14,C0430,P020,1,796.23,0.1,716.61,412.87,303.74,Retail Store
S00308,2024-08-01,ST15,C0330,P002,2,441.21,0.0,882.42,575.74,306.68,Marketplace
S00309,2024-09-23,ST03,C0446,P064,1,189.25,0.0,189.25,93.67,95.58,Marketplace
S00310,2024-08-10,ST06,C0124,P042,2,552.37,0.0,1104.74,817.08,287.66,Retail Store
S00311,2025-06-29,ST09,C0115,P065,2,54.39,0.15,92.46,58.22,34.24,Marketplace
S00312,2024-05-20,ST04,C0419,P052,1,179.16,0.0,179.16,111.81,67.35,Marketplace
S00313,2024-03-22,ST10,C0411,P057,1,866.66,0.05,823.33,379.34,443.99,Retail Store
S00314,2023-05-08,ST06,C0229,P064,1,189.25,0.0,189.25,93.67,95.58,Marketplace
S00315,2023-10-14,ST01,C0335,P096,3,612.7,0.0,1838.1,1244.76,593.34,Marketplace
S00316,2024-02-15,ST09,C0019,P053,2,512.39,0.1,922.3,620.94,301.36,Retail Store
S00317,2023-02-18,ST10,C0406,P012,1,703.62,0.1,633.26,341.62,291.64,Mobile App
S00318,2023-11-24,ST04,C0288,P066,1,400.97,0.15,340.82,272.57,68.25,Marketplace
S00319,2023-01-09,ST14,C0187,P044,1,670.76,0.0,670.76,448.05,222.71,Online
S00320,2023-05-05,ST09,C0170,P059,3,618.97,0.1,1671.22,1272.15,399.07,Marketplace
S00321,2025-01-12,ST06,C0337,P092,1,496.59,0.15,422.1,284.79,137.31,Marketplace
S00322,2025-05-28,ST13,C0050,P015,2,411.34,0.15,699.28,583.32,115.96,Online
S00323,2024-04-05,ST06,C0175,P001,1,474.05,0.15,402.94,252.9,150.04,Mobile App
S00324,2024-03-26,ST06,C0268,P071,2,573.25,0.15,974.52,715.02,259.5,Retail Store
S00325,2024-09-15,ST03,C0460,P006,3,826.37,0.05,2355.15,1269.24,1085.91,Online
S00326,2024-01-14,ST12,C0381,P092,2,496.59,0.05,943.52,569.58,373.94,Retail Store
S00327,2025-02-04,ST04,C0313,P033,1,760.26,0.0,760.26,422.59,337.67,Retail Store
S00328,2024-03-21,ST08,C0111,P051,3,502.39,0.0,1507.17,913.14,594.03,Mobile App
S00329,2023-03-17,ST07,C0388,P014,2,523.69,0.0,1047.38,483.1,564.28,Retail Store
S00330,2023-01-29,ST08,C0457,P099,1,381.31,0.05,362.24,214.51,147.73,Online
S00331,2024-11-24,ST09,C0003,P064,2,189.25,0.15,321.72,187.34,134.38,Retail Store
S00332,2023-09-24,ST07,C0479,P071,1,573.25,0.1,515.93,357.51,158.42,Marketplace
S00333,2023-09-08,ST15,C0400,P066,1,400.97,0.0,400.97,272.57,128.4,Online
S00334,2024-05-04,ST03,C0418,P094,1,634.83,0.0,634.83,303.82,331.01,Marketplace
S00335,2023-06-03,ST10,C0308,P085,1,595.13,0.0,595.13,307.6,287.53,Marketplace
S00336,2024-02-21,ST15,C0312,P054,1,66.5,0.15,56.52,28.96,27.56,Online
S00337,2024-11-07,ST06,C0204,P036,1,539.12,0.0,539.12,311.18,227.94,Marketplace
S00338,2024-11-28,ST07,C0071,P018,1,560.51,0.1,504.46,344.12,160.34,Mobile App
S00339,2024-05-15,ST14,C0281,P090,4,573.25,0.0,2293.0,1152.76,1140.24,Online
S00340,2023-04-14,ST10,C0108,P026,2,311.93,0.15,530.28,275.3,254.98,Mobile App
S00341,2023-04-15,ST15,C0177,P088,1,656.76,0.15,558.25,312.14,246.11,Online
S00342,2024-12-07,ST03,C0333,P091,1,512.66,0.1,461.39,367.79,93.6,Mobile App
S00343,2025-01-20,ST13,C0060,P091,1,512.66,0.0,512.66,367.79,144.87,Marketplace
S00344,2023-12-01,ST11,C0293,P075,3,347.7,0.15,886.63,522.72,363.91,Marketplace
S00345,2025-01-19,ST15,C0383,P087,1,643.14,0.1,578.83,358.95,219.88,Mobile App
S00346,2023-02-07,ST01,C0414,P055,2,374.11,0.1,673.4,506.98,166.42,Retail Store
S00347,2024-10-16,ST03,C0196,P004,2,700.29,0.0,1400.58,786.52,614.06,Retail Store
S00348,2024-05-12,ST13,C0137,P026,1,311.93,0.0,311.93,137.65,174.28,Mobile App
S00349,2025-06-20,ST03,C0129,P088,2,656.76,0.0,1313.52,624.28,689.24,Mobile App
S00350,2023-04-04,ST09,C0386,P027,4,598.23,0.0,2392.92,1383.96,1008.96,Mobile App
S00351,2025-01-26,ST10,C0053,P058,1,558.35,0.15,474.6,249.8,224.8,Online
S00352,2024-11-15,ST09,C0332,P096,1,612.7,0.05,582.07,414.92,167.15,Online
S00353,2023-09-29,ST13,C0402,P066,1,400.97,0.15,340.82,272.57,68.25,Mobile App
S00354,2025-06-29,ST01,C0341,P089,1,178.67,0.05,169.74,97.12,72.62,Marketplace
S00355,2024-02-14,ST13,C0490,P054,3,66.5,0.15,169.57,86.88,82.69,Mobile App
S00356,2023-11-14,ST01,C0028,P071,1,573.25,0.15,487.26,357.51,129.75,Mobile App
S00357,2025-01-14,ST14,C0318,P026,1,311.93,0.05,296.33,137.65,158.68,Online
S00358,2024-02-04,ST12,C0361,P082,1,824.42,0.15,700.76,416.33,284.43,Mobile App
S00359,2025-06-24,ST09,C0302,P097,3,509.83,0.15,1300.07,926.16,373.91,Online
S00360,2024-12-07,ST04,C0372,P100,1,691.45,0.0,691.45,381.94,309.51,Marketplace
S00361,2023-08-04,ST02,C0350,P023,1,589.93,0.0,589.93,419.87,170.06,Online
S00362,2025-01-08,ST02,C0264,P095,5,139.42,0.05,662.24,498.75,163.49,Retail Store
S00363,2024-06-19,ST09,C0143,P055,2,374.11,0.0,748.22,506.98,241.24,Online
S00364,2023-11-16,ST14,C0300,P021,1,414.87,0.0,414.87,183.91,230.96,Retail Store
S00365,2024-10-09,ST12,C0239,P043,1,241.25,0.0,241.25,137.71,103.54,Retail Store
S00366,2024-07-30,ST06,C0476,P020,1,796.23,0.1,716.61,412.87,303.74,Retail Store
S00367,2023-06-01,ST11,C0478,P100,1,691.45,0.1,622.31,381.94,240.37,Mobile App
S00368,2023-05-07,ST10,C0405,P063,1,85.52,0.1,76.97,43.74,33.23,Mobile App
S00369,2023-07-08,ST12,C0402,P010,2,177.97,0.0,355.94,229.34,126.6,Online
S00370,2023-07-08,ST02,C0267,P024,2,908.43,0.1,1635.17,854.9,780.27,Online
S00371,2023-02-24,ST09,C0279,P054,2,66.5,0.05,126.35,57.92,68.43,Retail Store
S00372,2023-11-16,ST15,C0114,P045,1,240.79,0.0,240.79,117.52,123.27,Mobile App
S00373,2023-09-14,ST05,C0185,P043,1,241.25,0.0,241.25,137.71,103.54,Marketplace
S00374,2024-05-05,ST13,C0422,P072,1,110.76,0.15,94.15,70.94,23.21,Retail Store
S00375,2023-10-22,ST06,C0343,P015,2,411.34,0.05,781.55,583.32,198.23,Online
S00376,2024-10-03,ST15,C0315,P083,1,543.94,0.1,489.55,330.9,158.65,Online
S00377,2023-09-21,ST15,C0350,P006,1,826.37,0.0,826.37,423.08,403.29,Marketplace
S00378,2023-09-01,ST05,C0198,P015,3,411.34,0.1,1110.62,874.98,235.64,Mobile App
S00379,2025-02-20,ST09,C0467,P004,2,700.29,0.0,1400.58,786.52,614.06,Marketplace
S00380,2025-06-16,ST05,C0023,P063,2,85.52,0.15,145.38,87.48,57.9,Online
S00381,2024-09-10,ST02,C0264,P042,1,552.37,0.0,552.37,408.54,143.83,Online
S00382,2023-03-28,ST09,C0276,P099,1,381.31,0.0,381.31,214.51,166.8,Retail Store
S00383,2025-05-27,ST11,C0344,P027,2,598.23,0.0,1196.46,691.98,504.48,Marketplace
S00384,2024-12-16,ST09,C0106,P014,5,523.69,0.15,2225.68,1207.75,1017.93,Marketplace
S00385,2025-04-16,ST02,C0419,P083,2,543.94,0.15,924.7,661.8,262.9,Online
S00386,2025-06-23,ST12,C0236,P004,3,700.29,0.0,2100.87,1179.78,921.09,Retail Store
S00387,2025-02-28,ST01,C0038,P012,2,703.62,0.0,1407.24,683.24,724.0,Mobile App
S00388,2023-04-26,ST10,C0037,P072,2,110.76,0.0,221.52,141.88,79.64,Mobile App
S00389,2025-02-27,ST08,C0199,P053,4,512.39,0.15,1742.13,1241.88,500.25,Marketplace
S00390,2023-08-16,ST01,C0162,P056,3,647.27,0.05,1844.72,1198.11,646.61,Retail Store
S00391,2024-10-10,ST11,C0004,P069,1,952.97,0.15,810.02,438.88,371.14,Retail Store
S00392,2025-01-24,ST10,C0382,P097,1,509.83,0.0,509.83,308.72,201.11,Retail Store
S00393,2024-11-24,ST09,C0476,P046,1,653.19,0.0,653.19,342.89,310.3,Mobile App
S00394,2024-09-08,ST10,C0155,P088,1,656.76,0.0,656.76,312.14,344.62,Mobile App
S00395,2024-03-21,ST08,C0475,P098,2,610.44,0.05,1159.84,570.76,589.08,Marketplace
S00396,2024-06-10,ST08,C0016,P085,1,595.13,0.0,595.13,307.6,287.53,Online
S00397,2023-09-02,ST07,C0383,P018,1,560.51,0.1,504.46,344.12,160.34,Mobile App
S00398,2024-01-13,ST05,C0074,P082,2,824.42,0.15,1401.51,832.66,568.85,Mobile App
S00399,2024-02-16,ST14,C0284,P002,2,441.21,0.1,794.18,575.74,218.44,Online
S00400,2024-07-31,ST01,C0022,P016,1,442.1,0.1,397.89,278.25,119.64,Marketplace
S00401,2025-03-12,ST02,C0281,P069,1,952.97,0.0,952.97,438.88,514.09,Online
S00402,2023-03-26,ST15,C0380,P096,5,612.7,0.15,2603.97,2074.6,529.37,Mobile App
S00403,2024-04-14,ST15,C0212,P028,2,535.81,0.15,910.88,602.4,308.48,Online
S00404,2023-09-11,ST04,C0095,P021,4,414.87,0.1,1493.53,735.64,757.89,Mobile App
S00405,2025-05-03,ST03,C0059,P025,2,788.41,0.15,1340.3,700.96,639.34,Retail Store
S00406,2023-12-03,ST09,C0478,P097,1,509.83,0.05,484.34,308.72,175.62,Retail Store
S00407,2025-05-15,ST02,C0344,P038,1,348.21,0.0,348.21,215.66,132.55,Retail Store
S00408,2023-10-26,ST10,C0372,P026,1,311.93,0.05,296.33,137.65,158.68,Mobile App
S00409,2023-01-03,ST11,C0066,P046,1,653.19,0.15,555.21,342.89,212.32,Online
S00410,2024-12-06,ST10,C0146,P013,1,633.58,0.0,633.58,406.57,227.01,Online
S00411,2024-10-29,ST08,C0249,P041,2,148.6,0.0,297.2,191.36,105.84,Mobile App
S00412,2024-10-27,ST03,C0300,P089,1,178.67,0.1,160.8,97.12,63.68,Mobile App
S00413,2024-02-22,ST07,C0491,P041,2,148.6,0.0,297.2,191.36,105.84,Retail Store
S00414,2024-08-28,ST13,C0127,P041,3,148.6,0.0,445.8,287.04,158.76,Marketplace
S00415,2023-11-23,ST06,C0431,P036,1,539.12,0.0,539.12,311.18,227.94,Mobile App
S00416,2023-02-27,ST08,C0237,P062,3,800.1,0.0,2400.3,1229.31,1170.99,Mobile App
S00417,2024-05-01,ST02,C0283,P063,2,85.52,0.0,171.04,87.48,83.56,Retail Store
S00418,2023-07-18,ST14,C0440,P036,1,539.12,0.0,539.12,311.18,227.94,Online
S00419,2024-01-27,ST15,C0376,P034,1,530.96,0.15,451.32,368.19,83.13,Retail Store
S00420,2023-07-12,ST15,C0039,P094,2,634.83,0.0,1269.66,607.64,662.02,Retail Store
S00421,2023-09-02,ST07,C0297,P075,4,347.7,0.1,1251.72,696.96,554.76,Online
S00422,2025-01-24,ST05,C0283,P005,3,187.0,0.1,504.9,282.39,222.51,Marketplace
S00423,2023-11-04,ST03,C0397,P084,2,240.69,0.0,481.38,327.26,154.12,Marketplace
S00424,2024-06-10,ST13,C0457,P029,3,230.02,0.1,621.05,361.5,259.55,Mobile App
S00425,2024-05-30,ST09,C0238,P018,2,560.51,0.1,1008.92,688.24,320.68,Retail Store
S00426,2024-03-18,ST09,C0187,P051,6,502.39,0.0,3014.34,1826.28,1188.06,Online
S00427,2023-11-10,ST03,C0351,P079,1,118.05,0.1,106.25,74.15,32.1,Online
S00428,2024-09-13,ST03,C0082,P058,2,558.35,0.1,1005.03,499.6,505.43,Online
S00429,2023-02-14,ST08,C0375,P095,1,139.42,0.0,139.42,99.75,39.67,Retail Store
S00430,2023-04-01,ST08,C0390,P029,1,230.02,0.0,230.02,120.5,109.52,Retail Store
S00431,2024-12-15,ST04,C0190,P034,1,530.96,0.0,530.96,368.19,162.77,Online
S00432,2024-02-23,ST13,C0465,P067,3,278.89,0.0,836.67,539.94,296.73,Marketplace
S00433,2023-04-24,ST08,C0470,P061,3,603.93,0.0,1811.79,989.97,821.82,Retail Store
S00434,2025-02-20,ST02,C0166,P084,3,240.69,0.15,613.76,490.89,122.87,Mobile App
S00435,2024-02-07,ST10,C0135,P095,6,139.42,0.1,752.87,598.5,154.37,Online
S00436,2023-01-01,ST07,C0335,P049,1,878.21,0.0,878.21,391.27,486.94,Retail Store
S00437,2025-05-22,ST07,C0129,P067,2,278.89,0.0,557.78,359.96,197.82,Marketplace
S00438,2023-07-04,ST14,C0419,P046,1,653.19,0.0,653.19,342.89,310.3,Marketplace
S00439,2024-09-19,ST10,C0455,P062,2,800.1,0.0,1600.2,819.54,780.66,Online
S00440,2023-05-01,ST04,C0085,P057,3,866.66,0.0,2599.98,1138.02,1461.96,Mobile App
S00441,2024-08-15,ST03,C0077,P028,1,535.81,0.0,535.81,301.2,234.61,Mobile App
S00442,2023-05-25,ST14,C0368,P078,2,331.1,0.0,662.2,343.84,318.36,Online
S00443,2025-04-29,ST06,C0416,P054,3,66.5,0.15,169.57,86.88,82.69,Retail Store
S00444,2023-09-07,ST08,C0346,P062,3,800.1,0.05,2280.28,1229.31,1050.97,Online
S00445,2024-08-19,ST11,C0083,P076,2,361.84,0.05,687.5,331.48,356.02,Retail Store
S00446,2023-08-17,ST03,C0023,P032,2,266.96,0.1,480.53,286.7,193.83,Online
S00447,2023-12-05,ST09,C0323,P018,2,560.51,0.0,1121.02,688.24,432.78,Online
S00448,2025-04-03,ST05,C0086,P008,2,682.79,0.0,1365.58,634.94,730.64,Marketplace
S00449,2023-05-31,ST10,C0497,P077,1,146.59,0.15,124.6,100.89,23.71,Retail Store
S00450,2023-12-28,ST11,C0373,P093,4,466.42,0.0,1865.68,1078.64,787.04,Retail Store
S00451,2023-10-06,ST10,C0230,P028,1,535.81,0.05,509.02,301.2,207.82,Marketplace
S00452,2024-09-29,ST14,C0113,P022,1,753.54,0.05,715.86,415.36,300.5,Online
S00453,2023-08-02,ST13,C0421,P075,1,347.7,0.0,347.7,174.24,173.46,Mobile App
S00454,2024-08-20,ST11,C0371,P022,3,753.54,0.0,2260.62,1246.08,1014.54,Marketplace
S00455,2024-10-03,ST02,C0303,P077,3,146.59,0.0,439.77,302.67,137.1,Marketplace
S00456,2023-01-01,ST02,C0068,P050,2,251.3,0.0,502.6,259.28,243.32,Online
S00457,2024-03-10,ST15,C0441,P067,1,278.89,0.1,251.0,179.98,71.02,Marketplace
S00458,2023-05-01,ST02,C0311,P020,2,796.23,0.0,1592.46,825.74,766.72,Marketplace
S00459,2023-07-26,ST01,C0308,P079,1,118.05,0.1,106.25,74.15,32.1,Retail Store
S00460,2024-09-11,ST11,C0247,P012,2,703.62,0.0,1407.24,683.24,724.0,Retail Store
S00461,2023-01-09,ST11,C0348,P100,2,691.45,0.05,1313.76,763.88,549.88,Marketplace
S00462,2024-09-25,ST01,C0448,P048,3,113.1,0.15,288.4,177.15,111.25,Marketplace
S00463,2025-01-14,ST13,C0481,P030,1,556.36,0.05,528.54,275.09,253.45,Marketplace
S00464,2025-06-19,ST13,C0302,P045,3,240.79,0.15,614.01,352.56,261.45,Retail Store
S00465,2024-01-20,ST05,C0069,P055,1,374.11,0.05,355.4,253.49,101.91,Online
S00466,2023-05-01,ST10,C0146,P011,6,309.34,0.1,1670.44,1158.84,511.6,Marketplace
S00467,2023-03-06,ST01,C0097,P033,1,760.26,0.15,646.22,422.59,223.63,Retail Store
S00468,2023-12-15,ST02,C0268,P074,4,440.89,0.1,1587.2,777.4,809.8,Retail Store
S00469,2024-10-27,ST04,C0336,P049,1,878.21,0.15,746.48,391.27,355.21,Mobile App
S00470,2023-04-04,ST02,C0186,P053,2,512.39,0.0,1024.78,620.94,403.84,Marketplace
S00471,2023-10-13,ST05,C0300,P084,1,240.69,0.0,240.69,163.63,77.06,Marketplace
S00472,2025-03-13,ST10,C0188,P073,1,238.26,0.0,238.26,173.6,64.66,Marketplace
S00473,2023-05-05,ST07,C0105,P097,2,509.83,0.1,917.69,617.44,300.25,Marketplace
S00474,2024-12-05,ST09,C0190,P023,1,589.93,0.1,530.94,419.87,111.07,Marketplace
S00475,2024-11-17,ST10,C0158,P033,1,760.26,0.0,760.26,422.59,337.67,Marketplace
S00476,2023-05-02,ST14,C0071,P095,2,139.42,0.15,237.01,199.5,37.51,Retail Store
S00477,2025-06-23,ST08,C0118,P096,2,612.7,0.15,1041.59,829.84,211.75,Online
S00478,2023-05-11,ST09,C0110,P013,1,633.58,0.05,601.9,406.57,195.33,Mobile App
S00479,2024-04-28,ST12,C0315,P071,1,573.25,0.15,487.26,357.51,129.75,Retail Store
S00480,2023-01-08,ST11,C0200,P021,2,414.87,0.0,829.74,367.82,461.92,Retail Store
S00481,2024-08-15,ST15,C0242,P019,3,451.75,0.1,1219.73,653.49,566.24,Marketplace
S00482,2024-02-05,ST05,C0033,P012,1,703.62,0.0,703.62,341.62,362.0,Mobile App
S00483,2024-10-20,ST01,C0312,P011,1,309.34,0.15,262.94,193.14,69.8,Marketplace
S00484,2024-07-26,ST11,C0315,P052,1,179.16,0.1,161.24,111.81,49.43,Mobile App
S00485,2023-05-18,ST10,C0494,P092,1,496.59,0.0,496.59,284.79,211.8,Online
S00486,2024-01-11,ST08,C0254,P082,1,824.42,0.0,824.42,416.33,408.09,Online
S00487,2024-09-17,ST13,C0477,P085,1,595.13,0.1,535.62,307.6,228.02,Mobile App
S00488,2025-02-22,ST13,C0018,P025,3,788.41,0.1,2128.71,1051.44,1077.27,Online
S00489,2023-03-20,ST11,C0087,P079,1,118.05,0.0,118.05,74.15,43.9,Mobile App
S00490,2023-04-02,ST01,C0336,P031,1,173.34,0.0,173.34,122.3,51.04,Retail Store
S00491,2024-11-16,ST07,C0400,P036,2,539.12,0.0,1078.24,622.36,455.88,Marketplace
S00492,2024-06-21,ST04,C0301,P052,1,179.16,0.1,161.24,111.81,49.43,Retail Store
S00493,2023-12-16,ST02,C0361,P095,5,139.42,0.0,697.1,498.75,198.35,Mobile App
S00494,2025-05-27,ST09,C0425,P093,1,466.42,0.1,419.78,269.66,150.12,Mobile App
S00495,2023-10-14,ST14,C0494,P045,3,240.79,0.0,722.37,352.56,369.81,Online
S00496,2023-05-08,ST04,C0494,P078,3,331.1,0.05,943.63,515.76,427.87,Marketplace
S00497,2023-09-10,ST05,C0003,P074,1,440.89,0.0,440.89,194.35,246.54,Marketplace
S00498,2023-03-18,ST09,C0055,P065,1,54.39,0.0,54.39,29.11,25.28,Mobile App
S00499,2024-05-19,ST02,C0485,P044,3,670.76,0.1,1811.05,1344.15,466.9,Mobile App
S00500,2024-06-30,ST13,C0417,P069,1,952.97,0.1,857.67,438.88,418.79,Mobile App
S00501,2024-07-07,ST07,C0227,P089,3,178.67,0.1,482.41,291.36,191.05,Marketplace
S00502,2024-12-10,ST13,C0125,P099,1,381.31,0.0,381.31,214.51,166.8,Marketplace
S00503,2024-09-21,ST15,C0236,P088,3,656.76,0.1,1773.25,936.42,836.83,Retail Store
S00504,2025-02-11,ST05,C0060,P062,1,800.1,0.0,800.1,409.77,390.33,Marketplace
S00505,2024-08-22,ST04,C0404,P082,1,824.42,0.15,700.76,416.33,284.43,Online
S00506,2023-10-02,ST06,C0212,P041,1,148.6,0.1,133.74,95.68,38.06,Retail Store
S00507,2024-04-16,ST05,C0427,P090,4,573.25,0.0,2293.0,1152.76,1140.24,Mobile App
S00508,2024-04-09,ST11,C0205,P012,2,703.62,0.15,1196.15,683.24,512.91,Mobile App
S00509,2024-11-12,ST15,C0284,P010,3,177.97,0.0,533.91,344.01,189.9,Marketplace
S00510,2023-09-27,ST04,C0182,P041,3,148.6,0.1,401.22,287.04,114.18,Mobile App
S00511,2023-02-19,ST12,C0485,P024,1,908.43,0.15,772.17,427.45,344.72,Online
S00512,2025-03-28,ST04,C0378,P064,2,189.25,0.0,378.5,187.34,191.16,Online
S00513,2025-05-19,ST04,C0106,P034,2,530.96,0.0,1061.92,736.38,325.54,Online
S00514,2024-03-26,ST03,C0183,P080,2,421.17,0.0,842.34,420.64,421.7,Retail Store
S00515,2023-04-13,ST11,C0347,P011,2,309.34,0.05,587.75,386.28,201.47,Retail Store
S00516,2024-03-31,ST09,C0439,P098,2,610.44,0.0,1220.88,570.76,650.12,Marketplace
S00517,2024-06-25,ST06,C0318,P048,3,113.1,0.05,322.33,177.15,145.18,Mobile App
S00518,2024-04-26,ST13,C0094,P063,1,85.52,0.1,76.97,43.74,33.23,Mobile App
S00519,2025-06-09,ST13,C0114,P051,2,502.39,0.1,904.3,608.76,295.54,Online
S00520,2025-06-18,ST13,C0270,P007,2,572.81,0.05,1088.34,669.76,418.58,Marketplace
S00521,2025-04-30,ST09,C0017,P070,1,819.07,0.0,819.07,399.6,419.47,Marketplace
S00522,2023-05-01,ST03,C0398,P088,2,656.76,0.05,1247.84,624.28,623.56,Retail Store
S00523,2025-02-23,ST08,C0266,P090,1,573.25,0.0,573.25,288.19,285.06,Retail Store
S00524,2024-06-01,ST04,C0346,P002,1,441.21,0.05,419.15,287.87,131.28,Retail Store
S00525,2023-11-29,ST10,C0186,P042,1,552.37,0.0,552.37,408.54,143.83,Online
S00526,2024-09-14,ST04,C0135,P071,2,573.25,0.0,1146.5,715.02,431.48,Marketplace
S00527,2024-11-25,ST06,C0176,P079,2,118.05,0.0,236.1,148.3,87.8,Marketplace
S00528,2025-05-19,ST07,C0108,P055,1,374.11,0.15,317.99,253.49,64.5,Mobile App
S00529,2024-12-02,ST07,C0438,P047,1,583.71,0.0,583.71,415.74,167.97,Marketplace
S00530,2023-01-16,ST03,C0293,P024,4,908.43,0.1,3270.35,1709.8,1560.55,Online
S00531,2023-03-03,ST05,C0370,P013,2,633.58,0.0,1267.16,813.14,454.02,Marketplace
S00532,2023-08-27,ST03,C0101,P049,1,878.21,0.15,746.48,391.27,355.21,Online
S00533,2023-02-06,ST01,C0413,P061,1,603.93,0.0,603.93,329.99,273.94,Marketplace
S00534,2023-02-25,ST15,C0069,P064,2,189.25,0.15,321.72,187.34,134.38,Mobile App
S00535,2024-12-20,ST05,C0154,P063,1,85.52,0.1,76.97,43.74,33.23,Retail Store
S00536,2024-04-06,ST12,C0051,P051,2,502.39,0.0,1004.78,608.76,396.02,Retail Store
S00537,2024-07-26,ST05,C0417,P028,1,535.81,0.05,509.02,301.2,207.82,Retail Store
S00538,2024-04-01,ST06,C0382,P058,1,558.35,0.0,558.35,249.8,308.55,Mobile App
S00539,2024-01-14,ST09,C0287,P047,2,583.71,0.0,1167.42,831.48,335.94,Mobile App
S00540,2024-10-01,ST02,C0211,P003,4,101.68,0.0,406.72,177.92,228.8,Online
S00541,2023-03-17,ST11,C0295,P074,2,440.89,0.15,749.51,388.7,360.81,Online
S00542,2024-05-03,ST06,C0146,P100,1,691.45,0.0,691.45,381.94,309.51,Marketplace
S00543,2024-07-15,ST08,C0378,P100,2,691.45,0.0,1382.9,763.88,619.02,Marketplace
S00544,2023-09-10,ST08,C0147,P079,2,118.05,0.15,200.69,148.3,52.39,Online
S00545,2023-10-10,ST13,C0328,P022,3,753.54,0.0,2260.62,1246.08,1014.54,Marketplace
S00546,2024-04-10,ST10,C0314,P081,5,595.21,0.05,2827.25,1691.2,1136.05,Retail Store
S00547,2023-07-05,ST06,C0083,P011,2,309.34,0.0,618.68,386.28,232.4,Mobile App
S00548,2025-01-06,ST05,C0335,P041,3,148.6,0.15,378.93,287.04,91.89,Mobile App
S00549,2024-05-03,ST07,C0331,P078,2,331.1,0.0,662.2,343.84,318.36,Marketplace
S00550,2023-12-22,ST06,C0442,P100,1,691.45,0.15,587.73,381.94,205.79,Marketplace
S00551,2024-07-31,ST03,C0086,P053,2,512.39,0.0,1024.78,620.94,403.84,Online
S00552,2025-01-30,ST11,C0121,P094,4,634.83,0.0,2539.32,1215.28,1324.04,Retail Store
S00553,2024-09-12,ST07,C0086,P027,3,598.23,0.0,1794.69,1037.97,756.72,Retail Store
S00554,2023-03-02,ST15,C0480,P009,4,211.8,0.05,804.84,489.4,315.44,Retail Store
S00555,2024-09-28,ST07,C0395,P004,1,700.29,0.1,630.26,393.26,237.0,Retail Store
S00556,2024-10-26,ST10,C0135,P014,1,523.69,0.0,523.69,241.55,282.14,Retail Store
S00557,2025-02-10,ST15,C0477,P084,1,240.69,0.05,228.66,163.63,65.03,Mobile App
S00558,2023-02-22,ST12,C0127,P030,2,556.36,0.0,1112.72,550.18,562.54,Marketplace
S00559,2023-03-20,ST03,C0065,P081,1,595.21,0.1,535.69,338.24,197.45,Online
S00560,2024-01-31,ST11,C0018,P004,1,700.29,0.0,700.29,393.26,307.03,Mobile App
S00561,2024-02-18,ST14,C0240,P061,1,603.93,0.1,543.54,329.99,213.55,Mobile App
S00562,2024-07-08,ST03,C0228,P071,3,573.25,0.15,1461.79,1072.53,389.26,Online
S00563,2023-10-09,ST08,C0306,P076,2,361.84,0.15,615.13,331.48,283.65,Marketplace
S00564,2024-11-06,ST11,C0328,P068,1,675.48,0.1,607.93,308.45,299.48,Mobile App
S00565,2024-11-05,ST09,C0247,P045,1,240.79,0.0,240.79,117.52,123.27,Retail Store
S00566,2023-04-19,ST06,C0158,P057,2,866.66,0.05,1646.65,758.68,887.97,Mobile App
S00567,2024-10-06,ST01,C0156,P020,5,796.23,0.0,3981.15,2064.35,1916.8,Online
S00568,2024-10-01,ST08,C0147,P045,1,240.79,0.1,216.71,117.52,99.19,Retail Store
S00569,2023-05-30,ST08,C0473,P089,2,178.67,0.05,339.47,194.24,145.23,Mobile App
S00570,2025-05-18,ST07,C0393,P002,1,441.21,0.0,441.21,287.87,153.34,Online
S00571,2024-04-21,ST06,C0281,P001,2,474.05,0.0,948.1,505.8,442.3,Marketplace
S00572,2024-12-14,ST07,C0224,P072,1,110.76,0.0,110.76,70.94,39.82,Online
S00573,2024-10-18,ST11,C0378,P092,1,496.59,0.05,471.76,284.79,186.97,Marketplace
S00574,2023-06-02,ST02,C0135,P029,2,230.02,0.05,437.04,241.0,196.04,Online
S00575,2023-04-26,ST13,C0392,P067,2,278.89,0.1,502.0,359.96,142.04,Mobile App
S00576,2024-12-12,ST12,C0333,P037,1,559.57,0.1,503.61,365.25,138.36,Mobile App
S00577,2023-09-02,ST14,C0097,P053,1,512.39,0.0,512.39,310.47,201.92,Online
S00578,2025-03-18,ST02,C0149,P018,1,560.51,0.15,476.43,344.12,132.31,Marketplace
S00579,2024-12-03,ST05,C0232,P080,2,421.17,0.15,715.99,420.64,295.35,Marketplace
S00580,2023-01-27,ST01,C0165,P025,1,788.41,0.0,788.41,350.48,437.93,Retail Store
S00581,2025-01-05,ST03,C0012,P069,4,952.97,0.0,3811.88,1755.52,2056.36,Mobile App
S00582,2023-09-05,ST12,C0065,P035,5,381.12,0.05,1810.32,877.9,932.42,Retail Store
S00583,2023-02-28,ST03,C0047,P030,1,556.36,0.0,556.36,275.09,281.27,Marketplace
S00584,2024-10-10,ST07,C0176,P028,3,535.81,0.0,1607.43,903.6,703.83,Marketplace
S00585,2024-06-09,ST12,C0238,P048,2,113.1,0.0,226.2,118.1,108.1,Mobile App
S00586,2023-03-12,ST13,C0432,P011,3,309.34,0.0,928.02,579.42,348.6,Retail Store
S00587,2024-02-19,ST07,C0398,P035,2,381.12,0.0,762.24,351.16,411.08,Marketplace
S00588,2023-11-25,ST15,C0099,P024,1,908.43,0.0,908.43,427.45,480.98,Marketplace
S00589,2024-03-31,ST13,C0063,P002,2,441.21,0.15,750.06,575.74,174.32,Online
S00590,2024-05-31,ST08,C0395,P050,1,251.3,0.0,251.3,129.64,121.66,Retail Store
S00591,2023-12-01,ST12,C0236,P026,1,311.93,0.0,311.93,137.65,174.28,Online
S00592,2023-08-21,ST11,C0200,P061,3,603.93,0.0,1811.79,989.97,821.82,Mobile App
S00593,2023-04-04,ST12,C0323,P021,2,414.87,0.0,829.74,367.82,461.92,Retail Store
S00594,2024-06-06,ST11,C0247,P033,1,760.26,0.0,760.26,422.59,337.67,Online
S00595,2024-10-20,ST01,C0455,P047,2,583.71,0.15,992.31,831.48,160.83,Online
S00596,2023-07-28,ST11,C0121,P015,3,411.34,0.05,1172.32,874.98,297.34,Mobile App
S00597,2024-04-08,ST13,C0086,P002,1,441.21,0.0,441.21,287.87,153.34,Retail Store
S00598,2023-02-10,ST04,C0405,P051,2,502.39,0.0,1004.78,608.76,396.02,Retail Store
S00599,2025-02-25,ST12,C0402,P075,1,347.7,0.05,330.31,174.24,156.07,Online
S00600,2023-08-11,ST02,C0395,P048,1,113.1,0.0,113.1,59.05,54.05,Online
S00601,2024-03-05,ST11,C0047,P064,1,189.25,0.1,170.33,93.67,76.66,Mobile App
S00602,2023-12-15,ST01,C0321,P098,1,610.44,0.0,610.44,285.38,325.06,Mobile App
S00603,2023-05-17,ST12,C0079,P083,1,543.94,0.1,489.55,330.9,158.65,Retail Store
S00604,2025-04-28,ST04,C0250,P017,1,780.73,0.0,780.73,390.83,389.9,Mobile App
S00605,2025-02-20,ST04,C0376,P057,2,866.66,0.0,1733.32,758.68,974.64,Marketplace
S00606,2024-05-18,ST03,C0371,P046,3,653.19,0.0,1959.57,1028.67,930.9,Retail Store
S00607,2025-04-12,ST08,C0362,P063,3,85.52,0.1,230.9,131.22,99.68,Mobile App
S00608,2024-11-05,ST08,C0357,P070,3,819.07,0.0,2457.21,1198.8,1258.41,Online
S00609,2024-01-18,ST06,C0179,P070,2,819.07,0.15,1392.42,799.2,593.22,Marketplace
S00610,2023-10-21,ST14,C0445,P036,1,539.12,0.1,485.21,311.18,174.03,Online
S00611,2024-01-15,ST03,C0272,P009,1,211.8,0.05,201.21,122.35,78.86,Mobile App
S00612,2024-10-18,ST06,C0278,P034,2,530.96,0.05,1008.82,736.38,272.44,Retail Store
S00613,2023-09-05,ST09,C0327,P100,3,691.45,0.05,1970.63,1145.82,824.81,Online
S00614,2023-03-12,ST14,C0318,P003,1,101.68,0.0,101.68,44.48,57.2,Online
S00615,2023-12-06,ST02,C0370,P042,5,552.37,0.15,2347.57,2042.7,304.87,Marketplace
S00616,2024-04-02,ST11,C0269,P025,1,788.41,0.05,748.99,350.48,398.51,Online
S00617,2025-04-01,ST06,C0145,P079,1,118.05,0.05,112.15,74.15,38.0,Mobile App
S00618,2023-06-13,ST09,C0050,P015,3,411.34,0.15,1048.92,874.98,173.94,Retail Store
S00619,2025-01-02,ST03,C0428,P006,1,826.37,0.0,826.37,423.08,403.29,Retail Store
S00620,2025-06-13,ST08,C0055,P026,1,311.93,0.0,311.93,137.65,174.28,Retail Store
S00621,2025-05-19,ST11,C0293,P005,2,187.0,0.05,355.3,188.26,167.04,Marketplace
S00622,2023-03-04,ST12,C0320,P068,1,675.48,0.1,607.93,308.45,299.48,Mobile App
S00623,2024-02-28,ST04,C0188,P007,3,572.81,0.1,1546.59,1004.64,541.95,Retail Store
S00624,2023-09-15,ST15,C0477,P002,2,441.21,0.0,882.42,575.74,306.68,Marketplace
S00625,2025-02-08,ST13,C0240,P011,1,309.34,0.15,262.94,193.14,69.8,Retail Store
S00626,2023-10-26,ST12,C0286,P047,5,583.71,0.05,2772.62,2078.7,693.92,Mobile App
S00627,2024-05-18,ST14,C0030,P091,1,512.66,0.1,461.39,367.79,93.6,Mobile App
S00628,2023-01-08,ST12,C0021,P068,1,675.48,0.0,675.48,308.45,367.03,Mobile App
S00629,2023-07-02,ST04,C0484,P010,3,177.97,0.1,480.52,344.01,136.51,Retail Store
S00630,2024-05-28,ST04,C0372,P013,1,633.58,0.1,570.22,406.57,163.65,Marketplace
S00631,2023-10-04,ST09,C0099,P025,4,788.41,0.15,2680.59,1401.92,1278.67,Online
S00632,2024-07-21,ST03,C0321,P073,1,238.26,0.1,214.43,173.6,40.83,Marketplace
S00633,2024-02-27,ST13,C0055,P096,2,612.7,0.15,1041.59,829.84,211.75,Mobile App
S00634,2024-06-23,ST12,C0235,P087,1,643.14,0.15,546.67,358.95,187.72,Marketplace
S00635,2024-03-25,ST13,C0086,P014,1,523.69,0.0,523.69,241.55,282.14,Marketplace
S00636,2024-12-04,ST11,C0173,P065,1,54.39,0.0,54.39,29.11,25.28,Marketplace
S00637,2023-06-28,ST06,C0463,P046,4,653.19,0.1,2351.48,1371.56,979.92,Mobile App
S00638,2025-03-31,ST13,C0212,P048,2,113.1,0.15,192.27,118.1,74.17,Marketplace
S00639,2024-11-23,ST10,C0166,P093,1,466.42,0.0,466.42,269.66,196.76,Online
S00640,2023-08-12,ST09,C0393,P049,2,878.21,0.15,1492.96,782.54,710.42,Mobile App
S00641,2023-01-06,ST08,C0493,P047,1,583.71,0.05,554.52,415.74,138.78,Marketplace
S00642,2024-01-09,ST01,C0372,P001,2,474.05,0.0,948.1,505.8,442.3,Retail Store
S00643,2023-08-01,ST15,C0070,P067,1,278.89,0.0,278.89,179.98,98.91,Retail Store
S00644,2023-11-12,ST04,C0114,P039,2,839.98,0.0,1679.96,793.32,886.64,Retail Store
S00645,2025-02-03,ST12,C0421,P099,1,381.31,0.0,381.31,214.51,166.8,Online
S00646,2025-03-10,ST08,C0020,P013,1,633.58,0.0,633.58,406.57,227.01,Online
S00647,2025-05-16,ST06,C0136,P018,1,560.51,0.1,504.46,344.12,160.34,Online
S00648,2023-01-02,ST13,C0132,P030,1,556.36,0.0,556.36,275.09,281.27,Retail Store
S00649,2024-08-21,ST10,C0205,P074,4,440.89,0.0,1763.56,777.4,986.16,Retail Store
S00650,2025-02-12,ST13,C0167,P093,2,466.42,0.05,886.2,539.32,346.88,Online
S00651,2024-10-24,ST15,C0423,P063,1,85.52,0.15,72.69,43.74,28.95,Retail Store
S00652,2023-04-05,ST05,C0329,P077,2,146.59,0.0,293.18,201.78,91.4,Marketplace
S00653,2024-04-27,ST01,C0400,P011,1,309.34,0.0,309.34,193.14,116.2,Mobile App
S00654,2023-08-05,ST15,C0214,P056,3,647.27,0.0,1941.81,1198.11,743.7,Online
S00655,2024-03-24,ST14,C0335,P096,2,612.7,0.1,1102.86,829.84,273.02,Retail Store
S00656,2023-02-24,ST11,C0399,P082,2,824.42,0.05,1566.4,832.66,733.74,Retail Store
S00657,2025-06-27,ST01,C0269,P040,1,151.24,0.0,151.24,66.61,84.63,Online
S00658,2024-10-10,ST12,C0258,P042,1,552.37,0.0,552.37,408.54,143.83,Online
S00659,2023-03-26,ST12,C0345,P007,3,572.81,0.05,1632.51,1004.64,627.87,Marketplace
S00660,2025-04-19,ST10,C0305,P097,1,509.83,0.1,458.85,308.72,150.13,Retail Store
S00661,2025-03-28,ST05,C0222,P029,3,230.02,0.05,655.56,361.5,294.06,Online
S00662,2024-04-18,ST02,C0173,P017,1,780.73,0.05,741.69,390.83,350.86,Retail Store
S00663,2024-09-30,ST05,C0205,P071,2,573.25,0.0,1146.5,715.02,431.48,Marketplace
S00664,2023-12-06,ST13,C0223,P065,1,54.39,0.15,46.23,29.11,17.12,Online
S00665,2025-06-06,ST08,C0070,P098,5,610.44,0.1,2746.98,1426.9,1320.08,Online
S00666,2023-03-19,ST11,C0203,P063,2,85.52,0.1,153.94,87.48,66.46,Online
S00667,2023-03-29,ST12,C0316,P072,1,110.76,0.1,99.68,70.94,28.74,Online
S00668,2023-05-02,ST05,C0037,P032,3,266.96,0.05,760.84,430.05,330.79,Mobile App
S00669,2025-01-16,ST10,C0474,P088,3,656.76,0.0,1970.28,936.42,1033.86,Retail Store
S00670,2023-03-10,ST07,C0212,P086,1,320.59,0.0,320.59,197.58,123.01,Mobile App
S00671,2024-06-01,ST06,C0165,P025,3,788.41,0.1,2128.71,1051.44,1077.27,Retail Store
S00672,2024-02-01,ST03,C0157,P099,1,381.31,0.0,381.31,214.51,166.8,Marketplace
S00673,2025-05-28,ST08,C0075,P080,1,421.17,0.0,421.17,210.32,210.85,Online
S00674,2023-08-04,ST06,C0351,P026,1,311.93,0.0,311.93,137.65,174.28,Retail Store
S00675,2023-08-26,ST01,C0379,P015,1,411.34,0.0,411.34,291.66,119.68,Online
S00676,2023-10-14,ST06,C0008,P037,3,559.57,0.15,1426.9,1095.75,331.15,Retail Store
S00677,2024-12-30,ST08,C0231,P040,2,151.24,0.0,302.48,133.22,169.26,Mobile App
S00678,2024-09-30,ST09,C0379,P027,1,598.23,0.0,598.23,345.99,252.24,Online
S00679,2024-10-31,ST13,C0268,P070,1,819.07,0.0,819.07,399.6,419.47,Marketplace
S00680,2023-10-17,ST03,C0374,P080,2,421.17,0.15,715.99,420.64,295.35,Retail Store
S00681,2023-09-05,ST15,C0299,P049,1,878.21,0.15,746.48,391.27,355.21,Retail Store
S00682,2023-03-10,ST01,C0088,P033,1,760.26,0.0,760.26,422.59,337.67,Online
S00683,2023-07-04,ST05,C0317,P090,3,573.25,0.0,1719.75,864.57,855.18,Marketplace
S00684,2024-12-11,ST01,C0484,P084,1,240.69,0.0,240.69,163.63,77.06,Marketplace
S00685,2024-06-16,ST11,C0139,P085,1,595.13,0.15,505.86,307.6,198.26,Mobile App
S00686,2023-05-22,ST05,C0010,P014,3,523.69,0.15,1335.41,724.65,610.76,Marketplace
S00687,2023-05-30,ST09,C0195,P030,1,556.36,0.15,472.91,275.09,197.82,Retail Store
S00688,2024-02-29,ST14,C0249,P041,4,148.6,0.1,534.96,382.72,152.24,Retail Store
S00689,2024-01-06,ST09,C0102,P024,4,908.43,0.05,3452.03,1709.8,1742.23,Retail Store
S00690,2024-05-03,ST15,C0127,P006,2,826.37,0.1,1487.47,846.16,641.31,Mobile App
S00691,2025-05-28,ST07,C0251,P043,1,241.25,0.15,205.06,137.71,67.35,Online
S00692,2023-07-09,ST11,C0178,P003,3,101.68,0.0,305.04,133.44,171.6,Mobile App
S00693,2023-10-08,ST04,C0155,P081,1,595.21,0.1,535.69,338.24,197.45,Mobile App
S00694,2023-08-30,ST05,C0321,P008,1,682.79,0.05,648.65,317.47,331.18,Retail Store
S00695,2023-04-20,ST05,C0486,P072,2,110.76,0.0,221.52,141.88,79.64,Online
S00696,2023-05-24,ST07,C0460,P044,3,670.76,0.15,1710.44,1344.15,366.29,Online
S00697,2024-09-16,ST07,C0374,P012,4,703.62,0.1,2533.03,1366.48,1166.55,Online
S00698,2025-01-22,ST10,C0124,P054,1,66.5,0.0,66.5,28.96,37.54,Marketplace
S00699,2024-09-26,ST10,C0466,P040,3,151.24,0.0,453.72,199.83,253.89,Marketplace
S00700,2023-02-06,ST04,C0068,P070,1,819.07,0.15,696.21,399.6,296.61,Online
S00701,2025-01-31,ST11,C0278,P075,1,347.7,0.0,347.7,174.24,173.46,Online
S00702,2023-10-26,ST12,C0353,P040,2,151.24,0.1,272.23,133.22,139.01,Online
S00703,2023-03-25,ST13,C0466,P056,3,647.27,0.0,1941.81,1198.11,743.7,Online
S00704,2023-08-15,ST09,C0035,P041,2,148.6,0.1,267.48,191.36,76.12,Retail Store
S00705,2023-11-21,ST14,C0163,P024,4,908.43,0.0,3633.72,1709.8,1923.92,Retail Store
S00706,2024-04-12,ST15,C0164,P098,1,610.44,0.05,579.92,285.38,294.54,Marketplace
S00707,2024-09-08,ST12,C0227,P039,1,839.98,0.15,713.98,396.66,317.32,Mobile App
S00708,2023-08-26,ST04,C0399,P020,1,796.23,0.0,796.23,412.87,383.36,Online
S00709,2025-06-21,ST13,C0014,P024,1,908.43,0.1,817.59,427.45,390.14,Mobile App
S00710,2023-01-29,ST10,C0291,P078,2,331.1,0.0,662.2,343.84,318.36,Online
S00711,2024-01-04,ST01,C0352,P030,3,556.36,0.0,1669.08,825.27,843.81,Retail Store
S00712,2024-02-16,ST08,C0400,P089,2,178.67,0.0,357.34,194.24,163.1,Marketplace
S00713,2024-11-12,ST06,C0333,P092,1,496.59,0.0,496.59,284.79,211.8,Marketplace
S00714,2023-08-16,ST03,C0243,P063,1,85.52,0.0,85.52,43.74,41.78,Online
S00715,2024-02-25,ST07,C0017,P029,1,230.02,0.0,230.02,120.5,109.52,Mobile App
S00716,2025-01-02,ST12,C0114,P053,2,512.39,0.15,871.06,620.94,250.12,Online
S00717,2023-05-08,ST02,C0105,P097,1,509.83,0.0,509.83,308.72,201.11,Marketplace
S00718,2023-01-11,ST12,C0251,P079,3,118.05,0.0,354.15,222.45,131.7,Marketplace
S00719,2025-01-26,ST07,C0219,P032,3,266.96,0.0,800.88,430.05,370.83,Marketplace
S00720,2025-06-14,ST07,C0161,P093,1,466.42,0.1,419.78,269.66,150.12,Retail Store
S00721,2023-04-30,ST08,C0056,P067,1,278.89,0.05,264.95,179.98,84.97,Retail Store
S00722,2025-01-20,ST09,C0266,P032,2,266.96,0.05,507.22,286.7,220.52,Retail Store
S00723,2023-12-06,ST09,C0199,P072,1,110.76,0.15,94.15,70.94,23.21,Retail Store
S00724,2024-07-28,ST08,C0150,P025,2,788.41,0.05,1497.98,700.96,797.02,Mobile App
S00725,2024-08-10,ST05,C0424,P100,1,691.45,0.05,656.88,381.94,274.94,Online
S00726,2024-06-14,ST10,C0151,P055,2,374.11,0.0,748.22,506.98,241.24,Online
S00727,2023-08-24,ST11,C0425,P060,3,550.86,0.05,1569.95,1021.59,548.36,Retail Store
S00728,2025-01-10,ST02,C0257,P093,2,466.42,0.0,932.84,539.32,393.52,Online
S00729,2023-01-20,ST06,C0212,P051,1,502.39,0.05,477.27,304.38,172.89,Retail Store
S00730,2023-02-28,ST10,C0233,P023,3,589.93,0.15,1504.32,1259.61,244.71,Online
S00731,2025-04-02,ST05,C0047,P059,2,618.97,0.0,1237.94,848.1,389.84,Online
S00732,2024-02-08,ST02,C0376,P092,1,496.59,0.0,496.59,284.79,211.8,Retail Store
S00733,2023-04-28,ST11,C0231,P091,1,512.66,0.0,512.66,367.79,144.87,Retail Store
S00734,2025-04-04,ST07,C0363,P068,1,675.48,0.15,574.16,308.45,265.71,Online
S00735,2025-01-25,ST07,C0282,P049,5,878.21,0.0,4391.05,1956.35,2434.7,Online
S00736,2023-10-30,ST14,C0290,P043,1,241.25,0.15,205.06,137.71,67.35,Online
S00737,2023-02-08,ST03,C0445,P021,2,414.87,0.0,829.74,367.82,461.92,Retail Store
S00738,2024-02-24,ST05,C0158,P054,2,66.5,0.15,113.05,57.92,55.13,Marketplace
S00739,2023-06-03,ST03,C0321,P037,1,559.57,0.0,559.57,365.25,194.32,Online
S00740,2024-06-06,ST10,C0002,P026,1,311.93,0.0,311.93,137.65,174.28,Retail Store
S00741,2025-01-18,ST14,C0255,P059,1,618.97,0.05,588.02,424.05,163.97,Retail Store
S00742,2023-12-26,ST08,C0452,P078,2,331.1,0.0,662.2,343.84,318.36,Online
S00743,2023-01-27,ST08,C0338,P076,2,361.84,0.05,687.5,331.48,356.02,Marketplace
S00744,2024-09-14,ST10,C0041,P057,3,866.66,0.1,2339.98,1138.02,1201.96,Retail Store
S00745,2023-06-07,ST09,C0452,P032,2,266.96,0.0,533.92,286.7,247.22,Online
S00746,2023-07-15,ST03,C0095,P007,1,572.81,0.0,572.81,334.88,237.93,Mobile App
S00747,2023-06-20,ST14,C0075,P005,1,187.0,0.0,187.0,94.13,92.87,Mobile App
S00748,2023-09-12,ST02,C0472,P043,2,241.25,0.0,482.5,275.42,207.08,Retail Store
S00749,2025-03-15,ST03,C0092,P054,2,66.5,0.15,113.05,57.92,55.13,Mobile App
S00750,2023-02-01,ST12,C0339,P079,1,118.05,0.15,100.34,74.15,26.19,Online
S00751,2024-07-18,ST10,C0384,P059,3,618.97,0.0,1856.91,1272.15,584.76,Retail Store
S00752,2023-08-12,ST05,C0394,P012,1,703.62,0.0,703.62,341.62,362.0,Mobile App
S00753,2023-09-26,ST02,C0420,P049,1,878.21,0.05,834.3,391.27,443.03,Retail Store
S00754,2024-01-11,ST03,C0242,P038,2,348.21,0.0,696.42,431.32,265.1,Mobile App
S00755,2024-05-16,ST07,C0270,P043,2,241.25,0.1,434.25,275.42,158.83,Online
S00756,2023-02-25,ST10,C0108,P090,1,573.25,0.0,573.25,288.19,285.06,Retail Store
S00757,2023-09-12,ST11,C0374,P074,1,440.89,0.1,396.8,194.35,202.45,Retail Store
S00758,2023-05-06,ST12,C0371,P062,1,800.1,0.1,720.09,409.77,310.32,Mobile App
S00759,2023-07-01,ST14,C0312,P055,1,374.11,0.0,374.11,253.49,120.62,Mobile App
S00760,2025-03-16,ST10,C0295,P068,2,675.48,0.0,1350.96,616.9,734.06,Online
S00761,2024-04-24,ST08,C0289,P079,1,118.05,0.1,106.25,74.15,32.1,Marketplace
S00762,2024-07-28,ST03,C0414,P064,4,189.25,0.1,681.3,374.68,306.62,Online
S00763,2024-12-31,ST04,C0149,P091,1,512.66,0.0,512.66,367.79,144.87,Retail Store
S00764,2024-12-25,ST11,C0239,P004,3,700.29,0.0,2100.87,1179.78,921.09,Online
S00765,2025-06-20,ST07,C0213,P079,1,118.05,0.0,118.05,74.15,43.9,Mobile App
S00766,2024-12-13,ST13,C0287,P045,3,240.79,0.15,614.01,352.56,261.45,Online
S00767,2023-11-24,ST04,C0328,P002,1,441.21,0.15,375.03,287.87,87.16,Mobile App
S00768,2024-05-11,ST02,C0405,P033,1,760.26,0.0,760.26,422.59,337.67,Mobile App
S00769,2024-03-17,ST06,C0282,P065,1,54.39,0.0,54.39,29.11,25.28,Retail Store
S00770,2025-04-11,ST06,C0171,P088,3,656.76,0.05,1871.77,936.42,935.35,Retail Store
S00771,2024-04-02,ST06,C0100,P023,2,589.93,0.0,1179.86,839.74,340.12,Marketplace
S00772,2023-12-20,ST01,C0409,P061,2,603.93,0.15,1026.68,659.98,366.7,Online
S00773,2023-06-13,ST11,C0080,P062,2,800.1,0.05,1520.19,819.54,700.65,Mobile App
S00774,2023-10-18,ST14,C0402,P060,4,550.86,0.05,2093.27,1362.12,731.15,Retail Store
S00775,2023-07-19,ST10,C0154,P067,2,278.89,0.15,474.11,359.96,114.15,Mobile App
S00776,2025-03-27,ST01,C0275,P072,3,110.76,0.0,332.28,212.82,119.46,Mobile App
S00777,2024-12-10,ST03,C0034,P046,1,653.19,0.0,653.19,342.89,310.3,Retail Store
S00778,2023-02-23,ST11,C0193,P044,1,670.76,0.1,603.68,448.05,155.63,Online
S00779,2025-06-22,ST07,C0311,P074,2,440.89,0.0,881.78,388.7,493.08,Retail Store
S00780,2024-04-27,ST12,C0158,P097,1,509.83,0.0,509.83,308.72,201.11,Retail Store
S00781,2024-11-29,ST02,C0212,P035,3,381.12,0.05,1086.19,526.74,559.45,Online
S00782,2025-06-29,ST14,C0232,P048,2,113.1,0.0,226.2,118.1,108.1,Online
S00783,2025-06-06,ST03,C0155,P068,1,675.48,0.0,675.48,308.45,367.03,Mobile App
S00784,2023-04-02,ST04,C0399,P005,3,187.0,0.0,561.0,282.39,278.61,Marketplace
S00785,2024-08-21,ST13,C0013,P065,1,54.39,0.05,51.67,29.11,22.56,Online
S00786,2023-08-31,ST15,C0175,P025,3,788.41,0.05,2246.97,1051.44,1195.53,Mobile App
S00787,2025-01-13,ST03,C0168,P100,2,691.45,0.0,1382.9,763.88,619.02,Online
S00788,2025-04-15,ST01,C0371,P027,2,598.23,0.05,1136.64,691.98,444.66,Marketplace
S00789,2023-02-20,ST09,C0443,P092,4,496.59,0.0,1986.36,1139.16,847.2,Retail Store
S00790,2025-06-26,ST01,C0478,P040,1,151.24,0.15,128.55,66.61,61.94,Retail Store
S00791,2023-07-19,ST15,C0240,P043,2,241.25,0.0,482.5,275.42,207.08,Retail Store
S00792,2025-02-10,ST11,C0393,P067,4,278.89,0.15,948.23,719.92,228.31,Mobile App
S00793,2024-12-27,ST13,C0296,P003,1,101.68,0.0,101.68,44.48,57.2,Online
S00794,2023-11-20,ST04,C0103,P042,2,552.37,0.0,1104.74,817.08,287.66,Mobile App
S00795,2025-02-03,ST13,C0164,P069,2,952.97,0.05,1810.64,877.76,932.88,Retail Store
S00796,2025-02-08,ST03,C0077,P035,4,381.12,0.0,1524.48,702.32,822.16,Retail Store
S00797,2023-06-10,ST10,C0491,P002,3,441.21,0.1,1191.27,863.61,327.66,Retail Store
S00798,2024-06-23,ST06,C0278,P027,2,598.23,0.1,1076.81,691.98,384.83,Mobile App
S00799,2025-01-04,ST12,C0073,P035,1,381.12,0.0,381.12,175.58,205.54,Online
S00800,2024-09-27,ST05,C0037,P022,4,753.54,0.1,2712.74,1661.44,1051.3,Mobile App
S00801,2025-04-12,ST01,C0228,P070,1,819.07,0.0,819.07,399.6,419.47,Retail Store
S00802,2023-01-26,ST11,C0463,P061,4,603.93,0.0,2415.72,1319.96,1095.76,Retail Store
S00803,2024-09-30,ST02,C0028,P050,2,251.3,0.05,477.47,259.28,218.19,Marketplace
S00804,2025-05-13,ST10,C0361,P023,1,589.93,0.1,530.94,419.87,111.07,Marketplace
S00805,2024-05-28,ST05,C0183,P079,2,118.05,0.0,236.1,148.3,87.8,Online
S00806,2024-05-27,ST11,C0389,P092,2,496.59,0.1,893.86,569.58,324.28,Retail Store
S00807,2023-06-21,ST08,C0392,P097,1,509.83,0.1,458.85,308.72,150.13,Online
S00808,2025-06-19,ST13,C0417,P012,1,703.62,0.15,598.08,341.62,256.46,Marketplace
S00809,2025-03-14,ST05,C0234,P013,3,633.58,0.15,1615.63,1219.71,395.92,Marketplace
S00810,2024-03-24,ST04,C0119,P061,4,603.93,0.0,2415.72,1319.96,1095.76,Mobile App
S00811,2023-10-09,ST03,C0201,P047,2,583.71,0.15,992.31,831.48,160.83,Mobile App
S00812,2024-03-22,ST08,C0233,P042,1,552.37,0.0,552.37,408.54,143.83,Retail Store
S00813,2023-03-24,ST06,C0058,P061,1,603.93,0.05,573.73,329.99,243.74,Marketplace
S00814,2023-07-31,ST13,C0145,P022,2,753.54,0.0,1507.08,830.72,676.36,Online
S00815,2023-07-19,ST07,C0053,P066,1,400.97,0.15,340.82,272.57,68.25,Retail Store
S00816,2024-04-24,ST11,C0285,P042,2,552.37,0.0,1104.74,817.08,287.66,Mobile App
S00817,2023-01-01,ST07,C0237,P069,1,952.97,0.1,857.67,438.88,418.79,Marketplace
S00818,2025-04-16,ST04,C0318,P031,3,173.34,0.1,468.02,366.9,101.12,Online
S00819,2023-07-03,ST02,C0197,P062,3,800.1,0.0,2400.3,1229.31,1170.99,Online
S00820,2023-04-29,ST07,C0303,P089,3,178.67,0.05,509.21,291.36,217.85,Mobile App
S00821,2024-10-15,ST04,C0356,P070,2,819.07,0.0,1638.14,799.2,838.94,Retail Store
S00822,2025-04-17,ST12,C0477,P095,3,139.42,0.1,376.43,299.25,77.18,Marketplace
S00823,2025-02-08,ST10,C0304,P015,1,411.34,0.05,390.77,291.66,99.11,Mobile App
S00824,2023-10-22,ST14,C0050,P072,3,110.76,0.05,315.67,212.82,102.85,Online
S00825,2023-01-20,ST07,C0490,P040,3,151.24,0.0,453.72,199.83,253.89,Retail Store
S00826,2024-06-18,ST10,C0417,P088,1,656.76,0.05,623.92,312.14,311.78,Mobile App
S00827,2025-04-15,ST11,C0331,P064,3,189.25,0.0,567.75,281.01,286.74,Retail Store
S00828,2024-12-06,ST03,C0419,P028,2,535.81,0.1,964.46,602.4,362.06,Retail Store
S00829,2025-02-10,ST11,C0076,P097,2,509.83,0.0,1019.66,617.44,402.22,Marketplace
S00830,2025-02-23,ST07,C0150,P069,1,952.97,0.1,857.67,438.88,418.79,Marketplace
S00831,2025-05-25,ST11,C0106,P026,1,311.93,0.0,311.93,137.65,174.28,Mobile App
S00832,2023-12-07,ST15,C0407,P073,1,238.26,0.15,202.52,173.6,28.92,Mobile App
S00833,2025-05-08,ST15,C0368,P056,2,647.27,0.0,1294.54,798.74,495.8,Retail Store
S00834,2023-12-27,ST10,C0005,P075,5,347.7,0.1,1564.65,871.2,693.45,Marketplace
S00835,2023-04-03,ST05,C0437,P017,1,780.73,0.0,780.73,390.83,389.9,Mobile App
S00836,2023-10-02,ST01,C0496,P071,2,573.25,0.0,1146.5,715.02,431.48,Mobile App
S00837,2023-05-05,ST05,C0441,P015,4,411.34,0.0,1645.36,1166.64,478.72,Online
S00838,2023-05-24,ST10,C0360,P056,2,647.27,0.05,1229.81,798.74,431.07,Mobile App
S00839,2025-05-14,ST07,C0196,P092,1,496.59,0.05,471.76,284.79,186.97,Marketplace
S00840,2024-12-22,ST11,C0109,P070,5,819.07,0.0,4095.35,1998.0,2097.35,Marketplace
S00841,2025-05-25,ST09,C0097,P018,1,560.51,0.05,532.48,344.12,188.36,Mobile App
S00842,2024-08-14,ST05,C0079,P054,3,66.5,0.15,169.57,86.88,82.69,Online
S00843,2023-06-08,ST02,C0006,P018,2,560.51,0.15,952.87,688.24,264.63,Retail Store
S00844,2025-06-01,ST15,C0370,P019,2,451.75,0.05,858.32,435.66,422.66,Marketplace
S00845,2024-09-23,ST03,C0044,P018,1,560.51,0.15,476.43,344.12,132.31,Marketplace
S00846,2025-04-26,ST13,C0458,P059,2,618.97,0.15,1052.25,848.1,204.15,Marketplace
S00847,2024-12-17,ST08,C0093,P080,4,421.17,0.1,1516.21,841.28,674.93,Marketplace
S00848,2023-07-23,ST08,C0420,P071,1,573.25,0.05,544.59,357.51,187.08,Mobile App
S00849,2024-06-20,ST07,C0096,P029,1,230.02,0.1,207.02,120.5,86.52,Retail Store
S00850,2023-06-09,ST14,C0256,P074,1,440.89,0.15,374.76,194.35,180.41,Online
S00851,2023-10-07,ST05,C0257,P092,1,496.59,0.05,471.76,284.79,186.97,Mobile App
S00852,2024-09-19,ST10,C0020,P005,2,187.0,0.05,355.3,188.26,167.04,Mobile App
S00853,2023-04-27,ST08,C0298,P015,1,411.34,0.15,349.64,291.66,57.98,Retail Store
S00854,2024-10-25,ST12,C0374,P019,1,451.75,0.1,406.57,217.83,188.74,Mobile App
S00855,2025-05-14,ST02,C0265,P060,1,550.86,0.1,495.77,340.53,155.24,Retail Store
S00856,2025-05-14,ST11,C0242,P032,1,266.96,0.15,226.92,143.35,83.57,Retail Store
S00857,2023-12-23,ST09,C0325,P088,1,656.76,0.1,591.08,312.14,278.94,Mobile App
S00858,2025-06-24,ST15,C0028,P079,1,118.05,0.0,118.05,74.15,43.9,Retail Store
S00859,2025-05-29,ST09,C0233,P061,1,603.93,0.05,573.73,329.99,243.74,Mobile App
S00860,2023-01-30,ST13,C0181,P054,2,66.5,0.0,133.0,57.92,75.08,Mobile App
S00861,2024-07-02,ST12,C0019,P022,1,753.54,0.1,678.19,415.36,262.83,Mobile App
S00862,2025-04-19,ST10,C0402,P094,2,634.83,0.0,1269.66,607.64,662.02,Retail Store
S00863,2025-05-31,ST10,C0243,P081,1,595.21,0.0,595.21,338.24,256.97,Retail Store
S00864,2023-07-21,ST13,C0150,P085,1,595.13,0.15,505.86,307.6,198.26,Retail Store
S00865,2024-05-30,ST02,C0249,P037,4,559.57,0.0,2238.28,1461.0,777.28,Retail Store
S00866,2025-05-03,ST03,C0130,P036,1,539.12,0.1,485.21,311.18,174.03,Mobile App
S00867,2023-05-09,ST05,C0440,P036,1,539.12,0.0,539.12,311.18,227.94,Retail Store
S00868,2024-11-10,ST15,C0090,P078,3,331.1,0.1,893.97,515.76,378.21,Online
S00869,2023-08-05,ST06,C0229,P085,3,595.13,0.0,1785.39,922.8,862.59,Mobile App
S00870,2025-06-13,ST08,C0121,P090,1,573.25,0.0,573.25,288.19,285.06,Retail Store
S00871,2023-06-02,ST03,C0044,P044,1,670.76,0.1,603.68,448.05,155.63,Online
S00872,2025-03-17,ST07,C0386,P064,2,189.25,0.05,359.57,187.34,172.23,Online
S00873,2023-03-22,ST12,C0226,P085,1,595.13,0.15,505.86,307.6,198.26,Online
S00874,2024-10-07,ST12,C0296,P027,1,598.23,0.0,598.23,345.99,252.24,Retail Store
S00875,2024-08-05,ST13,C0136,P083,2,543.94,0.0,1087.88,661.8,426.08,Retail Store
S00876,2025-03-18,ST07,C0238,P022,1,753.54,0.05,715.86,415.36,300.5,Mobile App
S00877,2024-02-11,ST13,C0383,P061,3,603.93,0.1,1630.61,989.97,640.64,Online
S00878,2023-08-30,ST12,C0350,P049,2,878.21,0.05,1668.6,782.54,886.06,Marketplace
S00879,2023-08-16,ST09,C0075,P034,5,530.96,0.05,2522.06,1840.95,681.11,Retail Store
S00880,2023-03-03,ST13,C0475,P037,1,559.57,0.05,531.59,365.25,166.34,Marketplace
S00881,2023-08-22,ST09,C0162,P087,1,643.14,0.15,546.67,358.95,187.72,Retail Store
S00882,2023-04-09,ST09,C0470,P013,1,633.58,0.15,538.54,406.57,131.97,Mobile App
S00883,2023-01-02,ST15,C0313,P056,1,647.27,0.15,550.18,399.37,150.81,Mobile App
S00884,2023-12-18,ST05,C0139,P043,2,241.25,0.0,482.5,275.42,207.08,Mobile App
S00885,2024-10-29,ST07,C0300,P084,1,240.69,0.05,228.66,163.63,65.03,Online
S00886,2025-06-01,ST10,C0345,P094,2,634.83,0.0,1269.66,607.64,662.02,Mobile App
S00887,2025-03-16,ST03,C0354,P087,3,643.14,0.0,1929.42,1076.85,852.57,Retail Store
S00888,2024-03-25,ST14,C0005,P087,2,643.14,0.0,1286.28,717.9,568.38,Retail Store
S00889,2023-12-12,ST09,C0051,P053,5,512.39,0.0,2561.95,1552.35,1009.6,Marketplace
S00890,2024-05-12,ST12,C0113,P045,1,240.79,0.0,240.79,117.52,123.27,Mobile App
S00891,2023-04-03,ST01,C0018,P025,2,788.41,0.1,1419.14,700.96,718.18,Retail Store
S00892,2024-03-12,ST10,C0481,P008,2,682.79,0.15,1160.74,634.94,525.8,Online
S00893,2025-02-26,ST02,C0327,P077,1,146.59,0.15,124.6,100.89,23.71,Retail Store
S00894,2024-08-16,ST10,C0439,P012,1,703.62,0.0,703.62,341.62,362.0,Marketplace
S00895,2024-09-18,ST15,C0392,P085,2,595.13,0.15,1011.72,615.2,396.52,Online
S00896,2023-05-29,ST03,C0357,P015,1,411.34,0.0,411.34,291.66,119.68,Mobile App
S00897,2023-03-09,ST15,C0339,P060,2,550.86,0.0,1101.72,681.06,420.66,Marketplace
S00898,2025-02-09,ST07,C0394,P036,1,539.12,0.15,458.25,311.18,147.07,Mobile App
S00899,2023-09-26,ST13,C0083,P033,1,760.26,0.0,760.26,422.59,337.67,Mobile App
S00900,2023-10-18,ST07,C0032,P100,2,691.45,0.05,1313.76,763.88,549.88,Mobile App
S00901,2025-05-16,ST14,C0133,P008,2,682.79,0.0,1365.58,634.94,730.64,Online
S00902,2023-03-09,ST08,C0036,P057,1,866.66,0.0,866.66,379.34,487.32,Marketplace
S00903,2023-06-04,ST08,C0331,P023,1,589.93,0.0,589.93,419.87,170.06,Online
S00904,2023-12-09,ST07,C0394,P070,3,819.07,0.0,2457.21,1198.8,1258.41,Retail Store
S00905,2024-10-28,ST05,C0367,P057,1,866.66,0.0,866.66,379.34,487.32,Retail Store
S00906,2024-05-13,ST10,C0037,P010,1,177.97,0.15,151.27,114.67,36.6,Mobile App
S00907,2025-03-29,ST01,C0229,P100,1,691.45,0.05,656.88,381.94,274.94,Online
S00908,2023-03-26,ST01,C0328,P084,2,240.69,0.0,481.38,327.26,154.12,Marketplace
S00909,2024-06-25,ST12,C0078,P035,1,381.12,0.0,381.12,175.58,205.54,Marketplace
S00910,2024-07-13,ST09,C0002,P074,3,440.89,0.15,1124.27,583.05,541.22,Marketplace
S00911,2024-03-15,ST07,C0224,P062,4,800.1,0.15,2720.34,1639.08,1081.26,Retail Store
S00912,2023-01-29,ST01,C0116,P070,1,819.07,0.05,778.12,399.6,378.52,Marketplace
S00913,2025-05-08,ST09,C0291,P016,1,442.1,0.0,442.1,278.25,163.85,Mobile App
S00914,2023-05-31,ST07,C0156,P088,4,656.76,0.0,2627.04,1248.56,1378.48,Retail Store
S00915,2025-03-21,ST14,C0274,P047,1,583.71,0.0,583.71,415.74,167.97,Retail Store
S00916,2023-05-24,ST13,C0390,P059,1,618.97,0.0,618.97,424.05,194.92,Online
S00917,2023-04-03,ST01,C0284,P023,1,589.93,0.05,560.43,419.87,140.56,Online
S00918,2023-07-07,ST07,C0357,P039,3,839.98,0.0,2519.94,1189.98,1329.96,Mobile App
S00919,2023-06-23,ST15,C0044,P063,1,85.52,0.15,72.69,43.74,28.95,Marketplace
S00920,2024-09-27,ST03,C0098,P095,2,139.42,0.0,278.84,199.5,79.34,Online
S00921,2024-10-19,ST10,C0369,P004,4,700.29,0.0,2801.16,1573.04,1228.12,Marketplace
S00922,2024-10-27,ST13,C0033,P050,1,251.3,0.1,226.17,129.64,96.53,Mobile App
S00923,2023-08-30,ST14,C0274,P064,1,189.25,0.05,179.79,93.67,86.12,Retail Store
S00924,2023-09-14,ST01,C0174,P005,2,187.0,0.0,374.0,188.26,185.74,Retail Store
S00925,2023-08-05,ST04,C0061,P052,5,179.16,0.15,761.43,559.05,202.38,Marketplace
S00926,2023-02-15,ST14,C0446,P087,1,643.14,0.1,578.83,358.95,219.88,Online
S00927,2024-06-04,ST04,C0297,P095,3,139.42,0.0,418.26,299.25,119.01,Retail Store
S00928,2025-02-04,ST08,C0073,P095,1,139.42,0.15,118.51,99.75,18.76,Retail Store
S00929,2023-05-20,ST15,C0465,P061,4,603.93,0.1,2174.15,1319.96,854.19,Retail Store
S00930,2023-11-25,ST11,C0360,P032,1,266.96,0.0,266.96,143.35,123.61,Retail Store
S00931,2024-01-25,ST01,C0324,P023,1,589.93,0.0,589.93,419.87,170.06,Retail Store
S00932,2023-09-26,ST03,C0313,P059,2,618.97,0.1,1114.15,848.1,266.05,Retail Store
S00933,2024-08-26,ST08,C0059,P014,4,523.69,0.1,1885.28,966.2,919.08,Online
S00934,2024-06-30,ST04,C0412,P009,3,211.8,0.05,603.63,367.05,236.58,Mobile App
S00935,2023-07-01,ST07,C0348,P095,1,139.42,0.0,139.42,99.75,39.67,Retail Store
S00936,2023-01-24,ST09,C0295,P088,4,656.76,0.0,2627.04,1248.56,1378.48,Mobile App
S00937,2023-06-05,ST01,C0392,P028,3,535.81,0.1,1446.69,903.6,543.09,Online
S00938,2023-09-23,ST02,C0033,P043,1,241.25,0.0,241.25,137.71,103.54,Online
S00939,2023-03-16,ST03,C0213,P097,3,509.83,0.15,1300.07,926.16,373.91,Mobile App
S00940,2025-02-07,ST08,C0085,P071,1,573.25,0.0,573.25,357.51,215.74,Retail Store
S00941,2023-10-08,ST13,C0052,P018,1,560.51,0.15,476.43,344.12,132.31,Marketplace
S00942,2023-12-29,ST01,C0081,P100,2,691.45,0.05,1313.76,763.88,549.88,Retail Store
S00943,2024-03-21,ST03,C0004,P001,1,474.05,0.0,474.05,252.9,221.15,Mobile App
S00944,2024-08-25,ST13,C0356,P054,3,66.5,0.05,189.52,86.88,102.64,Online
S00945,2023-03-25,ST11,C0074,P027,1,598.23,0.0,598.23,345.99,252.24,Marketplace
S00946,2024-05-10,ST03,C0123,P053,3,512.39,0.1,1383.45,931.41,452.04,Retail Store
S00947,2023-06-18,ST12,C0093,P077,5,146.59,0.05,696.3,504.45,191.85,Retail Store
S00948,2025-03-17,ST13,C0424,P081,1,595.21,0.0,595.21,338.24,256.97,Mobile App
S00949,2023-12-03,ST09,C0003,P054,1,66.5,0.0,66.5,28.96,37.54,Online
S00950,2024-02-11,ST02,C0272,P016,1,442.1,0.1,397.89,278.25,119.64,Mobile App
S00951,2023-08-28,ST09,C0277,P098,1,610.44,0.0,610.44,285.38,325.06,Marketplace
S00952,2024-02-28,ST11,C0321,P099,1,381.31,0.0,381.31,214.51,166.8,Mobile App
S00953,2023-07-26,ST02,C0100,P007,2,572.81,0.0,1145.62,669.76,475.86,Marketplace
S00954,2023-09-02,ST03,C0091,P064,2,189.25,0.15,321.72,187.34,134.38,Retail Store
S00955,2023-02-26,ST06,C0331,P007,1,572.81,0.0,572.81,334.88,237.93,Online
S00956,2024-11-16,ST06,C0129,P056,3,647.27,0.1,1747.63,1198.11,549.52,Marketplace
S00957,2024-08-31,ST12,C0054,P006,1,826.37,0.0,826.37,423.08,403.29,Online
S00958,2023-03-20,ST01,C0403,P021,1,414.87,0.05,394.13,183.91,210.22,Retail Store
S00959,2023-11-10,ST04,C0459,P010,1,177.97,0.15,151.27,114.67,36.6,Marketplace
S00960,2024-05-08,ST06,C0297,P076,4,361.84,0.05,1374.99,662.96,712.03,Online
S00961,2025-06-03,ST15,C0347,P096,1,612.7,0.0,612.7,414.92,197.78,Online
S00962,2024-06-21,ST06,C0057,P100,3,691.45,0.0,2074.35,1145.82,928.53,Retail Store
S00963,2024-05-19,ST07,C0378,P031,1,173.34,0.0,173.34,122.3,51.04,Marketplace
S00964,2025-02-04,ST08,C0038,P029,3,230.02,0.1,621.05,361.5,259.55,Marketplace
S00965,2025-01-15,ST07,C0456,P007,1,572.81,0.0,572.81,334.88,237.93,Online
S00966,2024-01-17,ST03,C0233,P079,1,118.05,0.05,112.15,74.15,38.0,Mobile App
S00967,2024-05-02,ST12,C0235,P018,4,560.51,0.0,2242.04,1376.48,865.56,Mobile App
S00968,2025-02-28,ST06,C0104,P035,1,381.12,0.0,381.12,175.58,205.54,Retail Store
S00969,2024-03-08,ST01,C0292,P089,2,178.67,0.0,357.34,194.24,163.1,Online
S00970,2025-03-14,ST08,C0437,P015,1,411.34,0.05,390.77,291.66,99.11,Marketplace
S00971,2024-03-09,ST06,C0390,P022,1,753.54,0.0,753.54,415.36,338.18,Mobile App
S00972,2023-03-13,ST13,C0081,P078,2,331.1,0.15,562.87,343.84,219.03,Online
S00973,2025-04-02,ST09,C0497,P074,1,440.89,0.0,440.89,194.35,246.54,Retail Store
S00974,2024-10-12,ST09,C0439,P053,2,512.39,0.05,973.54,620.94,352.6,Online
S00975,2024-04-02,ST14,C0243,P076,1,361.84,0.05,343.75,165.74,178.01,Mobile App
S00976,2025-03-31,ST07,C0374,P002,2,441.21,0.15,750.06,575.74,174.32,Online
S00977,2024-12-30,ST07,C0168,P032,1,266.96,0.1,240.26,143.35,96.91,Online
S00978,2024-09-09,ST03,C0485,P076,1,361.84,0.1,325.66,165.74,159.92,Retail Store
S00979,2024-07-19,ST01,C0023,P054,4,66.5,0.05,252.7,115.84,136.86,Retail Store
S00980,2023-04-20,ST07,C0272,P055,3,374.11,0.05,1066.21,760.47,305.74,Retail Store
S00981,2024-11-20,ST04,C0254,P058,2,558.35,0.0,1116.7,499.6,617.1,Retail Store
S00982,2023-06-07,ST07,C0375,P089,2,178.67,0.0,357.34,194.24,163.1,Online
S00983,2025-06-15,ST04,C0152,P046,1,653.19,0.15,555.21,342.89,212.32,Retail Store
S00984,2025-06-04,ST11,C0246,P003,6,101.68,0.0,610.08,266.88,343.2,Online
S00985,2025-01-06,ST14,C0236,P091,1,512.66,0.1,461.39,367.79,93.6,Retail Store
S00986,2023-04-25,ST13,C0238,P059,2,618.97,0.0,1237.94,848.1,389.84,Marketplace
S00987,2024-01-21,ST14,C0405,P024,2,908.43,0.0,1816.86,854.9,961.96,Marketplace
S00988,2025-06-19,ST01,C0325,P091,2,512.66,0.15,871.52,735.58,135.94,Retail Store
S00989,2024-02-01,ST12,C0458,P050,1,251.3,0.0,251.3,129.64,121.66,Retail Store
S00990,2025-06-27,ST13,C0219,P038,1,348.21,0.0,348.21,215.66,132.55,Online
S00991,2024-07-25,ST10,C0042,P088,4,656.76,0.0,2627.04,1248.56,1378.48,Retail Store
S00992,2025-01-29,ST15,C0485,P066,3,400.97,0.15,1022.47,817.71,204.76,Mobile App
S00993,2023-08-23,ST07,C0057,P007,2,572.81,0.0,1145.62,669.76,475.86,Marketplace
S00994,2025-04-09,ST06,C0021,P080,1,421.17,0.0,421.17,210.32,210.85,Online
S00995,2025-04-12,ST12,C0287,P083,2,543.94,0.0,1087.88,661.8,426.08,Online
S00996,2023-03-03,ST04,C0172,P018,2,560.51,0.1,1008.92,688.24,320.68,Retail Store
S00997,2023-12-20,ST12,C0245,P084,1,240.69,0.1,216.62,163.63,52.99,Online
S00998,2023-12-28,ST13,C0382,P097,1,509.83,0.0,509.83,308.72,201.11,Mobile App
S00999,2023-10-25,ST05,C0460,P046,1,653.19,0.1,587.87,342.89,244.98,Marketplace
S01000,2023-09-09,ST02,C0028,P036,1,539.12,0.0,539.12,311.18,227.94,Mobile App
S01001,2024-02-22,ST09,C0249,P058,1,558.35,0.1,502.52,249.8,252.72,Retail Store
S01002,2025-03-06,ST09,C0364,P061,1,603.93,0.15,513.34,329.99,183.35,Mobile App
S01003,2024-12-17,ST06,C0318,P058,1,558.35,0.15,474.6,249.8,224.8,Retail Store
S01004,2024-07-21,ST15,C0457,P025,1,788.41,0.05,748.99,350.48,398.51,Retail Store
S01005,2024-04-21,ST15,C0201,P011,1,309.34,0.0,309.34,193.14,116.2,Mobile App
S01006,2024-01-18,ST03,C0056,P010,2,177.97,0.0,355.94,229.34,126.6,Retail Store
S01007,2024-01-13,ST08,C0076,P090,2,573.25,0.0,1146.5,576.38,570.12,Online
S01008,2023-05-16,ST11,C0488,P067,3,278.89,0.0,836.67,539.94,296.73,Mobile App
S01009,2024-06-19,ST11,C0497,P054,3,66.5,0.1,179.55,86.88,92.67,Online
S01010,2024-11-21,ST07,C0178,P061,1,603.93,0.05,573.73,329.99,243.74,Retail Store
S01011,2025-05-06,ST02,C0097,P038,1,348.21,0.0,348.21,215.66,132.55,Online
S01012,2025-04-22,ST06,C0331,P067,2,278.89,0.05,529.89,359.96,169.93,Mobile App
S01013,2024-05-27,ST13,C0331,P084,1,240.69,0.0,240.69,163.63,77.06,Marketplace
S01014,2023-04-03,ST12,C0341,P076,2,361.84,0.1,651.31,331.48,319.83,Marketplace
S01015,2023-09-18,ST10,C0156,P059,1,618.97,0.0,618.97,424.05,194.92,Mobile App
S01016,2024-05-02,ST05,C0405,P022,1,753.54,0.0,753.54,415.36,338.18,Marketplace
S01017,2023-11-10,ST05,C0498,P048,3,113.1,0.0,339.3,177.15,162.15,Online
S01018,2024-01-10,ST08,C0146,P046,1,653.19,0.0,653.19,342.89,310.3,Online
S01019,2023-12-15,ST05,C0275,P092,4,496.59,0.0,1986.36,1139.16,847.2,Online
S01020,2024-03-18,ST15,C0355,P091,1,512.66,0.15,435.76,367.79,67.97,Online
S01021,2024-07-08,ST02,C0122,P021,1,414.87,0.0,414.87,183.91,230.96,Mobile App
S01022,2023-02-04,ST08,C0065,P074,2,440.89,0.0,881.78,388.7,493.08,Mobile App
S01023,2023-09-08,ST09,C0106,P024,1,908.43,0.15,772.17,427.45,344.72,Retail Store
S01024,2023-05-12,ST06,C0163,P086,6,320.59,0.0,1923.54,1185.48,738.06,Mobile App
S01025,2024-07-08,ST03,C0277,P058,1,558.35,0.1,502.52,249.8,252.72,Mobile App
S01026,2024-09-23,ST01,C0472,P016,1,442.1,0.05,420.0,278.25,141.75,Marketplace
S01027,2023-02-05,ST08,C0075,P099,3,381.31,0.0,1143.93,643.53,500.4,Online
S01028,2025-03-21,ST12,C0497,P001,3,474.05,0.1,1279.94,758.7,521.24,Mobile App
S01029,2023-10-29,ST05,C0362,P083,1,543.94,0.05,516.74,330.9,185.84,Mobile App
S01030,2023-08-05,ST11,C0294,P097,2,509.83,0.0,1019.66,617.44,402.22,Marketplace
S01031,2024-11-10,ST02,C0353,P044,2,670.76,0.15,1140.29,896.1,244.19,Marketplace
S01032,2025-04-18,ST11,C0072,P006,1,826.37,0.1,743.73,423.08,320.65,Retail Store
S01033,2025-03-28,ST07,C0013,P040,1,151.24,0.1,136.12,66.61,69.51,Online
S01034,2023-01-19,ST02,C0183,P058,2,558.35,0.0,1116.7,499.6,617.1,Retail Store
S01035,2025-01-14,ST04,C0329,P078,2,331.1,0.1,595.98,343.84,252.14,Online
S01036,2023-10-04,ST04,C0143,P099,2,381.31,0.0,762.62,429.02,333.6,Retail Store
S01037,2023-09-13,ST08,C0435,P069,2,952.97,0.15,1620.05,877.76,742.29,Retail Store
S01038,2024-03-23,ST04,C0202,P066,2,400.97,0.05,761.84,545.14,216.7,Mobile App
S01039,2024-09-26,ST09,C0310,P078,1,331.1,0.0,331.1,171.92,159.18,Mobile App
S01040,2023-03-31,ST12,C0076,P051,1,502.39,0.05,477.27,304.38,172.89,Mobile App
S01041,2025-03-02,ST01,C0191,P050,1,251.3,0.0,251.3,129.64,121.66,Mobile App
S01042,2023-05-03,ST08,C0158,P045,4,240.79,0.1,866.84,470.08,396.76,Retail Store
S01043,2025-06-06,ST15,C0373,P028,2,535.81,0.05,1018.04,602.4,415.64,Marketplace
S01044,2024-02-08,ST03,C0148,P057,4,866.66,0.15,2946.64,1517.36,1429.28,Marketplace
S01045,2025-01-22,ST07,C0459,P094,2,634.83,0.0,1269.66,607.64,662.02,Retail Store
S01046,2023-09-03,ST05,C0107,P019,2,451.75,0.05,858.32,435.66,422.66,Mobile App
S01047,2024-01-15,ST10,C0478,P009,7,211.8,0.05,1408.47,856.45,552.02,Retail Store
S01048,2024-08-11,ST11,C0210,P001,2,474.05,0.0,948.1,505.8,442.3,Marketplace
S01049,2023-06-21,ST08,C0285,P023,2,589.93,0.15,1002.88,839.74,163.14,Online
S01050,2023-07-12,ST14,C0096,P026,3,311.93,0.05,889.0,412.95,476.05,Mobile App
S01051,2025-01-20,ST01,C0252,P071,1,573.25,0.0,573.25,357.51,215.74,Mobile App
S01052,2024-11-06,ST12,C0287,P064,2,189.25,0.05,359.57,187.34,172.23,Online
S01053,2024-11-22,ST01,C0406,P004,1,700.29,0.0,700.29,393.26,307.03,Mobile App
S01054,2025-03-01,ST11,C0490,P039,3,839.98,0.15,2141.95,1189.98,951.97,Marketplace
S01055,2025-01-17,ST11,C0335,P016,1,442.1,0.0,442.1,278.25,163.85,Marketplace
S01056,2024-04-14,ST15,C0252,P023,2,589.93,0.15,1002.88,839.74,163.14,Online
S01057,2023-05-25,ST13,C0062,P004,1,700.29,0.0,700.29,393.26,307.03,Marketplace
S01058,2023-10-11,ST12,C0307,P009,2,211.8,0.0,423.6,244.7,178.9,Marketplace
S01059,2024-04-06,ST14,C0224,P073,2,238.26,0.0,476.52,347.2,129.32,Marketplace
S01060,2023-05-04,ST02,C0419,P089,4,178.67,0.0,714.68,388.48,326.2,Retail Store
S01061,2025-02-14,ST10,C0084,P034,2,530.96,0.0,1061.92,736.38,325.54,Online
S01062,2025-03-12,ST15,C0237,P041,2,148.6,0.15,252.62,191.36,61.26,Online
S01063,2023-01-27,ST01,C0084,P046,1,653.19,0.0,653.19,342.89,310.3,Mobile App
S01064,2023-06-25,ST15,C0326,P054,1,66.5,0.0,66.5,28.96,37.54,Retail Store
S01065,2025-01-28,ST09,C0150,P038,1,348.21,0.15,295.98,215.66,80.32,Retail Store
S01066,2025-02-01,ST13,C0100,P066,1,400.97,0.15,340.82,272.57,68.25,Online
S01067,2023-08-16,ST10,C0049,P098,1,610.44,0.0,610.44,285.38,325.06,Mobile App
S01068,2024-02-20,ST14,C0424,P041,1,148.6,0.15,126.31,95.68,30.63,Mobile App
S01069,2025-04-16,ST12,C0351,P035,3,381.12,0.15,971.86,526.74,445.12,Mobile App
S01070,2024-10-03,ST10,C0274,P013,2,633.58,0.0,1267.16,813.14,454.02,Online
S01071,2023-09-07,ST09,C0071,P002,2,441.21,0.0,882.42,575.74,306.68,Mobile App
S01072,2025-01-20,ST07,C0249,P100,5,691.45,0.0,3457.25,1909.7,1547.55,Online
S01073,2024-04-05,ST03,C0112,P014,1,523.69,0.1,471.32,241.55,229.77,Online
S01074,2024-08-01,ST15,C0408,P025,1,788.41,0.1,709.57,350.48,359.09,Retail Store
S01075,2023-04-23,ST15,C0236,P054,2,66.5,0.0,133.0,57.92,75.08,Retail Store
S01076,2023-01-28,ST01,C0473,P017,1,780.73,0.05,741.69,390.83,350.86,Mobile App
S01077,2023-12-06,ST06,C0354,P040,1,151.24,0.0,151.24,66.61,84.63,Marketplace
S01078,2024-06-25,ST13,C0268,P077,3,146.59,0.0,439.77,302.67,137.1,Online
S01079,2023-06-11,ST01,C0156,P091,3,512.66,0.15,1307.28,1103.37,203.91,Retail Store
S01080,2025-03-04,ST14,C0066,P029,1,230.02,0.15,195.52,120.5,75.02,Online
S01081,2024-06-18,ST05,C0117,P089,2,178.67,0.0,357.34,194.24,163.1,Online
S01082,2023-11-15,ST07,C0041,P017,1,780.73,0.15,663.62,390.83,272.79,Retail Store
S01083,2023-05-29,ST13,C0010,P010,1,177.97,0.05,169.07,114.67,54.4,Marketplace
S01084,2025-03-25,ST02,C0101,P006,1,826.37,0.0,826.37,423.08,403.29,Retail Store
S01085,2024-11-13,ST15,C0061,P061,2,603.93,0.0,1207.86,659.98,547.88,Retail Store
S01086,2024-09-19,ST11,C0155,P009,2,211.8,0.0,423.6,244.7,178.9,Retail Store
S01087,2023-09-17,ST10,C0472,P016,1,442.1,0.0,442.1,278.25,163.85,Online
S01088,2023-12-19,ST06,C0344,P024,1,908.43,0.0,908.43,427.45,480.98,Retail Store
S01089,2023-05-29,ST12,C0434,P019,2,451.75,0.0,903.5,435.66,467.84,Mobile App
S01090,2024-06-05,ST14,C0083,P046,3,653.19,0.1,1763.61,1028.67,734.94,Online
S01091,2025-05-29,ST02,C0292,P065,1,54.39,0.0,54.39,29.11,25.28,Retail Store
S01092,2025-02-19,ST12,C0112,P068,2,675.48,0.0,1350.96,616.9,734.06,Mobile App
S01093,2024-08-12,ST13,C0462,P022,5,753.54,0.1,3390.93,2076.8,1314.13,Retail Store
S01094,2024-09-09,ST15,C0051,P093,2,466.42,0.0,932.84,539.32,393.52,Marketplace
S01095,2023-09-03,ST10,C0358,P047,2,583.71,0.0,1167.42,831.48,335.94,Marketplace
S01096,2024-01-09,ST02,C0491,P087,3,643.14,0.0,1929.42,1076.85,852.57,Mobile App
S01097,2023-01-19,ST04,C0218,P049,1,878.21,0.1,790.39,391.27,399.12,Online
S01098,2024-12-11,ST13,C0058,P053,2,512.39,0.0,1024.78,620.94,403.84,Retail Store
S01099,2024-11-30,ST09,C0057,P060,1,550.86,0.0,550.86,340.53,210.33,Marketplace
S01100,2023-01-09,ST12,C0185,P098,2,610.44,0.0,1220.88,570.76,650.12,Retail Store
S01101,2025-04-10,ST08,C0168,P011,4,309.34,0.0,1237.36,772.56,464.8,Marketplace
S01102,2024-08-12,ST10,C0234,P037,4,559.57,0.15,1902.54,1461.0,441.54,Mobile App
S01103,2024-07-01,ST14,C0500,P088,1,656.76,0.05,623.92,312.14,311.78,Online
S01104,2023-01-08,ST05,C0209,P071,1,573.25,0.05,544.59,357.51,187.08,Online
S01105,2023-08-18,ST14,C0459,P009,6,211.8,0.05,1207.26,734.1,473.16,Mobile App
S01106,2025-01-03,ST11,C0007,P023,1,589.93,0.05,560.43,419.87,140.56,Retail Store
S01107,2023-10-06,ST09,C0225,P051,3,502.39,0.15,1281.09,913.14,367.95,Retail Store
S01108,2025-05-30,ST07,C0074,P016,1,442.1,0.05,420.0,278.25,141.75,Retail Store
S01109,2024-08-08,ST15,C0474,P095,3,139.42,0.0,418.26,299.25,119.01,Retail Store
S01110,2024-01-22,ST04,C0500,P047,4,583.71,0.0,2334.84,1662.96,671.88,Online
S01111,2023-12-09,ST07,C0433,P077,3,146.59,0.0,439.77,302.67,137.1,Online
S01112,2023-11-14,ST08,C0372,P055,2,374.11,0.0,748.22,506.98,241.24,Mobile App
S01113,2023-08-18,ST13,C0405,P097,1,509.83,0.15,433.36,308.72,124.64,Marketplace
S01114,2024-03-01,ST11,C0244,P046,1,653.19,0.1,587.87,342.89,244.98,Marketplace
S01115,2024-09-08,ST05,C0262,P063,1,85.52,0.0,85.52,43.74,41.78,Marketplace
S01116,2025-01-20,ST05,C0063,P014,3,523.69,0.05,1492.52,724.65,767.87,Marketplace
S01117,2023-12-28,ST03,C0322,P030,4,556.36,0.0,2225.44,1100.36,1125.08,Retail Store
S01118,2023-04-04,ST14,C0028,P095,1,139.42,0.0,139.42,99.75,39.67,Marketplace
S01119,2024-04-10,ST03,C0014,P087,1,643.14,0.05,610.98,358.95,252.03,Mobile App
S01120,2024-08-26,ST10,C0156,P020,1,796.23,0.1,716.61,412.87,303.74,Retail Store
S01121,2025-02-07,ST11,C0040,P098,2,610.44,0.1,1098.79,570.76,528.03,Marketplace
S01122,2023-12-07,ST05,C0104,P060,1,550.86,0.15,468.23,340.53,127.7,Marketplace
S01123,2024-08-12,ST05,C0259,P063,2,85.52,0.1,153.94,87.48,66.46,Mobile App
S01124,2024-07-08,ST01,C0280,P070,2,819.07,0.0,1638.14,799.2,838.94,Marketplace
S01125,2023-09-29,ST08,C0197,P016,3,442.1,0.0,1326.3,834.75,491.55,Marketplace
S01126,2023-04-09,ST01,C0236,P057,1,866.66,0.0,866.66,379.34,487.32,Online
S01127,2023-02-28,ST14,C0338,P072,2,110.76,0.0,221.52,141.88,79.64,Online
S01128,2025-06-19,ST03,C0221,P063,1,85.52,0.0,85.52,43.74,41.78,Marketplace
S01129,2024-08-06,ST02,C0392,P063,2,85.52,0.1,153.94,87.48,66.46,Marketplace
S01130,2025-02-23,ST11,C0284,P085,1,595.13,0.1,535.62,307.6,228.02,Marketplace
S01131,2023-08-26,ST14,C0288,P061,1,603.93,0.0,603.93,329.99,273.94,Retail Store
S01132,2024-10-09,ST08,C0135,P051,3,502.39,0.1,1356.45,913.14,443.31,Marketplace
S01133,2025-03-23,ST06,C0347,P079,1,118.05,0.0,118.05,74.15,43.9,Mobile App
S01134,2023-09-30,ST10,C0015,P008,1,682.79,0.0,682.79,317.47,365.32,Online
S01135,2023-05-17,ST13,C0179,P047,1,583.71,0.15,496.15,415.74,80.41,Retail Store
S01136,2024-11-28,ST11,C0457,P098,3,610.44,0.0,1831.32,856.14,975.18,Marketplace
S01137,2025-03-30,ST06,C0220,P013,1,633.58,0.0,633.58,406.57,227.01,Marketplace
S01138,2025-01-03,ST11,C0029,P045,1,240.79,0.0,240.79,117.52,123.27,Online
S01139,2024-12-31,ST05,C0332,P031,2,173.34,0.1,312.01,244.6,67.41,Retail Store
S01140,2024-06-30,ST14,C0034,P089,3,178.67,0.0,536.01,291.36,244.65,Retail Store
S01141,2024-08-24,ST01,C0087,P044,1,670.76,0.1,603.68,448.05,155.63,Mobile App
S01142,2024-09-12,ST11,C0236,P005,2,187.0,0.05,355.3,188.26,167.04,Marketplace
S01143,2024-10-19,ST12,C0011,P035,2,381.12,0.05,724.13,351.16,372.97,Retail Store
S01144,2024-08-20,ST10,C0194,P041,1,148.6,0.05,141.17,95.68,45.49,Mobile App
S01145,2025-06-27,ST13,C0051,P074,2,440.89,0.05,837.69,388.7,448.99,Retail Store
S01146,2023-08-25,ST04,C0346,P089,1,178.67,0.0,178.67,97.12,81.55,Marketplace
S01147,2024-01-17,ST13,C0416,P065,3,54.39,0.15,138.69,87.33,51.36,Mobile App
S01148,2023-12-20,ST05,C0315,P022,3,753.54,0.0,2260.62,1246.08,1014.54,Marketplace
S01149,2023-02-02,ST11,C0255,P026,1,311.93,0.0,311.93,137.65,174.28,Online
S01150,2024-10-07,ST01,C0136,P037,1,559.57,0.0,559.57,365.25,194.32,Marketplace
S01151,2024-06-05,ST12,C0320,P029,2,230.02,0.0,460.04,241.0,219.04,Retail Store
S01152,2023-06-23,ST05,C0173,P076,1,361.84,0.0,361.84,165.74,196.1,Marketplace
S01153,2024-10-23,ST06,C0108,P055,2,374.11,0.0,748.22,506.98,241.24,Mobile App
S01154,2023-07-22,ST05,C0412,P065,1,54.39,0.05,51.67,29.11,22.56,Mobile App
S01155,2024-05-02,ST07,C0213,P026,1,311.93,0.0,311.93,137.65,174.28,Marketplace
S01156,2024-12-16,ST09,C0391,P086,3,320.59,0.0,961.77,592.74,369.03,Retail Store
S01157,2025-04-05,ST09,C0361,P081,2,595.21,0.0,1190.42,676.48,513.94,Marketplace
S01158,2024-09-04,ST14,C0339,P028,3,535.81,0.15,1366.32,903.6,462.72,Marketplace
S01159,2024-04-07,ST11,C0480,P035,1,381.12,0.1,343.01,175.58,167.43,Marketplace
S01160,2025-02-09,ST11,C0373,P073,1,238.26,0.0,238.26,173.6,64.66,Online
S01161,2025-02-04,ST03,C0237,P047,1,583.71,0.0,583.71,415.74,167.97,Online
S01162,2025-03-09,ST13,C0351,P096,1,612.7,0.0,612.7,414.92,197.78,Marketplace
S01163,2023-06-15,ST14,C0164,P053,1,512.39,0.0,512.39,310.47,201.92,Online
S01164,2023-03-30,ST14,C0137,P053,1,512.39,0.0,512.39,310.47,201.92,Online
S01165,2023-04-27,ST10,C0352,P033,3,760.26,0.0,2280.78,1267.77,1013.01,Marketplace
S01166,2023-08-24,ST03,C0059,P031,1,173.34,0.0,173.34,122.3,51.04,Retail Store
S01167,2025-01-06,ST14,C0409,P032,6,266.96,0.0,1601.76,860.1,741.66,Marketplace
S01168,2024-11-26,ST07,C0287,P063,3,85.52,0.05,243.73,131.22,112.51,Retail Store
S01169,2023-06-16,ST05,C0082,P026,1,311.93,0.0,311.93,137.65,174.28,Retail Store
S01170,2024-09-11,ST13,C0405,P034,3,530.96,0.0,1592.88,1104.57,488.31,Online
S01171,2023-11-02,ST01,C0437,P083,1,543.94,0.15,462.35,330.9,131.45,Marketplace
S01172,2023-03-23,ST14,C0029,P003,4,101.68,0.0,406.72,177.92,228.8,Mobile App
S01173,2023-11-20,ST14,C0153,P078,1,331.1,0.0,331.1,171.92,159.18,Marketplace
S01174,2024-11-08,ST11,C0344,P047,2,583.71,0.0,1167.42,831.48,335.94,Marketplace
S01175,2023-10-07,ST03,C0432,P093,1,466.42,0.0,466.42,269.66,196.76,Retail Store
S01176,2024-12-18,ST09,C0377,P074,2,440.89,0.0,881.78,388.7,493.08,Mobile App
S01177,2023-10-29,ST02,C0453,P064,1,189.25,0.0,189.25,93.67,95.58,Retail Store
S01178,2023-08-26,ST06,C0414,P099,1,381.31,0.0,381.31,214.51,166.8,Marketplace
S01179,2023-09-25,ST04,C0381,P096,1,612.7,0.05,582.07,414.92,167.15,Online
S01180,2025-02-14,ST03,C0055,P019,2,451.75,0.0,903.5,435.66,467.84,Mobile App
S01181,2024-03-04,ST05,C0210,P057,3,866.66,0.1,2339.98,1138.02,1201.96,Retail Store
S01182,2025-02-28,ST06,C0274,P063,1,85.52,0.15,72.69,43.74,28.95,Retail Store
S01183,2024-06-15,ST07,C0280,P041,1,148.6,0.05,141.17,95.68,45.49,Online
S01184,2025-05-10,ST13,C0451,P036,1,539.12,0.0,539.12,311.18,227.94,Mobile App
S01185,2023-03-06,ST06,C0367,P061,1,603.93,0.0,603.93,329.99,273.94,Retail Store
S01186,2025-03-21,ST15,C0496,P083,3,543.94,0.1,1468.64,992.7,475.94,Retail Store
S01187,2024-03-31,ST13,C0340,P095,1,139.42,0.0,139.42,99.75,39.67,Online
S01188,2025-03-01,ST07,C0283,P033,1,760.26,0.0,760.26,422.59,337.67,Mobile App
S01189,2023-12-14,ST09,C0063,P088,2,656.76,0.0,1313.52,624.28,689.24,Marketplace
S01190,2023-09-29,ST15,C0005,P050,4,251.3,0.05,954.94,518.56,436.38,Mobile App
S01191,2023-02-19,ST15,C0047,P039,1,839.98,0.0,839.98,396.66,443.32,Mobile App
S01192,2025-02-17,ST15,C0441,P027,3,598.23,0.0,1794.69,1037.97,756.72,Marketplace
S01193,2023-05-06,ST15,C0163,P081,2,595.21,0.15,1011.86,676.48,335.38,Marketplace
S01194,2023-07-02,ST14,C0141,P005,1,187.0,0.0,187.0,94.13,92.87,Marketplace
S01195,2024-01-08,ST07,C0378,P061,4,603.93,0.0,2415.72,1319.96,1095.76,Marketplace
S01196,2024-06-02,ST03,C0423,P013,1,633.58,0.15,538.54,406.57,131.97,Mobile App
S01197,2025-04-05,ST06,C0034,P065,1,54.39,0.05,51.67,29.11,22.56,Mobile App
S01198,2024-02-21,ST01,C0356,P059,1,618.97,0.0,618.97,424.05,194.92,Online
S01199,2023-10-16,ST13,C0228,P081,1,595.21,0.15,505.93,338.24,167.69,Online
S01200,2024-10-13,ST04,C0206,P001,1,474.05,0.15,402.94,252.9,150.04,Mobile App
S01201,2024-12-10,ST02,C0295,P041,1,148.6,0.0,148.6,95.68,52.92,Online
S01202,2024-03-20,ST12,C0265,P032,3,266.96,0.15,680.75,430.05,250.7,Online
S01203,2024-07-28,ST07,C0352,P077,1,146.59,0.0,146.59,100.89,45.7,Marketplace
S01204,2023-06-11,ST12,C0448,P062,1,800.1,0.0,800.1,409.77,390.33,Mobile App
S01205,2024-08-01,ST10,C0352,P023,1,589.93,0.0,589.93,419.87,170.06,Mobile App
S01206,2023-01-05,ST07,C0044,P026,2,311.93,0.0,623.86,275.3,348.56,Online
S01207,2023-09-07,ST07,C0449,P051,1,502.39,0.1,452.15,304.38,147.77,Online
S01208,2024-11-24,ST01,C0486,P003,1,101.68,0.1,91.51,44.48,47.03,Online
S01209,2023-06-03,ST08,C0499,P012,1,703.62,0.0,703.62,341.62,362.0,Mobile App
S01210,2024-11-27,ST03,C0437,P090,1,573.25,0.0,573.25,288.19,285.06,Marketplace
S01211,2024-03-22,ST10,C0220,P080,1,421.17,0.0,421.17,210.32,210.85,Online
S01212,2024-11-26,ST06,C0491,P012,2,703.62,0.0,1407.24,683.24,724.0,Retail Store
S01213,2023-03-22,ST09,C0368,P002,2,441.21,0.05,838.3,575.74,262.56,Marketplace
S01214,2024-07-13,ST02,C0254,P087,3,643.14,0.0,1929.42,1076.85,852.57,Online
S01215,2024-07-31,ST14,C0485,P025,2,788.41,0.0,1576.82,700.96,875.86,Mobile App
S01216,2024-01-03,ST07,C0254,P096,2,612.7,0.0,1225.4,829.84,395.56,Marketplace
S01217,2025-05-29,ST04,C0308,P027,1,598.23,0.0,598.23,345.99,252.24,Online
S01218,2023-12-16,ST07,C0093,P054,1,66.5,0.0,66.5,28.96,37.54,Retail Store
S01219,2023-02-04,ST05,C0500,P038,1,348.21,0.0,348.21,215.66,132.55,Marketplace
S01220,2023-07-01,ST10,C0190,P032,2,266.96,0.15,453.83,286.7,167.13,Marketplace
S01221,2023-12-06,ST08,C0006,P011,2,309.34,0.0,618.68,386.28,232.4,Mobile App
S01222,2023-01-13,ST11,C0204,P089,1,178.67,0.0,178.67,97.12,81.55,Marketplace
S01223,2023-10-21,ST12,C0217,P091,2,512.66,0.1,922.79,735.58,187.21,Mobile App
S01224,2025-01-29,ST09,C0049,P010,1,177.97,0.0,177.97,114.67,63.3,Retail Store
S01225,2023-06-23,ST04,C0477,P043,1,241.25,0.05,229.19,137.71,91.48,Mobile App
S01226,2024-09-08,ST11,C0481,P078,5,331.1,0.1,1489.95,859.6,630.35,Retail Store
S01227,2024-07-24,ST09,C0130,P001,2,474.05,0.1,853.29,505.8,347.49,Marketplace
S01228,2023-08-15,ST11,C0203,P039,1,839.98,0.0,839.98,396.66,443.32,Online
S01229,2024-09-23,ST10,C0022,P072,2,110.76,0.0,221.52,141.88,79.64,Mobile App
S01230,2023-11-10,ST08,C0258,P022,3,753.54,0.0,2260.62,1246.08,1014.54,Marketplace
S01231,2023-04-28,ST06,C0046,P017,1,780.73,0.15,663.62,390.83,272.79,Marketplace
S01232,2023-12-16,ST02,C0134,P019,3,451.75,0.0,1355.25,653.49,701.76,Retail Store
S01233,2024-06-20,ST14,C0256,P017,1,780.73,0.0,780.73,390.83,389.9,Mobile App
S01234,2023-06-02,ST15,C0145,P056,1,647.27,0.0,647.27,399.37,247.9,Mobile App
S01235,2025-01-20,ST07,C0161,P067,2,278.89,0.0,557.78,359.96,197.82,Mobile App
S01236,2023-09-29,ST13,C0252,P095,2,139.42,0.0,278.84,199.5,79.34,Marketplace
S01237,2023-09-22,ST03,C0097,P007,1,572.81,0.0,572.81,334.88,237.93,Online
S01238,2024-10-25,ST08,C0019,P024,1,908.43,0.0,908.43,427.45,480.98,Online
S01239,2024-06-27,ST07,C0240,P091,1,512.66,0.0,512.66,367.79,144.87,Marketplace
S01240,2023-11-04,ST06,C0227,P006,3,826.37,0.15,2107.24,1269.24,838.0,Marketplace
S01241,2025-03-19,ST02,C0253,P059,1,618.97,0.15,526.12,424.05,102.07,Online
S01242,2025-06-25,ST02,C0179,P016,1,442.1,0.0,442.1,278.25,163.85,Mobile App
S01243,2023-11-09,ST03,C0428,P024,3,908.43,0.15,2316.5,1282.35,1034.15,Mobile App
S01244,2025-04-01,ST11,C0457,P073,5,238.26,0.1,1072.17,868.0,204.17,Online
S01245,2023-11-24,ST01,C0498,P075,1,347.7,0.1,312.93,174.24,138.69,Online
S01246,2023-06-21,ST02,C0472,P054,3,66.5,0.0,199.5,86.88,112.62,Marketplace
S01247,2025-05-13,ST15,C0049,P087,1,643.14,0.0,643.14,358.95,284.19,Retail Store
S01248,2025-04-16,ST11,C0349,P037,5,559.57,0.0,2797.85,1826.25,971.6,Marketplace
S01249,2024-01-03,ST15,C0303,P048,2,113.1,0.0,226.2,118.1,108.1,Mobile App
S01250,2023-07-28,ST02,C0015,P020,2,796.23,0.05,1512.84,825.74,687.1,Marketplace
S01251,2024-10-24,ST05,C0322,P059,1,618.97,0.1,557.07,424.05,133.02,Retail Store
S01252,2023-04-30,ST01,C0497,P043,1,241.25,0.15,205.06,137.71,67.35,Marketplace
S01253,2024-10-30,ST12,C0486,P042,3,552.37,0.15,1408.54,1225.62,182.92,Online
S01254,2024-06-21,ST01,C0442,P028,1,535.81,0.15,455.44,301.2,154.24,Mobile App
S01255,2023-06-03,ST01,C0409,P042,3,552.37,0.15,1408.54,1225.62,182.92,Retail Store
S01256,2023-11-30,ST10,C0488,P071,2,573.25,0.05,1089.17,715.02,374.15,Retail Store
S01257,2024-08-15,ST03,C0131,P052,2,179.16,0.0,358.32,223.62,134.7,Marketplace
S01258,2023-02-04,ST14,C0011,P012,1,703.62,0.0,703.62,341.62,362.0,Online
S01259,2025-03-09,ST07,C0400,P050,1,251.3,0.0,251.3,129.64,121.66,Online
S01260,2023-08-22,ST08,C0153,P016,1,442.1,0.05,420.0,278.25,141.75,Mobile App
S01261,2024-05-02,ST03,C0309,P088,1,656.76,0.0,656.76,312.14,344.62,Retail Store
S01262,2023-02-14,ST04,C0263,P048,3,113.1,0.05,322.33,177.15,145.18,Marketplace
S01263,2025-06-25,ST05,C0244,P050,1,251.3,0.1,226.17,129.64,96.53,Marketplace
S01264,2024-08-26,ST07,C0388,P012,2,703.62,0.0,1407.24,683.24,724.0,Online
S01265,2024-08-18,ST07,C0323,P056,1,647.27,0.0,647.27,399.37,247.9,Retail Store
S01266,2023-01-18,ST08,C0175,P066,1,400.97,0.15,340.82,272.57,68.25,Online
S01267,2024-09-20,ST12,C0352,P083,2,543.94,0.0,1087.88,661.8,426.08,Marketplace
S01268,2024-01-15,ST11,C0323,P068,1,675.48,0.1,607.93,308.45,299.48,Retail Store
S01269,2023-12-13,ST07,C0240,P038,3,348.21,0.0,1044.63,646.98,397.65,Marketplace
S01270,2024-05-13,ST03,C0077,P039,5,839.98,0.15,3569.91,1983.3,1586.61,Mobile App
S01271,2024-03-08,ST07,C0268,P032,1,266.96,0.0,266.96,143.35,123.61,Retail Store
S01272,2023-05-20,ST15,C0040,P071,1,573.25,0.0,573.25,357.51,215.74,Retail Store
S01273,2024-09-25,ST07,C0218,P066,4,400.97,0.0,1603.88,1090.28,513.6,Marketplace
S01274,2024-07-28,ST10,C0369,P085,2,595.13,0.0,1190.26,615.2,575.06,Mobile App
S01275,2023-10-02,ST02,C0300,P033,1,760.26,0.1,684.23,422.59,261.64,Retail Store
S01276,2024-08-25,ST11,C0380,P015,1,411.34,0.05,390.77,291.66,99.11,Online
S01277,2024-08-26,ST07,C0432,P024,2,908.43,0.0,1816.86,854.9,961.96,Retail Store
S01278,2023-09-03,ST12,C0449,P054,2,66.5,0.0,133.0,57.92,75.08,Mobile App
S01279,2024-07-05,ST08,C0371,P076,1,361.84,0.15,307.56,165.74,141.82,Marketplace
S01280,2023-05-05,ST05,C0414,P080,3,421.17,0.0,1263.51,630.96,632.55,Online
S01281,2025-01-26,ST02,C0095,P028,3,535.81,0.15,1366.32,903.6,462.72,Mobile App
S01282,2023-04-06,ST07,C0055,P087,5,643.14,0.1,2894.13,1794.75,1099.38,Retail Store
S01283,2024-10-16,ST02,C0203,P001,2,474.05,0.0,948.1,505.8,442.3,Online
S01284,2023-04-18,ST08,C0245,P084,3,240.69,0.15,613.76,490.89,122.87,Marketplace
S01285,2023-04-14,ST12,C0495,P085,1,595.13,0.1,535.62,307.6,228.02,Marketplace
S01286,2023-04-07,ST14,C0317,P039,6,839.98,0.1,4535.89,2379.96,2155.93,Mobile App
S01287,2023-06-30,ST12,C0345,P089,3,178.67,0.15,455.61,291.36,164.25,Marketplace
S01288,2023-07-01,ST03,C0045,P039,1,839.98,0.0,839.98,396.66,443.32,Retail Store
S01289,2023-08-28,ST14,C0058,P025,3,788.41,0.0,2365.23,1051.44,1313.79,Online
S01290,2024-04-21,ST08,C0108,P004,1,700.29,0.15,595.25,393.26,201.99,Online
S01291,2023-07-03,ST07,C0124,P084,2,240.69,0.15,409.17,327.26,81.91,Online
S01292,2024-10-02,ST13,C0155,P012,3,703.62,0.05,2005.32,1024.86,980.46,Online
S01293,2023-09-27,ST01,C0217,P061,1,603.93,0.0,603.93,329.99,273.94,Online
S01294,2023-02-05,ST12,C0379,P020,1,796.23,0.05,756.42,412.87,343.55,Marketplace
S01295,2024-03-28,ST14,C0011,P061,6,603.93,0.05,3442.4,1979.94,1462.46,Online
S01296,2023-07-09,ST10,C0151,P026,2,311.93,0.05,592.67,275.3,317.37,Retail Store
S01297,2025-04-30,ST02,C0005,P043,1,241.25,0.15,205.06,137.71,67.35,Marketplace
S01298,2023-10-29,ST08,C0435,P054,3,66.5,0.15,169.57,86.88,82.69,Mobile App
S01299,2023-01-03,ST07,C0250,P005,1,187.0,0.05,177.65,94.13,83.52,Marketplace
S01300,2024-09-03,ST01,C0366,P030,1,556.36,0.1,500.72,275.09,225.63,Retail Store
S01301,2025-04-06,ST06,C0296,P055,1,374.11,0.1,336.7,253.49,83.21,Retail Store
S01302,2025-01-30,ST11,C0458,P035,4,381.12,0.05,1448.26,702.32,745.94,Marketplace
S01303,2024-09-01,ST10,C0254,P015,2,411.34,0.15,699.28,583.32,115.96,Mobile App
S01304,2023-05-16,ST07,C0358,P058,2,558.35,0.0,1116.7,499.6,617.1,Online
S01305,2023-03-24,ST04,C0372,P037,1,559.57,0.05,531.59,365.25,166.34,Mobile App
S01306,2024-04-11,ST09,C0119,P057,5,866.66,0.0,4333.3,1896.7,2436.6,Mobile App
S01307,2024-10-21,ST14,C0437,P078,1,331.1,0.15,281.44,171.92,109.52,Marketplace
S01308,2023-04-03,ST05,C0453,P017,4,780.73,0.15,2654.48,1563.32,1091.16,Marketplace
S01309,2023-08-22,ST11,C0427,P054,1,66.5,0.15,56.52,28.96,27.56,Mobile App
S01310,2023-07-30,ST14,C0410,P061,1,603.93,0.0,603.93,329.99,273.94,Online
S01311,2025-06-19,ST12,C0354,P037,1,559.57,0.0,559.57,365.25,194.32,Marketplace
S01312,2023-09-27,ST04,C0089,P017,1,780.73,0.0,780.73,390.83,389.9,Marketplace
S01313,2024-02-27,ST07,C0407,P013,1,633.58,0.05,601.9,406.57,195.33,Mobile App
S01314,2023-04-01,ST09,C0108,P031,1,173.34,0.0,173.34,122.3,51.04,Retail Store
S01315,2023-06-09,ST05,C0452,P046,4,653.19,0.0,2612.76,1371.56,1241.2,Online
S01316,2023-02-05,ST14,C0424,P023,2,589.93,0.1,1061.87,839.74,222.13,Retail Store
S01317,2023-09-22,ST07,C0173,P009,1,211.8,0.0,211.8,122.35,89.45,Online
S01318,2024-12-31,ST04,C0288,P016,1,442.1,0.05,420.0,278.25,141.75,Mobile App
S01319,2023-10-12,ST06,C0402,P044,1,670.76,0.0,670.76,448.05,222.71,Mobile App
S01320,2024-11-03,ST12,C0437,P020,1,796.23,0.1,716.61,412.87,303.74,Retail Store
S01321,2023-03-28,ST15,C0026,P091,1,512.66,0.05,487.03,367.79,119.24,Marketplace
S01322,2024-11-21,ST02,C0057,P097,2,509.83,0.1,917.69,617.44,300.25,Retail Store
S01323,2023-02-11,ST09,C0022,P072,1,110.76,0.0,110.76,70.94,39.82,Online
S01324,2025-02-15,ST14,C0061,P081,1,595.21,0.0,595.21,338.24,256.97,Mobile App
S01325,2024-08-27,ST05,C0373,P021,2,414.87,0.15,705.28,367.82,337.46,Marketplace
S01326,2023-06-05,ST08,C0260,P098,2,610.44,0.15,1037.75,570.76,466.99,Retail Store
S01327,2023-11-22,ST06,C0332,P020,1,796.23,0.0,796.23,412.87,383.36,Online
S01328,2024-02-03,ST04,C0435,P016,1,442.1,0.05,420.0,278.25,141.75,Marketplace
S01329,2024-07-20,ST01,C0394,P099,1,381.31,0.0,381.31,214.51,166.8,Marketplace
S01330,2025-03-11,ST09,C0147,P044,1,670.76,0.0,670.76,448.05,222.71,Retail Store
S01331,2023-03-26,ST12,C0191,P035,2,381.12,0.05,724.13,351.16,372.97,Mobile App
S01332,2025-01-12,ST04,C0341,P081,4,595.21,0.0,2380.84,1352.96,1027.88,Marketplace
S01333,2023-06-16,ST13,C0071,P030,4,556.36,0.05,2114.17,1100.36,1013.81,Marketplace
S01334,2024-01-01,ST08,C0460,P053,1,512.39,0.1,461.15,310.47,150.68,Mobile App
S01335,2025-05-26,ST03,C0227,P004,2,700.29,0.0,1400.58,786.52,614.06,Retail Store
S01336,2023-09-05,ST06,C0174,P011,3,309.34,0.05,881.62,579.42,302.2,Online
S01337,2023-12-18,ST07,C0032,P056,1,647.27,0.0,647.27,399.37,247.9,Online
S01338,2025-02-13,ST11,C0030,P074,1,440.89,0.15,374.76,194.35,180.41,Mobile App
S01339,2024-12-29,ST15,C0206,P054,2,66.5,0.15,113.05,57.92,55.13,Mobile App
S01340,2024-08-14,ST06,C0381,P093,2,466.42,0.0,932.84,539.32,393.52,Retail Store
S01341,2024-12-26,ST09,C0461,P036,1,539.12,0.1,485.21,311.18,174.03,Online
S01342,2023-04-13,ST08,C0207,P090,2,573.25,0.15,974.52,576.38,398.14,Online
S01343,2024-09-26,ST13,C0320,P070,1,819.07,0.1,737.16,399.6,337.56,Marketplace
S01344,2023-02-23,ST15,C0177,P090,1,573.25,0.15,487.26,288.19,199.07,Marketplace
S01345,2025-05-08,ST15,C0102,P100,1,691.45,0.0,691.45,381.94,309.51,Retail Store
S01346,2023-05-26,ST06,C0276,P005,1,187.0,0.05,177.65,94.13,83.52,Online
S01347,2024-01-15,ST05,C0277,P067,3,278.89,0.0,836.67,539.94,296.73,Retail Store
S01348,2024-06-22,ST05,C0283,P066,1,400.97,0.1,360.87,272.57,88.3,Mobile App
S01349,2024-12-31,ST03,C0326,P097,2,509.83,0.0,1019.66,617.44,402.22,Retail Store
S01350,2024-09-10,ST05,C0304,P070,1,819.07,0.0,819.07,399.6,419.47,Mobile App
S01351,2023-06-15,ST09,C0217,P093,3,466.42,0.0,1399.26,808.98,590.28,Retail Store
S01352,2023-12-12,ST11,C0133,P048,1,113.1,0.1,101.79,59.05,42.74,Mobile App
S01353,2023-11-23,ST13,C0025,P016,2,442.1,0.15,751.57,556.5,195.07,Retail Store
S01354,2023-01-27,ST10,C0153,P058,1,558.35,0.15,474.6,249.8,224.8,Retail Store
S01355,2024-09-15,ST04,C0174,P059,4,618.97,0.15,2104.5,1696.2,408.3,Online
S01356,2025-02-02,ST05,C0154,P045,1,240.79,0.15,204.67,117.52,87.15,Online
S01357,2025-06-05,ST09,C0194,P092,1,496.59,0.15,422.1,284.79,137.31,Online
S01358,2023-04-30,ST09,C0168,P014,2,523.69,0.1,942.64,483.1,459.54,Online
S01359,2025-04-18,ST08,C0185,P100,1,691.45,0.0,691.45,381.94,309.51,Online
S01360,2023-04-13,ST14,C0218,P092,2,496.59,0.05,943.52,569.58,373.94,Retail Store
S01361,2024-01-10,ST07,C0032,P012,2,703.62,0.0,1407.24,683.24,724.0,Marketplace
S01362,2023-02-11,ST02,C0229,P028,2,535.81,0.0,1071.62,602.4,469.22,Marketplace
S01363,2023-08-27,ST09,C0287,P076,4,361.84,0.05,1374.99,662.96,712.03,Mobile App
S01364,2023-10-14,ST11,C0256,P075,1,347.7,0.05,330.31,174.24,156.07,Marketplace
S01365,2024-10-03,ST08,C0477,P089,1,178.67,0.15,151.87,97.12,54.75,Marketplace
S01366,2024-09-09,ST09,C0074,P021,3,414.87,0.0,1244.61,551.73,692.88,Marketplace
S01367,2024-11-30,ST03,C0235,P092,1,496.59,0.15,422.1,284.79,137.31,Retail Store
S01368,2024-06-09,ST08,C0109,P089,1,178.67,0.05,169.74,97.12,72.62,Retail Store
S01369,2024-05-29,ST09,C0081,P096,3,612.7,0.0,1838.1,1244.76,593.34,Retail Store
S01370,2025-06-09,ST07,C0437,P078,1,331.1,0.0,331.1,171.92,159.18,Retail Store
S01371,2024-09-02,ST05,C0293,P048,1,113.1,0.0,113.1,59.05,54.05,Online
S01372,2023-11-05,ST05,C0191,P016,1,442.1,0.0,442.1,278.25,163.85,Mobile App
S01373,2024-04-21,ST01,C0249,P038,1,348.21,0.0,348.21,215.66,132.55,Online
S01374,2024-09-30,ST01,C0216,P076,1,361.84,0.0,361.84,165.74,196.1,Mobile App
S01375,2023-03-28,ST14,C0094,P028,1,535.81,0.15,455.44,301.2,154.24,Marketplace
S01376,2024-08-25,ST09,C0063,P001,2,474.05,0.0,948.1,505.8,442.3,Retail Store
S01377,2023-08-15,ST08,C0214,P006,1,826.37,0.1,743.73,423.08,320.65,Mobile App
S01378,2023-11-11,ST15,C0232,P073,2,238.26,0.0,476.52,347.2,129.32,Marketplace
S01379,2024-09-08,ST12,C0428,P061,3,603.93,0.1,1630.61,989.97,640.64,Online
S01380,2023-12-17,ST09,C0071,P098,1,610.44,0.15,518.87,285.38,233.49,Marketplace
S01381,2025-02-03,ST11,C0231,P098,3,610.44,0.05,1739.75,856.14,883.61,Online
S01382,2024-05-23,ST02,C0167,P094,1,634.83,0.1,571.35,303.82,267.53,Marketplace
S01383,2025-06-18,ST15,C0120,P050,3,251.3,0.05,716.21,388.92,327.29,Mobile App
S01384,2023-02-19,ST11,C0024,P070,2,819.07,0.05,1556.23,799.2,757.03,Mobile App
S01385,2024-08-09,ST14,C0046,P083,4,543.94,0.0,2175.76,1323.6,852.16,Retail Store
S01386,2023-05-23,ST13,C0323,P074,2,440.89,0.15,749.51,388.7,360.81,Mobile App
S01387,2025-02-12,ST02,C0331,P072,4,110.76,0.15,376.58,283.76,92.82,Retail Store
S01388,2025-02-15,ST10,C0490,P025,1,788.41,0.1,709.57,350.48,359.09,Retail Store
S01389,2025-03-03,ST04,C0268,P073,1,238.26,0.05,226.35,173.6,52.75,Retail Store
S01390,2023-03-10,ST15,C0338,P016,3,442.1,0.1,1193.67,834.75,358.92,Online
S01391,2024-03-23,ST13,C0141,P003,2,101.68,0.0,203.36,88.96,114.4,Online
S01392,2023-08-08,ST15,C0430,P091,1,512.66,0.1,461.39,367.79,93.6,Marketplace
S01393,2025-06-02,ST09,C0414,P011,1,309.34,0.1,278.41,193.14,85.27,Mobile App
S01394,2023-02-15,ST01,C0302,P052,1,179.16,0.05,170.2,111.81,58.39,Retail Store
S01395,2023-07-22,ST03,C0224,P044,3,670.76,0.05,1911.67,1344.15,567.52,Retail Store
S01396,2024-08-09,ST07,C0163,P068,3,675.48,0.0,2026.44,925.35,1101.09,Retail Store
S01397,2024-01-03,ST09,C0051,P015,4,411.34,0.0,1645.36,1166.64,478.72,Mobile App
S01398,2023-08-03,ST05,C0094,P019,1,451.75,0.0,451.75,217.83,233.92,Online
S01399,2024-02-23,ST07,C0488,P040,1,151.24,0.15,128.55,66.61,61.94,Online
S01400,2024-12-30,ST06,C0315,P008,1,682.79,0.0,682.79,317.47,365.32,Retail Store
S01401,2024-02-13,ST05,C0030,P092,4,496.59,0.05,1887.04,1139.16,747.88,Retail Store
S01402,2025-02-19,ST07,C0073,P041,1,148.6,0.0,148.6,95.68,52.92,Mobile App
S01403,2024-02-12,ST14,C0483,P049,1,878.21,0.0,878.21,391.27,486.94,Retail Store
S01404,2023-04-19,ST13,C0123,P026,2,311.93,0.1,561.47,275.3,286.17,Online
S01405,2024-03-29,ST13,C0261,P064,2,189.25,0.1,340.65,187.34,153.31,Marketplace
S01406,2024-08-18,ST01,C0138,P015,1,411.34,0.0,411.34,291.66,119.68,Marketplace
S01407,2023-04-04,ST02,C0209,P071,2,573.25,0.05,1089.17,715.02,374.15,Retail Store
S01408,2024-01-11,ST04,C0325,P053,1,512.39,0.0,512.39,310.47,201.92,Mobile App
S01409,2024-05-22,ST10,C0494,P071,2,573.25,0.15,974.52,715.02,259.5,Retail Store
S01410,2023-01-01,ST09,C0391,P032,5,266.96,0.15,1134.58,716.75,417.83,Online
S01411,2023-03-24,ST07,C0291,P039,2,839.98,0.05,1595.96,793.32,802.64,Retail Store
S01412,2024-07-04,ST04,C0257,P082,1,824.42,0.0,824.42,416.33,408.09,Mobile App
S01413,2024-07-17,ST13,C0087,P070,2,819.07,0.0,1638.14,799.2,838.94,Marketplace
S01414,2023-10-05,ST01,C0232,P072,2,110.76,0.0,221.52,141.88,79.64,Marketplace
S01415,2024-04-08,ST11,C0149,P080,2,421.17,0.0,842.34,420.64,421.7,Retail Store
S01416,2023-07-08,ST15,C0478,P008,2,682.79,0.05,1297.3,634.94,662.36,Mobile App
S01417,2024-09-03,ST14,C0129,P077,2,146.59,0.15,249.2,201.78,47.42,Marketplace
S01418,2025-05-15,ST11,C0432,P045,1,240.79,0.0,240.79,117.52,123.27,Mobile App
S01419,2023-11-28,ST12,C0083,P006,1,826.37,0.1,743.73,423.08,320.65,Retail Store
S01420,2023-02-19,ST07,C0046,P039,5,839.98,0.15,3569.91,1983.3,1586.61,Retail Store
S01421,2023-07-23,ST09,C0372,P018,1,560.51,0.0,560.51,344.12,216.39,Marketplace
S01422,2024-02-19,ST09,C0313,P027,1,598.23,0.0,598.23,345.99,252.24,Mobile App
S01423,2024-05-25,ST13,C0134,P082,2,824.42,0.15,1401.51,832.66,568.85,Marketplace
S01424,2024-07-18,ST11,C0126,P035,1,381.12,0.0,381.12,175.58,205.54,Mobile App
S01425,2024-03-07,ST10,C0236,P027,2,598.23,0.0,1196.46,691.98,504.48,Retail Store
S01426,2024-08-21,ST11,C0069,P089,2,178.67,0.0,357.34,194.24,163.1,Marketplace
S01427,2024-10-14,ST01,C0462,P001,2,474.05,0.15,805.88,505.8,300.08,Online
S01428,2023-04-14,ST15,C0285,P053,1,512.39,0.15,435.53,310.47,125.06,Marketplace
S01429,2024-11-22,ST09,C0202,P098,3,610.44,0.0,1831.32,856.14,975.18,Retail Store
S01430,2023-07-22,ST15,C0016,P069,3,952.97,0.15,2430.07,1316.64,1113.43,Marketplace
S01431,2023-11-07,ST06,C0064,P087,1,643.14,0.05,610.98,358.95,252.03,Mobile App
S01432,2025-01-26,ST14,C0091,P050,1,251.3,0.15,213.61,129.64,83.97,Retail Store
S01433,2025-05-28,ST06,C0237,P016,3,442.1,0.0,1326.3,834.75,491.55,Marketplace
S01434,2023-09-23,ST12,C0114,P002,2,441.21,0.0,882.42,575.74,306.68,Mobile App
S01435,2024-04-20,ST12,C0472,P088,4,656.76,0.0,2627.04,1248.56,1378.48,Online
S01436,2024-10-01,ST10,C0418,P012,1,703.62,0.15,598.08,341.62,256.46,Mobile App
S01437,2023-02-11,ST04,C0114,P092,3,496.59,0.05,1415.28,854.37,560.91,Mobile App
S01438,2023-05-30,ST08,C0144,P005,2,187.0,0.15,317.9,188.26,129.64,Online
S01439,2023-05-08,ST14,C0101,P001,3,474.05,0.15,1208.83,758.7,450.13,Marketplace
S01440,2024-10-15,ST05,C0446,P015,1,411.34,0.1,370.21,291.66,78.55,Marketplace
S01441,2024-10-19,ST04,C0283,P022,1,753.54,0.15,640.51,415.36,225.15,Online
S01442,2023-04-08,ST03,C0302,P009,2,211.8,0.15,360.06,244.7,115.36,Retail Store
S01443,2024-07-10,ST15,C0133,P017,1,780.73,0.1,702.66,390.83,311.83,Online
S01444,2023-06-20,ST13,C0374,P067,1,278.89,0.0,278.89,179.98,98.91,Online
S01445,2025-04-27,ST12,C0012,P087,1,643.14,0.15,546.67,358.95,187.72,Mobile App
S01446,2023-12-24,ST15,C0287,P088,1,656.76,0.05,623.92,312.14,311.78,Retail Store
S01447,2024-02-21,ST11,C0329,P055,2,374.11,0.15,635.99,506.98,129.01,Retail Store
S01448,2024-12-12,ST14,C0222,P042,3,552.37,0.05,1574.25,1225.62,348.63,Mobile App
S01449,2024-10-14,ST09,C0349,P016,5,442.1,0.05,2099.97,1391.25,708.72,Marketplace
S01450,2023-04-09,ST13,C0265,P047,3,583.71,0.0,1751.13,1247.22,503.91,Online
S01451,2024-01-13,ST15,C0143,P007,2,572.81,0.05,1088.34,669.76,418.58,Marketplace
S01452,2025-04-24,ST07,C0003,P041,3,148.6,0.0,445.8,287.04,158.76,Mobile App
S01453,2025-02-01,ST10,C0451,P011,2,309.34,0.0,618.68,386.28,232.4,Online
S01454,2024-06-20,ST02,C0217,P089,3,178.67,0.0,536.01,291.36,244.65,Online
S01455,2024-12-04,ST05,C0169,P022,2,753.54,0.0,1507.08,830.72,676.36,Retail Store
S01456,2024-02-15,ST07,C0246,P004,1,700.29,0.0,700.29,393.26,307.03,Mobile App
S01457,2024-08-22,ST02,C0127,P033,4,760.26,0.05,2888.99,1690.36,1198.63,Online
S01458,2025-05-21,ST01,C0427,P044,4,670.76,0.0,2683.04,1792.2,890.84,Online
S01459,2023-05-03,ST10,C0398,P010,2,177.97,0.1,320.35,229.34,91.01,Marketplace
S01460,2024-03-30,ST11,C0049,P098,3,610.44,0.05,1739.75,856.14,883.61,Retail Store
S01461,2024-04-28,ST01,C0499,P011,1,309.34,0.0,309.34,193.14,116.2,Marketplace
S01462,2023-02-14,ST14,C0456,P041,1,148.6,0.15,126.31,95.68,30.63,Retail Store
S01463,2025-05-02,ST15,C0032,P017,1,780.73,0.05,741.69,390.83,350.86,Retail Store
S01464,2025-02-03,ST11,C0313,P039,1,839.98,0.05,797.98,396.66,401.32,Retail Store
S01465,2024-03-15,ST01,C0347,P014,1,523.69,0.1,471.32,241.55,229.77,Retail Store
S01466,2024-04-08,ST07,C0436,P038,3,348.21,0.05,992.4,646.98,345.42,Retail Store
S01467,2025-04-19,ST07,C0386,P080,1,421.17,0.0,421.17,210.32,210.85,Retail Store
S01468,2023-06-11,ST08,C0197,P059,1,618.97,0.05,588.02,424.05,163.97,Retail Store
S01469,2024-06-11,ST11,C0334,P044,2,670.76,0.0,1341.52,896.1,445.42,Marketplace
S01470,2024-10-27,ST10,C0169,P067,1,278.89,0.0,278.89,179.98,98.91,Retail Store
S01471,2023-04-27,ST10,C0007,P014,2,523.69,0.15,890.27,483.1,407.17,Retail Store
S01472,2023-12-19,ST14,C0405,P076,3,361.84,0.0,1085.52,497.22,588.3,Online
S01473,2024-07-01,ST05,C0261,P082,1,824.42,0.0,824.42,416.33,408.09,Marketplace
S01474,2025-03-15,ST10,C0372,P062,1,800.1,0.05,760.1,409.77,350.33,Online
S01475,2024-04-04,ST13,C0071,P032,2,266.96,0.0,533.92,286.7,247.22,Retail Store
S01476,2023-12-17,ST10,C0160,P017,1,780.73,0.05,741.69,390.83,350.86,Mobile App
S01477,2025-06-11,ST15,C0299,P040,2,151.24,0.1,272.23,133.22,139.01,Online
S01478,2025-04-14,ST05,C0241,P019,3,451.75,0.1,1219.73,653.49,566.24,Mobile App
S01479,2024-11-25,ST01,C0189,P038,2,348.21,0.1,626.78,431.32,195.46,Online
S01480,2023-09-07,ST09,C0122,P008,3,682.79,0.1,1843.53,952.41,891.12,Retail Store
S01481,2025-05-27,ST04,C0177,P055,3,374.11,0.0,1122.33,760.47,361.86,Online
S01482,2025-06-03,ST04,C0175,P009,2,211.8,0.15,360.06,244.7,115.36,Marketplace
S01483,2024-02-17,ST08,C0355,P089,1,178.67,0.1,160.8,97.12,63.68,Mobile App
S01484,2023-05-02,ST06,C0290,P075,1,347.7,0.1,312.93,174.24,138.69,Mobile App
S01485,2024-01-12,ST03,C0169,P054,1,66.5,0.0,66.5,28.96,37.54,Marketplace
S01486,2024-09-29,ST04,C0254,P006,1,826.37,0.0,826.37,423.08,403.29,Online
S01487,2024-11-12,ST08,C0118,P089,1,178.67,0.1,160.8,97.12,63.68,Online
S01488,2023-09-30,ST12,C0247,P031,2,173.34,0.0,346.68,244.6,102.08,Marketplace
S01489,2024-10-01,ST03,C0205,P027,2,598.23,0.0,1196.46,691.98,504.48,Mobile App
S01490,2025-02-23,ST06,C0038,P002,3,441.21,0.0,1323.63,863.61,460.02,Retail Store
S01491,2024-10-10,ST08,C0149,P019,1,451.75,0.0,451.75,217.83,233.92,Mobile App
S01492,2025-05-02,ST01,C0500,P006,1,826.37,0.0,826.37,423.08,403.29,Online
S01493,2024-07-30,ST04,C0090,P037,2,559.57,0.0,1119.14,730.5,388.64,Online
S01494,2023-07-03,ST09,C0434,P044,1,670.76,0.0,670.76,448.05,222.71,Online
S01495,2024-07-22,ST03,C0012,P026,2,311.93,0.0,623.86,275.3,348.56,Retail Store
S01496,2023-09-22,ST11,C0426,P003,1,101.68,0.0,101.68,44.48,57.2,Marketplace
S01497,2023-11-11,ST15,C0404,P084,3,240.69,0.0,722.07,490.89,231.18,Mobile App
S01498,2024-09-04,ST08,C0157,P027,1,598.23,0.0,598.23,345.99,252.24,Mobile App
S01499,2025-06-12,ST03,C0339,P048,4,113.1,0.1,407.16,236.2,170.96,Marketplace
S01500,2024-08-15,ST02,C0034,P092,1,496.59,0.0,496.59,284.79,211.8,Online
S01501,2025-05-23,ST09,C0099,P025,2,788.41,0.05,1497.98,700.96,797.02,Mobile App
S01502,2024-04-04,ST07,C0307,P041,1,148.6,0.15,126.31,95.68,30.63,Online
S01503,2024-09-24,ST10,C0391,P006,1,826.37,0.1,743.73,423.08,320.65,Online
S01504,2023-10-21,ST13,C0151,P069,6,952.97,0.0,5717.82,2633.28,3084.54,Mobile App
S01505,2023-04-16,ST11,C0028,P032,2,266.96,0.0,533.92,286.7,247.22,Online
S01506,2023-11-17,ST10,C0496,P066,1,400.97,0.05,380.92,272.57,108.35,Online
S01507,2024-03-13,ST13,C0042,P094,2,634.83,0.05,1206.18,607.64,598.54,Retail Store
S01508,2024-06-03,ST07,C0261,P022,5,753.54,0.15,3202.54,2076.8,1125.74,Mobile App
S01509,2024-08-30,ST08,C0266,P064,1,189.25,0.0,189.25,93.67,95.58,Mobile App
S01510,2024-01-16,ST09,C0192,P092,3,496.59,0.15,1266.3,854.37,411.93,Marketplace
S01511,2024-11-12,ST08,C0490,P092,2,496.59,0.05,943.52,569.58,373.94,Mobile App
S01512,2025-02-05,ST11,C0206,P075,1,347.7,0.1,312.93,174.24,138.69,Retail Store
S01513,2023-09-18,ST15,C0113,P027,1,598.23,0.0,598.23,345.99,252.24,Marketplace
S01514,2025-02-10,ST04,C0203,P031,3,173.34,0.0,520.02,366.9,153.12,Marketplace
S01515,2025-01-06,ST03,C0293,P049,3,878.21,0.0,2634.63,1173.81,1460.82,Mobile App
S01516,2024-04-21,ST03,C0044,P071,2,573.25,0.0,1146.5,715.02,431.48,Mobile App
S01517,2023-01-24,ST06,C0266,P057,1,866.66,0.0,866.66,379.34,487.32,Retail Store
S01518,2023-05-13,ST10,C0263,P060,1,550.86,0.0,550.86,340.53,210.33,Marketplace
S01519,2024-09-02,ST07,C0240,P058,2,558.35,0.05,1060.87,499.6,561.27,Mobile App
S01520,2023-07-02,ST05,C0163,P064,1,189.25,0.05,179.79,93.67,86.12,Retail Store
S01521,2024-11-14,ST04,C0227,P023,1,589.93,0.0,589.93,419.87,170.06,Retail Store
S01522,2023-05-27,ST02,C0462,P046,2,653.19,0.0,1306.38,685.78,620.6,Retail Store
S01523,2023-09-19,ST04,C0475,P036,2,539.12,0.0,1078.24,622.36,455.88,Retail Store
S01524,2023-08-17,ST01,C0185,P010,2,177.97,0.1,320.35,229.34,91.01,Online
S01525,2025-02-03,ST11,C0101,P043,1,241.25,0.0,241.25,137.71,103.54,Mobile App
S01526,2024-09-21,ST14,C0382,P039,1,839.98,0.15,713.98,396.66,317.32,Mobile App
S01527,2023-09-26,ST10,C0362,P025,1,788.41,0.0,788.41,350.48,437.93,Mobile App
S01528,2024-11-17,ST05,C0395,P002,2,441.21,0.0,882.42,575.74,306.68,Mobile App
S01529,2023-01-30,ST07,C0485,P052,1,179.16,0.1,161.24,111.81,49.43,Retail Store
S01530,2025-01-11,ST09,C0335,P061,3,603.93,0.0,1811.79,989.97,821.82,Marketplace
S01531,2023-04-04,ST12,C0117,P030,3,556.36,0.15,1418.72,825.27,593.45,Online
S01532,2025-03-01,ST09,C0120,P061,1,603.93,0.1,543.54,329.99,213.55,Marketplace
S01533,2024-11-04,ST08,C0417,P093,1,466.42,0.0,466.42,269.66,196.76,Retail Store
S01534,2025-02-26,ST04,C0434,P041,3,148.6,0.05,423.51,287.04,136.47,Marketplace
S01535,2024-11-07,ST08,C0225,P027,1,598.23,0.1,538.41,345.99,192.42,Retail Store
S01536,2024-05-26,ST10,C0072,P048,2,113.1,0.0,226.2,118.1,108.1,Mobile App
S01537,2023-08-05,ST08,C0005,P095,6,139.42,0.15,711.04,598.5,112.54,Mobile App
S01538,2024-12-15,ST07,C0116,P044,1,670.76,0.05,637.22,448.05,189.17,Marketplace
S01539,2024-12-28,ST12,C0399,P098,1,610.44,0.1,549.4,285.38,264.02,Mobile App
S01540,2023-09-20,ST01,C0301,P042,3,552.37,0.1,1491.4,1225.62,265.78,Retail Store
S01541,2024-08-28,ST06,C0079,P018,2,560.51,0.1,1008.92,688.24,320.68,Marketplace
S01542,2025-04-24,ST07,C0105,P049,2,878.21,0.0,1756.42,782.54,973.88,Marketplace
S01543,2023-12-20,ST02,C0244,P025,1,788.41,0.0,788.41,350.48,437.93,Marketplace
S01544,2025-05-21,ST05,C0459,P082,3,824.42,0.0,2473.26,1248.99,1224.27,Online
S01545,2025-06-07,ST09,C0346,P014,3,523.69,0.0,1571.07,724.65,846.42,Retail Store
S01546,2023-10-12,ST08,C0309,P089,1,178.67,0.0,178.67,97.12,81.55,Online
S01547,2024-05-17,ST15,C0036,P026,2,311.93,0.05,592.67,275.3,317.37,Mobile App
S01548,2023-01-12,ST05,C0120,P027,1,598.23,0.15,508.5,345.99,162.51,Retail Store
S01549,2023-08-17,ST06,C0030,P059,4,618.97,0.1,2228.29,1696.2,532.09,Retail Store
S01550,2024-07-19,ST14,C0168,P022,1,753.54,0.05,715.86,415.36,300.5,Marketplace
S01551,2024-12-12,ST03,C0057,P021,2,414.87,0.1,746.77,367.82,378.95,Marketplace
S01552,2025-03-03,ST02,C0381,P062,1,800.1,0.05,760.1,409.77,350.33,Online
S01553,2025-01-26,ST04,C0446,P017,1,780.73,0.0,780.73,390.83,389.9,Marketplace
S01554,2025-04-10,ST08,C0341,P091,1,512.66,0.0,512.66,367.79,144.87,Mobile App
S01555,2024-10-03,ST09,C0104,P076,1,361.84,0.15,307.56,165.74,141.82,Marketplace
S01556,2024-08-12,ST01,C0104,P036,5,539.12,0.0,2695.6,1555.9,1139.7,Marketplace
S01557,2024-11-18,ST07,C0423,P009,2,211.8,0.1,381.24,244.7,136.54,Online
S01558,2024-05-12,ST15,C0169,P068,3,675.48,0.1,1823.8,925.35,898.45,Marketplace
S01559,2024-07-03,ST10,C0237,P059,1,618.97,0.0,618.97,424.05,194.92,Retail Store
S01560,2024-12-08,ST15,C0331,P037,1,559.57,0.05,531.59,365.25,166.34,Mobile App
S01561,2025-05-28,ST12,C0432,P090,5,573.25,0.0,2866.25,1440.95,1425.3,Marketplace
S01562,2023-09-25,ST13,C0422,P079,2,118.05,0.0,236.1,148.3,87.8,Marketplace
S01563,2023-06-11,ST15,C0092,P032,1,266.96,0.1,240.26,143.35,96.91,Marketplace
S01564,2024-09-13,ST15,C0197,P059,1,618.97,0.15,526.12,424.05,102.07,Online
S01565,2023-06-20,ST02,C0292,P090,2,573.25,0.05,1089.17,576.38,512.79,Retail Store
S01566,2023-06-08,ST14,C0454,P031,1,173.34,0.0,173.34,122.3,51.04,Mobile App
S01567,2024-04-13,ST05,C0276,P081,1,595.21,0.15,505.93,338.24,167.69,Retail Store
S01568,2023-12-10,ST12,C0372,P090,2,573.25,0.0,1146.5,576.38,570.12,Marketplace
S01569,2024-01-26,ST09,C0391,P053,1,512.39,0.0,512.39,310.47,201.92,Mobile App
S01570,2024-05-22,ST02,C0387,P010,1,177.97,0.1,160.17,114.67,45.5,Mobile App
S01571,2023-04-29,ST03,C0231,P053,1,512.39,0.0,512.39,310.47,201.92,Online
S01572,2024-06-16,ST08,C0023,P065,2,54.39,0.0,108.78,58.22,50.56,Retail Store
S01573,2023-08-21,ST11,C0356,P082,2,824.42,0.15,1401.51,832.66,568.85,Marketplace
S01574,2023-10-29,ST12,C0176,P049,2,878.21,0.05,1668.6,782.54,886.06,Online
S01575,2024-10-08,ST01,C0020,P051,2,502.39,0.0,1004.78,608.76,396.02,Retail Store
S01576,2023-05-22,ST03,C0470,P091,3,512.66,0.0,1537.98,1103.37,434.61,Marketplace
S01577,2023-05-21,ST02,C0237,P063,2,85.52,0.0,171.04,87.48,83.56,Online
S01578,2023-10-21,ST08,C0487,P092,2,496.59,0.0,993.18,569.58,423.6,Marketplace
S01579,2023-02-16,ST03,C0431,P036,1,539.12,0.0,539.12,311.18,227.94,Retail Store
S01580,2025-04-29,ST03,C0052,P078,1,331.1,0.0,331.1,171.92,159.18,Retail Store
S01581,2024-07-14,ST07,C0380,P069,2,952.97,0.0,1905.94,877.76,1028.18,Retail Store
S01582,2024-08-25,ST01,C0391,P086,3,320.59,0.15,817.5,592.74,224.76,Mobile App
S01583,2024-03-22,ST06,C0226,P020,2,796.23,0.0,1592.46,825.74,766.72,Online
S01584,2024-06-05,ST15,C0018,P092,1,496.59,0.15,422.1,284.79,137.31,Online
S01585,2023-11-23,ST01,C0357,P057,3,866.66,0.15,2209.98,1138.02,1071.96,Retail Store
S01586,2024-12-15,ST05,C0354,P050,1,251.3,0.05,238.74,129.64,109.1,Retail Store
S01587,2023-10-17,ST01,C0003,P077,1,146.59,0.05,139.26,100.89,38.37,Online
S01588,2023-07-20,ST15,C0192,P032,3,266.96,0.0,800.88,430.05,370.83,Online
S01589,2023-06-17,ST07,C0009,P012,1,703.62,0.0,703.62,341.62,362.0,Retail Store
S01590,2023-03-04,ST04,C0421,P044,2,670.76,0.15,1140.29,896.1,244.19,Retail Store
S01591,2024-04-05,ST15,C0491,P029,3,230.02,0.0,690.06,361.5,328.56,Online
S01592,2024-01-14,ST01,C0086,P093,4,466.42,0.05,1772.4,1078.64,693.76,Retail Store
S01593,2024-05-04,ST09,C0166,P042,2,552.37,0.15,939.03,817.08,121.95,Online
S01594,2023-03-25,ST15,C0107,P080,1,421.17,0.1,379.05,210.32,168.73,Marketplace
S01595,2023-07-21,ST04,C0062,P055,1,374.11,0.0,374.11,253.49,120.62,Retail Store
S01596,2023-07-14,ST03,C0166,P046,1,653.19,0.0,653.19,342.89,310.3,Marketplace
S01597,2023-10-30,ST01,C0162,P084,1,240.69,0.05,228.66,163.63,65.03,Online
S01598,2023-11-25,ST02,C0113,P059,1,618.97,0.15,526.12,424.05,102.07,Mobile App
S01599,2023-07-19,ST06,C0320,P084,3,240.69,0.0,722.07,490.89,231.18,Retail Store
S01600,2024-11-16,ST05,C0211,P028,2,535.81,0.1,964.46,602.4,362.06,Marketplace
S01601,2024-04-28,ST09,C0365,P014,1,523.69,0.1,471.32,241.55,229.77,Online
S01602,2025-06-26,ST02,C0492,P033,3,760.26,0.1,2052.7,1267.77,784.93,Mobile App
S01603,2025-01-20,ST07,C0357,P081,1,595.21,0.15,505.93,338.24,167.69,Online
S01604,2025-06-12,ST11,C0090,P043,1,241.25,0.15,205.06,137.71,67.35,Mobile App
S01605,2023-01-09,ST02,C0247,P086,2,320.59,0.0,641.18,395.16,246.02,Retail Store
S01606,2024-09-01,ST10,C0467,P078,4,331.1,0.05,1258.18,687.68,570.5,Marketplace
S01607,2024-02-11,ST12,C0328,P066,4,400.97,0.0,1603.88,1090.28,513.6,Retail Store
S01608,2025-04-03,ST10,C0011,P030,1,556.36,0.0,556.36,275.09,281.27,Mobile App
S01609,2024-07-13,ST07,C0378,P031,2,173.34,0.0,346.68,244.6,102.08,Retail Store
S01610,2024-07-19,ST06,C0071,P008,1,682.79,0.05,648.65,317.47,331.18,Mobile App
S01611,2025-05-23,ST07,C0078,P026,2,311.93,0.0,623.86,275.3,348.56,Retail Store
S01612,2024-09-13,ST12,C0473,P031,5,173.34,0.1,780.03,611.5,168.53,Marketplace
S01613,2023-10-20,ST06,C0450,P095,1,139.42,0.0,139.42,99.75,39.67,Mobile App
S01614,2025-04-14,ST13,C0330,P041,2,148.6,0.0,297.2,191.36,105.84,Marketplace
S01615,2025-05-10,ST05,C0417,P083,2,543.94,0.0,1087.88,661.8,426.08,Online
S01616,2023-12-18,ST06,C0170,P094,1,634.83,0.0,634.83,303.82,331.01,Online
S01617,2024-05-07,ST15,C0028,P070,3,819.07,0.15,2088.63,1198.8,889.83,Online
S01618,2023-09-15,ST12,C0357,P088,1,656.76,0.0,656.76,312.14,344.62,Marketplace
S01619,2025-04-10,ST03,C0165,P067,3,278.89,0.05,794.84,539.94,254.9,Retail Store
S01620,2025-01-18,ST08,C0446,P009,4,211.8,0.0,847.2,489.4,357.8,Online
S01621,2023-12-08,ST03,C0325,P007,3,572.81,0.0,1718.43,1004.64,713.79,Online
S01622,2025-01-01,ST10,C0089,P012,1,703.62,0.1,633.26,341.62,291.64,Online
S01623,2024-02-10,ST02,C0260,P031,2,173.34,0.05,329.35,244.6,84.75,Marketplace
S01624,2023-02-09,ST12,C0085,P040,1,151.24,0.0,151.24,66.61,84.63,Online
S01625,2025-03-29,ST10,C0091,P055,3,374.11,0.0,1122.33,760.47,361.86,Mobile App
S01626,2023-06-25,ST08,C0296,P037,1,559.57,0.15,475.63,365.25,110.38,Online
S01627,2024-04-13,ST13,C0442,P035,1,381.12,0.05,362.06,175.58,186.48,Retail Store
S01628,2025-05-13,ST07,C0204,P047,1,583.71,0.0,583.71,415.74,167.97,Marketplace
S01629,2023-06-02,ST09,C0217,P057,1,866.66,0.1,779.99,379.34,400.65,Marketplace
S01630,2025-05-21,ST14,C0080,P098,2,610.44,0.05,1159.84,570.76,589.08,Retail Store
S01631,2024-05-05,ST07,C0196,P098,2,610.44,0.0,1220.88,570.76,650.12,Mobile App
S01632,2023-01-07,ST03,C0276,P077,1,146.59,0.1,131.93,100.89,31.04,Online
S01633,2023-03-01,ST08,C0195,P033,1,760.26,0.0,760.26,422.59,337.67,Marketplace
S01634,2024-09-02,ST09,C0193,P037,3,559.57,0.1,1510.84,1095.75,415.09,Marketplace
S01635,2024-12-05,ST03,C0171,P010,1,177.97,0.15,151.27,114.67,36.6,Marketplace
S01636,2025-02-26,ST15,C0080,P026,1,311.93,0.0,311.93,137.65,174.28,Retail Store
S01637,2024-01-22,ST09,C0442,P002,1,441.21,0.15,375.03,287.87,87.16,Mobile App
S01638,2023-04-05,ST15,C0208,P063,1,85.52,0.05,81.24,43.74,37.5,Marketplace
S01639,2024-05-04,ST07,C0192,P096,1,612.7,0.05,582.07,414.92,167.15,Mobile App
S01640,2024-10-02,ST02,C0302,P083,3,543.94,0.05,1550.23,992.7,557.53,Retail Store
S01641,2025-06-08,ST15,C0198,P016,1,442.1,0.1,397.89,278.25,119.64,Online
S01642,2024-12-07,ST07,C0391,P025,1,788.41,0.0,788.41,350.48,437.93,Mobile App
S01643,2024-08-12,ST08,C0364,P066,1,400.97,0.15,340.82,272.57,68.25,Mobile App
S01644,2025-05-06,ST11,C0030,P090,1,573.25,0.05,544.59,288.19,256.4,Marketplace
S01645,2024-11-11,ST04,C0127,P095,4,139.42,0.05,529.8,399.0,130.8,Retail Store
S01646,2023-05-21,ST12,C0324,P047,2,583.71,0.15,992.31,831.48,160.83,Retail Store
S01647,2024-02-23,ST11,C0341,P090,1,573.25,0.0,573.25,288.19,285.06,Mobile App
S01648,2023-10-30,ST11,C0234,P078,2,331.1,0.0,662.2,343.84,318.36,Mobile App
S01649,2023-03-21,ST10,C0309,P032,2,266.96,0.15,453.83,286.7,167.13,Online
S01650,2023-02-19,ST13,C0060,P002,1,441.21,0.0,441.21,287.87,153.34,Marketplace
S01651,2024-12-24,ST10,C0362,P051,1,502.39,0.0,502.39,304.38,198.01,Online
S01652,2024-05-23,ST14,C0085,P055,3,374.11,0.05,1066.21,760.47,305.74,Mobile App
S01653,2024-06-07,ST09,C0155,P089,1,178.67,0.1,160.8,97.12,63.68,Marketplace
S01654,2023-07-27,ST12,C0158,P076,1,361.84,0.05,343.75,165.74,178.01,Retail Store
S01655,2023-08-24,ST10,C0326,P014,1,523.69,0.0,523.69,241.55,282.14,Online
S01656,2023-12-20,ST04,C0384,P035,3,381.12,0.15,971.86,526.74,445.12,Marketplace
S01657,2024-07-28,ST01,C0158,P090,1,573.25,0.0,573.25,288.19,285.06,Marketplace
S01658,2024-01-30,ST02,C0050,P001,1,474.05,0.15,402.94,252.9,150.04,Marketplace
S01659,2023-01-16,ST11,C0214,P068,3,675.48,0.0,2026.44,925.35,1101.09,Marketplace
S01660,2024-09-05,ST06,C0091,P022,2,753.54,0.0,1507.08,830.72,676.36,Online
S01661,2024-05-02,ST03,C0250,P026,2,311.93,0.1,561.47,275.3,286.17,Retail Store
S01662,2024-08-07,ST14,C0291,P058,3,558.35,0.0,1675.05,749.4,925.65,Online
S01663,2024-07-17,ST12,C0031,P026,4,311.93,0.0,1247.72,550.6,697.12,Online
S01664,2024-11-19,ST14,C0462,P034,1,530.96,0.05,504.41,368.19,136.22,Marketplace
S01665,2024-06-17,ST10,C0468,P081,2,595.21,0.0,1190.42,676.48,513.94,Online
S01666,2024-09-30,ST02,C0151,P011,2,309.34,0.05,587.75,386.28,201.47,Retail Store
S01667,2023-03-08,ST06,C0033,P036,2,539.12,0.0,1078.24,622.36,455.88,Online
S01668,2025-04-25,ST11,C0249,P062,1,800.1,0.0,800.1,409.77,390.33,Retail Store
S01669,2023-04-07,ST13,C0137,P008,4,682.79,0.0,2731.16,1269.88,1461.28,Retail Store
S01670,2024-12-17,ST09,C0109,P013,2,633.58,0.0,1267.16,813.14,454.02,Marketplace
S01671,2023-10-02,ST13,C0267,P078,1,331.1,0.0,331.1,171.92,159.18,Marketplace
S01672,2023-03-20,ST06,C0388,P061,2,603.93,0.1,1087.07,659.98,427.09,Marketplace
S01673,2024-11-28,ST11,C0190,P044,2,670.76,0.0,1341.52,896.1,445.42,Mobile App
S01674,2024-02-03,ST06,C0482,P031,1,173.34,0.15,147.34,122.3,25.04,Marketplace
S01675,2023-12-26,ST01,C0313,P049,1,878.21,0.0,878.21,391.27,486.94,Mobile App
S01676,2024-08-24,ST08,C0002,P013,2,633.58,0.15,1077.09,813.14,263.95,Marketplace
S01677,2024-03-07,ST15,C0428,P093,1,466.42,0.0,466.42,269.66,196.76,Retail Store
S01678,2024-04-30,ST14,C0063,P078,4,331.1,0.1,1191.96,687.68,504.28,Mobile App
S01679,2023-05-05,ST14,C0385,P090,1,573.25,0.0,573.25,288.19,285.06,Mobile App
S01680,2023-12-23,ST11,C0317,P058,1,558.35,0.15,474.6,249.8,224.8,Marketplace
S01681,2024-12-27,ST11,C0212,P066,2,400.97,0.0,801.94,545.14,256.8,Retail Store
S01682,2024-05-12,ST14,C0491,P082,1,824.42,0.0,824.42,416.33,408.09,Retail Store
S01683,2025-05-24,ST14,C0185,P082,1,824.42,0.0,824.42,416.33,408.09,Mobile App
S01684,2023-05-12,ST04,C0228,P087,1,643.14,0.1,578.83,358.95,219.88,Marketplace
S01685,2024-09-09,ST10,C0379,P052,2,179.16,0.0,358.32,223.62,134.7,Mobile App
S01686,2025-04-12,ST15,C0481,P055,1,374.11,0.05,355.4,253.49,101.91,Retail Store
S01687,2024-12-25,ST05,C0198,P094,2,634.83,0.1,1142.69,607.64,535.05,Online
S01688,2024-10-26,ST14,C0074,P092,2,496.59,0.1,893.86,569.58,324.28,Retail Store
S01689,2023-12-06,ST13,C0255,P017,1,780.73,0.0,780.73,390.83,389.9,Mobile App
S01690,2025-05-14,ST14,C0281,P087,5,643.14,0.05,3054.91,1794.75,1260.16,Online
S01691,2024-05-19,ST02,C0489,P058,3,558.35,0.05,1591.3,749.4,841.9,Online
S01692,2024-05-20,ST03,C0109,P032,1,266.96,0.15,226.92,143.35,83.57,Retail Store
S01693,2023-04-23,ST12,C0223,P014,1,523.69,0.0,523.69,241.55,282.14,Online
S01694,2023-01-05,ST07,C0463,P042,2,552.37,0.0,1104.74,817.08,287.66,Online
S01695,2024-06-27,ST11,C0132,P093,1,466.42,0.05,443.1,269.66,173.44,Retail Store
S01696,2024-05-04,ST15,C0070,P086,1,320.59,0.1,288.53,197.58,90.95,Marketplace
S01697,2025-05-12,ST12,C0408,P012,1,703.62,0.0,703.62,341.62,362.0,Online
S01698,2023-10-05,ST15,C0393,P074,1,440.89,0.1,396.8,194.35,202.45,Retail Store
S01699,2024-11-12,ST07,C0176,P083,1,543.94,0.15,462.35,330.9,131.45,Marketplace
S01700,2025-04-03,ST13,C0329,P084,1,240.69,0.1,216.62,163.63,52.99,Marketplace
S01701,2023-11-10,ST05,C0115,P030,4,556.36,0.0,2225.44,1100.36,1125.08,Mobile App
S01702,2024-01-11,ST02,C0058,P012,1,703.62,0.0,703.62,341.62,362.0,Online
S01703,2024-08-11,ST02,C0483,P096,3,612.7,0.1,1654.29,1244.76,409.53,Mobile App
S01704,2024-04-11,ST06,C0437,P017,4,780.73,0.05,2966.77,1563.32,1403.45,Retail Store
S01705,2023-05-27,ST10,C0032,P040,1,151.24,0.1,136.12,66.61,69.51,Online
S01706,2023-07-21,ST06,C0217,P050,2,251.3,0.0,502.6,259.28,243.32,Online
S01707,2025-01-30,ST10,C0340,P067,1,278.89,0.1,251.0,179.98,71.02,Online
S01708,2023-06-27,ST01,C0203,P014,3,523.69,0.1,1413.96,724.65,689.31,Marketplace
S01709,2023-06-15,ST14,C0075,P041,2,148.6,0.0,297.2,191.36,105.84,Online
S01710,2024-12-29,ST08,C0349,P064,1,189.25,0.0,189.25,93.67,95.58,Mobile App
S01711,2025-02-15,ST11,C0383,P019,3,451.75,0.15,1151.96,653.49,498.47,Retail Store
S01712,2025-02-14,ST05,C0164,P077,4,146.59,0.1,527.72,403.56,124.16,Retail Store
S01713,2025-04-29,ST12,C0435,P036,1,539.12,0.1,485.21,311.18,174.03,Marketplace
S01714,2025-06-24,ST04,C0425,P081,3,595.21,0.05,1696.35,1014.72,681.63,Mobile App
S01715,2024-02-25,ST07,C0495,P091,1,512.66,0.0,512.66,367.79,144.87,Mobile App
S01716,2024-05-15,ST12,C0424,P020,3,796.23,0.0,2388.69,1238.61,1150.08,Online
S01717,2023-09-22,ST01,C0377,P090,1,573.25,0.0,573.25,288.19,285.06,Marketplace
S01718,2023-03-03,ST05,C0201,P094,1,634.83,0.15,539.61,303.82,235.79,Online
S01719,2023-03-31,ST07,C0281,P003,5,101.68,0.0,508.4,222.4,286.0,Marketplace
S01720,2024-10-23,ST06,C0243,P087,2,643.14,0.05,1221.97,717.9,504.07,Marketplace
S01721,2024-03-19,ST12,C0271,P010,1,177.97,0.0,177.97,114.67,63.3,Mobile App
S01722,2023-10-29,ST04,C0473,P090,1,573.25,0.15,487.26,288.19,199.07,Marketplace
S01723,2023-04-27,ST06,C0068,P013,1,633.58,0.1,570.22,406.57,163.65,Retail Store
S01724,2024-08-20,ST08,C0156,P091,4,512.66,0.15,1743.04,1471.16,271.88,Online
S01725,2023-04-02,ST08,C0071,P074,1,440.89,0.15,374.76,194.35,180.41,Marketplace
S01726,2024-07-18,ST03,C0460,P038,3,348.21,0.0,1044.63,646.98,397.65,Online
S01727,2025-03-31,ST12,C0101,P096,2,612.7,0.15,1041.59,829.84,211.75,Retail Store
S01728,2023-10-17,ST14,C0372,P047,1,583.71,0.1,525.34,415.74,109.6,Retail Store
S01729,2024-02-15,ST14,C0403,P087,3,643.14,0.0,1929.42,1076.85,852.57,Marketplace
S01730,2024-07-15,ST14,C0348,P055,3,374.11,0.0,1122.33,760.47,361.86,Retail Store
S01731,2023-10-06,ST08,C0183,P013,4,633.58,0.0,2534.32,1626.28,908.04,Retail Store
S01732,2024-06-16,ST11,C0264,P016,3,442.1,0.0,1326.3,834.75,491.55,Marketplace
S01733,2024-05-30,ST12,C0322,P020,1,796.23,0.05,756.42,412.87,343.55,Online
S01734,2023-11-29,ST04,C0061,P005,1,187.0,0.05,177.65,94.13,83.52,Marketplace
S01735,2023-10-16,ST10,C0353,P039,3,839.98,0.0,2519.94,1189.98,1329.96,Marketplace
S01736,2024-01-26,ST13,C0355,P100,1,691.45,0.15,587.73,381.94,205.79,Retail Store
S01737,2023-01-05,ST14,C0238,P100,2,691.45,0.15,1175.47,763.88,411.59,Marketplace
S01738,2023-08-13,ST11,C0324,P036,3,539.12,0.05,1536.49,933.54,602.95,Mobile App
S01739,2023-07-21,ST02,C0062,P002,3,441.21,0.0,1323.63,863.61,460.02,Retail Store
S01740,2024-11-04,ST11,C0329,P063,3,85.52,0.1,230.9,131.22,99.68,Online
S01741,2024-02-02,ST10,C0301,P003,2,101.68,0.1,183.02,88.96,94.06,Marketplace
S01742,2025-02-04,ST12,C0356,P036,2,539.12,0.0,1078.24,622.36,455.88,Online
S01743,2023-05-03,ST11,C0248,P050,3,251.3,0.15,640.82,388.92,251.9,Marketplace
S01744,2024-10-29,ST03,C0293,P039,2,839.98,0.0,1679.96,793.32,886.64,Mobile App
S01745,2025-03-10,ST15,C0366,P009,2,211.8,0.1,381.24,244.7,136.54,Online
S01746,2024-02-26,ST12,C0417,P052,1,179.16,0.0,179.16,111.81,67.35,Marketplace
S01747,2023-11-23,ST09,C0419,P072,3,110.76,0.1,299.05,212.82,86.23,Marketplace
S01748,2023-10-06,ST14,C0266,P009,1,211.8,0.1,190.62,122.35,68.27,Retail Store
S01749,2024-05-17,ST04,C0386,P097,3,509.83,0.15,1300.07,926.16,373.91,Retail Store
S01750,2023-06-10,ST10,C0442,P024,1,908.43,0.15,772.17,427.45,344.72,Online
S01751,2024-07-06,ST08,C0285,P001,2,474.05,0.0,948.1,505.8,442.3,Retail Store
S01752,2025-02-05,ST10,C0066,P006,2,826.37,0.0,1652.74,846.16,806.58,Online
S01753,2025-02-21,ST05,C0288,P012,2,703.62,0.0,1407.24,683.24,724.0,Retail Store
S01754,2023-05-08,ST05,C0260,P016,3,442.1,0.0,1326.3,834.75,491.55,Online
S01755,2024-05-05,ST11,C0484,P055,2,374.11,0.0,748.22,506.98,241.24,Online
S01756,2023-08-28,ST09,C0024,P039,3,839.98,0.0,2519.94,1189.98,1329.96,Marketplace
S01757,2025-03-18,ST08,C0296,P018,2,560.51,0.15,952.87,688.24,264.63,Mobile App
S01758,2023-03-11,ST06,C0467,P067,1,278.89,0.1,251.0,179.98,71.02,Online
S01759,2023-03-10,ST11,C0051,P089,1,178.67,0.0,178.67,97.12,81.55,Online
S01760,2023-01-17,ST03,C0097,P005,3,187.0,0.0,561.0,282.39,278.61,Online
S01761,2024-04-07,ST09,C0309,P018,1,560.51,0.0,560.51,344.12,216.39,Mobile App
S01762,2023-01-29,ST12,C0066,P036,1,539.12,0.1,485.21,311.18,174.03,Marketplace
S01763,2024-06-14,ST05,C0282,P010,3,177.97,0.0,533.91,344.01,189.9,Marketplace
S01764,2024-01-05,ST03,C0463,P084,1,240.69,0.05,228.66,163.63,65.03,Marketplace
S01765,2024-06-21,ST05,C0484,P011,2,309.34,0.15,525.88,386.28,139.6,Marketplace
S01766,2025-04-05,ST09,C0074,P089,1,178.67,0.0,178.67,97.12,81.55,Retail Store
S01767,2024-05-17,ST05,C0376,P081,1,595.21,0.15,505.93,338.24,167.69,Online
S01768,2024-05-10,ST10,C0191,P092,2,496.59,0.15,844.2,569.58,274.62,Online
S01769,2025-06-28,ST03,C0421,P054,1,66.5,0.0,66.5,28.96,37.54,Marketplace
S01770,2024-03-06,ST10,C0014,P049,2,878.21,0.0,1756.42,782.54,973.88,Retail Store
S01771,2024-12-07,ST09,C0064,P035,2,381.12,0.0,762.24,351.16,411.08,Marketplace
S01772,2023-11-30,ST11,C0169,P009,2,211.8,0.0,423.6,244.7,178.9,Mobile App
S01773,2023-07-23,ST05,C0399,P043,3,241.25,0.0,723.75,413.13,310.62,Online
S01774,2024-12-04,ST02,C0006,P036,3,539.12,0.05,1536.49,933.54,602.95,Online
S01775,2024-10-29,ST02,C0488,P049,2,878.21,0.0,1756.42,782.54,973.88,Online
S01776,2023-09-23,ST15,C0373,P068,2,675.48,0.0,1350.96,616.9,734.06,Marketplace
S01777,2024-02-28,ST06,C0271,P013,1,633.58,0.15,538.54,406.57,131.97,Mobile App
S01778,2024-04-09,ST10,C0139,P071,3,573.25,0.0,1719.75,1072.53,647.22,Retail Store
S01779,2023-12-28,ST13,C0163,P022,1,753.54,0.05,715.86,415.36,300.5,Online
S01780,2024-04-02,ST12,C0413,P045,1,240.79,0.15,204.67,117.52,87.15,Marketplace
S01781,2024-08-26,ST03,C0304,P062,1,800.1,0.0,800.1,409.77,390.33,Retail Store
S01782,2025-02-11,ST12,C0263,P088,1,656.76,0.0,656.76,312.14,344.62,Online
S01783,2025-01-04,ST10,C0194,P019,3,451.75,0.15,1151.96,653.49,498.47,Mobile App
S01784,2024-07-13,ST12,C0471,P007,1,572.81,0.15,486.89,334.88,152.01,Mobile App
S01785,2023-06-01,ST04,C0399,P091,1,512.66,0.15,435.76,367.79,67.97,Marketplace
S01786,2024-04-13,ST03,C0235,P091,1,512.66,0.05,487.03,367.79,119.24,Mobile App
S01787,2024-02-11,ST05,C0258,P060,1,550.86,0.0,550.86,340.53,210.33,Marketplace
S01788,2023-06-13,ST12,C0483,P067,1,278.89,0.0,278.89,179.98,98.91,Mobile App
S01789,2025-05-14,ST02,C0440,P082,1,824.42,0.0,824.42,416.33,408.09,Marketplace
S01790,2024-08-23,ST14,C0161,P099,1,381.31,0.0,381.31,214.51,166.8,Retail Store
S01791,2025-05-31,ST04,C0374,P010,1,177.97,0.0,177.97,114.67,63.3,Online
S01792,2024-11-01,ST02,C0030,P074,2,440.89,0.15,749.51,388.7,360.81,Mobile App
S01793,2024-03-16,ST08,C0476,P071,3,573.25,0.0,1719.75,1072.53,647.22,Marketplace
S01794,2023-11-23,ST15,C0261,P087,1,643.14,0.15,546.67,358.95,187.72,Online
S01795,2023-07-19,ST09,C0255,P062,6,800.1,0.15,4080.51,2458.62,1621.89,Retail Store
S01796,2024-03-20,ST10,C0008,P052,1,179.16,0.0,179.16,111.81,67.35,Retail Store
S01797,2023-02-27,ST12,C0218,P092,1,496.59,0.1,446.93,284.79,162.14,Mobile App
S01798,2023-12-03,ST11,C0379,P032,1,266.96,0.1,240.26,143.35,96.91,Retail Store
S01799,2023-02-08,ST03,C0230,P078,1,331.1,0.15,281.44,171.92,109.52,Online
S01800,2023-07-08,ST06,C0039,P023,1,589.93,0.0,589.93,419.87,170.06,Mobile App
S01801,2025-04-06,ST08,C0217,P007,3,572.81,0.05,1632.51,1004.64,627.87,Online
S01802,2023-11-26,ST02,C0497,P048,1,113.1,0.0,113.1,59.05,54.05,Online
S01803,2024-03-03,ST13,C0436,P070,1,819.07,0.0,819.07,399.6,419.47,Mobile App
S01804,2024-02-19,ST05,C0248,P039,1,839.98,0.0,839.98,396.66,443.32,Online
S01805,2023-02-12,ST11,C0378,P001,3,474.05,0.1,1279.94,758.7,521.24,Marketplace
S01806,2025-06-12,ST05,C0473,P028,1,535.81,0.15,455.44,301.2,154.24,Retail Store
S01807,2023-10-23,ST10,C0457,P060,1,550.86,0.05,523.32,340.53,182.79,Retail Store
S01808,2024-10-03,ST10,C0004,P046,2,653.19,0.05,1241.06,685.78,555.28,Mobile App
S01809,2024-04-19,ST02,C0182,P039,1,839.98,0.0,839.98,396.66,443.32,Mobile App
S01810,2025-01-25,ST07,C0096,P093,3,466.42,0.0,1399.26,808.98,590.28,Retail Store
S01811,2025-01-30,ST08,C0221,P013,1,633.58,0.0,633.58,406.57,227.01,Retail Store
S01812,2023-08-28,ST15,C0264,P068,1,675.48,0.0,675.48,308.45,367.03,Marketplace
S01813,2024-05-10,ST08,C0468,P016,5,442.1,0.0,2210.5,1391.25,819.25,Online
S01814,2023-06-08,ST05,C0337,P099,1,381.31,0.0,381.31,214.51,166.8,Marketplace
S01815,2024-08-18,ST05,C0192,P051,2,502.39,0.0,1004.78,608.76,396.02,Marketplace
S01816,2023-11-29,ST13,C0275,P024,3,908.43,0.0,2725.29,1282.35,1442.94,Retail Store
S01817,2024-08-18,ST14,C0337,P057,1,866.66,0.05,823.33,379.34,443.99,Online
S01818,2025-01-31,ST12,C0182,P018,2,560.51,0.05,1064.97,688.24,376.73,Retail Store
S01819,2024-04-15,ST14,C0453,P046,3,653.19,0.15,1665.63,1028.67,636.96,Online
S01820,2023-12-09,ST05,C0098,P015,2,411.34,0.0,822.68,583.32,239.36,Online
S01821,2025-04-06,ST12,C0216,P051,1,502.39,0.0,502.39,304.38,198.01,Retail Store
S01822,2024-04-15,ST04,C0342,P021,3,414.87,0.05,1182.38,551.73,630.65,Mobile App
S01823,2023-11-18,ST08,C0216,P016,2,442.1,0.1,795.78,556.5,239.28,Marketplace
S01824,2025-03-01,ST03,C0366,P088,1,656.76,0.0,656.76,312.14,344.62,Marketplace
S01825,2024-03-19,ST15,C0372,P065,1,54.39,0.15,46.23,29.11,17.12,Marketplace
S01826,2024-03-15,ST02,C0057,P017,1,780.73,0.0,780.73,390.83,389.9,Online
S01827,2024-07-04,ST09,C0177,P020,1,796.23,0.0,796.23,412.87,383.36,Online
S01828,2024-04-02,ST14,C0348,P007,1,572.81,0.0,572.81,334.88,237.93,Marketplace
S01829,2023-05-07,ST01,C0378,P077,1,146.59,0.05,139.26,100.89,38.37,Marketplace
S01830,2023-05-31,ST08,C0145,P038,2,348.21,0.0,696.42,431.32,265.1,Marketplace
S01831,2023-03-12,ST03,C0317,P032,2,266.96,0.15,453.83,286.7,167.13,Online
S01832,2024-08-09,ST13,C0144,P032,3,266.96,0.0,800.88,430.05,370.83,Mobile App
S01833,2023-07-12,ST11,C0127,P090,1,573.25,0.05,544.59,288.19,256.4,Online
S01834,2023-06-20,ST13,C0362,P061,2,603.93,0.0,1207.86,659.98,547.88,Online
S01835,2023-11-26,ST10,C0438,P025,3,788.41,0.15,2010.45,1051.44,959.01,Online
S01836,2024-10-15,ST03,C0062,P030,2,556.36,0.05,1057.08,550.18,506.9,Retail Store
S01837,2023-04-18,ST15,C0099,P036,1,539.12,0.0,539.12,311.18,227.94,Marketplace
S01838,2023-07-29,ST04,C0316,P003,1,101.68,0.0,101.68,44.48,57.2,Retail Store
S01839,2025-01-08,ST09,C0209,P049,2,878.21,0.0,1756.42,782.54,973.88,Online
S01840,2024-10-18,ST07,C0173,P029,3,230.02,0.05,655.56,361.5,294.06,Retail Store
S01841,2024-03-14,ST11,C0219,P066,4,400.97,0.0,1603.88,1090.28,513.6,Mobile App
S01842,2024-03-12,ST06,C0138,P015,2,411.34,0.0,822.68,583.32,239.36,Mobile App
S01843,2023-07-11,ST04,C0215,P092,6,496.59,0.0,2979.54,1708.74,1270.8,Retail Store
S01844,2023-05-27,ST01,C0021,P024,1,908.43,0.0,908.43,427.45,480.98,Mobile App
S01845,2025-01-29,ST08,C0147,P028,2,535.81,0.0,1071.62,602.4,469.22,Retail Store
S01846,2023-01-21,ST05,C0095,P056,2,647.27,0.05,1229.81,798.74,431.07,Mobile App
S01847,2023-02-09,ST02,C0156,P043,1,241.25,0.0,241.25,137.71,103.54,Retail Store
S01848,2024-06-06,ST13,C0283,P088,1,656.76,0.0,656.76,312.14,344.62,Mobile App
S01849,2023-05-27,ST13,C0380,P047,2,583.71,0.0,1167.42,831.48,335.94,Mobile App
S01850,2024-07-27,ST05,C0333,P031,2,173.34,0.0,346.68,244.6,102.08,Marketplace
S01851,2023-02-05,ST02,C0455,P012,3,703.62,0.0,2110.86,1024.86,1086.0,Retail Store
S01852,2024-06-05,ST15,C0301,P006,2,826.37,0.15,1404.83,846.16,558.67,Online
S01853,2023-02-20,ST08,C0361,P025,1,788.41,0.0,788.41,350.48,437.93,Retail Store
S01854,2023-08-24,ST06,C0317,P070,1,819.07,0.0,819.07,399.6,419.47,Marketplace
S01855,2023-06-14,ST09,C0104,P098,1,610.44,0.15,518.87,285.38,233.49,Online
S01856,2025-05-22,ST04,C0066,P006,2,826.37,0.05,1570.1,846.16,723.94,Mobile App
S01857,2024-06-30,ST14,C0437,P098,2,610.44,0.1,1098.79,570.76,528.03,Mobile App
S01858,2024-05-28,ST11,C0230,P047,5,583.71,0.15,2480.77,2078.7,402.07,Retail Store
S01859,2023-01-17,ST08,C0035,P056,2,647.27,0.05,1229.81,798.74,431.07,Retail Store
S01860,2024-10-17,ST05,C0307,P022,1,753.54,0.15,640.51,415.36,225.15,Online
S01861,2024-08-25,ST10,C0024,P038,2,348.21,0.0,696.42,431.32,265.1,Online
S01862,2023-09-16,ST07,C0418,P095,2,139.42,0.05,264.9,199.5,65.4,Retail Store
S01863,2023-03-20,ST13,C0225,P022,2,753.54,0.1,1356.37,830.72,525.65,Marketplace
S01864,2024-02-14,ST07,C0400,P072,2,110.76,0.05,210.44,141.88,68.56,Mobile App
S01865,2025-06-23,ST01,C0095,P027,1,598.23,0.0,598.23,345.99,252.24,Online
S01866,2025-03-01,ST01,C0357,P076,3,361.84,0.1,976.97,497.22,479.75,Marketplace
S01867,2023-06-05,ST12,C0363,P065,1,54.39,0.1,48.95,29.11,19.84,Mobile App
S01868,2025-01-26,ST04,C0437,P039,1,839.98,0.0,839.98,396.66,443.32,Mobile App
S01869,2024-07-01,ST03,C0061,P071,4,573.25,0.0,2293.0,1430.04,862.96,Retail Store
S01870,2024-12-24,ST05,C0122,P069,2,952.97,0.0,1905.94,877.76,1028.18,Online
S01871,2025-01-17,ST03,C0475,P036,1,539.12,0.0,539.12,311.18,227.94,Retail Store
S01872,2023-06-15,ST14,C0128,P083,1,543.94,0.0,543.94,330.9,213.04,Retail Store
S01873,2024-08-23,ST06,C0333,P001,1,474.05,0.15,402.94,252.9,150.04,Mobile App
S01874,2023-08-29,ST12,C0043,P042,2,552.37,0.1,994.27,817.08,177.19,Mobile App
S01875,2024-10-21,ST07,C0069,P093,3,466.42,0.1,1259.33,808.98,450.35,Mobile App
S01876,2023-11-09,ST11,C0030,P042,3,552.37,0.0,1657.11,1225.62,431.49,Mobile App
S01877,2024-02-18,ST05,C0375,P029,3,230.02,0.0,690.06,361.5,328.56,Mobile App
S01878,2024-06-22,ST11,C0276,P003,1,101.68,0.1,91.51,44.48,47.03,Retail Store
S01879,2023-07-29,ST12,C0382,P093,1,466.42,0.05,443.1,269.66,173.44,Mobile App
S01880,2023-12-18,ST10,C0325,P081,1,595.21,0.1,535.69,338.24,197.45,Online
S01881,2023-04-09,ST06,C0113,P057,1,866.66,0.0,866.66,379.34,487.32,Online
S01882,2023-07-04,ST13,C0323,P075,2,347.7,0.05,660.63,348.48,312.15,Online
S01883,2025-02-22,ST12,C0119,P058,1,558.35,0.15,474.6,249.8,224.8,Marketplace
S01884,2024-04-04,ST15,C0076,P048,3,113.1,0.05,322.33,177.15,145.18,Retail Store
S01885,2024-01-18,ST08,C0093,P064,2,189.25,0.0,378.5,187.34,191.16,Online
S01886,2023-05-17,ST08,C0292,P025,1,788.41,0.15,670.15,350.48,319.67,Online
S01887,2023-03-29,ST01,C0145,P083,1,543.94,0.0,543.94,330.9,213.04,Online
S01888,2024-03-09,ST07,C0419,P023,3,589.93,0.15,1504.32,1259.61,244.71,Online
S01889,2024-07-14,ST02,C0074,P009,3,211.8,0.05,603.63,367.05,236.58,Online
S01890,2023-02-05,ST11,C0466,P059,2,618.97,0.05,1176.04,848.1,327.94,Retail Store
S01891,2024-12-15,ST03,C0270,P093,1,466.42,0.15,396.46,269.66,126.8,Retail Store
S01892,2024-04-03,ST07,C0052,P078,2,331.1,0.05,629.09,343.84,285.25,Retail Store
S01893,2023-04-18,ST01,C0424,P015,2,411.34,0.15,699.28,583.32,115.96,Retail Store
S01894,2024-03-15,ST13,C0128,P017,1,780.73,0.0,780.73,390.83,389.9,Mobile App
S01895,2023-04-29,ST11,C0481,P019,1,451.75,0.1,406.57,217.83,188.74,Retail Store
S01896,2024-07-03,ST13,C0491,P002,1,441.21,0.0,441.21,287.87,153.34,Mobile App
S01897,2025-01-23,ST04,C0044,P091,1,512.66,0.0,512.66,367.79,144.87,Marketplace
S01898,2025-03-28,ST15,C0289,P098,1,610.44,0.05,579.92,285.38,294.54,Online
S01899,2024-12-06,ST08,C0170,P040,2,151.24,0.0,302.48,133.22,169.26,Online
S01900,2024-08-14,ST12,C0279,P008,1,682.79,0.0,682.79,317.47,365.32,Retail Store
S01901,2024-04-20,ST01,C0423,P003,2,101.68,0.0,203.36,88.96,114.4,Mobile App
S01902,2023-12-04,ST15,C0262,P014,1,523.69,0.05,497.51,241.55,255.96,Online
S01903,2023-02-09,ST04,C0468,P001,1,474.05,0.0,474.05,252.9,221.15,Online
S01904,2024-04-27,ST03,C0198,P055,1,374.11,0.0,374.11,253.49,120.62,Mobile App
S01905,2023-07-29,ST15,C0472,P029,6,230.02,0.15,1173.1,723.0,450.1,Marketplace
S01906,2024-12-31,ST12,C0453,P088,2,656.76,0.0,1313.52,624.28,689.24,Marketplace
S01907,2024-12-20,ST04,C0057,P022,2,753.54,0.0,1507.08,830.72,676.36,Mobile App
S01908,2023-12-14,ST10,C0040,P046,1,653.19,0.0,653.19,342.89,310.3,Retail Store
S01909,2024-06-20,ST15,C0473,P047,3,583.71,0.0,1751.13,1247.22,503.91,Retail Store
S01910,2024-11-06,ST03,C0078,P078,1,331.1,0.05,314.55,171.92,142.63,Mobile App
S01911,2024-11-24,ST11,C0093,P077,3,146.59,0.05,417.78,302.67,115.11,Online
S01912,2024-09-26,ST05,C0352,P086,1,320.59,0.1,288.53,197.58,90.95,Mobile App
S01913,2023-03-31,ST02,C0449,P045,3,240.79,0.0,722.37,352.56,369.81,Marketplace
S01914,2023-05-02,ST15,C0189,P085,3,595.13,0.0,1785.39,922.8,862.59,Retail Store
S01915,2024-03-10,ST15,C0442,P001,2,474.05,0.0,948.1,505.8,442.3,Online
S01916,2023-07-31,ST07,C0076,P041,4,148.6,0.05,564.68,382.72,181.96,Marketplace
S01917,2025-02-21,ST10,C0058,P009,1,211.8,0.05,201.21,122.35,78.86,Mobile App
S01918,2023-09-16,ST06,C0047,P019,3,451.75,0.0,1355.25,653.49,701.76,Online
S01919,2025-03-09,ST06,C0198,P099,1,381.31,0.0,381.31,214.51,166.8,Marketplace
S01920,2024-01-08,ST12,C0247,P055,1,374.11,0.05,355.4,253.49,101.91,Mobile App
S01921,2023-06-22,ST11,C0411,P018,1,560.51,0.0,560.51,344.12,216.39,Marketplace
S01922,2024-10-08,ST08,C0282,P054,1,66.5,0.1,59.85,28.96,30.89,Marketplace
S01923,2024-12-20,ST14,C0275,P069,1,952.97,0.0,952.97,438.88,514.09,Marketplace
S01924,2024-06-10,ST12,C0298,P011,2,309.34,0.05,587.75,386.28,201.47,Online
S01925,2023-04-18,ST04,C0045,P090,1,573.25,0.0,573.25,288.19,285.06,Retail Store
S01926,2023-01-07,ST01,C0436,P027,2,598.23,0.0,1196.46,691.98,504.48,Marketplace
S01927,2024-08-19,ST02,C0472,P018,1,560.51,0.0,560.51,344.12,216.39,Mobile App
S01928,2024-09-18,ST14,C0435,P047,3,583.71,0.0,1751.13,1247.22,503.91,Mobile App
S01929,2023-10-15,ST14,C0074,P059,3,618.97,0.1,1671.22,1272.15,399.07,Marketplace
S01930,2023-11-27,ST14,C0108,P032,1,266.96,0.0,266.96,143.35,123.61,Retail Store
S01931,2023-05-22,ST02,C0071,P096,4,612.7,0.15,2083.18,1659.68,423.5,Online
S01932,2024-08-16,ST01,C0376,P049,2,878.21,0.15,1492.96,782.54,710.42,Marketplace
S01933,2023-08-20,ST12,C0028,P048,3,113.1,0.0,339.3,177.15,162.15,Retail Store
S01934,2025-02-17,ST10,C0429,P062,2,800.1,0.0,1600.2,819.54,780.66,Retail Store
S01935,2024-01-21,ST03,C0188,P019,1,451.75,0.0,451.75,217.83,233.92,Online
S01936,2023-11-30,ST10,C0007,P010,3,177.97,0.05,507.21,344.01,163.2,Online
S01937,2023-09-09,ST08,C0094,P098,3,610.44,0.15,1556.62,856.14,700.48,Online
S01938,2024-09-12,ST12,C0271,P096,1,612.7,0.0,612.7,414.92,197.78,Marketplace
S01939,2024-11-18,ST06,C0370,P053,2,512.39,0.05,973.54,620.94,352.6,Retail Store
S01940,2024-01-12,ST03,C0057,P037,2,559.57,0.0,1119.14,730.5,388.64,Retail Store
S01941,2024-12-15,ST03,C0385,P078,2,331.1,0.1,595.98,343.84,252.14,Online
S01942,2024-03-15,ST14,C0203,P002,1,441.21,0.05,419.15,287.87,131.28,Marketplace
S01943,2023-12-04,ST14,C0365,P071,1,573.25,0.0,573.25,357.51,215.74,Mobile App
S01944,2024-05-20,ST07,C0117,P091,1,512.66,0.0,512.66,367.79,144.87,Mobile App
S01945,2023-08-20,ST07,C0268,P012,1,703.62,0.0,703.62,341.62,362.0,Online
S01946,2023-10-07,ST01,C0317,P052,1,179.16,0.0,179.16,111.81,67.35,Marketplace
S01947,2023-11-10,ST12,C0422,P024,2,908.43,0.1,1635.17,854.9,780.27,Retail Store
S01948,2024-10-04,ST08,C0240,P089,2,178.67,0.0,357.34,194.24,163.1,Marketplace
S01949,2024-11-01,ST01,C0085,P049,2,878.21,0.0,1756.42,782.54,973.88,Marketplace
S01950,2025-02-17,ST02,C0139,P025,1,788.41,0.0,788.41,350.48,437.93,Retail Store
S01951,2024-08-23,ST13,C0309,P047,2,583.71,0.0,1167.42,831.48,335.94,Retail Store
S01952,2024-11-12,ST03,C0145,P031,2,173.34,0.1,312.01,244.6,67.41,Retail Store
S01953,2024-02-11,ST10,C0109,P009,4,211.8,0.0,847.2,489.4,357.8,Mobile App
S01954,2024-09-29,ST04,C0283,P025,3,788.41,0.15,2010.45,1051.44,959.01,Retail Store
S01955,2023-05-28,ST02,C0138,P031,2,173.34,0.1,312.01,244.6,67.41,Retail Store
S01956,2023-07-15,ST08,C0405,P073,2,238.26,0.0,476.52,347.2,129.32,Retail Store
S01957,2023-12-31,ST05,C0048,P041,3,148.6,0.0,445.8,287.04,158.76,Mobile App
S01958,2023-11-05,ST07,C0145,P097,2,509.83,0.1,917.69,617.44,300.25,Online
S01959,2024-05-16,ST07,C0385,P041,2,148.6,0.15,252.62,191.36,61.26,Mobile App
S01960,2024-09-27,ST11,C0360,P017,2,780.73,0.0,1561.46,781.66,779.8,Mobile App
S01961,2024-10-05,ST12,C0460,P053,1,512.39,0.1,461.15,310.47,150.68,Retail Store
S01962,2023-05-27,ST13,C0414,P065,2,54.39,0.0,108.78,58.22,50.56,Retail Store
S01963,2025-05-28,ST07,C0408,P076,1,361.84,0.05,343.75,165.74,178.01,Retail Store
S01964,2023-01-05,ST03,C0083,P038,2,348.21,0.15,591.96,431.32,160.64,Marketplace
S01965,2023-03-24,ST11,C0454,P011,2,309.34,0.0,618.68,386.28,232.4,Online
S01966,2023-05-13,ST11,C0414,P028,4,535.81,0.15,1821.75,1204.8,616.95,Online
S01967,2025-04-23,ST03,C0368,P099,1,381.31,0.1,343.18,214.51,128.67,Mobile App
S01968,2024-02-01,ST03,C0403,P058,2,558.35,0.0,1116.7,499.6,617.1,Mobile App
S01969,2023-02-28,ST14,C0320,P047,1,583.71,0.05,554.52,415.74,138.78,Retail Store
S01970,2023-07-22,ST11,C0397,P092,1,496.59,0.05,471.76,284.79,186.97,Online
S01971,2023-03-14,ST10,C0313,P027,1,598.23,0.0,598.23,345.99,252.24,Online
S01972,2023-02-04,ST08,C0322,P073,2,238.26,0.0,476.52,347.2,129.32,Retail Store
S01973,2023-12-17,ST14,C0393,P019,1,451.75,0.0,451.75,217.83,233.92,Retail Store
S01974,2025-06-15,ST08,C0049,P064,1,189.25,0.0,189.25,93.67,95.58,Online
S01975,2024-07-13,ST02,C0083,P038,3,348.21,0.0,1044.63,646.98,397.65,Mobile App
S01976,2024-04-19,ST02,C0046,P046,2,653.19,0.0,1306.38,685.78,620.6,Marketplace
S01977,2024-10-10,ST05,C0243,P034,3,530.96,0.05,1513.24,1104.57,408.67,Online
S01978,2024-06-28,ST10,C0498,P016,3,442.1,0.05,1259.99,834.75,425.24,Retail Store
S01979,2025-05-11,ST05,C0440,P047,1,583.71,0.05,554.52,415.74,138.78,Marketplace
S01980,2025-01-17,ST11,C0470,P080,1,421.17,0.0,421.17,210.32,210.85,Marketplace
S01981,2024-08-06,ST14,C0263,P047,1,583.71,0.1,525.34,415.74,109.6,Mobile App
S01982,2024-02-04,ST11,C0043,P048,1,113.1,0.05,107.44,59.05,48.39,Marketplace
S01983,2023-07-03,ST15,C0450,P034,1,530.96,0.15,451.32,368.19,83.13,Retail Store
S01984,2024-08-21,ST01,C0330,P080,1,421.17,0.15,357.99,210.32,147.67,Online
S01985,2025-01-02,ST09,C0421,P090,2,573.25,0.0,1146.5,576.38,570.12,Online
S01986,2023-09-18,ST07,C0149,P014,1,523.69,0.0,523.69,241.55,282.14,Marketplace
S01987,2023-01-31,ST07,C0115,P010,3,177.97,0.05,507.21,344.01,163.2,Retail Store
S01988,2024-06-30,ST08,C0239,P045,2,240.79,0.15,409.34,235.04,174.3,Marketplace
S01989,2024-04-14,ST03,C0044,P014,2,523.69,0.15,890.27,483.1,407.17,Retail Store
S01990,2023-07-31,ST07,C0394,P051,1,502.39,0.0,502.39,304.38,198.01,Marketplace
S01991,2023-06-04,ST06,C0034,P043,2,241.25,0.0,482.5,275.42,207.08,Marketplace
S01992,2023-02-02,ST12,C0360,P028,1,535.81,0.05,509.02,301.2,207.82,Retail Store
S01993,2023-08-06,ST01,C0233,P036,3,539.12,0.1,1455.62,933.54,522.08,Online
S01994,2023-01-01,ST11,C0075,P061,2,603.93,0.0,1207.86,659.98,547.88,Mobile App
S01995,2023-05-24,ST10,C0017,P073,1,238.26,0.05,226.35,173.6,52.75,Retail Store
S01996,2025-06-27,ST07,C0405,P047,4,583.71,0.05,2218.1,1662.96,555.14,Online
S01997,2024-12-11,ST14,C0109,P007,4,572.81,0.0,2291.24,1339.52,951.72,Marketplace
S01998,2023-11-18,ST11,C0130,P035,2,381.12,0.0,762.24,351.16,411.08,Retail Store
S01999,2023-12-26,ST05,C0036,P019,1,451.75,0.05,429.16,217.83,211.33,Retail Store
S02000,2024-06-17,ST12,C0448,P039,2,839.98,0.05,1595.96,793.32,802.64,Marketplace
S02001,2024-04-16,ST11,C0110,P068,2,675.48,0.0,1350.96,616.9,734.06,Online
S02002,2024-11-02,ST15,C0048,P007,2,572.81,0.05,1088.34,669.76,418.58,Mobile App
S02003,2023-03-04,ST03,C0153,P097,1,509.83,0.0,509.83,308.72,201.11,Mobile App
S02004,2023-03-24,ST08,C0247,P054,1,66.5,0.1,59.85,28.96,30.89,Online
S02005,2023-09-17,ST06,C0224,P090,2,573.25,0.15,974.52,576.38,398.14,Marketplace
S02006,2025-01-25,ST13,C0288,P002,3,441.21,0.1,1191.27,863.61,327.66,Online
S02007,2025-04-13,ST11,C0371,P010,4,177.97,0.1,640.69,458.68,182.01,Online
S02008,2023-11-14,ST14,C0341,P042,1,552.37,0.15,469.51,408.54,60.97,Mobile App
S02009,2025-05-27,ST15,C0078,P002,1,441.21,0.05,419.15,287.87,131.28,Online
S02010,2023-09-09,ST06,C0443,P064,4,189.25,0.0,757.0,374.68,382.32,Marketplace
S02011,2024-07-06,ST12,C0267,P034,3,530.96,0.0,1592.88,1104.57,488.31,Marketplace
S02012,2023-06-27,ST08,C0325,P017,1,780.73,0.15,663.62,390.83,272.79,Retail Store
S02013,2025-04-26,ST12,C0112,P005,2,187.0,0.0,374.0,188.26,185.74,Marketplace
S02014,2024-06-07,ST13,C0280,P090,1,573.25,0.0,573.25,288.19,285.06,Marketplace
S02015,2023-08-26,ST04,C0179,P028,1,535.81,0.0,535.81,301.2,234.61,Retail Store
S02016,2024-01-06,ST06,C0417,P048,1,113.1,0.0,113.1,59.05,54.05,Mobile App
S02017,2023-04-07,ST14,C0258,P040,1,151.24,0.0,151.24,66.61,84.63,Marketplace
S02018,2023-03-07,ST07,C0234,P084,1,240.69,0.05,228.66,163.63,65.03,Mobile App
S02019,2023-09-26,ST09,C0425,P046,2,653.19,0.05,1241.06,685.78,555.28,Mobile App
S02020,2025-05-12,ST03,C0475,P015,3,411.34,0.05,1172.32,874.98,297.34,Marketplace
S02021,2025-01-01,ST09,C0091,P048,3,113.1,0.1,305.37,177.15,128.22,Online
S02022,2025-05-21,ST07,C0224,P070,1,819.07,0.0,819.07,399.6,419.47,Marketplace
S02023,2025-03-09,ST12,C0146,P082,2,824.42,0.1,1483.96,832.66,651.3,Retail Store
S02024,2025-01-10,ST14,C0413,P012,1,703.62,0.0,703.62,341.62,362.0,Retail Store
S02025,2024-06-07,ST10,C0009,P084,2,240.69,0.05,457.31,327.26,130.05,Retail Store
S02026,2024-09-24,ST13,C0384,P064,1,189.25,0.1,170.33,93.67,76.66,Retail Store
S02027,2025-05-30,ST09,C0228,P082,1,824.42,0.1,741.98,416.33,325.65,Retail Store
S02028,2024-05-28,ST14,C0149,P086,1,320.59,0.05,304.56,197.58,106.98,Online
S02029,2024-12-02,ST08,C0398,P029,2,230.02,0.1,414.04,241.0,173.04,Marketplace
S02030,2024-11-21,ST14,C0101,P015,1,411.34,0.05,390.77,291.66,99.11,Retail Store
S02031,2025-05-25,ST13,C0496,P045,1,240.79,0.05,228.75,117.52,111.23,Marketplace
S02032,2024-02-23,ST13,C0361,P083,1,543.94,0.15,462.35,330.9,131.45,Marketplace
S02033,2024-02-24,ST06,C0482,P001,1,474.05,0.0,474.05,252.9,221.15,Mobile App
S02034,2024-06-18,ST11,C0451,P035,3,381.12,0.0,1143.36,526.74,616.62,Mobile App
S02035,2023-01-25,ST04,C0345,P054,1,66.5,0.0,66.5,28.96,37.54,Marketplace
S02036,2023-04-16,ST01,C0008,P005,1,187.0,0.0,187.0,94.13,92.87,Mobile App
S02037,2023-03-03,ST12,C0420,P067,4,278.89,0.1,1004.0,719.92,284.08,Mobile App
S02038,2024-07-31,ST10,C0088,P043,2,241.25,0.05,458.38,275.42,182.96,Online
S02039,2025-06-24,ST07,C0499,P072,1,110.76,0.0,110.76,70.94,39.82,Marketplace
S02040,2024-09-08,ST15,C0411,P007,1,572.81,0.1,515.53,334.88,180.65,Marketplace
S02041,2023-07-29,ST11,C0481,P017,2,780.73,0.05,1483.39,781.66,701.73,Online
S02042,2023-10-15,ST06,C0463,P052,2,179.16,0.1,322.49,223.62,98.87,Online
S02043,2025-05-20,ST02,C0119,P056,3,647.27,0.15,1650.54,1198.11,452.43,Online
S02044,2024-04-15,ST11,C0061,P065,3,54.39,0.1,146.85,87.33,59.52,Marketplace
S02045,2023-01-09,ST15,C0322,P098,2,610.44,0.0,1220.88,570.76,650.12,Online
S02046,2025-01-28,ST02,C0105,P042,1,552.37,0.0,552.37,408.54,143.83,Retail Store
S02047,2023-08-15,ST11,C0006,P056,4,647.27,0.1,2330.17,1597.48,732.69,Online
S02048,2023-03-26,ST12,C0317,P004,1,700.29,0.1,630.26,393.26,237.0,Retail Store
S02049,2024-09-05,ST01,C0196,P074,1,440.89,0.15,374.76,194.35,180.41,Online
S02050,2025-01-17,ST11,C0325,P059,1,618.97,0.0,618.97,424.05,194.92,Online
S02051,2023-03-11,ST15,C0335,P031,1,173.34,0.0,173.34,122.3,51.04,Mobile App
S02052,2025-04-28,ST14,C0275,P025,1,788.41,0.0,788.41,350.48,437.93,Marketplace
S02053,2024-03-10,ST11,C0134,P099,1,381.31,0.0,381.31,214.51,166.8,Mobile App
S02054,2023-11-19,ST03,C0479,P011,3,309.34,0.15,788.82,579.42,209.4,Retail Store
S02055,2025-03-25,ST14,C0297,P082,3,824.42,0.0,2473.26,1248.99,1224.27,Retail Store
S02056,2023-09-03,ST10,C0475,P059,4,618.97,0.0,2475.88,1696.2,779.68,Retail Store
S02057,2025-05-12,ST05,C0145,P019,1,451.75,0.0,451.75,217.83,233.92,Retail Store
S02058,2024-09-14,ST14,C0254,P010,1,177.97,0.0,177.97,114.67,63.3,Online
S02059,2025-04-08,ST08,C0052,P051,1,502.39,0.0,502.39,304.38,198.01,Marketplace
S02060,2024-03-30,ST11,C0250,P010,1,177.97,0.0,177.97,114.67,63.3,Online
S02061,2023-07-01,ST07,C0215,P088,2,656.76,0.0,1313.52,624.28,689.24,Marketplace
S02062,2024-10-31,ST05,C0093,P021,1,414.87,0.0,414.87,183.91,230.96,Online
S02063,2025-03-06,ST11,C0291,P085,1,595.13,0.1,535.62,307.6,228.02,Retail Store
S02064,2023-07-08,ST06,C0500,P016,3,442.1,0.0,1326.3,834.75,491.55,Marketplace
S02065,2023-07-04,ST09,C0308,P079,4,118.05,0.0,472.2,296.6,175.6,Online
S02066,2023-08-16,ST05,C0380,P067,1,278.89,0.0,278.89,179.98,98.91,Online
S02067,2024-07-17,ST09,C0016,P078,1,331.1,0.0,331.1,171.92,159.18,Online
S02068,2023-05-23,ST06,C0444,P028,1,535.81,0.0,535.81,301.2,234.61,Online
S02069,2023-04-08,ST03,C0168,P004,1,700.29,0.0,700.29,393.26,307.03,Retail Store
S02070,2025-04-18,ST03,C0355,P094,4,634.83,0.0,2539.32,1215.28,1324.04,Mobile App
S02071,2024-09-07,ST02,C0103,P062,2,800.1,0.0,1600.2,819.54,780.66,Mobile App
S02072,2024-08-27,ST13,C0382,P060,2,550.86,0.05,1046.63,681.06,365.57,Marketplace
S02073,2024-07-13,ST07,C0485,P066,2,400.97,0.0,801.94,545.14,256.8,Mobile App
S02074,2024-11-27,ST11,C0102,P023,5,589.93,0.15,2507.2,2099.35,407.85,Mobile App
S02075,2024-05-08,ST10,C0053,P051,3,502.39,0.1,1356.45,913.14,443.31,Mobile App
S02076,2023-02-08,ST04,C0407,P022,4,753.54,0.15,2562.04,1661.44,900.6,Marketplace
S02077,2024-03-15,ST08,C0453,P056,3,647.27,0.05,1844.72,1198.11,646.61,Mobile App
S02078,2024-07-19,ST02,C0319,P041,1,148.6,0.1,133.74,95.68,38.06,Marketplace
S02079,2024-03-24,ST10,C0103,P055,3,374.11,0.0,1122.33,760.47,361.86,Mobile App
S02080,2025-06-16,ST02,C0420,P081,1,595.21,0.05,565.45,338.24,227.21,Online
S02081,2025-03-28,ST09,C0491,P005,1,187.0,0.0,187.0,94.13,92.87,Marketplace
S02082,2025-03-02,ST14,C0310,P038,2,348.21,0.15,591.96,431.32,160.64,Mobile App
S02083,2024-03-23,ST02,C0016,P051,2,502.39,0.0,1004.78,608.76,396.02,Mobile App
S02084,2025-06-15,ST03,C0405,P055,2,374.11,0.0,748.22,506.98,241.24,Online
S02085,2025-04-14,ST11,C0111,P010,1,177.97,0.0,177.97,114.67,63.3,Mobile App
S02086,2023-09-13,ST06,C0400,P019,1,451.75,0.0,451.75,217.83,233.92,Retail Store
S02087,2023-07-22,ST01,C0353,P041,4,148.6,0.15,505.24,382.72,122.52,Mobile App
S02088,2024-06-09,ST10,C0239,P028,1,535.81,0.0,535.81,301.2,234.61,Online
S02089,2023-02-19,ST07,C0034,P072,2,110.76,0.0,221.52,141.88,79.64,Online
S02090,2024-12-29,ST02,C0112,P068,3,675.48,0.1,1823.8,925.35,898.45,Mobile App
S02091,2024-03-11,ST15,C0312,P092,1,496.59,0.15,422.1,284.79,137.31,Retail Store
S02092,2024-05-07,ST11,C0458,P074,1,440.89,0.05,418.85,194.35,224.5,Marketplace
S02093,2024-04-02,ST06,C0417,P041,3,148.6,0.0,445.8,287.04,158.76,Online
S02094,2023-12-25,ST08,C0411,P007,2,572.81,0.05,1088.34,669.76,418.58,Retail Store
S02095,2024-09-17,ST02,C0216,P036,1,539.12,0.0,539.12,311.18,227.94,Marketplace
S02096,2023-06-09,ST06,C0308,P022,2,753.54,0.1,1356.37,830.72,525.65,Marketplace
S02097,2025-06-08,ST01,C0296,P031,1,173.34,0.0,173.34,122.3,51.04,Retail Store
S02098,2024-09-28,ST14,C0402,P083,1,543.94,0.1,489.55,330.9,158.65,Retail Store
S02099,2024-02-24,ST03,C0146,P060,2,550.86,0.05,1046.63,681.06,365.57,Retail Store
S02100,2024-09-19,ST09,C0471,P069,1,952.97,0.0,952.97,438.88,514.09,Mobile App
S02101,2023-01-11,ST02,C0009,P083,2,543.94,0.05,1033.49,661.8,371.69,Retail Store
S02102,2023-07-11,ST05,C0371,P054,2,66.5,0.0,133.0,57.92,75.08,Mobile App
S02103,2024-06-13,ST07,C0178,P097,1,509.83,0.0,509.83,308.72,201.11,Mobile App
S02104,2023-10-24,ST01,C0314,P064,4,189.25,0.05,719.15,374.68,344.47,Mobile App
S02105,2024-07-12,ST08,C0233,P090,1,573.25,0.15,487.26,288.19,199.07,Retail Store
S02106,2023-08-25,ST10,C0481,P048,1,113.1,0.0,113.1,59.05,54.05,Retail Store
S02107,2024-05-14,ST14,C0025,P029,1,230.02,0.0,230.02,120.5,109.52,Online
S02108,2023-08-05,ST14,C0166,P014,4,523.69,0.15,1780.55,966.2,814.35,Marketplace
S02109,2024-03-05,ST02,C0088,P029,1,230.02,0.0,230.02,120.5,109.52,Mobile App
S02110,2024-07-12,ST15,C0003,P069,4,952.97,0.15,3240.1,1755.52,1484.58,Retail Store
S02111,2023-11-30,ST13,C0453,P034,1,530.96,0.0,530.96,368.19,162.77,Retail Store
S02112,2024-03-30,ST05,C0485,P007,2,572.81,0.0,1145.62,669.76,475.86,Mobile App
S02113,2023-07-11,ST10,C0353,P043,3,241.25,0.05,687.56,413.13,274.43,Mobile App
S02114,2024-09-30,ST15,C0088,P090,1,573.25,0.0,573.25,288.19,285.06,Marketplace
S02115,2023-12-06,ST06,C0065,P016,1,442.1,0.0,442.1,278.25,163.85,Marketplace
S02116,2025-02-17,ST11,C0229,P082,1,824.42,0.0,824.42,416.33,408.09,Online
S02117,2023-09-12,ST11,C0245,P074,2,440.89,0.05,837.69,388.7,448.99,Mobile App
S02118,2023-06-13,ST12,C0396,P042,3,552.37,0.05,1574.25,1225.62,348.63,Online
S02119,2023-04-30,ST13,C0136,P012,1,703.62,0.0,703.62,341.62,362.0,Retail Store
S02120,2024-06-08,ST14,C0286,P046,1,653.19,0.0,653.19,342.89,310.3,Online
S02121,2023-07-28,ST02,C0040,P089,3,178.67,0.05,509.21,291.36,217.85,Retail Store
S02122,2023-04-01,ST11,C0007,P028,1,535.81,0.0,535.81,301.2,234.61,Marketplace
S02123,2023-09-03,ST08,C0097,P050,2,251.3,0.0,502.6,259.28,243.32,Mobile App
S02124,2023-08-03,ST10,C0417,P027,2,598.23,0.1,1076.81,691.98,384.83,Mobile App
S02125,2024-01-29,ST05,C0484,P098,3,610.44,0.15,1556.62,856.14,700.48,Marketplace
S02126,2023-12-13,ST14,C0079,P084,2,240.69,0.1,433.24,327.26,105.98,Retail Store
S02127,2023-05-13,ST15,C0113,P017,4,780.73,0.0,3122.92,1563.32,1559.6,Marketplace
S02128,2025-05-23,ST10,C0445,P058,1,558.35,0.1,502.52,249.8,252.72,Online
S02129,2023-05-17,ST04,C0205,P100,1,691.45,0.0,691.45,381.94,309.51,Mobile App
S02130,2025-01-03,ST11,C0085,P055,1,374.11,0.0,374.11,253.49,120.62,Retail Store
S02131,2023-06-10,ST15,C0237,P019,1,451.75,0.0,451.75,217.83,233.92,Retail Store
S02132,2024-03-31,ST15,C0009,P031,2,173.34,0.05,329.35,244.6,84.75,Online
S02133,2025-06-25,ST08,C0015,P035,1,381.12,0.15,323.95,175.58,148.37,Marketplace
S02134,2025-02-12,ST02,C0136,P046,1,653.19,0.1,587.87,342.89,244.98,Retail Store
S02135,2024-04-15,ST04,C0221,P046,1,653.19,0.0,653.19,342.89,310.3,Marketplace
S02136,2024-10-18,ST09,C0221,P065,1,54.39,0.0,54.39,29.11,25.28,Retail Store
S02137,2024-12-16,ST06,C0140,P057,3,866.66,0.0,2599.98,1138.02,1461.96,Retail Store
S02138,2023-10-01,ST12,C0196,P084,3,240.69,0.05,685.97,490.89,195.08,Online
S02139,2024-05-27,ST07,C0097,P038,1,348.21,0.0,348.21,215.66,132.55,Mobile App
S02140,2024-06-01,ST08,C0312,P068,5,675.48,0.1,3039.66,1542.25,1497.41,Marketplace
S02141,2023-12-29,ST01,C0349,P014,5,523.69,0.15,2225.68,1207.75,1017.93,Online
S02142,2024-09-21,ST02,C0113,P015,1,411.34,0.0,411.34,291.66,119.68,Retail Store
S02143,2023-02-24,ST04,C0137,P074,3,440.89,0.0,1322.67,583.05,739.62,Retail Store
S02144,2025-01-11,ST15,C0116,P036,2,539.12,0.1,970.42,622.36,348.06,Marketplace
S02145,2024-03-10,ST02,C0202,P051,3,502.39,0.0,1507.17,913.14,594.03,Mobile App
S02146,2024-07-27,ST03,C0106,P064,2,189.25,0.0,378.5,187.34,191.16,Mobile App
S02147,2024-02-14,ST12,C0148,P082,1,824.42,0.1,741.98,416.33,325.65,Mobile App
S02148,2023-11-01,ST02,C0002,P094,2,634.83,0.0,1269.66,607.64,662.02,Marketplace
S02149,2023-11-25,ST14,C0157,P095,2,139.42,0.15,237.01,199.5,37.51,Online
S02150,2024-05-25,ST11,C0162,P022,1,753.54,0.0,753.54,415.36,338.18,Online
S02151,2025-04-28,ST15,C0171,P024,2,908.43,0.05,1726.02,854.9,871.12,Online
S02152,2023-08-23,ST08,C0342,P002,2,441.21,0.05,838.3,575.74,262.56,Mobile App
S02153,2023-01-19,ST05,C0091,P003,2,101.68,0.0,203.36,88.96,114.4,Online
S02154,2023-04-21,ST14,C0390,P087,1,643.14,0.0,643.14,358.95,284.19,Mobile App
S02155,2025-03-01,ST01,C0299,P061,4,603.93,0.05,2294.93,1319.96,974.97,Online
S02156,2025-05-27,ST01,C0057,P061,1,603.93,0.0,603.93,329.99,273.94,Mobile App
S02157,2023-07-01,ST09,C0269,P030,4,556.36,0.0,2225.44,1100.36,1125.08,Online
S02158,2024-06-08,ST02,C0049,P100,2,691.45,0.0,1382.9,763.88,619.02,Mobile App
S02159,2024-08-14,ST12,C0252,P058,1,558.35,0.0,558.35,249.8,308.55,Mobile App
S02160,2023-06-09,ST05,C0250,P085,2,595.13,0.0,1190.26,615.2,575.06,Marketplace
S02161,2024-12-11,ST06,C0424,P002,1,441.21,0.0,441.21,287.87,153.34,Mobile App
S02162,2023-11-20,ST11,C0397,P067,3,278.89,0.1,753.0,539.94,213.06,Marketplace
S02163,2024-09-05,ST11,C0139,P015,1,411.34,0.1,370.21,291.66,78.55,Retail Store
S02164,2024-03-20,ST14,C0211,P019,3,451.75,0.0,1355.25,653.49,701.76,Online
S02165,2024-11-01,ST01,C0255,P046,1,653.19,0.0,653.19,342.89,310.3,Marketplace
S02166,2025-03-21,ST12,C0106,P047,1,583.71,0.0,583.71,415.74,167.97,Online
S02167,2023-12-14,ST02,C0328,P049,4,878.21,0.0,3512.84,1565.08,1947.76,Marketplace
S02168,2023-09-19,ST05,C0090,P068,2,675.48,0.15,1148.32,616.9,531.42,Mobile App
S02169,2024-07-29,ST10,C0201,P043,2,241.25,0.05,458.38,275.42,182.96,Mobile App
S02170,2023-05-12,ST01,C0098,P040,3,151.24,0.1,408.35,199.83,208.52,Mobile App
S02171,2023-06-02,ST07,C0063,P079,3,118.05,0.05,336.44,222.45,113.99,Mobile App
S02172,2025-01-05,ST01,C0057,P037,3,559.57,0.05,1594.77,1095.75,499.02,Online
S02173,2023-11-04,ST03,C0349,P060,1,550.86,0.1,495.77,340.53,155.24,Mobile App
S02174,2024-07-29,ST11,C0286,P080,1,421.17,0.0,421.17,210.32,210.85,Mobile App
S02175,2024-06-04,ST02,C0148,P063,1,85.52,0.0,85.52,43.74,41.78,Retail Store
S02176,2025-02-12,ST04,C0021,P059,2,618.97,0.0,1237.94,848.1,389.84,Retail Store
S02177,2023-03-06,ST05,C0251,P007,2,572.81,0.0,1145.62,669.76,475.86,Marketplace
S02178,2023-05-28,ST14,C0339,P046,1,653.19,0.0,653.19,342.89,310.3,Retail Store
S02179,2023-07-27,ST06,C0071,P033,5,760.26,0.0,3801.3,2112.95,1688.35,Online
S02180,2023-10-16,ST05,C0366,P012,1,703.62,0.0,703.62,341.62,362.0,Online
S02181,2023-09-23,ST15,C0300,P056,1,647.27,0.0,647.27,399.37,247.9,Mobile App
S02182,2023-09-01,ST08,C0017,P029,2,230.02,0.0,460.04,241.0,219.04,Online
S02183,2024-08-10,ST07,C0327,P087,1,643.14,0.05,610.98,358.95,252.03,Marketplace
S02184,2023-09-05,ST05,C0458,P013,2,633.58,0.0,1267.16,813.14,454.02,Mobile App
S02185,2024-02-10,ST07,C0289,P023,1,589.93,0.15,501.44,419.87,81.57,Mobile App
S02186,2025-02-25,ST11,C0072,P075,2,347.7,0.0,695.4,348.48,346.92,Mobile App
S02187,2023-11-27,ST09,C0214,P018,1,560.51,0.0,560.51,344.12,216.39,Mobile App
S02188,2024-06-18,ST05,C0044,P040,2,151.24,0.1,272.23,133.22,139.01,Marketplace
S02189,2025-05-29,ST07,C0094,P070,3,819.07,0.05,2334.35,1198.8,1135.55,Retail Store
S02190,2024-01-13,ST08,C0270,P018,1,560.51,0.15,476.43,344.12,132.31,Mobile App
S02191,2023-06-17,ST11,C0479,P065,2,54.39,0.15,92.46,58.22,34.24,Mobile App
S02192,2023-01-22,ST07,C0182,P060,4,550.86,0.05,2093.27,1362.12,731.15,Marketplace
S02193,2024-10-25,ST01,C0237,P053,3,512.39,0.1,1383.45,931.41,452.04,Retail Store
S02194,2024-08-26,ST02,C0216,P099,1,381.31,0.0,381.31,214.51,166.8,Mobile App
S02195,2025-05-06,ST09,C0298,P032,3,266.96,0.0,800.88,430.05,370.83,Online
S02196,2024-09-30,ST15,C0279,P080,2,421.17,0.1,758.11,420.64,337.47,Mobile App
S02197,2023-03-14,ST14,C0387,P007,1,572.81,0.05,544.17,334.88,209.29,Online
S02198,2023-06-02,ST01,C0344,P052,3,179.16,0.05,510.61,335.43,175.18,Marketplace
S02199,2023-04-04,ST01,C0044,P007,1,572.81,0.0,572.81,334.88,237.93,Retail Store
S02200,2023-02-28,ST02,C0305,P043,3,241.25,0.0,723.75,413.13,310.62,Marketplace
S02201,2025-03-11,ST14,C0170,P089,1,178.67,0.0,178.67,97.12,81.55,Retail Store
S02202,2024-05-14,ST11,C0300,P095,3,139.42,0.1,376.43,299.25,77.18,Retail Store
S02203,2023-01-25,ST09,C0105,P090,1,573.25,0.0,573.25,288.19,285.06,Marketplace
S02204,2023-12-28,ST15,C0115,P018,1,560.51,0.15,476.43,344.12,132.31,Online
S02205,2024-11-27,ST05,C0322,P039,1,839.98,0.15,713.98,396.66,317.32,Retail Store
S02206,2023-03-17,ST12,C0320,P063,5,85.52,0.0,427.6,218.7,208.9,Retail Store
S02207,2023-08-28,ST03,C0001,P009,1,211.8,0.1,190.62,122.35,68.27,Retail Store
S02208,2023-05-22,ST04,C0050,P067,4,278.89,0.0,1115.56,719.92,395.64,Retail Store
S02209,2024-08-19,ST14,C0013,P061,1,603.93,0.1,543.54,329.99,213.55,Marketplace
S02210,2025-03-17,ST15,C0029,P051,1,502.39,0.0,502.39,304.38,198.01,Mobile App
S02211,2023-10-09,ST03,C0248,P052,1,179.16,0.0,179.16,111.81,67.35,Mobile App
S02212,2023-08-14,ST08,C0349,P079,3,118.05,0.15,301.03,222.45,78.58,Retail Store
S02213,2023-09-16,ST11,C0075,P056,1,647.27,0.0,647.27,399.37,247.9,Online
S02214,2024-07-24,ST12,C0420,P019,2,451.75,0.15,767.98,435.66,332.32,Online
S02215,2023-04-30,ST12,C0262,P022,1,753.54,0.15,640.51,415.36,225.15,Online
S02216,2025-02-02,ST05,C0246,P061,2,603.93,0.0,1207.86,659.98,547.88,Retail Store
S02217,2023-01-27,ST06,C0253,P076,2,361.84,0.15,615.13,331.48,283.65,Mobile App
S02218,2024-08-27,ST12,C0198,P051,4,502.39,0.0,2009.56,1217.52,792.04,Marketplace
S02219,2025-02-22,ST07,C0417,P054,4,66.5,0.0,266.0,115.84,150.16,Retail Store
S02220,2023-10-24,ST02,C0235,P037,3,559.57,0.1,1510.84,1095.75,415.09,Marketplace
S02221,2024-03-09,ST05,C0298,P002,4,441.21,0.0,1764.84,1151.48,613.36,Marketplace
S02222,2025-06-07,ST15,C0465,P006,1,826.37,0.0,826.37,423.08,403.29,Online
S02223,2024-05-07,ST12,C0452,P060,3,550.86,0.05,1569.95,1021.59,548.36,Mobile App
S02224,2023-09-06,ST06,C0082,P002,1,441.21,0.1,397.09,287.87,109.22,Online
S02225,2024-02-10,ST12,C0463,P045,1,240.79,0.1,216.71,117.52,99.19,Marketplace
S02226,2025-06-02,ST03,C0033,P066,1,400.97,0.15,340.82,272.57,68.25,Online
S02227,2024-09-27,ST12,C0336,P046,4,653.19,0.1,2351.48,1371.56,979.92,Mobile App
S02228,2023-06-11,ST14,C0367,P059,2,618.97,0.0,1237.94,848.1,389.84,Mobile App
S02229,2024-06-28,ST05,C0338,P098,1,610.44,0.05,579.92,285.38,294.54,Retail Store
S02230,2024-07-28,ST07,C0248,P083,3,543.94,0.05,1550.23,992.7,557.53,Online
S02231,2024-08-02,ST15,C0363,P074,1,440.89,0.1,396.8,194.35,202.45,Mobile App
S02232,2024-05-28,ST06,C0358,P017,1,780.73,0.1,702.66,390.83,311.83,Mobile App
S02233,2024-04-21,ST14,C0317,P075,2,347.7,0.05,660.63,348.48,312.15,Retail Store
S02234,2024-08-05,ST14,C0016,P006,2,826.37,0.15,1404.83,846.16,558.67,Online
S02235,2023-10-10,ST11,C0050,P030,1,556.36,0.0,556.36,275.09,281.27,Marketplace
S02236,2023-11-13,ST06,C0244,P087,4,643.14,0.0,2572.56,1435.8,1136.76,Online
S02237,2024-05-06,ST15,C0461,P014,1,523.69,0.0,523.69,241.55,282.14,Marketplace
S02238,2025-01-03,ST07,C0499,P097,2,509.83,0.0,1019.66,617.44,402.22,Retail Store
S02239,2024-02-07,ST02,C0129,P079,3,118.05,0.0,354.15,222.45,131.7,Retail Store
S02240,2023-11-30,ST06,C0391,P057,1,866.66,0.1,779.99,379.34,400.65,Retail Store
S02241,2023-08-25,ST02,C0165,P023,2,589.93,0.15,1002.88,839.74,163.14,Marketplace
S02242,2023-10-04,ST11,C0069,P049,1,878.21,0.1,790.39,391.27,399.12,Online
S02243,2023-01-01,ST08,C0130,P026,2,311.93,0.05,592.67,275.3,317.37,Mobile App
S02244,2025-01-12,ST12,C0104,P029,1,230.02,0.0,230.02,120.5,109.52,Marketplace
S02245,2025-02-11,ST13,C0415,P068,1,675.48,0.0,675.48,308.45,367.03,Retail Store
S02246,2023-11-10,ST11,C0013,P075,1,347.7,0.15,295.54,174.24,121.3,Retail Store
S02247,2024-03-03,ST13,C0018,P027,2,598.23,0.0,1196.46,691.98,504.48,Retail Store
S02248,2023-01-08,ST07,C0397,P047,1,583.71,0.1,525.34,415.74,109.6,Retail Store
S02249,2025-04-20,ST11,C0095,P044,2,670.76,0.15,1140.29,896.1,244.19,Marketplace
S02250,2025-05-12,ST04,C0427,P025,5,788.41,0.1,3547.84,1752.4,1795.44,Marketplace
S02251,2024-03-10,ST06,C0181,P065,2,54.39,0.1,97.9,58.22,39.68,Online
S02252,2023-01-09,ST07,C0225,P009,3,211.8,0.15,540.09,367.05,173.04,Marketplace
S02253,2024-01-28,ST02,C0292,P010,1,177.97,0.0,177.97,114.67,63.3,Mobile App
S02254,2023-09-24,ST08,C0061,P013,2,633.58,0.0,1267.16,813.14,454.02,Retail Store
S02255,2023-07-30,ST06,C0277,P077,2,146.59,0.0,293.18,201.78,91.4,Online
S02256,2023-01-07,ST14,C0473,P038,1,348.21,0.0,348.21,215.66,132.55,Marketplace
S02257,2023-12-07,ST02,C0184,P091,2,512.66,0.0,1025.32,735.58,289.74,Mobile App
S02258,2024-01-11,ST10,C0274,P010,1,177.97,0.0,177.97,114.67,63.3,Mobile App
S02259,2024-05-25,ST01,C0317,P052,1,179.16,0.1,161.24,111.81,49.43,Retail Store
S02260,2023-12-26,ST15,C0242,P075,1,347.7,0.0,347.7,174.24,173.46,Retail Store
S02261,2023-05-29,ST07,C0174,P005,1,187.0,0.0,187.0,94.13,92.87,Online
S02262,2024-11-02,ST13,C0455,P043,2,241.25,0.0,482.5,275.42,207.08,Online
S02263,2023-12-22,ST14,C0281,P027,2,598.23,0.15,1016.99,691.98,325.01,Mobile App
S02264,2023-12-11,ST15,C0340,P097,1,509.83,0.0,509.83,308.72,201.11,Online
S02265,2023-08-28,ST13,C0038,P064,1,189.25,0.1,170.33,93.67,76.66,Retail Store
S02266,2024-01-20,ST07,C0037,P045,1,240.79,0.1,216.71,117.52,99.19,Retail Store
S02267,2023-08-07,ST03,C0246,P071,2,573.25,0.0,1146.5,715.02,431.48,Retail Store
S02268,2024-11-27,ST08,C0019,P014,1,523.69,0.1,471.32,241.55,229.77,Online
S02269,2025-04-08,ST07,C0180,P084,1,240.69,0.05,228.66,163.63,65.03,Mobile App
S02270,2025-01-05,ST15,C0011,P030,1,556.36,0.0,556.36,275.09,281.27,Retail Store
S02271,2024-09-15,ST13,C0401,P100,3,691.45,0.0,2074.35,1145.82,928.53,Marketplace
S02272,2023-09-17,ST12,C0351,P088,1,656.76,0.0,656.76,312.14,344.62,Marketplace
S02273,2024-11-07,ST13,C0199,P007,1,572.81,0.05,544.17,334.88,209.29,Online
S02274,2025-01-06,ST07,C0360,P056,1,647.27,0.1,582.54,399.37,183.17,Online
S02275,2024-01-12,ST02,C0225,P015,2,411.34,0.1,740.41,583.32,157.09,Mobile App
S02276,2025-02-16,ST06,C0100,P046,3,653.19,0.05,1861.59,1028.67,832.92,Retail Store
S02277,2023-06-16,ST02,C0119,P031,3,173.34,0.1,468.02,366.9,101.12,Retail Store
S02278,2023-09-21,ST12,C0212,P030,1,556.36,0.1,500.72,275.09,225.63,Retail Store
S02279,2024-08-03,ST12,C0448,P002,1,441.21,0.0,441.21,287.87,153.34,Retail Store
S02280,2024-07-16,ST03,C0030,P010,1,177.97,0.05,169.07,114.67,54.4,Online
S02281,2023-09-05,ST06,C0023,P037,4,559.57,0.0,2238.28,1461.0,777.28,Online
S02282,2024-07-21,ST10,C0067,P038,1,348.21,0.05,330.8,215.66,115.14,Marketplace
S02283,2023-06-21,ST11,C0063,P085,1,595.13,0.0,595.13,307.6,287.53,Retail Store
S02284,2023-01-18,ST09,C0481,P033,2,760.26,0.0,1520.52,845.18,675.34,Marketplace
S02285,2023-02-15,ST14,C0377,P091,1,512.66,0.0,512.66,367.79,144.87,Online
S02286,2024-05-02,ST05,C0366,P057,1,866.66,0.0,866.66,379.34,487.32,Mobile App
S02287,2023-06-19,ST09,C0126,P084,4,240.69,0.0,962.76,654.52,308.24,Mobile App
S02288,2023-04-04,ST09,C0278,P090,1,573.25,0.0,573.25,288.19,285.06,Retail Store
S02289,2023-09-03,ST07,C0462,P045,2,240.79,0.15,409.34,235.04,174.3,Marketplace
S02290,2024-10-13,ST04,C0041,P036,2,539.12,0.0,1078.24,622.36,455.88,Online
S02291,2024-10-24,ST09,C0380,P040,3,151.24,0.0,453.72,199.83,253.89,Retail Store
S02292,2023-08-01,ST14,C0372,P048,1,113.1,0.0,113.1,59.05,54.05,Retail Store
S02293,2023-05-18,ST08,C0358,P031,1,173.34,0.15,147.34,122.3,25.04,Marketplace
S02294,2024-03-25,ST08,C0011,P015,2,411.34,0.0,822.68,583.32,239.36,Mobile App
S02295,2023-11-08,ST07,C0302,P036,1,539.12,0.0,539.12,311.18,227.94,Retail Store
S02296,2023-10-11,ST14,C0143,P008,1,682.79,0.1,614.51,317.47,297.04,Marketplace
S02297,2024-12-29,ST14,C0010,P064,1,189.25,0.05,179.79,93.67,86.12,Marketplace
S02298,2025-06-28,ST04,C0023,P057,3,866.66,0.0,2599.98,1138.02,1461.96,Marketplace
S02299,2024-02-27,ST07,C0338,P024,1,908.43,0.1,817.59,427.45,390.14,Retail Store
S02300,2024-12-21,ST01,C0157,P085,1,595.13,0.1,535.62,307.6,228.02,Mobile App
S02301,2023-10-28,ST10,C0466,P004,1,700.29,0.0,700.29,393.26,307.03,Mobile App
S02302,2025-02-07,ST04,C0303,P097,3,509.83,0.0,1529.49,926.16,603.33,Mobile App
S02303,2025-05-16,ST10,C0425,P093,1,466.42,0.05,443.1,269.66,173.44,Marketplace
S02304,2023-02-21,ST12,C0476,P094,1,634.83,0.0,634.83,303.82,331.01,Retail Store
S02305,2024-12-07,ST12,C0199,P071,1,573.25,0.15,487.26,357.51,129.75,Mobile App
S02306,2023-03-07,ST07,C0238,P069,1,952.97,0.1,857.67,438.88,418.79,Mobile App
S02307,2024-03-04,ST07,C0492,P021,1,414.87,0.05,394.13,183.91,210.22,Online
S02308,2023-06-25,ST01,C0465,P017,3,780.73,0.0,2342.19,1172.49,1169.7,Mobile App
S02309,2025-02-05,ST13,C0128,P011,1,309.34,0.1,278.41,193.14,85.27,Mobile App
S02310,2025-01-14,ST07,C0293,P044,5,670.76,0.0,3353.8,2240.25,1113.55,Mobile App
S02311,2025-01-24,ST11,C0138,P047,2,583.71,0.0,1167.42,831.48,335.94,Retail Store
S02312,2023-04-22,ST10,C0158,P016,1,442.1,0.15,375.79,278.25,97.54,Mobile App
S02313,2024-11-30,ST03,C0434,P034,3,530.96,0.05,1513.24,1104.57,408.67,Marketplace
S02314,2023-08-15,ST01,C0226,P003,1,101.68,0.05,96.6,44.48,52.12,Retail Store
S02315,2024-12-03,ST11,C0246,P046,2,653.19,0.1,1175.74,685.78,489.96,Online
S02316,2024-02-08,ST10,C0030,P053,1,512.39,0.0,512.39,310.47,201.92,Mobile App
S02317,2024-11-02,ST06,C0283,P079,1,118.05,0.0,118.05,74.15,43.9,Marketplace
S02318,2023-01-31,ST13,C0133,P024,1,908.43,0.0,908.43,427.45,480.98,Mobile App
S02319,2024-02-24,ST04,C0066,P064,2,189.25,0.15,321.72,187.34,134.38,Online
S02320,2024-12-03,ST10,C0447,P019,1,451.75,0.15,383.99,217.83,166.16,Retail Store
S02321,2024-04-19,ST11,C0059,P030,1,556.36,0.0,556.36,275.09,281.27,Online
S02322,2025-06-13,ST14,C0260,P088,2,656.76,0.05,1247.84,624.28,623.56,Mobile App
S02323,2024-03-06,ST12,C0284,P006,1,826.37,0.0,826.37,423.08,403.29,Retail Store
S02324,2024-09-12,ST05,C0133,P092,1,496.59,0.0,496.59,284.79,211.8,Mobile App
S02325,2023-10-12,ST01,C0368,P070,3,819.07,0.1,2211.49,1198.8,1012.69,Online
S02326,2023-10-22,ST02,C0056,P045,2,240.79,0.1,433.42,235.04,198.38,Marketplace
S02327,2024-07-27,ST02,C0262,P015,3,411.34,0.0,1234.02,874.98,359.04,Online
S02328,2023-02-08,ST06,C0293,P042,3,552.37,0.15,1408.54,1225.62,182.92,Marketplace
S02329,2025-05-03,ST07,C0329,P010,4,177.97,0.0,711.88,458.68,253.2,Online
S02330,2024-04-19,ST10,C0168,P004,2,700.29,0.0,1400.58,786.52,614.06,Mobile App
S02331,2023-08-19,ST11,C0460,P053,1,512.39,0.0,512.39,310.47,201.92,Marketplace
S02332,2024-08-04,ST01,C0319,P038,1,348.21,0.0,348.21,215.66,132.55,Mobile App
S02333,2023-07-01,ST15,C0149,P006,2,826.37,0.0,1652.74,846.16,806.58,Retail Store
S02334,2025-03-19,ST04,C0312,P014,2,523.69,0.0,1047.38,483.1,564.28,Mobile App
S02335,2025-02-25,ST14,C0194,P028,1,535.81,0.1,482.23,301.2,181.03,Retail Store
S02336,2023-07-18,ST03,C0372,P085,1,595.13,0.05,565.37,307.6,257.77,Retail Store
S02337,2023-04-13,ST15,C0491,P010,4,177.97,0.0,711.88,458.68,253.2,Marketplace
S02338,2024-07-30,ST02,C0376,P069,2,952.97,0.1,1715.35,877.76,837.59,Retail Store
S02339,2023-10-23,ST11,C0242,P078,1,331.1,0.1,297.99,171.92,126.07,Marketplace
S02340,2023-06-02,ST04,C0138,P041,3,148.6,0.1,401.22,287.04,114.18,Mobile App
S02341,2023-09-09,ST04,C0169,P032,2,266.96,0.0,533.92,286.7,247.22,Online
S02342,2023-04-20,ST12,C0162,P059,4,618.97,0.0,2475.88,1696.2,779.68,Online
S02343,2024-12-19,ST15,C0376,P057,4,866.66,0.05,3293.31,1517.36,1775.95,Mobile App
S02344,2023-01-09,ST09,C0181,P011,1,309.34,0.1,278.41,193.14,85.27,Retail Store
S02345,2023-02-08,ST08,C0335,P047,2,583.71,0.1,1050.68,831.48,219.2,Online
S02346,2024-12-14,ST07,C0403,P058,3,558.35,0.0,1675.05,749.4,925.65,Online
S02347,2024-03-08,ST13,C0126,P069,2,952.97,0.05,1810.64,877.76,932.88,Online
S02348,2024-06-27,ST13,C0134,P078,2,331.1,0.0,662.2,343.84,318.36,Mobile App
S02349,2023-12-05,ST02,C0061,P041,1,148.6,0.05,141.17,95.68,45.49,Marketplace
S02350,2023-03-23,ST10,C0076,P065,1,54.39,0.05,51.67,29.11,22.56,Online
S02351,2023-05-24,ST08,C0449,P024,2,908.43,0.0,1816.86,854.9,961.96,Online
S02352,2023-03-25,ST05,C0215,P016,2,442.1,0.1,795.78,556.5,239.28,Marketplace
S02353,2024-07-17,ST03,C0052,P096,3,612.7,0.0,1838.1,1244.76,593.34,Marketplace
S02354,2025-04-28,ST03,C0354,P004,1,700.29,0.0,700.29,393.26,307.03,Online
S02355,2025-06-27,ST09,C0444,P066,2,400.97,0.05,761.84,545.14,216.7,Marketplace
S02356,2024-07-23,ST07,C0066,P046,1,653.19,0.15,555.21,342.89,212.32,Online
S02357,2023-02-24,ST02,C0151,P092,2,496.59,0.0,993.18,569.58,423.6,Mobile App
S02358,2024-08-10,ST10,C0312,P076,1,361.84,0.0,361.84,165.74,196.1,Retail Store
S02359,2024-09-30,ST15,C0379,P010,1,177.97,0.0,177.97,114.67,63.3,Marketplace
S02360,2024-12-22,ST08,C0323,P053,3,512.39,0.15,1306.59,931.41,375.18,Marketplace
S02361,2023-04-25,ST08,C0388,P038,1,348.21,0.15,295.98,215.66,80.32,Online
S02362,2023-07-31,ST12,C0094,P094,1,634.83,0.1,571.35,303.82,267.53,Retail Store
S02363,2025-06-13,ST01,C0459,P020,1,796.23,0.1,716.61,412.87,303.74,Mobile App
S02364,2024-12-19,ST08,C0333,P087,3,643.14,0.05,1832.95,1076.85,756.1,Mobile App
S02365,2024-11-20,ST09,C0091,P057,1,866.66,0.15,736.66,379.34,357.32,Mobile App
S02366,2025-01-03,ST04,C0050,P099,2,381.31,0.0,762.62,429.02,333.6,Marketplace
S02367,2024-02-04,ST10,C0025,P044,1,670.76,0.1,603.68,448.05,155.63,Marketplace
S02368,2023-06-25,ST07,C0166,P037,1,559.57,0.0,559.57,365.25,194.32,Online
S02369,2024-09-19,ST14,C0022,P019,4,451.75,0.15,1535.95,871.32,664.63,Online
S02370,2023-11-23,ST05,C0266,P056,2,647.27,0.1,1165.09,798.74,366.35,Mobile App
S02371,2023-05-03,ST05,C0178,P013,1,633.58,0.0,633.58,406.57,227.01,Retail Store
S02372,2025-03-29,ST08,C0141,P037,2,559.57,0.05,1063.18,730.5,332.68,Online
S02373,2024-03-18,ST15,C0148,P022,1,753.54,0.0,753.54,415.36,338.18,Retail Store
S02374,2024-02-03,ST05,C0342,P030,3,556.36,0.0,1669.08,825.27,843.81,Retail Store
S02375,2023-09-26,ST14,C0283,P027,2,598.23,0.1,1076.81,691.98,384.83,Online
S02376,2024-09-27,ST15,C0307,P004,1,700.29,0.0,700.29,393.26,307.03,Online
S02377,2023-06-22,ST14,C0251,P001,5,474.05,0.0,2370.25,1264.5,1105.75,Mobile App
S02378,2023-06-20,ST10,C0145,P027,1,598.23,0.05,568.32,345.99,222.33,Marketplace
S02379,2023-11-13,ST14,C0065,P067,1,278.89,0.05,264.95,179.98,84.97,Mobile App
S02380,2024-10-29,ST12,C0367,P015,3,411.34,0.0,1234.02,874.98,359.04,Marketplace
S02381,2023-09-08,ST05,C0253,P056,1,647.27,0.0,647.27,399.37,247.9,Online
S02382,2025-01-27,ST11,C0375,P036,4,539.12,0.0,2156.48,1244.72,911.76,Mobile App
S02383,2025-04-13,ST13,C0382,P011,1,309.34,0.0,309.34,193.14,116.2,Retail Store
S02384,2024-05-20,ST09,C0081,P042,4,552.37,0.0,2209.48,1634.16,575.32,Mobile App
S02385,2023-03-04,ST12,C0323,P059,1,618.97,0.1,557.07,424.05,133.02,Retail Store
S02386,2023-05-22,ST06,C0353,P091,2,512.66,0.0,1025.32,735.58,289.74,Marketplace
S02387,2023-09-27,ST12,C0478,P013,2,633.58,0.1,1140.44,813.14,327.3,Mobile App
S02388,2023-08-28,ST09,C0431,P025,2,788.41,0.15,1340.3,700.96,639.34,Retail Store
S02389,2023-12-01,ST01,C0322,P082,1,824.42,0.0,824.42,416.33,408.09,Online
S02390,2023-01-01,ST14,C0193,P076,3,361.84,0.0,1085.52,497.22,588.3,Online
S02391,2024-08-04,ST03,C0241,P034,2,530.96,0.05,1008.82,736.38,272.44,Online
S02392,2023-12-12,ST05,C0255,P094,1,634.83,0.0,634.83,303.82,331.01,Online
S02393,2023-06-19,ST02,C0449,P082,1,824.42,0.1,741.98,416.33,325.65,Online
S02394,2023-01-18,ST02,C0223,P001,3,474.05,0.05,1351.04,758.7,592.34,Online
S02395,2025-02-19,ST01,C0092,P091,5,512.66,0.05,2435.13,1838.95,596.18,Mobile App
S02396,2024-12-07,ST11,C0195,P079,1,118.05,0.1,106.25,74.15,32.1,Online
S02397,2023-08-06,ST08,C0179,P082,1,824.42,0.1,741.98,416.33,325.65,Online
S02398,2024-10-18,ST04,C0431,P039,1,839.98,0.0,839.98,396.66,443.32,Marketplace
S02399,2024-08-22,ST11,C0408,P063,1,85.52,0.05,81.24,43.74,37.5,Mobile App
S02400,2024-05-05,ST05,C0247,P070,1,819.07,0.0,819.07,399.6,419.47,Online
S02401,2023-12-20,ST15,C0494,P015,3,411.34,0.0,1234.02,874.98,359.04,Marketplace
S02402,2024-04-22,ST04,C0167,P058,1,558.35,0.15,474.6,249.8,224.8,Marketplace
S02403,2024-03-29,ST08,C0091,P015,4,411.34,0.0,1645.36,1166.64,478.72,Retail Store
S02404,2024-05-17,ST07,C0357,P045,1,240.79,0.15,204.67,117.52,87.15,Online
S02405,2024-07-12,ST08,C0452,P100,2,691.45,0.05,1313.76,763.88,549.88,Marketplace
S02406,2023-10-21,ST01,C0121,P088,1,656.76,0.0,656.76,312.14,344.62,Mobile App
S02407,2024-08-06,ST15,C0111,P065,2,54.39,0.05,103.34,58.22,45.12,Retail Store
S02408,2023-04-11,ST06,C0396,P072,1,110.76,0.0,110.76,70.94,39.82,Mobile App
S02409,2024-04-21,ST13,C0201,P053,1,512.39,0.05,486.77,310.47,176.3,Marketplace
S02410,2023-03-02,ST15,C0134,P052,6,179.16,0.0,1074.96,670.86,404.1,Mobile App
S02411,2025-01-30,ST04,C0373,P063,2,85.52,0.0,171.04,87.48,83.56,Retail Store
S02412,2023-04-29,ST07,C0230,P040,1,151.24,0.0,151.24,66.61,84.63,Online
S02413,2025-03-06,ST13,C0106,P069,2,952.97,0.15,1620.05,877.76,742.29,Retail Store
S02414,2023-07-04,ST06,C0313,P079,1,118.05,0.0,118.05,74.15,43.9,Retail Store
S02415,2024-03-18,ST13,C0011,P093,1,466.42,0.05,443.1,269.66,173.44,Retail Store
S02416,2023-03-31,ST06,C0361,P100,2,691.45,0.0,1382.9,763.88,619.02,Retail Store
S02417,2024-06-04,ST09,C0026,P084,2,240.69,0.0,481.38,327.26,154.12,Mobile App
S02418,2025-01-31,ST03,C0102,P069,1,952.97,0.1,857.67,438.88,418.79,Marketplace
S02419,2024-08-22,ST05,C0118,P092,1,496.59,0.0,496.59,284.79,211.8,Mobile App
S02420,2024-04-24,ST04,C0212,P043,1,241.25,0.1,217.12,137.71,79.41,Online
S02421,2024-09-30,ST14,C0019,P002,1,441.21,0.0,441.21,287.87,153.34,Retail Store
S02422,2023-08-22,ST13,C0204,P065,1,54.39,0.05,51.67,29.11,22.56,Retail Store
S02423,2023-11-30,ST05,C0145,P021,1,414.87,0.0,414.87,183.91,230.96,Online
S02424,2024-07-06,ST12,C0396,P081,1,595.21,0.0,595.21,338.24,256.97,Retail Store
S02425,2023-03-06,ST02,C0384,P035,5,381.12,0.05,1810.32,877.9,932.42,Marketplace
S02426,2025-04-27,ST12,C0419,P017,4,780.73,0.0,3122.92,1563.32,1559.6,Retail Store
S02427,2023-07-10,ST09,C0038,P010,3,177.97,0.15,453.82,344.01,109.81,Marketplace
S02428,2024-03-23,ST12,C0008,P003,1,101.68,0.1,91.51,44.48,47.03,Online
S02429,2025-03-21,ST10,C0377,P013,1,633.58,0.05,601.9,406.57,195.33,Online
S02430,2023-03-14,ST05,C0440,P078,1,331.1,0.0,331.1,171.92,159.18,Marketplace
S02431,2024-12-30,ST01,C0381,P066,1,400.97,0.0,400.97,272.57,128.4,Mobile App
S02432,2023-02-25,ST02,C0104,P059,3,618.97,0.0,1856.91,1272.15,584.76,Marketplace
S02433,2024-05-23,ST07,C0150,P049,2,878.21,0.0,1756.42,782.54,973.88,Online
S02434,2025-05-04,ST05,C0288,P053,1,512.39,0.05,486.77,310.47,176.3,Mobile App
S02435,2024-01-14,ST09,C0274,P090,1,573.25,0.0,573.25,288.19,285.06,Marketplace
S02436,2023-12-03,ST12,C0255,P003,3,101.68,0.05,289.79,133.44,156.35,Mobile App
S02437,2024-10-07,ST12,C0280,P098,3,610.44,0.0,1831.32,856.14,975.18,Marketplace
S02438,2025-01-20,ST01,C0296,P029,1,230.02,0.05,218.52,120.5,98.02,Online
S02439,2023-08-31,ST08,C0190,P058,2,558.35,0.1,1005.03,499.6,505.43,Retail Store
S02440,2023-02-07,ST06,C0160,P083,1,543.94,0.0,543.94,330.9,213.04,Retail Store
S02441,2023-03-06,ST03,C0288,P013,2,633.58,0.0,1267.16,813.14,454.02,Marketplace
S02442,2023-10-04,ST02,C0128,P076,3,361.84,0.0,1085.52,497.22,588.3,Marketplace
S02443,2025-05-10,ST08,C0430,P079,2,118.05,0.1,212.49,148.3,64.19,Online
S02444,2025-05-25,ST08,C0393,P008,1,682.79,0.0,682.79,317.47,365.32,Marketplace
S02445,2023-03-30,ST06,C0380,P040,1,151.24,0.0,151.24,66.61,84.63,Retail Store
S02446,2024-10-22,ST10,C0353,P042,2,552.37,0.1,994.27,817.08,177.19,Marketplace
S02447,2024-04-29,ST12,C0138,P001,1,474.05,0.0,474.05,252.9,221.15,Marketplace
S02448,2023-06-22,ST06,C0256,P070,1,819.07,0.15,696.21,399.6,296.61,Online
S02449,2024-04-24,ST12,C0237,P042,1,552.37,0.05,524.75,408.54,116.21,Retail Store
S02450,2023-08-15,ST12,C0218,P014,1,523.69,0.0,523.69,241.55,282.14,Marketplace
S02451,2024-07-23,ST01,C0388,P017,2,780.73,0.0,1561.46,781.66,779.8,Retail Store
S02452,2023-06-12,ST08,C0102,P022,3,753.54,0.0,2260.62,1246.08,1014.54,Retail Store
S02453,2024-11-13,ST03,C0254,P055,1,374.11,0.15,317.99,253.49,64.5,Marketplace
S02454,2024-01-14,ST14,C0384,P018,2,560.51,0.1,1008.92,688.24,320.68,Marketplace
S02455,2023-04-07,ST05,C0005,P052,1,179.16,0.0,179.16,111.81,67.35,Marketplace
S02456,2024-08-04,ST15,C0369,P038,1,348.21,0.15,295.98,215.66,80.32,Mobile App
S02457,2023-11-23,ST10,C0166,P067,1,278.89,0.0,278.89,179.98,98.91,Online
S02458,2024-02-22,ST09,C0149,P019,3,451.75,0.15,1151.96,653.49,498.47,Online
S02459,2024-08-29,ST12,C0488,P079,1,118.05,0.0,118.05,74.15,43.9,Mobile App
S02460,2025-03-15,ST04,C0237,P061,2,603.93,0.0,1207.86,659.98,547.88,Online
S02461,2023-06-01,ST12,C0269,P022,2,753.54,0.05,1431.73,830.72,601.01,Retail Store
S02462,2023-06-14,ST03,C0214,P041,2,148.6,0.0,297.2,191.36,105.84,Marketplace
S02463,2024-01-01,ST05,C0003,P009,1,211.8,0.15,180.03,122.35,57.68,Online
S02464,2023-11-04,ST02,C0356,P026,2,311.93,0.1,561.47,275.3,286.17,Marketplace
S02465,2023-05-25,ST01,C0049,P043,2,241.25,0.1,434.25,275.42,158.83,Marketplace
S02466,2025-06-28,ST02,C0081,P077,1,146.59,0.0,146.59,100.89,45.7,Online
S02467,2024-02-08,ST01,C0322,P045,1,240.79,0.0,240.79,117.52,123.27,Mobile App
S02468,2023-11-17,ST15,C0421,P037,1,559.57,0.05,531.59,365.25,166.34,Mobile App
S02469,2023-10-15,ST13,C0320,P048,2,113.1,0.05,214.89,118.1,96.79,Mobile App
S02470,2025-06-22,ST11,C0278,P072,1,110.76,0.15,94.15,70.94,23.21,Online
S02471,2023-10-23,ST03,C0304,P010,2,177.97,0.0,355.94,229.34,126.6,Online
S02472,2023-12-05,ST05,C0092,P036,1,539.12,0.1,485.21,311.18,174.03,Retail Store
S02473,2024-11-27,ST09,C0409,P017,4,780.73,0.1,2810.63,1563.32,1247.31,Marketplace
S02474,2024-01-28,ST13,C0295,P043,1,241.25,0.1,217.12,137.71,79.41,Mobile App
S02475,2024-10-23,ST10,C0447,P095,3,139.42,0.15,355.52,299.25,56.27,Marketplace
S02476,2024-07-08,ST01,C0087,P027,2,598.23,0.0,1196.46,691.98,504.48,Online
S02477,2024-05-28,ST13,C0476,P012,3,703.62,0.1,1899.77,1024.86,874.91,Online
S02478,2023-07-14,ST08,C0085,P019,2,451.75,0.0,903.5,435.66,467.84,Mobile App
S02479,2024-11-28,ST01,C0459,P010,4,177.97,0.0,711.88,458.68,253.2,Marketplace
S02480,2025-04-23,ST08,C0341,P055,2,374.11,0.0,748.22,506.98,241.24,Mobile App
S02481,2023-08-20,ST02,C0390,P065,1,54.39,0.0,54.39,29.11,25.28,Marketplace
S02482,2025-05-26,ST07,C0397,P049,1,878.21,0.15,746.48,391.27,355.21,Marketplace
S02483,2024-02-12,ST14,C0160,P046,1,653.19,0.1,587.87,342.89,244.98,Mobile App
S02484,2023-12-28,ST15,C0041,P068,1,675.48,0.1,607.93,308.45,299.48,Online
S02485,2024-10-23,ST11,C0485,P022,1,753.54,0.0,753.54,415.36,338.18,Online
S02486,2025-06-14,ST08,C0287,P056,3,647.27,0.05,1844.72,1198.11,646.61,Mobile App
S02487,2024-06-26,ST09,C0062,P088,1,656.76,0.05,623.92,312.14,311.78,Mobile App
S02488,2024-04-16,ST14,C0013,P023,1,589.93,0.0,589.93,419.87,170.06,Marketplace
S02489,2025-06-23,ST06,C0344,P099,2,381.31,0.15,648.23,429.02,219.21,Marketplace
S02490,2023-10-02,ST09,C0316,P028,1,535.81,0.0,535.81,301.2,234.61,Marketplace
S02491,2023-10-01,ST15,C0092,P048,1,113.1,0.15,96.13,59.05,37.08,Retail Store
S02492,2023-07-22,ST06,C0227,P026,2,311.93,0.1,561.47,275.3,286.17,Online
S02493,2025-02-18,ST05,C0301,P001,3,474.05,0.0,1422.15,758.7,663.45,Retail Store
S02494,2023-01-20,ST05,C0469,P048,3,113.1,0.1,305.37,177.15,128.22,Retail Store
S02495,2025-01-18,ST01,C0140,P078,1,331.1,0.15,281.44,171.92,109.52,Mobile App
S02496,2024-09-20,ST07,C0246,P083,1,543.94,0.0,543.94,330.9,213.04,Mobile App
S02497,2023-09-09,ST01,C0321,P036,1,539.12,0.1,485.21,311.18,174.03,Retail Store
S02498,2024-05-19,ST08,C0475,P092,4,496.59,0.1,1787.72,1139.16,648.56,Marketplace
S02499,2024-05-21,ST08,C0089,P063,2,85.52,0.15,145.38,87.48,57.9,Retail Store
S02500,2025-04-23,ST01,C0190,P005,2,187.0,0.1,336.6,188.26,148.34,Online
S02501,2023-05-21,ST03,C0377,P091,1,512.66,0.0,512.66,367.79,144.87,Retail Store
S02502,2023-02-04,ST14,C0428,P054,5,66.5,0.0,332.5,144.8,187.7,Retail Store
S02503,2023-11-21,ST12,C0327,P057,1,866.66,0.0,866.66,379.34,487.32,Mobile App
S02504,2023-05-07,ST09,C0440,P013,3,633.58,0.0,1900.74,1219.71,681.03,Online
S02505,2023-12-01,ST12,C0315,P084,1,240.69,0.0,240.69,163.63,77.06,Mobile App
S02506,2024-06-14,ST15,C0435,P087,2,643.14,0.0,1286.28,717.9,568.38,Online
S02507,2023-08-01,ST06,C0370,P076,3,361.84,0.1,976.97,497.22,479.75,Retail Store
S02508,2025-01-08,ST07,C0207,P086,1,320.59,0.15,272.5,197.58,74.92,Retail Store
S02509,2023-03-25,ST14,C0099,P009,3,211.8,0.1,571.86,367.05,204.81,Online
S02510,2023-12-31,ST02,C0137,P094,2,634.83,0.0,1269.66,607.64,662.02,Marketplace
S02511,2025-04-16,ST10,C0142,P006,2,826.37,0.0,1652.74,846.16,806.58,Marketplace
S02512,2024-10-30,ST12,C0326,P023,2,589.93,0.0,1179.86,839.74,340.12,Mobile App
S02513,2024-10-21,ST06,C0288,P036,1,539.12,0.0,539.12,311.18,227.94,Mobile App
S02514,2024-12-23,ST14,C0291,P060,4,550.86,0.15,1872.92,1362.12,510.8,Retail Store
S02515,2023-06-07,ST08,C0477,P073,1,238.26,0.0,238.26,173.6,64.66,Retail Store
S02516,2025-01-22,ST12,C0094,P012,2,703.62,0.0,1407.24,683.24,724.0,Online
S02517,2024-09-20,ST11,C0303,P041,1,148.6,0.0,148.6,95.68,52.92,Online
S02518,2024-06-08,ST11,C0112,P002,1,441.21,0.0,441.21,287.87,153.34,Marketplace
S02519,2025-04-06,ST12,C0450,P011,1,309.34,0.0,309.34,193.14,116.2,Mobile App
S02520,2024-06-26,ST15,C0329,P088,4,656.76,0.0,2627.04,1248.56,1378.48,Online
S02521,2023-10-01,ST07,C0028,P040,1,151.24,0.15,128.55,66.61,61.94,Mobile App
S02522,2024-10-27,ST03,C0143,P023,1,589.93,0.1,530.94,419.87,111.07,Mobile App
S02523,2024-06-08,ST14,C0116,P053,4,512.39,0.0,2049.56,1241.88,807.68,Mobile App
S02524,2023-03-13,ST05,C0091,P026,2,311.93,0.0,623.86,275.3,348.56,Marketplace
S02525,2023-02-20,ST08,C0048,P034,2,530.96,0.0,1061.92,736.38,325.54,Mobile App
S02526,2024-12-03,ST11,C0396,P045,1,240.79,0.1,216.71,117.52,99.19,Marketplace
S02527,2023-11-13,ST14,C0352,P081,3,595.21,0.0,1785.63,1014.72,770.91,Retail Store
S02528,2025-01-14,ST03,C0198,P075,1,347.7,0.1,312.93,174.24,138.69,Online
S02529,2024-01-15,ST06,C0223,P090,1,573.25,0.15,487.26,288.19,199.07,Mobile App
S02530,2025-03-01,ST12,C0176,P027,7,598.23,0.1,3768.85,2421.93,1346.92,Mobile App
S02531,2025-03-03,ST13,C0263,P012,1,703.62,0.0,703.62,341.62,362.0,Mobile App
S02532,2023-07-26,ST05,C0240,P028,1,535.81,0.0,535.81,301.2,234.61,Retail Store
S02533,2024-08-17,ST11,C0338,P067,2,278.89,0.0,557.78,359.96,197.82,Marketplace
S02534,2024-07-02,ST10,C0240,P018,1,560.51,0.0,560.51,344.12,216.39,Mobile App
S02535,2023-01-11,ST11,C0194,P073,1,238.26,0.1,214.43,173.6,40.83,Retail Store
S02536,2024-12-09,ST02,C0360,P042,1,552.37,0.15,469.51,408.54,60.97,Mobile App
S02537,2023-12-15,ST07,C0082,P002,3,441.21,0.05,1257.45,863.61,393.84,Mobile App
S02538,2023-10-05,ST15,C0332,P044,1,670.76,0.0,670.76,448.05,222.71,Online
S02539,2023-02-07,ST03,C0157,P046,1,653.19,0.05,620.53,342.89,277.64,Online
S02540,2024-05-06,ST08,C0012,P097,1,509.83,0.1,458.85,308.72,150.13,Marketplace
S02541,2023-05-17,ST12,C0295,P076,2,361.84,0.05,687.5,331.48,356.02,Marketplace
S02542,2024-04-02,ST04,C0428,P061,3,603.93,0.0,1811.79,989.97,821.82,Mobile App
S02543,2023-07-21,ST08,C0173,P077,4,146.59,0.15,498.41,403.56,94.85,Marketplace
S02544,2023-02-16,ST15,C0021,P039,1,839.98,0.0,839.98,396.66,443.32,Retail Store
S02545,2024-10-28,ST13,C0219,P054,1,66.5,0.0,66.5,28.96,37.54,Marketplace
S02546,2023-12-24,ST03,C0015,P076,2,361.84,0.1,651.31,331.48,319.83,Online
S02547,2024-02-10,ST10,C0454,P039,3,839.98,0.15,2141.95,1189.98,951.97,Online
S02548,2024-06-26,ST03,C0385,P073,2,238.26,0.0,476.52,347.2,129.32,Mobile App
S02549,2024-04-04,ST02,C0497,P007,2,572.81,0.0,1145.62,669.76,475.86,Online
S02550,2023-07-22,ST07,C0235,P045,1,240.79,0.0,240.79,117.52,123.27,Marketplace
S02551,2023-09-21,ST03,C0338,P001,1,474.05,0.0,474.05,252.9,221.15,Online
S02552,2023-12-26,ST02,C0158,P039,1,839.98,0.0,839.98,396.66,443.32,Online
S02553,2023-05-01,ST02,C0224,P027,2,598.23,0.15,1016.99,691.98,325.01,Online
S02554,2023-03-17,ST09,C0351,P020,1,796.23,0.0,796.23,412.87,383.36,Retail Store
S02555,2024-06-04,ST06,C0082,P062,3,800.1,0.0,2400.3,1229.31,1170.99,Marketplace
S02556,2023-02-14,ST07,C0352,P071,1,573.25,0.15,487.26,357.51,129.75,Online
S02557,2023-12-30,ST07,C0343,P061,2,603.93,0.05,1147.47,659.98,487.49,Online
S02558,2023-03-19,ST02,C0470,P098,2,610.44,0.05,1159.84,570.76,589.08,Online
S02559,2024-04-02,ST15,C0391,P041,2,148.6,0.0,297.2,191.36,105.84,Marketplace
S02560,2024-12-05,ST15,C0168,P099,1,381.31,0.0,381.31,214.51,166.8,Marketplace
S02561,2023-04-29,ST09,C0202,P077,1,146.59,0.0,146.59,100.89,45.7,Mobile App
S02562,2023-05-03,ST12,C0343,P063,3,85.52,0.1,230.9,131.22,99.68,Retail Store
S02563,2024-05-24,ST10,C0454,P029,2,230.02,0.0,460.04,241.0,219.04,Online
S02564,2024-03-20,ST06,C0186,P048,1,113.1,0.1,101.79,59.05,42.74,Retail Store
S02565,2024-08-17,ST13,C0307,P079,1,118.05,0.05,112.15,74.15,38.0,Retail Store
S02566,2023-06-28,ST03,C0118,P083,2,543.94,0.05,1033.49,661.8,371.69,Online
S02567,2024-07-15,ST05,C0109,P006,1,826.37,0.05,785.05,423.08,361.97,Retail Store
S02568,2024-11-01,ST11,C0197,P044,2,670.76,0.0,1341.52,896.1,445.42,Marketplace
S02569,2023-08-13,ST05,C0146,P020,1,796.23,0.05,756.42,412.87,343.55,Marketplace
S02570,2023-03-07,ST07,C0134,P005,4,187.0,0.0,748.0,376.52,371.48,Online
S02571,2024-12-08,ST09,C0350,P051,3,502.39,0.0,1507.17,913.14,594.03,Marketplace
S02572,2023-10-22,ST11,C0178,P011,1,309.34,0.15,262.94,193.14,69.8,Retail Store
S02573,2025-04-21,ST07,C0442,P084,1,240.69,0.0,240.69,163.63,77.06,Online
S02574,2023-03-23,ST10,C0066,P041,1,148.6,0.1,133.74,95.68,38.06,Marketplace
S02575,2024-09-03,ST01,C0233,P088,1,656.76,0.05,623.92,312.14,311.78,Marketplace
S02576,2024-01-21,ST01,C0395,P055,1,374.11,0.0,374.11,253.49,120.62,Marketplace
S02577,2023-11-14,ST11,C0380,P034,2,530.96,0.0,1061.92,736.38,325.54,Marketplace
S02578,2023-10-20,ST13,C0191,P065,3,54.39,0.05,155.01,87.33,67.68,Mobile App
S02579,2024-06-25,ST06,C0498,P069,1,952.97,0.0,952.97,438.88,514.09,Online
S02580,2023-01-23,ST13,C0273,P055,1,374.11,0.05,355.4,253.49,101.91,Retail Store
S02581,2023-10-05,ST06,C0004,P020,3,796.23,0.15,2030.39,1238.61,791.78,Mobile App
S02582,2025-06-18,ST14,C0264,P026,1,311.93,0.1,280.74,137.65,143.09,Marketplace
S02583,2024-07-15,ST08,C0025,P056,1,647.27,0.0,647.27,399.37,247.9,Retail Store
S02584,2025-06-21,ST08,C0445,P016,1,442.1,0.05,420.0,278.25,141.75,Mobile App
S02585,2024-02-07,ST10,C0456,P007,2,572.81,0.15,973.78,669.76,304.02,Mobile App
S02586,2023-05-13,ST06,C0218,P033,2,760.26,0.15,1292.44,845.18,447.26,Mobile App
S02587,2023-02-10,ST01,C0420,P099,1,381.31,0.1,343.18,214.51,128.67,Mobile App
S02588,2025-01-15,ST06,C0151,P023,2,589.93,0.05,1120.87,839.74,281.13,Retail Store
S02589,2023-07-01,ST05,C0167,P058,2,558.35,0.15,949.2,499.6,449.6,Retail Store
S02590,2023-12-07,ST06,C0058,P077,3,146.59,0.15,373.8,302.67,71.13,Retail Store
S02591,2024-11-21,ST07,C0379,P069,2,952.97,0.0,1905.94,877.76,1028.18,Online
S02592,2025-02-15,ST02,C0274,P011,2,309.34,0.0,618.68,386.28,232.4,Online
S02593,2023-04-13,ST07,C0253,P082,2,824.42,0.0,1648.84,832.66,816.18,Mobile App
S02594,2023-02-19,ST10,C0353,P059,1,618.97,0.0,618.97,424.05,194.92,Marketplace
S02595,2025-05-14,ST06,C0040,P006,2,826.37,0.0,1652.74,846.16,806.58,Retail Store
S02596,2025-04-24,ST12,C0312,P019,4,451.75,0.15,1535.95,871.32,664.63,Retail Store
S02597,2025-03-02,ST12,C0263,P049,2,878.21,0.0,1756.42,782.54,973.88,Mobile App
S02598,2025-01-17,ST05,C0384,P082,1,824.42,0.05,783.2,416.33,366.87,Marketplace
S02599,2023-01-13,ST12,C0095,P003,3,101.68,0.0,305.04,133.44,171.6,Retail Store
S02600,2024-09-24,ST02,C0495,P056,1,647.27,0.0,647.27,399.37,247.9,Mobile App
S02601,2023-04-12,ST09,C0316,P039,1,839.98,0.1,755.98,396.66,359.32,Online
S02602,2024-02-15,ST01,C0410,P089,2,178.67,0.0,357.34,194.24,163.1,Marketplace
S02603,2023-01-21,ST15,C0390,P028,3,535.81,0.05,1527.06,903.6,623.46,Mobile App
S02604,2023-07-10,ST13,C0353,P096,1,612.7,0.0,612.7,414.92,197.78,Mobile App
S02605,2024-05-05,ST01,C0344,P065,4,54.39,0.1,195.8,116.44,79.36,Marketplace
S02606,2023-07-05,ST05,C0348,P024,1,908.43,0.0,908.43,427.45,480.98,Retail Store
S02607,2024-04-21,ST01,C0107,P053,1,512.39,0.05,486.77,310.47,176.3,Online
S02608,2023-08-24,ST08,C0137,P036,2,539.12,0.1,970.42,622.36,348.06,Mobile App
S02609,2024-03-16,ST04,C0114,P013,1,633.58,0.0,633.58,406.57,227.01,Mobile App
S02610,2024-10-26,ST10,C0033,P029,4,230.02,0.0,920.08,482.0,438.08,Marketplace
S02611,2023-05-09,ST11,C0216,P076,1,361.84,0.1,325.66,165.74,159.92,Mobile App
S02612,2024-09-28,ST08,C0200,P070,1,819.07,0.1,737.16,399.6,337.56,Retail Store
S02613,2023-01-17,ST06,C0175,P044,2,670.76,0.0,1341.52,896.1,445.42,Marketplace
S02614,2024-06-15,ST14,C0237,P020,1,796.23,0.15,676.8,412.87,263.93,Marketplace
S02615,2024-08-27,ST12,C0273,P027,1,598.23,0.0,598.23,345.99,252.24,Marketplace
S02616,2023-02-09,ST01,C0207,P033,2,760.26,0.15,1292.44,845.18,447.26,Retail Store
S02617,2023-06-05,ST09,C0250,P081,1,595.21,0.0,595.21,338.24,256.97,Retail Store
S02618,2023-09-16,ST09,C0383,P027,2,598.23,0.0,1196.46,691.98,504.48,Mobile App
S02619,2024-12-19,ST06,C0385,P038,2,348.21,0.05,661.6,431.32,230.28,Marketplace
S02620,2024-07-16,ST10,C0080,P004,5,700.29,0.1,3151.3,1966.3,1185.0,Online
S02621,2023-02-18,ST10,C0181,P080,2,421.17,0.05,800.22,420.64,379.58,Marketplace
S02622,2024-08-19,ST13,C0012,P098,2,610.44,0.0,1220.88,570.76,650.12,Marketplace
S02623,2023-01-08,ST15,C0193,P031,3,173.34,0.1,468.02,366.9,101.12,Online
S02624,2023-12-21,ST14,C0311,P049,2,878.21,0.0,1756.42,782.54,973.88,Retail Store
S02625,2023-09-05,ST04,C0112,P051,3,502.39,0.0,1507.17,913.14,594.03,Mobile App
S02626,2025-02-15,ST03,C0443,P023,3,589.93,0.15,1504.32,1259.61,244.71,Marketplace
S02627,2024-08-24,ST06,C0210,P071,1,573.25,0.0,573.25,357.51,215.74,Marketplace
S02628,2025-02-26,ST06,C0143,P077,4,146.59,0.0,586.36,403.56,182.8,Retail Store
S02629,2023-01-18,ST11,C0453,P086,1,320.59,0.15,272.5,197.58,74.92,Mobile App
S02630,2025-03-01,ST09,C0275,P065,2,54.39,0.05,103.34,58.22,45.12,Online
S02631,2024-08-14,ST13,C0254,P052,5,179.16,0.05,851.01,559.05,291.96,Mobile App
S02632,2023-07-30,ST15,C0081,P058,1,558.35,0.0,558.35,249.8,308.55,Marketplace
S02633,2023-12-13,ST09,C0002,P037,1,559.57,0.0,559.57,365.25,194.32,Marketplace
S02634,2025-06-08,ST11,C0089,P084,1,240.69,0.0,240.69,163.63,77.06,Marketplace
S02635,2023-04-01,ST07,C0335,P075,2,347.7,0.05,660.63,348.48,312.15,Marketplace
S02636,2023-10-15,ST01,C0326,P025,1,788.41,0.1,709.57,350.48,359.09,Online
S02637,2025-02-28,ST10,C0313,P018,3,560.51,0.1,1513.38,1032.36,481.02,Retail Store
S02638,2024-04-29,ST12,C0293,P077,2,146.59,0.05,278.52,201.78,76.74,Retail Store
S02639,2023-06-19,ST04,C0313,P042,2,552.37,0.0,1104.74,817.08,287.66,Marketplace
S02640,2024-04-01,ST06,C0047,P088,2,656.76,0.0,1313.52,624.28,689.24,Marketplace
S02641,2024-02-22,ST14,C0262,P071,1,573.25,0.0,573.25,357.51,215.74,Online
S02642,2025-04-23,ST12,C0189,P059,1,618.97,0.0,618.97,424.05,194.92,Online
S02643,2023-01-20,ST12,C0480,P061,2,603.93,0.0,1207.86,659.98,547.88,Mobile App
S02644,2023-08-14,ST02,C0151,P017,2,780.73,0.0,1561.46,781.66,779.8,Online
S02645,2024-04-27,ST08,C0237,P074,1,440.89,0.0,440.89,194.35,246.54,Marketplace
S02646,2023-10-31,ST03,C0408,P031,2,173.34,0.05,329.35,244.6,84.75,Retail Store
S02647,2023-12-25,ST06,C0429,P078,2,331.1,0.0,662.2,343.84,318.36,Online
S02648,2023-05-24,ST02,C0370,P060,1,550.86,0.0,550.86,340.53,210.33,Retail Store
S02649,2023-11-12,ST07,C0347,P088,1,656.76,0.1,591.08,312.14,278.94,Marketplace
S02650,2023-11-17,ST13,C0037,P050,2,251.3,0.05,477.47,259.28,218.19,Mobile App
S02651,2024-07-23,ST02,C0276,P092,3,496.59,0.15,1266.3,854.37,411.93,Retail Store
S02652,2023-08-04,ST14,C0247,P057,3,866.66,0.15,2209.98,1138.02,1071.96,Retail Store
S02653,2025-06-10,ST07,C0416,P038,3,348.21,0.15,887.94,646.98,240.96,Retail Store
S02654,2024-04-01,ST12,C0205,P047,3,583.71,0.1,1576.02,1247.22,328.8,Marketplace
S02655,2025-01-09,ST02,C0404,P055,1,374.11,0.0,374.11,253.49,120.62,Online
S02656,2024-07-24,ST14,C0389,P034,1,530.96,0.1,477.86,368.19,109.67,Retail Store
S02657,2025-03-11,ST06,C0087,P093,2,466.42,0.05,886.2,539.32,346.88,Mobile App
S02658,2025-03-22,ST04,C0468,P019,1,451.75,0.05,429.16,217.83,211.33,Online
S02659,2025-01-12,ST06,C0050,P034,4,530.96,0.15,1805.26,1472.76,332.5,Retail Store
S02660,2023-01-27,ST12,C0461,P059,1,618.97,0.05,588.02,424.05,163.97,Online
S02661,2024-05-20,ST06,C0134,P097,1,509.83,0.0,509.83,308.72,201.11,Marketplace
S02662,2023-09-13,ST08,C0404,P043,3,241.25,0.15,615.19,413.13,202.06,Mobile App
S02663,2023-05-19,ST10,C0141,P073,1,238.26,0.0,238.26,173.6,64.66,Online
S02664,2025-03-28,ST05,C0268,P019,3,451.75,0.0,1355.25,653.49,701.76,Online
S02665,2024-08-21,ST06,C0289,P048,4,113.1,0.15,384.54,236.2,148.34,Mobile App
S02666,2023-03-21,ST12,C0484,P040,1,151.24,0.0,151.24,66.61,84.63,Mobile App
S02667,2023-12-15,ST08,C0366,P061,2,603.93,0.15,1026.68,659.98,366.7,Mobile App
S02668,2025-05-25,ST13,C0381,P020,3,796.23,0.15,2030.39,1238.61,791.78,Online
S02669,2024-07-11,ST05,C0312,P019,2,451.75,0.05,858.32,435.66,422.66,Mobile App
S02670,2024-07-23,ST01,C0117,P082,1,824.42,0.0,824.42,416.33,408.09,Mobile App
S02671,2023-07-27,ST01,C0300,P019,3,451.75,0.0,1355.25,653.49,701.76,Mobile App
S02672,2023-08-07,ST12,C0261,P093,3,466.42,0.1,1259.33,808.98,450.35,Marketplace
S02673,2023-05-20,ST15,C0317,P062,1,800.1,0.0,800.1,409.77,390.33,Mobile App
S02674,2025-06-03,ST10,C0080,P083,3,543.94,0.1,1468.64,992.7,475.94,Mobile App
S02675,2025-04-08,ST07,C0192,P067,3,278.89,0.05,794.84,539.94,254.9,Online
S02676,2023-10-27,ST03,C0247,P068,2,675.48,0.05,1283.41,616.9,666.51,Marketplace
S02677,2024-05-08,ST02,C0343,P002,1,441.21,0.0,441.21,287.87,153.34,Online
S02678,2023-07-08,ST04,C0106,P040,2,151.24,0.0,302.48,133.22,169.26,Mobile App
S02679,2023-05-07,ST12,C0399,P078,4,331.1,0.0,1324.4,687.68,636.72,Online
S02680,2024-05-08,ST08,C0256,P046,1,653.19,0.1,587.87,342.89,244.98,Retail Store
S02681,2024-12-29,ST14,C0434,P096,1,612.7,0.1,551.43,414.92,136.51,Online
S02682,2025-02-24,ST06,C0104,P095,1,139.42,0.15,118.51,99.75,18.76,Retail Store
S02683,2023-10-09,ST02,C0321,P052,2,179.16,0.0,358.32,223.62,134.7,Retail Store
S02684,2024-10-04,ST09,C0284,P035,1,381.12,0.15,323.95,175.58,148.37,Retail Store
S02685,2024-04-22,ST10,C0229,P008,1,682.79,0.1,614.51,317.47,297.04,Online
S02686,2023-05-04,ST13,C0132,P032,1,266.96,0.15,226.92,143.35,83.57,Online
S02687,2025-06-26,ST11,C0480,P089,6,178.67,0.0,1072.02,582.72,489.3,Online
S02688,2025-06-07,ST08,C0368,P089,1,178.67,0.0,178.67,97.12,81.55,Retail Store
S02689,2023-05-13,ST09,C0137,P078,4,331.1,0.0,1324.4,687.68,636.72,Retail Store
S02690,2025-04-29,ST12,C0098,P096,2,612.7,0.0,1225.4,829.84,395.56,Online
S02691,2025-04-15,ST01,C0156,P067,1,278.89,0.0,278.89,179.98,98.91,Online
S02692,2023-10-17,ST13,C0300,P032,2,266.96,0.1,480.53,286.7,193.83,Marketplace
S02693,2024-05-22,ST09,C0051,P060,3,550.86,0.0,1652.58,1021.59,630.99,Mobile App
S02694,2025-05-14,ST04,C0038,P082,2,824.42,0.05,1566.4,832.66,733.74,Retail Store
S02695,2023-04-18,ST08,C0043,P057,1,866.66,0.0,866.66,379.34,487.32,Retail Store
S02696,2023-10-17,ST04,C0302,P070,1,819.07,0.1,737.16,399.6,337.56,Marketplace
S02697,2025-03-12,ST01,C0292,P039,2,839.98,0.1,1511.96,793.32,718.64,Marketplace
S02698,2024-10-24,ST15,C0369,P015,3,411.34,0.05,1172.32,874.98,297.34,Online
S02699,2024-11-28,ST11,C0413,P076,2,361.84,0.1,651.31,331.48,319.83,Marketplace
S02700,2025-03-12,ST13,C0129,P001,1,474.05,0.05,450.35,252.9,197.45,Mobile App
S02701,2024-01-13,ST03,C0324,P064,1,189.25,0.0,189.25,93.67,95.58,Marketplace
S02702,2024-01-10,ST11,C0146,P066,2,400.97,0.0,801.94,545.14,256.8,Mobile App
S02703,2024-02-08,ST06,C0128,P069,1,952.97,0.0,952.97,438.88,514.09,Mobile App
S02704,2025-04-30,ST02,C0226,P081,1,595.21,0.0,595.21,338.24,256.97,Marketplace
S02705,2025-03-25,ST15,C0164,P001,1,474.05,0.1,426.65,252.9,173.75,Marketplace
S02706,2025-04-30,ST03,C0084,P064,1,189.25,0.0,189.25,93.67,95.58,Marketplace
S02707,2023-09-07,ST02,C0156,P087,1,643.14,0.05,610.98,358.95,252.03,Mobile App
S02708,2024-12-10,ST09,C0352,P082,3,824.42,0.0,2473.26,1248.99,1224.27,Online
S02709,2023-04-08,ST13,C0056,P100,2,691.45,0.0,1382.9,763.88,619.02,Online
S02710,2023-06-18,ST05,C0257,P040,1,151.24,0.0,151.24,66.61,84.63,Marketplace
S02711,2024-11-25,ST05,C0351,P014,3,523.69,0.1,1413.96,724.65,689.31,Online
S02712,2024-07-11,ST03,C0345,P074,1,440.89,0.0,440.89,194.35,246.54,Online
S02713,2023-09-01,ST07,C0393,P025,1,788.41,0.0,788.41,350.48,437.93,Online
S02714,2024-05-31,ST03,C0340,P079,2,118.05,0.0,236.1,148.3,87.8,Marketplace
S02715,2023-07-30,ST13,C0305,P084,3,240.69,0.05,685.97,490.89,195.08,Mobile App
S02716,2023-07-31,ST05,C0478,P030,1,556.36,0.05,528.54,275.09,253.45,Mobile App
S02717,2024-09-18,ST05,C0075,P048,1,113.1,0.0,113.1,59.05,54.05,Mobile App
S02718,2023-11-24,ST08,C0162,P096,1,612.7,0.0,612.7,414.92,197.78,Marketplace
S02719,2024-09-18,ST13,C0202,P073,1,238.26,0.05,226.35,173.6,52.75,Retail Store
S02720,2024-03-10,ST07,C0482,P098,1,610.44,0.0,610.44,285.38,325.06,Marketplace
S02721,2024-04-02,ST13,C0331,P046,1,653.19,0.0,653.19,342.89,310.3,Marketplace
S02722,2024-07-04,ST01,C0141,P099,1,381.31,0.15,324.11,214.51,109.6,Online
S02723,2024-10-10,ST12,C0339,P027,3,598.23,0.0,1794.69,1037.97,756.72,Mobile App
S02724,2023-12-07,ST06,C0013,P048,1,113.1,0.05,107.44,59.05,48.39,Marketplace
S02725,2025-02-15,ST09,C0286,P042,2,552.37,0.15,939.03,817.08,121.95,Online
S02726,2024-03-23,ST09,C0317,P028,1,535.81,0.05,509.02,301.2,207.82,Mobile App
S02727,2023-05-06,ST04,C0039,P014,1,523.69,0.0,523.69,241.55,282.14,Mobile App
S02728,2023-06-26,ST12,C0246,P093,3,466.42,0.1,1259.33,808.98,450.35,Marketplace
S02729,2023-01-30,ST11,C0400,P006,2,826.37,0.05,1570.1,846.16,723.94,Marketplace
S02730,2024-11-27,ST10,C0144,P032,1,266.96,0.1,240.26,143.35,96.91,Marketplace
S02731,2023-01-14,ST01,C0052,P008,1,682.79,0.15,580.37,317.47,262.9,Mobile App
S02732,2023-09-03,ST06,C0276,P036,1,539.12,0.05,512.16,311.18,200.98,Mobile App
S02733,2024-01-12,ST03,C0242,P015,1,411.34,0.15,349.64,291.66,57.98,Retail Store
S02734,2024-11-07,ST12,C0397,P042,3,552.37,0.05,1574.25,1225.62,348.63,Online
S02735,2025-06-19,ST05,C0302,P020,1,796.23,0.1,716.61,412.87,303.74,Online
S02736,2024-11-21,ST08,C0046,P072,1,110.76,0.0,110.76,70.94,39.82,Mobile App
S02737,2023-03-02,ST13,C0280,P074,3,440.89,0.15,1124.27,583.05,541.22,Mobile App
S02738,2025-04-24,ST14,C0272,P072,2,110.76,0.0,221.52,141.88,79.64,Retail Store
S02739,2025-06-16,ST13,C0396,P018,2,560.51,0.0,1121.02,688.24,432.78,Mobile App
S02740,2025-02-28,ST13,C0464,P047,2,583.71,0.05,1109.05,831.48,277.57,Online
S02741,2024-03-22,ST08,C0165,P024,2,908.43,0.0,1816.86,854.9,961.96,Marketplace
S02742,2023-10-23,ST04,C0171,P047,3,583.71,0.15,1488.46,1247.22,241.24,Mobile App
S02743,2024-02-21,ST12,C0310,P033,3,760.26,0.0,2280.78,1267.77,1013.01,Online
S02744,2023-08-13,ST07,C0329,P016,2,442.1,0.05,839.99,556.5,283.49,Marketplace
S02745,2024-01-04,ST01,C0409,P063,2,85.52,0.1,153.94,87.48,66.46,Retail Store
S02746,2023-02-08,ST01,C0192,P066,3,400.97,0.1,1082.62,817.71,264.91,Marketplace
S02747,2024-10-31,ST09,C0492,P005,1,187.0,0.0,187.0,94.13,92.87,Marketplace
S02748,2023-12-13,ST06,C0295,P037,1,559.57,0.15,475.63,365.25,110.38,Retail Store
S02749,2023-10-13,ST10,C0039,P095,2,139.42,0.0,278.84,199.5,79.34,Retail Store
S02750,2024-07-11,ST13,C0082,P069,1,952.97,0.1,857.67,438.88,418.79,Retail Store
S02751,2024-11-07,ST08,C0473,P074,1,440.89,0.1,396.8,194.35,202.45,Online
S02752,2024-06-24,ST13,C0038,P097,3,509.83,0.15,1300.07,926.16,373.91,Marketplace
S02753,2024-04-23,ST08,C0239,P036,1,539.12,0.15,458.25,311.18,147.07,Online
S02754,2025-03-08,ST02,C0170,P084,2,240.69,0.0,481.38,327.26,154.12,Mobile App
S02755,2024-12-17,ST13,C0271,P059,1,618.97,0.15,526.12,424.05,102.07,Marketplace
S02756,2024-04-19,ST10,C0206,P003,2,101.68,0.0,203.36,88.96,114.4,Retail Store
S02757,2024-02-16,ST07,C0425,P080,1,421.17,0.0,421.17,210.32,210.85,Retail Store
S02758,2025-01-23,ST07,C0166,P029,1,230.02,0.0,230.02,120.5,109.52,Mobile App
S02759,2023-02-08,ST11,C0300,P029,2,230.02,0.0,460.04,241.0,219.04,Marketplace
S02760,2025-06-26,ST04,C0341,P084,1,240.69,0.1,216.62,163.63,52.99,Mobile App
S02761,2024-04-17,ST10,C0445,P092,2,496.59,0.0,993.18,569.58,423.6,Online
S02762,2023-12-27,ST04,C0076,P099,1,381.31,0.0,381.31,214.51,166.8,Online
S02763,2024-10-31,ST09,C0014,P013,2,633.58,0.1,1140.44,813.14,327.3,Retail Store
S02764,2024-05-23,ST09,C0066,P100,2,691.45,0.0,1382.9,763.88,619.02,Retail Store
S02765,2024-04-15,ST06,C0446,P042,2,552.37,0.0,1104.74,817.08,287.66,Online
S02766,2024-07-28,ST03,C0156,P026,1,311.93,0.05,296.33,137.65,158.68,Mobile App
S02767,2023-02-14,ST15,C0480,P030,1,556.36,0.0,556.36,275.09,281.27,Mobile App
S02768,2023-09-23,ST15,C0071,P004,1,700.29,0.05,665.28,393.26,272.02,Retail Store
S02769,2023-12-29,ST08,C0014,P049,1,878.21,0.15,746.48,391.27,355.21,Online
S02770,2023-10-05,ST08,C0026,P049,2,878.21,0.05,1668.6,782.54,886.06,Marketplace
S02771,2025-01-23,ST13,C0106,P026,1,311.93,0.05,296.33,137.65,158.68,Retail Store
S02772,2024-02-25,ST03,C0497,P012,1,703.62,0.1,633.26,341.62,291.64,Retail Store
S02773,2024-01-20,ST04,C0388,P021,2,414.87,0.0,829.74,367.82,461.92,Marketplace
S02774,2024-07-12,ST06,C0310,P095,1,139.42,0.15,118.51,99.75,18.76,Mobile App
S02775,2023-02-19,ST04,C0098,P054,1,66.5,0.0,66.5,28.96,37.54,Mobile App
S02776,2024-04-15,ST09,C0131,P062,1,800.1,0.0,800.1,409.77,390.33,Marketplace
S02777,2023-05-10,ST07,C0004,P003,2,101.68,0.05,193.19,88.96,104.23,Marketplace
S02778,2025-01-26,ST06,C0182,P013,1,633.58,0.0,633.58,406.57,227.01,Retail Store
S02779,2024-02-16,ST14,C0485,P056,1,647.27,0.15,550.18,399.37,150.81,Mobile App
S02780,2024-10-20,ST02,C0360,P030,1,556.36,0.15,472.91,275.09,197.82,Marketplace
S02781,2023-04-14,ST05,C0009,P061,2,603.93,0.15,1026.68,659.98,366.7,Mobile App
S02782,2024-12-10,ST14,C0073,P006,1,826.37,0.0,826.37,423.08,403.29,Online
S02783,2025-05-04,ST03,C0005,P073,1,238.26,0.1,214.43,173.6,40.83,Online
S02784,2024-09-26,ST08,C0356,P018,2,560.51,0.0,1121.02,688.24,432.78,Retail Store
S02785,2023-05-04,ST04,C0411,P077,4,146.59,0.15,498.41,403.56,94.85,Mobile App
S02786,2024-01-12,ST07,C0317,P048,1,113.1,0.0,113.1,59.05,54.05,Marketplace
S02787,2024-02-15,ST15,C0090,P023,1,589.93,0.1,530.94,419.87,111.07,Online
S02788,2023-06-12,ST13,C0415,P095,2,139.42,0.15,237.01,199.5,37.51,Online
S02789,2024-06-21,ST15,C0451,P047,3,583.71,0.0,1751.13,1247.22,503.91,Online
S02790,2024-10-11,ST04,C0255,P004,2,700.29,0.0,1400.58,786.52,614.06,Marketplace
S02791,2023-07-03,ST15,C0192,P081,2,595.21,0.0,1190.42,676.48,513.94,Mobile App
S02792,2024-02-19,ST01,C0402,P004,2,700.29,0.0,1400.58,786.52,614.06,Retail Store
S02793,2023-08-16,ST12,C0018,P061,2,603.93,0.0,1207.86,659.98,547.88,Marketplace
S02794,2024-09-22,ST07,C0277,P006,1,826.37,0.1,743.73,423.08,320.65,Online
S02795,2025-04-06,ST01,C0052,P021,2,414.87,0.0,829.74,367.82,461.92,Online
S02796,2024-12-26,ST02,C0215,P012,3,703.62,0.0,2110.86,1024.86,1086.0,Marketplace
S02797,2024-10-16,ST14,C0213,P060,1,550.86,0.1,495.77,340.53,155.24,Marketplace
S02798,2023-04-23,ST10,C0439,P018,1,560.51,0.15,476.43,344.12,132.31,Retail Store
S02799,2023-04-15,ST08,C0244,P040,2,151.24,0.0,302.48,133.22,169.26,Online
S02800,2024-02-14,ST09,C0337,P042,1,552.37,0.0,552.37,408.54,143.83,Retail Store
S02801,2023-11-27,ST12,C0253,P062,1,800.1,0.1,720.09,409.77,310.32,Online
S02802,2024-04-22,ST09,C0113,P017,3,780.73,0.0,2342.19,1172.49,1169.7,Online
S02803,2023-12-16,ST02,C0338,P029,1,230.02,0.15,195.52,120.5,75.02,Retail Store
S02804,2024-12-21,ST05,C0207,P092,3,496.59,0.1,1340.79,854.37,486.42,Retail Store
S02805,2024-04-11,ST05,C0116,P032,4,266.96,0.0,1067.84,573.4,494.44,Mobile App
S02806,2025-05-15,ST08,C0364,P043,1,241.25,0.15,205.06,137.71,67.35,Mobile App
S02807,2023-12-11,ST03,C0461,P098,2,610.44,0.0,1220.88,570.76,650.12,Marketplace
S02808,2023-12-13,ST03,C0339,P048,2,113.1,0.1,203.58,118.1,85.48,Retail Store
S02809,2024-11-30,ST13,C0464,P096,2,612.7,0.05,1164.13,829.84,334.29,Retail Store
S02810,2025-04-11,ST01,C0094,P026,2,311.93,0.0,623.86,275.3,348.56,Retail Store
S02811,2024-05-30,ST07,C0083,P031,3,173.34,0.0,520.02,366.9,153.12,Retail Store
S02812,2024-08-23,ST08,C0247,P074,1,440.89,0.0,440.89,194.35,246.54,Online
S02813,2023-05-17,ST14,C0446,P081,1,595.21,0.1,535.69,338.24,197.45,Marketplace
S02814,2025-03-02,ST08,C0110,P058,1,558.35,0.1,502.52,249.8,252.72,Mobile App
S02815,2023-06-12,ST02,C0226,P070,3,819.07,0.15,2088.63,1198.8,889.83,Mobile App
S02816,2024-10-10,ST09,C0394,P084,1,240.69,0.0,240.69,163.63,77.06,Mobile App
S02817,2024-01-18,ST06,C0131,P024,1,908.43,0.05,863.01,427.45,435.56,Marketplace
S02818,2023-10-09,ST11,C0050,P085,2,595.13,0.0,1190.26,615.2,575.06,Mobile App
S02819,2024-12-01,ST06,C0401,P009,1,211.8,0.05,201.21,122.35,78.86,Retail Store
S02820,2024-02-11,ST02,C0065,P070,2,819.07,0.0,1638.14,799.2,838.94,Marketplace
S02821,2024-07-24,ST09,C0062,P015,3,411.34,0.15,1048.92,874.98,173.94,Mobile App
S02822,2023-04-18,ST06,C0448,P017,2,780.73,0.0,1561.46,781.66,779.8,Marketplace
S02823,2023-04-30,ST02,C0284,P056,1,647.27,0.1,582.54,399.37,183.17,Online
S02824,2023-07-04,ST15,C0420,P051,4,502.39,0.1,1808.6,1217.52,591.08,Online
S02825,2024-07-21,ST11,C0431,P019,4,451.75,0.0,1807.0,871.32,935.68,Retail Store
S02826,2023-08-19,ST12,C0376,P026,1,311.93,0.0,311.93,137.65,174.28,Online
S02827,2024-02-22,ST09,C0441,P073,2,238.26,0.1,428.87,347.2,81.67,Retail Store
S02828,2025-02-18,ST09,C0186,P069,1,952.97,0.0,952.97,438.88,514.09,Online
S02829,2024-05-10,ST02,C0082,P048,1,113.1,0.15,96.13,59.05,37.08,Online
S02830,2023-01-06,ST14,C0325,P082,4,824.42,0.1,2967.91,1665.32,1302.59,Online
S02831,2025-03-15,ST03,C0367,P097,1,509.83,0.1,458.85,308.72,150.13,Marketplace
S02832,2023-08-05,ST01,C0143,P026,1,311.93,0.05,296.33,137.65,158.68,Mobile App
S02833,2024-06-20,ST09,C0462,P050,2,251.3,0.05,477.47,259.28,218.19,Marketplace
S02834,2024-03-09,ST03,C0165,P060,2,550.86,0.15,936.46,681.06,255.4,Mobile App
S02835,2024-01-09,ST05,C0039,P001,1,474.05,0.15,402.94,252.9,150.04,Mobile App
S02836,2023-03-14,ST12,C0473,P027,2,598.23,0.1,1076.81,691.98,384.83,Retail Store
S02837,2024-06-30,ST07,C0387,P008,2,682.79,0.0,1365.58,634.94,730.64,Online
S02838,2023-08-11,ST03,C0422,P062,3,800.1,0.0,2400.3,1229.31,1170.99,Marketplace
S02839,2024-05-13,ST07,C0331,P021,2,414.87,0.05,788.25,367.82,420.43,Online
S02840,2024-07-18,ST06,C0428,P032,1,266.96,0.0,266.96,143.35,123.61,Online
S02841,2024-05-22,ST15,C0072,P036,2,539.12,0.05,1024.33,622.36,401.97,Retail Store
S02842,2025-01-21,ST10,C0379,P093,1,466.42,0.15,396.46,269.66,126.8,Online
S02843,2023-02-14,ST03,C0228,P027,2,598.23,0.15,1016.99,691.98,325.01,Mobile App
S02844,2023-05-16,ST01,C0168,P098,1,610.44,0.15,518.87,285.38,233.49,Retail Store
S02845,2024-08-18,ST09,C0160,P067,4,278.89,0.0,1115.56,719.92,395.64,Marketplace
S02846,2023-02-03,ST08,C0339,P030,1,556.36,0.0,556.36,275.09,281.27,Retail Store
S02847,2025-02-16,ST10,C0381,P070,4,819.07,0.05,3112.47,1598.4,1514.07,Online
S02848,2024-08-30,ST13,C0451,P010,4,177.97,0.15,605.1,458.68,146.42,Mobile App
S02849,2025-02-02,ST01,C0487,P035,2,381.12,0.05,724.13,351.16,372.97,Mobile App
S02850,2023-09-29,ST08,C0321,P015,2,411.34,0.05,781.55,583.32,198.23,Online
S02851,2025-04-18,ST14,C0355,P091,1,512.66,0.05,487.03,367.79,119.24,Mobile App
S02852,2023-02-14,ST02,C0268,P029,1,230.02,0.0,230.02,120.5,109.52,Mobile App
S02853,2024-01-15,ST14,C0446,P031,1,173.34,0.15,147.34,122.3,25.04,Marketplace
S02854,2023-06-12,ST07,C0494,P090,1,573.25,0.05,544.59,288.19,256.4,Retail Store
S02855,2024-09-04,ST14,C0054,P082,2,824.42,0.0,1648.84,832.66,816.18,Mobile App
S02856,2024-07-10,ST09,C0328,P033,2,760.26,0.0,1520.52,845.18,675.34,Marketplace
S02857,2024-09-21,ST05,C0429,P086,1,320.59,0.0,320.59,197.58,123.01,Retail Store
S02858,2024-06-26,ST12,C0052,P002,1,441.21,0.05,419.15,287.87,131.28,Online
S02859,2024-12-18,ST04,C0254,P075,5,347.7,0.1,1564.65,871.2,693.45,Marketplace
S02860,2023-06-11,ST02,C0137,P086,1,320.59,0.15,272.5,197.58,74.92,Marketplace
S02861,2024-02-19,ST14,C0311,P072,3,110.76,0.1,299.05,212.82,86.23,Marketplace
S02862,2024-06-11,ST14,C0266,P078,1,331.1,0.15,281.44,171.92,109.52,Marketplace
S02863,2025-04-28,ST02,C0309,P006,3,826.37,0.1,2231.2,1269.24,961.96,Retail Store
S02864,2023-03-26,ST02,C0049,P074,3,440.89,0.0,1322.67,583.05,739.62,Mobile App
S02865,2023-09-30,ST12,C0345,P075,3,347.7,0.1,938.79,522.72,416.07,Marketplace
S02866,2023-12-02,ST12,C0368,P051,1,502.39,0.0,502.39,304.38,198.01,Mobile App
S02867,2023-12-12,ST08,C0404,P083,3,543.94,0.05,1550.23,992.7,557.53,Retail Store
S02868,2023-03-03,ST13,C0417,P052,1,179.16,0.15,152.29,111.81,40.48,Marketplace
S02869,2024-01-25,ST01,C0465,P086,2,320.59,0.0,641.18,395.16,246.02,Online
S02870,2024-05-16,ST06,C0323,P004,2,700.29,0.0,1400.58,786.52,614.06,Mobile App
S02871,2023-09-24,ST01,C0411,P053,2,512.39,0.15,871.06,620.94,250.12,Marketplace
S02872,2023-05-03,ST14,C0184,P033,3,760.26,0.15,1938.66,1267.77,670.89,Mobile App
S02873,2024-09-24,ST04,C0499,P046,1,653.19,0.0,653.19,342.89,310.3,Marketplace
S02874,2023-09-07,ST08,C0167,P007,3,572.81,0.15,1460.67,1004.64,456.03,Mobile App
S02875,2024-04-25,ST03,C0407,P099,1,381.31,0.0,381.31,214.51,166.8,Mobile App
S02876,2024-04-22,ST13,C0206,P095,1,139.42,0.0,139.42,99.75,39.67,Online
S02877,2024-09-25,ST02,C0439,P064,4,189.25,0.0,757.0,374.68,382.32,Mobile App
S02878,2024-07-11,ST12,C0276,P079,1,118.05,0.0,118.05,74.15,43.9,Mobile App
S02879,2023-04-10,ST15,C0052,P040,1,151.24,0.15,128.55,66.61,61.94,Retail Store
S02880,2024-10-26,ST06,C0208,P082,3,824.42,0.1,2225.93,1248.99,976.94,Marketplace
S02881,2024-07-26,ST13,C0096,P082,3,824.42,0.05,2349.6,1248.99,1100.61,Online
S02882,2025-06-18,ST12,C0439,P034,2,530.96,0.05,1008.82,736.38,272.44,Mobile App
S02883,2024-03-16,ST08,C0413,P044,1,670.76,0.0,670.76,448.05,222.71,Online
S02884,2024-09-19,ST01,C0166,P022,3,753.54,0.0,2260.62,1246.08,1014.54,Online
S02885,2025-04-30,ST15,C0159,P075,1,347.7,0.1,312.93,174.24,138.69,Mobile App
S02886,2025-06-17,ST09,C0287,P097,1,509.83,0.0,509.83,308.72,201.11,Marketplace
S02887,2023-09-19,ST02,C0357,P080,1,421.17,0.0,421.17,210.32,210.85,Retail Store
S02888,2024-07-08,ST10,C0365,P012,2,703.62,0.15,1196.15,683.24,512.91,Marketplace
S02889,2023-10-16,ST12,C0075,P034,1,530.96,0.0,530.96,368.19,162.77,Mobile App
S02890,2024-04-23,ST15,C0069,P051,1,502.39,0.05,477.27,304.38,172.89,Retail Store
S02891,2025-06-25,ST15,C0418,P095,2,139.42,0.0,278.84,199.5,79.34,Retail Store
S02892,2023-11-19,ST08,C0116,P042,1,552.37,0.0,552.37,408.54,143.83,Online
S02893,2023-04-29,ST11,C0080,P071,2,573.25,0.0,1146.5,715.02,431.48,Retail Store
S02894,2024-05-27,ST14,C0115,P064,1,189.25,0.15,160.86,93.67,67.19,Online
S02895,2024-04-18,ST04,C0449,P032,1,266.96,0.05,253.61,143.35,110.26,Online
S02896,2024-07-29,ST05,C0007,P019,1,451.75,0.0,451.75,217.83,233.92,Retail Store
S02897,2024-03-24,ST14,C0248,P079,2,118.05,0.05,224.29,148.3,75.99,Marketplace
S02898,2023-06-13,ST10,C0283,P072,1,110.76,0.0,110.76,70.94,39.82,Marketplace
S02899,2024-07-09,ST09,C0435,P024,1,908.43,0.1,817.59,427.45,390.14,Marketplace
S02900,2024-10-07,ST15,C0295,P081,3,595.21,0.05,1696.35,1014.72,681.63,Mobile App
S02901,2025-06-11,ST06,C0408,P091,1,512.66,0.0,512.66,367.79,144.87,Marketplace
S02902,2023-01-02,ST15,C0187,P048,1,113.1,0.0,113.1,59.05,54.05,Mobile App
S02903,2023-01-22,ST02,C0183,P070,3,819.07,0.15,2088.63,1198.8,889.83,Online
S02904,2024-07-23,ST14,C0441,P042,1,552.37,0.15,469.51,408.54,60.97,Online
S02905,2023-04-18,ST03,C0297,P069,1,952.97,0.0,952.97,438.88,514.09,Marketplace
S02906,2025-02-11,ST02,C0161,P069,3,952.97,0.1,2573.02,1316.64,1256.38,Online
S02907,2024-12-29,ST12,C0179,P093,1,466.42,0.15,396.46,269.66,126.8,Online
S02908,2025-06-29,ST10,C0138,P060,1,550.86,0.0,550.86,340.53,210.33,Marketplace
S02909,2024-01-13,ST08,C0225,P080,2,421.17,0.1,758.11,420.64,337.47,Marketplace
S02910,2023-11-01,ST03,C0489,P009,1,211.8,0.0,211.8,122.35,89.45,Marketplace
S02911,2024-05-25,ST01,C0333,P072,2,110.76,0.0,221.52,141.88,79.64,Marketplace
S02912,2024-08-03,ST02,C0076,P091,3,512.66,0.15,1307.28,1103.37,203.91,Mobile App
S02913,2023-01-11,ST12,C0489,P009,1,211.8,0.0,211.8,122.35,89.45,Mobile App
S02914,2023-07-03,ST12,C0015,P094,1,634.83,0.1,571.35,303.82,267.53,Marketplace
S02915,2023-09-14,ST13,C0361,P056,1,647.27,0.0,647.27,399.37,247.9,Marketplace
S02916,2024-12-20,ST08,C0339,P028,1,535.81,0.0,535.81,301.2,234.61,Mobile App
S02917,2023-10-08,ST10,C0120,P043,2,241.25,0.1,434.25,275.42,158.83,Marketplace
S02918,2024-04-06,ST09,C0393,P019,1,451.75,0.15,383.99,217.83,166.16,Mobile App
S02919,2023-10-23,ST10,C0498,P001,2,474.05,0.0,948.1,505.8,442.3,Mobile App
S02920,2023-01-06,ST13,C0062,P076,1,361.84,0.0,361.84,165.74,196.1,Retail Store
S02921,2024-09-16,ST12,C0212,P068,1,675.48,0.0,675.48,308.45,367.03,Online
S02922,2023-11-07,ST13,C0308,P032,1,266.96,0.0,266.96,143.35,123.61,Online
S02923,2024-10-21,ST15,C0333,P004,1,700.29,0.05,665.28,393.26,272.02,Retail Store
S02924,2024-07-15,ST02,C0046,P043,1,241.25,0.05,229.19,137.71,91.48,Marketplace
S02925,2023-01-27,ST12,C0196,P053,3,512.39,0.05,1460.31,931.41,528.9,Online
S02926,2023-06-09,ST02,C0094,P044,1,670.76,0.0,670.76,448.05,222.71,Mobile App
S02927,2023-10-29,ST07,C0363,P023,4,589.93,0.0,2359.72,1679.48,680.24,Marketplace
S02928,2023-11-04,ST05,C0095,P012,1,703.62,0.05,668.44,341.62,326.82,Online
S02929,2024-09-04,ST11,C0180,P030,1,556.36,0.15,472.91,275.09,197.82,Retail Store
S02930,2025-04-14,ST13,C0232,P044,1,670.76,0.0,670.76,448.05,222.71,Mobile App
S02931,2024-12-27,ST10,C0451,P003,1,101.68,0.0,101.68,44.48,57.2,Retail Store
S02932,2024-08-11,ST02,C0192,P088,3,656.76,0.0,1970.28,936.42,1033.86,Retail Store
S02933,2024-03-14,ST01,C0007,P068,3,675.48,0.0,2026.44,925.35,1101.09,Marketplace
S02934,2024-07-25,ST13,C0015,P040,4,151.24,0.1,544.46,266.44,278.02,Mobile App
S02935,2025-03-23,ST03,C0490,P009,1,211.8,0.0,211.8,122.35,89.45,Marketplace
S02936,2024-05-04,ST04,C0275,P024,1,908.43,0.0,908.43,427.45,480.98,Retail Store
S02937,2023-11-02,ST03,C0468,P088,2,656.76,0.1,1182.17,624.28,557.89,Mobile App
S02938,2024-12-15,ST15,C0091,P074,1,440.89,0.05,418.85,194.35,224.5,Online
S02939,2024-01-13,ST14,C0077,P065,1,54.39,0.05,51.67,29.11,22.56,Retail Store
S02940,2024-11-07,ST15,C0020,P080,1,421.17,0.1,379.05,210.32,168.73,Retail Store
S02941,2025-01-30,ST05,C0479,P040,1,151.24,0.0,151.24,66.61,84.63,Mobile App
S02942,2023-09-30,ST10,C0093,P088,1,656.76,0.1,591.08,312.14,278.94,Online
S02943,2024-10-22,ST04,C0255,P013,3,633.58,0.1,1710.67,1219.71,490.96,Online
S02944,2023-10-15,ST06,C0472,P079,1,118.05,0.05,112.15,74.15,38.0,Marketplace
S02945,2024-05-03,ST02,C0484,P058,1,558.35,0.15,474.6,249.8,224.8,Retail Store
S02946,2023-07-09,ST06,C0127,P044,1,670.76,0.0,670.76,448.05,222.71,Online
S02947,2024-09-16,ST13,C0097,P063,4,85.52,0.05,324.98,174.96,150.02,Retail Store
S02948,2024-12-29,ST15,C0031,P046,2,653.19,0.05,1241.06,685.78,555.28,Retail Store
S02949,2025-03-19,ST11,C0047,P067,1,278.89,0.15,237.06,179.98,57.08,Mobile App
S02950,2023-11-19,ST10,C0289,P068,3,675.48,0.15,1722.47,925.35,797.12,Marketplace
S02951,2025-06-02,ST11,C0280,P097,1,509.83,0.0,509.83,308.72,201.11,Mobile App
S02952,2023-09-13,ST08,C0070,P042,1,552.37,0.0,552.37,408.54,143.83,Mobile App
S02953,2023-01-29,ST07,C0219,P081,1,595.21,0.05,565.45,338.24,227.21,Marketplace
S02954,2025-06-15,ST01,C0252,P011,2,309.34,0.05,587.75,386.28,201.47,Retail Store
S02955,2024-07-24,ST08,C0288,P042,3,552.37,0.1,1491.4,1225.62,265.78,Marketplace
S02956,2025-02-06,ST13,C0255,P040,2,151.24,0.0,302.48,133.22,169.26,Retail Store
S02957,2024-06-04,ST01,C0426,P068,1,675.48,0.0,675.48,308.45,367.03,Retail Store
S02958,2023-12-21,ST10,C0457,P040,1,151.24,0.15,128.55,66.61,61.94,Online
S02959,2024-06-26,ST12,C0161,P083,1,543.94,0.0,543.94,330.9,213.04,Retail Store
S02960,2025-02-26,ST05,C0495,P007,2,572.81,0.05,1088.34,669.76,418.58,Online
S02961,2024-11-15,ST09,C0494,P046,3,653.19,0.0,1959.57,1028.67,930.9,Marketplace
S02962,2024-10-04,ST09,C0261,P095,1,139.42,0.0,139.42,99.75,39.67,Mobile App
S02963,2023-10-14,ST01,C0358,P088,1,656.76,0.0,656.76,312.14,344.62,Retail Store
S02964,2023-01-29,ST03,C0487,P059,1,618.97,0.0,618.97,424.05,194.92,Mobile App
S02965,2024-01-13,ST04,C0366,P010,1,177.97,0.05,169.07,114.67,54.4,Online
S02966,2024-03-28,ST10,C0328,P074,3,440.89,0.0,1322.67,583.05,739.62,Retail Store
S02967,2023-08-05,ST15,C0106,P049,1,878.21,0.15,746.48,391.27,355.21,Retail Store
S02968,2024-02-16,ST15,C0003,P038,3,348.21,0.0,1044.63,646.98,397.65,Mobile App
S02969,2025-05-16,ST14,C0200,P023,1,589.93,0.0,589.93,419.87,170.06,Mobile App
S02970,2023-07-16,ST03,C0023,P052,3,179.16,0.0,537.48,335.43,202.05,Online
S02971,2023-10-03,ST05,C0343,P080,1,421.17,0.05,400.11,210.32,189.79,Mobile App
S02972,2023-04-13,ST15,C0482,P027,2,598.23,0.15,1016.99,691.98,325.01,Mobile App
S02973,2024-12-16,ST01,C0354,P053,1,512.39,0.05,486.77,310.47,176.3,Marketplace
S02974,2024-12-09,ST14,C0143,P049,2,878.21,0.0,1756.42,782.54,973.88,Marketplace
S02975,2025-04-12,ST01,C0308,P033,1,760.26,0.15,646.22,422.59,223.63,Marketplace
S02976,2024-02-09,ST13,C0357,P006,3,826.37,0.05,2355.15,1269.24,1085.91,Online
S02977,2023-01-23,ST04,C0354,P085,1,595.13,0.0,595.13,307.6,287.53,Retail Store
S02978,2024-03-15,ST15,C0082,P015,1,411.34,0.05,390.77,291.66,99.11,Retail Store
S02979,2024-03-31,ST06,C0275,P024,4,908.43,0.0,3633.72,1709.8,1923.92,Mobile App
S02980,2023-06-23,ST15,C0367,P088,1,656.76,0.15,558.25,312.14,246.11,Marketplace
S02981,2025-04-21,ST05,C0275,P037,2,559.57,0.0,1119.14,730.5,388.64,Mobile App
S02982,2024-10-29,ST02,C0390,P014,2,523.69,0.05,995.01,483.1,511.91,Online
S02983,2024-04-22,ST14,C0285,P012,1,703.62,0.05,668.44,341.62,326.82,Online
S02984,2024-12-07,ST01,C0266,P017,4,780.73,0.05,2966.77,1563.32,1403.45,Marketplace
S02985,2023-05-11,ST04,C0058,P014,2,523.69,0.0,1047.38,483.1,564.28,Marketplace
S02986,2025-03-05,ST13,C0043,P024,4,908.43,0.15,3088.66,1709.8,1378.86,Retail Store
S02987,2025-01-18,ST10,C0224,P031,1,173.34,0.0,173.34,122.3,51.04,Marketplace
S02988,2025-05-04,ST08,C0074,P095,1,139.42,0.1,125.48,99.75,25.73,Retail Store
S02989,2024-09-08,ST09,C0479,P085,5,595.13,0.0,2975.65,1538.0,1437.65,Online
S02990,2023-05-01,ST01,C0163,P093,1,466.42,0.1,419.78,269.66,150.12,Retail Store
S02991,2024-10-22,ST14,C0175,P020,1,796.23,0.0,796.23,412.87,383.36,Online
S02992,2024-02-23,ST04,C0237,P045,1,240.79,0.15,204.67,117.52,87.15,Retail Store
S02993,2024-10-12,ST03,C0195,P051,2,502.39,0.0,1004.78,608.76,396.02,Retail Store
S02994,2024-04-20,ST11,C0095,P029,2,230.02,0.0,460.04,241.0,219.04,Mobile App
S02995,2023-01-04,ST08,C0370,P085,3,595.13,0.0,1785.39,922.8,862.59,Marketplace
S02996,2025-04-29,ST04,C0432,P009,1,211.8,0.1,190.62,122.35,68.27,Mobile App
S02997,2024-09-17,ST03,C0083,P072,1,110.76,0.1,99.68,70.94,28.74,Mobile App
S02998,2024-06-25,ST11,C0058,P008,3,682.79,0.0,2048.37,952.41,1095.96,Marketplace
S02999,2023-03-21,ST01,C0274,P067,3,278.89,0.1,753.0,539.94,213.06,Online
S03000,2024-03-01,ST06,C0478,P093,3,466.42,0.0,1399.26,808.98,590.28,Retail Store
S03001,2023-02-12,ST02,C0462,P019,2,451.75,0.15,767.98,435.66,332.32,Online
S03002,2024-04-19,ST01,C0196,P001,2,474.05,0.1,853.29,505.8,347.49,Retail Store
S03003,2024-08-23,ST10,C0394,P050,2,251.3,0.0,502.6,259.28,243.32,Online
S03004,2023-10-12,ST01,C0322,P098,1,610.44,0.1,549.4,285.38,264.02,Retail Store
S03005,2024-06-10,ST14,C0333,P003,1,101.68,0.05,96.6,44.48,52.12,Marketplace
S03006,2023-10-12,ST10,C0352,P037,1,559.57,0.05,531.59,365.25,166.34,Marketplace
S03007,2025-03-23,ST11,C0122,P096,2,612.7,0.05,1164.13,829.84,334.29,Mobile App
S03008,2023-10-20,ST08,C0326,P045,3,240.79,0.05,686.25,352.56,333.69,Online
S03009,2023-06-25,ST15,C0275,P059,2,618.97,0.0,1237.94,848.1,389.84,Online
S03010,2023-09-10,ST11,C0147,P019,1,451.75,0.15,383.99,217.83,166.16,Online
S03011,2023-10-18,ST15,C0132,P050,1,251.3,0.0,251.3,129.64,121.66,Mobile App
S03012,2024-02-06,ST07,C0011,P095,1,139.42,0.0,139.42,99.75,39.67,Online
S03013,2023-04-18,ST07,C0236,P006,1,826.37,0.15,702.41,423.08,279.33,Online
S03014,2023-05-17,ST14,C0065,P052,4,179.16,0.15,609.14,447.24,161.9,Mobile App
S03015,2023-09-07,ST07,C0483,P027,1,598.23,0.05,568.32,345.99,222.33,Marketplace
S03016,2023-01-14,ST08,C0376,P059,2,618.97,0.05,1176.04,848.1,327.94,Marketplace
S03017,2024-07-21,ST06,C0187,P060,1,550.86,0.0,550.86,340.53,210.33,Marketplace
S03018,2024-04-13,ST09,C0371,P018,1,560.51,0.0,560.51,344.12,216.39,Online
S03019,2023-07-08,ST04,C0365,P028,1,535.81,0.1,482.23,301.2,181.03,Online
S03020,2023-11-16,ST13,C0338,P094,2,634.83,0.1,1142.69,607.64,535.05,Mobile App
S03021,2023-10-18,ST14,C0281,P060,3,550.86,0.05,1569.95,1021.59,548.36,Mobile App
S03022,2023-05-09,ST04,C0158,P083,1,543.94,0.05,516.74,330.9,185.84,Online
S03023,2024-10-03,ST09,C0056,P061,2,603.93,0.15,1026.68,659.98,366.7,Marketplace
S03024,2023-09-16,ST14,C0464,P039,1,839.98,0.1,755.98,396.66,359.32,Marketplace
S03025,2023-08-12,ST04,C0103,P007,1,572.81,0.0,572.81,334.88,237.93,Online
S03026,2023-03-06,ST15,C0197,P085,4,595.13,0.1,2142.47,1230.4,912.07,Marketplace
S03027,2024-07-12,ST08,C0483,P024,5,908.43,0.0,4542.15,2137.25,2404.9,Online
S03028,2023-11-05,ST11,C0291,P050,1,251.3,0.0,251.3,129.64,121.66,Mobile App
S03029,2024-02-09,ST10,C0349,P096,1,612.7,0.0,612.7,414.92,197.78,Marketplace
S03030,2023-04-29,ST13,C0401,P074,4,440.89,0.0,1763.56,777.4,986.16,Online
S03031,2024-03-04,ST08,C0163,P053,2,512.39,0.0,1024.78,620.94,403.84,Online
S03032,2024-09-07,ST08,C0477,P098,3,610.44,0.0,1831.32,856.14,975.18,Retail Store
S03033,2023-04-07,ST13,C0050,P087,3,643.14,0.0,1929.42,1076.85,852.57,Retail Store
S03034,2023-02-19,ST15,C0005,P003,2,101.68,0.0,203.36,88.96,114.4,Mobile App
S03035,2024-01-24,ST15,C0161,P012,1,703.62,0.0,703.62,341.62,362.0,Online
S03036,2023-06-13,ST04,C0078,P096,1,612.7,0.0,612.7,414.92,197.78,Retail Store
S03037,2024-06-27,ST15,C0320,P047,1,583.71,0.0,583.71,415.74,167.97,Marketplace
S03038,2024-06-24,ST12,C0174,P061,2,603.93,0.0,1207.86,659.98,547.88,Mobile App
S03039,2025-01-31,ST13,C0052,P039,1,839.98,0.1,755.98,396.66,359.32,Online
S03040,2024-09-29,ST07,C0084,P020,3,796.23,0.0,2388.69,1238.61,1150.08,Marketplace
S03041,2024-07-15,ST09,C0288,P021,3,414.87,0.15,1057.92,551.73,506.19,Marketplace
S03042,2023-10-12,ST12,C0144,P090,1,573.25,0.0,573.25,288.19,285.06,Retail Store
S03043,2025-01-14,ST03,C0485,P085,3,595.13,0.05,1696.12,922.8,773.32,Retail Store
S03044,2024-10-11,ST03,C0021,P097,1,509.83,0.05,484.34,308.72,175.62,Marketplace
S03045,2024-09-03,ST03,C0245,P049,2,878.21,0.0,1756.42,782.54,973.88,Mobile App
S03046,2024-05-01,ST10,C0300,P057,1,866.66,0.0,866.66,379.34,487.32,Marketplace
S03047,2025-06-06,ST08,C0497,P003,2,101.68,0.15,172.86,88.96,83.9,Mobile App
S03048,2024-11-19,ST15,C0044,P044,1,670.76,0.0,670.76,448.05,222.71,Retail Store
S03049,2024-02-29,ST10,C0070,P023,1,589.93,0.0,589.93,419.87,170.06,Marketplace
S03050,2023-05-01,ST15,C0057,P020,2,796.23,0.15,1353.59,825.74,527.85,Online
S03051,2025-01-10,ST05,C0165,P082,2,824.42,0.15,1401.51,832.66,568.85,Retail Store
S03052,2025-04-17,ST13,C0309,P046,2,653.19,0.05,1241.06,685.78,555.28,Retail Store
S03053,2024-03-02,ST10,C0457,P080,2,421.17,0.05,800.22,420.64,379.58,Online
S03054,2024-02-20,ST05,C0436,P047,1,583.71,0.0,583.71,415.74,167.97,Mobile App
S03055,2024-09-15,ST15,C0463,P067,2,278.89,0.0,557.78,359.96,197.82,Marketplace
S03056,2024-10-09,ST03,C0464,P041,3,148.6,0.0,445.8,287.04,158.76,Online
S03057,2024-02-28,ST05,C0157,P090,2,573.25,0.05,1089.17,576.38,512.79,Marketplace
S03058,2023-07-31,ST05,C0021,P044,1,670.76,0.15,570.15,448.05,122.1,Marketplace
S03059,2023-07-23,ST06,C0042,P085,1,595.13,0.1,535.62,307.6,228.02,Retail Store
S03060,2025-02-23,ST15,C0447,P017,1,780.73,0.1,702.66,390.83,311.83,Retail Store
S03061,2024-07-16,ST01,C0294,P095,1,139.42,0.0,139.42,99.75,39.67,Marketplace
S03062,2025-04-11,ST08,C0464,P026,1,311.93,0.05,296.33,137.65,158.68,Marketplace
S03063,2023-12-24,ST11,C0356,P005,2,187.0,0.0,374.0,188.26,185.74,Marketplace
S03064,2024-09-29,ST13,C0188,P043,2,241.25,0.1,434.25,275.42,158.83,Marketplace
S03065,2024-08-28,ST06,C0363,P053,2,512.39,0.0,1024.78,620.94,403.84,Mobile App
S03066,2024-12-19,ST09,C0134,P093,1,466.42,0.0,466.42,269.66,196.76,Marketplace
S03067,2025-03-14,ST02,C0137,P037,1,559.57,0.05,531.59,365.25,166.34,Retail Store
S03068,2024-02-17,ST06,C0468,P086,2,320.59,0.1,577.06,395.16,181.9,Retail Store
S03069,2023-01-28,ST03,C0416,P003,1,101.68,0.0,101.68,44.48,57.2,Online
S03070,2024-03-09,ST06,C0091,P010,1,177.97,0.0,177.97,114.67,63.3,Online
S03071,2023-11-17,ST04,C0411,P074,3,440.89,0.0,1322.67,583.05,739.62,Retail Store
S03072,2024-02-25,ST01,C0371,P002,1,441.21,0.15,375.03,287.87,87.16,Mobile App
S03073,2023-06-05,ST03,C0037,P080,1,421.17,0.1,379.05,210.32,168.73,Marketplace
S03074,2024-11-30,ST06,C0448,P081,1,595.21,0.15,505.93,338.24,167.69,Retail Store
S03075,2024-07-04,ST01,C0063,P079,1,118.05,0.15,100.34,74.15,26.19,Online
S03076,2023-04-27,ST12,C0471,P026,1,311.93,0.0,311.93,137.65,174.28,Online
S03077,2023-04-04,ST02,C0368,P012,2,703.62,0.0,1407.24,683.24,724.0,Marketplace
S03078,2025-01-14,ST04,C0120,P088,1,656.76,0.0,656.76,312.14,344.62,Retail Store
S03079,2024-12-26,ST11,C0165,P050,3,251.3,0.1,678.51,388.92,289.59,Online
S03080,2023-10-24,ST04,C0419,P061,1,603.93,0.15,513.34,329.99,183.35,Marketplace
S03081,2024-08-14,ST03,C0362,P078,2,331.1,0.05,629.09,343.84,285.25,Mobile App
S03082,2024-12-22,ST10,C0347,P094,1,634.83,0.0,634.83,303.82,331.01,Marketplace
S03083,2024-04-30,ST01,C0260,P024,2,908.43,0.0,1816.86,854.9,961.96,Online
S03084,2024-01-01,ST03,C0135,P026,3,311.93,0.1,842.21,412.95,429.26,Online
S03085,2024-01-12,ST12,C0064,P090,4,573.25,0.0,2293.0,1152.76,1140.24,Online
S03086,2024-07-19,ST06,C0435,P024,2,908.43,0.0,1816.86,854.9,961.96,Online
S03087,2024-05-14,ST14,C0326,P051,1,502.39,0.1,452.15,304.38,147.77,Mobile App
S03088,2025-06-06,ST09,C0212,P077,1,146.59,0.15,124.6,100.89,23.71,Mobile App
S03089,2023-12-16,ST05,C0219,P028,5,535.81,0.0,2679.05,1506.0,1173.05,Online
S03090,2023-11-07,ST11,C0004,P068,3,675.48,0.15,1722.47,925.35,797.12,Mobile App
S03091,2025-01-11,ST03,C0387,P037,3,559.57,0.0,1678.71,1095.75,582.96,Retail Store
S03092,2024-06-22,ST06,C0253,P009,1,211.8,0.15,180.03,122.35,57.68,Retail Store
S03093,2024-12-15,ST14,C0387,P080,1,421.17,0.05,400.11,210.32,189.79,Retail Store
S03094,2024-02-01,ST15,C0392,P087,1,643.14,0.15,546.67,358.95,187.72,Marketplace
S03095,2024-12-18,ST11,C0382,P002,2,441.21,0.0,882.42,575.74,306.68,Mobile App
S03096,2024-05-11,ST15,C0395,P076,2,361.84,0.0,723.68,331.48,392.2,Retail Store
S03097,2023-08-04,ST12,C0135,P073,1,238.26,0.0,238.26,173.6,64.66,Marketplace
S03098,2024-08-26,ST13,C0381,P046,3,653.19,0.05,1861.59,1028.67,832.92,Mobile App
S03099,2023-03-12,ST13,C0154,P064,1,189.25,0.05,179.79,93.67,86.12,Mobile App
S03100,2025-04-28,ST04,C0382,P070,1,819.07,0.0,819.07,399.6,419.47,Online
S03101,2024-06-07,ST06,C0354,P006,3,826.37,0.05,2355.15,1269.24,1085.91,Marketplace
S03102,2024-03-19,ST15,C0167,P060,3,550.86,0.05,1569.95,1021.59,548.36,Marketplace
S03103,2024-06-23,ST03,C0232,P060,1,550.86,0.0,550.86,340.53,210.33,Marketplace
S03104,2024-02-26,ST01,C0487,P054,3,66.5,0.0,199.5,86.88,112.62,Mobile App
S03105,2024-05-20,ST11,C0446,P049,1,878.21,0.0,878.21,391.27,486.94,Marketplace
S03106,2025-01-18,ST07,C0008,P047,3,583.71,0.15,1488.46,1247.22,241.24,Online
S03107,2023-06-10,ST03,C0304,P020,2,796.23,0.0,1592.46,825.74,766.72,Retail Store
S03108,2025-05-20,ST08,C0201,P003,1,101.68,0.0,101.68,44.48,57.2,Mobile App
S03109,2023-03-05,ST01,C0102,P044,1,670.76,0.05,637.22,448.05,189.17,Marketplace
S03110,2023-04-10,ST14,C0156,P021,1,414.87,0.1,373.38,183.91,189.47,Mobile App
S03111,2025-01-11,ST08,C0098,P030,1,556.36,0.1,500.72,275.09,225.63,Marketplace
S03112,2024-12-03,ST14,C0223,P056,2,647.27,0.0,1294.54,798.74,495.8,Marketplace
S03113,2023-12-12,ST06,C0031,P086,1,320.59,0.0,320.59,197.58,123.01,Retail Store
S03114,2024-03-26,ST08,C0362,P042,2,552.37,0.1,994.27,817.08,177.19,Mobile App
S03115,2024-08-24,ST09,C0121,P019,4,451.75,0.05,1716.65,871.32,845.33,Online
S03116,2023-03-24,ST01,C0252,P054,1,66.5,0.0,66.5,28.96,37.54,Online
S03117,2025-01-14,ST05,C0323,P044,1,670.76,0.15,570.15,448.05,122.1,Marketplace
S03118,2025-03-19,ST10,C0063,P079,1,118.05,0.0,118.05,74.15,43.9,Mobile App
S03119,2025-04-02,ST06,C0372,P044,4,670.76,0.15,2280.58,1792.2,488.38,Online
S03120,2024-08-02,ST08,C0290,P048,3,113.1,0.0,339.3,177.15,162.15,Retail Store
S03121,2023-01-01,ST07,C0190,P058,3,558.35,0.0,1675.05,749.4,925.65,Online
S03122,2023-05-14,ST04,C0353,P042,2,552.37,0.0,1104.74,817.08,287.66,Marketplace
S03123,2023-05-16,ST06,C0285,P036,4,539.12,0.1,1940.83,1244.72,696.11,Mobile App
S03124,2024-04-28,ST15,C0100,P090,3,573.25,0.0,1719.75,864.57,855.18,Mobile App
S03125,2023-12-22,ST15,C0294,P081,2,595.21,0.0,1190.42,676.48,513.94,Online
S03126,2024-06-10,ST10,C0251,P032,1,266.96,0.05,253.61,143.35,110.26,Retail Store
S03127,2023-06-28,ST15,C0262,P041,1,148.6,0.0,148.6,95.68,52.92,Marketplace
S03128,2024-09-12,ST10,C0076,P097,1,509.83,0.0,509.83,308.72,201.11,Retail Store
S03129,2023-10-16,ST08,C0252,P068,1,675.48,0.1,607.93,308.45,299.48,Mobile App
S03130,2024-06-03,ST07,C0231,P009,1,211.8,0.0,211.8,122.35,89.45,Mobile App
S03131,2025-04-11,ST06,C0074,P092,2,496.59,0.0,993.18,569.58,423.6,Marketplace
S03132,2023-10-05,ST11,C0115,P032,2,266.96,0.0,533.92,286.7,247.22,Mobile App
S03133,2025-05-09,ST10,C0423,P046,1,653.19,0.05,620.53,342.89,277.64,Online
S03134,2024-02-01,ST06,C0490,P035,1,381.12,0.05,362.06,175.58,186.48,Mobile App
S03135,2025-06-14,ST09,C0453,P078,2,331.1,0.0,662.2,343.84,318.36,Online
S03136,2023-11-10,ST02,C0310,P077,1,146.59,0.0,146.59,100.89,45.7,Retail Store
S03137,2023-03-23,ST04,C0454,P095,1,139.42,0.1,125.48,99.75,25.73,Mobile App
S03138,2023-01-08,ST07,C0405,P032,2,266.96,0.05,507.22,286.7,220.52,Retail Store
S03139,2025-06-17,ST04,C0134,P039,2,839.98,0.0,1679.96,793.32,886.64,Mobile App
S03140,2024-01-04,ST11,C0015,P004,2,700.29,0.15,1190.49,786.52,403.97,Marketplace
S03141,2023-04-27,ST08,C0189,P011,1,309.34,0.0,309.34,193.14,116.2,Marketplace
S03142,2023-09-26,ST09,C0196,P081,1,595.21,0.0,595.21,338.24,256.97,Marketplace
S03143,2023-12-03,ST02,C0161,P098,5,610.44,0.0,3052.2,1426.9,1625.3,Marketplace
S03144,2024-05-15,ST12,C0102,P036,5,539.12,0.1,2426.04,1555.9,870.14,Marketplace
S03145,2023-02-18,ST10,C0084,P037,1,559.57,0.0,559.57,365.25,194.32,Mobile App
S03146,2024-10-02,ST01,C0064,P003,1,101.68,0.0,101.68,44.48,57.2,Marketplace
S03147,2025-01-17,ST06,C0073,P048,1,113.1,0.15,96.13,59.05,37.08,Marketplace
S03148,2023-11-24,ST11,C0014,P071,1,573.25,0.05,544.59,357.51,187.08,Mobile App
S03149,2025-02-23,ST06,C0092,P051,2,502.39,0.1,904.3,608.76,295.54,Retail Store
S03150,2025-02-27,ST06,C0145,P083,1,543.94,0.1,489.55,330.9,158.65,Retail Store
S03151,2023-08-03,ST12,C0029,P066,1,400.97,0.15,340.82,272.57,68.25,Online
S03152,2024-10-01,ST15,C0033,P064,3,189.25,0.0,567.75,281.01,286.74,Online
S03153,2023-12-26,ST09,C0053,P020,1,796.23,0.0,796.23,412.87,383.36,Online
S03154,2023-10-17,ST06,C0387,P012,1,703.62,0.0,703.62,341.62,362.0,Mobile App
S03155,2023-12-15,ST06,C0212,P011,1,309.34,0.0,309.34,193.14,116.2,Marketplace
S03156,2023-12-14,ST01,C0280,P052,1,179.16,0.1,161.24,111.81,49.43,Marketplace
S03157,2024-05-11,ST07,C0405,P083,2,543.94,0.15,924.7,661.8,262.9,Online
S03158,2024-08-26,ST02,C0422,P071,1,573.25,0.0,573.25,357.51,215.74,Marketplace
S03159,2024-03-08,ST13,C0060,P021,1,414.87,0.0,414.87,183.91,230.96,Online
S03160,2023-06-21,ST11,C0029,P031,3,173.34,0.15,442.02,366.9,75.12,Retail Store
S03161,2023-12-17,ST14,C0330,P007,1,572.81,0.15,486.89,334.88,152.01,Online
S03162,2025-04-22,ST01,C0022,P062,2,800.1,0.0,1600.2,819.54,780.66,Online
S03163,2025-02-04,ST14,C0489,P020,1,796.23,0.0,796.23,412.87,383.36,Mobile App
S03164,2023-05-21,ST13,C0199,P042,1,552.37,0.15,469.51,408.54,60.97,Marketplace
S03165,2025-06-27,ST13,C0262,P003,3,101.68,0.0,305.04,133.44,171.6,Marketplace
S03166,2024-09-02,ST12,C0343,P004,2,700.29,0.15,1190.49,786.52,403.97,Marketplace
S03167,2023-05-03,ST01,C0035,P071,3,573.25,0.0,1719.75,1072.53,647.22,Retail Store
S03168,2023-03-07,ST10,C0118,P027,3,598.23,0.05,1704.96,1037.97,666.99,Retail Store
S03169,2023-01-15,ST02,C0360,P045,5,240.79,0.1,1083.56,587.6,495.96,Mobile App
S03170,2024-10-19,ST14,C0461,P066,2,400.97,0.0,801.94,545.14,256.8,Marketplace
S03171,2024-03-19,ST09,C0078,P028,1,535.81,0.0,535.81,301.2,234.61,Mobile App
S03172,2024-02-02,ST06,C0285,P035,1,381.12,0.1,343.01,175.58,167.43,Marketplace
S03173,2025-06-21,ST04,C0428,P021,1,414.87,0.1,373.38,183.91,189.47,Mobile App
S03174,2023-03-19,ST06,C0101,P043,2,241.25,0.0,482.5,275.42,207.08,Marketplace
S03175,2024-08-08,ST05,C0334,P016,3,442.1,0.05,1259.99,834.75,425.24,Retail Store
S03176,2024-01-14,ST11,C0309,P058,3,558.35,0.15,1423.79,749.4,674.39,Marketplace
S03177,2024-02-20,ST02,C0095,P027,1,598.23,0.0,598.23,345.99,252.24,Marketplace
S03178,2024-12-19,ST15,C0381,P014,1,523.69,0.0,523.69,241.55,282.14,Online
S03179,2024-07-04,ST12,C0292,P098,1,610.44,0.15,518.87,285.38,233.49,Mobile App
S03180,2024-01-23,ST04,C0346,P089,1,178.67,0.1,160.8,97.12,63.68,Mobile App
S03181,2023-06-13,ST01,C0238,P047,2,583.71,0.15,992.31,831.48,160.83,Online
S03182,2024-04-09,ST15,C0456,P073,3,238.26,0.0,714.78,520.8,193.98,Online
S03183,2024-05-17,ST05,C0013,P066,1,400.97,0.0,400.97,272.57,128.4,Online
S03184,2024-02-14,ST06,C0441,P024,1,908.43,0.0,908.43,427.45,480.98,Marketplace
S03185,2023-11-20,ST12,C0199,P093,1,466.42,0.0,466.42,269.66,196.76,Marketplace
S03186,2023-06-19,ST13,C0309,P051,1,502.39,0.0,502.39,304.38,198.01,Marketplace
S03187,2024-07-04,ST10,C0288,P062,2,800.1,0.0,1600.2,819.54,780.66,Online
S03188,2024-06-10,ST02,C0316,P010,1,177.97,0.0,177.97,114.67,63.3,Retail Store
S03189,2025-02-10,ST14,C0026,P080,2,421.17,0.0,842.34,420.64,421.7,Mobile App
S03190,2023-08-04,ST08,C0156,P001,3,474.05,0.05,1351.04,758.7,592.34,Online
S03191,2024-04-02,ST06,C0028,P013,2,633.58,0.0,1267.16,813.14,454.02,Online
S03192,2024-01-10,ST15,C0380,P055,1,374.11,0.0,374.11,253.49,120.62,Retail Store
S03193,2024-05-12,ST11,C0214,P036,2,539.12,0.0,1078.24,622.36,455.88,Mobile App
S03194,2023-12-01,ST15,C0018,P099,3,381.31,0.0,1143.93,643.53,500.4,Mobile App
S03195,2025-06-10,ST08,C0135,P019,1,451.75,0.0,451.75,217.83,233.92,Retail Store
S03196,2024-06-01,ST11,C0382,P082,3,824.42,0.0,2473.26,1248.99,1224.27,Marketplace
S03197,2024-10-04,ST02,C0008,P023,1,589.93,0.0,589.93,419.87,170.06,Online
S03198,2023-04-14,ST15,C0446,P059,4,618.97,0.1,2228.29,1696.2,532.09,Mobile App
S03199,2024-03-14,ST12,C0012,P035,3,381.12,0.1,1029.02,526.74,502.28,Marketplace
S03200,2024-09-21,ST12,C0375,P009,2,211.8,0.0,423.6,244.7,178.9,Online
S03201,2023-05-10,ST11,C0204,P009,1,211.8,0.05,201.21,122.35,78.86,Retail Store
S03202,2024-10-28,ST07,C0255,P005,1,187.0,0.05,177.65,94.13,83.52,Marketplace
S03203,2025-06-15,ST01,C0499,P023,2,589.93,0.1,1061.87,839.74,222.13,Retail Store
S03204,2025-06-15,ST13,C0033,P085,1,595.13,0.0,595.13,307.6,287.53,Mobile App
S03205,2024-12-10,ST04,C0246,P093,3,466.42,0.0,1399.26,808.98,590.28,Retail Store
S03206,2024-02-28,ST14,C0140,P086,4,320.59,0.0,1282.36,790.32,492.04,Online
S03207,2023-03-13,ST13,C0230,P089,3,178.67,0.0,536.01,291.36,244.65,Retail Store
S03208,2025-03-21,ST14,C0428,P073,1,238.26,0.05,226.35,173.6,52.75,Marketplace
S03209,2023-03-22,ST14,C0367,P030,1,556.36,0.15,472.91,275.09,197.82,Retail Store
S03210,2024-03-06,ST02,C0187,P037,1,559.57,0.1,503.61,365.25,138.36,Mobile App
S03211,2024-11-06,ST08,C0421,P059,1,618.97,0.1,557.07,424.05,133.02,Online
S03212,2025-05-24,ST15,C0338,P048,1,113.1,0.0,113.1,59.05,54.05,Online
S03213,2023-03-13,ST11,C0377,P042,3,552.37,0.0,1657.11,1225.62,431.49,Marketplace
S03214,2024-07-31,ST07,C0298,P023,3,589.93,0.0,1769.79,1259.61,510.18,Marketplace
S03215,2024-12-28,ST05,C0393,P045,3,240.79,0.0,722.37,352.56,369.81,Marketplace
S03216,2023-10-12,ST07,C0278,P087,3,643.14,0.0,1929.42,1076.85,852.57,Marketplace
S03217,2023-02-18,ST05,C0309,P012,2,703.62,0.0,1407.24,683.24,724.0,Mobile App
S03218,2023-11-09,ST08,C0331,P046,3,653.19,0.05,1861.59,1028.67,832.92,Online
S03219,2024-12-10,ST09,C0176,P006,1,826.37,0.15,702.41,423.08,279.33,Online
S03220,2024-03-03,ST09,C0175,P077,2,146.59,0.15,249.2,201.78,47.42,Online
S03221,2024-04-12,ST14,C0072,P074,1,440.89,0.0,440.89,194.35,246.54,Marketplace
S03222,2024-03-03,ST07,C0422,P011,4,309.34,0.0,1237.36,772.56,464.8,Retail Store
S03223,2024-10-30,ST10,C0054,P067,3,278.89,0.0,836.67,539.94,296.73,Mobile App
S03224,2024-01-19,ST03,C0341,P071,1,573.25,0.15,487.26,357.51,129.75,Online
S03225,2025-05-25,ST13,C0364,P088,1,656.76,0.0,656.76,312.14,344.62,Marketplace
S03226,2024-12-28,ST12,C0167,P015,1,411.34,0.0,411.34,291.66,119.68,Marketplace
S03227,2023-09-21,ST14,C0337,P067,2,278.89,0.05,529.89,359.96,169.93,Online
S03228,2023-02-02,ST12,C0180,P074,1,440.89,0.05,418.85,194.35,224.5,Retail Store
S03229,2025-04-20,ST11,C0328,P029,2,230.02,0.05,437.04,241.0,196.04,Online
S03230,2024-11-13,ST13,C0459,P089,1,178.67,0.0,178.67,97.12,81.55,Retail Store
S03231,2024-10-24,ST02,C0410,P065,1,54.39,0.05,51.67,29.11,22.56,Online
S03232,2024-05-28,ST05,C0356,P010,1,177.97,0.0,177.97,114.67,63.3,Marketplace
S03233,2023-02-25,ST04,C0423,P039,3,839.98,0.1,2267.95,1189.98,1077.97,Retail Store
S03234,2024-03-07,ST01,C0013,P025,3,788.41,0.0,2365.23,1051.44,1313.79,Mobile App
S03235,2023-06-04,ST03,C0107,P016,1,442.1,0.15,375.79,278.25,97.54,Retail Store
S03236,2023-02-17,ST08,C0130,P009,2,211.8,0.0,423.6,244.7,178.9,Marketplace
S03237,2025-06-21,ST07,C0339,P046,1,653.19,0.0,653.19,342.89,310.3,Mobile App
S03238,2025-01-06,ST06,C0199,P044,1,670.76,0.0,670.76,448.05,222.71,Mobile App
S03239,2024-07-22,ST10,C0318,P055,1,374.11,0.05,355.4,253.49,101.91,Retail Store
S03240,2023-09-19,ST01,C0252,P087,1,643.14,0.05,610.98,358.95,252.03,Mobile App
S03241,2023-03-17,ST05,C0016,P045,1,240.79,0.15,204.67,117.52,87.15,Marketplace
S03242,2024-04-05,ST09,C0386,P050,1,251.3,0.0,251.3,129.64,121.66,Marketplace
S03243,2025-02-14,ST10,C0301,P089,2,178.67,0.0,357.34,194.24,163.1,Marketplace
S03244,2023-09-11,ST01,C0195,P004,1,700.29,0.05,665.28,393.26,272.02,Retail Store
S03245,2023-05-01,ST09,C0130,P061,2,603.93,0.0,1207.86,659.98,547.88,Retail Store
S03246,2023-09-13,ST14,C0371,P032,1,266.96,0.15,226.92,143.35,83.57,Retail Store
S03247,2025-02-20,ST12,C0195,P059,3,618.97,0.0,1856.91,1272.15,584.76,Online
S03248,2023-01-13,ST01,C0241,P078,1,331.1,0.0,331.1,171.92,159.18,Mobile App
S03249,2023-04-12,ST12,C0398,P071,1,573.25,0.05,544.59,357.51,187.08,Online
S03250,2023-06-09,ST02,C0211,P079,1,118.05,0.0,118.05,74.15,43.9,Online
S03251,2024-06-23,ST11,C0442,P076,2,361.84,0.0,723.68,331.48,392.2,Marketplace
S03252,2023-05-18,ST03,C0258,P009,1,211.8,0.05,201.21,122.35,78.86,Mobile App
S03253,2024-02-11,ST07,C0290,P090,1,573.25,0.1,515.93,288.19,227.74,Retail Store
S03254,2025-01-05,ST02,C0300,P033,2,760.26,0.15,1292.44,845.18,447.26,Marketplace
S03255,2023-08-27,ST08,C0462,P023,1,589.93,0.0,589.93,419.87,170.06,Online
S03256,2024-09-30,ST10,C0149,P006,1,826.37,0.0,826.37,423.08,403.29,Marketplace
S03257,2024-03-17,ST03,C0352,P015,2,411.34,0.0,822.68,583.32,239.36,Online
S03258,2024-12-29,ST04,C0249,P062,1,800.1,0.0,800.1,409.77,390.33,Marketplace
S03259,2025-02-24,ST13,C0382,P100,3,691.45,0.15,1763.2,1145.82,617.38,Online
S03260,2023-11-09,ST01,C0193,P099,4,381.31,0.0,1525.24,858.04,667.2,Online
S03261,2023-03-18,ST14,C0175,P029,1,230.02,0.15,195.52,120.5,75.02,Marketplace
S03262,2023-05-13,ST08,C0366,P030,3,556.36,0.15,1418.72,825.27,593.45,Retail Store
S03263,2025-04-30,ST03,C0085,P013,2,633.58,0.0,1267.16,813.14,454.02,Retail Store
S03264,2023-05-21,ST06,C0255,P057,4,866.66,0.15,2946.64,1517.36,1429.28,Marketplace
S03265,2024-03-27,ST09,C0363,P003,3,101.68,0.15,259.28,133.44,125.84,Mobile App
S03266,2025-06-24,ST02,C0279,P082,1,824.42,0.05,783.2,416.33,366.87,Marketplace
S03267,2024-12-02,ST07,C0143,P005,3,187.0,0.1,504.9,282.39,222.51,Marketplace
S03268,2023-08-05,ST02,C0034,P009,1,211.8,0.0,211.8,122.35,89.45,Mobile App
S03269,2024-02-06,ST09,C0206,P061,1,603.93,0.0,603.93,329.99,273.94,Online
S03270,2024-08-03,ST03,C0013,P016,2,442.1,0.0,884.2,556.5,327.7,Online
S03271,2023-07-12,ST08,C0101,P086,2,320.59,0.15,545.0,395.16,149.84,Mobile App
S03272,2024-10-31,ST08,C0135,P072,1,110.76,0.0,110.76,70.94,39.82,Online
S03273,2023-11-11,ST02,C0212,P075,1,347.7,0.1,312.93,174.24,138.69,Retail Store
S03274,2024-08-08,ST03,C0104,P030,2,556.36,0.0,1112.72,550.18,562.54,Online
S03275,2024-11-19,ST07,C0360,P096,1,612.7,0.0,612.7,414.92,197.78,Mobile App
S03276,2023-04-16,ST13,C0262,P008,2,682.79,0.0,1365.58,634.94,730.64,Retail Store
S03277,2023-06-02,ST05,C0341,P068,1,675.48,0.1,607.93,308.45,299.48,Retail Store
S03278,2023-12-30,ST13,C0451,P039,1,839.98,0.0,839.98,396.66,443.32,Mobile App
S03279,2023-10-02,ST08,C0441,P032,1,266.96,0.0,266.96,143.35,123.61,Online
S03280,2024-11-10,ST08,C0244,P085,1,595.13,0.05,565.37,307.6,257.77,Online
S03281,2024-11-16,ST07,C0089,P013,1,633.58,0.1,570.22,406.57,163.65,Retail Store
S03282,2024-04-30,ST03,C0342,P019,3,451.75,0.1,1219.73,653.49,566.24,Online
S03283,2023-12-12,ST08,C0035,P098,1,610.44,0.1,549.4,285.38,264.02,Retail Store
S03284,2024-10-04,ST04,C0085,P073,1,238.26,0.15,202.52,173.6,28.92,Marketplace
S03285,2024-03-08,ST04,C0186,P081,3,595.21,0.0,1785.63,1014.72,770.91,Marketplace
S03286,2023-05-13,ST07,C0386,P008,2,682.79,0.0,1365.58,634.94,730.64,Mobile App
S03287,2025-03-03,ST01,C0203,P100,1,691.45,0.0,691.45,381.94,309.51,Mobile App
S03288,2023-01-11,ST10,C0231,P051,1,502.39,0.0,502.39,304.38,198.01,Online
S03289,2025-04-24,ST13,C0315,P062,3,800.1,0.1,2160.27,1229.31,930.96,Marketplace
S03290,2024-02-13,ST13,C0447,P083,2,543.94,0.15,924.7,661.8,262.9,Online
S03291,2024-09-10,ST09,C0307,P031,1,173.34,0.0,173.34,122.3,51.04,Marketplace
S03292,2025-05-26,ST07,C0039,P099,2,381.31,0.1,686.36,429.02,257.34,Retail Store
S03293,2024-09-14,ST09,C0034,P054,2,66.5,0.0,133.0,57.92,75.08,Online
S03294,2023-02-07,ST01,C0329,P099,1,381.31,0.0,381.31,214.51,166.8,Mobile App
S03295,2025-04-16,ST08,C0144,P051,2,502.39,0.15,854.06,608.76,245.3,Mobile App
S03296,2024-08-03,ST09,C0429,P039,1,839.98,0.1,755.98,396.66,359.32,Mobile App
S03297,2025-05-21,ST08,C0438,P040,2,151.24,0.1,272.23,133.22,139.01,Marketplace
S03298,2024-01-29,ST14,C0388,P050,1,251.3,0.15,213.61,129.64,83.97,Online
S03299,2025-04-16,ST02,C0173,P061,1,603.93,0.15,513.34,329.99,183.35,Marketplace
S03300,2025-02-20,ST09,C0273,P044,2,670.76,0.1,1207.37,896.1,311.27,Retail Store
S03301,2023-11-02,ST05,C0323,P033,4,760.26,0.0,3041.04,1690.36,1350.68,Mobile App
S03302,2023-09-01,ST04,C0263,P077,1,146.59,0.0,146.59,100.89,45.7,Mobile App
S03303,2023-03-31,ST04,C0290,P031,1,173.34,0.0,173.34,122.3,51.04,Mobile App
S03304,2024-08-19,ST06,C0423,P025,1,788.41,0.1,709.57,350.48,359.09,Marketplace
S03305,2023-12-23,ST10,C0136,P036,3,539.12,0.05,1536.49,933.54,602.95,Online
S03306,2024-12-05,ST15,C0314,P099,2,381.31,0.0,762.62,429.02,333.6,Mobile App
S03307,2024-11-13,ST11,C0352,P025,1,788.41,0.0,788.41,350.48,437.93,Mobile App
S03308,2024-10-30,ST08,C0409,P027,1,598.23,0.1,538.41,345.99,192.42,Online
S03309,2024-06-20,ST12,C0371,P016,1,442.1,0.0,442.1,278.25,163.85,Online
S03310,2023-06-27,ST13,C0307,P027,2,598.23,0.15,1016.99,691.98,325.01,Mobile App
S03311,2023-11-04,ST11,C0455,P024,1,908.43,0.05,863.01,427.45,435.56,Mobile App
S03312,2024-09-20,ST08,C0201,P032,1,266.96,0.15,226.92,143.35,83.57,Mobile App
S03313,2023-06-13,ST09,C0236,P073,2,238.26,0.0,476.52,347.2,129.32,Online
S03314,2024-05-13,ST02,C0311,P033,1,760.26,0.0,760.26,422.59,337.67,Retail Store
S03315,2024-09-04,ST09,C0417,P049,3,878.21,0.05,2502.9,1173.81,1329.09,Retail Store
S03316,2025-01-27,ST13,C0097,P009,2,211.8,0.0,423.6,244.7,178.9,Marketplace
S03317,2023-01-11,ST09,C0479,P059,1,618.97,0.1,557.07,424.05,133.02,Mobile App
S03318,2023-03-31,ST07,C0291,P066,4,400.97,0.0,1603.88,1090.28,513.6,Mobile App
S03319,2023-04-05,ST11,C0219,P007,2,572.81,0.05,1088.34,669.76,418.58,Retail Store
S03320,2024-02-11,ST07,C0224,P061,2,603.93,0.0,1207.86,659.98,547.88,Retail Store
S03321,2023-07-19,ST02,C0093,P018,1,560.51,0.0,560.51,344.12,216.39,Retail Store
S03322,2023-09-16,ST02,C0434,P006,2,826.37,0.0,1652.74,846.16,806.58,Retail Store
S03323,2023-06-25,ST05,C0275,P071,3,573.25,0.0,1719.75,1072.53,647.22,Retail Store
S03324,2023-01-22,ST07,C0352,P096,2,612.7,0.0,1225.4,829.84,395.56,Retail Store
S03325,2023-03-25,ST01,C0291,P085,3,595.13,0.0,1785.39,922.8,862.59,Retail Store
S03326,2025-05-04,ST12,C0320,P044,1,670.76,0.0,670.76,448.05,222.71,Mobile App
S03327,2024-08-21,ST04,C0124,P056,1,647.27,0.0,647.27,399.37,247.9,Mobile App
S03328,2025-01-31,ST14,C0182,P071,1,573.25,0.0,573.25,357.51,215.74,Online
S03329,2025-05-15,ST10,C0284,P003,1,101.68,0.0,101.68,44.48,57.2,Online
S03330,2024-08-04,ST14,C0413,P022,1,753.54,0.05,715.86,415.36,300.5,Online
S03331,2024-10-07,ST01,C0316,P070,1,819.07,0.0,819.07,399.6,419.47,Retail Store
S03332,2023-04-20,ST10,C0380,P074,2,440.89,0.0,881.78,388.7,493.08,Marketplace
S03333,2025-02-19,ST04,C0049,P016,2,442.1,0.05,839.99,556.5,283.49,Online
S03334,2023-04-29,ST10,C0236,P031,1,173.34,0.0,173.34,122.3,51.04,Online
S03335,2024-08-20,ST02,C0144,P029,3,230.02,0.0,690.06,361.5,328.56,Online
S03336,2025-03-30,ST07,C0158,P086,1,320.59,0.1,288.53,197.58,90.95,Marketplace
S03337,2024-05-30,ST04,C0110,P058,1,558.35,0.0,558.35,249.8,308.55,Retail Store
S03338,2025-05-31,ST08,C0365,P053,2,512.39,0.05,973.54,620.94,352.6,Online
S03339,2025-03-27,ST07,C0455,P095,5,139.42,0.1,627.39,498.75,128.64,Marketplace
S03340,2024-09-25,ST13,C0278,P003,3,101.68,0.0,305.04,133.44,171.6,Online
S03341,2023-08-19,ST07,C0252,P087,4,643.14,0.1,2315.3,1435.8,879.5,Mobile App
S03342,2024-03-01,ST08,C0011,P042,1,552.37,0.1,497.13,408.54,88.59,Marketplace
S03343,2025-05-02,ST04,C0311,P057,3,866.66,0.0,2599.98,1138.02,1461.96,Online
S03344,2024-08-04,ST10,C0040,P091,2,512.66,0.15,871.52,735.58,135.94,Marketplace
S03345,2025-04-20,ST07,C0404,P022,2,753.54,0.0,1507.08,830.72,676.36,Online
S03346,2023-09-09,ST07,C0181,P041,2,148.6,0.0,297.2,191.36,105.84,Online
S03347,2024-01-24,ST15,C0149,P092,1,496.59,0.0,496.59,284.79,211.8,Marketplace
S03348,2025-04-02,ST08,C0450,P077,2,146.59,0.0,293.18,201.78,91.4,Online
S03349,2024-12-02,ST02,C0358,P083,1,543.94,0.05,516.74,330.9,185.84,Retail Store
S03350,2023-10-22,ST06,C0293,P050,3,251.3,0.0,753.9,388.92,364.98,Marketplace
S03351,2023-05-28,ST07,C0252,P003,2,101.68,0.15,172.86,88.96,83.9,Marketplace
S03352,2023-03-09,ST07,C0046,P055,1,374.11,0.0,374.11,253.49,120.62,Mobile App
S03353,2024-12-08,ST06,C0138,P030,4,556.36,0.0,2225.44,1100.36,1125.08,Marketplace
S03354,2023-12-15,ST04,C0087,P021,2,414.87,0.1,746.77,367.82,378.95,Online
S03355,2023-10-31,ST06,C0196,P005,2,187.0,0.0,374.0,188.26,185.74,Online
S03356,2023-02-24,ST15,C0363,P012,2,703.62,0.0,1407.24,683.24,724.0,Retail Store
S03357,2025-05-20,ST09,C0357,P079,4,118.05,0.0,472.2,296.6,175.6,Mobile App
S03358,2023-08-30,ST15,C0269,P011,2,309.34,0.0,618.68,386.28,232.4,Marketplace
S03359,2024-02-06,ST03,C0151,P020,3,796.23,0.05,2269.26,1238.61,1030.65,Mobile App
S03360,2024-03-23,ST07,C0118,P024,1,908.43,0.0,908.43,427.45,480.98,Online
S03361,2025-04-25,ST04,C0035,P067,1,278.89,0.0,278.89,179.98,98.91,Retail Store
S03362,2024-07-09,ST13,C0336,P074,1,440.89,0.15,374.76,194.35,180.41,Online
S03363,2023-06-12,ST08,C0281,P037,1,559.57,0.05,531.59,365.25,166.34,Online
S03364,2024-03-24,ST13,C0009,P031,2,173.34,0.0,346.68,244.6,102.08,Retail Store
S03365,2023-05-12,ST02,C0396,P009,2,211.8,0.0,423.6,244.7,178.9,Online
S03366,2024-12-01,ST13,C0064,P069,3,952.97,0.05,2715.96,1316.64,1399.32,Mobile App
S03367,2023-07-18,ST03,C0092,P093,1,466.42,0.1,419.78,269.66,150.12,Online
S03368,2024-08-09,ST01,C0403,P032,4,266.96,0.0,1067.84,573.4,494.44,Online
S03369,2025-04-11,ST09,C0140,P099,1,381.31,0.0,381.31,214.51,166.8,Retail Store
S03370,2024-10-13,ST03,C0070,P051,1,502.39,0.0,502.39,304.38,198.01,Marketplace
S03371,2023-04-05,ST03,C0434,P020,1,796.23,0.0,796.23,412.87,383.36,Mobile App
S03372,2023-03-08,ST05,C0401,P074,1,440.89,0.05,418.85,194.35,224.5,Online
S03373,2024-06-04,ST12,C0090,P059,1,618.97,0.0,618.97,424.05,194.92,Online
S03374,2023-08-17,ST10,C0328,P021,4,414.87,0.0,1659.48,735.64,923.84,Retail Store
S03375,2024-02-11,ST01,C0070,P049,2,878.21,0.0,1756.42,782.54,973.88,Marketplace
S03376,2025-03-27,ST08,C0410,P068,2,675.48,0.15,1148.32,616.9,531.42,Marketplace
S03377,2023-05-16,ST12,C0278,P071,1,573.25,0.05,544.59,357.51,187.08,Marketplace
S03378,2024-08-06,ST09,C0483,P083,1,543.94,0.0,543.94,330.9,213.04,Marketplace
S03379,2025-04-29,ST09,C0129,P097,1,509.83,0.05,484.34,308.72,175.62,Online
S03380,2024-08-28,ST08,C0440,P065,1,54.39,0.0,54.39,29.11,25.28,Retail Store
S03381,2023-08-31,ST10,C0038,P027,1,598.23,0.0,598.23,345.99,252.24,Mobile App
S03382,2024-09-29,ST15,C0310,P015,1,411.34,0.05,390.77,291.66,99.11,Marketplace
S03383,2025-04-04,ST06,C0154,P049,1,878.21,0.0,878.21,391.27,486.94,Mobile App
S03384,2024-06-07,ST13,C0102,P063,2,85.52,0.0,171.04,87.48,83.56,Online
S03385,2024-04-14,ST11,C0397,P056,2,647.27,0.0,1294.54,798.74,495.8,Marketplace
S03386,2025-05-06,ST13,C0405,P076,1,361.84,0.15,307.56,165.74,141.82,Online
S03387,2024-03-23,ST05,C0407,P084,2,240.69,0.05,457.31,327.26,130.05,Online
S03388,2024-02-02,ST15,C0009,P019,3,451.75,0.0,1355.25,653.49,701.76,Marketplace
S03389,2025-02-07,ST07,C0250,P033,1,760.26,0.05,722.25,422.59,299.66,Marketplace
S03390,2024-12-12,ST04,C0452,P048,2,113.1,0.05,214.89,118.1,96.79,Online
S03391,2024-12-16,ST01,C0492,P054,1,66.5,0.0,66.5,28.96,37.54,Online
S03392,2024-05-07,ST02,C0473,P082,2,824.42,0.0,1648.84,832.66,816.18,Mobile App
S03393,2023-01-04,ST08,C0180,P007,1,572.81,0.05,544.17,334.88,209.29,Marketplace
S03394,2025-05-19,ST05,C0307,P010,3,177.97,0.0,533.91,344.01,189.9,Marketplace
S03395,2025-01-15,ST14,C0479,P006,2,826.37,0.05,1570.1,846.16,723.94,Retail Store
S03396,2024-03-15,ST04,C0170,P046,1,653.19,0.0,653.19,342.89,310.3,Online
S03397,2024-05-31,ST03,C0052,P002,3,441.21,0.15,1125.09,863.61,261.48,Mobile App
S03398,2025-05-01,ST09,C0013,P008,2,682.79,0.0,1365.58,634.94,730.64,Mobile App
S03399,2023-11-23,ST07,C0230,P004,2,700.29,0.0,1400.58,786.52,614.06,Marketplace
S03400,2024-09-13,ST06,C0319,P045,1,240.79,0.0,240.79,117.52,123.27,Mobile App
S03401,2023-12-31,ST09,C0411,P007,1,572.81,0.1,515.53,334.88,180.65,Retail Store
S03402,2024-07-30,ST08,C0389,P057,1,866.66,0.05,823.33,379.34,443.99,Retail Store
S03403,2025-05-23,ST09,C0400,P086,3,320.59,0.15,817.5,592.74,224.76,Retail Store
S03404,2023-03-24,ST14,C0478,P020,3,796.23,0.05,2269.26,1238.61,1030.65,Mobile App
S03405,2024-05-02,ST08,C0366,P085,1,595.13,0.15,505.86,307.6,198.26,Mobile App
S03406,2025-05-25,ST13,C0073,P019,1,451.75,0.0,451.75,217.83,233.92,Retail Store
S03407,2023-03-15,ST05,C0197,P079,2,118.05,0.05,224.29,148.3,75.99,Online
S03408,2024-02-23,ST05,C0023,P006,1,826.37,0.0,826.37,423.08,403.29,Online
S03409,2024-11-29,ST10,C0215,P025,2,788.41,0.0,1576.82,700.96,875.86,Marketplace
S03410,2024-08-13,ST09,C0219,P020,2,796.23,0.1,1433.21,825.74,607.47,Mobile App
S03411,2023-06-10,ST02,C0001,P027,2,598.23,0.0,1196.46,691.98,504.48,Retail Store
S03412,2023-02-05,ST08,C0373,P034,2,530.96,0.0,1061.92,736.38,325.54,Online
S03413,2023-12-16,ST03,C0469,P060,3,550.86,0.15,1404.69,1021.59,383.1,Marketplace
S03414,2023-06-24,ST11,C0041,P015,2,411.34,0.05,781.55,583.32,198.23,Mobile App
S03415,2024-09-25,ST06,C0373,P079,1,118.05,0.05,112.15,74.15,38.0,Mobile App
S03416,2025-03-27,ST09,C0286,P074,1,440.89,0.15,374.76,194.35,180.41,Mobile App
S03417,2024-07-28,ST06,C0341,P081,4,595.21,0.1,2142.76,1352.96,789.8,Online
S03418,2023-11-24,ST14,C0350,P086,1,320.59,0.15,272.5,197.58,74.92,Mobile App
S03419,2023-03-19,ST15,C0399,P077,6,146.59,0.0,879.54,605.34,274.2,Online
S03420,2024-07-30,ST08,C0223,P003,3,101.68,0.0,305.04,133.44,171.6,Mobile App
S03421,2024-10-31,ST08,C0154,P066,3,400.97,0.15,1022.47,817.71,204.76,Marketplace
S03422,2023-05-08,ST10,C0488,P007,2,572.81,0.0,1145.62,669.76,475.86,Mobile App
S03423,2023-06-25,ST03,C0422,P014,3,523.69,0.1,1413.96,724.65,689.31,Online
S03424,2024-10-17,ST04,C0451,P029,2,230.02,0.05,437.04,241.0,196.04,Online
S03425,2024-06-24,ST09,C0358,P013,2,633.58,0.1,1140.44,813.14,327.3,Mobile App
S03426,2024-03-21,ST07,C0381,P053,2,512.39,0.05,973.54,620.94,352.6,Mobile App
S03427,2023-02-27,ST04,C0042,P039,1,839.98,0.0,839.98,396.66,443.32,Marketplace
S03428,2024-05-07,ST13,C0034,P085,2,595.13,0.0,1190.26,615.2,575.06,Retail Store
S03429,2023-10-08,ST14,C0208,P056,1,647.27,0.05,614.91,399.37,215.54,Online
S03430,2024-05-01,ST01,C0243,P054,1,66.5,0.0,66.5,28.96,37.54,Mobile App
S03431,2025-01-30,ST04,C0158,P016,1,442.1,0.05,420.0,278.25,141.75,Marketplace
S03432,2024-02-14,ST04,C0302,P051,3,502.39,0.05,1431.81,913.14,518.67,Marketplace
S03433,2025-06-26,ST04,C0147,P031,3,173.34,0.1,468.02,366.9,101.12,Online
S03434,2023-02-03,ST10,C0082,P044,3,670.76,0.0,2012.28,1344.15,668.13,Marketplace
S03435,2023-02-21,ST02,C0052,P011,1,309.34,0.0,309.34,193.14,116.2,Retail Store
S03436,2024-12-18,ST07,C0277,P020,2,796.23,0.05,1512.84,825.74,687.1,Retail Store
S03437,2023-02-09,ST03,C0332,P090,1,573.25,0.0,573.25,288.19,285.06,Retail Store
S03438,2023-04-18,ST01,C0091,P061,1,603.93,0.0,603.93,329.99,273.94,Mobile App
S03439,2025-01-05,ST11,C0348,P047,2,583.71,0.15,992.31,831.48,160.83,Mobile App
S03440,2024-08-30,ST02,C0293,P086,1,320.59,0.0,320.59,197.58,123.01,Online
S03441,2024-02-22,ST02,C0170,P040,1,151.24,0.0,151.24,66.61,84.63,Retail Store
S03442,2024-09-09,ST01,C0315,P006,1,826.37,0.0,826.37,423.08,403.29,Online
S03443,2025-03-07,ST08,C0422,P051,4,502.39,0.0,2009.56,1217.52,792.04,Mobile App
S03444,2023-05-16,ST10,C0150,P076,3,361.84,0.1,976.97,497.22,479.75,Retail Store
S03445,2024-06-11,ST03,C0146,P079,3,118.05,0.0,354.15,222.45,131.7,Marketplace
S03446,2025-04-22,ST05,C0437,P078,5,331.1,0.0,1655.5,859.6,795.9,Retail Store
S03447,2023-02-03,ST04,C0311,P064,3,189.25,0.15,482.59,281.01,201.58,Mobile App
S03448,2023-05-09,ST14,C0202,P005,3,187.0,0.0,561.0,282.39,278.61,Online
S03449,2024-08-18,ST13,C0243,P089,2,178.67,0.05,339.47,194.24,145.23,Mobile App
S03450,2024-03-05,ST05,C0157,P066,1,400.97,0.15,340.82,272.57,68.25,Marketplace
S03451,2025-04-16,ST15,C0414,P054,1,66.5,0.0,66.5,28.96,37.54,Mobile App
S03452,2023-02-11,ST04,C0168,P086,2,320.59,0.0,641.18,395.16,246.02,Marketplace
S03453,2024-09-30,ST03,C0361,P020,1,796.23,0.0,796.23,412.87,383.36,Retail Store
S03454,2023-04-29,ST15,C0301,P008,2,682.79,0.0,1365.58,634.94,730.64,Online
S03455,2023-06-06,ST03,C0230,P014,4,523.69,0.0,2094.76,966.2,1128.56,Retail Store
S03456,2023-02-15,ST06,C0395,P037,2,559.57,0.15,951.27,730.5,220.77,Mobile App
S03457,2023-10-07,ST12,C0123,P075,3,347.7,0.05,990.94,522.72,468.22,Marketplace
S03458,2024-12-24,ST15,C0063,P053,1,512.39,0.15,435.53,310.47,125.06,Mobile App
S03459,2024-02-20,ST15,C0108,P091,1,512.66,0.05,487.03,367.79,119.24,Retail Store
S03460,2023-06-05,ST07,C0081,P047,2,583.71,0.0,1167.42,831.48,335.94,Mobile App
S03461,2024-06-22,ST01,C0026,P009,3,211.8,0.0,635.4,367.05,268.35,Marketplace
S03462,2025-01-15,ST08,C0417,P024,3,908.43,0.05,2589.03,1282.35,1306.68,Marketplace
S03463,2023-04-07,ST06,C0442,P091,1,512.66,0.05,487.03,367.79,119.24,Online
S03464,2024-03-28,ST12,C0382,P042,1,552.37,0.05,524.75,408.54,116.21,Mobile App
S03465,2024-12-29,ST14,C0291,P097,2,509.83,0.15,866.71,617.44,249.27,Online
S03466,2023-07-20,ST13,C0446,P001,1,474.05,0.0,474.05,252.9,221.15,Mobile App
S03467,2025-01-02,ST08,C0048,P054,1,66.5,0.0,66.5,28.96,37.54,Online
S03468,2024-01-24,ST03,C0453,P006,2,826.37,0.0,1652.74,846.16,806.58,Marketplace
S03469,2025-01-09,ST04,C0465,P036,2,539.12,0.15,916.5,622.36,294.14,Online
S03470,2025-06-13,ST13,C0020,P054,1,66.5,0.0,66.5,28.96,37.54,Mobile App
S03471,2024-09-10,ST13,C0176,P092,1,496.59,0.1,446.93,284.79,162.14,Mobile App
S03472,2023-10-23,ST02,C0002,P044,1,670.76,0.05,637.22,448.05,189.17,Online
S03473,2025-06-08,ST06,C0076,P028,2,535.81,0.15,910.88,602.4,308.48,Mobile App
S03474,2024-06-08,ST15,C0201,P068,2,675.48,0.1,1215.86,616.9,598.96,Online
S03475,2023-05-06,ST12,C0395,P056,1,647.27,0.0,647.27,399.37,247.9,Marketplace
S03476,2025-01-31,ST09,C0303,P093,1,466.42,0.0,466.42,269.66,196.76,Marketplace
S03477,2024-12-23,ST06,C0146,P006,3,826.37,0.0,2479.11,1269.24,1209.87,Marketplace
S03478,2024-11-27,ST13,C0322,P076,4,361.84,0.0,1447.36,662.96,784.4,Marketplace
S03479,2024-06-24,ST08,C0476,P054,1,66.5,0.1,59.85,28.96,30.89,Online
S03480,2023-11-02,ST10,C0428,P041,2,148.6,0.0,297.2,191.36,105.84,Marketplace
S03481,2023-04-20,ST15,C0154,P034,5,530.96,0.15,2256.58,1840.95,415.63,Retail Store
S03482,2023-05-09,ST15,C0343,P030,1,556.36,0.1,500.72,275.09,225.63,Mobile App
S03483,2024-01-14,ST01,C0136,P051,3,502.39,0.1,1356.45,913.14,443.31,Online
S03484,2024-09-26,ST14,C0114,P006,2,826.37,0.05,1570.1,846.16,723.94,Online
S03485,2024-05-19,ST07,C0002,P051,1,502.39,0.0,502.39,304.38,198.01,Retail Store
S03486,2024-02-04,ST14,C0275,P036,2,539.12,0.1,970.42,622.36,348.06,Marketplace
S03487,2025-04-23,ST14,C0257,P003,1,101.68,0.15,86.43,44.48,41.95,Mobile App
S03488,2023-02-07,ST11,C0308,P099,3,381.31,0.0,1143.93,643.53,500.4,Marketplace
S03489,2023-04-02,ST09,C0110,P075,2,347.7,0.15,591.09,348.48,242.61,Mobile App
S03490,2025-02-10,ST14,C0060,P100,1,691.45,0.0,691.45,381.94,309.51,Marketplace
S03491,2024-07-11,ST06,C0372,P072,2,110.76,0.0,221.52,141.88,79.64,Online
S03492,2024-12-09,ST07,C0351,P002,3,441.21,0.0,1323.63,863.61,460.02,Mobile App
S03493,2023-01-15,ST08,C0126,P083,2,543.94,0.0,1087.88,661.8,426.08,Retail Store
S03494,2024-03-19,ST12,C0477,P017,1,780.73,0.15,663.62,390.83,272.79,Mobile App
S03495,2023-01-06,ST05,C0337,P022,2,753.54,0.15,1281.02,830.72,450.3,Mobile App
S03496,2023-06-13,ST15,C0083,P054,4,66.5,0.05,252.7,115.84,136.86,Online
S03497,2023-03-23,ST06,C0084,P094,5,634.83,0.0,3174.15,1519.1,1655.05,Mobile App
S03498,2024-08-16,ST12,C0278,P040,2,151.24,0.1,272.23,133.22,139.01,Retail Store
S03499,2025-03-18,ST14,C0080,P010,1,177.97,0.0,177.97,114.67,63.3,Retail Store
S03500,2024-01-15,ST13,C0034,P031,2,173.34,0.0,346.68,244.6,102.08,Online
S03501,2025-01-05,ST08,C0392,P015,4,411.34,0.0,1645.36,1166.64,478.72,Retail Store
S03502,2024-12-04,ST14,C0393,P065,1,54.39,0.1,48.95,29.11,19.84,Marketplace
S03503,2024-09-22,ST08,C0063,P066,3,400.97,0.15,1022.47,817.71,204.76,Mobile App
S03504,2023-07-07,ST13,C0183,P011,2,309.34,0.0,618.68,386.28,232.4,Mobile App
S03505,2024-08-05,ST13,C0199,P023,1,589.93,0.0,589.93,419.87,170.06,Mobile App
S03506,2024-04-21,ST15,C0010,P093,1,466.42,0.1,419.78,269.66,150.12,Retail Store
S03507,2024-01-11,ST03,C0084,P009,1,211.8,0.0,211.8,122.35,89.45,Online
S03508,2025-05-04,ST12,C0418,P067,2,278.89,0.1,502.0,359.96,142.04,Online
S03509,2024-07-10,ST13,C0474,P062,1,800.1,0.15,680.09,409.77,270.32,Mobile App
S03510,2023-02-04,ST14,C0175,P004,1,700.29,0.05,665.28,393.26,272.02,Marketplace
S03511,2023-06-13,ST09,C0414,P014,2,523.69,0.05,995.01,483.1,511.91,Online
S03512,2024-03-31,ST10,C0098,P022,2,753.54,0.15,1281.02,830.72,450.3,Marketplace
S03513,2025-05-15,ST12,C0301,P100,3,691.45,0.15,1763.2,1145.82,617.38,Retail Store
S03514,2024-07-25,ST14,C0117,P096,2,612.7,0.15,1041.59,829.84,211.75,Marketplace
S03515,2024-12-13,ST08,C0395,P072,1,110.76,0.05,105.22,70.94,34.28,Mobile App
S03516,2023-11-13,ST04,C0189,P083,2,543.94,0.0,1087.88,661.8,426.08,Retail Store
S03517,2023-01-05,ST01,C0097,P058,2,558.35,0.1,1005.03,499.6,505.43,Mobile App
S03518,2023-08-03,ST15,C0341,P003,1,101.68,0.0,101.68,44.48,57.2,Mobile App
S03519,2023-04-18,ST14,C0384,P054,1,66.5,0.0,66.5,28.96,37.54,Mobile App
S03520,2024-04-28,ST03,C0044,P060,1,550.86,0.0,550.86,340.53,210.33,Retail Store
S03521,2023-03-29,ST08,C0070,P076,1,361.84,0.05,343.75,165.74,178.01,Mobile App
S03522,2023-11-26,ST13,C0320,P016,2,442.1,0.0,884.2,556.5,327.7,Mobile App
S03523,2024-11-24,ST09,C0160,P032,1,266.96,0.05,253.61,143.35,110.26,Mobile App
S03524,2024-05-06,ST02,C0440,P005,1,187.0,0.0,187.0,94.13,92.87,Mobile App
S03525,2023-07-19,ST03,C0494,P086,3,320.59,0.15,817.5,592.74,224.76,Mobile App
S03526,2024-12-02,ST05,C0079,P049,3,878.21,0.0,2634.63,1173.81,1460.82,Marketplace
S03527,2024-08-23,ST09,C0500,P010,2,177.97,0.0,355.94,229.34,126.6,Retail Store
S03528,2023-09-09,ST12,C0158,P064,2,189.25,0.0,378.5,187.34,191.16,Marketplace
S03529,2023-06-26,ST05,C0014,P003,2,101.68,0.0,203.36,88.96,114.4,Online
S03530,2024-12-26,ST14,C0048,P092,2,496.59,0.0,993.18,569.58,423.6,Retail Store
S03531,2024-09-16,ST02,C0059,P047,1,583.71,0.0,583.71,415.74,167.97,Mobile App
S03532,2025-06-01,ST02,C0455,P041,1,148.6,0.0,148.6,95.68,52.92,Online
S03533,2024-03-08,ST02,C0410,P075,1,347.7,0.0,347.7,174.24,173.46,Retail Store
S03534,2023-06-10,ST14,C0160,P036,1,539.12,0.1,485.21,311.18,174.03,Retail Store
S03535,2024-09-02,ST15,C0282,P092,1,496.59,0.1,446.93,284.79,162.14,Mobile App
S03536,2023-02-09,ST05,C0337,P071,3,573.25,0.0,1719.75,1072.53,647.22,Marketplace
S03537,2024-08-10,ST01,C0477,P097,2,509.83,0.0,1019.66,617.44,402.22,Marketplace
S03538,2023-09-17,ST06,C0337,P012,1,703.62,0.0,703.62,341.62,362.0,Retail Store
S03539,2024-01-31,ST02,C0036,P018,1,560.51,0.1,504.46,344.12,160.34,Retail Store
S03540,2023-11-01,ST08,C0457,P014,3,523.69,0.0,1571.07,724.65,846.42,Marketplace
S03541,2025-01-03,ST09,C0208,P047,1,583.71,0.0,583.71,415.74,167.97,Mobile App
S03542,2024-11-21,ST09,C0303,P021,6,414.87,0.0,2489.22,1103.46,1385.76,Retail Store
S03543,2023-02-09,ST03,C0087,P043,1,241.25,0.15,205.06,137.71,67.35,Retail Store
S03544,2024-11-05,ST01,C0416,P081,2,595.21,0.05,1130.9,676.48,454.42,Online
S03545,2025-04-22,ST03,C0363,P094,4,634.83,0.0,2539.32,1215.28,1324.04,Online
S03546,2023-06-10,ST11,C0003,P053,1,512.39,0.1,461.15,310.47,150.68,Mobile App
S03547,2024-12-16,ST12,C0407,P074,1,440.89,0.0,440.89,194.35,246.54,Marketplace
S03548,2024-03-17,ST01,C0122,P071,1,573.25,0.05,544.59,357.51,187.08,Online
S03549,2023-04-16,ST07,C0342,P079,3,118.05,0.0,354.15,222.45,131.7,Mobile App
S03550,2025-03-26,ST07,C0070,P045,1,240.79,0.1,216.71,117.52,99.19,Marketplace
S03551,2024-10-19,ST05,C0148,P075,1,347.7,0.0,347.7,174.24,173.46,Retail Store
S03552,2024-06-23,ST05,C0216,P091,1,512.66,0.15,435.76,367.79,67.97,Marketplace
S03553,2023-10-24,ST07,C0059,P001,1,474.05,0.1,426.65,252.9,173.75,Online
S03554,2023-07-01,ST12,C0130,P096,2,612.7,0.0,1225.4,829.84,395.56,Online
S03555,2024-09-08,ST02,C0298,P083,2,543.94,0.15,924.7,661.8,262.9,Online
S03556,2023-10-24,ST01,C0365,P017,4,780.73,0.0,3122.92,1563.32,1559.6,Online
S03557,2024-12-10,ST12,C0024,P096,1,612.7,0.0,612.7,414.92,197.78,Marketplace
S03558,2023-10-25,ST04,C0495,P018,1,560.51,0.0,560.51,344.12,216.39,Retail Store
S03559,2023-03-31,ST11,C0002,P074,1,440.89,0.0,440.89,194.35,246.54,Retail Store
S03560,2024-11-03,ST07,C0008,P090,2,573.25,0.0,1146.5,576.38,570.12,Mobile App
S03561,2025-03-03,ST03,C0229,P027,2,598.23,0.0,1196.46,691.98,504.48,Retail Store
S03562,2023-12-09,ST07,C0167,P048,2,113.1,0.05,214.89,118.1,96.79,Mobile App
S03563,2023-07-21,ST04,C0340,P057,1,866.66,0.15,736.66,379.34,357.32,Online
S03564,2024-03-05,ST06,C0200,P027,3,598.23,0.0,1794.69,1037.97,756.72,Online
S03565,2024-03-17,ST05,C0251,P063,2,85.52,0.05,162.49,87.48,75.01,Retail Store
S03566,2025-03-22,ST07,C0002,P033,2,760.26,0.05,1444.49,845.18,599.31,Online
S03567,2023-05-13,ST15,C0401,P008,3,682.79,0.0,2048.37,952.41,1095.96,Marketplace
S03568,2025-04-25,ST04,C0149,P068,3,675.48,0.05,1925.12,925.35,999.77,Retail Store
S03569,2024-02-19,ST05,C0073,P037,1,559.57,0.0,559.57,365.25,194.32,Online
S03570,2023-12-19,ST01,C0394,P055,1,374.11,0.05,355.4,253.49,101.91,Retail Store
S03571,2023-05-05,ST06,C0233,P076,1,361.84,0.0,361.84,165.74,196.1,Online
S03572,2024-10-17,ST12,C0103,P058,1,558.35,0.0,558.35,249.8,308.55,Marketplace
S03573,2024-07-29,ST03,C0139,P050,1,251.3,0.05,238.74,129.64,109.1,Online
S03574,2025-06-07,ST03,C0464,P057,1,866.66,0.0,866.66,379.34,487.32,Online
S03575,2023-07-04,ST07,C0249,P083,2,543.94,0.0,1087.88,661.8,426.08,Online
S03576,2023-04-26,ST12,C0138,P015,5,411.34,0.0,2056.7,1458.3,598.4,Mobile App
S03577,2024-09-22,ST05,C0051,P089,3,178.67,0.15,455.61,291.36,164.25,Mobile App
S03578,2023-02-24,ST01,C0207,P096,1,612.7,0.0,612.7,414.92,197.78,Retail Store
S03579,2023-05-05,ST05,C0461,P031,2,173.34,0.0,346.68,244.6,102.08,Online
S03580,2025-02-14,ST11,C0491,P097,3,509.83,0.1,1376.54,926.16,450.38,Online
S03581,2024-02-22,ST09,C0255,P081,2,595.21,0.0,1190.42,676.48,513.94,Online
S03582,2023-06-05,ST13,C0168,P003,1,101.68,0.15,86.43,44.48,41.95,Marketplace
S03583,2023-11-09,ST01,C0175,P073,1,238.26,0.05,226.35,173.6,52.75,Online
S03584,2025-03-18,ST12,C0056,P024,1,908.43,0.0,908.43,427.45,480.98,Marketplace
S03585,2024-07-03,ST13,C0357,P033,2,760.26,0.0,1520.52,845.18,675.34,Online
S03586,2024-12-20,ST11,C0206,P081,1,595.21,0.1,535.69,338.24,197.45,Mobile App
S03587,2024-08-04,ST08,C0195,P013,1,633.58,0.1,570.22,406.57,163.65,Online
S03588,2024-07-11,ST01,C0167,P032,1,266.96,0.0,266.96,143.35,123.61,Mobile App
S03589,2023-06-04,ST04,C0389,P061,2,603.93,0.1,1087.07,659.98,427.09,Mobile App
S03590,2025-06-02,ST07,C0117,P064,1,189.25,0.1,170.33,93.67,76.66,Retail Store
S03591,2025-02-17,ST02,C0040,P089,2,178.67,0.1,321.61,194.24,127.37,Online
S03592,2023-03-20,ST14,C0211,P030,2,556.36,0.0,1112.72,550.18,562.54,Online
S03593,2025-02-19,ST09,C0212,P060,2,550.86,0.15,936.46,681.06,255.4,Retail Store
S03594,2024-03-21,ST09,C0349,P014,1,523.69,0.05,497.51,241.55,255.96,Online
S03595,2025-06-26,ST04,C0378,P029,1,230.02,0.0,230.02,120.5,109.52,Mobile App
S03596,2024-06-22,ST05,C0019,P013,1,633.58,0.0,633.58,406.57,227.01,Marketplace
S03597,2025-02-01,ST11,C0144,P016,1,442.1,0.1,397.89,278.25,119.64,Marketplace
S03598,2023-09-12,ST06,C0048,P027,4,598.23,0.0,2392.92,1383.96,1008.96,Retail Store
S03599,2024-10-27,ST05,C0413,P012,2,703.62,0.1,1266.52,683.24,583.28,Online
S03600,2024-11-01,ST12,C0244,P006,1,826.37,0.0,826.37,423.08,403.29,Online
S03601,2023-08-13,ST12,C0388,P085,5,595.13,0.15,2529.3,1538.0,991.3,Retail Store
S03602,2023-10-26,ST04,C0419,P063,1,85.52,0.05,81.24,43.74,37.5,Mobile App
S03603,2024-06-11,ST09,C0046,P013,2,633.58,0.1,1140.44,813.14,327.3,Online
S03604,2025-03-23,ST01,C0143,P074,2,440.89,0.05,837.69,388.7,448.99,Mobile App
S03605,2024-06-23,ST08,C0386,P046,1,653.19,0.1,587.87,342.89,244.98,Online
S03606,2023-05-16,ST02,C0379,P004,1,700.29,0.15,595.25,393.26,201.99,Retail Store
S03607,2024-06-06,ST04,C0141,P086,1,320.59,0.0,320.59,197.58,123.01,Online
S03608,2023-01-05,ST01,C0378,P030,2,556.36,0.15,945.81,550.18,395.63,Online
S03609,2025-06-11,ST04,C0424,P026,1,311.93,0.0,311.93,137.65,174.28,Online
S03610,2023-02-06,ST01,C0236,P038,1,348.21,0.15,295.98,215.66,80.32,Marketplace
S03611,2024-03-04,ST03,C0317,P029,2,230.02,0.0,460.04,241.0,219.04,Retail Store
S03612,2024-12-01,ST12,C0468,P093,1,466.42,0.0,466.42,269.66,196.76,Mobile App
S03613,2023-01-31,ST15,C0388,P081,3,595.21,0.0,1785.63,1014.72,770.91,Marketplace
S03614,2024-04-28,ST02,C0353,P020,1,796.23,0.0,796.23,412.87,383.36,Marketplace
S03615,2024-03-12,ST03,C0004,P049,1,878.21,0.0,878.21,391.27,486.94,Retail Store
S03616,2024-12-27,ST11,C0090,P069,1,952.97,0.05,905.32,438.88,466.44,Retail Store
S03617,2025-01-18,ST03,C0392,P011,3,309.34,0.0,928.02,579.42,348.6,Retail Store
S03618,2024-02-17,ST02,C0213,P020,3,796.23,0.05,2269.26,1238.61,1030.65,Online
S03619,2023-08-08,ST03,C0417,P090,1,573.25,0.0,573.25,288.19,285.06,Mobile App
S03620,2024-05-23,ST14,C0081,P058,2,558.35,0.1,1005.03,499.6,505.43,Online
S03621,2023-01-12,ST03,C0218,P058,1,558.35,0.1,502.52,249.8,252.72,Marketplace
S03622,2024-10-28,ST05,C0162,P036,3,539.12,0.1,1455.62,933.54,522.08,Online
S03623,2025-05-15,ST13,C0409,P094,1,634.83,0.0,634.83,303.82,331.01,Online
S03624,2023-05-01,ST07,C0152,P052,3,179.16,0.1,483.73,335.43,148.3,Marketplace
S03625,2023-09-27,ST10,C0448,P012,1,703.62,0.0,703.62,341.62,362.0,Online
S03626,2024-08-13,ST12,C0118,P007,1,572.81,0.15,486.89,334.88,152.01,Retail Store
S03627,2023-03-24,ST07,C0246,P072,2,110.76,0.15,188.29,141.88,46.41,Online
S03628,2024-03-13,ST03,C0266,P007,1,572.81,0.1,515.53,334.88,180.65,Online
S03629,2023-10-05,ST15,C0124,P017,1,780.73,0.0,780.73,390.83,389.9,Retail Store
S03630,2024-10-02,ST09,C0276,P031,3,173.34,0.0,520.02,366.9,153.12,Mobile App
S03631,2025-02-20,ST02,C0276,P068,3,675.48,0.0,2026.44,925.35,1101.09,Mobile App
S03632,2024-11-11,ST03,C0282,P043,4,241.25,0.0,965.0,550.84,414.16,Retail Store
S03633,2023-01-23,ST14,C0252,P055,3,374.11,0.0,1122.33,760.47,361.86,Online
S03634,2024-02-19,ST11,C0358,P029,1,230.02,0.0,230.02,120.5,109.52,Online
S03635,2024-12-04,ST02,C0227,P080,1,421.17,0.05,400.11,210.32,189.79,Retail Store
S03636,2025-03-07,ST06,C0390,P095,1,139.42,0.05,132.45,99.75,32.7,Online
S03637,2024-01-05,ST14,C0142,P088,2,656.76,0.0,1313.52,624.28,689.24,Retail Store
S03638,2024-12-20,ST01,C0392,P005,2,187.0,0.0,374.0,188.26,185.74,Retail Store
S03639,2023-12-04,ST02,C0016,P093,1,466.42,0.0,466.42,269.66,196.76,Online
S03640,2024-02-27,ST13,C0381,P097,3,509.83,0.15,1300.07,926.16,373.91,Retail Store
S03641,2024-07-31,ST04,C0353,P011,1,309.34,0.05,293.87,193.14,100.73,Retail Store
S03642,2025-02-22,ST15,C0402,P057,2,866.66,0.1,1559.99,758.68,801.31,Mobile App
S03643,2023-03-06,ST11,C0404,P008,1,682.79,0.15,580.37,317.47,262.9,Retail Store
S03644,2025-03-24,ST06,C0077,P093,1,466.42,0.0,466.42,269.66,196.76,Marketplace
S03645,2023-10-31,ST13,C0059,P087,4,643.14,0.1,2315.3,1435.8,879.5,Mobile App
S03646,2023-01-30,ST05,C0150,P097,1,509.83,0.0,509.83,308.72,201.11,Retail Store
S03647,2024-01-23,ST03,C0417,P070,2,819.07,0.1,1474.33,799.2,675.13,Marketplace
S03648,2023-09-03,ST09,C0252,P037,1,559.57,0.0,559.57,365.25,194.32,Online
S03649,2025-05-11,ST13,C0423,P023,2,589.93,0.0,1179.86,839.74,340.12,Retail Store
S03650,2024-05-09,ST08,C0195,P041,2,148.6,0.0,297.2,191.36,105.84,Marketplace
S03651,2024-12-24,ST01,C0014,P060,1,550.86,0.1,495.77,340.53,155.24,Retail Store
S03652,2024-12-18,ST05,C0339,P001,2,474.05,0.0,948.1,505.8,442.3,Marketplace
S03653,2023-03-15,ST06,C0326,P045,2,240.79,0.0,481.58,235.04,246.54,Mobile App
S03654,2025-03-13,ST05,C0265,P093,1,466.42,0.1,419.78,269.66,150.12,Online
S03655,2024-11-01,ST10,C0194,P052,2,179.16,0.0,358.32,223.62,134.7,Online
S03656,2023-02-19,ST13,C0077,P053,1,512.39,0.0,512.39,310.47,201.92,Online
S03657,2025-05-11,ST11,C0190,P042,3,552.37,0.0,1657.11,1225.62,431.49,Mobile App
S03658,2024-09-06,ST03,C0421,P040,3,151.24,0.1,408.35,199.83,208.52,Marketplace
S03659,2025-03-19,ST09,C0022,P094,2,634.83,0.15,1079.21,607.64,471.57,Retail Store
S03660,2023-04-12,ST01,C0241,P081,2,595.21,0.05,1130.9,676.48,454.42,Online
S03661,2023-11-30,ST10,C0211,P031,3,173.34,0.1,468.02,366.9,101.12,Marketplace
S03662,2024-07-18,ST13,C0182,P080,1,421.17,0.0,421.17,210.32,210.85,Online
S03663,2023-11-30,ST01,C0034,P017,4,780.73,0.0,3122.92,1563.32,1559.6,Retail Store
S03664,2023-06-09,ST07,C0444,P016,1,442.1,0.0,442.1,278.25,163.85,Retail Store
S03665,2024-05-24,ST09,C0469,P072,1,110.76,0.15,94.15,70.94,23.21,Retail Store
S03666,2023-03-03,ST12,C0321,P034,1,530.96,0.0,530.96,368.19,162.77,Online
S03667,2024-10-08,ST08,C0486,P071,1,573.25,0.05,544.59,357.51,187.08,Online
S03668,2023-07-06,ST07,C0100,P067,1,278.89,0.15,237.06,179.98,57.08,Online
S03669,2025-06-12,ST02,C0332,P068,3,675.48,0.05,1925.12,925.35,999.77,Mobile App
S03670,2023-08-06,ST11,C0080,P032,2,266.96,0.0,533.92,286.7,247.22,Online
S03671,2023-04-14,ST10,C0205,P090,1,573.25,0.15,487.26,288.19,199.07,Mobile App
S03672,2024-03-11,ST09,C0088,P093,4,466.42,0.1,1679.11,1078.64,600.47,Mobile App
S03673,2025-05-05,ST03,C0153,P053,2,512.39,0.0,1024.78,620.94,403.84,Online
S03674,2024-06-12,ST12,C0388,P054,2,66.5,0.0,133.0,57.92,75.08,Mobile App
S03675,2025-05-23,ST14,C0372,P093,4,466.42,0.1,1679.11,1078.64,600.47,Marketplace
S03676,2023-07-11,ST05,C0054,P028,2,535.81,0.0,1071.62,602.4,469.22,Retail Store
S03677,2024-11-09,ST01,C0448,P060,1,550.86,0.05,523.32,340.53,182.79,Mobile App
S03678,2023-07-25,ST03,C0200,P081,3,595.21,0.0,1785.63,1014.72,770.91,Mobile App
S03679,2023-11-18,ST14,C0149,P097,4,509.83,0.0,2039.32,1234.88,804.44,Online
S03680,2023-09-01,ST04,C0404,P052,1,179.16,0.15,152.29,111.81,40.48,Mobile App
S03681,2024-09-11,ST11,C0279,P044,1,670.76,0.0,670.76,448.05,222.71,Mobile App
S03682,2023-09-10,ST14,C0492,P025,2,788.41,0.15,1340.3,700.96,639.34,Retail Store
S03683,2023-02-27,ST08,C0044,P086,4,320.59,0.05,1218.24,790.32,427.92,Mobile App
S03684,2023-11-11,ST05,C0406,P053,1,512.39,0.0,512.39,310.47,201.92,Retail Store
S03685,2024-03-18,ST12,C0116,P099,2,381.31,0.0,762.62,429.02,333.6,Mobile App
S03686,2024-04-24,ST12,C0285,P031,4,173.34,0.1,624.02,489.2,134.82,Online
S03687,2023-04-22,ST12,C0170,P036,3,539.12,0.0,1617.36,933.54,683.82,Marketplace
S03688,2024-10-08,ST12,C0426,P079,2,118.05,0.0,236.1,148.3,87.8,Mobile App
S03689,2024-09-09,ST11,C0149,P005,5,187.0,0.15,794.75,470.65,324.1,Retail Store
S03690,2024-04-30,ST04,C0123,P038,1,348.21,0.0,348.21,215.66,132.55,Online
S03691,2023-09-24,ST06,C0422,P098,1,610.44,0.0,610.44,285.38,325.06,Mobile App
S03692,2024-07-19,ST15,C0162,P076,1,361.84,0.15,307.56,165.74,141.82,Retail Store
S03693,2024-12-29,ST04,C0373,P051,1,502.39,0.0,502.39,304.38,198.01,Retail Store
S03694,2025-05-11,ST12,C0049,P012,1,703.62,0.1,633.26,341.62,291.64,Marketplace
S03695,2025-01-06,ST12,C0239,P068,1,675.48,0.0,675.48,308.45,367.03,Retail Store
S03696,2025-05-07,ST04,C0500,P078,2,331.1,0.0,662.2,343.84,318.36,Retail Store
S03697,2023-03-01,ST04,C0348,P081,2,595.21,0.05,1130.9,676.48,454.42,Online
S03698,2025-03-23,ST11,C0208,P018,1,560.51,0.0,560.51,344.12,216.39,Online
S03699,2024-02-22,ST07,C0452,P006,3,826.37,0.0,2479.11,1269.24,1209.87,Retail Store
S03700,2023-03-15,ST13,C0471,P011,2,309.34,0.1,556.81,386.28,170.53,Marketplace
S03701,2025-03-29,ST06,C0493,P098,3,610.44,0.05,1739.75,856.14,883.61,Retail Store
S03702,2023-09-20,ST09,C0492,P060,3,550.86,0.05,1569.95,1021.59,548.36,Retail Store
S03703,2025-05-21,ST03,C0467,P002,1,441.21,0.0,441.21,287.87,153.34,Retail Store
S03704,2023-04-10,ST02,C0301,P004,1,700.29,0.0,700.29,393.26,307.03,Marketplace
S03705,2023-09-09,ST03,C0282,P015,3,411.34,0.1,1110.62,874.98,235.64,Retail Store
S03706,2024-09-27,ST07,C0353,P032,1,266.96,0.0,266.96,143.35,123.61,Marketplace
S03707,2024-03-28,ST08,C0360,P082,1,824.42,0.0,824.42,416.33,408.09,Mobile App
S03708,2025-03-08,ST12,C0062,P077,1,146.59,0.05,139.26,100.89,38.37,Retail Store
S03709,2024-04-19,ST04,C0349,P080,2,421.17,0.05,800.22,420.64,379.58,Mobile App
S03710,2024-07-25,ST06,C0406,P079,3,118.05,0.0,354.15,222.45,131.7,Retail Store
S03711,2023-09-25,ST10,C0160,P010,1,177.97,0.0,177.97,114.67,63.3,Retail Store
S03712,2025-06-02,ST13,C0328,P068,1,675.48,0.1,607.93,308.45,299.48,Mobile App
S03713,2024-05-08,ST05,C0277,P014,3,523.69,0.0,1571.07,724.65,846.42,Online
S03714,2023-05-01,ST08,C0272,P051,1,502.39,0.0,502.39,304.38,198.01,Retail Store
S03715,2023-11-12,ST13,C0072,P076,5,361.84,0.05,1718.74,828.7,890.04,Online
S03716,2024-02-09,ST12,C0418,P022,1,753.54,0.0,753.54,415.36,338.18,Online
S03717,2024-08-10,ST09,C0309,P078,1,331.1,0.0,331.1,171.92,159.18,Retail Store
S03718,2023-09-23,ST05,C0232,P031,5,173.34,0.0,866.7,611.5,255.2,Mobile App
S03719,2023-02-27,ST02,C0040,P054,1,66.5,0.0,66.5,28.96,37.54,Retail Store
S03720,2025-03-05,ST14,C0382,P090,2,573.25,0.15,974.52,576.38,398.14,Mobile App
S03721,2023-07-31,ST09,C0267,P017,1,780.73,0.05,741.69,390.83,350.86,Retail Store
S03722,2025-05-13,ST01,C0323,P047,2,583.71,0.0,1167.42,831.48,335.94,Online
S03723,2024-08-10,ST07,C0480,P064,2,189.25,0.05,359.57,187.34,172.23,Marketplace
S03724,2024-01-11,ST09,C0024,P096,1,612.7,0.15,520.8,414.92,105.88,Retail Store
S03725,2023-11-09,ST03,C0383,P015,3,411.34,0.05,1172.32,874.98,297.34,Retail Store
S03726,2024-08-11,ST04,C0484,P006,1,826.37,0.0,826.37,423.08,403.29,Online
S03727,2023-10-25,ST07,C0200,P047,2,583.71,0.1,1050.68,831.48,219.2,Retail Store
S03728,2024-06-24,ST07,C0014,P098,3,610.44,0.0,1831.32,856.14,975.18,Marketplace
S03729,2024-09-26,ST12,C0165,P010,1,177.97,0.0,177.97,114.67,63.3,Retail Store
S03730,2025-02-05,ST04,C0394,P023,1,589.93,0.0,589.93,419.87,170.06,Mobile App
S03731,2024-02-10,ST14,C0027,P046,2,653.19,0.05,1241.06,685.78,555.28,Online
S03732,2023-10-05,ST02,C0293,P056,1,647.27,0.05,614.91,399.37,215.54,Marketplace
S03733,2023-05-01,ST09,C0391,P055,4,374.11,0.15,1271.97,1013.96,258.01,Online
S03734,2024-12-20,ST09,C0108,P080,2,421.17,0.0,842.34,420.64,421.7,Mobile App
S03735,2023-06-06,ST01,C0494,P096,2,612.7,0.0,1225.4,829.84,395.56,Online
S03736,2023-08-25,ST09,C0459,P039,1,839.98,0.0,839.98,396.66,443.32,Marketplace
S03737,2024-03-17,ST06,C0100,P100,2,691.45,0.0,1382.9,763.88,619.02,Online
S03738,2025-06-03,ST11,C0442,P062,2,800.1,0.1,1440.18,819.54,620.64,Online
S03739,2024-12-02,ST04,C0024,P053,4,512.39,0.0,2049.56,1241.88,807.68,Mobile App
S03740,2023-02-13,ST02,C0371,P079,1,118.05,0.0,118.05,74.15,43.9,Retail Store
S03741,2023-11-18,ST08,C0190,P086,1,320.59,0.15,272.5,197.58,74.92,Retail Store
S03742,2024-02-20,ST01,C0421,P078,3,331.1,0.1,893.97,515.76,378.21,Mobile App
S03743,2023-06-01,ST12,C0298,P073,6,238.26,0.0,1429.56,1041.6,387.96,Mobile App
S03744,2025-04-21,ST03,C0294,P037,1,559.57,0.0,559.57,365.25,194.32,Marketplace
S03745,2024-10-10,ST13,C0299,P033,1,760.26,0.0,760.26,422.59,337.67,Marketplace
S03746,2023-09-17,ST12,C0307,P097,1,509.83,0.1,458.85,308.72,150.13,Marketplace
S03747,2025-06-05,ST10,C0320,P099,1,381.31,0.05,362.24,214.51,147.73,Mobile App
S03748,2025-02-03,ST10,C0329,P071,1,573.25,0.1,515.93,357.51,158.42,Marketplace
S03749,2024-09-23,ST09,C0456,P012,1,703.62,0.0,703.62,341.62,362.0,Online
S03750,2024-08-30,ST06,C0402,P069,1,952.97,0.1,857.67,438.88,418.79,Marketplace
S03751,2023-05-20,ST10,C0488,P082,4,824.42,0.0,3297.68,1665.32,1632.36,Online
S03752,2023-08-05,ST02,C0290,P043,4,241.25,0.0,965.0,550.84,414.16,Retail Store
S03753,2023-02-07,ST15,C0257,P099,2,381.31,0.0,762.62,429.02,333.6,Online
S03754,2023-10-16,ST04,C0456,P023,1,589.93,0.0,589.93,419.87,170.06,Online
S03755,2023-04-26,ST14,C0414,P100,1,691.45,0.0,691.45,381.94,309.51,Mobile App
S03756,2023-08-26,ST13,C0073,P100,1,691.45,0.05,656.88,381.94,274.94,Marketplace
S03757,2023-06-18,ST01,C0287,P073,2,238.26,0.05,452.69,347.2,105.49,Retail Store
S03758,2024-05-27,ST03,C0243,P072,1,110.76,0.05,105.22,70.94,34.28,Retail Store
S03759,2023-02-01,ST07,C0392,P059,5,618.97,0.0,3094.85,2120.25,974.6,Marketplace
S03760,2023-10-16,ST04,C0384,P023,2,589.93,0.0,1179.86,839.74,340.12,Online
S03761,2023-11-10,ST04,C0311,P067,2,278.89,0.0,557.78,359.96,197.82,Mobile App
S03762,2023-12-06,ST15,C0125,P084,1,240.69,0.1,216.62,163.63,52.99,Online
S03763,2024-05-06,ST09,C0460,P085,1,595.13,0.0,595.13,307.6,287.53,Mobile App
S03764,2023-05-29,ST06,C0460,P001,1,474.05,0.05,450.35,252.9,197.45,Retail Store
S03765,2023-10-02,ST12,C0462,P019,3,451.75,0.1,1219.73,653.49,566.24,Marketplace
S03766,2025-04-18,ST09,C0016,P044,4,670.76,0.0,2683.04,1792.2,890.84,Marketplace
S03767,2024-01-04,ST06,C0391,P076,2,361.84,0.1,651.31,331.48,319.83,Online
S03768,2024-03-30,ST05,C0339,P056,1,647.27,0.0,647.27,399.37,247.9,Marketplace
S03769,2023-05-13,ST06,C0194,P074,4,440.89,0.05,1675.38,777.4,897.98,Retail Store
S03770,2024-02-22,ST09,C0008,P028,1,535.81,0.05,509.02,301.2,207.82,Marketplace
S03771,2023-10-19,ST14,C0345,P013,3,633.58,0.15,1615.63,1219.71,395.92,Online
S03772,2023-01-04,ST13,C0098,P099,1,381.31,0.1,343.18,214.51,128.67,Mobile App
S03773,2024-11-03,ST15,C0173,P074,1,440.89,0.0,440.89,194.35,246.54,Mobile App
S03774,2025-06-07,ST05,C0398,P025,3,788.41,0.05,2246.97,1051.44,1195.53,Online
S03775,2023-10-29,ST13,C0301,P031,2,173.34,0.0,346.68,244.6,102.08,Mobile App
S03776,2024-10-04,ST01,C0461,P081,1,595.21,0.0,595.21,338.24,256.97,Online
S03777,2024-03-07,ST04,C0386,P062,4,800.1,0.0,3200.4,1639.08,1561.32,Retail Store
S03778,2023-09-22,ST09,C0437,P086,1,320.59,0.05,304.56,197.58,106.98,Marketplace
S03779,2025-05-09,ST01,C0033,P050,1,251.3,0.0,251.3,129.64,121.66,Marketplace
S03780,2025-06-12,ST02,C0104,P065,1,54.39,0.0,54.39,29.11,25.28,Online
S03781,2024-06-06,ST14,C0172,P079,1,118.05,0.0,118.05,74.15,43.9,Retail Store
S03782,2023-05-14,ST09,C0193,P009,2,211.8,0.0,423.6,244.7,178.9,Mobile App
S03783,2024-05-29,ST11,C0151,P011,1,309.34,0.1,278.41,193.14,85.27,Retail Store
S03784,2025-04-06,ST01,C0165,P095,1,139.42,0.05,132.45,99.75,32.7,Marketplace
S03785,2024-02-07,ST14,C0091,P100,1,691.45,0.15,587.73,381.94,205.79,Online
S03786,2024-09-19,ST08,C0487,P075,1,347.7,0.15,295.54,174.24,121.3,Marketplace
S03787,2024-10-28,ST01,C0074,P081,2,595.21,0.15,1011.86,676.48,335.38,Mobile App
S03788,2025-03-31,ST05,C0327,P029,1,230.02,0.0,230.02,120.5,109.52,Retail Store
S03789,2023-05-08,ST08,C0226,P064,4,189.25,0.1,681.3,374.68,306.62,Mobile App
S03790,2024-05-16,ST01,C0084,P051,2,502.39,0.15,854.06,608.76,245.3,Marketplace
S03791,2023-10-08,ST07,C0372,P018,1,560.51,0.05,532.48,344.12,188.36,Online
S03792,2024-01-01,ST06,C0071,P077,1,146.59,0.0,146.59,100.89,45.7,Retail Store
S03793,2025-02-05,ST08,C0447,P096,1,612.7,0.15,520.8,414.92,105.88,Marketplace
S03794,2024-02-11,ST01,C0473,P050,3,251.3,0.0,753.9,388.92,364.98,Retail Store
S03795,2023-03-26,ST05,C0399,P099,2,381.31,0.0,762.62,429.02,333.6,Marketplace
S03796,2023-02-20,ST09,C0346,P068,4,675.48,0.0,2701.92,1233.8,1468.12,Retail Store
S03797,2024-08-07,ST04,C0102,P025,2,788.41,0.05,1497.98,700.96,797.02,Online
S03798,2024-06-15,ST03,C0480,P012,1,703.62,0.0,703.62,341.62,362.0,Mobile App
S03799,2023-07-22,ST03,C0477,P092,2,496.59,0.0,993.18,569.58,423.6,Mobile App
S03800,2025-05-02,ST08,C0056,P052,2,179.16,0.1,322.49,223.62,98.87,Retail Store
S03801,2023-09-11,ST04,C0006,P060,2,550.86,0.0,1101.72,681.06,420.66,Retail Store
S03802,2023-01-21,ST03,C0309,P011,2,309.34,0.0,618.68,386.28,232.4,Marketplace
S03803,2024-05-05,ST13,C0113,P015,1,411.34,0.05,390.77,291.66,99.11,Online
S03804,2024-02-10,ST06,C0343,P066,2,400.97,0.0,801.94,545.14,256.8,Marketplace
S03805,2024-09-03,ST10,C0280,P064,1,189.25,0.0,189.25,93.67,95.58,Marketplace
S03806,2023-03-21,ST04,C0098,P016,1,442.1,0.05,420.0,278.25,141.75,Retail Store
S03807,2024-04-11,ST05,C0280,P086,1,320.59,0.0,320.59,197.58,123.01,Mobile App
S03808,2023-06-27,ST12,C0026,P076,3,361.84,0.0,1085.52,497.22,588.3,Mobile App
S03809,2023-10-17,ST14,C0073,P007,2,572.81,0.05,1088.34,669.76,418.58,Mobile App
S03810,2024-07-05,ST14,C0023,P066,2,400.97,0.0,801.94,545.14,256.8,Marketplace
S03811,2025-05-09,ST01,C0146,P036,2,539.12,0.0,1078.24,622.36,455.88,Marketplace
S03812,2025-04-07,ST05,C0350,P027,1,598.23,0.0,598.23,345.99,252.24,Marketplace
S03813,2023-11-25,ST02,C0274,P061,2,603.93,0.0,1207.86,659.98,547.88,Marketplace
S03814,2023-05-15,ST08,C0405,P095,3,139.42,0.15,355.52,299.25,56.27,Online
S03815,2025-02-16,ST01,C0039,P024,1,908.43,0.0,908.43,427.45,480.98,Retail Store
S03816,2023-12-03,ST14,C0458,P063,1,85.52,0.1,76.97,43.74,33.23,Online
S03817,2023-12-06,ST04,C0322,P014,1,523.69,0.0,523.69,241.55,282.14,Marketplace
S03818,2023-09-17,ST09,C0294,P022,1,753.54,0.0,753.54,415.36,338.18,Marketplace
S03819,2023-11-17,ST10,C0352,P094,1,634.83,0.05,603.09,303.82,299.27,Online
S03820,2025-06-09,ST14,C0219,P098,1,610.44,0.0,610.44,285.38,325.06,Online
S03821,2025-03-07,ST09,C0435,P015,1,411.34,0.0,411.34,291.66,119.68,Mobile App
S03822,2023-03-21,ST06,C0015,P053,1,512.39,0.0,512.39,310.47,201.92,Marketplace
S03823,2024-10-25,ST08,C0012,P095,3,139.42,0.15,355.52,299.25,56.27,Marketplace
S03824,2024-02-09,ST15,C0349,P052,4,179.16,0.0,716.64,447.24,269.4,Marketplace
S03825,2025-06-23,ST01,C0359,P062,1,800.1,0.05,760.1,409.77,350.33,Marketplace
S03826,2025-01-02,ST07,C0461,P031,3,173.34,0.1,468.02,366.9,101.12,Online
S03827,2023-09-20,ST13,C0187,P002,1,441.21,0.0,441.21,287.87,153.34,Marketplace
S03828,2025-01-03,ST02,C0074,P070,3,819.07,0.15,2088.63,1198.8,889.83,Online
S03829,2025-06-02,ST11,C0115,P024,1,908.43,0.0,908.43,427.45,480.98,Mobile App
S03830,2024-01-22,ST02,C0082,P087,2,643.14,0.05,1221.97,717.9,504.07,Mobile App
S03831,2025-03-27,ST06,C0398,P002,3,441.21,0.1,1191.27,863.61,327.66,Marketplace
S03832,2023-05-08,ST05,C0352,P014,2,523.69,0.05,995.01,483.1,511.91,Online
S03833,2024-06-18,ST09,C0038,P094,1,634.83,0.15,539.61,303.82,235.79,Online
S03834,2023-03-20,ST03,C0293,P010,1,177.97,0.0,177.97,114.67,63.3,Marketplace
S03835,2023-07-09,ST10,C0387,P059,1,618.97,0.0,618.97,424.05,194.92,Mobile App
S03836,2024-03-08,ST10,C0221,P031,2,173.34,0.1,312.01,244.6,67.41,Mobile App
S03837,2025-03-01,ST01,C0445,P070,1,819.07,0.0,819.07,399.6,419.47,Online
S03838,2025-06-17,ST06,C0436,P005,1,187.0,0.0,187.0,94.13,92.87,Online
S03839,2023-03-02,ST09,C0431,P085,2,595.13,0.05,1130.75,615.2,515.55,Mobile App
S03840,2025-05-24,ST05,C0497,P065,3,54.39,0.15,138.69,87.33,51.36,Online
S03841,2024-11-19,ST10,C0452,P039,5,839.98,0.0,4199.9,1983.3,2216.6,Retail Store
S03842,2023-03-22,ST05,C0044,P083,2,543.94,0.0,1087.88,661.8,426.08,Marketplace
S03843,2024-01-09,ST09,C0280,P081,1,595.21,0.05,565.45,338.24,227.21,Retail Store
S03844,2025-04-13,ST08,C0336,P089,2,178.67,0.0,357.34,194.24,163.1,Mobile App
S03845,2024-01-13,ST15,C0121,P023,4,589.93,0.1,2123.75,1679.48,444.27,Marketplace
S03846,2024-05-21,ST08,C0200,P058,1,558.35,0.0,558.35,249.8,308.55,Online
S03847,2024-10-09,ST10,C0479,P004,3,700.29,0.05,1995.83,1179.78,816.05,Mobile App
S03848,2024-11-19,ST02,C0400,P049,1,878.21,0.1,790.39,391.27,399.12,Retail Store
S03849,2023-05-05,ST11,C0322,P093,1,466.42,0.05,443.1,269.66,173.44,Marketplace
S03850,2023-06-19,ST08,C0273,P079,1,118.05,0.05,112.15,74.15,38.0,Online
S03851,2023-12-14,ST15,C0295,P080,1,421.17,0.05,400.11,210.32,189.79,Marketplace
S03852,2024-05-19,ST03,C0433,P092,2,496.59,0.0,993.18,569.58,423.6,Mobile App
S03853,2023-02-08,ST04,C0296,P067,3,278.89,0.05,794.84,539.94,254.9,Retail Store
S03854,2025-01-22,ST06,C0273,P083,3,543.94,0.15,1387.05,992.7,394.35,Retail Store
S03855,2025-01-30,ST03,C0330,P052,3,179.16,0.15,456.86,335.43,121.43,Online
S03856,2023-10-04,ST12,C0027,P048,2,113.1,0.0,226.2,118.1,108.1,Retail Store
S03857,2024-05-24,ST14,C0459,P085,3,595.13,0.0,1785.39,922.8,862.59,Marketplace
S03858,2024-02-27,ST10,C0373,P049,2,878.21,0.0,1756.42,782.54,973.88,Marketplace
S03859,2023-01-25,ST01,C0020,P073,1,238.26,0.15,202.52,173.6,28.92,Retail Store
S03860,2023-01-03,ST15,C0144,P022,1,753.54,0.1,678.19,415.36,262.83,Online
S03861,2023-08-28,ST06,C0383,P100,2,691.45,0.0,1382.9,763.88,619.02,Mobile App
S03862,2025-05-20,ST15,C0094,P033,1,760.26,0.1,684.23,422.59,261.64,Marketplace
S03863,2025-01-29,ST07,C0304,P059,1,618.97,0.0,618.97,424.05,194.92,Online
S03864,2024-03-06,ST14,C0424,P046,3,653.19,0.1,1763.61,1028.67,734.94,Mobile App
S03865,2024-08-18,ST04,C0327,P024,1,908.43,0.15,772.17,427.45,344.72,Online
S03866,2025-03-24,ST12,C0273,P088,1,656.76,0.1,591.08,312.14,278.94,Mobile App
S03867,2024-01-16,ST14,C0426,P051,2,502.39,0.0,1004.78,608.76,396.02,Online
S03868,2024-03-24,ST15,C0492,P070,2,819.07,0.1,1474.33,799.2,675.13,Retail Store
S03869,2024-09-18,ST03,C0208,P044,1,670.76,0.0,670.76,448.05,222.71,Retail Store
S03870,2023-08-11,ST15,C0349,P088,3,656.76,0.0,1970.28,936.42,1033.86,Online
S03871,2023-04-19,ST06,C0390,P069,3,952.97,0.15,2430.07,1316.64,1113.43,Marketplace
S03872,2023-09-10,ST06,C0468,P023,1,589.93,0.05,560.43,419.87,140.56,Online
S03873,2025-06-24,ST07,C0088,P074,2,440.89,0.1,793.6,388.7,404.9,Online
S03874,2023-03-02,ST06,C0114,P089,2,178.67,0.1,321.61,194.24,127.37,Mobile App
S03875,2024-11-10,ST14,C0115,P014,5,523.69,0.1,2356.61,1207.75,1148.86,Retail Store
S03876,2024-06-13,ST07,C0364,P072,2,110.76,0.0,221.52,141.88,79.64,Mobile App
S03877,2024-05-30,ST11,C0488,P004,2,700.29,0.05,1330.55,786.52,544.03,Mobile App
S03878,2025-03-02,ST14,C0487,P050,4,251.3,0.1,904.68,518.56,386.12,Mobile App
S03879,2024-07-26,ST06,C0313,P003,1,101.68,0.05,96.6,44.48,52.12,Mobile App
S03880,2024-03-09,ST01,C0115,P034,4,530.96,0.0,2123.84,1472.76,651.08,Mobile App
S03881,2024-09-24,ST02,C0320,P081,3,595.21,0.15,1517.79,1014.72,503.07,Retail Store
S03882,2023-04-19,ST08,C0468,P015,1,411.34,0.1,370.21,291.66,78.55,Marketplace
S03883,2024-04-11,ST04,C0025,P022,6,753.54,0.1,4069.12,2492.16,1576.96,Mobile App
S03884,2024-06-08,ST05,C0121,P075,1,347.7,0.0,347.7,174.24,173.46,Retail Store
S03885,2025-02-09,ST07,C0108,P047,3,583.71,0.0,1751.13,1247.22,503.91,Retail Store
S03886,2023-05-29,ST08,C0151,P042,1,552.37,0.0,552.37,408.54,143.83,Mobile App
S03887,2023-02-23,ST02,C0104,P042,1,552.37,0.0,552.37,408.54,143.83,Online
S03888,2023-10-19,ST15,C0318,P047,2,583.71,0.0,1167.42,831.48,335.94,Marketplace
S03889,2025-03-11,ST14,C0373,P061,1,603.93,0.1,543.54,329.99,213.55,Retail Store
S03890,2023-05-04,ST07,C0409,P031,1,173.34,0.05,164.67,122.3,42.37,Mobile App
S03891,2023-05-29,ST10,C0009,P006,2,826.37,0.0,1652.74,846.16,806.58,Online
S03892,2023-09-06,ST11,C0443,P090,3,573.25,0.0,1719.75,864.57,855.18,Mobile App
S03893,2024-01-18,ST02,C0406,P099,1,381.31,0.0,381.31,214.51,166.8,Mobile App
S03894,2025-04-10,ST07,C0234,P023,2,589.93,0.1,1061.87,839.74,222.13,Retail Store
S03895,2023-11-21,ST09,C0303,P090,2,573.25,0.05,1089.17,576.38,512.79,Retail Store
S03896,2023-09-22,ST14,C0376,P078,3,331.1,0.0,993.3,515.76,477.54,Marketplace
S03897,2024-04-27,ST06,C0140,P001,1,474.05,0.0,474.05,252.9,221.15,Online
S03898,2025-05-02,ST09,C0270,P066,1,400.97,0.0,400.97,272.57,128.4,Marketplace
S03899,2024-04-13,ST03,C0456,P021,1,414.87,0.0,414.87,183.91,230.96,Marketplace
S03900,2024-11-29,ST06,C0030,P054,3,66.5,0.1,179.55,86.88,92.67,Marketplace
S03901,2023-06-16,ST09,C0231,P097,1,509.83,0.05,484.34,308.72,175.62,Mobile App
S03902,2023-03-28,ST03,C0442,P039,1,839.98,0.0,839.98,396.66,443.32,Marketplace
S03903,2024-11-16,ST09,C0173,P091,4,512.66,0.0,2050.64,1471.16,579.48,Mobile App
S03904,2024-05-10,ST06,C0324,P070,3,819.07,0.15,2088.63,1198.8,889.83,Marketplace
S03905,2025-03-05,ST14,C0408,P047,7,583.71,0.0,4085.97,2910.18,1175.79,Mobile App
S03906,2025-01-23,ST03,C0258,P023,1,589.93,0.0,589.93,419.87,170.06,Retail Store
S03907,2024-09-16,ST12,C0416,P011,2,309.34,0.05,587.75,386.28,201.47,Mobile App
S03908,2023-10-02,ST15,C0070,P004,2,700.29,0.0,1400.58,786.52,614.06,Retail Store
S03909,2024-09-16,ST13,C0080,P006,1,826.37,0.0,826.37,423.08,403.29,Mobile App
S03910,2024-09-19,ST10,C0118,P082,2,824.42,0.15,1401.51,832.66,568.85,Online
S03911,2023-03-29,ST04,C0491,P010,3,177.97,0.0,533.91,344.01,189.9,Retail Store
S03912,2024-06-12,ST06,C0445,P042,2,552.37,0.0,1104.74,817.08,287.66,Online
S03913,2025-01-20,ST06,C0166,P001,1,474.05,0.05,450.35,252.9,197.45,Retail Store
S03914,2023-01-12,ST11,C0105,P067,1,278.89,0.15,237.06,179.98,57.08,Marketplace
S03915,2024-04-17,ST03,C0378,P072,1,110.76,0.15,94.15,70.94,23.21,Retail Store
S03916,2023-12-06,ST05,C0156,P037,2,559.57,0.1,1007.23,730.5,276.73,Marketplace
S03917,2024-03-17,ST10,C0301,P050,1,251.3,0.15,213.61,129.64,83.97,Marketplace
S03918,2023-11-07,ST14,C0256,P019,3,451.75,0.15,1151.96,653.49,498.47,Online
S03919,2025-04-09,ST15,C0230,P055,1,374.11,0.15,317.99,253.49,64.5,Marketplace
S03920,2023-04-04,ST05,C0487,P093,1,466.42,0.15,396.46,269.66,126.8,Marketplace
S03921,2023-05-21,ST01,C0383,P020,1,796.23,0.0,796.23,412.87,383.36,Mobile App
S03922,2023-07-21,ST12,C0379,P066,2,400.97,0.0,801.94,545.14,256.8,Mobile App
S03923,2023-06-21,ST02,C0108,P037,1,559.57,0.1,503.61,365.25,138.36,Online
S03924,2025-03-28,ST09,C0363,P023,1,589.93,0.0,589.93,419.87,170.06,Online
S03925,2024-07-12,ST02,C0429,P025,1,788.41,0.0,788.41,350.48,437.93,Online
S03926,2025-01-27,ST15,C0074,P078,3,331.1,0.15,844.31,515.76,328.55,Retail Store
S03927,2024-04-23,ST10,C0157,P081,2,595.21,0.0,1190.42,676.48,513.94,Retail Store
S03928,2024-04-29,ST01,C0379,P049,1,878.21,0.0,878.21,391.27,486.94,Online
S03929,2024-05-17,ST08,C0135,P054,1,66.5,0.0,66.5,28.96,37.54,Online
S03930,2024-11-19,ST08,C0284,P092,2,496.59,0.0,993.18,569.58,423.6,Retail Store
S03931,2023-04-14,ST13,C0085,P069,3,952.97,0.05,2715.96,1316.64,1399.32,Marketplace
S03932,2024-02-24,ST02,C0362,P067,3,278.89,0.15,711.17,539.94,171.23,Marketplace
S03933,2023-03-11,ST03,C0403,P023,3,589.93,0.0,1769.79,1259.61,510.18,Marketplace
S03934,2025-01-15,ST05,C0165,P060,1,550.86,0.15,468.23,340.53,127.7,Mobile App
S03935,2025-04-21,ST05,C0322,P072,3,110.76,0.05,315.67,212.82,102.85,Online
S03936,2024-03-12,ST14,C0080,P049,2,878.21,0.1,1580.78,782.54,798.24,Retail Store
S03937,2023-10-11,ST10,C0073,P042,1,552.37,0.0,552.37,408.54,143.83,Marketplace
S03938,2023-11-27,ST11,C0461,P049,2,878.21,0.1,1580.78,782.54,798.24,Online
S03939,2025-01-14,ST07,C0053,P094,4,634.83,0.0,2539.32,1215.28,1324.04,Online
S03940,2025-03-21,ST02,C0226,P092,3,496.59,0.15,1266.3,854.37,411.93,Marketplace
S03941,2024-06-28,ST08,C0033,P023,1,589.93,0.15,501.44,419.87,81.57,Online
S03942,2024-11-26,ST13,C0227,P026,3,311.93,0.15,795.42,412.95,382.47,Online
S03943,2023-11-08,ST10,C0336,P073,1,238.26,0.0,238.26,173.6,64.66,Retail Store
S03944,2024-10-08,ST03,C0094,P042,3,552.37,0.0,1657.11,1225.62,431.49,Online
S03945,2023-01-27,ST15,C0211,P095,1,139.42,0.0,139.42,99.75,39.67,Retail Store
S03946,2025-01-12,ST13,C0219,P094,1,634.83,0.0,634.83,303.82,331.01,Retail Store
S03947,2023-07-22,ST04,C0156,P082,4,824.42,0.1,2967.91,1665.32,1302.59,Online
S03948,2025-02-19,ST03,C0460,P031,2,173.34,0.0,346.68,244.6,102.08,Mobile App
S03949,2023-05-10,ST04,C0494,P090,5,573.25,0.1,2579.62,1440.95,1138.67,Online
S03950,2023-07-26,ST05,C0285,P041,3,148.6,0.0,445.8,287.04,158.76,Marketplace
S03951,2023-04-25,ST12,C0251,P016,2,442.1,0.15,751.57,556.5,195.07,Marketplace
S03952,2023-04-29,ST15,C0381,P095,1,139.42,0.05,132.45,99.75,32.7,Online
S03953,2023-03-13,ST07,C0414,P021,2,414.87,0.0,829.74,367.82,461.92,Online
S03954,2024-09-21,ST06,C0293,P003,3,101.68,0.0,305.04,133.44,171.6,Mobile App
S03955,2024-12-15,ST13,C0416,P074,4,440.89,0.05,1675.38,777.4,897.98,Retail Store
S03956,2023-03-12,ST08,C0458,P024,1,908.43,0.1,817.59,427.45,390.14,Marketplace
S03957,2024-12-06,ST10,C0096,P001,1,474.05,0.0,474.05,252.9,221.15,Marketplace
S03958,2024-11-20,ST01,C0083,P009,2,211.8,0.0,423.6,244.7,178.9,Online
S03959,2023-02-08,ST10,C0462,P086,5,320.59,0.05,1522.8,987.9,534.9,Marketplace
S03960,2023-04-09,ST04,C0058,P093,1,466.42,0.05,443.1,269.66,173.44,Mobile App
S03961,2024-12-23,ST09,C0297,P018,1,560.51,0.1,504.46,344.12,160.34,Online
S03962,2024-04-12,ST01,C0077,P017,3,780.73,0.15,1990.86,1172.49,818.37,Retail Store
S03963,2023-02-23,ST06,C0407,P018,1,560.51,0.05,532.48,344.12,188.36,Retail Store
S03964,2023-04-19,ST03,C0097,P071,1,573.25,0.0,573.25,357.51,215.74,Retail Store
S03965,2023-08-19,ST09,C0390,P034,5,530.96,0.05,2522.06,1840.95,681.11,Marketplace
S03966,2023-03-02,ST09,C0258,P067,1,278.89,0.1,251.0,179.98,71.02,Marketplace
S03967,2024-08-31,ST04,C0351,P045,2,240.79,0.15,409.34,235.04,174.3,Mobile App
S03968,2024-11-18,ST06,C0264,P086,1,320.59,0.0,320.59,197.58,123.01,Online
S03969,2024-12-13,ST07,C0274,P082,4,824.42,0.0,3297.68,1665.32,1632.36,Retail Store
S03970,2025-04-18,ST05,C0009,P026,4,311.93,0.0,1247.72,550.6,697.12,Online
S03971,2023-07-07,ST02,C0331,P050,1,251.3,0.1,226.17,129.64,96.53,Mobile App
S03972,2025-03-31,ST02,C0236,P015,8,411.34,0.0,3290.72,2333.28,957.44,Online
S03973,2023-06-18,ST12,C0447,P027,3,598.23,0.1,1615.22,1037.97,577.25,Retail Store
S03974,2023-11-17,ST03,C0399,P003,2,101.68,0.15,172.86,88.96,83.9,Online
S03975,2023-03-24,ST12,C0475,P100,3,691.45,0.1,1866.92,1145.82,721.1,Mobile App
S03976,2025-02-09,ST02,C0013,P085,1,595.13,0.0,595.13,307.6,287.53,Online
S03977,2025-05-08,ST11,C0142,P062,1,800.1,0.15,680.09,409.77,270.32,Online
S03978,2025-05-14,ST14,C0314,P008,1,682.79,0.0,682.79,317.47,365.32,Retail Store
S03979,2023-11-13,ST08,C0213,P074,2,440.89,0.0,881.78,388.7,493.08,Online
S03980,2023-05-27,ST08,C0304,P088,1,656.76,0.0,656.76,312.14,344.62,Retail Store
S03981,2024-04-01,ST01,C0204,P019,1,451.75,0.15,383.99,217.83,166.16,Online
S03982,2024-10-25,ST02,C0078,P094,3,634.83,0.0,1904.49,911.46,993.03,Online
S03983,2023-08-09,ST11,C0444,P016,1,442.1,0.15,375.79,278.25,97.54,Marketplace
S03984,2024-06-03,ST13,C0239,P053,2,512.39,0.15,871.06,620.94,250.12,Online
S03985,2023-04-01,ST10,C0059,P007,1,572.81,0.15,486.89,334.88,152.01,Retail Store
S03986,2024-06-10,ST07,C0058,P015,1,411.34,0.05,390.77,291.66,99.11,Retail Store
S03987,2023-01-13,ST03,C0468,P017,2,780.73,0.0,1561.46,781.66,779.8,Retail Store
S03988,2023-07-17,ST01,C0370,P080,1,421.17,0.05,400.11,210.32,189.79,Online
S03989,2023-06-24,ST11,C0176,P093,2,466.42,0.15,792.91,539.32,253.59,Marketplace
S03990,2023-09-14,ST15,C0102,P032,4,266.96,0.1,961.06,573.4,387.66,Online
S03991,2025-04-01,ST10,C0151,P005,1,187.0,0.0,187.0,94.13,92.87,Marketplace
S03992,2024-05-04,ST04,C0173,P049,1,878.21,0.1,790.39,391.27,399.12,Retail Store
S03993,2025-06-05,ST08,C0092,P085,1,595.13,0.15,505.86,307.6,198.26,Mobile App
S03994,2023-03-31,ST02,C0267,P100,3,691.45,0.0,2074.35,1145.82,928.53,Mobile App
S03995,2023-07-14,ST02,C0052,P023,1,589.93,0.0,589.93,419.87,170.06,Retail Store
S03996,2024-04-04,ST07,C0350,P072,1,110.76,0.15,94.15,70.94,23.21,Online
S03997,2024-10-06,ST01,C0441,P044,3,670.76,0.1,1811.05,1344.15,466.9,Mobile App
S03998,2023-11-30,ST10,C0077,P018,1,560.51,0.0,560.51,344.12,216.39,Marketplace
S03999,2024-06-20,ST14,C0009,P017,1,780.73,0.1,702.66,390.83,311.83,Online
S04000,2024-02-05,ST06,C0434,P090,1,573.25,0.0,573.25,288.19,285.06,Marketplace
S04001,2025-05-22,ST12,C0415,P009,1,211.8,0.15,180.03,122.35,57.68,Retail Store
S04002,2023-06-14,ST11,C0367,P028,3,535.81,0.1,1446.69,903.6,543.09,Mobile App
S04003,2023-11-20,ST12,C0399,P017,1,780.73,0.1,702.66,390.83,311.83,Marketplace
S04004,2023-12-12,ST02,C0398,P003,3,101.68,0.0,305.04,133.44,171.6,Marketplace
S04005,2023-07-15,ST05,C0073,P016,2,442.1,0.0,884.2,556.5,327.7,Marketplace
S04006,2023-07-27,ST06,C0282,P046,2,653.19,0.1,1175.74,685.78,489.96,Mobile App
S04007,2023-04-13,ST13,C0158,P050,1,251.3,0.0,251.3,129.64,121.66,Online
S04008,2025-06-15,ST02,C0133,P004,1,700.29,0.15,595.25,393.26,201.99,Online
S04009,2023-04-23,ST08,C0073,P004,2,700.29,0.0,1400.58,786.52,614.06,Marketplace
S04010,2023-04-11,ST10,C0186,P016,3,442.1,0.0,1326.3,834.75,491.55,Marketplace
S04011,2023-05-04,ST08,C0286,P030,2,556.36,0.0,1112.72,550.18,562.54,Retail Store
S04012,2024-11-25,ST10,C0307,P022,1,753.54,0.0,753.54,415.36,338.18,Marketplace
S04013,2024-10-04,ST02,C0370,P093,1,466.42,0.05,443.1,269.66,173.44,Marketplace
S04014,2024-05-22,ST07,C0012,P076,2,361.84,0.0,723.68,331.48,392.2,Online
S04015,2023-02-06,ST05,C0441,P017,1,780.73,0.1,702.66,390.83,311.83,Retail Store
S04016,2023-10-26,ST05,C0164,P044,2,670.76,0.0,1341.52,896.1,445.42,Retail Store
S04017,2023-04-16,ST12,C0360,P029,3,230.02,0.0,690.06,361.5,328.56,Retail Store
S04018,2023-09-16,ST02,C0031,P032,2,266.96,0.0,533.92,286.7,247.22,Mobile App
S04019,2024-06-30,ST08,C0490,P052,2,179.16,0.1,322.49,223.62,98.87,Marketplace
S04020,2023-10-12,ST15,C0217,P048,1,113.1,0.0,113.1,59.05,54.05,Retail Store
S04021,2025-06-08,ST10,C0227,P048,2,113.1,0.15,192.27,118.1,74.17,Mobile App
S04022,2024-02-09,ST07,C0146,P048,2,113.1,0.0,226.2,118.1,108.1,Online
S04023,2024-05-19,ST14,C0246,P033,3,760.26,0.0,2280.78,1267.77,1013.01,Online
S04024,2023-09-22,ST07,C0237,P033,1,760.26,0.0,760.26,422.59,337.67,Retail Store
S04025,2025-02-18,ST01,C0285,P006,3,826.37,0.0,2479.11,1269.24,1209.87,Retail Store
S04026,2023-06-21,ST01,C0107,P005,1,187.0,0.15,158.95,94.13,64.82,Marketplace
S04027,2023-03-05,ST02,C0118,P071,1,573.25,0.05,544.59,357.51,187.08,Marketplace
S04028,2025-02-05,ST02,C0391,P036,1,539.12,0.05,512.16,311.18,200.98,Online
S04029,2024-03-09,ST01,C0265,P055,2,374.11,0.1,673.4,506.98,166.42,Retail Store
S04030,2024-09-10,ST13,C0050,P067,2,278.89,0.15,474.11,359.96,114.15,Mobile App
S04031,2023-06-13,ST03,C0055,P058,2,558.35,0.1,1005.03,499.6,505.43,Retail Store
S04032,2025-06-28,ST06,C0056,P093,1,466.42,0.15,396.46,269.66,126.8,Retail Store
S04033,2024-03-23,ST04,C0044,P060,4,550.86,0.1,1983.1,1362.12,620.98,Retail Store
S04034,2023-04-06,ST02,C0232,P053,5,512.39,0.0,2561.95,1552.35,1009.6,Retail Store
S04035,2024-02-04,ST04,C0365,P060,2,550.86,0.0,1101.72,681.06,420.66,Retail Store
S04036,2024-08-22,ST14,C0417,P007,1,572.81,0.0,572.81,334.88,237.93,Mobile App
S04037,2023-03-19,ST05,C0489,P068,2,675.48,0.05,1283.41,616.9,666.51,Mobile App
S04038,2023-05-11,ST07,C0411,P026,3,311.93,0.0,935.79,412.95,522.84,Retail Store
S04039,2023-12-31,ST01,C0101,P091,1,512.66,0.0,512.66,367.79,144.87,Marketplace
S04040,2024-06-21,ST09,C0179,P024,1,908.43,0.1,817.59,427.45,390.14,Mobile App
S04041,2023-04-03,ST12,C0219,P058,4,558.35,0.05,2121.73,999.2,1122.53,Mobile App
S04042,2025-04-22,ST04,C0016,P064,3,189.25,0.0,567.75,281.01,286.74,Retail Store
S04043,2025-06-09,ST11,C0102,P043,1,241.25,0.0,241.25,137.71,103.54,Marketplace
S04044,2023-02-28,ST13,C0422,P021,4,414.87,0.05,1576.51,735.64,840.87,Mobile App
S04045,2025-06-07,ST07,C0456,P056,2,647.27,0.05,1229.81,798.74,431.07,Online
S04046,2023-11-05,ST10,C0181,P011,2,309.34,0.0,618.68,386.28,232.4,Online
S04047,2024-06-26,ST14,C0359,P018,1,560.51,0.05,532.48,344.12,188.36,Retail Store
S04048,2025-06-21,ST05,C0030,P005,3,187.0,0.05,532.95,282.39,250.56,Marketplace
S04049,2023-04-22,ST05,C0052,P055,1,374.11,0.0,374.11,253.49,120.62,Retail Store
S04050,2025-02-02,ST13,C0035,P097,1,509.83,0.0,509.83,308.72,201.11,Retail Store
S04051,2024-10-22,ST08,C0302,P058,1,558.35,0.15,474.6,249.8,224.8,Marketplace
S04052,2023-09-11,ST05,C0468,P016,2,442.1,0.0,884.2,556.5,327.7,Retail Store
S04053,2024-10-11,ST05,C0336,P096,1,612.7,0.1,551.43,414.92,136.51,Online
S04054,2024-06-14,ST09,C0394,P070,2,819.07,0.0,1638.14,799.2,838.94,Mobile App
S04055,2023-09-06,ST06,C0002,P074,2,440.89,0.0,881.78,388.7,493.08,Retail Store
S04056,2024-12-20,ST03,C0402,P041,1,148.6,0.0,148.6,95.68,52.92,Mobile App
S04057,2024-08-09,ST09,C0312,P079,2,118.05,0.0,236.1,148.3,87.8,Mobile App
S04058,2023-12-31,ST10,C0426,P083,2,543.94,0.05,1033.49,661.8,371.69,Marketplace
S04059,2024-03-09,ST08,C0271,P078,1,331.1,0.15,281.44,171.92,109.52,Online
S04060,2024-07-03,ST04,C0034,P083,2,543.94,0.05,1033.49,661.8,371.69,Marketplace
S04061,2024-01-04,ST14,C0062,P088,1,656.76,0.05,623.92,312.14,311.78,Marketplace
S04062,2024-03-17,ST12,C0285,P078,3,331.1,0.0,993.3,515.76,477.54,Retail Store
S04063,2023-09-12,ST07,C0465,P053,1,512.39,0.0,512.39,310.47,201.92,Online
S04064,2024-11-30,ST05,C0249,P028,1,535.81,0.0,535.81,301.2,234.61,Marketplace
S04065,2023-04-09,ST05,C0293,P062,1,800.1,0.0,800.1,409.77,390.33,Online
S04066,2023-08-17,ST06,C0391,P023,4,589.93,0.05,2241.73,1679.48,562.25,Online
S04067,2024-03-29,ST12,C0378,P027,2,598.23,0.1,1076.81,691.98,384.83,Mobile App
S04068,2024-07-26,ST15,C0292,P075,1,347.7,0.0,347.7,174.24,173.46,Marketplace
S04069,2023-05-03,ST12,C0035,P002,1,441.21,0.0,441.21,287.87,153.34,Online
S04070,2023-04-01,ST11,C0435,P056,2,647.27,0.0,1294.54,798.74,495.8,Retail Store
S04071,2023-02-18,ST01,C0240,P028,1,535.81,0.1,482.23,301.2,181.03,Marketplace
S04072,2023-03-04,ST03,C0433,P070,2,819.07,0.0,1638.14,799.2,838.94,Retail Store
S04073,2024-09-09,ST14,C0029,P053,2,512.39,0.0,1024.78,620.94,403.84,Retail Store
S04074,2025-06-04,ST11,C0412,P081,1,595.21,0.15,505.93,338.24,167.69,Mobile App
S04075,2023-12-15,ST15,C0436,P013,1,633.58,0.1,570.22,406.57,163.65,Retail Store
S04076,2024-09-10,ST11,C0190,P031,3,173.34,0.15,442.02,366.9,75.12,Marketplace
S04077,2023-05-20,ST02,C0460,P019,2,451.75,0.0,903.5,435.66,467.84,Marketplace
S04078,2024-07-20,ST14,C0375,P003,2,101.68,0.1,183.02,88.96,94.06,Mobile App
S04079,2023-03-29,ST01,C0261,P085,1,595.13,0.0,595.13,307.6,287.53,Marketplace
S04080,2023-03-11,ST09,C0156,P034,1,530.96,0.0,530.96,368.19,162.77,Online
S04081,2024-11-15,ST08,C0062,P098,1,610.44,0.0,610.44,285.38,325.06,Online
S04082,2024-11-30,ST09,C0226,P074,2,440.89,0.0,881.78,388.7,493.08,Marketplace
S04083,2024-12-23,ST03,C0277,P002,1,441.21,0.0,441.21,287.87,153.34,Retail Store
S04084,2023-07-03,ST01,C0277,P034,1,530.96,0.05,504.41,368.19,136.22,Marketplace
S04085,2024-08-26,ST11,C0243,P041,3,148.6,0.0,445.8,287.04,158.76,Online
S04086,2024-03-22,ST10,C0195,P025,1,788.41,0.0,788.41,350.48,437.93,Mobile App
S04087,2023-08-27,ST02,C0207,P077,1,146.59,0.15,124.6,100.89,23.71,Retail Store
S04088,2023-11-10,ST15,C0262,P021,4,414.87,0.05,1576.51,735.64,840.87,Mobile App
S04089,2025-02-22,ST11,C0308,P022,2,753.54,0.05,1431.73,830.72,601.01,Online
S04090,2024-05-12,ST13,C0372,P060,1,550.86,0.05,523.32,340.53,182.79,Marketplace
S04091,2025-05-17,ST01,C0326,P086,1,320.59,0.0,320.59,197.58,123.01,Retail Store
S04092,2023-01-29,ST04,C0182,P076,1,361.84,0.15,307.56,165.74,141.82,Retail Store
S04093,2024-01-28,ST13,C0464,P034,2,530.96,0.0,1061.92,736.38,325.54,Marketplace
S04094,2025-04-13,ST07,C0182,P015,2,411.34,0.0,822.68,583.32,239.36,Marketplace
S04095,2023-12-16,ST04,C0329,P071,4,573.25,0.0,2293.0,1430.04,862.96,Marketplace
S04096,2023-10-14,ST15,C0346,P037,2,559.57,0.15,951.27,730.5,220.77,Online
S04097,2023-12-09,ST07,C0371,P043,3,241.25,0.0,723.75,413.13,310.62,Retail Store
S04098,2024-02-23,ST08,C0477,P100,1,691.45,0.1,622.31,381.94,240.37,Marketplace
S04099,2023-01-30,ST11,C0150,P024,1,908.43,0.0,908.43,427.45,480.98,Marketplace
S04100,2024-05-22,ST05,C0328,P090,5,573.25,0.1,2579.62,1440.95,1138.67,Marketplace
S04101,2025-02-22,ST04,C0280,P050,4,251.3,0.15,854.42,518.56,335.86,Mobile App
S04102,2023-10-04,ST01,C0220,P079,2,118.05,0.0,236.1,148.3,87.8,Marketplace
S04103,2024-10-05,ST03,C0160,P066,2,400.97,0.0,801.94,545.14,256.8,Marketplace
S04104,2024-03-23,ST09,C0079,P002,4,441.21,0.0,1764.84,1151.48,613.36,Retail Store
S04105,2023-05-03,ST03,C0073,P050,3,251.3,0.0,753.9,388.92,364.98,Online
S04106,2024-10-14,ST05,C0209,P081,6,595.21,0.1,3214.13,2029.44,1184.69,Online
S04107,2024-03-20,ST10,C0258,P001,1,474.05,0.0,474.05,252.9,221.15,Mobile App
S04108,2023-04-10,ST09,C0205,P069,3,952.97,0.15,2430.07,1316.64,1113.43,Online
S04109,2024-09-06,ST15,C0022,P079,1,118.05,0.05,112.15,74.15,38.0,Online
S04110,2024-08-24,ST08,C0203,P034,2,530.96,0.0,1061.92,736.38,325.54,Marketplace
S04111,2024-09-16,ST02,C0295,P078,1,331.1,0.05,314.55,171.92,142.63,Retail Store
S04112,2024-06-05,ST02,C0427,P080,4,421.17,0.0,1684.68,841.28,843.4,Mobile App
S04113,2024-03-09,ST14,C0110,P010,2,177.97,0.0,355.94,229.34,126.6,Online
S04114,2025-02-17,ST13,C0339,P046,4,653.19,0.1,2351.48,1371.56,979.92,Online
S04115,2024-04-06,ST07,C0366,P027,1,598.23,0.0,598.23,345.99,252.24,Online
S04116,2023-12-23,ST12,C0244,P028,1,535.81,0.05,509.02,301.2,207.82,Retail Store
S04117,2024-03-26,ST04,C0096,P044,1,670.76,0.0,670.76,448.05,222.71,Mobile App
S04118,2025-06-03,ST09,C0285,P042,1,552.37,0.0,552.37,408.54,143.83,Marketplace
S04119,2024-07-16,ST14,C0400,P043,1,241.25,0.15,205.06,137.71,67.35,Retail Store
S04120,2023-11-18,ST15,C0185,P022,3,753.54,0.0,2260.62,1246.08,1014.54,Mobile App
S04121,2025-06-09,ST05,C0075,P064,2,189.25,0.0,378.5,187.34,191.16,Retail Store
S04122,2023-10-19,ST11,C0163,P055,2,374.11,0.0,748.22,506.98,241.24,Online
S04123,2023-01-26,ST05,C0149,P090,2,573.25,0.0,1146.5,576.38,570.12,Marketplace
S04124,2023-02-11,ST02,C0433,P052,1,179.16,0.05,170.2,111.81,58.39,Marketplace
S04125,2025-02-01,ST13,C0034,P096,1,612.7,0.1,551.43,414.92,136.51,Online
S04126,2023-11-14,ST10,C0133,P090,1,573.25,0.1,515.93,288.19,227.74,Retail Store
S04127,2024-11-07,ST15,C0278,P070,1,819.07,0.15,696.21,399.6,296.61,Retail Store
S04128,2023-01-25,ST14,C0237,P052,2,179.16,0.1,322.49,223.62,98.87,Online
S04129,2025-03-23,ST02,C0140,P013,1,633.58,0.05,601.9,406.57,195.33,Mobile App
S04130,2023-11-07,ST14,C0265,P053,1,512.39,0.0,512.39,310.47,201.92,Online
S04131,2023-03-30,ST03,C0319,P042,1,552.37,0.05,524.75,408.54,116.21,Marketplace
S04132,2023-11-11,ST07,C0280,P034,3,530.96,0.1,1433.59,1104.57,329.02,Online
S04133,2023-11-22,ST10,C0500,P090,2,573.25,0.05,1089.17,576.38,512.79,Marketplace
S04134,2023-11-17,ST09,C0477,P040,3,151.24,0.05,431.03,199.83,231.2,Mobile App
S04135,2024-08-25,ST14,C0457,P089,2,178.67,0.0,357.34,194.24,163.1,Mobile App
S04136,2023-08-14,ST05,C0302,P044,1,670.76,0.0,670.76,448.05,222.71,Retail Store
S04137,2024-08-13,ST10,C0064,P015,2,411.34,0.0,822.68,583.32,239.36,Online
S04138,2024-06-23,ST11,C0433,P008,3,682.79,0.05,1945.95,952.41,993.54,Mobile App
S04139,2025-04-09,ST15,C0357,P032,3,266.96,0.05,760.84,430.05,330.79,Retail Store
S04140,2023-03-01,ST02,C0059,P045,2,240.79,0.05,457.5,235.04,222.46,Retail Store
S04141,2023-10-05,ST12,C0350,P055,2,374.11,0.0,748.22,506.98,241.24,Online
S04142,2023-11-04,ST13,C0276,P077,1,146.59,0.1,131.93,100.89,31.04,Marketplace
S04143,2023-01-18,ST06,C0216,P027,4,598.23,0.0,2392.92,1383.96,1008.96,Marketplace
S04144,2023-10-25,ST03,C0332,P091,3,512.66,0.0,1537.98,1103.37,434.61,Mobile App
S04145,2024-02-24,ST10,C0191,P042,2,552.37,0.0,1104.74,817.08,287.66,Marketplace
S04146,2025-02-25,ST01,C0004,P063,3,85.52,0.0,256.56,131.22,125.34,Mobile App
S04147,2024-06-01,ST09,C0153,P018,3,560.51,0.1,1513.38,1032.36,481.02,Mobile App
S04148,2025-04-01,ST05,C0025,P023,2,589.93,0.05,1120.87,839.74,281.13,Marketplace
S04149,2023-08-31,ST05,C0443,P088,4,656.76,0.15,2232.98,1248.56,984.42,Marketplace
S04150,2024-09-26,ST07,C0255,P056,2,647.27,0.0,1294.54,798.74,495.8,Mobile App
S04151,2024-06-19,ST03,C0135,P056,1,647.27,0.0,647.27,399.37,247.9,Mobile App
S04152,2025-06-17,ST14,C0217,P041,2,148.6,0.0,297.2,191.36,105.84,Marketplace
S04153,2023-12-11,ST06,C0227,P097,2,509.83,0.1,917.69,617.44,300.25,Retail Store
S04154,2023-12-22,ST13,C0231,P074,2,440.89,0.0,881.78,388.7,493.08,Mobile App
S04155,2024-06-05,ST13,C0099,P029,3,230.02,0.1,621.05,361.5,259.55,Retail Store
S04156,2025-01-06,ST04,C0067,P055,2,374.11,0.0,748.22,506.98,241.24,Mobile App
S04157,2023-04-02,ST07,C0449,P052,3,179.16,0.0,537.48,335.43,202.05,Online
S04158,2024-09-07,ST06,C0215,P099,1,381.31,0.15,324.11,214.51,109.6,Mobile App
S04159,2023-11-03,ST07,C0056,P007,1,572.81,0.15,486.89,334.88,152.01,Mobile App
S04160,2024-04-03,ST06,C0312,P078,1,331.1,0.0,331.1,171.92,159.18,Retail Store
S04161,2024-11-27,ST15,C0356,P002,6,441.21,0.15,2250.17,1727.22,522.95,Marketplace
S04162,2023-11-06,ST03,C0439,P021,2,414.87,0.0,829.74,367.82,461.92,Online
S04163,2024-07-14,ST03,C0151,P020,6,796.23,0.05,4538.51,2477.22,2061.29,Marketplace
S04164,2023-11-27,ST11,C0356,P062,2,800.1,0.05,1520.19,819.54,700.65,Mobile App
S04165,2024-02-02,ST13,C0069,P052,1,179.16,0.0,179.16,111.81,67.35,Retail Store
S04166,2024-03-28,ST02,C0015,P050,1,251.3,0.0,251.3,129.64,121.66,Online
S04167,2025-02-10,ST02,C0364,P036,1,539.12,0.0,539.12,311.18,227.94,Mobile App
S04168,2024-12-18,ST05,C0418,P065,2,54.39,0.1,97.9,58.22,39.68,Marketplace
S04169,2025-02-04,ST13,C0004,P008,2,682.79,0.1,1229.02,634.94,594.08,Retail Store
S04170,2024-05-03,ST10,C0243,P014,2,523.69,0.1,942.64,483.1,459.54,Marketplace
S04171,2023-09-19,ST08,C0365,P062,3,800.1,0.1,2160.27,1229.31,930.96,Online
S04172,2023-02-13,ST02,C0448,P026,1,311.93,0.0,311.93,137.65,174.28,Mobile App
S04173,2025-06-26,ST13,C0477,P057,1,866.66,0.0,866.66,379.34,487.32,Mobile App
S04174,2024-01-02,ST12,C0070,P058,2,558.35,0.05,1060.87,499.6,561.27,Mobile App
S04175,2023-07-25,ST13,C0327,P022,2,753.54,0.05,1431.73,830.72,601.01,Retail Store
S04176,2024-11-07,ST02,C0374,P019,2,451.75,0.0,903.5,435.66,467.84,Retail Store
S04177,2023-03-25,ST05,C0271,P027,1,598.23,0.0,598.23,345.99,252.24,Marketplace
S04178,2025-02-08,ST07,C0117,P044,3,670.76,0.0,2012.28,1344.15,668.13,Marketplace
S04179,2023-03-28,ST01,C0273,P097,3,509.83,0.05,1453.02,926.16,526.86,Mobile App
S04180,2023-11-03,ST06,C0087,P082,3,824.42,0.0,2473.26,1248.99,1224.27,Online
S04181,2023-03-03,ST02,C0066,P040,1,151.24,0.15,128.55,66.61,61.94,Online
S04182,2024-12-30,ST15,C0167,P065,3,54.39,0.0,163.17,87.33,75.84,Mobile App
S04183,2024-03-08,ST05,C0487,P097,1,509.83,0.0,509.83,308.72,201.11,Retail Store
S04184,2023-07-11,ST07,C0484,P087,1,643.14,0.0,643.14,358.95,284.19,Mobile App
S04185,2024-12-25,ST05,C0189,P084,1,240.69,0.15,204.59,163.63,40.96,Marketplace
S04186,2024-08-16,ST03,C0379,P044,2,670.76,0.0,1341.52,896.1,445.42,Retail Store
S04187,2023-10-02,ST04,C0072,P015,2,411.34,0.0,822.68,583.32,239.36,Marketplace
S04188,2025-01-02,ST09,C0395,P037,4,559.57,0.1,2014.45,1461.0,553.45,Marketplace
S04189,2024-01-30,ST10,C0482,P088,1,656.76,0.15,558.25,312.14,246.11,Retail Store
S04190,2024-05-06,ST15,C0225,P058,2,558.35,0.05,1060.87,499.6,561.27,Online
S04191,2023-07-02,ST05,C0341,P032,1,266.96,0.15,226.92,143.35,83.57,Online
S04192,2024-01-02,ST01,C0087,P063,3,85.52,0.0,256.56,131.22,125.34,Marketplace
S04193,2024-07-23,ST14,C0087,P088,1,656.76,0.0,656.76,312.14,344.62,Marketplace
S04194,2024-02-17,ST01,C0366,P046,2,653.19,0.15,1110.42,685.78,424.64,Retail Store
S04195,2024-11-26,ST13,C0311,P009,1,211.8,0.05,201.21,122.35,78.86,Online
S04196,2023-06-14,ST06,C0131,P006,1,826.37,0.15,702.41,423.08,279.33,Online
S04197,2023-01-17,ST10,C0198,P005,1,187.0,0.0,187.0,94.13,92.87,Mobile App
S04198,2024-10-02,ST09,C0280,P093,1,466.42,0.0,466.42,269.66,196.76,Mobile App
S04199,2025-02-24,ST04,C0458,P080,3,421.17,0.0,1263.51,630.96,632.55,Online
S04200,2024-06-09,ST01,C0007,P040,2,151.24,0.15,257.11,133.22,123.89,Retail Store
S04201,2023-07-14,ST12,C0036,P066,1,400.97,0.05,380.92,272.57,108.35,Marketplace
S04202,2025-05-26,ST05,C0259,P061,2,603.93,0.1,1087.07,659.98,427.09,Retail Store
S04203,2024-11-07,ST03,C0177,P055,2,374.11,0.0,748.22,506.98,241.24,Mobile App
S04204,2024-03-01,ST11,C0470,P033,2,760.26,0.0,1520.52,845.18,675.34,Mobile App
S04205,2025-05-03,ST01,C0219,P034,1,530.96,0.1,477.86,368.19,109.67,Online
S04206,2024-04-30,ST06,C0451,P069,1,952.97,0.15,810.02,438.88,371.14,Retail Store
S04207,2024-07-13,ST10,C0309,P061,1,603.93,0.0,603.93,329.99,273.94,Marketplace
S04208,2024-12-01,ST09,C0402,P091,1,512.66,0.0,512.66,367.79,144.87,Retail Store
S04209,2024-01-31,ST11,C0352,P083,1,543.94,0.15,462.35,330.9,131.45,Mobile App
S04210,2024-05-30,ST10,C0330,P031,1,173.34,0.0,173.34,122.3,51.04,Online
S04211,2024-07-24,ST09,C0234,P069,1,952.97,0.1,857.67,438.88,418.79,Mobile App
S04212,2024-04-20,ST07,C0377,P069,1,952.97,0.1,857.67,438.88,418.79,Marketplace
S04213,2023-11-28,ST09,C0271,P076,1,361.84,0.0,361.84,165.74,196.1,Retail Store
S04214,2023-05-15,ST08,C0162,P040,1,151.24,0.1,136.12,66.61,69.51,Online
S04215,2023-05-18,ST05,C0054,P062,4,800.1,0.05,3040.38,1639.08,1401.3,Online
S04216,2024-09-16,ST04,C0193,P033,2,760.26,0.0,1520.52,845.18,675.34,Retail Store
S04217,2023-10-01,ST09,C0307,P094,3,634.83,0.15,1618.82,911.46,707.36,Marketplace
S04218,2024-02-01,ST03,C0130,P091,1,512.66,0.0,512.66,367.79,144.87,Online
S04219,2023-10-18,ST09,C0426,P027,2,598.23,0.15,1016.99,691.98,325.01,Online
S04220,2025-01-26,ST03,C0231,P076,1,361.84,0.1,325.66,165.74,159.92,Online
S04221,2023-02-28,ST13,C0291,P031,1,173.34,0.0,173.34,122.3,51.04,Online
S04222,2023-07-05,ST11,C0331,P015,1,411.34,0.1,370.21,291.66,78.55,Marketplace
S04223,2024-01-11,ST15,C0201,P004,2,700.29,0.0,1400.58,786.52,614.06,Online
S04224,2025-01-20,ST14,C0265,P023,1,589.93,0.1,530.94,419.87,111.07,Retail Store
S04225,2024-08-11,ST09,C0296,P092,1,496.59,0.0,496.59,284.79,211.8,Online
S04226,2023-08-22,ST01,C0063,P019,2,451.75,0.0,903.5,435.66,467.84,Retail Store
S04227,2024-07-01,ST03,C0118,P024,1,908.43,0.0,908.43,427.45,480.98,Retail Store
S04228,2024-01-05,ST09,C0355,P009,2,211.8,0.05,402.42,244.7,157.72,Marketplace
S04229,2023-04-14,ST02,C0195,P056,2,647.27,0.0,1294.54,798.74,495.8,Retail Store
S04230,2023-06-24,ST11,C0431,P066,1,400.97,0.1,360.87,272.57,88.3,Marketplace
S04231,2023-08-12,ST02,C0198,P092,2,496.59,0.0,993.18,569.58,423.6,Retail Store
S04232,2025-01-23,ST06,C0097,P038,1,348.21,0.05,330.8,215.66,115.14,Retail Store
S04233,2024-02-27,ST15,C0032,P037,1,559.57,0.15,475.63,365.25,110.38,Online
S04234,2024-05-25,ST15,C0149,P071,1,573.25,0.0,573.25,357.51,215.74,Online
S04235,2024-02-02,ST02,C0484,P083,4,543.94,0.1,1958.18,1323.6,634.58,Retail Store
S04236,2024-08-12,ST07,C0142,P062,2,800.1,0.1,1440.18,819.54,620.64,Online
S04237,2023-02-03,ST05,C0162,P025,3,788.41,0.05,2246.97,1051.44,1195.53,Mobile App
S04238,2023-05-26,ST02,C0405,P087,3,643.14,0.0,1929.42,1076.85,852.57,Retail Store
S04239,2023-05-05,ST13,C0376,P026,2,311.93,0.0,623.86,275.3,348.56,Marketplace
S04240,2023-08-24,ST15,C0207,P097,2,509.83,0.0,1019.66,617.44,402.22,Retail Store
S04241,2025-01-02,ST14,C0419,P048,1,113.1,0.0,113.1,59.05,54.05,Mobile App
S04242,2024-08-23,ST07,C0302,P096,3,612.7,0.05,1746.19,1244.76,501.43,Retail Store
S04243,2023-06-10,ST15,C0011,P043,1,241.25,0.15,205.06,137.71,67.35,Retail Store
S04244,2025-02-15,ST15,C0222,P056,3,647.27,0.15,1650.54,1198.11,452.43,Marketplace
S04245,2025-05-28,ST02,C0138,P055,1,374.11,0.0,374.11,253.49,120.62,Retail Store
S04246,2024-03-18,ST15,C0202,P083,3,543.94,0.0,1631.82,992.7,639.12,Mobile App
S04247,2023-01-19,ST02,C0363,P012,2,703.62,0.15,1196.15,683.24,512.91,Online
S04248,2025-02-22,ST13,C0001,P037,1,559.57,0.05,531.59,365.25,166.34,Mobile App
S04249,2023-03-18,ST10,C0205,P013,2,633.58,0.1,1140.44,813.14,327.3,Mobile App
S04250,2024-07-02,ST08,C0317,P099,2,381.31,0.0,762.62,429.02,333.6,Retail Store
S04251,2025-02-28,ST09,C0396,P048,2,113.1,0.0,226.2,118.1,108.1,Marketplace
S04252,2025-03-31,ST04,C0281,P054,1,66.5,0.0,66.5,28.96,37.54,Online
S04253,2024-01-06,ST12,C0274,P049,1,878.21,0.1,790.39,391.27,399.12,Marketplace
S04254,2023-11-28,ST10,C0199,P021,1,414.87,0.05,394.13,183.91,210.22,Retail Store
S04255,2024-08-21,ST09,C0120,P068,1,675.48,0.05,641.71,308.45,333.26,Retail Store
S04256,2023-03-24,ST11,C0271,P061,3,603.93,0.15,1540.02,989.97,550.05,Marketplace
S04257,2025-05-09,ST06,C0038,P079,2,118.05,0.0,236.1,148.3,87.8,Mobile App
S04258,2024-10-21,ST03,C0220,P076,2,361.84,0.0,723.68,331.48,392.2,Marketplace
S04259,2023-05-09,ST08,C0292,P010,1,177.97,0.05,169.07,114.67,54.4,Retail Store
S04260,2023-04-12,ST04,C0305,P089,1,178.67,0.0,178.67,97.12,81.55,Retail Store
S04261,2024-10-31,ST07,C0068,P012,1,703.62,0.15,598.08,341.62,256.46,Mobile App
S04262,2025-04-29,ST11,C0435,P059,4,618.97,0.1,2228.29,1696.2,532.09,Online
S04263,2024-04-20,ST05,C0008,P049,4,878.21,0.0,3512.84,1565.08,1947.76,Retail Store
S04264,2025-01-25,ST15,C0484,P098,1,610.44,0.1,549.4,285.38,264.02,Mobile App
S04265,2025-05-15,ST02,C0482,P018,2,560.51,0.05,1064.97,688.24,376.73,Mobile App
S04266,2025-04-28,ST06,C0262,P043,2,241.25,0.0,482.5,275.42,207.08,Marketplace
S04267,2023-08-18,ST05,C0234,P063,1,85.52,0.15,72.69,43.74,28.95,Retail Store
S04268,2025-03-16,ST03,C0383,P086,1,320.59,0.05,304.56,197.58,106.98,Mobile App
S04269,2023-08-05,ST03,C0309,P050,2,251.3,0.0,502.6,259.28,243.32,Retail Store
S04270,2023-04-22,ST13,C0345,P070,1,819.07,0.15,696.21,399.6,296.61,Online
S04271,2025-01-04,ST10,C0048,P036,3,539.12,0.15,1374.76,933.54,441.22,Marketplace
S04272,2023-10-27,ST05,C0224,P018,2,560.51,0.0,1121.02,688.24,432.78,Online
S04273,2024-06-16,ST08,C0309,P019,1,451.75,0.0,451.75,217.83,233.92,Retail Store
S04274,2023-12-22,ST13,C0028,P058,1,558.35,0.15,474.6,249.8,224.8,Mobile App
S04275,2024-11-12,ST06,C0375,P093,1,466.42,0.0,466.42,269.66,196.76,Online
S04276,2023-08-03,ST09,C0422,P014,1,523.69,0.0,523.69,241.55,282.14,Mobile App
S04277,2024-01-21,ST14,C0249,P048,2,113.1,0.0,226.2,118.1,108.1,Mobile App
S04278,2023-05-12,ST09,C0400,P056,1,647.27,0.0,647.27,399.37,247.9,Retail Store
S04279,2023-06-09,ST03,C0073,P074,2,440.89,0.0,881.78,388.7,493.08,Marketplace
S04280,2025-06-02,ST10,C0364,P001,3,474.05,0.0,1422.15,758.7,663.45,Retail Store
S04281,2024-02-05,ST07,C0324,P009,1,211.8,0.0,211.8,122.35,89.45,Mobile App
S04282,2023-08-20,ST01,C0141,P053,1,512.39,0.05,486.77,310.47,176.3,Online
S04283,2024-06-21,ST03,C0424,P028,2,535.81,0.0,1071.62,602.4,469.22,Marketplace
S04284,2024-03-22,ST03,C0258,P023,2,589.93,0.1,1061.87,839.74,222.13,Mobile App
S04285,2023-12-08,ST13,C0454,P093,3,466.42,0.0,1399.26,808.98,590.28,Retail Store
S04286,2025-05-14,ST08,C0046,P008,1,682.79,0.1,614.51,317.47,297.04,Online
S04287,2023-10-16,ST05,C0353,P021,4,414.87,0.15,1410.56,735.64,674.92,Marketplace
S04288,2024-01-22,ST03,C0047,P031,3,173.34,0.05,494.02,366.9,127.12,Retail Store
S04289,2024-09-13,ST15,C0483,P050,1,251.3,0.1,226.17,129.64,96.53,Mobile App
S04290,2025-05-27,ST02,C0247,P001,1,474.05,0.0,474.05,252.9,221.15,Mobile App
S04291,2025-03-12,ST12,C0329,P072,3,110.76,0.0,332.28,212.82,119.46,Retail Store
S04292,2025-05-03,ST06,C0295,P015,2,411.34,0.0,822.68,583.32,239.36,Online
S04293,2023-11-27,ST13,C0454,P060,3,550.86,0.0,1652.58,1021.59,630.99,Retail Store
S04294,2024-10-13,ST07,C0096,P041,1,148.6,0.0,148.6,95.68,52.92,Retail Store
S04295,2025-01-18,ST04,C0186,P096,2,612.7,0.05,1164.13,829.84,334.29,Retail Store
S04296,2023-01-20,ST04,C0070,P073,4,238.26,0.0,953.04,694.4,258.64,Retail Store
S04297,2025-05-30,ST13,C0037,P060,1,550.86,0.05,523.32,340.53,182.79,Mobile App
S04298,2024-07-05,ST01,C0008,P088,3,656.76,0.05,1871.77,936.42,935.35,Mobile App
S04299,2025-02-05,ST11,C0425,P090,3,573.25,0.0,1719.75,864.57,855.18,Mobile App
S04300,2024-08-26,ST06,C0365,P072,2,110.76,0.15,188.29,141.88,46.41,Mobile App
S04301,2025-05-07,ST11,C0416,P030,3,556.36,0.0,1669.08,825.27,843.81,Marketplace
S04302,2024-09-21,ST09,C0304,P053,1,512.39,0.1,461.15,310.47,150.68,Online
S04303,2024-12-19,ST03,C0177,P053,4,512.39,0.1,1844.6,1241.88,602.72,Mobile App
S04304,2023-08-07,ST08,C0490,P036,2,539.12,0.0,1078.24,622.36,455.88,Marketplace
S04305,2024-05-18,ST10,C0046,P094,2,634.83,0.15,1079.21,607.64,471.57,Online
S04306,2023-10-09,ST13,C0104,P061,3,603.93,0.0,1811.79,989.97,821.82,Retail Store
S04307,2025-05-23,ST13,C0462,P028,1,535.81,0.15,455.44,301.2,154.24,Retail Store
S04308,2023-11-27,ST06,C0133,P005,1,187.0,0.0,187.0,94.13,92.87,Online
S04309,2025-01-09,ST09,C0397,P046,2,653.19,0.15,1110.42,685.78,424.64,Marketplace
S04310,2023-04-22,ST03,C0351,P029,1,230.02,0.0,230.02,120.5,109.52,Marketplace
S04311,2025-02-28,ST15,C0110,P038,2,348.21,0.15,591.96,431.32,160.64,Mobile App
S04312,2025-02-20,ST09,C0132,P057,4,866.66,0.0,3466.64,1517.36,1949.28,Mobile App
S04313,2023-12-20,ST09,C0216,P020,2,796.23,0.0,1592.46,825.74,766.72,Marketplace
S04314,2025-04-08,ST07,C0280,P035,2,381.12,0.0,762.24,351.16,411.08,Marketplace
S04315,2023-12-25,ST10,C0100,P058,1,558.35,0.1,502.52,249.8,252.72,Online
S04316,2025-06-09,ST15,C0129,P092,4,496.59,0.0,1986.36,1139.16,847.2,Online
S04317,2023-08-21,ST03,C0156,P071,3,573.25,0.0,1719.75,1072.53,647.22,Online
S04318,2023-03-24,ST13,C0472,P049,1,878.21,0.15,746.48,391.27,355.21,Mobile App
S04319,2025-01-19,ST03,C0469,P052,1,179.16,0.1,161.24,111.81,49.43,Retail Store
S04320,2023-08-03,ST01,C0172,P043,4,241.25,0.05,916.75,550.84,365.91,Marketplace
S04321,2023-07-11,ST01,C0361,P036,2,539.12,0.05,1024.33,622.36,401.97,Mobile App
S04322,2025-03-22,ST06,C0318,P058,1,558.35,0.0,558.35,249.8,308.55,Retail Store
S04323,2025-04-14,ST07,C0492,P047,2,583.71,0.0,1167.42,831.48,335.94,Online
S04324,2024-07-29,ST12,C0094,P073,2,238.26,0.0,476.52,347.2,129.32,Retail Store
S04325,2025-03-12,ST06,C0480,P070,2,819.07,0.0,1638.14,799.2,838.94,Retail Store
S04326,2024-11-29,ST11,C0253,P006,1,826.37,0.15,702.41,423.08,279.33,Mobile App
S04327,2024-01-06,ST11,C0015,P094,1,634.83,0.1,571.35,303.82,267.53,Retail Store
S04328,2023-01-31,ST02,C0052,P030,1,556.36,0.0,556.36,275.09,281.27,Marketplace
S04329,2025-02-28,ST07,C0260,P100,1,691.45,0.0,691.45,381.94,309.51,Retail Store
S04330,2025-01-19,ST13,C0169,P019,1,451.75,0.0,451.75,217.83,233.92,Marketplace
S04331,2025-05-06,ST01,C0200,P088,1,656.76,0.15,558.25,312.14,246.11,Online
S04332,2024-03-05,ST01,C0325,P022,2,753.54,0.05,1431.73,830.72,601.01,Mobile App
S04333,2024-01-12,ST14,C0162,P030,5,556.36,0.0,2781.8,1375.45,1406.35,Retail Store
S04334,2025-02-05,ST01,C0091,P088,2,656.76,0.0,1313.52,624.28,689.24,Online
S04335,2024-10-15,ST15,C0225,P024,3,908.43,0.0,2725.29,1282.35,1442.94,Mobile App
S04336,2025-03-09,ST03,C0006,P008,2,682.79,0.05,1297.3,634.94,662.36,Retail Store
S04337,2025-01-17,ST02,C0164,P011,1,309.34,0.0,309.34,193.14,116.2,Online
S04338,2025-01-21,ST03,C0477,P093,1,466.42,0.0,466.42,269.66,196.76,Mobile App
S04339,2024-09-28,ST15,C0325,P057,1,866.66,0.1,779.99,379.34,400.65,Mobile App
S04340,2024-04-06,ST05,C0225,P005,2,187.0,0.0,374.0,188.26,185.74,Marketplace
S04341,2023-11-17,ST08,C0392,P013,1,633.58,0.15,538.54,406.57,131.97,Online
S04342,2024-07-02,ST10,C0238,P017,1,780.73,0.1,702.66,390.83,311.83,Retail Store
S04343,2025-01-11,ST12,C0363,P046,5,653.19,0.1,2939.36,1714.45,1224.91,Mobile App
S04344,2024-11-03,ST15,C0015,P083,5,543.94,0.0,2719.7,1654.5,1065.2,Retail Store
S04345,2024-02-17,ST07,C0005,P007,3,572.81,0.0,1718.43,1004.64,713.79,Online
S04346,2023-01-25,ST12,C0396,P039,1,839.98,0.0,839.98,396.66,443.32,Online
S04347,2023-02-17,ST10,C0460,P089,2,178.67,0.0,357.34,194.24,163.1,Retail Store
S04348,2024-08-07,ST03,C0179,P036,1,539.12,0.0,539.12,311.18,227.94,Online
S04349,2024-07-28,ST09,C0024,P055,2,374.11,0.1,673.4,506.98,166.42,Mobile App
S04350,2024-12-21,ST09,C0037,P009,1,211.8,0.0,211.8,122.35,89.45,Retail Store
S04351,2023-05-04,ST06,C0335,P029,1,230.02,0.1,207.02,120.5,86.52,Online
S04352,2024-01-01,ST06,C0184,P070,2,819.07,0.0,1638.14,799.2,838.94,Mobile App
S04353,2024-07-26,ST06,C0291,P088,1,656.76,0.0,656.76,312.14,344.62,Retail Store
S04354,2023-10-13,ST02,C0199,P047,2,583.71,0.0,1167.42,831.48,335.94,Retail Store
S04355,2023-03-16,ST08,C0494,P053,1,512.39,0.1,461.15,310.47,150.68,Retail Store
S04356,2023-05-24,ST07,C0010,P083,3,543.94,0.1,1468.64,992.7,475.94,Marketplace
S04357,2024-04-15,ST02,C0031,P071,3,573.25,0.1,1547.78,1072.53,475.25,Marketplace
S04358,2025-06-02,ST08,C0225,P092,1,496.59,0.0,496.59,284.79,211.8,Retail Store
S04359,2025-01-26,ST15,C0357,P100,1,691.45,0.0,691.45,381.94,309.51,Marketplace
S04360,2024-11-26,ST12,C0137,P065,1,54.39,0.15,46.23,29.11,17.12,Online
S04361,2025-02-10,ST04,C0456,P092,4,496.59,0.15,1688.41,1139.16,549.25,Online
S04362,2024-09-16,ST05,C0435,P073,1,238.26,0.0,238.26,173.6,64.66,Mobile App
S04363,2024-12-23,ST01,C0011,P029,2,230.02,0.05,437.04,241.0,196.04,Marketplace
S04364,2023-10-18,ST13,C0194,P059,1,618.97,0.0,618.97,424.05,194.92,Mobile App
S04365,2024-03-11,ST04,C0005,P042,1,552.37,0.0,552.37,408.54,143.83,Mobile App
S04366,2024-10-31,ST08,C0038,P002,1,441.21,0.0,441.21,287.87,153.34,Marketplace
S04367,2023-08-26,ST03,C0131,P041,3,148.6,0.05,423.51,287.04,136.47,Online
S04368,2024-09-18,ST08,C0055,P037,1,559.57,0.1,503.61,365.25,138.36,Mobile App
S04369,2025-01-23,ST01,C0299,P024,1,908.43,0.15,772.17,427.45,344.72,Online
S04370,2024-12-29,ST10,C0485,P085,1,595.13,0.15,505.86,307.6,198.26,Online
S04371,2023-06-30,ST04,C0405,P029,1,230.02,0.0,230.02,120.5,109.52,Mobile App
S04372,2024-01-13,ST01,C0036,P013,1,633.58,0.15,538.54,406.57,131.97,Retail Store
S04373,2023-06-15,ST11,C0021,P074,3,440.89,0.05,1256.54,583.05,673.49,Retail Store
S04374,2025-03-09,ST01,C0126,P046,2,653.19,0.15,1110.42,685.78,424.64,Marketplace
S04375,2025-05-10,ST04,C0130,P066,1,400.97,0.0,400.97,272.57,128.4,Online
S04376,2025-03-16,ST07,C0046,P015,2,411.34,0.05,781.55,583.32,198.23,Marketplace
S04377,2023-07-24,ST03,C0407,P029,1,230.02,0.1,207.02,120.5,86.52,Retail Store
S04378,2025-05-13,ST11,C0459,P037,1,559.57,0.0,559.57,365.25,194.32,Marketplace
S04379,2025-04-20,ST15,C0387,P043,1,241.25,0.1,217.12,137.71,79.41,Marketplace
S04380,2024-08-12,ST10,C0439,P042,3,552.37,0.0,1657.11,1225.62,431.49,Retail Store
S04381,2024-07-24,ST12,C0304,P022,2,753.54,0.1,1356.37,830.72,525.65,Marketplace
S04382,2025-04-06,ST07,C0086,P040,4,151.24,0.0,604.96,266.44,338.52,Online
S04383,2025-06-06,ST11,C0215,P031,1,173.34,0.0,173.34,122.3,51.04,Retail Store
S04384,2023-06-30,ST08,C0073,P089,2,178.67,0.0,357.34,194.24,163.1,Mobile App
S04385,2024-09-30,ST02,C0096,P067,1,278.89,0.0,278.89,179.98,98.91,Marketplace
S04386,2023-06-03,ST01,C0456,P060,1,550.86,0.15,468.23,340.53,127.7,Online
S04387,2024-01-01,ST08,C0465,P001,1,474.05,0.0,474.05,252.9,221.15,Retail Store
S04388,2024-01-26,ST03,C0432,P045,1,240.79,0.0,240.79,117.52,123.27,Retail Store
S04389,2023-08-26,ST07,C0097,P024,1,908.43,0.15,772.17,427.45,344.72,Online
S04390,2023-03-23,ST13,C0332,P013,1,633.58,0.1,570.22,406.57,163.65,Online
S04391,2023-12-02,ST15,C0181,P009,2,211.8,0.1,381.24,244.7,136.54,Retail Store
S04392,2025-05-12,ST15,C0294,P067,3,278.89,0.05,794.84,539.94,254.9,Retail Store
S04393,2023-04-17,ST10,C0188,P088,4,656.76,0.0,2627.04,1248.56,1378.48,Marketplace
S04394,2024-10-16,ST02,C0396,P014,3,523.69,0.1,1413.96,724.65,689.31,Marketplace
S04395,2024-02-01,ST06,C0275,P028,1,535.81,0.0,535.81,301.2,234.61,Retail Store
S04396,2025-04-18,ST15,C0302,P094,1,634.83,0.0,634.83,303.82,331.01,Marketplace
S04397,2024-02-18,ST08,C0499,P089,2,178.67,0.0,357.34,194.24,163.1,Retail Store
S04398,2024-09-05,ST09,C0285,P049,1,878.21,0.0,878.21,391.27,486.94,Retail Store
S04399,2023-04-18,ST06,C0396,P097,1,509.83,0.0,509.83,308.72,201.11,Marketplace
S04400,2024-10-12,ST13,C0392,P069,1,952.97,0.15,810.02,438.88,371.14,Online
S04401,2023-06-23,ST07,C0281,P009,2,211.8,0.1,381.24,244.7,136.54,Online
S04402,2025-02-24,ST10,C0466,P066,1,400.97,0.05,380.92,272.57,108.35,Online
S04403,2024-12-13,ST06,C0142,P066,1,400.97,0.0,400.97,272.57,128.4,Retail Store
S04404,2023-09-20,ST09,C0050,P085,1,595.13,0.0,595.13,307.6,287.53,Online
S04405,2024-03-26,ST08,C0387,P093,2,466.42,0.0,932.84,539.32,393.52,Retail Store
S04406,2023-04-29,ST09,C0091,P007,1,572.81,0.0,572.81,334.88,237.93,Mobile App
S04407,2025-02-19,ST11,C0066,P069,1,952.97,0.0,952.97,438.88,514.09,Online
S04408,2024-06-30,ST03,C0485,P085,1,595.13,0.0,595.13,307.6,287.53,Mobile App
S04409,2025-06-25,ST05,C0143,P012,3,703.62,0.05,2005.32,1024.86,980.46,Mobile App
S04410,2023-09-15,ST12,C0109,P084,3,240.69,0.0,722.07,490.89,231.18,Retail Store
S04411,2024-09-08,ST06,C0216,P009,2,211.8,0.1,381.24,244.7,136.54,Online
S04412,2024-01-17,ST11,C0006,P090,1,573.25,0.0,573.25,288.19,285.06,Retail Store
S04413,2024-01-08,ST11,C0019,P017,4,780.73,0.0,3122.92,1563.32,1559.6,Retail Store
S04414,2023-05-13,ST12,C0480,P036,1,539.12,0.15,458.25,311.18,147.07,Online
S04415,2023-09-22,ST03,C0437,P029,2,230.02,0.0,460.04,241.0,219.04,Marketplace
S04416,2023-08-27,ST14,C0184,P064,1,189.25,0.0,189.25,93.67,95.58,Retail Store
S04417,2024-07-16,ST12,C0191,P032,1,266.96,0.0,266.96,143.35,123.61,Retail Store
S04418,2025-04-06,ST03,C0389,P100,4,691.45,0.1,2489.22,1527.76,961.46,Retail Store
S04419,2023-12-03,ST15,C0172,P054,4,66.5,0.0,266.0,115.84,150.16,Marketplace
S04420,2024-09-15,ST04,C0203,P033,4,760.26,0.0,3041.04,1690.36,1350.68,Retail Store
S04421,2024-02-22,ST13,C0367,P045,2,240.79,0.1,433.42,235.04,198.38,Online
S04422,2023-01-10,ST08,C0234,P057,2,866.66,0.0,1733.32,758.68,974.64,Marketplace
S04423,2023-05-02,ST10,C0050,P075,3,347.7,0.1,938.79,522.72,416.07,Online
S04424,2023-10-22,ST02,C0394,P017,1,780.73,0.15,663.62,390.83,272.79,Retail Store
S04425,2024-09-23,ST10,C0083,P084,1,240.69,0.0,240.69,163.63,77.06,Marketplace
S04426,2024-09-17,ST14,C0453,P088,3,656.76,0.15,1674.74,936.42,738.32,Retail Store
S04427,2024-10-11,ST07,C0153,P061,2,603.93,0.1,1087.07,659.98,427.09,Retail Store
S04428,2024-10-07,ST12,C0299,P021,4,414.87,0.1,1493.53,735.64,757.89,Online
S04429,2024-11-01,ST13,C0484,P016,1,442.1,0.0,442.1,278.25,163.85,Mobile App
S04430,2023-08-22,ST12,C0432,P032,1,266.96,0.1,240.26,143.35,96.91,Mobile App
S04431,2023-03-28,ST07,C0318,P009,1,211.8,0.05,201.21,122.35,78.86,Online
S04432,2023-02-23,ST02,C0291,P020,1,796.23,0.0,796.23,412.87,383.36,Retail Store
S04433,2023-10-31,ST01,C0250,P054,1,66.5,0.1,59.85,28.96,30.89,Retail Store
S04434,2023-08-02,ST09,C0208,P047,2,583.71,0.0,1167.42,831.48,335.94,Marketplace
S04435,2025-04-07,ST13,C0236,P051,1,502.39,0.0,502.39,304.38,198.01,Marketplace
S04436,2025-06-27,ST07,C0359,P030,1,556.36,0.0,556.36,275.09,281.27,Retail Store
S04437,2025-05-05,ST13,C0263,P074,1,440.89,0.05,418.85,194.35,224.5,Mobile App
S04438,2025-05-31,ST05,C0031,P047,1,583.71,0.1,525.34,415.74,109.6,Mobile App
S04439,2024-06-28,ST13,C0391,P100,2,691.45,0.0,1382.9,763.88,619.02,Mobile App
S04440,2024-11-12,ST08,C0019,P084,1,240.69,0.05,228.66,163.63,65.03,Marketplace
S04441,2023-02-11,ST05,C0351,P026,4,311.93,0.1,1122.95,550.6,572.35,Online
S04442,2023-08-20,ST10,C0116,P092,2,496.59,0.05,943.52,569.58,373.94,Mobile App
S04443,2024-07-18,ST11,C0155,P002,1,441.21,0.1,397.09,287.87,109.22,Marketplace
S04444,2023-10-03,ST04,C0233,P022,2,753.54,0.0,1507.08,830.72,676.36,Online
S04445,2023-12-26,ST07,C0069,P050,5,251.3,0.0,1256.5,648.2,608.3,Retail Store
S04446,2023-12-04,ST03,C0496,P038,2,348.21,0.0,696.42,431.32,265.1,Online
S04447,2025-05-31,ST03,C0341,P053,1,512.39,0.15,435.53,310.47,125.06,Mobile App
S04448,2024-05-24,ST12,C0285,P084,3,240.69,0.0,722.07,490.89,231.18,Mobile App
S04449,2024-06-12,ST02,C0078,P087,1,643.14,0.15,546.67,358.95,187.72,Retail Store
S04450,2023-08-26,ST08,C0377,P069,1,952.97,0.1,857.67,438.88,418.79,Retail Store
S04451,2024-04-03,ST15,C0319,P095,2,139.42,0.05,264.9,199.5,65.4,Online
S04452,2025-04-27,ST12,C0123,P082,1,824.42,0.0,824.42,416.33,408.09,Retail Store
S04453,2025-03-10,ST10,C0308,P085,1,595.13,0.15,505.86,307.6,198.26,Marketplace
S04454,2023-05-01,ST04,C0113,P034,2,530.96,0.1,955.73,736.38,219.35,Mobile App
S04455,2023-10-17,ST03,C0455,P031,1,173.34,0.15,147.34,122.3,25.04,Mobile App
S04456,2024-04-28,ST03,C0499,P059,1,618.97,0.0,618.97,424.05,194.92,Retail Store
S04457,2023-05-10,ST04,C0273,P047,3,583.71,0.0,1751.13,1247.22,503.91,Online
S04458,2023-04-17,ST04,C0487,P034,1,530.96,0.0,530.96,368.19,162.77,Online
S04459,2023-02-10,ST12,C0041,P010,3,177.97,0.0,533.91,344.01,189.9,Marketplace
S04460,2023-04-27,ST06,C0015,P052,1,179.16,0.15,152.29,111.81,40.48,Mobile App
S04461,2025-03-05,ST08,C0443,P048,5,113.1,0.15,480.68,295.25,185.43,Marketplace
S04462,2025-01-30,ST11,C0289,P089,4,178.67,0.0,714.68,388.48,326.2,Marketplace
S04463,2024-11-12,ST08,C0408,P043,3,241.25,0.05,687.56,413.13,274.43,Mobile App
S04464,2025-04-23,ST15,C0396,P093,2,466.42,0.15,792.91,539.32,253.59,Mobile App
S04465,2023-09-15,ST04,C0185,P026,1,311.93,0.05,296.33,137.65,158.68,Mobile App
S04466,2025-03-09,ST14,C0242,P073,1,238.26,0.0,238.26,173.6,64.66,Marketplace
S04467,2024-07-12,ST12,C0477,P050,3,251.3,0.1,678.51,388.92,289.59,Marketplace
S04468,2024-11-24,ST04,C0221,P009,1,211.8,0.0,211.8,122.35,89.45,Online
S04469,2023-08-29,ST06,C0091,P011,1,309.34,0.0,309.34,193.14,116.2,Mobile App
S04470,2023-10-13,ST12,C0275,P003,1,101.68,0.0,101.68,44.48,57.2,Mobile App
S04471,2025-03-24,ST05,C0470,P080,2,421.17,0.1,758.11,420.64,337.47,Retail Store
S04472,2023-10-15,ST13,C0095,P044,1,670.76,0.05,637.22,448.05,189.17,Online
S04473,2025-06-25,ST06,C0403,P042,2,552.37,0.1,994.27,817.08,177.19,Marketplace
S04474,2024-11-26,ST14,C0155,P051,1,502.39,0.05,477.27,304.38,172.89,Online
S04475,2023-05-18,ST15,C0437,P015,1,411.34,0.0,411.34,291.66,119.68,Retail Store
S04476,2025-02-16,ST05,C0446,P059,1,618.97,0.0,618.97,424.05,194.92,Online
S04477,2024-08-21,ST12,C0398,P048,3,113.1,0.1,305.37,177.15,128.22,Retail Store
S04478,2024-12-28,ST07,C0093,P035,1,381.12,0.0,381.12,175.58,205.54,Mobile App
S04479,2023-02-18,ST05,C0342,P007,2,572.81,0.15,973.78,669.76,304.02,Online
S04480,2023-05-16,ST15,C0406,P032,3,266.96,0.0,800.88,430.05,370.83,Marketplace
S04481,2023-07-29,ST13,C0155,P015,5,411.34,0.0,2056.7,1458.3,598.4,Mobile App
S04482,2023-02-02,ST13,C0368,P028,1,535.81,0.0,535.81,301.2,234.61,Marketplace
S04483,2023-08-26,ST04,C0212,P073,1,238.26,0.15,202.52,173.6,28.92,Marketplace
S04484,2024-10-05,ST15,C0054,P029,1,230.02,0.15,195.52,120.5,75.02,Retail Store
S04485,2024-02-02,ST11,C0274,P004,4,700.29,0.15,2380.99,1573.04,807.95,Retail Store
S04486,2025-06-25,ST09,C0482,P064,1,189.25,0.0,189.25,93.67,95.58,Online
S04487,2025-04-24,ST02,C0478,P019,3,451.75,0.0,1355.25,653.49,701.76,Mobile App
S04488,2023-02-07,ST08,C0282,P094,1,634.83,0.0,634.83,303.82,331.01,Mobile App
S04489,2023-11-21,ST04,C0081,P041,4,148.6,0.0,594.4,382.72,211.68,Mobile App
S04490,2024-10-07,ST03,C0459,P095,2,139.42,0.05,264.9,199.5,65.4,Marketplace
S04491,2024-03-18,ST14,C0137,P034,3,530.96,0.15,1353.95,1104.57,249.38,Marketplace
S04492,2024-03-25,ST08,C0058,P007,1,572.81,0.0,572.81,334.88,237.93,Online
S04493,2025-02-09,ST14,C0479,P083,3,543.94,0.15,1387.05,992.7,394.35,Retail Store
S04494,2025-02-28,ST07,C0271,P089,1,178.67,0.0,178.67,97.12,81.55,Online
S04495,2023-04-23,ST08,C0464,P029,4,230.02,0.05,874.08,482.0,392.08,Marketplace
S04496,2023-03-27,ST07,C0296,P017,1,780.73,0.05,741.69,390.83,350.86,Mobile App
S04497,2025-03-01,ST04,C0097,P053,4,512.39,0.05,1947.08,1241.88,705.2,Retail Store
S04498,2023-06-14,ST15,C0143,P015,2,411.34,0.0,822.68,583.32,239.36,Retail Store
S04499,2023-06-03,ST12,C0323,P098,3,610.44,0.0,1831.32,856.14,975.18,Online
S04500,2024-04-08,ST09,C0478,P057,1,866.66,0.0,866.66,379.34,487.32,Retail Store
S04501,2023-09-06,ST11,C0167,P048,3,113.1,0.1,305.37,177.15,128.22,Retail Store
S04502,2025-03-22,ST15,C0013,P005,1,187.0,0.0,187.0,94.13,92.87,Marketplace
S04503,2024-06-17,ST12,C0092,P088,3,656.76,0.0,1970.28,936.42,1033.86,Retail Store
S04504,2024-06-15,ST06,C0096,P040,1,151.24,0.05,143.68,66.61,77.07,Online
S04505,2025-06-04,ST01,C0218,P016,1,442.1,0.1,397.89,278.25,119.64,Mobile App
S04506,2024-04-24,ST10,C0496,P030,3,556.36,0.15,1418.72,825.27,593.45,Retail Store
S04507,2024-06-03,ST04,C0471,P099,1,381.31,0.05,362.24,214.51,147.73,Retail Store
S04508,2024-01-15,ST15,C0085,P064,2,189.25,0.0,378.5,187.34,191.16,Online
S04509,2023-03-11,ST07,C0102,P016,1,442.1,0.1,397.89,278.25,119.64,Mobile App
S04510,2024-11-30,ST03,C0364,P045,3,240.79,0.1,650.13,352.56,297.57,Marketplace
S04511,2024-09-08,ST12,C0465,P023,3,589.93,0.0,1769.79,1259.61,510.18,Online
S04512,2025-03-19,ST11,C0372,P074,3,440.89,0.05,1256.54,583.05,673.49,Online
S04513,2023-01-24,ST12,C0066,P045,1,240.79,0.0,240.79,117.52,123.27,Mobile App
S04514,2024-09-12,ST04,C0350,P085,2,595.13,0.0,1190.26,615.2,575.06,Online
S04515,2024-09-12,ST11,C0078,P022,1,753.54,0.15,640.51,415.36,225.15,Marketplace
S04516,2023-12-26,ST10,C0359,P030,4,556.36,0.0,2225.44,1100.36,1125.08,Online
S04517,2024-06-21,ST06,C0148,P001,3,474.05,0.05,1351.04,758.7,592.34,Online
S04518,2025-05-16,ST03,C0116,P046,3,653.19,0.0,1959.57,1028.67,930.9,Marketplace
S04519,2025-02-01,ST09,C0045,P055,2,374.11,0.0,748.22,506.98,241.24,Retail Store
S04520,2023-05-21,ST02,C0204,P061,1,603.93,0.0,603.93,329.99,273.94,Marketplace
S04521,2023-03-15,ST03,C0262,P006,1,826.37,0.05,785.05,423.08,361.97,Marketplace
S04522,2025-01-26,ST09,C0392,P016,2,442.1,0.0,884.2,556.5,327.7,Online
S04523,2024-08-23,ST02,C0020,P049,1,878.21,0.0,878.21,391.27,486.94,Marketplace
S04524,2024-02-18,ST07,C0080,P016,4,442.1,0.0,1768.4,1113.0,655.4,Mobile App
S04525,2025-05-20,ST14,C0433,P083,2,543.94,0.1,979.09,661.8,317.29,Online
S04526,2024-06-25,ST09,C0348,P072,1,110.76,0.15,94.15,70.94,23.21,Online
S04527,2023-01-06,ST14,C0046,P091,1,512.66,0.05,487.03,367.79,119.24,Marketplace
S04528,2025-06-02,ST05,C0391,P091,1,512.66,0.1,461.39,367.79,93.6,Mobile App
S04529,2024-08-20,ST08,C0207,P100,1,691.45,0.0,691.45,381.94,309.51,Mobile App
S04530,2025-05-16,ST05,C0386,P057,2,866.66,0.0,1733.32,758.68,974.64,Online
S04531,2023-10-23,ST04,C0497,P027,1,598.23,0.15,508.5,345.99,162.51,Online
S04532,2024-10-28,ST03,C0488,P019,1,451.75,0.15,383.99,217.83,166.16,Retail Store
S04533,2024-10-30,ST13,C0055,P082,1,824.42,0.1,741.98,416.33,325.65,Mobile App
S04534,2025-05-22,ST06,C0079,P033,2,760.26,0.1,1368.47,845.18,523.29,Online
S04535,2024-06-02,ST11,C0418,P092,1,496.59,0.15,422.1,284.79,137.31,Online
S04536,2023-07-12,ST06,C0376,P023,4,589.93,0.05,2241.73,1679.48,562.25,Retail Store
S04537,2023-02-14,ST14,C0094,P049,2,878.21,0.1,1580.78,782.54,798.24,Mobile App
S04538,2024-08-09,ST11,C0191,P028,3,535.81,0.0,1607.43,903.6,703.83,Marketplace
S04539,2023-10-22,ST15,C0427,P032,2,266.96,0.15,453.83,286.7,167.13,Marketplace
S04540,2023-02-20,ST14,C0035,P032,2,266.96,0.15,453.83,286.7,167.13,Retail Store
S04541,2023-03-06,ST05,C0029,P069,1,952.97,0.05,905.32,438.88,466.44,Marketplace
S04542,2025-05-17,ST14,C0054,P036,3,539.12,0.0,1617.36,933.54,683.82,Retail Store
S04543,2023-12-14,ST06,C0343,P063,2,85.52,0.0,171.04,87.48,83.56,Mobile App
S04544,2023-12-30,ST11,C0063,P099,2,381.31,0.1,686.36,429.02,257.34,Mobile App
S04545,2023-06-12,ST15,C0007,P020,2,796.23,0.15,1353.59,825.74,527.85,Retail Store
S04546,2025-05-29,ST07,C0397,P029,2,230.02,0.0,460.04,241.0,219.04,Marketplace
S04547,2025-02-27,ST09,C0030,P085,1,595.13,0.0,595.13,307.6,287.53,Marketplace
S04548,2023-03-23,ST14,C0293,P030,1,556.36,0.15,472.91,275.09,197.82,Marketplace
S04549,2025-02-15,ST07,C0188,P085,1,595.13,0.0,595.13,307.6,287.53,Mobile App
S04550,2023-05-29,ST13,C0142,P094,3,634.83,0.05,1809.27,911.46,897.81,Retail Store
S04551,2024-12-11,ST05,C0164,P047,5,583.71,0.1,2626.7,2078.7,548.0,Retail Store
S04552,2023-09-17,ST11,C0480,P023,2,589.93,0.15,1002.88,839.74,163.14,Retail Store
S04553,2024-11-16,ST07,C0045,P048,1,113.1,0.15,96.13,59.05,37.08,Mobile App
S04554,2024-08-18,ST10,C0040,P010,1,177.97,0.15,151.27,114.67,36.6,Mobile App
S04555,2023-04-20,ST05,C0220,P043,1,241.25,0.0,241.25,137.71,103.54,Retail Store
S04556,2024-03-23,ST07,C0370,P074,2,440.89,0.1,793.6,388.7,404.9,Online
S04557,2024-01-29,ST08,C0165,P076,1,361.84,0.1,325.66,165.74,159.92,Marketplace
S04558,2025-01-04,ST03,C0413,P046,1,653.19,0.0,653.19,342.89,310.3,Marketplace
S04559,2023-10-10,ST03,C0416,P001,2,474.05,0.0,948.1,505.8,442.3,Mobile App
S04560,2024-09-16,ST03,C0223,P022,1,753.54,0.15,640.51,415.36,225.15,Retail Store
S04561,2023-04-30,ST14,C0319,P010,5,177.97,0.15,756.37,573.35,183.02,Marketplace
S04562,2024-08-29,ST12,C0070,P013,1,633.58,0.15,538.54,406.57,131.97,Retail Store
S04563,2025-01-28,ST02,C0158,P020,2,796.23,0.0,1592.46,825.74,766.72,Online
S04564,2024-04-12,ST07,C0367,P097,1,509.83,0.1,458.85,308.72,150.13,Marketplace
S04565,2024-03-22,ST10,C0273,P060,1,550.86,0.15,468.23,340.53,127.7,Marketplace
S04566,2025-03-17,ST10,C0019,P052,1,179.16,0.1,161.24,111.81,49.43,Marketplace
S04567,2024-03-10,ST03,C0038,P028,2,535.81,0.05,1018.04,602.4,415.64,Marketplace
S04568,2024-05-27,ST02,C0119,P062,4,800.1,0.1,2880.36,1639.08,1241.28,Online
S04569,2024-01-21,ST11,C0225,P017,1,780.73,0.05,741.69,390.83,350.86,Retail Store
S04570,2024-11-20,ST06,C0492,P059,3,618.97,0.15,1578.37,1272.15,306.22,Marketplace
S04571,2025-01-08,ST07,C0279,P084,1,240.69,0.0,240.69,163.63,77.06,Online
S04572,2024-07-13,ST04,C0480,P082,2,824.42,0.15,1401.51,832.66,568.85,Mobile App
S04573,2024-01-31,ST10,C0060,P026,2,311.93,0.0,623.86,275.3,348.56,Marketplace
S04574,2024-01-24,ST04,C0159,P043,1,241.25,0.0,241.25,137.71,103.54,Mobile App
S04575,2023-02-06,ST02,C0120,P024,3,908.43,0.0,2725.29,1282.35,1442.94,Retail Store
S04576,2023-11-08,ST10,C0062,P021,3,414.87,0.0,1244.61,551.73,692.88,Mobile App
S04577,2024-02-27,ST06,C0397,P004,2,700.29,0.05,1330.55,786.52,544.03,Marketplace
S04578,2023-07-24,ST10,C0145,P035,1,381.12,0.15,323.95,175.58,148.37,Marketplace
S04579,2024-09-17,ST01,C0246,P037,2,559.57,0.15,951.27,730.5,220.77,Retail Store
S04580,2023-05-22,ST07,C0072,P001,1,474.05,0.1,426.65,252.9,173.75,Marketplace
S04581,2024-03-27,ST05,C0157,P051,1,502.39,0.1,452.15,304.38,147.77,Marketplace
S04582,2024-07-27,ST05,C0206,P064,1,189.25,0.1,170.33,93.67,76.66,Marketplace
S04583,2024-04-22,ST15,C0231,P076,2,361.84,0.0,723.68,331.48,392.2,Retail Store
S04584,2023-09-22,ST04,C0418,P054,3,66.5,0.05,189.52,86.88,102.64,Mobile App
S04585,2024-02-03,ST01,C0354,P055,3,374.11,0.0,1122.33,760.47,361.86,Mobile App
S04586,2025-04-06,ST07,C0012,P005,2,187.0,0.0,374.0,188.26,185.74,Mobile App
S04587,2024-03-11,ST04,C0358,P041,2,148.6,0.05,282.34,191.36,90.98,Online
S04588,2023-05-16,ST12,C0302,P005,3,187.0,0.05,532.95,282.39,250.56,Mobile App
S04589,2023-04-27,ST10,C0219,P073,2,238.26,0.0,476.52,347.2,129.32,Marketplace
S04590,2025-04-02,ST02,C0041,P057,1,866.66,0.15,736.66,379.34,357.32,Mobile App
S04591,2025-02-05,ST12,C0292,P018,1,560.51,0.05,532.48,344.12,188.36,Online
S04592,2024-04-21,ST01,C0106,P042,3,552.37,0.15,1408.54,1225.62,182.92,Mobile App
S04593,2023-09-27,ST12,C0239,P076,1,361.84,0.0,361.84,165.74,196.1,Online
S04594,2023-02-13,ST02,C0180,P048,2,113.1,0.0,226.2,118.1,108.1,Online
S04595,2023-03-11,ST11,C0212,P060,1,550.86,0.0,550.86,340.53,210.33,Marketplace
S04596,2023-02-11,ST02,C0121,P039,4,839.98,0.0,3359.92,1586.64,1773.28,Mobile App
S04597,2023-04-09,ST14,C0318,P068,1,675.48,0.1,607.93,308.45,299.48,Mobile App
S04598,2024-01-23,ST06,C0202,P079,1,118.05,0.0,118.05,74.15,43.9,Marketplace
S04599,2023-03-28,ST04,C0223,P085,1,595.13,0.0,595.13,307.6,287.53,Mobile App
S04600,2024-08-25,ST14,C0135,P097,2,509.83,0.0,1019.66,617.44,402.22,Online
S04601,2024-06-01,ST05,C0364,P040,3,151.24,0.0,453.72,199.83,253.89,Mobile App
S04602,2023-08-19,ST07,C0063,P079,1,118.05,0.1,106.25,74.15,32.1,Online
S04603,2023-08-21,ST04,C0312,P097,1,509.83,0.15,433.36,308.72,124.64,Mobile App
S04604,2023-03-16,ST08,C0297,P036,2,539.12,0.0,1078.24,622.36,455.88,Online
S04605,2024-04-03,ST05,C0452,P074,1,440.89,0.05,418.85,194.35,224.5,Mobile App
S04606,2023-04-14,ST13,C0270,P003,2,101.68,0.15,172.86,88.96,83.9,Online
S04607,2024-08-25,ST01,C0115,P019,2,451.75,0.1,813.15,435.66,377.49,Mobile App
S04608,2023-06-13,ST03,C0216,P065,1,54.39,0.1,48.95,29.11,19.84,Marketplace
S04609,2023-06-15,ST04,C0479,P093,1,466.42,0.1,419.78,269.66,150.12,Mobile App
S04610,2023-12-24,ST03,C0128,P013,2,633.58,0.0,1267.16,813.14,454.02,Retail Store
S04611,2023-03-17,ST08,C0293,P098,1,610.44,0.0,610.44,285.38,325.06,Retail Store
S04612,2025-03-09,ST02,C0089,P089,1,178.67,0.05,169.74,97.12,72.62,Retail Store
S04613,2023-09-29,ST05,C0168,P062,3,800.1,0.1,2160.27,1229.31,930.96,Mobile App
S04614,2024-06-18,ST11,C0147,P025,3,788.41,0.15,2010.45,1051.44,959.01,Marketplace
S04615,2024-02-19,ST08,C0173,P048,2,113.1,0.1,203.58,118.1,85.48,Online
S04616,2024-09-02,ST01,C0065,P100,1,691.45,0.0,691.45,381.94,309.51,Retail Store
S04617,2024-07-22,ST05,C0155,P006,3,826.37,0.1,2231.2,1269.24,961.96,Marketplace
S04618,2023-08-30,ST15,C0196,P039,5,839.98,0.0,4199.9,1983.3,2216.6,Online
S04619,2025-05-30,ST04,C0313,P093,1,466.42,0.1,419.78,269.66,150.12,Retail Store
S04620,2025-03-04,ST15,C0073,P004,1,700.29,0.15,595.25,393.26,201.99,Mobile App
S04621,2023-06-20,ST13,C0070,P014,2,523.69,0.0,1047.38,483.1,564.28,Online
S04622,2023-06-18,ST08,C0443,P094,2,634.83,0.0,1269.66,607.64,662.02,Marketplace
S04623,2024-11-11,ST12,C0271,P046,1,653.19,0.1,587.87,342.89,244.98,Marketplace
S04624,2024-07-04,ST10,C0170,P025,3,788.41,0.0,2365.23,1051.44,1313.79,Marketplace
S04625,2025-03-05,ST07,C0285,P001,3,474.05,0.0,1422.15,758.7,663.45,Online
S04626,2023-04-07,ST12,C0134,P009,1,211.8,0.0,211.8,122.35,89.45,Mobile App
S04627,2024-05-01,ST12,C0133,P025,1,788.41,0.0,788.41,350.48,437.93,Marketplace
S04628,2023-01-06,ST02,C0114,P050,2,251.3,0.0,502.6,259.28,243.32,Online
S04629,2023-04-17,ST06,C0282,P070,2,819.07,0.0,1638.14,799.2,838.94,Online
S04630,2023-06-06,ST03,C0456,P038,3,348.21,0.0,1044.63,646.98,397.65,Marketplace
S04631,2024-03-10,ST11,C0478,P021,1,414.87,0.15,352.64,183.91,168.73,Online
S04632,2024-09-22,ST04,C0440,P005,2,187.0,0.0,374.0,188.26,185.74,Mobile App
S04633,2025-03-02,ST03,C0150,P059,2,618.97,0.0,1237.94,848.1,389.84,Marketplace
S04634,2025-05-29,ST02,C0336,P027,2,598.23,0.0,1196.46,691.98,504.48,Mobile App
S04635,2024-07-02,ST08,C0340,P030,1,556.36,0.15,472.91,275.09,197.82,Marketplace
S04636,2024-03-19,ST12,C0380,P065,2,54.39,0.15,92.46,58.22,34.24,Marketplace
S04637,2024-07-17,ST01,C0426,P070,2,819.07,0.0,1638.14,799.2,838.94,Mobile App
S04638,2025-06-06,ST15,C0363,P091,1,512.66,0.0,512.66,367.79,144.87,Mobile App
S04639,2023-11-25,ST10,C0386,P049,3,878.21,0.0,2634.63,1173.81,1460.82,Online
S04640,2024-09-05,ST11,C0046,P084,2,240.69,0.15,409.17,327.26,81.91,Marketplace
S04641,2024-09-20,ST05,C0456,P057,2,866.66,0.0,1733.32,758.68,974.64,Marketplace
S04642,2023-12-26,ST01,C0097,P034,1,530.96,0.0,530.96,368.19,162.77,Online
S04643,2023-10-03,ST03,C0030,P041,1,148.6,0.0,148.6,95.68,52.92,Mobile App
S04644,2023-04-24,ST03,C0084,P007,1,572.81,0.1,515.53,334.88,180.65,Mobile App
S04645,2023-01-13,ST06,C0201,P055,3,374.11,0.0,1122.33,760.47,361.86,Marketplace
S04646,2023-04-12,ST12,C0173,P097,1,509.83,0.0,509.83,308.72,201.11,Online
S04647,2023-01-15,ST09,C0069,P026,1,311.93,0.0,311.93,137.65,174.28,Online
S04648,2025-06-03,ST01,C0070,P002,3,441.21,0.0,1323.63,863.61,460.02,Mobile App
S04649,2025-02-21,ST02,C0294,P052,1,179.16,0.0,179.16,111.81,67.35,Online
S04650,2023-07-10,ST01,C0118,P002,2,441.21,0.0,882.42,575.74,306.68,Online
S04651,2024-08-13,ST08,C0210,P033,1,760.26,0.05,722.25,422.59,299.66,Retail Store
S04652,2024-08-14,ST02,C0355,P094,1,634.83,0.15,539.61,303.82,235.79,Marketplace
S04653,2024-02-02,ST15,C0187,P059,2,618.97,0.0,1237.94,848.1,389.84,Marketplace
S04654,2024-07-24,ST13,C0073,P055,1,374.11,0.05,355.4,253.49,101.91,Mobile App
S04655,2024-12-20,ST06,C0417,P097,1,509.83,0.0,509.83,308.72,201.11,Retail Store
S04656,2023-06-23,ST11,C0143,P023,1,589.93,0.0,589.93,419.87,170.06,Online
S04657,2023-10-02,ST15,C0041,P008,1,682.79,0.0,682.79,317.47,365.32,Online
S04658,2024-02-27,ST09,C0298,P095,1,139.42,0.0,139.42,99.75,39.67,Marketplace
S04659,2024-03-07,ST01,C0121,P022,1,753.54,0.0,753.54,415.36,338.18,Mobile App
S04660,2023-01-20,ST13,C0470,P092,1,496.59,0.0,496.59,284.79,211.8,Retail Store
S04661,2023-06-01,ST05,C0277,P017,6,780.73,0.05,4450.16,2344.98,2105.18,Retail Store
S04662,2023-05-19,ST12,C0415,P075,1,347.7,0.0,347.7,174.24,173.46,Retail Store
S04663,2024-10-02,ST03,C0368,P059,4,618.97,0.0,2475.88,1696.2,779.68,Online
S04664,2025-05-28,ST15,C0027,P038,3,348.21,0.0,1044.63,646.98,397.65,Retail Store
S04665,2024-03-05,ST15,C0417,P057,2,866.66,0.15,1473.32,758.68,714.64,Marketplace
S04666,2025-02-22,ST15,C0339,P034,3,530.96,0.1,1433.59,1104.57,329.02,Marketplace
S04667,2024-06-17,ST02,C0398,P094,1,634.83,0.05,603.09,303.82,299.27,Marketplace
S04668,2023-07-03,ST05,C0423,P042,3,552.37,0.05,1574.25,1225.62,348.63,Retail Store
S04669,2024-06-02,ST14,C0403,P080,1,421.17,0.1,379.05,210.32,168.73,Online
S04670,2025-01-29,ST07,C0026,P034,1,530.96,0.0,530.96,368.19,162.77,Online
S04671,2023-02-16,ST15,C0447,P069,1,952.97,0.05,905.32,438.88,466.44,Online
S04672,2023-01-08,ST11,C0241,P087,1,643.14,0.0,643.14,358.95,284.19,Mobile App
S04673,2024-07-28,ST15,C0447,P065,1,54.39,0.0,54.39,29.11,25.28,Online
S04674,2024-10-11,ST10,C0163,P020,1,796.23,0.0,796.23,412.87,383.36,Mobile App
S04675,2025-06-11,ST13,C0202,P050,3,251.3,0.1,678.51,388.92,289.59,Mobile App
S04676,2025-02-12,ST15,C0131,P092,1,496.59,0.1,446.93,284.79,162.14,Online
S04677,2024-11-02,ST04,C0249,P032,1,266.96,0.15,226.92,143.35,83.57,Online
S04678,2024-06-26,ST13,C0294,P058,2,558.35,0.0,1116.7,499.6,617.1,Online
S04679,2024-05-19,ST02,C0067,P013,1,633.58,0.0,633.58,406.57,227.01,Retail Store
S04680,2023-09-22,ST08,C0272,P016,4,442.1,0.1,1591.56,1113.0,478.56,Retail Store
S04681,2024-03-20,ST06,C0357,P031,1,173.34,0.15,147.34,122.3,25.04,Marketplace
S04682,2024-03-18,ST01,C0315,P096,2,612.7,0.15,1041.59,829.84,211.75,Retail Store
S04683,2024-06-22,ST01,C0438,P059,4,618.97,0.05,2352.09,1696.2,655.89,Mobile App
S04684,2024-07-11,ST13,C0019,P089,2,178.67,0.15,303.74,194.24,109.5,Online
S04685,2024-09-10,ST06,C0078,P077,4,146.59,0.0,586.36,403.56,182.8,Mobile App
S04686,2025-01-14,ST03,C0182,P089,1,178.67,0.1,160.8,97.12,63.68,Mobile App
S04687,2024-03-20,ST15,C0454,P095,2,139.42,0.0,278.84,199.5,79.34,Marketplace
S04688,2024-10-12,ST03,C0089,P014,1,523.69,0.0,523.69,241.55,282.14,Marketplace
S04689,2024-04-26,ST05,C0384,P050,2,251.3,0.0,502.6,259.28,243.32,Online
S04690,2024-01-20,ST03,C0233,P072,2,110.76,0.0,221.52,141.88,79.64,Retail Store
S04691,2023-10-15,ST05,C0439,P047,4,583.71,0.0,2334.84,1662.96,671.88,Online
S04692,2023-02-27,ST03,C0193,P015,1,411.34,0.05,390.77,291.66,99.11,Mobile App
S04693,2025-03-24,ST05,C0416,P088,5,656.76,0.1,2955.42,1560.7,1394.72,Marketplace
S04694,2024-01-16,ST04,C0466,P025,1,788.41,0.15,670.15,350.48,319.67,Retail Store
S04695,2024-03-07,ST14,C0277,P089,1,178.67,0.0,178.67,97.12,81.55,Online
S04696,2024-03-26,ST05,C0151,P038,2,348.21,0.05,661.6,431.32,230.28,Retail Store
S04697,2025-05-05,ST14,C0258,P040,1,151.24,0.1,136.12,66.61,69.51,Marketplace
S04698,2023-11-12,ST10,C0307,P066,2,400.97,0.0,801.94,545.14,256.8,Retail Store
S04699,2024-09-27,ST01,C0238,P035,4,381.12,0.0,1524.48,702.32,822.16,Retail Store
S04700,2023-01-19,ST11,C0315,P048,2,113.1,0.05,214.89,118.1,96.79,Mobile App
S04701,2023-09-20,ST13,C0314,P010,1,177.97,0.0,177.97,114.67,63.3,Online
S04702,2023-06-25,ST08,C0230,P088,2,656.76,0.0,1313.52,624.28,689.24,Online
S04703,2023-11-10,ST11,C0219,P051,1,502.39,0.15,427.03,304.38,122.65,Online
S04704,2023-07-31,ST15,C0486,P021,1,414.87,0.1,373.38,183.91,189.47,Mobile App
S04705,2023-07-20,ST05,C0120,P054,4,66.5,0.0,266.0,115.84,150.16,Marketplace
S04706,2025-04-08,ST06,C0243,P064,1,189.25,0.0,189.25,93.67,95.58,Online
S04707,2023-11-05,ST03,C0291,P046,3,653.19,0.0,1959.57,1028.67,930.9,Marketplace
S04708,2024-07-02,ST07,C0454,P011,1,309.34,0.0,309.34,193.14,116.2,Retail Store
S04709,2025-02-06,ST10,C0415,P019,1,451.75,0.0,451.75,217.83,233.92,Retail Store
S04710,2024-08-21,ST10,C0189,P084,2,240.69,0.15,409.17,327.26,81.91,Online
S04711,2023-04-30,ST05,C0304,P020,3,796.23,0.0,2388.69,1238.61,1150.08,Retail Store
S04712,2023-09-25,ST14,C0474,P042,4,552.37,0.05,2099.01,1634.16,464.85,Online
S04713,2024-10-10,ST10,C0078,P006,1,826.37,0.0,826.37,423.08,403.29,Mobile App
S04714,2025-05-24,ST12,C0341,P097,1,509.83,0.1,458.85,308.72,150.13,Marketplace
S04715,2025-01-28,ST04,C0224,P030,2,556.36,0.05,1057.08,550.18,506.9,Online
S04716,2024-09-05,ST03,C0210,P083,1,543.94,0.1,489.55,330.9,158.65,Mobile App
S04717,2024-10-31,ST03,C0392,P086,1,320.59,0.0,320.59,197.58,123.01,Marketplace
S04718,2024-12-26,ST06,C0039,P049,1,878.21,0.15,746.48,391.27,355.21,Mobile App
S04719,2024-12-29,ST01,C0264,P080,2,421.17,0.15,715.99,420.64,295.35,Mobile App
S04720,2025-02-08,ST04,C0100,P013,3,633.58,0.15,1615.63,1219.71,395.92,Retail Store
S04721,2024-07-20,ST09,C0336,P029,3,230.02,0.0,690.06,361.5,328.56,Retail Store
S04722,2023-09-15,ST09,C0294,P035,1,381.12,0.0,381.12,175.58,205.54,Online
S04723,2024-11-13,ST11,C0420,P009,1,211.8,0.0,211.8,122.35,89.45,Online
S04724,2024-08-30,ST14,C0049,P020,1,796.23,0.0,796.23,412.87,383.36,Retail Store
S04725,2023-04-28,ST05,C0384,P048,1,113.1,0.1,101.79,59.05,42.74,Retail Store
S04726,2023-07-01,ST09,C0191,P092,2,496.59,0.0,993.18,569.58,423.6,Marketplace
S04727,2024-07-05,ST09,C0214,P070,2,819.07,0.05,1556.23,799.2,757.03,Marketplace
S04728,2023-04-02,ST01,C0458,P039,3,839.98,0.0,2519.94,1189.98,1329.96,Retail Store
S04729,2024-01-14,ST05,C0168,P068,3,675.48,0.1,1823.8,925.35,898.45,Retail Store
S04730,2025-06-24,ST05,C0159,P050,2,251.3,0.0,502.6,259.28,243.32,Retail Store
S04731,2023-10-04,ST07,C0407,P006,4,826.37,0.0,3305.48,1692.32,1613.16,Marketplace
S04732,2023-07-10,ST09,C0327,P057,1,866.66,0.05,823.33,379.34,443.99,Online
S04733,2023-02-12,ST06,C0267,P041,2,148.6,0.15,252.62,191.36,61.26,Marketplace
S04734,2023-01-17,ST05,C0206,P082,1,824.42,0.05,783.2,416.33,366.87,Mobile App
S04735,2025-03-13,ST02,C0382,P100,2,691.45,0.1,1244.61,763.88,480.73,Marketplace
S04736,2023-11-22,ST04,C0067,P093,1,466.42,0.0,466.42,269.66,196.76,Online
S04737,2023-05-25,ST03,C0313,P015,2,411.34,0.15,699.28,583.32,115.96,Marketplace
S04738,2025-01-24,ST02,C0092,P019,1,451.75,0.0,451.75,217.83,233.92,Online
S04739,2025-03-25,ST12,C0157,P003,1,101.68,0.0,101.68,44.48,57.2,Retail Store
S04740,2023-01-30,ST10,C0084,P037,2,559.57,0.0,1119.14,730.5,388.64,Online
S04741,2023-02-27,ST12,C0145,P015,1,411.34,0.05,390.77,291.66,99.11,Retail Store
S04742,2024-01-28,ST14,C0242,P012,1,703.62,0.1,633.26,341.62,291.64,Marketplace
S04743,2024-07-16,ST13,C0423,P020,2,796.23,0.05,1512.84,825.74,687.1,Mobile App
S04744,2023-04-20,ST09,C0354,P074,1,440.89,0.0,440.89,194.35,246.54,Online
S04745,2023-07-24,ST04,C0358,P066,7,400.97,0.0,2806.79,1907.99,898.8,Retail Store
S04746,2023-08-23,ST15,C0113,P008,1,682.79,0.05,648.65,317.47,331.18,Marketplace
S04747,2023-11-07,ST12,C0011,P053,1,512.39,0.15,435.53,310.47,125.06,Online
S04748,2023-11-20,ST01,C0002,P091,1,512.66,0.0,512.66,367.79,144.87,Mobile App
S04749,2023-02-12,ST03,C0383,P026,1,311.93,0.1,280.74,137.65,143.09,Mobile App
S04750,2025-03-10,ST07,C0279,P025,4,788.41,0.0,3153.64,1401.92,1751.72,Retail Store
S04751,2023-09-01,ST11,C0165,P001,1,474.05,0.0,474.05,252.9,221.15,Mobile App
S04752,2023-05-18,ST04,C0139,P023,1,589.93,0.1,530.94,419.87,111.07,Online
S04753,2024-09-20,ST01,C0364,P071,1,573.25,0.0,573.25,357.51,215.74,Online
S04754,2024-04-14,ST13,C0432,P054,1,66.5,0.1,59.85,28.96,30.89,Online
S04755,2024-09-01,ST10,C0399,P085,1,595.13,0.1,535.62,307.6,228.02,Retail Store
S04756,2024-10-05,ST07,C0231,P008,1,682.79,0.1,614.51,317.47,297.04,Marketplace
S04757,2025-04-24,ST08,C0422,P021,1,414.87,0.05,394.13,183.91,210.22,Online
S04758,2024-02-03,ST14,C0091,P030,3,556.36,0.1,1502.17,825.27,676.9,Online
S04759,2024-02-21,ST15,C0313,P065,1,54.39,0.05,51.67,29.11,22.56,Online
S04760,2025-02-05,ST08,C0418,P028,1,535.81,0.05,509.02,301.2,207.82,Retail Store
S04761,2023-04-12,ST11,C0173,P065,2,54.39,0.0,108.78,58.22,50.56,Marketplace
S04762,2023-04-07,ST08,C0204,P023,4,589.93,0.0,2359.72,1679.48,680.24,Online
S04763,2024-07-10,ST05,C0283,P056,2,647.27,0.0,1294.54,798.74,495.8,Retail Store
S04764,2024-12-13,ST03,C0098,P010,1,177.97,0.15,151.27,114.67,36.6,Online
S04765,2025-05-13,ST04,C0461,P026,1,311.93,0.15,265.14,137.65,127.49,Online
S04766,2025-01-20,ST09,C0345,P013,1,633.58,0.1,570.22,406.57,163.65,Online
S04767,2023-02-08,ST03,C0460,P045,5,240.79,0.05,1143.75,587.6,556.15,Retail Store
S04768,2023-04-07,ST06,C0245,P068,1,675.48,0.15,574.16,308.45,265.71,Retail Store
S04769,2024-07-27,ST15,C0488,P052,1,179.16,0.05,170.2,111.81,58.39,Marketplace
S04770,2025-03-04,ST11,C0049,P050,2,251.3,0.0,502.6,259.28,243.32,Marketplace
S04771,2025-04-09,ST12,C0323,P097,1,509.83,0.0,509.83,308.72,201.11,Online
S04772,2023-05-24,ST15,C0326,P001,5,474.05,0.1,2133.22,1264.5,868.72,Retail Store
S04773,2023-09-24,ST05,C0417,P084,2,240.69,0.0,481.38,327.26,154.12,Retail Store
S04774,2024-02-07,ST08,C0066,P080,1,421.17,0.1,379.05,210.32,168.73,Marketplace
S04775,2024-04-05,ST08,C0060,P053,1,512.39,0.1,461.15,310.47,150.68,Retail Store
S04776,2024-10-29,ST10,C0497,P046,2,653.19,0.05,1241.06,685.78,555.28,Online
S04777,2023-04-01,ST05,C0355,P070,1,819.07,0.0,819.07,399.6,419.47,Marketplace
S04778,2024-08-12,ST11,C0377,P023,1,589.93,0.0,589.93,419.87,170.06,Online
S04779,2023-11-01,ST07,C0201,P090,1,573.25,0.0,573.25,288.19,285.06,Marketplace
S04780,2023-05-06,ST13,C0197,P069,1,952.97,0.0,952.97,438.88,514.09,Mobile App
S04781,2025-02-12,ST02,C0425,P074,1,440.89,0.0,440.89,194.35,246.54,Mobile App
S04782,2024-02-05,ST05,C0105,P058,1,558.35,0.1,502.52,249.8,252.72,Online
S04783,2024-01-14,ST04,C0167,P044,3,670.76,0.1,1811.05,1344.15,466.9,Mobile App
S04784,2024-12-01,ST11,C0223,P086,1,320.59,0.15,272.5,197.58,74.92,Retail Store
S04785,2023-08-12,ST12,C0228,P098,1,610.44,0.0,610.44,285.38,325.06,Online
S04786,2025-01-07,ST10,C0442,P075,2,347.7,0.0,695.4,348.48,346.92,Marketplace
S04787,2023-11-07,ST08,C0322,P035,1,381.12,0.0,381.12,175.58,205.54,Marketplace
S04788,2024-04-05,ST05,C0303,P055,1,374.11,0.0,374.11,253.49,120.62,Marketplace
S04789,2023-03-19,ST07,C0317,P074,1,440.89,0.05,418.85,194.35,224.5,Retail Store
S04790,2023-12-06,ST09,C0002,P072,1,110.76,0.1,99.68,70.94,28.74,Marketplace
S04791,2024-11-18,ST11,C0352,P040,2,151.24,0.05,287.36,133.22,154.14,Mobile App
S04792,2023-11-25,ST11,C0181,P072,1,110.76,0.1,99.68,70.94,28.74,Mobile App
S04793,2024-08-28,ST02,C0142,P052,2,179.16,0.1,322.49,223.62,98.87,Online
S04794,2023-05-19,ST09,C0411,P078,1,331.1,0.0,331.1,171.92,159.18,Retail Store
S04795,2024-11-17,ST04,C0237,P053,1,512.39,0.0,512.39,310.47,201.92,Marketplace
S04796,2024-01-20,ST11,C0484,P067,2,278.89,0.0,557.78,359.96,197.82,Online
S04797,2023-07-27,ST10,C0376,P052,1,179.16,0.1,161.24,111.81,49.43,Retail Store
S04798,2024-12-31,ST13,C0150,P049,3,878.21,0.1,2371.17,1173.81,1197.36,Retail Store
S04799,2024-01-12,ST06,C0149,P034,1,530.96,0.0,530.96,368.19,162.77,Online
S04800,2024-01-08,ST09,C0328,P085,2,595.13,0.05,1130.75,615.2,515.55,Retail Store
S04801,2024-02-22,ST03,C0495,P042,2,552.37,0.0,1104.74,817.08,287.66,Retail Store
S04802,2025-02-15,ST03,C0205,P021,2,414.87,0.05,788.25,367.82,420.43,Retail Store
S04803,2024-12-24,ST05,C0205,P051,1,502.39,0.1,452.15,304.38,147.77,Retail Store
S04804,2023-11-26,ST09,C0431,P003,4,101.68,0.0,406.72,177.92,228.8,Mobile App
S04805,2023-01-28,ST05,C0427,P069,1,952.97,0.0,952.97,438.88,514.09,Retail Store
S04806,2023-05-13,ST01,C0114,P099,3,381.31,0.1,1029.54,643.53,386.01,Online
S04807,2023-01-10,ST01,C0412,P086,1,320.59,0.0,320.59,197.58,123.01,Marketplace
S04808,2025-01-04,ST14,C0342,P040,3,151.24,0.1,408.35,199.83,208.52,Online
S04809,2025-05-09,ST12,C0305,P080,1,421.17,0.05,400.11,210.32,189.79,Mobile App
S04810,2023-03-19,ST09,C0055,P096,1,612.7,0.0,612.7,414.92,197.78,Marketplace
S04811,2023-10-14,ST03,C0008,P031,1,173.34,0.05,164.67,122.3,42.37,Mobile App
S04812,2025-06-13,ST01,C0025,P002,4,441.21,0.0,1764.84,1151.48,613.36,Retail Store
S04813,2023-05-30,ST12,C0177,P087,2,643.14,0.05,1221.97,717.9,504.07,Marketplace
S04814,2023-02-25,ST15,C0304,P014,3,523.69,0.1,1413.96,724.65,689.31,Mobile App
S04815,2024-11-22,ST01,C0105,P083,2,543.94,0.0,1087.88,661.8,426.08,Marketplace
S04816,2024-08-24,ST09,C0050,P038,5,348.21,0.0,1741.05,1078.3,662.75,Online
S04817,2024-08-07,ST11,C0278,P057,4,866.66,0.0,3466.64,1517.36,1949.28,Marketplace
S04818,2025-04-02,ST01,C0292,P058,2,558.35,0.1,1005.03,499.6,505.43,Marketplace
S04819,2023-02-22,ST01,C0468,P093,1,466.42,0.15,396.46,269.66,126.8,Retail Store
S04820,2024-07-29,ST03,C0242,P068,2,675.48,0.05,1283.41,616.9,666.51,Retail Store
S04821,2024-10-11,ST11,C0058,P004,2,700.29,0.0,1400.58,786.52,614.06,Marketplace
S04822,2024-08-24,ST12,C0455,P048,1,113.1,0.0,113.1,59.05,54.05,Retail Store
S04823,2024-04-18,ST15,C0139,P030,3,556.36,0.0,1669.08,825.27,843.81,Mobile App
S04824,2023-09-27,ST10,C0068,P033,2,760.26,0.1,1368.47,845.18,523.29,Retail Store
S04825,2024-01-02,ST05,C0248,P051,3,502.39,0.15,1281.09,913.14,367.95,Mobile App
S04826,2024-09-12,ST15,C0287,P055,1,374.11,0.05,355.4,253.49,101.91,Mobile App
S04827,2024-05-19,ST01,C0155,P022,1,753.54,0.05,715.86,415.36,300.5,Online
S04828,2023-10-05,ST02,C0065,P100,1,691.45,0.0,691.45,381.94,309.51,Mobile App
S04829,2024-11-07,ST07,C0306,P079,2,118.05,0.05,224.29,148.3,75.99,Online
S04830,2025-04-08,ST07,C0478,P041,1,148.6,0.0,148.6,95.68,52.92,Online
S04831,2023-01-08,ST10,C0064,P024,1,908.43,0.0,908.43,427.45,480.98,Mobile App
S04832,2023-09-12,ST15,C0111,P031,3,173.34,0.15,442.02,366.9,75.12,Mobile App
S04833,2024-04-25,ST01,C0407,P057,4,866.66,0.0,3466.64,1517.36,1949.28,Marketplace
S04834,2025-04-18,ST15,C0246,P040,1,151.24,0.05,143.68,66.61,77.07,Mobile App
S04835,2024-09-29,ST11,C0148,P070,1,819.07,0.0,819.07,399.6,419.47,Mobile App
S04836,2024-02-11,ST10,C0115,P077,1,146.59,0.05,139.26,100.89,38.37,Mobile App
S04837,2023-07-06,ST14,C0050,P022,1,753.54,0.0,753.54,415.36,338.18,Online
S04838,2024-05-10,ST08,C0004,P041,1,148.6,0.0,148.6,95.68,52.92,Online
S04839,2024-12-19,ST12,C0171,P037,2,559.57,0.0,1119.14,730.5,388.64,Online
S04840,2024-08-17,ST12,C0086,P014,3,523.69,0.1,1413.96,724.65,689.31,Retail Store
S04841,2024-09-27,ST04,C0380,P001,2,474.05,0.05,900.69,505.8,394.89,Online
S04842,2025-03-19,ST02,C0095,P085,1,595.13,0.0,595.13,307.6,287.53,Marketplace
S04843,2024-12-13,ST13,C0473,P031,1,173.34,0.15,147.34,122.3,25.04,Online
S04844,2024-01-04,ST08,C0497,P082,1,824.42,0.05,783.2,416.33,366.87,Online
S04845,2023-06-29,ST05,C0396,P055,1,374.11,0.1,336.7,253.49,83.21,Online
S04846,2023-10-02,ST09,C0178,P080,4,421.17,0.0,1684.68,841.28,843.4,Mobile App
S04847,2023-02-03,ST03,C0167,P071,1,573.25,0.0,573.25,357.51,215.74,Mobile App
S04848,2023-11-01,ST14,C0349,P022,2,753.54,0.0,1507.08,830.72,676.36,Online
S04849,2024-10-22,ST06,C0440,P092,1,496.59,0.0,496.59,284.79,211.8,Marketplace
S04850,2024-11-05,ST06,C0258,P015,4,411.34,0.05,1563.09,1166.64,396.45,Mobile App
S04851,2023-04-25,ST08,C0044,P079,1,118.05,0.0,118.05,74.15,43.9,Retail Store
S04852,2025-06-22,ST01,C0470,P044,1,670.76,0.1,603.68,448.05,155.63,Retail Store
S04853,2023-09-16,ST10,C0158,P047,2,583.71,0.0,1167.42,831.48,335.94,Mobile App
S04854,2023-03-26,ST05,C0233,P058,3,558.35,0.0,1675.05,749.4,925.65,Marketplace
S04855,2024-05-17,ST06,C0392,P030,1,556.36,0.15,472.91,275.09,197.82,Online
S04856,2024-04-19,ST03,C0396,P046,3,653.19,0.0,1959.57,1028.67,930.9,Marketplace
S04857,2024-11-20,ST12,C0375,P068,4,675.48,0.15,2296.63,1233.8,1062.83,Mobile App
S04858,2023-05-26,ST13,C0427,P015,5,411.34,0.05,1953.86,1458.3,495.56,Retail Store
S04859,2023-01-26,ST05,C0298,P046,1,653.19,0.15,555.21,342.89,212.32,Marketplace
S04860,2024-12-26,ST05,C0134,P026,1,311.93,0.1,280.74,137.65,143.09,Online
S04861,2024-06-23,ST04,C0171,P005,1,187.0,0.05,177.65,94.13,83.52,Retail Store
S04862,2023-08-08,ST02,C0100,P029,1,230.02,0.1,207.02,120.5,86.52,Online
S04863,2024-12-06,ST14,C0043,P054,1,66.5,0.0,66.5,28.96,37.54,Online
S04864,2024-10-23,ST11,C0423,P031,1,173.34,0.1,156.01,122.3,33.71,Online
S04865,2025-06-18,ST01,C0480,P055,1,374.11,0.1,336.7,253.49,83.21,Marketplace
S04866,2023-04-11,ST15,C0274,P065,2,54.39,0.0,108.78,58.22,50.56,Retail Store
S04867,2023-02-24,ST03,C0407,P046,3,653.19,0.05,1861.59,1028.67,832.92,Marketplace
S04868,2023-12-06,ST05,C0005,P026,4,311.93,0.1,1122.95,550.6,572.35,Marketplace
S04869,2024-07-25,ST11,C0162,P024,4,908.43,0.0,3633.72,1709.8,1923.92,Mobile App
S04870,2023-11-19,ST08,C0063,P024,2,908.43,0.15,1544.33,854.9,689.43,Mobile App
S04871,2023-02-13,ST14,C0168,P053,1,512.39,0.15,435.53,310.47,125.06,Online
S04872,2024-08-16,ST04,C0374,P042,1,552.37,0.05,524.75,408.54,116.21,Retail Store
S04873,2023-04-24,ST10,C0263,P013,2,633.58,0.0,1267.16,813.14,454.02,Mobile App
S04874,2023-09-29,ST08,C0352,P055,1,374.11,0.0,374.11,253.49,120.62,Mobile App
S04875,2024-11-02,ST07,C0446,P036,3,539.12,0.05,1536.49,933.54,602.95,Retail Store
S04876,2024-02-17,ST08,C0246,P095,3,139.42,0.15,355.52,299.25,56.27,Marketplace
S04877,2025-06-14,ST13,C0304,P021,1,414.87,0.05,394.13,183.91,210.22,Retail Store
S04878,2025-01-03,ST04,C0115,P040,4,151.24,0.05,574.71,266.44,308.27,Online
S04879,2025-06-19,ST10,C0310,P076,3,361.84,0.0,1085.52,497.22,588.3,Marketplace
S04880,2024-05-30,ST07,C0407,P081,2,595.21,0.0,1190.42,676.48,513.94,Mobile App
S04881,2025-03-25,ST10,C0313,P007,1,572.81,0.1,515.53,334.88,180.65,Retail Store
S04882,2024-07-25,ST02,C0019,P089,3,178.67,0.0,536.01,291.36,244.65,Mobile App
S04883,2024-04-30,ST10,C0117,P062,1,800.1,0.0,800.1,409.77,390.33,Online
S04884,2024-06-26,ST06,C0363,P088,1,656.76,0.0,656.76,312.14,344.62,Retail Store
S04885,2023-11-16,ST09,C0044,P091,1,512.66,0.1,461.39,367.79,93.6,Marketplace
S04886,2023-09-17,ST05,C0268,P085,2,595.13,0.0,1190.26,615.2,575.06,Online
S04887,2024-12-15,ST07,C0151,P084,1,240.69,0.0,240.69,163.63,77.06,Mobile App
S04888,2024-10-13,ST15,C0385,P080,1,421.17,0.15,357.99,210.32,147.67,Marketplace
S04889,2024-09-04,ST08,C0190,P075,1,347.7,0.0,347.7,174.24,173.46,Mobile App
S04890,2024-10-12,ST08,C0456,P100,1,691.45,0.0,691.45,381.94,309.51,Mobile App
S04891,2024-04-18,ST03,C0267,P097,2,509.83,0.1,917.69,617.44,300.25,Retail Store
S04892,2023-08-14,ST03,C0027,P076,2,361.84,0.0,723.68,331.48,392.2,Retail Store
S04893,2023-10-26,ST10,C0382,P057,1,866.66,0.05,823.33,379.34,443.99,Retail Store
S04894,2024-06-14,ST09,C0154,P018,1,560.51,0.1,504.46,344.12,160.34,Online
S04895,2025-01-19,ST15,C0312,P082,2,824.42,0.05,1566.4,832.66,733.74,Retail Store
S04896,2023-11-26,ST15,C0008,P060,1,550.86,0.0,550.86,340.53,210.33,Mobile App
S04897,2023-03-31,ST06,C0474,P034,2,530.96,0.0,1061.92,736.38,325.54,Mobile App
S04898,2024-10-10,ST08,C0218,P027,1,598.23,0.0,598.23,345.99,252.24,Marketplace
S04899,2025-01-24,ST02,C0054,P067,1,278.89,0.0,278.89,179.98,98.91,Online
S04900,2023-03-16,ST04,C0016,P082,1,824.42,0.1,741.98,416.33,325.65,Mobile App
S04901,2023-02-26,ST14,C0223,P097,1,509.83,0.1,458.85,308.72,150.13,Retail Store
S04902,2025-03-20,ST10,C0042,P100,1,691.45,0.0,691.45,381.94,309.51,Marketplace
S04903,2024-03-09,ST05,C0041,P069,2,952.97,0.0,1905.94,877.76,1028.18,Retail Store
S04904,2024-02-11,ST13,C0378,P003,1,101.68,0.1,91.51,44.48,47.03,Online
S04905,2023-12-03,ST08,C0228,P014,2,523.69,0.1,942.64,483.1,459.54,Retail Store
S04906,2024-04-24,ST03,C0162,P048,2,113.1,0.1,203.58,118.1,85.48,Marketplace
S04907,2024-06-19,ST04,C0300,P055,1,374.11,0.0,374.11,253.49,120.62,Mobile App
S04908,2024-04-17,ST14,C0322,P012,2,703.62,0.15,1196.15,683.24,512.91,Mobile App
S04909,2023-12-26,ST09,C0259,P096,1,612.7,0.0,612.7,414.92,197.78,Marketplace
S04910,2023-08-29,ST13,C0007,P096,1,612.7,0.15,520.8,414.92,105.88,Mobile App
S04911,2024-03-30,ST11,C0065,P025,5,788.41,0.05,3744.95,1752.4,1992.55,Retail Store
S04912,2024-01-21,ST02,C0382,P096,1,612.7,0.0,612.7,414.92,197.78,Online
S04913,2024-02-05,ST01,C0041,P075,1,347.7,0.0,347.7,174.24,173.46,Online
S04914,2025-04-28,ST05,C0243,P074,1,440.89,0.0,440.89,194.35,246.54,Mobile App
S04915,2024-03-21,ST04,C0063,P045,1,240.79,0.15,204.67,117.52,87.15,Marketplace
S04916,2025-06-05,ST01,C0294,P006,1,826.37,0.15,702.41,423.08,279.33,Mobile App
S04917,2025-01-20,ST02,C0409,P069,1,952.97,0.1,857.67,438.88,418.79,Retail Store
S04918,2023-05-12,ST06,C0146,P006,1,826.37,0.0,826.37,423.08,403.29,Online
S04919,2023-04-26,ST12,C0109,P039,2,839.98,0.05,1595.96,793.32,802.64,Online
S04920,2024-10-09,ST15,C0036,P052,1,179.16,0.0,179.16,111.81,67.35,Marketplace
S04921,2023-04-28,ST13,C0195,P027,1,598.23,0.05,568.32,345.99,222.33,Online
S04922,2024-10-03,ST04,C0041,P057,1,866.66,0.15,736.66,379.34,357.32,Mobile App
S04923,2025-02-25,ST10,C0369,P066,3,400.97,0.05,1142.76,817.71,325.05,Online
S04924,2023-04-18,ST04,C0181,P027,2,598.23,0.1,1076.81,691.98,384.83,Retail Store
S04925,2023-07-13,ST11,C0004,P091,3,512.66,0.0,1537.98,1103.37,434.61,Mobile App
S04926,2024-03-07,ST07,C0431,P097,1,509.83,0.0,509.83,308.72,201.11,Mobile App
S04927,2024-11-11,ST05,C0490,P082,1,824.42,0.05,783.2,416.33,366.87,Online
S04928,2025-05-10,ST06,C0334,P012,1,703.62,0.05,668.44,341.62,326.82,Marketplace
S04929,2023-12-03,ST08,C0300,P031,1,173.34,0.1,156.01,122.3,33.71,Online
S04930,2025-05-17,ST13,C0178,P046,3,653.19,0.0,1959.57,1028.67,930.9,Retail Store
S04931,2024-07-02,ST04,C0149,P049,3,878.21,0.05,2502.9,1173.81,1329.09,Retail Store
S04932,2024-01-08,ST14,C0069,P085,4,595.13,0.1,2142.47,1230.4,912.07,Online
S04933,2023-04-21,ST03,C0249,P061,1,603.93,0.05,573.73,329.99,243.74,Retail Store
S04934,2024-06-04,ST10,C0279,P021,1,414.87,0.05,394.13,183.91,210.22,Marketplace
S04935,2023-02-06,ST06,C0003,P053,3,512.39,0.0,1537.17,931.41,605.76,Mobile App
S04936,2023-05-20,ST02,C0267,P023,3,589.93,0.05,1681.3,1259.61,421.69,Mobile App
S04937,2023-12-05,ST14,C0036,P033,2,760.26,0.15,1292.44,845.18,447.26,Marketplace
S04938,2025-06-21,ST15,C0018,P010,1,177.97,0.0,177.97,114.67,63.3,Marketplace
S04939,2023-10-04,ST15,C0325,P042,1,552.37,0.0,552.37,408.54,143.83,Mobile App
S04940,2024-03-18,ST14,C0447,P069,1,952.97,0.15,810.02,438.88,371.14,Mobile App
S04941,2024-12-21,ST05,C0425,P053,3,512.39,0.0,1537.17,931.41,605.76,Mobile App
S04942,2023-05-10,ST04,C0020,P016,4,442.1,0.15,1503.14,1113.0,390.14,Retail Store
S04943,2024-06-21,ST04,C0252,P018,2,560.51,0.0,1121.02,688.24,432.78,Mobile App
S04944,2023-02-14,ST07,C0250,P019,1,451.75,0.0,451.75,217.83,233.92,Marketplace
S04945,2025-03-25,ST14,C0479,P018,2,560.51,0.1,1008.92,688.24,320.68,Retail Store
S04946,2025-03-20,ST05,C0325,P034,2,530.96,0.15,902.63,736.38,166.25,Mobile App
S04947,2023-07-16,ST09,C0060,P059,3,618.97,0.1,1671.22,1272.15,399.07,Online
S04948,2025-01-16,ST13,C0163,P076,1,361.84,0.0,361.84,165.74,196.1,Retail Store
S04949,2024-03-21,ST10,C0211,P074,1,440.89,0.0,440.89,194.35,246.54,Marketplace
S04950,2023-04-22,ST05,C0206,P064,3,189.25,0.15,482.59,281.01,201.58,Retail Store
S04951,2023-11-14,ST03,C0089,P073,1,238.26,0.1,214.43,173.6,40.83,Mobile App
S04952,2025-03-03,ST08,C0261,P079,3,118.05,0.0,354.15,222.45,131.7,Mobile App
S04953,2024-01-16,ST06,C0492,P097,1,509.83,0.0,509.83,308.72,201.11,Online
S04954,2024-06-06,ST09,C0169,P099,1,381.31,0.15,324.11,214.51,109.6,Marketplace
S04955,2024-05-30,ST08,C0434,P018,1,560.51,0.0,560.51,344.12,216.39,Marketplace
S04956,2025-03-31,ST04,C0455,P035,1,381.12,0.0,381.12,175.58,205.54,Marketplace
S04957,2024-12-12,ST09,C0492,P071,1,573.25,0.0,573.25,357.51,215.74,Retail Store
S04958,2024-03-08,ST14,C0197,P097,2,509.83,0.0,1019.66,617.44,402.22,Retail Store
S04959,2024-10-17,ST04,C0157,P026,2,311.93,0.1,561.47,275.3,286.17,Retail Store
S04960,2024-07-05,ST04,C0253,P065,3,54.39,0.1,146.85,87.33,59.52,Marketplace
S04961,2024-11-25,ST12,C0334,P057,1,866.66,0.0,866.66,379.34,487.32,Online
S04962,2024-04-04,ST04,C0120,P094,2,634.83,0.05,1206.18,607.64,598.54,Mobile App
S04963,2024-02-24,ST08,C0244,P098,2,610.44,0.0,1220.88,570.76,650.12,Mobile App
S04964,2024-02-14,ST12,C0120,P013,2,633.58,0.0,1267.16,813.14,454.02,Retail Store
S04965,2024-02-14,ST02,C0468,P080,1,421.17,0.0,421.17,210.32,210.85,Online
S04966,2025-02-28,ST11,C0423,P066,4,400.97,0.05,1523.69,1090.28,433.41,Retail Store
S04967,2023-10-24,ST03,C0280,P024,1,908.43,0.05,863.01,427.45,435.56,Online
S04968,2024-12-29,ST13,C0136,P045,1,240.79,0.0,240.79,117.52,123.27,Retail Store
S04969,2024-08-28,ST11,C0035,P034,1,530.96,0.0,530.96,368.19,162.77,Online
S04970,2024-01-09,ST01,C0313,P011,1,309.34,0.15,262.94,193.14,69.8,Mobile App
S04971,2023-08-01,ST03,C0237,P058,3,558.35,0.0,1675.05,749.4,925.65,Mobile App
S04972,2023-12-27,ST02,C0144,P098,1,610.44,0.0,610.44,285.38,325.06,Retail Store
S04973,2024-05-07,ST08,C0354,P091,3,512.66,0.15,1307.28,1103.37,203.91,Mobile App
S04974,2025-05-22,ST04,C0290,P013,4,633.58,0.0,2534.32,1626.28,908.04,Mobile App
S04975,2025-03-21,ST04,C0400,P048,1,113.1,0.1,101.79,59.05,42.74,Retail Store
S04976,2024-11-01,ST08,C0319,P008,2,682.79,0.15,1160.74,634.94,525.8,Mobile App
S04977,2024-08-11,ST11,C0489,P013,1,633.58,0.0,633.58,406.57,227.01,Online
S04978,2025-02-27,ST09,C0142,P097,3,509.83,0.05,1453.02,926.16,526.86,Retail Store
S04979,2024-10-06,ST12,C0374,P076,2,361.84,0.1,651.31,331.48,319.83,Marketplace
S04980,2024-06-05,ST07,C0382,P020,1,796.23,0.0,796.23,412.87,383.36,Marketplace
S04981,2024-12-26,ST03,C0094,P027,1,598.23,0.0,598.23,345.99,252.24,Retail Store
S04982,2024-10-06,ST05,C0432,P064,2,189.25,0.0,378.5,187.34,191.16,Online
S04983,2024-05-26,ST05,C0008,P038,1,348.21,0.15,295.98,215.66,80.32,Online
S04984,2023-04-23,ST02,C0215,P023,4,589.93,0.0,2359.72,1679.48,680.24,Retail Store
S04985,2024-05-24,ST05,C0099,P005,1,187.0,0.05,177.65,94.13,83.52,Marketplace
S04986,2023-06-25,ST07,C0353,P013,1,633.58,0.0,633.58,406.57,227.01,Retail Store
S04987,2024-07-17,ST03,C0007,P061,2,603.93,0.1,1087.07,659.98,427.09,Marketplace
S04988,2024-06-09,ST11,C0356,P058,2,558.35,0.0,1116.7,499.6,617.1,Retail Store
S04989,2023-02-18,ST01,C0399,P020,3,796.23,0.0,2388.69,1238.61,1150.08,Mobile App
S04990,2024-06-03,ST04,C0406,P100,2,691.45,0.05,1313.76,763.88,549.88,Marketplace
S04991,2023-06-22,ST02,C0070,P093,1,466.42,0.1,419.78,269.66,150.12,Mobile App
S04992,2024-03-09,ST09,C0210,P026,3,311.93,0.1,842.21,412.95,429.26,Retail Store
S04993,2025-03-28,ST08,C0174,P002,1,441.21,0.05,419.15,287.87,131.28,Mobile App
S04994,2023-04-20,ST02,C0031,P004,1,700.29,0.05,665.28,393.26,272.02,Online
S04995,2025-05-02,ST13,C0171,P018,1,560.51,0.1,504.46,344.12,160.34,Retail Store
S04996,2023-06-13,ST08,C0409,P004,4,700.29,0.0,2801.16,1573.04,1228.12,Marketplace
S04997,2023-01-18,ST13,C0098,P012,1,703.62,0.0,703.62,341.62,362.0,Marketplace
S04998,2024-12-17,ST02,C0083,P022,2,753.54,0.0,1507.08,830.72,676.36,Online
S04999,2023-08-12,ST07,C0417,P070,4,819.07,0.1,2948.65,1598.4,1350.25,Retail Store
S05000,2024-10-04,ST08,C0261,P096,1,612.7,0.0,612.7,414.92,197.78,Marketplace
S05001,2025-03-19,ST03,C0073,P064,2,189.25,0.0,378.5,187.34,191.16,Retail Store
S05002,2024-02-09,ST14,C0162,P033,2,760.26,0.15,1292.44,845.18,447.26,Mobile App
S05003,2025-01-05,ST13,C0209,P096,1,612.7,0.0,612.7,414.92,197.78,Marketplace
S05004,2024-07-06,ST03,C0292,P015,1,411.34,0.1,370.21,291.66,78.55,Retail Store
S05005,2024-01-02,ST01,C0428,P061,1,603.93,0.05,573.73,329.99,243.74,Mobile App
S05006,2023-02-10,ST07,C0126,P040,1,151.24,0.0,151.24,66.61,84.63,Online
S05007,2025-02-24,ST05,C0389,P029,1,230.02,0.0,230.02,120.5,109.52,Online
S05008,2023-01-22,ST03,C0185,P024,2,908.43,0.0,1816.86,854.9,961.96,Marketplace
S05009,2024-02-03,ST06,C0074,P002,1,441.21,0.0,441.21,287.87,153.34,Online
S05010,2024-01-14,ST13,C0139,P076,3,361.84,0.0,1085.52,497.22,588.3,Online
S05011,2025-02-22,ST15,C0468,P094,1,634.83,0.15,539.61,303.82,235.79,Retail Store
S05012,2023-10-17,ST05,C0140,P075,2,347.7,0.15,591.09,348.48,242.61,Marketplace
S05013,2023-08-23,ST03,C0453,P061,1,603.93,0.05,573.73,329.99,243.74,Retail Store
S05014,2023-04-15,ST03,C0346,P027,1,598.23,0.05,568.32,345.99,222.33,Mobile App
S05015,2023-04-01,ST04,C0049,P041,1,148.6,0.0,148.6,95.68,52.92,Marketplace
S05016,2023-06-03,ST11,C0041,P053,2,512.39,0.05,973.54,620.94,352.6,Mobile App
S05017,2023-05-12,ST01,C0286,P093,4,466.42,0.15,1585.83,1078.64,507.19,Online
S05018,2023-08-21,ST06,C0486,P035,4,381.12,0.15,1295.81,702.32,593.49,Mobile App
S05019,2023-03-23,ST06,C0277,P075,2,347.7,0.0,695.4,348.48,346.92,Marketplace
S05020,2023-10-07,ST02,C0068,P005,1,187.0,0.0,187.0,94.13,92.87,Retail Store
S05021,2024-01-07,ST15,C0490,P041,2,148.6,0.1,267.48,191.36,76.12,Retail Store
S05022,2023-06-04,ST07,C0413,P022,2,753.54,0.1,1356.37,830.72,525.65,Marketplace
S05023,2024-07-13,ST05,C0360,P097,3,509.83,0.15,1300.07,926.16,373.91,Marketplace
S05024,2023-10-24,ST09,C0246,P033,3,760.26,0.05,2166.74,1267.77,898.97,Marketplace
S05025,2023-01-25,ST08,C0110,P017,3,780.73,0.05,2225.08,1172.49,1052.59,Retail Store
S05026,2023-02-23,ST09,C0257,P002,1,441.21,0.0,441.21,287.87,153.34,Mobile App
S05027,2023-12-22,ST01,C0133,P059,2,618.97,0.1,1114.15,848.1,266.05,Online
S05028,2023-10-19,ST11,C0421,P057,2,866.66,0.1,1559.99,758.68,801.31,Retail Store
S05029,2024-01-12,ST10,C0057,P073,1,238.26,0.0,238.26,173.6,64.66,Marketplace
S05030,2023-10-23,ST14,C0318,P038,3,348.21,0.1,940.17,646.98,293.19,Online
S05031,2023-12-09,ST05,C0224,P011,2,309.34,0.0,618.68,386.28,232.4,Retail Store
S05032,2025-01-24,ST12,C0293,P052,3,179.16,0.15,456.86,335.43,121.43,Online
S05033,2023-04-21,ST12,C0312,P051,1,502.39,0.15,427.03,304.38,122.65,Online
S05034,2023-07-04,ST06,C0403,P026,1,311.93,0.0,311.93,137.65,174.28,Mobile App
S05035,2024-11-16,ST09,C0138,P070,1,819.07,0.05,778.12,399.6,378.52,Mobile App
S05036,2024-06-17,ST01,C0484,P058,1,558.35,0.1,502.52,249.8,252.72,Online
S05037,2024-03-25,ST10,C0115,P016,1,442.1,0.1,397.89,278.25,119.64,Marketplace
S05038,2024-11-16,ST07,C0141,P041,3,148.6,0.0,445.8,287.04,158.76,Online
S05039,2023-12-17,ST01,C0439,P092,1,496.59,0.0,496.59,284.79,211.8,Retail Store
S05040,2023-04-15,ST12,C0103,P022,1,753.54,0.15,640.51,415.36,225.15,Marketplace
S05041,2023-02-25,ST12,C0481,P088,4,656.76,0.0,2627.04,1248.56,1378.48,Retail Store
S05042,2024-02-28,ST06,C0463,P046,2,653.19,0.0,1306.38,685.78,620.6,Online
S05043,2024-01-06,ST01,C0112,P098,1,610.44,0.0,610.44,285.38,325.06,Retail Store
S05044,2024-03-17,ST09,C0281,P003,3,101.68,0.05,289.79,133.44,156.35,Online
S05045,2024-01-07,ST12,C0381,P038,2,348.21,0.05,661.6,431.32,230.28,Marketplace
S05046,2023-08-01,ST02,C0304,P031,1,173.34,0.1,156.01,122.3,33.71,Retail Store
S05047,2025-03-18,ST09,C0265,P001,1,474.05,0.1,426.65,252.9,173.75,Retail Store
S05048,2023-09-03,ST02,C0130,P016,1,442.1,0.05,420.0,278.25,141.75,Retail Store
S05049,2025-05-27,ST14,C0297,P003,3,101.68,0.0,305.04,133.44,171.6,Marketplace
S05050,2024-09-07,ST12,C0386,P073,4,238.26,0.15,810.08,694.4,115.68,Online
S05051,2023-08-13,ST11,C0072,P031,1,173.34,0.05,164.67,122.3,42.37,Online
S05052,2024-05-20,ST14,C0380,P059,3,618.97,0.1,1671.22,1272.15,399.07,Marketplace
S05053,2024-12-16,ST10,C0367,P095,1,139.42,0.0,139.42,99.75,39.67,Marketplace
S05054,2023-10-05,ST13,C0278,P002,1,441.21,0.15,375.03,287.87,87.16,Mobile App
S05055,2024-01-06,ST14,C0279,P039,4,839.98,0.0,3359.92,1586.64,1773.28,Marketplace
S05056,2023-03-18,ST07,C0133,P062,1,800.1,0.0,800.1,409.77,390.33,Retail Store
S05057,2024-08-02,ST15,C0012,P007,2,572.81,0.1,1031.06,669.76,361.3,Mobile App
S05058,2023-07-05,ST04,C0113,P088,1,656.76,0.05,623.92,312.14,311.78,Retail Store
S05059,2025-05-31,ST14,C0371,P013,1,633.58,0.0,633.58,406.57,227.01,Marketplace
S05060,2023-12-07,ST02,C0476,P011,3,309.34,0.1,835.22,579.42,255.8,Retail Store
S05061,2025-06-16,ST11,C0048,P041,1,148.6,0.1,133.74,95.68,38.06,Mobile App
S05062,2024-12-13,ST06,C0133,P089,2,178.67,0.1,321.61,194.24,127.37,Online
S05063,2024-05-04,ST13,C0294,P098,3,610.44,0.0,1831.32,856.14,975.18,Online
S05064,2024-01-22,ST11,C0097,P003,2,101.68,0.0,203.36,88.96,114.4,Retail Store
S05065,2025-04-10,ST04,C0186,P009,1,211.8,0.0,211.8,122.35,89.45,Online
S05066,2024-02-16,ST07,C0212,P036,1,539.12,0.0,539.12,311.18,227.94,Marketplace
S05067,2023-01-01,ST10,C0193,P042,1,552.37,0.1,497.13,408.54,88.59,Mobile App
S05068,2024-02-28,ST15,C0298,P037,1,559.57,0.15,475.63,365.25,110.38,Mobile App
S05069,2025-01-25,ST08,C0222,P052,2,179.16,0.0,358.32,223.62,134.7,Retail Store
S05070,2023-09-21,ST09,C0030,P013,1,633.58,0.0,633.58,406.57,227.01,Mobile App
S05071,2025-06-04,ST01,C0370,P083,1,543.94,0.0,543.94,330.9,213.04,Retail Store
S05072,2023-01-01,ST03,C0260,P089,2,178.67,0.0,357.34,194.24,163.1,Online
S05073,2025-04-30,ST10,C0229,P066,1,400.97,0.0,400.97,272.57,128.4,Retail Store
S05074,2024-03-15,ST15,C0493,P020,4,796.23,0.05,3025.67,1651.48,1374.19,Online
S05075,2024-06-28,ST06,C0272,P005,3,187.0,0.1,504.9,282.39,222.51,Retail Store
S05076,2025-02-03,ST12,C0135,P064,1,189.25,0.0,189.25,93.67,95.58,Online
S05077,2023-12-13,ST13,C0117,P060,1,550.86,0.0,550.86,340.53,210.33,Online
S05078,2023-11-17,ST03,C0160,P053,1,512.39,0.0,512.39,310.47,201.92,Mobile App
S05079,2024-07-29,ST01,C0009,P059,1,618.97,0.0,618.97,424.05,194.92,Retail Store
S05080,2024-06-17,ST02,C0318,P021,1,414.87,0.1,373.38,183.91,189.47,Online
S05081,2024-04-09,ST06,C0360,P071,1,573.25,0.0,573.25,357.51,215.74,Retail Store
S05082,2023-02-11,ST02,C0215,P088,3,656.76,0.15,1674.74,936.42,738.32,Online
S05083,2024-11-04,ST06,C0499,P081,2,595.21,0.0,1190.42,676.48,513.94,Retail Store
S05084,2024-05-27,ST14,C0341,P037,1,559.57,0.05,531.59,365.25,166.34,Retail Store
S05085,2023-10-01,ST08,C0032,P005,1,187.0,0.1,168.3,94.13,74.17,Online
S05086,2023-12-27,ST05,C0029,P029,1,230.02,0.05,218.52,120.5,98.02,Marketplace
S05087,2023-04-23,ST02,C0028,P004,1,700.29,0.0,700.29,393.26,307.03,Online
S05088,2023-05-08,ST08,C0074,P067,1,278.89,0.0,278.89,179.98,98.91,Retail Store
S05089,2024-05-21,ST15,C0371,P012,2,703.62,0.15,1196.15,683.24,512.91,Online
S05090,2023-09-12,ST03,C0463,P026,3,311.93,0.1,842.21,412.95,429.26,Marketplace
S05091,2024-01-29,ST02,C0180,P009,1,211.8,0.0,211.8,122.35,89.45,Retail Store
S05092,2024-07-10,ST05,C0464,P084,2,240.69,0.1,433.24,327.26,105.98,Mobile App
S05093,2025-05-22,ST12,C0255,P002,1,441.21,0.05,419.15,287.87,131.28,Marketplace
S05094,2023-10-17,ST04,C0167,P097,1,509.83,0.15,433.36,308.72,124.64,Mobile App
S05095,2024-09-13,ST12,C0196,P040,1,151.24,0.0,151.24,66.61,84.63,Mobile App
S05096,2023-11-09,ST15,C0091,P084,3,240.69,0.0,722.07,490.89,231.18,Marketplace
S05097,2023-08-27,ST14,C0113,P054,1,66.5,0.15,56.52,28.96,27.56,Mobile App
S05098,2024-11-16,ST01,C0423,P050,2,251.3,0.0,502.6,259.28,243.32,Retail Store
S05099,2024-02-17,ST01,C0122,P043,1,241.25,0.0,241.25,137.71,103.54,Marketplace
S05100,2023-08-13,ST13,C0381,P093,1,466.42,0.15,396.46,269.66,126.8,Online
S05101,2025-06-14,ST08,C0159,P094,4,634.83,0.0,2539.32,1215.28,1324.04,Mobile App
S05102,2023-11-08,ST09,C0180,P031,3,173.34,0.05,494.02,366.9,127.12,Retail Store
S05103,2024-02-23,ST09,C0210,P063,3,85.52,0.0,256.56,131.22,125.34,Online
S05104,2024-06-30,ST02,C0388,P041,3,148.6,0.15,378.93,287.04,91.89,Online
S05105,2023-01-15,ST03,C0343,P059,1,618.97,0.05,588.02,424.05,163.97,Marketplace
S05106,2024-09-22,ST07,C0261,P001,1,474.05,0.05,450.35,252.9,197.45,Marketplace
S05107,2024-08-11,ST12,C0478,P045,3,240.79,0.05,686.25,352.56,333.69,Online
S05108,2023-01-02,ST02,C0142,P017,1,780.73,0.1,702.66,390.83,311.83,Marketplace
S05109,2024-03-10,ST09,C0437,P053,1,512.39,0.05,486.77,310.47,176.3,Mobile App
S05110,2025-04-01,ST08,C0151,P080,2,421.17,0.05,800.22,420.64,379.58,Retail Store
S05111,2024-09-04,ST10,C0082,P085,3,595.13,0.0,1785.39,922.8,862.59,Online
S05112,2024-01-12,ST01,C0008,P047,3,583.71,0.05,1663.57,1247.22,416.35,Retail Store
S05113,2025-03-26,ST09,C0156,P066,1,400.97,0.1,360.87,272.57,88.3,Marketplace
S05114,2024-10-02,ST03,C0499,P039,1,839.98,0.0,839.98,396.66,443.32,Online
S05115,2024-11-25,ST05,C0443,P041,2,148.6,0.0,297.2,191.36,105.84,Mobile App
S05116,2024-05-05,ST12,C0158,P007,2,572.81,0.05,1088.34,669.76,418.58,Marketplace
S05117,2024-12-18,ST02,C0079,P071,4,573.25,0.0,2293.0,1430.04,862.96,Retail Store
S05118,2024-08-14,ST11,C0405,P044,1,670.76,0.05,637.22,448.05,189.17,Mobile App
S05119,2023-03-12,ST13,C0378,P078,2,331.1,0.0,662.2,343.84,318.36,Online
S05120,2023-01-29,ST10,C0132,P046,2,653.19,0.0,1306.38,685.78,620.6,Retail Store
S05121,2025-01-28,ST12,C0338,P052,1,179.16,0.0,179.16,111.81,67.35,Mobile App
S05122,2024-09-03,ST02,C0420,P083,1,543.94,0.0,543.94,330.9,213.04,Retail Store
S05123,2024-09-04,ST10,C0364,P086,2,320.59,0.05,609.12,395.16,213.96,Online
S05124,2023-11-18,ST02,C0282,P070,1,819.07,0.1,737.16,399.6,337.56,Online
S05125,2025-01-10,ST01,C0128,P060,4,550.86,0.15,1872.92,1362.12,510.8,Marketplace
S05126,2025-01-23,ST04,C0158,P030,1,556.36,0.0,556.36,275.09,281.27,Mobile App
S05127,2023-11-23,ST14,C0448,P065,1,54.39,0.1,48.95,29.11,19.84,Online
S05128,2023-06-11,ST09,C0034,P093,3,466.42,0.1,1259.33,808.98,450.35,Mobile App
S05129,2024-11-30,ST07,C0411,P076,1,361.84,0.1,325.66,165.74,159.92,Retail Store
S05130,2024-09-26,ST05,C0208,P052,1,179.16,0.0,179.16,111.81,67.35,Mobile App
S05131,2023-01-08,ST02,C0419,P013,2,633.58,0.0,1267.16,813.14,454.02,Online
S05132,2024-02-26,ST14,C0083,P012,1,703.62,0.0,703.62,341.62,362.0,Mobile App
S05133,2025-05-02,ST12,C0337,P026,2,311.93,0.0,623.86,275.3,348.56,Retail Store
S05134,2024-02-10,ST04,C0096,P093,4,466.42,0.0,1865.68,1078.64,787.04,Retail Store
S05135,2023-07-21,ST01,C0206,P091,1,512.66,0.0,512.66,367.79,144.87,Marketplace
S05136,2023-01-19,ST04,C0422,P001,1,474.05,0.05,450.35,252.9,197.45,Online
S05137,2023-09-14,ST12,C0366,P013,3,633.58,0.15,1615.63,1219.71,395.92,Marketplace
S05138,2025-04-19,ST04,C0030,P007,2,572.81,0.0,1145.62,669.76,475.86,Retail Store
S05139,2023-11-22,ST02,C0104,P090,2,573.25,0.1,1031.85,576.38,455.47,Marketplace
S05140,2023-03-23,ST10,C0424,P071,2,573.25,0.1,1031.85,715.02,316.83,Retail Store
S05141,2024-07-12,ST13,C0046,P011,3,309.34,0.0,928.02,579.42,348.6,Retail Store
S05142,2023-10-04,ST05,C0108,P002,1,441.21,0.05,419.15,287.87,131.28,Retail Store
S05143,2024-10-15,ST13,C0055,P031,1,173.34,0.15,147.34,122.3,25.04,Marketplace
S05144,2023-08-02,ST10,C0051,P096,1,612.7,0.05,582.07,414.92,167.15,Marketplace
S05145,2024-03-25,ST12,C0400,P006,2,826.37,0.0,1652.74,846.16,806.58,Marketplace
S05146,2023-11-27,ST06,C0390,P020,1,796.23,0.15,676.8,412.87,263.93,Retail Store
S05147,2023-09-13,ST05,C0260,P093,1,466.42,0.0,466.42,269.66,196.76,Mobile App
S05148,2025-04-04,ST14,C0239,P082,1,824.42,0.1,741.98,416.33,325.65,Mobile App
S05149,2024-10-06,ST01,C0472,P047,3,583.71,0.15,1488.46,1247.22,241.24,Retail Store
S05150,2023-07-10,ST08,C0106,P010,2,177.97,0.0,355.94,229.34,126.6,Online
S05151,2023-06-28,ST03,C0272,P044,6,670.76,0.15,3420.88,2688.3,732.58,Retail Store
S05152,2025-01-18,ST15,C0242,P003,4,101.68,0.0,406.72,177.92,228.8,Marketplace
S05153,2023-12-27,ST01,C0382,P067,1,278.89,0.05,264.95,179.98,84.97,Online
S05154,2025-03-03,ST10,C0240,P100,1,691.45,0.0,691.45,381.94,309.51,Online
S05155,2024-06-02,ST07,C0058,P060,1,550.86,0.0,550.86,340.53,210.33,Marketplace
S05156,2024-03-26,ST12,C0283,P004,2,700.29,0.1,1260.52,786.52,474.0,Retail Store
S05157,2024-05-17,ST08,C0316,P100,1,691.45,0.0,691.45,381.94,309.51,Online
S05158,2024-08-24,ST10,C0347,P026,8,311.93,0.1,2245.9,1101.2,1144.7,Marketplace
S05159,2024-05-30,ST08,C0247,P033,3,760.26,0.0,2280.78,1267.77,1013.01,Online
S05160,2024-09-13,ST14,C0174,P063,1,85.52,0.0,85.52,43.74,41.78,Retail Store
S05161,2024-05-29,ST07,C0450,P058,1,558.35,0.1,502.52,249.8,252.72,Retail Store
S05162,2023-03-01,ST13,C0094,P001,1,474.05,0.0,474.05,252.9,221.15,Retail Store
S05163,2023-04-27,ST12,C0371,P087,1,643.14,0.1,578.83,358.95,219.88,Mobile App
S05164,2023-03-01,ST14,C0239,P046,1,653.19,0.1,587.87,342.89,244.98,Retail Store
S05165,2023-08-25,ST11,C0087,P002,1,441.21,0.0,441.21,287.87,153.34,Mobile App
S05166,2024-06-03,ST13,C0409,P025,1,788.41,0.0,788.41,350.48,437.93,Online
S05167,2023-07-27,ST03,C0494,P051,1,502.39,0.0,502.39,304.38,198.01,Retail Store
S05168,2024-04-21,ST01,C0300,P051,2,502.39,0.05,954.54,608.76,345.78,Marketplace
S05169,2024-12-13,ST14,C0181,P071,1,573.25,0.05,544.59,357.51,187.08,Mobile App
S05170,2023-06-24,ST08,C0342,P051,1,502.39,0.0,502.39,304.38,198.01,Marketplace
S05171,2024-09-09,ST11,C0350,P057,1,866.66,0.0,866.66,379.34,487.32,Retail Store
S05172,2025-06-22,ST12,C0318,P056,2,647.27,0.0,1294.54,798.74,495.8,Online
S05173,2024-09-23,ST15,C0436,P074,3,440.89,0.0,1322.67,583.05,739.62,Online
S05174,2024-04-30,ST01,C0165,P012,4,703.62,0.15,2392.31,1366.48,1025.83,Retail Store
S05175,2023-08-19,ST05,C0459,P053,1,512.39,0.0,512.39,310.47,201.92,Marketplace
S05176,2024-05-25,ST08,C0003,P010,1,177.97,0.0,177.97,114.67,63.3,Online
S05177,2024-02-18,ST01,C0187,P026,1,311.93,0.15,265.14,137.65,127.49,Mobile App
S05178,2025-05-04,ST14,C0145,P021,2,414.87,0.0,829.74,367.82,461.92,Retail Store
S05179,2024-08-06,ST14,C0276,P080,1,421.17,0.0,421.17,210.32,210.85,Online
S05180,2025-05-09,ST14,C0278,P037,1,559.57,0.0,559.57,365.25,194.32,Retail Store
S05181,2023-02-17,ST01,C0013,P029,2,230.02,0.0,460.04,241.0,219.04,Retail Store
S05182,2025-05-05,ST10,C0218,P095,2,139.42,0.0,278.84,199.5,79.34,Retail Store
S05183,2024-01-30,ST04,C0440,P041,3,148.6,0.0,445.8,287.04,158.76,Online
S05184,2025-06-25,ST15,C0189,P013,1,633.58,0.0,633.58,406.57,227.01,Marketplace
S05185,2023-09-07,ST06,C0369,P061,4,603.93,0.15,2053.36,1319.96,733.4,Marketplace
S05186,2024-09-11,ST07,C0149,P090,3,573.25,0.15,1461.79,864.57,597.22,Online
S05187,2024-03-01,ST14,C0342,P030,3,556.36,0.1,1502.17,825.27,676.9,Mobile App
S05188,2023-11-26,ST09,C0159,P030,1,556.36,0.0,556.36,275.09,281.27,Retail Store
S05189,2024-11-22,ST01,C0167,P001,3,474.05,0.0,1422.15,758.7,663.45,Mobile App
S05190,2025-03-16,ST05,C0216,P064,1,189.25,0.0,189.25,93.67,95.58,Marketplace
S05191,2023-07-24,ST13,C0420,P065,2,54.39,0.1,97.9,58.22,39.68,Marketplace
S05192,2023-09-11,ST08,C0164,P016,1,442.1,0.0,442.1,278.25,163.85,Mobile App
S05193,2024-01-18,ST13,C0382,P042,1,552.37,0.0,552.37,408.54,143.83,Online
S05194,2024-02-13,ST02,C0395,P070,3,819.07,0.05,2334.35,1198.8,1135.55,Marketplace
S05195,2023-01-05,ST02,C0414,P043,3,241.25,0.0,723.75,413.13,310.62,Online
S05196,2023-06-27,ST13,C0191,P076,1,361.84,0.1,325.66,165.74,159.92,Marketplace
S05197,2023-03-16,ST06,C0051,P065,2,54.39,0.0,108.78,58.22,50.56,Mobile App
S05198,2024-06-04,ST14,C0193,P020,2,796.23,0.15,1353.59,825.74,527.85,Retail Store
S05199,2023-01-24,ST13,C0344,P098,1,610.44,0.1,549.4,285.38,264.02,Marketplace
S05200,2024-11-02,ST12,C0117,P021,2,414.87,0.05,788.25,367.82,420.43,Retail Store
S05201,2025-06-10,ST13,C0152,P020,1,796.23,0.0,796.23,412.87,383.36,Marketplace
S05202,2024-01-22,ST14,C0378,P098,3,610.44,0.0,1831.32,856.14,975.18,Mobile App
S05203,2023-03-09,ST08,C0396,P055,4,374.11,0.05,1421.62,1013.96,407.66,Online
S05204,2023-08-16,ST02,C0184,P005,1,187.0,0.05,177.65,94.13,83.52,Retail Store
S05205,2023-05-30,ST04,C0236,P004,1,700.29,0.0,700.29,393.26,307.03,Marketplace
S05206,2023-10-11,ST07,C0186,P016,1,442.1,0.0,442.1,278.25,163.85,Marketplace
S05207,2024-07-24,ST13,C0329,P069,1,952.97,0.0,952.97,438.88,514.09,Marketplace
S05208,2023-03-30,ST01,C0371,P086,1,320.59,0.0,320.59,197.58,123.01,Retail Store
S05209,2024-03-13,ST05,C0163,P063,2,85.52,0.0,171.04,87.48,83.56,Retail Store
S05210,2025-01-06,ST15,C0096,P100,1,691.45,0.05,656.88,381.94,274.94,Mobile App
S05211,2024-06-23,ST05,C0431,P010,2,177.97,0.1,320.35,229.34,91.01,Mobile App
S05212,2024-07-24,ST11,C0236,P091,4,512.66,0.0,2050.64,1471.16,579.48,Marketplace
S05213,2023-11-01,ST10,C0083,P007,1,572.81,0.0,572.81,334.88,237.93,Mobile App
S05214,2023-08-17,ST13,C0395,P034,1,530.96,0.05,504.41,368.19,136.22,Marketplace
S05215,2023-04-09,ST08,C0458,P019,1,451.75,0.0,451.75,217.83,233.92,Mobile App
S05216,2023-08-06,ST07,C0230,P006,4,826.37,0.05,3140.21,1692.32,1447.89,Mobile App
S05217,2023-11-07,ST08,C0006,P018,4,560.51,0.15,1905.73,1376.48,529.25,Marketplace
S05218,2023-02-19,ST03,C0106,P088,2,656.76,0.05,1247.84,624.28,623.56,Retail Store
S05219,2023-10-31,ST06,C0106,P091,1,512.66,0.0,512.66,367.79,144.87,Marketplace
S05220,2024-12-24,ST12,C0214,P061,1,603.93,0.0,603.93,329.99,273.94,Mobile App
S05221,2025-05-09,ST04,C0065,P078,6,331.1,0.1,1787.94,1031.52,756.42,Marketplace
S05222,2024-12-07,ST14,C0259,P093,4,466.42,0.05,1772.4,1078.64,693.76,Retail Store
S05223,2024-07-18,ST11,C0459,P053,2,512.39,0.15,871.06,620.94,250.12,Retail Store
S05224,2024-11-27,ST15,C0265,P034,1,530.96,0.1,477.86,368.19,109.67,Marketplace
S05225,2024-07-23,ST04,C0348,P076,2,361.84,0.0,723.68,331.48,392.2,Retail Store
S05226,2024-06-11,ST13,C0172,P089,2,178.67,0.0,357.34,194.24,163.1,Online
S05227,2023-03-19,ST06,C0004,P034,1,530.96,0.0,530.96,368.19,162.77,Online
S05228,2023-02-25,ST10,C0103,P061,1,603.93,0.05,573.73,329.99,243.74,Retail Store
S05229,2023-01-31,ST14,C0306,P042,1,552.37,0.05,524.75,408.54,116.21,Marketplace
S05230,2023-10-13,ST01,C0398,P033,1,760.26,0.0,760.26,422.59,337.67,Online
S05231,2025-02-11,ST12,C0336,P088,2,656.76,0.0,1313.52,624.28,689.24,Marketplace
S05232,2023-03-01,ST12,C0030,P058,2,558.35,0.05,1060.87,499.6,561.27,Marketplace
S05233,2023-04-27,ST06,C0364,P064,1,189.25,0.0,189.25,93.67,95.58,Mobile App
S05234,2025-04-17,ST14,C0224,P021,1,414.87,0.0,414.87,183.91,230.96,Retail Store
S05235,2024-02-07,ST13,C0426,P031,4,173.34,0.1,624.02,489.2,134.82,Mobile App
S05236,2023-10-02,ST03,C0433,P019,5,451.75,0.05,2145.81,1089.15,1056.66,Online
S05237,2024-07-24,ST14,C0384,P052,2,179.16,0.0,358.32,223.62,134.7,Marketplace
S05238,2023-03-01,ST03,C0106,P094,1,634.83,0.0,634.83,303.82,331.01,Online
S05239,2024-09-09,ST11,C0484,P023,1,589.93,0.0,589.93,419.87,170.06,Marketplace
S05240,2024-05-24,ST13,C0055,P014,2,523.69,0.0,1047.38,483.1,564.28,Marketplace
S05241,2023-09-26,ST15,C0334,P048,1,113.1,0.05,107.44,59.05,48.39,Marketplace
S05242,2023-12-14,ST08,C0062,P078,2,331.1,0.0,662.2,343.84,318.36,Marketplace
S05243,2023-03-29,ST13,C0030,P022,1,753.54,0.0,753.54,415.36,338.18,Online
S05244,2024-11-16,ST09,C0453,P079,1,118.05,0.0,118.05,74.15,43.9,Retail Store
S05245,2023-08-01,ST14,C0138,P037,3,559.57,0.1,1510.84,1095.75,415.09,Marketplace
S05246,2024-06-30,ST04,C0284,P074,2,440.89,0.0,881.78,388.7,493.08,Mobile App
S05247,2024-08-24,ST02,C0482,P023,2,589.93,0.05,1120.87,839.74,281.13,Retail Store
S05248,2023-01-10,ST14,C0300,P027,1,598.23,0.0,598.23,345.99,252.24,Online
S05249,2023-12-16,ST03,C0461,P004,1,700.29,0.15,595.25,393.26,201.99,Marketplace
S05250,2024-12-25,ST09,C0407,P073,1,238.26,0.0,238.26,173.6,64.66,Retail Store
S05251,2025-03-12,ST11,C0095,P035,1,381.12,0.05,362.06,175.58,186.48,Mobile App
S05252,2024-07-18,ST02,C0425,P064,1,189.25,0.0,189.25,93.67,95.58,Marketplace
S05253,2023-11-06,ST14,C0013,P070,1,819.07,0.0,819.07,399.6,419.47,Marketplace
S05254,2025-05-04,ST15,C0453,P060,1,550.86,0.0,550.86,340.53,210.33,Online
S05255,2024-12-14,ST15,C0205,P011,2,309.34,0.0,618.68,386.28,232.4,Marketplace
S05256,2024-02-18,ST15,C0021,P100,1,691.45,0.0,691.45,381.94,309.51,Retail Store
S05257,2023-10-26,ST10,C0150,P005,3,187.0,0.0,561.0,282.39,278.61,Online
S05258,2023-06-25,ST14,C0212,P024,4,908.43,0.05,3452.03,1709.8,1742.23,Online
S05259,2023-04-04,ST05,C0470,P033,4,760.26,0.05,2888.99,1690.36,1198.63,Online
S05260,2024-06-26,ST13,C0442,P015,1,411.34,0.05,390.77,291.66,99.11,Online
S05261,2023-03-03,ST13,C0143,P073,1,238.26,0.05,226.35,173.6,52.75,Marketplace
S05262,2024-12-20,ST09,C0469,P031,2,173.34,0.0,346.68,244.6,102.08,Online
S05263,2023-06-26,ST12,C0017,P073,2,238.26,0.05,452.69,347.2,105.49,Mobile App
S05264,2024-06-06,ST03,C0032,P034,2,530.96,0.0,1061.92,736.38,325.54,Mobile App
S05265,2024-08-03,ST10,C0358,P014,2,523.69,0.0,1047.38,483.1,564.28,Online
S05266,2023-08-22,ST12,C0237,P017,1,780.73,0.0,780.73,390.83,389.9,Marketplace
S05267,2024-01-19,ST14,C0277,P024,2,908.43,0.0,1816.86,854.9,961.96,Online
S05268,2024-10-22,ST14,C0061,P074,3,440.89,0.05,1256.54,583.05,673.49,Online
S05269,2024-02-10,ST01,C0334,P045,6,240.79,0.0,1444.74,705.12,739.62,Marketplace
S05270,2023-08-10,ST14,C0065,P008,2,682.79,0.05,1297.3,634.94,662.36,Marketplace
S05271,2024-12-27,ST11,C0203,P058,2,558.35,0.0,1116.7,499.6,617.1,Online
S05272,2023-02-25,ST03,C0442,P059,1,618.97,0.1,557.07,424.05,133.02,Mobile App
S05273,2023-10-11,ST10,C0106,P046,1,653.19,0.05,620.53,342.89,277.64,Mobile App
S05274,2024-02-02,ST11,C0384,P080,2,421.17,0.1,758.11,420.64,337.47,Mobile App
S05275,2025-05-24,ST12,C0232,P003,1,101.68,0.0,101.68,44.48,57.2,Marketplace
S05276,2024-11-18,ST01,C0418,P039,1,839.98,0.05,797.98,396.66,401.32,Marketplace
S05277,2023-10-11,ST07,C0386,P047,1,583.71,0.0,583.71,415.74,167.97,Online
S05278,2025-03-17,ST01,C0280,P006,1,826.37,0.15,702.41,423.08,279.33,Retail Store
S05279,2024-12-07,ST14,C0492,P073,2,238.26,0.0,476.52,347.2,129.32,Retail Store
S05280,2023-05-15,ST13,C0096,P022,2,753.54,0.0,1507.08,830.72,676.36,Mobile App
S05281,2023-10-09,ST05,C0423,P100,1,691.45,0.0,691.45,381.94,309.51,Retail Store
S05282,2023-11-09,ST09,C0133,P036,2,539.12,0.1,970.42,622.36,348.06,Retail Store
S05283,2023-12-03,ST03,C0116,P075,1,347.7,0.0,347.7,174.24,173.46,Mobile App
S05284,2023-01-08,ST04,C0127,P025,2,788.41,0.0,1576.82,700.96,875.86,Retail Store
S05285,2024-06-18,ST06,C0126,P022,1,753.54,0.0,753.54,415.36,338.18,Retail Store
S05286,2024-09-09,ST06,C0415,P020,2,796.23,0.15,1353.59,825.74,527.85,Mobile App
S05287,2023-02-22,ST01,C0437,P045,2,240.79,0.0,481.58,235.04,246.54,Online
S05288,2024-04-06,ST06,C0146,P044,3,670.76,0.15,1710.44,1344.15,366.29,Retail Store
S05289,2025-01-30,ST07,C0438,P029,1,230.02,0.1,207.02,120.5,86.52,Mobile App
S05290,2025-02-21,ST04,C0402,P089,1,178.67,0.1,160.8,97.12,63.68,Online
S05291,2024-01-20,ST04,C0398,P097,3,509.83,0.0,1529.49,926.16,603.33,Online
S05292,2023-06-28,ST04,C0436,P038,5,348.21,0.05,1654.0,1078.3,575.7,Online
S05293,2023-07-02,ST03,C0219,P076,1,361.84,0.0,361.84,165.74,196.1,Retail Store
S05294,2025-04-07,ST12,C0289,P045,1,240.79,0.15,204.67,117.52,87.15,Online
S05295,2024-12-16,ST14,C0065,P016,1,442.1,0.0,442.1,278.25,163.85,Mobile App
S05296,2023-11-08,ST15,C0083,P012,2,703.62,0.1,1266.52,683.24,583.28,Retail Store
S05297,2024-08-31,ST06,C0400,P057,1,866.66,0.1,779.99,379.34,400.65,Marketplace
S05298,2024-09-24,ST14,C0465,P041,2,148.6,0.1,267.48,191.36,76.12,Online
S05299,2025-06-13,ST03,C0061,P008,4,682.79,0.0,2731.16,1269.88,1461.28,Marketplace
S05300,2024-06-30,ST02,C0102,P052,1,179.16,0.05,170.2,111.81,58.39,Marketplace
S05301,2023-10-29,ST06,C0302,P040,1,151.24,0.0,151.24,66.61,84.63,Online
S05302,2024-06-10,ST01,C0465,P009,2,211.8,0.05,402.42,244.7,157.72,Online
S05303,2025-05-27,ST14,C0397,P077,2,146.59,0.0,293.18,201.78,91.4,Retail Store
S05304,2024-07-15,ST15,C0105,P073,2,238.26,0.05,452.69,347.2,105.49,Mobile App
S05305,2024-01-17,ST02,C0408,P080,1,421.17,0.1,379.05,210.32,168.73,Online
S05306,2023-05-28,ST08,C0203,P024,2,908.43,0.0,1816.86,854.9,961.96,Online
S05307,2024-02-18,ST06,C0247,P013,1,633.58,0.0,633.58,406.57,227.01,Marketplace
S05308,2024-12-19,ST07,C0484,P017,1,780.73,0.0,780.73,390.83,389.9,Marketplace
S05309,2023-02-08,ST11,C0078,P041,3,148.6,0.1,401.22,287.04,114.18,Marketplace
S05310,2023-07-19,ST02,C0197,P033,5,760.26,0.0,3801.3,2112.95,1688.35,Retail Store
S05311,2023-01-04,ST02,C0218,P080,2,421.17,0.05,800.22,420.64,379.58,Online
S05312,2023-07-23,ST10,C0003,P004,1,700.29,0.1,630.26,393.26,237.0,Online
S05313,2023-07-29,ST15,C0380,P085,3,595.13,0.1,1606.85,922.8,684.05,Mobile App
S05314,2024-07-22,ST03,C0448,P041,1,148.6,0.0,148.6,95.68,52.92,Retail Store
S05315,2023-08-06,ST12,C0086,P025,1,788.41,0.0,788.41,350.48,437.93,Retail Store
S05316,2024-10-31,ST04,C0354,P046,1,653.19,0.0,653.19,342.89,310.3,Mobile App
S05317,2025-05-17,ST02,C0163,P002,1,441.21,0.0,441.21,287.87,153.34,Online
S05318,2023-10-30,ST03,C0396,P093,3,466.42,0.0,1399.26,808.98,590.28,Retail Store
S05319,2024-11-05,ST11,C0122,P039,2,839.98,0.0,1679.96,793.32,886.64,Marketplace
S05320,2023-07-07,ST10,C0470,P063,1,85.52,0.05,81.24,43.74,37.5,Online
S05321,2023-06-17,ST10,C0239,P034,1,530.96,0.0,530.96,368.19,162.77,Mobile App
S05322,2025-06-20,ST05,C0380,P089,1,178.67,0.0,178.67,97.12,81.55,Online
S05323,2023-11-27,ST09,C0257,P012,1,703.62,0.0,703.62,341.62,362.0,Mobile App
S05324,2023-03-09,ST11,C0409,P081,1,595.21,0.0,595.21,338.24,256.97,Retail Store
S05325,2023-01-28,ST12,C0093,P076,5,361.84,0.0,1809.2,828.7,980.5,Mobile App
S05326,2023-04-15,ST08,C0278,P099,1,381.31,0.05,362.24,214.51,147.73,Retail Store
S05327,2023-09-22,ST11,C0253,P056,5,647.27,0.05,3074.53,1996.85,1077.68,Online
S05328,2023-06-27,ST04,C0451,P027,1,598.23,0.0,598.23,345.99,252.24,Marketplace
S05329,2024-06-17,ST06,C0049,P046,3,653.19,0.1,1763.61,1028.67,734.94,Retail Store
S05330,2024-11-28,ST08,C0175,P022,5,753.54,0.15,3202.54,2076.8,1125.74,Mobile App
S05331,2023-02-09,ST01,C0141,P056,1,647.27,0.1,582.54,399.37,183.17,Mobile App
S05332,2023-01-28,ST13,C0258,P082,1,824.42,0.0,824.42,416.33,408.09,Online
S05333,2023-06-30,ST03,C0278,P095,2,139.42,0.0,278.84,199.5,79.34,Marketplace
S05334,2023-06-08,ST08,C0407,P091,2,512.66,0.0,1025.32,735.58,289.74,Marketplace
S05335,2025-03-17,ST12,C0010,P023,1,589.93,0.1,530.94,419.87,111.07,Mobile App
S05336,2024-10-16,ST03,C0247,P051,2,502.39,0.15,854.06,608.76,245.3,Online
S05337,2023-11-06,ST15,C0157,P047,1,583.71,0.0,583.71,415.74,167.97,Mobile App
S05338,2024-05-20,ST02,C0192,P095,1,139.42,0.1,125.48,99.75,25.73,Marketplace
S05339,2023-06-12,ST03,C0285,P022,1,753.54,0.0,753.54,415.36,338.18,Online
S05340,2023-01-20,ST13,C0005,P045,4,240.79,0.0,963.16,470.08,493.08,Online
S05341,2025-02-06,ST13,C0374,P046,3,653.19,0.15,1665.63,1028.67,636.96,Marketplace
S05342,2025-04-09,ST15,C0388,P022,1,753.54,0.0,753.54,415.36,338.18,Marketplace
S05343,2023-01-20,ST07,C0283,P023,2,589.93,0.0,1179.86,839.74,340.12,Mobile App
S05344,2024-09-09,ST01,C0331,P024,1,908.43,0.0,908.43,427.45,480.98,Online
S05345,2023-12-12,ST15,C0126,P021,1,414.87,0.0,414.87,183.91,230.96,Retail Store
S05346,2024-12-18,ST10,C0292,P037,3,559.57,0.0,1678.71,1095.75,582.96,Retail Store
S05347,2023-04-12,ST12,C0311,P002,2,441.21,0.15,750.06,575.74,174.32,Marketplace
S05348,2025-05-02,ST14,C0088,P051,1,502.39,0.15,427.03,304.38,122.65,Marketplace
S05349,2023-10-05,ST07,C0069,P006,1,826.37,0.05,785.05,423.08,361.97,Retail Store
S05350,2023-08-07,ST14,C0471,P034,2,530.96,0.0,1061.92,736.38,325.54,Retail Store
S05351,2025-01-07,ST07,C0185,P075,1,347.7,0.0,347.7,174.24,173.46,Online
S05352,2024-08-25,ST14,C0245,P009,1,211.8,0.0,211.8,122.35,89.45,Retail Store
S05353,2025-05-07,ST04,C0368,P003,2,101.68,0.1,183.02,88.96,94.06,Retail Store
S05354,2025-06-09,ST13,C0378,P007,2,572.81,0.0,1145.62,669.76,475.86,Online
S05355,2025-06-27,ST13,C0190,P032,1,266.96,0.0,266.96,143.35,123.61,Online
S05356,2025-03-14,ST05,C0083,P018,1,560.51,0.05,532.48,344.12,188.36,Retail Store
S05357,2025-03-11,ST10,C0487,P012,1,703.62,0.0,703.62,341.62,362.0,Marketplace
S05358,2023-03-01,ST01,C0356,P001,1,474.05,0.05,450.35,252.9,197.45,Retail Store
S05359,2023-05-12,ST08,C0074,P068,4,675.48,0.05,2566.82,1233.8,1333.02,Retail Store
S05360,2025-04-21,ST05,C0205,P042,1,552.37,0.05,524.75,408.54,116.21,Retail Store
S05361,2024-12-25,ST07,C0384,P088,1,656.76,0.0,656.76,312.14,344.62,Marketplace
S05362,2023-06-24,ST03,C0446,P056,1,647.27,0.05,614.91,399.37,215.54,Mobile App
S05363,2023-12-11,ST09,C0363,P028,1,535.81,0.15,455.44,301.2,154.24,Mobile App
S05364,2023-12-07,ST10,C0008,P002,1,441.21,0.0,441.21,287.87,153.34,Online
S05365,2024-06-30,ST04,C0089,P060,1,550.86,0.0,550.86,340.53,210.33,Marketplace
S05366,2025-06-09,ST14,C0228,P012,4,703.62,0.05,2673.76,1366.48,1307.28,Online
S05367,2023-08-11,ST02,C0345,P029,1,230.02,0.0,230.02,120.5,109.52,Online
S05368,2023-02-12,ST01,C0059,P053,1,512.39,0.15,435.53,310.47,125.06,Mobile App
S05369,2024-07-15,ST02,C0365,P037,2,559.57,0.05,1063.18,730.5,332.68,Mobile App
S05370,2023-06-22,ST04,C0481,P018,1,560.51,0.15,476.43,344.12,132.31,Retail Store
S05371,2024-05-02,ST05,C0179,P050,1,251.3,0.0,251.3,129.64,121.66,Retail Store
S05372,2024-12-20,ST08,C0101,P096,1,612.7,0.0,612.7,414.92,197.78,Marketplace
S05373,2023-10-26,ST15,C0338,P061,1,603.93,0.05,573.73,329.99,243.74,Mobile App
S05374,2023-02-18,ST07,C0487,P062,1,800.1,0.0,800.1,409.77,390.33,Marketplace
S05375,2024-12-25,ST13,C0107,P089,2,178.67,0.0,357.34,194.24,163.1,Mobile App
S05376,2025-03-06,ST01,C0320,P024,6,908.43,0.0,5450.58,2564.7,2885.88,Marketplace
S05377,2025-02-14,ST06,C0243,P009,6,211.8,0.0,1270.8,734.1,536.7,Retail Store
S05378,2025-06-01,ST08,C0282,P066,5,400.97,0.0,2004.85,1362.85,642.0,Retail Store
S05379,2025-03-17,ST10,C0318,P064,1,189.25,0.1,170.33,93.67,76.66,Online
S05380,2023-07-10,ST12,C0154,P023,2,589.93,0.0,1179.86,839.74,340.12,Retail Store
S05381,2023-03-16,ST09,C0147,P022,1,753.54,0.0,753.54,415.36,338.18,Marketplace
S05382,2024-03-04,ST13,C0137,P040,4,151.24,0.0,604.96,266.44,338.52,Retail Store
S05383,2024-08-27,ST03,C0255,P099,1,381.31,0.0,381.31,214.51,166.8,Mobile App
S05384,2023-03-01,ST13,C0220,P045,1,240.79,0.0,240.79,117.52,123.27,Online
S05385,2024-04-08,ST07,C0422,P065,2,54.39,0.1,97.9,58.22,39.68,Mobile App
S05386,2024-11-15,ST13,C0292,P058,1,558.35,0.0,558.35,249.8,308.55,Online
S05387,2024-08-10,ST05,C0448,P046,1,653.19,0.1,587.87,342.89,244.98,Mobile App
S05388,2024-04-08,ST07,C0116,P096,1,612.7,0.0,612.7,414.92,197.78,Marketplace
S05389,2024-03-30,ST01,C0291,P072,1,110.76,0.0,110.76,70.94,39.82,Marketplace
S05390,2024-02-27,ST09,C0102,P023,2,589.93,0.05,1120.87,839.74,281.13,Mobile App
S05391,2023-10-21,ST01,C0335,P009,1,211.8,0.0,211.8,122.35,89.45,Mobile App
S05392,2023-12-07,ST14,C0257,P030,3,556.36,0.0,1669.08,825.27,843.81,Mobile App
S05393,2024-09-24,ST05,C0380,P062,2,800.1,0.0,1600.2,819.54,780.66,Retail Store
S05394,2024-10-13,ST05,C0372,P051,3,502.39,0.0,1507.17,913.14,594.03,Mobile App
S05395,2024-03-26,ST10,C0303,P100,2,691.45,0.0,1382.9,763.88,619.02,Retail Store
S05396,2023-09-02,ST04,C0400,P075,2,347.7,0.05,660.63,348.48,312.15,Retail Store
S05397,2024-01-01,ST07,C0345,P034,3,530.96,0.0,1592.88,1104.57,488.31,Mobile App
S05398,2025-04-19,ST11,C0434,P063,1,85.52,0.15,72.69,43.74,28.95,Marketplace
S05399,2024-06-16,ST05,C0049,P095,2,139.42,0.0,278.84,199.5,79.34,Marketplace
S05400,2023-02-03,ST15,C0490,P065,4,54.39,0.1,195.8,116.44,79.36,Mobile App
S05401,2023-07-19,ST08,C0109,P036,2,539.12,0.0,1078.24,622.36,455.88,Marketplace
S05402,2023-07-04,ST02,C0193,P094,1,634.83,0.1,571.35,303.82,267.53,Marketplace
S05403,2025-02-25,ST14,C0494,P084,2,240.69,0.0,481.38,327.26,154.12,Marketplace
S05404,2023-12-27,ST07,C0459,P033,5,760.26,0.05,3611.24,2112.95,1498.29,Online
S05405,2023-10-06,ST07,C0449,P087,2,643.14,0.0,1286.28,717.9,568.38,Marketplace
S05406,2025-03-20,ST13,C0474,P071,1,573.25,0.0,573.25,357.51,215.74,Mobile App
S05407,2024-06-04,ST15,C0153,P085,1,595.13,0.15,505.86,307.6,198.26,Retail Store
S05408,2025-05-02,ST14,C0191,P067,4,278.89,0.1,1004.0,719.92,284.08,Retail Store
S05409,2023-12-07,ST08,C0077,P008,1,682.79,0.05,648.65,317.47,331.18,Online
S05410,2024-05-16,ST02,C0432,P074,2,440.89,0.0,881.78,388.7,493.08,Mobile App
S05411,2023-05-03,ST12,C0021,P043,2,241.25,0.05,458.38,275.42,182.96,Marketplace
S05412,2023-03-18,ST04,C0149,P003,2,101.68,0.0,203.36,88.96,114.4,Marketplace
S05413,2024-02-09,ST07,C0452,P097,2,509.83,0.0,1019.66,617.44,402.22,Mobile App
S05414,2023-11-17,ST12,C0117,P005,3,187.0,0.0,561.0,282.39,278.61,Marketplace
S05415,2024-06-15,ST07,C0469,P035,1,381.12,0.1,343.01,175.58,167.43,Online
S05416,2024-02-28,ST07,C0014,P028,1,535.81,0.05,509.02,301.2,207.82,Marketplace
S05417,2024-07-19,ST01,C0109,P086,1,320.59,0.05,304.56,197.58,106.98,Marketplace
S05418,2024-01-24,ST15,C0406,P090,1,573.25,0.0,573.25,288.19,285.06,Online
S05419,2024-03-01,ST03,C0377,P024,1,908.43,0.05,863.01,427.45,435.56,Marketplace
S05420,2024-01-08,ST10,C0467,P061,3,603.93,0.15,1540.02,989.97,550.05,Mobile App
S05421,2025-01-02,ST10,C0042,P100,1,691.45,0.0,691.45,381.94,309.51,Marketplace
S05422,2023-10-16,ST09,C0332,P066,3,400.97,0.05,1142.76,817.71,325.05,Mobile App
S05423,2023-12-15,ST13,C0258,P028,1,535.81,0.0,535.81,301.2,234.61,Retail Store
S05424,2023-06-13,ST13,C0242,P050,2,251.3,0.0,502.6,259.28,243.32,Marketplace
S05425,2023-08-01,ST11,C0156,P027,1,598.23,0.0,598.23,345.99,252.24,Marketplace
S05426,2024-08-10,ST12,C0013,P052,2,179.16,0.0,358.32,223.62,134.7,Mobile App
S05427,2023-11-24,ST11,C0433,P003,4,101.68,0.15,345.71,177.92,167.79,Mobile App
S05428,2023-03-17,ST03,C0071,P074,1,440.89,0.0,440.89,194.35,246.54,Marketplace
S05429,2025-02-06,ST11,C0135,P008,1,682.79,0.1,614.51,317.47,297.04,Marketplace
S05430,2024-04-12,ST13,C0359,P098,3,610.44,0.0,1831.32,856.14,975.18,Marketplace
S05431,2024-08-09,ST08,C0371,P088,3,656.76,0.0,1970.28,936.42,1033.86,Marketplace
S05432,2024-12-16,ST03,C0106,P051,1,502.39,0.0,502.39,304.38,198.01,Retail Store
S05433,2025-04-24,ST03,C0391,P052,1,179.16,0.1,161.24,111.81,49.43,Retail Store
S05434,2023-03-31,ST13,C0099,P061,4,603.93,0.1,2174.15,1319.96,854.19,Online
S05435,2023-03-06,ST09,C0429,P099,2,381.31,0.1,686.36,429.02,257.34,Retail Store
S05436,2023-02-04,ST14,C0291,P087,1,643.14,0.1,578.83,358.95,219.88,Online
S05437,2023-07-02,ST09,C0062,P063,2,85.52,0.0,171.04,87.48,83.56,Marketplace
S05438,2023-06-29,ST15,C0166,P090,1,573.25,0.0,573.25,288.19,285.06,Online
S05439,2023-10-27,ST08,C0047,P060,1,550.86,0.15,468.23,340.53,127.7,Retail Store
S05440,2023-10-03,ST14,C0217,P069,2,952.97,0.0,1905.94,877.76,1028.18,Mobile App
S05441,2025-01-12,ST10,C0208,P022,2,753.54,0.0,1507.08,830.72,676.36,Online
S05442,2024-09-14,ST12,C0106,P004,1,700.29,0.15,595.25,393.26,201.99,Online
S05443,2023-09-08,ST13,C0346,P012,2,703.62,0.0,1407.24,683.24,724.0,Mobile App
S05444,2024-10-04,ST11,C0352,P039,2,839.98,0.1,1511.96,793.32,718.64,Retail Store
S05445,2025-06-28,ST06,C0145,P015,1,411.34,0.1,370.21,291.66,78.55,Marketplace
S05446,2025-06-28,ST07,C0014,P058,1,558.35,0.1,502.52,249.8,252.72,Online
S05447,2024-11-16,ST06,C0316,P009,2,211.8,0.1,381.24,244.7,136.54,Marketplace
S05448,2024-11-04,ST06,C0002,P025,1,788.41,0.0,788.41,350.48,437.93,Online
S05449,2025-04-11,ST09,C0119,P035,4,381.12,0.1,1372.03,702.32,669.71,Mobile App
S05450,2023-01-08,ST04,C0403,P085,3,595.13,0.0,1785.39,922.8,862.59,Online
S05451,2023-09-30,ST14,C0348,P089,2,178.67,0.15,303.74,194.24,109.5,Retail Store
S05452,2025-01-19,ST09,C0372,P060,1,550.86,0.0,550.86,340.53,210.33,Marketplace
S05453,2024-12-14,ST14,C0258,P061,1,603.93,0.0,603.93,329.99,273.94,Marketplace
S05454,2024-01-03,ST11,C0193,P082,1,824.42,0.0,824.42,416.33,408.09,Online
S05455,2024-01-05,ST06,C0059,P087,2,643.14,0.15,1093.34,717.9,375.44,Retail Store
S05456,2024-06-12,ST11,C0195,P014,2,523.69,0.0,1047.38,483.1,564.28,Online
S05457,2024-08-19,ST02,C0262,P084,1,240.69,0.0,240.69,163.63,77.06,Retail Store
S05458,2024-03-05,ST08,C0482,P026,4,311.93,0.0,1247.72,550.6,697.12,Retail Store
S05459,2024-04-12,ST15,C0028,P061,5,603.93,0.1,2717.68,1649.95,1067.73,Online
S05460,2024-11-24,ST05,C0323,P053,1,512.39,0.0,512.39,310.47,201.92,Marketplace
S05461,2023-05-16,ST01,C0105,P007,2,572.81,0.1,1031.06,669.76,361.3,Retail Store
S05462,2023-12-29,ST15,C0328,P067,3,278.89,0.0,836.67,539.94,296.73,Marketplace
S05463,2023-07-26,ST03,C0206,P021,3,414.87,0.1,1120.15,551.73,568.42,Online
S05464,2024-11-13,ST07,C0485,P077,2,146.59,0.1,263.86,201.78,62.08,Online
S05465,2024-03-08,ST13,C0446,P084,2,240.69,0.0,481.38,327.26,154.12,Mobile App
S05466,2024-04-14,ST13,C0168,P068,2,675.48,0.0,1350.96,616.9,734.06,Retail Store
S05467,2024-12-17,ST09,C0076,P059,3,618.97,0.1,1671.22,1272.15,399.07,Mobile App
S05468,2024-11-21,ST11,C0095,P073,1,238.26,0.15,202.52,173.6,28.92,Marketplace
S05469,2024-10-20,ST02,C0142,P081,1,595.21,0.0,595.21,338.24,256.97,Marketplace
S05470,2024-02-25,ST07,C0002,P070,2,819.07,0.1,1474.33,799.2,675.13,Retail Store
S05471,2024-12-22,ST15,C0308,P093,2,466.42,0.05,886.2,539.32,346.88,Retail Store
S05472,2023-10-13,ST08,C0410,P022,1,753.54,0.05,715.86,415.36,300.5,Marketplace
S05473,2023-06-21,ST09,C0008,P017,3,780.73,0.0,2342.19,1172.49,1169.7,Online
S05474,2024-12-02,ST10,C0123,P003,3,101.68,0.0,305.04,133.44,171.6,Marketplace
S05475,2024-09-27,ST13,C0326,P008,4,682.79,0.0,2731.16,1269.88,1461.28,Marketplace
S05476,2023-07-10,ST15,C0345,P025,2,788.41,0.0,1576.82,700.96,875.86,Mobile App
S05477,2024-02-14,ST06,C0112,P035,4,381.12,0.1,1372.03,702.32,669.71,Marketplace
S05478,2024-05-23,ST03,C0334,P081,4,595.21,0.15,2023.71,1352.96,670.75,Mobile App
S05479,2023-12-08,ST11,C0268,P043,1,241.25,0.05,229.19,137.71,91.48,Retail Store
S05480,2024-06-10,ST01,C0092,P011,1,309.34,0.15,262.94,193.14,69.8,Mobile App
S05481,2023-04-27,ST11,C0477,P085,2,595.13,0.0,1190.26,615.2,575.06,Mobile App
S05482,2025-05-09,ST15,C0337,P021,2,414.87,0.0,829.74,367.82,461.92,Online
S05483,2023-01-09,ST01,C0306,P053,1,512.39,0.1,461.15,310.47,150.68,Retail Store
S05484,2025-01-08,ST04,C0490,P020,1,796.23,0.05,756.42,412.87,343.55,Mobile App
S05485,2025-01-30,ST03,C0005,P032,1,266.96,0.1,240.26,143.35,96.91,Mobile App
S05486,2023-11-06,ST07,C0232,P073,3,238.26,0.15,607.56,520.8,86.76,Retail Store
S05487,2024-01-17,ST07,C0313,P032,1,266.96,0.15,226.92,143.35,83.57,Marketplace
S05488,2024-09-16,ST15,C0068,P001,1,474.05,0.0,474.05,252.9,221.15,Online
S05489,2024-01-03,ST03,C0163,P049,3,878.21,0.15,2239.44,1173.81,1065.63,Mobile App
S05490,2024-12-10,ST06,C0181,P006,1,826.37,0.0,826.37,423.08,403.29,Marketplace
S05491,2024-05-04,ST13,C0257,P033,2,760.26,0.0,1520.52,845.18,675.34,Marketplace
S05492,2023-10-25,ST05,C0399,P048,1,113.1,0.15,96.13,59.05,37.08,Retail Store
S05493,2023-01-22,ST07,C0448,P032,1,266.96,0.15,226.92,143.35,83.57,Mobile App
S05494,2024-12-16,ST03,C0280,P066,2,400.97,0.0,801.94,545.14,256.8,Mobile App
S05495,2025-04-20,ST08,C0292,P092,3,496.59,0.05,1415.28,854.37,560.91,Online
S05496,2023-05-21,ST05,C0190,P067,2,278.89,0.15,474.11,359.96,114.15,Marketplace
S05497,2025-05-17,ST04,C0078,P053,1,512.39,0.0,512.39,310.47,201.92,Online
S05498,2023-10-28,ST07,C0020,P055,1,374.11,0.05,355.4,253.49,101.91,Marketplace
S05499,2024-07-27,ST10,C0398,P078,1,331.1,0.1,297.99,171.92,126.07,Marketplace
S05500,2024-07-03,ST02,C0300,P037,1,559.57,0.0,559.57,365.25,194.32,Mobile App
S05501,2024-07-07,ST10,C0159,P075,2,347.7,0.05,660.63,348.48,312.15,Online
S05502,2025-02-28,ST01,C0384,P018,2,560.51,0.0,1121.02,688.24,432.78,Online
S05503,2025-06-11,ST07,C0269,P078,1,331.1,0.0,331.1,171.92,159.18,Online
S05504,2023-07-06,ST10,C0289,P053,7,512.39,0.0,3586.73,2173.29,1413.44,Retail Store
S05505,2023-12-22,ST07,C0214,P050,1,251.3,0.0,251.3,129.64,121.66,Marketplace
S05506,2024-05-01,ST07,C0299,P073,2,238.26,0.0,476.52,347.2,129.32,Online
S05507,2023-06-21,ST10,C0194,P045,1,240.79,0.1,216.71,117.52,99.19,Online
S05508,2023-04-09,ST12,C0469,P076,4,361.84,0.1,1302.62,662.96,639.66,Online
S05509,2024-06-02,ST13,C0165,P028,2,535.81,0.1,964.46,602.4,362.06,Marketplace
S05510,2024-02-16,ST09,C0285,P052,2,179.16,0.05,340.4,223.62,116.78,Marketplace
S05511,2025-03-26,ST03,C0313,P058,1,558.35,0.0,558.35,249.8,308.55,Marketplace
S05512,2023-03-26,ST02,C0155,P002,2,441.21,0.0,882.42,575.74,306.68,Mobile App
S05513,2023-04-06,ST01,C0089,P068,2,675.48,0.1,1215.86,616.9,598.96,Mobile App
S05514,2024-05-18,ST04,C0417,P078,3,331.1,0.0,993.3,515.76,477.54,Mobile App
S05515,2023-01-30,ST09,C0309,P026,1,311.93,0.15,265.14,137.65,127.49,Online
S05516,2024-09-19,ST02,C0307,P098,2,610.44,0.0,1220.88,570.76,650.12,Online
S05517,2024-03-21,ST01,C0006,P052,2,179.16,0.0,358.32,223.62,134.7,Retail Store
S05518,2023-06-20,ST01,C0153,P038,2,348.21,0.15,591.96,431.32,160.64,Marketplace
S05519,2023-03-05,ST14,C0076,P052,1,179.16,0.1,161.24,111.81,49.43,Retail Store
S05520,2025-05-27,ST11,C0380,P040,3,151.24,0.15,385.66,199.83,185.83,Online
S05521,2023-09-16,ST05,C0446,P005,2,187.0,0.15,317.9,188.26,129.64,Retail Store
S05522,2023-08-01,ST02,C0154,P028,1,535.81,0.0,535.81,301.2,234.61,Online
S05523,2024-08-23,ST10,C0416,P067,5,278.89,0.05,1324.73,899.9,424.83,Mobile App
S05524,2023-03-05,ST11,C0462,P020,3,796.23,0.1,2149.82,1238.61,911.21,Marketplace
S05525,2023-02-22,ST10,C0017,P017,1,780.73,0.1,702.66,390.83,311.83,Marketplace
S05526,2024-04-17,ST14,C0168,P083,2,543.94,0.15,924.7,661.8,262.9,Marketplace
S05527,2023-06-06,ST12,C0082,P039,2,839.98,0.15,1427.97,793.32,634.65,Online
S05528,2025-02-22,ST01,C0466,P038,2,348.21,0.0,696.42,431.32,265.1,Online
S05529,2024-01-10,ST03,C0266,P008,5,682.79,0.0,3413.95,1587.35,1826.6,Mobile App
S05530,2023-05-24,ST10,C0016,P030,1,556.36,0.05,528.54,275.09,253.45,Marketplace
S05531,2023-04-11,ST13,C0312,P055,1,374.11,0.0,374.11,253.49,120.62,Mobile App
S05532,2024-05-03,ST10,C0464,P072,3,110.76,0.05,315.67,212.82,102.85,Online
S05533,2024-03-11,ST14,C0482,P073,2,238.26,0.1,428.87,347.2,81.67,Retail Store
S05534,2023-03-04,ST06,C0439,P084,2,240.69,0.05,457.31,327.26,130.05,Online
S05535,2025-05-20,ST08,C0044,P001,1,474.05,0.15,402.94,252.9,150.04,Mobile App
S05536,2025-02-27,ST15,C0322,P032,1,266.96,0.0,266.96,143.35,123.61,Marketplace
S05537,2023-04-29,ST07,C0210,P079,1,118.05,0.0,118.05,74.15,43.9,Marketplace
S05538,2023-07-07,ST08,C0171,P074,1,440.89,0.0,440.89,194.35,246.54,Mobile App
S05539,2024-01-29,ST04,C0159,P001,1,474.05,0.0,474.05,252.9,221.15,Marketplace
S05540,2024-10-08,ST12,C0062,P033,3,760.26,0.0,2280.78,1267.77,1013.01,Mobile App
S05541,2024-03-08,ST02,C0494,P029,3,230.02,0.15,586.55,361.5,225.05,Online
S05542,2024-07-03,ST10,C0339,P062,2,800.1,0.0,1600.2,819.54,780.66,Marketplace
S05543,2025-05-05,ST01,C0007,P013,1,633.58,0.05,601.9,406.57,195.33,Marketplace
S05544,2024-06-19,ST11,C0101,P064,1,189.25,0.0,189.25,93.67,95.58,Retail Store
S05545,2024-04-02,ST06,C0497,P064,1,189.25,0.0,189.25,93.67,95.58,Online
S05546,2024-09-15,ST13,C0045,P054,3,66.5,0.1,179.55,86.88,92.67,Online
S05547,2023-09-08,ST12,C0076,P006,4,826.37,0.0,3305.48,1692.32,1613.16,Retail Store
S05548,2023-01-07,ST09,C0102,P076,1,361.84,0.05,343.75,165.74,178.01,Online
S05549,2023-05-10,ST01,C0236,P027,3,598.23,0.0,1794.69,1037.97,756.72,Mobile App
S05550,2023-02-28,ST13,C0095,P094,2,634.83,0.0,1269.66,607.64,662.02,Mobile App
S05551,2023-12-30,ST08,C0434,P036,1,539.12,0.0,539.12,311.18,227.94,Retail Store
S05552,2025-01-05,ST08,C0139,P100,2,691.45,0.05,1313.76,763.88,549.88,Retail Store
S05553,2024-04-24,ST09,C0384,P057,2,866.66,0.05,1646.65,758.68,887.97,Online
S05554,2025-04-09,ST06,C0116,P100,1,691.45,0.0,691.45,381.94,309.51,Retail Store
S05555,2025-03-11,ST08,C0429,P089,1,178.67,0.05,169.74,97.12,72.62,Mobile App
S05556,2024-02-24,ST13,C0399,P010,3,177.97,0.1,480.52,344.01,136.51,Retail Store
S05557,2024-06-08,ST01,C0323,P061,2,603.93,0.15,1026.68,659.98,366.7,Mobile App
S05558,2024-11-02,ST12,C0248,P012,1,703.62,0.0,703.62,341.62,362.0,Online
S05559,2023-09-20,ST06,C0304,P069,2,952.97,0.0,1905.94,877.76,1028.18,Mobile App
S05560,2025-03-13,ST04,C0197,P046,2,653.19,0.0,1306.38,685.78,620.6,Retail Store
S05561,2024-02-20,ST02,C0417,P078,4,331.1,0.1,1191.96,687.68,504.28,Mobile App
S05562,2024-09-29,ST06,C0001,P066,1,400.97,0.0,400.97,272.57,128.4,Retail Store
S05563,2024-10-10,ST13,C0378,P094,1,634.83,0.0,634.83,303.82,331.01,Mobile App
S05564,2023-09-28,ST05,C0134,P058,1,558.35,0.15,474.6,249.8,224.8,Marketplace
S05565,2024-07-12,ST04,C0188,P086,1,320.59,0.1,288.53,197.58,90.95,Retail Store
S05566,2025-01-07,ST11,C0025,P051,1,502.39,0.05,477.27,304.38,172.89,Marketplace
S05567,2023-06-09,ST05,C0026,P001,1,474.05,0.0,474.05,252.9,221.15,Online
S05568,2023-08-15,ST05,C0368,P002,1,441.21,0.0,441.21,287.87,153.34,Mobile App
S05569,2025-03-30,ST05,C0277,P016,1,442.1,0.0,442.1,278.25,163.85,Online
S05570,2024-10-29,ST13,C0473,P078,3,331.1,0.15,844.31,515.76,328.55,Online
S05571,2024-02-22,ST13,C0042,P023,1,589.93,0.1,530.94,419.87,111.07,Retail Store
S05572,2025-04-09,ST10,C0108,P088,1,656.76,0.05,623.92,312.14,311.78,Marketplace
S05573,2023-06-17,ST13,C0083,P099,2,381.31,0.15,648.23,429.02,219.21,Retail Store
S05574,2024-06-02,ST06,C0264,P031,1,173.34,0.1,156.01,122.3,33.71,Marketplace
S05575,2023-12-25,ST05,C0486,P088,3,656.76,0.15,1674.74,936.42,738.32,Retail Store
S05576,2025-05-11,ST09,C0228,P085,4,595.13,0.1,2142.47,1230.4,912.07,Retail Store
S05577,2023-08-07,ST06,C0201,P020,2,796.23,0.0,1592.46,825.74,766.72,Mobile App
S05578,2025-03-04,ST15,C0498,P012,1,703.62,0.05,668.44,341.62,326.82,Mobile App
S05579,2023-09-07,ST12,C0224,P089,1,178.67,0.1,160.8,97.12,63.68,Online
S05580,2024-07-26,ST04,C0370,P027,2,598.23,0.0,1196.46,691.98,504.48,Marketplace
S05581,2023-09-23,ST01,C0103,P017,1,780.73,0.0,780.73,390.83,389.9,Marketplace
S05582,2025-04-14,ST14,C0135,P039,4,839.98,0.0,3359.92,1586.64,1773.28,Retail Store
S05583,2024-09-27,ST14,C0394,P098,1,610.44,0.05,579.92,285.38,294.54,Marketplace
S05584,2024-10-20,ST12,C0259,P006,1,826.37,0.1,743.73,423.08,320.65,Marketplace
S05585,2023-07-17,ST03,C0306,P006,1,826.37,0.0,826.37,423.08,403.29,Retail Store
S05586,2024-03-25,ST10,C0359,P077,1,146.59,0.0,146.59,100.89,45.7,Mobile App
S05587,2025-06-23,ST02,C0041,P029,2,230.02,0.0,460.04,241.0,219.04,Online
S05588,2024-05-18,ST02,C0194,P050,1,251.3,0.0,251.3,129.64,121.66,Mobile App
S05589,2025-06-25,ST09,C0142,P069,2,952.97,0.0,1905.94,877.76,1028.18,Retail Store
S05590,2023-03-11,ST13,C0084,P044,4,670.76,0.05,2548.89,1792.2,756.69,Online
S05591,2023-04-06,ST02,C0337,P024,3,908.43,0.0,2725.29,1282.35,1442.94,Marketplace
S05592,2024-11-29,ST08,C0152,P005,2,187.0,0.15,317.9,188.26,129.64,Online
S05593,2023-10-24,ST06,C0010,P019,1,451.75,0.0,451.75,217.83,233.92,Marketplace
S05594,2024-02-15,ST08,C0004,P087,3,643.14,0.05,1832.95,1076.85,756.1,Mobile App
S05595,2023-08-19,ST05,C0365,P047,1,583.71,0.0,583.71,415.74,167.97,Marketplace
S05596,2024-04-06,ST13,C0358,P093,1,466.42,0.0,466.42,269.66,196.76,Online
S05597,2024-02-26,ST04,C0459,P082,2,824.42,0.0,1648.84,832.66,816.18,Marketplace
S05598,2023-03-08,ST05,C0033,P097,2,509.83,0.05,968.68,617.44,351.24,Retail Store
S05599,2024-09-24,ST06,C0294,P080,2,421.17,0.15,715.99,420.64,295.35,Online
S05600,2024-11-14,ST07,C0140,P074,4,440.89,0.05,1675.38,777.4,897.98,Marketplace
S05601,2023-12-14,ST14,C0068,P053,3,512.39,0.05,1460.31,931.41,528.9,Online
S05602,2024-11-10,ST12,C0168,P032,3,266.96,0.1,720.79,430.05,290.74,Marketplace
S05603,2025-02-18,ST04,C0187,P001,1,474.05,0.0,474.05,252.9,221.15,Online
S05604,2023-12-28,ST02,C0197,P096,1,612.7,0.15,520.8,414.92,105.88,Mobile App
S05605,2023-01-10,ST06,C0067,P003,3,101.68,0.05,289.79,133.44,156.35,Marketplace
S05606,2023-04-15,ST15,C0111,P001,1,474.05,0.05,450.35,252.9,197.45,Marketplace
S05607,2025-04-15,ST15,C0170,P007,1,572.81,0.0,572.81,334.88,237.93,Marketplace
S05608,2023-10-25,ST07,C0022,P031,1,173.34,0.05,164.67,122.3,42.37,Online
S05609,2024-11-13,ST01,C0425,P056,1,647.27,0.0,647.27,399.37,247.9,Retail Store
S05610,2024-03-17,ST09,C0375,P017,1,780.73,0.15,663.62,390.83,272.79,Retail Store
S05611,2023-03-04,ST07,C0325,P083,4,543.94,0.0,2175.76,1323.6,852.16,Retail Store
S05612,2024-05-14,ST10,C0280,P080,1,421.17,0.0,421.17,210.32,210.85,Retail Store
S05613,2023-08-09,ST01,C0301,P028,2,535.81,0.1,964.46,602.4,362.06,Retail Store
S05614,2025-05-15,ST13,C0031,P022,1,753.54,0.15,640.51,415.36,225.15,Online
S05615,2023-05-08,ST03,C0015,P082,1,824.42,0.0,824.42,416.33,408.09,Online
S05616,2025-01-17,ST05,C0312,P003,2,101.68,0.0,203.36,88.96,114.4,Online
S05617,2025-02-05,ST13,C0103,P089,1,178.67,0.05,169.74,97.12,72.62,Mobile App
S05618,2023-06-05,ST12,C0240,P073,2,238.26,0.1,428.87,347.2,81.67,Mobile App
S05619,2023-01-17,ST02,C0440,P030,3,556.36,0.1,1502.17,825.27,676.9,Online
S05620,2023-04-02,ST01,C0022,P051,2,502.39,0.1,904.3,608.76,295.54,Marketplace
S05621,2023-09-25,ST14,C0069,P006,1,826.37,0.05,785.05,423.08,361.97,Mobile App
S05622,2024-05-02,ST05,C0479,P064,1,189.25,0.15,160.86,93.67,67.19,Mobile App
S05623,2023-12-23,ST05,C0416,P033,3,760.26,0.15,1938.66,1267.77,670.89,Online
S05624,2023-03-12,ST05,C0164,P006,1,826.37,0.15,702.41,423.08,279.33,Mobile App
S05625,2024-11-26,ST15,C0147,P089,3,178.67,0.0,536.01,291.36,244.65,Online
S05626,2024-09-09,ST02,C0047,P066,3,400.97,0.1,1082.62,817.71,264.91,Retail Store
S05627,2023-05-20,ST02,C0288,P081,1,595.21,0.15,505.93,338.24,167.69,Marketplace
S05628,2023-11-23,ST06,C0323,P045,1,240.79,0.1,216.71,117.52,99.19,Online
S05629,2023-07-17,ST14,C0454,P037,1,559.57,0.0,559.57,365.25,194.32,Mobile App
S05630,2023-02-01,ST03,C0208,P051,1,502.39,0.0,502.39,304.38,198.01,Mobile App
S05631,2024-09-06,ST08,C0064,P020,1,796.23,0.1,716.61,412.87,303.74,Marketplace
S05632,2023-07-16,ST12,C0162,P007,1,572.81,0.05,544.17,334.88,209.29,Marketplace
S05633,2024-09-26,ST13,C0121,P002,1,441.21,0.05,419.15,287.87,131.28,Retail Store
S05634,2025-02-01,ST03,C0431,P054,3,66.5,0.0,199.5,86.88,112.62,Marketplace
S05635,2025-01-09,ST01,C0230,P004,1,700.29,0.0,700.29,393.26,307.03,Marketplace
S05636,2024-08-06,ST13,C0079,P082,2,824.42,0.05,1566.4,832.66,733.74,Marketplace
S05637,2024-10-14,ST04,C0068,P003,1,101.68,0.0,101.68,44.48,57.2,Retail Store
S05638,2025-03-28,ST06,C0259,P047,2,583.71,0.0,1167.42,831.48,335.94,Retail Store
S05639,2023-12-22,ST04,C0489,P048,1,113.1,0.15,96.13,59.05,37.08,Retail Store
S05640,2023-10-08,ST04,C0226,P009,1,211.8,0.15,180.03,122.35,57.68,Retail Store
S05641,2023-02-17,ST13,C0255,P055,1,374.11,0.0,374.11,253.49,120.62,Mobile App
S05642,2023-01-05,ST06,C0028,P055,2,374.11,0.1,673.4,506.98,166.42,Marketplace
S05643,2024-12-04,ST06,C0032,P074,2,440.89,0.0,881.78,388.7,493.08,Online
S05644,2024-11-29,ST02,C0155,P033,2,760.26,0.0,1520.52,845.18,675.34,Online
S05645,2025-04-26,ST05,C0168,P076,2,361.84,0.05,687.5,331.48,356.02,Mobile App
S05646,2023-12-08,ST07,C0364,P008,1,682.79,0.0,682.79,317.47,365.32,Mobile App
S05647,2023-08-06,ST11,C0050,P028,1,535.81,0.0,535.81,301.2,234.61,Marketplace
S05648,2023-03-25,ST06,C0028,P075,2,347.7,0.15,591.09,348.48,242.61,Marketplace
S05649,2024-01-20,ST15,C0294,P016,2,442.1,0.15,751.57,556.5,195.07,Retail Store
S05650,2025-06-20,ST15,C0330,P098,3,610.44,0.1,1648.19,856.14,792.05,Marketplace
S05651,2023-11-04,ST12,C0494,P056,1,647.27,0.0,647.27,399.37,247.9,Marketplace
S05652,2023-06-25,ST07,C0110,P075,2,347.7,0.0,695.4,348.48,346.92,Marketplace
S05653,2024-09-01,ST04,C0284,P016,2,442.1,0.0,884.2,556.5,327.7,Mobile App
S05654,2023-07-20,ST08,C0311,P092,2,496.59,0.0,993.18,569.58,423.6,Marketplace
S05655,2025-03-14,ST01,C0281,P051,1,502.39,0.0,502.39,304.38,198.01,Marketplace
S05656,2024-12-26,ST03,C0396,P007,2,572.81,0.0,1145.62,669.76,475.86,Marketplace
S05657,2025-01-26,ST12,C0411,P061,3,603.93,0.0,1811.79,989.97,821.82,Mobile App
S05658,2023-06-02,ST01,C0439,P032,1,266.96,0.15,226.92,143.35,83.57,Retail Store
S05659,2023-06-02,ST03,C0096,P073,1,238.26,0.0,238.26,173.6,64.66,Mobile App
S05660,2024-01-14,ST04,C0251,P056,1,647.27,0.0,647.27,399.37,247.9,Online
S05661,2023-04-09,ST12,C0354,P019,4,451.75,0.1,1626.3,871.32,754.98,Marketplace
S05662,2023-10-26,ST11,C0403,P028,5,535.81,0.0,2679.05,1506.0,1173.05,Online
S05663,2024-05-27,ST07,C0441,P073,3,238.26,0.0,714.78,520.8,193.98,Mobile App
S05664,2023-06-22,ST14,C0096,P006,2,826.37,0.1,1487.47,846.16,641.31,Online
S05665,2023-07-08,ST13,C0123,P042,1,552.37,0.0,552.37,408.54,143.83,Marketplace
S05666,2024-05-08,ST10,C0193,P059,1,618.97,0.1,557.07,424.05,133.02,Online
S05667,2025-05-05,ST08,C0085,P034,2,530.96,0.05,1008.82,736.38,272.44,Online
S05668,2023-04-21,ST12,C0478,P080,1,421.17,0.0,421.17,210.32,210.85,Online
S05669,2023-07-14,ST14,C0274,P093,1,466.42,0.0,466.42,269.66,196.76,Online
S05670,2023-11-21,ST04,C0070,P006,1,826.37,0.15,702.41,423.08,279.33,Online
S05671,2023-06-08,ST02,C0295,P003,1,101.68,0.0,101.68,44.48,57.2,Retail Store
S05672,2024-01-02,ST10,C0217,P009,1,211.8,0.0,211.8,122.35,89.45,Online
S05673,2023-10-16,ST03,C0409,P098,3,610.44,0.1,1648.19,856.14,792.05,Mobile App
S05674,2023-12-21,ST04,C0071,P038,1,348.21,0.0,348.21,215.66,132.55,Marketplace
S05675,2024-02-22,ST10,C0037,P085,1,595.13,0.1,535.62,307.6,228.02,Online
S05676,2023-03-02,ST13,C0005,P078,1,331.1,0.15,281.44,171.92,109.52,Marketplace
S05677,2025-01-12,ST06,C0420,P043,1,241.25,0.0,241.25,137.71,103.54,Mobile App
S05678,2024-08-15,ST06,C0354,P035,2,381.12,0.0,762.24,351.16,411.08,Marketplace
S05679,2023-12-03,ST15,C0469,P008,2,682.79,0.05,1297.3,634.94,662.36,Mobile App
S05680,2023-03-03,ST12,C0292,P056,1,647.27,0.1,582.54,399.37,183.17,Retail Store
S05681,2023-07-19,ST04,C0283,P026,1,311.93,0.0,311.93,137.65,174.28,Retail Store
S05682,2023-10-02,ST14,C0367,P001,1,474.05,0.05,450.35,252.9,197.45,Mobile App
S05683,2024-06-29,ST11,C0110,P032,1,266.96,0.0,266.96,143.35,123.61,Online
S05684,2025-06-14,ST07,C0389,P100,2,691.45,0.15,1175.47,763.88,411.59,Online
S05685,2023-04-03,ST08,C0253,P017,2,780.73,0.05,1483.39,781.66,701.73,Marketplace
S05686,2024-05-03,ST02,C0105,P028,1,535.81,0.05,509.02,301.2,207.82,Retail Store
S05687,2025-06-21,ST15,C0206,P051,2,502.39,0.0,1004.78,608.76,396.02,Marketplace
S05688,2025-02-13,ST13,C0474,P004,1,700.29,0.05,665.28,393.26,272.02,Retail Store
S05689,2023-06-06,ST06,C0286,P027,1,598.23,0.0,598.23,345.99,252.24,Online
S05690,2025-05-23,ST01,C0409,P049,3,878.21,0.0,2634.63,1173.81,1460.82,Mobile App
S05691,2024-06-30,ST09,C0320,P022,3,753.54,0.0,2260.62,1246.08,1014.54,Online
S05692,2025-06-13,ST02,C0148,P081,1,595.21,0.15,505.93,338.24,167.69,Retail Store
S05693,2024-09-26,ST13,C0243,P082,4,824.42,0.15,2803.03,1665.32,1137.71,Mobile App
S05694,2024-09-09,ST03,C0028,P094,1,634.83,0.05,603.09,303.82,299.27,Mobile App
S05695,2025-06-04,ST11,C0346,P003,1,101.68,0.05,96.6,44.48,52.12,Marketplace
S05696,2024-09-23,ST09,C0188,P098,3,610.44,0.0,1831.32,856.14,975.18,Marketplace
S05697,2023-10-30,ST03,C0216,P059,3,618.97,0.0,1856.91,1272.15,584.76,Retail Store
S05698,2024-08-01,ST03,C0426,P056,1,647.27,0.0,647.27,399.37,247.9,Retail Store
S05699,2025-03-16,ST07,C0362,P032,2,266.96,0.0,533.92,286.7,247.22,Mobile App
S05700,2023-10-17,ST13,C0434,P082,4,824.42,0.05,3132.8,1665.32,1467.48,Mobile App
S05701,2025-02-14,ST02,C0374,P053,1,512.39,0.0,512.39,310.47,201.92,Marketplace
S05702,2024-03-15,ST10,C0162,P035,2,381.12,0.05,724.13,351.16,372.97,Online
S05703,2023-11-02,ST15,C0268,P014,1,523.69,0.0,523.69,241.55,282.14,Marketplace
S05704,2024-07-08,ST14,C0295,P096,1,612.7,0.1,551.43,414.92,136.51,Mobile App
S05705,2024-06-16,ST02,C0405,P077,4,146.59,0.0,586.36,403.56,182.8,Marketplace
S05706,2023-12-15,ST12,C0302,P005,4,187.0,0.1,673.2,376.52,296.68,Mobile App
S05707,2024-08-06,ST14,C0008,P041,2,148.6,0.0,297.2,191.36,105.84,Online
S05708,2023-07-31,ST07,C0422,P019,1,451.75,0.05,429.16,217.83,211.33,Mobile App
S05709,2024-06-19,ST03,C0066,P028,1,535.81,0.15,455.44,301.2,154.24,Online
S05710,2025-06-19,ST15,C0132,P076,1,361.84,0.05,343.75,165.74,178.01,Retail Store
S05711,2023-07-31,ST03,C0052,P017,1,780.73,0.15,663.62,390.83,272.79,Retail Store
S05712,2024-07-15,ST15,C0444,P085,2,595.13,0.0,1190.26,615.2,575.06,Mobile App
S05713,2025-03-27,ST09,C0148,P079,1,118.05,0.0,118.05,74.15,43.9,Online
S05714,2023-10-09,ST01,C0009,P033,2,760.26,0.15,1292.44,845.18,447.26,Retail Store
S05715,2024-11-03,ST08,C0351,P024,5,908.43,0.05,4315.04,2137.25,2177.79,Online
S05716,2024-11-20,ST04,C0466,P018,5,560.51,0.1,2522.3,1720.6,801.7,Mobile App
S05717,2024-07-18,ST03,C0154,P064,3,189.25,0.15,482.59,281.01,201.58,Online
S05718,2023-02-24,ST12,C0204,P044,2,670.76,0.05,1274.44,896.1,378.34,Marketplace
S05719,2023-12-08,ST09,C0434,P009,3,211.8,0.1,571.86,367.05,204.81,Online
S05720,2023-09-28,ST08,C0105,P017,1,780.73,0.1,702.66,390.83,311.83,Marketplace
S05721,2023-05-19,ST11,C0169,P008,1,682.79,0.1,614.51,317.47,297.04,Mobile App
S05722,2023-07-06,ST09,C0199,P009,3,211.8,0.0,635.4,367.05,268.35,Marketplace
S05723,2023-02-04,ST12,C0040,P090,2,573.25,0.0,1146.5,576.38,570.12,Mobile App
S05724,2025-04-21,ST06,C0329,P074,1,440.89,0.05,418.85,194.35,224.5,Mobile App
S05725,2024-06-28,ST10,C0383,P060,1,550.86,0.1,495.77,340.53,155.24,Mobile App
S05726,2025-05-11,ST13,C0013,P051,1,502.39,0.15,427.03,304.38,122.65,Mobile App
S05727,2024-11-04,ST11,C0220,P066,1,400.97,0.05,380.92,272.57,108.35,Mobile App
S05728,2023-10-27,ST13,C0397,P073,3,238.26,0.05,679.04,520.8,158.24,Online
S05729,2023-09-11,ST04,C0278,P087,2,643.14,0.0,1286.28,717.9,568.38,Marketplace
S05730,2024-08-09,ST07,C0104,P020,1,796.23,0.0,796.23,412.87,383.36,Retail Store
S05731,2024-11-23,ST10,C0031,P070,2,819.07,0.0,1638.14,799.2,838.94,Marketplace
S05732,2024-04-19,ST07,C0197,P011,4,309.34,0.0,1237.36,772.56,464.8,Retail Store
S05733,2025-06-09,ST06,C0215,P013,1,633.58,0.0,633.58,406.57,227.01,Mobile App
S05734,2024-08-13,ST11,C0231,P094,1,634.83,0.1,571.35,303.82,267.53,Marketplace
S05735,2023-09-20,ST08,C0170,P036,1,539.12,0.15,458.25,311.18,147.07,Marketplace
S05736,2023-01-22,ST13,C0168,P042,2,552.37,0.0,1104.74,817.08,287.66,Marketplace
S05737,2025-02-10,ST03,C0052,P046,1,653.19,0.0,653.19,342.89,310.3,Marketplace
S05738,2023-10-29,ST01,C0141,P056,3,647.27,0.0,1941.81,1198.11,743.7,Retail Store
S05739,2023-08-09,ST08,C0269,P050,1,251.3,0.0,251.3,129.64,121.66,Marketplace
S05740,2024-05-06,ST03,C0439,P068,1,675.48,0.0,675.48,308.45,367.03,Retail Store
S05741,2025-04-05,ST07,C0037,P046,3,653.19,0.05,1861.59,1028.67,832.92,Mobile App
S05742,2024-08-28,ST02,C0167,P033,3,760.26,0.0,2280.78,1267.77,1013.01,Online
S05743,2023-08-15,ST05,C0442,P033,2,760.26,0.0,1520.52,845.18,675.34,Retail Store
S05744,2024-09-18,ST10,C0263,P099,1,381.31,0.1,343.18,214.51,128.67,Marketplace
S05745,2024-10-17,ST03,C0003,P038,1,348.21,0.0,348.21,215.66,132.55,Online
S05746,2024-07-07,ST15,C0209,P068,1,675.48,0.1,607.93,308.45,299.48,Marketplace
S05747,2023-12-14,ST13,C0263,P003,2,101.68,0.0,203.36,88.96,114.4,Mobile App
S05748,2023-10-21,ST01,C0445,P061,1,603.93,0.15,513.34,329.99,183.35,Retail Store
S05749,2024-02-07,ST04,C0011,P058,3,558.35,0.05,1591.3,749.4,841.9,Online
S05750,2023-01-06,ST10,C0452,P006,4,826.37,0.0,3305.48,1692.32,1613.16,Mobile App
S05751,2025-03-03,ST04,C0470,P020,2,796.23,0.1,1433.21,825.74,607.47,Marketplace
S05752,2023-03-05,ST01,C0089,P008,3,682.79,0.15,1741.11,952.41,788.7,Mobile App
S05753,2023-06-25,ST09,C0025,P094,1,634.83,0.1,571.35,303.82,267.53,Online
S05754,2024-07-31,ST13,C0312,P004,1,700.29,0.0,700.29,393.26,307.03,Retail Store
S05755,2023-05-09,ST11,C0138,P028,3,535.81,0.1,1446.69,903.6,543.09,Retail Store
S05756,2023-07-06,ST07,C0395,P075,1,347.7,0.15,295.54,174.24,121.3,Retail Store
S05757,2023-03-25,ST10,C0244,P078,3,331.1,0.05,943.63,515.76,427.87,Marketplace
S05758,2024-06-23,ST05,C0431,P018,1,560.51,0.0,560.51,344.12,216.39,Online
S05759,2025-01-27,ST02,C0138,P072,1,110.76,0.0,110.76,70.94,39.82,Mobile App
S05760,2025-04-28,ST05,C0313,P050,2,251.3,0.1,452.34,259.28,193.06,Retail Store
S05761,2023-08-04,ST15,C0163,P039,1,839.98,0.0,839.98,396.66,443.32,Marketplace
S05762,2023-03-13,ST13,C0182,P027,2,598.23,0.05,1136.64,691.98,444.66,Marketplace
S05763,2024-10-22,ST01,C0261,P039,3,839.98,0.1,2267.95,1189.98,1077.97,Mobile App
S05764,2023-10-11,ST11,C0328,P064,1,189.25,0.0,189.25,93.67,95.58,Mobile App
S05765,2024-10-19,ST15,C0010,P087,2,643.14,0.0,1286.28,717.9,568.38,Retail Store
S05766,2023-08-12,ST07,C0337,P018,2,560.51,0.0,1121.02,688.24,432.78,Online
S05767,2023-06-10,ST05,C0316,P092,4,496.59,0.0,1986.36,1139.16,847.2,Online
S05768,2023-08-15,ST13,C0447,P084,2,240.69,0.0,481.38,327.26,154.12,Online
S05769,2023-09-17,ST15,C0182,P012,4,703.62,0.1,2533.03,1366.48,1166.55,Online
S05770,2024-02-13,ST05,C0267,P043,1,241.25,0.1,217.12,137.71,79.41,Retail Store
S05771,2024-08-02,ST14,C0098,P060,1,550.86,0.0,550.86,340.53,210.33,Online
S05772,2023-09-05,ST02,C0117,P006,1,826.37,0.1,743.73,423.08,320.65,Marketplace
S05773,2024-12-12,ST08,C0236,P086,2,320.59,0.0,641.18,395.16,246.02,Marketplace
S05774,2023-03-14,ST10,C0186,P059,1,618.97,0.0,618.97,424.05,194.92,Retail Store
S05775,2025-06-04,ST02,C0159,P085,1,595.13,0.1,535.62,307.6,228.02,Marketplace
S05776,2023-12-29,ST15,C0137,P095,2,139.42,0.15,237.01,199.5,37.51,Online
S05777,2023-06-02,ST09,C0002,P026,2,311.93,0.1,561.47,275.3,286.17,Online
S05778,2024-02-07,ST13,C0164,P078,2,331.1,0.15,562.87,343.84,219.03,Marketplace
S05779,2024-04-05,ST13,C0264,P090,2,573.25,0.0,1146.5,576.38,570.12,Retail Store
S05780,2024-10-31,ST03,C0216,P074,2,440.89,0.0,881.78,388.7,493.08,Online
S05781,2024-11-23,ST15,C0498,P022,6,753.54,0.05,4295.18,2492.16,1803.02,Retail Store
S05782,2025-01-16,ST06,C0330,P095,2,139.42,0.15,237.01,199.5,37.51,Marketplace
S05783,2024-12-23,ST13,C0319,P092,1,496.59,0.0,496.59,284.79,211.8,Online
S05784,2023-01-19,ST14,C0216,P059,3,618.97,0.05,1764.06,1272.15,491.91,Mobile App
S05785,2023-12-14,ST02,C0108,P067,1,278.89,0.05,264.95,179.98,84.97,Online
S05786,2025-02-17,ST07,C0002,P090,5,573.25,0.05,2722.94,1440.95,1281.99,Online
S05787,2024-11-22,ST11,C0110,P076,2,361.84,0.15,615.13,331.48,283.65,Retail Store
S05788,2025-04-19,ST13,C0048,P048,1,113.1,0.1,101.79,59.05,42.74,Retail Store
S05789,2024-06-26,ST09,C0277,P060,1,550.86,0.0,550.86,340.53,210.33,Mobile App
S05790,2023-05-20,ST15,C0076,P100,2,691.45,0.05,1313.76,763.88,549.88,Mobile App
S05791,2024-10-23,ST05,C0289,P044,1,670.76,0.05,637.22,448.05,189.17,Retail Store
S05792,2023-08-23,ST03,C0476,P054,5,66.5,0.0,332.5,144.8,187.7,Online
S05793,2024-02-27,ST03,C0372,P059,3,618.97,0.0,1856.91,1272.15,584.76,Marketplace
S05794,2024-02-18,ST10,C0231,P016,1,442.1,0.1,397.89,278.25,119.64,Retail Store
S05795,2023-12-08,ST03,C0453,P020,4,796.23,0.0,3184.92,1651.48,1533.44,Marketplace
S05796,2024-07-06,ST10,C0424,P087,1,643.14,0.0,643.14,358.95,284.19,Retail Store
S05797,2023-03-07,ST13,C0417,P091,1,512.66,0.05,487.03,367.79,119.24,Mobile App
S05798,2023-05-05,ST13,C0447,P035,1,381.12,0.15,323.95,175.58,148.37,Marketplace
S05799,2024-03-03,ST15,C0344,P008,3,682.79,0.1,1843.53,952.41,891.12,Mobile App
S05800,2023-05-21,ST10,C0229,P060,1,550.86,0.0,550.86,340.53,210.33,Mobile App
S05801,2023-06-22,ST13,C0322,P010,3,177.97,0.05,507.21,344.01,163.2,Marketplace
S05802,2023-01-12,ST06,C0161,P064,1,189.25,0.0,189.25,93.67,95.58,Retail Store
S05803,2024-04-01,ST10,C0277,P070,2,819.07,0.15,1392.42,799.2,593.22,Retail Store
S05804,2024-10-22,ST04,C0384,P058,2,558.35,0.05,1060.87,499.6,561.27,Retail Store
S05805,2024-03-23,ST02,C0299,P046,3,653.19,0.0,1959.57,1028.67,930.9,Marketplace
S05806,2025-04-23,ST09,C0030,P078,1,331.1,0.1,297.99,171.92,126.07,Mobile App
S05807,2025-05-06,ST10,C0262,P048,4,113.1,0.15,384.54,236.2,148.34,Marketplace
S05808,2025-06-03,ST14,C0208,P022,1,753.54,0.1,678.19,415.36,262.83,Online
S05809,2023-12-06,ST09,C0135,P065,2,54.39,0.1,97.9,58.22,39.68,Marketplace
S05810,2024-03-21,ST09,C0106,P053,1,512.39,0.0,512.39,310.47,201.92,Online
S05811,2024-08-06,ST08,C0351,P003,1,101.68,0.05,96.6,44.48,52.12,Retail Store
S05812,2024-06-19,ST10,C0122,P020,6,796.23,0.05,4538.51,2477.22,2061.29,Retail Store
S05813,2024-01-08,ST15,C0059,P024,1,908.43,0.15,772.17,427.45,344.72,Retail Store
S05814,2023-02-05,ST06,C0436,P081,1,595.21,0.15,505.93,338.24,167.69,Retail Store
S05815,2025-04-19,ST13,C0450,P071,1,573.25,0.1,515.93,357.51,158.42,Retail Store
S05816,2023-12-17,ST10,C0476,P020,1,796.23,0.15,676.8,412.87,263.93,Marketplace
S05817,2024-05-30,ST13,C0402,P084,4,240.69,0.0,962.76,654.52,308.24,Online
S05818,2023-06-26,ST14,C0333,P004,1,700.29,0.05,665.28,393.26,272.02,Retail Store
S05819,2024-02-02,ST12,C0199,P052,2,179.16,0.1,322.49,223.62,98.87,Retail Store
S05820,2023-08-21,ST08,C0025,P016,4,442.1,0.1,1591.56,1113.0,478.56,Online
S05821,2025-04-11,ST13,C0247,P029,1,230.02,0.0,230.02,120.5,109.52,Online
S05822,2024-10-19,ST10,C0284,P050,1,251.3,0.0,251.3,129.64,121.66,Online
S05823,2024-04-09,ST12,C0464,P036,1,539.12,0.1,485.21,311.18,174.03,Marketplace
S05824,2024-03-21,ST10,C0156,P085,1,595.13,0.05,565.37,307.6,257.77,Retail Store
S05825,2024-09-19,ST06,C0366,P032,4,266.96,0.0,1067.84,573.4,494.44,Marketplace
S05826,2024-09-26,ST08,C0168,P063,1,85.52,0.1,76.97,43.74,33.23,Marketplace
S05827,2024-08-15,ST12,C0401,P067,2,278.89,0.0,557.78,359.96,197.82,Online
S05828,2025-04-24,ST12,C0182,P044,3,670.76,0.05,1911.67,1344.15,567.52,Retail Store
S05829,2024-11-01,ST04,C0227,P063,1,85.52,0.15,72.69,43.74,28.95,Retail Store
S05830,2023-08-09,ST14,C0088,P099,4,381.31,0.15,1296.45,858.04,438.41,Online
S05831,2023-02-01,ST06,C0166,P013,2,633.58,0.0,1267.16,813.14,454.02,Retail Store
S05832,2025-01-10,ST13,C0433,P088,2,656.76,0.0,1313.52,624.28,689.24,Marketplace
S05833,2024-07-28,ST01,C0464,P087,3,643.14,0.0,1929.42,1076.85,852.57,Online
S05834,2024-09-08,ST09,C0048,P083,4,543.94,0.05,2066.97,1323.6,743.37,Online
S05835,2024-09-27,ST12,C0141,P067,3,278.89,0.0,836.67,539.94,296.73,Mobile App
S05836,2024-08-10,ST06,C0160,P006,3,826.37,0.1,2231.2,1269.24,961.96,Online
S05837,2023-08-27,ST02,C0498,P014,1,523.69,0.0,523.69,241.55,282.14,Retail Store
S05838,2024-02-19,ST08,C0455,P040,1,151.24,0.0,151.24,66.61,84.63,Retail Store
S05839,2024-09-12,ST15,C0079,P097,3,509.83,0.0,1529.49,926.16,603.33,Mobile App
S05840,2023-08-20,ST07,C0102,P007,2,572.81,0.1,1031.06,669.76,361.3,Marketplace
S05841,2024-07-02,ST11,C0167,P015,3,411.34,0.05,1172.32,874.98,297.34,Retail Store
S05842,2025-05-17,ST10,C0020,P096,1,612.7,0.15,520.8,414.92,105.88,Marketplace
S05843,2025-02-05,ST08,C0317,P058,1,558.35,0.1,502.52,249.8,252.72,Retail Store
S05844,2023-01-12,ST11,C0119,P019,2,451.75,0.0,903.5,435.66,467.84,Mobile App
S05845,2024-12-03,ST09,C0219,P046,2,653.19,0.0,1306.38,685.78,620.6,Mobile App
S05846,2024-08-10,ST08,C0500,P053,2,512.39,0.1,922.3,620.94,301.36,Mobile App
S05847,2025-04-15,ST13,C0469,P004,1,700.29,0.0,700.29,393.26,307.03,Marketplace
S05848,2023-12-29,ST07,C0439,P093,2,466.42,0.0,932.84,539.32,393.52,Retail Store
S05849,2024-06-17,ST04,C0222,P009,2,211.8,0.0,423.6,244.7,178.9,Mobile App
S05850,2025-03-31,ST13,C0112,P062,1,800.1,0.05,760.1,409.77,350.33,Online
S05851,2024-04-17,ST10,C0182,P016,2,442.1,0.05,839.99,556.5,283.49,Mobile App
S05852,2023-06-22,ST15,C0362,P058,4,558.35,0.0,2233.4,999.2,1234.2,Online
S05853,2024-01-21,ST04,C0225,P085,3,595.13,0.0,1785.39,922.8,862.59,Marketplace
S05854,2025-01-25,ST12,C0397,P072,1,110.76,0.0,110.76,70.94,39.82,Retail Store
S05855,2023-08-19,ST14,C0290,P018,4,560.51,0.0,2242.04,1376.48,865.56,Mobile App
S05856,2023-10-03,ST15,C0189,P072,2,110.76,0.15,188.29,141.88,46.41,Mobile App
S05857,2025-05-31,ST14,C0084,P083,2,543.94,0.0,1087.88,661.8,426.08,Online
S05858,2024-08-22,ST02,C0154,P023,1,589.93,0.05,560.43,419.87,140.56,Mobile App
S05859,2023-12-15,ST06,C0282,P009,4,211.8,0.15,720.12,489.4,230.72,Mobile App
S05860,2023-10-08,ST10,C0127,P069,1,952.97,0.05,905.32,438.88,466.44,Marketplace
S05861,2024-01-10,ST08,C0485,P004,1,700.29,0.0,700.29,393.26,307.03,Mobile App
S05862,2025-03-09,ST07,C0407,P038,1,348.21,0.05,330.8,215.66,115.14,Mobile App
S05863,2024-10-24,ST12,C0091,P050,1,251.3,0.0,251.3,129.64,121.66,Mobile App
S05864,2023-03-22,ST10,C0324,P096,2,612.7,0.0,1225.4,829.84,395.56,Mobile App
S05865,2024-08-02,ST15,C0043,P084,1,240.69,0.15,204.59,163.63,40.96,Marketplace
S05866,2024-12-08,ST15,C0380,P035,1,381.12,0.1,343.01,175.58,167.43,Retail Store
S05867,2023-11-10,ST08,C0033,P055,1,374.11,0.0,374.11,253.49,120.62,Mobile App
S05868,2023-05-11,ST03,C0486,P002,3,441.21,0.0,1323.63,863.61,460.02,Retail Store
S05869,2024-11-13,ST02,C0341,P066,1,400.97,0.05,380.92,272.57,108.35,Retail Store
S05870,2025-04-27,ST05,C0428,P083,1,543.94,0.0,543.94,330.9,213.04,Online
S05871,2023-12-29,ST14,C0154,P098,1,610.44,0.0,610.44,285.38,325.06,Marketplace
S05872,2023-10-08,ST15,C0358,P050,2,251.3,0.0,502.6,259.28,243.32,Mobile App
S05873,2025-06-18,ST12,C0105,P072,1,110.76,0.05,105.22,70.94,34.28,Marketplace
S05874,2025-01-13,ST12,C0014,P037,3,559.57,0.0,1678.71,1095.75,582.96,Online
S05875,2023-01-02,ST05,C0208,P069,1,952.97,0.15,810.02,438.88,371.14,Online
S05876,2023-03-05,ST15,C0395,P026,2,311.93,0.0,623.86,275.3,348.56,Online
S05877,2024-09-26,ST14,C0493,P055,3,374.11,0.15,953.98,760.47,193.51,Mobile App
S05878,2024-04-23,ST10,C0016,P096,3,612.7,0.15,1562.38,1244.76,317.62,Marketplace
S05879,2024-08-19,ST03,C0420,P091,1,512.66,0.0,512.66,367.79,144.87,Online
S05880,2024-10-29,ST08,C0194,P054,1,66.5,0.05,63.17,28.96,34.21,Retail Store
S05881,2023-06-05,ST07,C0383,P077,2,146.59,0.05,278.52,201.78,76.74,Marketplace
S05882,2023-12-08,ST02,C0488,P056,4,647.27,0.0,2589.08,1597.48,991.6,Online
S05883,2024-10-03,ST07,C0383,P041,1,148.6,0.0,148.6,95.68,52.92,Mobile App
S05884,2023-06-30,ST15,C0416,P023,1,589.93,0.0,589.93,419.87,170.06,Online
S05885,2023-06-15,ST11,C0069,P017,1,780.73,0.15,663.62,390.83,272.79,Online
S05886,2025-05-14,ST10,C0315,P035,1,381.12,0.1,343.01,175.58,167.43,Retail Store
S05887,2024-02-15,ST04,C0461,P010,1,177.97,0.15,151.27,114.67,36.6,Marketplace
S05888,2025-01-11,ST04,C0284,P055,1,374.11,0.05,355.4,253.49,101.91,Marketplace
S05889,2023-06-19,ST12,C0317,P046,1,653.19,0.0,653.19,342.89,310.3,Retail Store
S05890,2023-02-23,ST08,C0443,P061,3,603.93,0.1,1630.61,989.97,640.64,Retail Store
S05891,2023-06-16,ST11,C0077,P042,1,552.37,0.0,552.37,408.54,143.83,Mobile App
S05892,2024-11-22,ST05,C0062,P052,3,179.16,0.0,537.48,335.43,202.05,Retail Store
S05893,2023-08-25,ST04,C0085,P079,2,118.05,0.0,236.1,148.3,87.8,Mobile App
S05894,2025-04-01,ST05,C0235,P009,1,211.8,0.05,201.21,122.35,78.86,Mobile App
S05895,2024-01-08,ST05,C0452,P056,1,647.27,0.0,647.27,399.37,247.9,Marketplace
S05896,2024-07-25,ST09,C0057,P007,2,572.81,0.05,1088.34,669.76,418.58,Online
S05897,2024-07-22,ST03,C0385,P063,1,85.52,0.05,81.24,43.74,37.5,Online
S05898,2025-03-02,ST10,C0291,P009,3,211.8,0.0,635.4,367.05,268.35,Marketplace
S05899,2023-06-01,ST06,C0325,P079,1,118.05,0.0,118.05,74.15,43.9,Online
S05900,2023-09-25,ST08,C0094,P082,1,824.42,0.15,700.76,416.33,284.43,Marketplace
S05901,2023-12-11,ST15,C0436,P049,1,878.21,0.0,878.21,391.27,486.94,Retail Store
S05902,2023-09-10,ST01,C0312,P039,1,839.98,0.0,839.98,396.66,443.32,Online
S05903,2023-11-08,ST01,C0166,P071,1,573.25,0.0,573.25,357.51,215.74,Mobile App
S05904,2024-06-17,ST12,C0033,P044,1,670.76,0.15,570.15,448.05,122.1,Online
S05905,2024-03-11,ST05,C0400,P035,2,381.12,0.15,647.9,351.16,296.74,Mobile App
S05906,2024-09-04,ST08,C0205,P071,1,573.25,0.0,573.25,357.51,215.74,Online
S05907,2023-04-02,ST09,C0467,P069,1,952.97,0.0,952.97,438.88,514.09,Retail Store
S05908,2023-02-25,ST13,C0241,P039,2,839.98,0.0,1679.96,793.32,886.64,Online
S05909,2024-11-15,ST15,C0130,P009,1,211.8,0.0,211.8,122.35,89.45,Mobile App
S05910,2023-01-07,ST12,C0375,P049,1,878.21,0.15,746.48,391.27,355.21,Retail Store
S05911,2024-06-14,ST08,C0352,P048,2,113.1,0.0,226.2,118.1,108.1,Online
S05912,2025-06-18,ST02,C0184,P020,3,796.23,0.0,2388.69,1238.61,1150.08,Mobile App
S05913,2023-03-30,ST10,C0401,P090,1,573.25,0.05,544.59,288.19,256.4,Marketplace
S05914,2024-04-20,ST06,C0422,P076,3,361.84,0.0,1085.52,497.22,588.3,Retail Store
S05915,2023-01-07,ST12,C0448,P018,1,560.51,0.0,560.51,344.12,216.39,Mobile App
S05916,2024-07-03,ST06,C0299,P002,1,441.21,0.0,441.21,287.87,153.34,Online
S05917,2025-06-18,ST11,C0254,P057,1,866.66,0.05,823.33,379.34,443.99,Marketplace
S05918,2024-11-24,ST04,C0264,P013,2,633.58,0.0,1267.16,813.14,454.02,Mobile App
S05919,2025-04-29,ST01,C0027,P065,1,54.39,0.0,54.39,29.11,25.28,Marketplace
S05920,2024-03-07,ST05,C0044,P032,5,266.96,0.0,1334.8,716.75,618.05,Retail Store
S05921,2023-11-04,ST02,C0048,P042,2,552.37,0.0,1104.74,817.08,287.66,Online
S05922,2024-01-27,ST09,C0247,P056,1,647.27,0.05,614.91,399.37,215.54,Online
S05923,2023-12-04,ST13,C0054,P081,3,595.21,0.0,1785.63,1014.72,770.91,Marketplace
S05924,2025-03-21,ST09,C0040,P071,1,573.25,0.05,544.59,357.51,187.08,Retail Store
S05925,2025-06-29,ST11,C0315,P006,1,826.37,0.05,785.05,423.08,361.97,Mobile App
S05926,2025-01-14,ST03,C0155,P055,2,374.11,0.0,748.22,506.98,241.24,Marketplace
S05927,2025-05-07,ST11,C0209,P007,2,572.81,0.1,1031.06,669.76,361.3,Retail Store
S05928,2024-08-28,ST07,C0443,P019,1,451.75,0.1,406.57,217.83,188.74,Online
S05929,2023-12-11,ST13,C0474,P032,2,266.96,0.15,453.83,286.7,167.13,Retail Store
S05930,2023-02-22,ST05,C0483,P048,1,113.1,0.0,113.1,59.05,54.05,Online
S05931,2023-11-21,ST01,C0207,P002,4,441.21,0.0,1764.84,1151.48,613.36,Online
S05932,2023-10-28,ST03,C0028,P025,1,788.41,0.1,709.57,350.48,359.09,Marketplace
S05933,2023-04-02,ST12,C0332,P043,2,241.25,0.0,482.5,275.42,207.08,Retail Store
S05934,2024-02-21,ST15,C0168,P087,1,643.14,0.0,643.14,358.95,284.19,Online
S05935,2024-09-28,ST02,C0380,P037,1,559.57,0.0,559.57,365.25,194.32,Mobile App
S05936,2024-10-22,ST07,C0014,P020,1,796.23,0.05,756.42,412.87,343.55,Marketplace
S05937,2025-03-19,ST06,C0053,P005,1,187.0,0.0,187.0,94.13,92.87,Mobile App
S05938,2023-05-07,ST10,C0379,P041,1,148.6,0.1,133.74,95.68,38.06,Online
S05939,2024-07-02,ST14,C0049,P003,1,101.68,0.05,96.6,44.48,52.12,Marketplace
S05940,2025-03-02,ST14,C0106,P032,1,266.96,0.15,226.92,143.35,83.57,Online
S05941,2023-09-12,ST14,C0070,P017,2,780.73,0.0,1561.46,781.66,779.8,Mobile App
S05942,2024-09-29,ST06,C0017,P005,1,187.0,0.0,187.0,94.13,92.87,Online
S05943,2025-01-12,ST03,C0341,P024,3,908.43,0.0,2725.29,1282.35,1442.94,Mobile App
S05944,2023-12-02,ST11,C0072,P049,3,878.21,0.0,2634.63,1173.81,1460.82,Retail Store
S05945,2024-07-17,ST10,C0379,P085,1,595.13,0.0,595.13,307.6,287.53,Retail Store
S05946,2024-08-23,ST04,C0389,P015,1,411.34,0.0,411.34,291.66,119.68,Mobile App
S05947,2024-03-08,ST10,C0115,P027,1,598.23,0.0,598.23,345.99,252.24,Online
S05948,2024-01-12,ST03,C0329,P030,1,556.36,0.0,556.36,275.09,281.27,Online
S05949,2023-06-21,ST02,C0194,P067,1,278.89,0.0,278.89,179.98,98.91,Online
S05950,2025-06-17,ST10,C0376,P032,1,266.96,0.0,266.96,143.35,123.61,Mobile App
S05951,2025-05-22,ST05,C0348,P053,3,512.39,0.0,1537.17,931.41,605.76,Online
S05952,2025-01-10,ST03,C0156,P028,2,535.81,0.1,964.46,602.4,362.06,Marketplace
S05953,2023-01-16,ST13,C0396,P039,5,839.98,0.0,4199.9,1983.3,2216.6,Marketplace
S05954,2023-11-25,ST01,C0407,P055,1,374.11,0.0,374.11,253.49,120.62,Mobile App
S05955,2023-02-11,ST07,C0263,P075,1,347.7,0.05,330.31,174.24,156.07,Online
S05956,2025-01-05,ST12,C0090,P035,2,381.12,0.0,762.24,351.16,411.08,Mobile App
S05957,2023-10-24,ST13,C0224,P032,1,266.96,0.05,253.61,143.35,110.26,Marketplace
S05958,2024-02-09,ST14,C0464,P081,2,595.21,0.0,1190.42,676.48,513.94,Mobile App
S05959,2024-07-06,ST09,C0294,P085,1,595.13,0.15,505.86,307.6,198.26,Mobile App
S05960,2023-12-31,ST08,C0319,P023,1,589.93,0.0,589.93,419.87,170.06,Mobile App
S05961,2024-07-12,ST13,C0428,P052,2,179.16,0.0,358.32,223.62,134.7,Mobile App
S05962,2023-03-16,ST07,C0091,P089,1,178.67,0.05,169.74,97.12,72.62,Mobile App
S05963,2024-01-25,ST14,C0289,P043,1,241.25,0.0,241.25,137.71,103.54,Mobile App
S05964,2025-04-28,ST15,C0392,P063,1,85.52,0.05,81.24,43.74,37.5,Online
S05965,2025-04-27,ST04,C0404,P048,1,113.1,0.15,96.13,59.05,37.08,Retail Store
S05966,2025-06-18,ST07,C0470,P080,3,421.17,0.05,1200.33,630.96,569.37,Mobile App
S05967,2025-02-19,ST08,C0137,P014,1,523.69,0.0,523.69,241.55,282.14,Online
S05968,2025-04-04,ST14,C0208,P032,1,266.96,0.1,240.26,143.35,96.91,Mobile App
S05969,2024-10-30,ST15,C0148,P021,3,414.87,0.05,1182.38,551.73,630.65,Mobile App
S05970,2023-09-25,ST07,C0202,P098,1,610.44,0.15,518.87,285.38,233.49,Mobile App
S05971,2023-06-27,ST06,C0120,P086,3,320.59,0.0,961.77,592.74,369.03,Marketplace
S05972,2023-05-11,ST11,C0391,P017,2,780.73,0.1,1405.31,781.66,623.65,Mobile App
S05973,2024-04-18,ST03,C0128,P096,2,612.7,0.0,1225.4,829.84,395.56,Online
S05974,2024-06-04,ST07,C0387,P091,1,512.66,0.05,487.03,367.79,119.24,Online
S05975,2025-02-19,ST06,C0053,P039,4,839.98,0.05,3191.92,1586.64,1605.28,Retail Store
S05976,2024-04-04,ST08,C0329,P021,1,414.87,0.15,352.64,183.91,168.73,Marketplace
S05977,2023-04-27,ST11,C0382,P026,1,311.93,0.1,280.74,137.65,143.09,Online
S05978,2024-12-26,ST04,C0139,P042,4,552.37,0.15,1878.06,1634.16,243.9,Mobile App
S05979,2023-10-02,ST06,C0281,P053,2,512.39,0.1,922.3,620.94,301.36,Marketplace
S05980,2024-09-05,ST10,C0343,P032,3,266.96,0.0,800.88,430.05,370.83,Marketplace
S05981,2024-05-14,ST12,C0202,P013,3,633.58,0.1,1710.67,1219.71,490.96,Online
S05982,2025-03-07,ST08,C0290,P038,4,348.21,0.1,1253.56,862.64,390.92,Online
S05983,2023-06-03,ST13,C0312,P079,1,118.05,0.1,106.25,74.15,32.1,Retail Store
S05984,2024-02-11,ST06,C0050,P054,1,66.5,0.0,66.5,28.96,37.54,Retail Store
S05985,2023-04-16,ST15,C0202,P013,2,633.58,0.1,1140.44,813.14,327.3,Online
S05986,2024-08-26,ST02,C0237,P089,1,178.67,0.0,178.67,97.12,81.55,Online
S05987,2023-08-08,ST13,C0255,P003,2,101.68,0.0,203.36,88.96,114.4,Marketplace
S05988,2023-07-12,ST01,C0195,P017,1,780.73,0.05,741.69,390.83,350.86,Online
S05989,2024-11-17,ST13,C0426,P100,2,691.45,0.0,1382.9,763.88,619.02,Retail Store
S05990,2024-08-24,ST10,C0275,P036,6,539.12,0.05,3072.98,1867.08,1205.9,Marketplace
S05991,2023-03-23,ST12,C0463,P071,2,573.25,0.0,1146.5,715.02,431.48,Online
S05992,2024-02-01,ST05,C0375,P050,2,251.3,0.1,452.34,259.28,193.06,Online
S05993,2024-10-14,ST02,C0068,P016,2,442.1,0.0,884.2,556.5,327.7,Marketplace
S05994,2023-05-26,ST13,C0304,P026,3,311.93,0.0,935.79,412.95,522.84,Marketplace
S05995,2025-04-26,ST06,C0095,P051,2,502.39,0.15,854.06,608.76,245.3,Mobile App
S05996,2025-04-02,ST10,C0384,P019,1,451.75,0.15,383.99,217.83,166.16,Online
S05997,2024-11-29,ST12,C0432,P050,1,251.3,0.0,251.3,129.64,121.66,Mobile App
S05998,2023-07-20,ST04,C0208,P097,4,509.83,0.0,2039.32,1234.88,804.44,Retail Store
S05999,2023-08-23,ST12,C0072,P059,3,618.97,0.1,1671.22,1272.15,399.07,Mobile App
S06000,2024-03-09,ST07,C0111,P002,4,441.21,0.1,1588.36,1151.48,436.88,Mobile App
S06001,2025-03-28,ST11,C0434,P065,2,54.39,0.0,108.78,58.22,50.56,Retail Store
S06002,2023-04-23,ST07,C0329,P024,1,908.43,0.15,772.17,427.45,344.72,Marketplace
S06003,2023-05-04,ST10,C0150,P092,1,496.59,0.05,471.76,284.79,186.97,Retail Store
S06004,2024-05-01,ST08,C0210,P080,1,421.17,0.15,357.99,210.32,147.67,Retail Store
S06005,2024-10-22,ST15,C0350,P053,1,512.39,0.1,461.15,310.47,150.68,Online
S06006,2023-03-24,ST04,C0169,P028,1,535.81,0.1,482.23,301.2,181.03,Retail Store
S06007,2024-09-22,ST07,C0054,P005,1,187.0,0.0,187.0,94.13,92.87,Online
S06008,2025-03-05,ST13,C0403,P045,1,240.79,0.1,216.71,117.52,99.19,Retail Store
S06009,2025-04-28,ST13,C0206,P015,3,411.34,0.15,1048.92,874.98,173.94,Online
S06010,2024-11-29,ST05,C0309,P073,1,238.26,0.15,202.52,173.6,28.92,Retail Store
S06011,2024-07-01,ST02,C0387,P098,1,610.44,0.0,610.44,285.38,325.06,Online
S06012,2024-08-09,ST05,C0140,P030,1,556.36,0.0,556.36,275.09,281.27,Marketplace
S06013,2023-12-10,ST14,C0215,P086,2,320.59,0.05,609.12,395.16,213.96,Online
S06014,2024-10-15,ST09,C0141,P088,5,656.76,0.0,3283.8,1560.7,1723.1,Mobile App
S06015,2024-11-01,ST10,C0423,P006,2,826.37,0.1,1487.47,846.16,641.31,Mobile App
S06016,2023-12-14,ST01,C0373,P012,3,703.62,0.0,2110.86,1024.86,1086.0,Marketplace
S06017,2024-08-07,ST04,C0308,P064,3,189.25,0.0,567.75,281.01,286.74,Retail Store
S06018,2024-05-26,ST09,C0466,P033,1,760.26,0.0,760.26,422.59,337.67,Retail Store
S06019,2025-02-18,ST05,C0006,P052,2,179.16,0.1,322.49,223.62,98.87,Retail Store
S06020,2025-01-06,ST01,C0013,P099,1,381.31,0.0,381.31,214.51,166.8,Online
S06021,2023-07-23,ST09,C0078,P005,1,187.0,0.1,168.3,94.13,74.17,Marketplace
S06022,2023-04-16,ST02,C0475,P054,1,66.5,0.05,63.17,28.96,34.21,Retail Store
S06023,2023-03-21,ST02,C0494,P096,5,612.7,0.1,2757.15,2074.6,682.55,Retail Store
S06024,2023-03-23,ST03,C0150,P032,1,266.96,0.0,266.96,143.35,123.61,Online
S06025,2024-11-05,ST15,C0257,P034,2,530.96,0.15,902.63,736.38,166.25,Mobile App
S06026,2025-05-03,ST05,C0284,P039,2,839.98,0.0,1679.96,793.32,886.64,Retail Store
S06027,2024-11-09,ST04,C0164,P027,3,598.23,0.0,1794.69,1037.97,756.72,Marketplace
S06028,2023-04-16,ST08,C0357,P008,3,682.79,0.1,1843.53,952.41,891.12,Retail Store
S06029,2023-12-02,ST15,C0429,P063,1,85.52,0.1,76.97,43.74,33.23,Retail Store
S06030,2025-02-16,ST09,C0472,P027,3,598.23,0.05,1704.96,1037.97,666.99,Retail Store
S06031,2025-05-19,ST13,C0166,P011,1,309.34,0.05,293.87,193.14,100.73,Retail Store
S06032,2024-06-09,ST02,C0453,P090,3,573.25,0.05,1633.76,864.57,769.19,Retail Store
S06033,2023-01-02,ST03,C0449,P027,3,598.23,0.15,1525.49,1037.97,487.52,Retail Store
S06034,2023-02-26,ST05,C0350,P075,3,347.7,0.0,1043.1,522.72,520.38,Online
S06035,2024-05-02,ST08,C0464,P039,2,839.98,0.15,1427.97,793.32,634.65,Retail Store
S06036,2025-02-10,ST15,C0497,P021,1,414.87,0.1,373.38,183.91,189.47,Retail Store
S06037,2025-06-11,ST02,C0048,P038,1,348.21,0.0,348.21,215.66,132.55,Marketplace
S06038,2023-10-19,ST06,C0154,P081,3,595.21,0.0,1785.63,1014.72,770.91,Marketplace
S06039,2023-11-29,ST13,C0039,P090,2,573.25,0.1,1031.85,576.38,455.47,Online
S06040,2024-09-10,ST14,C0244,P056,3,647.27,0.1,1747.63,1198.11,549.52,Mobile App
S06041,2024-12-26,ST05,C0195,P063,4,85.52,0.05,324.98,174.96,150.02,Online
S06042,2024-04-18,ST04,C0037,P078,2,331.1,0.1,595.98,343.84,252.14,Retail Store
S06043,2024-07-02,ST11,C0471,P005,1,187.0,0.05,177.65,94.13,83.52,Mobile App
S06044,2023-07-22,ST02,C0497,P079,3,118.05,0.15,301.03,222.45,78.58,Marketplace
S06045,2023-12-27,ST10,C0401,P016,1,442.1,0.0,442.1,278.25,163.85,Online
S06046,2024-05-05,ST03,C0329,P032,3,266.96,0.0,800.88,430.05,370.83,Mobile App
S06047,2024-02-24,ST01,C0450,P037,2,559.57,0.0,1119.14,730.5,388.64,Online
S06048,2023-05-12,ST06,C0472,P011,5,309.34,0.0,1546.7,965.7,581.0,Mobile App
S06049,2025-05-08,ST10,C0211,P007,4,572.81,0.15,1947.55,1339.52,608.03,Marketplace
S06050,2025-02-01,ST07,C0095,P085,2,595.13,0.0,1190.26,615.2,575.06,Marketplace
S06051,2024-03-31,ST14,C0130,P071,3,573.25,0.0,1719.75,1072.53,647.22,Mobile App
S06052,2024-02-20,ST03,C0166,P022,1,753.54,0.15,640.51,415.36,225.15,Marketplace
S06053,2024-07-01,ST15,C0160,P095,2,139.42,0.0,278.84,199.5,79.34,Retail Store
S06054,2023-05-13,ST06,C0325,P018,1,560.51,0.0,560.51,344.12,216.39,Marketplace
S06055,2024-08-29,ST02,C0415,P093,4,466.42,0.15,1585.83,1078.64,507.19,Marketplace
S06056,2024-12-30,ST10,C0278,P075,1,347.7,0.15,295.54,174.24,121.3,Mobile App
S06057,2024-10-02,ST15,C0270,P067,1,278.89,0.0,278.89,179.98,98.91,Marketplace
S06058,2024-06-29,ST05,C0310,P050,1,251.3,0.1,226.17,129.64,96.53,Online
S06059,2023-10-09,ST06,C0016,P008,1,682.79,0.0,682.79,317.47,365.32,Mobile App
S06060,2025-06-21,ST06,C0232,P056,1,647.27,0.15,550.18,399.37,150.81,Marketplace
S06061,2023-04-23,ST06,C0188,P027,1,598.23,0.1,538.41,345.99,192.42,Mobile App
S06062,2025-06-27,ST03,C0437,P019,2,451.75,0.05,858.32,435.66,422.66,Retail Store
S06063,2024-10-05,ST07,C0080,P059,1,618.97,0.05,588.02,424.05,163.97,Online
S06064,2024-03-11,ST06,C0335,P098,3,610.44,0.05,1739.75,856.14,883.61,Mobile App
S06065,2025-01-24,ST07,C0133,P004,2,700.29,0.0,1400.58,786.52,614.06,Marketplace
S06066,2024-03-26,ST01,C0340,P003,2,101.68,0.0,203.36,88.96,114.4,Mobile App
S06067,2024-10-03,ST05,C0472,P084,2,240.69,0.0,481.38,327.26,154.12,Online
S06068,2023-12-10,ST07,C0420,P001,1,474.05,0.1,426.65,252.9,173.75,Marketplace
S06069,2025-06-12,ST01,C0134,P024,1,908.43,0.15,772.17,427.45,344.72,Marketplace
S06070,2023-10-31,ST02,C0414,P100,1,691.45,0.0,691.45,381.94,309.51,Retail Store
S06071,2025-01-24,ST07,C0417,P082,2,824.42,0.05,1566.4,832.66,733.74,Retail Store
S06072,2023-07-11,ST13,C0140,P087,1,643.14,0.0,643.14,358.95,284.19,Marketplace
S06073,2024-10-29,ST03,C0275,P018,4,560.51,0.0,2242.04,1376.48,865.56,Marketplace
S06074,2025-01-08,ST04,C0087,P053,1,512.39,0.1,461.15,310.47,150.68,Retail Store
S06075,2024-09-30,ST14,C0180,P016,3,442.1,0.15,1127.36,834.75,292.61,Online
S06076,2023-02-17,ST03,C0118,P018,3,560.51,0.1,1513.38,1032.36,481.02,Online
S06077,2025-02-27,ST09,C0090,P024,1,908.43,0.0,908.43,427.45,480.98,Mobile App
S06078,2023-06-13,ST05,C0275,P002,1,441.21,0.05,419.15,287.87,131.28,Mobile App
S06079,2024-03-20,ST04,C0270,P020,1,796.23,0.0,796.23,412.87,383.36,Mobile App
S06080,2023-12-23,ST05,C0001,P005,2,187.0,0.0,374.0,188.26,185.74,Retail Store
S06081,2025-06-15,ST09,C0385,P093,2,466.42,0.0,932.84,539.32,393.52,Marketplace
S06082,2024-08-23,ST02,C0411,P078,3,331.1,0.0,993.3,515.76,477.54,Mobile App
S06083,2025-02-12,ST02,C0361,P014,1,523.69,0.0,523.69,241.55,282.14,Mobile App
S06084,2025-06-21,ST14,C0016,P086,1,320.59,0.0,320.59,197.58,123.01,Online
S06085,2024-05-14,ST13,C0496,P041,2,148.6,0.05,282.34,191.36,90.98,Online
S06086,2023-11-04,ST11,C0393,P022,1,753.54,0.1,678.19,415.36,262.83,Online
S06087,2024-09-09,ST15,C0406,P001,3,474.05,0.05,1351.04,758.7,592.34,Mobile App
S06088,2025-06-21,ST12,C0328,P016,2,442.1,0.15,751.57,556.5,195.07,Mobile App
S06089,2024-11-21,ST01,C0285,P063,2,85.52,0.1,153.94,87.48,66.46,Marketplace
S06090,2023-12-23,ST01,C0124,P068,1,675.48,0.0,675.48,308.45,367.03,Retail Store
S06091,2024-04-25,ST15,C0013,P010,1,177.97,0.0,177.97,114.67,63.3,Retail Store
S06092,2023-09-15,ST15,C0148,P080,2,421.17,0.15,715.99,420.64,295.35,Mobile App
S06093,2024-09-26,ST02,C0155,P032,1,266.96,0.1,240.26,143.35,96.91,Mobile App
S06094,2023-06-27,ST13,C0065,P098,2,610.44,0.1,1098.79,570.76,528.03,Retail Store
S06095,2025-02-19,ST05,C0135,P084,1,240.69,0.05,228.66,163.63,65.03,Marketplace
S06096,2023-12-25,ST12,C0148,P059,5,618.97,0.15,2630.62,2120.25,510.37,Online
S06097,2023-04-30,ST03,C0019,P071,1,573.25,0.0,573.25,357.51,215.74,Online
S06098,2024-11-16,ST04,C0198,P003,2,101.68,0.0,203.36,88.96,114.4,Marketplace
S06099,2024-06-12,ST12,C0329,P072,5,110.76,0.0,553.8,354.7,199.1,Online
S06100,2025-01-03,ST10,C0286,P060,2,550.86,0.0,1101.72,681.06,420.66,Online
S06101,2025-02-13,ST14,C0114,P013,1,633.58,0.15,538.54,406.57,131.97,Marketplace
S06102,2024-10-08,ST15,C0477,P033,3,760.26,0.0,2280.78,1267.77,1013.01,Marketplace
S06103,2024-02-21,ST01,C0295,P077,2,146.59,0.0,293.18,201.78,91.4,Mobile App
S06104,2023-05-30,ST06,C0166,P071,1,573.25,0.05,544.59,357.51,187.08,Mobile App
S06105,2023-05-06,ST05,C0293,P076,1,361.84,0.15,307.56,165.74,141.82,Retail Store
S06106,2024-09-26,ST05,C0389,P070,1,819.07,0.0,819.07,399.6,419.47,Retail Store
S06107,2023-09-23,ST07,C0309,P054,3,66.5,0.1,179.55,86.88,92.67,Retail Store
S06108,2023-05-12,ST06,C0153,P089,2,178.67,0.0,357.34,194.24,163.1,Marketplace
S06109,2023-07-18,ST02,C0194,P002,1,441.21,0.15,375.03,287.87,87.16,Retail Store
S06110,2024-11-12,ST07,C0170,P050,2,251.3,0.05,477.47,259.28,218.19,Online
S06111,2024-10-31,ST13,C0232,P030,2,556.36,0.0,1112.72,550.18,562.54,Mobile App
S06112,2023-01-09,ST01,C0458,P057,1,866.66,0.0,866.66,379.34,487.32,Marketplace
S06113,2024-10-23,ST08,C0074,P041,3,148.6,0.05,423.51,287.04,136.47,Retail Store
S06114,2024-06-08,ST11,C0215,P029,1,230.02,0.1,207.02,120.5,86.52,Retail Store
S06115,2024-09-09,ST15,C0301,P039,1,839.98,0.1,755.98,396.66,359.32,Retail Store
S06116,2025-06-19,ST04,C0184,P018,3,560.51,0.15,1429.3,1032.36,396.94,Retail Store
S06117,2023-05-15,ST04,C0144,P066,2,400.97,0.05,761.84,545.14,216.7,Marketplace
S06118,2025-05-15,ST03,C0315,P079,1,118.05,0.15,100.34,74.15,26.19,Marketplace
S06119,2024-01-25,ST05,C0138,P038,1,348.21,0.05,330.8,215.66,115.14,Marketplace
S06120,2025-02-05,ST13,C0166,P024,2,908.43,0.0,1816.86,854.9,961.96,Mobile App
S06121,2025-04-23,ST04,C0095,P087,1,643.14,0.15,546.67,358.95,187.72,Online
S06122,2023-03-29,ST04,C0090,P033,1,760.26,0.0,760.26,422.59,337.67,Retail Store
S06123,2025-06-06,ST05,C0017,P099,2,381.31,0.0,762.62,429.02,333.6,Marketplace
S06124,2023-06-13,ST05,C0065,P091,1,512.66,0.0,512.66,367.79,144.87,Mobile App
S06125,2023-02-17,ST14,C0127,P044,4,670.76,0.05,2548.89,1792.2,756.69,Retail Store
S06126,2025-06-12,ST06,C0274,P042,3,552.37,0.0,1657.11,1225.62,431.49,Marketplace
S06127,2024-08-15,ST10,C0434,P037,2,559.57,0.0,1119.14,730.5,388.64,Marketplace
S06128,2024-06-24,ST08,C0428,P023,4,589.93,0.1,2123.75,1679.48,444.27,Marketplace
S06129,2025-06-02,ST05,C0084,P002,3,441.21,0.0,1323.63,863.61,460.02,Mobile App
S06130,2024-07-25,ST04,C0032,P058,1,558.35,0.0,558.35,249.8,308.55,Online
S06131,2024-01-04,ST10,C0074,P085,1,595.13,0.0,595.13,307.6,287.53,Mobile App
S06132,2023-01-31,ST15,C0093,P046,2,653.19,0.0,1306.38,685.78,620.6,Retail Store
S06133,2023-08-08,ST09,C0328,P042,2,552.37,0.0,1104.74,817.08,287.66,Marketplace
S06134,2024-03-21,ST05,C0024,P029,2,230.02,0.0,460.04,241.0,219.04,Online
S06135,2024-09-18,ST07,C0223,P078,1,331.1,0.0,331.1,171.92,159.18,Retail Store
S06136,2025-05-19,ST02,C0081,P057,4,866.66,0.05,3293.31,1517.36,1775.95,Mobile App
S06137,2024-08-17,ST03,C0308,P021,1,414.87,0.0,414.87,183.91,230.96,Retail Store
S06138,2023-12-08,ST07,C0045,P039,1,839.98,0.05,797.98,396.66,401.32,Online
S06139,2024-09-22,ST11,C0184,P016,1,442.1,0.0,442.1,278.25,163.85,Online
S06140,2024-12-25,ST10,C0196,P052,6,179.16,0.0,1074.96,670.86,404.1,Marketplace
S06141,2024-08-22,ST04,C0203,P001,1,474.05,0.0,474.05,252.9,221.15,Mobile App
S06142,2024-12-09,ST04,C0017,P097,1,509.83,0.0,509.83,308.72,201.11,Online
S06143,2025-02-26,ST09,C0081,P076,3,361.84,0.0,1085.52,497.22,588.3,Mobile App
S06144,2024-08-15,ST14,C0400,P069,1,952.97,0.0,952.97,438.88,514.09,Retail Store
S06145,2023-09-08,ST01,C0078,P024,1,908.43,0.05,863.01,427.45,435.56,Retail Store
S06146,2024-08-18,ST01,C0300,P086,1,320.59,0.0,320.59,197.58,123.01,Online
S06147,2023-12-01,ST04,C0125,P083,1,543.94,0.0,543.94,330.9,213.04,Online
S06148,2023-04-20,ST08,C0310,P063,1,85.52,0.0,85.52,43.74,41.78,Retail Store
S06149,2023-03-17,ST11,C0030,P001,1,474.05,0.0,474.05,252.9,221.15,Online
S06150,2024-03-21,ST11,C0298,P091,2,512.66,0.0,1025.32,735.58,289.74,Marketplace
S06151,2024-09-01,ST03,C0193,P013,2,633.58,0.0,1267.16,813.14,454.02,Mobile App
S06152,2024-04-09,ST12,C0367,P049,1,878.21,0.15,746.48,391.27,355.21,Mobile App
S06153,2023-01-21,ST02,C0253,P090,1,573.25,0.1,515.93,288.19,227.74,Mobile App
S06154,2024-06-05,ST10,C0497,P046,2,653.19,0.0,1306.38,685.78,620.6,Retail Store
S06155,2024-06-05,ST10,C0231,P094,1,634.83,0.1,571.35,303.82,267.53,Online
S06156,2023-09-07,ST05,C0001,P030,1,556.36,0.0,556.36,275.09,281.27,Online
S06157,2024-11-10,ST04,C0381,P018,4,560.51,0.0,2242.04,1376.48,865.56,Marketplace
S06158,2024-12-24,ST08,C0322,P084,1,240.69,0.05,228.66,163.63,65.03,Retail Store
S06159,2023-06-14,ST07,C0170,P037,1,559.57,0.0,559.57,365.25,194.32,Marketplace
S06160,2024-03-17,ST14,C0148,P094,1,634.83,0.0,634.83,303.82,331.01,Marketplace
S06161,2024-08-10,ST12,C0401,P002,1,441.21,0.0,441.21,287.87,153.34,Mobile App
S06162,2024-01-31,ST04,C0181,P097,1,509.83,0.15,433.36,308.72,124.64,Retail Store
S06163,2024-06-04,ST08,C0344,P011,1,309.34,0.05,293.87,193.14,100.73,Marketplace
S06164,2023-04-01,ST07,C0365,P054,2,66.5,0.0,133.0,57.92,75.08,Retail Store
S06165,2023-02-27,ST11,C0091,P045,3,240.79,0.05,686.25,352.56,333.69,Marketplace
S06166,2025-04-07,ST01,C0065,P009,2,211.8,0.1,381.24,244.7,136.54,Online
S06167,2024-12-25,ST14,C0045,P071,1,573.25,0.15,487.26,357.51,129.75,Mobile App
S06168,2023-06-18,ST01,C0281,P062,3,800.1,0.05,2280.28,1229.31,1050.97,Retail Store
S06169,2025-01-10,ST01,C0320,P093,4,466.42,0.0,1865.68,1078.64,787.04,Online
S06170,2023-01-18,ST11,C0036,P032,1,266.96,0.0,266.96,143.35,123.61,Marketplace
S06171,2024-05-21,ST09,C0321,P062,1,800.1,0.15,680.09,409.77,270.32,Marketplace
S06172,2024-05-03,ST11,C0198,P004,4,700.29,0.05,2661.1,1573.04,1088.06,Marketplace
S06173,2025-01-09,ST04,C0172,P027,2,598.23,0.0,1196.46,691.98,504.48,Online
S06174,2024-03-21,ST08,C0351,P026,3,311.93,0.0,935.79,412.95,522.84,Mobile App
S06175,2024-04-17,ST02,C0080,P075,1,347.7,0.0,347.7,174.24,173.46,Marketplace
S06176,2024-06-16,ST12,C0265,P082,2,824.42,0.0,1648.84,832.66,816.18,Mobile App
S06177,2024-10-12,ST15,C0113,P054,3,66.5,0.05,189.52,86.88,102.64,Retail Store
S06178,2024-12-20,ST14,C0147,P011,3,309.34,0.0,928.02,579.42,348.6,Mobile App
S06179,2023-04-24,ST01,C0012,P025,2,788.41,0.0,1576.82,700.96,875.86,Online
S06180,2024-11-16,ST06,C0426,P059,1,618.97,0.0,618.97,424.05,194.92,Online
S06181,2025-05-29,ST12,C0360,P032,1,266.96,0.0,266.96,143.35,123.61,Online
S06182,2025-03-28,ST07,C0133,P019,1,451.75,0.0,451.75,217.83,233.92,Marketplace
S06183,2023-06-14,ST04,C0314,P049,4,878.21,0.0,3512.84,1565.08,1947.76,Marketplace
S06184,2024-06-29,ST09,C0494,P097,2,509.83,0.15,866.71,617.44,249.27,Mobile App
S06185,2023-06-13,ST11,C0252,P014,5,523.69,0.1,2356.61,1207.75,1148.86,Online
S06186,2024-05-20,ST07,C0255,P088,2,656.76,0.0,1313.52,624.28,689.24,Retail Store
S06187,2024-12-30,ST04,C0459,P044,1,670.76,0.1,603.68,448.05,155.63,Online
S06188,2023-04-23,ST02,C0049,P006,2,826.37,0.0,1652.74,846.16,806.58,Retail Store
S06189,2023-04-28,ST06,C0412,P050,3,251.3,0.0,753.9,388.92,364.98,Marketplace
S06190,2023-07-07,ST03,C0150,P051,3,502.39,0.05,1431.81,913.14,518.67,Marketplace
S06191,2023-05-27,ST15,C0447,P029,3,230.02,0.0,690.06,361.5,328.56,Retail Store
S06192,2024-05-27,ST03,C0250,P019,1,451.75,0.0,451.75,217.83,233.92,Mobile App
S06193,2025-02-14,ST13,C0113,P045,1,240.79,0.0,240.79,117.52,123.27,Marketplace
S06194,2023-02-01,ST07,C0345,P047,3,583.71,0.0,1751.13,1247.22,503.91,Marketplace
S06195,2025-06-11,ST07,C0241,P079,1,118.05,0.0,118.05,74.15,43.9,Marketplace
S06196,2024-04-06,ST10,C0151,P066,1,400.97,0.05,380.92,272.57,108.35,Online
S06197,2023-11-28,ST14,C0143,P022,3,753.54,0.1,2034.56,1246.08,788.48,Mobile App
S06198,2024-05-10,ST14,C0189,P091,3,512.66,0.0,1537.98,1103.37,434.61,Retail Store
S06199,2024-01-21,ST11,C0209,P040,3,151.24,0.0,453.72,199.83,253.89,Mobile App
S06200,2025-05-11,ST07,C0491,P001,1,474.05,0.1,426.65,252.9,173.75,Online
S06201,2023-01-01,ST06,C0215,P073,1,238.26,0.05,226.35,173.6,52.75,Mobile App
S06202,2023-10-01,ST14,C0074,P015,1,411.34,0.15,349.64,291.66,57.98,Retail Store
S06203,2025-05-12,ST03,C0393,P054,2,66.5,0.05,126.35,57.92,68.43,Marketplace
S06204,2024-04-18,ST03,C0253,P092,1,496.59,0.1,446.93,284.79,162.14,Online
S06205,2024-12-14,ST12,C0164,P095,4,139.42,0.0,557.68,399.0,158.68,Marketplace
S06206,2024-08-23,ST04,C0399,P075,2,347.7,0.0,695.4,348.48,346.92,Mobile App
S06207,2024-02-10,ST03,C0038,P018,2,560.51,0.1,1008.92,688.24,320.68,Retail Store
S06208,2024-06-09,ST14,C0224,P039,1,839.98,0.15,713.98,396.66,317.32,Mobile App
S06209,2024-09-25,ST03,C0096,P001,2,474.05,0.0,948.1,505.8,442.3,Mobile App
S06210,2024-04-21,ST09,C0237,P064,2,189.25,0.15,321.72,187.34,134.38,Retail Store
S06211,2025-06-17,ST06,C0467,P037,1,559.57,0.05,531.59,365.25,166.34,Marketplace
S06212,2023-11-17,ST02,C0192,P018,3,560.51,0.1,1513.38,1032.36,481.02,Mobile App
S06213,2024-05-05,ST01,C0336,P090,5,573.25,0.05,2722.94,1440.95,1281.99,Retail Store
S06214,2023-07-11,ST11,C0118,P027,1,598.23,0.1,538.41,345.99,192.42,Online
S06215,2023-04-01,ST08,C0150,P012,1,703.62,0.1,633.26,341.62,291.64,Online
S06216,2025-01-16,ST04,C0125,P100,1,691.45,0.05,656.88,381.94,274.94,Online
S06217,2023-08-04,ST15,C0029,P089,3,178.67,0.1,482.41,291.36,191.05,Mobile App
S06218,2023-06-21,ST12,C0033,P041,1,148.6,0.05,141.17,95.68,45.49,Marketplace
S06219,2023-10-01,ST12,C0393,P052,1,179.16,0.05,170.2,111.81,58.39,Retail Store
S06220,2025-01-28,ST07,C0101,P051,1,502.39,0.15,427.03,304.38,122.65,Online
S06221,2025-05-22,ST14,C0072,P086,2,320.59,0.1,577.06,395.16,181.9,Marketplace
S06222,2024-07-02,ST02,C0003,P026,1,311.93,0.0,311.93,137.65,174.28,Online
S06223,2023-07-16,ST14,C0014,P020,3,796.23,0.0,2388.69,1238.61,1150.08,Mobile App
S06224,2023-11-24,ST05,C0471,P065,1,54.39,0.0,54.39,29.11,25.28,Marketplace
S06225,2023-04-28,ST14,C0396,P033,4,760.26,0.1,2736.94,1690.36,1046.58,Online
S06226,2024-07-20,ST04,C0386,P027,1,598.23,0.05,568.32,345.99,222.33,Marketplace
S06227,2023-03-09,ST07,C0296,P087,3,643.14,0.0,1929.42,1076.85,852.57,Online
S06228,2023-08-21,ST10,C0277,P089,2,178.67,0.05,339.47,194.24,145.23,Marketplace
S06229,2023-12-14,ST11,C0379,P093,1,466.42,0.0,466.42,269.66,196.76,Online
S06230,2025-04-03,ST14,C0005,P049,3,878.21,0.0,2634.63,1173.81,1460.82,Mobile App
S06231,2023-12-31,ST05,C0470,P078,1,331.1,0.05,314.55,171.92,142.63,Online
S06232,2023-03-17,ST06,C0288,P004,3,700.29,0.05,1995.83,1179.78,816.05,Mobile App
S06233,2023-08-20,ST14,C0367,P073,1,238.26,0.0,238.26,173.6,64.66,Retail Store
S06234,2024-01-23,ST05,C0075,P025,1,788.41,0.1,709.57,350.48,359.09,Mobile App
S06235,2024-09-24,ST02,C0444,P098,1,610.44,0.1,549.4,285.38,264.02,Online
S06236,2024-05-03,ST14,C0026,P048,2,113.1,0.15,192.27,118.1,74.17,Retail Store
S06237,2023-03-06,ST15,C0056,P010,5,177.97,0.0,889.85,573.35,316.5,Mobile App
S06238,2024-10-29,ST08,C0057,P051,4,502.39,0.0,2009.56,1217.52,792.04,Retail Store
S06239,2025-06-25,ST01,C0450,P070,1,819.07,0.0,819.07,399.6,419.47,Retail Store
S06240,2024-09-26,ST11,C0131,P037,1,559.57,0.0,559.57,365.25,194.32,Retail Store
S06241,2023-06-25,ST05,C0032,P037,2,559.57,0.0,1119.14,730.5,388.64,Retail Store
S06242,2023-12-06,ST07,C0208,P045,2,240.79,0.1,433.42,235.04,198.38,Mobile App
S06243,2024-08-21,ST04,C0352,P010,1,177.97,0.0,177.97,114.67,63.3,Online
S06244,2025-01-17,ST11,C0325,P067,3,278.89,0.0,836.67,539.94,296.73,Mobile App
S06245,2024-07-05,ST04,C0331,P066,1,400.97,0.05,380.92,272.57,108.35,Mobile App
S06246,2024-01-18,ST06,C0164,P059,4,618.97,0.1,2228.29,1696.2,532.09,Retail Store
S06247,2023-05-20,ST10,C0022,P026,4,311.93,0.15,1060.56,550.6,509.96,Retail Store
S06248,2025-06-23,ST07,C0473,P014,1,523.69,0.1,471.32,241.55,229.77,Mobile App
S06249,2024-01-31,ST08,C0145,P049,1,878.21,0.0,878.21,391.27,486.94,Marketplace
S06250,2023-01-24,ST05,C0282,P058,1,558.35,0.0,558.35,249.8,308.55,Retail Store
S06251,2024-07-03,ST03,C0020,P078,2,331.1,0.05,629.09,343.84,285.25,Retail Store
S06252,2023-03-12,ST10,C0460,P052,3,179.16,0.1,483.73,335.43,148.3,Online
S06253,2023-04-24,ST02,C0360,P062,3,800.1,0.05,2280.28,1229.31,1050.97,Retail Store
S06254,2023-04-11,ST09,C0188,P014,1,523.69,0.05,497.51,241.55,255.96,Marketplace
S06255,2024-05-14,ST02,C0217,P067,2,278.89,0.0,557.78,359.96,197.82,Marketplace
S06256,2023-03-02,ST06,C0225,P050,1,251.3,0.1,226.17,129.64,96.53,Online
S06257,2024-08-06,ST03,C0102,P085,5,595.13,0.05,2826.87,1538.0,1288.87,Retail Store
S06258,2023-11-27,ST01,C0446,P061,2,603.93,0.15,1026.68,659.98,366.7,Mobile App
S06259,2023-10-31,ST09,C0171,P004,2,700.29,0.0,1400.58,786.52,614.06,Mobile App
S06260,2023-09-06,ST06,C0131,P025,1,788.41,0.15,670.15,350.48,319.67,Retail Store
S06261,2025-03-02,ST07,C0179,P076,1,361.84,0.0,361.84,165.74,196.1,Marketplace
S06262,2023-07-25,ST09,C0077,P091,2,512.66,0.0,1025.32,735.58,289.74,Online
S06263,2023-01-09,ST04,C0488,P047,4,583.71,0.0,2334.84,1662.96,671.88,Online
S06264,2023-12-10,ST07,C0082,P037,1,559.57,0.05,531.59,365.25,166.34,Online
S06265,2025-06-01,ST15,C0240,P013,3,633.58,0.15,1615.63,1219.71,395.92,Marketplace
S06266,2023-12-11,ST01,C0287,P043,1,241.25,0.0,241.25,137.71,103.54,Mobile App
S06267,2023-04-06,ST05,C0417,P070,1,819.07,0.05,778.12,399.6,378.52,Marketplace
S06268,2025-04-23,ST10,C0249,P071,1,573.25,0.0,573.25,357.51,215.74,Retail Store
S06269,2023-06-10,ST01,C0104,P100,7,691.45,0.0,4840.15,2673.58,2166.57,Mobile App
S06270,2024-10-25,ST15,C0081,P027,2,598.23,0.05,1136.64,691.98,444.66,Online
S06271,2023-10-07,ST07,C0387,P062,3,800.1,0.05,2280.28,1229.31,1050.97,Online
S06272,2025-01-18,ST02,C0163,P033,1,760.26,0.15,646.22,422.59,223.63,Mobile App
S06273,2024-03-22,ST01,C0364,P095,1,139.42,0.0,139.42,99.75,39.67,Mobile App
S06274,2024-04-26,ST09,C0448,P017,2,780.73,0.0,1561.46,781.66,779.8,Mobile App
S06275,2024-09-30,ST04,C0055,P055,1,374.11,0.0,374.11,253.49,120.62,Marketplace
S06276,2025-02-27,ST15,C0482,P025,1,788.41,0.0,788.41,350.48,437.93,Marketplace
S06277,2024-05-17,ST12,C0454,P017,1,780.73,0.0,780.73,390.83,389.9,Marketplace
S06278,2024-07-07,ST04,C0425,P098,1,610.44,0.1,549.4,285.38,264.02,Online
S06279,2025-03-27,ST08,C0407,P062,1,800.1,0.05,760.1,409.77,350.33,Marketplace
S06280,2023-06-05,ST13,C0487,P096,2,612.7,0.0,1225.4,829.84,395.56,Retail Store
S06281,2025-05-12,ST05,C0257,P098,3,610.44,0.0,1831.32,856.14,975.18,Mobile App
S06282,2023-12-21,ST12,C0355,P017,2,780.73,0.05,1483.39,781.66,701.73,Marketplace
S06283,2023-11-11,ST13,C0001,P026,6,311.93,0.1,1684.42,825.9,858.52,Retail Store
S06284,2024-11-06,ST15,C0227,P002,2,441.21,0.0,882.42,575.74,306.68,Online
S06285,2025-05-31,ST14,C0025,P010,2,177.97,0.0,355.94,229.34,126.6,Mobile App
S06286,2024-04-29,ST05,C0100,P019,5,451.75,0.15,1919.94,1089.15,830.79,Mobile App
S06287,2024-06-25,ST15,C0111,P063,2,85.52,0.15,145.38,87.48,57.9,Retail Store
S06288,2025-02-13,ST11,C0379,P045,1,240.79,0.05,228.75,117.52,111.23,Marketplace
S06289,2024-03-10,ST13,C0049,P061,1,603.93,0.1,543.54,329.99,213.55,Marketplace
S06290,2023-04-27,ST10,C0348,P016,2,442.1,0.1,795.78,556.5,239.28,Marketplace
S06291,2023-01-09,ST06,C0193,P014,1,523.69,0.15,445.14,241.55,203.59,Marketplace
S06292,2024-04-12,ST07,C0396,P045,2,240.79,0.05,457.5,235.04,222.46,Marketplace
S06293,2023-05-22,ST01,C0152,P053,3,512.39,0.1,1383.45,931.41,452.04,Marketplace
S06294,2023-04-26,ST04,C0438,P068,1,675.48,0.0,675.48,308.45,367.03,Mobile App
S06295,2023-12-12,ST01,C0137,P100,1,691.45,0.0,691.45,381.94,309.51,Mobile App
S06296,2024-10-31,ST15,C0083,P020,4,796.23,0.0,3184.92,1651.48,1533.44,Online
S06297,2023-02-18,ST11,C0195,P087,2,643.14,0.15,1093.34,717.9,375.44,Mobile App
S06298,2024-10-22,ST08,C0400,P026,1,311.93,0.1,280.74,137.65,143.09,Online
S06299,2025-06-06,ST03,C0094,P089,1,178.67,0.0,178.67,97.12,81.55,Retail Store
S06300,2024-10-06,ST04,C0133,P098,3,610.44,0.1,1648.19,856.14,792.05,Retail Store
S06301,2023-08-15,ST06,C0011,P059,3,618.97,0.15,1578.37,1272.15,306.22,Mobile App
S06302,2024-07-08,ST04,C0344,P062,1,800.1,0.05,760.1,409.77,350.33,Retail Store
S06303,2024-10-05,ST06,C0059,P098,1,610.44,0.05,579.92,285.38,294.54,Retail Store
S06304,2023-06-16,ST06,C0465,P011,3,309.34,0.0,928.02,579.42,348.6,Retail Store
S06305,2025-06-17,ST07,C0036,P006,1,826.37,0.15,702.41,423.08,279.33,Online
S06306,2024-12-28,ST01,C0005,P054,3,66.5,0.1,179.55,86.88,92.67,Retail Store
S06307,2024-04-02,ST06,C0206,P018,1,560.51,0.1,504.46,344.12,160.34,Online
S06308,2023-09-09,ST14,C0134,P086,2,320.59,0.05,609.12,395.16,213.96,Mobile App
S06309,2024-01-25,ST14,C0234,P077,3,146.59,0.1,395.79,302.67,93.12,Online
S06310,2025-05-07,ST05,C0164,P029,4,230.02,0.1,828.07,482.0,346.07,Online
S06311,2025-03-13,ST15,C0252,P046,1,653.19,0.0,653.19,342.89,310.3,Online
S06312,2025-01-11,ST10,C0146,P014,2,523.69,0.05,995.01,483.1,511.91,Marketplace
S06313,2023-10-06,ST14,C0047,P073,1,238.26,0.0,238.26,173.6,64.66,Marketplace
S06314,2025-02-20,ST15,C0497,P032,1,266.96,0.15,226.92,143.35,83.57,Marketplace
S06315,2025-05-13,ST14,C0199,P082,1,824.42,0.0,824.42,416.33,408.09,Online
S06316,2024-01-06,ST15,C0012,P020,1,796.23,0.0,796.23,412.87,383.36,Retail Store
S06317,2023-10-12,ST03,C0355,P064,2,189.25,0.15,321.72,187.34,134.38,Marketplace
S06318,2023-03-24,ST03,C0187,P055,1,374.11,0.1,336.7,253.49,83.21,Online
S06319,2023-03-14,ST09,C0202,P040,1,151.24,0.0,151.24,66.61,84.63,Mobile App
S06320,2024-10-26,ST03,C0462,P076,1,361.84,0.15,307.56,165.74,141.82,Marketplace
S06321,2025-05-10,ST05,C0066,P086,2,320.59,0.0,641.18,395.16,246.02,Retail Store
S06322,2023-05-31,ST15,C0353,P005,2,187.0,0.15,317.9,188.26,129.64,Online
S06323,2023-02-22,ST07,C0280,P003,4,101.68,0.15,345.71,177.92,167.79,Retail Store
S06324,2024-11-08,ST11,C0156,P012,1,703.62,0.15,598.08,341.62,256.46,Marketplace
S06325,2024-05-19,ST02,C0164,P003,5,101.68,0.1,457.56,222.4,235.16,Retail Store
S06326,2024-03-24,ST06,C0393,P072,2,110.76,0.0,221.52,141.88,79.64,Online
S06327,2025-03-07,ST15,C0254,P019,2,451.75,0.0,903.5,435.66,467.84,Marketplace
S06328,2025-05-26,ST12,C0104,P084,3,240.69,0.0,722.07,490.89,231.18,Online
S06329,2024-01-22,ST15,C0164,P031,1,173.34,0.05,164.67,122.3,42.37,Online
S06330,2024-04-08,ST12,C0307,P049,1,878.21,0.0,878.21,391.27,486.94,Retail Store
S06331,2024-10-27,ST01,C0465,P012,3,703.62,0.0,2110.86,1024.86,1086.0,Retail Store
S06332,2024-03-12,ST09,C0027,P076,2,361.84,0.1,651.31,331.48,319.83,Online
S06333,2024-04-14,ST08,C0284,P009,1,211.8,0.1,190.62,122.35,68.27,Retail Store
S06334,2025-06-28,ST13,C0002,P094,2,634.83,0.0,1269.66,607.64,662.02,Retail Store
S06335,2025-03-20,ST11,C0270,P023,2,589.93,0.0,1179.86,839.74,340.12,Mobile App
S06336,2024-09-27,ST05,C0488,P090,1,573.25,0.0,573.25,288.19,285.06,Mobile App
S06337,2024-01-05,ST10,C0451,P070,3,819.07,0.0,2457.21,1198.8,1258.41,Retail Store
S06338,2024-07-15,ST04,C0379,P080,5,421.17,0.0,2105.85,1051.6,1054.25,Mobile App
S06339,2025-04-09,ST11,C0113,P091,1,512.66,0.05,487.03,367.79,119.24,Marketplace
S06340,2024-11-10,ST04,C0046,P055,5,374.11,0.05,1777.02,1267.45,509.57,Marketplace
S06341,2024-10-12,ST15,C0274,P022,2,753.54,0.15,1281.02,830.72,450.3,Retail Store
S06342,2024-10-02,ST13,C0404,P066,1,400.97,0.0,400.97,272.57,128.4,Online
S06343,2024-11-13,ST11,C0346,P018,2,560.51,0.05,1064.97,688.24,376.73,Retail Store
S06344,2023-08-11,ST14,C0437,P045,1,240.79,0.1,216.71,117.52,99.19,Mobile App
S06345,2024-11-04,ST15,C0235,P100,1,691.45,0.15,587.73,381.94,205.79,Mobile App
S06346,2025-05-16,ST14,C0235,P099,3,381.31,0.0,1143.93,643.53,500.4,Mobile App
S06347,2025-01-20,ST02,C0113,P092,2,496.59,0.0,993.18,569.58,423.6,Retail Store
S06348,2025-03-12,ST09,C0349,P045,1,240.79,0.0,240.79,117.52,123.27,Online
S06349,2024-04-26,ST10,C0442,P002,3,441.21,0.05,1257.45,863.61,393.84,Marketplace
S06350,2024-07-08,ST08,C0310,P026,1,311.93,0.1,280.74,137.65,143.09,Mobile App
S06351,2024-07-07,ST09,C0049,P018,3,560.51,0.1,1513.38,1032.36,481.02,Retail Store
S06352,2025-05-28,ST03,C0158,P096,1,612.7,0.15,520.8,414.92,105.88,Marketplace
S06353,2024-09-06,ST08,C0120,P078,1,331.1,0.05,314.55,171.92,142.63,Mobile App
S06354,2025-03-14,ST13,C0015,P083,3,543.94,0.15,1387.05,992.7,394.35,Retail Store
S06355,2024-04-21,ST08,C0416,P052,1,179.16,0.05,170.2,111.81,58.39,Marketplace
S06356,2023-07-25,ST02,C0444,P089,1,178.67,0.1,160.8,97.12,63.68,Marketplace
S06357,2023-03-10,ST14,C0204,P062,1,800.1,0.0,800.1,409.77,390.33,Online
S06358,2025-02-03,ST04,C0475,P053,1,512.39,0.05,486.77,310.47,176.3,Mobile App
S06359,2024-04-12,ST12,C0045,P004,3,700.29,0.15,1785.74,1179.78,605.96,Marketplace
S06360,2025-05-17,ST11,C0401,P100,1,691.45,0.0,691.45,381.94,309.51,Marketplace
S06361,2024-01-21,ST10,C0089,P052,1,179.16,0.0,179.16,111.81,67.35,Online
S06362,2023-12-12,ST07,C0222,P055,4,374.11,0.05,1421.62,1013.96,407.66,Retail Store
S06363,2023-12-07,ST12,C0359,P073,2,238.26,0.0,476.52,347.2,129.32,Marketplace
S06364,2023-04-14,ST02,C0204,P083,2,543.94,0.05,1033.49,661.8,371.69,Mobile App
S06365,2025-04-12,ST09,C0096,P022,1,753.54,0.15,640.51,415.36,225.15,Retail Store
S06366,2023-08-16,ST10,C0150,P060,3,550.86,0.1,1487.32,1021.59,465.73,Online
S06367,2024-05-06,ST09,C0290,P041,1,148.6,0.0,148.6,95.68,52.92,Online
S06368,2024-11-29,ST10,C0175,P042,4,552.37,0.05,2099.01,1634.16,464.85,Marketplace
S06369,2023-04-18,ST07,C0078,P060,2,550.86,0.0,1101.72,681.06,420.66,Marketplace
S06370,2023-09-30,ST01,C0152,P049,3,878.21,0.1,2371.17,1173.81,1197.36,Online
S06371,2023-09-25,ST12,C0190,P072,2,110.76,0.1,199.37,141.88,57.49,Retail Store
S06372,2023-07-14,ST15,C0016,P041,1,148.6,0.0,148.6,95.68,52.92,Mobile App
S06373,2024-11-03,ST08,C0396,P016,3,442.1,0.0,1326.3,834.75,491.55,Marketplace
S06374,2024-06-02,ST09,C0248,P043,1,241.25,0.1,217.12,137.71,79.41,Online
S06375,2023-07-18,ST14,C0036,P074,6,440.89,0.0,2645.34,1166.1,1479.24,Mobile App
S06376,2023-10-05,ST13,C0180,P051,3,502.39,0.0,1507.17,913.14,594.03,Marketplace
S06377,2025-04-30,ST02,C0332,P011,1,309.34,0.0,309.34,193.14,116.2,Marketplace
S06378,2024-08-08,ST14,C0029,P006,1,826.37,0.15,702.41,423.08,279.33,Mobile App
S06379,2025-01-22,ST01,C0023,P100,1,691.45,0.15,587.73,381.94,205.79,Online
S06380,2023-02-02,ST10,C0139,P034,1,530.96,0.15,451.32,368.19,83.13,Online
S06381,2024-02-26,ST08,C0486,P067,3,278.89,0.1,753.0,539.94,213.06,Marketplace
S06382,2024-07-16,ST08,C0328,P045,1,240.79,0.0,240.79,117.52,123.27,Online
S06383,2024-03-20,ST13,C0009,P083,2,543.94,0.0,1087.88,661.8,426.08,Online
S06384,2023-11-21,ST02,C0064,P003,1,101.68,0.15,86.43,44.48,41.95,Online
S06385,2024-07-14,ST01,C0325,P044,6,670.76,0.0,4024.56,2688.3,1336.26,Marketplace
S06386,2023-10-27,ST08,C0019,P081,5,595.21,0.0,2976.05,1691.2,1284.85,Online
S06387,2023-11-19,ST01,C0387,P074,1,440.89,0.05,418.85,194.35,224.5,Mobile App
S06388,2023-01-05,ST03,C0093,P020,1,796.23,0.0,796.23,412.87,383.36,Online
S06389,2025-03-21,ST04,C0310,P053,3,512.39,0.0,1537.17,931.41,605.76,Retail Store
S06390,2023-06-19,ST15,C0087,P050,3,251.3,0.0,753.9,388.92,364.98,Retail Store
S06391,2023-11-19,ST04,C0328,P064,2,189.25,0.0,378.5,187.34,191.16,Online
S06392,2023-04-03,ST03,C0403,P034,7,530.96,0.05,3530.88,2577.33,953.55,Marketplace
S06393,2024-03-24,ST12,C0133,P018,1,560.51,0.1,504.46,344.12,160.34,Marketplace
S06394,2023-03-19,ST08,C0123,P047,1,583.71,0.15,496.15,415.74,80.41,Mobile App
S06395,2024-04-13,ST13,C0358,P004,1,700.29,0.0,700.29,393.26,307.03,Marketplace
S06396,2023-05-21,ST13,C0048,P089,2,178.67,0.15,303.74,194.24,109.5,Mobile App
S06397,2023-04-23,ST11,C0201,P040,5,151.24,0.1,680.58,333.05,347.53,Mobile App
S06398,2024-03-20,ST13,C0348,P053,1,512.39,0.05,486.77,310.47,176.3,Mobile App
S06399,2023-05-22,ST07,C0369,P007,2,572.81,0.1,1031.06,669.76,361.3,Marketplace
S06400,2024-08-21,ST11,C0186,P027,1,598.23,0.0,598.23,345.99,252.24,Mobile App
S06401,2023-07-25,ST05,C0113,P048,2,113.1,0.0,226.2,118.1,108.1,Retail Store
S06402,2023-12-27,ST11,C0195,P036,1,539.12,0.05,512.16,311.18,200.98,Marketplace
S06403,2023-09-30,ST14,C0475,P046,1,653.19,0.1,587.87,342.89,244.98,Online
S06404,2024-01-26,ST14,C0383,P086,1,320.59,0.0,320.59,197.58,123.01,Online
S06405,2023-06-15,ST12,C0288,P038,3,348.21,0.0,1044.63,646.98,397.65,Mobile App
S06406,2025-01-09,ST07,C0281,P084,1,240.69,0.15,204.59,163.63,40.96,Online
S06407,2023-04-10,ST08,C0427,P054,2,66.5,0.0,133.0,57.92,75.08,Marketplace
S06408,2024-02-04,ST05,C0425,P051,3,502.39,0.1,1356.45,913.14,443.31,Mobile App
S06409,2025-02-03,ST01,C0079,P031,1,173.34,0.15,147.34,122.3,25.04,Marketplace
S06410,2023-05-28,ST09,C0187,P061,2,603.93,0.05,1147.47,659.98,487.49,Retail Store
S06411,2023-11-19,ST10,C0462,P066,3,400.97,0.0,1202.91,817.71,385.2,Online
S06412,2024-01-31,ST15,C0396,P021,4,414.87,0.15,1410.56,735.64,674.92,Marketplace
S06413,2023-11-24,ST10,C0412,P099,3,381.31,0.1,1029.54,643.53,386.01,Online
S06414,2025-03-04,ST11,C0425,P085,4,595.13,0.0,2380.52,1230.4,1150.12,Mobile App
S06415,2023-06-30,ST12,C0447,P032,1,266.96,0.05,253.61,143.35,110.26,Mobile App
S06416,2023-06-22,ST06,C0017,P069,3,952.97,0.0,2858.91,1316.64,1542.27,Mobile App
S06417,2023-02-06,ST01,C0410,P041,1,148.6,0.0,148.6,95.68,52.92,Retail Store
S06418,2023-12-26,ST09,C0090,P077,1,146.59,0.0,146.59,100.89,45.7,Marketplace
S06419,2024-11-08,ST12,C0085,P060,1,550.86,0.0,550.86,340.53,210.33,Retail Store
S06420,2025-03-31,ST05,C0101,P059,3,618.97,0.0,1856.91,1272.15,584.76,Online
S06421,2023-05-27,ST12,C0024,P073,2,238.26,0.05,452.69,347.2,105.49,Marketplace
S06422,2023-07-01,ST12,C0469,P030,2,556.36,0.05,1057.08,550.18,506.9,Online
S06423,2024-03-12,ST05,C0162,P076,4,361.84,0.15,1230.26,662.96,567.3,Mobile App
S06424,2024-08-29,ST11,C0322,P086,3,320.59,0.0,961.77,592.74,369.03,Online
S06425,2023-08-31,ST01,C0474,P072,1,110.76,0.0,110.76,70.94,39.82,Marketplace
S06426,2024-01-19,ST09,C0172,P018,1,560.51,0.0,560.51,344.12,216.39,Retail Store
S06427,2024-05-16,ST11,C0020,P046,3,653.19,0.0,1959.57,1028.67,930.9,Retail Store
S06428,2024-12-29,ST01,C0176,P039,1,839.98,0.15,713.98,396.66,317.32,Online
S06429,2024-10-12,ST05,C0049,P072,2,110.76,0.0,221.52,141.88,79.64,Mobile App
S06430,2023-10-23,ST02,C0453,P030,1,556.36,0.0,556.36,275.09,281.27,Marketplace
S06431,2024-11-27,ST13,C0136,P077,1,146.59,0.15,124.6,100.89,23.71,Online
S06432,2025-03-14,ST08,C0385,P029,2,230.02,0.1,414.04,241.0,173.04,Mobile App
S06433,2024-04-02,ST13,C0041,P025,1,788.41,0.15,670.15,350.48,319.67,Retail Store
S06434,2025-04-21,ST04,C0073,P015,2,411.34,0.15,699.28,583.32,115.96,Mobile App
S06435,2025-02-07,ST05,C0015,P074,2,440.89,0.0,881.78,388.7,493.08,Marketplace
S06436,2023-12-21,ST15,C0095,P046,4,653.19,0.05,2482.12,1371.56,1110.56,Mobile App
S06437,2023-04-10,ST07,C0283,P020,2,796.23,0.15,1353.59,825.74,527.85,Marketplace
S06438,2023-04-09,ST11,C0413,P024,1,908.43,0.0,908.43,427.45,480.98,Retail Store
S06439,2023-01-20,ST09,C0027,P089,1,178.67,0.0,178.67,97.12,81.55,Marketplace
S06440,2023-05-22,ST04,C0271,P029,1,230.02,0.1,207.02,120.5,86.52,Mobile App
S06441,2024-03-31,ST06,C0150,P045,1,240.79,0.0,240.79,117.52,123.27,Mobile App
S06442,2024-11-30,ST07,C0388,P081,1,595.21,0.0,595.21,338.24,256.97,Retail Store
S06443,2023-08-04,ST06,C0119,P075,1,347.7,0.0,347.7,174.24,173.46,Retail Store
S06444,2024-09-09,ST15,C0341,P062,3,800.1,0.0,2400.3,1229.31,1170.99,Mobile App
S06445,2023-11-08,ST13,C0161,P046,4,653.19,0.15,2220.85,1371.56,849.29,Online
S06446,2025-06-08,ST12,C0233,P089,1,178.67,0.0,178.67,97.12,81.55,Marketplace
S06447,2024-11-02,ST03,C0243,P018,1,560.51,0.1,504.46,344.12,160.34,Retail Store
S06448,2024-01-31,ST04,C0234,P054,3,66.5,0.0,199.5,86.88,112.62,Marketplace
S06449,2023-09-21,ST02,C0198,P033,2,760.26,0.0,1520.52,845.18,675.34,Retail Store
S06450,2024-03-18,ST14,C0163,P086,1,320.59,0.05,304.56,197.58,106.98,Mobile App
S06451,2024-11-24,ST12,C0369,P055,1,374.11,0.15,317.99,253.49,64.5,Online
S06452,2023-08-14,ST05,C0218,P098,1,610.44,0.0,610.44,285.38,325.06,Online
S06453,2023-05-19,ST01,C0218,P097,1,509.83,0.1,458.85,308.72,150.13,Mobile App
S06454,2024-04-10,ST09,C0061,P068,1,675.48,0.15,574.16,308.45,265.71,Marketplace
S06455,2023-08-16,ST01,C0082,P051,3,502.39,0.1,1356.45,913.14,443.31,Retail Store
S06456,2024-11-29,ST04,C0293,P055,2,374.11,0.0,748.22,506.98,241.24,Marketplace
S06457,2025-02-26,ST13,C0011,P031,2,173.34,0.0,346.68,244.6,102.08,Mobile App
S06458,2025-06-24,ST12,C0224,P010,3,177.97,0.05,507.21,344.01,163.2,Retail Store
S06459,2023-08-14,ST01,C0172,P040,1,151.24,0.15,128.55,66.61,61.94,Mobile App
S06460,2025-01-17,ST14,C0316,P093,1,466.42,0.1,419.78,269.66,150.12,Online
S06461,2023-06-30,ST11,C0469,P017,3,780.73,0.15,1990.86,1172.49,818.37,Marketplace
S06462,2024-10-05,ST11,C0117,P057,1,866.66,0.0,866.66,379.34,487.32,Online
S06463,2025-01-07,ST05,C0111,P098,5,610.44,0.0,3052.2,1426.9,1625.3,Retail Store
S06464,2024-09-30,ST06,C0258,P040,1,151.24,0.0,151.24,66.61,84.63,Mobile App
S06465,2024-04-02,ST01,C0078,P084,1,240.69,0.0,240.69,163.63,77.06,Mobile App
S06466,2023-06-15,ST04,C0418,P078,2,331.1,0.05,629.09,343.84,285.25,Mobile App
S06467,2025-06-23,ST14,C0024,P047,1,583.71,0.15,496.15,415.74,80.41,Online
S06468,2024-06-22,ST13,C0090,P071,2,573.25,0.15,974.52,715.02,259.5,Online
S06469,2024-08-01,ST05,C0127,P014,1,523.69,0.0,523.69,241.55,282.14,Marketplace
S06470,2023-07-28,ST06,C0393,P047,1,583.71,0.05,554.52,415.74,138.78,Marketplace
S06471,2023-05-01,ST10,C0095,P060,3,550.86,0.1,1487.32,1021.59,465.73,Retail Store
S06472,2023-02-04,ST06,C0368,P015,1,411.34,0.0,411.34,291.66,119.68,Retail Store
S06473,2025-06-21,ST11,C0147,P096,5,612.7,0.0,3063.5,2074.6,988.9,Online
S06474,2025-04-26,ST14,C0267,P011,1,309.34,0.15,262.94,193.14,69.8,Online
S06475,2024-01-24,ST04,C0154,P083,3,543.94,0.05,1550.23,992.7,557.53,Mobile App
S06476,2024-07-15,ST13,C0469,P029,3,230.02,0.0,690.06,361.5,328.56,Retail Store
S06477,2023-03-24,ST14,C0335,P088,1,656.76,0.0,656.76,312.14,344.62,Marketplace
S06478,2023-02-16,ST11,C0061,P062,1,800.1,0.15,680.09,409.77,270.32,Retail Store
S06479,2024-01-07,ST07,C0009,P042,1,552.37,0.0,552.37,408.54,143.83,Retail Store
S06480,2023-10-07,ST08,C0480,P087,1,643.14,0.1,578.83,358.95,219.88,Online
S06481,2024-07-30,ST13,C0463,P050,3,251.3,0.0,753.9,388.92,364.98,Retail Store
S06482,2023-07-30,ST14,C0110,P058,2,558.35,0.0,1116.7,499.6,617.1,Retail Store
S06483,2023-11-03,ST11,C0073,P055,2,374.11,0.1,673.4,506.98,166.42,Retail Store
S06484,2024-03-12,ST12,C0028,P096,1,612.7,0.1,551.43,414.92,136.51,Marketplace
S06485,2024-04-09,ST10,C0420,P030,1,556.36,0.0,556.36,275.09,281.27,Online
S06486,2024-08-09,ST09,C0304,P013,1,633.58,0.0,633.58,406.57,227.01,Marketplace
S06487,2023-10-05,ST02,C0461,P073,4,238.26,0.0,953.04,694.4,258.64,Marketplace
S06488,2023-09-03,ST08,C0348,P028,1,535.81,0.05,509.02,301.2,207.82,Marketplace
S06489,2023-09-13,ST01,C0396,P015,1,411.34,0.0,411.34,291.66,119.68,Online
S06490,2023-11-16,ST11,C0264,P073,2,238.26,0.05,452.69,347.2,105.49,Marketplace
S06491,2024-01-16,ST11,C0227,P001,3,474.05,0.0,1422.15,758.7,663.45,Mobile App
S06492,2023-10-19,ST10,C0380,P077,1,146.59,0.15,124.6,100.89,23.71,Retail Store
S06493,2023-02-13,ST04,C0443,P048,1,113.1,0.0,113.1,59.05,54.05,Mobile App
S06494,2023-02-07,ST01,C0163,P036,1,539.12,0.0,539.12,311.18,227.94,Online
S06495,2023-02-17,ST13,C0068,P001,1,474.05,0.15,402.94,252.9,150.04,Marketplace
S06496,2024-11-09,ST09,C0414,P096,2,612.7,0.0,1225.4,829.84,395.56,Marketplace
S06497,2023-07-13,ST01,C0314,P072,1,110.76,0.0,110.76,70.94,39.82,Mobile App
S06498,2024-03-06,ST15,C0178,P082,1,824.42,0.0,824.42,416.33,408.09,Online
S06499,2025-04-07,ST09,C0162,P077,2,146.59,0.05,278.52,201.78,76.74,Marketplace
S06500,2023-04-02,ST01,C0204,P098,1,610.44,0.0,610.44,285.38,325.06,Retail Store
S06501,2023-06-18,ST10,C0005,P035,1,381.12,0.15,323.95,175.58,148.37,Online
S06502,2025-05-13,ST11,C0209,P035,1,381.12,0.15,323.95,175.58,148.37,Marketplace
S06503,2023-11-28,ST05,C0179,P087,2,643.14,0.15,1093.34,717.9,375.44,Retail Store
S06504,2023-10-05,ST12,C0365,P069,1,952.97,0.0,952.97,438.88,514.09,Online
S06505,2023-03-30,ST09,C0278,P055,3,374.11,0.0,1122.33,760.47,361.86,Retail Store
S06506,2023-01-13,ST04,C0455,P010,2,177.97,0.1,320.35,229.34,91.01,Online
S06507,2024-05-17,ST02,C0089,P058,1,558.35,0.0,558.35,249.8,308.55,Mobile App
S06508,2025-02-24,ST04,C0125,P013,3,633.58,0.0,1900.74,1219.71,681.03,Marketplace
S06509,2023-10-29,ST09,C0052,P008,3,682.79,0.0,2048.37,952.41,1095.96,Online
S06510,2024-11-06,ST02,C0002,P020,2,796.23,0.0,1592.46,825.74,766.72,Online
S06511,2023-11-26,ST04,C0408,P047,4,583.71,0.0,2334.84,1662.96,671.88,Retail Store
S06512,2024-12-10,ST12,C0282,P099,1,381.31,0.0,381.31,214.51,166.8,Retail Store
S06513,2024-04-26,ST07,C0345,P097,1,509.83,0.1,458.85,308.72,150.13,Retail Store
S06514,2023-12-05,ST11,C0400,P093,2,466.42,0.05,886.2,539.32,346.88,Online
S06515,2024-08-15,ST01,C0431,P054,2,66.5,0.0,133.0,57.92,75.08,Retail Store
S06516,2023-07-11,ST12,C0481,P084,1,240.69,0.05,228.66,163.63,65.03,Online
S06517,2023-12-16,ST10,C0195,P095,3,139.42,0.0,418.26,299.25,119.01,Marketplace
S06518,2025-03-19,ST10,C0262,P096,1,612.7,0.15,520.8,414.92,105.88,Mobile App
S06519,2023-04-29,ST07,C0249,P083,1,543.94,0.05,516.74,330.9,185.84,Online
S06520,2024-11-07,ST01,C0022,P006,1,826.37,0.0,826.37,423.08,403.29,Online
S06521,2023-04-20,ST12,C0132,P011,4,309.34,0.15,1051.76,772.56,279.2,Retail Store
S06522,2024-06-18,ST08,C0026,P100,3,691.45,0.0,2074.35,1145.82,928.53,Marketplace
S06523,2025-04-10,ST04,C0223,P015,2,411.34,0.0,822.68,583.32,239.36,Mobile App
S06524,2024-08-19,ST11,C0407,P004,4,700.29,0.15,2380.99,1573.04,807.95,Mobile App
S06525,2023-06-23,ST04,C0093,P014,2,523.69,0.05,995.01,483.1,511.91,Retail Store
S06526,2024-10-03,ST02,C0191,P068,3,675.48,0.0,2026.44,925.35,1101.09,Retail Store
S06527,2025-04-23,ST13,C0136,P080,3,421.17,0.15,1073.98,630.96,443.02,Mobile App
S06528,2023-03-10,ST15,C0133,P047,4,583.71,0.0,2334.84,1662.96,671.88,Marketplace
S06529,2024-05-12,ST03,C0242,P078,4,331.1,0.1,1191.96,687.68,504.28,Marketplace
S06530,2023-11-09,ST07,C0174,P045,1,240.79,0.0,240.79,117.52,123.27,Online
S06531,2024-10-22,ST08,C0220,P059,3,618.97,0.0,1856.91,1272.15,584.76,Online
S06532,2025-06-20,ST12,C0229,P057,1,866.66,0.15,736.66,379.34,357.32,Retail Store
S06533,2023-07-04,ST11,C0387,P089,4,178.67,0.1,643.21,388.48,254.73,Marketplace
S06534,2024-10-18,ST14,C0073,P097,1,509.83,0.05,484.34,308.72,175.62,Online
S06535,2023-02-09,ST07,C0182,P075,5,347.7,0.0,1738.5,871.2,867.3,Online
S06536,2023-06-24,ST13,C0206,P095,3,139.42,0.05,397.35,299.25,98.1,Marketplace
S06537,2024-05-16,ST01,C0113,P070,2,819.07,0.0,1638.14,799.2,838.94,Mobile App
S06538,2023-08-19,ST08,C0107,P064,1,189.25,0.0,189.25,93.67,95.58,Online
S06539,2025-03-10,ST14,C0434,P070,1,819.07,0.1,737.16,399.6,337.56,Marketplace
S06540,2025-02-16,ST14,C0147,P096,2,612.7,0.0,1225.4,829.84,395.56,Online
S06541,2025-04-06,ST04,C0072,P094,1,634.83,0.15,539.61,303.82,235.79,Mobile App
S06542,2025-06-07,ST02,C0195,P086,2,320.59,0.0,641.18,395.16,246.02,Mobile App
S06543,2025-03-26,ST07,C0454,P051,2,502.39,0.0,1004.78,608.76,396.02,Marketplace
S06544,2024-02-13,ST12,C0105,P055,1,374.11,0.0,374.11,253.49,120.62,Retail Store
S06545,2024-10-15,ST11,C0488,P038,1,348.21,0.0,348.21,215.66,132.55,Retail Store
S06546,2025-04-09,ST13,C0214,P059,1,618.97,0.0,618.97,424.05,194.92,Mobile App
S06547,2023-03-03,ST11,C0321,P023,2,589.93,0.0,1179.86,839.74,340.12,Mobile App
S06548,2024-01-17,ST09,C0152,P024,1,908.43,0.0,908.43,427.45,480.98,Retail Store
S06549,2025-04-28,ST09,C0204,P077,3,146.59,0.15,373.8,302.67,71.13,Marketplace
S06550,2024-04-04,ST15,C0455,P027,1,598.23,0.05,568.32,345.99,222.33,Mobile App
S06551,2023-01-20,ST14,C0014,P062,1,800.1,0.0,800.1,409.77,390.33,Marketplace
S06552,2024-06-29,ST09,C0194,P041,1,148.6,0.1,133.74,95.68,38.06,Marketplace
S06553,2024-09-26,ST15,C0262,P076,2,361.84,0.05,687.5,331.48,356.02,Retail Store
S06554,2023-04-28,ST09,C0194,P028,1,535.81,0.1,482.23,301.2,181.03,Online
S06555,2023-02-11,ST05,C0015,P001,2,474.05,0.1,853.29,505.8,347.49,Online
S06556,2024-05-30,ST10,C0350,P063,2,85.52,0.15,145.38,87.48,57.9,Online
S06557,2024-12-24,ST04,C0374,P052,2,179.16,0.15,304.57,223.62,80.95,Retail Store
S06558,2024-09-24,ST10,C0177,P098,1,610.44,0.0,610.44,285.38,325.06,Online
S06559,2024-11-05,ST12,C0489,P100,4,691.45,0.1,2489.22,1527.76,961.46,Retail Store
S06560,2023-12-29,ST03,C0330,P085,4,595.13,0.05,2261.49,1230.4,1031.09,Retail Store
S06561,2024-09-15,ST10,C0169,P050,2,251.3,0.0,502.6,259.28,243.32,Mobile App
S06562,2025-03-03,ST15,C0023,P009,2,211.8,0.0,423.6,244.7,178.9,Retail Store
S06563,2025-06-04,ST15,C0381,P049,1,878.21,0.15,746.48,391.27,355.21,Online
S06564,2023-05-31,ST02,C0049,P075,2,347.7,0.1,625.86,348.48,277.38,Marketplace
S06565,2024-11-14,ST09,C0066,P022,1,753.54,0.0,753.54,415.36,338.18,Mobile App
S06566,2023-12-16,ST09,C0064,P062,1,800.1,0.0,800.1,409.77,390.33,Retail Store
S06567,2024-12-11,ST02,C0275,P012,2,703.62,0.05,1336.88,683.24,653.64,Marketplace
S06568,2024-01-01,ST14,C0028,P084,3,240.69,0.05,685.97,490.89,195.08,Mobile App
S06569,2023-09-05,ST09,C0230,P087,1,643.14,0.1,578.83,358.95,219.88,Mobile App
S06570,2023-06-17,ST15,C0245,P074,1,440.89,0.0,440.89,194.35,246.54,Marketplace
S06571,2023-05-26,ST01,C0308,P080,1,421.17,0.0,421.17,210.32,210.85,Online
S06572,2023-07-18,ST08,C0055,P018,1,560.51,0.0,560.51,344.12,216.39,Retail Store
S06573,2024-09-26,ST14,C0280,P036,5,539.12,0.05,2560.82,1555.9,1004.92,Mobile App
S06574,2025-03-11,ST09,C0183,P054,1,66.5,0.15,56.52,28.96,27.56,Retail Store
S06575,2024-12-21,ST09,C0318,P071,2,573.25,0.15,974.52,715.02,259.5,Retail Store
S06576,2024-02-19,ST02,C0222,P002,1,441.21,0.05,419.15,287.87,131.28,Online
S06577,2024-10-06,ST11,C0411,P081,2,595.21,0.15,1011.86,676.48,335.38,Mobile App
S06578,2024-04-23,ST04,C0442,P053,3,512.39,0.0,1537.17,931.41,605.76,Marketplace
S06579,2023-10-04,ST02,C0425,P026,1,311.93,0.0,311.93,137.65,174.28,Marketplace
S06580,2023-07-20,ST06,C0427,P047,3,583.71,0.05,1663.57,1247.22,416.35,Online
S06581,2024-10-07,ST13,C0444,P096,2,612.7,0.05,1164.13,829.84,334.29,Retail Store
S06582,2024-05-18,ST05,C0306,P054,3,66.5,0.1,179.55,86.88,92.67,Marketplace
S06583,2023-06-05,ST15,C0250,P028,2,535.81,0.1,964.46,602.4,362.06,Retail Store
S06584,2023-02-11,ST14,C0294,P012,1,703.62,0.0,703.62,341.62,362.0,Retail Store
S06585,2023-08-06,ST03,C0272,P051,1,502.39,0.15,427.03,304.38,122.65,Retail Store
S06586,2023-02-05,ST04,C0391,P015,4,411.34,0.15,1398.56,1166.64,231.92,Retail Store
S06587,2023-05-15,ST07,C0040,P064,2,189.25,0.05,359.57,187.34,172.23,Mobile App
S06588,2025-03-15,ST11,C0408,P025,2,788.41,0.15,1340.3,700.96,639.34,Online
S06589,2025-04-24,ST04,C0200,P015,1,411.34,0.15,349.64,291.66,57.98,Online
S06590,2023-09-04,ST02,C0472,P054,1,66.5,0.0,66.5,28.96,37.54,Retail Store
S06591,2024-12-21,ST14,C0315,P061,3,603.93,0.1,1630.61,989.97,640.64,Mobile App
S06592,2024-08-08,ST01,C0297,P035,1,381.12,0.0,381.12,175.58,205.54,Mobile App
S06593,2023-08-15,ST14,C0309,P089,1,178.67,0.0,178.67,97.12,81.55,Online
S06594,2025-01-20,ST03,C0345,P061,2,603.93,0.1,1087.07,659.98,427.09,Mobile App
S06595,2024-05-02,ST06,C0152,P096,1,612.7,0.1,551.43,414.92,136.51,Mobile App
S06596,2023-01-02,ST06,C0116,P065,2,54.39,0.15,92.46,58.22,34.24,Marketplace
S06597,2023-11-13,ST10,C0349,P031,1,173.34,0.1,156.01,122.3,33.71,Retail Store
S06598,2024-07-05,ST14,C0247,P020,2,796.23,0.0,1592.46,825.74,766.72,Online
S06599,2023-12-03,ST03,C0324,P078,1,331.1,0.0,331.1,171.92,159.18,Mobile App
S06600,2023-03-17,ST15,C0493,P100,2,691.45,0.0,1382.9,763.88,619.02,Retail Store
S06601,2024-10-04,ST05,C0415,P057,2,866.66,0.0,1733.32,758.68,974.64,Online
S06602,2024-05-15,ST15,C0286,P042,1,552.37,0.0,552.37,408.54,143.83,Mobile App
S06603,2024-10-19,ST07,C0445,P064,1,189.25,0.0,189.25,93.67,95.58,Retail Store
S06604,2024-01-08,ST12,C0094,P091,3,512.66,0.0,1537.98,1103.37,434.61,Marketplace
S06605,2024-07-11,ST12,C0063,P005,2,187.0,0.1,336.6,188.26,148.34,Marketplace
S06606,2023-10-23,ST10,C0293,P030,2,556.36,0.0,1112.72,550.18,562.54,Mobile App
S06607,2023-02-22,ST14,C0051,P034,2,530.96,0.0,1061.92,736.38,325.54,Mobile App
S06608,2025-01-13,ST02,C0120,P041,2,148.6,0.0,297.2,191.36,105.84,Marketplace
S06609,2025-01-20,ST01,C0398,P028,1,535.81,0.1,482.23,301.2,181.03,Online
S06610,2023-07-19,ST13,C0459,P002,1,441.21,0.05,419.15,287.87,131.28,Marketplace
S06611,2025-05-29,ST12,C0339,P067,2,278.89,0.0,557.78,359.96,197.82,Retail Store
S06612,2023-06-11,ST07,C0301,P084,1,240.69,0.15,204.59,163.63,40.96,Mobile App
S06613,2025-06-04,ST13,C0452,P047,1,583.71,0.1,525.34,415.74,109.6,Marketplace
S06614,2024-05-04,ST05,C0323,P018,3,560.51,0.15,1429.3,1032.36,396.94,Retail Store
S06615,2025-06-10,ST10,C0384,P072,2,110.76,0.1,199.37,141.88,57.49,Online
S06616,2024-12-09,ST08,C0056,P090,3,573.25,0.05,1633.76,864.57,769.19,Online
S06617,2024-12-12,ST13,C0334,P043,2,241.25,0.0,482.5,275.42,207.08,Marketplace
S06618,2023-04-07,ST02,C0261,P052,2,179.16,0.0,358.32,223.62,134.7,Online
S06619,2024-11-10,ST10,C0494,P028,1,535.81,0.05,509.02,301.2,207.82,Online
S06620,2023-12-14,ST01,C0232,P055,1,374.11,0.05,355.4,253.49,101.91,Online
S06621,2024-08-18,ST11,C0246,P016,1,442.1,0.0,442.1,278.25,163.85,Mobile App
S06622,2025-03-03,ST15,C0362,P002,2,441.21,0.0,882.42,575.74,306.68,Mobile App
S06623,2024-07-31,ST03,C0334,P017,3,780.73,0.15,1990.86,1172.49,818.37,Online
S06624,2024-05-16,ST05,C0436,P095,2,139.42,0.0,278.84,199.5,79.34,Online
S06625,2025-01-14,ST11,C0211,P008,4,682.79,0.0,2731.16,1269.88,1461.28,Online
S06626,2023-07-21,ST07,C0121,P094,2,634.83,0.0,1269.66,607.64,662.02,Mobile App
S06627,2023-09-02,ST15,C0049,P002,2,441.21,0.1,794.18,575.74,218.44,Retail Store
S06628,2024-06-13,ST05,C0405,P084,1,240.69,0.0,240.69,163.63,77.06,Mobile App
S06629,2025-01-05,ST13,C0152,P022,1,753.54,0.1,678.19,415.36,262.83,Mobile App
S06630,2024-11-16,ST11,C0343,P020,1,796.23,0.0,796.23,412.87,383.36,Online
S06631,2023-05-22,ST04,C0144,P089,1,178.67,0.0,178.67,97.12,81.55,Retail Store
S06632,2023-07-31,ST05,C0308,P090,3,573.25,0.05,1633.76,864.57,769.19,Marketplace
S06633,2024-10-23,ST15,C0360,P045,2,240.79,0.0,481.58,235.04,246.54,Retail Store
S06634,2023-12-02,ST09,C0377,P086,1,320.59,0.05,304.56,197.58,106.98,Retail Store
S06635,2025-04-01,ST05,C0214,P044,1,670.76,0.0,670.76,448.05,222.71,Mobile App
S06636,2023-03-27,ST08,C0159,P014,1,523.69,0.0,523.69,241.55,282.14,Online
S06637,2023-06-15,ST10,C0277,P080,2,421.17,0.15,715.99,420.64,295.35,Retail Store
S06638,2023-06-18,ST01,C0240,P025,1,788.41,0.0,788.41,350.48,437.93,Mobile App
S06639,2025-02-24,ST05,C0069,P082,2,824.42,0.0,1648.84,832.66,816.18,Retail Store
S06640,2023-06-22,ST10,C0325,P088,1,656.76,0.0,656.76,312.14,344.62,Online
S06641,2024-03-22,ST02,C0441,P050,4,251.3,0.15,854.42,518.56,335.86,Retail Store
S06642,2024-10-26,ST04,C0330,P004,3,700.29,0.0,2100.87,1179.78,921.09,Marketplace
S06643,2024-08-12,ST05,C0316,P041,1,148.6,0.0,148.6,95.68,52.92,Online
S06644,2023-01-20,ST03,C0325,P005,4,187.0,0.0,748.0,376.52,371.48,Marketplace
S06645,2023-05-29,ST07,C0365,P049,1,878.21,0.05,834.3,391.27,443.03,Marketplace
S06646,2023-06-11,ST13,C0089,P077,3,146.59,0.0,439.77,302.67,137.1,Mobile App
S06647,2023-12-26,ST09,C0119,P030,2,556.36,0.05,1057.08,550.18,506.9,Retail Store
S06648,2024-07-07,ST02,C0129,P073,1,238.26,0.0,238.26,173.6,64.66,Online
S06649,2023-03-05,ST01,C0347,P078,1,331.1,0.1,297.99,171.92,126.07,Online
S06650,2023-03-07,ST05,C0065,P040,1,151.24,0.15,128.55,66.61,61.94,Online
S06651,2023-08-12,ST07,C0002,P038,1,348.21,0.05,330.8,215.66,115.14,Online
S06652,2025-04-08,ST04,C0382,P066,1,400.97,0.0,400.97,272.57,128.4,Marketplace
S06653,2025-06-03,ST13,C0104,P025,4,788.41,0.0,3153.64,1401.92,1751.72,Online
S06654,2023-04-02,ST04,C0132,P031,1,173.34,0.05,164.67,122.3,42.37,Mobile App
S06655,2024-04-24,ST12,C0481,P014,2,523.69,0.1,942.64,483.1,459.54,Marketplace
S06656,2024-10-24,ST10,C0463,P056,3,647.27,0.0,1941.81,1198.11,743.7,Retail Store
S06657,2025-01-06,ST13,C0223,P065,1,54.39,0.0,54.39,29.11,25.28,Mobile App
S06658,2024-07-03,ST04,C0146,P023,3,589.93,0.15,1504.32,1259.61,244.71,Online
S06659,2023-12-11,ST10,C0484,P050,3,251.3,0.0,753.9,388.92,364.98,Mobile App
S06660,2023-01-19,ST08,C0011,P044,1,670.76,0.0,670.76,448.05,222.71,Online
S06661,2025-01-22,ST14,C0421,P044,2,670.76,0.0,1341.52,896.1,445.42,Mobile App
S06662,2024-11-26,ST13,C0499,P021,1,414.87,0.1,373.38,183.91,189.47,Mobile App
S06663,2024-08-10,ST15,C0140,P078,2,331.1,0.05,629.09,343.84,285.25,Retail Store
S06664,2023-02-09,ST07,C0292,P032,2,266.96,0.1,480.53,286.7,193.83,Marketplace
S06665,2023-08-15,ST04,C0168,P037,2,559.57,0.0,1119.14,730.5,388.64,Retail Store
S06666,2023-03-18,ST06,C0208,P061,1,603.93,0.0,603.93,329.99,273.94,Mobile App
S06667,2023-05-10,ST13,C0064,P059,1,618.97,0.1,557.07,424.05,133.02,Online
S06668,2024-07-25,ST13,C0020,P001,2,474.05,0.1,853.29,505.8,347.49,Mobile App
S06669,2023-01-13,ST09,C0070,P036,1,539.12,0.1,485.21,311.18,174.03,Marketplace
S06670,2025-05-30,ST05,C0479,P028,3,535.81,0.0,1607.43,903.6,703.83,Marketplace
S06671,2025-05-22,ST09,C0194,P086,3,320.59,0.05,913.68,592.74,320.94,Marketplace
S06672,2023-04-07,ST09,C0302,P058,1,558.35,0.1,502.52,249.8,252.72,Mobile App
S06673,2024-11-01,ST07,C0009,P059,1,618.97,0.15,526.12,424.05,102.07,Retail Store
S06674,2023-11-05,ST14,C0359,P059,3,618.97,0.15,1578.37,1272.15,306.22,Retail Store
S06675,2024-10-06,ST01,C0300,P056,1,647.27,0.0,647.27,399.37,247.9,Mobile App
S06676,2023-07-04,ST15,C0226,P080,5,421.17,0.0,2105.85,1051.6,1054.25,Retail Store
S06677,2024-03-13,ST13,C0494,P004,2,700.29,0.0,1400.58,786.52,614.06,Mobile App
S06678,2024-05-27,ST08,C0478,P092,2,496.59,0.0,993.18,569.58,423.6,Mobile App
S06679,2024-02-09,ST14,C0246,P051,2,502.39,0.0,1004.78,608.76,396.02,Marketplace
S06680,2023-05-29,ST06,C0373,P056,2,647.27,0.0,1294.54,798.74,495.8,Mobile App
S06681,2023-10-30,ST12,C0278,P010,1,177.97,0.1,160.17,114.67,45.5,Marketplace
S06682,2023-05-21,ST02,C0352,P003,3,101.68,0.05,289.79,133.44,156.35,Marketplace
S06683,2023-02-20,ST05,C0150,P085,1,595.13,0.1,535.62,307.6,228.02,Online
S06684,2024-09-22,ST12,C0146,P027,2,598.23,0.0,1196.46,691.98,504.48,Mobile App
S06685,2024-07-25,ST11,C0455,P079,1,118.05,0.05,112.15,74.15,38.0,Mobile App
S06686,2023-04-23,ST15,C0453,P003,3,101.68,0.0,305.04,133.44,171.6,Mobile App
S06687,2025-01-21,ST01,C0466,P098,1,610.44,0.15,518.87,285.38,233.49,Mobile App
S06688,2023-04-04,ST14,C0210,P053,1,512.39,0.15,435.53,310.47,125.06,Online
S06689,2023-09-28,ST05,C0176,P063,1,85.52,0.0,85.52,43.74,41.78,Online
S06690,2024-04-11,ST15,C0384,P092,2,496.59,0.0,993.18,569.58,423.6,Online
S06691,2025-02-01,ST02,C0223,P072,1,110.76,0.05,105.22,70.94,34.28,Online
S06692,2023-05-10,ST08,C0411,P043,2,241.25,0.0,482.5,275.42,207.08,Mobile App
S06693,2025-04-10,ST03,C0433,P005,1,187.0,0.0,187.0,94.13,92.87,Retail Store
S06694,2023-01-22,ST04,C0440,P088,1,656.76,0.1,591.08,312.14,278.94,Mobile App
S06695,2024-01-25,ST07,C0252,P091,2,512.66,0.15,871.52,735.58,135.94,Online
S06696,2023-05-15,ST14,C0193,P097,2,509.83,0.0,1019.66,617.44,402.22,Retail Store
S06697,2024-08-20,ST13,C0211,P081,2,595.21,0.0,1190.42,676.48,513.94,Mobile App
S06698,2023-07-25,ST13,C0126,P074,4,440.89,0.15,1499.03,777.4,721.63,Marketplace
S06699,2025-03-11,ST01,C0445,P072,3,110.76,0.15,282.44,212.82,69.62,Marketplace
S06700,2023-12-17,ST09,C0166,P026,3,311.93,0.0,935.79,412.95,522.84,Online
S06701,2025-03-16,ST14,C0369,P003,3,101.68,0.0,305.04,133.44,171.6,Retail Store
S06702,2025-01-19,ST14,C0041,P099,4,381.31,0.0,1525.24,858.04,667.2,Marketplace
S06703,2023-04-13,ST07,C0296,P071,3,573.25,0.1,1547.78,1072.53,475.25,Mobile App
S06704,2023-06-04,ST13,C0496,P011,1,309.34,0.1,278.41,193.14,85.27,Online
S06705,2023-04-11,ST05,C0389,P001,1,474.05,0.15,402.94,252.9,150.04,Mobile App
S06706,2023-04-03,ST14,C0465,P019,5,451.75,0.15,1919.94,1089.15,830.79,Marketplace
S06707,2025-05-20,ST09,C0180,P059,4,618.97,0.05,2352.09,1696.2,655.89,Marketplace
S06708,2023-11-22,ST04,C0457,P007,3,572.81,0.05,1632.51,1004.64,627.87,Mobile App
S06709,2024-07-14,ST01,C0076,P054,4,66.5,0.0,266.0,115.84,150.16,Marketplace
S06710,2023-04-18,ST05,C0130,P028,1,535.81,0.15,455.44,301.2,154.24,Mobile App
S06711,2025-04-21,ST10,C0322,P028,3,535.81,0.0,1607.43,903.6,703.83,Marketplace
S06712,2025-04-18,ST10,C0400,P066,1,400.97,0.05,380.92,272.57,108.35,Online
S06713,2025-03-26,ST09,C0054,P030,1,556.36,0.0,556.36,275.09,281.27,Online
S06714,2024-07-04,ST06,C0114,P026,3,311.93,0.05,889.0,412.95,476.05,Marketplace
S06715,2023-06-12,ST12,C0245,P012,3,703.62,0.15,1794.23,1024.86,769.37,Retail Store
S06716,2024-04-28,ST04,C0452,P058,1,558.35,0.0,558.35,249.8,308.55,Marketplace
S06717,2024-06-30,ST14,C0144,P039,5,839.98,0.0,4199.9,1983.3,2216.6,Marketplace
S06718,2024-09-10,ST07,C0454,P060,7,550.86,0.0,3856.02,2383.71,1472.31,Marketplace
S06719,2023-05-17,ST04,C0199,P018,3,560.51,0.05,1597.45,1032.36,565.09,Marketplace
S06720,2024-08-30,ST12,C0161,P069,2,952.97,0.0,1905.94,877.76,1028.18,Marketplace
S06721,2023-10-02,ST13,C0136,P064,4,189.25,0.05,719.15,374.68,344.47,Mobile App
S06722,2025-01-14,ST11,C0140,P079,1,118.05,0.0,118.05,74.15,43.9,Online
S06723,2023-11-14,ST09,C0430,P037,1,559.57,0.15,475.63,365.25,110.38,Mobile App
S06724,2023-04-05,ST06,C0301,P018,2,560.51,0.0,1121.02,688.24,432.78,Marketplace
S06725,2025-04-14,ST13,C0236,P096,2,612.7,0.0,1225.4,829.84,395.56,Retail Store
S06726,2024-08-25,ST04,C0402,P097,1,509.83,0.05,484.34,308.72,175.62,Marketplace
S06727,2025-04-29,ST09,C0215,P060,2,550.86,0.05,1046.63,681.06,365.57,Mobile App
S06728,2025-01-08,ST14,C0136,P004,1,700.29,0.0,700.29,393.26,307.03,Retail Store
S06729,2024-10-10,ST08,C0216,P062,1,800.1,0.0,800.1,409.77,390.33,Retail Store
S06730,2023-03-11,ST08,C0306,P040,1,151.24,0.0,151.24,66.61,84.63,Online
S06731,2023-01-02,ST02,C0046,P039,2,839.98,0.0,1679.96,793.32,886.64,Marketplace
S06732,2025-04-30,ST11,C0107,P099,1,381.31,0.0,381.31,214.51,166.8,Retail Store
S06733,2023-05-16,ST01,C0302,P080,1,421.17,0.0,421.17,210.32,210.85,Retail Store
S06734,2024-08-20,ST05,C0436,P074,1,440.89,0.15,374.76,194.35,180.41,Retail Store
S06735,2023-10-19,ST07,C0191,P053,1,512.39,0.0,512.39,310.47,201.92,Online
S06736,2023-12-22,ST05,C0382,P031,1,173.34,0.15,147.34,122.3,25.04,Mobile App
S06737,2024-10-19,ST09,C0126,P044,1,670.76,0.0,670.76,448.05,222.71,Marketplace
S06738,2024-12-16,ST06,C0126,P047,6,583.71,0.0,3502.26,2494.44,1007.82,Online
S06739,2024-03-11,ST07,C0067,P087,2,643.14,0.05,1221.97,717.9,504.07,Retail Store
S06740,2023-03-03,ST15,C0350,P081,4,595.21,0.15,2023.71,1352.96,670.75,Retail Store
S06741,2024-06-10,ST08,C0134,P005,1,187.0,0.0,187.0,94.13,92.87,Retail Store
S06742,2025-05-24,ST12,C0031,P009,2,211.8,0.0,423.6,244.7,178.9,Mobile App
S06743,2023-09-11,ST11,C0386,P075,2,347.7,0.0,695.4,348.48,346.92,Marketplace
S06744,2023-03-24,ST10,C0041,P010,2,177.97,0.15,302.55,229.34,73.21,Marketplace
S06745,2025-06-25,ST02,C0042,P041,2,148.6,0.1,267.48,191.36,76.12,Retail Store
S06746,2023-06-15,ST06,C0455,P088,2,656.76,0.1,1182.17,624.28,557.89,Online
S06747,2023-12-17,ST08,C0493,P096,4,612.7,0.0,2450.8,1659.68,791.12,Marketplace
S06748,2023-10-18,ST05,C0040,P055,1,374.11,0.15,317.99,253.49,64.5,Mobile App
S06749,2024-01-22,ST07,C0230,P061,1,603.93,0.0,603.93,329.99,273.94,Marketplace
S06750,2024-09-23,ST11,C0250,P066,1,400.97,0.0,400.97,272.57,128.4,Mobile App
S06751,2024-01-13,ST12,C0237,P093,2,466.42,0.1,839.56,539.32,300.24,Marketplace
S06752,2024-12-23,ST11,C0344,P052,4,179.16,0.05,680.81,447.24,233.57,Online
S06753,2023-10-31,ST01,C0315,P091,2,512.66,0.15,871.52,735.58,135.94,Mobile App
S06754,2024-12-31,ST06,C0069,P092,3,496.59,0.05,1415.28,854.37,560.91,Mobile App
S06755,2024-08-18,ST06,C0301,P077,1,146.59,0.0,146.59,100.89,45.7,Retail Store
S06756,2023-08-13,ST03,C0368,P036,3,539.12,0.15,1374.76,933.54,441.22,Online
S06757,2024-01-17,ST01,C0119,P089,3,178.67,0.15,455.61,291.36,164.25,Online
S06758,2024-03-28,ST03,C0361,P074,1,440.89,0.05,418.85,194.35,224.5,Marketplace
S06759,2024-05-01,ST01,C0438,P037,1,559.57,0.0,559.57,365.25,194.32,Mobile App
S06760,2024-04-30,ST04,C0349,P062,1,800.1,0.1,720.09,409.77,310.32,Marketplace
S06761,2025-01-18,ST03,C0469,P023,1,589.93,0.0,589.93,419.87,170.06,Mobile App
S06762,2023-12-17,ST02,C0182,P008,1,682.79,0.0,682.79,317.47,365.32,Retail Store
S06763,2024-06-13,ST07,C0199,P069,3,952.97,0.0,2858.91,1316.64,1542.27,Mobile App
S06764,2024-01-20,ST08,C0158,P063,1,85.52,0.0,85.52,43.74,41.78,Online
S06765,2024-06-10,ST14,C0303,P071,4,573.25,0.0,2293.0,1430.04,862.96,Mobile App
S06766,2024-09-23,ST12,C0376,P059,4,618.97,0.1,2228.29,1696.2,532.09,Mobile App
S06767,2024-11-12,ST08,C0134,P022,2,753.54,0.0,1507.08,830.72,676.36,Mobile App
S06768,2024-10-02,ST04,C0002,P017,2,780.73,0.0,1561.46,781.66,779.8,Mobile App
S06769,2023-08-03,ST01,C0053,P037,1,559.57,0.15,475.63,365.25,110.38,Online
S06770,2023-01-03,ST13,C0116,P093,2,466.42,0.1,839.56,539.32,300.24,Marketplace
S06771,2025-06-24,ST14,C0116,P083,1,543.94,0.0,543.94,330.9,213.04,Retail Store
S06772,2023-01-16,ST12,C0469,P069,1,952.97,0.15,810.02,438.88,371.14,Marketplace
S06773,2024-05-23,ST15,C0159,P053,2,512.39,0.05,973.54,620.94,352.6,Marketplace
S06774,2025-05-22,ST04,C0049,P039,2,839.98,0.0,1679.96,793.32,886.64,Online
S06775,2025-04-18,ST09,C0040,P047,4,583.71,0.15,1984.61,1662.96,321.65,Online
S06776,2023-02-24,ST06,C0073,P002,1,441.21,0.1,397.09,287.87,109.22,Mobile App
S06777,2023-11-15,ST15,C0137,P026,2,311.93,0.05,592.67,275.3,317.37,Mobile App
S06778,2025-02-12,ST02,C0418,P069,2,952.97,0.0,1905.94,877.76,1028.18,Online
S06779,2025-02-28,ST09,C0480,P080,1,421.17,0.1,379.05,210.32,168.73,Mobile App
S06780,2025-01-16,ST12,C0086,P082,2,824.42,0.0,1648.84,832.66,816.18,Marketplace
S06781,2023-09-26,ST06,C0309,P071,1,573.25,0.0,573.25,357.51,215.74,Retail Store
S06782,2023-05-12,ST05,C0268,P074,1,440.89,0.15,374.76,194.35,180.41,Retail Store
S06783,2025-02-16,ST09,C0498,P022,2,753.54,0.05,1431.73,830.72,601.01,Mobile App
S06784,2025-06-04,ST09,C0414,P047,1,583.71,0.0,583.71,415.74,167.97,Marketplace
S06785,2025-04-11,ST13,C0177,P059,1,618.97,0.1,557.07,424.05,133.02,Online
S06786,2023-08-09,ST04,C0276,P028,1,535.81,0.0,535.81,301.2,234.61,Online
S06787,2025-01-24,ST13,C0273,P040,3,151.24,0.1,408.35,199.83,208.52,Retail Store
S06788,2023-02-20,ST12,C0457,P071,1,573.25,0.0,573.25,357.51,215.74,Retail Store
S06789,2023-05-06,ST09,C0492,P026,2,311.93,0.0,623.86,275.3,348.56,Mobile App
S06790,2025-05-26,ST05,C0097,P050,1,251.3,0.0,251.3,129.64,121.66,Online
S06791,2024-10-03,ST03,C0469,P040,1,151.24,0.0,151.24,66.61,84.63,Mobile App
S06792,2023-12-10,ST12,C0238,P074,4,440.89,0.0,1763.56,777.4,986.16,Retail Store
S06793,2023-01-25,ST15,C0377,P076,1,361.84,0.0,361.84,165.74,196.1,Online
S06794,2025-05-29,ST06,C0264,P009,1,211.8,0.0,211.8,122.35,89.45,Marketplace
S06795,2023-12-05,ST02,C0152,P025,3,788.41,0.0,2365.23,1051.44,1313.79,Mobile App
S06796,2024-09-30,ST02,C0206,P093,1,466.42,0.0,466.42,269.66,196.76,Online
S06797,2024-08-26,ST15,C0171,P011,1,309.34,0.15,262.94,193.14,69.8,Mobile App
S06798,2023-03-09,ST14,C0101,P047,2,583.71,0.0,1167.42,831.48,335.94,Retail Store
S06799,2025-02-01,ST01,C0115,P042,1,552.37,0.0,552.37,408.54,143.83,Retail Store
S06800,2025-03-04,ST01,C0152,P040,3,151.24,0.05,431.03,199.83,231.2,Marketplace
S06801,2023-01-28,ST11,C0046,P069,2,952.97,0.15,1620.05,877.76,742.29,Retail Store
S06802,2023-11-29,ST15,C0316,P007,2,572.81,0.15,973.78,669.76,304.02,Marketplace
S06803,2023-03-13,ST09,C0315,P047,3,583.71,0.0,1751.13,1247.22,503.91,Mobile App
S06804,2023-03-12,ST07,C0234,P041,1,148.6,0.15,126.31,95.68,30.63,Marketplace
S06805,2024-06-02,ST13,C0384,P031,2,173.34,0.0,346.68,244.6,102.08,Mobile App
S06806,2025-01-11,ST13,C0062,P039,1,839.98,0.1,755.98,396.66,359.32,Online
S06807,2023-05-17,ST02,C0303,P077,3,146.59,0.0,439.77,302.67,137.1,Marketplace
S06808,2023-06-16,ST15,C0440,P079,2,118.05,0.1,212.49,148.3,64.19,Mobile App
S06809,2024-11-08,ST01,C0079,P044,2,670.76,0.05,1274.44,896.1,378.34,Mobile App
S06810,2024-11-12,ST15,C0043,P088,2,656.76,0.1,1182.17,624.28,557.89,Retail Store
S06811,2024-09-28,ST02,C0215,P003,1,101.68,0.15,86.43,44.48,41.95,Marketplace
S06812,2023-09-30,ST12,C0195,P083,2,543.94,0.1,979.09,661.8,317.29,Retail Store
S06813,2024-01-10,ST15,C0031,P003,1,101.68,0.15,86.43,44.48,41.95,Online
S06814,2023-11-04,ST05,C0341,P021,2,414.87,0.0,829.74,367.82,461.92,Retail Store
S06815,2024-12-12,ST03,C0275,P052,2,179.16,0.05,340.4,223.62,116.78,Online
S06816,2024-09-25,ST02,C0352,P020,1,796.23,0.15,676.8,412.87,263.93,Marketplace
S06817,2023-09-19,ST11,C0476,P046,3,653.19,0.05,1861.59,1028.67,832.92,Online
S06818,2023-05-23,ST07,C0401,P084,1,240.69,0.1,216.62,163.63,52.99,Marketplace
S06819,2025-03-13,ST09,C0016,P019,2,451.75,0.0,903.5,435.66,467.84,Mobile App
S06820,2023-01-30,ST13,C0294,P064,2,189.25,0.15,321.72,187.34,134.38,Retail Store
S06821,2024-11-15,ST01,C0002,P096,3,612.7,0.0,1838.1,1244.76,593.34,Online
S06822,2024-04-03,ST13,C0339,P018,4,560.51,0.15,1905.73,1376.48,529.25,Mobile App
S06823,2023-01-10,ST13,C0067,P064,3,189.25,0.0,567.75,281.01,286.74,Marketplace
S06824,2025-01-28,ST04,C0361,P007,1,572.81,0.0,572.81,334.88,237.93,Online
S06825,2024-09-11,ST11,C0024,P004,1,700.29,0.15,595.25,393.26,201.99,Marketplace
S06826,2025-03-09,ST06,C0287,P035,1,381.12,0.1,343.01,175.58,167.43,Marketplace
S06827,2024-05-19,ST05,C0066,P095,1,139.42,0.0,139.42,99.75,39.67,Marketplace
S06828,2025-01-25,ST10,C0075,P016,1,442.1,0.0,442.1,278.25,163.85,Retail Store
S06829,2025-04-17,ST03,C0172,P038,2,348.21,0.15,591.96,431.32,160.64,Retail Store
S06830,2024-04-02,ST09,C0347,P043,1,241.25,0.15,205.06,137.71,67.35,Retail Store
S06831,2024-10-08,ST03,C0477,P091,2,512.66,0.15,871.52,735.58,135.94,Marketplace
S06832,2024-01-21,ST07,C0413,P003,5,101.68,0.0,508.4,222.4,286.0,Mobile App
S06833,2023-05-23,ST03,C0015,P071,5,573.25,0.0,2866.25,1787.55,1078.7,Mobile App
S06834,2025-06-05,ST13,C0215,P002,2,441.21,0.0,882.42,575.74,306.68,Mobile App
S06835,2024-04-20,ST08,C0135,P062,2,800.1,0.05,1520.19,819.54,700.65,Mobile App
S06836,2025-06-09,ST10,C0368,P006,1,826.37,0.0,826.37,423.08,403.29,Mobile App
S06837,2023-04-24,ST09,C0325,P011,2,309.34,0.15,525.88,386.28,139.6,Mobile App
S06838,2023-07-13,ST12,C0201,P056,2,647.27,0.0,1294.54,798.74,495.8,Online
S06839,2024-07-17,ST15,C0049,P005,1,187.0,0.05,177.65,94.13,83.52,Mobile App
S06840,2023-07-19,ST06,C0431,P081,2,595.21,0.05,1130.9,676.48,454.42,Online
S06841,2023-06-17,ST09,C0264,P029,1,230.02,0.05,218.52,120.5,98.02,Marketplace
S06842,2024-11-10,ST07,C0451,P094,4,634.83,0.0,2539.32,1215.28,1324.04,Marketplace
S06843,2024-05-24,ST10,C0467,P090,1,573.25,0.1,515.93,288.19,227.74,Online
S06844,2025-02-05,ST07,C0106,P010,3,177.97,0.15,453.82,344.01,109.81,Retail Store
S06845,2025-01-13,ST03,C0332,P054,6,66.5,0.0,399.0,173.76,225.24,Retail Store
S06846,2024-03-02,ST13,C0051,P012,4,703.62,0.15,2392.31,1366.48,1025.83,Online
S06847,2023-10-13,ST01,C0196,P072,2,110.76,0.0,221.52,141.88,79.64,Marketplace
S06848,2024-08-07,ST11,C0142,P076,2,361.84,0.05,687.5,331.48,356.02,Retail Store
S06849,2025-01-23,ST10,C0296,P097,1,509.83,0.0,509.83,308.72,201.11,Online
S06850,2023-05-31,ST04,C0009,P066,2,400.97,0.0,801.94,545.14,256.8,Retail Store
S06851,2025-01-01,ST12,C0370,P098,2,610.44,0.0,1220.88,570.76,650.12,Mobile App
S06852,2024-08-12,ST09,C0126,P094,2,634.83,0.0,1269.66,607.64,662.02,Mobile App
S06853,2023-06-27,ST10,C0038,P040,2,151.24,0.15,257.11,133.22,123.89,Retail Store
S06854,2023-04-09,ST13,C0236,P034,2,530.96,0.1,955.73,736.38,219.35,Retail Store
S06855,2023-03-12,ST05,C0120,P047,1,583.71,0.05,554.52,415.74,138.78,Online
S06856,2024-07-03,ST10,C0123,P072,1,110.76,0.0,110.76,70.94,39.82,Retail Store
S06857,2025-02-10,ST08,C0210,P095,1,139.42,0.0,139.42,99.75,39.67,Retail Store
S06858,2023-01-26,ST12,C0170,P073,1,238.26,0.0,238.26,173.6,64.66,Online
S06859,2023-09-15,ST07,C0374,P085,2,595.13,0.05,1130.75,615.2,515.55,Retail Store
S06860,2024-05-08,ST14,C0131,P072,1,110.76,0.1,99.68,70.94,28.74,Marketplace
S06861,2023-03-01,ST12,C0271,P081,1,595.21,0.05,565.45,338.24,227.21,Mobile App
S06862,2024-06-27,ST11,C0353,P049,2,878.21,0.0,1756.42,782.54,973.88,Online
S06863,2024-11-20,ST11,C0397,P048,2,113.1,0.15,192.27,118.1,74.17,Online
S06864,2023-10-09,ST15,C0270,P021,2,414.87,0.0,829.74,367.82,461.92,Retail Store
S06865,2024-05-17,ST02,C0392,P098,1,610.44,0.1,549.4,285.38,264.02,Online
S06866,2024-08-04,ST06,C0126,P020,1,796.23,0.0,796.23,412.87,383.36,Retail Store
S06867,2023-01-30,ST09,C0460,P056,3,647.27,0.1,1747.63,1198.11,549.52,Mobile App
S06868,2023-09-03,ST12,C0275,P055,3,374.11,0.0,1122.33,760.47,361.86,Marketplace
S06869,2025-06-08,ST07,C0465,P063,2,85.52,0.15,145.38,87.48,57.9,Marketplace
S06870,2024-05-29,ST10,C0010,P065,4,54.39,0.05,206.68,116.44,90.24,Mobile App
S06871,2024-05-28,ST09,C0411,P042,1,552.37,0.0,552.37,408.54,143.83,Marketplace
S06872,2024-12-20,ST05,C0376,P035,3,381.12,0.1,1029.02,526.74,502.28,Mobile App
S06873,2023-02-11,ST06,C0244,P074,2,440.89,0.0,881.78,388.7,493.08,Retail Store
S06874,2023-10-14,ST11,C0183,P030,2,556.36,0.0,1112.72,550.18,562.54,Retail Store
S06875,2025-05-09,ST15,C0166,P062,1,800.1,0.0,800.1,409.77,390.33,Mobile App
S06876,2023-01-08,ST03,C0322,P077,1,146.59,0.1,131.93,100.89,31.04,Marketplace
S06877,2023-11-21,ST12,C0276,P036,3,539.12,0.05,1536.49,933.54,602.95,Mobile App
S06878,2023-09-15,ST11,C0496,P012,3,703.62,0.0,2110.86,1024.86,1086.0,Mobile App
S06879,2023-12-29,ST11,C0198,P068,1,675.48,0.0,675.48,308.45,367.03,Marketplace
S06880,2023-06-27,ST13,C0166,P057,2,866.66,0.0,1733.32,758.68,974.64,Retail Store
S06881,2024-11-15,ST08,C0317,P079,4,118.05,0.05,448.59,296.6,151.99,Mobile App
S06882,2024-10-23,ST05,C0115,P043,1,241.25,0.1,217.12,137.71,79.41,Marketplace
S06883,2025-06-06,ST06,C0404,P046,1,653.19,0.0,653.19,342.89,310.3,Mobile App
S06884,2024-10-02,ST07,C0329,P100,1,691.45,0.0,691.45,381.94,309.51,Retail Store
S06885,2023-03-30,ST08,C0207,P079,3,118.05,0.1,318.74,222.45,96.29,Marketplace
S06886,2024-01-07,ST12,C0479,P031,1,173.34,0.0,173.34,122.3,51.04,Retail Store
S06887,2024-11-06,ST04,C0490,P073,1,238.26,0.0,238.26,173.6,64.66,Online
S06888,2023-04-03,ST02,C0428,P008,1,682.79,0.05,648.65,317.47,331.18,Online
S06889,2025-01-05,ST13,C0044,P005,2,187.0,0.15,317.9,188.26,129.64,Mobile App
S06890,2023-05-17,ST11,C0244,P074,1,440.89,0.15,374.76,194.35,180.41,Online
S06891,2024-06-18,ST05,C0473,P023,3,589.93,0.0,1769.79,1259.61,510.18,Online
S06892,2023-12-15,ST13,C0144,P068,3,675.48,0.1,1823.8,925.35,898.45,Online
S06893,2024-06-18,ST11,C0396,P040,2,151.24,0.1,272.23,133.22,139.01,Online
S06894,2025-02-15,ST07,C0196,P062,1,800.1,0.1,720.09,409.77,310.32,Retail Store
S06895,2023-09-22,ST09,C0322,P073,4,238.26,0.0,953.04,694.4,258.64,Marketplace
S06896,2023-05-19,ST01,C0356,P084,1,240.69,0.0,240.69,163.63,77.06,Retail Store
S06897,2024-02-26,ST13,C0005,P036,5,539.12,0.0,2695.6,1555.9,1139.7,Online
S06898,2025-03-17,ST01,C0284,P039,1,839.98,0.0,839.98,396.66,443.32,Mobile App
S06899,2023-03-26,ST12,C0225,P029,4,230.02,0.0,920.08,482.0,438.08,Mobile App
S06900,2024-10-16,ST07,C0205,P068,1,675.48,0.15,574.16,308.45,265.71,Marketplace
S06901,2025-03-16,ST06,C0476,P014,1,523.69,0.0,523.69,241.55,282.14,Mobile App
S06902,2025-01-05,ST15,C0214,P035,1,381.12,0.0,381.12,175.58,205.54,Mobile App
S06903,2024-08-18,ST03,C0300,P032,3,266.96,0.05,760.84,430.05,330.79,Retail Store
S06904,2024-12-01,ST07,C0456,P079,1,118.05,0.05,112.15,74.15,38.0,Mobile App
S06905,2023-05-27,ST07,C0423,P096,1,612.7,0.15,520.8,414.92,105.88,Online
S06906,2025-05-27,ST01,C0070,P064,2,189.25,0.15,321.72,187.34,134.38,Mobile App
S06907,2024-04-15,ST07,C0106,P096,3,612.7,0.15,1562.38,1244.76,317.62,Mobile App
S06908,2024-10-25,ST02,C0294,P080,1,421.17,0.0,421.17,210.32,210.85,Online
S06909,2024-08-16,ST14,C0272,P091,1,512.66,0.0,512.66,367.79,144.87,Marketplace
S06910,2025-04-27,ST11,C0379,P057,3,866.66,0.15,2209.98,1138.02,1071.96,Online
S06911,2023-11-08,ST12,C0187,P065,1,54.39,0.0,54.39,29.11,25.28,Online
S06912,2024-12-16,ST15,C0451,P011,2,309.34,0.0,618.68,386.28,232.4,Mobile App
S06913,2023-11-05,ST14,C0454,P093,1,466.42,0.15,396.46,269.66,126.8,Online
S06914,2023-11-25,ST14,C0126,P072,2,110.76,0.0,221.52,141.88,79.64,Marketplace
S06915,2025-02-18,ST14,C0175,P059,1,618.97,0.0,618.97,424.05,194.92,Online
S06916,2024-01-28,ST03,C0469,P012,3,703.62,0.05,2005.32,1024.86,980.46,Online
S06917,2025-03-22,ST04,C0134,P054,3,66.5,0.1,179.55,86.88,92.67,Mobile App
S06918,2024-12-06,ST11,C0245,P051,2,502.39,0.1,904.3,608.76,295.54,Mobile App
S06919,2023-12-20,ST07,C0384,P037,1,559.57,0.0,559.57,365.25,194.32,Marketplace
S06920,2023-07-10,ST13,C0313,P072,2,110.76,0.0,221.52,141.88,79.64,Marketplace
S06921,2024-07-10,ST11,C0043,P044,2,670.76,0.1,1207.37,896.1,311.27,Retail Store
S06922,2023-03-10,ST02,C0259,P078,2,331.1,0.05,629.09,343.84,285.25,Marketplace
S06923,2023-05-19,ST02,C0190,P048,3,113.1,0.0,339.3,177.15,162.15,Mobile App
S06924,2024-07-25,ST13,C0050,P039,1,839.98,0.0,839.98,396.66,443.32,Online
S06925,2024-03-29,ST11,C0106,P044,4,670.76,0.0,2683.04,1792.2,890.84,Marketplace
S06926,2025-01-03,ST09,C0318,P036,2,539.12,0.0,1078.24,622.36,455.88,Online
S06927,2023-05-10,ST11,C0400,P067,2,278.89,0.0,557.78,359.96,197.82,Marketplace
S06928,2025-03-03,ST08,C0226,P035,1,381.12,0.05,362.06,175.58,186.48,Mobile App
S06929,2024-05-13,ST06,C0400,P049,2,878.21,0.1,1580.78,782.54,798.24,Retail Store
S06930,2025-06-01,ST06,C0010,P062,6,800.1,0.0,4800.6,2458.62,2341.98,Mobile App
S06931,2024-12-12,ST05,C0314,P093,2,466.42,0.15,792.91,539.32,253.59,Online
S06932,2023-03-21,ST05,C0428,P082,2,824.42,0.0,1648.84,832.66,816.18,Marketplace
S06933,2023-03-27,ST11,C0242,P069,5,952.97,0.05,4526.61,2194.4,2332.21,Retail Store
S06934,2023-10-13,ST07,C0441,P044,3,670.76,0.1,1811.05,1344.15,466.9,Online
S06935,2025-04-30,ST01,C0372,P019,5,451.75,0.1,2032.88,1089.15,943.73,Mobile App
S06936,2023-05-28,ST14,C0314,P099,2,381.31,0.0,762.62,429.02,333.6,Marketplace
S06937,2023-09-13,ST12,C0485,P052,1,179.16,0.0,179.16,111.81,67.35,Mobile App
S06938,2023-11-27,ST04,C0178,P015,1,411.34,0.0,411.34,291.66,119.68,Marketplace
S06939,2023-03-23,ST01,C0064,P060,1,550.86,0.15,468.23,340.53,127.7,Retail Store
S06940,2023-06-13,ST06,C0064,P015,1,411.34,0.15,349.64,291.66,57.98,Mobile App
S06941,2024-12-04,ST14,C0233,P060,3,550.86,0.0,1652.58,1021.59,630.99,Mobile App
S06942,2023-08-23,ST05,C0493,P079,2,118.05,0.0,236.1,148.3,87.8,Retail Store
S06943,2024-03-07,ST12,C0135,P085,1,595.13,0.1,535.62,307.6,228.02,Marketplace
S06944,2023-08-22,ST06,C0089,P018,3,560.51,0.0,1681.53,1032.36,649.17,Marketplace
S06945,2025-03-09,ST07,C0173,P065,1,54.39,0.0,54.39,29.11,25.28,Retail Store
S06946,2024-08-15,ST05,C0176,P029,1,230.02,0.15,195.52,120.5,75.02,Marketplace
S06947,2023-05-08,ST07,C0049,P040,6,151.24,0.1,816.7,399.66,417.04,Mobile App
S06948,2023-04-23,ST08,C0192,P084,1,240.69,0.0,240.69,163.63,77.06,Mobile App
S06949,2024-06-02,ST14,C0122,P020,2,796.23,0.0,1592.46,825.74,766.72,Mobile App
S06950,2023-02-06,ST09,C0179,P048,3,113.1,0.0,339.3,177.15,162.15,Mobile App
S06951,2025-02-21,ST10,C0383,P063,2,85.52,0.0,171.04,87.48,83.56,Marketplace
S06952,2024-01-01,ST09,C0476,P047,1,583.71,0.0,583.71,415.74,167.97,Marketplace
S06953,2025-02-19,ST03,C0023,P052,1,179.16,0.1,161.24,111.81,49.43,Mobile App
S06954,2025-04-15,ST02,C0328,P081,1,595.21,0.0,595.21,338.24,256.97,Marketplace
S06955,2023-04-28,ST04,C0123,P022,6,753.54,0.15,3843.05,2492.16,1350.89,Mobile App
S06956,2023-12-01,ST05,C0001,P057,2,866.66,0.0,1733.32,758.68,974.64,Marketplace
S06957,2025-02-08,ST07,C0129,P014,1,523.69,0.1,471.32,241.55,229.77,Marketplace
S06958,2025-05-17,ST02,C0367,P082,2,824.42,0.0,1648.84,832.66,816.18,Marketplace
S06959,2023-12-07,ST08,C0303,P086,1,320.59,0.15,272.5,197.58,74.92,Online
S06960,2024-09-13,ST09,C0064,P038,1,348.21,0.0,348.21,215.66,132.55,Mobile App
S06961,2024-04-05,ST01,C0175,P074,1,440.89,0.1,396.8,194.35,202.45,Online
S06962,2023-08-28,ST05,C0481,P064,1,189.25,0.0,189.25,93.67,95.58,Marketplace
S06963,2025-03-08,ST08,C0063,P005,1,187.0,0.0,187.0,94.13,92.87,Online
S06964,2024-09-13,ST07,C0423,P078,1,331.1,0.0,331.1,171.92,159.18,Retail Store
S06965,2024-07-19,ST06,C0236,P010,1,177.97,0.1,160.17,114.67,45.5,Retail Store
S06966,2024-08-09,ST01,C0434,P085,2,595.13,0.0,1190.26,615.2,575.06,Marketplace
S06967,2024-11-06,ST07,C0019,P096,1,612.7,0.05,582.07,414.92,167.15,Mobile App
S06968,2023-08-12,ST08,C0018,P074,3,440.89,0.1,1190.4,583.05,607.35,Marketplace
S06969,2025-01-18,ST03,C0306,P090,3,573.25,0.1,1547.78,864.57,683.21,Mobile App
S06970,2023-01-08,ST02,C0349,P041,3,148.6,0.05,423.51,287.04,136.47,Online
S06971,2025-02-16,ST13,C0384,P015,1,411.34,0.0,411.34,291.66,119.68,Online
S06972,2023-09-22,ST13,C0282,P086,4,320.59,0.1,1154.12,790.32,363.8,Marketplace
S06973,2023-05-25,ST11,C0206,P057,1,866.66,0.0,866.66,379.34,487.32,Mobile App
S06974,2023-12-30,ST07,C0405,P026,3,311.93,0.05,889.0,412.95,476.05,Online
S06975,2023-03-08,ST11,C0451,P048,5,113.1,0.0,565.5,295.25,270.25,Marketplace
S06976,2023-12-20,ST01,C0251,P006,1,826.37,0.05,785.05,423.08,361.97,Online
S06977,2024-02-26,ST09,C0274,P018,5,560.51,0.0,2802.55,1720.6,1081.95,Mobile App
S06978,2023-03-27,ST04,C0044,P100,2,691.45,0.0,1382.9,763.88,619.02,Mobile App
S06979,2024-02-29,ST04,C0386,P014,3,523.69,0.1,1413.96,724.65,689.31,Retail Store
S06980,2024-08-08,ST04,C0140,P010,1,177.97,0.0,177.97,114.67,63.3,Marketplace
S06981,2025-03-31,ST08,C0085,P040,3,151.24,0.15,385.66,199.83,185.83,Mobile App
S06982,2024-02-28,ST07,C0117,P079,1,118.05,0.05,112.15,74.15,38.0,Online
S06983,2023-03-20,ST12,C0246,P041,1,148.6,0.15,126.31,95.68,30.63,Marketplace
S06984,2024-10-28,ST14,C0394,P057,1,866.66,0.0,866.66,379.34,487.32,Mobile App
S06985,2025-04-15,ST01,C0494,P067,1,278.89,0.0,278.89,179.98,98.91,Retail Store
S06986,2025-04-20,ST15,C0027,P086,2,320.59,0.05,609.12,395.16,213.96,Online
S06987,2024-11-30,ST11,C0397,P047,6,583.71,0.05,3327.15,2494.44,832.71,Mobile App
S06988,2023-07-01,ST03,C0417,P072,2,110.76,0.05,210.44,141.88,68.56,Retail Store
S06989,2023-10-27,ST14,C0090,P066,3,400.97,0.0,1202.91,817.71,385.2,Online
S06990,2023-10-17,ST04,C0213,P086,2,320.59,0.15,545.0,395.16,149.84,Marketplace
S06991,2025-06-26,ST05,C0485,P076,7,361.84,0.15,2152.95,1160.18,992.77,Retail Store
S06992,2024-03-19,ST09,C0454,P019,3,451.75,0.1,1219.73,653.49,566.24,Marketplace
S06993,2024-10-01,ST10,C0481,P055,1,374.11,0.0,374.11,253.49,120.62,Retail Store
S06994,2024-03-09,ST03,C0345,P017,1,780.73,0.0,780.73,390.83,389.9,Online
S06995,2023-09-11,ST11,C0136,P010,1,177.97,0.15,151.27,114.67,36.6,Online
S06996,2023-02-04,ST03,C0444,P042,2,552.37,0.05,1049.5,817.08,232.42,Retail Store
S06997,2023-05-22,ST08,C0300,P014,1,523.69,0.15,445.14,241.55,203.59,Online
S06998,2024-03-04,ST10,C0415,P043,1,241.25,0.0,241.25,137.71,103.54,Marketplace
S06999,2024-08-06,ST06,C0389,P098,1,610.44,0.05,579.92,285.38,294.54,Mobile App
S07000,2023-10-19,ST05,C0323,P081,1,595.21,0.05,565.45,338.24,227.21,Mobile App
S07001,2023-01-29,ST03,C0110,P090,2,573.25,0.0,1146.5,576.38,570.12,Mobile App
S07002,2024-07-01,ST15,C0147,P036,1,539.12,0.0,539.12,311.18,227.94,Retail Store
S07003,2023-12-13,ST13,C0050,P067,2,278.89,0.15,474.11,359.96,114.15,Mobile App
S07004,2025-05-03,ST07,C0110,P011,2,309.34,0.05,587.75,386.28,201.47,Online
S07005,2023-11-26,ST01,C0495,P066,2,400.97,0.15,681.65,545.14,136.51,Mobile App
S07006,2024-01-27,ST04,C0030,P019,1,451.75,0.1,406.57,217.83,188.74,Retail Store
S07007,2024-03-07,ST04,C0304,P089,2,178.67,0.05,339.47,194.24,145.23,Marketplace
S07008,2023-02-19,ST13,C0155,P066,3,400.97,0.0,1202.91,817.71,385.2,Mobile App
S07009,2025-03-01,ST02,C0481,P064,1,189.25,0.0,189.25,93.67,95.58,Marketplace
S07010,2025-05-17,ST03,C0069,P086,1,320.59,0.0,320.59,197.58,123.01,Retail Store
S07011,2024-09-14,ST09,C0339,P034,2,530.96,0.0,1061.92,736.38,325.54,Online
S07012,2023-09-03,ST05,C0166,P032,3,266.96,0.0,800.88,430.05,370.83,Retail Store
S07013,2024-08-02,ST08,C0095,P015,1,411.34,0.0,411.34,291.66,119.68,Online
S07014,2023-03-18,ST04,C0006,P050,3,251.3,0.0,753.9,388.92,364.98,Marketplace
S07015,2023-03-05,ST15,C0203,P100,3,691.45,0.0,2074.35,1145.82,928.53,Marketplace
S07016,2024-01-05,ST12,C0024,P062,1,800.1,0.1,720.09,409.77,310.32,Retail Store
S07017,2023-09-29,ST11,C0339,P054,4,66.5,0.05,252.7,115.84,136.86,Marketplace
S07018,2024-10-10,ST09,C0498,P014,2,523.69,0.0,1047.38,483.1,564.28,Marketplace
S07019,2025-03-04,ST12,C0074,P049,2,878.21,0.1,1580.78,782.54,798.24,Mobile App
S07020,2024-04-23,ST07,C0248,P001,1,474.05,0.15,402.94,252.9,150.04,Marketplace
S07021,2024-09-02,ST02,C0430,P089,1,178.67,0.15,151.87,97.12,54.75,Marketplace
S07022,2023-08-25,ST02,C0491,P024,2,908.43,0.05,1726.02,854.9,871.12,Online
S07023,2025-01-26,ST09,C0145,P006,3,826.37,0.1,2231.2,1269.24,961.96,Marketplace
S07024,2023-03-26,ST11,C0026,P072,1,110.76,0.0,110.76,70.94,39.82,Retail Store
S07025,2025-04-01,ST14,C0200,P065,3,54.39,0.1,146.85,87.33,59.52,Online
S07026,2023-11-08,ST15,C0116,P006,2,826.37,0.15,1404.83,846.16,558.67,Online
S07027,2024-11-17,ST05,C0433,P050,2,251.3,0.15,427.21,259.28,167.93,Mobile App
S07028,2023-05-30,ST10,C0132,P052,1,179.16,0.05,170.2,111.81,58.39,Marketplace
S07029,2023-11-15,ST10,C0056,P039,4,839.98,0.1,3023.93,1586.64,1437.29,Retail Store
S07030,2024-01-17,ST06,C0019,P052,2,179.16,0.15,304.57,223.62,80.95,Online
S07031,2024-03-09,ST01,C0350,P078,3,331.1,0.05,943.63,515.76,427.87,Mobile App
S07032,2024-09-19,ST10,C0017,P073,2,238.26,0.15,405.04,347.2,57.84,Marketplace
S07033,2023-05-27,ST04,C0008,P083,1,543.94,0.0,543.94,330.9,213.04,Online
S07034,2024-09-26,ST11,C0417,P044,1,670.76,0.0,670.76,448.05,222.71,Marketplace
S07035,2023-11-20,ST02,C0028,P088,1,656.76,0.1,591.08,312.14,278.94,Retail Store
S07036,2024-09-23,ST06,C0443,P095,1,139.42,0.1,125.48,99.75,25.73,Retail Store
S07037,2023-12-21,ST09,C0204,P025,2,788.41,0.0,1576.82,700.96,875.86,Marketplace
S07038,2023-01-10,ST01,C0489,P060,2,550.86,0.05,1046.63,681.06,365.57,Mobile App
S07039,2024-12-14,ST06,C0061,P023,3,589.93,0.0,1769.79,1259.61,510.18,Retail Store
S07040,2024-06-27,ST11,C0128,P077,1,146.59,0.05,139.26,100.89,38.37,Online
S07041,2023-03-12,ST06,C0448,P100,2,691.45,0.0,1382.9,763.88,619.02,Marketplace
S07042,2024-08-31,ST03,C0072,P001,2,474.05,0.0,948.1,505.8,442.3,Marketplace
S07043,2024-07-15,ST15,C0377,P074,1,440.89,0.0,440.89,194.35,246.54,Marketplace
S07044,2023-10-22,ST05,C0406,P047,1,583.71,0.1,525.34,415.74,109.6,Retail Store
S07045,2025-06-17,ST14,C0443,P019,1,451.75,0.1,406.57,217.83,188.74,Online
S07046,2025-05-05,ST06,C0396,P026,3,311.93,0.1,842.21,412.95,429.26,Online
S07047,2024-11-07,ST14,C0258,P097,1,509.83,0.0,509.83,308.72,201.11,Online
S07048,2024-11-02,ST10,C0430,P088,2,656.76,0.15,1116.49,624.28,492.21,Retail Store
S07049,2023-10-16,ST06,C0210,P001,1,474.05,0.05,450.35,252.9,197.45,Online
S07050,2023-05-18,ST02,C0436,P042,1,552.37,0.05,524.75,408.54,116.21,Mobile App
S07051,2024-02-22,ST05,C0471,P044,3,670.76,0.05,1911.67,1344.15,567.52,Online
S07052,2023-05-15,ST12,C0354,P099,1,381.31,0.0,381.31,214.51,166.8,Retail Store
S07053,2025-02-26,ST03,C0449,P004,1,700.29,0.15,595.25,393.26,201.99,Retail Store
S07054,2023-04-14,ST15,C0025,P039,3,839.98,0.0,2519.94,1189.98,1329.96,Online
S07055,2025-06-02,ST04,C0126,P070,1,819.07,0.0,819.07,399.6,419.47,Mobile App
S07056,2024-01-06,ST11,C0263,P048,1,113.1,0.1,101.79,59.05,42.74,Marketplace
S07057,2024-04-19,ST01,C0297,P073,1,238.26,0.0,238.26,173.6,64.66,Mobile App
S07058,2023-01-04,ST10,C0442,P098,1,610.44,0.05,579.92,285.38,294.54,Retail Store
S07059,2024-02-15,ST08,C0476,P064,1,189.25,0.0,189.25,93.67,95.58,Marketplace
S07060,2025-01-28,ST04,C0014,P090,3,573.25,0.0,1719.75,864.57,855.18,Mobile App
S07061,2023-04-25,ST08,C0257,P053,1,512.39,0.0,512.39,310.47,201.92,Mobile App
S07062,2024-02-14,ST05,C0067,P010,1,177.97,0.15,151.27,114.67,36.6,Marketplace
S07063,2025-06-02,ST02,C0169,P001,1,474.05,0.05,450.35,252.9,197.45,Mobile App
S07064,2023-03-30,ST04,C0415,P070,3,819.07,0.15,2088.63,1198.8,889.83,Mobile App
S07065,2023-07-19,ST08,C0123,P027,1,598.23,0.05,568.32,345.99,222.33,Mobile App
S07066,2025-06-10,ST09,C0388,P015,3,411.34,0.05,1172.32,874.98,297.34,Marketplace
S07067,2024-01-18,ST14,C0238,P059,2,618.97,0.15,1052.25,848.1,204.15,Marketplace
S07068,2024-05-12,ST07,C0005,P008,2,682.79,0.0,1365.58,634.94,730.64,Online
S07069,2023-06-01,ST11,C0167,P040,1,151.24,0.15,128.55,66.61,61.94,Marketplace
S07070,2023-12-10,ST11,C0326,P087,1,643.14,0.0,643.14,358.95,284.19,Retail Store
S07071,2023-11-14,ST08,C0391,P082,1,824.42,0.0,824.42,416.33,408.09,Retail Store
S07072,2025-05-17,ST03,C0116,P030,1,556.36,0.0,556.36,275.09,281.27,Marketplace
S07073,2025-06-04,ST12,C0425,P096,5,612.7,0.15,2603.97,2074.6,529.37,Marketplace
S07074,2024-06-09,ST13,C0468,P043,1,241.25,0.05,229.19,137.71,91.48,Mobile App
S07075,2023-01-14,ST13,C0060,P044,5,670.76,0.0,3353.8,2240.25,1113.55,Mobile App
S07076,2025-01-11,ST15,C0144,P070,1,819.07,0.1,737.16,399.6,337.56,Retail Store
S07077,2023-01-15,ST12,C0156,P076,1,361.84,0.05,343.75,165.74,178.01,Online
S07078,2025-03-27,ST02,C0278,P015,1,411.34,0.0,411.34,291.66,119.68,Marketplace
S07079,2024-04-02,ST06,C0439,P003,1,101.68,0.0,101.68,44.48,57.2,Online
S07080,2025-03-01,ST08,C0027,P062,1,800.1,0.1,720.09,409.77,310.32,Mobile App
S07081,2024-09-29,ST15,C0368,P075,2,347.7,0.0,695.4,348.48,346.92,Marketplace
S07082,2024-08-14,ST02,C0426,P053,1,512.39,0.0,512.39,310.47,201.92,Retail Store
S07083,2024-02-20,ST10,C0248,P007,1,572.81,0.05,544.17,334.88,209.29,Marketplace
S07084,2024-01-09,ST08,C0452,P040,3,151.24,0.0,453.72,199.83,253.89,Mobile App
S07085,2023-11-17,ST06,C0381,P087,3,643.14,0.05,1832.95,1076.85,756.1,Mobile App
S07086,2024-05-09,ST09,C0077,P060,3,550.86,0.1,1487.32,1021.59,465.73,Marketplace
S07087,2024-04-21,ST07,C0086,P020,1,796.23,0.15,676.8,412.87,263.93,Online
S07088,2024-11-27,ST06,C0260,P038,1,348.21,0.0,348.21,215.66,132.55,Retail Store
S07089,2023-04-14,ST10,C0105,P098,1,610.44,0.0,610.44,285.38,325.06,Mobile App
S07090,2023-06-10,ST09,C0195,P088,1,656.76,0.0,656.76,312.14,344.62,Marketplace
S07091,2024-01-26,ST07,C0432,P002,2,441.21,0.05,838.3,575.74,262.56,Online
S07092,2023-06-11,ST14,C0368,P084,2,240.69,0.05,457.31,327.26,130.05,Retail Store
S07093,2024-06-25,ST03,C0266,P028,1,535.81,0.05,509.02,301.2,207.82,Marketplace
S07094,2024-05-09,ST13,C0320,P005,1,187.0,0.05,177.65,94.13,83.52,Marketplace
S07095,2023-12-14,ST10,C0225,P059,3,618.97,0.0,1856.91,1272.15,584.76,Marketplace
S07096,2025-02-08,ST11,C0388,P006,2,826.37,0.0,1652.74,846.16,806.58,Marketplace
S07097,2024-09-19,ST04,C0193,P019,1,451.75,0.05,429.16,217.83,211.33,Marketplace
S07098,2024-02-03,ST15,C0095,P076,1,361.84,0.15,307.56,165.74,141.82,Marketplace
S07099,2023-09-16,ST13,C0344,P009,2,211.8,0.0,423.6,244.7,178.9,Retail Store
S07100,2024-07-19,ST04,C0389,P057,1,866.66,0.0,866.66,379.34,487.32,Retail Store
S07101,2025-04-22,ST10,C0284,P017,3,780.73,0.05,2225.08,1172.49,1052.59,Online
S07102,2025-02-19,ST13,C0339,P024,3,908.43,0.0,2725.29,1282.35,1442.94,Marketplace
S07103,2025-06-25,ST15,C0496,P070,1,819.07,0.15,696.21,399.6,296.61,Online
S07104,2025-01-04,ST03,C0104,P037,2,559.57,0.0,1119.14,730.5,388.64,Online
S07105,2023-04-05,ST13,C0483,P088,1,656.76,0.0,656.76,312.14,344.62,Retail Store
S07106,2024-08-14,ST10,C0111,P019,1,451.75,0.1,406.57,217.83,188.74,Online
S07107,2024-07-15,ST07,C0144,P033,6,760.26,0.0,4561.56,2535.54,2026.02,Marketplace
S07108,2024-01-10,ST01,C0456,P091,1,512.66,0.05,487.03,367.79,119.24,Mobile App
S07109,2024-03-28,ST11,C0117,P091,1,512.66,0.0,512.66,367.79,144.87,Marketplace
S07110,2024-11-15,ST11,C0177,P079,3,118.05,0.0,354.15,222.45,131.7,Online
S07111,2025-04-24,ST09,C0225,P044,2,670.76,0.05,1274.44,896.1,378.34,Mobile App
S07112,2023-04-01,ST10,C0072,P100,1,691.45,0.0,691.45,381.94,309.51,Retail Store
S07113,2024-02-09,ST06,C0259,P018,1,560.51,0.0,560.51,344.12,216.39,Marketplace
S07114,2024-06-13,ST01,C0428,P092,1,496.59,0.0,496.59,284.79,211.8,Marketplace
S07115,2023-01-30,ST09,C0130,P034,2,530.96,0.1,955.73,736.38,219.35,Mobile App
S07116,2023-09-22,ST08,C0273,P037,2,559.57,0.0,1119.14,730.5,388.64,Online
S07117,2024-01-19,ST10,C0060,P014,1,523.69,0.15,445.14,241.55,203.59,Retail Store
S07118,2023-07-23,ST06,C0086,P033,3,760.26,0.0,2280.78,1267.77,1013.01,Mobile App
S07119,2024-02-19,ST13,C0272,P019,1,451.75,0.0,451.75,217.83,233.92,Mobile App
S07120,2023-12-14,ST08,C0499,P032,2,266.96,0.05,507.22,286.7,220.52,Mobile App
S07121,2023-06-28,ST06,C0187,P017,3,780.73,0.0,2342.19,1172.49,1169.7,Marketplace
S07122,2024-03-03,ST07,C0441,P072,6,110.76,0.1,598.1,425.64,172.46,Marketplace
S07123,2023-04-24,ST01,C0204,P070,4,819.07,0.15,2784.84,1598.4,1186.44,Online
S07124,2025-05-31,ST12,C0118,P006,2,826.37,0.1,1487.47,846.16,641.31,Online
S07125,2025-04-12,ST04,C0063,P022,1,753.54,0.0,753.54,415.36,338.18,Marketplace
S07126,2024-01-12,ST15,C0462,P005,1,187.0,0.0,187.0,94.13,92.87,Mobile App
S07127,2025-01-17,ST07,C0206,P072,1,110.76,0.0,110.76,70.94,39.82,Online
S07128,2024-10-03,ST08,C0416,P070,2,819.07,0.1,1474.33,799.2,675.13,Marketplace
S07129,2024-11-06,ST15,C0471,P021,4,414.87,0.1,1493.53,735.64,757.89,Marketplace
S07130,2023-01-07,ST13,C0424,P026,1,311.93,0.15,265.14,137.65,127.49,Retail Store
S07131,2023-12-08,ST03,C0411,P033,2,760.26,0.0,1520.52,845.18,675.34,Mobile App
S07132,2023-07-24,ST10,C0089,P053,1,512.39,0.0,512.39,310.47,201.92,Marketplace
S07133,2023-09-16,ST07,C0296,P086,3,320.59,0.0,961.77,592.74,369.03,Mobile App
S07134,2025-03-12,ST01,C0219,P015,2,411.34,0.0,822.68,583.32,239.36,Online
S07135,2023-08-29,ST09,C0094,P098,2,610.44,0.1,1098.79,570.76,528.03,Retail Store
S07136,2025-02-02,ST01,C0003,P061,2,603.93,0.0,1207.86,659.98,547.88,Retail Store
S07137,2024-12-25,ST03,C0022,P090,2,573.25,0.1,1031.85,576.38,455.47,Marketplace
S07138,2024-01-13,ST11,C0174,P040,2,151.24,0.0,302.48,133.22,169.26,Online
S07139,2023-08-09,ST11,C0076,P003,2,101.68,0.0,203.36,88.96,114.4,Retail Store
S07140,2025-03-31,ST15,C0371,P011,3,309.34,0.05,881.62,579.42,302.2,Mobile App
S07141,2024-01-13,ST05,C0188,P039,5,839.98,0.0,4199.9,1983.3,2216.6,Marketplace
S07142,2023-01-15,ST08,C0272,P036,4,539.12,0.1,1940.83,1244.72,696.11,Online
S07143,2023-05-20,ST12,C0443,P085,1,595.13,0.0,595.13,307.6,287.53,Retail Store
S07144,2023-12-08,ST07,C0208,P035,2,381.12,0.0,762.24,351.16,411.08,Marketplace
S07145,2025-01-14,ST12,C0333,P041,1,148.6,0.0,148.6,95.68,52.92,Retail Store
S07146,2025-01-17,ST07,C0088,P046,1,653.19,0.15,555.21,342.89,212.32,Marketplace
S07147,2024-06-30,ST03,C0142,P033,2,760.26,0.0,1520.52,845.18,675.34,Online
S07148,2023-11-02,ST01,C0204,P093,1,466.42,0.05,443.1,269.66,173.44,Mobile App
S07149,2025-05-23,ST09,C0377,P038,2,348.21,0.0,696.42,431.32,265.1,Online
S07150,2025-06-23,ST06,C0294,P002,5,441.21,0.1,1985.44,1439.35,546.09,Marketplace
S07151,2023-08-09,ST04,C0462,P019,1,451.75,0.15,383.99,217.83,166.16,Online
S07152,2025-06-05,ST12,C0274,P051,3,502.39,0.15,1281.09,913.14,367.95,Retail Store
S07153,2023-06-25,ST13,C0026,P055,1,374.11,0.0,374.11,253.49,120.62,Mobile App
S07154,2024-08-10,ST10,C0229,P043,5,241.25,0.0,1206.25,688.55,517.7,Online
S07155,2025-01-24,ST08,C0206,P018,2,560.51,0.0,1121.02,688.24,432.78,Mobile App
S07156,2024-12-31,ST09,C0340,P095,5,139.42,0.0,697.1,498.75,198.35,Retail Store
S07157,2024-06-10,ST08,C0325,P080,2,421.17,0.0,842.34,420.64,421.7,Retail Store
S07158,2023-04-28,ST12,C0023,P047,4,583.71,0.0,2334.84,1662.96,671.88,Marketplace
S07159,2024-08-02,ST14,C0312,P064,2,189.25,0.05,359.57,187.34,172.23,Online
S07160,2025-06-09,ST03,C0317,P004,1,700.29,0.0,700.29,393.26,307.03,Retail Store
S07161,2023-06-08,ST01,C0067,P074,4,440.89,0.0,1763.56,777.4,986.16,Online
S07162,2025-04-03,ST12,C0371,P071,1,573.25,0.0,573.25,357.51,215.74,Online
S07163,2024-04-16,ST12,C0117,P031,1,173.34,0.0,173.34,122.3,51.04,Marketplace
S07164,2024-02-03,ST05,C0426,P001,5,474.05,0.1,2133.22,1264.5,868.72,Online
S07165,2023-04-01,ST10,C0245,P097,1,509.83,0.0,509.83,308.72,201.11,Online
S07166,2024-12-30,ST02,C0466,P076,2,361.84,0.0,723.68,331.48,392.2,Mobile App
S07167,2024-04-04,ST02,C0416,P042,1,552.37,0.0,552.37,408.54,143.83,Marketplace
S07168,2024-07-29,ST10,C0411,P028,1,535.81,0.15,455.44,301.2,154.24,Marketplace
S07169,2024-12-15,ST10,C0145,P011,5,309.34,0.0,1546.7,965.7,581.0,Retail Store
S07170,2025-02-07,ST14,C0172,P060,2,550.86,0.05,1046.63,681.06,365.57,Mobile App
S07171,2024-07-25,ST02,C0440,P090,4,573.25,0.0,2293.0,1152.76,1140.24,Online
S07172,2023-08-26,ST13,C0288,P039,1,839.98,0.05,797.98,396.66,401.32,Online
S07173,2024-05-18,ST03,C0211,P075,3,347.7,0.05,990.94,522.72,468.22,Online
S07174,2025-05-14,ST02,C0308,P045,1,240.79,0.1,216.71,117.52,99.19,Online
S07175,2023-07-05,ST03,C0036,P089,1,178.67,0.0,178.67,97.12,81.55,Marketplace
S07176,2023-03-26,ST04,C0231,P094,4,634.83,0.15,2158.42,1215.28,943.14,Marketplace
S07177,2024-02-03,ST08,C0405,P091,1,512.66,0.05,487.03,367.79,119.24,Online
S07178,2024-07-26,ST05,C0133,P097,1,509.83,0.0,509.83,308.72,201.11,Mobile App
S07179,2024-06-24,ST15,C0323,P026,3,311.93,0.0,935.79,412.95,522.84,Mobile App
S07180,2023-01-26,ST08,C0460,P080,2,421.17,0.1,758.11,420.64,337.47,Marketplace
S07181,2024-10-06,ST14,C0310,P022,2,753.54,0.05,1431.73,830.72,601.01,Mobile App
S07182,2025-04-18,ST06,C0057,P061,2,603.93,0.05,1147.47,659.98,487.49,Mobile App
S07183,2023-03-13,ST09,C0458,P029,3,230.02,0.15,586.55,361.5,225.05,Retail Store
S07184,2023-12-15,ST15,C0315,P021,2,414.87,0.1,746.77,367.82,378.95,Retail Store
S07185,2024-11-07,ST04,C0413,P098,1,610.44,0.0,610.44,285.38,325.06,Retail Store
S07186,2023-04-29,ST03,C0152,P083,4,543.94,0.0,2175.76,1323.6,852.16,Marketplace
S07187,2024-02-18,ST07,C0443,P075,2,347.7,0.0,695.4,348.48,346.92,Retail Store
S07188,2024-07-29,ST10,C0026,P093,2,466.42,0.0,932.84,539.32,393.52,Retail Store
S07189,2023-11-23,ST07,C0034,P077,5,146.59,0.15,623.01,504.45,118.56,Mobile App
S07190,2023-08-07,ST08,C0117,P062,2,800.1,0.05,1520.19,819.54,700.65,Online
S07191,2025-03-28,ST03,C0451,P037,3,559.57,0.05,1594.77,1095.75,499.02,Marketplace
S07192,2023-09-28,ST12,C0399,P089,1,178.67,0.0,178.67,97.12,81.55,Online
S07193,2024-05-02,ST10,C0134,P047,1,583.71,0.0,583.71,415.74,167.97,Retail Store
S07194,2023-08-12,ST13,C0212,P029,2,230.02,0.1,414.04,241.0,173.04,Online
S07195,2024-12-11,ST13,C0305,P007,2,572.81,0.0,1145.62,669.76,475.86,Mobile App
S07196,2024-12-17,ST01,C0499,P081,1,595.21,0.0,595.21,338.24,256.97,Mobile App
S07197,2024-12-02,ST04,C0239,P019,1,451.75,0.0,451.75,217.83,233.92,Retail Store
S07198,2024-08-23,ST03,C0236,P097,4,509.83,0.0,2039.32,1234.88,804.44,Marketplace
S07199,2023-09-08,ST02,C0467,P040,2,151.24,0.0,302.48,133.22,169.26,Marketplace
S07200,2025-05-01,ST10,C0216,P043,1,241.25,0.0,241.25,137.71,103.54,Retail Store
S07201,2024-07-25,ST09,C0034,P082,2,824.42,0.0,1648.84,832.66,816.18,Online
S07202,2024-08-04,ST04,C0409,P079,1,118.05,0.0,118.05,74.15,43.9,Mobile App
S07203,2024-06-11,ST12,C0271,P079,2,118.05,0.0,236.1,148.3,87.8,Marketplace
S07204,2023-04-05,ST03,C0084,P040,1,151.24,0.1,136.12,66.61,69.51,Online
S07205,2024-02-23,ST13,C0332,P098,4,610.44,0.0,2441.76,1141.52,1300.24,Marketplace
S07206,2024-06-26,ST15,C0213,P088,1,656.76,0.15,558.25,312.14,246.11,Marketplace
S07207,2023-04-08,ST15,C0409,P062,3,800.1,0.0,2400.3,1229.31,1170.99,Mobile App
S07208,2023-09-15,ST10,C0442,P032,1,266.96,0.0,266.96,143.35,123.61,Online
S07209,2025-03-25,ST13,C0221,P022,2,753.54,0.0,1507.08,830.72,676.36,Mobile App
S07210,2023-03-26,ST13,C0374,P060,1,550.86,0.0,550.86,340.53,210.33,Marketplace
S07211,2024-03-26,ST01,C0006,P042,1,552.37,0.15,469.51,408.54,60.97,Online
S07212,2023-11-26,ST10,C0310,P019,1,451.75,0.0,451.75,217.83,233.92,Retail Store
S07213,2025-02-02,ST11,C0498,P091,1,512.66,0.0,512.66,367.79,144.87,Marketplace
S07214,2023-12-23,ST08,C0432,P039,3,839.98,0.05,2393.94,1189.98,1203.96,Retail Store
S07215,2024-03-23,ST05,C0160,P083,3,543.94,0.0,1631.82,992.7,639.12,Marketplace
S07216,2023-01-21,ST04,C0251,P065,1,54.39,0.15,46.23,29.11,17.12,Mobile App
S07217,2023-03-09,ST11,C0134,P041,1,148.6,0.0,148.6,95.68,52.92,Mobile App
S07218,2025-05-23,ST04,C0329,P023,1,589.93,0.0,589.93,419.87,170.06,Marketplace
S07219,2023-03-11,ST10,C0253,P080,1,421.17,0.0,421.17,210.32,210.85,Retail Store
S07220,2024-09-18,ST08,C0222,P095,1,139.42,0.0,139.42,99.75,39.67,Mobile App
S07221,2023-12-08,ST10,C0116,P074,1,440.89,0.0,440.89,194.35,246.54,Mobile App
S07222,2023-10-13,ST10,C0351,P030,1,556.36,0.05,528.54,275.09,253.45,Retail Store
S07223,2025-04-07,ST14,C0164,P036,2,539.12,0.0,1078.24,622.36,455.88,Online
S07224,2025-01-06,ST03,C0178,P089,1,178.67,0.1,160.8,97.12,63.68,Marketplace
S07225,2023-06-13,ST04,C0356,P072,2,110.76,0.0,221.52,141.88,79.64,Marketplace
S07226,2023-01-10,ST14,C0128,P026,2,311.93,0.1,561.47,275.3,286.17,Retail Store
S07227,2023-06-12,ST01,C0127,P029,1,230.02,0.05,218.52,120.5,98.02,Online
S07228,2024-05-31,ST04,C0175,P036,4,539.12,0.15,1833.01,1244.72,588.29,Online
S07229,2024-07-06,ST04,C0093,P007,3,572.81,0.05,1632.51,1004.64,627.87,Mobile App
S07230,2023-01-29,ST03,C0433,P013,1,633.58,0.0,633.58,406.57,227.01,Mobile App
S07231,2025-06-08,ST15,C0244,P098,2,610.44,0.0,1220.88,570.76,650.12,Retail Store
S07232,2025-06-24,ST09,C0292,P082,1,824.42,0.0,824.42,416.33,408.09,Online
S07233,2024-03-16,ST08,C0420,P092,5,496.59,0.0,2482.95,1423.95,1059.0,Retail Store
S07234,2024-07-13,ST06,C0118,P031,5,173.34,0.0,866.7,611.5,255.2,Mobile App
S07235,2024-05-12,ST01,C0205,P010,1,177.97,0.0,177.97,114.67,63.3,Online
S07236,2023-05-25,ST02,C0168,P017,3,780.73,0.0,2342.19,1172.49,1169.7,Marketplace
S07237,2024-11-06,ST06,C0046,P091,3,512.66,0.0,1537.98,1103.37,434.61,Mobile App
S07238,2025-04-24,ST08,C0440,P069,3,952.97,0.0,2858.91,1316.64,1542.27,Mobile App
S07239,2023-06-25,ST01,C0358,P082,2,824.42,0.0,1648.84,832.66,816.18,Online
S07240,2023-01-27,ST11,C0459,P020,3,796.23,0.15,2030.39,1238.61,791.78,Mobile App
S07241,2023-01-21,ST05,C0202,P044,2,670.76,0.0,1341.52,896.1,445.42,Retail Store
S07242,2024-04-11,ST03,C0318,P076,1,361.84,0.0,361.84,165.74,196.1,Mobile App
S07243,2023-05-19,ST06,C0068,P012,2,703.62,0.0,1407.24,683.24,724.0,Retail Store
S07244,2025-02-28,ST09,C0395,P063,3,85.52,0.0,256.56,131.22,125.34,Retail Store
S07245,2023-04-15,ST12,C0422,P032,1,266.96,0.0,266.96,143.35,123.61,Retail Store
S07246,2023-07-17,ST12,C0367,P045,3,240.79,0.0,722.37,352.56,369.81,Mobile App
S07247,2023-10-26,ST05,C0493,P079,1,118.05,0.0,118.05,74.15,43.9,Marketplace
S07248,2023-07-20,ST12,C0171,P015,2,411.34,0.05,781.55,583.32,198.23,Mobile App
S07249,2024-10-24,ST02,C0255,P046,1,653.19,0.05,620.53,342.89,277.64,Marketplace
S07250,2025-05-06,ST09,C0089,P030,1,556.36,0.15,472.91,275.09,197.82,Online
S07251,2023-09-01,ST04,C0210,P036,1,539.12,0.0,539.12,311.18,227.94,Marketplace
S07252,2024-03-14,ST07,C0382,P016,3,442.1,0.0,1326.3,834.75,491.55,Retail Store
S07253,2025-05-18,ST14,C0343,P086,4,320.59,0.1,1154.12,790.32,363.8,Mobile App
S07254,2023-11-14,ST04,C0222,P092,1,496.59,0.0,496.59,284.79,211.8,Online
S07255,2024-05-17,ST13,C0448,P002,1,441.21,0.0,441.21,287.87,153.34,Marketplace
S07256,2023-09-26,ST02,C0482,P056,1,647.27,0.0,647.27,399.37,247.9,Retail Store
S07257,2024-11-09,ST01,C0079,P038,3,348.21,0.0,1044.63,646.98,397.65,Marketplace
S07258,2024-03-27,ST06,C0415,P065,1,54.39,0.15,46.23,29.11,17.12,Marketplace
S07259,2024-04-12,ST08,C0229,P077,5,146.59,0.0,732.95,504.45,228.5,Mobile App
S07260,2023-12-31,ST04,C0352,P025,1,788.41,0.15,670.15,350.48,319.67,Marketplace
S07261,2023-06-25,ST15,C0468,P004,1,700.29,0.1,630.26,393.26,237.0,Retail Store
S07262,2023-06-07,ST10,C0392,P096,1,612.7,0.0,612.7,414.92,197.78,Retail Store
S07263,2024-09-17,ST15,C0041,P006,1,826.37,0.0,826.37,423.08,403.29,Marketplace
S07264,2025-03-19,ST14,C0050,P094,4,634.83,0.0,2539.32,1215.28,1324.04,Online
S07265,2023-09-14,ST08,C0077,P077,1,146.59,0.1,131.93,100.89,31.04,Retail Store
S07266,2023-12-24,ST04,C0305,P069,3,952.97,0.0,2858.91,1316.64,1542.27,Mobile App
S07267,2024-06-15,ST02,C0337,P051,3,502.39,0.05,1431.81,913.14,518.67,Online
S07268,2024-11-29,ST02,C0268,P072,1,110.76,0.05,105.22,70.94,34.28,Marketplace
S07269,2023-10-11,ST12,C0275,P091,1,512.66,0.0,512.66,367.79,144.87,Retail Store
S07270,2024-12-24,ST11,C0419,P068,1,675.48,0.0,675.48,308.45,367.03,Marketplace
S07271,2025-05-18,ST06,C0024,P077,2,146.59,0.15,249.2,201.78,47.42,Retail Store
S07272,2024-03-20,ST07,C0303,P085,1,595.13,0.0,595.13,307.6,287.53,Marketplace
S07273,2025-03-15,ST09,C0286,P098,4,610.44,0.0,2441.76,1141.52,1300.24,Marketplace
S07274,2024-01-22,ST09,C0091,P062,1,800.1,0.0,800.1,409.77,390.33,Retail Store
S07275,2024-11-11,ST03,C0487,P062,1,800.1,0.15,680.09,409.77,270.32,Marketplace
S07276,2025-01-13,ST01,C0422,P021,3,414.87,0.15,1057.92,551.73,506.19,Retail Store
S07277,2024-07-21,ST14,C0343,P087,1,643.14,0.0,643.14,358.95,284.19,Marketplace
S07278,2024-07-07,ST04,C0324,P020,3,796.23,0.05,2269.26,1238.61,1030.65,Online
S07279,2024-01-27,ST05,C0216,P046,1,653.19,0.0,653.19,342.89,310.3,Marketplace
S07280,2024-05-31,ST12,C0115,P067,1,278.89,0.15,237.06,179.98,57.08,Retail Store
S07281,2023-12-07,ST01,C0114,P069,2,952.97,0.05,1810.64,877.76,932.88,Marketplace
S07282,2024-07-30,ST10,C0390,P067,3,278.89,0.1,753.0,539.94,213.06,Mobile App
S07283,2023-02-28,ST05,C0329,P014,2,523.69,0.0,1047.38,483.1,564.28,Mobile App
S07284,2023-06-02,ST04,C0281,P078,1,331.1,0.05,314.55,171.92,142.63,Marketplace
S07285,2023-01-31,ST07,C0134,P011,1,309.34,0.05,293.87,193.14,100.73,Mobile App
S07286,2024-04-10,ST07,C0019,P073,2,238.26,0.05,452.69,347.2,105.49,Marketplace
S07287,2024-06-18,ST02,C0191,P058,4,558.35,0.1,2010.06,999.2,1010.86,Mobile App
S07288,2023-09-25,ST15,C0252,P098,1,610.44,0.0,610.44,285.38,325.06,Retail Store
S07289,2025-01-23,ST06,C0156,P055,2,374.11,0.05,710.81,506.98,203.83,Retail Store
S07290,2024-08-10,ST10,C0343,P045,1,240.79,0.0,240.79,117.52,123.27,Marketplace
S07291,2025-05-29,ST04,C0156,P027,1,598.23,0.0,598.23,345.99,252.24,Retail Store
S07292,2023-11-17,ST08,C0336,P081,5,595.21,0.0,2976.05,1691.2,1284.85,Online
S07293,2023-01-28,ST01,C0369,P003,2,101.68,0.0,203.36,88.96,114.4,Mobile App
S07294,2023-06-13,ST06,C0428,P068,1,675.48,0.05,641.71,308.45,333.26,Mobile App
S07295,2023-10-21,ST04,C0405,P098,3,610.44,0.0,1831.32,856.14,975.18,Marketplace
S07296,2024-12-21,ST08,C0245,P091,1,512.66,0.0,512.66,367.79,144.87,Retail Store
S07297,2023-11-22,ST02,C0103,P087,2,643.14,0.05,1221.97,717.9,504.07,Marketplace
S07298,2023-03-08,ST08,C0286,P089,2,178.67,0.0,357.34,194.24,163.1,Online
S07299,2024-08-21,ST06,C0056,P054,1,66.5,0.0,66.5,28.96,37.54,Marketplace
S07300,2023-12-05,ST01,C0079,P087,1,643.14,0.0,643.14,358.95,284.19,Online
S07301,2024-12-11,ST01,C0341,P034,2,530.96,0.0,1061.92,736.38,325.54,Mobile App
S07302,2023-04-22,ST06,C0173,P038,2,348.21,0.0,696.42,431.32,265.1,Retail Store
S07303,2023-10-18,ST10,C0152,P044,3,670.76,0.0,2012.28,1344.15,668.13,Retail Store
S07304,2023-01-10,ST10,C0289,P086,3,320.59,0.1,865.59,592.74,272.85,Online
S07305,2023-10-27,ST08,C0434,P073,1,238.26,0.05,226.35,173.6,52.75,Marketplace
S07306,2024-02-28,ST09,C0267,P031,1,173.34,0.05,164.67,122.3,42.37,Online
S07307,2024-12-25,ST02,C0194,P040,1,151.24,0.05,143.68,66.61,77.07,Online
S07308,2025-03-29,ST13,C0104,P002,1,441.21,0.0,441.21,287.87,153.34,Online
S07309,2024-05-26,ST13,C0113,P068,1,675.48,0.15,574.16,308.45,265.71,Retail Store
S07310,2023-12-18,ST10,C0016,P004,1,700.29,0.0,700.29,393.26,307.03,Mobile App
S07311,2024-07-02,ST03,C0161,P029,2,230.02,0.1,414.04,241.0,173.04,Mobile App
S07312,2024-04-25,ST04,C0480,P080,1,421.17,0.0,421.17,210.32,210.85,Marketplace
S07313,2023-04-04,ST12,C0499,P089,2,178.67,0.0,357.34,194.24,163.1,Retail Store
S07314,2023-09-11,ST10,C0291,P057,1,866.66,0.15,736.66,379.34,357.32,Marketplace
S07315,2024-07-07,ST07,C0139,P041,1,148.6,0.05,141.17,95.68,45.49,Online
S07316,2025-03-15,ST08,C0318,P066,3,400.97,0.15,1022.47,817.71,204.76,Online
S07317,2025-02-22,ST09,C0052,P046,2,653.19,0.1,1175.74,685.78,489.96,Marketplace
S07318,2023-03-10,ST06,C0075,P021,3,414.87,0.0,1244.61,551.73,692.88,Marketplace
S07319,2025-03-24,ST11,C0168,P100,1,691.45,0.05,656.88,381.94,274.94,Retail Store
S07320,2024-01-20,ST03,C0085,P001,2,474.05,0.0,948.1,505.8,442.3,Retail Store
S07321,2024-11-19,ST15,C0115,P017,7,780.73,0.0,5465.11,2735.81,2729.3,Retail Store
S07322,2023-10-17,ST12,C0196,P048,1,113.1,0.05,107.44,59.05,48.39,Marketplace
S07323,2023-10-19,ST06,C0095,P014,3,523.69,0.0,1571.07,724.65,846.42,Mobile App
S07324,2023-06-29,ST12,C0289,P067,2,278.89,0.0,557.78,359.96,197.82,Mobile App
S07325,2025-01-01,ST09,C0473,P014,3,523.69,0.15,1335.41,724.65,610.76,Online
S07326,2024-03-30,ST09,C0442,P099,1,381.31,0.0,381.31,214.51,166.8,Mobile App
S07327,2025-06-21,ST07,C0212,P009,1,211.8,0.05,201.21,122.35,78.86,Retail Store
S07328,2024-01-19,ST13,C0278,P091,4,512.66,0.0,2050.64,1471.16,579.48,Online
S07329,2023-04-24,ST03,C0297,P028,3,535.81,0.05,1527.06,903.6,623.46,Mobile App
S07330,2023-06-05,ST08,C0142,P099,1,381.31,0.15,324.11,214.51,109.6,Retail Store
S07331,2023-10-25,ST07,C0286,P075,1,347.7,0.0,347.7,174.24,173.46,Marketplace
S07332,2023-12-15,ST03,C0168,P011,1,309.34,0.05,293.87,193.14,100.73,Marketplace
S07333,2024-06-09,ST14,C0166,P079,1,118.05,0.1,106.25,74.15,32.1,Mobile App
S07334,2023-09-17,ST03,C0156,P039,2,839.98,0.0,1679.96,793.32,886.64,Online
S07335,2024-08-09,ST05,C0410,P021,1,414.87,0.15,352.64,183.91,168.73,Online
S07336,2025-02-18,ST09,C0275,P033,2,760.26,0.05,1444.49,845.18,599.31,Online
S07337,2025-06-19,ST04,C0037,P093,2,466.42,0.05,886.2,539.32,346.88,Online
S07338,2025-04-10,ST05,C0040,P060,3,550.86,0.0,1652.58,1021.59,630.99,Retail Store
S07339,2023-09-17,ST02,C0483,P029,3,230.02,0.0,690.06,361.5,328.56,Retail Store
S07340,2025-02-05,ST07,C0079,P090,2,573.25,0.15,974.52,576.38,398.14,Marketplace
S07341,2024-01-02,ST13,C0301,P081,2,595.21,0.0,1190.42,676.48,513.94,Mobile App
S07342,2025-03-27,ST13,C0310,P016,2,442.1,0.0,884.2,556.5,327.7,Marketplace
S07343,2025-04-16,ST02,C0197,P001,3,474.05,0.0,1422.15,758.7,663.45,Mobile App
S07344,2023-02-05,ST13,C0477,P059,3,618.97,0.0,1856.91,1272.15,584.76,Retail Store
S07345,2024-08-10,ST10,C0418,P014,2,523.69,0.1,942.64,483.1,459.54,Online
S07346,2023-03-05,ST14,C0162,P094,3,634.83,0.05,1809.27,911.46,897.81,Online
S07347,2023-03-28,ST08,C0372,P039,1,839.98,0.05,797.98,396.66,401.32,Online
S07348,2025-01-01,ST01,C0033,P038,3,348.21,0.0,1044.63,646.98,397.65,Mobile App
S07349,2024-10-20,ST02,C0144,P011,2,309.34,0.0,618.68,386.28,232.4,Retail Store
S07350,2023-09-08,ST02,C0054,P067,1,278.89,0.1,251.0,179.98,71.02,Retail Store
S07351,2024-11-17,ST06,C0005,P040,2,151.24,0.0,302.48,133.22,169.26,Online
S07352,2023-12-31,ST11,C0162,P021,6,414.87,0.0,2489.22,1103.46,1385.76,Marketplace
S07353,2024-05-21,ST01,C0343,P076,1,361.84,0.0,361.84,165.74,196.1,Mobile App
S07354,2023-10-13,ST09,C0020,P058,1,558.35,0.0,558.35,249.8,308.55,Marketplace
S07355,2024-07-11,ST12,C0294,P001,1,474.05,0.0,474.05,252.9,221.15,Retail Store
S07356,2023-12-25,ST02,C0233,P050,1,251.3,0.0,251.3,129.64,121.66,Marketplace
S07357,2024-09-26,ST02,C0109,P068,1,675.48,0.0,675.48,308.45,367.03,Online
S07358,2024-02-19,ST13,C0135,P014,1,523.69,0.0,523.69,241.55,282.14,Marketplace
S07359,2025-02-12,ST08,C0162,P035,1,381.12,0.0,381.12,175.58,205.54,Online
S07360,2025-05-31,ST11,C0168,P059,5,618.97,0.05,2940.11,2120.25,819.86,Mobile App
S07361,2023-04-21,ST12,C0233,P007,4,572.81,0.0,2291.24,1339.52,951.72,Retail Store
S07362,2023-12-07,ST14,C0110,P029,3,230.02,0.05,655.56,361.5,294.06,Mobile App
S07363,2024-07-16,ST11,C0317,P034,1,530.96,0.1,477.86,368.19,109.67,Marketplace
S07364,2023-01-27,ST04,C0310,P001,1,474.05,0.0,474.05,252.9,221.15,Retail Store
S07365,2023-02-13,ST07,C0118,P091,1,512.66,0.15,435.76,367.79,67.97,Mobile App
S07366,2023-01-10,ST14,C0096,P012,1,703.62,0.15,598.08,341.62,256.46,Marketplace
S07367,2023-04-06,ST01,C0037,P039,1,839.98,0.05,797.98,396.66,401.32,Retail Store
S07368,2023-10-22,ST07,C0086,P029,3,230.02,0.05,655.56,361.5,294.06,Mobile App
S07369,2024-09-18,ST02,C0482,P030,4,556.36,0.15,1891.62,1100.36,791.26,Retail Store
S07370,2024-02-01,ST15,C0251,P045,1,240.79,0.05,228.75,117.52,111.23,Online
S07371,2023-06-05,ST14,C0351,P012,1,703.62,0.0,703.62,341.62,362.0,Retail Store
S07372,2023-06-24,ST10,C0274,P004,1,700.29,0.05,665.28,393.26,272.02,Mobile App
S07373,2025-04-01,ST13,C0209,P038,1,348.21,0.0,348.21,215.66,132.55,Online
S07374,2023-12-03,ST07,C0116,P042,2,552.37,0.0,1104.74,817.08,287.66,Marketplace
S07375,2025-04-02,ST01,C0011,P037,2,559.57,0.0,1119.14,730.5,388.64,Marketplace
S07376,2025-06-20,ST09,C0487,P038,1,348.21,0.05,330.8,215.66,115.14,Marketplace
S07377,2025-04-30,ST15,C0154,P077,1,146.59,0.1,131.93,100.89,31.04,Marketplace
S07378,2025-03-01,ST11,C0326,P100,1,691.45,0.1,622.31,381.94,240.37,Mobile App
S07379,2023-08-25,ST09,C0130,P066,1,400.97,0.0,400.97,272.57,128.4,Marketplace
S07380,2024-12-16,ST11,C0460,P002,1,441.21,0.0,441.21,287.87,153.34,Marketplace
S07381,2023-04-11,ST01,C0013,P014,4,523.69,0.05,1990.02,966.2,1023.82,Marketplace
S07382,2025-05-12,ST02,C0386,P001,2,474.05,0.05,900.69,505.8,394.89,Marketplace
S07383,2023-03-10,ST04,C0442,P098,2,610.44,0.15,1037.75,570.76,466.99,Marketplace
S07384,2023-10-28,ST15,C0294,P041,3,148.6,0.0,445.8,287.04,158.76,Online
S07385,2024-07-12,ST15,C0418,P026,2,311.93,0.0,623.86,275.3,348.56,Marketplace
S07386,2025-01-10,ST02,C0053,P068,2,675.48,0.0,1350.96,616.9,734.06,Marketplace
S07387,2023-09-03,ST12,C0294,P014,3,523.69,0.05,1492.52,724.65,767.87,Retail Store
S07388,2023-06-05,ST10,C0143,P005,1,187.0,0.0,187.0,94.13,92.87,Online
S07389,2023-05-06,ST05,C0138,P012,2,703.62,0.0,1407.24,683.24,724.0,Retail Store
S07390,2024-02-24,ST14,C0172,P046,2,653.19,0.1,1175.74,685.78,489.96,Marketplace
S07391,2023-04-26,ST04,C0144,P058,1,558.35,0.0,558.35,249.8,308.55,Online
S07392,2025-02-24,ST09,C0339,P086,4,320.59,0.0,1282.36,790.32,492.04,Marketplace
S07393,2024-11-17,ST06,C0474,P090,1,573.25,0.0,573.25,288.19,285.06,Online
S07394,2025-03-19,ST02,C0291,P030,2,556.36,0.05,1057.08,550.18,506.9,Retail Store
S07395,2025-05-29,ST04,C0373,P028,3,535.81,0.0,1607.43,903.6,703.83,Online
S07396,2024-01-12,ST15,C0449,P001,4,474.05,0.0,1896.2,1011.6,884.6,Mobile App
S07397,2024-02-12,ST13,C0356,P080,1,421.17,0.1,379.05,210.32,168.73,Online
S07398,2023-04-22,ST07,C0321,P050,2,251.3,0.0,502.6,259.28,243.32,Online
S07399,2024-04-25,ST12,C0198,P093,1,466.42,0.0,466.42,269.66,196.76,Marketplace
S07400,2024-06-10,ST08,C0426,P083,2,543.94,0.0,1087.88,661.8,426.08,Retail Store
S07401,2024-08-25,ST10,C0111,P059,2,618.97,0.0,1237.94,848.1,389.84,Marketplace
S07402,2025-06-08,ST03,C0468,P089,4,178.67,0.0,714.68,388.48,326.2,Marketplace
S07403,2023-10-21,ST03,C0371,P092,1,496.59,0.0,496.59,284.79,211.8,Mobile App
S07404,2024-10-27,ST14,C0193,P068,3,675.48,0.0,2026.44,925.35,1101.09,Online
S07405,2023-07-25,ST14,C0079,P080,1,421.17,0.05,400.11,210.32,189.79,Marketplace
S07406,2023-08-29,ST11,C0233,P071,3,573.25,0.0,1719.75,1072.53,647.22,Mobile App
S07407,2023-09-27,ST15,C0041,P090,3,573.25,0.0,1719.75,864.57,855.18,Mobile App
S07408,2023-03-17,ST13,C0103,P074,3,440.89,0.0,1322.67,583.05,739.62,Marketplace
S07409,2024-05-23,ST08,C0200,P078,1,331.1,0.0,331.1,171.92,159.18,Marketplace
S07410,2025-03-06,ST06,C0188,P001,1,474.05,0.1,426.65,252.9,173.75,Retail Store
S07411,2024-08-23,ST04,C0447,P062,1,800.1,0.0,800.1,409.77,390.33,Marketplace
S07412,2024-10-31,ST02,C0065,P078,2,331.1,0.15,562.87,343.84,219.03,Retail Store
S07413,2023-07-07,ST06,C0070,P050,2,251.3,0.0,502.6,259.28,243.32,Marketplace
S07414,2023-03-13,ST10,C0416,P090,1,573.25,0.1,515.93,288.19,227.74,Online
S07415,2025-06-04,ST05,C0385,P048,1,113.1,0.05,107.44,59.05,48.39,Mobile App
S07416,2023-02-24,ST14,C0107,P052,1,179.16,0.1,161.24,111.81,49.43,Marketplace
S07417,2023-01-12,ST05,C0053,P002,1,441.21,0.15,375.03,287.87,87.16,Mobile App
S07418,2023-07-16,ST01,C0249,P047,4,583.71,0.0,2334.84,1662.96,671.88,Online
S07419,2025-01-15,ST03,C0339,P033,1,760.26,0.05,722.25,422.59,299.66,Retail Store
S07420,2023-06-21,ST07,C0277,P093,2,466.42,0.05,886.2,539.32,346.88,Online
S07421,2023-04-06,ST03,C0165,P047,1,583.71,0.1,525.34,415.74,109.6,Retail Store
S07422,2023-07-10,ST10,C0013,P043,1,241.25,0.0,241.25,137.71,103.54,Marketplace
S07423,2024-06-21,ST01,C0004,P007,1,572.81,0.15,486.89,334.88,152.01,Retail Store
S07424,2024-04-25,ST13,C0342,P015,1,411.34,0.15,349.64,291.66,57.98,Retail Store
S07425,2025-02-21,ST06,C0419,P011,2,309.34,0.05,587.75,386.28,201.47,Retail Store
S07426,2024-11-23,ST14,C0037,P054,2,66.5,0.1,119.7,57.92,61.78,Marketplace
S07427,2023-10-12,ST05,C0288,P025,1,788.41,0.0,788.41,350.48,437.93,Retail Store
S07428,2024-02-18,ST02,C0486,P018,1,560.51,0.0,560.51,344.12,216.39,Retail Store
S07429,2023-05-21,ST12,C0345,P007,2,572.81,0.1,1031.06,669.76,361.3,Online
S07430,2024-04-04,ST04,C0392,P084,2,240.69,0.1,433.24,327.26,105.98,Mobile App
S07431,2025-04-12,ST07,C0498,P086,2,320.59,0.1,577.06,395.16,181.9,Retail Store
S07432,2023-07-19,ST11,C0349,P098,3,610.44,0.15,1556.62,856.14,700.48,Marketplace
S07433,2023-11-28,ST04,C0066,P062,2,800.1,0.15,1360.17,819.54,540.63,Online
S07434,2025-06-07,ST05,C0032,P010,3,177.97,0.15,453.82,344.01,109.81,Mobile App
S07435,2025-03-01,ST08,C0064,P068,4,675.48,0.15,2296.63,1233.8,1062.83,Marketplace
S07436,2024-04-12,ST11,C0126,P081,2,595.21,0.05,1130.9,676.48,454.42,Mobile App
S07437,2024-12-11,ST07,C0372,P041,1,148.6,0.0,148.6,95.68,52.92,Online
S07438,2023-06-21,ST13,C0037,P017,3,780.73,0.1,2107.97,1172.49,935.48,Online
S07439,2023-09-11,ST07,C0011,P018,1,560.51,0.0,560.51,344.12,216.39,Retail Store
S07440,2023-05-30,ST07,C0373,P068,2,675.48,0.0,1350.96,616.9,734.06,Retail Store
S07441,2023-10-07,ST02,C0197,P062,2,800.1,0.15,1360.17,819.54,540.63,Online
S07442,2025-03-03,ST04,C0080,P004,1,700.29,0.05,665.28,393.26,272.02,Mobile App
S07443,2024-08-13,ST12,C0060,P098,1,610.44,0.15,518.87,285.38,233.49,Marketplace
S07444,2023-05-15,ST07,C0123,P078,1,331.1,0.1,297.99,171.92,126.07,Online
S07445,2025-03-09,ST11,C0468,P041,2,148.6,0.1,267.48,191.36,76.12,Retail Store
S07446,2024-11-09,ST08,C0434,P053,3,512.39,0.05,1460.31,931.41,528.9,Mobile App
S07447,2023-08-08,ST04,C0429,P002,2,441.21,0.0,882.42,575.74,306.68,Online
S07448,2025-03-25,ST02,C0342,P074,2,440.89,0.15,749.51,388.7,360.81,Online
S07449,2023-06-20,ST06,C0092,P085,1,595.13,0.0,595.13,307.6,287.53,Online
S07450,2023-01-27,ST07,C0413,P082,1,824.42,0.05,783.2,416.33,366.87,Retail Store
S07451,2024-08-25,ST15,C0195,P023,1,589.93,0.1,530.94,419.87,111.07,Online
S07452,2024-02-17,ST05,C0299,P060,5,550.86,0.1,2478.87,1702.65,776.22,Mobile App
S07453,2023-08-30,ST03,C0480,P022,3,753.54,0.0,2260.62,1246.08,1014.54,Online
S07454,2025-04-24,ST13,C0213,P079,1,118.05,0.0,118.05,74.15,43.9,Mobile App
S07455,2023-03-18,ST09,C0351,P039,1,839.98,0.0,839.98,396.66,443.32,Online
S07456,2024-01-29,ST07,C0323,P096,4,612.7,0.15,2083.18,1659.68,423.5,Marketplace
S07457,2023-05-18,ST14,C0058,P065,1,54.39,0.0,54.39,29.11,25.28,Retail Store
S07458,2024-04-02,ST04,C0401,P040,1,151.24,0.0,151.24,66.61,84.63,Retail Store
S07459,2024-04-07,ST01,C0132,P055,2,374.11,0.1,673.4,506.98,166.42,Retail Store
S07460,2023-02-18,ST08,C0288,P042,1,552.37,0.05,524.75,408.54,116.21,Retail Store
S07461,2023-09-06,ST12,C0163,P043,2,241.25,0.0,482.5,275.42,207.08,Retail Store
S07462,2023-03-31,ST15,C0328,P099,1,381.31,0.05,362.24,214.51,147.73,Online
S07463,2024-08-13,ST09,C0247,P100,1,691.45,0.05,656.88,381.94,274.94,Retail Store
S07464,2024-10-28,ST06,C0473,P022,3,753.54,0.1,2034.56,1246.08,788.48,Retail Store
S07465,2024-01-20,ST01,C0078,P089,3,178.67,0.15,455.61,291.36,164.25,Mobile App
S07466,2023-09-25,ST04,C0489,P050,2,251.3,0.05,477.47,259.28,218.19,Online
S07467,2024-01-02,ST03,C0212,P015,1,411.34,0.15,349.64,291.66,57.98,Marketplace
S07468,2024-06-25,ST01,C0372,P051,1,502.39,0.0,502.39,304.38,198.01,Online
S07469,2024-04-27,ST09,C0166,P025,1,788.41,0.0,788.41,350.48,437.93,Retail Store
S07470,2024-03-25,ST01,C0408,P069,1,952.97,0.0,952.97,438.88,514.09,Mobile App
S07471,2024-01-30,ST10,C0337,P045,2,240.79,0.1,433.42,235.04,198.38,Marketplace
S07472,2024-09-12,ST04,C0395,P060,2,550.86,0.15,936.46,681.06,255.4,Marketplace
S07473,2024-08-11,ST10,C0101,P074,3,440.89,0.0,1322.67,583.05,739.62,Marketplace
S07474,2025-05-23,ST13,C0162,P075,2,347.7,0.0,695.4,348.48,346.92,Retail Store
S07475,2023-07-20,ST11,C0493,P073,2,238.26,0.0,476.52,347.2,129.32,Mobile App
S07476,2023-02-18,ST05,C0232,P093,1,466.42,0.15,396.46,269.66,126.8,Retail Store
S07477,2023-02-02,ST08,C0033,P010,1,177.97,0.15,151.27,114.67,36.6,Online
S07478,2023-08-31,ST15,C0494,P051,1,502.39,0.05,477.27,304.38,172.89,Retail Store
S07479,2023-03-01,ST09,C0364,P028,1,535.81,0.05,509.02,301.2,207.82,Online
S07480,2023-04-03,ST11,C0202,P046,1,653.19,0.05,620.53,342.89,277.64,Marketplace
S07481,2023-07-26,ST03,C0053,P014,5,523.69,0.0,2618.45,1207.75,1410.7,Mobile App
S07482,2024-07-19,ST03,C0436,P094,1,634.83,0.0,634.83,303.82,331.01,Online
S07483,2024-10-14,ST01,C0408,P004,1,700.29,0.1,630.26,393.26,237.0,Retail Store
S07484,2023-12-24,ST04,C0204,P047,1,583.71,0.0,583.71,415.74,167.97,Online
S07485,2023-04-03,ST03,C0494,P074,3,440.89,0.15,1124.27,583.05,541.22,Mobile App
S07486,2024-10-30,ST03,C0287,P082,2,824.42,0.1,1483.96,832.66,651.3,Marketplace
S07487,2025-03-12,ST15,C0493,P029,2,230.02,0.0,460.04,241.0,219.04,Retail Store
S07488,2023-09-02,ST08,C0455,P006,2,826.37,0.15,1404.83,846.16,558.67,Online
S07489,2023-07-07,ST11,C0088,P011,3,309.34,0.05,881.62,579.42,302.2,Online
S07490,2024-12-16,ST06,C0219,P092,1,496.59,0.0,496.59,284.79,211.8,Mobile App
S07491,2023-11-13,ST01,C0095,P020,1,796.23,0.05,756.42,412.87,343.55,Online
S07492,2023-09-20,ST10,C0033,P001,1,474.05,0.05,450.35,252.9,197.45,Retail Store
S07493,2024-06-27,ST03,C0152,P071,3,573.25,0.1,1547.78,1072.53,475.25,Marketplace
S07494,2024-10-30,ST11,C0425,P033,3,760.26,0.0,2280.78,1267.77,1013.01,Marketplace
S07495,2023-03-27,ST03,C0367,P088,3,656.76,0.05,1871.77,936.42,935.35,Marketplace
S07496,2024-04-03,ST04,C0455,P098,1,610.44,0.15,518.87,285.38,233.49,Marketplace
S07497,2024-09-30,ST03,C0034,P042,3,552.37,0.1,1491.4,1225.62,265.78,Mobile App
S07498,2024-03-10,ST02,C0170,P046,2,653.19,0.15,1110.42,685.78,424.64,Retail Store
S07499,2023-10-06,ST06,C0490,P003,1,101.68,0.0,101.68,44.48,57.2,Retail Store
S07500,2025-04-05,ST10,C0059,P066,1,400.97,0.0,400.97,272.57,128.4,Mobile App
S07501,2023-08-06,ST03,C0066,P091,3,512.66,0.05,1461.08,1103.37,357.71,Online
S07502,2023-10-15,ST01,C0354,P027,4,598.23,0.0,2392.92,1383.96,1008.96,Online
S07503,2023-03-05,ST08,C0006,P054,1,66.5,0.0,66.5,28.96,37.54,Online
S07504,2023-06-20,ST01,C0165,P031,3,173.34,0.0,520.02,366.9,153.12,Online
S07505,2025-03-30,ST15,C0362,P001,2,474.05,0.0,948.1,505.8,442.3,Mobile App
S07506,2023-05-10,ST15,C0073,P088,1,656.76,0.15,558.25,312.14,246.11,Mobile App
S07507,2023-01-12,ST06,C0234,P026,5,311.93,0.0,1559.65,688.25,871.4,Retail Store
S07508,2024-03-08,ST10,C0393,P056,1,647.27,0.0,647.27,399.37,247.9,Retail Store
S07509,2023-11-01,ST14,C0058,P078,1,331.1,0.05,314.55,171.92,142.63,Marketplace
S07510,2023-06-11,ST07,C0064,P029,2,230.02,0.05,437.04,241.0,196.04,Marketplace
S07511,2023-08-29,ST12,C0242,P072,1,110.76,0.15,94.15,70.94,23.21,Mobile App
S07512,2023-03-12,ST04,C0128,P002,4,441.21,0.0,1764.84,1151.48,613.36,Mobile App
S07513,2024-09-10,ST15,C0143,P048,1,113.1,0.0,113.1,59.05,54.05,Retail Store
S07514,2025-02-16,ST02,C0200,P003,1,101.68,0.05,96.6,44.48,52.12,Marketplace
S07515,2024-06-25,ST08,C0298,P034,2,530.96,0.0,1061.92,736.38,325.54,Retail Store
S07516,2025-06-02,ST05,C0280,P088,1,656.76,0.0,656.76,312.14,344.62,Mobile App
S07517,2024-06-15,ST02,C0015,P071,3,573.25,0.0,1719.75,1072.53,647.22,Retail Store
S07518,2024-03-20,ST05,C0209,P063,5,85.52,0.0,427.6,218.7,208.9,Marketplace
S07519,2023-08-14,ST09,C0088,P089,1,178.67,0.0,178.67,97.12,81.55,Online
S07520,2023-04-10,ST02,C0050,P038,3,348.21,0.0,1044.63,646.98,397.65,Retail Store
S07521,2025-01-16,ST01,C0419,P041,2,148.6,0.15,252.62,191.36,61.26,Marketplace
S07522,2024-05-31,ST12,C0294,P079,1,118.05,0.05,112.15,74.15,38.0,Retail Store
S07523,2025-06-21,ST13,C0369,P094,2,634.83,0.0,1269.66,607.64,662.02,Retail Store
S07524,2025-01-31,ST03,C0429,P043,1,241.25,0.15,205.06,137.71,67.35,Mobile App
S07525,2024-04-23,ST12,C0082,P048,2,113.1,0.0,226.2,118.1,108.1,Online
S07526,2023-06-02,ST13,C0339,P018,2,560.51,0.1,1008.92,688.24,320.68,Retail Store
S07527,2023-05-14,ST14,C0258,P042,1,552.37,0.1,497.13,408.54,88.59,Online
S07528,2023-03-27,ST08,C0332,P059,2,618.97,0.15,1052.25,848.1,204.15,Mobile App
S07529,2023-10-05,ST15,C0180,P031,3,173.34,0.0,520.02,366.9,153.12,Retail Store
S07530,2024-11-01,ST12,C0436,P090,2,573.25,0.0,1146.5,576.38,570.12,Marketplace
S07531,2024-02-17,ST06,C0090,P052,1,179.16,0.15,152.29,111.81,40.48,Online
S07532,2024-10-31,ST01,C0187,P077,3,146.59,0.0,439.77,302.67,137.1,Retail Store
S07533,2025-06-20,ST06,C0469,P015,2,411.34,0.0,822.68,583.32,239.36,Mobile App
S07534,2023-08-23,ST11,C0260,P041,3,148.6,0.05,423.51,287.04,136.47,Online
S07535,2024-03-19,ST12,C0229,P060,3,550.86,0.1,1487.32,1021.59,465.73,Online
S07536,2023-11-28,ST04,C0021,P052,1,179.16,0.0,179.16,111.81,67.35,Marketplace
S07537,2023-01-13,ST10,C0273,P036,3,539.12,0.0,1617.36,933.54,683.82,Online
S07538,2023-11-18,ST15,C0131,P003,2,101.68,0.0,203.36,88.96,114.4,Retail Store
S07539,2024-10-08,ST10,C0389,P091,1,512.66,0.05,487.03,367.79,119.24,Retail Store
S07540,2025-03-23,ST02,C0222,P070,4,819.07,0.0,3276.28,1598.4,1677.88,Online
S07541,2024-12-06,ST15,C0312,P023,1,589.93,0.0,589.93,419.87,170.06,Mobile App
S07542,2025-02-19,ST12,C0169,P090,2,573.25,0.0,1146.5,576.38,570.12,Mobile App
S07543,2025-04-01,ST03,C0451,P077,1,146.59,0.0,146.59,100.89,45.7,Mobile App
S07544,2024-06-26,ST06,C0407,P095,3,139.42,0.1,376.43,299.25,77.18,Marketplace
S07545,2023-04-13,ST08,C0165,P057,1,866.66,0.05,823.33,379.34,443.99,Retail Store
S07546,2024-09-16,ST04,C0349,P014,2,523.69,0.05,995.01,483.1,511.91,Online
S07547,2024-10-25,ST05,C0363,P003,2,101.68,0.0,203.36,88.96,114.4,Marketplace
S07548,2023-01-19,ST03,C0498,P053,3,512.39,0.05,1460.31,931.41,528.9,Mobile App
S07549,2025-06-10,ST14,C0393,P042,1,552.37,0.15,469.51,408.54,60.97,Retail Store
S07550,2025-02-19,ST01,C0200,P012,2,703.62,0.1,1266.52,683.24,583.28,Mobile App
S07551,2024-08-23,ST08,C0293,P068,3,675.48,0.0,2026.44,925.35,1101.09,Retail Store
S07552,2023-05-10,ST15,C0338,P045,1,240.79,0.0,240.79,117.52,123.27,Online
S07553,2024-03-29,ST04,C0398,P015,2,411.34,0.0,822.68,583.32,239.36,Marketplace
S07554,2023-08-11,ST10,C0268,P091,1,512.66,0.05,487.03,367.79,119.24,Retail Store
S07555,2024-11-06,ST09,C0469,P001,3,474.05,0.0,1422.15,758.7,663.45,Mobile App
S07556,2025-06-05,ST11,C0222,P059,3,618.97,0.15,1578.37,1272.15,306.22,Retail Store
S07557,2023-11-24,ST09,C0344,P017,3,780.73,0.15,1990.86,1172.49,818.37,Online
S07558,2024-11-09,ST15,C0352,P001,1,474.05,0.05,450.35,252.9,197.45,Mobile App
S07559,2023-06-26,ST02,C0463,P050,3,251.3,0.15,640.82,388.92,251.9,Retail Store
S07560,2025-05-19,ST12,C0127,P096,1,612.7,0.1,551.43,414.92,136.51,Marketplace
S07561,2024-08-04,ST14,C0453,P074,3,440.89,0.1,1190.4,583.05,607.35,Online
S07562,2025-05-29,ST11,C0054,P060,4,550.86,0.0,2203.44,1362.12,841.32,Marketplace
S07563,2025-03-10,ST13,C0468,P007,1,572.81,0.0,572.81,334.88,237.93,Online
S07564,2024-09-10,ST08,C0347,P067,1,278.89,0.15,237.06,179.98,57.08,Mobile App
S07565,2025-03-30,ST06,C0263,P019,1,451.75,0.15,383.99,217.83,166.16,Marketplace
S07566,2024-02-14,ST02,C0334,P066,2,400.97,0.1,721.75,545.14,176.61,Mobile App
S07567,2025-05-23,ST10,C0121,P100,3,691.45,0.05,1970.63,1145.82,824.81,Marketplace
S07568,2024-04-25,ST01,C0125,P090,1,573.25,0.15,487.26,288.19,199.07,Retail Store
S07569,2023-08-30,ST08,C0003,P083,1,543.94,0.0,543.94,330.9,213.04,Marketplace
S07570,2024-09-10,ST10,C0146,P076,1,361.84,0.1,325.66,165.74,159.92,Mobile App
S07571,2025-03-19,ST08,C0161,P036,2,539.12,0.15,916.5,622.36,294.14,Mobile App
S07572,2023-12-23,ST02,C0142,P040,1,151.24,0.0,151.24,66.61,84.63,Marketplace
S07573,2024-01-16,ST15,C0298,P052,1,179.16,0.0,179.16,111.81,67.35,Marketplace
S07574,2025-06-24,ST11,C0198,P018,5,560.51,0.0,2802.55,1720.6,1081.95,Mobile App
S07575,2023-10-09,ST05,C0119,P084,2,240.69,0.05,457.31,327.26,130.05,Mobile App
S07576,2023-02-07,ST12,C0056,P073,2,238.26,0.05,452.69,347.2,105.49,Retail Store
S07577,2024-04-18,ST04,C0133,P094,1,634.83,0.0,634.83,303.82,331.01,Online
S07578,2023-11-09,ST06,C0265,P079,1,118.05,0.15,100.34,74.15,26.19,Retail Store
S07579,2024-07-11,ST10,C0416,P060,1,550.86,0.15,468.23,340.53,127.7,Marketplace
S07580,2024-01-30,ST14,C0260,P047,2,583.71,0.0,1167.42,831.48,335.94,Marketplace
S07581,2024-02-19,ST04,C0388,P065,1,54.39,0.15,46.23,29.11,17.12,Marketplace
S07582,2025-05-31,ST11,C0214,P043,1,241.25,0.1,217.12,137.71,79.41,Retail Store
S07583,2024-12-22,ST09,C0245,P049,1,878.21,0.0,878.21,391.27,486.94,Online
S07584,2023-09-20,ST01,C0347,P040,3,151.24,0.05,431.03,199.83,231.2,Online
S07585,2025-06-02,ST11,C0227,P008,1,682.79,0.15,580.37,317.47,262.9,Retail Store
S07586,2024-03-30,ST08,C0431,P088,1,656.76,0.05,623.92,312.14,311.78,Marketplace
S07587,2024-09-16,ST15,C0451,P013,3,633.58,0.15,1615.63,1219.71,395.92,Online
S07588,2024-02-29,ST01,C0337,P041,3,148.6,0.15,378.93,287.04,91.89,Retail Store
S07589,2023-05-17,ST09,C0261,P063,1,85.52,0.0,85.52,43.74,41.78,Marketplace
S07590,2025-05-30,ST03,C0081,P075,1,347.7,0.0,347.7,174.24,173.46,Online
S07591,2024-07-22,ST09,C0365,P092,3,496.59,0.0,1489.77,854.37,635.4,Mobile App
S07592,2024-08-28,ST15,C0121,P002,1,441.21,0.0,441.21,287.87,153.34,Marketplace
S07593,2023-10-04,ST10,C0301,P075,1,347.7,0.0,347.7,174.24,173.46,Online
S07594,2023-09-20,ST11,C0171,P071,2,573.25,0.0,1146.5,715.02,431.48,Online
S07595,2024-12-29,ST13,C0045,P029,2,230.02,0.0,460.04,241.0,219.04,Marketplace
S07596,2023-01-15,ST03,C0101,P041,1,148.6,0.05,141.17,95.68,45.49,Online
S07597,2023-02-07,ST11,C0356,P041,1,148.6,0.15,126.31,95.68,30.63,Mobile App
S07598,2023-09-15,ST10,C0146,P016,1,442.1,0.05,420.0,278.25,141.75,Online
S07599,2024-06-24,ST12,C0305,P034,4,530.96,0.0,2123.84,1472.76,651.08,Online
S07600,2023-02-18,ST03,C0496,P018,3,560.51,0.0,1681.53,1032.36,649.17,Mobile App
S07601,2023-10-06,ST02,C0250,P062,2,800.1,0.0,1600.2,819.54,780.66,Marketplace
S07602,2024-01-28,ST15,C0169,P079,2,118.05,0.0,236.1,148.3,87.8,Online
S07603,2024-08-24,ST06,C0183,P091,4,512.66,0.0,2050.64,1471.16,579.48,Mobile App
S07604,2023-01-01,ST01,C0232,P089,2,178.67,0.0,357.34,194.24,163.1,Retail Store
S07605,2023-08-18,ST02,C0211,P006,2,826.37,0.05,1570.1,846.16,723.94,Mobile App
S07606,2023-11-16,ST07,C0100,P010,1,177.97,0.0,177.97,114.67,63.3,Mobile App
S07607,2023-09-16,ST05,C0289,P047,2,583.71,0.05,1109.05,831.48,277.57,Marketplace
S07608,2025-02-21,ST03,C0393,P015,1,411.34,0.0,411.34,291.66,119.68,Online
S07609,2024-08-29,ST02,C0306,P085,3,595.13,0.15,1517.58,922.8,594.78,Online
S07610,2024-12-01,ST12,C0347,P062,4,800.1,0.0,3200.4,1639.08,1561.32,Marketplace
S07611,2023-05-22,ST08,C0016,P042,2,552.37,0.15,939.03,817.08,121.95,Marketplace
S07612,2023-03-20,ST03,C0464,P014,2,523.69,0.0,1047.38,483.1,564.28,Online
S07613,2023-09-04,ST04,C0333,P070,1,819.07,0.15,696.21,399.6,296.61,Retail Store
S07614,2025-06-26,ST05,C0198,P047,1,583.71,0.0,583.71,415.74,167.97,Marketplace
S07615,2023-06-29,ST06,C0356,P072,1,110.76,0.0,110.76,70.94,39.82,Retail Store
S07616,2024-06-17,ST06,C0190,P033,3,760.26,0.0,2280.78,1267.77,1013.01,Mobile App
S07617,2023-03-15,ST01,C0171,P075,2,347.7,0.0,695.4,348.48,346.92,Marketplace
S07618,2023-07-19,ST06,C0362,P028,2,535.81,0.05,1018.04,602.4,415.64,Retail Store
S07619,2024-03-07,ST08,C0256,P064,1,189.25,0.1,170.33,93.67,76.66,Mobile App
S07620,2023-11-20,ST11,C0119,P028,4,535.81,0.0,2143.24,1204.8,938.44,Marketplace
S07621,2025-01-09,ST04,C0440,P053,3,512.39,0.1,1383.45,931.41,452.04,Retail Store
S07622,2024-08-03,ST14,C0348,P034,1,530.96,0.05,504.41,368.19,136.22,Retail Store
S07623,2024-01-20,ST03,C0267,P004,2,700.29,0.15,1190.49,786.52,403.97,Online
S07624,2025-05-30,ST07,C0290,P052,2,179.16,0.15,304.57,223.62,80.95,Online
S07625,2023-03-31,ST15,C0456,P055,3,374.11,0.1,1010.1,760.47,249.63,Retail Store
S07626,2023-08-27,ST11,C0485,P024,1,908.43,0.0,908.43,427.45,480.98,Online
S07627,2023-10-03,ST08,C0289,P008,1,682.79,0.0,682.79,317.47,365.32,Mobile App
S07628,2023-10-11,ST07,C0012,P087,4,643.14,0.0,2572.56,1435.8,1136.76,Marketplace
S07629,2024-05-28,ST01,C0311,P099,3,381.31,0.05,1086.73,643.53,443.2,Marketplace
S07630,2024-09-10,ST12,C0470,P004,1,700.29,0.0,700.29,393.26,307.03,Mobile App
S07631,2023-10-21,ST03,C0056,P087,1,643.14,0.0,643.14,358.95,284.19,Retail Store
S07632,2024-06-10,ST14,C0300,P027,3,598.23,0.0,1794.69,1037.97,756.72,Mobile App
S07633,2024-09-14,ST01,C0314,P040,3,151.24,0.05,431.03,199.83,231.2,Marketplace
S07634,2023-07-01,ST15,C0244,P077,2,146.59,0.0,293.18,201.78,91.4,Retail Store
S07635,2023-05-04,ST12,C0094,P049,3,878.21,0.0,2634.63,1173.81,1460.82,Online
S07636,2024-05-19,ST13,C0122,P088,2,656.76,0.15,1116.49,624.28,492.21,Online
S07637,2023-10-02,ST11,C0377,P076,8,361.84,0.0,2894.72,1325.92,1568.8,Online
S07638,2023-03-19,ST07,C0471,P074,2,440.89,0.15,749.51,388.7,360.81,Online
S07639,2024-05-31,ST14,C0002,P015,1,411.34,0.0,411.34,291.66,119.68,Online
S07640,2024-07-26,ST02,C0246,P004,1,700.29,0.0,700.29,393.26,307.03,Online
S07641,2024-05-12,ST14,C0022,P054,1,66.5,0.0,66.5,28.96,37.54,Online
S07642,2023-12-09,ST04,C0262,P019,1,451.75,0.15,383.99,217.83,166.16,Marketplace
S07643,2025-03-08,ST05,C0384,P057,1,866.66,0.0,866.66,379.34,487.32,Marketplace
S07644,2024-02-03,ST06,C0028,P100,1,691.45,0.0,691.45,381.94,309.51,Mobile App
S07645,2023-05-07,ST09,C0377,P063,1,85.52,0.1,76.97,43.74,33.23,Marketplace
S07646,2024-02-07,ST09,C0457,P022,3,753.54,0.0,2260.62,1246.08,1014.54,Retail Store
S07647,2023-10-13,ST03,C0100,P052,1,179.16,0.0,179.16,111.81,67.35,Retail Store
S07648,2025-05-01,ST07,C0086,P011,1,309.34,0.1,278.41,193.14,85.27,Retail Store
S07649,2024-10-11,ST07,C0133,P038,1,348.21,0.15,295.98,215.66,80.32,Marketplace
S07650,2024-03-02,ST10,C0258,P047,1,583.71,0.0,583.71,415.74,167.97,Online
S07651,2024-01-25,ST05,C0452,P095,2,139.42,0.05,264.9,199.5,65.4,Marketplace
S07652,2024-01-19,ST10,C0433,P002,4,441.21,0.05,1676.6,1151.48,525.12,Retail Store
S07653,2024-01-09,ST15,C0219,P083,2,543.94,0.0,1087.88,661.8,426.08,Marketplace
S07654,2023-01-26,ST11,C0356,P020,2,796.23,0.0,1592.46,825.74,766.72,Mobile App
S07655,2024-05-24,ST08,C0186,P023,1,589.93,0.0,589.93,419.87,170.06,Marketplace
S07656,2025-05-22,ST12,C0239,P071,1,573.25,0.0,573.25,357.51,215.74,Marketplace
S07657,2024-01-19,ST15,C0281,P064,1,189.25,0.1,170.33,93.67,76.66,Mobile App
S07658,2024-11-19,ST01,C0227,P002,1,441.21,0.15,375.03,287.87,87.16,Mobile App
S07659,2024-07-14,ST08,C0163,P054,2,66.5,0.05,126.35,57.92,68.43,Marketplace
S07660,2023-10-03,ST01,C0445,P100,2,691.45,0.05,1313.76,763.88,549.88,Retail Store
S07661,2023-08-10,ST10,C0464,P019,2,451.75,0.1,813.15,435.66,377.49,Marketplace
S07662,2024-04-11,ST05,C0280,P020,5,796.23,0.0,3981.15,2064.35,1916.8,Marketplace
S07663,2023-04-26,ST13,C0032,P067,4,278.89,0.1,1004.0,719.92,284.08,Online
S07664,2024-05-09,ST03,C0408,P066,5,400.97,0.05,1904.61,1362.85,541.76,Retail Store
S07665,2024-05-30,ST13,C0330,P091,3,512.66,0.05,1461.08,1103.37,357.71,Mobile App
S07666,2023-09-25,ST01,C0225,P016,2,442.1,0.0,884.2,556.5,327.7,Mobile App
S07667,2024-11-19,ST08,C0444,P026,1,311.93,0.0,311.93,137.65,174.28,Marketplace
S07668,2023-12-24,ST07,C0172,P005,2,187.0,0.15,317.9,188.26,129.64,Marketplace
S07669,2024-01-03,ST01,C0264,P070,3,819.07,0.0,2457.21,1198.8,1258.41,Retail Store
S07670,2023-01-06,ST11,C0430,P089,1,178.67,0.05,169.74,97.12,72.62,Marketplace
S07671,2025-01-05,ST14,C0242,P040,2,151.24,0.1,272.23,133.22,139.01,Mobile App
S07672,2025-03-08,ST03,C0033,P082,4,824.42,0.05,3132.8,1665.32,1467.48,Online
S07673,2024-02-24,ST03,C0451,P016,1,442.1,0.0,442.1,278.25,163.85,Online
S07674,2023-02-19,ST06,C0351,P072,2,110.76,0.0,221.52,141.88,79.64,Mobile App
S07675,2023-02-19,ST05,C0352,P087,1,643.14,0.0,643.14,358.95,284.19,Marketplace
S07676,2025-01-26,ST10,C0044,P003,6,101.68,0.1,549.07,266.88,282.19,Retail Store
S07677,2024-08-15,ST11,C0285,P079,1,118.05,0.0,118.05,74.15,43.9,Retail Store
S07678,2023-10-31,ST01,C0226,P067,3,278.89,0.15,711.17,539.94,171.23,Retail Store
S07679,2023-03-30,ST12,C0001,P061,2,603.93,0.1,1087.07,659.98,427.09,Marketplace
S07680,2023-09-22,ST15,C0447,P063,4,85.52,0.0,342.08,174.96,167.12,Mobile App
S07681,2024-03-14,ST08,C0021,P022,1,753.54,0.05,715.86,415.36,300.5,Retail Store
S07682,2023-10-29,ST01,C0486,P093,2,466.42,0.05,886.2,539.32,346.88,Mobile App
S07683,2023-02-25,ST04,C0146,P008,2,682.79,0.0,1365.58,634.94,730.64,Marketplace
S07684,2024-11-05,ST06,C0297,P071,1,573.25,0.15,487.26,357.51,129.75,Marketplace
S07685,2024-09-06,ST08,C0195,P077,1,146.59,0.15,124.6,100.89,23.71,Online
S07686,2024-11-04,ST05,C0467,P083,1,543.94,0.05,516.74,330.9,185.84,Retail Store
S07687,2023-02-18,ST06,C0028,P086,1,320.59,0.0,320.59,197.58,123.01,Retail Store
S07688,2023-07-06,ST14,C0475,P005,3,187.0,0.1,504.9,282.39,222.51,Retail Store
S07689,2023-05-12,ST08,C0347,P007,3,572.81,0.0,1718.43,1004.64,713.79,Retail Store
S07690,2024-11-05,ST12,C0285,P064,1,189.25,0.0,189.25,93.67,95.58,Retail Store
S07691,2024-03-27,ST01,C0091,P093,2,466.42,0.0,932.84,539.32,393.52,Retail Store
S07692,2023-07-23,ST11,C0179,P020,2,796.23,0.0,1592.46,825.74,766.72,Marketplace
S07693,2024-09-07,ST13,C0352,P021,1,414.87,0.15,352.64,183.91,168.73,Online
S07694,2025-02-15,ST10,C0350,P091,2,512.66,0.0,1025.32,735.58,289.74,Retail Store
S07695,2023-10-02,ST11,C0007,P011,4,309.34,0.0,1237.36,772.56,464.8,Marketplace
S07696,2023-10-11,ST10,C0464,P047,3,583.71,0.1,1576.02,1247.22,328.8,Marketplace
S07697,2025-06-20,ST08,C0332,P035,1,381.12,0.15,323.95,175.58,148.37,Mobile App
S07698,2023-01-06,ST14,C0118,P082,1,824.42,0.1,741.98,416.33,325.65,Marketplace
S07699,2024-03-17,ST14,C0305,P042,4,552.37,0.15,1878.06,1634.16,243.9,Marketplace
S07700,2024-09-18,ST05,C0159,P096,1,612.7,0.0,612.7,414.92,197.78,Mobile App
S07701,2023-04-15,ST11,C0197,P020,1,796.23,0.15,676.8,412.87,263.93,Mobile App
S07702,2023-01-01,ST03,C0333,P086,2,320.59,0.0,641.18,395.16,246.02,Mobile App
S07703,2024-07-04,ST05,C0208,P011,1,309.34,0.0,309.34,193.14,116.2,Mobile App
S07704,2023-04-21,ST04,C0369,P100,1,691.45,0.05,656.88,381.94,274.94,Mobile App
S07705,2023-03-30,ST13,C0482,P006,3,826.37,0.15,2107.24,1269.24,838.0,Mobile App
S07706,2023-07-06,ST15,C0462,P012,2,703.62,0.0,1407.24,683.24,724.0,Online
S07707,2024-03-07,ST13,C0480,P059,5,618.97,0.1,2785.37,2120.25,665.12,Online
S07708,2025-01-28,ST07,C0405,P057,1,866.66,0.05,823.33,379.34,443.99,Marketplace
S07709,2024-02-09,ST02,C0274,P049,2,878.21,0.15,1492.96,782.54,710.42,Marketplace
S07710,2023-02-20,ST01,C0470,P099,1,381.31,0.1,343.18,214.51,128.67,Mobile App
S07711,2023-04-21,ST13,C0255,P044,6,670.76,0.0,4024.56,2688.3,1336.26,Marketplace
S07712,2024-01-04,ST11,C0307,P039,1,839.98,0.0,839.98,396.66,443.32,Mobile App
S07713,2025-06-14,ST10,C0153,P067,1,278.89,0.15,237.06,179.98,57.08,Marketplace
S07714,2025-01-17,ST02,C0261,P067,1,278.89,0.0,278.89,179.98,98.91,Mobile App
S07715,2025-02-05,ST01,C0314,P076,3,361.84,0.1,976.97,497.22,479.75,Retail Store
S07716,2024-05-13,ST14,C0490,P028,3,535.81,0.0,1607.43,903.6,703.83,Marketplace
S07717,2025-01-18,ST12,C0146,P022,3,753.54,0.0,2260.62,1246.08,1014.54,Mobile App
S07718,2024-09-12,ST05,C0131,P057,1,866.66,0.0,866.66,379.34,487.32,Retail Store
S07719,2025-02-21,ST10,C0317,P073,5,238.26,0.1,1072.17,868.0,204.17,Marketplace
S07720,2024-07-16,ST05,C0094,P027,1,598.23,0.0,598.23,345.99,252.24,Online
S07721,2024-01-29,ST08,C0075,P041,1,148.6,0.15,126.31,95.68,30.63,Retail Store
S07722,2024-08-02,ST02,C0462,P013,2,633.58,0.0,1267.16,813.14,454.02,Retail Store
S07723,2023-06-18,ST06,C0266,P090,2,573.25,0.15,974.52,576.38,398.14,Retail Store
S07724,2025-01-15,ST07,C0129,P069,4,952.97,0.15,3240.1,1755.52,1484.58,Marketplace
S07725,2024-08-21,ST09,C0313,P066,1,400.97,0.15,340.82,272.57,68.25,Mobile App
S07726,2023-06-05,ST14,C0114,P077,4,146.59,0.0,586.36,403.56,182.8,Retail Store
S07727,2024-11-06,ST14,C0183,P032,2,266.96,0.1,480.53,286.7,193.83,Marketplace
S07728,2024-05-13,ST11,C0257,P016,1,442.1,0.0,442.1,278.25,163.85,Retail Store
S07729,2024-03-09,ST12,C0233,P085,1,595.13,0.15,505.86,307.6,198.26,Online
S07730,2023-09-22,ST12,C0141,P084,1,240.69,0.1,216.62,163.63,52.99,Retail Store
S07731,2024-08-31,ST15,C0021,P098,5,610.44,0.0,3052.2,1426.9,1625.3,Online
S07732,2025-05-23,ST07,C0440,P085,1,595.13,0.0,595.13,307.6,287.53,Online
S07733,2024-03-25,ST08,C0316,P045,3,240.79,0.15,614.01,352.56,261.45,Online
S07734,2024-08-31,ST14,C0172,P002,3,441.21,0.0,1323.63,863.61,460.02,Mobile App
S07735,2023-12-23,ST03,C0424,P070,1,819.07,0.1,737.16,399.6,337.56,Marketplace
S07736,2024-09-27,ST02,C0443,P071,2,573.25,0.15,974.52,715.02,259.5,Online
S07737,2023-04-08,ST13,C0438,P009,3,211.8,0.0,635.4,367.05,268.35,Marketplace
S07738,2024-01-15,ST10,C0131,P088,1,656.76,0.15,558.25,312.14,246.11,Mobile App
S07739,2024-01-23,ST07,C0157,P058,1,558.35,0.0,558.35,249.8,308.55,Mobile App
S07740,2023-01-26,ST04,C0299,P023,1,589.93,0.05,560.43,419.87,140.56,Retail Store
S07741,2024-02-21,ST09,C0370,P062,3,800.1,0.0,2400.3,1229.31,1170.99,Marketplace
S07742,2024-05-28,ST05,C0042,P024,1,908.43,0.05,863.01,427.45,435.56,Retail Store
S07743,2023-01-11,ST08,C0094,P059,1,618.97,0.0,618.97,424.05,194.92,Retail Store
S07744,2023-10-03,ST13,C0177,P035,1,381.12,0.0,381.12,175.58,205.54,Online
S07745,2024-08-10,ST14,C0229,P055,5,374.11,0.05,1777.02,1267.45,509.57,Marketplace
S07746,2025-03-24,ST09,C0278,P076,2,361.84,0.05,687.5,331.48,356.02,Marketplace
S07747,2024-07-18,ST05,C0151,P043,1,241.25,0.0,241.25,137.71,103.54,Mobile App
S07748,2023-02-08,ST05,C0389,P058,6,558.35,0.0,3350.1,1498.8,1851.3,Online
S07749,2025-04-06,ST02,C0003,P036,2,539.12,0.1,970.42,622.36,348.06,Online
S07750,2025-05-27,ST10,C0480,P093,1,466.42,0.15,396.46,269.66,126.8,Online
S07751,2024-03-02,ST15,C0456,P054,3,66.5,0.0,199.5,86.88,112.62,Mobile App
S07752,2024-10-20,ST03,C0223,P078,3,331.1,0.15,844.31,515.76,328.55,Marketplace
S07753,2023-09-10,ST02,C0340,P043,2,241.25,0.15,410.12,275.42,134.7,Online
S07754,2025-06-13,ST15,C0193,P033,2,760.26,0.0,1520.52,845.18,675.34,Retail Store
S07755,2023-11-22,ST14,C0079,P015,1,411.34,0.0,411.34,291.66,119.68,Mobile App
S07756,2025-02-18,ST10,C0246,P038,2,348.21,0.0,696.42,431.32,265.1,Marketplace
S07757,2024-04-03,ST11,C0404,P093,2,466.42,0.0,932.84,539.32,393.52,Marketplace
S07758,2023-11-14,ST15,C0472,P016,2,442.1,0.0,884.2,556.5,327.7,Mobile App
S07759,2024-10-05,ST13,C0284,P053,3,512.39,0.05,1460.31,931.41,528.9,Online
S07760,2023-12-22,ST12,C0068,P091,1,512.66,0.0,512.66,367.79,144.87,Retail Store
S07761,2023-02-27,ST11,C0015,P060,1,550.86,0.05,523.32,340.53,182.79,Mobile App
S07762,2024-08-20,ST09,C0130,P079,1,118.05,0.0,118.05,74.15,43.9,Mobile App
S07763,2023-11-17,ST07,C0053,P030,2,556.36,0.0,1112.72,550.18,562.54,Online
S07764,2024-10-17,ST08,C0067,P091,2,512.66,0.15,871.52,735.58,135.94,Mobile App
S07765,2023-11-06,ST01,C0128,P031,1,173.34,0.0,173.34,122.3,51.04,Marketplace
S07766,2024-10-13,ST13,C0091,P087,1,643.14,0.15,546.67,358.95,187.72,Marketplace
S07767,2024-12-17,ST07,C0275,P009,1,211.8,0.15,180.03,122.35,57.68,Online
S07768,2023-09-11,ST08,C0153,P037,1,559.57,0.0,559.57,365.25,194.32,Marketplace
S07769,2024-11-25,ST02,C0442,P025,1,788.41,0.0,788.41,350.48,437.93,Online
S07770,2023-10-03,ST04,C0040,P081,3,595.21,0.1,1607.07,1014.72,592.35,Retail Store
S07771,2023-12-25,ST14,C0279,P063,1,85.52,0.0,85.52,43.74,41.78,Marketplace
S07772,2025-04-14,ST13,C0389,P070,2,819.07,0.0,1638.14,799.2,838.94,Marketplace
S07773,2024-08-10,ST06,C0040,P054,3,66.5,0.15,169.57,86.88,82.69,Mobile App
S07774,2023-12-10,ST14,C0319,P045,2,240.79,0.1,433.42,235.04,198.38,Mobile App
S07775,2024-03-05,ST07,C0206,P066,2,400.97,0.0,801.94,545.14,256.8,Mobile App
S07776,2024-08-23,ST12,C0167,P056,2,647.27,0.0,1294.54,798.74,495.8,Retail Store
S07777,2024-06-08,ST01,C0477,P067,1,278.89,0.0,278.89,179.98,98.91,Online
S07778,2025-04-24,ST02,C0072,P044,1,670.76,0.0,670.76,448.05,222.71,Marketplace
S07779,2024-12-07,ST01,C0300,P056,1,647.27,0.0,647.27,399.37,247.9,Mobile App
S07780,2024-04-23,ST15,C0302,P050,2,251.3,0.15,427.21,259.28,167.93,Mobile App
S07781,2023-04-28,ST09,C0275,P023,5,589.93,0.0,2949.65,2099.35,850.3,Mobile App
S07782,2023-10-23,ST01,C0453,P058,2,558.35,0.0,1116.7,499.6,617.1,Online
S07783,2025-05-20,ST02,C0125,P006,1,826.37,0.15,702.41,423.08,279.33,Online
S07784,2023-11-14,ST14,C0086,P087,2,643.14,0.1,1157.65,717.9,439.75,Marketplace
S07785,2024-07-16,ST12,C0406,P012,4,703.62,0.0,2814.48,1366.48,1448.0,Online
S07786,2024-01-03,ST15,C0082,P096,2,612.7,0.0,1225.4,829.84,395.56,Online
S07787,2023-02-10,ST07,C0484,P056,2,647.27,0.1,1165.09,798.74,366.35,Marketplace
S07788,2025-02-15,ST13,C0065,P038,2,348.21,0.05,661.6,431.32,230.28,Marketplace
S07789,2023-05-26,ST03,C0200,P070,1,819.07,0.05,778.12,399.6,378.52,Mobile App
S07790,2023-03-29,ST03,C0242,P024,1,908.43,0.1,817.59,427.45,390.14,Marketplace
S07791,2023-04-07,ST01,C0194,P095,1,139.42,0.15,118.51,99.75,18.76,Online
S07792,2025-05-01,ST09,C0004,P020,1,796.23,0.05,756.42,412.87,343.55,Marketplace
S07793,2024-03-10,ST14,C0116,P072,1,110.76,0.0,110.76,70.94,39.82,Marketplace
S07794,2024-11-23,ST12,C0490,P011,1,309.34,0.0,309.34,193.14,116.2,Marketplace
S07795,2025-06-12,ST09,C0341,P024,3,908.43,0.0,2725.29,1282.35,1442.94,Online
S07796,2025-01-06,ST11,C0327,P035,2,381.12,0.0,762.24,351.16,411.08,Mobile App
S07797,2024-10-29,ST06,C0125,P062,4,800.1,0.05,3040.38,1639.08,1401.3,Online
S07798,2023-08-04,ST11,C0489,P025,1,788.41,0.0,788.41,350.48,437.93,Marketplace
S07799,2025-03-30,ST12,C0330,P064,2,189.25,0.0,378.5,187.34,191.16,Retail Store
S07800,2023-06-08,ST04,C0170,P033,1,760.26,0.0,760.26,422.59,337.67,Mobile App
S07801,2025-03-24,ST08,C0300,P091,3,512.66,0.0,1537.98,1103.37,434.61,Retail Store
S07802,2024-11-19,ST08,C0398,P017,2,780.73,0.0,1561.46,781.66,779.8,Online
S07803,2024-01-18,ST06,C0282,P022,1,753.54,0.05,715.86,415.36,300.5,Retail Store
S07804,2023-02-28,ST03,C0364,P040,2,151.24,0.0,302.48,133.22,169.26,Retail Store
S07805,2024-07-11,ST03,C0373,P098,2,610.44,0.0,1220.88,570.76,650.12,Mobile App
S07806,2023-04-15,ST15,C0149,P044,1,670.76,0.05,637.22,448.05,189.17,Online
S07807,2025-02-10,ST08,C0408,P075,1,347.7,0.05,330.31,174.24,156.07,Retail Store
S07808,2023-03-08,ST02,C0054,P038,1,348.21,0.05,330.8,215.66,115.14,Marketplace
S07809,2024-11-26,ST14,C0276,P072,2,110.76,0.0,221.52,141.88,79.64,Mobile App
S07810,2024-07-06,ST11,C0216,P075,2,347.7,0.0,695.4,348.48,346.92,Marketplace
S07811,2025-02-04,ST04,C0236,P083,4,543.94,0.1,1958.18,1323.6,634.58,Marketplace
S07812,2025-04-21,ST10,C0195,P044,1,670.76,0.0,670.76,448.05,222.71,Mobile App
S07813,2023-10-20,ST11,C0264,P036,2,539.12,0.0,1078.24,622.36,455.88,Marketplace
S07814,2024-09-28,ST04,C0383,P064,3,189.25,0.0,567.75,281.01,286.74,Online
S07815,2023-12-11,ST10,C0092,P092,2,496.59,0.0,993.18,569.58,423.6,Online
S07816,2025-06-19,ST10,C0279,P037,1,559.57,0.0,559.57,365.25,194.32,Mobile App
S07817,2024-06-06,ST15,C0239,P069,1,952.97,0.15,810.02,438.88,371.14,Marketplace
S07818,2023-07-01,ST11,C0006,P004,1,700.29,0.05,665.28,393.26,272.02,Online
S07819,2023-08-19,ST10,C0347,P031,3,173.34,0.0,520.02,366.9,153.12,Mobile App
S07820,2024-02-03,ST10,C0431,P075,3,347.7,0.15,886.63,522.72,363.91,Mobile App
S07821,2023-09-18,ST05,C0216,P021,3,414.87,0.0,1244.61,551.73,692.88,Marketplace
S07822,2023-07-03,ST11,C0013,P053,4,512.39,0.1,1844.6,1241.88,602.72,Mobile App
S07823,2023-05-28,ST02,C0031,P027,1,598.23,0.0,598.23,345.99,252.24,Retail Store
S07824,2025-01-11,ST04,C0441,P029,1,230.02,0.1,207.02,120.5,86.52,Retail Store
S07825,2025-01-06,ST04,C0061,P089,1,178.67,0.15,151.87,97.12,54.75,Marketplace
S07826,2023-06-25,ST13,C0444,P012,2,703.62,0.05,1336.88,683.24,653.64,Online
S07827,2024-06-14,ST04,C0115,P070,2,819.07,0.0,1638.14,799.2,838.94,Marketplace
S07828,2024-07-27,ST01,C0320,P071,2,573.25,0.0,1146.5,715.02,431.48,Retail Store
S07829,2024-09-01,ST11,C0277,P005,1,187.0,0.0,187.0,94.13,92.87,Retail Store
S07830,2023-07-05,ST04,C0420,P047,2,583.71,0.0,1167.42,831.48,335.94,Marketplace
S07831,2025-01-07,ST13,C0429,P036,2,539.12,0.0,1078.24,622.36,455.88,Mobile App
S07832,2025-03-24,ST01,C0235,P052,1,179.16,0.0,179.16,111.81,67.35,Marketplace
S07833,2023-11-24,ST09,C0085,P063,1,85.52,0.05,81.24,43.74,37.5,Retail Store
S07834,2024-01-07,ST07,C0475,P041,1,148.6,0.0,148.6,95.68,52.92,Marketplace
S07835,2024-05-12,ST06,C0318,P085,1,595.13,0.05,565.37,307.6,257.77,Mobile App
S07836,2023-03-07,ST08,C0492,P046,1,653.19,0.0,653.19,342.89,310.3,Mobile App
S07837,2023-06-18,ST06,C0292,P079,2,118.05,0.0,236.1,148.3,87.8,Retail Store
S07838,2024-10-27,ST15,C0166,P044,1,670.76,0.15,570.15,448.05,122.1,Online
S07839,2025-04-09,ST07,C0323,P089,2,178.67,0.0,357.34,194.24,163.1,Retail Store
S07840,2024-08-08,ST05,C0059,P057,3,866.66,0.1,2339.98,1138.02,1201.96,Mobile App
S07841,2024-03-28,ST02,C0460,P037,1,559.57,0.1,503.61,365.25,138.36,Online
S07842,2025-01-28,ST03,C0177,P080,3,421.17,0.15,1073.98,630.96,443.02,Mobile App
S07843,2024-06-03,ST14,C0379,P017,1,780.73,0.15,663.62,390.83,272.79,Mobile App
S07844,2024-03-07,ST15,C0415,P019,2,451.75,0.0,903.5,435.66,467.84,Marketplace
S07845,2023-11-17,ST09,C0397,P086,1,320.59,0.15,272.5,197.58,74.92,Online
S07846,2024-07-17,ST02,C0389,P100,2,691.45,0.05,1313.76,763.88,549.88,Mobile App
S07847,2024-05-23,ST02,C0448,P013,2,633.58,0.1,1140.44,813.14,327.3,Online
S07848,2023-05-06,ST14,C0154,P012,4,703.62,0.0,2814.48,1366.48,1448.0,Marketplace
S07849,2023-03-03,ST05,C0364,P038,3,348.21,0.0,1044.63,646.98,397.65,Online
S07850,2024-01-25,ST04,C0412,P008,2,682.79,0.0,1365.58,634.94,730.64,Online
S07851,2023-12-09,ST07,C0323,P061,1,603.93,0.1,543.54,329.99,213.55,Mobile App
S07852,2023-03-06,ST01,C0104,P060,2,550.86,0.1,991.55,681.06,310.49,Online
S07853,2023-03-13,ST01,C0487,P039,3,839.98,0.0,2519.94,1189.98,1329.96,Mobile App
S07854,2024-12-13,ST04,C0440,P088,1,656.76,0.0,656.76,312.14,344.62,Retail Store
S07855,2023-09-29,ST05,C0378,P022,1,753.54,0.0,753.54,415.36,338.18,Retail Store
S07856,2023-04-18,ST03,C0360,P095,2,139.42,0.1,250.96,199.5,51.46,Online
S07857,2023-07-30,ST04,C0224,P099,1,381.31,0.0,381.31,214.51,166.8,Retail Store
S07858,2024-07-01,ST02,C0129,P074,2,440.89,0.0,881.78,388.7,493.08,Retail Store
S07859,2023-10-29,ST01,C0462,P071,1,573.25,0.0,573.25,357.51,215.74,Online
S07860,2023-07-24,ST10,C0245,P046,1,653.19,0.0,653.19,342.89,310.3,Retail Store
S07861,2025-05-06,ST05,C0014,P091,1,512.66,0.05,487.03,367.79,119.24,Mobile App
S07862,2025-04-20,ST13,C0070,P012,1,703.62,0.15,598.08,341.62,256.46,Online
S07863,2023-08-18,ST05,C0167,P020,1,796.23,0.05,756.42,412.87,343.55,Retail Store
S07864,2024-10-02,ST15,C0284,P012,1,703.62,0.1,633.26,341.62,291.64,Retail Store
S07865,2023-03-03,ST13,C0105,P015,2,411.34,0.0,822.68,583.32,239.36,Online
S07866,2025-03-04,ST09,C0411,P034,3,530.96,0.15,1353.95,1104.57,249.38,Mobile App
S07867,2025-05-31,ST04,C0036,P061,1,603.93,0.0,603.93,329.99,273.94,Marketplace
S07868,2023-03-10,ST15,C0091,P089,4,178.67,0.05,678.95,388.48,290.47,Marketplace
S07869,2024-06-08,ST02,C0213,P070,3,819.07,0.0,2457.21,1198.8,1258.41,Marketplace
S07870,2025-02-16,ST14,C0149,P031,2,173.34,0.0,346.68,244.6,102.08,Retail Store
S07871,2025-04-28,ST03,C0060,P099,1,381.31,0.0,381.31,214.51,166.8,Online
S07872,2024-03-31,ST15,C0045,P080,3,421.17,0.15,1073.98,630.96,443.02,Online
S07873,2023-12-30,ST04,C0043,P065,3,54.39,0.0,163.17,87.33,75.84,Retail Store
S07874,2023-02-21,ST14,C0304,P038,2,348.21,0.0,696.42,431.32,265.1,Retail Store
S07875,2024-09-27,ST09,C0317,P021,1,414.87,0.1,373.38,183.91,189.47,Retail Store
S07876,2023-04-12,ST11,C0280,P072,2,110.76,0.1,199.37,141.88,57.49,Retail Store
S07877,2024-03-05,ST11,C0195,P075,1,347.7,0.05,330.31,174.24,156.07,Mobile App
S07878,2025-04-15,ST04,C0081,P047,2,583.71,0.0,1167.42,831.48,335.94,Retail Store
S07879,2023-08-28,ST14,C0295,P087,2,643.14,0.1,1157.65,717.9,439.75,Retail Store
S07880,2023-01-28,ST02,C0079,P066,1,400.97,0.15,340.82,272.57,68.25,Online
S07881,2023-11-04,ST07,C0165,P025,1,788.41,0.1,709.57,350.48,359.09,Online
S07882,2023-08-26,ST03,C0227,P013,6,633.58,0.0,3801.48,2439.42,1362.06,Marketplace
S07883,2023-11-01,ST08,C0205,P081,1,595.21,0.0,595.21,338.24,256.97,Mobile App
S07884,2024-11-27,ST12,C0451,P092,1,496.59,0.0,496.59,284.79,211.8,Marketplace
S07885,2023-05-07,ST14,C0006,P011,2,309.34,0.15,525.88,386.28,139.6,Online
S07886,2024-05-13,ST15,C0281,P089,1,178.67,0.1,160.8,97.12,63.68,Retail Store
S07887,2024-10-30,ST15,C0059,P080,5,421.17,0.1,1895.26,1051.6,843.66,Marketplace
S07888,2025-04-21,ST06,C0019,P038,2,348.21,0.0,696.42,431.32,265.1,Retail Store
S07889,2024-08-27,ST04,C0370,P031,1,173.34,0.0,173.34,122.3,51.04,Retail Store
S07890,2025-03-11,ST04,C0455,P098,3,610.44,0.0,1831.32,856.14,975.18,Mobile App
S07891,2023-08-03,ST07,C0189,P076,1,361.84,0.0,361.84,165.74,196.1,Marketplace
S07892,2023-03-08,ST15,C0132,P010,1,177.97,0.1,160.17,114.67,45.5,Marketplace
S07893,2025-05-13,ST06,C0201,P099,3,381.31,0.0,1143.93,643.53,500.4,Marketplace
S07894,2025-04-03,ST13,C0178,P059,5,618.97,0.15,2630.62,2120.25,510.37,Online
S07895,2024-10-02,ST14,C0363,P046,2,653.19,0.15,1110.42,685.78,424.64,Marketplace
S07896,2024-11-28,ST02,C0116,P020,1,796.23,0.05,756.42,412.87,343.55,Online
S07897,2023-02-02,ST01,C0202,P016,2,442.1,0.0,884.2,556.5,327.7,Marketplace
S07898,2025-06-12,ST12,C0258,P083,2,543.94,0.0,1087.88,661.8,426.08,Retail Store
S07899,2025-05-15,ST14,C0498,P084,1,240.69,0.15,204.59,163.63,40.96,Retail Store
S07900,2024-06-28,ST15,C0395,P041,1,148.6,0.15,126.31,95.68,30.63,Marketplace
S07901,2024-07-11,ST04,C0489,P004,3,700.29,0.1,1890.78,1179.78,711.0,Marketplace
S07902,2023-03-15,ST01,C0106,P099,2,381.31,0.05,724.49,429.02,295.47,Marketplace
S07903,2024-05-17,ST01,C0012,P060,1,550.86,0.0,550.86,340.53,210.33,Mobile App
S07904,2025-05-12,ST10,C0468,P052,2,179.16,0.05,340.4,223.62,116.78,Marketplace
S07905,2023-09-04,ST04,C0310,P088,3,656.76,0.15,1674.74,936.42,738.32,Online
S07906,2023-02-08,ST04,C0127,P099,1,381.31,0.15,324.11,214.51,109.6,Marketplace
S07907,2023-02-02,ST08,C0015,P008,2,682.79,0.0,1365.58,634.94,730.64,Mobile App
S07908,2024-04-07,ST01,C0420,P067,1,278.89,0.0,278.89,179.98,98.91,Marketplace
S07909,2024-08-15,ST11,C0141,P009,1,211.8,0.0,211.8,122.35,89.45,Marketplace
S07910,2024-01-29,ST03,C0128,P026,1,311.93,0.0,311.93,137.65,174.28,Mobile App
S07911,2023-10-04,ST01,C0433,P028,3,535.81,0.05,1527.06,903.6,623.46,Mobile App
S07912,2025-02-13,ST08,C0399,P069,1,952.97,0.0,952.97,438.88,514.09,Mobile App
S07913,2025-06-04,ST12,C0278,P090,4,573.25,0.1,2063.7,1152.76,910.94,Online
S07914,2023-01-20,ST11,C0449,P080,1,421.17,0.0,421.17,210.32,210.85,Online
S07915,2023-02-20,ST10,C0172,P060,5,550.86,0.15,2341.16,1702.65,638.51,Retail Store
S07916,2024-12-05,ST03,C0253,P074,2,440.89,0.0,881.78,388.7,493.08,Mobile App
S07917,2025-01-09,ST12,C0430,P070,1,819.07,0.0,819.07,399.6,419.47,Mobile App
S07918,2024-05-01,ST06,C0485,P071,1,573.25,0.15,487.26,357.51,129.75,Mobile App
S07919,2025-02-22,ST14,C0162,P046,1,653.19,0.0,653.19,342.89,310.3,Online
S07920,2024-09-13,ST02,C0394,P080,2,421.17,0.1,758.11,420.64,337.47,Marketplace
S07921,2024-11-03,ST04,C0494,P004,2,700.29,0.0,1400.58,786.52,614.06,Online
S07922,2024-05-18,ST04,C0385,P100,2,691.45,0.05,1313.76,763.88,549.88,Marketplace
S07923,2023-02-17,ST15,C0288,P070,4,819.07,0.0,3276.28,1598.4,1677.88,Marketplace
S07924,2024-11-28,ST15,C0203,P026,1,311.93,0.1,280.74,137.65,143.09,Online
S07925,2024-09-25,ST04,C0488,P019,1,451.75,0.1,406.57,217.83,188.74,Retail Store
S07926,2024-01-27,ST12,C0133,P005,2,187.0,0.0,374.0,188.26,185.74,Marketplace
S07927,2024-01-24,ST06,C0225,P033,1,760.26,0.1,684.23,422.59,261.64,Mobile App
S07928,2023-05-06,ST15,C0216,P053,2,512.39,0.0,1024.78,620.94,403.84,Marketplace
S07929,2024-02-03,ST12,C0246,P095,2,139.42,0.0,278.84,199.5,79.34,Retail Store
S07930,2025-03-28,ST08,C0119,P051,4,502.39,0.0,2009.56,1217.52,792.04,Online
S07931,2025-06-14,ST04,C0205,P005,2,187.0,0.0,374.0,188.26,185.74,Marketplace
S07932,2023-12-01,ST15,C0177,P043,1,241.25,0.0,241.25,137.71,103.54,Marketplace
S07933,2023-06-26,ST01,C0205,P062,4,800.1,0.0,3200.4,1639.08,1561.32,Mobile App
S07934,2024-02-02,ST05,C0263,P046,2,653.19,0.0,1306.38,685.78,620.6,Retail Store
S07935,2023-02-22,ST13,C0384,P015,1,411.34,0.0,411.34,291.66,119.68,Mobile App
S07936,2023-07-31,ST08,C0190,P011,2,309.34,0.0,618.68,386.28,232.4,Retail Store
S07937,2024-06-20,ST12,C0160,P091,1,512.66,0.0,512.66,367.79,144.87,Marketplace
S07938,2023-07-26,ST07,C0038,P009,1,211.8,0.1,190.62,122.35,68.27,Marketplace
S07939,2024-11-11,ST05,C0053,P016,3,442.1,0.05,1259.99,834.75,425.24,Retail Store
S07940,2025-03-20,ST07,C0450,P026,1,311.93,0.0,311.93,137.65,174.28,Retail Store
S07941,2024-12-23,ST03,C0312,P067,1,278.89,0.05,264.95,179.98,84.97,Retail Store
S07942,2024-06-01,ST06,C0175,P043,1,241.25,0.15,205.06,137.71,67.35,Mobile App
S07943,2025-06-21,ST06,C0498,P049,1,878.21,0.0,878.21,391.27,486.94,Online
S07944,2023-01-14,ST09,C0204,P095,4,139.42,0.0,557.68,399.0,158.68,Marketplace
S07945,2024-10-17,ST05,C0386,P065,1,54.39,0.0,54.39,29.11,25.28,Marketplace
S07946,2025-01-10,ST05,C0046,P058,6,558.35,0.0,3350.1,1498.8,1851.3,Online
S07947,2023-03-11,ST13,C0450,P038,1,348.21,0.15,295.98,215.66,80.32,Mobile App
S07948,2023-04-26,ST06,C0352,P081,2,595.21,0.0,1190.42,676.48,513.94,Mobile App
S07949,2023-06-14,ST11,C0182,P073,1,238.26,0.05,226.35,173.6,52.75,Marketplace
S07950,2023-02-09,ST04,C0005,P004,3,700.29,0.0,2100.87,1179.78,921.09,Retail Store
S07951,2023-11-15,ST07,C0308,P012,2,703.62,0.15,1196.15,683.24,512.91,Online
S07952,2024-08-19,ST13,C0255,P020,1,796.23,0.0,796.23,412.87,383.36,Online
S07953,2023-08-11,ST13,C0193,P067,2,278.89,0.1,502.0,359.96,142.04,Marketplace
S07954,2023-09-24,ST03,C0352,P035,1,381.12,0.15,323.95,175.58,148.37,Retail Store
S07955,2024-07-06,ST12,C0439,P084,1,240.69,0.05,228.66,163.63,65.03,Online
S07956,2024-03-12,ST09,C0409,P050,1,251.3,0.0,251.3,129.64,121.66,Mobile App
S07957,2023-04-22,ST14,C0403,P085,2,595.13,0.0,1190.26,615.2,575.06,Mobile App
S07958,2023-03-11,ST08,C0324,P087,1,643.14,0.0,643.14,358.95,284.19,Online
S07959,2023-08-16,ST13,C0016,P034,2,530.96,0.15,902.63,736.38,166.25,Retail Store
S07960,2024-05-10,ST15,C0350,P053,2,512.39,0.0,1024.78,620.94,403.84,Retail Store
S07961,2024-03-26,ST02,C0059,P070,1,819.07,0.0,819.07,399.6,419.47,Marketplace
S07962,2024-10-31,ST05,C0405,P089,1,178.67,0.0,178.67,97.12,81.55,Online
S07963,2023-11-22,ST09,C0418,P036,2,539.12,0.15,916.5,622.36,294.14,Mobile App
S07964,2025-04-13,ST04,C0140,P072,3,110.76,0.15,282.44,212.82,69.62,Marketplace
S07965,2023-07-20,ST01,C0018,P060,1,550.86,0.15,468.23,340.53,127.7,Marketplace
S07966,2024-10-11,ST08,C0415,P023,5,589.93,0.1,2654.68,2099.35,555.33,Mobile App
S07967,2025-05-07,ST10,C0339,P092,2,496.59,0.0,993.18,569.58,423.6,Retail Store
S07968,2024-12-11,ST03,C0416,P040,1,151.24,0.1,136.12,66.61,69.51,Mobile App
S07969,2023-09-24,ST10,C0146,P033,1,760.26,0.15,646.22,422.59,223.63,Marketplace
S07970,2024-08-18,ST06,C0295,P055,2,374.11,0.0,748.22,506.98,241.24,Online
S07971,2024-04-24,ST13,C0380,P011,1,309.34,0.15,262.94,193.14,69.8,Marketplace
S07972,2023-09-01,ST06,C0358,P090,1,573.25,0.05,544.59,288.19,256.4,Online
S07973,2024-09-27,ST03,C0176,P061,1,603.93,0.1,543.54,329.99,213.55,Retail Store
S07974,2024-04-03,ST07,C0058,P002,2,441.21,0.15,750.06,575.74,174.32,Retail Store
S07975,2023-02-19,ST04,C0229,P083,2,543.94,0.0,1087.88,661.8,426.08,Mobile App
S07976,2025-03-31,ST11,C0297,P060,1,550.86,0.0,550.86,340.53,210.33,Mobile App
S07977,2024-10-04,ST04,C0095,P075,1,347.7,0.0,347.7,174.24,173.46,Retail Store
S07978,2024-07-20,ST04,C0365,P053,3,512.39,0.1,1383.45,931.41,452.04,Online
S07979,2023-09-12,ST05,C0217,P021,1,414.87,0.15,352.64,183.91,168.73,Marketplace
S07980,2023-07-05,ST11,C0047,P092,2,496.59,0.15,844.2,569.58,274.62,Retail Store
S07981,2023-05-05,ST08,C0047,P007,1,572.81,0.0,572.81,334.88,237.93,Marketplace
S07982,2025-06-08,ST02,C0495,P072,1,110.76,0.0,110.76,70.94,39.82,Mobile App
S07983,2023-07-30,ST06,C0336,P082,3,824.42,0.05,2349.6,1248.99,1100.61,Marketplace
S07984,2024-11-06,ST12,C0378,P010,1,177.97,0.0,177.97,114.67,63.3,Retail Store
S07985,2023-07-12,ST13,C0448,P035,4,381.12,0.1,1372.03,702.32,669.71,Mobile App
S07986,2023-12-06,ST02,C0145,P072,6,110.76,0.15,564.88,425.64,139.24,Mobile App
S07987,2025-01-13,ST12,C0321,P023,1,589.93,0.15,501.44,419.87,81.57,Online
S07988,2023-05-10,ST06,C0366,P041,3,148.6,0.0,445.8,287.04,158.76,Online
S07989,2025-06-09,ST08,C0110,P082,3,824.42,0.0,2473.26,1248.99,1224.27,Marketplace
S07990,2024-09-28,ST14,C0184,P092,3,496.59,0.05,1415.28,854.37,560.91,Marketplace
S07991,2024-08-15,ST02,C0285,P074,1,440.89,0.15,374.76,194.35,180.41,Online
S07992,2024-02-18,ST03,C0471,P007,1,572.81,0.05,544.17,334.88,209.29,Mobile App
S07993,2023-04-15,ST11,C0141,P049,1,878.21,0.05,834.3,391.27,443.03,Marketplace
S07994,2024-03-30,ST02,C0424,P013,1,633.58,0.0,633.58,406.57,227.01,Online
S07995,2023-01-31,ST02,C0374,P094,2,634.83,0.1,1142.69,607.64,535.05,Marketplace
S07996,2023-09-11,ST15,C0346,P005,6,187.0,0.1,1009.8,564.78,445.02,Mobile App
S07997,2023-12-16,ST12,C0478,P010,1,177.97,0.0,177.97,114.67,63.3,Marketplace
S07998,2025-01-23,ST02,C0296,P094,1,634.83,0.0,634.83,303.82,331.01,Marketplace
S07999,2023-03-18,ST05,C0039,P016,1,442.1,0.05,420.0,278.25,141.75,Mobile App
S08000,2023-09-12,ST12,C0196,P033,1,760.26,0.15,646.22,422.59,223.63,Retail Store
