OrderID,OrderDate,ProductID,Quantity,UnitPrice,SalesAmount,Channel,Region
ORD00001,2023-06-05,PRD013,1,107.72,107.72,Marketplace,North
ORD00002,2023-07-13,PRD012,3,236.48,709.44,Website,West
ORD00003,2024-11-12,PRD025,3,29.76,89.28,Marketplace,South
ORD00004,2024-10-05,PRD006,1,149.92,149.92,Mobile App,South
ORD00005,2024-10-03,PRD010,4,287.73,1150.92,Website,East
ORD00006,2023-09-27,PRD016,1,193.43,193.43,Marketplace,West
ORD00007,2023-04-26,PRD024,2,191.91,383.82,Website,North
ORD00008,2024-08-31,PRD007,1,126.34,126.34,Marketplace,South
ORD00009,2024-05-28,PRD016,4,193.43,773.72,Website,East
ORD00010,2024-03-22,PRD016,4,193.43,773.72,Website,North
ORD00011,2024-12-21,PRD011,1,94.78,94.78,Mobile App,North
ORD00012,2024-04-22,PRD013,1,107.72,107.72,Website,West
ORD00013,2023-01-06,PRD022,2,143.36,286.72,Marketplace,South
ORD00014,2024-08-19,PRD030,1,210.91,210.91,Website,South
ORD00015,2023-08-07,PRD016,1,193.43,193.43,Mobile App,North
ORD00016,2024-04-29,PRD008,2,168.52,337.04,Website,South
ORD00017,2024-11-16,PRD021,1,128.81,128.81,Mobile App,North
ORD00018,2023-04-09,PRD015,2,223.07,446.14,Marketplace,North
ORD00019,2023-03-26,PRD027,1,94.6,94.6,Website,West
ORD00020,2023-03-20,PRD020,2,65.35,130.7,Website,South
ORD00021,2024-02-08,PRD014,3,135.15,405.45,Marketplace,West
ORD00022,2023-07-18,PRD011,1,94.78,94.78,Marketplace,South
ORD00023,2024-03-17,PRD011,2,94.78,189.56,Website,South
ORD00024,2024-06-07,PRD011,1,94.78,94.78,Website,East
ORD00025,2023-05-29,PRD005,4,35.21,140.84,Website,East
ORD00026,2024-04-07,PRD018,2,214.78,429.56,Mobile App,South
ORD00027,2023-07-12,PRD030,1,210.91,210.91,Website,North
ORD00028,2023-12-23,PRD026,4,271.02,1084.08,Website,North
ORD00029,2024-10-22,PRD029,4,127.64,510.56,Website,North
ORD00030,2024-09-09,PRD001,2,246.2,492.4,Website,East
ORD00031,2023-03-09,PRD014,4,135.15,540.6,Marketplace,South
ORD00032,2023-11-06,PRD007,2,126.34,252.68,Marketplace,East
ORD00033,2023-07-21,PRD017,4,44.19,176.76,Mobile App,South
ORD00034,2023-01-03,PRD006,1,149.92,149.92,Marketplace,South
ORD00035,2024-07-16,PRD023,4,200.74,802.96,Marketplace,North
ORD00036,2024-04-10,PRD021,3,128.81,386.43,Mobile App,West
ORD00037,2023-07-11,PRD001,2,246.2,492.4,Website,North
ORD00038,2024-06-25,PRD017,1,44.19,44.19,Marketplace,East
ORD00039,2024-02-07,PRD028,2,153.88,307.76,Mobile App,South
ORD00040,2023-11-09,PRD009,1,126.96,126.96,Website,North
ORD00041,2023-01-08,PRD026,2,271.02,542.04,Marketplace,West
ORD00042,2023-02-24,PRD016,2,193.43,386.86,Website,North
ORD00043,2024-10-06,PRD002,3,243.82,731.46,Mobile App,South
ORD00044,2024-10-21,PRD014,3,135.15,405.45,Mobile App,West
ORD00045,2024-02-03,PRD002,1,243.82,243.82,Marketplace,North
ORD00046,2024-09-01,PRD030,2,210.91,421.82,Website,North
ORD00047,2024-03-01,PRD016,1,193.43,193.43,Website,South
ORD00048,2023-04-19,PRD024,4,191.91,767.64,Marketplace,East
ORD00049,2023-04-04,PRD014,2,135.15,270.3,Marketplace,East
ORD00050,2023-08-14,PRD008,1,168.52,168.52,Mobile App,South
ORD00051,2024-10-18,PRD004,2,86.63,173.26,Marketplace,West
ORD00052,2024-08-04,PRD028,2,153.88,307.76,Mobile App,South
ORD00053,2024-09-20,PRD003,4,186.75,747.0,Marketplace,West
ORD00054,2024-10-18,PRD002,4,243.82,975.28,Website,South
ORD00055,2023-06-03,PRD030,4,210.91,843.64,Website,West
ORD00056,2023-07-02,PRD012,2,236.48,472.96,Mobile App,South
ORD00057,2023-03-17,PRD021,3,128.81,386.43,Mobile App,South
ORD00058,2024-07-23,PRD011,2,94.78,189.56,Website,North
ORD00059,2024-10-07,PRD009,2,126.96,253.92,Website,West
ORD00060,2023-10-24,PRD015,4,223.07,892.28,Website,East
ORD00061,2024-03-29,PRD008,3,168.52,505.56,Marketplace,South
ORD00062,2023-04-23,PRD026,2,271.02,542.04,Marketplace,South
ORD00063,2024-11-09,PRD003,4,186.75,747.0,Marketplace,West
ORD00064,2024-09-23,PRD028,2,153.88,307.76,Marketplace,West
ORD00065,2024-12-13,PRD027,4,94.6,378.4,Mobile App,North
ORD00066,2024-08-14,PRD024,4,191.91,767.64,Marketplace,South
ORD00067,2024-10-05,PRD008,3,168.52,505.56,Mobile App,South
ORD00068,2023-01-19,PRD029,2,127.64,255.28,Marketplace,North
ORD00069,2024-06-21,PRD014,1,135.15,135.15,Website,West
ORD00070,2023-08-31,PRD024,1,191.91,191.91,Mobile App,West
ORD00071,2024-11-10,PRD016,1,193.43,193.43,Mobile App,West
ORD00072,2024-08-08,PRD008,1,168.52,168.52,Marketplace,North
ORD00073,2024-09-22,PRD023,4,200.74,802.96,Website,South
ORD00074,2024-08-14,PRD012,3,236.48,709.44,Website,North
ORD00075,2023-07-14,PRD001,4,246.2,984.8,Marketplace,East
ORD00076,2024-07-28,PRD006,4,149.92,599.68,Marketplace,North
ORD00077,2023-03-20,PRD015,4,223.07,892.28,Website,West
ORD00078,2024-09-28,PRD006,3,149.92,449.76,Marketplace,West
ORD00079,2024-09-18,PRD023,1,200.74,200.74,Marketplace,North
ORD00080,2023-06-12,PRD013,3,107.72,323.16,Marketplace,North
ORD00081,2024-08-19,PRD010,4,287.73,1150.92,Mobile App,South
ORD00082,2023-12-03,PRD026,1,271.02,271.02,Marketplace,East
ORD00083,2023-08-11,PRD024,1,191.91,191.91,Marketplace,East
ORD00084,2024-08-03,PRD029,1,127.64,127.64,Website,West
ORD00085,2023-06-16,PRD012,4,236.48,945.92,Marketplace,North
ORD00086,2023-01-18,PRD012,3,236.48,709.44,Website,North
ORD00087,2023-05-21,PRD018,2,214.78,429.56,Website,East
ORD00088,2023-08-28,PRD008,1,168.52,168.52,Marketplace,West
ORD00089,2024-09-22,PRD024,2,191.91,383.82,Marketplace,South
ORD00090,2024-12-06,PRD011,3,94.78,284.34,Mobile App,West
ORD00091,2023-07-23,PRD009,1,126.96,126.96,Website,East
ORD00092,2024-04-13,PRD012,4,236.48,945.92,Mobile App,North
ORD00093,2023-10-19,PRD016,3,193.43,580.29,Mobile App,East
ORD00094,2024-12-17,PRD026,1,271.02,271.02,Website,West
ORD00095,2024-01-27,PRD003,1,186.75,186.75,Mobile App,South
ORD00096,2024-11-16,PRD010,1,287.73,287.73,Website,South
ORD00097,2023-03-26,PRD009,1,126.96,126.96,Marketplace,South
ORD00098,2024-12-09,PRD016,2,193.43,386.86,Website,North
ORD00099,2023-05-11,PRD010,4,287.73,1150.92,Marketplace,South
ORD00100,2024-12-03,PRD016,3,193.43,580.29,Mobile App,West
ORD00101,2023-07-13,PRD024,1,191.91,191.91,Mobile App,South
ORD00102,2023-03-21,PRD003,1,186.75,186.75,Website,East
ORD00103,2023-11-14,PRD014,3,135.15,405.45,Marketplace,East
ORD00104,2024-06-15,PRD016,4,193.43,773.72,Mobile App,East
ORD00105,2023-08-17,PRD019,2,198.86,397.72,Mobile App,South
ORD00106,2024-03-18,PRD026,3,271.02,813.06,Website,West
ORD00107,2024-01-09,PRD012,3,236.48,709.44,Website,South
ORD00108,2023-10-09,PRD012,3,236.48,709.44,Mobile App,South
ORD00109,2024-02-25,PRD020,2,65.35,130.7,Marketplace,East
ORD00110,2023-07-05,PRD006,2,149.92,299.84,Marketplace,South
ORD00111,2024-06-01,PRD006,2,149.92,299.84,Website,North
ORD00112,2023-01-02,PRD011,2,94.78,189.56,Mobile App,East
ORD00113,2024-11-06,PRD012,2,236.48,472.96,Website,North
ORD00114,2024-01-29,PRD022,3,143.36,430.08,Mobile App,South
ORD00115,2024-06-09,PRD012,4,236.48,945.92,Marketplace,South
ORD00116,2024-06-25,PRD018,3,214.78,644.34,Website,North
ORD00117,2024-05-04,PRD013,4,107.72,430.88,Website,West
ORD00118,2023-09-23,PRD030,3,210.91,632.73,Website,North
ORD00119,2023-02-21,PRD024,3,191.91,575.73,Marketplace,East
ORD00120,2024-04-29,PRD016,3,193.43,580.29,Marketplace,South
ORD00121,2023-08-30,PRD026,4,271.02,1084.08,Mobile App,North
ORD00122,2023-08-18,PRD024,4,191.91,767.64,Website,South
ORD00123,2024-09-11,PRD022,1,143.36,143.36,Mobile App,North
ORD00124,2024-06-09,PRD013,2,107.72,215.44,Mobile App,East
ORD00125,2023-08-08,PRD003,3,186.75,560.25,Website,South
ORD00126,2023-08-14,PRD019,2,198.86,397.72,Mobile App,South
ORD00127,2023-10-26,PRD001,1,246.2,246.2,Marketplace,West
ORD00128,2023-10-21,PRD022,1,143.36,143.36,Marketplace,West
ORD00129,2023-08-04,PRD007,4,126.34,505.36,Mobile App,North
ORD00130,2023-04-03,PRD030,3,210.91,632.73,Mobile App,South
ORD00131,2023-11-03,PRD023,4,200.74,802.96,Mobile App,West
ORD00132,2024-11-17,PRD012,1,236.48,236.48,Mobile App,East
ORD00133,2024-05-09,PRD012,3,236.48,709.44,Mobile App,North
ORD00134,2024-10-21,PRD007,4,126.34,505.36,Marketplace,West
ORD00135,2024-03-25,PRD026,4,271.02,1084.08,Mobile App,South
ORD00136,2023-08-08,PRD026,4,271.02,1084.08,Marketplace,West
ORD00137,2024-02-04,PRD005,1,35.21,35.21,Website,South
ORD00138,2023-01-01,PRD010,4,287.73,1150.92,Marketplace,East
ORD00139,2023-07-29,PRD003,4,186.75,747.0,Website,North
ORD00140,2023-11-10,PRD014,3,135.15,405.45,Mobile App,South
ORD00141,2024-02-28,PRD018,4,214.78,859.12,Marketplace,South
ORD00142,2024-04-22,PRD007,2,126.34,252.68,Mobile App,East
ORD00143,2023-12-06,PRD018,4,214.78,859.12,Website,East
ORD00144,2023-11-19,PRD027,3,94.6,283.8,Mobile App,West
ORD00145,2023-06-06,PRD008,1,168.52,168.52,Website,South
ORD00146,2023-12-12,PRD009,3,126.96,380.88,Marketplace,West
ORD00147,2024-10-19,PRD004,3,86.63,259.89,Mobile App,South
ORD00148,2024-08-04,PRD016,2,193.43,386.86,Website,North
ORD00149,2023-05-04,PRD025,3,29.76,89.28,Mobile App,North
ORD00150,2023-03-03,PRD020,3,65.35,196.05,Marketplace,West
ORD00151,2024-01-12,PRD019,4,198.86,795.44,Mobile App,West
ORD00152,2024-04-07,PRD023,1,200.74,200.74,Mobile App,North
ORD00153,2023-09-02,PRD028,3,153.88,461.64,Website,North
ORD00154,2024-08-20,PRD005,3,35.21,105.63,Mobile App,South
ORD00155,2024-07-02,PRD012,2,236.48,472.96,Website,East
ORD00156,2024-05-06,PRD012,4,236.48,945.92,Marketplace,East
ORD00157,2023-06-13,PRD002,3,243.82,731.46,Mobile App,North
ORD00158,2023-05-26,PRD017,2,44.19,88.38,Marketplace,South
ORD00159,2023-01-18,PRD025,1,29.76,29.76,Marketplace,South
ORD00160,2023-06-28,PRD018,3,214.78,644.34,Mobile App,East
ORD00161,2023-12-13,PRD009,3,126.96,380.88,Website,East
ORD00162,2024-09-12,PRD027,2,94.6,189.2,Website,South
ORD00163,2023-02-23,PRD017,3,44.19,132.57,Mobile App,West
ORD00164,2023-10-30,PRD014,3,135.15,405.45,Website,North
ORD00165,2024-04-04,PRD007,2,126.34,252.68,Marketplace,South
ORD00166,2023-05-22,PRD027,2,94.6,189.2,Marketplace,North
ORD00167,2024-05-23,PRD014,4,135.15,540.6,Website,North
ORD00168,2023-12-27,PRD027,2,94.6,189.2,Website,West
ORD00169,2023-06-28,PRD012,3,236.48,709.44,Marketplace,East
ORD00170,2024-04-23,PRD005,4,35.21,140.84,Marketplace,East
ORD00171,2023-01-05,PRD006,3,149.92,449.76,Website,North
ORD00172,2024-07-02,PRD008,2,168.52,337.04,Marketplace,South
ORD00173,2024-07-16,PRD023,2,200.74,401.48,Mobile App,South
ORD00174,2023-03-19,PRD007,2,126.34,252.68,Website,West
ORD00175,2023-11-07,PRD023,1,200.74,200.74,Website,North
ORD00176,2023-05-09,PRD025,4,29.76,119.04,Mobile App,North
ORD00177,2024-11-30,PRD007,1,126.34,126.34,Website,North
ORD00178,2024-01-14,PRD016,1,193.43,193.43,Mobile App,North
ORD00179,2023-02-06,PRD003,3,186.75,560.25,Marketplace,North
ORD00180,2023-07-01,PRD025,1,29.76,29.76,Website,South
ORD00181,2024-09-11,PRD019,2,198.86,397.72,Website,East
ORD00182,2023-11-30,PRD001,1,246.2,246.2,Website,East
ORD00183,2024-08-08,PRD019,3,198.86,596.58,Mobile App,South
ORD00184,2024-05-02,PRD028,2,153.88,307.76,Marketplace,North
ORD00185,2024-12-22,PRD004,1,86.63,86.63,Marketplace,South
ORD00186,2024-03-10,PRD023,2,200.74,401.48,Mobile App,South
ORD00187,2024-11-24,PRD029,1,127.64,127.64,Marketplace,North
ORD00188,2024-10-12,PRD030,2,210.91,421.82,Marketplace,West
ORD00189,2024-03-23,PRD012,2,236.48,472.96,Mobile App,North
ORD00190,2024-06-09,PRD006,3,149.92,449.76,Mobile App,West
ORD00191,2024-01-04,PRD007,2,126.34,252.68,Mobile App,North
ORD00192,2024-08-29,PRD025,3,29.76,89.28,Website,West
ORD00193,2024-02-04,PRD004,2,86.63,173.26,Mobile App,East
ORD00194,2024-10-16,PRD023,3,200.74,602.22,Marketplace,North
ORD00195,2024-06-26,PRD003,3,186.75,560.25,Mobile App,North
ORD00196,2023-12-13,PRD013,3,107.72,323.16,Mobile App,East
ORD00197,2023-07-09,PRD022,4,143.36,573.44,Website,West
ORD00198,2023-06-30,PRD010,4,287.73,1150.92,Website,North
ORD00199,2024-04-10,PRD029,4,127.64,510.56,Marketplace,East
ORD00200,2024-07-13,PRD006,1,149.92,149.92,Marketplace,West
ORD00201,2024-01-16,PRD022,1,143.36,143.36,Mobile App,West
ORD00202,2024-04-02,PRD017,1,44.19,44.19,Website,South
ORD00203,2023-07-20,PRD013,4,107.72,430.88,Marketplace,North
ORD00204,2023-02-26,PRD024,2,191.91,383.82,Website,East
ORD00205,2023-07-28,PRD007,3,126.34,379.02,Website,West
ORD00206,2023-07-18,PRD004,2,86.63,173.26,Mobile App,West
ORD00207,2023-08-22,PRD009,3,126.96,380.88,Marketplace,West
ORD00208,2024-01-30,PRD012,4,236.48,945.92,Marketplace,West
ORD00209,2023-04-12,PRD016,3,193.43,580.29,Website,West
ORD00210,2023-06-18,PRD004,1,86.63,86.63,Mobile App,West
ORD00211,2024-05-21,PRD016,2,193.43,386.86,Marketplace,South
ORD00212,2024-05-30,PRD001,1,246.2,246.2,Marketplace,North
ORD00213,2023-02-16,PRD027,1,94.6,94.6,Mobile App,North
ORD00214,2023-10-25,PRD006,4,149.92,599.68,Marketplace,East
ORD00215,2024-02-01,PRD005,3,35.21,105.63,Marketplace,North
ORD00216,2023-10-31,PRD025,1,29.76,29.76,Marketplace,West
ORD00217,2023-05-31,PRD026,4,271.02,1084.08,Website,East
ORD00218,2023-11-03,PRD022,4,143.36,573.44,Mobile App,East
ORD00219,2024-10-22,PRD018,3,214.78,644.34,Marketplace,North
ORD00220,2024-03-02,PRD025,1,29.76,29.76,Mobile App,North
ORD00221,2024-05-22,PRD013,4,107.72,430.88,Mobile App,West
ORD00222,2024-09-17,PRD015,4,223.07,892.28,Website,North
ORD00223,2024-07-12,PRD006,3,149.92,449.76,Marketplace,South
ORD00224,2023-10-05,PRD016,4,193.43,773.72,Website,East
ORD00225,2023-01-05,PRD023,4,200.74,802.96,Mobile App,North
ORD00226,2023-09-14,PRD019,4,198.86,795.44,Marketplace,West
ORD00227,2024-07-04,PRD016,2,193.43,386.86,Marketplace,North
ORD00228,2024-09-15,PRD013,3,107.72,323.16,Mobile App,West
ORD00229,2024-11-27,PRD020,3,65.35,196.05,Mobile App,East
ORD00230,2023-11-02,PRD002,1,243.82,243.82,Marketplace,North
ORD00231,2024-06-29,PRD005,3,35.21,105.63,Mobile App,North
ORD00232,2024-02-03,PRD025,3,29.76,89.28,Mobile App,North
ORD00233,2024-03-16,PRD014,3,135.15,405.45,Mobile App,West
ORD00234,2023-06-10,PRD012,1,236.48,236.48,Marketplace,South
ORD00235,2023-06-10,PRD008,2,168.52,337.04,Marketplace,East
ORD00236,2023-11-15,PRD019,1,198.86,198.86,Marketplace,North
ORD00237,2023-01-22,PRD028,3,153.88,461.64,Website,East
ORD00238,2023-09-03,PRD006,1,149.92,149.92,Marketplace,East
ORD00239,2024-05-10,PRD002,4,243.82,975.28,Marketplace,West
ORD00240,2023-10-23,PRD019,4,198.86,795.44,Mobile App,North
ORD00241,2023-05-01,PRD023,4,200.74,802.96,Marketplace,North
ORD00242,2023-12-08,PRD011,4,94.78,379.12,Marketplace,West
ORD00243,2023-04-04,PRD011,1,94.78,94.78,Mobile App,North
ORD00244,2024-03-30,PRD023,2,200.74,401.48,Mobile App,West
ORD00245,2023-01-20,PRD017,3,44.19,132.57,Website,East
ORD00246,2023-10-15,PRD012,4,236.48,945.92,Website,West
ORD00247,2024-02-17,PRD021,1,128.81,128.81,Marketplace,South
ORD00248,2023-01-20,PRD010,3,287.73,863.19,Website,East
ORD00249,2024-04-14,PRD019,4,198.86,795.44,Website,North
ORD00250,2023-04-10,PRD023,1,200.74,200.74,Marketplace,East
ORD00251,2023-12-04,PRD009,1,126.96,126.96,Marketplace,West
ORD00252,2023-02-06,PRD014,2,135.15,270.3,Mobile App,North
ORD00253,2023-10-04,PRD021,3,128.81,386.43,Marketplace,East
ORD00254,2023-06-04,PRD014,3,135.15,405.45,Website,West
ORD00255,2023-08-27,PRD013,3,107.72,323.16,Marketplace,West
ORD00256,2024-07-09,PRD022,2,143.36,286.72,Website,South
ORD00257,2023-10-04,PRD019,4,198.86,795.44,Website,West
ORD00258,2024-07-02,PRD009,4,126.96,507.84,Marketplace,North
ORD00259,2024-08-30,PRD017,2,44.19,88.38,Mobile App,West
ORD00260,2023-07-04,PRD005,2,35.21,70.42,Website,East
ORD00261,2023-03-01,PRD028,4,153.88,615.52,Mobile App,East
ORD00262,2023-01-15,PRD028,1,153.88,153.88,Marketplace,South
ORD00263,2024-01-29,PRD028,4,153.88,615.52,Mobile App,East
ORD00264,2024-12-30,PRD021,2,128.81,257.62,Mobile App,South
ORD00265,2023-09-13,PRD013,2,107.72,215.44,Website,South
ORD00266,2024-04-19,PRD007,1,126.34,126.34,Website,East
ORD00267,2024-07-24,PRD015,4,223.07,892.28,Marketplace,West
ORD00268,2024-04-20,PRD014,1,135.15,135.15,Website,South
ORD00269,2024-07-04,PRD009,2,126.96,253.92,Website,East
ORD00270,2024-11-24,PRD026,3,271.02,813.06,Marketplace,South
ORD00271,2023-05-26,PRD021,1,128.81,128.81,Marketplace,West
ORD00272,2023-01-15,PRD026,1,271.02,271.02,Website,North
ORD00273,2023-04-22,PRD011,3,94.78,284.34,Website,West
ORD00274,2023-04-03,PRD029,3,127.64,382.92,Marketplace,North
ORD00275,2024-05-03,PRD013,2,107.72,215.44,Website,North
ORD00276,2024-02-16,PRD019,1,198.86,198.86,Marketplace,East
ORD00277,2023-06-09,PRD016,1,193.43,193.43,Website,North
ORD00278,2024-05-25,PRD025,3,29.76,89.28,Mobile App,West
ORD00279,2024-07-13,PRD026,2,271.02,542.04,Mobile App,South
ORD00280,2023-05-03,PRD005,1,35.21,35.21,Website,South
ORD00281,2024-03-19,PRD009,4,126.96,507.84,Mobile App,East
ORD00282,2024-06-29,PRD028,1,153.88,153.88,Mobile App,East
ORD00283,2023-03-25,PRD023,1,200.74,200.74,Mobile App,West
ORD00284,2024-08-21,PRD016,2,193.43,386.86,Mobile App,South
ORD00285,2024-12-05,PRD012,4,236.48,945.92,Marketplace,East
ORD00286,2023-03-20,PRD027,3,94.6,283.8,Website,North
ORD00287,2023-01-19,PRD027,1,94.6,94.6,Marketplace,South
ORD00288,2023-08-16,PRD009,4,126.96,507.84,Mobile App,East
ORD00289,2024-05-09,PRD029,1,127.64,127.64,Marketplace,South
ORD00290,2024-11-30,PRD028,4,153.88,615.52,Mobile App,North
ORD00291,2023-10-17,PRD030,4,210.91,843.64,Mobile App,East
ORD00292,2024-06-05,PRD003,2,186.75,373.5,Mobile App,South
ORD00293,2023-02-25,PRD028,2,153.88,307.76,Mobile App,East
ORD00294,2024-05-19,PRD029,4,127.64,510.56,Website,East
ORD00295,2024-04-02,PRD028,1,153.88,153.88,Mobile App,West
ORD00296,2023-03-16,PRD024,4,191.91,767.64,Mobile App,West
ORD00297,2024-07-17,PRD029,1,127.64,127.64,Website,East
ORD00298,2024-09-12,PRD017,1,44.19,44.19,Mobile App,West
ORD00299,2024-03-14,PRD020,3,65.35,196.05,Mobile App,North
ORD00300,2023-03-30,PRD025,1,29.76,29.76,Marketplace,South
ORD00301,2024-12-19,PRD021,4,128.81,515.24,Marketplace,South
ORD00302,2024-07-25,PRD001,4,246.2,984.8,Website,East
ORD00303,2023-09-11,PRD011,1,94.78,94.78,Website,South
ORD00304,2023-11-09,PRD008,2,168.52,337.04,Marketplace,West
ORD00305,2023-09-28,PRD026,3,271.02,813.06,Mobile App,West
ORD00306,2024-01-05,PRD028,2,153.88,307.76,Mobile App,South
ORD00307,2023-09-07,PRD022,3,143.36,430.08,Mobile App,South
ORD00308,2024-09-12,PRD003,4,186.75,747.0,Mobile App,South
ORD00309,2024-08-23,PRD013,4,107.72,430.88,Marketplace,South
ORD00310,2023-03-19,PRD001,1,246.2,246.2,Marketplace,South
ORD00311,2024-12-02,PRD030,1,210.91,210.91,Mobile App,South
ORD00312,2024-04-08,PRD009,2,126.96,253.92,Website,West
ORD00313,2024-08-27,PRD020,4,65.35,261.4,Marketplace,East
ORD00314,2024-05-31,PRD005,1,35.21,35.21,Mobile App,South
ORD00315,2023-11-14,PRD019,1,198.86,198.86,Website,West
ORD00316,2024-06-19,PRD025,4,29.76,119.04,Marketplace,West
ORD00317,2024-12-05,PRD004,2,86.63,173.26,Marketplace,South
ORD00318,2023-07-17,PRD007,3,126.34,379.02,Mobile App,West
ORD00319,2024-08-12,PRD013,2,107.72,215.44,Mobile App,South
ORD00320,2024-01-28,PRD020,2,65.35,130.7,Mobile App,South
ORD00321,2023-12-19,PRD014,2,135.15,270.3,Mobile App,South
ORD00322,2023-11-14,PRD001,3,246.2,738.6,Mobile App,South
ORD00323,2024-06-17,PRD020,4,65.35,261.4,Website,East
ORD00324,2023-07-15,PRD019,4,198.86,795.44,Website,North
ORD00325,2024-09-13,PRD016,2,193.43,386.86,Mobile App,West
ORD00326,2024-08-29,PRD022,2,143.36,286.72,Marketplace,West
ORD00327,2023-03-05,PRD023,4,200.74,802.96,Marketplace,East
ORD00328,2024-10-05,PRD003,1,186.75,186.75,Marketplace,North
ORD00329,2023-06-28,PRD002,3,243.82,731.46,Website,West
ORD00330,2023-12-06,PRD030,3,210.91,632.73,Marketplace,North
ORD00331,2024-03-21,PRD001,3,246.2,738.6,Marketplace,West
ORD00332,2023-10-04,PRD010,4,287.73,1150.92,Marketplace,East
ORD00333,2023-01-21,PRD005,1,35.21,35.21,Marketplace,South
ORD00334,2024-09-13,PRD009,2,126.96,253.92,Marketplace,West
ORD00335,2023-05-13,PRD030,3,210.91,632.73,Mobile App,South
ORD00336,2023-06-04,PRD003,3,186.75,560.25,Marketplace,West
ORD00337,2024-08-05,PRD005,3,35.21,105.63,Website,East
ORD00338,2023-09-06,PRD002,2,243.82,487.64,Mobile App,East
ORD00339,2024-10-04,PRD024,3,191.91,575.73,Mobile App,East
ORD00340,2024-05-26,PRD029,3,127.64,382.92,Marketplace,East
ORD00341,2023-07-21,PRD017,3,44.19,132.57,Mobile App,South
ORD00342,2023-01-08,PRD011,4,94.78,379.12,Website,West
ORD00343,2024-11-23,PRD002,2,243.82,487.64,Website,North
ORD00344,2023-03-04,PRD008,2,168.52,337.04,Website,West
ORD00345,2024-06-09,PRD009,2,126.96,253.92,Marketplace,West
ORD00346,2023-12-23,PRD014,1,135.15,135.15,Mobile App,North
ORD00347,2024-07-07,PRD015,3,223.07,669.21,Marketplace,West
ORD00348,2024-05-19,PRD015,4,223.07,892.28,Website,South
ORD00349,2024-04-16,PRD004,3,86.63,259.89,Website,South
ORD00350,2023-12-25,PRD028,3,153.88,461.64,Website,South
ORD00351,2024-08-01,PRD024,3,191.91,575.73,Marketplace,South
ORD00352,2023-03-09,PRD019,1,198.86,198.86,Marketplace,South
ORD00353,2023-06-11,PRD014,1,135.15,135.15,Website,West
ORD00354,2024-05-20,PRD022,1,143.36,143.36,Mobile App,North
ORD00355,2023-08-12,PRD010,1,287.73,287.73,Mobile App,East
ORD00356,2024-02-29,PRD019,1,198.86,198.86,Mobile App,South
ORD00357,2023-12-12,PRD001,1,246.2,246.2,Mobile App,West
ORD00358,2024-01-23,PRD015,3,223.07,669.21,Marketplace,North
ORD00359,2023-11-07,PRD011,1,94.78,94.78,Marketplace,West
ORD00360,2024-06-28,PRD011,2,94.78,189.56,Website,North
ORD00361,2023-08-30,PRD026,3,271.02,813.06,Mobile App,North
ORD00362,2024-05-28,PRD024,1,191.91,191.91,Marketplace,West
ORD00363,2023-07-17,PRD003,4,186.75,747.0,Mobile App,South
ORD00364,2023-07-03,PRD008,4,168.52,674.08,Website,North
ORD00365,2023-03-30,PRD028,2,153.88,307.76,Website,West
ORD00366,2023-05-21,PRD025,4,29.76,119.04,Mobile App,South
ORD00367,2023-03-29,PRD004,3,86.63,259.89,Mobile App,West
ORD00368,2024-01-27,PRD024,3,191.91,575.73,Marketplace,South
ORD00369,2024-07-10,PRD012,1,236.48,236.48,Mobile App,South
ORD00370,2023-05-16,PRD016,4,193.43,773.72,Mobile App,West
ORD00371,2023-06-07,PRD009,4,126.96,507.84,Website,West
ORD00372,2023-12-20,PRD026,3,271.02,813.06,Marketplace,South
ORD00373,2024-06-12,PRD014,4,135.15,540.6,Website,North
ORD00374,2024-12-13,PRD017,3,44.19,132.57,Mobile App,South
ORD00375,2024-01-18,PRD021,2,128.81,257.62,Mobile App,North
ORD00376,2023-07-26,PRD010,4,287.73,1150.92,Mobile App,North
ORD00377,2023-03-15,PRD030,4,210.91,843.64,Mobile App,South
ORD00378,2023-05-22,PRD005,3,35.21,105.63,Website,West
ORD00379,2023-06-16,PRD010,1,287.73,287.73,Marketplace,North
ORD00380,2023-05-11,PRD030,1,210.91,210.91,Marketplace,North
ORD00381,2023-01-11,PRD017,4,44.19,176.76,Mobile App,North
ORD00382,2024-01-25,PRD015,3,223.07,669.21,Mobile App,East
ORD00383,2023-07-20,PRD019,1,198.86,198.86,Marketplace,North
ORD00384,2024-12-12,PRD004,4,86.63,346.52,Website,South
ORD00385,2024-02-08,PRD027,4,94.6,378.4,Website,North
ORD00386,2024-05-24,PRD014,3,135.15,405.45,Mobile App,West
ORD00387,2023-04-03,PRD025,4,29.76,119.04,Marketplace,East
ORD00388,2024-09-25,PRD011,2,94.78,189.56,Website,South
ORD00389,2023-12-25,PRD003,3,186.75,560.25,Marketplace,North
ORD00390,2024-09-29,PRD014,1,135.15,135.15,Website,West
ORD00391,2024-02-24,PRD004,1,86.63,86.63,Website,West
ORD00392,2023-12-09,PRD015,4,223.07,892.28,Marketplace,West
ORD00393,2023-11-18,PRD010,3,287.73,863.19,Marketplace,West
ORD00394,2023-05-15,PRD026,3,271.02,813.06,Website,South
ORD00395,2023-02-07,PRD005,1,35.21,35.21,Website,North
ORD00396,2024-11-17,PRD027,1,94.6,94.6,Marketplace,South
ORD00397,2023-12-15,PRD028,1,153.88,153.88,Website,West
ORD00398,2024-08-23,PRD021,2,128.81,257.62,Marketplace,South
ORD00399,2023-10-20,PRD014,2,135.15,270.3,Website,East
ORD00400,2023-02-24,PRD025,4,29.76,119.04,Website,West
ORD00401,2024-04-04,PRD014,1,135.15,135.15,Website,South
ORD00402,2023-02-09,PRD029,2,127.64,255.28,Marketplace,West
ORD00403,2023-04-19,PRD016,4,193.43,773.72,Website,West
ORD00404,2024-02-15,PRD019,2,198.86,397.72,Website,East
ORD00405,2023-08-10,PRD019,4,198.86,795.44,Website,East
ORD00406,2024-12-26,PRD001,1,246.2,246.2,Marketplace,West
ORD00407,2023-03-28,PRD014,4,135.15,540.6,Marketplace,East
ORD00408,2024-07-12,PRD002,4,243.82,975.28,Mobile App,West
ORD00409,2024-03-18,PRD017,4,44.19,176.76,Website,North
ORD00410,2024-07-31,PRD017,1,44.19,44.19,Mobile App,East
ORD00411,2023-06-14,PRD018,1,214.78,214.78,Mobile App,West
ORD00412,2024-01-17,PRD029,4,127.64,510.56,Website,West
ORD00413,2023-11-25,PRD020,3,65.35,196.05,Mobile App,West
ORD00414,2023-11-20,PRD001,2,246.2,492.4,Mobile App,South
ORD00415,2024-09-19,PRD016,3,193.43,580.29,Mobile App,South
ORD00416,2024-12-23,PRD017,2,44.19,88.38,Marketplace,East
ORD00417,2023-08-11,PRD030,4,210.91,843.64,Website,East
ORD00418,2024-03-29,PRD024,4,191.91,767.64,Mobile App,East
ORD00419,2024-03-21,PRD026,4,271.02,1084.08,Website,South
ORD00420,2024-06-24,PRD010,1,287.73,287.73,Marketplace,West
ORD00421,2024-11-22,PRD005,2,35.21,70.42,Website,South
ORD00422,2023-06-01,PRD020,4,65.35,261.4,Website,West
ORD00423,2023-06-04,PRD016,3,193.43,580.29,Website,South
ORD00424,2024-04-27,PRD018,1,214.78,214.78,Website,East
ORD00425,2023-04-25,PRD029,3,127.64,382.92,Mobile App,South
ORD00426,2023-05-07,PRD006,1,149.92,149.92,Website,East
ORD00427,2023-02-24,PRD014,1,135.15,135.15,Marketplace,South
ORD00428,2023-01-02,PRD004,2,86.63,173.26,Mobile App,East
ORD00429,2023-11-25,PRD011,3,94.78,284.34,Website,East
ORD00430,2024-03-09,PRD029,2,127.64,255.28,Marketplace,North
ORD00431,2023-08-01,PRD023,1,200.74,200.74,Mobile App,West
ORD00432,2023-06-18,PRD027,1,94.6,94.6,Website,North
ORD00433,2024-05-31,PRD027,1,94.6,94.6,Marketplace,North
ORD00434,2024-05-28,PRD006,1,149.92,149.92,Website,East
ORD00435,2023-11-28,PRD006,3,149.92,449.76,Marketplace,West
ORD00436,2024-05-16,PRD025,4,29.76,119.04,Marketplace,North
ORD00437,2024-11-05,PRD005,3,35.21,105.63,Mobile App,South
ORD00438,2024-07-29,PRD004,2,86.63,173.26,Mobile App,West
ORD00439,2024-04-01,PRD025,1,29.76,29.76,Website,West
ORD00440,2024-04-27,PRD011,3,94.78,284.34,Marketplace,South
ORD00441,2024-11-12,PRD003,3,186.75,560.25,Mobile App,West
ORD00442,2023-11-07,PRD012,2,236.48,472.96,Website,West
ORD00443,2024-02-02,PRD026,2,271.02,542.04,Website,West
ORD00444,2024-04-17,PRD014,4,135.15,540.6,Mobile App,East
ORD00445,2024-10-25,PRD001,4,246.2,984.8,Website,North
ORD00446,2024-08-26,PRD023,1,200.74,200.74,Website,East
ORD00447,2023-02-22,PRD011,4,94.78,379.12,Website,West
ORD00448,2023-05-02,PRD002,4,243.82,975.28,Website,South
ORD00449,2023-08-13,PRD029,1,127.64,127.64,Marketplace,East
ORD00450,2024-06-30,PRD014,4,135.15,540.6,Marketplace,East
ORD00451,2024-02-20,PRD024,3,191.91,575.73,Mobile App,North
ORD00452,2023-07-30,PRD027,3,94.6,283.8,Marketplace,South
ORD00453,2023-04-01,PRD023,4,200.74,802.96,Mobile App,South
ORD00454,2024-05-17,PRD029,4,127.64,510.56,Marketplace,East
ORD00455,2024-05-25,PRD029,4,127.64,510.56,Website,East
ORD00456,2024-11-19,PRD003,1,186.75,186.75,Marketplace,East
ORD00457,2024-01-01,PRD013,2,107.72,215.44,Marketplace,East
ORD00458,2023-12-27,PRD007,1,126.34,126.34,Marketplace,East
ORD00459,2023-02-28,PRD017,3,44.19,132.57,Marketplace,South
ORD00460,2023-01-30,PRD001,1,246.2,246.2,Marketplace,East
ORD00461,2023-11-12,PRD008,3,168.52,505.56,Marketplace,West
ORD00462,2023-08-24,PRD017,1,44.19,44.19,Marketplace,North
ORD00463,2023-07-02,PRD027,3,94.6,283.8,Mobile App,East
ORD00464,2023-03-08,PRD004,1,86.63,86.63,Marketplace,North
ORD00465,2024-12-03,PRD015,3,223.07,669.21,Marketplace,North
ORD00466,2024-09-02,PRD015,3,223.07,669.21,Website,South
ORD00467,2024-02-24,PRD012,3,236.48,709.44,Mobile App,South
ORD00468,2024-11-25,PRD023,4,200.74,802.96,Marketplace,South
ORD00469,2024-12-30,PRD004,3,86.63,259.89,Marketplace,South
ORD00470,2024-05-05,PRD027,3,94.6,283.8,Mobile App,North
ORD00471,2023-07-16,PRD005,4,35.21,140.84,Mobile App,North
ORD00472,2023-01-30,PRD003,1,186.75,186.75,Mobile App,South
ORD00473,2024-07-06,PRD016,2,193.43,386.86,Mobile App,North
ORD00474,2023-12-10,PRD012,4,236.48,945.92,Marketplace,West
ORD00475,2024-04-20,PRD028,3,153.88,461.64,Marketplace,West
ORD00476,2024-10-30,PRD021,4,128.81,515.24,Mobile App,West
ORD00477,2023-05-13,PRD024,4,191.91,767.64,Website,South
ORD00478,2024-03-03,PRD017,2,44.19,88.38,Mobile App,West
ORD00479,2024-04-08,PRD005,1,35.21,35.21,Marketplace,South
ORD00480,2023-12-25,PRD015,4,223.07,892.28,Website,South
ORD00481,2023-03-08,PRD018,3,214.78,644.34,Website,West
ORD00482,2023-09-12,PRD004,1,86.63,86.63,Mobile App,East
ORD00483,2023-09-01,PRD002,2,243.82,487.64,Website,East
ORD00484,2024-05-04,PRD010,3,287.73,863.19,Mobile App,East
ORD00485,2024-09-18,PRD016,1,193.43,193.43,Website,South
ORD00486,2023-08-29,PRD026,4,271.02,1084.08,Website,East
ORD00487,2024-05-21,PRD029,3,127.64,382.92,Website,South
ORD00488,2023-07-30,PRD027,4,94.6,378.4,Website,North
ORD00489,2024-11-20,PRD018,3,214.78,644.34,Website,North
ORD00490,2024-08-16,PRD014,4,135.15,540.6,Marketplace,East
ORD00491,2024-02-06,PRD019,4,198.86,795.44,Mobile App,West
ORD00492,2023-11-29,PRD016,2,193.43,386.86,Website,West
ORD00493,2023-08-18,PRD025,4,29.76,119.04,Marketplace,West
ORD00494,2023-08-24,PRD005,3,35.21,105.63,Website,West
ORD00495,2024-12-09,PRD013,2,107.72,215.44,Mobile App,East
ORD00496,2023-10-23,PRD018,1,214.78,214.78,Marketplace,West
ORD00497,2024-01-11,PRD024,3,191.91,575.73,Marketplace,North
ORD00498,2024-12-22,PRD028,2,153.88,307.76,Marketplace,North
ORD00499,2024-04-25,PRD019,3,198.86,596.58,Marketplace,North
ORD00500,2024-02-01,PRD021,1,128.81,128.81,Website,North
ORD00501,2023-10-29,PRD019,2,198.86,397.72,Mobile App,North
ORD00502,2023-05-17,PRD004,2,86.63,173.26,Website,East
ORD00503,2023-09-22,PRD026,2,271.02,542.04,Website,West
ORD00504,2024-07-06,PRD003,3,186.75,560.25,Mobile App,North
ORD00505,2024-04-01,PRD016,1,193.43,193.43,Mobile App,West
ORD00506,2024-07-08,PRD006,4,149.92,599.68,Website,East
ORD00507,2023-05-29,PRD013,3,107.72,323.16,Website,North
ORD00508,2024-02-05,PRD004,2,86.63,173.26,Mobile App,South
ORD00509,2024-11-08,PRD006,3,149.92,449.76,Website,South
ORD00510,2023-11-16,PRD010,4,287.73,1150.92,Marketplace,South
ORD00511,2024-05-24,PRD002,3,243.82,731.46,Website,North
ORD00512,2023-03-30,PRD023,1,200.74,200.74,Mobile App,West
ORD00513,2024-12-11,PRD004,3,86.63,259.89,Website,West
ORD00514,2024-03-20,PRD029,3,127.64,382.92,Mobile App,West
ORD00515,2023-06-24,PRD027,1,94.6,94.6,Website,South
ORD00516,2023-04-26,PRD008,2,168.52,337.04,Mobile App,West
ORD00517,2024-02-07,PRD004,3,86.63,259.89,Website,East
ORD00518,2024-02-08,PRD015,4,223.07,892.28,Website,West
ORD00519,2023-03-10,PRD001,4,246.2,984.8,Marketplace,South
ORD00520,2024-12-25,PRD030,1,210.91,210.91,Mobile App,North
ORD00521,2024-10-28,PRD008,2,168.52,337.04,Mobile App,West
ORD00522,2023-12-03,PRD015,1,223.07,223.07,Marketplace,South
ORD00523,2023-03-27,PRD026,2,271.02,542.04,Mobile App,South
ORD00524,2024-08-30,PRD026,2,271.02,542.04,Marketplace,West
ORD00525,2023-12-30,PRD030,4,210.91,843.64,Website,North
ORD00526,2024-06-07,PRD027,4,94.6,378.4,Marketplace,East
ORD00527,2024-01-07,PRD021,2,128.81,257.62,Website,North
ORD00528,2023-07-19,PRD030,4,210.91,843.64,Mobile App,East
ORD00529,2024-09-01,PRD027,4,94.6,378.4,Mobile App,South
ORD00530,2024-12-16,PRD019,3,198.86,596.58,Website,South
ORD00531,2023-06-27,PRD024,1,191.91,191.91,Mobile App,North
ORD00532,2024-02-07,PRD013,1,107.72,107.72,Website,East
ORD00533,2023-10-08,PRD029,4,127.64,510.56,Website,East
ORD00534,2024-11-03,PRD029,3,127.64,382.92,Marketplace,East
ORD00535,2024-01-07,PRD025,4,29.76,119.04,Mobile App,South
ORD00536,2024-10-03,PRD022,3,143.36,430.08,Mobile App,South
ORD00537,2024-09-22,PRD015,3,223.07,669.21,Website,South
ORD00538,2023-07-21,PRD021,1,128.81,128.81,Marketplace,West
ORD00539,2024-07-30,PRD001,1,246.2,246.2,Marketplace,South
ORD00540,2023-10-30,PRD014,4,135.15,540.6,Mobile App,North
ORD00541,2024-11-13,PRD026,1,271.02,271.02,Marketplace,North
ORD00542,2024-01-06,PRD029,4,127.64,510.56,Marketplace,North
ORD00543,2024-08-22,PRD012,4,236.48,945.92,Marketplace,East
ORD00544,2023-07-26,PRD013,2,107.72,215.44,Marketplace,North
ORD00545,2023-08-06,PRD004,4,86.63,346.52,Mobile App,South
ORD00546,2024-03-04,PRD015,1,223.07,223.07,Website,North
ORD00547,2024-12-30,PRD025,3,29.76,89.28,Marketplace,East
ORD00548,2023-12-24,PRD007,1,126.34,126.34,Marketplace,East
ORD00549,2023-04-19,PRD026,2,271.02,542.04,Website,West
ORD00550,2024-01-29,PRD012,1,236.48,236.48,Mobile App,West
ORD00551,2023-09-09,PRD029,2,127.64,255.28,Website,South
ORD00552,2024-02-07,PRD027,4,94.6,378.4,Website,East
ORD00553,2024-02-01,PRD019,4,198.86,795.44,Website,South
ORD00554,2023-11-29,PRD022,2,143.36,286.72,Website,South
ORD00555,2023-08-23,PRD024,1,191.91,191.91,Website,East
ORD00556,2023-05-18,PRD030,2,210.91,421.82,Marketplace,East
ORD00557,2024-05-24,PRD007,1,126.34,126.34,Marketplace,East
ORD00558,2024-02-22,PRD022,4,143.36,573.44,Website,West
ORD00559,2023-06-20,PRD021,1,128.81,128.81,Mobile App,West
ORD00560,2024-07-20,PRD028,4,153.88,615.52,Mobile App,North
ORD00561,2023-02-01,PRD022,4,143.36,573.44,Mobile App,East
ORD00562,2024-06-27,PRD017,1,44.19,44.19,Marketplace,South
ORD00563,2024-05-29,PRD002,3,243.82,731.46,Mobile App,West
ORD00564,2024-08-15,PRD011,1,94.78,94.78,Mobile App,South
ORD00565,2023-10-09,PRD011,1,94.78,94.78,Marketplace,North
ORD00566,2024-04-29,PRD024,2,191.91,383.82,Marketplace,West
ORD00567,2024-08-22,PRD003,2,186.75,373.5,Website,South
ORD00568,2024-12-16,PRD011,3,94.78,284.34,Website,North
ORD00569,2023-12-28,PRD001,4,246.2,984.8,Mobile App,North
ORD00570,2023-01-28,PRD019,3,198.86,596.58,Mobile App,South
ORD00571,2024-01-02,PRD004,4,86.63,346.52,Website,East
ORD00572,2024-03-06,PRD027,1,94.6,94.6,Mobile App,South
ORD00573,2024-09-26,PRD003,4,186.75,747.0,Website,West
ORD00574,2024-09-30,PRD019,1,198.86,198.86,Website,North
ORD00575,2023-11-18,PRD030,1,210.91,210.91,Mobile App,East
ORD00576,2024-01-19,PRD029,1,127.64,127.64,Website,North
ORD00577,2023-11-30,PRD030,4,210.91,843.64,Website,East
ORD00578,2024-06-11,PRD020,4,65.35,261.4,Website,North
ORD00579,2023-10-27,PRD022,1,143.36,143.36,Marketplace,North
ORD00580,2024-04-22,PRD010,4,287.73,1150.92,Mobile App,North
ORD00581,2023-04-23,PRD020,4,65.35,261.4,Website,North
ORD00582,2023-12-09,PRD015,4,223.07,892.28,Mobile App,West
ORD00583,2024-12-08,PRD029,1,127.64,127.64,Mobile App,North
ORD00584,2023-09-05,PRD015,3,223.07,669.21,Marketplace,South
ORD00585,2024-05-20,PRD004,1,86.63,86.63,Website,North
ORD00586,2024-04-19,PRD019,2,198.86,397.72,Marketplace,South
ORD00587,2024-09-13,PRD021,3,128.81,386.43,Mobile App,West
ORD00588,2024-09-14,PRD016,4,193.43,773.72,Website,South
ORD00589,2024-09-19,PRD005,1,35.21,35.21,Website,South
ORD00590,2023-10-05,PRD010,4,287.73,1150.92,Marketplace,East
ORD00591,2023-08-20,PRD010,2,287.73,575.46,Website,West
ORD00592,2024-06-08,PRD010,3,287.73,863.19,Mobile App,East
ORD00593,2024-07-08,PRD001,2,246.2,492.4,Website,South
ORD00594,2024-09-28,PRD017,1,44.19,44.19,Mobile App,East
ORD00595,2023-01-27,PRD007,2,126.34,252.68,Marketplace,South
ORD00596,2023-02-19,PRD026,1,271.02,271.02,Mobile App,South
ORD00597,2024-04-05,PRD022,4,143.36,573.44,Marketplace,West
ORD00598,2024-11-03,PRD020,3,65.35,196.05,Marketplace,East
ORD00599,2024-12-29,PRD020,3,65.35,196.05,Mobile App,East
ORD00600,2024-06-29,PRD006,1,149.92,149.92,Mobile App,North
ORD00601,2023-11-13,PRD016,2,193.43,386.86,Website,South
ORD00602,2023-03-13,PRD023,2,200.74,401.48,Mobile App,South
ORD00603,2024-04-07,PRD008,4,168.52,674.08,Marketplace,East
ORD00604,2024-09-28,PRD026,4,271.02,1084.08,Website,West
ORD00605,2023-11-20,PRD006,1,149.92,149.92,Mobile App,North
ORD00606,2024-05-21,PRD003,3,186.75,560.25,Website,North
ORD00607,2024-10-21,PRD005,3,35.21,105.63,Mobile App,South
ORD00608,2023-02-03,PRD021,3,128.81,386.43,Website,North
ORD00609,2024-08-04,PRD007,2,126.34,252.68,Mobile App,South
ORD00610,2023-08-03,PRD008,3,168.52,505.56,Marketplace,South
ORD00611,2023-10-01,PRD011,2,94.78,189.56,Website,South
ORD00612,2023-04-17,PRD001,2,246.2,492.4,Mobile App,North
ORD00613,2024-01-23,PRD001,2,246.2,492.4,Mobile App,North
ORD00614,2024-02-18,PRD011,2,94.78,189.56,Mobile App,West
ORD00615,2024-08-01,PRD008,3,168.52,505.56,Mobile App,South
ORD00616,2023-05-05,PRD017,4,44.19,176.76,Marketplace,North
ORD00617,2023-02-27,PRD004,2,86.63,173.26,Website,South
ORD00618,2024-09-27,PRD007,4,126.34,505.36,Marketplace,East
ORD00619,2024-03-28,PRD011,4,94.78,379.12,Marketplace,South
ORD00620,2023-06-25,PRD030,1,210.91,210.91,Marketplace,South
ORD00621,2024-10-28,PRD028,3,153.88,461.64,Website,East
ORD00622,2023-04-15,PRD008,1,168.52,168.52,Marketplace,East
ORD00623,2023-12-03,PRD028,2,153.88,307.76,Marketplace,West
ORD00624,2023-07-05,PRD007,1,126.34,126.34,Mobile App,North
ORD00625,2023-07-06,PRD006,4,149.92,599.68,Marketplace,East
ORD00626,2023-01-07,PRD016,4,193.43,773.72,Website,East
ORD00627,2024-08-10,PRD023,3,200.74,602.22,Marketplace,West
ORD00628,2024-10-19,PRD023,4,200.74,802.96,Mobile App,East
ORD00629,2024-05-09,PRD019,4,198.86,795.44,Marketplace,North
ORD00630,2023-04-26,PRD007,2,126.34,252.68,Website,West
ORD00631,2023-11-19,PRD028,2,153.88,307.76,Mobile App,South
ORD00632,2023-09-10,PRD010,4,287.73,1150.92,Mobile App,South
ORD00633,2024-03-04,PRD030,3,210.91,632.73,Mobile App,North
ORD00634,2024-04-11,PRD005,1,35.21,35.21,Mobile App,West
ORD00635,2023-11-06,PRD017,3,44.19,132.57,Website,North
ORD00636,2023-07-02,PRD015,3,223.07,669.21,Mobile App,West
ORD00637,2024-09-09,PRD015,4,223.07,892.28,Mobile App,East
ORD00638,2023-05-26,PRD026,4,271.02,1084.08,Mobile App,East
ORD00639,2023-10-08,PRD013,1,107.72,107.72,Website,West
ORD00640,2023-12-19,PRD008,3,168.52,505.56,Marketplace,North
ORD00641,2023-06-23,PRD012,1,236.48,236.48,Mobile App,North
ORD00642,2024-02-22,PRD026,3,271.02,813.06,Website,North
ORD00643,2024-02-24,PRD004,1,86.63,86.63,Mobile App,North
ORD00644,2024-12-25,PRD018,2,214.78,429.56,Mobile App,South
ORD00645,2023-08-04,PRD022,3,143.36,430.08,Mobile App,East
ORD00646,2024-12-14,PRD024,3,191.91,575.73,Website,South
ORD00647,2024-04-25,PRD028,3,153.88,461.64,Website,East
ORD00648,2023-07-20,PRD010,3,287.73,863.19,Mobile App,West
ORD00649,2024-02-18,PRD027,1,94.6,94.6,Mobile App,South
ORD00650,2024-05-15,PRD028,4,153.88,615.52,Website,South
ORD00651,2024-06-27,PRD024,2,191.91,383.82,Mobile App,South
ORD00652,2023-02-05,PRD017,4,44.19,176.76,Marketplace,West
ORD00653,2024-03-18,PRD011,1,94.78,94.78,Mobile App,South
ORD00654,2023-12-29,PRD014,4,135.15,540.6,Website,West
ORD00655,2024-10-22,PRD015,1,223.07,223.07,Mobile App,South
ORD00656,2023-07-28,PRD019,2,198.86,397.72,Mobile App,North
ORD00657,2024-08-06,PRD016,3,193.43,580.29,Mobile App,South
ORD00658,2024-03-19,PRD014,4,135.15,540.6,Marketplace,West
ORD00659,2023-09-15,PRD025,3,29.76,89.28,Mobile App,North
ORD00660,2024-04-09,PRD019,1,198.86,198.86,Website,South
ORD00661,2024-03-29,PRD011,4,94.78,379.12,Mobile App,South
ORD00662,2024-05-09,PRD013,1,107.72,107.72,Marketplace,West
ORD00663,2024-06-10,PRD007,4,126.34,505.36,Website,East
ORD00664,2024-04-26,PRD019,4,198.86,795.44,Marketplace,East
ORD00665,2024-09-03,PRD003,2,186.75,373.5,Website,South
ORD00666,2024-04-03,PRD002,4,243.82,975.28,Website,South
ORD00667,2024-10-21,PRD007,1,126.34,126.34,Mobile App,East
ORD00668,2024-04-16,PRD007,2,126.34,252.68,Mobile App,North
ORD00669,2023-08-14,PRD015,1,223.07,223.07,Mobile App,North
ORD00670,2023-11-18,PRD006,3,149.92,449.76,Mobile App,West
ORD00671,2024-02-28,PRD006,1,149.92,149.92,Website,West
ORD00672,2024-06-18,PRD016,1,193.43,193.43,Mobile App,South
ORD00673,2023-03-07,PRD005,2,35.21,70.42,Mobile App,West
ORD00674,2023-08-04,PRD027,4,94.6,378.4,Website,East
ORD00675,2024-06-29,PRD019,2,198.86,397.72,Marketplace,West
ORD00676,2023-05-09,PRD009,2,126.96,253.92,Website,South
ORD00677,2023-04-07,PRD015,1,223.07,223.07,Mobile App,South
ORD00678,2024-01-29,PRD017,3,44.19,132.57,Marketplace,West
ORD00679,2024-12-10,PRD015,4,223.07,892.28,Marketplace,North
ORD00680,2024-01-23,PRD024,1,191.91,191.91,Mobile App,West
ORD00681,2024-10-28,PRD012,3,236.48,709.44,Mobile App,South
ORD00682,2024-08-29,PRD014,2,135.15,270.3,Website,West
ORD00683,2023-07-07,PRD015,4,223.07,892.28,Marketplace,South
ORD00684,2024-08-25,PRD023,1,200.74,200.74,Mobile App,North
ORD00685,2023-12-18,PRD008,2,168.52,337.04,Mobile App,East
ORD00686,2024-08-11,PRD022,1,143.36,143.36,Marketplace,South
ORD00687,2024-06-28,PRD030,4,210.91,843.64,Mobile App,North
ORD00688,2023-09-05,PRD012,1,236.48,236.48,Website,East
ORD00689,2023-03-26,PRD014,4,135.15,540.6,Website,East
ORD00690,2024-12-03,PRD007,1,126.34,126.34,Mobile App,North
ORD00691,2023-04-13,PRD003,4,186.75,747.0,Mobile App,East
ORD00692,2024-12-06,PRD024,4,191.91,767.64,Website,West
ORD00693,2024-09-19,PRD002,1,243.82,243.82,Mobile App,North
ORD00694,2024-06-12,PRD023,2,200.74,401.48,Mobile App,West
ORD00695,2024-12-16,PRD016,4,193.43,773.72,Website,North
ORD00696,2024-12-07,PRD018,2,214.78,429.56,Marketplace,West
ORD00697,2024-08-10,PRD005,4,35.21,140.84,Mobile App,South
ORD00698,2023-09-25,PRD006,1,149.92,149.92,Marketplace,North
ORD00699,2024-07-31,PRD006,3,149.92,449.76,Website,West
ORD00700,2023-01-11,PRD006,1,149.92,149.92,Marketplace,North
ORD00701,2024-01-27,PRD022,3,143.36,430.08,Website,West
ORD00702,2023-11-28,PRD012,2,236.48,472.96,Website,North
ORD00703,2024-05-06,PRD029,2,127.64,255.28,Mobile App,North
ORD00704,2024-05-05,PRD027,1,94.6,94.6,Mobile App,East
ORD00705,2024-03-02,PRD015,1,223.07,223.07,Marketplace,North
ORD00706,2024-08-23,PRD002,4,243.82,975.28,Website,South
ORD00707,2024-11-17,PRD012,2,236.48,472.96,Website,North
ORD00708,2023-03-21,PRD001,4,246.2,984.8,Website,North
ORD00709,2023-06-20,PRD011,2,94.78,189.56,Marketplace,North
ORD00710,2023-01-19,PRD008,1,168.52,168.52,Marketplace,South
ORD00711,2024-10-07,PRD024,2,191.91,383.82,Website,West
ORD00712,2024-02-14,PRD017,1,44.19,44.19,Mobile App,East
ORD00713,2024-10-30,PRD018,2,214.78,429.56,Marketplace,South
ORD00714,2023-06-11,PRD030,4,210.91,843.64,Mobile App,North
ORD00715,2023-02-16,PRD008,2,168.52,337.04,Website,East
ORD00716,2024-08-24,PRD011,2,94.78,189.56,Website,West
ORD00717,2024-10-25,PRD021,3,128.81,386.43,Website,West
ORD00718,2023-08-09,PRD007,4,126.34,505.36,Website,North
ORD00719,2023-10-26,PRD022,3,143.36,430.08,Marketplace,East
ORD00720,2023-04-13,PRD002,1,243.82,243.82,Website,West
ORD00721,2024-11-21,PRD010,4,287.73,1150.92,Website,South
ORD00722,2023-08-11,PRD009,1,126.96,126.96,Marketplace,East
ORD00723,2023-12-26,PRD021,4,128.81,515.24,Marketplace,South
ORD00724,2023-03-12,PRD011,2,94.78,189.56,Marketplace,East
ORD00725,2024-10-09,PRD028,4,153.88,615.52,Website,East
ORD00726,2023-04-10,PRD001,4,246.2,984.8,Mobile App,South
ORD00727,2023-11-28,PRD017,1,44.19,44.19,Website,North
ORD00728,2024-05-04,PRD020,1,65.35,65.35,Mobile App,South
ORD00729,2024-06-26,PRD024,4,191.91,767.64,Website,North
ORD00730,2024-11-21,PRD002,2,243.82,487.64,Mobile App,West
ORD00731,2023-11-02,PRD010,2,287.73,575.46,Website,West
ORD00732,2024-06-25,PRD007,1,126.34,126.34,Website,West
ORD00733,2023-04-23,PRD024,3,191.91,575.73,Website,East
ORD00734,2023-10-30,PRD011,1,94.78,94.78,Marketplace,West
ORD00735,2023-03-14,PRD021,3,128.81,386.43,Website,South
ORD00736,2023-12-24,PRD028,3,153.88,461.64,Mobile App,South
ORD00737,2023-10-25,PRD007,1,126.34,126.34,Marketplace,South
ORD00738,2024-11-25,PRD026,2,271.02,542.04,Marketplace,West
ORD00739,2023-01-24,PRD017,3,44.19,132.57,Website,West
ORD00740,2023-09-28,PRD021,1,128.81,128.81,Website,West
ORD00741,2023-11-20,PRD003,2,186.75,373.5,Website,South
ORD00742,2024-11-24,PRD007,2,126.34,252.68,Website,South
ORD00743,2024-09-16,PRD019,2,198.86,397.72,Website,North
ORD00744,2023-03-14,PRD014,4,135.15,540.6,Mobile App,South
ORD00745,2024-05-15,PRD024,2,191.91,383.82,Website,West
ORD00746,2024-02-02,PRD006,2,149.92,299.84,Mobile App,East
ORD00747,2024-12-14,PRD019,4,198.86,795.44,Marketplace,South
ORD00748,2023-09-19,PRD009,4,126.96,507.84,Website,East
ORD00749,2023-10-18,PRD013,4,107.72,430.88,Website,West
ORD00750,2023-05-19,PRD015,4,223.07,892.28,Marketplace,West
ORD00751,2023-03-31,PRD025,2,29.76,59.52,Mobile App,North
ORD00752,2024-09-11,PRD025,4,29.76,119.04,Mobile App,North
ORD00753,2023-11-28,PRD025,3,29.76,89.28,Marketplace,South
ORD00754,2024-04-28,PRD018,2,214.78,429.56,Mobile App,West
ORD00755,2024-04-13,PRD015,3,223.07,669.21,Mobile App,East
ORD00756,2024-03-11,PRD013,4,107.72,430.88,Website,East
ORD00757,2023-01-16,PRD005,4,35.21,140.84,Website,South
ORD00758,2024-07-28,PRD030,2,210.91,421.82,Website,North
ORD00759,2023-06-27,PRD028,3,153.88,461.64,Mobile App,West
ORD00760,2023-04-02,PRD030,4,210.91,843.64,Mobile App,East
ORD00761,2024-02-17,PRD013,4,107.72,430.88,Mobile App,North
ORD00762,2023-02-20,PRD014,1,135.15,135.15,Website,West
ORD00763,2024-07-12,PRD030,2,210.91,421.82,Website,West
ORD00764,2023-06-01,PRD009,3,126.96,380.88,Marketplace,West
ORD00765,2023-06-07,PRD021,3,128.81,386.43,Marketplace,North
ORD00766,2024-09-26,PRD021,4,128.81,515.24,Mobile App,South
ORD00767,2023-08-28,PRD008,4,168.52,674.08,Website,East
ORD00768,2023-04-18,PRD021,1,128.81,128.81,Marketplace,South
ORD00769,2024-10-19,PRD009,4,126.96,507.84,Marketplace,South
ORD00770,2023-01-03,PRD009,2,126.96,253.92,Marketplace,South
ORD00771,2024-09-18,PRD001,1,246.2,246.2,Website,West
ORD00772,2023-04-16,PRD013,1,107.72,107.72,Marketplace,South
ORD00773,2023-04-05,PRD029,4,127.64,510.56,Website,West
ORD00774,2023-07-02,PRD009,3,126.96,380.88,Marketplace,West
ORD00775,2023-05-08,PRD019,3,198.86,596.58,Marketplace,West
ORD00776,2024-04-27,PRD025,1,29.76,29.76,Website,East
ORD00777,2023-01-19,PRD027,2,94.6,189.2,Mobile App,South
ORD00778,2023-01-11,PRD030,4,210.91,843.64,Marketplace,East
ORD00779,2024-07-30,PRD001,2,246.2,492.4,Mobile App,North
ORD00780,2023-06-23,PRD004,1,86.63,86.63,Marketplace,West
ORD00781,2023-08-25,PRD017,4,44.19,176.76,Marketplace,East
ORD00782,2023-05-08,PRD024,4,191.91,767.64,Website,South
ORD00783,2023-02-08,PRD012,2,236.48,472.96,Marketplace,South
ORD00784,2024-06-25,PRD007,4,126.34,505.36,Website,North
ORD00785,2024-01-20,PRD015,2,223.07,446.14,Website,South
ORD00786,2024-06-28,PRD002,2,243.82,487.64,Website,East
ORD00787,2023-12-14,PRD029,4,127.64,510.56,Mobile App,North
ORD00788,2024-07-21,PRD028,2,153.88,307.76,Website,East
ORD00789,2024-01-10,PRD003,4,186.75,747.0,Website,East
ORD00790,2023-03-21,PRD003,3,186.75,560.25,Website,South
ORD00791,2024-01-03,PRD016,4,193.43,773.72,Marketplace,North
ORD00792,2024-11-21,PRD001,1,246.2,246.2,Mobile App,North
ORD00793,2023-02-01,PRD022,1,143.36,143.36,Website,South
ORD00794,2024-07-25,PRD017,1,44.19,44.19,Mobile App,East
ORD00795,2024-09-24,PRD030,4,210.91,843.64,Mobile App,East
ORD00796,2024-01-16,PRD020,4,65.35,261.4,Mobile App,East
ORD00797,2023-12-01,PRD022,3,143.36,430.08,Mobile App,South
ORD00798,2024-12-04,PRD012,4,236.48,945.92,Mobile App,North
ORD00799,2023-02-14,PRD012,3,236.48,709.44,Website,North
ORD00800,2023-12-16,PRD015,4,223.07,892.28,Marketplace,South
ORD00801,2023-10-21,PRD001,1,246.2,246.2,Marketplace,East
ORD00802,2024-05-15,PRD023,2,200.74,401.48,Mobile App,West
ORD00803,2023-12-24,PRD020,4,65.35,261.4,Marketplace,West
ORD00804,2024-10-26,PRD022,2,143.36,286.72,Website,East
ORD00805,2023-02-23,PRD001,3,246.2,738.6,Website,East
ORD00806,2023-02-28,PRD022,4,143.36,573.44,Website,West
ORD00807,2024-03-20,PRD013,1,107.72,107.72,Mobile App,West
ORD00808,2023-02-17,PRD030,4,210.91,843.64,Marketplace,North
ORD00809,2023-07-20,PRD024,4,191.91,767.64,Mobile App,South
ORD00810,2024-04-07,PRD023,2,200.74,401.48,Marketplace,North
ORD00811,2024-02-05,PRD005,4,35.21,140.84,Website,East
ORD00812,2023-08-26,PRD027,4,94.6,378.4,Website,West
ORD00813,2024-12-27,PRD004,4,86.63,346.52,Marketplace,South
ORD00814,2024-01-23,PRD008,2,168.52,337.04,Website,North
ORD00815,2023-11-28,PRD004,4,86.63,346.52,Marketplace,North
ORD00816,2024-03-17,PRD006,3,149.92,449.76,Mobile App,East
ORD00817,2023-03-14,PRD008,3,168.52,505.56,Marketplace,West
ORD00818,2024-05-27,PRD029,1,127.64,127.64,Marketplace,South
ORD00819,2024-09-14,PRD030,4,210.91,843.64,Website,East
ORD00820,2024-04-20,PRD028,2,153.88,307.76,Marketplace,North
ORD00821,2024-07-15,PRD021,3,128.81,386.43,Mobile App,West
ORD00822,2024-06-10,PRD021,4,128.81,515.24,Website,South
ORD00823,2023-06-06,PRD009,1,126.96,126.96,Mobile App,North
ORD00824,2023-11-26,PRD004,1,86.63,86.63,Mobile App,South
ORD00825,2023-06-16,PRD024,1,191.91,191.91,Marketplace,East
ORD00826,2023-09-05,PRD005,3,35.21,105.63,Mobile App,North
ORD00827,2023-11-28,PRD010,1,287.73,287.73,Marketplace,South
ORD00828,2023-10-31,PRD028,4,153.88,615.52,Mobile App,East
ORD00829,2023-03-11,PRD025,3,29.76,89.28,Marketplace,South
ORD00830,2023-11-08,PRD017,2,44.19,88.38,Website,West
ORD00831,2024-04-30,PRD001,4,246.2,984.8,Mobile App,South
ORD00832,2023-10-01,PRD027,3,94.6,283.8,Website,West
ORD00833,2023-04-22,PRD022,4,143.36,573.44,Website,East
ORD00834,2024-11-04,PRD005,1,35.21,35.21,Marketplace,East
ORD00835,2023-02-19,PRD010,1,287.73,287.73,Mobile App,West
ORD00836,2024-08-30,PRD021,2,128.81,257.62,Mobile App,East
ORD00837,2023-03-10,PRD023,4,200.74,802.96,Website,East
ORD00838,2023-03-12,PRD005,2,35.21,70.42,Marketplace,South
ORD00839,2024-06-23,PRD023,1,200.74,200.74,Website,West
ORD00840,2024-08-15,PRD024,4,191.91,767.64,Mobile App,South
ORD00841,2024-02-11,PRD001,4,246.2,984.8,Mobile App,West
ORD00842,2024-03-04,PRD022,4,143.36,573.44,Mobile App,West
ORD00843,2024-02-14,PRD013,1,107.72,107.72,Marketplace,East
ORD00844,2023-08-29,PRD010,2,287.73,575.46,Marketplace,West
ORD00845,2023-03-31,PRD004,2,86.63,173.26,Mobile App,North
ORD00846,2023-09-16,PRD028,3,153.88,461.64,Mobile App,South
ORD00847,2024-04-30,PRD019,2,198.86,397.72,Mobile App,West
ORD00848,2024-07-01,PRD010,2,287.73,575.46,Website,South
ORD00849,2024-09-25,PRD026,2,271.02,542.04,Marketplace,North
ORD00850,2024-06-10,PRD012,1,236.48,236.48,Marketplace,South
ORD00851,2024-12-07,PRD013,4,107.72,430.88,Marketplace,South
ORD00852,2024-03-14,PRD030,1,210.91,210.91,Website,East
ORD00853,2023-09-14,PRD016,2,193.43,386.86,Website,North
ORD00854,2024-02-26,PRD017,3,44.19,132.57,Marketplace,West
ORD00855,2023-06-05,PRD005,4,35.21,140.84,Website,North
ORD00856,2024-04-24,PRD004,2,86.63,173.26,Mobile App,West
ORD00857,2023-06-13,PRD010,2,287.73,575.46,Marketplace,West
ORD00858,2023-03-20,PRD025,1,29.76,29.76,Mobile App,West
ORD00859,2024-09-09,PRD009,4,126.96,507.84,Mobile App,North
ORD00860,2023-09-26,PRD004,1,86.63,86.63,Website,North
ORD00861,2024-07-10,PRD016,2,193.43,386.86,Website,West
ORD00862,2024-02-24,PRD009,1,126.96,126.96,Marketplace,South
ORD00863,2024-08-12,PRD013,4,107.72,430.88,Marketplace,West
ORD00864,2024-09-08,PRD010,2,287.73,575.46,Website,East
ORD00865,2024-12-12,PRD003,2,186.75,373.5,Mobile App,North
ORD00866,2024-08-20,PRD013,4,107.72,430.88,Website,North
ORD00867,2024-03-23,PRD025,2,29.76,59.52,Marketplace,North
ORD00868,2024-04-14,PRD006,2,149.92,299.84,Website,West
ORD00869,2023-01-20,PRD026,3,271.02,813.06,Website,North
ORD00870,2024-11-09,PRD005,2,35.21,70.42,Marketplace,South
ORD00871,2024-08-28,PRD003,3,186.75,560.25,Website,North
ORD00872,2023-07-15,PRD004,3,86.63,259.89,Mobile App,South
ORD00873,2023-05-12,PRD014,1,135.15,135.15,Website,East
ORD00874,2024-05-27,PRD002,3,243.82,731.46,Marketplace,West
ORD00875,2023-08-14,PRD005,4,35.21,140.84,Marketplace,East
ORD00876,2023-09-06,PRD017,3,44.19,132.57,Marketplace,South
ORD00877,2023-01-05,PRD023,1,200.74,200.74,Marketplace,North
ORD00878,2024-09-26,PRD008,1,168.52,168.52,Website,South
ORD00879,2024-02-18,PRD010,2,287.73,575.46,Website,South
ORD00880,2023-10-20,PRD019,3,198.86,596.58,Mobile App,South
ORD00881,2023-04-14,PRD024,4,191.91,767.64,Website,East
ORD00882,2024-04-07,PRD009,4,126.96,507.84,Marketplace,South
ORD00883,2023-01-23,PRD013,4,107.72,430.88,Website,East
ORD00884,2024-06-28,PRD022,4,143.36,573.44,Marketplace,South
ORD00885,2023-06-07,PRD018,2,214.78,429.56,Website,East
ORD00886,2023-11-03,PRD021,2,128.81,257.62,Marketplace,East
ORD00887,2023-09-06,PRD019,2,198.86,397.72,Mobile App,South
ORD00888,2023-09-28,PRD011,4,94.78,379.12,Mobile App,North
ORD00889,2024-06-10,PRD020,2,65.35,130.7,Website,East
ORD00890,2024-07-21,PRD004,1,86.63,86.63,Marketplace,West
ORD00891,2024-02-19,PRD003,3,186.75,560.25,Marketplace,North
ORD00892,2023-03-04,PRD012,3,236.48,709.44,Mobile App,South
ORD00893,2023-02-08,PRD028,2,153.88,307.76,Mobile App,North
ORD00894,2023-04-25,PRD004,4,86.63,346.52,Website,West
ORD00895,2024-03-27,PRD004,1,86.63,86.63,Website,East
ORD00896,2024-05-06,PRD019,4,198.86,795.44,Website,East
ORD00897,2023-07-18,PRD023,3,200.74,602.22,Marketplace,East
ORD00898,2024-04-28,PRD020,1,65.35,65.35,Website,South
ORD00899,2023-12-21,PRD011,4,94.78,379.12,Website,East
ORD00900,2023-11-19,PRD026,4,271.02,1084.08,Mobile App,South
ORD00901,2023-07-19,PRD009,1,126.96,126.96,Marketplace,South
ORD00902,2024-07-05,PRD022,2,143.36,286.72,Website,West
ORD00903,2023-03-25,PRD019,3,198.86,596.58,Website,East
ORD00904,2023-11-10,PRD023,2,200.74,401.48,Marketplace,West
ORD00905,2023-07-26,PRD023,4,200.74,802.96,Website,West
ORD00906,2024-05-10,PRD012,4,236.48,945.92,Marketplace,East
ORD00907,2023-12-22,PRD009,4,126.96,507.84,Marketplace,South
ORD00908,2024-05-02,PRD010,1,287.73,287.73,Mobile App,West
ORD00909,2023-02-03,PRD025,3,29.76,89.28,Website,North
ORD00910,2023-10-16,PRD003,2,186.75,373.5,Website,South
ORD00911,2024-03-13,PRD019,1,198.86,198.86,Website,East
ORD00912,2023-01-06,PRD018,4,214.78,859.12,Website,West
ORD00913,2023-08-09,PRD022,2,143.36,286.72,Mobile App,West
ORD00914,2023-06-04,PRD017,1,44.19,44.19,Mobile App,North
ORD00915,2023-04-11,PRD020,2,65.35,130.7,Marketplace,North
ORD00916,2023-07-06,PRD023,4,200.74,802.96,Marketplace,East
ORD00917,2023-08-28,PRD008,1,168.52,168.52,Marketplace,West
ORD00918,2023-01-06,PRD006,2,149.92,299.84,Website,North
ORD00919,2024-06-29,PRD012,2,236.48,472.96,Marketplace,East
ORD00920,2023-05-09,PRD002,4,243.82,975.28,Mobile App,West
ORD00921,2023-10-05,PRD006,3,149.92,449.76,Website,East
ORD00922,2024-05-28,PRD030,2,210.91,421.82,Marketplace,North
ORD00923,2024-01-01,PRD010,3,287.73,863.19,Mobile App,East
ORD00924,2024-08-31,PRD009,2,126.96,253.92,Website,West
ORD00925,2024-08-11,PRD007,3,126.34,379.02,Marketplace,North
ORD00926,2023-02-22,PRD030,4,210.91,843.64,Marketplace,West
ORD00927,2024-09-21,PRD002,3,243.82,731.46,Website,West
ORD00928,2023-01-31,PRD011,3,94.78,284.34,Mobile App,North
ORD00929,2023-01-14,PRD001,3,246.2,738.6,Marketplace,South
ORD00930,2024-11-03,PRD013,3,107.72,323.16,Website,North
ORD00931,2024-09-21,PRD014,4,135.15,540.6,Website,North
ORD00932,2024-02-25,PRD017,2,44.19,88.38,Mobile App,North
ORD00933,2024-02-23,PRD030,4,210.91,843.64,Website,South
ORD00934,2024-06-01,PRD025,3,29.76,89.28,Website,West
ORD00935,2023-11-01,PRD013,3,107.72,323.16,Mobile App,East
ORD00936,2023-03-26,PRD014,2,135.15,270.3,Marketplace,East
ORD00937,2023-01-16,PRD004,4,86.63,346.52,Marketplace,West
ORD00938,2023-08-26,PRD006,2,149.92,299.84,Mobile App,West
ORD00939,2024-08-07,PRD001,3,246.2,738.6,Marketplace,South
ORD00940,2024-03-27,PRD004,2,86.63,173.26,Mobile App,North
ORD00941,2024-08-30,PRD005,4,35.21,140.84,Mobile App,East
ORD00942,2024-11-02,PRD029,1,127.64,127.64,Website,South
ORD00943,2023-03-06,PRD016,3,193.43,580.29,Website,West
ORD00944,2024-09-08,PRD016,4,193.43,773.72,Marketplace,South
ORD00945,2023-06-27,PRD011,4,94.78,379.12,Marketplace,West
ORD00946,2024-03-05,PRD005,1,35.21,35.21,Website,North
ORD00947,2024-01-18,PRD005,2,35.21,70.42,Mobile App,North
ORD00948,2023-10-16,PRD025,2,29.76,59.52,Website,East
ORD00949,2023-08-15,PRD014,1,135.15,135.15,Mobile App,West
ORD00950,2023-09-05,PRD010,3,287.73,863.19,Mobile App,North
ORD00951,2023-09-01,PRD025,4,29.76,119.04,Website,South
ORD00952,2023-05-03,PRD024,2,191.91,383.82,Website,East
ORD00953,2024-01-08,PRD025,1,29.76,29.76,Mobile App,South
ORD00954,2023-03-25,PRD022,4,143.36,573.44,Website,West
ORD00955,2024-01-08,PRD023,1,200.74,200.74,Marketplace,South
ORD00956,2024-10-23,PRD007,2,126.34,252.68,Website,North
ORD00957,2023-09-13,PRD005,4,35.21,140.84,Website,East
ORD00958,2024-06-14,PRD007,2,126.34,252.68,Mobile App,North
ORD00959,2024-08-20,PRD020,2,65.35,130.7,Website,North
ORD00960,2024-08-17,PRD013,4,107.72,430.88,Marketplace,East
ORD00961,2023-06-22,PRD023,2,200.74,401.48,Website,East
ORD00962,2023-04-17,PRD014,4,135.15,540.6,Website,West
ORD00963,2023-05-25,PRD021,1,128.81,128.81,Mobile App,North
ORD00964,2024-03-15,PRD009,3,126.96,380.88,Mobile App,East
ORD00965,2024-07-08,PRD023,4,200.74,802.96,Website,East
ORD00966,2024-04-23,PRD029,1,127.64,127.64,Website,North
ORD00967,2023-05-10,PRD001,1,246.2,246.2,Marketplace,East
ORD00968,2024-07-18,PRD007,3,126.34,379.02,Mobile App,East
ORD00969,2023-12-27,PRD030,1,210.91,210.91,Mobile App,South
ORD00970,2024-07-04,PRD009,4,126.96,507.84,Mobile App,East
ORD00971,2024-07-08,PRD010,1,287.73,287.73,Website,North
ORD00972,2023-11-24,PRD022,2,143.36,286.72,Mobile App,East
ORD00973,2024-11-05,PRD024,3,191.91,575.73,Marketplace,East
ORD00974,2024-02-17,PRD008,3,168.52,505.56,Website,West
ORD00975,2024-04-08,PRD003,1,186.75,186.75,Website,North
ORD00976,2024-03-31,PRD002,2,243.82,487.64,Website,West
ORD00977,2024-09-22,PRD030,1,210.91,210.91,Website,East
ORD00978,2024-04-02,PRD010,4,287.73,1150.92,Website,South
ORD00979,2023-04-21,PRD002,2,243.82,487.64,Website,West
ORD00980,2023-02-19,PRD018,3,214.78,644.34,Marketplace,East
ORD00981,2023-11-19,PRD029,3,127.64,382.92,Mobile App,North
ORD00982,2023-08-10,PRD030,4,210.91,843.64,Website,West
ORD00983,2023-07-20,PRD014,1,135.15,135.15,Website,East
ORD00984,2023-02-11,PRD023,2,200.74,401.48,Mobile App,North
ORD00985,2024-01-06,PRD019,1,198.86,198.86,Marketplace,South
ORD00986,2023-08-15,PRD024,4,191.91,767.64,Mobile App,North
ORD00987,2023-11-26,PRD006,4,149.92,599.68,Marketplace,West
ORD00988,2023-02-11,PRD018,4,214.78,859.12,Mobile App,East
ORD00989,2024-08-30,PRD007,2,126.34,252.68,Website,South
ORD00990,2023-02-26,PRD019,2,198.86,397.72,Marketplace,North
ORD00991,2024-09-22,PRD029,4,127.64,510.56,Marketplace,East
ORD00992,2024-09-16,PRD010,2,287.73,575.46,Mobile App,East
ORD00993,2024-03-24,PRD018,1,214.78,214.78,Website,South
ORD00994,2024-01-06,PRD002,2,243.82,487.64,Mobile App,North
ORD00995,2023-12-04,PRD021,2,128.81,257.62,Mobile App,South
ORD00996,2024-02-09,PRD009,1,126.96,126.96,Marketplace,South
ORD00997,2024-08-01,PRD027,2,94.6,189.2,Marketplace,North
ORD00998,2024-10-15,PRD001,3,246.2,738.6,Marketplace,East
ORD00999,2023-11-25,PRD011,1,94.78,94.78,Marketplace,East
ORD01000,2024-08-14,PRD024,2,191.91,383.82,Mobile App,East
ORD01001,2024-04-20,PRD011,1,94.78,94.78,Marketplace,North
ORD01002,2023-08-23,PRD027,3,94.6,283.8,Website,East
ORD01003,2023-12-14,PRD006,3,149.92,449.76,Website,North
ORD01004,2023-04-21,PRD024,4,191.91,767.64,Marketplace,East
ORD01005,2023-02-15,PRD028,2,153.88,307.76,Mobile App,South
ORD01006,2023-03-17,PRD011,3,94.78,284.34,Website,West
ORD01007,2024-10-18,PRD005,4,35.21,140.84,Website,West
ORD01008,2023-09-08,PRD012,2,236.48,472.96,Mobile App,North
ORD01009,2024-06-05,PRD016,2,193.43,386.86,Mobile App,South
ORD01010,2024-01-04,PRD027,2,94.6,189.2,Website,West
ORD01011,2023-05-06,PRD024,2,191.91,383.82,Marketplace,East
ORD01012,2023-06-30,PRD001,3,246.2,738.6,Website,South
ORD01013,2023-11-16,PRD027,4,94.6,378.4,Marketplace,South
ORD01014,2023-11-17,PRD003,2,186.75,373.5,Website,West
ORD01015,2024-01-17,PRD008,4,168.52,674.08,Marketplace,West
ORD01016,2023-04-26,PRD004,2,86.63,173.26,Marketplace,North
ORD01017,2023-09-30,PRD020,1,65.35,65.35,Mobile App,West
ORD01018,2023-07-26,PRD001,1,246.2,246.2,Website,North
ORD01019,2023-10-26,PRD005,2,35.21,70.42,Website,East
ORD01020,2023-09-05,PRD005,1,35.21,35.21,Website,North
ORD01021,2024-03-12,PRD018,3,214.78,644.34,Marketplace,North
ORD01022,2024-07-30,PRD007,2,126.34,252.68,Mobile App,West
ORD01023,2024-04-17,PRD027,2,94.6,189.2,Mobile App,East
ORD01024,2023-02-18,PRD016,2,193.43,386.86,Website,North
ORD01025,2023-03-10,PRD018,3,214.78,644.34,Marketplace,North
ORD01026,2024-05-10,PRD001,1,246.2,246.2,Website,East
ORD01027,2023-07-27,PRD004,4,86.63,346.52,Website,North
ORD01028,2024-06-12,PRD030,2,210.91,421.82,Website,South
ORD01029,2024-04-24,PRD014,4,135.15,540.6,Website,East
ORD01030,2024-10-23,PRD021,3,128.81,386.43,Website,West
ORD01031,2024-09-29,PRD022,1,143.36,143.36,Mobile App,South
ORD01032,2023-09-01,PRD004,2,86.63,173.26,Website,East
ORD01033,2024-03-01,PRD012,1,236.48,236.48,Marketplace,East
ORD01034,2023-04-14,PRD004,3,86.63,259.89,Website,North
ORD01035,2023-09-13,PRD020,2,65.35,130.7,Website,West
ORD01036,2024-12-07,PRD017,3,44.19,132.57,Marketplace,South
ORD01037,2024-05-24,PRD022,4,143.36,573.44,Website,East
ORD01038,2023-10-14,PRD020,3,65.35,196.05,Mobile App,North
ORD01039,2024-03-10,PRD009,4,126.96,507.84,Marketplace,East
ORD01040,2024-11-15,PRD030,3,210.91,632.73,Marketplace,North
ORD01041,2023-08-14,PRD026,1,271.02,271.02,Website,South
ORD01042,2023-10-02,PRD011,2,94.78,189.56,Mobile App,West
ORD01043,2024-07-31,PRD024,4,191.91,767.64,Website,North
ORD01044,2024-08-16,PRD019,4,198.86,795.44,Marketplace,East
ORD01045,2024-05-04,PRD005,1,35.21,35.21,Mobile App,South
ORD01046,2024-08-28,PRD006,4,149.92,599.68,Mobile App,East
ORD01047,2024-06-23,PRD016,4,193.43,773.72,Mobile App,West
ORD01048,2024-05-15,PRD020,3,65.35,196.05,Website,South
ORD01049,2024-01-20,PRD013,4,107.72,430.88,Marketplace,West
ORD01050,2024-04-16,PRD018,4,214.78,859.12,Marketplace,South
ORD01051,2023-11-06,PRD013,1,107.72,107.72,Marketplace,West
ORD01052,2023-09-22,PRD017,2,44.19,88.38,Marketplace,North
ORD01053,2023-09-22,PRD008,3,168.52,505.56,Website,South
ORD01054,2023-05-12,PRD028,1,153.88,153.88,Mobile App,West
ORD01055,2023-06-06,PRD005,1,35.21,35.21,Website,East
ORD01056,2024-11-22,PRD012,2,236.48,472.96,Mobile App,West
ORD01057,2023-12-21,PRD005,4,35.21,140.84,Website,South
ORD01058,2023-06-15,PRD027,2,94.6,189.2,Website,South
ORD01059,2023-04-11,PRD004,2,86.63,173.26,Mobile App,North
ORD01060,2023-02-26,PRD023,4,200.74,802.96,Mobile App,North
ORD01061,2024-09-08,PRD023,1,200.74,200.74,Marketplace,North
ORD01062,2023-03-15,PRD016,2,193.43,386.86,Website,South
ORD01063,2024-07-16,PRD012,2,236.48,472.96,Website,South
ORD01064,2024-09-01,PRD003,1,186.75,186.75,Marketplace,West
ORD01065,2024-10-07,PRD005,2,35.21,70.42,Mobile App,South
ORD01066,2023-01-28,PRD024,3,191.91,575.73,Mobile App,West
ORD01067,2023-09-03,PRD024,3,191.91,575.73,Mobile App,North
ORD01068,2024-07-13,PRD010,1,287.73,287.73,Website,North
ORD01069,2023-04-06,PRD029,1,127.64,127.64,Marketplace,South
ORD01070,2023-10-03,PRD017,2,44.19,88.38,Website,West
ORD01071,2023-04-29,PRD027,4,94.6,378.4,Marketplace,West
ORD01072,2024-08-29,PRD018,3,214.78,644.34,Marketplace,East
ORD01073,2024-07-16,PRD023,2,200.74,401.48,Mobile App,South
ORD01074,2024-08-13,PRD009,1,126.96,126.96,Marketplace,West
ORD01075,2023-05-01,PRD005,2,35.21,70.42,Mobile App,North
ORD01076,2023-11-16,PRD008,4,168.52,674.08,Website,North
ORD01077,2023-10-27,PRD027,4,94.6,378.4,Mobile App,East
ORD01078,2024-05-08,PRD021,4,128.81,515.24,Mobile App,South
ORD01079,2023-06-23,PRD002,3,243.82,731.46,Marketplace,West
ORD01080,2023-11-21,PRD007,3,126.34,379.02,Website,North
ORD01081,2023-07-27,PRD003,3,186.75,560.25,Marketplace,East
ORD01082,2024-06-30,PRD001,2,246.2,492.4,Mobile App,South
ORD01083,2023-11-24,PRD018,1,214.78,214.78,Website,South
ORD01084,2024-01-25,PRD020,1,65.35,65.35,Mobile App,South
ORD01085,2023-08-14,PRD018,2,214.78,429.56,Marketplace,North
ORD01086,2024-08-13,PRD008,3,168.52,505.56,Website,North
ORD01087,2023-12-09,PRD019,4,198.86,795.44,Website,North
ORD01088,2024-09-01,PRD011,1,94.78,94.78,Mobile App,North
ORD01089,2023-09-26,PRD012,3,236.48,709.44,Mobile App,South
ORD01090,2024-11-22,PRD011,4,94.78,379.12,Marketplace,East
ORD01091,2024-12-19,PRD005,1,35.21,35.21,Mobile App,West
ORD01092,2023-12-04,PRD029,1,127.64,127.64,Marketplace,South
ORD01093,2023-07-25,PRD001,4,246.2,984.8,Mobile App,North
ORD01094,2023-10-06,PRD010,2,287.73,575.46,Website,West
ORD01095,2024-01-21,PRD003,1,186.75,186.75,Marketplace,South
ORD01096,2024-12-06,PRD029,2,127.64,255.28,Marketplace,South
ORD01097,2024-08-19,PRD025,2,29.76,59.52,Marketplace,East
ORD01098,2024-08-07,PRD015,2,223.07,446.14,Mobile App,East
ORD01099,2023-04-12,PRD012,4,236.48,945.92,Website,West
ORD01100,2023-07-02,PRD008,2,168.52,337.04,Marketplace,North
ORD01101,2024-04-13,PRD005,4,35.21,140.84,Website,North
ORD01102,2024-09-30,PRD005,3,35.21,105.63,Marketplace,North
ORD01103,2024-02-09,PRD016,1,193.43,193.43,Mobile App,East
ORD01104,2023-03-16,PRD006,3,149.92,449.76,Website,North
ORD01105,2024-09-09,PRD009,3,126.96,380.88,Mobile App,North
ORD01106,2024-09-13,PRD003,2,186.75,373.5,Marketplace,West
ORD01107,2023-07-28,PRD009,4,126.96,507.84,Mobile App,West
ORD01108,2024-07-11,PRD021,2,128.81,257.62,Website,West
ORD01109,2023-07-19,PRD002,3,243.82,731.46,Mobile App,West
ORD01110,2024-10-22,PRD014,2,135.15,270.3,Mobile App,East
ORD01111,2023-04-18,PRD017,3,44.19,132.57,Mobile App,North
ORD01112,2023-11-16,PRD022,4,143.36,573.44,Marketplace,West
ORD01113,2024-11-21,PRD009,1,126.96,126.96,Marketplace,North
ORD01114,2023-06-12,PRD024,2,191.91,383.82,Marketplace,North
ORD01115,2023-11-26,PRD005,1,35.21,35.21,Mobile App,West
ORD01116,2023-09-13,PRD006,4,149.92,599.68,Website,South
ORD01117,2023-01-20,PRD013,4,107.72,430.88,Marketplace,North
ORD01118,2023-02-08,PRD012,4,236.48,945.92,Mobile App,West
ORD01119,2024-01-02,PRD004,1,86.63,86.63,Website,North
ORD01120,2023-06-22,PRD030,4,210.91,843.64,Mobile App,South
ORD01121,2024-12-27,PRD013,3,107.72,323.16,Website,East
ORD01122,2023-10-01,PRD011,4,94.78,379.12,Website,West
ORD01123,2023-01-21,PRD004,3,86.63,259.89,Mobile App,North
ORD01124,2024-11-10,PRD018,2,214.78,429.56,Mobile App,South
ORD01125,2024-09-04,PRD021,2,128.81,257.62,Mobile App,North
ORD01126,2024-04-19,PRD020,4,65.35,261.4,Website,East
ORD01127,2024-07-31,PRD026,4,271.02,1084.08,Mobile App,South
ORD01128,2023-04-11,PRD002,2,243.82,487.64,Website,West
ORD01129,2023-07-29,PRD009,3,126.96,380.88,Marketplace,South
ORD01130,2024-08-28,PRD003,2,186.75,373.5,Website,East
ORD01131,2024-05-23,PRD013,1,107.72,107.72,Mobile App,West
ORD01132,2023-04-12,PRD028,4,153.88,615.52,Marketplace,South
ORD01133,2024-05-30,PRD022,3,143.36,430.08,Website,North
ORD01134,2023-11-24,PRD003,4,186.75,747.0,Mobile App,East
ORD01135,2023-01-04,PRD006,2,149.92,299.84,Mobile App,West
ORD01136,2023-02-27,PRD016,4,193.43,773.72,Marketplace,South
ORD01137,2023-07-06,PRD023,4,200.74,802.96,Mobile App,West
ORD01138,2024-09-01,PRD027,1,94.6,94.6,Marketplace,South
ORD01139,2024-02-05,PRD003,2,186.75,373.5,Mobile App,East
ORD01140,2024-06-14,PRD001,2,246.2,492.4,Mobile App,South
ORD01141,2024-01-21,PRD016,3,193.43,580.29,Website,West
ORD01142,2023-03-23,PRD009,1,126.96,126.96,Mobile App,South
ORD01143,2023-07-30,PRD021,4,128.81,515.24,Marketplace,North
ORD01144,2023-08-08,PRD002,2,243.82,487.64,Marketplace,South
ORD01145,2023-02-04,PRD014,2,135.15,270.3,Marketplace,West
ORD01146,2023-11-03,PRD007,3,126.34,379.02,Website,South
ORD01147,2024-08-02,PRD022,1,143.36,143.36,Mobile App,East
ORD01148,2023-11-30,PRD001,3,246.2,738.6,Mobile App,North
ORD01149,2023-03-22,PRD023,4,200.74,802.96,Marketplace,West
ORD01150,2024-10-22,PRD014,4,135.15,540.6,Mobile App,East
ORD01151,2024-03-11,PRD027,4,94.6,378.4,Marketplace,East
ORD01152,2023-01-12,PRD004,2,86.63,173.26,Mobile App,West
ORD01153,2024-01-12,PRD012,2,236.48,472.96,Marketplace,South
ORD01154,2023-06-26,PRD018,4,214.78,859.12,Mobile App,East
ORD01155,2023-04-15,PRD028,4,153.88,615.52,Marketplace,East
ORD01156,2023-11-10,PRD023,1,200.74,200.74,Website,North
ORD01157,2024-03-24,PRD003,1,186.75,186.75,Marketplace,West
ORD01158,2023-06-25,PRD004,4,86.63,346.52,Marketplace,North
ORD01159,2023-11-01,PRD021,4,128.81,515.24,Marketplace,North
ORD01160,2024-04-29,PRD022,3,143.36,430.08,Mobile App,South
ORD01161,2023-03-04,PRD008,4,168.52,674.08,Marketplace,West
ORD01162,2024-12-12,PRD004,2,86.63,173.26,Mobile App,North
ORD01163,2023-02-19,PRD012,4,236.48,945.92,Mobile App,West
ORD01164,2024-01-20,PRD001,3,246.2,738.6,Website,East
ORD01165,2024-01-06,PRD009,3,126.96,380.88,Mobile App,West
ORD01166,2024-12-22,PRD022,2,143.36,286.72,Website,West
ORD01167,2024-02-09,PRD002,1,243.82,243.82,Website,South
ORD01168,2023-10-13,PRD026,3,271.02,813.06,Marketplace,East
ORD01169,2023-12-10,PRD011,2,94.78,189.56,Marketplace,West
ORD01170,2024-04-09,PRD008,4,168.52,674.08,Website,West
ORD01171,2024-12-17,PRD027,1,94.6,94.6,Marketplace,West
ORD01172,2023-07-05,PRD005,4,35.21,140.84,Marketplace,South
ORD01173,2023-01-12,PRD013,3,107.72,323.16,Marketplace,South
ORD01174,2024-07-29,PRD014,2,135.15,270.3,Website,South
ORD01175,2023-09-09,PRD017,1,44.19,44.19,Marketplace,West
ORD01176,2024-06-19,PRD027,3,94.6,283.8,Marketplace,South
ORD01177,2024-04-03,PRD011,2,94.78,189.56,Website,North
ORD01178,2024-07-17,PRD001,4,246.2,984.8,Website,South
ORD01179,2024-06-20,PRD001,1,246.2,246.2,Marketplace,West
ORD01180,2023-08-31,PRD001,2,246.2,492.4,Mobile App,East
ORD01181,2023-02-02,PRD006,2,149.92,299.84,Marketplace,South
ORD01182,2024-02-03,PRD010,2,287.73,575.46,Marketplace,South
ORD01183,2024-08-16,PRD024,4,191.91,767.64,Mobile App,North
ORD01184,2023-05-08,PRD009,1,126.96,126.96,Website,North
ORD01185,2024-07-22,PRD021,1,128.81,128.81,Website,West
ORD01186,2023-12-06,PRD030,1,210.91,210.91,Website,South
ORD01187,2024-05-22,PRD010,3,287.73,863.19,Website,North
ORD01188,2024-04-06,PRD003,4,186.75,747.0,Mobile App,South
ORD01189,2024-08-15,PRD013,1,107.72,107.72,Mobile App,North
ORD01190,2023-02-16,PRD014,1,135.15,135.15,Mobile App,North
ORD01191,2024-07-20,PRD007,4,126.34,505.36,Mobile App,East
ORD01192,2023-12-01,PRD021,4,128.81,515.24,Website,South
ORD01193,2023-08-03,PRD010,1,287.73,287.73,Website,North
ORD01194,2023-02-01,PRD004,3,86.63,259.89,Mobile App,West
ORD01195,2023-05-26,PRD020,1,65.35,65.35,Website,East
ORD01196,2023-01-31,PRD030,1,210.91,210.91,Website,North
ORD01197,2024-11-12,PRD018,1,214.78,214.78,Marketplace,South
ORD01198,2024-01-12,PRD007,3,126.34,379.02,Website,South
ORD01199,2024-12-23,PRD001,3,246.2,738.6,Website,South
ORD01200,2024-02-01,PRD003,2,186.75,373.5,Mobile App,East
ORD01201,2023-07-04,PRD016,2,193.43,386.86,Website,East
ORD01202,2024-07-03,PRD023,3,200.74,602.22,Mobile App,West
ORD01203,2023-05-20,PRD014,4,135.15,540.6,Website,East
ORD01204,2023-09-18,PRD006,2,149.92,299.84,Marketplace,East
ORD01205,2024-07-24,PRD013,1,107.72,107.72,Marketplace,East
ORD01206,2024-09-24,PRD006,2,149.92,299.84,Marketplace,West
ORD01207,2023-08-31,PRD014,4,135.15,540.6,Mobile App,East
ORD01208,2023-04-01,PRD027,3,94.6,283.8,Marketplace,North
ORD01209,2023-09-26,PRD020,4,65.35,261.4,Mobile App,South
ORD01210,2024-10-11,PRD019,3,198.86,596.58,Mobile App,North
ORD01211,2024-06-26,PRD015,2,223.07,446.14,Website,East
ORD01212,2024-10-15,PRD019,4,198.86,795.44,Mobile App,East
ORD01213,2023-10-10,PRD013,1,107.72,107.72,Website,South
ORD01214,2024-12-11,PRD026,3,271.02,813.06,Mobile App,South
ORD01215,2023-12-29,PRD012,2,236.48,472.96,Website,South
ORD01216,2023-12-30,PRD022,3,143.36,430.08,Mobile App,South
ORD01217,2024-11-05,PRD025,3,29.76,89.28,Website,North
ORD01218,2024-01-15,PRD011,1,94.78,94.78,Marketplace,East
ORD01219,2024-08-07,PRD007,4,126.34,505.36,Marketplace,East
ORD01220,2024-06-14,PRD029,2,127.64,255.28,Marketplace,North
ORD01221,2023-02-27,PRD013,3,107.72,323.16,Marketplace,South
ORD01222,2024-03-15,PRD017,2,44.19,88.38,Website,East
ORD01223,2024-08-23,PRD023,1,200.74,200.74,Marketplace,West
ORD01224,2024-02-03,PRD022,4,143.36,573.44,Mobile App,East
ORD01225,2023-08-23,PRD007,2,126.34,252.68,Website,West
ORD01226,2023-02-28,PRD016,1,193.43,193.43,Mobile App,West
ORD01227,2024-04-27,PRD004,1,86.63,86.63,Mobile App,South
ORD01228,2023-08-12,PRD020,3,65.35,196.05,Marketplace,West
ORD01229,2024-03-15,PRD008,1,168.52,168.52,Mobile App,North
ORD01230,2023-11-08,PRD021,1,128.81,128.81,Mobile App,East
ORD01231,2024-05-18,PRD005,4,35.21,140.84,Website,North
ORD01232,2023-09-14,PRD011,1,94.78,94.78,Website,West
ORD01233,2023-01-31,PRD004,4,86.63,346.52,Marketplace,East
ORD01234,2024-09-27,PRD009,3,126.96,380.88,Mobile App,West
ORD01235,2023-09-15,PRD003,3,186.75,560.25,Mobile App,North
ORD01236,2024-12-29,PRD013,3,107.72,323.16,Marketplace,West
ORD01237,2023-07-20,PRD016,1,193.43,193.43,Mobile App,North
ORD01238,2024-12-16,PRD001,2,246.2,492.4,Website,North
ORD01239,2024-11-22,PRD005,1,35.21,35.21,Mobile App,West
ORD01240,2023-02-24,PRD008,2,168.52,337.04,Website,South
ORD01241,2024-04-10,PRD024,3,191.91,575.73,Marketplace,North
ORD01242,2023-09-23,PRD030,1,210.91,210.91,Mobile App,North
ORD01243,2024-08-07,PRD004,1,86.63,86.63,Mobile App,North
ORD01244,2024-05-10,PRD009,3,126.96,380.88,Marketplace,West
ORD01245,2024-11-26,PRD009,2,126.96,253.92,Website,West
ORD01246,2023-04-15,PRD004,2,86.63,173.26,Mobile App,South
ORD01247,2024-03-19,PRD025,4,29.76,119.04,Marketplace,West
ORD01248,2024-07-24,PRD022,1,143.36,143.36,Marketplace,South
ORD01249,2023-01-26,PRD019,4,198.86,795.44,Marketplace,West
ORD01250,2023-02-19,PRD009,3,126.96,380.88,Marketplace,West
ORD01251,2024-07-22,PRD008,1,168.52,168.52,Mobile App,East
ORD01252,2023-09-25,PRD023,1,200.74,200.74,Mobile App,South
ORD01253,2023-10-07,PRD022,2,143.36,286.72,Marketplace,North
ORD01254,2024-02-19,PRD003,4,186.75,747.0,Website,South
ORD01255,2024-03-17,PRD001,2,246.2,492.4,Mobile App,West
ORD01256,2024-05-10,PRD007,4,126.34,505.36,Website,East
ORD01257,2024-11-23,PRD007,3,126.34,379.02,Mobile App,West
ORD01258,2023-09-29,PRD021,2,128.81,257.62,Marketplace,North
ORD01259,2024-07-11,PRD030,2,210.91,421.82,Website,East
ORD01260,2024-02-23,PRD013,4,107.72,430.88,Marketplace,South
ORD01261,2024-01-22,PRD025,4,29.76,119.04,Website,North
ORD01262,2023-10-18,PRD009,4,126.96,507.84,Website,East
ORD01263,2024-04-19,PRD028,1,153.88,153.88,Website,West
ORD01264,2023-07-02,PRD029,1,127.64,127.64,Marketplace,North
ORD01265,2023-03-24,PRD008,1,168.52,168.52,Mobile App,South
ORD01266,2024-06-21,PRD009,1,126.96,126.96,Mobile App,West
ORD01267,2023-12-31,PRD012,3,236.48,709.44,Website,North
ORD01268,2023-10-10,PRD012,4,236.48,945.92,Website,South
ORD01269,2024-02-15,PRD013,4,107.72,430.88,Marketplace,East
ORD01270,2023-07-11,PRD002,4,243.82,975.28,Mobile App,East
ORD01271,2023-07-10,PRD004,1,86.63,86.63,Marketplace,West
ORD01272,2023-11-22,PRD024,4,191.91,767.64,Website,East
ORD01273,2024-12-28,PRD007,4,126.34,505.36,Website,East
ORD01274,2023-07-28,PRD017,4,44.19,176.76,Marketplace,West
ORD01275,2024-10-31,PRD004,1,86.63,86.63,Marketplace,South
ORD01276,2023-12-25,PRD004,2,86.63,173.26,Website,North
ORD01277,2023-03-31,PRD029,1,127.64,127.64,Marketplace,East
ORD01278,2024-09-14,PRD008,1,168.52,168.52,Marketplace,North
ORD01279,2023-11-26,PRD009,2,126.96,253.92,Marketplace,West
ORD01280,2024-10-18,PRD013,4,107.72,430.88,Website,South
ORD01281,2023-11-21,PRD024,3,191.91,575.73,Mobile App,South
ORD01282,2023-03-06,PRD006,2,149.92,299.84,Mobile App,East
ORD01283,2024-05-12,PRD023,3,200.74,602.22,Marketplace,North
ORD01284,2024-09-09,PRD004,2,86.63,173.26,Marketplace,West
ORD01285,2023-08-22,PRD024,3,191.91,575.73,Marketplace,South
ORD01286,2023-09-11,PRD006,3,149.92,449.76,Marketplace,North
ORD01287,2023-02-17,PRD006,2,149.92,299.84,Mobile App,West
ORD01288,2024-01-31,PRD005,1,35.21,35.21,Marketplace,West
ORD01289,2024-10-12,PRD014,3,135.15,405.45,Website,South
ORD01290,2024-09-13,PRD009,1,126.96,126.96,Website,North
ORD01291,2024-06-03,PRD020,3,65.35,196.05,Mobile App,North
ORD01292,2024-11-07,PRD016,2,193.43,386.86,Mobile App,North
ORD01293,2024-04-10,PRD002,1,243.82,243.82,Marketplace,East
ORD01294,2024-08-02,PRD027,2,94.6,189.2,Marketplace,South
ORD01295,2024-01-07,PRD025,2,29.76,59.52,Website,North
ORD01296,2023-03-30,PRD010,3,287.73,863.19,Mobile App,West
ORD01297,2023-05-27,PRD024,3,191.91,575.73,Marketplace,East
ORD01298,2023-04-12,PRD022,4,143.36,573.44,Mobile App,East
ORD01299,2024-07-30,PRD015,1,223.07,223.07,Mobile App,East
ORD01300,2023-01-20,PRD023,3,200.74,602.22,Marketplace,West
ORD01301,2024-02-09,PRD004,3,86.63,259.89,Marketplace,North
ORD01302,2023-09-27,PRD005,4,35.21,140.84,Website,South
ORD01303,2024-08-09,PRD012,4,236.48,945.92,Website,South
ORD01304,2024-02-07,PRD019,4,198.86,795.44,Mobile App,South
ORD01305,2024-03-22,PRD024,1,191.91,191.91,Website,West
ORD01306,2023-03-04,PRD021,1,128.81,128.81,Mobile App,West
ORD01307,2023-08-14,PRD029,2,127.64,255.28,Mobile App,East
ORD01308,2024-12-30,PRD029,3,127.64,382.92,Mobile App,West
ORD01309,2024-06-08,PRD009,3,126.96,380.88,Website,North
ORD01310,2024-01-19,PRD019,3,198.86,596.58,Marketplace,North
ORD01311,2024-07-15,PRD014,4,135.15,540.6,Marketplace,East
ORD01312,2024-08-24,PRD010,1,287.73,287.73,Website,West
ORD01313,2023-02-23,PRD030,2,210.91,421.82,Mobile App,South
ORD01314,2024-12-10,PRD017,3,44.19,132.57,Marketplace,South
ORD01315,2024-04-13,PRD010,4,287.73,1150.92,Mobile App,North
ORD01316,2023-11-25,PRD026,3,271.02,813.06,Website,West
ORD01317,2024-05-11,PRD002,2,243.82,487.64,Mobile App,North
ORD01318,2023-09-09,PRD002,4,243.82,975.28,Mobile App,North
ORD01319,2024-10-02,PRD014,3,135.15,405.45,Marketplace,North
ORD01320,2024-07-23,PRD002,3,243.82,731.46,Website,East
ORD01321,2024-04-12,PRD029,3,127.64,382.92,Marketplace,South
ORD01322,2023-05-13,PRD003,3,186.75,560.25,Website,South
ORD01323,2024-12-06,PRD014,1,135.15,135.15,Mobile App,South
ORD01324,2023-11-12,PRD002,4,243.82,975.28,Mobile App,South
ORD01325,2024-10-26,PRD026,4,271.02,1084.08,Mobile App,West
ORD01326,2023-02-10,PRD029,1,127.64,127.64,Mobile App,East
ORD01327,2023-04-01,PRD020,3,65.35,196.05,Website,West
ORD01328,2023-04-22,PRD022,3,143.36,430.08,Marketplace,South
ORD01329,2023-05-01,PRD022,2,143.36,286.72,Mobile App,South
ORD01330,2023-08-24,PRD014,2,135.15,270.3,Mobile App,East
ORD01331,2024-06-01,PRD003,3,186.75,560.25,Marketplace,West
ORD01332,2023-09-10,PRD018,2,214.78,429.56,Mobile App,West
ORD01333,2024-11-17,PRD004,2,86.63,173.26,Marketplace,West
ORD01334,2024-10-15,PRD023,3,200.74,602.22,Marketplace,East
ORD01335,2024-09-09,PRD015,3,223.07,669.21,Mobile App,West
ORD01336,2023-07-02,PRD014,4,135.15,540.6,Mobile App,North
ORD01337,2024-04-08,PRD030,1,210.91,210.91,Mobile App,North
ORD01338,2024-02-07,PRD025,2,29.76,59.52,Marketplace,East
ORD01339,2023-04-02,PRD026,2,271.02,542.04,Marketplace,East
ORD01340,2023-08-10,PRD005,3,35.21,105.63,Website,West
ORD01341,2024-01-25,PRD005,4,35.21,140.84,Marketplace,North
ORD01342,2024-01-02,PRD015,4,223.07,892.28,Website,North
ORD01343,2023-05-04,PRD002,3,243.82,731.46,Marketplace,North
ORD01344,2024-11-18,PRD011,1,94.78,94.78,Mobile App,West
ORD01345,2023-04-23,PRD023,3,200.74,602.22,Website,North
ORD01346,2024-04-25,PRD024,1,191.91,191.91,Marketplace,South
ORD01347,2024-06-10,PRD017,2,44.19,88.38,Marketplace,West
ORD01348,2024-03-17,PRD005,2,35.21,70.42,Marketplace,South
ORD01349,2024-09-07,PRD010,3,287.73,863.19,Marketplace,North
ORD01350,2024-02-16,PRD026,4,271.02,1084.08,Marketplace,South
ORD01351,2024-08-25,PRD004,1,86.63,86.63,Website,South
ORD01352,2023-01-21,PRD020,1,65.35,65.35,Marketplace,North
ORD01353,2023-02-03,PRD008,2,168.52,337.04,Website,West
ORD01354,2024-04-13,PRD001,4,246.2,984.8,Mobile App,North
ORD01355,2024-02-26,PRD030,1,210.91,210.91,Mobile App,West
ORD01356,2024-04-20,PRD016,2,193.43,386.86,Website,East
ORD01357,2024-07-13,PRD027,4,94.6,378.4,Marketplace,North
ORD01358,2023-11-01,PRD014,2,135.15,270.3,Marketplace,North
ORD01359,2024-04-11,PRD006,2,149.92,299.84,Marketplace,South
ORD01360,2023-12-30,PRD006,2,149.92,299.84,Mobile App,West
ORD01361,2024-04-02,PRD010,3,287.73,863.19,Marketplace,North
ORD01362,2023-07-31,PRD019,4,198.86,795.44,Mobile App,East
ORD01363,2024-11-29,PRD013,4,107.72,430.88,Marketplace,North
ORD01364,2023-12-19,PRD015,4,223.07,892.28,Mobile App,South
ORD01365,2024-08-10,PRD001,3,246.2,738.6,Mobile App,North
ORD01366,2024-05-15,PRD019,4,198.86,795.44,Website,East
ORD01367,2023-08-06,PRD002,4,243.82,975.28,Website,East
ORD01368,2023-02-23,PRD005,4,35.21,140.84,Marketplace,West
ORD01369,2023-02-13,PRD009,1,126.96,126.96,Website,East
ORD01370,2023-11-17,PRD017,2,44.19,88.38,Mobile App,West
ORD01371,2023-12-20,PRD017,1,44.19,44.19,Website,South
ORD01372,2023-05-29,PRD012,3,236.48,709.44,Mobile App,South
ORD01373,2024-03-18,PRD009,3,126.96,380.88,Mobile App,North
ORD01374,2023-08-17,PRD030,4,210.91,843.64,Mobile App,West
ORD01375,2024-06-08,PRD020,2,65.35,130.7,Marketplace,East
ORD01376,2024-06-19,PRD005,3,35.21,105.63,Marketplace,East
ORD01377,2024-09-20,PRD019,4,198.86,795.44,Website,North
ORD01378,2024-12-13,PRD001,2,246.2,492.4,Website,North
ORD01379,2023-04-06,PRD022,1,143.36,143.36,Mobile App,West
ORD01380,2023-09-28,PRD011,2,94.78,189.56,Marketplace,South
ORD01381,2024-02-15,PRD004,2,86.63,173.26,Marketplace,West
ORD01382,2023-08-21,PRD025,4,29.76,119.04,Website,North
ORD01383,2023-12-07,PRD020,3,65.35,196.05,Website,North
ORD01384,2023-07-15,PRD028,1,153.88,153.88,Mobile App,East
ORD01385,2023-06-30,PRD020,1,65.35,65.35,Website,East
ORD01386,2023-03-12,PRD004,4,86.63,346.52,Mobile App,South
ORD01387,2023-07-31,PRD021,2,128.81,257.62,Website,East
ORD01388,2023-10-08,PRD016,4,193.43,773.72,Marketplace,East
ORD01389,2024-03-25,PRD008,2,168.52,337.04,Marketplace,South
ORD01390,2023-07-01,PRD014,2,135.15,270.3,Website,North
ORD01391,2024-09-23,PRD021,1,128.81,128.81,Website,North
ORD01392,2023-04-27,PRD026,2,271.02,542.04,Website,East
ORD01393,2023-08-28,PRD025,4,29.76,119.04,Marketplace,North
ORD01394,2024-02-26,PRD011,2,94.78,189.56,Marketplace,West
ORD01395,2023-08-17,PRD007,2,126.34,252.68,Marketplace,West
ORD01396,2024-07-11,PRD017,3,44.19,132.57,Mobile App,South
ORD01397,2023-12-30,PRD026,1,271.02,271.02,Mobile App,West
ORD01398,2024-01-11,PRD021,4,128.81,515.24,Website,North
ORD01399,2023-12-31,PRD005,3,35.21,105.63,Website,North
ORD01400,2023-08-14,PRD016,2,193.43,386.86,Website,East
ORD01401,2023-01-17,PRD001,2,246.2,492.4,Mobile App,East
ORD01402,2024-11-21,PRD013,3,107.72,323.16,Website,South
ORD01403,2024-01-04,PRD010,1,287.73,287.73,Marketplace,South
ORD01404,2024-12-06,PRD028,3,153.88,461.64,Mobile App,North
ORD01405,2023-06-07,PRD018,1,214.78,214.78,Marketplace,West
ORD01406,2023-09-15,PRD030,3,210.91,632.73,Marketplace,North
ORD01407,2023-02-06,PRD002,3,243.82,731.46,Mobile App,East
ORD01408,2023-12-28,PRD007,3,126.34,379.02,Website,South
ORD01409,2024-10-06,PRD007,3,126.34,379.02,Marketplace,North
ORD01410,2024-04-22,PRD008,4,168.52,674.08,Website,North
ORD01411,2023-12-10,PRD012,1,236.48,236.48,Mobile App,North
ORD01412,2024-01-27,PRD029,4,127.64,510.56,Website,East
ORD01413,2024-09-10,PRD024,1,191.91,191.91,Website,North
ORD01414,2023-11-11,PRD016,2,193.43,386.86,Marketplace,East
ORD01415,2024-10-06,PRD014,4,135.15,540.6,Mobile App,South
ORD01416,2024-06-15,PRD001,1,246.2,246.2,Website,South
ORD01417,2024-07-11,PRD018,4,214.78,859.12,Marketplace,North
ORD01418,2023-09-25,PRD018,4,214.78,859.12,Website,West
ORD01419,2023-10-20,PRD025,4,29.76,119.04,Marketplace,South
ORD01420,2024-02-21,PRD014,4,135.15,540.6,Marketplace,South
ORD01421,2023-05-23,PRD004,4,86.63,346.52,Website,East
ORD01422,2024-02-08,PRD012,2,236.48,472.96,Mobile App,West
ORD01423,2023-02-23,PRD030,1,210.91,210.91,Website,South
ORD01424,2024-01-04,PRD003,1,186.75,186.75,Website,West
ORD01425,2024-07-12,PRD024,1,191.91,191.91,Website,South
ORD01426,2023-07-24,PRD027,1,94.6,94.6,Website,North
ORD01427,2024-12-23,PRD005,4,35.21,140.84,Website,East
ORD01428,2024-05-11,PRD002,3,243.82,731.46,Mobile App,South
ORD01429,2023-03-28,PRD010,2,287.73,575.46,Marketplace,West
ORD01430,2024-12-12,PRD016,1,193.43,193.43,Marketplace,North
ORD01431,2023-10-15,PRD003,3,186.75,560.25,Marketplace,South
ORD01432,2024-08-03,PRD016,3,193.43,580.29,Website,West
ORD01433,2023-09-05,PRD023,3,200.74,602.22,Mobile App,East
ORD01434,2024-11-16,PRD028,2,153.88,307.76,Marketplace,East
ORD01435,2024-07-05,PRD011,1,94.78,94.78,Website,East
ORD01436,2023-05-26,PRD029,4,127.64,510.56,Marketplace,West
ORD01437,2024-01-07,PRD009,1,126.96,126.96,Website,South
ORD01438,2024-01-01,PRD027,2,94.6,189.2,Mobile App,South
ORD01439,2023-02-03,PRD004,3,86.63,259.89,Marketplace,South
ORD01440,2023-04-11,PRD002,2,243.82,487.64,Marketplace,West
ORD01441,2023-09-01,PRD021,4,128.81,515.24,Website,North
ORD01442,2023-12-12,PRD016,1,193.43,193.43,Mobile App,East
ORD01443,2023-11-30,PRD019,4,198.86,795.44,Mobile App,North
ORD01444,2024-03-18,PRD002,3,243.82,731.46,Marketplace,West
ORD01445,2024-01-12,PRD016,1,193.43,193.43,Mobile App,West
ORD01446,2023-08-28,PRD015,1,223.07,223.07,Website,South
ORD01447,2024-03-23,PRD013,2,107.72,215.44,Marketplace,West
ORD01448,2023-04-29,PRD018,1,214.78,214.78,Marketplace,East
ORD01449,2024-12-24,PRD002,3,243.82,731.46,Website,East
ORD01450,2024-06-23,PRD030,3,210.91,632.73,Marketplace,South
ORD01451,2023-08-07,PRD025,1,29.76,29.76,Mobile App,West
ORD01452,2023-09-03,PRD028,4,153.88,615.52,Marketplace,North
ORD01453,2024-08-27,PRD026,1,271.02,271.02,Marketplace,West
ORD01454,2024-01-24,PRD024,3,191.91,575.73,Marketplace,West
ORD01455,2024-06-01,PRD014,3,135.15,405.45,Website,West
ORD01456,2023-08-07,PRD015,2,223.07,446.14,Website,North
ORD01457,2024-08-18,PRD009,3,126.96,380.88,Website,South
ORD01458,2023-09-26,PRD025,3,29.76,89.28,Mobile App,West
ORD01459,2024-05-06,PRD002,3,243.82,731.46,Mobile App,East
ORD01460,2024-12-16,PRD022,3,143.36,430.08,Marketplace,North
ORD01461,2024-03-02,PRD004,3,86.63,259.89,Marketplace,East
ORD01462,2024-08-04,PRD027,3,94.6,283.8,Website,West
ORD01463,2024-06-13,PRD015,1,223.07,223.07,Mobile App,North
ORD01464,2024-05-17,PRD015,1,223.07,223.07,Mobile App,West
ORD01465,2023-01-20,PRD021,2,128.81,257.62,Mobile App,North
ORD01466,2023-12-13,PRD019,1,198.86,198.86,Mobile App,East
ORD01467,2024-12-06,PRD003,4,186.75,747.0,Website,East
ORD01468,2024-07-25,PRD025,3,29.76,89.28,Mobile App,West
ORD01469,2024-07-20,PRD005,2,35.21,70.42,Marketplace,South
ORD01470,2024-02-26,PRD005,1,35.21,35.21,Website,North
ORD01471,2024-06-10,PRD021,1,128.81,128.81,Website,West
ORD01472,2024-03-01,PRD019,3,198.86,596.58,Website,South
ORD01473,2023-05-05,PRD002,3,243.82,731.46,Mobile App,North
ORD01474,2024-04-04,PRD022,3,143.36,430.08,Marketplace,North
ORD01475,2024-03-28,PRD020,2,65.35,130.7,Mobile App,North
ORD01476,2024-09-06,PRD003,4,186.75,747.0,Website,North
ORD01477,2023-04-18,PRD008,2,168.52,337.04,Mobile App,East
ORD01478,2024-05-11,PRD027,4,94.6,378.4,Website,West
ORD01479,2023-01-24,PRD029,3,127.64,382.92,Website,North
ORD01480,2024-11-23,PRD011,3,94.78,284.34,Mobile App,West
ORD01481,2023-03-22,PRD029,3,127.64,382.92,Mobile App,East
ORD01482,2023-01-14,PRD020,1,65.35,65.35,Website,East
ORD01483,2023-08-17,PRD002,3,243.82,731.46,Website,North
ORD01484,2023-04-21,PRD004,2,86.63,173.26,Mobile App,East
ORD01485,2024-05-19,PRD007,4,126.34,505.36,Marketplace,North
ORD01486,2023-10-27,PRD022,2,143.36,286.72,Mobile App,North
ORD01487,2024-07-19,PRD003,2,186.75,373.5,Marketplace,West
ORD01488,2024-11-02,PRD018,1,214.78,214.78,Marketplace,North
ORD01489,2024-09-29,PRD020,4,65.35,261.4,Marketplace,West
ORD01490,2024-06-21,PRD011,3,94.78,284.34,Website,East
ORD01491,2023-02-15,PRD030,2,210.91,421.82,Mobile App,South
ORD01492,2023-04-11,PRD026,3,271.02,813.06,Website,West
ORD01493,2023-06-01,PRD011,1,94.78,94.78,Marketplace,South
ORD01494,2023-08-26,PRD015,4,223.07,892.28,Mobile App,North
ORD01495,2024-04-28,PRD012,1,236.48,236.48,Mobile App,West
ORD01496,2024-01-19,PRD020,2,65.35,130.7,Mobile App,West
ORD01497,2023-08-18,PRD008,2,168.52,337.04,Marketplace,South
ORD01498,2023-05-07,PRD025,4,29.76,119.04,Marketplace,South
ORD01499,2024-10-27,PRD020,3,65.35,196.05,Mobile App,East
ORD01500,2023-09-07,PRD011,1,94.78,94.78,Website,West
ORD01501,2023-09-16,PRD014,2,135.15,270.3,Marketplace,West
ORD01502,2024-07-17,PRD021,2,128.81,257.62,Website,West
ORD01503,2024-06-10,PRD001,2,246.2,492.4,Website,West
ORD01504,2024-04-14,PRD009,4,126.96,507.84,Marketplace,North
ORD01505,2024-05-21,PRD005,1,35.21,35.21,Mobile App,North
ORD01506,2024-03-21,PRD023,2,200.74,401.48,Website,South
ORD01507,2023-05-21,PRD017,4,44.19,176.76,Mobile App,East
ORD01508,2023-06-29,PRD005,4,35.21,140.84,Marketplace,South
ORD01509,2024-02-12,PRD023,3,200.74,602.22,Website,East
ORD01510,2023-06-14,PRD029,3,127.64,382.92,Marketplace,North
ORD01511,2024-12-11,PRD024,1,191.91,191.91,Website,East
ORD01512,2023-08-06,PRD015,4,223.07,892.28,Marketplace,West
ORD01513,2023-07-30,PRD024,4,191.91,767.64,Mobile App,West
ORD01514,2023-06-01,PRD023,2,200.74,401.48,Marketplace,South
ORD01515,2024-05-29,PRD024,1,191.91,191.91,Website,North
ORD01516,2023-08-20,PRD019,3,198.86,596.58,Marketplace,West
ORD01517,2023-09-12,PRD013,3,107.72,323.16,Mobile App,South
ORD01518,2024-11-12,PRD017,3,44.19,132.57,Website,South
ORD01519,2024-08-03,PRD010,4,287.73,1150.92,Mobile App,North
ORD01520,2023-07-19,PRD019,4,198.86,795.44,Mobile App,East
ORD01521,2023-03-30,PRD013,3,107.72,323.16,Website,South
ORD01522,2024-05-08,PRD002,2,243.82,487.64,Mobile App,East
ORD01523,2023-10-05,PRD019,3,198.86,596.58,Website,East
ORD01524,2024-12-16,PRD010,2,287.73,575.46,Website,East
ORD01525,2024-08-20,PRD009,4,126.96,507.84,Mobile App,South
ORD01526,2024-11-27,PRD029,2,127.64,255.28,Mobile App,East
ORD01527,2024-08-10,PRD020,1,65.35,65.35,Website,East
ORD01528,2023-08-01,PRD005,1,35.21,35.21,Website,South
ORD01529,2023-07-29,PRD001,1,246.2,246.2,Marketplace,South
ORD01530,2024-06-05,PRD001,4,246.2,984.8,Website,East
ORD01531,2023-09-10,PRD007,3,126.34,379.02,Marketplace,West
ORD01532,2023-11-19,PRD024,4,191.91,767.64,Marketplace,South
ORD01533,2023-07-07,PRD027,4,94.6,378.4,Mobile App,North
ORD01534,2023-12-16,PRD023,1,200.74,200.74,Mobile App,West
ORD01535,2023-05-28,PRD016,3,193.43,580.29,Website,South
ORD01536,2024-01-29,PRD009,1,126.96,126.96,Mobile App,North
ORD01537,2024-11-12,PRD024,2,191.91,383.82,Marketplace,North
ORD01538,2024-05-23,PRD011,2,94.78,189.56,Marketplace,East
ORD01539,2023-04-11,PRD009,4,126.96,507.84,Marketplace,North
ORD01540,2024-03-25,PRD023,3,200.74,602.22,Website,West
ORD01541,2024-03-04,PRD004,3,86.63,259.89,Website,North
ORD01542,2023-06-26,PRD021,1,128.81,128.81,Website,South
ORD01543,2024-05-03,PRD019,4,198.86,795.44,Website,South
ORD01544,2024-01-23,PRD009,4,126.96,507.84,Website,West
ORD01545,2024-04-10,PRD027,2,94.6,189.2,Marketplace,West
ORD01546,2023-02-08,PRD010,2,287.73,575.46,Website,North
ORD01547,2023-10-29,PRD017,2,44.19,88.38,Website,West
ORD01548,2024-06-07,PRD003,4,186.75,747.0,Marketplace,South
ORD01549,2023-03-15,PRD023,2,200.74,401.48,Website,West
ORD01550,2024-07-16,PRD023,3,200.74,602.22,Marketplace,West
ORD01551,2023-01-04,PRD021,2,128.81,257.62,Marketplace,East
ORD01552,2024-02-06,PRD016,2,193.43,386.86,Mobile App,South
ORD01553,2024-11-09,PRD029,3,127.64,382.92,Marketplace,West
ORD01554,2023-10-25,PRD016,4,193.43,773.72,Marketplace,East
ORD01555,2024-11-13,PRD018,4,214.78,859.12,Mobile App,North
ORD01556,2024-10-03,PRD008,1,168.52,168.52,Mobile App,West
ORD01557,2023-12-15,PRD015,3,223.07,669.21,Website,West
ORD01558,2023-05-26,PRD004,2,86.63,173.26,Mobile App,East
ORD01559,2024-12-04,PRD022,1,143.36,143.36,Mobile App,West
ORD01560,2023-08-23,PRD023,2,200.74,401.48,Mobile App,West
ORD01561,2024-04-16,PRD020,4,65.35,261.4,Marketplace,South
ORD01562,2024-10-24,PRD001,3,246.2,738.6,Mobile App,South
ORD01563,2023-03-07,PRD029,4,127.64,510.56,Website,East
ORD01564,2024-02-24,PRD009,3,126.96,380.88,Mobile App,West
ORD01565,2024-01-26,PRD026,4,271.02,1084.08,Mobile App,West
ORD01566,2024-06-11,PRD009,1,126.96,126.96,Mobile App,West
ORD01567,2024-11-14,PRD024,2,191.91,383.82,Mobile App,North
ORD01568,2024-10-28,PRD010,4,287.73,1150.92,Mobile App,South
ORD01569,2023-05-08,PRD019,2,198.86,397.72,Marketplace,South
ORD01570,2024-10-06,PRD025,1,29.76,29.76,Marketplace,East
ORD01571,2023-05-09,PRD005,1,35.21,35.21,Marketplace,North
ORD01572,2024-11-02,PRD026,4,271.02,1084.08,Website,East
ORD01573,2024-12-28,PRD030,3,210.91,632.73,Marketplace,North
ORD01574,2023-10-17,PRD021,1,128.81,128.81,Marketplace,South
ORD01575,2023-12-28,PRD012,2,236.48,472.96,Website,West
ORD01576,2024-11-14,PRD028,2,153.88,307.76,Mobile App,South
ORD01577,2024-12-03,PRD030,3,210.91,632.73,Mobile App,West
ORD01578,2024-11-07,PRD007,2,126.34,252.68,Website,North
ORD01579,2024-10-02,PRD028,1,153.88,153.88,Marketplace,North
ORD01580,2023-01-07,PRD017,4,44.19,176.76,Mobile App,North
ORD01581,2024-02-19,PRD006,3,149.92,449.76,Mobile App,North
ORD01582,2023-03-20,PRD008,2,168.52,337.04,Website,East
ORD01583,2024-12-18,PRD024,1,191.91,191.91,Mobile App,West
ORD01584,2023-07-27,PRD005,3,35.21,105.63,Website,North
ORD01585,2024-12-23,PRD003,4,186.75,747.0,Website,North
ORD01586,2024-02-01,PRD024,2,191.91,383.82,Website,West
ORD01587,2023-12-27,PRD007,3,126.34,379.02,Mobile App,West
ORD01588,2024-11-16,PRD017,1,44.19,44.19,Mobile App,East
ORD01589,2024-09-13,PRD015,2,223.07,446.14,Website,East
ORD01590,2023-12-08,PRD021,4,128.81,515.24,Mobile App,East
ORD01591,2023-05-21,PRD014,1,135.15,135.15,Website,West
ORD01592,2023-03-24,PRD018,3,214.78,644.34,Mobile App,East
ORD01593,2023-04-29,PRD030,2,210.91,421.82,Mobile App,North
ORD01594,2023-12-02,PRD016,4,193.43,773.72,Mobile App,North
ORD01595,2023-07-07,PRD015,2,223.07,446.14,Marketplace,North
ORD01596,2023-05-16,PRD013,2,107.72,215.44,Mobile App,East
ORD01597,2024-06-21,PRD016,1,193.43,193.43,Marketplace,East
ORD01598,2024-07-31,PRD011,2,94.78,189.56,Marketplace,North
ORD01599,2024-02-19,PRD004,2,86.63,173.26,Website,West
ORD01600,2024-07-06,PRD019,2,198.86,397.72,Website,South
ORD01601,2023-05-09,PRD013,4,107.72,430.88,Marketplace,South
ORD01602,2024-09-16,PRD002,4,243.82,975.28,Mobile App,West
ORD01603,2024-10-16,PRD010,3,287.73,863.19,Website,North
ORD01604,2024-08-26,PRD011,4,94.78,379.12,Website,East
ORD01605,2024-01-12,PRD023,2,200.74,401.48,Marketplace,West
ORD01606,2023-03-05,PRD018,4,214.78,859.12,Mobile App,South
ORD01607,2024-05-03,PRD011,4,94.78,379.12,Marketplace,West
ORD01608,2023-05-15,PRD017,1,44.19,44.19,Website,West
ORD01609,2023-04-13,PRD023,1,200.74,200.74,Mobile App,South
ORD01610,2023-08-25,PRD025,1,29.76,29.76,Website,North
ORD01611,2023-07-01,PRD006,2,149.92,299.84,Mobile App,North
ORD01612,2023-07-10,PRD002,4,243.82,975.28,Mobile App,South
ORD01613,2023-06-21,PRD021,4,128.81,515.24,Website,West
ORD01614,2024-07-04,PRD013,1,107.72,107.72,Mobile App,North
ORD01615,2024-11-27,PRD014,3,135.15,405.45,Marketplace,East
ORD01616,2023-08-09,PRD017,3,44.19,132.57,Marketplace,East
ORD01617,2024-06-11,PRD019,2,198.86,397.72,Website,East
ORD01618,2023-01-09,PRD017,2,44.19,88.38,Marketplace,East
ORD01619,2024-04-22,PRD017,3,44.19,132.57,Mobile App,West
ORD01620,2024-05-20,PRD007,3,126.34,379.02,Marketplace,South
ORD01621,2023-02-15,PRD006,4,149.92,599.68,Website,East
ORD01622,2023-03-28,PRD014,2,135.15,270.3,Website,West
ORD01623,2023-08-12,PRD003,1,186.75,186.75,Mobile App,South
ORD01624,2023-10-23,PRD007,1,126.34,126.34,Marketplace,West
ORD01625,2024-01-02,PRD011,1,94.78,94.78,Website,West
ORD01626,2024-10-15,PRD020,2,65.35,130.7,Website,East
ORD01627,2024-05-28,PRD021,2,128.81,257.62,Mobile App,North
ORD01628,2023-08-16,PRD030,2,210.91,421.82,Mobile App,East
ORD01629,2023-03-27,PRD027,4,94.6,378.4,Marketplace,East
ORD01630,2024-10-30,PRD012,4,236.48,945.92,Mobile App,South
ORD01631,2023-08-04,PRD003,2,186.75,373.5,Website,South
ORD01632,2024-03-24,PRD009,2,126.96,253.92,Mobile App,North
ORD01633,2023-06-09,PRD005,4,35.21,140.84,Mobile App,East
ORD01634,2023-04-08,PRD026,4,271.02,1084.08,Website,South
ORD01635,2023-04-22,PRD001,2,246.2,492.4,Website,North
ORD01636,2024-06-29,PRD030,2,210.91,421.82,Website,South
ORD01637,2024-03-18,PRD016,1,193.43,193.43,Mobile App,North
ORD01638,2023-10-31,PRD029,1,127.64,127.64,Website,West
ORD01639,2024-02-05,PRD014,4,135.15,540.6,Mobile App,East
ORD01640,2023-12-10,PRD017,1,44.19,44.19,Website,West
ORD01641,2024-01-28,PRD013,4,107.72,430.88,Marketplace,West
ORD01642,2024-04-29,PRD012,3,236.48,709.44,Marketplace,East
ORD01643,2023-06-09,PRD017,1,44.19,44.19,Marketplace,South
ORD01644,2023-06-30,PRD006,3,149.92,449.76,Marketplace,South
ORD01645,2024-07-04,PRD027,4,94.6,378.4,Marketplace,West
ORD01646,2024-09-29,PRD016,3,193.43,580.29,Marketplace,North
ORD01647,2023-03-01,PRD018,4,214.78,859.12,Marketplace,East
ORD01648,2023-11-23,PRD006,1,149.92,149.92,Mobile App,West
ORD01649,2024-05-28,PRD025,3,29.76,89.28,Marketplace,West
ORD01650,2023-02-27,PRD007,2,126.34,252.68,Mobile App,East
ORD01651,2024-02-16,PRD006,1,149.92,149.92,Website,West
ORD01652,2023-02-15,PRD012,2,236.48,472.96,Website,East
ORD01653,2024-02-04,PRD011,1,94.78,94.78,Mobile App,East
ORD01654,2024-01-05,PRD017,1,44.19,44.19,Marketplace,East
ORD01655,2024-02-23,PRD002,3,243.82,731.46,Marketplace,West
ORD01656,2023-04-20,PRD013,1,107.72,107.72,Marketplace,East
ORD01657,2023-08-28,PRD009,1,126.96,126.96,Marketplace,North
ORD01658,2024-01-15,PRD028,4,153.88,615.52,Marketplace,West
ORD01659,2023-03-26,PRD016,2,193.43,386.86,Mobile App,North
ORD01660,2023-05-30,PRD002,3,243.82,731.46,Website,South
ORD01661,2024-03-01,PRD023,2,200.74,401.48,Website,North
ORD01662,2023-03-08,PRD014,1,135.15,135.15,Website,West
ORD01663,2024-01-08,PRD021,1,128.81,128.81,Mobile App,North
ORD01664,2024-08-13,PRD028,3,153.88,461.64,Website,North
ORD01665,2023-11-28,PRD011,3,94.78,284.34,Marketplace,South
ORD01666,2024-01-10,PRD029,3,127.64,382.92,Marketplace,North
ORD01667,2023-11-30,PRD022,4,143.36,573.44,Mobile App,North
ORD01668,2023-02-12,PRD003,2,186.75,373.5,Marketplace,South
ORD01669,2023-12-04,PRD024,3,191.91,575.73,Website,South
ORD01670,2024-08-12,PRD015,1,223.07,223.07,Mobile App,South
ORD01671,2024-06-11,PRD023,4,200.74,802.96,Website,North
ORD01672,2023-10-17,PRD010,3,287.73,863.19,Marketplace,East
ORD01673,2024-08-19,PRD004,3,86.63,259.89,Mobile App,North
ORD01674,2024-06-28,PRD019,4,198.86,795.44,Website,North
ORD01675,2024-02-27,PRD030,1,210.91,210.91,Website,North
ORD01676,2023-02-03,PRD006,3,149.92,449.76,Marketplace,North
ORD01677,2023-09-09,PRD025,2,29.76,59.52,Website,South
ORD01678,2023-02-16,PRD021,3,128.81,386.43,Mobile App,North
ORD01679,2024-12-26,PRD029,2,127.64,255.28,Mobile App,South
ORD01680,2024-11-13,PRD024,2,191.91,383.82,Mobile App,North
ORD01681,2023-02-20,PRD013,3,107.72,323.16,Website,East
ORD01682,2024-11-12,PRD005,3,35.21,105.63,Mobile App,South
ORD01683,2023-01-24,PRD027,2,94.6,189.2,Mobile App,South
ORD01684,2023-10-26,PRD006,3,149.92,449.76,Mobile App,West
ORD01685,2024-07-15,PRD009,1,126.96,126.96,Mobile App,East
ORD01686,2024-07-13,PRD019,3,198.86,596.58,Mobile App,West
ORD01687,2024-12-15,PRD027,2,94.6,189.2,Website,West
ORD01688,2024-04-16,PRD005,2,35.21,70.42,Marketplace,West
ORD01689,2023-11-03,PRD012,3,236.48,709.44,Website,East
ORD01690,2024-12-25,PRD023,3,200.74,602.22,Website,South
ORD01691,2023-10-07,PRD009,2,126.96,253.92,Mobile App,East
ORD01692,2024-09-26,PRD002,1,243.82,243.82,Marketplace,South
ORD01693,2024-10-23,PRD016,2,193.43,386.86,Mobile App,East
ORD01694,2023-10-02,PRD012,4,236.48,945.92,Marketplace,North
ORD01695,2024-05-13,PRD011,1,94.78,94.78,Marketplace,East
ORD01696,2024-04-28,PRD028,1,153.88,153.88,Website,West
ORD01697,2024-01-29,PRD016,3,193.43,580.29,Mobile App,North
ORD01698,2024-04-22,PRD006,3,149.92,449.76,Mobile App,South
ORD01699,2023-09-11,PRD015,2,223.07,446.14,Website,West
ORD01700,2023-05-11,PRD026,4,271.02,1084.08,Marketplace,West
ORD01701,2024-01-28,PRD024,4,191.91,767.64,Mobile App,South
ORD01702,2024-01-22,PRD009,3,126.96,380.88,Marketplace,East
ORD01703,2024-06-15,PRD016,4,193.43,773.72,Mobile App,North
ORD01704,2023-06-12,PRD030,2,210.91,421.82,Marketplace,North
ORD01705,2023-01-03,PRD014,4,135.15,540.6,Mobile App,West
ORD01706,2023-01-17,PRD019,1,198.86,198.86,Website,South
ORD01707,2023-08-06,PRD030,3,210.91,632.73,Marketplace,South
ORD01708,2024-05-06,PRD019,2,198.86,397.72,Website,East
ORD01709,2024-02-02,PRD026,1,271.02,271.02,Website,East
ORD01710,2024-01-24,PRD026,2,271.02,542.04,Mobile App,West
ORD01711,2024-08-24,PRD013,2,107.72,215.44,Mobile App,North
ORD01712,2023-06-30,PRD022,2,143.36,286.72,Website,South
ORD01713,2023-09-10,PRD010,3,287.73,863.19,Website,South
ORD01714,2023-07-21,PRD008,2,168.52,337.04,Mobile App,North
ORD01715,2024-11-15,PRD024,2,191.91,383.82,Website,East
ORD01716,2024-06-13,PRD001,4,246.2,984.8,Website,East
ORD01717,2023-03-24,PRD004,4,86.63,346.52,Marketplace,West
ORD01718,2024-08-13,PRD023,2,200.74,401.48,Mobile App,West
ORD01719,2023-11-03,PRD027,4,94.6,378.4,Marketplace,South
ORD01720,2024-07-13,PRD025,1,29.76,29.76,Mobile App,South
ORD01721,2024-10-07,PRD011,2,94.78,189.56,Mobile App,East
ORD01722,2023-01-12,PRD029,3,127.64,382.92,Marketplace,West
ORD01723,2023-05-31,PRD020,4,65.35,261.4,Marketplace,North
ORD01724,2023-03-15,PRD012,4,236.48,945.92,Marketplace,North
ORD01725,2023-01-25,PRD008,2,168.52,337.04,Website,East
ORD01726,2024-03-12,PRD012,3,236.48,709.44,Marketplace,North
ORD01727,2024-05-28,PRD020,4,65.35,261.4,Website,South
ORD01728,2023-02-05,PRD005,4,35.21,140.84,Website,North
ORD01729,2024-06-24,PRD007,3,126.34,379.02,Mobile App,North
ORD01730,2023-10-21,PRD011,4,94.78,379.12,Marketplace,South
ORD01731,2023-06-21,PRD014,2,135.15,270.3,Mobile App,East
ORD01732,2023-06-08,PRD013,4,107.72,430.88,Website,East
ORD01733,2024-09-22,PRD014,2,135.15,270.3,Website,West
ORD01734,2023-02-11,PRD022,1,143.36,143.36,Mobile App,North
ORD01735,2024-01-03,PRD012,1,236.48,236.48,Marketplace,West
ORD01736,2023-07-31,PRD026,1,271.02,271.02,Website,East
ORD01737,2024-08-18,PRD005,4,35.21,140.84,Marketplace,West
ORD01738,2024-06-18,PRD001,4,246.2,984.8,Marketplace,West
ORD01739,2023-08-21,PRD014,1,135.15,135.15,Mobile App,West
ORD01740,2024-03-12,PRD009,1,126.96,126.96,Marketplace,West
ORD01741,2024-05-05,PRD017,3,44.19,132.57,Mobile App,East
ORD01742,2023-08-23,PRD028,3,153.88,461.64,Website,South
ORD01743,2023-08-09,PRD014,4,135.15,540.6,Marketplace,North
ORD01744,2023-04-15,PRD005,1,35.21,35.21,Mobile App,East
ORD01745,2024-04-26,PRD007,4,126.34,505.36,Mobile App,North
ORD01746,2023-06-11,PRD015,3,223.07,669.21,Website,North
ORD01747,2023-08-08,PRD028,4,153.88,615.52,Mobile App,East
ORD01748,2023-02-14,PRD002,3,243.82,731.46,Mobile App,West
ORD01749,2024-11-23,PRD011,3,94.78,284.34,Website,East
ORD01750,2024-10-04,PRD006,3,149.92,449.76,Mobile App,West
ORD01751,2024-10-27,PRD001,4,246.2,984.8,Mobile App,East
ORD01752,2024-04-01,PRD021,1,128.81,128.81,Marketplace,North
ORD01753,2023-11-08,PRD012,1,236.48,236.48,Marketplace,West
ORD01754,2023-12-28,PRD008,2,168.52,337.04,Website,North
ORD01755,2024-12-10,PRD005,2,35.21,70.42,Marketplace,West
ORD01756,2024-11-18,PRD014,3,135.15,405.45,Mobile App,West
ORD01757,2024-05-05,PRD023,2,200.74,401.48,Marketplace,West
ORD01758,2024-07-27,PRD002,1,243.82,243.82,Mobile App,East
ORD01759,2023-08-21,PRD002,2,243.82,487.64,Marketplace,North
ORD01760,2023-10-31,PRD013,1,107.72,107.72,Mobile App,East
ORD01761,2023-04-19,PRD014,4,135.15,540.6,Website,South
ORD01762,2023-10-02,PRD024,3,191.91,575.73,Marketplace,North
ORD01763,2024-07-04,PRD027,4,94.6,378.4,Website,South
ORD01764,2023-12-12,PRD019,3,198.86,596.58,Mobile App,South
ORD01765,2024-09-12,PRD023,1,200.74,200.74,Mobile App,West
ORD01766,2023-08-08,PRD007,4,126.34,505.36,Mobile App,South
ORD01767,2024-05-31,PRD009,1,126.96,126.96,Marketplace,West
ORD01768,2024-08-11,PRD030,2,210.91,421.82,Marketplace,East
ORD01769,2024-10-29,PRD009,1,126.96,126.96,Mobile App,South
ORD01770,2024-02-15,PRD001,4,246.2,984.8,Marketplace,South
ORD01771,2024-12-07,PRD009,3,126.96,380.88,Mobile App,East
ORD01772,2024-02-11,PRD004,2,86.63,173.26,Website,North
ORD01773,2023-04-08,PRD023,3,200.74,602.22,Website,North
ORD01774,2023-06-27,PRD020,3,65.35,196.05,Marketplace,West
ORD01775,2023-05-29,PRD019,4,198.86,795.44,Marketplace,East
ORD01776,2024-04-17,PRD018,4,214.78,859.12,Mobile App,North
ORD01777,2024-11-04,PRD011,3,94.78,284.34,Mobile App,East
ORD01778,2024-09-10,PRD027,4,94.6,378.4,Website,West
ORD01779,2023-03-09,PRD028,4,153.88,615.52,Website,South
ORD01780,2024-06-12,PRD022,4,143.36,573.44,Mobile App,West
ORD01781,2023-05-20,PRD002,1,243.82,243.82,Marketplace,West
ORD01782,2023-07-15,PRD018,3,214.78,644.34,Website,South
ORD01783,2024-05-06,PRD024,3,191.91,575.73,Mobile App,East
ORD01784,2024-03-16,PRD025,3,29.76,89.28,Mobile App,West
ORD01785,2024-09-29,PRD001,2,246.2,492.4,Marketplace,South
ORD01786,2023-05-18,PRD020,3,65.35,196.05,Marketplace,West
ORD01787,2024-07-10,PRD014,1,135.15,135.15,Mobile App,West
ORD01788,2024-06-12,PRD008,4,168.52,674.08,Marketplace,South
ORD01789,2024-02-12,PRD013,1,107.72,107.72,Website,West
ORD01790,2023-12-16,PRD007,2,126.34,252.68,Website,East
ORD01791,2024-09-26,PRD006,2,149.92,299.84,Marketplace,West
ORD01792,2023-09-01,PRD018,4,214.78,859.12,Mobile App,South
ORD01793,2024-11-29,PRD014,3,135.15,405.45,Mobile App,East
ORD01794,2023-01-12,PRD021,1,128.81,128.81,Marketplace,East
ORD01795,2024-11-15,PRD017,4,44.19,176.76,Website,West
ORD01796,2024-12-03,PRD016,4,193.43,773.72,Mobile App,West
ORD01797,2023-03-27,PRD006,2,149.92,299.84,Mobile App,East
ORD01798,2024-12-30,PRD001,3,246.2,738.6,Mobile App,South
ORD01799,2023-12-16,PRD022,1,143.36,143.36,Mobile App,West
ORD01800,2023-06-27,PRD014,4,135.15,540.6,Website,North
ORD01801,2024-03-17,PRD020,2,65.35,130.7,Website,North
ORD01802,2023-05-30,PRD020,4,65.35,261.4,Website,East
ORD01803,2024-10-30,PRD020,2,65.35,130.7,Website,West
ORD01804,2024-02-08,PRD022,1,143.36,143.36,Mobile App,North
ORD01805,2024-07-20,PRD024,4,191.91,767.64,Marketplace,South
ORD01806,2023-10-05,PRD028,2,153.88,307.76,Mobile App,East
ORD01807,2024-01-25,PRD024,2,191.91,383.82,Website,West
ORD01808,2023-09-20,PRD030,2,210.91,421.82,Mobile App,South
ORD01809,2023-07-10,PRD010,1,287.73,287.73,Website,South
ORD01810,2024-01-10,PRD019,4,198.86,795.44,Mobile App,South
ORD01811,2023-12-30,PRD022,4,143.36,573.44,Website,South
ORD01812,2023-03-13,PRD015,1,223.07,223.07,Marketplace,East
ORD01813,2024-12-17,PRD028,2,153.88,307.76,Website,West
ORD01814,2023-12-09,PRD024,1,191.91,191.91,Website,North
ORD01815,2024-09-05,PRD022,4,143.36,573.44,Marketplace,West
ORD01816,2024-10-29,PRD028,4,153.88,615.52,Website,West
ORD01817,2023-09-28,PRD009,1,126.96,126.96,Marketplace,North
ORD01818,2023-10-30,PRD015,4,223.07,892.28,Marketplace,North
ORD01819,2024-02-15,PRD010,4,287.73,1150.92,Marketplace,North
ORD01820,2023-06-11,PRD012,4,236.48,945.92,Marketplace,West
ORD01821,2023-04-17,PRD014,1,135.15,135.15,Website,South
ORD01822,2023-07-10,PRD028,3,153.88,461.64,Marketplace,North
ORD01823,2024-11-13,PRD024,2,191.91,383.82,Mobile App,West
ORD01824,2024-02-27,PRD022,3,143.36,430.08,Website,South
ORD01825,2023-11-01,PRD026,4,271.02,1084.08,Website,East
ORD01826,2023-04-22,PRD004,3,86.63,259.89,Marketplace,North
ORD01827,2023-08-29,PRD015,4,223.07,892.28,Website,East
ORD01828,2023-10-05,PRD011,3,94.78,284.34,Marketplace,West
ORD01829,2024-08-31,PRD011,4,94.78,379.12,Marketplace,East
ORD01830,2023-12-31,PRD019,3,198.86,596.58,Marketplace,North
ORD01831,2024-04-22,PRD025,2,29.76,59.52,Website,East
ORD01832,2024-05-14,PRD001,2,246.2,492.4,Mobile App,East
ORD01833,2023-07-07,PRD023,3,200.74,602.22,Mobile App,South
ORD01834,2024-08-22,PRD019,3,198.86,596.58,Mobile App,West
ORD01835,2024-12-06,PRD022,3,143.36,430.08,Website,South
ORD01836,2024-04-13,PRD005,3,35.21,105.63,Mobile App,East
ORD01837,2023-12-25,PRD021,2,128.81,257.62,Website,South
ORD01838,2023-05-03,PRD019,3,198.86,596.58,Website,North
ORD01839,2024-08-03,PRD009,3,126.96,380.88,Marketplace,West
ORD01840,2023-05-04,PRD016,2,193.43,386.86,Mobile App,South
ORD01841,2024-06-09,PRD019,3,198.86,596.58,Marketplace,East
ORD01842,2023-12-23,PRD013,4,107.72,430.88,Marketplace,South
ORD01843,2024-10-31,PRD028,4,153.88,615.52,Website,West
ORD01844,2024-01-31,PRD029,4,127.64,510.56,Website,North
ORD01845,2024-04-13,PRD011,2,94.78,189.56,Mobile App,South
ORD01846,2023-02-12,PRD008,2,168.52,337.04,Mobile App,North
ORD01847,2023-01-25,PRD021,2,128.81,257.62,Mobile App,West
ORD01848,2024-09-10,PRD015,1,223.07,223.07,Marketplace,South
ORD01849,2024-11-20,PRD024,2,191.91,383.82,Mobile App,North
ORD01850,2024-05-02,PRD013,1,107.72,107.72,Mobile App,North
ORD01851,2024-07-11,PRD009,1,126.96,126.96,Website,West
ORD01852,2023-10-29,PRD019,2,198.86,397.72,Website,East
ORD01853,2024-09-07,PRD026,2,271.02,542.04,Marketplace,South
ORD01854,2023-06-18,PRD008,4,168.52,674.08,Website,North
ORD01855,2024-05-31,PRD020,3,65.35,196.05,Marketplace,East
ORD01856,2023-01-07,PRD003,2,186.75,373.5,Marketplace,North
ORD01857,2024-01-05,PRD029,2,127.64,255.28,Marketplace,East
ORD01858,2023-09-30,PRD002,2,243.82,487.64,Website,South
ORD01859,2024-03-27,PRD019,4,198.86,795.44,Mobile App,North
ORD01860,2024-05-01,PRD018,1,214.78,214.78,Mobile App,North
ORD01861,2024-03-26,PRD007,4,126.34,505.36,Website,West
ORD01862,2023-12-19,PRD003,4,186.75,747.0,Website,North
ORD01863,2023-12-23,PRD018,2,214.78,429.56,Marketplace,West
ORD01864,2023-01-05,PRD010,1,287.73,287.73,Marketplace,West
ORD01865,2024-02-07,PRD028,1,153.88,153.88,Marketplace,West
ORD01866,2023-01-09,PRD025,2,29.76,59.52,Marketplace,West
ORD01867,2024-01-22,PRD001,3,246.2,738.6,Mobile App,East
ORD01868,2023-07-20,PRD016,2,193.43,386.86,Mobile App,West
ORD01869,2024-12-14,PRD017,3,44.19,132.57,Marketplace,East
ORD01870,2023-01-13,PRD009,2,126.96,253.92,Mobile App,East
ORD01871,2024-08-16,PRD022,3,143.36,430.08,Marketplace,West
ORD01872,2024-05-07,PRD004,2,86.63,173.26,Mobile App,North
ORD01873,2024-08-11,PRD011,4,94.78,379.12,Mobile App,South
ORD01874,2024-10-26,PRD006,1,149.92,149.92,Mobile App,East
ORD01875,2023-03-20,PRD004,4,86.63,346.52,Mobile App,South
ORD01876,2023-03-12,PRD007,1,126.34,126.34,Website,South
ORD01877,2023-04-19,PRD010,3,287.73,863.19,Mobile App,West
ORD01878,2023-05-21,PRD004,3,86.63,259.89,Marketplace,South
ORD01879,2024-01-20,PRD019,2,198.86,397.72,Mobile App,South
ORD01880,2024-08-18,PRD007,4,126.34,505.36,Website,South
ORD01881,2023-07-15,PRD020,2,65.35,130.7,Mobile App,West
ORD01882,2023-10-17,PRD021,4,128.81,515.24,Marketplace,East
ORD01883,2023-09-30,PRD008,3,168.52,505.56,Mobile App,East
ORD01884,2023-10-24,PRD012,2,236.48,472.96,Mobile App,East
ORD01885,2024-02-17,PRD024,3,191.91,575.73,Marketplace,East
ORD01886,2024-12-23,PRD015,3,223.07,669.21,Mobile App,West
ORD01887,2023-06-14,PRD025,4,29.76,119.04,Website,West
ORD01888,2024-05-14,PRD002,4,243.82,975.28,Mobile App,South
ORD01889,2024-09-10,PRD015,3,223.07,669.21,Website,South
ORD01890,2024-04-22,PRD007,3,126.34,379.02,Mobile App,East
ORD01891,2024-09-18,PRD001,3,246.2,738.6,Mobile App,West
ORD01892,2024-07-08,PRD011,2,94.78,189.56,Website,West
ORD01893,2023-03-10,PRD028,3,153.88,461.64,Website,North
ORD01894,2023-10-04,PRD008,2,168.52,337.04,Mobile App,West
ORD01895,2024-02-08,PRD024,4,191.91,767.64,Website,West
ORD01896,2023-02-10,PRD023,4,200.74,802.96,Website,East
ORD01897,2023-01-07,PRD020,4,65.35,261.4,Website,North
ORD01898,2023-05-06,PRD002,3,243.82,731.46,Mobile App,East
ORD01899,2023-12-31,PRD015,3,223.07,669.21,Website,West
ORD01900,2023-11-13,PRD005,1,35.21,35.21,Mobile App,West
ORD01901,2024-07-26,PRD027,2,94.6,189.2,Website,East
ORD01902,2024-02-18,PRD019,2,198.86,397.72,Marketplace,North
ORD01903,2024-09-18,PRD015,2,223.07,446.14,Mobile App,East
ORD01904,2023-03-11,PRD018,3,214.78,644.34,Marketplace,North
ORD01905,2024-01-21,PRD005,1,35.21,35.21,Marketplace,East
ORD01906,2023-02-01,PRD028,3,153.88,461.64,Mobile App,South
ORD01907,2023-06-04,PRD006,3,149.92,449.76,Mobile App,South
ORD01908,2024-09-25,PRD015,3,223.07,669.21,Mobile App,South
ORD01909,2024-10-09,PRD022,3,143.36,430.08,Mobile App,North
ORD01910,2023-12-14,PRD005,1,35.21,35.21,Marketplace,West
ORD01911,2023-02-03,PRD014,4,135.15,540.6,Mobile App,North
ORD01912,2023-02-24,PRD027,1,94.6,94.6,Marketplace,East
ORD01913,2024-11-06,PRD001,4,246.2,984.8,Website,East
ORD01914,2024-10-18,PRD026,4,271.02,1084.08,Mobile App,East
ORD01915,2024-02-16,PRD021,1,128.81,128.81,Marketplace,North
ORD01916,2023-01-25,PRD019,1,198.86,198.86,Marketplace,North
ORD01917,2024-11-08,PRD018,2,214.78,429.56,Marketplace,North
ORD01918,2023-08-18,PRD019,4,198.86,795.44,Marketplace,South
ORD01919,2024-12-02,PRD025,1,29.76,29.76,Marketplace,West
ORD01920,2024-03-04,PRD027,3,94.6,283.8,Mobile App,West
ORD01921,2024-07-03,PRD029,2,127.64,255.28,Marketplace,East
ORD01922,2024-06-04,PRD003,2,186.75,373.5,Marketplace,East
ORD01923,2023-10-18,PRD015,4,223.07,892.28,Website,West
ORD01924,2023-02-26,PRD019,3,198.86,596.58,Website,West
ORD01925,2023-04-29,PRD001,1,246.2,246.2,Website,East
ORD01926,2023-06-25,PRD014,2,135.15,270.3,Mobile App,South
ORD01927,2024-09-01,PRD019,3,198.86,596.58,Marketplace,West
ORD01928,2023-10-12,PRD021,2,128.81,257.62,Marketplace,East
ORD01929,2024-10-16,PRD029,2,127.64,255.28,Website,South
ORD01930,2023-08-31,PRD007,3,126.34,379.02,Website,North
ORD01931,2024-07-05,PRD001,1,246.2,246.2,Website,East
ORD01932,2023-04-13,PRD003,3,186.75,560.25,Mobile App,South
ORD01933,2024-12-22,PRD022,2,143.36,286.72,Website,East
ORD01934,2024-06-12,PRD006,4,149.92,599.68,Mobile App,South
ORD01935,2024-01-01,PRD030,2,210.91,421.82,Mobile App,North
ORD01936,2024-12-12,PRD005,4,35.21,140.84,Website,West
ORD01937,2023-02-09,PRD001,4,246.2,984.8,Marketplace,South
ORD01938,2023-11-16,PRD013,1,107.72,107.72,Mobile App,West
ORD01939,2024-09-04,PRD013,2,107.72,215.44,Website,West
ORD01940,2023-09-06,PRD019,1,198.86,198.86,Website,South
ORD01941,2024-07-15,PRD017,1,44.19,44.19,Website,South
ORD01942,2024-11-28,PRD004,4,86.63,346.52,Marketplace,East
ORD01943,2023-10-17,PRD024,3,191.91,575.73,Mobile App,South
ORD01944,2024-07-18,PRD007,1,126.34,126.34,Marketplace,East
ORD01945,2023-01-22,PRD016,3,193.43,580.29,Marketplace,North
ORD01946,2023-07-19,PRD015,1,223.07,223.07,Website,West
ORD01947,2024-12-25,PRD026,4,271.02,1084.08,Mobile App,North
ORD01948,2023-12-25,PRD012,3,236.48,709.44,Mobile App,North
ORD01949,2023-09-17,PRD014,3,135.15,405.45,Website,North
ORD01950,2024-11-18,PRD021,4,128.81,515.24,Mobile App,North
ORD01951,2023-11-12,PRD009,3,126.96,380.88,Website,South
ORD01952,2024-05-11,PRD028,2,153.88,307.76,Website,North
ORD01953,2024-04-27,PRD005,2,35.21,70.42,Website,West
ORD01954,2023-03-04,PRD025,1,29.76,29.76,Website,South
ORD01955,2024-03-27,PRD028,3,153.88,461.64,Mobile App,West
ORD01956,2024-08-05,PRD027,2,94.6,189.2,Mobile App,South
ORD01957,2024-06-04,PRD006,2,149.92,299.84,Marketplace,South
ORD01958,2023-03-01,PRD012,1,236.48,236.48,Website,North
ORD01959,2023-04-23,PRD016,2,193.43,386.86,Mobile App,West
ORD01960,2024-06-03,PRD021,3,128.81,386.43,Mobile App,East
ORD01961,2024-04-07,PRD001,1,246.2,246.2,Mobile App,North
ORD01962,2024-06-23,PRD029,4,127.64,510.56,Website,South
ORD01963,2023-08-20,PRD030,4,210.91,843.64,Website,West
ORD01964,2023-03-19,PRD025,2,29.76,59.52,Website,North
ORD01965,2023-01-04,PRD001,3,246.2,738.6,Website,North
ORD01966,2023-08-14,PRD014,1,135.15,135.15,Website,West
ORD01967,2023-09-20,PRD015,4,223.07,892.28,Marketplace,West
ORD01968,2023-07-16,PRD005,1,35.21,35.21,Mobile App,West
ORD01969,2023-04-07,PRD016,3,193.43,580.29,Website,East
ORD01970,2023-05-17,PRD022,3,143.36,430.08,Marketplace,North
ORD01971,2023-11-24,PRD016,4,193.43,773.72,Marketplace,South
ORD01972,2024-02-09,PRD005,2,35.21,70.42,Marketplace,South
ORD01973,2023-10-25,PRD026,2,271.02,542.04,Website,North
ORD01974,2023-01-20,PRD024,1,191.91,191.91,Marketplace,West
ORD01975,2023-09-16,PRD010,1,287.73,287.73,Website,South
ORD01976,2023-03-09,PRD009,2,126.96,253.92,Marketplace,East
ORD01977,2024-03-12,PRD011,4,94.78,379.12,Marketplace,East
ORD01978,2023-08-25,PRD025,2,29.76,59.52,Mobile App,West
ORD01979,2023-10-09,PRD012,2,236.48,472.96,Marketplace,North
ORD01980,2023-08-02,PRD024,4,191.91,767.64,Marketplace,North
ORD01981,2023-10-11,PRD026,2,271.02,542.04,Website,North
ORD01982,2023-03-03,PRD005,1,35.21,35.21,Website,South
ORD01983,2024-10-19,PRD013,3,107.72,323.16,Website,West
ORD01984,2024-10-22,PRD016,3,193.43,580.29,Website,West
ORD01985,2024-12-15,PRD015,2,223.07,446.14,Mobile App,East
ORD01986,2024-02-22,PRD018,4,214.78,859.12,Website,East
ORD01987,2023-05-04,PRD021,3,128.81,386.43,Mobile App,South
ORD01988,2023-10-05,PRD009,3,126.96,380.88,Mobile App,West
ORD01989,2023-04-12,PRD022,1,143.36,143.36,Marketplace,East
ORD01990,2023-08-08,PRD025,3,29.76,89.28,Website,East
ORD01991,2023-12-26,PRD014,1,135.15,135.15,Marketplace,South
ORD01992,2023-02-16,PRD004,2,86.63,173.26,Mobile App,North
ORD01993,2023-11-14,PRD004,3,86.63,259.89,Website,East
ORD01994,2023-11-04,PRD010,4,287.73,1150.92,Mobile App,North
ORD01995,2023-12-20,PRD028,2,153.88,307.76,Mobile App,South
ORD01996,2023-02-26,PRD005,2,35.21,70.42,Website,South
ORD01997,2023-07-03,PRD024,3,191.91,575.73,Marketplace,South
ORD01998,2023-06-30,PRD019,1,198.86,198.86,Marketplace,East
ORD01999,2024-04-01,PRD018,2,214.78,429.56,Marketplace,South
ORD02000,2024-03-09,PRD012,2,236.48,472.96,Website,South
