SalesID,OrderDate,StoreID,CustomerID,ProductID,Quantity,UnitPrice,DiscountPct,SalesAmount,CostAmount
S00001,2025-02-14,ST06,C0198,P038,6,124.25,0.15,633.67,335.22
S00002,2024-12-03,ST02,C0174,P039,5,108.79,0.0,543.95,133.25
S00003,2024-05-31,ST08,C0082,P047,3,84.64,0.15,215.83,72.81
S00004,2023-06-15,ST08,C0095,P031,3,145.67,0.05,415.16,38.82
S00005,2023-10-17,ST04,C0140,P021,2,130.5,0.1,234.9,41.1
S00006,2025-01-06,ST06,C0011,P011,4,96.17,0.05,365.45,183.0
S00007,2024-07-10,ST07,C0084,P030,4,128.97,0.05,490.09,54.44
S00008,2024-08-05,ST03,C0040,P029,6,106.78,0.05,608.65,319.56
S00009,2023-04-05,ST03,C0007,P027,3,121.52,0.05,346.33,40.23
S00010,2024-03-28,ST07,C0039,P041,3,102.52,0.0,307.56,133.05
S00011,2023-10-29,ST03,C0170,P028,2,93.53,0.1,168.35,79.1
S00012,2023-03-12,ST02,C0056,P012,1,107.39,0.05,102.02,31.06
S00013,2023-11-12,ST05,C0039,P031,3,145.67,0.0,437.01,38.82
S00014,2023-10-19,ST07,C0128,P002,2,87.83,0.0,175.66,56.54
S00015,2024-08-02,ST04,C0072,P036,2,23.33,0.05,44.33,85.58
S00016,2025-05-27,ST08,C0186,P039,4,108.79,0.05,413.4,106.6
S00017,2025-01-18,ST01,C0125,P011,3,96.17,0.0,288.51,137.25
S00018,2024-09-02,ST08,C0083,P005,5,99.71,0.0,498.55,280.0
S00019,2024-10-26,ST08,C0061,P010,2,55.91,0.05,106.23,116.18
S00020,2023-11-02,ST05,C0004,P032,6,112.21,0.0,673.26,229.02
S00021,2023-01-11,ST05,C0162,P022,6,102.95,0.1,555.93,179.58
S00022,2023-07-11,ST02,C0157,P028,5,93.53,0.0,467.65,197.75
S00023,2024-09-23,ST06,C0073,P034,6,77.23,0.0,463.38,249.9
S00024,2023-11-16,ST06,C0033,P045,5,128.71,0.05,611.37,232.35
S00025,2024-12-17,ST08,C0005,P005,3,99.71,0.05,284.17,168.0
S00026,2024-10-18,ST06,C0054,P016,6,134.43,0.0,806.58,95.94
S00027,2023-02-13,ST08,C0163,P021,3,130.5,0.1,352.35,61.65
S00028,2024-02-04,ST06,C0148,P022,6,102.95,0.0,617.7,179.58
S00029,2024-01-18,ST04,C0083,P009,6,128.46,0.1,693.68,108.36
S00030,2023-06-01,ST04,C0061,P040,4,121.88,0.1,438.77,89.52
S00031,2024-01-13,ST06,C0005,P031,5,145.67,0.0,728.35,64.7
S00032,2025-03-14,ST03,C0193,P025,5,112.7,0.0,563.5,43.35
S00033,2023-11-16,ST08,C0136,P006,4,38.24,0.1,137.66,189.08
S00034,2023-12-08,ST02,C0069,P047,4,84.64,0.05,321.63,97.08
S00035,2025-01-25,ST05,C0050,P050,6,61.96,0.0,371.76,347.28
S00036,2024-12-19,ST01,C0200,P024,4,52.66,0.0,210.64,170.72
S00037,2024-06-10,ST01,C0163,P015,3,36.23,0.0,108.69,70.62
S00038,2024-11-21,ST03,C0124,P040,3,121.88,0.0,365.64,67.14
S00039,2023-07-25,ST04,C0081,P032,6,112.21,0.0,673.26,229.02
S00040,2024-02-16,ST02,C0155,P039,3,108.79,0.15,277.41,79.95
S00041,2024-12-29,ST04,C0189,P004,5,112.08,0.1,504.36,59.45
S00042,2023-01-31,ST07,C0064,P019,4,49.2,0.15,167.28,189.76
S00043,2023-01-19,ST05,C0077,P001,2,144.68,0.0,289.36,44.96
S00044,2023-08-26,ST01,C0007,P019,6,49.2,0.15,250.92,284.64
S00045,2023-04-06,ST02,C0108,P049,3,76.91,0.05,219.19,76.56
S00046,2023-11-08,ST08,C0038,P050,6,61.96,0.05,353.17,347.28
S00047,2025-03-19,ST08,C0041,P036,3,23.33,0.0,69.99,128.37
S00048,2023-05-27,ST05,C0117,P018,2,75.37,0.15,128.13,81.2
S00049,2023-03-10,ST05,C0117,P039,2,108.79,0.1,195.82,53.3
S00050,2025-05-08,ST01,C0083,P009,1,128.46,0.0,128.46,18.06
S00051,2025-06-09,ST08,C0142,P021,3,130.5,0.0,391.5,61.65
S00052,2023-11-04,ST07,C0185,P021,5,130.5,0.0,652.5,102.75
S00053,2025-06-16,ST06,C0112,P041,4,102.52,0.0,410.08,177.4
S00054,2025-03-24,ST01,C0157,P021,6,130.5,0.0,783.0,123.3
S00055,2024-10-03,ST01,C0145,P021,5,130.5,0.0,652.5,102.75
S00056,2024-01-28,ST03,C0184,P047,4,84.64,0.0,338.56,97.08
S00057,2024-08-18,ST03,C0036,P005,1,99.71,0.1,89.74,56.0
S00058,2024-07-07,ST04,C0183,P011,1,96.17,0.0,96.17,45.75
S00059,2024-01-31,ST02,C0087,P023,4,103.23,0.0,412.92,220.2
S00060,2023-02-18,ST08,C0018,P049,4,76.91,0.1,276.88,102.08
S00061,2023-10-29,ST07,C0135,P004,6,112.08,0.05,638.86,71.34
S00062,2025-06-06,ST02,C0040,P045,2,128.71,0.05,244.55,92.94
S00063,2024-01-08,ST05,C0030,P011,2,96.17,0.0,192.34,91.5
S00064,2024-05-19,ST01,C0166,P004,1,112.08,0.15,95.27,11.89
S00065,2025-04-23,ST08,C0058,P045,1,128.71,0.0,128.71,46.47
S00066,2024-05-07,ST04,C0195,P015,2,36.23,0.0,72.46,47.08
S00067,2024-08-24,ST06,C0082,P033,4,113.38,0.15,385.49,201.56
S00068,2023-09-28,ST01,C0102,P043,5,121.53,0.0,607.65,235.85
S00069,2023-03-29,ST07,C0007,P032,5,112.21,0.0,561.05,190.85
S00070,2023-12-24,ST01,C0052,P003,2,37.7,0.0,75.4,64.68
S00071,2024-05-15,ST01,C0126,P038,3,124.25,0.15,316.84,167.61
S00072,2024-03-23,ST06,C0149,P006,5,38.24,0.0,191.2,236.35
S00073,2023-02-19,ST03,C0055,P026,5,48.78,0.0,243.9,192.3
S00074,2023-01-04,ST05,C0191,P041,3,102.52,0.1,276.8,133.05
S00075,2023-03-21,ST07,C0131,P024,2,52.66,0.0,105.32,85.36
S00076,2025-01-20,ST05,C0156,P049,3,76.91,0.0,230.73,76.56
S00077,2024-07-23,ST07,C0067,P021,1,130.5,0.15,110.92,20.55
S00078,2024-03-13,ST01,C0116,P019,4,49.2,0.1,177.12,189.76
S00079,2023-03-30,ST07,C0172,P042,2,132.25,0.0,264.5,74.08
S00080,2023-07-08,ST07,C0011,P008,1,103.99,0.15,88.39,48.89
S00081,2024-08-04,ST05,C0052,P014,6,97.8,0.15,498.78,288.78
S00082,2025-06-09,ST05,C0152,P014,3,97.8,0.05,278.73,144.39
S00083,2024-03-07,ST04,C0166,P004,5,112.08,0.0,560.4,59.45
S00084,2023-04-16,ST01,C0131,P014,3,97.8,0.0,293.4,144.39
S00085,2024-12-16,ST06,C0047,P014,2,97.8,0.05,185.82,96.26
S00086,2024-03-05,ST06,C0100,P047,4,84.64,0.05,321.63,97.08
S00087,2025-03-26,ST03,C0193,P039,4,108.79,0.05,413.4,106.6
S00088,2023-08-30,ST05,C0153,P036,6,23.33,0.0,139.98,256.74
S00089,2024-08-07,ST02,C0158,P005,1,99.71,0.0,99.71,56.0
S00090,2023-12-20,ST01,C0013,P040,3,121.88,0.0,365.64,67.14
S00091,2023-12-04,ST07,C0114,P020,6,98.43,0.1,531.52,359.28
S00092,2023-12-14,ST01,C0025,P011,3,96.17,0.0,288.51,137.25
S00093,2023-06-19,ST07,C0049,P042,6,132.25,0.0,793.5,222.24
S00094,2023-02-10,ST07,C0072,P005,6,99.71,0.0,598.26,336.0
S00095,2024-02-05,ST01,C0198,P020,1,98.43,0.0,98.43,59.88
S00096,2023-08-28,ST08,C0068,P010,2,55.91,0.0,111.82,116.18
S00097,2025-02-01,ST01,C0191,P041,4,102.52,0.0,410.08,177.4
S00098,2024-05-29,ST02,C0029,P001,6,144.68,0.0,868.08,134.88
S00099,2023-05-18,ST05,C0149,P030,3,128.97,0.0,386.91,40.83
S00100,2024-09-26,ST08,C0145,P045,1,128.71,0.15,109.4,46.47
S00101,2023-03-30,ST04,C0040,P045,1,128.71,0.05,122.27,46.47
S00102,2024-08-31,ST01,C0097,P044,1,63.39,0.05,60.22,52.55
S00103,2025-01-06,ST07,C0120,P028,2,93.53,0.0,187.06,79.1
S00104,2024-01-13,ST02,C0012,P037,3,142.97,0.15,364.57,27.78
S00105,2024-11-20,ST08,C0185,P019,2,49.2,0.0,98.4,94.88
S00106,2023-07-27,ST05,C0172,P002,2,87.83,0.0,175.66,56.54
S00107,2023-02-25,ST01,C0115,P045,6,128.71,0.0,772.26,278.82
S00108,2023-12-19,ST08,C0112,P037,2,142.97,0.15,243.05,18.52
S00109,2024-04-21,ST05,C0013,P048,3,131.28,0.0,393.84,55.53
S00110,2025-05-29,ST08,C0095,P039,4,108.79,0.1,391.64,106.6
S00111,2024-09-17,ST06,C0096,P011,6,96.17,0.1,519.32,274.5
S00112,2025-05-03,ST06,C0038,P035,6,24.85,0.15,126.74,317.4
S00113,2024-06-05,ST03,C0105,P023,5,103.23,0.05,490.34,275.25
S00114,2023-08-03,ST06,C0120,P024,3,52.66,0.0,157.98,128.04
S00115,2023-09-30,ST08,C0193,P044,6,63.39,0.1,342.31,315.3
S00116,2023-12-26,ST07,C0093,P027,1,121.52,0.1,109.37,13.41
S00117,2025-02-16,ST06,C0036,P017,3,25.33,0.15,64.59,172.11
S00118,2023-02-01,ST03,C0116,P030,1,128.97,0.0,128.97,13.61
S00119,2024-06-04,ST03,C0161,P033,5,113.38,0.0,566.9,251.95
S00120,2024-04-15,ST03,C0162,P035,5,24.85,0.0,124.25,264.5
S00121,2024-06-04,ST07,C0178,P014,1,97.8,0.05,92.91,48.13
S00122,2025-06-14,ST01,C0129,P008,5,103.99,0.0,519.95,244.45
S00123,2023-05-15,ST05,C0002,P037,5,142.97,0.15,607.62,46.3
S00124,2025-05-14,ST04,C0190,P011,6,96.17,0.15,490.47,274.5
S00125,2024-02-14,ST02,C0126,P022,3,102.95,0.15,262.52,89.79
S00126,2025-05-14,ST07,C0141,P024,5,52.66,0.15,223.8,213.4
S00127,2023-06-02,ST06,C0057,P026,6,48.78,0.05,278.05,230.76
S00128,2023-07-13,ST02,C0193,P045,2,128.71,0.15,218.81,92.94
S00129,2023-06-25,ST03,C0117,P042,6,132.25,0.0,793.5,222.24
S00130,2023-02-08,ST02,C0001,P046,4,33.17,0.0,132.68,204.36
S00131,2023-03-13,ST05,C0178,P005,2,99.71,0.05,189.45,112.0
S00132,2024-09-14,ST02,C0054,P020,2,98.43,0.0,196.86,119.76
S00133,2023-07-03,ST05,C0008,P002,1,87.83,0.0,87.83,28.27
S00134,2025-01-19,ST02,C0199,P012,1,107.39,0.0,107.39,31.06
S00135,2023-05-15,ST07,C0031,P029,3,106.78,0.15,272.29,159.78
S00136,2024-06-26,ST05,C0003,P026,3,48.78,0.05,139.02,115.38
S00137,2023-10-19,ST05,C0054,P024,4,52.66,0.1,189.58,170.72
S00138,2024-10-24,ST01,C0123,P038,6,124.25,0.05,708.23,335.22
S00139,2025-01-05,ST06,C0128,P003,3,37.7,0.0,113.1,97.02
S00140,2023-03-21,ST08,C0180,P017,4,25.33,0.1,91.19,229.48
S00141,2024-05-21,ST07,C0026,P050,6,61.96,0.1,334.58,347.28
S00142,2024-05-17,ST08,C0090,P040,1,121.88,0.05,115.79,22.38
S00143,2025-02-19,ST02,C0125,P003,4,37.7,0.0,150.8,129.36
S00144,2024-04-18,ST02,C0024,P035,2,24.85,0.15,42.25,105.8
S00145,2025-04-15,ST02,C0162,P046,4,33.17,0.05,126.05,204.36
S00146,2023-01-12,ST04,C0087,P048,5,131.28,0.05,623.58,92.55
S00147,2024-09-30,ST05,C0083,P003,5,37.7,0.15,160.22,161.7
S00148,2024-06-19,ST07,C0056,P029,1,106.78,0.0,106.78,53.26
S00149,2024-12-13,ST01,C0033,P044,5,63.39,0.05,301.1,262.75
S00150,2023-04-13,ST03,C0129,P005,4,99.71,0.0,398.84,224.0
S00151,2023-05-17,ST07,C0145,P045,5,128.71,0.15,547.02,232.35
S00152,2024-05-31,ST05,C0013,P047,5,84.64,0.0,423.2,121.35
S00153,2024-06-14,ST08,C0133,P045,2,128.71,0.05,244.55,92.94
S00154,2025-05-28,ST01,C0042,P019,3,49.2,0.1,132.84,142.32
S00155,2023-04-02,ST02,C0110,P022,6,102.95,0.0,617.7,179.58
S00156,2023-04-07,ST08,C0051,P005,4,99.71,0.0,398.84,224.0
S00157,2024-12-11,ST03,C0100,P001,4,144.68,0.0,578.72,89.92
S00158,2024-12-16,ST04,C0047,P020,3,98.43,0.15,251.0,179.64
S00159,2025-03-01,ST04,C0127,P038,6,124.25,0.05,708.23,335.22
S00160,2025-03-12,ST02,C0030,P045,2,128.71,0.0,257.42,92.94
S00161,2025-03-10,ST01,C0190,P009,4,128.46,0.05,488.15,72.24
S00162,2023-08-29,ST07,C0179,P024,1,52.66,0.15,44.76,42.68
S00163,2024-08-19,ST06,C0178,P034,6,77.23,0.1,417.04,249.9
S00164,2024-06-05,ST08,C0108,P007,1,124.91,0.0,124.91,47.76
S00165,2024-03-06,ST07,C0143,P028,1,93.53,0.0,93.53,39.55
S00166,2023-06-06,ST06,C0068,P006,4,38.24,0.05,145.31,189.08
S00167,2024-01-03,ST03,C0063,P033,1,113.38,0.0,113.38,50.39
S00168,2024-07-17,ST03,C0023,P011,6,96.17,0.0,577.02,274.5
S00169,2024-09-12,ST06,C0169,P029,5,106.78,0.0,533.9,266.3
S00170,2024-01-01,ST03,C0018,P031,5,145.67,0.05,691.93,64.7
S00171,2023-12-27,ST01,C0144,P008,2,103.99,0.0,207.98,97.78
S00172,2025-03-11,ST03,C0077,P010,6,55.91,0.15,285.14,348.54
S00173,2024-09-21,ST06,C0003,P026,1,48.78,0.1,43.9,38.46
S00174,2023-02-14,ST05,C0029,P001,5,144.68,0.1,651.06,112.4
S00175,2024-03-08,ST03,C0078,P001,3,144.68,0.0,434.04,67.44
S00176,2023-09-02,ST04,C0055,P031,6,145.67,0.05,830.32,77.64
S00177,2023-12-06,ST04,C0123,P031,1,145.67,0.0,145.67,12.94
S00178,2023-11-04,ST02,C0142,P025,2,112.7,0.15,191.59,17.34
S00179,2024-12-24,ST03,C0131,P009,1,128.46,0.05,122.04,18.06
S00180,2023-10-11,ST03,C0019,P033,2,113.38,0.15,192.75,100.78
S00181,2025-02-06,ST06,C0106,P049,2,76.91,0.0,153.82,51.04
S00182,2025-02-20,ST07,C0016,P027,1,121.52,0.0,121.52,13.41
S00183,2024-09-15,ST01,C0102,P050,2,61.96,0.15,105.33,115.76
S00184,2025-06-04,ST07,C0096,P047,4,84.64,0.1,304.7,97.08
S00185,2023-07-27,ST03,C0192,P015,4,36.23,0.1,130.43,94.16
S00186,2023-10-01,ST03,C0105,P033,2,113.38,0.1,204.08,100.78
S00187,2024-11-08,ST08,C0074,P034,1,77.23,0.05,73.37,41.65
S00188,2024-12-06,ST07,C0008,P039,1,108.79,0.1,97.91,26.65
S00189,2023-10-20,ST03,C0181,P006,6,38.24,0.0,229.44,283.62
S00190,2024-10-25,ST07,C0072,P024,3,52.66,0.05,150.08,128.04
S00191,2024-07-05,ST05,C0088,P042,5,132.25,0.1,595.12,185.2
S00192,2023-03-23,ST08,C0079,P021,5,130.5,0.05,619.88,102.75
S00193,2024-02-07,ST03,C0194,P025,4,112.7,0.0,450.8,34.68
S00194,2025-04-12,ST08,C0178,P006,3,38.24,0.1,103.25,141.81
S00195,2024-01-06,ST02,C0158,P034,3,77.23,0.15,196.94,124.95
S00196,2024-03-17,ST05,C0070,P018,5,75.37,0.1,339.17,203.0
S00197,2024-04-15,ST06,C0081,P015,2,36.23,0.1,65.21,47.08
S00198,2023-12-07,ST05,C0090,P013,2,87.68,0.0,175.36,82.22
S00199,2023-02-21,ST07,C0174,P034,3,77.23,0.0,231.69,124.95
S00200,2024-12-22,ST04,C0109,P039,5,108.79,0.0,543.95,133.25
S00201,2023-03-01,ST05,C0177,P050,2,61.96,0.15,105.33,115.76
S00202,2024-10-08,ST06,C0093,P044,2,63.39,0.05,120.44,105.1
S00203,2024-01-03,ST03,C0134,P038,1,124.25,0.15,105.61,55.87
S00204,2024-12-12,ST04,C0075,P047,2,84.64,0.1,152.35,48.54
S00205,2024-04-22,ST03,C0087,P041,6,102.52,0.05,584.36,266.1
S00206,2024-06-02,ST07,C0063,P024,4,52.66,0.15,179.04,170.72
S00207,2023-06-08,ST08,C0146,P018,5,75.37,0.0,376.85,203.0
S00208,2025-03-08,ST02,C0066,P010,3,55.91,0.0,167.73,174.27
S00209,2023-07-02,ST07,C0141,P025,1,112.7,0.0,112.7,8.67
S00210,2023-02-22,ST08,C0066,P013,4,87.68,0.1,315.65,164.44
S00211,2023-01-31,ST07,C0071,P038,2,124.25,0.0,248.5,111.74
S00212,2023-02-16,ST08,C0110,P004,5,112.08,0.0,560.4,59.45
S00213,2023-11-25,ST07,C0112,P031,3,145.67,0.0,437.01,38.82
S00214,2023-07-01,ST02,C0047,P009,3,128.46,0.0,385.38,54.18
S00215,2023-12-02,ST05,C0018,P003,1,37.7,0.1,33.93,32.34
S00216,2024-02-27,ST03,C0069,P035,1,24.85,0.15,21.12,52.9
S00217,2023-12-28,ST04,C0109,P044,1,63.39,0.15,53.88,52.55
S00218,2025-04-20,ST01,C0016,P037,1,142.97,0.0,142.97,9.26
S00219,2024-09-12,ST05,C0185,P040,3,121.88,0.05,347.36,67.14
S00220,2023-08-09,ST04,C0060,P016,5,134.43,0.1,604.94,79.95
S00221,2024-03-21,ST05,C0193,P037,5,142.97,0.0,714.85,46.3
S00222,2024-02-11,ST01,C0039,P016,5,134.43,0.1,604.94,79.95
S00223,2025-05-25,ST04,C0196,P021,2,130.5,0.05,247.95,41.1
S00224,2024-03-08,ST01,C0139,P014,2,97.8,0.0,195.6,96.26
S00225,2024-05-17,ST05,C0190,P037,4,142.97,0.0,571.88,37.04
S00226,2023-11-10,ST07,C0064,P007,2,124.91,0.0,249.82,95.52
S00227,2025-02-02,ST03,C0157,P030,2,128.97,0.0,257.94,27.22
S00228,2023-08-24,ST01,C0028,P018,2,75.37,0.15,128.13,81.2
S00229,2025-01-26,ST07,C0112,P020,4,98.43,0.0,393.72,239.52
S00230,2023-03-24,ST02,C0026,P015,4,36.23,0.15,123.18,94.16
S00231,2023-01-26,ST03,C0114,P029,6,106.78,0.05,608.65,319.56
S00232,2023-02-15,ST07,C0193,P040,1,121.88,0.1,109.69,22.38
S00233,2025-02-16,ST04,C0070,P049,6,76.91,0.05,438.39,153.12
S00234,2024-12-11,ST06,C0135,P028,3,93.53,0.0,280.59,118.65
S00235,2023-07-15,ST07,C0130,P032,4,112.21,0.1,403.96,152.68
S00236,2023-07-21,ST03,C0096,P014,6,97.8,0.0,586.8,288.78
S00237,2023-07-25,ST07,C0179,P039,2,108.79,0.05,206.7,53.3
S00238,2023-07-08,ST06,C0056,P014,3,97.8,0.05,278.73,144.39
S00239,2024-08-16,ST05,C0064,P018,2,75.37,0.05,143.2,81.2
S00240,2024-04-12,ST01,C0121,P039,6,108.79,0.1,587.47,159.9
S00241,2025-02-26,ST02,C0166,P016,4,134.43,0.15,457.06,63.96
S00242,2025-05-31,ST06,C0100,P002,3,87.83,0.05,250.32,84.81
S00243,2024-09-13,ST07,C0126,P002,6,87.83,0.05,500.63,169.62
S00244,2024-03-07,ST07,C0023,P028,3,93.53,0.0,280.59,118.65
S00245,2023-05-01,ST06,C0069,P015,3,36.23,0.05,103.26,70.62
S00246,2023-06-07,ST04,C0044,P011,5,96.17,0.15,408.72,228.75
S00247,2024-12-30,ST04,C0154,P034,1,77.23,0.05,73.37,41.65
S00248,2023-07-23,ST04,C0013,P024,1,52.66,0.15,44.76,42.68
S00249,2024-07-08,ST01,C0024,P011,3,96.17,0.0,288.51,137.25
S00250,2025-05-09,ST08,C0066,P034,2,77.23,0.0,154.46,83.3
S00251,2024-10-11,ST05,C0112,P010,2,55.91,0.0,111.82,116.18
S00252,2024-10-08,ST03,C0080,P027,5,121.52,0.0,607.6,67.05
S00253,2023-09-08,ST01,C0024,P015,5,36.23,0.15,153.98,117.7
S00254,2025-03-26,ST05,C0046,P048,5,131.28,0.05,623.58,92.55
S00255,2025-02-14,ST04,C0043,P028,1,93.53,0.0,93.53,39.55
S00256,2024-02-23,ST02,C0183,P039,1,108.79,0.0,108.79,26.65
S00257,2023-07-18,ST02,C0046,P018,4,75.37,0.1,271.33,162.4
S00258,2023-10-03,ST03,C0095,P049,2,76.91,0.1,138.44,51.04
S00259,2024-04-19,ST01,C0063,P012,3,107.39,0.0,322.17,93.18
S00260,2024-07-22,ST01,C0070,P050,5,61.96,0.1,278.82,289.4
S00261,2024-06-16,ST03,C0101,P004,2,112.08,0.0,224.16,23.78
S00262,2023-01-07,ST03,C0040,P031,2,145.67,0.1,262.21,25.88
S00263,2025-06-29,ST05,C0147,P024,4,52.66,0.0,210.64,170.72
S00264,2025-05-30,ST02,C0045,P030,6,128.97,0.0,773.82,81.66
S00265,2025-02-03,ST01,C0164,P011,1,96.17,0.05,91.36,45.75
S00266,2024-05-26,ST05,C0001,P009,4,128.46,0.1,462.46,72.24
S00267,2024-06-24,ST07,C0174,P032,5,112.21,0.1,504.94,190.85
S00268,2023-09-15,ST08,C0104,P047,6,84.64,0.1,457.06,145.62
S00269,2024-09-15,ST07,C0156,P023,3,103.23,0.1,278.72,165.15
S00270,2024-03-14,ST08,C0043,P027,2,121.52,0.0,243.04,26.82
S00271,2023-11-03,ST06,C0019,P014,3,97.8,0.0,293.4,144.39
S00272,2023-09-09,ST07,C0106,P039,4,108.79,0.0,435.16,106.6
S00273,2023-10-24,ST06,C0007,P024,4,52.66,0.0,210.64,170.72
S00274,2023-09-10,ST04,C0005,P049,4,76.91,0.15,261.49,102.08
S00275,2024-08-20,ST08,C0038,P049,5,76.91,0.15,326.87,127.6
S00276,2025-05-17,ST05,C0167,P009,4,128.46,0.0,513.84,72.24
S00277,2024-08-16,ST04,C0005,P010,4,55.91,0.0,223.64,232.36
S00278,2023-06-21,ST08,C0103,P032,6,112.21,0.05,639.6,229.02
S00279,2024-04-16,ST08,C0053,P024,2,52.66,0.05,100.05,85.36
S00280,2023-08-07,ST03,C0063,P004,6,112.08,0.0,672.48,71.34
S00281,2023-02-21,ST01,C0096,P019,3,49.2,0.05,140.22,142.32
S00282,2025-02-20,ST07,C0168,P025,1,112.7,0.1,101.43,8.67
S00283,2025-01-07,ST08,C0091,P019,1,49.2,0.05,46.74,47.44
S00284,2024-01-04,ST06,C0091,P005,2,99.71,0.0,199.42,112.0
S00285,2023-10-19,ST01,C0043,P033,1,113.38,0.0,113.38,50.39
S00286,2023-05-08,ST05,C0183,P048,1,131.28,0.0,131.28,18.51
S00287,2023-01-24,ST06,C0056,P033,1,113.38,0.05,107.71,50.39
S00288,2024-03-29,ST08,C0086,P026,3,48.78,0.1,131.71,115.38
S00289,2023-09-27,ST06,C0073,P021,1,130.5,0.1,117.45,20.55
S00290,2025-04-06,ST08,C0032,P038,4,124.25,0.05,472.15,223.48
S00291,2024-01-04,ST01,C0132,P049,6,76.91,0.1,415.31,153.12
S00292,2024-11-02,ST02,C0192,P047,2,84.64,0.05,160.82,48.54
S00293,2024-06-15,ST08,C0170,P022,6,102.95,0.15,525.05,179.58
S00294,2025-06-25,ST03,C0069,P041,2,102.52,0.0,205.04,88.7
S00295,2025-01-13,ST07,C0158,P006,3,38.24,0.05,108.98,141.81
S00296,2023-11-09,ST01,C0011,P015,3,36.23,0.0,108.69,70.62
S00297,2024-10-11,ST07,C0050,P009,5,128.46,0.0,642.3,90.3
S00298,2024-09-17,ST07,C0039,P027,5,121.52,0.1,546.84,67.05
S00299,2024-08-04,ST01,C0054,P017,1,25.33,0.0,25.33,57.37
S00300,2024-03-09,ST08,C0068,P003,1,37.7,0.0,37.7,32.34
S00301,2025-05-06,ST08,C0043,P030,1,128.97,0.0,128.97,13.61
S00302,2023-11-23,ST06,C0118,P043,5,121.53,0.15,516.5,235.85
S00303,2023-10-01,ST05,C0121,P024,5,52.66,0.1,236.97,213.4
S00304,2023-06-04,ST06,C0190,P036,6,23.33,0.15,118.98,256.74
S00305,2024-08-22,ST03,C0135,P021,6,130.5,0.15,665.55,123.3
S00306,2024-05-23,ST05,C0151,P046,5,33.17,0.0,165.85,255.45
S00307,2023-09-25,ST07,C0006,P015,4,36.23,0.0,144.92,94.16
S00308,2024-03-04,ST05,C0131,P022,4,102.95,0.15,350.03,119.72
S00309,2024-11-05,ST05,C0014,P026,3,48.78,0.0,146.34,115.38
S00310,2024-10-22,ST04,C0143,P010,2,55.91,0.0,111.82,116.18
S00311,2024-05-24,ST02,C0040,P030,6,128.97,0.1,696.44,81.66
S00312,2025-04-11,ST07,C0093,P033,6,113.38,0.05,646.27,302.34
S00313,2025-05-12,ST06,C0146,P027,3,121.52,0.0,364.56,40.23
S00314,2025-03-30,ST08,C0042,P016,6,134.43,0.0,806.58,95.94
S00315,2024-08-19,ST01,C0081,P050,4,61.96,0.05,235.45,231.52
S00316,2023-07-22,ST07,C0040,P028,4,93.53,0.0,374.12,158.2
S00317,2023-07-23,ST02,C0095,P022,3,102.95,0.0,308.85,89.79
S00318,2025-03-04,ST07,C0126,P032,5,112.21,0.0,561.05,190.85
S00319,2024-01-19,ST04,C0111,P026,3,48.78,0.0,146.34,115.38
S00320,2025-03-18,ST06,C0043,P040,2,121.88,0.1,219.38,44.76
S00321,2023-12-05,ST07,C0152,P021,1,130.5,0.0,130.5,20.55
S00322,2024-06-17,ST01,C0022,P006,2,38.24,0.1,68.83,94.54
S00323,2024-02-27,ST02,C0127,P028,6,93.53,0.15,477.0,237.3
S00324,2023-04-18,ST01,C0014,P010,4,55.91,0.0,223.64,232.36
S00325,2023-02-18,ST05,C0035,P003,3,37.7,0.15,96.14,97.02
S00326,2024-07-31,ST06,C0180,P044,6,63.39,0.1,342.31,315.3
S00327,2024-06-12,ST03,C0011,P006,3,38.24,0.0,114.72,141.81
S00328,2024-07-19,ST02,C0010,P007,1,124.91,0.1,112.42,47.76
S00329,2024-03-06,ST03,C0050,P001,4,144.68,0.05,549.78,89.92
S00330,2023-06-27,ST05,C0069,P007,5,124.91,0.1,562.1,238.8
S00331,2023-04-20,ST05,C0157,P005,2,99.71,0.0,199.42,112.0
S00332,2024-09-12,ST05,C0156,P030,2,128.97,0.15,219.25,27.22
S00333,2024-04-27,ST02,C0180,P050,4,61.96,0.1,223.06,231.52
S00334,2024-01-12,ST05,C0177,P015,1,36.23,0.05,34.42,23.54
S00335,2025-03-04,ST03,C0171,P022,6,102.95,0.05,586.82,179.58
S00336,2023-05-18,ST05,C0092,P029,3,106.78,0.15,272.29,159.78
S00337,2025-06-23,ST07,C0103,P046,2,33.17,0.0,66.34,102.18
S00338,2023-11-09,ST04,C0084,P043,2,121.53,0.05,230.91,94.34
S00339,2025-06-18,ST03,C0181,P010,1,55.91,0.0,55.91,58.09
S00340,2025-03-24,ST02,C0151,P004,2,112.08,0.0,224.16,23.78
S00341,2025-06-17,ST03,C0033,P029,6,106.78,0.0,640.68,319.56
S00342,2023-05-11,ST06,C0198,P019,6,49.2,0.0,295.2,284.64
S00343,2025-02-24,ST08,C0062,P038,4,124.25,0.05,472.15,223.48
S00344,2023-06-14,ST05,C0165,P008,6,103.99,0.0,623.94,293.34
S00345,2023-03-15,ST01,C0168,P031,3,145.67,0.0,437.01,38.82
S00346,2023-10-31,ST06,C0050,P026,1,48.78,0.0,48.78,38.46
S00347,2025-06-17,ST07,C0065,P003,2,37.7,0.05,71.63,64.68
S00348,2023-10-13,ST07,C0169,P030,6,128.97,0.0,773.82,81.66
S00349,2023-02-22,ST06,C0035,P029,6,106.78,0.15,544.58,319.56
S00350,2024-02-16,ST06,C0169,P028,5,93.53,0.15,397.5,197.75
S00351,2023-07-10,ST03,C0002,P012,3,107.39,0.05,306.06,93.18
S00352,2024-12-05,ST06,C0125,P006,2,38.24,0.0,76.48,94.54
S00353,2024-06-08,ST08,C0062,P009,3,128.46,0.0,385.38,54.18
S00354,2023-05-25,ST07,C0047,P047,1,84.64,0.0,84.64,24.27
S00355,2024-12-16,ST06,C0093,P041,5,102.52,0.0,512.6,221.75
S00356,2024-12-11,ST02,C0001,P022,4,102.95,0.1,370.62,119.72
S00357,2023-04-28,ST03,C0055,P013,3,87.68,0.15,223.58,123.33
S00358,2024-01-31,ST05,C0189,P043,5,121.53,0.05,577.27,235.85
S00359,2024-01-27,ST04,C0152,P034,4,77.23,0.15,262.58,166.6
S00360,2024-01-26,ST05,C0117,P003,5,37.7,0.05,179.07,161.7
S00361,2024-03-10,ST06,C0073,P003,1,37.7,0.05,35.81,32.34
S00362,2023-01-05,ST02,C0161,P038,4,124.25,0.05,472.15,223.48
S00363,2024-05-01,ST04,C0156,P030,3,128.97,0.1,348.22,40.83
S00364,2024-10-27,ST05,C0116,P015,3,36.23,0.15,92.39,70.62
S00365,2025-05-15,ST05,C0059,P003,4,37.7,0.0,150.8,129.36
S00366,2025-03-23,ST04,C0136,P001,1,144.68,0.0,144.68,22.48
S00367,2024-11-20,ST07,C0062,P029,1,106.78,0.05,101.44,53.26
S00368,2024-04-28,ST05,C0020,P004,5,112.08,0.1,504.36,59.45
S00369,2023-01-17,ST05,C0005,P027,5,121.52,0.15,516.46,67.05
S00370,2023-01-04,ST04,C0128,P004,5,112.08,0.15,476.34,59.45
S00371,2024-10-30,ST02,C0074,P036,2,23.33,0.05,44.33,85.58
S00372,2023-07-26,ST06,C0186,P036,2,23.33,0.1,41.99,85.58
S00373,2025-03-09,ST01,C0052,P042,6,132.25,0.05,753.82,222.24
S00374,2023-10-12,ST04,C0085,P006,4,38.24,0.0,152.96,189.08
S00375,2023-04-04,ST05,C0034,P007,2,124.91,0.15,212.35,95.52
S00376,2024-04-03,ST05,C0172,P019,4,49.2,0.0,196.8,189.76
S00377,2023-10-06,ST03,C0053,P028,3,93.53,0.0,280.59,118.65
S00378,2023-03-01,ST05,C0074,P049,5,76.91,0.15,326.87,127.6
S00379,2023-02-11,ST02,C0164,P036,1,23.33,0.0,23.33,42.79
S00380,2025-05-14,ST04,C0001,P008,1,103.99,0.0,103.99,48.89
S00381,2024-02-20,ST08,C0030,P012,3,107.39,0.0,322.17,93.18
S00382,2024-04-18,ST08,C0197,P033,5,113.38,0.0,566.9,251.95
S00383,2024-04-22,ST05,C0172,P031,1,145.67,0.0,145.67,12.94
S00384,2024-01-31,ST03,C0091,P006,4,38.24,0.0,152.96,189.08
S00385,2024-09-17,ST01,C0065,P035,5,24.85,0.0,124.25,264.5
S00386,2023-05-02,ST03,C0042,P005,3,99.71,0.0,299.13,168.0
S00387,2025-06-26,ST04,C0177,P034,4,77.23,0.15,262.58,166.6
S00388,2024-03-22,ST06,C0008,P023,4,103.23,0.05,392.27,220.2
S00389,2024-11-14,ST07,C0132,P007,2,124.91,0.0,249.82,95.52
S00390,2023-05-31,ST08,C0159,P013,5,87.68,0.15,372.64,205.55
S00391,2025-04-06,ST04,C0018,P045,6,128.71,0.05,733.65,278.82
S00392,2025-01-09,ST08,C0198,P036,4,23.33,0.0,93.32,171.16
S00393,2023-01-18,ST04,C0095,P042,1,132.25,0.0,132.25,37.04
S00394,2023-07-24,ST01,C0049,P029,5,106.78,0.0,533.9,266.3
S00395,2025-06-16,ST06,C0171,P002,6,87.83,0.0,526.98,169.62
S00396,2023-07-12,ST01,C0192,P027,3,121.52,0.05,346.33,40.23
S00397,2023-01-20,ST02,C0035,P006,5,38.24,0.1,172.08,236.35
S00398,2024-04-04,ST02,C0197,P036,5,23.33,0.0,116.65,213.95
S00399,2023-04-23,ST06,C0127,P031,1,145.67,0.1,131.1,12.94
S00400,2024-10-09,ST06,C0164,P003,2,37.7,0.0,75.4,64.68
S00401,2024-12-22,ST05,C0109,P035,1,24.85,0.0,24.85,52.9
S00402,2023-12-08,ST03,C0077,P004,6,112.08,0.0,672.48,71.34
S00403,2024-08-06,ST05,C0040,P025,3,112.7,0.05,321.19,26.01
S00404,2024-12-03,ST06,C0136,P005,1,99.71,0.05,94.72,56.0
S00405,2024-07-21,ST05,C0190,P020,4,98.43,0.0,393.72,239.52
S00406,2024-06-25,ST06,C0073,P002,2,87.83,0.15,149.31,56.54
S00407,2023-02-13,ST02,C0036,P006,3,38.24,0.0,114.72,141.81
S00408,2023-04-09,ST06,C0068,P007,3,124.91,0.0,374.73,143.28
S00409,2025-01-31,ST04,C0148,P012,5,107.39,0.0,536.95,155.3
S00410,2023-02-13,ST05,C0013,P015,3,36.23,0.1,97.82,70.62
S00411,2023-04-16,ST02,C0139,P049,6,76.91,0.1,415.31,153.12
S00412,2024-02-09,ST05,C0177,P037,5,142.97,0.15,607.62,46.3
S00413,2023-04-23,ST07,C0026,P020,1,98.43,0.0,98.43,59.88
S00414,2023-08-19,ST06,C0024,P027,3,121.52,0.15,309.88,40.23
S00415,2024-10-01,ST02,C0036,P004,1,112.08,0.1,100.87,11.89
S00416,2023-07-07,ST08,C0028,P001,1,144.68,0.05,137.45,22.48
S00417,2024-09-16,ST02,C0104,P024,3,52.66,0.0,157.98,128.04
S00418,2023-01-09,ST04,C0144,P038,1,124.25,0.0,124.25,55.87
S00419,2024-01-19,ST02,C0048,P011,6,96.17,0.0,577.02,274.5
S00420,2023-04-02,ST03,C0056,P031,2,145.67,0.15,247.64,25.88
S00421,2024-04-19,ST04,C0131,P044,4,63.39,0.0,253.56,210.2
S00422,2024-07-21,ST05,C0134,P044,5,63.39,0.15,269.41,262.75
S00423,2024-09-30,ST08,C0049,P050,5,61.96,0.0,309.8,289.4
S00424,2024-01-17,ST04,C0111,P004,5,112.08,0.15,476.34,59.45
S00425,2025-03-29,ST05,C0050,P025,3,112.7,0.0,338.1,26.01
S00426,2024-04-11,ST07,C0152,P026,5,48.78,0.0,243.9,192.3
S00427,2024-07-16,ST02,C0064,P018,6,75.37,0.05,429.61,243.6
S00428,2023-09-15,ST08,C0166,P017,1,25.33,0.0,25.33,57.37
S00429,2024-12-15,ST04,C0152,P026,6,48.78,0.0,292.68,230.76
S00430,2024-03-29,ST03,C0033,P045,6,128.71,0.1,695.03,278.82
S00431,2024-07-08,ST04,C0172,P008,2,103.99,0.15,176.78,97.78
S00432,2024-12-09,ST04,C0060,P003,6,37.7,0.0,226.2,194.04
S00433,2025-01-27,ST07,C0019,P047,2,84.64,0.0,169.28,48.54
S00434,2025-06-05,ST01,C0029,P018,6,75.37,0.0,452.22,243.6
S00435,2023-11-23,ST01,C0029,P046,4,33.17,0.0,132.68,204.36
S00436,2024-01-09,ST08,C0053,P022,2,102.95,0.0,205.9,59.86
S00437,2023-05-27,ST02,C0166,P047,3,84.64,0.0,253.92,72.81
S00438,2024-05-14,ST05,C0097,P027,4,121.52,0.15,413.17,53.64
S00439,2025-04-09,ST03,C0163,P013,2,87.68,0.05,166.59,82.22
S00440,2024-09-18,ST04,C0049,P023,4,103.23,0.05,392.27,220.2
S00441,2024-03-13,ST01,C0112,P018,3,75.37,0.0,226.11,121.8
S00442,2023-08-02,ST03,C0119,P028,1,93.53,0.0,93.53,39.55
S00443,2023-01-12,ST05,C0118,P048,2,131.28,0.05,249.43,37.02
S00444,2023-03-23,ST03,C0074,P008,3,103.99,0.0,311.97,146.67
S00445,2023-04-11,ST01,C0110,P012,4,107.39,0.1,386.6,124.24
S00446,2024-06-07,ST08,C0151,P005,3,99.71,0.0,299.13,168.0
S00447,2024-03-26,ST08,C0058,P042,2,132.25,0.15,224.82,74.08
S00448,2025-05-14,ST07,C0123,P018,3,75.37,0.0,226.11,121.8
S00449,2024-12-11,ST08,C0057,P031,2,145.67,0.0,291.34,25.88
S00450,2023-03-10,ST08,C0061,P050,4,61.96,0.0,247.84,231.52
S00451,2024-10-21,ST03,C0131,P036,1,23.33,0.0,23.33,42.79
S00452,2025-04-04,ST05,C0095,P047,6,84.64,0.0,507.84,145.62
S00453,2024-08-09,ST05,C0169,P018,6,75.37,0.05,429.61,243.6
S00454,2024-02-21,ST02,C0017,P002,2,87.83,0.0,175.66,56.54
S00455,2025-06-09,ST03,C0063,P017,6,25.33,0.05,144.38,344.22
S00456,2023-08-29,ST03,C0001,P034,1,77.23,0.0,77.23,41.65
S00457,2023-02-15,ST07,C0177,P050,5,61.96,0.0,309.8,289.4
S00458,2025-01-10,ST04,C0124,P001,2,144.68,0.0,289.36,44.96
S00459,2025-03-07,ST07,C0079,P047,3,84.64,0.15,215.83,72.81
S00460,2025-02-15,ST04,C0151,P018,6,75.37,0.05,429.61,243.6
S00461,2023-11-25,ST06,C0155,P043,1,121.53,0.05,115.45,47.17
S00462,2024-09-08,ST04,C0160,P031,2,145.67,0.0,291.34,25.88
S00463,2024-01-24,ST06,C0087,P003,4,37.7,0.0,150.8,129.36
S00464,2023-04-16,ST08,C0086,P035,2,24.85,0.05,47.22,105.8
S00465,2025-02-14,ST02,C0005,P036,1,23.33,0.1,21.0,42.79
S00466,2025-03-22,ST07,C0060,P009,1,128.46,0.0,128.46,18.06
S00467,2023-01-09,ST02,C0106,P030,1,128.97,0.15,109.62,13.61
S00468,2023-05-07,ST03,C0113,P036,2,23.33,0.15,39.66,85.58
S00469,2024-08-12,ST06,C0056,P014,1,97.8,0.0,97.8,48.13
S00470,2023-10-27,ST07,C0003,P017,1,25.33,0.0,25.33,57.37
S00471,2025-03-25,ST08,C0151,P042,2,132.25,0.0,264.5,74.08
S00472,2025-05-20,ST02,C0061,P022,1,102.95,0.0,102.95,29.93
S00473,2023-09-02,ST04,C0138,P039,1,108.79,0.05,103.35,26.65
S00474,2024-10-29,ST03,C0071,P045,6,128.71,0.15,656.42,278.82
S00475,2023-12-06,ST08,C0002,P047,2,84.64,0.05,160.82,48.54
S00476,2023-11-09,ST02,C0026,P022,5,102.95,0.1,463.28,149.65
S00477,2023-04-14,ST05,C0148,P015,1,36.23,0.05,34.42,23.54
S00478,2023-12-31,ST06,C0090,P045,4,128.71,0.1,463.36,185.88
S00479,2024-02-20,ST01,C0043,P045,6,128.71,0.0,772.26,278.82
S00480,2025-01-31,ST01,C0147,P041,6,102.52,0.0,615.12,266.1
S00481,2024-09-20,ST03,C0045,P013,2,87.68,0.15,149.06,82.22
S00482,2024-03-11,ST03,C0188,P003,2,37.7,0.0,75.4,64.68
S00483,2024-01-20,ST05,C0034,P013,4,87.68,0.0,350.72,164.44
S00484,2025-03-18,ST04,C0116,P043,5,121.53,0.0,607.65,235.85
S00485,2023-06-01,ST04,C0031,P003,3,37.7,0.15,96.14,97.02
S00486,2023-05-01,ST05,C0195,P049,6,76.91,0.05,438.39,153.12
S00487,2024-10-23,ST02,C0177,P010,2,55.91,0.05,106.23,116.18
S00488,2025-06-13,ST03,C0002,P025,3,112.7,0.0,338.1,26.01
S00489,2025-02-08,ST07,C0045,P035,1,24.85,0.0,24.85,52.9
S00490,2023-04-05,ST04,C0041,P049,1,76.91,0.0,76.91,25.52
S00491,2025-04-10,ST07,C0028,P027,2,121.52,0.15,206.58,26.82
S00492,2024-03-15,ST06,C0069,P011,4,96.17,0.0,384.68,183.0
S00493,2024-06-02,ST04,C0137,P039,4,108.79,0.05,413.4,106.6
S00494,2024-02-04,ST08,C0157,P012,3,107.39,0.0,322.17,93.18
S00495,2024-07-10,ST04,C0156,P017,6,25.33,0.0,151.98,344.22
S00496,2024-12-10,ST05,C0104,P013,4,87.68,0.1,315.65,164.44
S00497,2024-07-10,ST02,C0024,P030,6,128.97,0.0,773.82,81.66
S00498,2025-02-24,ST02,C0059,P004,5,112.08,0.05,532.38,59.45
S00499,2025-03-12,ST03,C0167,P026,1,48.78,0.1,43.9,38.46
S00500,2024-10-24,ST04,C0138,P012,2,107.39,0.0,214.78,62.12
S00501,2025-03-23,ST02,C0131,P004,2,112.08,0.1,201.74,23.78
S00502,2024-03-16,ST06,C0022,P036,5,23.33,0.1,104.98,213.95
S00503,2024-03-20,ST05,C0067,P006,3,38.24,0.1,103.25,141.81
S00504,2025-03-19,ST01,C0046,P009,4,128.46,0.05,488.15,72.24
S00505,2024-02-06,ST04,C0036,P014,6,97.8,0.15,498.78,288.78
S00506,2023-02-27,ST03,C0133,P006,5,38.24,0.05,181.64,236.35
S00507,2024-08-19,ST02,C0109,P005,6,99.71,0.0,598.26,336.0
S00508,2023-01-12,ST05,C0043,P030,3,128.97,0.0,386.91,40.83
S00509,2025-03-02,ST01,C0196,P003,1,37.7,0.15,32.05,32.34
S00510,2024-04-23,ST01,C0007,P045,1,128.71,0.0,128.71,46.47
S00511,2024-11-08,ST02,C0194,P011,1,96.17,0.15,81.74,45.75
S00512,2024-10-21,ST02,C0124,P013,4,87.68,0.1,315.65,164.44
S00513,2023-07-24,ST01,C0096,P042,6,132.25,0.15,674.48,222.24
S00514,2025-05-20,ST03,C0007,P039,3,108.79,0.0,326.37,79.95
S00515,2025-03-06,ST02,C0173,P025,5,112.7,0.15,478.97,43.35
S00516,2024-04-17,ST05,C0193,P019,3,49.2,0.0,147.6,142.32
S00517,2024-09-18,ST03,C0140,P006,5,38.24,0.15,162.52,236.35
S00518,2024-07-17,ST08,C0139,P037,3,142.97,0.05,407.46,27.78
S00519,2024-01-30,ST02,C0197,P034,2,77.23,0.0,154.46,83.3
S00520,2024-10-23,ST01,C0074,P049,3,76.91,0.05,219.19,76.56
S00521,2024-03-15,ST07,C0011,P031,4,145.67,0.0,582.68,51.76
S00522,2024-08-27,ST01,C0154,P003,1,37.7,0.15,32.05,32.34
S00523,2024-08-07,ST07,C0063,P017,3,25.33,0.15,64.59,172.11
S00524,2023-05-16,ST06,C0023,P022,6,102.95,0.1,555.93,179.58
S00525,2025-01-22,ST03,C0136,P018,4,75.37,0.05,286.41,162.4
S00526,2025-03-23,ST04,C0032,P037,4,142.97,0.0,571.88,37.04
S00527,2024-07-12,ST04,C0131,P018,3,75.37,0.0,226.11,121.8
S00528,2023-01-11,ST06,C0013,P043,3,121.53,0.0,364.59,141.51
S00529,2025-05-01,ST01,C0097,P037,5,142.97,0.15,607.62,46.3
S00530,2024-04-05,ST08,C0161,P003,1,37.7,0.05,35.81,32.34
S00531,2024-03-03,ST07,C0062,P014,5,97.8,0.1,440.1,240.65
S00532,2024-03-27,ST06,C0118,P036,1,23.33,0.1,21.0,42.79
S00533,2023-05-31,ST03,C0163,P050,2,61.96,0.0,123.92,115.76
S00534,2024-11-15,ST01,C0069,P004,1,112.08,0.05,106.48,11.89
S00535,2023-10-20,ST02,C0136,P017,5,25.33,0.1,113.98,286.85
S00536,2023-10-29,ST05,C0002,P048,6,131.28,0.15,669.53,111.06
S00537,2023-09-11,ST03,C0165,P017,5,25.33,0.05,120.32,286.85
S00538,2024-04-06,ST04,C0064,P032,4,112.21,0.15,381.51,152.68
S00539,2024-05-16,ST02,C0049,P049,4,76.91,0.0,307.64,102.08
S00540,2023-12-11,ST02,C0040,P016,2,134.43,0.15,228.53,31.98
S00541,2025-01-14,ST05,C0159,P026,6,48.78,0.0,292.68,230.76
S00542,2023-03-13,ST05,C0147,P034,4,77.23,0.0,308.92,166.6
S00543,2024-02-09,ST04,C0006,P011,4,96.17,0.15,326.98,183.0
S00544,2024-06-06,ST07,C0095,P009,2,128.46,0.0,256.92,36.12
S00545,2023-03-22,ST05,C0200,P020,1,98.43,0.05,93.51,59.88
S00546,2024-03-30,ST05,C0100,P003,6,37.7,0.05,214.89,194.04
S00547,2023-10-15,ST06,C0091,P011,3,96.17,0.0,288.51,137.25
S00548,2025-06-12,ST04,C0104,P012,6,107.39,0.15,547.69,186.36
S00549,2024-11-09,ST03,C0088,P024,3,52.66,0.0,157.98,128.04
S00550,2023-01-17,ST02,C0006,P047,4,84.64,0.05,321.63,97.08
S00551,2024-01-03,ST05,C0106,P020,3,98.43,0.1,265.76,179.64
S00552,2023-02-02,ST01,C0136,P037,2,142.97,0.15,243.05,18.52
S00553,2024-05-15,ST04,C0095,P007,5,124.91,0.15,530.87,238.8
S00554,2025-01-22,ST03,C0133,P033,3,113.38,0.0,340.14,151.17
S00555,2024-12-22,ST08,C0035,P047,5,84.64,0.15,359.72,121.35
S00556,2025-05-27,ST06,C0173,P004,1,112.08,0.0,112.08,11.89
S00557,2024-08-03,ST01,C0164,P044,3,63.39,0.0,190.17,157.65
S00558,2025-03-21,ST04,C0056,P014,3,97.8,0.0,293.4,144.39
S00559,2024-05-27,ST06,C0066,P034,6,77.23,0.0,463.38,249.9
S00560,2024-08-19,ST04,C0187,P026,2,48.78,0.0,97.56,76.92
S00561,2024-02-20,ST08,C0025,P006,5,38.24,0.05,181.64,236.35
S00562,2023-11-07,ST01,C0032,P047,5,84.64,0.0,423.2,121.35
S00563,2025-01-21,ST02,C0152,P016,6,134.43,0.15,685.59,95.94
S00564,2025-01-13,ST04,C0127,P013,2,87.68,0.05,166.59,82.22
S00565,2025-02-08,ST04,C0083,P042,1,132.25,0.05,125.64,37.04
S00566,2023-10-30,ST02,C0186,P003,1,37.7,0.1,33.93,32.34
S00567,2024-11-30,ST08,C0130,P049,3,76.91,0.05,219.19,76.56
S00568,2024-06-30,ST07,C0119,P007,5,124.91,0.15,530.87,238.8
S00569,2024-10-14,ST01,C0003,P034,2,77.23,0.0,154.46,83.3
S00570,2023-11-27,ST02,C0008,P002,3,87.83,0.05,250.32,84.81
S00571,2024-02-17,ST03,C0141,P008,5,103.99,0.1,467.95,244.45
S00572,2023-03-30,ST07,C0063,P001,3,144.68,0.05,412.34,67.44
S00573,2024-08-23,ST08,C0180,P041,3,102.52,0.15,261.43,133.05
S00574,2023-01-03,ST02,C0153,P019,6,49.2,0.05,280.44,284.64
S00575,2023-11-20,ST04,C0159,P001,4,144.68,0.0,578.72,89.92
S00576,2024-07-31,ST03,C0089,P040,1,121.88,0.0,121.88,22.38
S00577,2024-12-29,ST02,C0155,P020,1,98.43,0.1,88.59,59.88
S00578,2024-05-13,ST05,C0198,P041,1,102.52,0.1,92.27,44.35
S00579,2023-12-07,ST04,C0058,P019,4,49.2,0.1,177.12,189.76
S00580,2023-04-07,ST01,C0088,P031,5,145.67,0.0,728.35,64.7
S00581,2025-03-28,ST04,C0105,P049,2,76.91,0.15,130.75,51.04
S00582,2024-03-24,ST03,C0056,P011,1,96.17,0.0,96.17,45.75
S00583,2025-01-18,ST06,C0071,P029,3,106.78,0.05,304.32,159.78
S00584,2024-11-07,ST05,C0024,P005,1,99.71,0.15,84.75,56.0
S00585,2024-01-08,ST05,C0188,P048,2,131.28,0.1,236.3,37.02
S00586,2023-08-20,ST01,C0105,P035,3,24.85,0.15,63.37,158.7
S00587,2023-06-28,ST06,C0200,P002,2,87.83,0.05,166.88,56.54
S00588,2023-04-20,ST07,C0110,P026,6,48.78,0.0,292.68,230.76
S00589,2025-02-15,ST02,C0178,P034,1,77.23,0.15,65.65,41.65
S00590,2023-07-16,ST01,C0110,P009,1,128.46,0.0,128.46,18.06
S00591,2025-01-21,ST04,C0134,P004,3,112.08,0.05,319.43,35.67
S00592,2023-06-23,ST02,C0156,P026,1,48.78,0.05,46.34,38.46
S00593,2023-11-04,ST08,C0176,P010,1,55.91,0.0,55.91,58.09
S00594,2024-11-20,ST02,C0055,P048,2,131.28,0.0,262.56,37.02
S00595,2023-02-12,ST06,C0088,P017,1,25.33,0.05,24.06,57.37
S00596,2024-07-30,ST03,C0141,P033,4,113.38,0.1,408.17,201.56
S00597,2024-09-04,ST08,C0125,P007,4,124.91,0.1,449.68,191.04
S00598,2023-04-23,ST04,C0037,P042,5,132.25,0.0,661.25,185.2
S00599,2025-03-23,ST01,C0192,P019,1,49.2,0.0,49.2,47.44
S00600,2024-02-21,ST01,C0142,P020,5,98.43,0.05,467.54,299.4
S00601,2024-06-20,ST06,C0050,P050,3,61.96,0.0,185.88,173.64
S00602,2024-04-04,ST03,C0171,P031,4,145.67,0.0,582.68,51.76
S00603,2025-05-28,ST06,C0060,P014,5,97.8,0.15,415.65,240.65
S00604,2023-01-04,ST02,C0014,P008,6,103.99,0.0,623.94,293.34
S00605,2024-11-01,ST01,C0177,P029,5,106.78,0.0,533.9,266.3
S00606,2024-05-18,ST02,C0095,P033,3,113.38,0.0,340.14,151.17
S00607,2024-01-30,ST01,C0047,P037,6,142.97,0.05,814.93,55.56
S00608,2024-06-17,ST03,C0150,P017,4,25.33,0.1,91.19,229.48
S00609,2025-04-22,ST07,C0147,P046,5,33.17,0.1,149.27,255.45
S00610,2024-12-12,ST05,C0200,P025,5,112.7,0.15,478.97,43.35
S00611,2025-04-09,ST08,C0195,P039,1,108.79,0.1,97.91,26.65
S00612,2024-09-22,ST06,C0038,P019,5,49.2,0.05,233.7,237.2
S00613,2023-06-08,ST04,C0146,P041,2,102.52,0.0,205.04,88.7
S00614,2025-01-12,ST05,C0027,P037,1,142.97,0.1,128.67,9.26
S00615,2023-04-05,ST04,C0146,P020,2,98.43,0.0,196.86,119.76
S00616,2024-08-22,ST04,C0048,P007,3,124.91,0.0,374.73,143.28
S00617,2024-07-06,ST07,C0111,P050,5,61.96,0.1,278.82,289.4
S00618,2023-10-21,ST01,C0105,P004,5,112.08,0.05,532.38,59.45
S00619,2025-03-13,ST02,C0102,P010,4,55.91,0.05,212.46,232.36
S00620,2024-01-17,ST08,C0165,P002,2,87.83,0.15,149.31,56.54
S00621,2024-07-08,ST04,C0080,P014,5,97.8,0.1,440.1,240.65
S00622,2024-09-22,ST06,C0084,P015,6,36.23,0.0,217.38,141.24
S00623,2023-08-15,ST01,C0036,P034,3,77.23,0.0,231.69,124.95
S00624,2023-12-29,ST02,C0105,P023,2,103.23,0.15,175.49,110.1
S00625,2023-11-09,ST07,C0157,P037,3,142.97,0.0,428.91,27.78
S00626,2023-09-25,ST07,C0038,P036,5,23.33,0.0,116.65,213.95
S00627,2025-01-03,ST03,C0174,P035,4,24.85,0.15,84.49,211.6
S00628,2023-05-06,ST07,C0024,P018,5,75.37,0.05,358.01,203.0
S00629,2024-07-02,ST02,C0105,P023,2,103.23,0.0,206.46,110.1
S00630,2025-03-18,ST07,C0124,P036,1,23.33,0.15,19.83,42.79
S00631,2024-04-11,ST04,C0038,P044,5,63.39,0.0,316.95,262.75
S00632,2025-02-07,ST02,C0087,P037,3,142.97,0.0,428.91,27.78
S00633,2024-05-14,ST07,C0069,P050,5,61.96,0.0,309.8,289.4
S00634,2023-10-13,ST05,C0151,P016,5,134.43,0.0,672.15,79.95
S00635,2024-11-02,ST01,C0011,P041,2,102.52,0.05,194.79,88.7
S00636,2024-05-19,ST01,C0058,P049,1,76.91,0.15,65.37,25.52
S00637,2023-07-17,ST07,C0112,P033,4,113.38,0.0,453.52,201.56
S00638,2023-07-11,ST07,C0030,P004,5,112.08,0.0,560.4,59.45
S00639,2024-10-12,ST04,C0021,P005,5,99.71,0.0,498.55,280.0
S00640,2024-09-17,ST02,C0013,P002,4,87.83,0.1,316.19,113.08
S00641,2025-04-19,ST05,C0157,P004,1,112.08,0.0,112.08,11.89
S00642,2023-05-01,ST02,C0156,P041,6,102.52,0.0,615.12,266.1
S00643,2024-10-09,ST07,C0117,P004,2,112.08,0.15,190.54,23.78
S00644,2025-06-07,ST08,C0051,P034,6,77.23,0.05,440.21,249.9
S00645,2023-06-11,ST01,C0037,P041,6,102.52,0.0,615.12,266.1
S00646,2024-05-09,ST05,C0164,P015,3,36.23,0.0,108.69,70.62
S00647,2024-08-03,ST08,C0113,P032,5,112.21,0.0,561.05,190.85
S00648,2024-10-09,ST01,C0042,P026,6,48.78,0.05,278.05,230.76
S00649,2024-11-24,ST07,C0186,P009,4,128.46,0.15,436.76,72.24
S00650,2024-05-27,ST03,C0153,P009,3,128.46,0.0,385.38,54.18
S00651,2024-06-14,ST08,C0024,P036,6,23.33,0.15,118.98,256.74
S00652,2025-05-08,ST01,C0099,P031,2,145.67,0.1,262.21,25.88
S00653,2024-10-08,ST02,C0155,P045,3,128.71,0.0,386.13,139.41
S00654,2024-09-06,ST05,C0135,P026,1,48.78,0.0,48.78,38.46
S00655,2025-03-25,ST08,C0052,P013,2,87.68,0.0,175.36,82.22
S00656,2024-05-01,ST06,C0081,P009,6,128.46,0.0,770.76,108.36
S00657,2025-03-10,ST07,C0089,P013,1,87.68,0.05,83.3,41.11
S00658,2024-01-20,ST08,C0021,P035,1,24.85,0.0,24.85,52.9
S00659,2023-01-12,ST02,C0174,P011,1,96.17,0.1,86.55,45.75
S00660,2023-04-07,ST07,C0001,P011,1,96.17,0.0,96.17,45.75
S00661,2023-12-13,ST04,C0109,P049,5,76.91,0.15,326.87,127.6
S00662,2023-02-18,ST08,C0034,P021,4,130.5,0.1,469.8,82.2
S00663,2023-02-21,ST07,C0089,P037,1,142.97,0.0,142.97,9.26
S00664,2023-09-01,ST02,C0115,P014,6,97.8,0.1,528.12,288.78
S00665,2024-12-16,ST05,C0079,P019,5,49.2,0.0,246.0,237.2
S00666,2025-06-14,ST06,C0044,P047,1,84.64,0.0,84.64,24.27
S00667,2024-09-14,ST01,C0076,P026,1,48.78,0.05,46.34,38.46
S00668,2023-05-14,ST01,C0073,P018,2,75.37,0.05,143.2,81.2
S00669,2023-02-26,ST05,C0175,P014,1,97.8,0.05,92.91,48.13
S00670,2024-12-15,ST02,C0137,P031,2,145.67,0.05,276.77,25.88
S00671,2023-07-05,ST03,C0128,P048,2,131.28,0.0,262.56,37.02
S00672,2024-05-08,ST02,C0042,P001,4,144.68,0.1,520.85,89.92
S00673,2023-11-23,ST02,C0047,P035,6,24.85,0.0,149.1,317.4
S00674,2024-02-17,ST07,C0133,P017,2,25.33,0.1,45.59,114.74
S00675,2024-07-15,ST08,C0088,P035,6,24.85,0.15,126.74,317.4
S00676,2024-09-07,ST04,C0113,P039,4,108.79,0.0,435.16,106.6
S00677,2024-05-26,ST02,C0063,P035,5,24.85,0.0,124.25,264.5
S00678,2023-07-24,ST06,C0175,P035,4,24.85,0.0,99.4,211.6
S00679,2024-08-12,ST08,C0059,P022,6,102.95,0.0,617.7,179.58
S00680,2023-12-21,ST07,C0180,P032,4,112.21,0.15,381.51,152.68
S00681,2024-04-10,ST08,C0117,P008,6,103.99,0.0,623.94,293.34
S00682,2024-12-26,ST04,C0128,P026,4,48.78,0.1,175.61,153.84
S00683,2024-09-26,ST01,C0038,P050,3,61.96,0.0,185.88,173.64
S00684,2024-09-23,ST03,C0139,P025,1,112.7,0.15,95.8,8.67
S00685,2023-02-12,ST04,C0047,P011,6,96.17,0.0,577.02,274.5
S00686,2023-12-14,ST03,C0173,P021,1,130.5,0.05,123.97,20.55
S00687,2024-01-15,ST06,C0169,P044,1,63.39,0.0,63.39,52.55
S00688,2024-12-18,ST02,C0115,P035,6,24.85,0.0,149.1,317.4
S00689,2024-09-16,ST03,C0146,P026,6,48.78,0.0,292.68,230.76
S00690,2025-05-29,ST03,C0167,P034,1,77.23,0.1,69.51,41.65
S00691,2023-02-19,ST07,C0084,P009,4,128.46,0.1,462.46,72.24
S00692,2024-11-08,ST05,C0143,P003,2,37.7,0.05,71.63,64.68
S00693,2023-07-05,ST05,C0156,P040,5,121.88,0.0,609.4,111.9
S00694,2025-03-02,ST01,C0033,P011,3,96.17,0.0,288.51,137.25
S00695,2025-02-22,ST04,C0178,P039,6,108.79,0.1,587.47,159.9
S00696,2024-02-08,ST05,C0185,P028,5,93.53,0.0,467.65,197.75
S00697,2023-07-25,ST05,C0034,P042,5,132.25,0.0,661.25,185.2
S00698,2024-07-31,ST02,C0157,P048,6,131.28,0.0,787.68,111.06
S00699,2024-10-08,ST08,C0089,P019,6,49.2,0.1,265.68,284.64
S00700,2023-12-02,ST01,C0118,P033,6,113.38,0.15,578.24,302.34
S00701,2024-06-20,ST06,C0024,P029,2,106.78,0.0,213.56,106.52
S00702,2024-11-03,ST08,C0103,P035,4,24.85,0.05,94.43,211.6
S00703,2023-06-28,ST03,C0139,P013,1,87.68,0.1,78.91,41.11
S00704,2024-10-22,ST07,C0071,P029,1,106.78,0.1,96.1,53.26
S00705,2023-06-26,ST08,C0185,P005,4,99.71,0.1,358.96,224.0
S00706,2024-02-13,ST07,C0127,P035,5,24.85,0.0,124.25,264.5
S00707,2025-06-14,ST07,C0148,P040,5,121.88,0.05,578.93,111.9
S00708,2023-03-09,ST03,C0040,P046,3,33.17,0.1,89.56,153.27
S00709,2025-05-26,ST08,C0051,P037,6,142.97,0.0,857.82,55.56
S00710,2024-10-31,ST06,C0137,P042,6,132.25,0.1,714.15,222.24
S00711,2023-04-19,ST03,C0103,P001,6,144.68,0.15,737.87,134.88
S00712,2023-02-07,ST01,C0095,P016,6,134.43,0.0,806.58,95.94
S00713,2023-09-12,ST06,C0170,P002,4,87.83,0.05,333.75,113.08
S00714,2023-08-29,ST06,C0159,P047,6,84.64,0.05,482.45,145.62
S00715,2023-05-27,ST01,C0010,P037,6,142.97,0.0,857.82,55.56
S00716,2025-02-09,ST03,C0072,P011,6,96.17,0.0,577.02,274.5
S00717,2023-01-06,ST05,C0069,P024,2,52.66,0.1,94.79,85.36
S00718,2024-02-29,ST07,C0118,P026,2,48.78,0.0,97.56,76.92
S00719,2025-05-04,ST05,C0157,P023,2,103.23,0.15,175.49,110.1
S00720,2023-02-06,ST03,C0163,P016,6,134.43,0.1,725.92,95.94
S00721,2025-04-25,ST05,C0148,P048,4,131.28,0.0,525.12,74.04
S00722,2024-06-27,ST02,C0140,P013,3,87.68,0.05,249.89,123.33
S00723,2024-12-05,ST02,C0067,P011,6,96.17,0.15,490.47,274.5
S00724,2024-07-23,ST06,C0048,P021,6,130.5,0.05,743.85,123.3
S00725,2025-02-07,ST07,C0088,P012,2,107.39,0.1,193.3,62.12
S00726,2023-10-02,ST04,C0104,P011,6,96.17,0.0,577.02,274.5
S00727,2024-12-20,ST06,C0136,P022,1,102.95,0.0,102.95,29.93
S00728,2024-05-16,ST07,C0028,P033,3,113.38,0.0,340.14,151.17
S00729,2023-03-08,ST08,C0166,P002,5,87.83,0.0,439.15,141.35
S00730,2024-10-06,ST06,C0144,P025,1,112.7,0.1,101.43,8.67
S00731,2024-04-23,ST08,C0194,P021,6,130.5,0.0,783.0,123.3
S00732,2025-05-21,ST01,C0058,P017,2,25.33,0.0,50.66,114.74
S00733,2024-04-19,ST02,C0160,P041,6,102.52,0.1,553.61,266.1
S00734,2024-12-17,ST02,C0020,P037,4,142.97,0.1,514.69,37.04
S00735,2023-05-26,ST01,C0043,P031,2,145.67,0.1,262.21,25.88
S00736,2024-05-09,ST04,C0086,P046,3,33.17,0.0,99.51,153.27
S00737,2024-01-03,ST04,C0094,P006,4,38.24,0.0,152.96,189.08
S00738,2023-11-15,ST05,C0084,P006,4,38.24,0.0,152.96,189.08
S00739,2025-03-15,ST04,C0084,P021,1,130.5,0.0,130.5,20.55
S00740,2024-08-27,ST06,C0045,P047,5,84.64,0.0,423.2,121.35
S00741,2023-10-29,ST02,C0122,P027,2,121.52,0.05,230.89,26.82
S00742,2023-09-25,ST01,C0082,P029,1,106.78,0.1,96.1,53.26
S00743,2025-05-15,ST02,C0039,P018,3,75.37,0.0,226.11,121.8
S00744,2024-07-17,ST06,C0199,P003,2,37.7,0.05,71.63,64.68
S00745,2024-03-08,ST02,C0158,P025,6,112.7,0.1,608.58,52.02
S00746,2024-05-26,ST01,C0122,P034,5,77.23,0.15,328.23,208.25
S00747,2024-11-16,ST08,C0194,P009,1,128.46,0.0,128.46,18.06
S00748,2024-08-14,ST04,C0034,P024,5,52.66,0.1,236.97,213.4
S00749,2023-04-15,ST06,C0197,P036,4,23.33,0.0,93.32,171.16
S00750,2023-11-12,ST07,C0085,P009,4,128.46,0.0,513.84,72.24
S00751,2023-08-07,ST07,C0198,P021,4,130.5,0.1,469.8,82.2
S00752,2024-08-08,ST05,C0072,P029,2,106.78,0.0,213.56,106.52
S00753,2025-04-16,ST06,C0181,P032,5,112.21,0.0,561.05,190.85
S00754,2023-08-11,ST05,C0172,P048,5,131.28,0.15,557.94,92.55
S00755,2023-02-06,ST07,C0188,P022,3,102.95,0.0,308.85,89.79
S00756,2025-03-17,ST05,C0158,P046,2,33.17,0.1,59.71,102.18
S00757,2023-12-14,ST02,C0078,P009,1,128.46,0.15,109.19,18.06
S00758,2024-12-26,ST01,C0086,P028,2,93.53,0.0,187.06,79.1
S00759,2023-04-14,ST03,C0011,P003,3,37.7,0.0,113.1,97.02
S00760,2023-08-22,ST04,C0059,P041,1,102.52,0.0,102.52,44.35
S00761,2024-10-21,ST02,C0165,P009,3,128.46,0.0,385.38,54.18
S00762,2023-01-23,ST01,C0054,P005,3,99.71,0.0,299.13,168.0
S00763,2024-04-15,ST04,C0009,P031,6,145.67,0.15,742.92,77.64
S00764,2024-12-02,ST03,C0143,P028,6,93.53,0.0,561.18,237.3
S00765,2024-04-13,ST05,C0078,P019,5,49.2,0.1,221.4,237.2
S00766,2024-04-08,ST07,C0099,P040,5,121.88,0.1,548.46,111.9
S00767,2024-03-19,ST03,C0126,P046,4,33.17,0.15,112.78,204.36
S00768,2023-09-28,ST08,C0109,P015,6,36.23,0.05,206.51,141.24
S00769,2024-08-16,ST07,C0075,P047,2,84.64,0.15,143.89,48.54
S00770,2023-10-19,ST06,C0034,P001,5,144.68,0.15,614.89,112.4
S00771,2023-03-17,ST06,C0043,P046,3,33.17,0.0,99.51,153.27
S00772,2023-03-29,ST04,C0135,P005,2,99.71,0.15,169.51,112.0
S00773,2025-06-04,ST03,C0028,P035,2,24.85,0.0,49.7,105.8
S00774,2024-12-05,ST03,C0052,P009,6,128.46,0.0,770.76,108.36
S00775,2024-04-30,ST02,C0079,P041,1,102.52,0.05,97.39,44.35
S00776,2024-07-25,ST02,C0003,P048,5,131.28,0.0,656.4,92.55
S00777,2023-07-12,ST08,C0068,P027,2,121.52,0.0,243.04,26.82
S00778,2024-07-27,ST08,C0142,P046,3,33.17,0.0,99.51,153.27
S00779,2023-07-14,ST08,C0043,P035,4,24.85,0.1,89.46,211.6
S00780,2024-09-16,ST08,C0023,P046,2,33.17,0.0,66.34,102.18
S00781,2025-01-31,ST08,C0123,P023,3,103.23,0.0,309.69,165.15
S00782,2023-07-07,ST05,C0093,P048,4,131.28,0.0,525.12,74.04
S00783,2025-01-24,ST01,C0040,P025,3,112.7,0.0,338.1,26.01
S00784,2025-03-11,ST08,C0024,P040,4,121.88,0.15,414.39,89.52
S00785,2024-11-06,ST02,C0062,P036,4,23.33,0.0,93.32,171.16
S00786,2024-02-01,ST08,C0047,P036,1,23.33,0.15,19.83,42.79
S00787,2025-01-14,ST02,C0045,P031,4,145.67,0.15,495.28,51.76
S00788,2023-03-07,ST08,C0051,P014,6,97.8,0.15,498.78,288.78
S00789,2024-09-16,ST03,C0145,P014,1,97.8,0.0,97.8,48.13
S00790,2023-01-22,ST03,C0045,P012,5,107.39,0.1,483.26,155.3
S00791,2024-10-15,ST07,C0055,P040,2,121.88,0.0,243.76,44.76
S00792,2023-02-04,ST06,C0110,P047,6,84.64,0.1,457.06,145.62
S00793,2023-03-08,ST05,C0164,P005,2,99.71,0.1,179.48,112.0
S00794,2023-06-12,ST04,C0037,P036,2,23.33,0.0,46.66,85.58
S00795,2023-08-18,ST04,C0094,P042,5,132.25,0.1,595.12,185.2
S00796,2023-03-06,ST05,C0082,P014,3,97.8,0.05,278.73,144.39
S00797,2025-01-18,ST08,C0126,P008,6,103.99,0.15,530.35,293.34
S00798,2025-04-09,ST03,C0057,P032,4,112.21,0.0,448.84,152.68
S00799,2024-01-07,ST06,C0006,P016,3,134.43,0.0,403.29,47.97
S00800,2024-02-15,ST08,C0199,P037,5,142.97,0.15,607.62,46.3
S00801,2024-01-04,ST03,C0030,P047,4,84.64,0.1,304.7,97.08
S00802,2023-10-16,ST01,C0113,P038,2,124.25,0.1,223.65,111.74
S00803,2023-12-21,ST02,C0113,P012,2,107.39,0.0,214.78,62.12
S00804,2023-04-18,ST08,C0064,P022,5,102.95,0.05,489.01,149.65
S00805,2023-01-06,ST04,C0029,P047,4,84.64,0.15,287.78,97.08
S00806,2024-10-18,ST04,C0036,P021,2,130.5,0.0,261.0,41.1
S00807,2023-02-27,ST02,C0173,P002,2,87.83,0.0,175.66,56.54
S00808,2024-11-10,ST01,C0187,P026,5,48.78,0.0,243.9,192.3
S00809,2023-02-11,ST01,C0010,P012,3,107.39,0.1,289.95,93.18
S00810,2025-02-11,ST08,C0156,P032,5,112.21,0.1,504.94,190.85
S00811,2023-11-22,ST08,C0146,P033,3,113.38,0.15,289.12,151.17
S00812,2024-04-03,ST06,C0178,P014,6,97.8,0.1,528.12,288.78
S00813,2023-09-22,ST04,C0048,P023,6,103.23,0.1,557.44,330.3
S00814,2024-09-16,ST01,C0016,P026,2,48.78,0.0,97.56,76.92
S00815,2024-07-06,ST04,C0078,P018,4,75.37,0.15,256.26,162.4
S00816,2023-09-14,ST06,C0147,P006,1,38.24,0.05,36.33,47.27
S00817,2025-04-24,ST03,C0089,P005,2,99.71,0.15,169.51,112.0
S00818,2023-12-14,ST01,C0024,P037,2,142.97,0.15,243.05,18.52
S00819,2025-01-18,ST06,C0043,P037,6,142.97,0.0,857.82,55.56
S00820,2023-01-29,ST04,C0078,P006,4,38.24,0.0,152.96,189.08
S00821,2023-05-23,ST04,C0189,P042,1,132.25,0.1,119.03,37.04
S00822,2023-07-20,ST07,C0002,P013,4,87.68,0.0,350.72,164.44
S00823,2024-11-11,ST08,C0176,P014,1,97.8,0.1,88.02,48.13
S00824,2024-12-26,ST07,C0038,P008,1,103.99,0.15,88.39,48.89
S00825,2025-02-12,ST03,C0188,P010,1,55.91,0.0,55.91,58.09
S00826,2023-09-26,ST08,C0031,P011,4,96.17,0.05,365.45,183.0
S00827,2024-07-31,ST03,C0170,P049,1,76.91,0.0,76.91,25.52
S00828,2023-09-29,ST02,C0198,P039,1,108.79,0.0,108.79,26.65
S00829,2025-03-19,ST02,C0104,P025,2,112.7,0.0,225.4,17.34
S00830,2025-05-29,ST01,C0031,P003,4,37.7,0.0,150.8,129.36
S00831,2025-02-28,ST08,C0088,P047,2,84.64,0.0,169.28,48.54
S00832,2024-08-13,ST04,C0192,P040,1,121.88,0.0,121.88,22.38
S00833,2025-05-22,ST07,C0050,P037,4,142.97,0.0,571.88,37.04
S00834,2023-01-11,ST01,C0138,P014,6,97.8,0.0,586.8,288.78
S00835,2025-03-07,ST05,C0167,P030,5,128.97,0.0,644.85,68.05
S00836,2023-05-09,ST05,C0196,P010,2,55.91,0.0,111.82,116.18
S00837,2023-02-08,ST01,C0073,P006,5,38.24,0.15,162.52,236.35
S00838,2024-06-05,ST03,C0161,P026,3,48.78,0.0,146.34,115.38
S00839,2023-12-26,ST06,C0171,P037,2,142.97,0.0,285.94,18.52
S00840,2024-05-13,ST07,C0074,P039,2,108.79,0.0,217.58,53.3
S00841,2023-03-19,ST06,C0050,P038,3,124.25,0.15,316.84,167.61
S00842,2023-07-11,ST01,C0017,P025,2,112.7,0.15,191.59,17.34
S00843,2024-11-06,ST06,C0146,P043,2,121.53,0.15,206.6,94.34
S00844,2024-10-23,ST01,C0128,P038,1,124.25,0.0,124.25,55.87
S00845,2023-07-12,ST03,C0031,P030,3,128.97,0.0,386.91,40.83
S00846,2025-04-05,ST06,C0092,P028,5,93.53,0.0,467.65,197.75
S00847,2025-02-14,ST03,C0079,P025,2,112.7,0.0,225.4,17.34
S00848,2023-05-10,ST03,C0020,P017,1,25.33,0.0,25.33,57.37
S00849,2023-06-17,ST07,C0014,P031,1,145.67,0.0,145.67,12.94
S00850,2024-07-15,ST08,C0042,P040,2,121.88,0.1,219.38,44.76
S00851,2023-08-19,ST01,C0072,P032,2,112.21,0.1,201.98,76.34
S00852,2023-04-15,ST08,C0016,P040,6,121.88,0.15,621.59,134.28
S00853,2024-09-03,ST07,C0111,P006,5,38.24,0.0,191.2,236.35
S00854,2024-05-31,ST03,C0059,P027,2,121.52,0.0,243.04,26.82
S00855,2023-02-19,ST02,C0167,P034,3,77.23,0.0,231.69,124.95
S00856,2024-11-15,ST01,C0041,P017,2,25.33,0.15,43.06,114.74
S00857,2025-06-20,ST01,C0074,P046,2,33.17,0.0,66.34,102.18
S00858,2024-05-15,ST06,C0005,P008,4,103.99,0.05,395.16,195.56
S00859,2024-08-10,ST08,C0197,P037,3,142.97,0.05,407.46,27.78
S00860,2023-03-08,ST02,C0160,P020,3,98.43,0.05,280.53,179.64
S00861,2024-09-03,ST06,C0174,P038,3,124.25,0.0,372.75,167.61
S00862,2023-08-17,ST04,C0045,P028,3,93.53,0.05,266.56,118.65
S00863,2023-06-29,ST05,C0036,P007,4,124.91,0.05,474.66,191.04
S00864,2024-06-12,ST01,C0029,P001,5,144.68,0.0,723.4,112.4
S00865,2025-05-16,ST02,C0031,P050,1,61.96,0.0,61.96,57.88
S00866,2023-11-22,ST07,C0189,P002,5,87.83,0.0,439.15,141.35
S00867,2024-09-03,ST07,C0116,P007,3,124.91,0.0,374.73,143.28
S00868,2023-08-02,ST07,C0042,P032,5,112.21,0.0,561.05,190.85
S00869,2023-09-17,ST02,C0004,P035,6,24.85,0.15,126.74,317.4
S00870,2023-03-05,ST02,C0115,P024,2,52.66,0.1,94.79,85.36
S00871,2023-06-26,ST02,C0185,P002,3,87.83,0.15,223.97,84.81
S00872,2024-03-18,ST02,C0119,P004,2,112.08,0.1,201.74,23.78
S00873,2023-10-27,ST08,C0105,P003,1,37.7,0.0,37.7,32.34
S00874,2024-08-23,ST04,C0119,P004,3,112.08,0.0,336.24,35.67
S00875,2024-09-23,ST06,C0074,P004,5,112.08,0.0,560.4,59.45
S00876,2023-05-19,ST04,C0077,P032,4,112.21,0.0,448.84,152.68
S00877,2024-05-31,ST04,C0181,P008,1,103.99,0.0,103.99,48.89
S00878,2025-01-05,ST03,C0112,P037,3,142.97,0.1,386.02,27.78
S00879,2025-05-23,ST06,C0174,P034,4,77.23,0.05,293.47,166.6
S00880,2023-06-03,ST05,C0110,P046,4,33.17,0.0,132.68,204.36
S00881,2023-10-13,ST01,C0031,P014,3,97.8,0.0,293.4,144.39
S00882,2024-12-16,ST04,C0199,P043,5,121.53,0.05,577.27,235.85
S00883,2024-10-10,ST05,C0113,P011,4,96.17,0.05,365.45,183.0
S00884,2024-08-06,ST02,C0039,P028,3,93.53,0.1,252.53,118.65
S00885,2023-09-10,ST04,C0135,P005,2,99.71,0.15,169.51,112.0
S00886,2023-11-24,ST01,C0005,P031,1,145.67,0.0,145.67,12.94
S00887,2024-09-11,ST07,C0107,P026,1,48.78,0.0,48.78,38.46
S00888,2023-10-30,ST01,C0161,P022,1,102.95,0.0,102.95,29.93
S00889,2024-03-13,ST08,C0115,P004,6,112.08,0.05,638.86,71.34
S00890,2024-02-10,ST01,C0065,P008,1,103.99,0.15,88.39,48.89
S00891,2024-12-06,ST04,C0068,P042,5,132.25,0.1,595.12,185.2
S00892,2024-03-19,ST05,C0184,P005,5,99.71,0.0,498.55,280.0
S00893,2023-04-10,ST02,C0064,P021,3,130.5,0.0,391.5,61.65
S00894,2024-08-11,ST01,C0066,P003,5,37.7,0.0,188.5,161.7
S00895,2023-03-16,ST08,C0154,P042,4,132.25,0.1,476.1,148.16
S00896,2023-09-13,ST04,C0127,P034,6,77.23,0.0,463.38,249.9
S00897,2025-01-22,ST08,C0119,P013,6,87.68,0.0,526.08,246.66
S00898,2025-03-22,ST05,C0098,P027,1,121.52,0.05,115.44,13.41
S00899,2023-06-28,ST03,C0026,P025,2,112.7,0.05,214.13,17.34
S00900,2024-10-30,ST08,C0013,P019,4,49.2,0.1,177.12,189.76
S00901,2024-07-24,ST04,C0064,P018,2,75.37,0.0,150.74,81.2
S00902,2024-10-24,ST04,C0047,P028,6,93.53,0.15,477.0,237.3
S00903,2025-03-23,ST05,C0172,P033,5,113.38,0.1,510.21,251.95
S00904,2025-02-12,ST08,C0157,P008,1,103.99,0.0,103.99,48.89
S00905,2024-07-29,ST03,C0068,P046,4,33.17,0.15,112.78,204.36
S00906,2025-01-10,ST04,C0007,P009,4,128.46,0.0,513.84,72.24
S00907,2024-06-11,ST03,C0118,P033,1,113.38,0.0,113.38,50.39
S00908,2024-12-01,ST03,C0015,P027,6,121.52,0.15,619.75,80.46
S00909,2023-07-13,ST05,C0008,P043,1,121.53,0.1,109.38,47.17
S00910,2023-02-03,ST06,C0061,P006,6,38.24,0.15,195.02,283.62
S00911,2023-08-26,ST08,C0158,P049,2,76.91,0.0,153.82,51.04
S00912,2025-03-25,ST01,C0114,P006,6,38.24,0.1,206.5,283.62
S00913,2024-05-06,ST05,C0161,P033,6,113.38,0.1,612.25,302.34
S00914,2024-08-18,ST07,C0019,P002,3,87.83,0.0,263.49,84.81
S00915,2023-05-16,ST03,C0036,P035,1,24.85,0.05,23.61,52.9
S00916,2023-12-24,ST04,C0134,P023,5,103.23,0.05,490.34,275.25
S00917,2025-03-23,ST08,C0096,P033,1,113.38,0.1,102.04,50.39
S00918,2024-06-21,ST01,C0016,P012,3,107.39,0.1,289.95,93.18
S00919,2025-02-19,ST08,C0108,P003,3,37.7,0.05,107.45,97.02
S00920,2023-05-02,ST03,C0024,P043,2,121.53,0.05,230.91,94.34
S00921,2024-04-01,ST05,C0022,P037,5,142.97,0.05,679.11,46.3
S00922,2023-03-24,ST02,C0196,P006,2,38.24,0.1,68.83,94.54
S00923,2023-11-28,ST05,C0173,P032,2,112.21,0.1,201.98,76.34
S00924,2023-01-10,ST03,C0109,P043,4,121.53,0.15,413.2,188.68
S00925,2023-08-06,ST08,C0101,P049,6,76.91,0.15,392.24,153.12
S00926,2025-05-28,ST01,C0069,P004,5,112.08,0.0,560.4,59.45
S00927,2025-06-13,ST02,C0183,P015,3,36.23,0.0,108.69,70.62
S00928,2024-09-15,ST02,C0109,P038,3,124.25,0.05,354.11,167.61
S00929,2024-11-20,ST04,C0127,P003,2,37.7,0.05,71.63,64.68
S00930,2023-05-08,ST04,C0173,P019,3,49.2,0.15,125.46,142.32
S00931,2023-05-26,ST02,C0091,P025,4,112.7,0.1,405.72,34.68
S00932,2024-05-30,ST07,C0172,P043,2,121.53,0.0,243.06,94.34
S00933,2024-05-30,ST07,C0012,P041,6,102.52,0.15,522.85,266.1
S00934,2025-03-05,ST07,C0157,P019,4,49.2,0.1,177.12,189.76
S00935,2023-05-14,ST05,C0185,P016,5,134.43,0.05,638.54,79.95
S00936,2024-10-28,ST08,C0069,P002,5,87.83,0.0,439.15,141.35
S00937,2025-05-05,ST08,C0017,P010,1,55.91,0.0,55.91,58.09
S00938,2023-02-06,ST02,C0087,P036,4,23.33,0.0,93.32,171.16
S00939,2024-11-24,ST04,C0092,P011,6,96.17,0.05,548.17,274.5
S00940,2023-07-31,ST03,C0139,P018,1,75.37,0.1,67.83,40.6
S00941,2023-08-29,ST04,C0200,P037,3,142.97,0.1,386.02,27.78
S00942,2023-08-02,ST04,C0137,P026,5,48.78,0.0,243.9,192.3
S00943,2024-09-01,ST05,C0036,P028,4,93.53,0.05,355.41,158.2
S00944,2024-04-16,ST08,C0193,P010,5,55.91,0.1,251.59,290.45
S00945,2024-12-22,ST01,C0109,P005,5,99.71,0.0,498.55,280.0
S00946,2023-12-20,ST02,C0077,P006,2,38.24,0.0,76.48,94.54
S00947,2025-04-16,ST04,C0194,P038,3,124.25,0.15,316.84,167.61
S00948,2025-03-14,ST03,C0154,P049,2,76.91,0.15,130.75,51.04
S00949,2023-02-06,ST04,C0028,P027,2,121.52,0.05,230.89,26.82
S00950,2024-08-13,ST01,C0105,P047,3,84.64,0.0,253.92,72.81
S00951,2023-04-05,ST05,C0012,P016,3,134.43,0.1,362.96,47.97
S00952,2025-06-01,ST07,C0025,P033,3,113.38,0.15,289.12,151.17
S00953,2024-07-31,ST06,C0043,P002,3,87.83,0.0,263.49,84.81
S00954,2023-09-07,ST05,C0038,P032,1,112.21,0.1,100.99,38.17
S00955,2024-11-06,ST06,C0110,P007,6,124.91,0.0,749.46,286.56
S00956,2024-06-11,ST05,C0179,P013,3,87.68,0.0,263.04,123.33
S00957,2024-06-03,ST07,C0107,P037,1,142.97,0.05,135.82,9.26
S00958,2023-12-10,ST08,C0190,P049,6,76.91,0.0,461.46,153.12
S00959,2023-12-11,ST03,C0133,P050,6,61.96,0.0,371.76,347.28
S00960,2024-06-19,ST01,C0138,P039,5,108.79,0.1,489.56,133.25
S00961,2025-03-29,ST07,C0001,P047,4,84.64,0.1,304.7,97.08
S00962,2023-03-12,ST05,C0025,P010,1,55.91,0.05,53.11,58.09
S00963,2023-08-18,ST02,C0106,P018,2,75.37,0.0,150.74,81.2
S00964,2025-06-05,ST07,C0048,P040,6,121.88,0.05,694.72,134.28
S00965,2023-07-23,ST07,C0140,P017,5,25.33,0.15,107.65,286.85
S00966,2024-01-05,ST04,C0159,P035,6,24.85,0.1,134.19,317.4
S00967,2025-01-14,ST08,C0179,P026,3,48.78,0.1,131.71,115.38
S00968,2023-11-11,ST05,C0146,P025,6,112.7,0.0,676.2,52.02
S00969,2024-12-23,ST05,C0088,P021,3,130.5,0.15,332.77,61.65
S00970,2025-03-19,ST02,C0029,P004,5,112.08,0.0,560.4,59.45
S00971,2023-01-07,ST03,C0154,P047,1,84.64,0.15,71.94,24.27
S00972,2025-03-14,ST06,C0123,P050,2,61.96,0.15,105.33,115.76
S00973,2024-02-05,ST01,C0178,P025,3,112.7,0.0,338.1,26.01
S00974,2023-07-29,ST02,C0122,P005,4,99.71,0.15,339.01,224.0
S00975,2024-04-13,ST04,C0016,P047,5,84.64,0.1,380.88,121.35
S00976,2023-09-13,ST07,C0198,P049,2,76.91,0.05,146.13,51.04
S00977,2023-05-17,ST07,C0064,P021,6,130.5,0.15,665.55,123.3
S00978,2023-05-24,ST05,C0026,P009,3,128.46,0.0,385.38,54.18
S00979,2024-07-02,ST07,C0015,P039,4,108.79,0.0,435.16,106.6
S00980,2025-01-14,ST05,C0007,P004,2,112.08,0.0,224.16,23.78
S00981,2024-08-25,ST05,C0149,P034,2,77.23,0.0,154.46,83.3
S00982,2024-01-13,ST07,C0097,P019,6,49.2,0.0,295.2,284.64
S00983,2023-10-28,ST07,C0143,P048,4,131.28,0.05,498.86,74.04
S00984,2023-04-14,ST06,C0013,P027,4,121.52,0.0,486.08,53.64
S00985,2024-09-07,ST05,C0004,P011,3,96.17,0.05,274.08,137.25
S00986,2024-03-12,ST08,C0126,P024,3,52.66,0.1,142.18,128.04
S00987,2024-06-22,ST08,C0147,P002,3,87.83,0.0,263.49,84.81
S00988,2024-08-12,ST01,C0050,P015,4,36.23,0.0,144.92,94.16
S00989,2024-01-10,ST05,C0095,P016,4,134.43,0.05,510.83,63.96
S00990,2023-08-10,ST03,C0163,P009,4,128.46,0.0,513.84,72.24
S00991,2023-04-27,ST01,C0075,P045,1,128.71,0.05,122.27,46.47
S00992,2024-06-23,ST06,C0086,P041,2,102.52,0.0,205.04,88.7
S00993,2023-05-03,ST07,C0178,P001,2,144.68,0.0,289.36,44.96
S00994,2024-04-12,ST03,C0045,P008,3,103.99,0.0,311.97,146.67
S00995,2025-03-22,ST07,C0116,P049,4,76.91,0.15,261.49,102.08
S00996,2023-05-14,ST05,C0122,P043,4,121.53,0.0,486.12,188.68
S00997,2023-06-01,ST02,C0081,P049,4,76.91,0.0,307.64,102.08
S00998,2025-04-20,ST03,C0021,P007,3,124.91,0.15,318.52,143.28
S00999,2024-04-15,ST06,C0024,P007,5,124.91,0.0,624.55,238.8
S01000,2024-01-05,ST07,C0133,P035,1,24.85,0.0,24.85,52.9
S01001,2025-06-01,ST01,C0138,P049,1,76.91,0.05,73.06,25.52
S01002,2024-08-03,ST07,C0133,P038,4,124.25,0.15,422.45,223.48
S01003,2025-03-11,ST03,C0144,P032,2,112.21,0.0,224.42,76.34
S01004,2024-10-25,ST06,C0148,P012,4,107.39,0.0,429.56,124.24
S01005,2025-01-18,ST03,C0115,P018,6,75.37,0.05,429.61,243.6
S01006,2025-05-12,ST07,C0043,P017,1,25.33,0.0,25.33,57.37
S01007,2023-07-17,ST03,C0029,P047,1,84.64,0.0,84.64,24.27
S01008,2024-07-06,ST04,C0065,P034,6,77.23,0.05,440.21,249.9
S01009,2024-03-05,ST07,C0059,P022,3,102.95,0.15,262.52,89.79
S01010,2024-03-14,ST07,C0187,P038,5,124.25,0.0,621.25,279.35
S01011,2023-07-19,ST06,C0142,P030,6,128.97,0.0,773.82,81.66
S01012,2024-01-10,ST03,C0068,P024,3,52.66,0.0,157.98,128.04
S01013,2023-05-11,ST04,C0172,P008,5,103.99,0.0,519.95,244.45
S01014,2024-06-14,ST05,C0093,P017,1,25.33,0.0,25.33,57.37
S01015,2024-11-30,ST05,C0110,P044,3,63.39,0.15,161.64,157.65
S01016,2024-07-21,ST08,C0074,P024,3,52.66,0.15,134.28,128.04
S01017,2024-04-10,ST02,C0051,P010,1,55.91,0.0,55.91,58.09
S01018,2023-06-02,ST08,C0040,P013,3,87.68,0.1,236.74,123.33
S01019,2024-09-16,ST08,C0196,P040,6,121.88,0.1,658.15,134.28
S01020,2025-04-20,ST08,C0022,P047,4,84.64,0.05,321.63,97.08
S01021,2024-06-27,ST04,C0053,P049,6,76.91,0.0,461.46,153.12
S01022,2023-03-04,ST03,C0165,P042,4,132.25,0.0,529.0,148.16
S01023,2023-12-11,ST07,C0050,P002,6,87.83,0.0,526.98,169.62
S01024,2023-05-01,ST06,C0122,P005,6,99.71,0.0,598.26,336.0
S01025,2023-01-16,ST01,C0139,P042,1,132.25,0.1,119.03,37.04
S01026,2024-04-21,ST01,C0064,P025,3,112.7,0.0,338.1,26.01
S01027,2025-04-08,ST04,C0163,P046,1,33.17,0.05,31.51,51.09
S01028,2024-09-15,ST06,C0059,P039,6,108.79,0.1,587.47,159.9
S01029,2025-01-22,ST05,C0038,P033,5,113.38,0.0,566.9,251.95
S01030,2024-07-05,ST05,C0059,P022,1,102.95,0.0,102.95,29.93
S01031,2023-06-11,ST02,C0163,P045,5,128.71,0.0,643.55,232.35
S01032,2025-04-01,ST08,C0102,P046,4,33.17,0.1,119.41,204.36
S01033,2024-06-30,ST02,C0132,P019,4,49.2,0.0,196.8,189.76
S01034,2025-03-10,ST05,C0072,P012,3,107.39,0.15,273.84,93.18
S01035,2024-04-29,ST05,C0067,P024,4,52.66,0.0,210.64,170.72
S01036,2024-11-16,ST06,C0054,P035,6,24.85,0.0,149.1,317.4
S01037,2023-03-26,ST04,C0155,P031,4,145.67,0.15,495.28,51.76
S01038,2024-08-23,ST01,C0028,P036,6,23.33,0.15,118.98,256.74
S01039,2025-04-01,ST06,C0194,P042,2,132.25,0.15,224.82,74.08
S01040,2024-05-06,ST03,C0032,P039,5,108.79,0.05,516.75,133.25
S01041,2023-01-02,ST05,C0132,P033,5,113.38,0.15,481.86,251.95
S01042,2025-05-04,ST07,C0160,P025,5,112.7,0.1,507.15,43.35
S01043,2024-09-10,ST03,C0199,P033,6,113.38,0.1,612.25,302.34
S01044,2024-01-29,ST06,C0079,P004,4,112.08,0.1,403.49,47.56
S01045,2024-01-19,ST08,C0035,P045,1,128.71,0.0,128.71,46.47
S01046,2025-03-07,ST03,C0175,P029,3,106.78,0.05,304.32,159.78
S01047,2024-09-27,ST02,C0010,P015,6,36.23,0.1,195.64,141.24
S01048,2024-01-26,ST07,C0192,P035,6,24.85,0.0,149.1,317.4
S01049,2025-05-04,ST03,C0069,P012,2,107.39,0.1,193.3,62.12
S01050,2024-03-15,ST08,C0058,P042,2,132.25,0.1,238.05,74.08
S01051,2024-12-01,ST02,C0061,P016,2,134.43,0.0,268.86,31.98
S01052,2023-11-16,ST08,C0169,P042,1,132.25,0.05,125.64,37.04
S01053,2025-01-03,ST04,C0146,P011,2,96.17,0.1,173.11,91.5
S01054,2025-04-07,ST04,C0013,P033,2,113.38,0.0,226.76,100.78
S01055,2025-02-01,ST02,C0012,P008,1,103.99,0.0,103.99,48.89
S01056,2024-06-08,ST01,C0045,P015,1,36.23,0.0,36.23,23.54
S01057,2024-01-23,ST07,C0134,P045,4,128.71,0.05,489.1,185.88
S01058,2023-08-20,ST01,C0030,P025,1,112.7,0.1,101.43,8.67
S01059,2024-11-28,ST08,C0153,P041,6,102.52,0.05,584.36,266.1
S01060,2025-04-09,ST02,C0003,P008,3,103.99,0.0,311.97,146.67
S01061,2023-03-18,ST02,C0099,P024,3,52.66,0.0,157.98,128.04
S01062,2024-06-29,ST05,C0061,P047,3,84.64,0.15,215.83,72.81
S01063,2024-05-10,ST02,C0165,P016,5,134.43,0.1,604.94,79.95
S01064,2023-08-23,ST08,C0013,P049,3,76.91,0.05,219.19,76.56
S01065,2023-01-05,ST03,C0197,P049,2,76.91,0.0,153.82,51.04
S01066,2024-11-08,ST06,C0105,P020,6,98.43,0.0,590.58,359.28
S01067,2023-01-07,ST04,C0001,P003,6,37.7,0.0,226.2,194.04
S01068,2024-04-21,ST07,C0193,P030,2,128.97,0.0,257.94,27.22
S01069,2024-04-18,ST06,C0072,P024,6,52.66,0.1,284.36,256.08
S01070,2023-12-08,ST02,C0113,P025,3,112.7,0.0,338.1,26.01
S01071,2023-07-07,ST07,C0012,P045,4,128.71,0.15,437.61,185.88
S01072,2025-01-02,ST05,C0109,P025,1,112.7,0.0,112.7,8.67
S01073,2024-01-08,ST07,C0166,P001,3,144.68,0.0,434.04,67.44
S01074,2023-04-08,ST02,C0182,P006,6,38.24,0.0,229.44,283.62
S01075,2024-01-24,ST08,C0001,P019,5,49.2,0.0,246.0,237.2
S01076,2024-06-17,ST05,C0103,P007,5,124.91,0.05,593.32,238.8
S01077,2023-08-27,ST01,C0134,P003,3,37.7,0.1,101.79,97.02
S01078,2024-05-03,ST07,C0050,P049,4,76.91,0.1,276.88,102.08
S01079,2024-05-29,ST03,C0076,P013,4,87.68,0.1,315.65,164.44
S01080,2024-07-11,ST07,C0146,P047,2,84.64,0.05,160.82,48.54
S01081,2025-06-22,ST01,C0118,P039,5,108.79,0.0,543.95,133.25
S01082,2023-12-29,ST02,C0111,P035,4,24.85,0.1,89.46,211.6
S01083,2023-07-05,ST08,C0170,P044,5,63.39,0.0,316.95,262.75
S01084,2024-05-17,ST06,C0008,P024,5,52.66,0.05,250.13,213.4
S01085,2024-05-22,ST08,C0093,P012,1,107.39,0.1,96.65,31.06
S01086,2023-06-12,ST01,C0097,P030,6,128.97,0.1,696.44,81.66
S01087,2024-05-24,ST01,C0033,P016,1,134.43,0.0,134.43,15.99
S01088,2024-03-16,ST06,C0180,P028,4,93.53,0.15,318.0,158.2
S01089,2025-06-19,ST03,C0148,P034,4,77.23,0.0,308.92,166.6
S01090,2024-06-10,ST01,C0021,P020,5,98.43,0.0,492.15,299.4
S01091,2024-12-06,ST08,C0019,P009,3,128.46,0.0,385.38,54.18
S01092,2023-12-29,ST02,C0081,P033,4,113.38,0.05,430.84,201.56
S01093,2023-05-06,ST02,C0075,P030,6,128.97,0.15,657.75,81.66
S01094,2025-02-25,ST05,C0125,P009,4,128.46,0.1,462.46,72.24
S01095,2023-04-19,ST02,C0020,P012,5,107.39,0.15,456.41,155.3
S01096,2023-07-29,ST03,C0142,P042,3,132.25,0.0,396.75,111.12
S01097,2024-12-14,ST07,C0183,P039,2,108.79,0.05,206.7,53.3
S01098,2025-05-14,ST03,C0046,P018,2,75.37,0.1,135.67,81.2
S01099,2023-04-02,ST02,C0086,P031,4,145.67,0.0,582.68,51.76
S01100,2024-04-08,ST06,C0068,P046,3,33.17,0.0,99.51,153.27
S01101,2024-12-17,ST06,C0142,P007,6,124.91,0.0,749.46,286.56
S01102,2024-12-30,ST01,C0125,P024,3,52.66,0.05,150.08,128.04
S01103,2024-07-13,ST03,C0130,P050,1,61.96,0.1,55.76,57.88
S01104,2024-09-15,ST06,C0033,P010,4,55.91,0.0,223.64,232.36
S01105,2023-02-17,ST01,C0148,P046,6,33.17,0.0,199.02,306.54
S01106,2023-12-21,ST07,C0162,P005,2,99.71,0.15,169.51,112.0
S01107,2024-08-02,ST05,C0105,P022,1,102.95,0.05,97.8,29.93
S01108,2025-01-02,ST03,C0055,P011,3,96.17,0.05,274.08,137.25
S01109,2025-01-19,ST03,C0129,P012,5,107.39,0.1,483.26,155.3
S01110,2024-03-05,ST05,C0185,P021,1,130.5,0.0,130.5,20.55
S01111,2024-06-30,ST03,C0125,P006,2,38.24,0.15,65.01,94.54
S01112,2023-03-22,ST08,C0184,P017,2,25.33,0.0,50.66,114.74
S01113,2023-08-28,ST02,C0108,P009,4,128.46,0.1,462.46,72.24
S01114,2023-12-04,ST01,C0096,P050,4,61.96,0.0,247.84,231.52
S01115,2024-07-08,ST01,C0090,P004,1,112.08,0.0,112.08,11.89
S01116,2024-10-22,ST01,C0096,P037,5,142.97,0.0,714.85,46.3
S01117,2025-04-27,ST02,C0028,P030,3,128.97,0.0,386.91,40.83
S01118,2023-12-31,ST01,C0021,P028,6,93.53,0.0,561.18,237.3
S01119,2024-08-20,ST01,C0113,P015,5,36.23,0.0,181.15,117.7
S01120,2023-09-18,ST01,C0012,P013,4,87.68,0.0,350.72,164.44
S01121,2025-05-27,ST06,C0152,P028,6,93.53,0.0,561.18,237.3
S01122,2023-02-22,ST05,C0124,P001,6,144.68,0.15,737.87,134.88
S01123,2024-12-05,ST05,C0130,P006,5,38.24,0.15,162.52,236.35
S01124,2023-06-09,ST05,C0179,P021,2,130.5,0.15,221.85,41.1
S01125,2024-03-26,ST08,C0146,P010,4,55.91,0.1,201.28,232.36
S01126,2023-01-10,ST04,C0147,P036,4,23.33,0.0,93.32,171.16
S01127,2025-02-13,ST05,C0153,P009,3,128.46,0.05,366.11,54.18
S01128,2025-04-27,ST07,C0030,P050,6,61.96,0.0,371.76,347.28
S01129,2024-04-17,ST03,C0185,P040,4,121.88,0.0,487.52,89.52
S01130,2023-06-27,ST02,C0138,P020,2,98.43,0.15,167.33,119.76
S01131,2024-12-15,ST01,C0019,P050,3,61.96,0.0,185.88,173.64
S01132,2024-04-10,ST06,C0040,P003,5,37.7,0.15,160.22,161.7
S01133,2024-09-28,ST04,C0104,P040,6,121.88,0.0,731.28,134.28
S01134,2024-07-14,ST05,C0120,P005,2,99.71,0.15,169.51,112.0
S01135,2024-09-06,ST05,C0113,P024,5,52.66,0.0,263.3,213.4
S01136,2023-11-24,ST07,C0039,P022,5,102.95,0.0,514.75,149.65
S01137,2024-08-19,ST07,C0070,P026,1,48.78,0.15,41.46,38.46
S01138,2025-06-07,ST04,C0115,P028,5,93.53,0.1,420.88,197.75
S01139,2023-03-21,ST05,C0184,P015,3,36.23,0.1,97.82,70.62
S01140,2023-09-09,ST05,C0050,P033,2,113.38,0.0,226.76,100.78
S01141,2023-12-30,ST05,C0098,P015,4,36.23,0.0,144.92,94.16
S01142,2024-09-02,ST06,C0013,P035,3,24.85,0.0,74.55,158.7
S01143,2024-01-05,ST05,C0114,P029,6,106.78,0.0,640.68,319.56
S01144,2023-07-02,ST08,C0093,P026,5,48.78,0.0,243.9,192.3
S01145,2023-01-14,ST06,C0021,P023,4,103.23,0.0,412.92,220.2
S01146,2024-10-02,ST03,C0145,P014,6,97.8,0.0,586.8,288.78
S01147,2025-04-17,ST06,C0009,P039,3,108.79,0.0,326.37,79.95
S01148,2024-05-15,ST05,C0127,P003,6,37.7,0.0,226.2,194.04
S01149,2024-10-23,ST02,C0154,P043,2,121.53,0.0,243.06,94.34
S01150,2024-05-24,ST08,C0026,P006,5,38.24,0.05,181.64,236.35
S01151,2024-06-15,ST01,C0154,P007,2,124.91,0.0,249.82,95.52
S01152,2023-11-13,ST08,C0181,P019,6,49.2,0.05,280.44,284.64
S01153,2025-01-12,ST03,C0176,P004,2,112.08,0.15,190.54,23.78
S01154,2023-07-26,ST06,C0104,P002,2,87.83,0.0,175.66,56.54
S01155,2025-05-27,ST02,C0179,P018,6,75.37,0.0,452.22,243.6
S01156,2024-02-19,ST03,C0022,P001,2,144.68,0.05,274.89,44.96
S01157,2024-01-04,ST06,C0145,P021,1,130.5,0.0,130.5,20.55
S01158,2023-01-05,ST01,C0107,P011,1,96.17,0.0,96.17,45.75
S01159,2023-06-09,ST04,C0087,P008,6,103.99,0.0,623.94,293.34
S01160,2024-04-06,ST05,C0168,P023,4,103.23,0.15,350.98,220.2
S01161,2024-05-23,ST01,C0087,P040,4,121.88,0.0,487.52,89.52
S01162,2024-04-03,ST02,C0127,P003,4,37.7,0.15,128.18,129.36
S01163,2023-11-06,ST08,C0034,P013,5,87.68,0.1,394.56,205.55
S01164,2023-04-17,ST06,C0091,P004,6,112.08,0.0,672.48,71.34
S01165,2024-04-12,ST02,C0171,P015,1,36.23,0.0,36.23,23.54
S01166,2023-08-23,ST04,C0074,P026,3,48.78,0.15,124.39,115.38
S01167,2024-05-05,ST02,C0053,P001,1,144.68,0.0,144.68,22.48
S01168,2024-12-23,ST01,C0033,P023,2,103.23,0.05,196.14,110.1
S01169,2023-08-16,ST05,C0130,P003,1,37.7,0.0,37.7,32.34
S01170,2024-02-08,ST02,C0077,P035,2,24.85,0.15,42.25,105.8
S01171,2023-12-10,ST03,C0158,P022,5,102.95,0.0,514.75,149.65
S01172,2024-03-16,ST04,C0195,P023,3,103.23,0.15,263.24,165.15
S01173,2023-08-10,ST03,C0088,P037,1,142.97,0.0,142.97,9.26
S01174,2023-11-06,ST01,C0019,P025,1,112.7,0.05,107.06,8.67
S01175,2024-12-07,ST01,C0146,P032,6,112.21,0.0,673.26,229.02
S01176,2024-09-12,ST07,C0147,P026,5,48.78,0.0,243.9,192.3
S01177,2025-03-27,ST07,C0140,P005,6,99.71,0.05,568.35,336.0
S01178,2025-02-24,ST01,C0068,P031,6,145.67,0.0,874.02,77.64
S01179,2024-03-15,ST05,C0129,P031,6,145.67,0.15,742.92,77.64
S01180,2023-08-23,ST04,C0184,P009,6,128.46,0.0,770.76,108.36
S01181,2023-12-15,ST05,C0074,P037,5,142.97,0.15,607.62,46.3
S01182,2024-12-19,ST01,C0058,P024,1,52.66,0.05,50.03,42.68
S01183,2023-07-20,ST07,C0118,P032,2,112.21,0.0,224.42,76.34
S01184,2024-09-30,ST04,C0003,P021,2,130.5,0.15,221.85,41.1
S01185,2024-12-29,ST02,C0003,P023,4,103.23,0.0,412.92,220.2
S01186,2024-01-11,ST05,C0081,P025,2,112.7,0.05,214.13,17.34
S01187,2023-11-18,ST02,C0074,P012,4,107.39,0.1,386.6,124.24
S01188,2024-05-02,ST01,C0048,P017,6,25.33,0.0,151.98,344.22
S01189,2024-09-30,ST03,C0147,P043,2,121.53,0.0,243.06,94.34
S01190,2023-08-28,ST02,C0085,P020,1,98.43,0.0,98.43,59.88
S01191,2023-09-19,ST01,C0009,P048,6,131.28,0.05,748.3,111.06
S01192,2023-12-30,ST06,C0012,P044,2,63.39,0.0,126.78,105.1
S01193,2024-11-13,ST07,C0196,P041,5,102.52,0.0,512.6,221.75
S01194,2023-11-08,ST03,C0004,P016,1,134.43,0.0,134.43,15.99
S01195,2024-05-20,ST08,C0101,P025,2,112.7,0.0,225.4,17.34
S01196,2023-06-12,ST05,C0002,P040,6,121.88,0.0,731.28,134.28
S01197,2023-10-13,ST08,C0086,P030,3,128.97,0.1,348.22,40.83
S01198,2023-07-19,ST03,C0023,P012,5,107.39,0.15,456.41,155.3
S01199,2024-06-06,ST07,C0198,P038,3,124.25,0.0,372.75,167.61
S01200,2023-06-16,ST04,C0012,P026,2,48.78,0.05,92.68,76.92
S01201,2024-11-10,ST01,C0046,P043,6,121.53,0.0,729.18,283.02
S01202,2025-04-27,ST06,C0095,P030,5,128.97,0.0,644.85,68.05
S01203,2023-06-23,ST08,C0066,P005,4,99.71,0.0,398.84,224.0
S01204,2024-11-02,ST03,C0153,P045,1,128.71,0.05,122.27,46.47
S01205,2023-08-02,ST06,C0024,P008,2,103.99,0.0,207.98,97.78
S01206,2023-08-09,ST01,C0193,P046,2,33.17,0.0,66.34,102.18
S01207,2023-08-30,ST03,C0180,P028,1,93.53,0.15,79.5,39.55
S01208,2023-07-28,ST03,C0186,P039,1,108.79,0.0,108.79,26.65
S01209,2025-01-30,ST08,C0032,P034,6,77.23,0.0,463.38,249.9
S01210,2025-01-31,ST02,C0094,P044,4,63.39,0.0,253.56,210.2
S01211,2023-11-21,ST07,C0029,P050,2,61.96,0.1,111.53,115.76
S01212,2024-12-10,ST02,C0086,P024,6,52.66,0.1,284.36,256.08
S01213,2023-04-20,ST08,C0146,P021,6,130.5,0.05,743.85,123.3
S01214,2023-03-13,ST02,C0181,P011,4,96.17,0.1,346.21,183.0
S01215,2025-05-20,ST01,C0012,P034,3,77.23,0.0,231.69,124.95
S01216,2024-03-24,ST04,C0137,P031,1,145.67,0.1,131.1,12.94
S01217,2023-01-07,ST03,C0156,P025,5,112.7,0.1,507.15,43.35
S01218,2025-02-19,ST05,C0045,P031,3,145.67,0.0,437.01,38.82
S01219,2025-05-22,ST02,C0169,P004,5,112.08,0.0,560.4,59.45
S01220,2025-02-11,ST08,C0185,P011,2,96.17,0.0,192.34,91.5
S01221,2023-12-05,ST04,C0046,P004,5,112.08,0.0,560.4,59.45
S01222,2023-10-15,ST04,C0033,P035,2,24.85,0.15,42.25,105.8
S01223,2025-03-29,ST05,C0016,P010,1,55.91,0.0,55.91,58.09
S01224,2025-03-13,ST05,C0125,P018,6,75.37,0.0,452.22,243.6
S01225,2024-06-07,ST02,C0034,P047,1,84.64,0.05,80.41,24.27
S01226,2023-09-08,ST04,C0148,P024,6,52.66,0.0,315.96,256.08
S01227,2023-06-16,ST01,C0033,P044,2,63.39,0.0,126.78,105.1
S01228,2024-11-27,ST01,C0054,P041,3,102.52,0.15,261.43,133.05
S01229,2024-04-10,ST04,C0039,P045,2,128.71,0.0,257.42,92.94
S01230,2023-12-29,ST08,C0113,P046,3,33.17,0.0,99.51,153.27
S01231,2024-11-14,ST04,C0027,P045,3,128.71,0.15,328.21,139.41
S01232,2023-04-27,ST03,C0011,P013,5,87.68,0.0,438.4,205.55
S01233,2024-04-23,ST01,C0086,P027,4,121.52,0.0,486.08,53.64
S01234,2024-01-21,ST01,C0051,P026,6,48.78,0.0,292.68,230.76
S01235,2025-05-06,ST04,C0184,P023,4,103.23,0.05,392.27,220.2
S01236,2023-01-30,ST07,C0092,P030,5,128.97,0.0,644.85,68.05
S01237,2023-11-13,ST04,C0138,P040,2,121.88,0.0,243.76,44.76
S01238,2025-02-22,ST03,C0006,P044,5,63.39,0.0,316.95,262.75
S01239,2024-12-07,ST02,C0175,P027,4,121.52,0.0,486.08,53.64
S01240,2024-02-21,ST01,C0156,P025,2,112.7,0.1,202.86,17.34
S01241,2023-04-20,ST04,C0136,P048,1,131.28,0.0,131.28,18.51
S01242,2024-04-17,ST05,C0064,P017,1,25.33,0.1,22.8,57.37
S01243,2023-10-15,ST03,C0101,P025,2,112.7,0.1,202.86,17.34
S01244,2023-01-08,ST02,C0052,P006,4,38.24,0.05,145.31,189.08
S01245,2024-09-06,ST01,C0129,P001,3,144.68,0.05,412.34,67.44
S01246,2023-12-12,ST07,C0095,P036,4,23.33,0.05,88.65,171.16
S01247,2023-04-02,ST07,C0011,P049,2,76.91,0.15,130.75,51.04
S01248,2023-11-26,ST02,C0040,P026,5,48.78,0.1,219.51,192.3
S01249,2025-02-24,ST06,C0093,P026,1,48.78,0.0,48.78,38.46
S01250,2023-06-20,ST05,C0074,P038,3,124.25,0.15,316.84,167.61
S01251,2023-08-28,ST07,C0113,P003,4,37.7,0.0,150.8,129.36
S01252,2023-09-03,ST04,C0079,P044,6,63.39,0.0,380.34,315.3
S01253,2025-05-23,ST06,C0107,P037,1,142.97,0.0,142.97,9.26
S01254,2023-11-09,ST07,C0155,P042,2,132.25,0.05,251.27,74.08
S01255,2023-06-17,ST03,C0034,P013,4,87.68,0.0,350.72,164.44
S01256,2024-01-22,ST02,C0031,P028,3,93.53,0.0,280.59,118.65
S01257,2024-01-17,ST07,C0056,P017,6,25.33,0.0,151.98,344.22
S01258,2024-11-16,ST06,C0088,P048,3,131.28,0.15,334.76,55.53
S01259,2023-11-29,ST01,C0026,P010,5,55.91,0.15,237.62,290.45
S01260,2023-12-31,ST02,C0153,P032,6,112.21,0.1,605.93,229.02
S01261,2024-02-15,ST04,C0038,P027,6,121.52,0.0,729.12,80.46
S01262,2024-06-04,ST07,C0022,P046,3,33.17,0.0,99.51,153.27
S01263,2025-06-11,ST06,C0144,P013,2,87.68,0.0,175.36,82.22
S01264,2024-09-16,ST08,C0073,P047,2,84.64,0.0,169.28,48.54
S01265,2025-01-11,ST06,C0015,P043,5,121.53,0.0,607.65,235.85
S01266,2024-10-18,ST05,C0063,P015,2,36.23,0.0,72.46,47.08
S01267,2025-01-02,ST02,C0062,P045,1,128.71,0.15,109.4,46.47
S01268,2024-05-20,ST08,C0172,P024,4,52.66,0.0,210.64,170.72
S01269,2025-02-19,ST05,C0185,P024,3,52.66,0.05,150.08,128.04
S01270,2023-06-28,ST07,C0187,P050,6,61.96,0.1,334.58,347.28
S01271,2024-12-29,ST08,C0069,P044,3,63.39,0.05,180.66,157.65
S01272,2024-11-03,ST05,C0151,P026,6,48.78,0.15,248.78,230.76
S01273,2024-03-06,ST06,C0052,P022,2,102.95,0.05,195.6,59.86
S01274,2023-01-09,ST08,C0145,P024,3,52.66,0.05,150.08,128.04
S01275,2024-01-20,ST07,C0187,P025,1,112.7,0.05,107.06,8.67
S01276,2023-05-03,ST03,C0072,P014,1,97.8,0.0,97.8,48.13
S01277,2025-03-24,ST06,C0074,P022,1,102.95,0.1,92.66,29.93
S01278,2024-07-28,ST06,C0003,P045,5,128.71,0.0,643.55,232.35
S01279,2024-05-01,ST06,C0023,P033,2,113.38,0.05,215.42,100.78
S01280,2023-10-15,ST06,C0037,P039,3,108.79,0.1,293.73,79.95
S01281,2024-03-19,ST05,C0102,P025,4,112.7,0.0,450.8,34.68
S01282,2023-08-17,ST01,C0062,P008,4,103.99,0.0,415.96,195.56
S01283,2025-02-21,ST06,C0062,P009,6,128.46,0.1,693.68,108.36
S01284,2023-02-13,ST03,C0069,P008,4,103.99,0.0,415.96,195.56
S01285,2023-04-01,ST05,C0014,P019,6,49.2,0.1,265.68,284.64
S01286,2023-05-29,ST04,C0051,P038,2,124.25,0.05,236.07,111.74
S01287,2023-07-16,ST06,C0078,P008,3,103.99,0.0,311.97,146.67
S01288,2023-08-20,ST08,C0015,P046,5,33.17,0.05,157.56,255.45
S01289,2025-02-03,ST08,C0169,P015,2,36.23,0.0,72.46,47.08
S01290,2023-03-29,ST01,C0005,P044,5,63.39,0.15,269.41,262.75
S01291,2024-11-09,ST02,C0188,P044,4,63.39,0.1,228.2,210.2
S01292,2023-08-25,ST03,C0043,P023,1,103.23,0.0,103.23,55.05
S01293,2023-11-25,ST08,C0187,P024,1,52.66,0.1,47.39,42.68
S01294,2024-05-22,ST03,C0082,P018,2,75.37,0.0,150.74,81.2
S01295,2025-01-07,ST03,C0072,P043,4,121.53,0.1,437.51,188.68
S01296,2023-11-10,ST05,C0067,P030,6,128.97,0.15,657.75,81.66
S01297,2024-01-11,ST01,C0128,P044,1,63.39,0.05,60.22,52.55
S01298,2023-11-16,ST03,C0165,P013,6,87.68,0.15,447.17,246.66
S01299,2024-09-11,ST07,C0178,P002,3,87.83,0.15,223.97,84.81
S01300,2024-07-05,ST08,C0057,P010,4,55.91,0.05,212.46,232.36
S01301,2024-06-09,ST07,C0148,P009,4,128.46,0.15,436.76,72.24
S01302,2024-08-15,ST04,C0105,P021,2,130.5,0.05,247.95,41.1
S01303,2024-05-05,ST05,C0029,P001,1,144.68,0.15,122.98,22.48
S01304,2025-06-11,ST06,C0196,P003,2,37.7,0.05,71.63,64.68
S01305,2023-09-17,ST01,C0017,P035,3,24.85,0.0,74.55,158.7
S01306,2023-10-24,ST01,C0133,P042,1,132.25,0.0,132.25,37.04
S01307,2024-04-10,ST03,C0124,P010,6,55.91,0.0,335.46,348.54
S01308,2024-12-06,ST03,C0080,P005,3,99.71,0.05,284.17,168.0
S01309,2024-02-12,ST02,C0050,P043,4,121.53,0.0,486.12,188.68
S01310,2023-03-13,ST04,C0078,P039,5,108.79,0.15,462.36,133.25
S01311,2024-07-13,ST04,C0197,P008,4,103.99,0.1,374.36,195.56
S01312,2024-02-27,ST02,C0178,P041,4,102.52,0.0,410.08,177.4
S01313,2025-05-21,ST02,C0051,P003,2,37.7,0.05,71.63,64.68
S01314,2025-03-01,ST06,C0089,P040,6,121.88,0.0,731.28,134.28
S01315,2024-08-06,ST07,C0199,P034,2,77.23,0.15,131.29,83.3
S01316,2025-04-25,ST03,C0154,P002,5,87.83,0.15,373.28,141.35
S01317,2024-01-20,ST04,C0125,P041,3,102.52,0.0,307.56,133.05
S01318,2024-07-11,ST06,C0096,P047,6,84.64,0.15,431.66,145.62
S01319,2024-01-04,ST03,C0061,P014,2,97.8,0.0,195.6,96.26
S01320,2025-04-06,ST08,C0178,P041,2,102.52,0.15,174.28,88.7
S01321,2023-03-14,ST03,C0049,P040,1,121.88,0.0,121.88,22.38
S01322,2023-11-10,ST04,C0122,P024,3,52.66,0.0,157.98,128.04
S01323,2023-10-13,ST07,C0059,P009,4,128.46,0.0,513.84,72.24
S01324,2024-08-17,ST01,C0090,P033,4,113.38,0.05,430.84,201.56
S01325,2024-10-09,ST08,C0013,P006,1,38.24,0.1,34.42,47.27
S01326,2024-07-05,ST08,C0100,P012,1,107.39,0.1,96.65,31.06
S01327,2023-12-27,ST07,C0052,P011,1,96.17,0.0,96.17,45.75
S01328,2025-03-19,ST02,C0126,P001,2,144.68,0.05,274.89,44.96
S01329,2024-12-12,ST04,C0091,P007,5,124.91,0.15,530.87,238.8
S01330,2025-05-05,ST03,C0162,P036,6,23.33,0.0,139.98,256.74
S01331,2024-11-12,ST07,C0171,P032,6,112.21,0.0,673.26,229.02
S01332,2024-04-19,ST07,C0067,P035,4,24.85,0.0,99.4,211.6
S01333,2024-02-15,ST05,C0114,P021,2,130.5,0.0,261.0,41.1
S01334,2023-06-02,ST03,C0056,P014,2,97.8,0.0,195.6,96.26
S01335,2025-02-17,ST01,C0131,P046,6,33.17,0.0,199.02,306.54
S01336,2023-04-24,ST05,C0156,P049,3,76.91,0.0,230.73,76.56
S01337,2023-08-02,ST03,C0144,P023,6,103.23,0.15,526.47,330.3
S01338,2023-08-18,ST03,C0162,P044,2,63.39,0.15,107.76,105.1
S01339,2024-11-08,ST01,C0104,P023,4,103.23,0.0,412.92,220.2
S01340,2024-11-14,ST04,C0087,P040,3,121.88,0.15,310.79,67.14
S01341,2023-07-11,ST04,C0100,P004,6,112.08,0.15,571.61,71.34
S01342,2023-12-28,ST02,C0063,P031,6,145.67,0.0,874.02,77.64
S01343,2023-03-29,ST05,C0015,P035,4,24.85,0.15,84.49,211.6
S01344,2025-05-03,ST02,C0071,P032,2,112.21,0.0,224.42,76.34
S01345,2024-03-07,ST06,C0172,P032,2,112.21,0.1,201.98,76.34
S01346,2023-02-19,ST02,C0198,P020,6,98.43,0.1,531.52,359.28
S01347,2024-12-03,ST01,C0039,P021,6,130.5,0.0,783.0,123.3
S01348,2024-04-22,ST07,C0199,P015,2,36.23,0.05,68.84,47.08
S01349,2025-06-26,ST05,C0015,P043,6,121.53,0.05,692.72,283.02
S01350,2023-04-05,ST08,C0147,P015,6,36.23,0.0,217.38,141.24
S01351,2024-07-17,ST06,C0017,P025,6,112.7,0.0,676.2,52.02
S01352,2023-03-18,ST06,C0012,P031,3,145.67,0.0,437.01,38.82
S01353,2025-04-28,ST03,C0019,P037,6,142.97,0.15,729.15,55.56
S01354,2023-12-22,ST02,C0095,P005,4,99.71,0.15,339.01,224.0
S01355,2023-07-28,ST02,C0019,P018,5,75.37,0.15,320.32,203.0
S01356,2024-11-02,ST07,C0085,P022,3,102.95,0.0,308.85,89.79
S01357,2024-02-08,ST02,C0172,P037,5,142.97,0.15,607.62,46.3
S01358,2023-04-26,ST04,C0152,P025,5,112.7,0.0,563.5,43.35
S01359,2024-04-24,ST08,C0141,P029,3,106.78,0.0,320.34,159.78
S01360,2023-06-05,ST01,C0123,P004,2,112.08,0.0,224.16,23.78
S01361,2023-02-02,ST07,C0044,P017,2,25.33,0.15,43.06,114.74
S01362,2023-11-22,ST08,C0019,P001,1,144.68,0.0,144.68,22.48
S01363,2025-04-13,ST02,C0170,P047,2,84.64,0.0,169.28,48.54
S01364,2025-02-26,ST04,C0052,P005,6,99.71,0.05,568.35,336.0
S01365,2024-03-01,ST08,C0104,P040,5,121.88,0.1,548.46,111.9
S01366,2025-03-04,ST07,C0117,P042,1,132.25,0.1,119.03,37.04
S01367,2025-05-01,ST04,C0122,P034,1,77.23,0.0,77.23,41.65
S01368,2024-05-14,ST08,C0126,P028,2,93.53,0.0,187.06,79.1
S01369,2023-05-04,ST03,C0198,P039,2,108.79,0.05,206.7,53.3
S01370,2025-05-14,ST01,C0100,P042,4,132.25,0.0,529.0,148.16
S01371,2024-05-06,ST08,C0148,P045,6,128.71,0.1,695.03,278.82
S01372,2024-06-22,ST04,C0091,P027,6,121.52,0.0,729.12,80.46
S01373,2024-02-20,ST05,C0176,P041,2,102.52,0.0,205.04,88.7
S01374,2024-11-13,ST07,C0024,P039,3,108.79,0.0,326.37,79.95
S01375,2025-03-10,ST06,C0008,P013,2,87.68,0.0,175.36,82.22
S01376,2024-02-01,ST01,C0038,P008,2,103.99,0.0,207.98,97.78
S01377,2024-08-05,ST06,C0018,P038,1,124.25,0.0,124.25,55.87
S01378,2024-05-01,ST05,C0097,P032,3,112.21,0.1,302.97,114.51
S01379,2025-04-08,ST05,C0117,P041,4,102.52,0.0,410.08,177.4
S01380,2024-03-14,ST01,C0013,P046,2,33.17,0.05,63.02,102.18
S01381,2023-07-26,ST07,C0119,P036,3,23.33,0.0,69.99,128.37
S01382,2023-03-23,ST07,C0171,P035,4,24.85,0.05,94.43,211.6
S01383,2023-10-08,ST08,C0147,P020,5,98.43,0.05,467.54,299.4
S01384,2024-01-11,ST07,C0023,P020,2,98.43,0.05,187.02,119.76
S01385,2023-05-22,ST01,C0110,P023,3,103.23,0.0,309.69,165.15
S01386,2023-01-10,ST07,C0006,P003,2,37.7,0.0,75.4,64.68
S01387,2024-04-21,ST04,C0179,P021,4,130.5,0.0,522.0,82.2
S01388,2024-11-21,ST07,C0151,P003,3,37.7,0.1,101.79,97.02
S01389,2023-05-05,ST03,C0158,P028,4,93.53,0.05,355.41,158.2
S01390,2023-09-19,ST06,C0029,P006,2,38.24,0.1,68.83,94.54
S01391,2024-05-02,ST04,C0098,P045,3,128.71,0.0,386.13,139.41
S01392,2024-09-18,ST06,C0178,P004,5,112.08,0.05,532.38,59.45
S01393,2024-03-24,ST03,C0003,P047,3,84.64,0.0,253.92,72.81
S01394,2024-11-19,ST03,C0042,P008,4,103.99,0.05,395.16,195.56
S01395,2023-09-30,ST07,C0053,P044,3,63.39,0.0,190.17,157.65
S01396,2024-11-28,ST05,C0081,P006,5,38.24,0.1,172.08,236.35
S01397,2024-12-27,ST06,C0146,P036,5,23.33,0.05,110.82,213.95
S01398,2024-06-27,ST07,C0073,P023,6,103.23,0.05,588.41,330.3
S01399,2024-12-26,ST06,C0077,P016,3,134.43,0.0,403.29,47.97
S01400,2024-05-14,ST05,C0057,P048,6,131.28,0.0,787.68,111.06
S01401,2023-06-21,ST02,C0079,P005,4,99.71,0.1,358.96,224.0
S01402,2025-03-14,ST04,C0151,P039,5,108.79,0.0,543.95,133.25
S01403,2024-02-03,ST05,C0067,P046,5,33.17,0.05,157.56,255.45
S01404,2023-08-16,ST05,C0058,P019,4,49.2,0.0,196.8,189.76
S01405,2024-10-13,ST03,C0135,P002,2,87.83,0.0,175.66,56.54
S01406,2024-08-11,ST06,C0152,P004,5,112.08,0.05,532.38,59.45
S01407,2025-01-24,ST08,C0155,P009,6,128.46,0.0,770.76,108.36
S01408,2023-07-20,ST05,C0172,P037,1,142.97,0.0,142.97,9.26
S01409,2023-03-14,ST01,C0027,P011,5,96.17,0.05,456.81,228.75
S01410,2024-07-23,ST03,C0016,P009,1,128.46,0.05,122.04,18.06
S01411,2024-04-15,ST08,C0012,P049,3,76.91,0.0,230.73,76.56
S01412,2024-12-29,ST04,C0090,P034,3,77.23,0.15,196.94,124.95
S01413,2024-07-12,ST06,C0106,P046,3,33.17,0.05,94.53,153.27
S01414,2024-09-24,ST03,C0034,P038,1,124.25,0.0,124.25,55.87
S01415,2023-09-05,ST05,C0011,P001,3,144.68,0.1,390.64,67.44
S01416,2024-08-13,ST07,C0078,P028,1,93.53,0.0,93.53,39.55
S01417,2024-04-29,ST04,C0157,P047,5,84.64,0.0,423.2,121.35
S01418,2023-09-02,ST06,C0037,P002,1,87.83,0.0,87.83,28.27
S01419,2023-06-21,ST04,C0030,P050,6,61.96,0.05,353.17,347.28
S01420,2023-03-04,ST06,C0101,P022,5,102.95,0.15,437.54,149.65
S01421,2023-05-05,ST04,C0101,P039,3,108.79,0.1,293.73,79.95
S01422,2023-04-11,ST08,C0161,P022,1,102.95,0.1,92.66,29.93
S01423,2024-02-19,ST04,C0021,P028,1,93.53,0.0,93.53,39.55
S01424,2024-02-17,ST05,C0093,P046,2,33.17,0.0,66.34,102.18
S01425,2024-09-30,ST07,C0084,P045,4,128.71,0.0,514.84,185.88
S01426,2024-03-24,ST04,C0019,P006,5,38.24,0.1,172.08,236.35
S01427,2023-10-20,ST04,C0013,P024,3,52.66,0.0,157.98,128.04
S01428,2023-05-19,ST03,C0105,P013,6,87.68,0.15,447.17,246.66
S01429,2025-06-02,ST04,C0009,P009,2,128.46,0.0,256.92,36.12
S01430,2023-01-21,ST03,C0075,P030,3,128.97,0.05,367.56,40.83
S01431,2025-06-04,ST02,C0168,P014,1,97.8,0.0,97.8,48.13
S01432,2023-09-15,ST08,C0170,P015,6,36.23,0.1,195.64,141.24
S01433,2023-04-24,ST07,C0130,P027,5,121.52,0.0,607.6,67.05
S01434,2024-02-04,ST06,C0142,P003,6,37.7,0.15,192.27,194.04
S01435,2023-01-08,ST05,C0146,P010,4,55.91,0.1,201.28,232.36
S01436,2023-03-24,ST02,C0040,P004,6,112.08,0.15,571.61,71.34
S01437,2023-01-14,ST05,C0113,P032,1,112.21,0.05,106.6,38.17
S01438,2023-07-17,ST01,C0049,P017,3,25.33,0.0,75.99,172.11
S01439,2024-01-18,ST03,C0015,P021,2,130.5,0.1,234.9,41.1
S01440,2024-12-16,ST03,C0013,P024,2,52.66,0.1,94.79,85.36
S01441,2024-03-30,ST07,C0072,P040,4,121.88,0.0,487.52,89.52
S01442,2023-12-05,ST06,C0115,P012,6,107.39,0.0,644.34,186.36
S01443,2024-09-26,ST03,C0052,P013,5,87.68,0.0,438.4,205.55
S01444,2023-01-29,ST01,C0060,P040,2,121.88,0.0,243.76,44.76
S01445,2023-03-15,ST07,C0085,P009,5,128.46,0.0,642.3,90.3
S01446,2024-11-14,ST01,C0053,P014,2,97.8,0.0,195.6,96.26
S01447,2023-05-14,ST05,C0051,P015,4,36.23,0.05,137.67,94.16
S01448,2023-08-31,ST02,C0018,P029,6,106.78,0.05,608.65,319.56
S01449,2023-12-24,ST01,C0094,P030,4,128.97,0.05,490.09,54.44
S01450,2024-05-09,ST08,C0199,P010,5,55.91,0.1,251.59,290.45
S01451,2023-06-15,ST06,C0193,P023,2,103.23,0.15,175.49,110.1
S01452,2025-03-26,ST05,C0045,P004,6,112.08,0.0,672.48,71.34
S01453,2023-08-16,ST02,C0015,P014,2,97.8,0.0,195.6,96.26
S01454,2023-12-14,ST05,C0149,P048,4,131.28,0.0,525.12,74.04
S01455,2023-01-12,ST04,C0008,P016,3,134.43,0.15,342.8,47.97
S01456,2025-06-06,ST03,C0012,P009,5,128.46,0.0,642.3,90.3
S01457,2024-10-13,ST01,C0018,P030,1,128.97,0.05,122.52,13.61
S01458,2023-12-17,ST03,C0042,P046,6,33.17,0.0,199.02,306.54
S01459,2025-06-07,ST06,C0014,P019,1,49.2,0.05,46.74,47.44
S01460,2023-08-14,ST05,C0106,P047,6,84.64,0.1,457.06,145.62
S01461,2025-06-25,ST02,C0187,P030,4,128.97,0.15,438.5,54.44
S01462,2023-07-01,ST08,C0177,P041,3,102.52,0.0,307.56,133.05
S01463,2024-10-31,ST03,C0028,P027,3,121.52,0.0,364.56,40.23
S01464,2023-03-27,ST04,C0093,P025,5,112.7,0.05,535.32,43.35
S01465,2024-08-29,ST08,C0174,P010,6,55.91,0.0,335.46,348.54
S01466,2023-07-09,ST02,C0130,P022,2,102.95,0.0,205.9,59.86
S01467,2023-12-21,ST01,C0154,P021,5,130.5,0.15,554.62,102.75
S01468,2025-05-25,ST07,C0099,P022,5,102.95,0.0,514.75,149.65
S01469,2025-05-02,ST03,C0066,P046,2,33.17,0.05,63.02,102.18
S01470,2023-05-25,ST04,C0161,P016,4,134.43,0.1,483.95,63.96
S01471,2024-10-25,ST03,C0020,P050,1,61.96,0.0,61.96,57.88
S01472,2024-11-09,ST01,C0023,P006,1,38.24,0.1,34.42,47.27
S01473,2024-05-15,ST01,C0132,P030,2,128.97,0.15,219.25,27.22
S01474,2023-04-22,ST07,C0177,P023,6,103.23,0.1,557.44,330.3
S01475,2024-03-14,ST02,C0172,P004,4,112.08,0.0,448.32,47.56
S01476,2023-09-30,ST01,C0075,P032,6,112.21,0.0,673.26,229.02
S01477,2023-11-25,ST06,C0039,P039,1,108.79,0.1,97.91,26.65
S01478,2023-02-17,ST05,C0159,P040,6,121.88,0.0,731.28,134.28
S01479,2024-08-30,ST06,C0154,P012,6,107.39,0.0,644.34,186.36
S01480,2025-06-05,ST03,C0027,P032,2,112.21,0.0,224.42,76.34
S01481,2023-08-03,ST05,C0100,P032,2,112.21,0.0,224.42,76.34
S01482,2024-01-31,ST03,C0117,P036,2,23.33,0.0,46.66,85.58
S01483,2023-01-14,ST03,C0075,P024,2,52.66,0.0,105.32,85.36
S01484,2024-12-24,ST07,C0046,P025,6,112.7,0.0,676.2,52.02
S01485,2024-06-16,ST07,C0067,P044,2,63.39,0.0,126.78,105.1
S01486,2023-12-27,ST01,C0189,P048,6,131.28,0.1,708.91,111.06
S01487,2023-08-10,ST05,C0052,P013,3,87.68,0.0,263.04,123.33
S01488,2025-06-01,ST05,C0005,P029,5,106.78,0.1,480.51,266.3
S01489,2024-06-13,ST06,C0131,P032,1,112.21,0.0,112.21,38.17
S01490,2024-09-21,ST03,C0006,P030,1,128.97,0.0,128.97,13.61
S01491,2024-09-19,ST07,C0175,P040,5,121.88,0.15,517.99,111.9
S01492,2023-05-22,ST06,C0019,P023,2,103.23,0.15,175.49,110.1
S01493,2024-12-03,ST05,C0128,P029,5,106.78,0.15,453.81,266.3
S01494,2023-08-15,ST07,C0102,P012,6,107.39,0.15,547.69,186.36
S01495,2024-03-31,ST06,C0041,P014,4,97.8,0.0,391.2,192.52
S01496,2024-09-16,ST08,C0048,P018,4,75.37,0.05,286.41,162.4
S01497,2023-11-05,ST03,C0044,P021,3,130.5,0.1,352.35,61.65
S01498,2025-06-02,ST07,C0005,P010,1,55.91,0.05,53.11,58.09
S01499,2024-11-22,ST02,C0139,P023,2,103.23,0.1,185.81,110.1
S01500,2023-02-24,ST06,C0008,P009,5,128.46,0.15,545.96,90.3
S01501,2023-11-20,ST05,C0039,P011,1,96.17,0.0,96.17,45.75
S01502,2023-05-21,ST07,C0197,P021,2,130.5,0.0,261.0,41.1
S01503,2024-05-03,ST06,C0152,P010,3,55.91,0.15,142.57,174.27
S01504,2023-04-08,ST07,C0149,P045,2,128.71,0.05,244.55,92.94
S01505,2024-03-20,ST03,C0119,P016,6,134.43,0.05,766.25,95.94
S01506,2023-10-16,ST05,C0160,P012,6,107.39,0.0,644.34,186.36
S01507,2024-05-23,ST07,C0111,P003,1,37.7,0.0,37.7,32.34
S01508,2024-08-10,ST01,C0067,P043,6,121.53,0.15,619.8,283.02
S01509,2023-11-13,ST02,C0087,P036,2,23.33,0.0,46.66,85.58
S01510,2025-03-23,ST04,C0028,P047,6,84.64,0.1,457.06,145.62
S01511,2024-10-29,ST01,C0011,P049,3,76.91,0.1,207.66,76.56
S01512,2023-01-20,ST03,C0058,P035,1,24.85,0.15,21.12,52.9
S01513,2023-12-11,ST03,C0046,P006,1,38.24,0.0,38.24,47.27
S01514,2024-10-21,ST05,C0096,P005,5,99.71,0.15,423.77,280.0
S01515,2023-08-17,ST06,C0183,P008,5,103.99,0.0,519.95,244.45
S01516,2023-02-05,ST07,C0140,P028,5,93.53,0.05,444.27,197.75
S01517,2024-10-05,ST01,C0077,P026,1,48.78,0.1,43.9,38.46
S01518,2024-05-24,ST06,C0136,P008,3,103.99,0.1,280.77,146.67
S01519,2024-05-09,ST07,C0015,P035,3,24.85,0.0,74.55,158.7
S01520,2024-03-22,ST01,C0035,P049,1,76.91,0.05,73.06,25.52
S01521,2024-05-31,ST08,C0146,P012,4,107.39,0.15,365.13,124.24
S01522,2024-05-10,ST04,C0123,P034,3,77.23,0.1,208.52,124.95
S01523,2023-10-22,ST07,C0199,P021,6,130.5,0.05,743.85,123.3
S01524,2024-03-02,ST05,C0103,P019,6,49.2,0.0,295.2,284.64
S01525,2025-03-01,ST03,C0112,P039,2,108.79,0.0,217.58,53.3
S01526,2024-06-29,ST02,C0047,P043,5,121.53,0.0,607.65,235.85
S01527,2025-02-22,ST03,C0112,P046,2,33.17,0.0,66.34,102.18
S01528,2023-05-27,ST01,C0047,P013,3,87.68,0.15,223.58,123.33
S01529,2024-04-28,ST05,C0012,P005,2,99.71,0.1,179.48,112.0
S01530,2024-02-14,ST04,C0137,P017,1,25.33,0.0,25.33,57.37
S01531,2025-01-16,ST02,C0125,P047,1,84.64,0.05,80.41,24.27
S01532,2024-05-08,ST03,C0115,P040,4,121.88,0.1,438.77,89.52
S01533,2024-02-18,ST05,C0153,P040,5,121.88,0.15,517.99,111.9
S01534,2024-12-07,ST03,C0025,P034,5,77.23,0.15,328.23,208.25
S01535,2024-04-05,ST01,C0029,P013,1,87.68,0.0,87.68,41.11
S01536,2024-10-30,ST07,C0109,P028,1,93.53,0.15,79.5,39.55
S01537,2025-03-15,ST03,C0191,P045,6,128.71,0.0,772.26,278.82
S01538,2024-07-18,ST06,C0002,P004,2,112.08,0.15,190.54,23.78
S01539,2023-11-28,ST06,C0139,P011,2,96.17,0.1,173.11,91.5
S01540,2024-07-18,ST02,C0049,P026,1,48.78,0.0,48.78,38.46
S01541,2023-10-20,ST06,C0012,P041,2,102.52,0.0,205.04,88.7
S01542,2023-02-27,ST04,C0136,P016,5,134.43,0.15,571.33,79.95
S01543,2025-05-31,ST03,C0091,P001,4,144.68,0.1,520.85,89.92
S01544,2025-01-16,ST01,C0169,P011,1,96.17,0.05,91.36,45.75
S01545,2023-06-22,ST07,C0137,P026,2,48.78,0.05,92.68,76.92
S01546,2024-09-14,ST04,C0112,P049,2,76.91,0.0,153.82,51.04
S01547,2024-11-28,ST07,C0053,P036,6,23.33,0.0,139.98,256.74
S01548,2023-05-21,ST07,C0124,P014,6,97.8,0.0,586.8,288.78
S01549,2023-09-15,ST02,C0087,P033,6,113.38,0.1,612.25,302.34
S01550,2024-01-09,ST07,C0197,P049,2,76.91,0.05,146.13,51.04
S01551,2023-10-21,ST04,C0027,P030,4,128.97,0.1,464.29,54.44
S01552,2023-03-29,ST02,C0199,P020,1,98.43,0.0,98.43,59.88
S01553,2024-08-23,ST03,C0040,P013,2,87.68,0.0,175.36,82.22
S01554,2023-02-09,ST03,C0156,P046,1,33.17,0.15,28.19,51.09
S01555,2025-05-04,ST04,C0131,P035,3,24.85,0.0,74.55,158.7
S01556,2023-06-12,ST02,C0189,P030,5,128.97,0.05,612.61,68.05
S01557,2023-01-29,ST01,C0182,P021,4,130.5,0.05,495.9,82.2
S01558,2023-04-08,ST02,C0099,P032,6,112.21,0.0,673.26,229.02
S01559,2023-06-24,ST06,C0194,P028,5,93.53,0.0,467.65,197.75
S01560,2023-01-29,ST02,C0163,P001,6,144.68,0.0,868.08,134.88
S01561,2024-08-07,ST02,C0198,P016,5,134.43,0.0,672.15,79.95
S01562,2023-12-21,ST08,C0156,P030,4,128.97,0.0,515.88,54.44
S01563,2024-03-22,ST02,C0129,P030,3,128.97,0.1,348.22,40.83
S01564,2024-07-22,ST04,C0149,P027,5,121.52,0.15,516.46,67.05
S01565,2024-06-21,ST08,C0090,P020,2,98.43,0.15,167.33,119.76
S01566,2023-02-14,ST03,C0005,P044,6,63.39,0.05,361.32,315.3
S01567,2023-07-21,ST07,C0095,P025,5,112.7,0.05,535.32,43.35
S01568,2024-10-15,ST06,C0044,P049,5,76.91,0.0,384.55,127.6
S01569,2023-01-12,ST08,C0083,P009,2,128.46,0.0,256.92,36.12
S01570,2025-04-19,ST03,C0130,P040,3,121.88,0.0,365.64,67.14
S01571,2024-08-20,ST05,C0155,P015,6,36.23,0.05,206.51,141.24
S01572,2025-04-25,ST01,C0163,P041,4,102.52,0.15,348.57,177.4
S01573,2025-01-28,ST01,C0035,P020,4,98.43,0.0,393.72,239.52
S01574,2024-03-02,ST03,C0122,P041,5,102.52,0.05,486.97,221.75
S01575,2024-08-05,ST05,C0152,P028,1,93.53,0.05,88.85,39.55
S01576,2023-11-25,ST07,C0159,P037,4,142.97,0.0,571.88,37.04
S01577,2024-11-08,ST08,C0001,P036,3,23.33,0.15,59.49,128.37
S01578,2025-03-22,ST05,C0128,P044,5,63.39,0.0,316.95,262.75
S01579,2025-01-18,ST05,C0159,P044,4,63.39,0.0,253.56,210.2
S01580,2024-12-24,ST04,C0131,P005,5,99.71,0.1,448.69,280.0
S01581,2023-02-23,ST07,C0029,P020,4,98.43,0.0,393.72,239.52
S01582,2024-07-16,ST06,C0118,P019,2,49.2,0.05,93.48,94.88
S01583,2024-04-26,ST02,C0149,P047,4,84.64,0.0,338.56,97.08
S01584,2024-10-30,ST01,C0150,P050,3,61.96,0.0,185.88,173.64
S01585,2025-01-30,ST03,C0003,P021,6,130.5,0.15,665.55,123.3
S01586,2023-03-12,ST01,C0101,P033,3,113.38,0.0,340.14,151.17
S01587,2023-07-16,ST03,C0009,P008,4,103.99,0.0,415.96,195.56
S01588,2024-04-18,ST07,C0011,P030,4,128.97,0.0,515.88,54.44
S01589,2023-04-03,ST01,C0155,P036,1,23.33,0.1,21.0,42.79
S01590,2023-07-30,ST05,C0070,P012,3,107.39,0.1,289.95,93.18
S01591,2023-12-18,ST04,C0198,P007,1,124.91,0.1,112.42,47.76
S01592,2023-06-25,ST04,C0147,P035,6,24.85,0.0,149.1,317.4
S01593,2024-08-21,ST05,C0124,P022,6,102.95,0.1,555.93,179.58
S01594,2024-06-03,ST08,C0061,P036,3,23.33,0.15,59.49,128.37
S01595,2025-05-13,ST06,C0142,P007,4,124.91,0.0,499.64,191.04
S01596,2024-05-23,ST08,C0039,P001,3,144.68,0.0,434.04,67.44
S01597,2024-05-23,ST04,C0001,P004,1,112.08,0.15,95.27,11.89
S01598,2024-11-10,ST07,C0185,P023,6,103.23,0.05,588.41,330.3
S01599,2024-11-29,ST06,C0152,P007,6,124.91,0.0,749.46,286.56
S01600,2024-06-09,ST07,C0092,P002,3,87.83,0.0,263.49,84.81
S01601,2024-09-06,ST04,C0067,P036,4,23.33,0.1,83.99,171.16
S01602,2024-10-02,ST07,C0076,P043,4,121.53,0.1,437.51,188.68
S01603,2024-01-25,ST08,C0129,P004,6,112.08,0.0,672.48,71.34
S01604,2023-04-05,ST08,C0031,P042,2,132.25,0.05,251.27,74.08
S01605,2024-12-22,ST01,C0009,P042,1,132.25,0.15,112.41,37.04
S01606,2024-05-16,ST07,C0053,P049,3,76.91,0.15,196.12,76.56
S01607,2024-04-04,ST04,C0013,P008,3,103.99,0.0,311.97,146.67
S01608,2024-08-22,ST03,C0065,P020,5,98.43,0.1,442.94,299.4
S01609,2024-05-01,ST08,C0101,P003,3,37.7,0.15,96.14,97.02
S01610,2024-06-30,ST07,C0109,P022,3,102.95,0.0,308.85,89.79
S01611,2025-04-30,ST07,C0010,P020,2,98.43,0.0,196.86,119.76
S01612,2025-04-02,ST06,C0083,P008,5,103.99,0.1,467.95,244.45
S01613,2024-05-16,ST03,C0123,P028,3,93.53,0.05,266.56,118.65
S01614,2025-06-27,ST03,C0046,P050,2,61.96,0.0,123.92,115.76
S01615,2025-02-08,ST06,C0003,P039,2,108.79,0.0,217.58,53.3
S01616,2024-01-11,ST05,C0166,P041,4,102.52,0.0,410.08,177.4
S01617,2024-07-30,ST05,C0128,P017,4,25.33,0.05,96.25,229.48
S01618,2025-01-22,ST05,C0139,P020,6,98.43,0.0,590.58,359.28
S01619,2023-10-22,ST04,C0153,P024,5,52.66,0.05,250.13,213.4
S01620,2023-08-08,ST02,C0044,P021,2,130.5,0.1,234.9,41.1
S01621,2024-05-12,ST01,C0081,P015,4,36.23,0.0,144.92,94.16
S01622,2023-12-08,ST06,C0074,P009,6,128.46,0.0,770.76,108.36
S01623,2024-05-16,ST03,C0027,P014,6,97.8,0.1,528.12,288.78
S01624,2024-11-09,ST04,C0001,P004,4,112.08,0.0,448.32,47.56
S01625,2023-11-24,ST02,C0048,P043,1,121.53,0.15,103.3,47.17
S01626,2024-02-17,ST04,C0121,P050,6,61.96,0.0,371.76,347.28
S01627,2025-05-24,ST08,C0119,P041,2,102.52,0.05,194.79,88.7
S01628,2023-01-01,ST04,C0070,P050,5,61.96,0.0,309.8,289.4
S01629,2023-02-01,ST06,C0083,P036,5,23.33,0.0,116.65,213.95
S01630,2023-09-17,ST05,C0047,P011,2,96.17,0.15,163.49,91.5
S01631,2023-01-15,ST06,C0036,P023,1,103.23,0.05,98.07,55.05
S01632,2023-05-04,ST06,C0129,P008,4,103.99,0.0,415.96,195.56
S01633,2025-03-22,ST08,C0022,P040,1,121.88,0.0,121.88,22.38
S01634,2023-01-06,ST01,C0014,P022,3,102.95,0.0,308.85,89.79
S01635,2025-06-15,ST05,C0024,P039,4,108.79,0.05,413.4,106.6
S01636,2023-07-15,ST08,C0069,P020,2,98.43,0.0,196.86,119.76
S01637,2023-10-14,ST06,C0055,P041,2,102.52,0.0,205.04,88.7
S01638,2024-12-03,ST05,C0136,P029,1,106.78,0.05,101.44,53.26
S01639,2025-05-09,ST05,C0092,P008,6,103.99,0.1,561.55,293.34
S01640,2025-01-19,ST05,C0052,P030,3,128.97,0.1,348.22,40.83
S01641,2025-04-17,ST06,C0010,P014,2,97.8,0.05,185.82,96.26
S01642,2024-04-10,ST01,C0137,P033,2,113.38,0.0,226.76,100.78
S01643,2024-06-03,ST04,C0136,P008,4,103.99,0.0,415.96,195.56
S01644,2024-06-04,ST04,C0177,P005,2,99.71,0.15,169.51,112.0
S01645,2023-03-27,ST03,C0154,P034,4,77.23,0.0,308.92,166.6
S01646,2024-02-24,ST03,C0122,P033,5,113.38,0.0,566.9,251.95
S01647,2023-05-23,ST08,C0045,P023,5,103.23,0.05,490.34,275.25
S01648,2023-08-30,ST05,C0003,P013,5,87.68,0.05,416.48,205.55
S01649,2025-03-21,ST02,C0081,P012,3,107.39,0.0,322.17,93.18
S01650,2023-08-16,ST05,C0114,P008,4,103.99,0.0,415.96,195.56
S01651,2023-08-22,ST06,C0055,P043,6,121.53,0.0,729.18,283.02
S01652,2023-10-01,ST01,C0132,P031,1,145.67,0.1,131.1,12.94
S01653,2024-06-03,ST06,C0028,P037,4,142.97,0.15,486.1,37.04
S01654,2024-06-02,ST05,C0049,P031,3,145.67,0.05,415.16,38.82
S01655,2023-07-18,ST08,C0023,P032,4,112.21,0.15,381.51,152.68
S01656,2023-03-12,ST07,C0042,P025,5,112.7,0.0,563.5,43.35
S01657,2023-10-23,ST04,C0058,P020,4,98.43,0.0,393.72,239.52
S01658,2024-03-15,ST05,C0155,P038,4,124.25,0.15,422.45,223.48
S01659,2024-03-20,ST06,C0068,P028,1,93.53,0.1,84.18,39.55
S01660,2025-03-30,ST01,C0148,P038,6,124.25,0.0,745.5,335.22
S01661,2024-10-02,ST06,C0013,P008,4,103.99,0.0,415.96,195.56
S01662,2025-01-16,ST04,C0005,P037,6,142.97,0.15,729.15,55.56
S01663,2023-03-28,ST02,C0042,P022,6,102.95,0.0,617.7,179.58
S01664,2024-08-08,ST07,C0153,P035,6,24.85,0.1,134.19,317.4
S01665,2023-02-04,ST03,C0074,P019,6,49.2,0.0,295.2,284.64
S01666,2025-01-06,ST05,C0071,P025,5,112.7,0.15,478.97,43.35
S01667,2023-12-14,ST08,C0186,P040,5,121.88,0.0,609.4,111.9
S01668,2024-12-11,ST06,C0044,P029,4,106.78,0.0,427.12,213.04
S01669,2025-04-19,ST06,C0182,P041,5,102.52,0.0,512.6,221.75
S01670,2023-11-01,ST02,C0190,P034,5,77.23,0.0,386.15,208.25
S01671,2025-03-12,ST02,C0037,P012,4,107.39,0.15,365.13,124.24
S01672,2024-01-31,ST02,C0119,P038,2,124.25,0.0,248.5,111.74
S01673,2025-04-27,ST04,C0139,P034,6,77.23,0.1,417.04,249.9
S01674,2023-04-20,ST08,C0021,P029,1,106.78,0.0,106.78,53.26
S01675,2024-12-02,ST05,C0149,P049,3,76.91,0.0,230.73,76.56
S01676,2024-11-12,ST04,C0069,P007,4,124.91,0.05,474.66,191.04
S01677,2025-02-12,ST07,C0041,P049,5,76.91,0.0,384.55,127.6
S01678,2025-04-26,ST04,C0047,P006,6,38.24,0.0,229.44,283.62
S01679,2024-07-31,ST06,C0136,P014,4,97.8,0.1,352.08,192.52
S01680,2024-07-29,ST02,C0199,P008,5,103.99,0.0,519.95,244.45
S01681,2023-02-19,ST02,C0126,P040,3,121.88,0.0,365.64,67.14
S01682,2024-04-22,ST01,C0003,P037,6,142.97,0.1,772.04,55.56
S01683,2023-10-18,ST03,C0185,P043,1,121.53,0.05,115.45,47.17
S01684,2024-05-29,ST01,C0148,P030,3,128.97,0.0,386.91,40.83
S01685,2023-10-25,ST07,C0144,P010,4,55.91,0.1,201.28,232.36
S01686,2024-09-27,ST06,C0057,P014,1,97.8,0.15,83.13,48.13
S01687,2023-05-20,ST01,C0081,P043,6,121.53,0.05,692.72,283.02
S01688,2024-09-05,ST06,C0004,P048,2,131.28,0.0,262.56,37.02
S01689,2025-06-27,ST01,C0102,P044,6,63.39,0.15,323.29,315.3
S01690,2025-06-03,ST04,C0032,P008,5,103.99,0.0,519.95,244.45
S01691,2024-11-16,ST03,C0064,P001,5,144.68,0.05,687.23,112.4
S01692,2024-06-08,ST06,C0035,P020,3,98.43,0.0,295.29,179.64
S01693,2023-03-24,ST07,C0186,P016,1,134.43,0.1,120.99,15.99
S01694,2024-01-29,ST06,C0177,P004,5,112.08,0.0,560.4,59.45
S01695,2024-12-17,ST02,C0184,P033,1,113.38,0.0,113.38,50.39
S01696,2023-05-15,ST03,C0016,P021,3,130.5,0.0,391.5,61.65
S01697,2023-11-03,ST04,C0119,P046,4,33.17,0.0,132.68,204.36
S01698,2024-03-09,ST08,C0179,P022,2,102.95,0.05,195.6,59.86
S01699,2024-11-09,ST03,C0103,P049,4,76.91,0.0,307.64,102.08
S01700,2024-05-14,ST06,C0177,P014,5,97.8,0.15,415.65,240.65
S01701,2023-08-28,ST04,C0103,P039,2,108.79,0.0,217.58,53.3
S01702,2023-12-30,ST01,C0159,P016,6,134.43,0.0,806.58,95.94
S01703,2024-01-31,ST06,C0086,P041,4,102.52,0.0,410.08,177.4
S01704,2024-09-27,ST05,C0163,P024,4,52.66,0.15,179.04,170.72
S01705,2024-11-25,ST06,C0023,P016,4,134.43,0.05,510.83,63.96
S01706,2024-03-14,ST08,C0150,P016,5,134.43,0.0,672.15,79.95
S01707,2023-06-30,ST02,C0089,P023,1,103.23,0.05,98.07,55.05
S01708,2023-12-27,ST07,C0064,P019,6,49.2,0.1,265.68,284.64
S01709,2024-06-04,ST03,C0169,P003,5,37.7,0.0,188.5,161.7
S01710,2024-05-26,ST03,C0125,P031,4,145.67,0.0,582.68,51.76
S01711,2025-06-27,ST07,C0140,P011,6,96.17,0.05,548.17,274.5
S01712,2024-04-22,ST06,C0002,P027,2,121.52,0.0,243.04,26.82
S01713,2023-08-09,ST02,C0134,P012,4,107.39,0.0,429.56,124.24
S01714,2023-08-31,ST07,C0018,P017,1,25.33,0.0,25.33,57.37
S01715,2024-01-27,ST08,C0160,P007,3,124.91,0.15,318.52,143.28
S01716,2024-09-15,ST05,C0086,P014,4,97.8,0.0,391.2,192.52
S01717,2024-06-08,ST02,C0096,P003,1,37.7,0.0,37.7,32.34
S01718,2023-04-13,ST01,C0144,P043,2,121.53,0.05,230.91,94.34
S01719,2024-01-12,ST05,C0003,P014,2,97.8,0.05,185.82,96.26
S01720,2023-11-29,ST07,C0054,P027,2,121.52,0.1,218.74,26.82
S01721,2023-06-23,ST05,C0068,P007,6,124.91,0.0,749.46,286.56
S01722,2023-11-10,ST04,C0030,P030,5,128.97,0.0,644.85,68.05
S01723,2024-08-20,ST07,C0006,P014,5,97.8,0.0,489.0,240.65
S01724,2024-12-02,ST07,C0127,P027,3,121.52,0.15,309.88,40.23
S01725,2023-06-04,ST01,C0169,P049,5,76.91,0.0,384.55,127.6
S01726,2023-11-15,ST05,C0130,P012,5,107.39,0.1,483.26,155.3
S01727,2025-01-18,ST05,C0196,P030,3,128.97,0.0,386.91,40.83
S01728,2025-01-01,ST04,C0181,P008,3,103.99,0.1,280.77,146.67
S01729,2024-07-21,ST03,C0117,P048,4,131.28,0.0,525.12,74.04
S01730,2024-02-06,ST04,C0069,P030,1,128.97,0.15,109.62,13.61
S01731,2025-04-21,ST02,C0142,P028,1,93.53,0.05,88.85,39.55
S01732,2023-08-01,ST01,C0199,P018,2,75.37,0.0,150.74,81.2
S01733,2024-09-16,ST02,C0152,P014,5,97.8,0.05,464.55,240.65
S01734,2023-05-23,ST08,C0141,P014,4,97.8,0.15,332.52,192.52
S01735,2024-10-25,ST04,C0092,P048,6,131.28,0.0,787.68,111.06
S01736,2023-03-20,ST05,C0104,P014,4,97.8,0.05,371.64,192.52
S01737,2024-11-04,ST02,C0065,P001,2,144.68,0.15,245.96,44.96
S01738,2023-08-10,ST01,C0155,P001,5,144.68,0.0,723.4,112.4
S01739,2024-07-19,ST07,C0050,P023,1,103.23,0.0,103.23,55.05
S01740,2023-05-15,ST07,C0033,P035,2,24.85,0.0,49.7,105.8
S01741,2025-01-28,ST01,C0043,P017,3,25.33,0.0,75.99,172.11
S01742,2023-09-20,ST04,C0044,P042,1,132.25,0.1,119.03,37.04
S01743,2023-11-09,ST06,C0186,P003,4,37.7,0.05,143.26,129.36
S01744,2025-01-02,ST05,C0002,P009,3,128.46,0.0,385.38,54.18
S01745,2023-10-05,ST08,C0015,P002,6,87.83,0.1,474.28,169.62
S01746,2024-03-05,ST02,C0070,P046,5,33.17,0.0,165.85,255.45
S01747,2023-10-30,ST06,C0070,P011,2,96.17,0.1,173.11,91.5
S01748,2024-11-05,ST01,C0020,P042,5,132.25,0.05,628.19,185.2
S01749,2023-07-13,ST05,C0158,P046,1,33.17,0.15,28.19,51.09
S01750,2024-05-12,ST05,C0037,P010,5,55.91,0.05,265.57,290.45
S01751,2024-11-14,ST08,C0151,P002,2,87.83,0.15,149.31,56.54
S01752,2024-05-14,ST07,C0066,P025,2,112.7,0.0,225.4,17.34
S01753,2024-07-21,ST02,C0096,P012,4,107.39,0.0,429.56,124.24
S01754,2025-06-22,ST05,C0048,P010,1,55.91,0.0,55.91,58.09
S01755,2024-09-25,ST04,C0166,P045,2,128.71,0.05,244.55,92.94
S01756,2024-08-31,ST01,C0028,P007,1,124.91,0.0,124.91,47.76
S01757,2023-12-10,ST07,C0098,P020,1,98.43,0.15,83.67,59.88
S01758,2025-04-05,ST01,C0056,P025,4,112.7,0.0,450.8,34.68
S01759,2024-04-24,ST07,C0140,P010,4,55.91,0.15,190.09,232.36
S01760,2023-08-21,ST01,C0044,P042,2,132.25,0.0,264.5,74.08
S01761,2023-02-24,ST06,C0153,P003,2,37.7,0.05,71.63,64.68
S01762,2023-07-02,ST03,C0185,P027,1,121.52,0.1,109.37,13.41
S01763,2024-09-26,ST07,C0051,P024,5,52.66,0.1,236.97,213.4
S01764,2023-09-05,ST06,C0003,P002,4,87.83,0.05,333.75,113.08
S01765,2024-02-28,ST01,C0081,P039,1,108.79,0.0,108.79,26.65
S01766,2025-05-11,ST03,C0063,P032,3,112.21,0.1,302.97,114.51
S01767,2023-03-02,ST08,C0007,P001,2,144.68,0.1,260.42,44.96
S01768,2024-08-24,ST04,C0023,P030,1,128.97,0.15,109.62,13.61
S01769,2024-08-26,ST03,C0044,P029,1,106.78,0.0,106.78,53.26
S01770,2025-04-11,ST07,C0139,P014,5,97.8,0.0,489.0,240.65
S01771,2023-11-25,ST08,C0131,P048,1,131.28,0.15,111.59,18.51
S01772,2023-04-09,ST03,C0127,P025,2,112.7,0.0,225.4,17.34
S01773,2023-09-24,ST06,C0065,P002,6,87.83,0.0,526.98,169.62
S01774,2025-03-15,ST02,C0105,P048,4,131.28,0.0,525.12,74.04
S01775,2023-12-19,ST02,C0043,P037,4,142.97,0.0,571.88,37.04
S01776,2025-06-11,ST05,C0066,P030,2,128.97,0.05,245.04,27.22
S01777,2024-04-08,ST04,C0038,P004,3,112.08,0.0,336.24,35.67
S01778,2024-10-08,ST06,C0048,P009,2,128.46,0.0,256.92,36.12
S01779,2025-04-03,ST01,C0102,P042,2,132.25,0.0,264.5,74.08
S01780,2024-03-17,ST05,C0055,P012,1,107.39,0.0,107.39,31.06
S01781,2024-06-27,ST01,C0171,P047,5,84.64,0.0,423.2,121.35
S01782,2023-03-22,ST08,C0190,P020,4,98.43,0.0,393.72,239.52
S01783,2023-07-01,ST01,C0158,P025,2,112.7,0.15,191.59,17.34
S01784,2025-05-30,ST06,C0108,P012,3,107.39,0.0,322.17,93.18
S01785,2024-05-25,ST08,C0034,P015,4,36.23,0.0,144.92,94.16
S01786,2024-10-11,ST05,C0120,P042,6,132.25,0.1,714.15,222.24
S01787,2023-02-06,ST03,C0174,P002,3,87.83,0.0,263.49,84.81
S01788,2025-04-20,ST06,C0092,P045,1,128.71,0.05,122.27,46.47
S01789,2023-10-05,ST02,C0034,P003,1,37.7,0.1,33.93,32.34
S01790,2024-03-22,ST06,C0029,P043,5,121.53,0.1,546.88,235.85
S01791,2024-11-09,ST07,C0044,P006,5,38.24,0.05,181.64,236.35
S01792,2023-01-17,ST05,C0180,P049,6,76.91,0.1,415.31,153.12
S01793,2024-09-15,ST05,C0106,P035,4,24.85,0.1,89.46,211.6
S01794,2023-11-20,ST07,C0132,P028,2,93.53,0.0,187.06,79.1
S01795,2023-10-03,ST01,C0098,P030,1,128.97,0.1,116.07,13.61
S01796,2025-06-26,ST05,C0069,P034,4,77.23,0.0,308.92,166.6
S01797,2025-06-10,ST04,C0131,P002,4,87.83,0.15,298.62,113.08
S01798,2023-09-09,ST02,C0023,P036,5,23.33,0.0,116.65,213.95
S01799,2023-02-26,ST03,C0075,P032,1,112.21,0.05,106.6,38.17
S01800,2023-08-23,ST01,C0012,P020,4,98.43,0.1,354.35,239.52
S01801,2023-12-19,ST04,C0186,P048,4,131.28,0.1,472.61,74.04
S01802,2025-06-29,ST03,C0161,P047,2,84.64,0.0,169.28,48.54
S01803,2025-06-21,ST05,C0072,P015,5,36.23,0.05,172.09,117.7
S01804,2025-05-10,ST01,C0115,P018,5,75.37,0.0,376.85,203.0
S01805,2025-05-14,ST07,C0058,P008,3,103.99,0.0,311.97,146.67
S01806,2023-07-25,ST03,C0048,P028,6,93.53,0.0,561.18,237.3
S01807,2023-11-08,ST03,C0017,P011,2,96.17,0.15,163.49,91.5
S01808,2023-12-24,ST03,C0126,P047,1,84.64,0.0,84.64,24.27
S01809,2023-05-06,ST04,C0001,P022,2,102.95,0.0,205.9,59.86
S01810,2024-10-26,ST01,C0006,P004,5,112.08,0.1,504.36,59.45
S01811,2024-04-19,ST05,C0064,P025,6,112.7,0.15,574.77,52.02
S01812,2024-09-09,ST04,C0117,P026,5,48.78,0.0,243.9,192.3
S01813,2025-03-06,ST01,C0002,P040,5,121.88,0.1,548.46,111.9
S01814,2024-09-17,ST02,C0197,P037,1,142.97,0.0,142.97,9.26
S01815,2024-01-16,ST01,C0104,P008,1,103.99,0.1,93.59,48.89
S01816,2024-06-05,ST03,C0099,P006,2,38.24,0.0,76.48,94.54
S01817,2024-01-24,ST04,C0127,P044,4,63.39,0.15,215.53,210.2
S01818,2023-10-12,ST08,C0173,P038,6,124.25,0.15,633.67,335.22
S01819,2024-07-05,ST07,C0012,P040,1,121.88,0.1,109.69,22.38
S01820,2024-02-14,ST05,C0087,P047,5,84.64,0.0,423.2,121.35
S01821,2023-05-01,ST08,C0109,P036,3,23.33,0.05,66.49,128.37
S01822,2024-08-17,ST01,C0011,P016,1,134.43,0.1,120.99,15.99
S01823,2024-06-13,ST05,C0132,P038,6,124.25,0.0,745.5,335.22
S01824,2024-09-15,ST02,C0112,P016,1,134.43,0.15,114.27,15.99
S01825,2023-07-04,ST02,C0115,P016,1,134.43,0.1,120.99,15.99
S01826,2023-05-06,ST02,C0082,P006,6,38.24,0.1,206.5,283.62
S01827,2024-09-19,ST06,C0166,P036,6,23.33,0.0,139.98,256.74
S01828,2025-03-29,ST03,C0129,P022,5,102.95,0.0,514.75,149.65
S01829,2025-04-08,ST04,C0005,P010,6,55.91,0.0,335.46,348.54
S01830,2024-01-27,ST02,C0004,P043,3,121.53,0.0,364.59,141.51
S01831,2025-04-08,ST04,C0196,P021,3,130.5,0.05,371.92,61.65
S01832,2024-12-02,ST08,C0008,P027,3,121.52,0.05,346.33,40.23
S01833,2024-08-20,ST05,C0156,P037,3,142.97,0.1,386.02,27.78
S01834,2024-05-29,ST07,C0070,P046,4,33.17,0.05,126.05,204.36
S01835,2023-05-24,ST01,C0184,P010,1,55.91,0.0,55.91,58.09
S01836,2023-03-03,ST05,C0036,P036,6,23.33,0.15,118.98,256.74
S01837,2024-04-30,ST02,C0036,P002,6,87.83,0.1,474.28,169.62
S01838,2024-10-17,ST04,C0036,P010,5,55.91,0.05,265.57,290.45
S01839,2023-06-17,ST05,C0197,P039,1,108.79,0.0,108.79,26.65
S01840,2025-02-03,ST01,C0037,P026,5,48.78,0.0,243.9,192.3
S01841,2023-05-13,ST08,C0018,P033,3,113.38,0.15,289.12,151.17
S01842,2023-01-27,ST08,C0035,P021,2,130.5,0.0,261.0,41.1
S01843,2023-10-18,ST07,C0050,P041,3,102.52,0.0,307.56,133.05
S01844,2025-06-05,ST08,C0089,P015,1,36.23,0.0,36.23,23.54
S01845,2025-05-25,ST03,C0023,P019,5,49.2,0.0,246.0,237.2
S01846,2023-10-04,ST03,C0144,P050,5,61.96,0.15,263.33,289.4
S01847,2024-11-10,ST02,C0028,P022,6,102.95,0.05,586.82,179.58
S01848,2025-01-18,ST03,C0161,P005,6,99.71,0.0,598.26,336.0
S01849,2024-08-03,ST01,C0145,P023,3,103.23,0.15,263.24,165.15
S01850,2024-11-03,ST01,C0030,P026,1,48.78,0.05,46.34,38.46
S01851,2023-05-19,ST04,C0045,P039,1,108.79,0.0,108.79,26.65
S01852,2023-06-21,ST01,C0105,P028,1,93.53,0.0,93.53,39.55
S01853,2023-04-30,ST04,C0144,P009,5,128.46,0.0,642.3,90.3
S01854,2023-01-24,ST01,C0023,P030,1,128.97,0.15,109.62,13.61
S01855,2025-06-17,ST04,C0045,P048,2,131.28,0.1,236.3,37.02
S01856,2024-07-16,ST07,C0161,P048,1,131.28,0.0,131.28,18.51
S01857,2024-07-05,ST01,C0033,P006,6,38.24,0.0,229.44,283.62
S01858,2024-07-11,ST06,C0184,P035,1,24.85,0.05,23.61,52.9
S01859,2024-06-27,ST07,C0110,P048,3,131.28,0.0,393.84,55.53
S01860,2023-07-30,ST05,C0188,P050,3,61.96,0.05,176.59,173.64
S01861,2023-01-24,ST05,C0012,P047,6,84.64,0.0,507.84,145.62
S01862,2023-03-14,ST07,C0113,P010,2,55.91,0.15,95.05,116.18
S01863,2024-12-11,ST01,C0099,P020,1,98.43,0.1,88.59,59.88
S01864,2023-05-03,ST04,C0086,P006,1,38.24,0.0,38.24,47.27
S01865,2025-02-09,ST04,C0185,P032,6,112.21,0.0,673.26,229.02
S01866,2024-03-03,ST05,C0039,P032,2,112.21,0.0,224.42,76.34
S01867,2024-08-14,ST02,C0108,P036,4,23.33,0.05,88.65,171.16
S01868,2023-06-17,ST03,C0044,P035,3,24.85,0.0,74.55,158.7
S01869,2023-12-19,ST03,C0174,P048,4,131.28,0.15,446.35,74.04
S01870,2024-03-07,ST08,C0101,P012,1,107.39,0.1,96.65,31.06
S01871,2023-05-30,ST07,C0108,P026,3,48.78,0.15,124.39,115.38
S01872,2023-07-26,ST03,C0040,P026,3,48.78,0.0,146.34,115.38
S01873,2024-01-08,ST07,C0114,P040,5,121.88,0.05,578.93,111.9
S01874,2025-06-01,ST05,C0070,P033,4,113.38,0.05,430.84,201.56
S01875,2025-04-23,ST03,C0170,P006,5,38.24,0.0,191.2,236.35
S01876,2025-05-15,ST06,C0054,P041,1,102.52,0.0,102.52,44.35
S01877,2023-07-22,ST05,C0028,P027,5,121.52,0.1,546.84,67.05
S01878,2024-09-03,ST03,C0078,P031,2,145.67,0.0,291.34,25.88
S01879,2023-07-04,ST04,C0070,P021,3,130.5,0.0,391.5,61.65
S01880,2023-07-06,ST07,C0186,P020,6,98.43,0.05,561.05,359.28
S01881,2023-06-11,ST02,C0040,P036,2,23.33,0.0,46.66,85.58
S01882,2025-05-19,ST07,C0164,P022,3,102.95,0.1,277.97,89.79
S01883,2024-02-05,ST06,C0193,P048,2,131.28,0.0,262.56,37.02
S01884,2024-07-16,ST03,C0148,P017,1,25.33,0.05,24.06,57.37
S01885,2024-09-18,ST05,C0177,P043,3,121.53,0.15,309.9,141.51
S01886,2025-02-28,ST02,C0197,P006,1,38.24,0.15,32.5,47.27
S01887,2025-03-19,ST08,C0157,P046,2,33.17,0.1,59.71,102.18
S01888,2024-01-25,ST03,C0021,P036,4,23.33,0.0,93.32,171.16
S01889,2024-12-08,ST07,C0172,P001,2,144.68,0.0,289.36,44.96
S01890,2024-07-07,ST05,C0087,P015,5,36.23,0.1,163.03,117.7
S01891,2025-01-20,ST02,C0186,P012,5,107.39,0.1,483.26,155.3
S01892,2024-10-18,ST07,C0151,P018,5,75.37,0.0,376.85,203.0
S01893,2023-12-26,ST05,C0104,P026,1,48.78,0.0,48.78,38.46
S01894,2025-05-05,ST01,C0026,P007,2,124.91,0.0,249.82,95.52
S01895,2024-06-05,ST05,C0095,P011,2,96.17,0.15,163.49,91.5
S01896,2024-05-03,ST02,C0072,P048,6,131.28,0.0,787.68,111.06
S01897,2024-08-07,ST02,C0008,P016,6,134.43,0.05,766.25,95.94
S01898,2024-10-03,ST07,C0080,P004,1,112.08,0.0,112.08,11.89
S01899,2023-02-05,ST02,C0037,P032,6,112.21,0.15,572.27,229.02
S01900,2023-04-10,ST07,C0130,P042,1,132.25,0.0,132.25,37.04
S01901,2024-02-21,ST01,C0042,P013,6,87.68,0.0,526.08,246.66
S01902,2025-03-10,ST08,C0153,P007,5,124.91,0.1,562.1,238.8
S01903,2025-03-10,ST01,C0155,P040,1,121.88,0.0,121.88,22.38
S01904,2023-08-12,ST01,C0009,P018,2,75.37,0.0,150.74,81.2
S01905,2024-05-04,ST04,C0030,P031,1,145.67,0.15,123.82,12.94
S01906,2025-06-15,ST02,C0192,P032,5,112.21,0.05,533.0,190.85
S01907,2023-02-05,ST07,C0167,P049,1,76.91,0.15,65.37,25.52
S01908,2023-12-19,ST07,C0162,P007,2,124.91,0.0,249.82,95.52
S01909,2024-11-28,ST01,C0184,P044,6,63.39,0.1,342.31,315.3
S01910,2025-05-26,ST05,C0026,P017,6,25.33,0.05,144.38,344.22
S01911,2023-06-22,ST06,C0085,P034,1,77.23,0.15,65.65,41.65
S01912,2024-02-05,ST04,C0020,P008,4,103.99,0.0,415.96,195.56
S01913,2025-03-16,ST03,C0087,P015,6,36.23,0.0,217.38,141.24
S01914,2024-12-05,ST03,C0121,P002,5,87.83,0.1,395.24,141.35
S01915,2023-09-18,ST01,C0114,P044,4,63.39,0.0,253.56,210.2
S01916,2023-06-01,ST01,C0120,P050,6,61.96,0.0,371.76,347.28
S01917,2023-09-26,ST07,C0029,P030,1,128.97,0.05,122.52,13.61
S01918,2025-04-17,ST02,C0142,P002,5,87.83,0.05,417.19,141.35
S01919,2024-09-20,ST04,C0034,P010,6,55.91,0.1,301.91,348.54
S01920,2025-04-03,ST07,C0151,P049,3,76.91,0.05,219.19,76.56
S01921,2024-02-27,ST02,C0199,P032,5,112.21,0.0,561.05,190.85
S01922,2024-08-11,ST04,C0087,P032,1,112.21,0.05,106.6,38.17
S01923,2023-03-24,ST02,C0144,P027,1,121.52,0.0,121.52,13.41
S01924,2024-04-01,ST01,C0141,P019,6,49.2,0.15,250.92,284.64
S01925,2023-06-13,ST06,C0141,P046,3,33.17,0.05,94.53,153.27
S01926,2024-06-17,ST01,C0009,P033,2,113.38,0.15,192.75,100.78
S01927,2025-03-25,ST05,C0172,P017,2,25.33,0.0,50.66,114.74
S01928,2024-05-12,ST03,C0102,P014,2,97.8,0.0,195.6,96.26
S01929,2023-12-25,ST01,C0150,P026,4,48.78,0.1,175.61,153.84
S01930,2023-10-22,ST07,C0196,P043,5,121.53,0.0,607.65,235.85
S01931,2023-01-23,ST07,C0067,P030,6,128.97,0.05,735.13,81.66
S01932,2024-02-18,ST08,C0100,P002,6,87.83,0.15,447.93,169.62
S01933,2025-03-27,ST07,C0017,P023,5,103.23,0.15,438.73,275.25
S01934,2025-03-27,ST06,C0063,P008,6,103.99,0.15,530.35,293.34
S01935,2025-03-15,ST06,C0023,P010,1,55.91,0.15,47.52,58.09
S01936,2023-03-24,ST05,C0105,P008,2,103.99,0.05,197.58,97.78
S01937,2023-10-23,ST08,C0002,P005,1,99.71,0.0,99.71,56.0
S01938,2024-08-13,ST01,C0094,P013,6,87.68,0.1,473.47,246.66
S01939,2024-10-10,ST03,C0067,P050,3,61.96,0.0,185.88,173.64
S01940,2023-05-30,ST02,C0192,P045,5,128.71,0.1,579.2,232.35
S01941,2024-10-30,ST03,C0148,P015,3,36.23,0.1,97.82,70.62
S01942,2023-03-25,ST02,C0129,P019,2,49.2,0.0,98.4,94.88
S01943,2024-10-05,ST02,C0078,P001,6,144.68,0.05,824.68,134.88
S01944,2024-07-31,ST01,C0020,P039,3,108.79,0.0,326.37,79.95
S01945,2023-03-19,ST02,C0038,P003,3,37.7,0.0,113.1,97.02
S01946,2024-10-06,ST06,C0122,P025,6,112.7,0.1,608.58,52.02
S01947,2024-10-24,ST05,C0179,P025,4,112.7,0.15,383.18,34.68
S01948,2025-06-07,ST06,C0060,P016,2,134.43,0.0,268.86,31.98
S01949,2024-07-11,ST02,C0024,P036,1,23.33,0.0,23.33,42.79
S01950,2023-05-26,ST05,C0031,P002,4,87.83,0.05,333.75,113.08
S01951,2024-05-16,ST03,C0197,P017,4,25.33,0.1,91.19,229.48
S01952,2023-02-09,ST02,C0109,P038,3,124.25,0.05,354.11,167.61
S01953,2023-06-05,ST06,C0142,P016,3,134.43,0.15,342.8,47.97
S01954,2023-11-02,ST03,C0029,P049,5,76.91,0.0,384.55,127.6
S01955,2025-03-04,ST06,C0127,P029,1,106.78,0.0,106.78,53.26
S01956,2025-02-24,ST06,C0152,P015,5,36.23,0.05,172.09,117.7
S01957,2023-05-28,ST06,C0026,P033,3,113.38,0.0,340.14,151.17
S01958,2023-05-12,ST01,C0097,P010,6,55.91,0.1,301.91,348.54
S01959,2024-12-01,ST04,C0042,P030,6,128.97,0.05,735.13,81.66
S01960,2023-02-16,ST05,C0040,P002,3,87.83,0.05,250.32,84.81
S01961,2023-10-08,ST06,C0189,P049,3,76.91,0.05,219.19,76.56
S01962,2024-10-27,ST08,C0119,P050,2,61.96,0.0,123.92,115.76
S01963,2025-05-25,ST08,C0017,P023,1,103.23,0.0,103.23,55.05
S01964,2023-09-21,ST01,C0053,P030,5,128.97,0.05,612.61,68.05
S01965,2023-06-14,ST07,C0093,P008,3,103.99,0.15,265.17,146.67
S01966,2025-03-29,ST04,C0137,P031,4,145.67,0.15,495.28,51.76
S01967,2025-05-24,ST04,C0016,P047,1,84.64,0.05,80.41,24.27
S01968,2023-01-04,ST04,C0079,P021,5,130.5,0.0,652.5,102.75
S01969,2024-11-28,ST08,C0048,P050,3,61.96,0.0,185.88,173.64
S01970,2023-01-12,ST06,C0129,P020,6,98.43,0.05,561.05,359.28
S01971,2024-03-29,ST07,C0047,P043,1,121.53,0.0,121.53,47.17
S01972,2024-03-30,ST06,C0045,P037,3,142.97,0.05,407.46,27.78
S01973,2025-01-05,ST07,C0136,P044,2,63.39,0.05,120.44,105.1
S01974,2024-07-07,ST05,C0143,P012,1,107.39,0.05,102.02,31.06
S01975,2024-03-25,ST05,C0110,P027,2,121.52,0.0,243.04,26.82
S01976,2023-07-17,ST07,C0168,P029,6,106.78,0.0,640.68,319.56
S01977,2024-08-23,ST02,C0123,P010,6,55.91,0.0,335.46,348.54
S01978,2024-02-18,ST07,C0054,P022,4,102.95,0.05,391.21,119.72
S01979,2024-02-07,ST06,C0036,P045,5,128.71,0.0,643.55,232.35
S01980,2024-07-01,ST07,C0136,P014,6,97.8,0.1,528.12,288.78
S01981,2023-01-06,ST01,C0156,P031,4,145.67,0.15,495.28,51.76
S01982,2025-03-14,ST05,C0008,P045,5,128.71,0.1,579.2,232.35
S01983,2023-09-11,ST04,C0152,P026,2,48.78,0.0,97.56,76.92
S01984,2024-07-26,ST06,C0086,P045,2,128.71,0.0,257.42,92.94
S01985,2025-01-17,ST01,C0089,P001,6,144.68,0.1,781.27,134.88
S01986,2023-07-09,ST03,C0198,P039,4,108.79,0.0,435.16,106.6
S01987,2023-06-18,ST02,C0108,P037,3,142.97,0.1,386.02,27.78
S01988,2023-02-20,ST05,C0110,P029,1,106.78,0.0,106.78,53.26
S01989,2023-11-14,ST06,C0175,P013,4,87.68,0.05,333.18,164.44
S01990,2023-05-13,ST08,C0189,P004,5,112.08,0.1,504.36,59.45
S01991,2023-01-30,ST06,C0128,P030,3,128.97,0.0,386.91,40.83
S01992,2024-06-10,ST02,C0112,P011,5,96.17,0.15,408.72,228.75
S01993,2024-07-03,ST05,C0062,P002,2,87.83,0.0,175.66,56.54
S01994,2023-10-29,ST07,C0054,P031,6,145.67,0.0,874.02,77.64
S01995,2023-03-21,ST04,C0187,P030,2,128.97,0.0,257.94,27.22
S01996,2023-04-10,ST03,C0046,P046,6,33.17,0.0,199.02,306.54
S01997,2025-06-24,ST02,C0027,P031,1,145.67,0.05,138.39,12.94
S01998,2023-05-27,ST08,C0167,P024,4,52.66,0.1,189.58,170.72
S01999,2023-09-17,ST02,C0126,P008,4,103.99,0.0,415.96,195.56
S02000,2024-08-25,ST05,C0200,P004,2,112.08,0.1,201.74,23.78
S02001,2024-09-29,ST02,C0096,P035,3,24.85,0.0,74.55,158.7
S02002,2024-06-05,ST04,C0104,P036,1,23.33,0.0,23.33,42.79
S02003,2024-05-27,ST07,C0027,P012,5,107.39,0.0,536.95,155.3
S02004,2025-05-30,ST03,C0150,P014,2,97.8,0.0,195.6,96.26
S02005,2024-11-13,ST07,C0192,P012,5,107.39,0.1,483.26,155.3
S02006,2023-11-25,ST05,C0025,P001,2,144.68,0.15,245.96,44.96
S02007,2023-02-02,ST08,C0069,P026,1,48.78,0.0,48.78,38.46
S02008,2024-12-01,ST01,C0140,P028,1,93.53,0.05,88.85,39.55
S02009,2023-10-22,ST01,C0195,P030,2,128.97,0.0,257.94,27.22
S02010,2025-03-28,ST08,C0050,P026,1,48.78,0.0,48.78,38.46
S02011,2025-01-17,ST01,C0003,P044,3,63.39,0.1,171.15,157.65
S02012,2024-11-21,ST03,C0054,P013,4,87.68,0.05,333.18,164.44
S02013,2025-02-07,ST05,C0065,P012,4,107.39,0.1,386.6,124.24
S02014,2023-03-01,ST08,C0029,P015,2,36.23,0.1,65.21,47.08
S02015,2024-03-04,ST07,C0114,P018,2,75.37,0.1,135.67,81.2
S02016,2023-04-22,ST04,C0139,P001,5,144.68,0.0,723.4,112.4
S02017,2025-02-21,ST06,C0102,P048,3,131.28,0.0,393.84,55.53
S02018,2023-10-27,ST06,C0090,P011,1,96.17,0.15,81.74,45.75
S02019,2024-01-12,ST04,C0057,P039,2,108.79,0.05,206.7,53.3
S02020,2023-07-11,ST08,C0041,P045,2,128.71,0.1,231.68,92.94
S02021,2023-07-10,ST02,C0041,P006,4,38.24,0.0,152.96,189.08
S02022,2023-02-23,ST01,C0167,P023,3,103.23,0.1,278.72,165.15
S02023,2024-06-04,ST03,C0016,P028,4,93.53,0.15,318.0,158.2
S02024,2025-06-11,ST07,C0116,P027,6,121.52,0.0,729.12,80.46
S02025,2024-04-26,ST03,C0117,P011,5,96.17,0.15,408.72,228.75
S02026,2023-03-21,ST04,C0092,P020,5,98.43,0.05,467.54,299.4
S02027,2024-10-21,ST06,C0160,P017,1,25.33,0.05,24.06,57.37
S02028,2024-07-04,ST07,C0001,P047,3,84.64,0.0,253.92,72.81
S02029,2024-12-19,ST08,C0192,P027,3,121.52,0.05,346.33,40.23
S02030,2024-10-05,ST01,C0044,P002,5,87.83,0.0,439.15,141.35
S02031,2024-01-25,ST02,C0184,P043,5,121.53,0.0,607.65,235.85
S02032,2025-02-11,ST03,C0012,P039,2,108.79,0.0,217.58,53.3
S02033,2023-08-25,ST05,C0199,P024,2,52.66,0.1,94.79,85.36
S02034,2024-06-07,ST05,C0072,P003,5,37.7,0.1,169.65,161.7
S02035,2024-07-21,ST04,C0150,P003,2,37.7,0.0,75.4,64.68
S02036,2025-04-24,ST04,C0050,P023,2,103.23,0.0,206.46,110.1
S02037,2024-07-13,ST04,C0043,P001,3,144.68,0.0,434.04,67.44
S02038,2024-03-28,ST06,C0040,P003,6,37.7,0.0,226.2,194.04
S02039,2024-10-26,ST02,C0016,P023,5,103.23,0.15,438.73,275.25
S02040,2024-03-29,ST05,C0087,P015,3,36.23,0.15,92.39,70.62
S02041,2025-01-06,ST04,C0009,P044,4,63.39,0.1,228.2,210.2
S02042,2025-03-16,ST05,C0142,P033,6,113.38,0.0,680.28,302.34
S02043,2023-08-01,ST04,C0050,P040,2,121.88,0.0,243.76,44.76
S02044,2023-09-22,ST07,C0064,P019,2,49.2,0.1,88.56,94.88
S02045,2023-06-26,ST01,C0034,P028,5,93.53,0.0,467.65,197.75
S02046,2023-04-18,ST04,C0145,P023,1,103.23,0.0,103.23,55.05
S02047,2024-02-28,ST05,C0193,P018,1,75.37,0.0,75.37,40.6
S02048,2024-12-26,ST08,C0015,P038,3,124.25,0.1,335.48,167.61
S02049,2024-11-02,ST03,C0081,P026,1,48.78,0.0,48.78,38.46
S02050,2023-07-08,ST08,C0063,P010,4,55.91,0.0,223.64,232.36
S02051,2024-07-14,ST08,C0124,P005,3,99.71,0.1,269.22,168.0
S02052,2024-01-13,ST03,C0072,P024,1,52.66,0.0,52.66,42.68
S02053,2023-02-11,ST05,C0047,P025,6,112.7,0.0,676.2,52.02
S02054,2023-11-15,ST08,C0053,P037,3,142.97,0.1,386.02,27.78
S02055,2025-01-04,ST03,C0151,P007,2,124.91,0.05,237.33,95.52
S02056,2023-07-13,ST04,C0020,P029,1,106.78,0.05,101.44,53.26
S02057,2024-08-06,ST07,C0060,P024,2,52.66,0.05,100.05,85.36
S02058,2024-09-20,ST06,C0122,P018,2,75.37,0.15,128.13,81.2
S02059,2023-08-20,ST07,C0162,P033,3,113.38,0.05,323.13,151.17
S02060,2023-03-03,ST01,C0037,P007,5,124.91,0.05,593.32,238.8
S02061,2023-10-01,ST04,C0115,P008,1,103.99,0.0,103.99,48.89
S02062,2024-05-16,ST03,C0152,P037,6,142.97,0.15,729.15,55.56
S02063,2024-11-29,ST06,C0069,P035,2,24.85,0.0,49.7,105.8
S02064,2023-04-14,ST03,C0049,P004,6,112.08,0.0,672.48,71.34
S02065,2023-10-31,ST04,C0091,P005,3,99.71,0.0,299.13,168.0
S02066,2023-12-27,ST02,C0082,P001,3,144.68,0.0,434.04,67.44
S02067,2024-06-02,ST03,C0198,P047,1,84.64,0.1,76.18,24.27
S02068,2025-05-24,ST05,C0027,P041,2,102.52,0.15,174.28,88.7
S02069,2025-01-27,ST08,C0133,P004,4,112.08,0.1,403.49,47.56
S02070,2023-06-26,ST03,C0164,P030,3,128.97,0.05,367.56,40.83
S02071,2025-01-29,ST06,C0033,P039,6,108.79,0.15,554.83,159.9
S02072,2025-04-20,ST03,C0034,P017,1,25.33,0.1,22.8,57.37
S02073,2024-03-12,ST05,C0061,P035,6,24.85,0.15,126.74,317.4
S02074,2024-03-08,ST02,C0180,P021,5,130.5,0.0,652.5,102.75
S02075,2023-02-02,ST05,C0002,P048,5,131.28,0.05,623.58,92.55
S02076,2023-05-04,ST07,C0011,P032,4,112.21,0.15,381.51,152.68
S02077,2023-05-22,ST04,C0148,P025,2,112.7,0.0,225.4,17.34
S02078,2024-02-24,ST07,C0044,P049,3,76.91,0.0,230.73,76.56
S02079,2025-02-27,ST01,C0159,P023,2,103.23,0.0,206.46,110.1
S02080,2025-03-27,ST05,C0184,P030,4,128.97,0.0,515.88,54.44
S02081,2024-02-26,ST06,C0134,P004,6,112.08,0.1,605.23,71.34
S02082,2025-01-11,ST04,C0189,P023,6,103.23,0.1,557.44,330.3
S02083,2025-04-25,ST06,C0199,P011,6,96.17,0.05,548.17,274.5
S02084,2023-02-21,ST03,C0123,P046,4,33.17,0.0,132.68,204.36
S02085,2024-04-19,ST05,C0190,P002,4,87.83,0.05,333.75,113.08
S02086,2024-05-29,ST03,C0169,P009,3,128.46,0.0,385.38,54.18
S02087,2024-09-09,ST06,C0200,P014,6,97.8,0.0,586.8,288.78
S02088,2024-05-20,ST07,C0150,P006,2,38.24,0.1,68.83,94.54
S02089,2023-01-18,ST03,C0045,P011,3,96.17,0.0,288.51,137.25
S02090,2024-06-10,ST03,C0028,P049,3,76.91,0.15,196.12,76.56
S02091,2023-10-30,ST07,C0163,P043,2,121.53,0.0,243.06,94.34
S02092,2025-04-14,ST07,C0045,P029,2,106.78,0.1,192.2,106.52
S02093,2024-12-25,ST03,C0065,P049,6,76.91,0.0,461.46,153.12
S02094,2023-03-02,ST03,C0044,P006,2,38.24,0.0,76.48,94.54
S02095,2023-05-17,ST03,C0074,P006,5,38.24,0.0,191.2,236.35
S02096,2025-02-04,ST07,C0156,P001,4,144.68,0.0,578.72,89.92
S02097,2023-11-05,ST01,C0114,P045,2,128.71,0.05,244.55,92.94
S02098,2023-12-08,ST05,C0001,P026,3,48.78,0.0,146.34,115.38
S02099,2024-05-01,ST07,C0093,P038,2,124.25,0.0,248.5,111.74
S02100,2023-06-01,ST05,C0123,P005,6,99.71,0.0,598.26,336.0
S02101,2024-07-05,ST04,C0184,P002,5,87.83,0.0,439.15,141.35
S02102,2023-06-20,ST02,C0189,P004,5,112.08,0.0,560.4,59.45
S02103,2023-04-17,ST04,C0095,P016,5,134.43,0.1,604.94,79.95
S02104,2024-12-13,ST03,C0035,P012,3,107.39,0.05,306.06,93.18
S02105,2023-10-08,ST04,C0023,P006,4,38.24,0.0,152.96,189.08
S02106,2025-02-20,ST07,C0012,P045,1,128.71,0.1,115.84,46.47
S02107,2024-10-08,ST08,C0119,P010,6,55.91,0.0,335.46,348.54
S02108,2023-09-05,ST05,C0103,P021,4,130.5,0.0,522.0,82.2
S02109,2023-03-21,ST07,C0192,P044,1,63.39,0.05,60.22,52.55
S02110,2025-03-09,ST07,C0034,P028,3,93.53,0.0,280.59,118.65
S02111,2023-12-05,ST06,C0135,P046,1,33.17,0.0,33.17,51.09
S02112,2025-01-25,ST04,C0084,P037,4,142.97,0.0,571.88,37.04
S02113,2023-10-03,ST07,C0070,P013,1,87.68,0.05,83.3,41.11
S02114,2024-04-23,ST03,C0169,P028,2,93.53,0.15,159.0,79.1
S02115,2023-06-09,ST04,C0053,P008,4,103.99,0.0,415.96,195.56
S02116,2023-12-07,ST05,C0165,P001,3,144.68,0.15,368.93,67.44
S02117,2023-02-04,ST05,C0112,P006,2,38.24,0.0,76.48,94.54
S02118,2023-07-04,ST07,C0026,P046,3,33.17,0.0,99.51,153.27
S02119,2023-03-26,ST04,C0030,P019,4,49.2,0.0,196.8,189.76
S02120,2024-04-05,ST07,C0121,P030,5,128.97,0.0,644.85,68.05
S02121,2024-12-28,ST01,C0108,P031,4,145.67,0.15,495.28,51.76
S02122,2025-04-04,ST05,C0065,P014,2,97.8,0.1,176.04,96.26
S02123,2023-05-21,ST07,C0072,P003,1,37.7,0.05,35.81,32.34
S02124,2023-11-06,ST02,C0088,P021,5,130.5,0.1,587.25,102.75
S02125,2024-03-16,ST02,C0006,P029,4,106.78,0.1,384.41,213.04
S02126,2025-03-07,ST04,C0145,P040,2,121.88,0.0,243.76,44.76
S02127,2023-10-10,ST01,C0047,P045,2,128.71,0.0,257.42,92.94
S02128,2023-10-26,ST08,C0057,P036,3,23.33,0.0,69.99,128.37
S02129,2024-12-01,ST02,C0069,P050,4,61.96,0.0,247.84,231.52
S02130,2023-03-31,ST06,C0069,P015,4,36.23,0.0,144.92,94.16
S02131,2025-06-13,ST07,C0129,P013,5,87.68,0.0,438.4,205.55
S02132,2024-04-15,ST01,C0146,P029,2,106.78,0.0,213.56,106.52
S02133,2025-06-23,ST06,C0198,P019,6,49.2,0.0,295.2,284.64
S02134,2023-07-06,ST03,C0195,P025,4,112.7,0.1,405.72,34.68
S02135,2023-02-03,ST05,C0011,P037,6,142.97,0.05,814.93,55.56
S02136,2023-12-20,ST07,C0051,P012,6,107.39,0.15,547.69,186.36
S02137,2025-02-26,ST01,C0017,P018,1,75.37,0.1,67.83,40.6
S02138,2023-04-16,ST06,C0059,P022,6,102.95,0.0,617.7,179.58
S02139,2023-10-11,ST05,C0190,P031,2,145.67,0.0,291.34,25.88
S02140,2023-02-10,ST05,C0186,P026,2,48.78,0.0,97.56,76.92
S02141,2025-02-11,ST01,C0152,P050,1,61.96,0.1,55.76,57.88
S02142,2025-03-05,ST08,C0057,P050,5,61.96,0.0,309.8,289.4
S02143,2023-10-31,ST07,C0173,P017,1,25.33,0.0,25.33,57.37
S02144,2025-03-21,ST07,C0166,P032,6,112.21,0.0,673.26,229.02
S02145,2023-04-04,ST08,C0057,P019,5,49.2,0.1,221.4,237.2
S02146,2024-11-28,ST04,C0071,P017,4,25.33,0.0,101.32,229.48
S02147,2024-11-10,ST07,C0187,P026,1,48.78,0.1,43.9,38.46
S02148,2023-01-21,ST06,C0116,P049,4,76.91,0.0,307.64,102.08
S02149,2024-11-21,ST03,C0120,P027,6,121.52,0.05,692.66,80.46
S02150,2024-08-04,ST07,C0060,P049,5,76.91,0.0,384.55,127.6
S02151,2023-07-11,ST05,C0169,P024,6,52.66,0.0,315.96,256.08
S02152,2023-07-02,ST01,C0096,P034,1,77.23,0.0,77.23,41.65
S02153,2023-09-19,ST03,C0122,P029,5,106.78,0.0,533.9,266.3
S02154,2024-04-29,ST05,C0199,P001,3,144.68,0.0,434.04,67.44
S02155,2024-12-05,ST07,C0117,P045,1,128.71,0.0,128.71,46.47
S02156,2024-09-03,ST07,C0094,P016,4,134.43,0.0,537.72,63.96
S02157,2023-09-06,ST04,C0010,P022,6,102.95,0.0,617.7,179.58
S02158,2023-05-24,ST07,C0069,P029,5,106.78,0.1,480.51,266.3
S02159,2023-04-15,ST01,C0055,P016,4,134.43,0.05,510.83,63.96
S02160,2025-05-23,ST04,C0113,P042,1,132.25,0.05,125.64,37.04
S02161,2024-05-24,ST02,C0180,P031,5,145.67,0.0,728.35,64.7
S02162,2023-04-04,ST03,C0189,P012,4,107.39,0.05,408.08,124.24
S02163,2024-05-09,ST05,C0148,P031,1,145.67,0.1,131.1,12.94
S02164,2024-05-15,ST08,C0198,P002,5,87.83,0.15,373.28,141.35
S02165,2023-09-04,ST06,C0111,P033,2,113.38,0.1,204.08,100.78
S02166,2025-05-09,ST01,C0085,P049,4,76.91,0.05,292.26,102.08
S02167,2025-01-02,ST07,C0053,P049,2,76.91,0.0,153.82,51.04
S02168,2024-06-06,ST08,C0044,P044,4,63.39,0.0,253.56,210.2
S02169,2023-06-06,ST06,C0081,P048,1,131.28,0.15,111.59,18.51
S02170,2023-10-11,ST03,C0078,P041,2,102.52,0.0,205.04,88.7
S02171,2025-03-23,ST01,C0117,P045,3,128.71,0.15,328.21,139.41
S02172,2024-05-07,ST02,C0109,P036,5,23.33,0.05,110.82,213.95
S02173,2023-02-16,ST08,C0186,P044,1,63.39,0.05,60.22,52.55
S02174,2023-01-27,ST03,C0053,P026,1,48.78,0.0,48.78,38.46
S02175,2025-04-02,ST03,C0196,P026,5,48.78,0.15,207.31,192.3
S02176,2023-02-15,ST04,C0122,P001,5,144.68,0.1,651.06,112.4
S02177,2023-12-16,ST02,C0197,P012,6,107.39,0.1,579.91,186.36
S02178,2023-03-20,ST08,C0041,P035,1,24.85,0.1,22.37,52.9
S02179,2023-12-24,ST06,C0108,P010,2,55.91,0.0,111.82,116.18
S02180,2024-10-03,ST08,C0024,P030,6,128.97,0.0,773.82,81.66
S02181,2025-03-22,ST05,C0109,P035,5,24.85,0.0,124.25,264.5
S02182,2024-07-27,ST05,C0104,P011,2,96.17,0.0,192.34,91.5
S02183,2024-09-20,ST04,C0184,P014,1,97.8,0.15,83.13,48.13
S02184,2024-02-11,ST06,C0061,P050,3,61.96,0.15,158.0,173.64
S02185,2023-11-20,ST01,C0154,P041,1,102.52,0.0,102.52,44.35
S02186,2023-10-30,ST07,C0199,P023,4,103.23,0.0,412.92,220.2
S02187,2023-06-30,ST03,C0154,P025,1,112.7,0.1,101.43,8.67
S02188,2024-11-21,ST08,C0138,P022,2,102.95,0.0,205.9,59.86
S02189,2025-01-07,ST03,C0067,P024,3,52.66,0.0,157.98,128.04
S02190,2023-03-13,ST05,C0132,P036,6,23.33,0.0,139.98,256.74
S02191,2025-04-20,ST03,C0179,P004,6,112.08,0.15,571.61,71.34
S02192,2024-11-27,ST08,C0020,P048,6,131.28,0.1,708.91,111.06
S02193,2024-06-01,ST08,C0107,P008,5,103.99,0.0,519.95,244.45
S02194,2023-03-26,ST07,C0163,P025,6,112.7,0.0,676.2,52.02
S02195,2024-12-31,ST02,C0057,P043,3,121.53,0.15,309.9,141.51
S02196,2024-09-28,ST01,C0149,P034,1,77.23,0.05,73.37,41.65
S02197,2023-03-30,ST03,C0065,P042,6,132.25,0.1,714.15,222.24
S02198,2023-10-10,ST01,C0085,P006,2,38.24,0.05,72.66,94.54
S02199,2024-08-10,ST02,C0012,P050,4,61.96,0.0,247.84,231.52
S02200,2024-11-29,ST07,C0040,P039,6,108.79,0.0,652.74,159.9
S02201,2024-03-04,ST01,C0115,P003,2,37.7,0.0,75.4,64.68
S02202,2025-05-13,ST01,C0162,P033,5,113.38,0.15,481.86,251.95
S02203,2023-05-11,ST03,C0117,P005,4,99.71,0.0,398.84,224.0
S02204,2025-03-26,ST07,C0043,P034,5,77.23,0.0,386.15,208.25
S02205,2023-08-24,ST05,C0198,P042,3,132.25,0.1,357.07,111.12
S02206,2023-11-28,ST01,C0193,P021,6,130.5,0.0,783.0,123.3
S02207,2023-06-17,ST06,C0038,P030,5,128.97,0.0,644.85,68.05
S02208,2025-04-15,ST08,C0166,P042,6,132.25,0.0,793.5,222.24
S02209,2023-10-28,ST07,C0020,P006,5,38.24,0.0,191.2,236.35
S02210,2025-02-23,ST02,C0152,P028,6,93.53,0.1,505.06,237.3
S02211,2023-10-23,ST03,C0029,P025,4,112.7,0.05,428.26,34.68
S02212,2024-03-20,ST01,C0034,P026,5,48.78,0.0,243.9,192.3
S02213,2023-03-01,ST01,C0035,P034,2,77.23,0.1,139.01,83.3
S02214,2023-04-13,ST01,C0117,P008,6,103.99,0.0,623.94,293.34
S02215,2024-03-12,ST05,C0050,P027,3,121.52,0.0,364.56,40.23
S02216,2025-02-09,ST07,C0084,P014,6,97.8,0.15,498.78,288.78
S02217,2023-09-15,ST05,C0165,P012,3,107.39,0.1,289.95,93.18
S02218,2023-11-14,ST01,C0125,P044,1,63.39,0.0,63.39,52.55
S02219,2024-06-07,ST05,C0189,P001,6,144.68,0.15,737.87,134.88
S02220,2024-04-07,ST03,C0077,P010,6,55.91,0.0,335.46,348.54
S02221,2024-01-05,ST01,C0105,P014,5,97.8,0.0,489.0,240.65
S02222,2024-10-12,ST08,C0058,P010,3,55.91,0.0,167.73,174.27
S02223,2023-04-08,ST05,C0047,P001,5,144.68,0.05,687.23,112.4
S02224,2024-05-21,ST01,C0181,P026,2,48.78,0.1,87.8,76.92
S02225,2023-03-06,ST08,C0167,P025,1,112.7,0.0,112.7,8.67
S02226,2023-10-03,ST04,C0076,P049,4,76.91,0.0,307.64,102.08
S02227,2024-02-24,ST05,C0196,P009,1,128.46,0.0,128.46,18.06
S02228,2024-06-21,ST07,C0057,P023,3,103.23,0.1,278.72,165.15
S02229,2023-08-06,ST08,C0021,P049,3,76.91,0.0,230.73,76.56
S02230,2023-08-11,ST04,C0005,P044,4,63.39,0.15,215.53,210.2
S02231,2023-05-25,ST03,C0131,P018,1,75.37,0.0,75.37,40.6
S02232,2024-03-15,ST08,C0146,P046,4,33.17,0.0,132.68,204.36
S02233,2023-03-02,ST05,C0095,P034,6,77.23,0.05,440.21,249.9
S02234,2023-07-09,ST04,C0039,P027,2,121.52,0.0,243.04,26.82
S02235,2024-09-24,ST07,C0010,P028,4,93.53,0.05,355.41,158.2
S02236,2024-01-28,ST07,C0199,P039,3,108.79,0.1,293.73,79.95
S02237,2025-06-11,ST06,C0034,P005,5,99.71,0.0,498.55,280.0
S02238,2024-05-31,ST03,C0125,P037,2,142.97,0.15,243.05,18.52
S02239,2023-11-08,ST03,C0066,P004,5,112.08,0.1,504.36,59.45
S02240,2024-09-24,ST03,C0048,P025,4,112.7,0.1,405.72,34.68
S02241,2023-06-07,ST01,C0033,P040,4,121.88,0.05,463.14,89.52
S02242,2024-09-02,ST08,C0019,P026,5,48.78,0.1,219.51,192.3
S02243,2024-11-04,ST04,C0046,P027,3,121.52,0.05,346.33,40.23
S02244,2024-10-10,ST03,C0152,P040,5,121.88,0.15,517.99,111.9
S02245,2025-02-01,ST04,C0188,P039,2,108.79,0.0,217.58,53.3
S02246,2023-04-15,ST08,C0142,P049,4,76.91,0.1,276.88,102.08
S02247,2024-06-27,ST08,C0119,P033,4,113.38,0.1,408.17,201.56
S02248,2023-10-24,ST07,C0096,P012,1,107.39,0.0,107.39,31.06
S02249,2023-03-30,ST05,C0064,P008,5,103.99,0.0,519.95,244.45
S02250,2024-02-10,ST05,C0134,P004,5,112.08,0.0,560.4,59.45
S02251,2023-10-08,ST04,C0084,P007,5,124.91,0.1,562.1,238.8
S02252,2024-01-05,ST02,C0049,P048,2,131.28,0.0,262.56,37.02
S02253,2024-06-29,ST01,C0003,P026,1,48.78,0.0,48.78,38.46
S02254,2024-09-16,ST01,C0077,P019,6,49.2,0.15,250.92,284.64
S02255,2024-06-27,ST07,C0120,P045,2,128.71,0.1,231.68,92.94
S02256,2025-01-16,ST02,C0192,P047,3,84.64,0.15,215.83,72.81
S02257,2023-10-26,ST04,C0170,P042,1,132.25,0.0,132.25,37.04
S02258,2024-08-10,ST02,C0145,P047,2,84.64,0.0,169.28,48.54
S02259,2023-02-26,ST04,C0005,P008,5,103.99,0.1,467.95,244.45
S02260,2023-07-18,ST03,C0083,P032,6,112.21,0.1,605.93,229.02
S02261,2023-05-07,ST01,C0034,P031,5,145.67,0.1,655.51,64.7
S02262,2024-06-13,ST06,C0112,P035,6,24.85,0.05,141.65,317.4
S02263,2024-11-18,ST03,C0041,P020,3,98.43,0.0,295.29,179.64
S02264,2025-01-07,ST03,C0159,P022,1,102.95,0.1,92.66,29.93
S02265,2024-11-20,ST06,C0060,P012,2,107.39,0.0,214.78,62.12
S02266,2024-08-25,ST07,C0125,P037,4,142.97,0.1,514.69,37.04
S02267,2024-02-17,ST05,C0160,P007,5,124.91,0.1,562.1,238.8
S02268,2023-09-23,ST01,C0033,P026,6,48.78,0.0,292.68,230.76
S02269,2024-07-14,ST03,C0137,P026,1,48.78,0.0,48.78,38.46
S02270,2024-02-12,ST06,C0169,P031,2,145.67,0.15,247.64,25.88
S02271,2023-07-07,ST07,C0115,P001,4,144.68,0.0,578.72,89.92
S02272,2025-03-10,ST06,C0111,P034,4,77.23,0.0,308.92,166.6
S02273,2023-10-01,ST05,C0196,P049,1,76.91,0.0,76.91,25.52
S02274,2024-12-24,ST08,C0079,P016,3,134.43,0.0,403.29,47.97
S02275,2024-09-11,ST06,C0042,P046,2,33.17,0.0,66.34,102.18
S02276,2025-04-16,ST08,C0050,P043,6,121.53,0.1,656.26,283.02
S02277,2025-05-03,ST02,C0104,P021,1,130.5,0.0,130.5,20.55
S02278,2024-10-15,ST08,C0126,P032,2,112.21,0.15,190.76,76.34
S02279,2025-04-13,ST08,C0019,P011,3,96.17,0.0,288.51,137.25
S02280,2025-06-21,ST02,C0108,P015,5,36.23,0.15,153.98,117.7
S02281,2024-06-14,ST03,C0012,P012,6,107.39,0.0,644.34,186.36
S02282,2024-07-11,ST02,C0191,P040,5,121.88,0.0,609.4,111.9
S02283,2024-04-09,ST04,C0124,P034,2,77.23,0.05,146.74,83.3
S02284,2025-02-11,ST05,C0049,P003,6,37.7,0.0,226.2,194.04
S02285,2025-02-15,ST05,C0080,P019,4,49.2,0.0,196.8,189.76
S02286,2023-02-26,ST01,C0156,P036,3,23.33,0.05,66.49,128.37
S02287,2025-03-31,ST08,C0007,P028,6,93.53,0.1,505.06,237.3
S02288,2025-05-31,ST04,C0033,P027,3,121.52,0.0,364.56,40.23
S02289,2023-01-01,ST08,C0178,P001,4,144.68,0.0,578.72,89.92
S02290,2024-05-25,ST02,C0200,P005,4,99.71,0.15,339.01,224.0
S02291,2025-06-10,ST06,C0177,P003,1,37.7,0.05,35.81,32.34
S02292,2023-04-10,ST03,C0062,P045,5,128.71,0.1,579.2,232.35
S02293,2023-09-15,ST05,C0021,P023,3,103.23,0.05,294.21,165.15
S02294,2023-01-29,ST01,C0066,P013,5,87.68,0.0,438.4,205.55
S02295,2024-01-29,ST01,C0091,P036,3,23.33,0.0,69.99,128.37
S02296,2024-06-21,ST02,C0190,P035,6,24.85,0.15,126.74,317.4
S02297,2024-07-23,ST08,C0083,P007,3,124.91,0.0,374.73,143.28
S02298,2024-10-10,ST07,C0159,P046,6,33.17,0.0,199.02,306.54
S02299,2024-01-05,ST02,C0155,P016,4,134.43,0.0,537.72,63.96
S02300,2024-02-01,ST08,C0126,P042,1,132.25,0.0,132.25,37.04
S02301,2023-07-12,ST04,C0003,P019,1,49.2,0.15,41.82,47.44
S02302,2023-06-07,ST05,C0082,P020,1,98.43,0.1,88.59,59.88
S02303,2023-05-07,ST04,C0005,P018,5,75.37,0.15,320.32,203.0
S02304,2024-05-20,ST03,C0039,P035,1,24.85,0.1,22.37,52.9
S02305,2025-02-07,ST04,C0175,P002,5,87.83,0.05,417.19,141.35
S02306,2023-11-25,ST03,C0197,P026,6,48.78,0.15,248.78,230.76
S02307,2024-01-16,ST06,C0062,P003,5,37.7,0.1,169.65,161.7
S02308,2023-09-20,ST05,C0176,P026,6,48.78,0.15,248.78,230.76
S02309,2025-03-06,ST08,C0006,P048,5,131.28,0.1,590.76,92.55
S02310,2023-04-25,ST07,C0039,P001,3,144.68,0.0,434.04,67.44
S02311,2023-01-11,ST06,C0179,P039,1,108.79,0.05,103.35,26.65
S02312,2024-08-13,ST07,C0178,P019,6,49.2,0.1,265.68,284.64
S02313,2023-05-12,ST04,C0053,P014,3,97.8,0.15,249.39,144.39
S02314,2025-03-17,ST04,C0034,P027,1,121.52,0.0,121.52,13.41
S02315,2024-08-22,ST05,C0120,P039,3,108.79,0.0,326.37,79.95
S02316,2025-06-07,ST01,C0130,P033,4,113.38,0.05,430.84,201.56
S02317,2023-05-04,ST08,C0130,P003,1,37.7,0.1,33.93,32.34
S02318,2023-05-06,ST02,C0011,P011,5,96.17,0.15,408.72,228.75
S02319,2025-01-04,ST05,C0024,P040,2,121.88,0.0,243.76,44.76
S02320,2025-02-22,ST03,C0052,P006,4,38.24,0.05,145.31,189.08
S02321,2025-03-25,ST06,C0025,P007,5,124.91,0.0,624.55,238.8
S02322,2024-09-25,ST01,C0087,P036,3,23.33,0.0,69.99,128.37
S02323,2025-04-27,ST03,C0062,P026,6,48.78,0.0,292.68,230.76
S02324,2024-07-21,ST07,C0153,P008,1,103.99,0.0,103.99,48.89
S02325,2024-02-18,ST03,C0176,P030,2,128.97,0.0,257.94,27.22
S02326,2024-01-22,ST08,C0058,P021,6,130.5,0.0,783.0,123.3
S02327,2025-01-17,ST05,C0123,P031,3,145.67,0.15,371.46,38.82
S02328,2023-12-17,ST08,C0076,P018,6,75.37,0.15,384.39,243.6
S02329,2023-07-25,ST03,C0137,P004,6,112.08,0.0,672.48,71.34
S02330,2024-01-22,ST02,C0114,P006,3,38.24,0.05,108.98,141.81
S02331,2023-01-07,ST06,C0019,P048,6,131.28,0.0,787.68,111.06
S02332,2024-03-29,ST07,C0070,P037,4,142.97,0.05,543.29,37.04
S02333,2024-10-27,ST07,C0034,P027,2,121.52,0.0,243.04,26.82
S02334,2024-10-10,ST07,C0180,P021,1,130.5,0.0,130.5,20.55
S02335,2023-09-03,ST03,C0004,P015,6,36.23,0.05,206.51,141.24
S02336,2025-04-24,ST05,C0190,P005,1,99.71,0.0,99.71,56.0
S02337,2024-06-09,ST08,C0125,P024,1,52.66,0.0,52.66,42.68
S02338,2023-01-31,ST07,C0133,P025,1,112.7,0.0,112.7,8.67
S02339,2023-02-04,ST04,C0101,P004,1,112.08,0.05,106.48,11.89
S02340,2024-03-16,ST07,C0062,P026,1,48.78,0.0,48.78,38.46
S02341,2023-12-02,ST02,C0034,P003,6,37.7,0.15,192.27,194.04
S02342,2024-06-12,ST01,C0069,P028,5,93.53,0.1,420.88,197.75
S02343,2025-05-26,ST01,C0031,P038,2,124.25,0.1,223.65,111.74
S02344,2023-03-14,ST02,C0152,P003,2,37.7,0.0,75.4,64.68
S02345,2024-10-27,ST01,C0061,P048,2,131.28,0.0,262.56,37.02
S02346,2024-04-24,ST05,C0006,P009,3,128.46,0.0,385.38,54.18
S02347,2025-02-21,ST08,C0052,P045,3,128.71,0.1,347.52,139.41
S02348,2024-11-14,ST06,C0179,P030,2,128.97,0.0,257.94,27.22
S02349,2023-09-12,ST03,C0167,P037,4,142.97,0.0,571.88,37.04
S02350,2024-04-15,ST07,C0160,P004,1,112.08,0.0,112.08,11.89
S02351,2024-04-21,ST08,C0090,P030,3,128.97,0.15,328.87,40.83
S02352,2024-07-09,ST05,C0066,P021,6,130.5,0.1,704.7,123.3
S02353,2023-08-12,ST06,C0012,P009,3,128.46,0.15,327.57,54.18
S02354,2024-07-28,ST05,C0155,P036,6,23.33,0.0,139.98,256.74
S02355,2024-08-27,ST02,C0058,P022,1,102.95,0.1,92.66,29.93
S02356,2024-09-01,ST02,C0162,P002,6,87.83,0.1,474.28,169.62
S02357,2024-09-15,ST06,C0100,P039,6,108.79,0.0,652.74,159.9
S02358,2024-05-06,ST05,C0055,P034,3,77.23,0.0,231.69,124.95
S02359,2024-06-12,ST03,C0104,P026,2,48.78,0.1,87.8,76.92
S02360,2024-07-12,ST03,C0095,P044,1,63.39,0.05,60.22,52.55
S02361,2025-04-03,ST01,C0127,P040,3,121.88,0.15,310.79,67.14
S02362,2024-05-02,ST01,C0098,P027,2,121.52,0.05,230.89,26.82
S02363,2023-01-10,ST03,C0108,P007,3,124.91,0.1,337.26,143.28
S02364,2024-02-18,ST08,C0008,P028,1,93.53,0.0,93.53,39.55
S02365,2025-04-05,ST03,C0164,P029,4,106.78,0.05,405.76,213.04
S02366,2024-06-06,ST04,C0034,P002,3,87.83,0.0,263.49,84.81
S02367,2023-10-30,ST06,C0130,P024,1,52.66,0.0,52.66,42.68
S02368,2023-11-18,ST01,C0051,P024,1,52.66,0.05,50.03,42.68
S02369,2025-06-09,ST02,C0174,P015,4,36.23,0.05,137.67,94.16
S02370,2023-09-26,ST07,C0081,P007,1,124.91,0.0,124.91,47.76
S02371,2023-06-02,ST01,C0113,P034,3,77.23,0.0,231.69,124.95
S02372,2024-09-25,ST05,C0066,P012,1,107.39,0.0,107.39,31.06
S02373,2024-06-28,ST06,C0152,P016,3,134.43,0.05,383.13,47.97
S02374,2023-10-05,ST01,C0068,P037,6,142.97,0.05,814.93,55.56
S02375,2024-12-16,ST06,C0188,P017,2,25.33,0.0,50.66,114.74
S02376,2023-08-26,ST08,C0082,P044,5,63.39,0.0,316.95,262.75
S02377,2024-07-27,ST08,C0186,P021,1,130.5,0.1,117.45,20.55
S02378,2024-06-10,ST07,C0021,P048,4,131.28,0.15,446.35,74.04
S02379,2024-06-05,ST07,C0184,P020,5,98.43,0.0,492.15,299.4
S02380,2024-08-20,ST07,C0085,P028,1,93.53,0.1,84.18,39.55
S02381,2023-09-23,ST06,C0050,P016,6,134.43,0.1,725.92,95.94
S02382,2024-11-02,ST08,C0068,P032,4,112.21,0.1,403.96,152.68
S02383,2023-01-25,ST08,C0096,P001,1,144.68,0.0,144.68,22.48
S02384,2024-03-17,ST08,C0191,P016,4,134.43,0.15,457.06,63.96
S02385,2023-04-26,ST05,C0139,P006,2,38.24,0.0,76.48,94.54
S02386,2023-03-12,ST03,C0026,P042,2,132.25,0.0,264.5,74.08
S02387,2024-12-15,ST07,C0093,P039,4,108.79,0.0,435.16,106.6
S02388,2023-08-18,ST03,C0049,P014,6,97.8,0.15,498.78,288.78
S02389,2024-07-14,ST08,C0179,P039,2,108.79,0.15,184.94,53.3
S02390,2023-09-08,ST07,C0054,P009,3,128.46,0.0,385.38,54.18
S02391,2023-08-23,ST03,C0048,P003,3,37.7,0.0,113.1,97.02
S02392,2024-11-06,ST07,C0042,P049,4,76.91,0.05,292.26,102.08
S02393,2024-07-04,ST03,C0152,P040,3,121.88,0.0,365.64,67.14
S02394,2025-04-09,ST04,C0122,P029,5,106.78,0.15,453.81,266.3
S02395,2024-11-04,ST06,C0058,P011,6,96.17,0.0,577.02,274.5
S02396,2024-08-23,ST04,C0035,P003,6,37.7,0.0,226.2,194.04
S02397,2023-12-03,ST02,C0148,P002,3,87.83,0.15,223.97,84.81
S02398,2023-06-09,ST07,C0017,P001,5,144.68,0.0,723.4,112.4
S02399,2024-12-13,ST03,C0195,P015,5,36.23,0.0,181.15,117.7
S02400,2023-08-04,ST04,C0036,P019,3,49.2,0.05,140.22,142.32
S02401,2023-06-14,ST03,C0019,P043,5,121.53,0.0,607.65,235.85
S02402,2024-04-25,ST06,C0124,P044,3,63.39,0.0,190.17,157.65
S02403,2023-01-31,ST06,C0069,P022,2,102.95,0.05,195.6,59.86
S02404,2025-06-15,ST06,C0114,P004,4,112.08,0.1,403.49,47.56
S02405,2025-05-31,ST02,C0156,P045,2,128.71,0.1,231.68,92.94
S02406,2024-06-26,ST01,C0032,P015,1,36.23,0.15,30.8,23.54
S02407,2025-01-18,ST04,C0073,P026,2,48.78,0.15,82.93,76.92
S02408,2025-02-02,ST07,C0048,P010,6,55.91,0.15,285.14,348.54
S02409,2024-11-16,ST03,C0039,P050,4,61.96,0.05,235.45,231.52
S02410,2024-01-12,ST04,C0120,P030,2,128.97,0.0,257.94,27.22
S02411,2023-12-16,ST01,C0186,P027,4,121.52,0.05,461.78,53.64
S02412,2024-08-24,ST08,C0187,P020,1,98.43,0.05,93.51,59.88
S02413,2024-10-23,ST06,C0054,P001,1,144.68,0.0,144.68,22.48
S02414,2023-06-02,ST06,C0009,P025,5,112.7,0.0,563.5,43.35
S02415,2024-06-10,ST05,C0160,P011,2,96.17,0.15,163.49,91.5
S02416,2025-02-05,ST01,C0022,P019,6,49.2,0.05,280.44,284.64
S02417,2023-02-19,ST01,C0077,P046,2,33.17,0.05,63.02,102.18
S02418,2023-08-29,ST07,C0005,P018,4,75.37,0.0,301.48,162.4
S02419,2025-01-16,ST07,C0043,P033,4,113.38,0.05,430.84,201.56
S02420,2023-02-17,ST01,C0096,P009,4,128.46,0.0,513.84,72.24
S02421,2024-02-27,ST04,C0011,P001,6,144.68,0.05,824.68,134.88
S02422,2024-03-09,ST06,C0131,P013,6,87.68,0.05,499.78,246.66
S02423,2024-03-09,ST02,C0106,P017,3,25.33,0.1,68.39,172.11
S02424,2025-05-13,ST06,C0069,P029,5,106.78,0.05,507.2,266.3
S02425,2025-04-20,ST04,C0151,P042,1,132.25,0.1,119.03,37.04
S02426,2023-08-01,ST08,C0151,P014,6,97.8,0.1,528.12,288.78
S02427,2024-09-14,ST05,C0182,P035,5,24.85,0.0,124.25,264.5
S02428,2023-12-22,ST07,C0154,P017,1,25.33,0.1,22.8,57.37
S02429,2023-08-28,ST06,C0159,P048,3,131.28,0.0,393.84,55.53
S02430,2024-04-28,ST04,C0153,P019,2,49.2,0.05,93.48,94.88
S02431,2024-02-01,ST05,C0112,P050,2,61.96,0.0,123.92,115.76
S02432,2023-09-21,ST04,C0191,P009,5,128.46,0.0,642.3,90.3
S02433,2024-12-27,ST03,C0026,P025,1,112.7,0.0,112.7,8.67
S02434,2023-12-15,ST02,C0141,P046,6,33.17,0.0,199.02,306.54
S02435,2023-10-15,ST05,C0158,P022,5,102.95,0.0,514.75,149.65
S02436,2024-04-28,ST01,C0065,P015,1,36.23,0.15,30.8,23.54
S02437,2025-05-20,ST08,C0047,P005,4,99.71,0.15,339.01,224.0
S02438,2023-03-30,ST03,C0042,P045,2,128.71,0.1,231.68,92.94
S02439,2024-04-29,ST05,C0181,P034,4,77.23,0.0,308.92,166.6
S02440,2023-11-19,ST03,C0164,P012,3,107.39,0.05,306.06,93.18
S02441,2025-02-08,ST08,C0119,P046,1,33.17,0.1,29.85,51.09
S02442,2024-07-10,ST03,C0129,P050,2,61.96,0.0,123.92,115.76
S02443,2024-08-17,ST08,C0135,P029,1,106.78,0.0,106.78,53.26
S02444,2023-09-06,ST05,C0140,P043,1,121.53,0.05,115.45,47.17
S02445,2023-09-04,ST07,C0013,P034,6,77.23,0.0,463.38,249.9
S02446,2024-12-31,ST05,C0052,P047,5,84.64,0.15,359.72,121.35
S02447,2023-08-21,ST05,C0103,P024,4,52.66,0.15,179.04,170.72
S02448,2024-06-16,ST05,C0154,P037,4,142.97,0.0,571.88,37.04
S02449,2024-02-25,ST06,C0174,P049,5,76.91,0.05,365.32,127.6
S02450,2024-09-07,ST05,C0114,P044,5,63.39,0.05,301.1,262.75
S02451,2023-08-09,ST04,C0174,P013,1,87.68,0.1,78.91,41.11
S02452,2024-09-04,ST04,C0040,P029,4,106.78,0.0,427.12,213.04
S02453,2024-12-02,ST01,C0140,P004,5,112.08,0.0,560.4,59.45
S02454,2024-04-18,ST07,C0022,P027,4,121.52,0.0,486.08,53.64
S02455,2024-09-09,ST07,C0026,P001,3,144.68,0.0,434.04,67.44
S02456,2025-06-23,ST08,C0188,P021,6,130.5,0.1,704.7,123.3
S02457,2023-10-13,ST06,C0072,P027,4,121.52,0.15,413.17,53.64
S02458,2023-01-10,ST06,C0103,P034,3,77.23,0.0,231.69,124.95
S02459,2023-01-08,ST02,C0091,P032,2,112.21,0.0,224.42,76.34
S02460,2023-03-03,ST05,C0111,P031,1,145.67,0.0,145.67,12.94
S02461,2024-01-10,ST08,C0099,P004,3,112.08,0.1,302.62,35.67
S02462,2024-04-23,ST03,C0136,P027,3,121.52,0.15,309.88,40.23
S02463,2024-09-16,ST02,C0092,P004,4,112.08,0.05,425.9,47.56
S02464,2023-11-17,ST06,C0066,P023,1,103.23,0.0,103.23,55.05
S02465,2024-10-22,ST05,C0066,P012,3,107.39,0.0,322.17,93.18
S02466,2023-08-18,ST08,C0132,P050,3,61.96,0.0,185.88,173.64
S02467,2023-02-01,ST04,C0052,P010,5,55.91,0.05,265.57,290.45
S02468,2024-07-18,ST01,C0110,P035,5,24.85,0.0,124.25,264.5
S02469,2023-02-21,ST01,C0121,P021,6,130.5,0.0,783.0,123.3
S02470,2024-06-25,ST04,C0006,P029,4,106.78,0.0,427.12,213.04
S02471,2025-03-25,ST05,C0160,P003,3,37.7,0.0,113.1,97.02
S02472,2023-07-17,ST07,C0132,P014,1,97.8,0.0,97.8,48.13
S02473,2024-06-30,ST06,C0178,P003,6,37.7,0.0,226.2,194.04
S02474,2023-04-21,ST04,C0157,P035,1,24.85,0.1,22.37,52.9
S02475,2025-05-22,ST02,C0072,P050,2,61.96,0.0,123.92,115.76
S02476,2023-03-20,ST01,C0149,P043,5,121.53,0.05,577.27,235.85
S02477,2024-07-04,ST08,C0017,P041,5,102.52,0.05,486.97,221.75
S02478,2023-12-09,ST03,C0125,P037,3,142.97,0.0,428.91,27.78
S02479,2024-11-26,ST05,C0143,P010,1,55.91,0.0,55.91,58.09
S02480,2024-08-13,ST05,C0100,P024,5,52.66,0.0,263.3,213.4
S02481,2025-01-01,ST01,C0082,P020,4,98.43,0.0,393.72,239.52
S02482,2023-06-18,ST07,C0193,P023,6,103.23,0.05,588.41,330.3
S02483,2023-04-11,ST01,C0131,P020,5,98.43,0.0,492.15,299.4
S02484,2023-06-17,ST04,C0164,P032,5,112.21,0.0,561.05,190.85
S02485,2023-09-26,ST06,C0005,P044,5,63.39,0.15,269.41,262.75
S02486,2024-08-24,ST01,C0141,P049,2,76.91,0.15,130.75,51.04
S02487,2023-03-10,ST03,C0001,P028,6,93.53,0.1,505.06,237.3
S02488,2024-02-18,ST03,C0070,P017,6,25.33,0.0,151.98,344.22
S02489,2025-06-25,ST06,C0024,P015,5,36.23,0.1,163.03,117.7
S02490,2024-12-01,ST06,C0036,P049,5,76.91,0.0,384.55,127.6
S02491,2024-09-22,ST08,C0005,P040,2,121.88,0.0,243.76,44.76
S02492,2024-08-31,ST04,C0011,P010,1,55.91,0.1,50.32,58.09
S02493,2024-12-02,ST08,C0113,P048,4,131.28,0.0,525.12,74.04
S02494,2023-08-23,ST08,C0112,P035,3,24.85,0.1,67.1,158.7
S02495,2024-12-12,ST05,C0030,P024,1,52.66,0.1,47.39,42.68
S02496,2023-09-10,ST05,C0189,P028,6,93.53,0.1,505.06,237.3
S02497,2023-02-26,ST04,C0041,P047,1,84.64,0.1,76.18,24.27
S02498,2023-12-21,ST03,C0194,P034,5,77.23,0.0,386.15,208.25
S02499,2025-06-26,ST07,C0134,P042,6,132.25,0.1,714.15,222.24
S02500,2023-08-24,ST07,C0028,P018,2,75.37,0.0,150.74,81.2
S02501,2025-01-10,ST04,C0197,P042,2,132.25,0.05,251.27,74.08
S02502,2023-06-12,ST06,C0189,P002,6,87.83,0.1,474.28,169.62
S02503,2023-03-05,ST05,C0184,P025,2,112.7,0.05,214.13,17.34
S02504,2025-06-11,ST05,C0124,P027,5,121.52,0.0,607.6,67.05
S02505,2023-07-02,ST04,C0114,P007,6,124.91,0.0,749.46,286.56
S02506,2023-12-24,ST03,C0104,P025,5,112.7,0.0,563.5,43.35
S02507,2024-08-11,ST02,C0165,P043,3,121.53,0.0,364.59,141.51
S02508,2023-04-09,ST02,C0196,P034,4,77.23,0.1,278.03,166.6
S02509,2024-05-07,ST05,C0039,P033,2,113.38,0.05,215.42,100.78
S02510,2024-01-28,ST05,C0088,P024,4,52.66,0.1,189.58,170.72
S02511,2024-07-13,ST01,C0152,P036,4,23.33,0.0,93.32,171.16
S02512,2023-04-07,ST08,C0035,P016,6,134.43,0.0,806.58,95.94
S02513,2024-02-07,ST08,C0168,P015,1,36.23,0.05,34.42,23.54
S02514,2023-08-24,ST01,C0129,P040,2,121.88,0.0,243.76,44.76
S02515,2023-02-01,ST01,C0121,P015,1,36.23,0.15,30.8,23.54
S02516,2023-03-06,ST06,C0110,P049,3,76.91,0.15,196.12,76.56
S02517,2024-10-24,ST08,C0161,P035,1,24.85,0.15,21.12,52.9
S02518,2024-12-09,ST08,C0072,P036,4,23.33,0.1,83.99,171.16
S02519,2023-01-18,ST05,C0181,P021,1,130.5,0.15,110.92,20.55
S02520,2024-03-29,ST08,C0108,P029,3,106.78,0.0,320.34,159.78
S02521,2024-08-17,ST02,C0152,P013,5,87.68,0.1,394.56,205.55
S02522,2023-01-01,ST01,C0176,P040,4,121.88,0.15,414.39,89.52
S02523,2023-02-04,ST02,C0119,P014,3,97.8,0.1,264.06,144.39
S02524,2023-12-22,ST08,C0083,P005,5,99.71,0.0,498.55,280.0
S02525,2023-05-19,ST05,C0149,P036,3,23.33,0.1,62.99,128.37
S02526,2023-10-28,ST07,C0196,P039,2,108.79,0.05,206.7,53.3
S02527,2023-12-23,ST05,C0054,P036,5,23.33,0.1,104.98,213.95
S02528,2023-01-04,ST04,C0106,P029,5,106.78,0.0,533.9,266.3
S02529,2024-10-06,ST08,C0005,P010,4,55.91,0.0,223.64,232.36
S02530,2024-12-03,ST07,C0061,P010,6,55.91,0.0,335.46,348.54
S02531,2024-03-11,ST01,C0030,P012,6,107.39,0.0,644.34,186.36
S02532,2024-01-03,ST02,C0023,P048,2,131.28,0.1,236.3,37.02
S02533,2024-10-24,ST07,C0139,P042,6,132.25,0.0,793.5,222.24
S02534,2025-01-09,ST03,C0197,P033,1,113.38,0.15,96.37,50.39
S02535,2023-03-05,ST07,C0002,P032,4,112.21,0.15,381.51,152.68
S02536,2023-07-25,ST01,C0153,P049,1,76.91,0.0,76.91,25.52
S02537,2023-12-17,ST03,C0151,P030,2,128.97,0.05,245.04,27.22
S02538,2024-09-19,ST03,C0038,P050,4,61.96,0.1,223.06,231.52
S02539,2024-12-11,ST04,C0060,P039,3,108.79,0.15,277.41,79.95
S02540,2023-04-21,ST07,C0170,P033,6,113.38,0.0,680.28,302.34
S02541,2024-05-02,ST01,C0117,P039,2,108.79,0.15,184.94,53.3
S02542,2025-06-22,ST07,C0012,P021,4,130.5,0.0,522.0,82.2
S02543,2023-10-31,ST07,C0131,P030,5,128.97,0.15,548.12,68.05
S02544,2023-10-03,ST06,C0049,P015,3,36.23,0.15,92.39,70.62
S02545,2023-02-20,ST08,C0004,P029,4,106.78,0.0,427.12,213.04
S02546,2025-06-27,ST03,C0026,P048,6,131.28,0.0,787.68,111.06
S02547,2024-08-12,ST06,C0083,P007,3,124.91,0.15,318.52,143.28
S02548,2023-11-29,ST06,C0175,P003,4,37.7,0.15,128.18,129.36
S02549,2025-02-16,ST03,C0092,P003,6,37.7,0.0,226.2,194.04
S02550,2023-11-06,ST04,C0123,P034,5,77.23,0.0,386.15,208.25
S02551,2025-02-05,ST05,C0072,P046,1,33.17,0.0,33.17,51.09
S02552,2024-11-23,ST04,C0131,P024,1,52.66,0.0,52.66,42.68
S02553,2023-09-22,ST05,C0017,P020,4,98.43,0.0,393.72,239.52
S02554,2023-07-05,ST02,C0180,P042,2,132.25,0.0,264.5,74.08
S02555,2024-05-20,ST01,C0083,P042,2,132.25,0.05,251.27,74.08
S02556,2025-05-31,ST02,C0114,P035,3,24.85,0.15,63.37,158.7
S02557,2024-08-24,ST02,C0101,P049,6,76.91,0.0,461.46,153.12
S02558,2023-09-30,ST08,C0164,P038,4,124.25,0.1,447.3,223.48
S02559,2023-12-22,ST01,C0138,P029,2,106.78,0.0,213.56,106.52
S02560,2023-04-08,ST05,C0078,P041,3,102.52,0.05,292.18,133.05
S02561,2024-09-19,ST05,C0075,P033,4,113.38,0.05,430.84,201.56
S02562,2024-03-19,ST01,C0076,P037,2,142.97,0.05,271.64,18.52
S02563,2025-03-17,ST05,C0110,P047,1,84.64,0.0,84.64,24.27
S02564,2024-02-04,ST03,C0056,P028,5,93.53,0.0,467.65,197.75
S02565,2023-06-22,ST08,C0056,P031,5,145.67,0.15,619.1,64.7
S02566,2023-02-02,ST06,C0031,P014,5,97.8,0.05,464.55,240.65
S02567,2023-01-24,ST03,C0116,P024,5,52.66,0.15,223.8,213.4
S02568,2025-06-26,ST08,C0038,P043,2,121.53,0.0,243.06,94.34
S02569,2023-08-06,ST04,C0101,P033,6,113.38,0.0,680.28,302.34
S02570,2023-12-21,ST02,C0145,P009,3,128.46,0.1,346.84,54.18
S02571,2024-12-23,ST05,C0181,P024,6,52.66,0.0,315.96,256.08
S02572,2024-08-09,ST03,C0059,P015,3,36.23,0.0,108.69,70.62
S02573,2024-03-31,ST06,C0189,P025,1,112.7,0.1,101.43,8.67
S02574,2025-05-29,ST05,C0161,P023,5,103.23,0.0,516.15,275.25
S02575,2025-01-09,ST07,C0111,P038,1,124.25,0.05,118.04,55.87
S02576,2025-05-30,ST05,C0077,P014,4,97.8,0.05,371.64,192.52
S02577,2023-01-15,ST07,C0066,P046,2,33.17,0.15,56.39,102.18
S02578,2023-11-06,ST06,C0089,P008,5,103.99,0.0,519.95,244.45
S02579,2023-11-04,ST08,C0022,P042,3,132.25,0.15,337.24,111.12
S02580,2024-10-18,ST07,C0030,P040,1,121.88,0.05,115.79,22.38
S02581,2024-01-05,ST01,C0087,P001,2,144.68,0.0,289.36,44.96
S02582,2023-07-12,ST02,C0132,P005,4,99.71,0.1,358.96,224.0
S02583,2024-08-18,ST05,C0019,P036,1,23.33,0.0,23.33,42.79
S02584,2024-04-21,ST05,C0077,P049,6,76.91,0.05,438.39,153.12
S02585,2025-05-06,ST01,C0179,P025,6,112.7,0.1,608.58,52.02
S02586,2025-03-03,ST04,C0144,P017,6,25.33,0.05,144.38,344.22
S02587,2024-05-03,ST01,C0074,P029,6,106.78,0.0,640.68,319.56
S02588,2024-11-06,ST03,C0185,P038,5,124.25,0.05,590.19,279.35
S02589,2023-08-01,ST04,C0171,P019,2,49.2,0.0,98.4,94.88
S02590,2023-03-07,ST06,C0109,P010,6,55.91,0.0,335.46,348.54
S02591,2024-11-01,ST07,C0186,P037,6,142.97,0.0,857.82,55.56
S02592,2024-03-21,ST04,C0143,P008,4,103.99,0.05,395.16,195.56
S02593,2023-01-18,ST02,C0118,P029,5,106.78,0.15,453.81,266.3
S02594,2025-04-06,ST07,C0107,P025,4,112.7,0.0,450.8,34.68
S02595,2024-07-17,ST06,C0036,P001,6,144.68,0.05,824.68,134.88
S02596,2023-08-10,ST03,C0072,P016,1,134.43,0.0,134.43,15.99
S02597,2024-08-14,ST04,C0035,P009,3,128.46,0.1,346.84,54.18
S02598,2023-01-14,ST01,C0140,P038,1,124.25,0.0,124.25,55.87
S02599,2024-07-30,ST07,C0113,P047,5,84.64,0.0,423.2,121.35
S02600,2025-04-04,ST06,C0125,P027,5,121.52,0.15,516.46,67.05
S02601,2025-01-17,ST08,C0025,P002,4,87.83,0.1,316.19,113.08
S02602,2023-03-30,ST03,C0084,P005,6,99.71,0.0,598.26,336.0
S02603,2024-07-10,ST02,C0104,P018,3,75.37,0.0,226.11,121.8
S02604,2025-01-31,ST03,C0158,P002,2,87.83,0.0,175.66,56.54
S02605,2023-02-28,ST02,C0090,P050,4,61.96,0.0,247.84,231.52
S02606,2025-01-14,ST07,C0093,P026,3,48.78,0.0,146.34,115.38
S02607,2023-04-15,ST02,C0014,P025,5,112.7,0.05,535.32,43.35
S02608,2024-06-26,ST03,C0126,P016,4,134.43,0.0,537.72,63.96
S02609,2024-07-14,ST06,C0146,P005,6,99.71,0.15,508.52,336.0
S02610,2023-02-27,ST06,C0157,P025,3,112.7,0.1,304.29,26.01
S02611,2023-07-04,ST03,C0041,P049,4,76.91,0.15,261.49,102.08
S02612,2023-11-04,ST05,C0097,P029,1,106.78,0.0,106.78,53.26
S02613,2025-01-31,ST01,C0012,P039,2,108.79,0.1,195.82,53.3
S02614,2024-11-03,ST03,C0001,P021,6,130.5,0.0,783.0,123.3
S02615,2024-01-02,ST04,C0017,P022,3,102.95,0.0,308.85,89.79
S02616,2023-04-21,ST07,C0066,P044,4,63.39,0.0,253.56,210.2
S02617,2024-09-15,ST04,C0137,P012,5,107.39,0.0,536.95,155.3
S02618,2024-05-12,ST04,C0121,P020,2,98.43,0.0,196.86,119.76
S02619,2023-10-20,ST05,C0093,P017,4,25.33,0.15,86.12,229.48
S02620,2025-05-28,ST02,C0179,P048,3,131.28,0.15,334.76,55.53
S02621,2023-07-14,ST04,C0075,P031,2,145.67,0.0,291.34,25.88
S02622,2023-02-11,ST05,C0030,P006,6,38.24,0.1,206.5,283.62
S02623,2023-06-08,ST08,C0135,P030,5,128.97,0.0,644.85,68.05
S02624,2023-02-27,ST03,C0017,P014,6,97.8,0.0,586.8,288.78
S02625,2023-09-07,ST06,C0004,P019,3,49.2,0.0,147.6,142.32
S02626,2024-11-21,ST07,C0127,P029,4,106.78,0.0,427.12,213.04
S02627,2023-06-03,ST01,C0050,P033,6,113.38,0.1,612.25,302.34
S02628,2023-12-04,ST01,C0129,P024,1,52.66,0.0,52.66,42.68
S02629,2023-05-31,ST08,C0179,P047,2,84.64,0.0,169.28,48.54
S02630,2023-08-10,ST02,C0053,P020,3,98.43,0.0,295.29,179.64
S02631,2024-06-14,ST04,C0065,P005,4,99.71,0.05,378.9,224.0
S02632,2023-05-02,ST03,C0106,P035,6,24.85,0.0,149.1,317.4
S02633,2024-12-21,ST02,C0125,P001,5,144.68,0.05,687.23,112.4
S02634,2024-07-29,ST07,C0012,P007,6,124.91,0.1,674.51,286.56
S02635,2023-12-09,ST05,C0109,P021,2,130.5,0.0,261.0,41.1
S02636,2023-05-24,ST01,C0117,P049,4,76.91,0.15,261.49,102.08
S02637,2025-03-12,ST01,C0167,P036,2,23.33,0.05,44.33,85.58
S02638,2023-03-15,ST04,C0169,P038,2,124.25,0.15,211.22,111.74
S02639,2023-01-07,ST05,C0096,P005,2,99.71,0.15,169.51,112.0
S02640,2025-04-23,ST01,C0051,P048,4,131.28,0.0,525.12,74.04
S02641,2024-10-05,ST04,C0048,P004,1,112.08,0.0,112.08,11.89
S02642,2024-06-24,ST06,C0111,P033,6,113.38,0.15,578.24,302.34
S02643,2023-09-16,ST01,C0179,P022,6,102.95,0.0,617.7,179.58
S02644,2024-09-23,ST05,C0044,P009,6,128.46,0.0,770.76,108.36
S02645,2024-12-22,ST03,C0075,P007,1,124.91,0.05,118.66,47.76
S02646,2024-03-09,ST01,C0123,P027,1,121.52,0.0,121.52,13.41
S02647,2023-04-26,ST06,C0066,P005,6,99.71,0.1,538.43,336.0
S02648,2023-05-11,ST01,C0037,P037,1,142.97,0.05,135.82,9.26
S02649,2023-09-04,ST04,C0064,P028,6,93.53,0.1,505.06,237.3
S02650,2024-02-15,ST03,C0033,P010,2,55.91,0.0,111.82,116.18
S02651,2023-08-06,ST06,C0009,P003,2,37.7,0.1,67.86,64.68
S02652,2023-06-09,ST03,C0048,P009,1,128.46,0.0,128.46,18.06
S02653,2024-09-22,ST01,C0036,P025,1,112.7,0.15,95.8,8.67
S02654,2024-06-27,ST01,C0158,P048,1,131.28,0.0,131.28,18.51
S02655,2024-10-15,ST05,C0054,P049,5,76.91,0.0,384.55,127.6
S02656,2024-07-11,ST02,C0058,P014,2,97.8,0.0,195.6,96.26
S02657,2023-03-22,ST06,C0045,P042,2,132.25,0.1,238.05,74.08
S02658,2025-01-22,ST04,C0030,P025,2,112.7,0.0,225.4,17.34
S02659,2023-10-02,ST05,C0154,P047,3,84.64,0.05,241.22,72.81
S02660,2024-01-17,ST06,C0073,P044,2,63.39,0.0,126.78,105.1
S02661,2024-05-23,ST07,C0048,P020,3,98.43,0.0,295.29,179.64
S02662,2023-06-24,ST07,C0114,P040,1,121.88,0.0,121.88,22.38
S02663,2025-06-17,ST07,C0150,P017,4,25.33,0.0,101.32,229.48
S02664,2025-06-08,ST01,C0045,P018,6,75.37,0.1,407.0,243.6
S02665,2024-07-17,ST07,C0064,P023,4,103.23,0.15,350.98,220.2
S02666,2025-02-24,ST04,C0122,P043,3,121.53,0.15,309.9,141.51
S02667,2025-06-17,ST06,C0141,P037,2,142.97,0.1,257.35,18.52
S02668,2024-04-07,ST06,C0060,P031,4,145.67,0.0,582.68,51.76
S02669,2024-02-27,ST03,C0177,P022,4,102.95,0.05,391.21,119.72
S02670,2024-07-24,ST02,C0086,P024,3,52.66,0.05,150.08,128.04
S02671,2023-07-09,ST03,C0100,P049,3,76.91,0.0,230.73,76.56
S02672,2023-02-18,ST01,C0131,P041,5,102.52,0.05,486.97,221.75
S02673,2023-04-13,ST02,C0077,P027,3,121.52,0.05,346.33,40.23
S02674,2023-05-16,ST04,C0057,P024,4,52.66,0.1,189.58,170.72
S02675,2025-02-07,ST03,C0095,P045,3,128.71,0.05,366.82,139.41
S02676,2025-04-10,ST07,C0070,P050,4,61.96,0.15,210.66,231.52
S02677,2024-03-29,ST04,C0171,P021,3,130.5,0.0,391.5,61.65
S02678,2023-05-26,ST07,C0149,P036,2,23.33,0.15,39.66,85.58
S02679,2025-04-20,ST06,C0148,P050,6,61.96,0.0,371.76,347.28
S02680,2023-02-19,ST04,C0075,P010,6,55.91,0.05,318.69,348.54
S02681,2023-11-28,ST03,C0152,P032,3,112.21,0.0,336.63,114.51
S02682,2023-07-10,ST02,C0122,P022,2,102.95,0.15,175.01,59.86
S02683,2023-08-18,ST07,C0166,P030,2,128.97,0.15,219.25,27.22
S02684,2024-07-15,ST04,C0141,P041,3,102.52,0.0,307.56,133.05
S02685,2025-03-21,ST05,C0169,P014,4,97.8,0.1,352.08,192.52
S02686,2024-02-17,ST07,C0129,P022,2,102.95,0.15,175.01,59.86
S02687,2023-04-06,ST07,C0007,P037,1,142.97,0.05,135.82,9.26
S02688,2023-02-17,ST03,C0138,P047,3,84.64,0.1,228.53,72.81
S02689,2024-05-04,ST04,C0152,P031,5,145.67,0.1,655.51,64.7
S02690,2023-05-24,ST02,C0195,P049,4,76.91,0.0,307.64,102.08
S02691,2023-01-27,ST02,C0058,P023,1,103.23,0.05,98.07,55.05
S02692,2024-04-14,ST04,C0168,P033,6,113.38,0.05,646.27,302.34
S02693,2023-03-06,ST04,C0008,P006,1,38.24,0.05,36.33,47.27
S02694,2023-08-03,ST03,C0122,P014,4,97.8,0.0,391.2,192.52
S02695,2024-02-10,ST03,C0177,P031,1,145.67,0.0,145.67,12.94
S02696,2024-06-12,ST07,C0138,P018,4,75.37,0.1,271.33,162.4
S02697,2024-01-17,ST03,C0005,P046,4,33.17,0.15,112.78,204.36
S02698,2024-11-11,ST04,C0147,P018,1,75.37,0.0,75.37,40.6
S02699,2025-03-29,ST07,C0074,P008,2,103.99,0.1,187.18,97.78
S02700,2023-07-29,ST08,C0077,P050,4,61.96,0.0,247.84,231.52
S02701,2023-04-11,ST05,C0165,P021,2,130.5,0.15,221.85,41.1
S02702,2023-07-27,ST03,C0163,P038,4,124.25,0.15,422.45,223.48
S02703,2023-08-05,ST07,C0089,P019,2,49.2,0.0,98.4,94.88
S02704,2024-01-11,ST08,C0028,P039,2,108.79,0.15,184.94,53.3
S02705,2023-07-02,ST05,C0151,P038,1,124.25,0.0,124.25,55.87
S02706,2025-03-23,ST05,C0147,P026,5,48.78,0.15,207.31,192.3
S02707,2023-03-08,ST02,C0171,P006,2,38.24,0.15,65.01,94.54
S02708,2024-06-17,ST07,C0180,P027,6,121.52,0.0,729.12,80.46
S02709,2023-02-19,ST02,C0118,P037,5,142.97,0.05,679.11,46.3
S02710,2024-02-02,ST01,C0173,P029,4,106.78,0.15,363.05,213.04
S02711,2023-07-16,ST04,C0058,P036,3,23.33,0.0,69.99,128.37
S02712,2024-07-09,ST01,C0029,P039,1,108.79,0.05,103.35,26.65
S02713,2023-06-12,ST06,C0044,P007,5,124.91,0.0,624.55,238.8
S02714,2023-12-07,ST04,C0103,P008,5,103.99,0.1,467.95,244.45
S02715,2024-02-22,ST01,C0188,P018,1,75.37,0.0,75.37,40.6
S02716,2023-06-26,ST05,C0060,P015,3,36.23,0.0,108.69,70.62
S02717,2023-11-23,ST07,C0171,P031,4,145.67,0.15,495.28,51.76
S02718,2023-09-03,ST05,C0176,P014,5,97.8,0.0,489.0,240.65
S02719,2023-11-02,ST05,C0012,P019,1,49.2,0.15,41.82,47.44
S02720,2023-01-30,ST07,C0019,P004,4,112.08,0.1,403.49,47.56
S02721,2024-06-02,ST02,C0010,P014,3,97.8,0.1,264.06,144.39
S02722,2023-09-13,ST07,C0027,P006,1,38.24,0.0,38.24,47.27
S02723,2023-04-12,ST02,C0168,P038,1,124.25,0.0,124.25,55.87
S02724,2024-02-29,ST03,C0168,P020,1,98.43,0.0,98.43,59.88
S02725,2024-01-17,ST07,C0144,P034,4,77.23,0.0,308.92,166.6
S02726,2024-11-23,ST01,C0140,P026,6,48.78,0.0,292.68,230.76
S02727,2023-07-20,ST01,C0155,P040,2,121.88,0.0,243.76,44.76
S02728,2023-09-26,ST04,C0032,P010,3,55.91,0.1,150.96,174.27
S02729,2023-05-23,ST05,C0085,P048,5,131.28,0.0,656.4,92.55
S02730,2024-12-24,ST04,C0016,P010,3,55.91,0.0,167.73,174.27
S02731,2025-05-17,ST01,C0109,P005,6,99.71,0.05,568.35,336.0
S02732,2025-04-04,ST02,C0172,P037,4,142.97,0.1,514.69,37.04
S02733,2024-06-10,ST07,C0053,P007,1,124.91,0.0,124.91,47.76
S02734,2024-05-18,ST02,C0124,P021,6,130.5,0.0,783.0,123.3
S02735,2023-07-29,ST04,C0030,P032,2,112.21,0.15,190.76,76.34
S02736,2024-01-11,ST05,C0150,P007,1,124.91,0.0,124.91,47.76
S02737,2024-04-20,ST01,C0119,P020,2,98.43,0.1,177.17,119.76
S02738,2025-02-24,ST02,C0168,P036,3,23.33,0.0,69.99,128.37
S02739,2023-07-17,ST08,C0034,P008,6,103.99,0.0,623.94,293.34
S02740,2024-03-07,ST08,C0035,P021,6,130.5,0.0,783.0,123.3
S02741,2024-02-26,ST04,C0156,P050,4,61.96,0.05,235.45,231.52
S02742,2023-01-14,ST08,C0095,P033,4,113.38,0.0,453.52,201.56
S02743,2024-01-26,ST02,C0049,P028,2,93.53,0.1,168.35,79.1
S02744,2025-03-05,ST08,C0010,P006,3,38.24,0.1,103.25,141.81
S02745,2023-08-14,ST07,C0169,P008,1,103.99,0.1,93.59,48.89
S02746,2024-01-31,ST04,C0044,P019,6,49.2,0.0,295.2,284.64
S02747,2023-07-22,ST05,C0090,P008,1,103.99,0.0,103.99,48.89
S02748,2025-04-24,ST02,C0061,P046,3,33.17,0.0,99.51,153.27
S02749,2025-05-12,ST07,C0014,P022,5,102.95,0.15,437.54,149.65
S02750,2025-04-12,ST03,C0170,P028,4,93.53,0.0,374.12,158.2
S02751,2025-03-29,ST05,C0141,P027,3,121.52,0.0,364.56,40.23
S02752,2024-01-16,ST03,C0083,P011,6,96.17,0.05,548.17,274.5
S02753,2023-02-10,ST02,C0080,P048,1,131.28,0.0,131.28,18.51
S02754,2025-06-22,ST05,C0094,P041,4,102.52,0.15,348.57,177.4
S02755,2024-10-30,ST08,C0182,P005,5,99.71,0.1,448.69,280.0
S02756,2024-04-04,ST05,C0181,P039,5,108.79,0.1,489.56,133.25
S02757,2024-01-23,ST07,C0110,P023,5,103.23,0.0,516.15,275.25
S02758,2023-12-26,ST04,C0146,P033,1,113.38,0.0,113.38,50.39
S02759,2025-01-07,ST06,C0028,P024,4,52.66,0.05,200.11,170.72
S02760,2024-09-26,ST07,C0170,P023,2,103.23,0.0,206.46,110.1
S02761,2023-03-31,ST05,C0200,P024,2,52.66,0.0,105.32,85.36
S02762,2024-03-27,ST02,C0164,P029,4,106.78,0.0,427.12,213.04
S02763,2023-03-17,ST03,C0104,P025,6,112.7,0.0,676.2,52.02
S02764,2024-11-17,ST01,C0094,P026,3,48.78,0.05,139.02,115.38
S02765,2024-09-23,ST01,C0122,P001,6,144.68,0.0,868.08,134.88
S02766,2024-01-06,ST05,C0076,P006,1,38.24,0.0,38.24,47.27
S02767,2023-07-18,ST07,C0097,P001,2,144.68,0.0,289.36,44.96
S02768,2023-11-23,ST08,C0180,P003,1,37.7,0.0,37.7,32.34
S02769,2023-08-06,ST07,C0164,P001,4,144.68,0.1,520.85,89.92
S02770,2025-06-29,ST05,C0016,P039,1,108.79,0.05,103.35,26.65
S02771,2023-01-15,ST03,C0138,P009,1,128.46,0.05,122.04,18.06
S02772,2024-09-01,ST04,C0044,P027,5,121.52,0.15,516.46,67.05
S02773,2023-05-28,ST06,C0032,P008,6,103.99,0.0,623.94,293.34
S02774,2024-02-23,ST03,C0059,P009,5,128.46,0.0,642.3,90.3
S02775,2024-06-03,ST03,C0045,P012,3,107.39,0.0,322.17,93.18
S02776,2024-06-15,ST08,C0072,P035,3,24.85,0.0,74.55,158.7
S02777,2025-06-08,ST06,C0050,P034,5,77.23,0.1,347.54,208.25
S02778,2024-02-27,ST01,C0077,P039,1,108.79,0.0,108.79,26.65
S02779,2023-05-07,ST05,C0010,P006,4,38.24,0.1,137.66,189.08
S02780,2024-10-02,ST06,C0059,P008,1,103.99,0.15,88.39,48.89
S02781,2023-06-18,ST06,C0064,P008,6,103.99,0.0,623.94,293.34
S02782,2025-03-04,ST04,C0081,P050,3,61.96,0.05,176.59,173.64
S02783,2024-07-25,ST03,C0043,P010,1,55.91,0.05,53.11,58.09
S02784,2024-10-03,ST06,C0031,P019,4,49.2,0.1,177.12,189.76
S02785,2023-01-02,ST08,C0154,P003,5,37.7,0.0,188.5,161.7
S02786,2024-07-25,ST01,C0033,P002,1,87.83,0.0,87.83,28.27
S02787,2023-12-17,ST05,C0027,P020,6,98.43,0.0,590.58,359.28
S02788,2024-09-21,ST02,C0078,P016,5,134.43,0.0,672.15,79.95
S02789,2024-04-28,ST02,C0033,P049,6,76.91,0.0,461.46,153.12
S02790,2023-09-28,ST07,C0121,P019,4,49.2,0.0,196.8,189.76
S02791,2024-11-16,ST03,C0161,P047,5,84.64,0.0,423.2,121.35
S02792,2024-09-27,ST04,C0022,P012,1,107.39,0.05,102.02,31.06
S02793,2024-07-11,ST06,C0194,P015,4,36.23,0.1,130.43,94.16
S02794,2024-06-08,ST01,C0182,P042,6,132.25,0.0,793.5,222.24
S02795,2023-07-08,ST02,C0143,P030,6,128.97,0.0,773.82,81.66
S02796,2024-09-15,ST08,C0057,P007,3,124.91,0.0,374.73,143.28
S02797,2024-07-19,ST01,C0104,P047,3,84.64,0.0,253.92,72.81
S02798,2023-11-02,ST06,C0083,P036,4,23.33,0.0,93.32,171.16
S02799,2025-04-29,ST05,C0147,P038,6,124.25,0.0,745.5,335.22
S02800,2024-04-13,ST05,C0195,P035,2,24.85,0.1,44.73,105.8
S02801,2025-04-09,ST07,C0001,P048,5,131.28,0.05,623.58,92.55
S02802,2023-11-28,ST01,C0164,P037,6,142.97,0.0,857.82,55.56
S02803,2023-02-16,ST07,C0040,P023,1,103.23,0.05,98.07,55.05
S02804,2023-12-15,ST01,C0187,P005,4,99.71,0.0,398.84,224.0
S02805,2024-02-28,ST04,C0118,P027,2,121.52,0.05,230.89,26.82
S02806,2023-02-07,ST06,C0070,P049,4,76.91,0.0,307.64,102.08
S02807,2023-11-30,ST06,C0103,P006,2,38.24,0.05,72.66,94.54
S02808,2024-08-13,ST04,C0024,P027,4,121.52,0.15,413.17,53.64
S02809,2024-10-04,ST05,C0018,P036,5,23.33,0.1,104.98,213.95
S02810,2024-05-25,ST06,C0036,P004,2,112.08,0.15,190.54,23.78
S02811,2024-12-05,ST05,C0132,P002,2,87.83,0.05,166.88,56.54
S02812,2023-05-07,ST03,C0103,P047,6,84.64,0.1,457.06,145.62
S02813,2023-11-02,ST05,C0076,P026,3,48.78,0.05,139.02,115.38
S02814,2024-05-06,ST03,C0128,P050,3,61.96,0.0,185.88,173.64
S02815,2024-08-14,ST03,C0073,P035,2,24.85,0.15,42.25,105.8
S02816,2024-11-02,ST03,C0065,P010,2,55.91,0.0,111.82,116.18
S02817,2024-11-16,ST01,C0002,P033,3,113.38,0.0,340.14,151.17
S02818,2025-03-04,ST03,C0182,P030,3,128.97,0.0,386.91,40.83
S02819,2024-10-02,ST06,C0085,P047,2,84.64,0.05,160.82,48.54
S02820,2024-11-17,ST06,C0028,P039,5,108.79,0.0,543.95,133.25
S02821,2024-11-24,ST05,C0118,P021,5,130.5,0.0,652.5,102.75
S02822,2023-10-19,ST08,C0045,P025,5,112.7,0.05,535.32,43.35
S02823,2025-03-29,ST05,C0042,P001,2,144.68,0.0,289.36,44.96
S02824,2024-04-03,ST04,C0016,P029,2,106.78,0.0,213.56,106.52
S02825,2024-01-21,ST06,C0037,P043,6,121.53,0.1,656.26,283.02
S02826,2023-02-19,ST03,C0092,P019,2,49.2,0.0,98.4,94.88
S02827,2023-12-06,ST03,C0164,P021,5,130.5,0.05,619.88,102.75
S02828,2024-02-17,ST05,C0012,P015,1,36.23,0.0,36.23,23.54
S02829,2024-04-01,ST07,C0112,P039,2,108.79,0.15,184.94,53.3
S02830,2025-01-25,ST02,C0154,P040,4,121.88,0.0,487.52,89.52
S02831,2024-03-04,ST05,C0125,P007,2,124.91,0.1,224.84,95.52
S02832,2024-04-29,ST01,C0034,P009,3,128.46,0.0,385.38,54.18
S02833,2025-01-21,ST03,C0119,P027,1,121.52,0.0,121.52,13.41
S02834,2025-03-30,ST03,C0062,P044,4,63.39,0.05,240.88,210.2
S02835,2024-02-16,ST08,C0054,P039,1,108.79,0.05,103.35,26.65
S02836,2023-12-02,ST06,C0033,P015,1,36.23,0.0,36.23,23.54
S02837,2024-09-05,ST03,C0060,P008,5,103.99,0.0,519.95,244.45
S02838,2024-09-23,ST06,C0137,P020,1,98.43,0.0,98.43,59.88
S02839,2025-06-10,ST07,C0012,P010,1,55.91,0.15,47.52,58.09
S02840,2025-03-15,ST02,C0013,P038,5,124.25,0.0,621.25,279.35
S02841,2023-06-21,ST04,C0063,P042,3,132.25,0.1,357.07,111.12
S02842,2025-03-16,ST08,C0126,P015,1,36.23,0.1,32.61,23.54
S02843,2023-03-21,ST01,C0001,P004,6,112.08,0.0,672.48,71.34
S02844,2023-12-22,ST06,C0182,P012,4,107.39,0.0,429.56,124.24
S02845,2023-06-12,ST03,C0038,P025,3,112.7,0.05,321.19,26.01
S02846,2025-05-22,ST05,C0184,P046,6,33.17,0.05,189.07,306.54
S02847,2023-03-12,ST06,C0132,P005,3,99.71,0.1,269.22,168.0
S02848,2023-05-31,ST08,C0001,P020,5,98.43,0.1,442.94,299.4
S02849,2023-04-13,ST01,C0059,P010,3,55.91,0.0,167.73,174.27
S02850,2023-05-15,ST03,C0056,P047,6,84.64,0.0,507.84,145.62
S02851,2023-05-18,ST08,C0099,P006,4,38.24,0.1,137.66,189.08
S02852,2023-07-06,ST05,C0020,P050,3,61.96,0.05,176.59,173.64
S02853,2025-05-17,ST05,C0113,P019,2,49.2,0.05,93.48,94.88
S02854,2023-01-21,ST02,C0190,P001,5,144.68,0.0,723.4,112.4
S02855,2024-01-15,ST04,C0091,P049,6,76.91,0.1,415.31,153.12
S02856,2024-09-13,ST02,C0027,P045,6,128.71,0.05,733.65,278.82
S02857,2025-04-28,ST07,C0110,P032,6,112.21,0.05,639.6,229.02
S02858,2024-03-07,ST06,C0015,P022,2,102.95,0.15,175.01,59.86
S02859,2024-01-18,ST07,C0166,P031,1,145.67,0.0,145.67,12.94
S02860,2024-11-03,ST03,C0148,P002,5,87.83,0.0,439.15,141.35
S02861,2023-01-20,ST06,C0166,P045,4,128.71,0.1,463.36,185.88
S02862,2023-06-22,ST02,C0105,P004,6,112.08,0.1,605.23,71.34
S02863,2023-01-21,ST03,C0040,P004,2,112.08,0.0,224.16,23.78
S02864,2024-12-31,ST07,C0030,P044,4,63.39,0.15,215.53,210.2
S02865,2025-01-30,ST08,C0175,P036,1,23.33,0.05,22.16,42.79
S02866,2024-04-18,ST07,C0123,P041,2,102.52,0.0,205.04,88.7
S02867,2023-11-02,ST03,C0035,P016,2,134.43,0.15,228.53,31.98
S02868,2024-06-11,ST06,C0032,P032,5,112.21,0.0,561.05,190.85
S02869,2024-08-20,ST07,C0036,P005,6,99.71,0.1,538.43,336.0
S02870,2024-12-17,ST06,C0073,P047,4,84.64,0.0,338.56,97.08
S02871,2024-03-18,ST02,C0022,P032,3,112.21,0.0,336.63,114.51
S02872,2024-08-29,ST04,C0080,P039,1,108.79,0.0,108.79,26.65
S02873,2024-04-27,ST04,C0192,P002,4,87.83,0.0,351.32,113.08
S02874,2024-05-14,ST03,C0063,P050,2,61.96,0.15,105.33,115.76
S02875,2024-02-22,ST04,C0019,P045,2,128.71,0.0,257.42,92.94
S02876,2024-05-31,ST07,C0089,P028,4,93.53,0.1,336.71,158.2
S02877,2025-03-29,ST08,C0033,P014,5,97.8,0.15,415.65,240.65
S02878,2023-10-07,ST08,C0027,P017,6,25.33,0.1,136.78,344.22
S02879,2024-12-20,ST08,C0175,P013,4,87.68,0.0,350.72,164.44
S02880,2023-07-26,ST06,C0019,P037,2,142.97,0.1,257.35,18.52
S02881,2023-12-05,ST02,C0011,P009,1,128.46,0.0,128.46,18.06
S02882,2023-09-20,ST07,C0008,P043,3,121.53,0.0,364.59,141.51
S02883,2025-02-09,ST07,C0110,P045,3,128.71,0.0,386.13,139.41
S02884,2023-05-16,ST04,C0114,P028,3,93.53,0.0,280.59,118.65
S02885,2023-09-17,ST03,C0125,P010,3,55.91,0.0,167.73,174.27
S02886,2025-05-21,ST04,C0057,P023,4,103.23,0.0,412.92,220.2
S02887,2024-07-17,ST06,C0101,P044,4,63.39,0.1,228.2,210.2
S02888,2023-05-27,ST05,C0106,P031,5,145.67,0.05,691.93,64.7
S02889,2024-05-02,ST07,C0076,P033,2,113.38,0.0,226.76,100.78
S02890,2023-06-16,ST05,C0148,P018,6,75.37,0.0,452.22,243.6
S02891,2023-06-09,ST05,C0006,P008,4,103.99,0.15,353.57,195.56
S02892,2024-10-07,ST01,C0081,P009,4,128.46,0.1,462.46,72.24
S02893,2025-04-04,ST07,C0146,P009,3,128.46,0.05,366.11,54.18
S02894,2024-12-24,ST02,C0086,P035,2,24.85,0.15,42.25,105.8
S02895,2023-05-27,ST03,C0108,P004,4,112.08,0.05,425.9,47.56
S02896,2023-04-17,ST03,C0127,P046,5,33.17,0.0,165.85,255.45
S02897,2025-06-24,ST01,C0082,P048,5,131.28,0.05,623.58,92.55
S02898,2024-06-07,ST04,C0200,P038,3,124.25,0.15,316.84,167.61
S02899,2024-02-06,ST02,C0036,P018,2,75.37,0.1,135.67,81.2
S02900,2023-12-03,ST07,C0078,P008,6,103.99,0.0,623.94,293.34
S02901,2023-07-06,ST03,C0048,P001,2,144.68,0.0,289.36,44.96
S02902,2024-10-06,ST01,C0119,P032,3,112.21,0.0,336.63,114.51
S02903,2024-08-29,ST08,C0186,P032,2,112.21,0.0,224.42,76.34
S02904,2025-06-09,ST05,C0134,P008,6,103.99,0.15,530.35,293.34
S02905,2023-05-15,ST01,C0118,P004,2,112.08,0.0,224.16,23.78
S02906,2024-02-13,ST03,C0157,P042,1,132.25,0.0,132.25,37.04
S02907,2025-06-07,ST03,C0143,P029,2,106.78,0.0,213.56,106.52
S02908,2024-05-01,ST03,C0166,P029,6,106.78,0.0,640.68,319.56
S02909,2023-04-21,ST05,C0179,P037,3,142.97,0.0,428.91,27.78
S02910,2023-01-23,ST08,C0102,P046,4,33.17,0.15,112.78,204.36
S02911,2025-04-28,ST07,C0004,P029,2,106.78,0.05,202.88,106.52
S02912,2024-12-01,ST03,C0057,P041,5,102.52,0.05,486.97,221.75
S02913,2025-05-13,ST02,C0002,P013,1,87.68,0.0,87.68,41.11
S02914,2025-04-25,ST01,C0007,P010,6,55.91,0.15,285.14,348.54
S02915,2023-05-23,ST05,C0075,P034,2,77.23,0.05,146.74,83.3
S02916,2025-06-02,ST04,C0198,P017,2,25.33,0.0,50.66,114.74
S02917,2024-05-12,ST07,C0116,P028,1,93.53,0.1,84.18,39.55
S02918,2024-04-07,ST07,C0177,P011,4,96.17,0.15,326.98,183.0
S02919,2024-08-12,ST02,C0164,P048,6,131.28,0.0,787.68,111.06
S02920,2023-09-27,ST06,C0003,P025,6,112.7,0.15,574.77,52.02
S02921,2025-03-27,ST05,C0156,P017,4,25.33,0.1,91.19,229.48
S02922,2025-06-02,ST06,C0007,P009,4,128.46,0.0,513.84,72.24
S02923,2024-11-18,ST01,C0184,P037,1,142.97,0.0,142.97,9.26
S02924,2025-06-24,ST06,C0067,P010,1,55.91,0.1,50.32,58.09
S02925,2024-08-30,ST01,C0096,P014,6,97.8,0.0,586.8,288.78
S02926,2024-12-29,ST06,C0028,P005,3,99.71,0.05,284.17,168.0
S02927,2024-10-25,ST06,C0122,P008,5,103.99,0.15,441.96,244.45
S02928,2025-04-20,ST01,C0182,P045,5,128.71,0.0,643.55,232.35
S02929,2023-11-05,ST01,C0135,P014,3,97.8,0.0,293.4,144.39
S02930,2023-04-13,ST01,C0018,P041,3,102.52,0.0,307.56,133.05
S02931,2024-03-12,ST02,C0062,P018,3,75.37,0.05,214.8,121.8
S02932,2023-02-06,ST06,C0131,P025,1,112.7,0.15,95.8,8.67
S02933,2024-09-09,ST04,C0085,P014,5,97.8,0.15,415.65,240.65
S02934,2023-04-17,ST05,C0027,P042,5,132.25,0.15,562.06,185.2
S02935,2023-01-23,ST05,C0123,P014,4,97.8,0.0,391.2,192.52
S02936,2024-07-16,ST01,C0130,P023,2,103.23,0.0,206.46,110.1
S02937,2023-07-20,ST01,C0164,P040,1,121.88,0.05,115.79,22.38
S02938,2023-11-22,ST07,C0082,P034,3,77.23,0.05,220.11,124.95
S02939,2023-10-25,ST08,C0125,P008,5,103.99,0.0,519.95,244.45
S02940,2024-07-08,ST01,C0024,P003,2,37.7,0.05,71.63,64.68
S02941,2023-06-27,ST07,C0027,P043,5,121.53,0.1,546.88,235.85
S02942,2024-04-24,ST04,C0144,P045,4,128.71,0.15,437.61,185.88
S02943,2024-12-12,ST02,C0112,P007,1,124.91,0.0,124.91,47.76
S02944,2024-11-29,ST07,C0100,P034,5,77.23,0.05,366.84,208.25
S02945,2023-06-28,ST08,C0022,P008,4,103.99,0.05,395.16,195.56
S02946,2023-03-18,ST04,C0149,P023,6,103.23,0.0,619.38,330.3
S02947,2025-02-12,ST02,C0106,P011,4,96.17,0.0,384.68,183.0
S02948,2024-09-08,ST01,C0083,P047,3,84.64,0.1,228.53,72.81
S02949,2025-05-22,ST04,C0096,P014,3,97.8,0.0,293.4,144.39
S02950,2025-06-07,ST02,C0139,P042,5,132.25,0.0,661.25,185.2
S02951,2023-12-26,ST08,C0084,P028,6,93.53,0.0,561.18,237.3
S02952,2024-03-22,ST04,C0095,P035,3,24.85,0.0,74.55,158.7
S02953,2024-07-03,ST03,C0149,P016,3,134.43,0.0,403.29,47.97
S02954,2024-04-11,ST03,C0103,P025,1,112.7,0.05,107.06,8.67
S02955,2023-02-21,ST08,C0180,P050,3,61.96,0.1,167.29,173.64
S02956,2024-08-30,ST06,C0018,P003,5,37.7,0.0,188.5,161.7
S02957,2023-12-29,ST08,C0110,P028,5,93.53,0.0,467.65,197.75
S02958,2024-10-14,ST04,C0199,P001,1,144.68,0.0,144.68,22.48
S02959,2024-01-25,ST04,C0088,P033,2,113.38,0.05,215.42,100.78
S02960,2023-12-18,ST07,C0123,P012,4,107.39,0.1,386.6,124.24
S02961,2023-01-12,ST04,C0166,P036,3,23.33,0.0,69.99,128.37
S02962,2023-11-11,ST06,C0164,P005,6,99.71,0.15,508.52,336.0
S02963,2023-10-08,ST06,C0043,P004,2,112.08,0.1,201.74,23.78
S02964,2024-02-10,ST07,C0077,P024,1,52.66,0.0,52.66,42.68
S02965,2024-05-26,ST08,C0140,P001,2,144.68,0.0,289.36,44.96
S02966,2023-07-16,ST08,C0145,P035,2,24.85,0.15,42.25,105.8
S02967,2025-03-19,ST08,C0164,P001,2,144.68,0.1,260.42,44.96
S02968,2024-11-06,ST08,C0043,P046,4,33.17,0.05,126.05,204.36
S02969,2024-01-14,ST02,C0192,P030,1,128.97,0.1,116.07,13.61
S02970,2024-02-08,ST06,C0036,P019,2,49.2,0.15,83.64,94.88
S02971,2023-05-30,ST07,C0124,P047,2,84.64,0.0,169.28,48.54
S02972,2024-10-25,ST01,C0155,P050,1,61.96,0.05,58.86,57.88
S02973,2025-03-28,ST02,C0038,P006,1,38.24,0.0,38.24,47.27
S02974,2024-10-25,ST03,C0072,P046,2,33.17,0.0,66.34,102.18
S02975,2024-01-13,ST08,C0075,P044,2,63.39,0.15,107.76,105.1
S02976,2025-01-31,ST08,C0090,P004,6,112.08,0.15,571.61,71.34
S02977,2024-06-28,ST02,C0121,P029,5,106.78,0.15,453.81,266.3
S02978,2023-05-11,ST08,C0031,P028,1,93.53,0.05,88.85,39.55
S02979,2023-10-04,ST07,C0182,P024,3,52.66,0.05,150.08,128.04
S02980,2025-06-19,ST08,C0198,P026,4,48.78,0.0,195.12,153.84
S02981,2024-04-23,ST07,C0156,P003,5,37.7,0.0,188.5,161.7
S02982,2023-11-02,ST05,C0074,P013,1,87.68,0.0,87.68,41.11
S02983,2025-04-30,ST06,C0183,P040,2,121.88,0.0,243.76,44.76
S02984,2024-06-22,ST07,C0036,P019,6,49.2,0.15,250.92,284.64
S02985,2023-12-09,ST08,C0051,P024,5,52.66,0.0,263.3,213.4
S02986,2023-01-07,ST03,C0047,P045,1,128.71,0.1,115.84,46.47
S02987,2024-08-04,ST05,C0195,P005,2,99.71,0.1,179.48,112.0
S02988,2023-09-07,ST08,C0004,P046,1,33.17,0.0,33.17,51.09
S02989,2023-06-09,ST08,C0073,P045,6,128.71,0.0,772.26,278.82
S02990,2024-02-25,ST02,C0013,P027,3,121.52,0.05,346.33,40.23
S02991,2024-06-01,ST02,C0151,P041,1,102.52,0.0,102.52,44.35
S02992,2025-04-13,ST02,C0191,P003,1,37.7,0.0,37.7,32.34
S02993,2023-07-01,ST03,C0182,P026,4,48.78,0.0,195.12,153.84
S02994,2025-01-28,ST01,C0130,P002,2,87.83,0.05,166.88,56.54
S02995,2023-09-21,ST04,C0144,P023,6,103.23,0.0,619.38,330.3
S02996,2024-03-22,ST08,C0087,P030,5,128.97,0.0,644.85,68.05
S02997,2025-01-19,ST05,C0082,P015,5,36.23,0.1,163.03,117.7
S02998,2023-10-03,ST06,C0053,P046,4,33.17,0.0,132.68,204.36
S02999,2024-06-17,ST02,C0048,P039,3,108.79,0.1,293.73,79.95
S03000,2024-03-26,ST02,C0121,P026,3,48.78,0.05,139.02,115.38
S03001,2024-11-05,ST07,C0182,P016,6,134.43,0.05,766.25,95.94
S03002,2023-07-24,ST04,C0174,P019,2,49.2,0.0,98.4,94.88
S03003,2024-12-21,ST08,C0024,P014,6,97.8,0.0,586.8,288.78
S03004,2023-05-21,ST07,C0105,P043,3,121.53,0.0,364.59,141.51
S03005,2023-10-01,ST03,C0133,P050,3,61.96,0.05,176.59,173.64
S03006,2024-08-06,ST05,C0086,P035,5,24.85,0.0,124.25,264.5
S03007,2024-08-02,ST03,C0128,P047,3,84.64,0.0,253.92,72.81
S03008,2023-04-24,ST03,C0009,P003,1,37.7,0.1,33.93,32.34
S03009,2024-08-29,ST01,C0171,P026,1,48.78,0.0,48.78,38.46
S03010,2023-09-20,ST07,C0192,P043,1,121.53,0.0,121.53,47.17
S03011,2023-06-13,ST01,C0151,P006,5,38.24,0.0,191.2,236.35
S03012,2025-04-06,ST03,C0054,P018,4,75.37,0.0,301.48,162.4
S03013,2024-08-10,ST04,C0167,P026,6,48.78,0.0,292.68,230.76
S03014,2023-01-26,ST04,C0179,P042,2,132.25,0.0,264.5,74.08
S03015,2024-11-27,ST04,C0168,P027,4,121.52,0.1,437.47,53.64
S03016,2024-03-25,ST04,C0196,P046,1,33.17,0.0,33.17,51.09
S03017,2025-06-03,ST01,C0015,P004,5,112.08,0.0,560.4,59.45
S03018,2024-06-29,ST04,C0153,P034,1,77.23,0.1,69.51,41.65
S03019,2023-11-26,ST02,C0134,P029,6,106.78,0.0,640.68,319.56
S03020,2024-03-13,ST01,C0137,P020,2,98.43,0.1,177.17,119.76
S03021,2024-02-02,ST06,C0060,P042,6,132.25,0.0,793.5,222.24
S03022,2023-08-23,ST03,C0086,P005,5,99.71,0.15,423.77,280.0
S03023,2024-09-16,ST04,C0160,P004,1,112.08,0.0,112.08,11.89
S03024,2025-06-06,ST08,C0057,P046,4,33.17,0.05,126.05,204.36
S03025,2025-01-15,ST07,C0063,P006,4,38.24,0.0,152.96,189.08
S03026,2023-12-06,ST01,C0165,P035,5,24.85,0.0,124.25,264.5
S03027,2024-10-29,ST07,C0036,P009,5,128.46,0.0,642.3,90.3
S03028,2023-01-16,ST05,C0195,P023,4,103.23,0.15,350.98,220.2
S03029,2023-08-25,ST08,C0197,P017,1,25.33,0.0,25.33,57.37
S03030,2024-06-13,ST02,C0057,P046,1,33.17,0.0,33.17,51.09
S03031,2023-05-14,ST04,C0175,P023,6,103.23,0.15,526.47,330.3
S03032,2024-02-25,ST07,C0003,P016,4,134.43,0.0,537.72,63.96
S03033,2024-09-23,ST05,C0115,P039,2,108.79,0.0,217.58,53.3
S03034,2023-11-22,ST02,C0150,P036,6,23.33,0.0,139.98,256.74
S03035,2023-02-18,ST07,C0171,P009,5,128.46,0.0,642.3,90.3
S03036,2023-11-26,ST06,C0105,P031,6,145.67,0.0,874.02,77.64
S03037,2024-08-02,ST02,C0187,P049,4,76.91,0.05,292.26,102.08
S03038,2025-05-20,ST02,C0123,P028,5,93.53,0.05,444.27,197.75
S03039,2023-02-14,ST03,C0102,P031,6,145.67,0.1,786.62,77.64
S03040,2023-09-23,ST07,C0056,P035,2,24.85,0.05,47.22,105.8
S03041,2024-08-05,ST06,C0135,P035,1,24.85,0.0,24.85,52.9
S03042,2023-03-11,ST07,C0168,P047,6,84.64,0.0,507.84,145.62
S03043,2023-06-26,ST03,C0103,P030,5,128.97,0.0,644.85,68.05
S03044,2024-07-26,ST07,C0109,P012,4,107.39,0.05,408.08,124.24
S03045,2024-11-27,ST01,C0177,P033,5,113.38,0.15,481.86,251.95
S03046,2024-06-29,ST08,C0050,P045,6,128.71,0.05,733.65,278.82
S03047,2023-06-02,ST06,C0102,P006,2,38.24,0.0,76.48,94.54
S03048,2023-10-21,ST01,C0165,P036,4,23.33,0.0,93.32,171.16
S03049,2023-10-16,ST04,C0150,P038,3,124.25,0.1,335.48,167.61
S03050,2025-02-08,ST03,C0028,P035,3,24.85,0.0,74.55,158.7
S03051,2024-12-29,ST08,C0123,P040,4,121.88,0.0,487.52,89.52
S03052,2023-09-05,ST08,C0083,P028,4,93.53,0.0,374.12,158.2
S03053,2024-09-27,ST04,C0141,P002,5,87.83,0.0,439.15,141.35
S03054,2023-11-27,ST01,C0137,P048,3,131.28,0.0,393.84,55.53
S03055,2024-05-01,ST05,C0182,P005,1,99.71,0.05,94.72,56.0
S03056,2023-11-17,ST07,C0200,P007,3,124.91,0.05,355.99,143.28
S03057,2023-05-11,ST04,C0150,P036,5,23.33,0.0,116.65,213.95
S03058,2023-05-05,ST06,C0152,P009,4,128.46,0.0,513.84,72.24
S03059,2023-09-14,ST08,C0137,P006,1,38.24,0.15,32.5,47.27
S03060,2024-12-10,ST07,C0079,P008,1,103.99,0.0,103.99,48.89
S03061,2024-01-11,ST01,C0093,P042,1,132.25,0.15,112.41,37.04
S03062,2025-04-18,ST05,C0048,P039,3,108.79,0.1,293.73,79.95
S03063,2023-05-29,ST03,C0164,P046,5,33.17,0.05,157.56,255.45
S03064,2023-07-18,ST06,C0126,P036,6,23.33,0.05,132.98,256.74
S03065,2024-04-03,ST04,C0161,P004,6,112.08,0.0,672.48,71.34
S03066,2025-01-27,ST04,C0037,P050,1,61.96,0.0,61.96,57.88
S03067,2024-12-25,ST03,C0188,P007,3,124.91,0.15,318.52,143.28
S03068,2024-05-23,ST07,C0017,P001,6,144.68,0.0,868.08,134.88
S03069,2024-09-20,ST03,C0071,P032,5,112.21,0.0,561.05,190.85
S03070,2025-05-17,ST06,C0170,P026,2,48.78,0.0,97.56,76.92
S03071,2025-02-09,ST04,C0059,P011,4,96.17,0.1,346.21,183.0
S03072,2024-10-11,ST01,C0031,P014,4,97.8,0.0,391.2,192.52
S03073,2024-10-01,ST08,C0004,P003,6,37.7,0.0,226.2,194.04
S03074,2025-01-01,ST05,C0035,P002,2,87.83,0.05,166.88,56.54
S03075,2024-01-16,ST07,C0182,P042,2,132.25,0.0,264.5,74.08
S03076,2025-04-14,ST08,C0147,P045,3,128.71,0.0,386.13,139.41
S03077,2023-04-17,ST05,C0189,P031,1,145.67,0.15,123.82,12.94
S03078,2023-04-30,ST02,C0127,P021,6,130.5,0.0,783.0,123.3
S03079,2023-01-16,ST06,C0101,P020,4,98.43,0.15,334.66,239.52
S03080,2023-11-14,ST05,C0127,P050,1,61.96,0.15,52.67,57.88
S03081,2024-09-21,ST08,C0139,P025,2,112.7,0.0,225.4,17.34
S03082,2023-05-07,ST05,C0078,P042,3,132.25,0.0,396.75,111.12
S03083,2024-02-07,ST02,C0085,P017,3,25.33,0.05,72.19,172.11
S03084,2025-06-18,ST07,C0110,P042,3,132.25,0.1,357.07,111.12
S03085,2024-04-21,ST05,C0171,P013,5,87.68,0.0,438.4,205.55
S03086,2025-06-02,ST04,C0144,P019,6,49.2,0.0,295.2,284.64
S03087,2023-06-06,ST07,C0141,P042,6,132.25,0.0,793.5,222.24
S03088,2023-10-05,ST04,C0127,P027,4,121.52,0.05,461.78,53.64
S03089,2024-11-09,ST06,C0133,P020,2,98.43,0.0,196.86,119.76
S03090,2023-04-19,ST08,C0170,P002,4,87.83,0.0,351.32,113.08
S03091,2023-04-28,ST01,C0121,P034,5,77.23,0.1,347.54,208.25
S03092,2024-09-24,ST03,C0063,P019,6,49.2,0.05,280.44,284.64
S03093,2024-09-18,ST04,C0157,P050,6,61.96,0.15,316.0,347.28
S03094,2023-10-08,ST04,C0077,P017,6,25.33,0.05,144.38,344.22
S03095,2023-07-11,ST06,C0177,P039,5,108.79,0.0,543.95,133.25
S03096,2025-06-12,ST05,C0007,P023,3,103.23,0.0,309.69,165.15
S03097,2024-01-22,ST01,C0185,P024,5,52.66,0.0,263.3,213.4
S03098,2024-11-26,ST07,C0069,P035,4,24.85,0.0,99.4,211.6
S03099,2023-04-12,ST01,C0003,P047,4,84.64,0.0,338.56,97.08
S03100,2023-01-18,ST04,C0045,P018,5,75.37,0.0,376.85,203.0
S03101,2024-03-17,ST08,C0120,P045,2,128.71,0.15,218.81,92.94
S03102,2024-01-28,ST06,C0037,P032,3,112.21,0.15,286.14,114.51
S03103,2023-06-28,ST01,C0171,P023,2,103.23,0.1,185.81,110.1
S03104,2023-01-30,ST07,C0017,P002,2,87.83,0.0,175.66,56.54
S03105,2024-08-24,ST02,C0090,P036,3,23.33,0.0,69.99,128.37
S03106,2024-06-24,ST01,C0034,P044,3,63.39,0.0,190.17,157.65
S03107,2024-03-03,ST03,C0169,P002,5,87.83,0.0,439.15,141.35
S03108,2025-04-07,ST06,C0054,P020,2,98.43,0.0,196.86,119.76
S03109,2023-02-09,ST05,C0119,P009,6,128.46,0.15,655.15,108.36
S03110,2023-10-02,ST04,C0176,P044,2,63.39,0.05,120.44,105.1
S03111,2023-01-10,ST06,C0195,P040,2,121.88,0.0,243.76,44.76
S03112,2023-03-29,ST02,C0186,P047,1,84.64,0.0,84.64,24.27
S03113,2023-04-23,ST06,C0169,P016,5,134.43,0.0,672.15,79.95
S03114,2024-07-02,ST07,C0043,P018,3,75.37,0.0,226.11,121.8
S03115,2024-06-19,ST03,C0068,P030,5,128.97,0.05,612.61,68.05
S03116,2023-07-02,ST03,C0098,P044,6,63.39,0.0,380.34,315.3
S03117,2024-09-02,ST01,C0178,P008,5,103.99,0.0,519.95,244.45
S03118,2023-01-27,ST04,C0058,P032,5,112.21,0.15,476.89,190.85
S03119,2023-05-13,ST06,C0090,P044,3,63.39,0.0,190.17,157.65
S03120,2024-11-10,ST07,C0067,P006,1,38.24,0.1,34.42,47.27
S03121,2023-09-10,ST04,C0021,P041,3,102.52,0.0,307.56,133.05
S03122,2024-06-12,ST05,C0123,P006,3,38.24,0.0,114.72,141.81
S03123,2023-11-17,ST04,C0194,P021,6,130.5,0.05,743.85,123.3
S03124,2025-02-18,ST07,C0009,P045,2,128.71,0.05,244.55,92.94
S03125,2024-12-12,ST02,C0140,P012,4,107.39,0.05,408.08,124.24
S03126,2024-07-12,ST08,C0064,P013,3,87.68,0.05,249.89,123.33
S03127,2024-04-04,ST02,C0036,P007,6,124.91,0.0,749.46,286.56
S03128,2023-03-04,ST07,C0096,P031,6,145.67,0.15,742.92,77.64
S03129,2025-01-16,ST03,C0192,P049,4,76.91,0.0,307.64,102.08
S03130,2024-11-26,ST07,C0045,P007,1,124.91,0.1,112.42,47.76
S03131,2024-04-26,ST02,C0135,P017,5,25.33,0.15,107.65,286.85
S03132,2024-10-14,ST03,C0101,P029,1,106.78,0.1,96.1,53.26
S03133,2025-05-28,ST07,C0016,P040,5,121.88,0.0,609.4,111.9
S03134,2023-06-06,ST07,C0155,P006,2,38.24,0.0,76.48,94.54
S03135,2024-11-17,ST06,C0159,P016,1,134.43,0.05,127.71,15.99
S03136,2023-01-04,ST01,C0127,P048,3,131.28,0.0,393.84,55.53
S03137,2024-10-22,ST06,C0183,P003,6,37.7,0.1,203.58,194.04
S03138,2025-04-21,ST03,C0139,P038,2,124.25,0.15,211.22,111.74
S03139,2025-04-18,ST07,C0186,P046,4,33.17,0.0,132.68,204.36
S03140,2025-02-14,ST03,C0026,P044,2,63.39,0.0,126.78,105.1
S03141,2024-03-08,ST01,C0199,P015,3,36.23,0.1,97.82,70.62
S03142,2024-09-27,ST05,C0024,P023,6,103.23,0.0,619.38,330.3
S03143,2023-06-18,ST06,C0038,P004,5,112.08,0.0,560.4,59.45
S03144,2024-09-05,ST06,C0077,P026,1,48.78,0.15,41.46,38.46
S03145,2023-04-08,ST03,C0142,P010,6,55.91,0.0,335.46,348.54
S03146,2025-01-30,ST05,C0064,P007,2,124.91,0.05,237.33,95.52
S03147,2025-06-12,ST06,C0197,P024,4,52.66,0.05,200.11,170.72
S03148,2024-01-22,ST02,C0048,P030,1,128.97,0.15,109.62,13.61
S03149,2024-04-13,ST01,C0075,P022,6,102.95,0.0,617.7,179.58
S03150,2024-01-07,ST04,C0067,P041,1,102.52,0.1,92.27,44.35
S03151,2024-11-24,ST05,C0052,P046,2,33.17,0.05,63.02,102.18
S03152,2023-10-14,ST04,C0096,P040,1,121.88,0.0,121.88,22.38
S03153,2024-02-29,ST03,C0168,P044,6,63.39,0.1,342.31,315.3
S03154,2024-04-18,ST02,C0124,P031,6,145.67,0.15,742.92,77.64
S03155,2024-03-27,ST01,C0083,P007,4,124.91,0.0,499.64,191.04
S03156,2023-11-26,ST02,C0150,P044,6,63.39,0.05,361.32,315.3
S03157,2023-09-20,ST07,C0033,P039,3,108.79,0.0,326.37,79.95
S03158,2024-10-19,ST03,C0055,P029,5,106.78,0.0,533.9,266.3
S03159,2023-03-16,ST02,C0037,P028,6,93.53,0.0,561.18,237.3
S03160,2024-03-25,ST08,C0129,P047,2,84.64,0.1,152.35,48.54
S03161,2023-12-17,ST02,C0041,P010,5,55.91,0.1,251.59,290.45
S03162,2024-02-21,ST02,C0102,P016,3,134.43,0.05,383.13,47.97
S03163,2024-11-01,ST08,C0174,P014,4,97.8,0.05,371.64,192.52
S03164,2024-09-17,ST01,C0198,P008,3,103.99,0.0,311.97,146.67
S03165,2025-02-05,ST08,C0132,P037,4,142.97,0.0,571.88,37.04
S03166,2023-07-25,ST05,C0165,P029,3,106.78,0.1,288.31,159.78
S03167,2024-01-07,ST02,C0159,P048,3,131.28,0.0,393.84,55.53
S03168,2025-06-16,ST05,C0066,P004,3,112.08,0.0,336.24,35.67
S03169,2024-01-25,ST01,C0046,P001,2,144.68,0.15,245.96,44.96
S03170,2025-02-19,ST04,C0191,P025,5,112.7,0.05,535.32,43.35
S03171,2025-03-26,ST01,C0157,P036,2,23.33,0.15,39.66,85.58
S03172,2025-01-01,ST06,C0164,P020,1,98.43,0.0,98.43,59.88
S03173,2025-05-05,ST07,C0081,P039,4,108.79,0.05,413.4,106.6
S03174,2023-12-01,ST01,C0061,P004,3,112.08,0.0,336.24,35.67
S03175,2023-01-12,ST04,C0200,P039,3,108.79,0.05,310.05,79.95
S03176,2024-09-06,ST08,C0177,P044,6,63.39,0.0,380.34,315.3
S03177,2024-09-04,ST02,C0161,P020,5,98.43,0.15,418.33,299.4
S03178,2023-12-28,ST04,C0038,P047,4,84.64,0.1,304.7,97.08
S03179,2024-04-21,ST01,C0025,P033,1,113.38,0.0,113.38,50.39
S03180,2024-09-08,ST03,C0171,P036,4,23.33,0.0,93.32,171.16
S03181,2023-04-19,ST06,C0013,P005,1,99.71,0.0,99.71,56.0
S03182,2023-12-26,ST07,C0072,P016,1,134.43,0.0,134.43,15.99
S03183,2024-09-25,ST03,C0080,P035,2,24.85,0.0,49.7,105.8
S03184,2025-06-09,ST03,C0061,P007,3,124.91,0.0,374.73,143.28
S03185,2024-11-06,ST04,C0009,P012,6,107.39,0.15,547.69,186.36
S03186,2025-03-24,ST07,C0193,P005,5,99.71,0.0,498.55,280.0
S03187,2023-06-03,ST07,C0200,P047,2,84.64,0.05,160.82,48.54
S03188,2023-11-28,ST02,C0061,P001,6,144.68,0.15,737.87,134.88
S03189,2023-07-01,ST07,C0063,P031,5,145.67,0.0,728.35,64.7
S03190,2023-07-02,ST05,C0192,P030,6,128.97,0.05,735.13,81.66
S03191,2025-02-07,ST03,C0124,P028,1,93.53,0.0,93.53,39.55
S03192,2024-01-04,ST03,C0091,P002,1,87.83,0.0,87.83,28.27
S03193,2023-08-01,ST02,C0184,P045,1,128.71,0.05,122.27,46.47
S03194,2024-01-22,ST02,C0117,P001,4,144.68,0.0,578.72,89.92
S03195,2024-03-30,ST06,C0144,P018,1,75.37,0.15,64.06,40.6
S03196,2024-11-27,ST06,C0137,P043,1,121.53,0.0,121.53,47.17
S03197,2024-11-28,ST01,C0118,P014,5,97.8,0.0,489.0,240.65
S03198,2024-06-24,ST02,C0196,P006,5,38.24,0.0,191.2,236.35
S03199,2024-11-19,ST05,C0068,P040,3,121.88,0.0,365.64,67.14
S03200,2024-12-30,ST08,C0108,P024,2,52.66,0.1,94.79,85.36
S03201,2025-05-09,ST06,C0089,P026,4,48.78,0.0,195.12,153.84
S03202,2023-11-21,ST08,C0048,P039,4,108.79,0.05,413.4,106.6
S03203,2024-08-30,ST08,C0061,P006,4,38.24,0.15,130.02,189.08
S03204,2025-05-15,ST07,C0030,P044,2,63.39,0.05,120.44,105.1
S03205,2025-06-18,ST06,C0150,P016,4,134.43,0.0,537.72,63.96
S03206,2024-04-10,ST07,C0190,P009,4,128.46,0.05,488.15,72.24
S03207,2023-05-15,ST01,C0057,P035,3,24.85,0.0,74.55,158.7
S03208,2024-02-19,ST08,C0054,P032,1,112.21,0.0,112.21,38.17
S03209,2023-04-22,ST08,C0135,P035,6,24.85,0.0,149.1,317.4
S03210,2024-03-21,ST03,C0043,P003,2,37.7,0.15,64.09,64.68
S03211,2023-07-30,ST05,C0184,P042,6,132.25,0.05,753.82,222.24
S03212,2025-05-08,ST05,C0078,P005,4,99.71,0.05,378.9,224.0
S03213,2023-01-28,ST07,C0127,P012,2,107.39,0.15,182.56,62.12
S03214,2024-11-03,ST05,C0001,P014,6,97.8,0.0,586.8,288.78
S03215,2025-01-26,ST07,C0118,P005,1,99.71,0.15,84.75,56.0
S03216,2024-03-29,ST02,C0045,P020,3,98.43,0.0,295.29,179.64
S03217,2023-01-25,ST04,C0131,P019,1,49.2,0.1,44.28,47.44
S03218,2023-06-13,ST07,C0137,P026,2,48.78,0.05,92.68,76.92
S03219,2024-07-04,ST01,C0123,P017,3,25.33,0.05,72.19,172.11
S03220,2023-10-25,ST07,C0097,P021,5,130.5,0.1,587.25,102.75
S03221,2023-10-03,ST04,C0006,P031,4,145.67,0.1,524.41,51.76
S03222,2024-07-21,ST04,C0200,P036,1,23.33,0.0,23.33,42.79
S03223,2024-11-23,ST04,C0139,P018,4,75.37,0.15,256.26,162.4
S03224,2024-08-25,ST04,C0165,P039,4,108.79,0.15,369.89,106.6
S03225,2024-04-18,ST02,C0177,P015,3,36.23,0.1,97.82,70.62
S03226,2024-03-24,ST03,C0192,P012,6,107.39,0.1,579.91,186.36
S03227,2024-02-29,ST03,C0170,P008,4,103.99,0.0,415.96,195.56
S03228,2023-09-25,ST04,C0085,P025,3,112.7,0.0,338.1,26.01
S03229,2024-03-29,ST01,C0068,P003,4,37.7,0.15,128.18,129.36
S03230,2024-04-04,ST02,C0038,P044,1,63.39,0.1,57.05,52.55
S03231,2024-05-09,ST03,C0044,P029,5,106.78,0.0,533.9,266.3
S03232,2025-01-07,ST02,C0123,P018,5,75.37,0.0,376.85,203.0
S03233,2024-05-07,ST02,C0023,P002,4,87.83,0.15,298.62,113.08
S03234,2023-01-17,ST07,C0198,P038,6,124.25,0.0,745.5,335.22
S03235,2024-11-26,ST08,C0086,P031,5,145.67,0.1,655.51,64.7
S03236,2025-06-21,ST05,C0187,P047,5,84.64,0.05,402.04,121.35
S03237,2025-03-12,ST08,C0149,P019,5,49.2,0.1,221.4,237.2
S03238,2023-04-19,ST03,C0081,P004,2,112.08,0.0,224.16,23.78
S03239,2024-02-15,ST02,C0032,P032,3,112.21,0.1,302.97,114.51
S03240,2025-02-15,ST07,C0086,P027,3,121.52,0.1,328.1,40.23
S03241,2024-02-08,ST02,C0025,P048,1,131.28,0.05,124.72,18.51
S03242,2023-02-02,ST04,C0127,P005,6,99.71,0.15,508.52,336.0
S03243,2023-06-11,ST07,C0081,P046,2,33.17,0.0,66.34,102.18
S03244,2024-08-23,ST02,C0052,P027,2,121.52,0.1,218.74,26.82
S03245,2024-12-11,ST06,C0094,P030,4,128.97,0.0,515.88,54.44
S03246,2025-03-16,ST07,C0193,P048,1,131.28,0.05,124.72,18.51
S03247,2023-05-30,ST07,C0079,P039,2,108.79,0.05,206.7,53.3
S03248,2024-01-28,ST02,C0130,P036,1,23.33,0.1,21.0,42.79
S03249,2023-10-12,ST01,C0135,P014,4,97.8,0.1,352.08,192.52
S03250,2023-12-21,ST01,C0179,P011,1,96.17,0.0,96.17,45.75
S03251,2024-11-27,ST08,C0004,P042,1,132.25,0.05,125.64,37.04
S03252,2024-06-02,ST04,C0090,P032,6,112.21,0.15,572.27,229.02
S03253,2024-03-22,ST07,C0030,P011,2,96.17,0.15,163.49,91.5
S03254,2024-05-19,ST02,C0108,P013,2,87.68,0.0,175.36,82.22
S03255,2024-05-06,ST06,C0158,P031,3,145.67,0.1,393.31,38.82
S03256,2024-03-04,ST01,C0194,P003,3,37.7,0.15,96.14,97.02
S03257,2024-05-27,ST04,C0015,P039,4,108.79,0.15,369.89,106.6
S03258,2023-05-23,ST06,C0154,P011,6,96.17,0.0,577.02,274.5
S03259,2023-02-20,ST06,C0133,P024,5,52.66,0.0,263.3,213.4
S03260,2023-08-28,ST07,C0178,P022,2,102.95,0.15,175.01,59.86
S03261,2024-06-22,ST02,C0151,P039,2,108.79,0.05,206.7,53.3
S03262,2023-12-11,ST04,C0188,P018,5,75.37,0.15,320.32,203.0
S03263,2024-09-08,ST06,C0038,P010,3,55.91,0.0,167.73,174.27
S03264,2024-11-29,ST02,C0070,P029,5,106.78,0.15,453.81,266.3
S03265,2023-09-17,ST06,C0048,P048,5,131.28,0.0,656.4,92.55
S03266,2023-02-25,ST05,C0190,P041,4,102.52,0.05,389.58,177.4
S03267,2024-06-21,ST03,C0028,P012,6,107.39,0.0,644.34,186.36
S03268,2023-04-27,ST02,C0010,P026,6,48.78,0.1,263.41,230.76
S03269,2023-11-30,ST05,C0060,P026,3,48.78,0.0,146.34,115.38
S03270,2025-01-07,ST05,C0054,P007,3,124.91,0.0,374.73,143.28
S03271,2024-06-15,ST07,C0081,P007,2,124.91,0.0,249.82,95.52
S03272,2024-11-28,ST01,C0063,P039,4,108.79,0.1,391.64,106.6
S03273,2024-07-23,ST06,C0134,P026,5,48.78,0.0,243.9,192.3
S03274,2023-12-13,ST07,C0151,P042,6,132.25,0.15,674.48,222.24
S03275,2024-01-26,ST08,C0093,P020,2,98.43,0.15,167.33,119.76
S03276,2025-06-22,ST01,C0187,P018,5,75.37,0.15,320.32,203.0
S03277,2024-01-11,ST03,C0155,P040,6,121.88,0.0,731.28,134.28
S03278,2023-02-21,ST04,C0124,P030,3,128.97,0.15,328.87,40.83
S03279,2023-08-11,ST07,C0024,P049,4,76.91,0.1,276.88,102.08
S03280,2023-08-02,ST04,C0018,P005,2,99.71,0.1,179.48,112.0
S03281,2023-10-12,ST07,C0050,P031,4,145.67,0.0,582.68,51.76
S03282,2023-03-19,ST03,C0178,P031,1,145.67,0.05,138.39,12.94
S03283,2024-09-18,ST05,C0058,P043,1,121.53,0.15,103.3,47.17
S03284,2025-03-02,ST03,C0079,P012,6,107.39,0.0,644.34,186.36
S03285,2023-04-15,ST05,C0044,P042,1,132.25,0.15,112.41,37.04
S03286,2023-06-04,ST04,C0135,P040,1,121.88,0.05,115.79,22.38
S03287,2024-05-05,ST03,C0063,P044,6,63.39,0.0,380.34,315.3
S03288,2023-02-04,ST05,C0081,P028,1,93.53,0.0,93.53,39.55
S03289,2024-08-22,ST05,C0026,P035,3,24.85,0.0,74.55,158.7
S03290,2024-01-20,ST05,C0076,P011,2,96.17,0.15,163.49,91.5
S03291,2024-04-13,ST03,C0008,P043,6,121.53,0.0,729.18,283.02
S03292,2024-01-19,ST06,C0194,P016,1,134.43,0.15,114.27,15.99
S03293,2023-01-19,ST08,C0079,P039,4,108.79,0.0,435.16,106.6
S03294,2024-03-03,ST02,C0024,P045,6,128.71,0.15,656.42,278.82
S03295,2023-01-21,ST02,C0110,P033,3,113.38,0.05,323.13,151.17
S03296,2023-10-16,ST05,C0003,P018,1,75.37,0.0,75.37,40.6
S03297,2024-06-03,ST04,C0090,P032,5,112.21,0.1,504.94,190.85
S03298,2023-10-21,ST02,C0181,P040,2,121.88,0.05,231.57,44.76
S03299,2023-03-31,ST05,C0082,P003,6,37.7,0.0,226.2,194.04
S03300,2024-03-20,ST02,C0084,P020,6,98.43,0.15,501.99,359.28
S03301,2024-09-21,ST03,C0015,P040,4,121.88,0.0,487.52,89.52
S03302,2023-07-07,ST02,C0200,P043,1,121.53,0.15,103.3,47.17
S03303,2024-03-28,ST07,C0082,P013,3,87.68,0.1,236.74,123.33
S03304,2025-01-09,ST03,C0047,P018,1,75.37,0.15,64.06,40.6
S03305,2024-08-30,ST08,C0062,P012,4,107.39,0.15,365.13,124.24
S03306,2023-06-01,ST07,C0111,P025,5,112.7,0.0,563.5,43.35
S03307,2023-09-30,ST06,C0043,P050,2,61.96,0.0,123.92,115.76
S03308,2025-06-02,ST02,C0099,P035,5,24.85,0.0,124.25,264.5
S03309,2023-07-03,ST04,C0017,P006,5,38.24,0.15,162.52,236.35
S03310,2024-08-01,ST04,C0160,P002,3,87.83,0.0,263.49,84.81
S03311,2025-06-06,ST03,C0168,P018,3,75.37,0.0,226.11,121.8
S03312,2023-03-10,ST03,C0109,P025,5,112.7,0.15,478.97,43.35
S03313,2025-02-13,ST07,C0070,P013,2,87.68,0.0,175.36,82.22
S03314,2023-07-15,ST04,C0173,P020,2,98.43,0.0,196.86,119.76
S03315,2023-08-30,ST06,C0121,P014,1,97.8,0.15,83.13,48.13
S03316,2023-09-28,ST07,C0098,P034,5,77.23,0.0,386.15,208.25
S03317,2024-06-06,ST07,C0010,P047,3,84.64,0.0,253.92,72.81
S03318,2025-01-02,ST04,C0073,P012,6,107.39,0.1,579.91,186.36
S03319,2024-07-22,ST03,C0099,P012,5,107.39,0.0,536.95,155.3
S03320,2025-05-22,ST08,C0006,P022,3,102.95,0.0,308.85,89.79
S03321,2024-10-15,ST06,C0006,P022,2,102.95,0.1,185.31,59.86
S03322,2024-06-10,ST06,C0134,P041,5,102.52,0.0,512.6,221.75
S03323,2024-06-23,ST01,C0162,P031,2,145.67,0.1,262.21,25.88
S03324,2023-09-07,ST07,C0155,P028,3,93.53,0.0,280.59,118.65
S03325,2024-05-31,ST02,C0083,P014,4,97.8,0.05,371.64,192.52
S03326,2024-04-28,ST05,C0012,P022,4,102.95,0.0,411.8,119.72
S03327,2024-01-25,ST04,C0134,P036,1,23.33,0.0,23.33,42.79
S03328,2023-11-13,ST06,C0152,P049,3,76.91,0.0,230.73,76.56
S03329,2023-03-11,ST08,C0131,P036,2,23.33,0.0,46.66,85.58
S03330,2025-01-20,ST07,C0190,P019,6,49.2,0.05,280.44,284.64
S03331,2024-04-04,ST07,C0112,P034,4,77.23,0.1,278.03,166.6
S03332,2023-10-01,ST05,C0157,P035,4,24.85,0.0,99.4,211.6
S03333,2024-08-27,ST02,C0180,P027,4,121.52,0.15,413.17,53.64
S03334,2023-10-13,ST07,C0006,P042,5,132.25,0.0,661.25,185.2
S03335,2024-01-13,ST08,C0067,P006,1,38.24,0.0,38.24,47.27
S03336,2023-08-17,ST04,C0195,P002,5,87.83,0.0,439.15,141.35
S03337,2024-04-14,ST02,C0115,P046,3,33.17,0.05,94.53,153.27
S03338,2024-09-03,ST07,C0092,P031,4,145.67,0.15,495.28,51.76
S03339,2024-05-13,ST06,C0001,P021,1,130.5,0.1,117.45,20.55
S03340,2025-03-13,ST07,C0130,P047,1,84.64,0.15,71.94,24.27
S03341,2024-07-25,ST08,C0099,P007,6,124.91,0.0,749.46,286.56
S03342,2024-04-15,ST03,C0145,P017,2,25.33,0.0,50.66,114.74
S03343,2023-06-19,ST06,C0054,P045,5,128.71,0.15,547.02,232.35
S03344,2024-03-30,ST06,C0148,P028,1,93.53,0.0,93.53,39.55
S03345,2024-08-24,ST01,C0195,P021,6,130.5,0.0,783.0,123.3
S03346,2025-01-20,ST04,C0105,P027,4,121.52,0.0,486.08,53.64
S03347,2025-05-04,ST03,C0012,P020,6,98.43,0.15,501.99,359.28
S03348,2023-09-02,ST07,C0046,P017,1,25.33,0.05,24.06,57.37
S03349,2024-08-04,ST03,C0138,P045,3,128.71,0.05,366.82,139.41
S03350,2025-01-06,ST01,C0077,P008,2,103.99,0.0,207.98,97.78
S03351,2025-02-15,ST04,C0175,P004,5,112.08,0.0,560.4,59.45
S03352,2025-04-06,ST07,C0126,P046,6,33.17,0.0,199.02,306.54
S03353,2025-05-01,ST05,C0097,P049,5,76.91,0.0,384.55,127.6
S03354,2024-10-23,ST04,C0106,P041,5,102.52,0.15,435.71,221.75
S03355,2023-02-24,ST04,C0147,P019,6,49.2,0.05,280.44,284.64
S03356,2023-07-02,ST07,C0014,P036,2,23.33,0.0,46.66,85.58
S03357,2024-02-26,ST04,C0090,P033,1,113.38,0.15,96.37,50.39
S03358,2023-08-07,ST02,C0006,P006,2,38.24,0.05,72.66,94.54
S03359,2024-11-11,ST07,C0148,P036,5,23.33,0.0,116.65,213.95
S03360,2024-11-28,ST04,C0157,P006,1,38.24,0.0,38.24,47.27
S03361,2025-02-07,ST06,C0129,P042,2,132.25,0.15,224.82,74.08
S03362,2024-01-09,ST06,C0118,P032,5,112.21,0.05,533.0,190.85
S03363,2025-02-22,ST01,C0122,P049,2,76.91,0.05,146.13,51.04
S03364,2025-04-10,ST03,C0107,P021,1,130.5,0.0,130.5,20.55
S03365,2024-07-31,ST04,C0109,P048,3,131.28,0.0,393.84,55.53
S03366,2025-02-09,ST04,C0073,P044,6,63.39,0.1,342.31,315.3
S03367,2023-09-01,ST07,C0104,P017,6,25.33,0.15,129.18,344.22
S03368,2023-09-19,ST04,C0063,P046,1,33.17,0.1,29.85,51.09
S03369,2023-05-27,ST03,C0173,P005,2,99.71,0.0,199.42,112.0
S03370,2024-09-17,ST07,C0113,P024,1,52.66,0.05,50.03,42.68
S03371,2023-08-04,ST01,C0191,P046,4,33.17,0.0,132.68,204.36
S03372,2023-08-06,ST05,C0115,P008,3,103.99,0.0,311.97,146.67
S03373,2023-05-17,ST07,C0119,P030,2,128.97,0.15,219.25,27.22
S03374,2023-01-26,ST07,C0035,P027,2,121.52,0.05,230.89,26.82
S03375,2024-12-27,ST06,C0138,P029,6,106.78,0.0,640.68,319.56
S03376,2023-10-10,ST08,C0158,P033,4,113.38,0.0,453.52,201.56
S03377,2024-03-18,ST06,C0198,P032,5,112.21,0.0,561.05,190.85
S03378,2025-06-22,ST04,C0074,P044,3,63.39,0.1,171.15,157.65
S03379,2024-01-20,ST03,C0086,P046,5,33.17,0.0,165.85,255.45
S03380,2025-04-05,ST08,C0115,P013,3,87.68,0.0,263.04,123.33
S03381,2023-07-04,ST08,C0062,P049,4,76.91,0.05,292.26,102.08
S03382,2023-09-06,ST08,C0143,P027,3,121.52,0.0,364.56,40.23
S03383,2023-01-27,ST01,C0039,P017,4,25.33,0.05,96.25,229.48
S03384,2024-12-20,ST02,C0091,P030,3,128.97,0.1,348.22,40.83
S03385,2023-09-11,ST04,C0090,P029,3,106.78,0.0,320.34,159.78
S03386,2024-05-16,ST08,C0082,P005,2,99.71,0.15,169.51,112.0
S03387,2024-08-09,ST01,C0054,P050,5,61.96,0.1,278.82,289.4
S03388,2023-02-08,ST01,C0009,P004,5,112.08,0.0,560.4,59.45
S03389,2024-10-20,ST07,C0009,P048,3,131.28,0.05,374.15,55.53
S03390,2024-12-13,ST03,C0186,P023,2,103.23,0.15,175.49,110.1
S03391,2023-02-20,ST05,C0185,P019,3,49.2,0.0,147.6,142.32
S03392,2025-03-27,ST07,C0086,P034,3,77.23,0.0,231.69,124.95
S03393,2023-10-13,ST04,C0047,P022,6,102.95,0.0,617.7,179.58
S03394,2023-09-29,ST01,C0111,P027,6,121.52,0.15,619.75,80.46
S03395,2023-02-27,ST01,C0196,P043,1,121.53,0.0,121.53,47.17
S03396,2025-05-20,ST02,C0008,P030,1,128.97,0.0,128.97,13.61
S03397,2025-03-27,ST05,C0063,P048,5,131.28,0.15,557.94,92.55
S03398,2024-09-03,ST02,C0108,P024,1,52.66,0.1,47.39,42.68
S03399,2025-03-17,ST07,C0196,P045,3,128.71,0.0,386.13,139.41
S03400,2023-12-28,ST02,C0141,P006,6,38.24,0.0,229.44,283.62
S03401,2025-02-04,ST08,C0056,P033,3,113.38,0.05,323.13,151.17
S03402,2025-02-06,ST05,C0020,P028,6,93.53,0.0,561.18,237.3
S03403,2023-08-04,ST07,C0115,P031,1,145.67,0.1,131.1,12.94
S03404,2024-06-04,ST07,C0196,P042,5,132.25,0.05,628.19,185.2
S03405,2024-03-31,ST05,C0001,P043,6,121.53,0.05,692.72,283.02
S03406,2023-04-20,ST07,C0150,P047,4,84.64,0.15,287.78,97.08
S03407,2024-08-28,ST03,C0099,P042,6,132.25,0.1,714.15,222.24
S03408,2024-06-12,ST06,C0190,P002,6,87.83,0.0,526.98,169.62
S03409,2024-12-07,ST06,C0104,P024,5,52.66,0.1,236.97,213.4
S03410,2024-04-23,ST02,C0005,P024,3,52.66,0.15,134.28,128.04
S03411,2024-03-28,ST04,C0180,P011,6,96.17,0.0,577.02,274.5
S03412,2023-03-24,ST03,C0187,P001,5,144.68,0.15,614.89,112.4
S03413,2024-06-30,ST07,C0128,P012,3,107.39,0.0,322.17,93.18
S03414,2024-12-05,ST08,C0072,P021,6,130.5,0.0,783.0,123.3
S03415,2023-10-13,ST07,C0137,P040,2,121.88,0.0,243.76,44.76
S03416,2025-01-28,ST01,C0065,P005,3,99.71,0.0,299.13,168.0
S03417,2024-11-02,ST07,C0023,P014,4,97.8,0.0,391.2,192.52
S03418,2025-01-04,ST05,C0125,P020,4,98.43,0.0,393.72,239.52
S03419,2024-11-08,ST02,C0142,P014,3,97.8,0.05,278.73,144.39
S03420,2025-05-02,ST06,C0190,P047,2,84.64,0.0,169.28,48.54
S03421,2023-07-18,ST05,C0077,P030,2,128.97,0.0,257.94,27.22
S03422,2023-04-08,ST05,C0084,P013,3,87.68,0.0,263.04,123.33
S03423,2023-07-15,ST03,C0192,P002,6,87.83,0.0,526.98,169.62
S03424,2023-09-08,ST04,C0124,P033,3,113.38,0.0,340.14,151.17
S03425,2024-01-08,ST07,C0192,P035,4,24.85,0.0,99.4,211.6
S03426,2025-02-25,ST05,C0123,P032,1,112.21,0.0,112.21,38.17
S03427,2023-02-20,ST06,C0053,P006,1,38.24,0.1,34.42,47.27
S03428,2024-04-30,ST01,C0049,P044,2,63.39,0.0,126.78,105.1
S03429,2024-09-29,ST04,C0096,P033,3,113.38,0.05,323.13,151.17
S03430,2023-04-13,ST02,C0082,P050,3,61.96,0.0,185.88,173.64
S03431,2024-05-12,ST06,C0135,P040,6,121.88,0.0,731.28,134.28
S03432,2024-03-08,ST08,C0031,P045,5,128.71,0.1,579.2,232.35
S03433,2023-08-13,ST01,C0088,P021,5,130.5,0.1,587.25,102.75
S03434,2023-09-11,ST02,C0181,P020,2,98.43,0.1,177.17,119.76
S03435,2024-12-15,ST06,C0085,P025,5,112.7,0.0,563.5,43.35
S03436,2023-05-13,ST06,C0118,P025,5,112.7,0.0,563.5,43.35
S03437,2024-03-08,ST04,C0138,P014,1,97.8,0.1,88.02,48.13
S03438,2023-12-02,ST02,C0080,P015,5,36.23,0.15,153.98,117.7
S03439,2023-10-08,ST01,C0011,P049,2,76.91,0.1,138.44,51.04
S03440,2024-08-10,ST07,C0067,P005,2,99.71,0.0,199.42,112.0
S03441,2025-04-04,ST03,C0181,P009,3,128.46,0.0,385.38,54.18
S03442,2023-02-01,ST06,C0177,P007,5,124.91,0.05,593.32,238.8
S03443,2024-11-04,ST01,C0062,P048,5,131.28,0.15,557.94,92.55
S03444,2024-12-28,ST02,C0045,P007,5,124.91,0.0,624.55,238.8
S03445,2023-02-19,ST04,C0121,P010,3,55.91,0.0,167.73,174.27
S03446,2025-04-15,ST07,C0076,P006,1,38.24,0.0,38.24,47.27
S03447,2024-09-03,ST06,C0022,P016,6,134.43,0.0,806.58,95.94
S03448,2023-08-19,ST01,C0051,P024,1,52.66,0.0,52.66,42.68
S03449,2023-12-17,ST04,C0010,P015,1,36.23,0.0,36.23,23.54
S03450,2024-08-05,ST08,C0003,P019,4,49.2,0.1,177.12,189.76
S03451,2024-09-30,ST02,C0172,P006,1,38.24,0.1,34.42,47.27
S03452,2025-04-02,ST06,C0105,P048,5,131.28,0.1,590.76,92.55
S03453,2024-09-16,ST06,C0170,P020,3,98.43,0.05,280.53,179.64
S03454,2024-05-02,ST07,C0190,P027,2,121.52,0.15,206.58,26.82
S03455,2023-08-04,ST05,C0084,P020,1,98.43,0.1,88.59,59.88
S03456,2024-02-08,ST02,C0048,P048,2,131.28,0.05,249.43,37.02
S03457,2023-01-08,ST05,C0154,P040,3,121.88,0.0,365.64,67.14
S03458,2025-05-25,ST05,C0107,P004,6,112.08,0.0,672.48,71.34
S03459,2025-04-24,ST02,C0188,P040,1,121.88,0.05,115.79,22.38
S03460,2025-04-16,ST07,C0178,P007,6,124.91,0.05,711.99,286.56
S03461,2023-10-02,ST02,C0158,P045,1,128.71,0.0,128.71,46.47
S03462,2025-05-02,ST03,C0180,P049,2,76.91,0.15,130.75,51.04
S03463,2024-11-20,ST02,C0035,P017,4,25.33,0.1,91.19,229.48
S03464,2023-09-28,ST03,C0107,P010,2,55.91,0.15,95.05,116.18
S03465,2025-02-21,ST08,C0163,P006,3,38.24,0.15,97.51,141.81
S03466,2023-05-26,ST07,C0044,P026,5,48.78,0.1,219.51,192.3
S03467,2024-02-04,ST03,C0098,P050,1,61.96,0.1,55.76,57.88
S03468,2023-10-16,ST05,C0162,P013,4,87.68,0.1,315.65,164.44
S03469,2025-01-09,ST01,C0023,P046,1,33.17,0.0,33.17,51.09
S03470,2024-08-10,ST03,C0059,P037,6,142.97,0.15,729.15,55.56
S03471,2024-12-20,ST06,C0163,P041,4,102.52,0.0,410.08,177.4
S03472,2023-09-07,ST08,C0034,P049,1,76.91,0.15,65.37,25.52
S03473,2023-03-14,ST03,C0041,P013,1,87.68,0.0,87.68,41.11
S03474,2024-12-11,ST08,C0170,P042,3,132.25,0.1,357.07,111.12
S03475,2024-03-23,ST08,C0158,P022,6,102.95,0.0,617.7,179.58
S03476,2024-11-02,ST08,C0049,P017,1,25.33,0.0,25.33,57.37
S03477,2025-04-24,ST02,C0090,P040,3,121.88,0.0,365.64,67.14
S03478,2023-10-31,ST01,C0184,P012,3,107.39,0.15,273.84,93.18
S03479,2024-01-20,ST01,C0165,P033,6,113.38,0.0,680.28,302.34
S03480,2025-04-16,ST07,C0133,P041,1,102.52,0.05,97.39,44.35
S03481,2023-04-02,ST01,C0074,P003,2,37.7,0.0,75.4,64.68
S03482,2023-05-27,ST07,C0004,P017,3,25.33,0.0,75.99,172.11
S03483,2023-08-26,ST08,C0068,P031,4,145.67,0.15,495.28,51.76
S03484,2023-03-02,ST01,C0088,P039,6,108.79,0.1,587.47,159.9
S03485,2024-01-19,ST02,C0066,P002,6,87.83,0.1,474.28,169.62
S03486,2024-10-26,ST06,C0150,P047,4,84.64,0.05,321.63,97.08
S03487,2024-05-13,ST04,C0067,P045,1,128.71,0.0,128.71,46.47
S03488,2023-10-25,ST06,C0085,P025,4,112.7,0.0,450.8,34.68
S03489,2024-09-25,ST08,C0132,P015,5,36.23,0.1,163.03,117.7
S03490,2024-11-25,ST07,C0114,P033,3,113.38,0.05,323.13,151.17
S03491,2024-08-07,ST04,C0158,P045,1,128.71,0.0,128.71,46.47
S03492,2023-06-17,ST01,C0169,P025,4,112.7,0.15,383.18,34.68
S03493,2024-02-08,ST01,C0036,P009,1,128.46,0.0,128.46,18.06
S03494,2024-08-07,ST07,C0050,P047,1,84.64,0.0,84.64,24.27
S03495,2023-01-03,ST05,C0151,P031,6,145.67,0.05,830.32,77.64
S03496,2023-07-02,ST01,C0193,P006,2,38.24,0.1,68.83,94.54
S03497,2023-10-06,ST06,C0054,P002,1,87.83,0.15,74.66,28.27
S03498,2024-06-08,ST06,C0066,P047,6,84.64,0.0,507.84,145.62
S03499,2023-04-11,ST05,C0044,P036,3,23.33,0.0,69.99,128.37
S03500,2023-08-16,ST02,C0183,P038,3,124.25,0.05,354.11,167.61
S03501,2024-10-12,ST01,C0188,P037,3,142.97,0.0,428.91,27.78
S03502,2024-11-30,ST03,C0113,P020,5,98.43,0.0,492.15,299.4
S03503,2024-08-14,ST02,C0092,P038,6,124.25,0.05,708.23,335.22
S03504,2023-04-29,ST01,C0056,P031,5,145.67,0.0,728.35,64.7
S03505,2024-06-25,ST03,C0057,P047,6,84.64,0.15,431.66,145.62
S03506,2024-01-09,ST01,C0127,P026,5,48.78,0.0,243.9,192.3
S03507,2025-05-05,ST07,C0195,P033,6,113.38,0.1,612.25,302.34
S03508,2024-02-16,ST07,C0198,P048,3,131.28,0.05,374.15,55.53
S03509,2025-03-06,ST03,C0170,P045,5,128.71,0.0,643.55,232.35
S03510,2023-05-02,ST03,C0199,P024,2,52.66,0.1,94.79,85.36
S03511,2023-06-08,ST01,C0184,P011,1,96.17,0.1,86.55,45.75
S03512,2024-06-24,ST04,C0040,P014,3,97.8,0.0,293.4,144.39
S03513,2023-10-26,ST06,C0112,P003,4,37.7,0.1,135.72,129.36
S03514,2023-09-14,ST07,C0077,P047,4,84.64,0.05,321.63,97.08
S03515,2023-03-18,ST01,C0127,P041,5,102.52,0.05,486.97,221.75
S03516,2023-12-01,ST04,C0083,P018,4,75.37,0.0,301.48,162.4
S03517,2023-12-25,ST06,C0072,P047,5,84.64,0.05,402.04,121.35
S03518,2023-12-10,ST02,C0038,P022,2,102.95,0.0,205.9,59.86
S03519,2025-01-30,ST02,C0052,P041,4,102.52,0.0,410.08,177.4
S03520,2024-06-03,ST06,C0176,P023,5,103.23,0.15,438.73,275.25
S03521,2023-01-19,ST08,C0129,P011,3,96.17,0.1,259.66,137.25
S03522,2023-01-21,ST05,C0118,P046,1,33.17,0.15,28.19,51.09
S03523,2024-05-23,ST05,C0181,P005,5,99.71,0.05,473.62,280.0
S03524,2024-07-11,ST07,C0041,P044,4,63.39,0.0,253.56,210.2
S03525,2023-07-28,ST02,C0031,P049,5,76.91,0.1,346.09,127.6
S03526,2023-03-23,ST05,C0109,P032,3,112.21,0.0,336.63,114.51
S03527,2024-02-26,ST07,C0157,P018,3,75.37,0.0,226.11,121.8
S03528,2023-08-27,ST06,C0197,P005,6,99.71,0.05,568.35,336.0
S03529,2025-02-15,ST07,C0029,P020,4,98.43,0.1,354.35,239.52
S03530,2023-02-15,ST04,C0110,P039,6,108.79,0.0,652.74,159.9
S03531,2024-07-17,ST04,C0145,P004,3,112.08,0.15,285.8,35.67
S03532,2024-06-30,ST01,C0048,P033,1,113.38,0.05,107.71,50.39
S03533,2023-05-16,ST02,C0010,P013,6,87.68,0.0,526.08,246.66
S03534,2025-05-22,ST03,C0122,P037,2,142.97,0.0,285.94,18.52
S03535,2023-06-04,ST05,C0033,P010,5,55.91,0.15,237.62,290.45
S03536,2024-05-31,ST03,C0079,P014,4,97.8,0.05,371.64,192.52
S03537,2023-01-13,ST01,C0142,P027,5,121.52,0.15,516.46,67.05
S03538,2024-04-24,ST05,C0197,P034,4,77.23,0.15,262.58,166.6
S03539,2024-12-05,ST02,C0013,P045,6,128.71,0.1,695.03,278.82
S03540,2025-04-25,ST01,C0071,P003,2,37.7,0.0,75.4,64.68
S03541,2025-01-23,ST01,C0142,P020,1,98.43,0.0,98.43,59.88
S03542,2024-03-26,ST04,C0113,P015,3,36.23,0.1,97.82,70.62
S03543,2023-07-24,ST08,C0103,P026,1,48.78,0.0,48.78,38.46
S03544,2023-07-05,ST05,C0067,P021,4,130.5,0.0,522.0,82.2
S03545,2025-05-11,ST03,C0063,P023,4,103.23,0.0,412.92,220.2
S03546,2025-01-11,ST08,C0112,P040,3,121.88,0.15,310.79,67.14
S03547,2023-08-31,ST03,C0163,P026,4,48.78,0.0,195.12,153.84
S03548,2024-11-11,ST06,C0162,P004,6,112.08,0.0,672.48,71.34
S03549,2023-12-15,ST05,C0179,P026,5,48.78,0.1,219.51,192.3
S03550,2024-01-28,ST03,C0028,P005,6,99.71,0.1,538.43,336.0
S03551,2023-07-08,ST08,C0105,P023,6,103.23,0.15,526.47,330.3
S03552,2023-07-16,ST06,C0040,P044,6,63.39,0.0,380.34,315.3
S03553,2025-01-20,ST06,C0022,P011,3,96.17,0.15,245.23,137.25
S03554,2024-10-24,ST04,C0169,P042,5,132.25,0.0,661.25,185.2
S03555,2023-06-22,ST08,C0173,P002,4,87.83,0.0,351.32,113.08
S03556,2023-06-14,ST03,C0141,P021,1,130.5,0.0,130.5,20.55
S03557,2024-12-22,ST07,C0047,P025,3,112.7,0.0,338.1,26.01
S03558,2023-01-27,ST07,C0095,P039,4,108.79,0.15,369.89,106.6
S03559,2025-06-08,ST05,C0069,P033,6,113.38,0.05,646.27,302.34
S03560,2023-08-03,ST01,C0115,P001,4,144.68,0.0,578.72,89.92
S03561,2024-02-15,ST02,C0171,P006,5,38.24,0.1,172.08,236.35
S03562,2023-08-15,ST08,C0117,P005,3,99.71,0.0,299.13,168.0
S03563,2024-06-15,ST05,C0040,P005,3,99.71,0.0,299.13,168.0
S03564,2024-08-12,ST03,C0155,P020,3,98.43,0.0,295.29,179.64
S03565,2023-03-20,ST07,C0026,P044,3,63.39,0.1,171.15,157.65
S03566,2024-03-03,ST04,C0046,P035,5,24.85,0.15,105.61,264.5
S03567,2025-03-04,ST08,C0170,P022,3,102.95,0.05,293.41,89.79
S03568,2025-06-06,ST06,C0112,P029,4,106.78,0.0,427.12,213.04
S03569,2023-12-29,ST08,C0010,P038,1,124.25,0.0,124.25,55.87
S03570,2023-07-13,ST05,C0078,P021,6,130.5,0.15,665.55,123.3
S03571,2023-12-16,ST05,C0164,P014,2,97.8,0.05,185.82,96.26
S03572,2024-01-21,ST08,C0121,P035,1,24.85,0.0,24.85,52.9
S03573,2024-06-28,ST03,C0145,P027,2,121.52,0.15,206.58,26.82
S03574,2023-03-08,ST05,C0150,P001,5,144.68,0.0,723.4,112.4
S03575,2024-05-22,ST04,C0104,P032,3,112.21,0.0,336.63,114.51
S03576,2023-02-17,ST06,C0054,P023,5,103.23,0.05,490.34,275.25
S03577,2025-04-28,ST01,C0032,P030,6,128.97,0.0,773.82,81.66
S03578,2024-03-05,ST06,C0032,P008,6,103.99,0.0,623.94,293.34
S03579,2023-11-19,ST04,C0117,P030,3,128.97,0.1,348.22,40.83
S03580,2024-07-06,ST02,C0062,P017,6,25.33,0.0,151.98,344.22
S03581,2024-09-03,ST08,C0138,P045,2,128.71,0.0,257.42,92.94
S03582,2024-12-31,ST08,C0094,P023,5,103.23,0.0,516.15,275.25
S03583,2024-10-08,ST02,C0066,P026,2,48.78,0.0,97.56,76.92
S03584,2025-01-07,ST08,C0166,P018,3,75.37,0.0,226.11,121.8
S03585,2023-01-05,ST06,C0137,P026,6,48.78,0.0,292.68,230.76
S03586,2024-04-04,ST06,C0055,P030,2,128.97,0.0,257.94,27.22
S03587,2023-12-14,ST06,C0138,P010,3,55.91,0.0,167.73,174.27
S03588,2025-06-09,ST06,C0005,P036,4,23.33,0.15,79.32,171.16
S03589,2024-09-03,ST08,C0078,P039,3,108.79,0.1,293.73,79.95
S03590,2023-05-01,ST07,C0168,P007,4,124.91,0.0,499.64,191.04
S03591,2025-03-23,ST05,C0136,P010,6,55.91,0.15,285.14,348.54
S03592,2023-02-07,ST04,C0199,P008,4,103.99,0.0,415.96,195.56
S03593,2023-06-13,ST05,C0055,P016,4,134.43,0.0,537.72,63.96
S03594,2023-06-04,ST08,C0005,P020,1,98.43,0.0,98.43,59.88
S03595,2024-03-24,ST08,C0152,P026,6,48.78,0.15,248.78,230.76
S03596,2023-11-05,ST08,C0066,P007,6,124.91,0.1,674.51,286.56
S03597,2024-03-02,ST04,C0185,P032,3,112.21,0.0,336.63,114.51
S03598,2023-03-23,ST06,C0090,P036,5,23.33,0.0,116.65,213.95
S03599,2024-10-09,ST04,C0133,P003,4,37.7,0.0,150.8,129.36
S03600,2024-01-30,ST07,C0183,P024,1,52.66,0.0,52.66,42.68
S03601,2023-08-26,ST04,C0007,P030,5,128.97,0.05,612.61,68.05
S03602,2023-10-13,ST02,C0005,P007,4,124.91,0.0,499.64,191.04
S03603,2025-06-10,ST01,C0174,P040,6,121.88,0.0,731.28,134.28
S03604,2024-03-30,ST08,C0027,P049,6,76.91,0.0,461.46,153.12
S03605,2025-06-05,ST05,C0118,P025,5,112.7,0.0,563.5,43.35
S03606,2023-09-13,ST07,C0140,P032,6,112.21,0.1,605.93,229.02
S03607,2023-11-25,ST06,C0136,P012,3,107.39,0.15,273.84,93.18
S03608,2024-01-27,ST03,C0102,P007,1,124.91,0.15,106.17,47.76
S03609,2025-04-02,ST04,C0149,P024,6,52.66,0.1,284.36,256.08
S03610,2023-08-28,ST07,C0150,P050,4,61.96,0.05,235.45,231.52
S03611,2025-01-25,ST06,C0064,P044,2,63.39,0.05,120.44,105.1
S03612,2025-04-24,ST06,C0062,P032,6,112.21,0.0,673.26,229.02
S03613,2024-04-15,ST07,C0135,P046,1,33.17,0.05,31.51,51.09
S03614,2024-02-01,ST03,C0117,P004,2,112.08,0.1,201.74,23.78
S03615,2023-05-31,ST05,C0055,P035,1,24.85,0.0,24.85,52.9
S03616,2024-11-02,ST02,C0089,P015,2,36.23,0.1,65.21,47.08
S03617,2024-03-23,ST05,C0020,P001,2,144.68,0.0,289.36,44.96
S03618,2025-05-15,ST05,C0120,P039,2,108.79,0.05,206.7,53.3
S03619,2024-05-21,ST04,C0080,P041,4,102.52,0.05,389.58,177.4
S03620,2025-04-20,ST06,C0058,P044,4,63.39,0.15,215.53,210.2
S03621,2024-08-02,ST07,C0187,P050,4,61.96,0.0,247.84,231.52
S03622,2024-02-05,ST01,C0069,P045,2,128.71,0.15,218.81,92.94
S03623,2023-06-22,ST01,C0171,P050,6,61.96,0.0,371.76,347.28
S03624,2023-02-19,ST04,C0173,P030,3,128.97,0.15,328.87,40.83
S03625,2023-06-16,ST03,C0094,P028,4,93.53,0.0,374.12,158.2
S03626,2024-03-04,ST06,C0045,P033,2,113.38,0.15,192.75,100.78
S03627,2023-05-29,ST08,C0061,P027,5,121.52,0.0,607.6,67.05
S03628,2024-03-01,ST02,C0200,P046,2,33.17,0.1,59.71,102.18
S03629,2023-04-16,ST07,C0134,P049,4,76.91,0.1,276.88,102.08
S03630,2025-03-26,ST03,C0023,P007,6,124.91,0.0,749.46,286.56
S03631,2024-03-26,ST02,C0043,P013,3,87.68,0.15,223.58,123.33
S03632,2024-02-07,ST06,C0043,P043,2,121.53,0.05,230.91,94.34
S03633,2025-06-19,ST08,C0028,P006,6,38.24,0.1,206.5,283.62
S03634,2024-05-25,ST06,C0038,P037,5,142.97,0.0,714.85,46.3
S03635,2024-02-22,ST06,C0195,P026,4,48.78,0.0,195.12,153.84
S03636,2023-04-13,ST05,C0162,P041,4,102.52,0.0,410.08,177.4
S03637,2024-10-17,ST03,C0055,P045,3,128.71,0.15,328.21,139.41
S03638,2023-05-15,ST05,C0072,P021,1,130.5,0.0,130.5,20.55
S03639,2023-11-15,ST06,C0025,P034,1,77.23,0.0,77.23,41.65
S03640,2023-07-05,ST04,C0116,P025,5,112.7,0.0,563.5,43.35
S03641,2023-09-16,ST03,C0087,P044,1,63.39,0.0,63.39,52.55
S03642,2025-01-30,ST02,C0166,P036,6,23.33,0.1,125.98,256.74
S03643,2024-11-14,ST07,C0114,P014,5,97.8,0.0,489.0,240.65
S03644,2025-01-19,ST05,C0026,P050,4,61.96,0.0,247.84,231.52
S03645,2024-05-28,ST03,C0098,P017,2,25.33,0.0,50.66,114.74
S03646,2024-08-27,ST04,C0067,P005,2,99.71,0.0,199.42,112.0
S03647,2023-07-13,ST01,C0069,P021,1,130.5,0.0,130.5,20.55
S03648,2025-06-28,ST03,C0114,P012,5,107.39,0.0,536.95,155.3
S03649,2023-01-04,ST04,C0003,P025,1,112.7,0.1,101.43,8.67
S03650,2024-11-29,ST07,C0200,P031,3,145.67,0.05,415.16,38.82
S03651,2023-06-14,ST01,C0012,P031,4,145.67,0.15,495.28,51.76
S03652,2025-04-18,ST07,C0124,P043,1,121.53,0.1,109.38,47.17
S03653,2023-08-13,ST08,C0199,P016,4,134.43,0.0,537.72,63.96
S03654,2024-03-29,ST06,C0155,P048,1,131.28,0.05,124.72,18.51
S03655,2023-03-27,ST08,C0168,P027,6,121.52,0.0,729.12,80.46
S03656,2023-10-27,ST03,C0107,P041,1,102.52,0.05,97.39,44.35
S03657,2023-09-16,ST05,C0011,P010,5,55.91,0.1,251.59,290.45
S03658,2025-06-12,ST01,C0102,P034,6,77.23,0.0,463.38,249.9
S03659,2023-04-22,ST07,C0129,P007,5,124.91,0.0,624.55,238.8
S03660,2023-12-07,ST03,C0058,P003,4,37.7,0.0,150.8,129.36
S03661,2025-04-26,ST07,C0085,P042,3,132.25,0.1,357.07,111.12
S03662,2023-04-07,ST05,C0120,P028,1,93.53,0.1,84.18,39.55
S03663,2023-10-22,ST07,C0022,P040,1,121.88,0.0,121.88,22.38
S03664,2023-01-27,ST04,C0176,P046,5,33.17,0.15,140.97,255.45
S03665,2024-02-24,ST05,C0100,P002,5,87.83,0.0,439.15,141.35
S03666,2024-10-06,ST08,C0185,P037,6,142.97,0.0,857.82,55.56
S03667,2024-03-13,ST03,C0077,P015,3,36.23,0.15,92.39,70.62
S03668,2024-07-26,ST08,C0181,P008,6,103.99,0.0,623.94,293.34
S03669,2023-09-03,ST02,C0142,P008,6,103.99,0.0,623.94,293.34
S03670,2024-08-22,ST02,C0147,P036,2,23.33,0.05,44.33,85.58
S03671,2023-10-28,ST07,C0037,P035,4,24.85,0.0,99.4,211.6
S03672,2023-02-09,ST03,C0071,P030,1,128.97,0.0,128.97,13.61
S03673,2024-07-20,ST04,C0018,P016,6,134.43,0.05,766.25,95.94
S03674,2024-02-17,ST06,C0036,P047,2,84.64,0.05,160.82,48.54
S03675,2025-05-13,ST03,C0036,P001,1,144.68,0.05,137.45,22.48
S03676,2025-06-29,ST01,C0189,P037,5,142.97,0.15,607.62,46.3
S03677,2025-04-06,ST06,C0117,P033,3,113.38,0.1,306.13,151.17
S03678,2024-12-27,ST04,C0037,P001,2,144.68,0.0,289.36,44.96
S03679,2023-04-28,ST05,C0060,P035,2,24.85,0.15,42.25,105.8
S03680,2025-02-25,ST02,C0164,P040,1,121.88,0.05,115.79,22.38
S03681,2024-12-31,ST04,C0115,P024,3,52.66,0.0,157.98,128.04
S03682,2023-09-15,ST06,C0080,P031,3,145.67,0.05,415.16,38.82
S03683,2024-12-28,ST06,C0056,P037,1,142.97,0.0,142.97,9.26
S03684,2024-11-08,ST02,C0189,P011,3,96.17,0.0,288.51,137.25
S03685,2024-05-13,ST03,C0023,P049,5,76.91,0.0,384.55,127.6
S03686,2024-07-02,ST06,C0023,P013,3,87.68,0.1,236.74,123.33
S03687,2023-03-26,ST08,C0150,P041,5,102.52,0.1,461.34,221.75
S03688,2023-08-21,ST06,C0057,P001,5,144.68,0.05,687.23,112.4
S03689,2023-08-07,ST08,C0127,P007,1,124.91,0.05,118.66,47.76
S03690,2024-12-03,ST04,C0007,P045,1,128.71,0.0,128.71,46.47
S03691,2023-12-30,ST08,C0129,P027,1,121.52,0.1,109.37,13.41
S03692,2023-01-19,ST03,C0019,P020,3,98.43,0.15,251.0,179.64
S03693,2023-07-09,ST06,C0002,P025,1,112.7,0.05,107.06,8.67
S03694,2023-12-20,ST04,C0139,P017,6,25.33,0.15,129.18,344.22
S03695,2024-01-02,ST06,C0152,P036,2,23.33,0.0,46.66,85.58
S03696,2024-08-12,ST05,C0099,P029,1,106.78,0.1,96.1,53.26
S03697,2025-05-19,ST07,C0196,P030,4,128.97,0.05,490.09,54.44
S03698,2023-05-21,ST01,C0112,P043,1,121.53,0.05,115.45,47.17
S03699,2023-09-29,ST05,C0058,P018,3,75.37,0.15,192.19,121.8
S03700,2024-12-30,ST08,C0151,P046,6,33.17,0.15,169.17,306.54
S03701,2024-11-01,ST02,C0060,P043,6,121.53,0.05,692.72,283.02
S03702,2025-04-19,ST01,C0061,P049,2,76.91,0.0,153.82,51.04
S03703,2025-04-03,ST07,C0068,P012,6,107.39,0.15,547.69,186.36
S03704,2024-07-03,ST06,C0116,P047,4,84.64,0.0,338.56,97.08
S03705,2023-11-24,ST01,C0030,P022,3,102.95,0.1,277.97,89.79
S03706,2023-03-29,ST01,C0137,P018,5,75.37,0.0,376.85,203.0
S03707,2023-12-01,ST04,C0113,P045,1,128.71,0.1,115.84,46.47
S03708,2023-07-02,ST07,C0089,P006,1,38.24,0.0,38.24,47.27
S03709,2024-02-10,ST08,C0042,P019,1,49.2,0.05,46.74,47.44
S03710,2023-12-20,ST06,C0200,P039,5,108.79,0.15,462.36,133.25
S03711,2023-09-02,ST07,C0123,P020,1,98.43,0.0,98.43,59.88
S03712,2024-06-30,ST08,C0014,P007,5,124.91,0.05,593.32,238.8
S03713,2023-03-24,ST08,C0079,P026,3,48.78,0.0,146.34,115.38
S03714,2024-01-20,ST06,C0191,P044,4,63.39,0.0,253.56,210.2
S03715,2023-12-02,ST08,C0039,P030,2,128.97,0.0,257.94,27.22
S03716,2023-06-19,ST04,C0175,P025,3,112.7,0.1,304.29,26.01
S03717,2024-07-28,ST01,C0069,P022,2,102.95,0.1,185.31,59.86
S03718,2023-03-26,ST05,C0156,P001,6,144.68,0.05,824.68,134.88
S03719,2024-04-12,ST07,C0090,P034,1,77.23,0.05,73.37,41.65
S03720,2025-06-05,ST03,C0186,P025,6,112.7,0.15,574.77,52.02
S03721,2024-09-08,ST04,C0018,P027,5,121.52,0.0,607.6,67.05
S03722,2024-08-12,ST08,C0141,P027,1,121.52,0.1,109.37,13.41
S03723,2024-10-12,ST08,C0114,P050,4,61.96,0.05,235.45,231.52
S03724,2025-04-27,ST08,C0096,P039,1,108.79,0.15,92.47,26.65
S03725,2024-04-25,ST07,C0146,P014,2,97.8,0.05,185.82,96.26
S03726,2024-08-12,ST08,C0128,P015,5,36.23,0.0,181.15,117.7
S03727,2023-03-18,ST08,C0195,P048,1,131.28,0.15,111.59,18.51
S03728,2024-03-02,ST08,C0015,P006,2,38.24,0.0,76.48,94.54
S03729,2023-03-14,ST07,C0034,P008,2,103.99,0.0,207.98,97.78
S03730,2024-12-31,ST07,C0009,P043,5,121.53,0.15,516.5,235.85
S03731,2023-10-01,ST04,C0074,P011,2,96.17,0.0,192.34,91.5
S03732,2025-06-15,ST04,C0176,P013,1,87.68,0.0,87.68,41.11
S03733,2024-09-15,ST04,C0158,P014,3,97.8,0.0,293.4,144.39
S03734,2023-10-01,ST07,C0006,P025,6,112.7,0.0,676.2,52.02
S03735,2023-08-15,ST05,C0145,P025,6,112.7,0.0,676.2,52.02
S03736,2024-01-25,ST07,C0001,P044,5,63.39,0.0,316.95,262.75
S03737,2024-06-01,ST04,C0034,P042,3,132.25,0.05,376.91,111.12
S03738,2024-05-16,ST06,C0101,P035,2,24.85,0.1,44.73,105.8
S03739,2025-04-15,ST03,C0024,P020,5,98.43,0.0,492.15,299.4
S03740,2024-04-12,ST01,C0124,P016,1,134.43,0.05,127.71,15.99
S03741,2024-04-10,ST06,C0065,P017,3,25.33,0.1,68.39,172.11
S03742,2024-01-12,ST06,C0200,P031,2,145.67,0.0,291.34,25.88
S03743,2024-02-28,ST01,C0149,P008,3,103.99,0.0,311.97,146.67
S03744,2024-10-18,ST05,C0090,P024,2,52.66,0.1,94.79,85.36
S03745,2025-01-10,ST04,C0083,P001,4,144.68,0.05,549.78,89.92
S03746,2023-11-20,ST03,C0078,P049,3,76.91,0.0,230.73,76.56
S03747,2024-06-17,ST07,C0123,P002,5,87.83,0.1,395.24,141.35
S03748,2024-12-01,ST07,C0115,P041,1,102.52,0.15,87.14,44.35
S03749,2023-01-15,ST04,C0011,P012,6,107.39,0.1,579.91,186.36
S03750,2024-11-05,ST02,C0044,P009,2,128.46,0.0,256.92,36.12
S03751,2024-02-26,ST02,C0009,P031,5,145.67,0.15,619.1,64.7
S03752,2024-12-17,ST07,C0144,P021,4,130.5,0.0,522.0,82.2
S03753,2025-02-06,ST03,C0199,P038,5,124.25,0.05,590.19,279.35
S03754,2023-02-11,ST08,C0135,P037,2,142.97,0.1,257.35,18.52
S03755,2024-01-15,ST02,C0052,P032,3,112.21,0.0,336.63,114.51
S03756,2024-10-03,ST06,C0146,P020,4,98.43,0.0,393.72,239.52
S03757,2023-10-14,ST08,C0029,P037,6,142.97,0.1,772.04,55.56
S03758,2024-10-21,ST05,C0080,P026,1,48.78,0.05,46.34,38.46
S03759,2024-11-20,ST04,C0061,P001,2,144.68,0.1,260.42,44.96
S03760,2024-02-14,ST01,C0130,P036,4,23.33,0.0,93.32,171.16
S03761,2025-01-05,ST02,C0083,P002,6,87.83,0.0,526.98,169.62
S03762,2023-11-07,ST08,C0135,P012,3,107.39,0.0,322.17,93.18
S03763,2025-04-16,ST03,C0021,P044,1,63.39,0.0,63.39,52.55
S03764,2025-01-07,ST01,C0041,P044,1,63.39,0.15,53.88,52.55
S03765,2023-07-12,ST05,C0093,P032,3,112.21,0.0,336.63,114.51
S03766,2023-03-13,ST05,C0102,P005,5,99.71,0.05,473.62,280.0
S03767,2025-06-13,ST02,C0036,P040,1,121.88,0.0,121.88,22.38
S03768,2023-08-25,ST03,C0107,P026,4,48.78,0.0,195.12,153.84
S03769,2024-09-05,ST01,C0190,P042,1,132.25,0.0,132.25,37.04
S03770,2024-01-31,ST08,C0104,P011,3,96.17,0.0,288.51,137.25
S03771,2023-01-17,ST04,C0014,P011,6,96.17,0.05,548.17,274.5
S03772,2023-12-26,ST06,C0124,P004,3,112.08,0.15,285.8,35.67
S03773,2023-01-13,ST04,C0049,P035,1,24.85,0.1,22.37,52.9
S03774,2024-08-20,ST08,C0130,P024,2,52.66,0.0,105.32,85.36
S03775,2024-02-24,ST04,C0143,P045,4,128.71,0.1,463.36,185.88
S03776,2024-01-05,ST01,C0165,P046,4,33.17,0.0,132.68,204.36
S03777,2024-08-22,ST06,C0067,P006,4,38.24,0.1,137.66,189.08
S03778,2024-11-09,ST03,C0059,P010,4,55.91,0.05,212.46,232.36
S03779,2024-10-23,ST06,C0069,P005,5,99.71,0.15,423.77,280.0
S03780,2023-10-03,ST08,C0159,P007,1,124.91,0.0,124.91,47.76
S03781,2025-01-10,ST02,C0012,P024,5,52.66,0.05,250.13,213.4
S03782,2024-07-15,ST08,C0156,P032,6,112.21,0.0,673.26,229.02
S03783,2024-09-21,ST03,C0159,P002,3,87.83,0.0,263.49,84.81
S03784,2025-05-27,ST01,C0034,P037,1,142.97,0.1,128.67,9.26
S03785,2024-09-07,ST06,C0141,P010,2,55.91,0.0,111.82,116.18
S03786,2025-01-03,ST03,C0181,P015,5,36.23,0.05,172.09,117.7
S03787,2023-03-21,ST04,C0069,P001,4,144.68,0.1,520.85,89.92
S03788,2023-05-04,ST03,C0130,P022,5,102.95,0.0,514.75,149.65
S03789,2023-06-23,ST06,C0138,P022,3,102.95,0.0,308.85,89.79
S03790,2025-01-13,ST04,C0110,P005,5,99.71,0.15,423.77,280.0
S03791,2024-09-26,ST05,C0022,P029,5,106.78,0.0,533.9,266.3
S03792,2023-06-21,ST06,C0120,P002,4,87.83,0.0,351.32,113.08
S03793,2023-01-25,ST05,C0029,P045,2,128.71,0.0,257.42,92.94
S03794,2024-03-14,ST04,C0120,P036,5,23.33,0.05,110.82,213.95
S03795,2023-05-13,ST03,C0099,P011,3,96.17,0.1,259.66,137.25
S03796,2023-08-09,ST04,C0133,P006,6,38.24,0.0,229.44,283.62
S03797,2025-02-06,ST08,C0077,P012,6,107.39,0.05,612.12,186.36
S03798,2025-02-20,ST07,C0195,P016,6,134.43,0.05,766.25,95.94
S03799,2024-05-05,ST05,C0044,P031,3,145.67,0.0,437.01,38.82
S03800,2023-03-20,ST04,C0079,P041,6,102.52,0.0,615.12,266.1
S03801,2024-12-02,ST08,C0160,P020,5,98.43,0.05,467.54,299.4
S03802,2023-05-15,ST07,C0155,P011,3,96.17,0.05,274.08,137.25
S03803,2024-01-20,ST07,C0087,P008,6,103.99,0.0,623.94,293.34
S03804,2023-04-17,ST01,C0133,P015,2,36.23,0.1,65.21,47.08
S03805,2025-04-02,ST04,C0013,P037,3,142.97,0.1,386.02,27.78
S03806,2024-11-04,ST05,C0005,P042,2,132.25,0.0,264.5,74.08
S03807,2024-02-10,ST07,C0149,P031,1,145.67,0.15,123.82,12.94
S03808,2024-03-17,ST01,C0185,P002,5,87.83,0.0,439.15,141.35
S03809,2023-01-18,ST02,C0154,P001,4,144.68,0.15,491.91,89.92
S03810,2024-02-14,ST04,C0124,P023,4,103.23,0.05,392.27,220.2
S03811,2023-08-10,ST03,C0074,P009,4,128.46,0.05,488.15,72.24
S03812,2023-09-26,ST03,C0200,P045,2,128.71,0.0,257.42,92.94
S03813,2025-01-25,ST03,C0153,P017,1,25.33,0.0,25.33,57.37
S03814,2023-12-23,ST04,C0154,P027,1,121.52,0.1,109.37,13.41
S03815,2023-11-01,ST05,C0022,P049,6,76.91,0.0,461.46,153.12
S03816,2023-04-04,ST06,C0174,P007,2,124.91,0.05,237.33,95.52
S03817,2025-02-11,ST02,C0028,P016,4,134.43,0.0,537.72,63.96
S03818,2024-01-29,ST05,C0102,P012,1,107.39,0.0,107.39,31.06
S03819,2024-01-14,ST07,C0085,P032,5,112.21,0.0,561.05,190.85
S03820,2024-03-27,ST02,C0163,P001,5,144.68,0.0,723.4,112.4
S03821,2024-06-11,ST04,C0157,P009,2,128.46,0.0,256.92,36.12
S03822,2024-10-28,ST05,C0136,P040,4,121.88,0.0,487.52,89.52
S03823,2025-06-29,ST04,C0041,P011,6,96.17,0.0,577.02,274.5
S03824,2023-02-03,ST07,C0107,P040,6,121.88,0.05,694.72,134.28
S03825,2023-12-31,ST06,C0022,P031,2,145.67,0.1,262.21,25.88
S03826,2024-04-12,ST03,C0044,P002,4,87.83,0.0,351.32,113.08
S03827,2024-10-22,ST08,C0078,P048,6,131.28,0.0,787.68,111.06
S03828,2025-05-02,ST01,C0084,P026,1,48.78,0.15,41.46,38.46
S03829,2025-04-04,ST01,C0037,P013,5,87.68,0.0,438.4,205.55
S03830,2025-03-01,ST01,C0163,P046,4,33.17,0.0,132.68,204.36
S03831,2023-07-31,ST02,C0105,P030,6,128.97,0.0,773.82,81.66
S03832,2023-02-25,ST08,C0038,P020,5,98.43,0.05,467.54,299.4
S03833,2023-01-18,ST06,C0189,P016,3,134.43,0.0,403.29,47.97
S03834,2024-06-09,ST05,C0014,P043,2,121.53,0.15,206.6,94.34
S03835,2024-05-19,ST07,C0032,P016,5,134.43,0.05,638.54,79.95
S03836,2023-09-02,ST01,C0037,P039,6,108.79,0.05,620.1,159.9
S03837,2024-08-13,ST05,C0094,P029,5,106.78,0.0,533.9,266.3
S03838,2025-03-21,ST05,C0051,P040,2,121.88,0.15,207.2,44.76
S03839,2023-04-17,ST01,C0103,P037,3,142.97,0.0,428.91,27.78
S03840,2024-07-21,ST03,C0190,P014,6,97.8,0.0,586.8,288.78
S03841,2024-08-11,ST08,C0132,P012,5,107.39,0.15,456.41,155.3
S03842,2024-02-13,ST08,C0086,P015,2,36.23,0.0,72.46,47.08
S03843,2024-02-02,ST04,C0026,P033,2,113.38,0.0,226.76,100.78
S03844,2023-05-27,ST05,C0060,P031,3,145.67,0.0,437.01,38.82
S03845,2024-10-23,ST04,C0174,P041,1,102.52,0.0,102.52,44.35
S03846,2024-03-03,ST05,C0109,P015,1,36.23,0.0,36.23,23.54
S03847,2024-02-04,ST08,C0076,P010,3,55.91,0.0,167.73,174.27
S03848,2024-04-07,ST06,C0146,P041,2,102.52,0.15,174.28,88.7
S03849,2024-06-19,ST01,C0041,P030,2,128.97,0.0,257.94,27.22
S03850,2024-09-16,ST06,C0012,P023,1,103.23,0.05,98.07,55.05
S03851,2025-04-19,ST04,C0033,P004,2,112.08,0.0,224.16,23.78
S03852,2025-02-16,ST08,C0008,P007,6,124.91,0.0,749.46,286.56
S03853,2024-10-13,ST06,C0092,P024,5,52.66,0.05,250.13,213.4
S03854,2024-03-02,ST05,C0151,P004,6,112.08,0.15,571.61,71.34
S03855,2025-03-15,ST03,C0070,P004,2,112.08,0.15,190.54,23.78
S03856,2024-10-20,ST05,C0173,P044,3,63.39,0.05,180.66,157.65
S03857,2023-12-22,ST02,C0019,P020,5,98.43,0.1,442.94,299.4
S03858,2024-01-15,ST06,C0096,P011,1,96.17,0.0,96.17,45.75
S03859,2025-05-07,ST01,C0060,P021,4,130.5,0.1,469.8,82.2
S03860,2024-08-17,ST02,C0151,P005,2,99.71,0.15,169.51,112.0
S03861,2023-11-25,ST06,C0006,P023,6,103.23,0.15,526.47,330.3
S03862,2024-03-06,ST05,C0187,P015,5,36.23,0.0,181.15,117.7
S03863,2025-06-03,ST08,C0018,P049,1,76.91,0.0,76.91,25.52
S03864,2023-05-28,ST06,C0128,P045,3,128.71,0.05,366.82,139.41
S03865,2023-07-08,ST07,C0101,P008,2,103.99,0.0,207.98,97.78
S03866,2024-09-21,ST03,C0162,P033,3,113.38,0.05,323.13,151.17
S03867,2023-03-20,ST07,C0005,P016,1,134.43,0.15,114.27,15.99
S03868,2024-03-15,ST02,C0035,P027,6,121.52,0.15,619.75,80.46
S03869,2023-06-07,ST06,C0169,P035,6,24.85,0.05,141.65,317.4
S03870,2023-05-23,ST03,C0081,P016,1,134.43,0.0,134.43,15.99
S03871,2024-03-24,ST02,C0112,P030,3,128.97,0.0,386.91,40.83
S03872,2024-12-23,ST01,C0040,P019,3,49.2,0.1,132.84,142.32
S03873,2025-05-09,ST07,C0169,P036,5,23.33,0.0,116.65,213.95
S03874,2024-03-25,ST07,C0167,P043,5,121.53,0.05,577.27,235.85
S03875,2023-08-02,ST05,C0020,P030,2,128.97,0.15,219.25,27.22
S03876,2024-05-22,ST07,C0178,P014,1,97.8,0.1,88.02,48.13
S03877,2025-06-29,ST01,C0191,P003,1,37.7,0.0,37.7,32.34
S03878,2023-11-23,ST07,C0073,P006,6,38.24,0.0,229.44,283.62
S03879,2023-08-26,ST04,C0188,P004,5,112.08,0.0,560.4,59.45
S03880,2024-09-08,ST02,C0132,P032,5,112.21,0.1,504.94,190.85
S03881,2023-06-09,ST05,C0010,P014,4,97.8,0.15,332.52,192.52
S03882,2025-02-21,ST04,C0099,P008,5,103.99,0.1,467.95,244.45
S03883,2024-04-03,ST08,C0105,P008,6,103.99,0.1,561.55,293.34
S03884,2025-01-05,ST02,C0091,P047,5,84.64,0.15,359.72,121.35
S03885,2023-11-04,ST01,C0108,P023,3,103.23,0.15,263.24,165.15
S03886,2023-04-14,ST07,C0170,P003,3,37.7,0.05,107.45,97.02
S03887,2023-07-26,ST03,C0143,P049,4,76.91,0.05,292.26,102.08
S03888,2024-05-26,ST01,C0135,P012,1,107.39,0.05,102.02,31.06
S03889,2024-03-19,ST08,C0183,P010,2,55.91,0.0,111.82,116.18
S03890,2025-06-24,ST02,C0164,P047,6,84.64,0.15,431.66,145.62
S03891,2024-12-16,ST03,C0115,P019,6,49.2,0.0,295.2,284.64
S03892,2024-12-01,ST06,C0054,P030,4,128.97,0.0,515.88,54.44
S03893,2024-12-02,ST04,C0120,P002,6,87.83,0.15,447.93,169.62
S03894,2024-05-22,ST01,C0200,P046,5,33.17,0.0,165.85,255.45
S03895,2025-03-27,ST07,C0197,P004,5,112.08,0.05,532.38,59.45
S03896,2025-02-16,ST06,C0195,P034,1,77.23,0.15,65.65,41.65
S03897,2025-03-06,ST05,C0089,P017,5,25.33,0.1,113.98,286.85
S03898,2024-07-04,ST08,C0106,P014,1,97.8,0.0,97.8,48.13
S03899,2023-04-05,ST05,C0124,P025,5,112.7,0.0,563.5,43.35
S03900,2023-02-15,ST07,C0098,P028,4,93.53,0.0,374.12,158.2
S03901,2025-05-12,ST06,C0144,P005,4,99.71,0.0,398.84,224.0
S03902,2024-12-28,ST05,C0109,P006,3,38.24,0.05,108.98,141.81
S03903,2025-05-26,ST06,C0090,P003,4,37.7,0.0,150.8,129.36
S03904,2024-11-19,ST02,C0064,P020,5,98.43,0.0,492.15,299.4
S03905,2025-06-06,ST08,C0168,P041,2,102.52,0.1,184.54,88.7
S03906,2024-12-13,ST01,C0005,P010,2,55.91,0.0,111.82,116.18
S03907,2024-07-09,ST07,C0089,P034,3,77.23,0.0,231.69,124.95
S03908,2025-02-20,ST08,C0198,P016,6,134.43,0.05,766.25,95.94
S03909,2023-04-03,ST01,C0062,P031,6,145.67,0.0,874.02,77.64
S03910,2024-05-27,ST08,C0097,P007,6,124.91,0.1,674.51,286.56
S03911,2024-04-07,ST03,C0028,P031,4,145.67,0.0,582.68,51.76
S03912,2023-06-02,ST08,C0073,P024,6,52.66,0.0,315.96,256.08
S03913,2023-04-18,ST03,C0027,P001,3,144.68,0.15,368.93,67.44
S03914,2023-07-07,ST06,C0036,P004,3,112.08,0.0,336.24,35.67
S03915,2023-11-26,ST01,C0007,P021,3,130.5,0.0,391.5,61.65
S03916,2024-10-25,ST01,C0009,P038,6,124.25,0.1,670.95,335.22
S03917,2024-10-07,ST04,C0141,P038,5,124.25,0.05,590.19,279.35
S03918,2024-11-25,ST08,C0162,P026,2,48.78,0.1,87.8,76.92
S03919,2024-03-30,ST03,C0123,P033,3,113.38,0.05,323.13,151.17
S03920,2025-03-04,ST04,C0101,P007,1,124.91,0.0,124.91,47.76
S03921,2023-05-21,ST04,C0073,P050,5,61.96,0.0,309.8,289.4
S03922,2023-11-28,ST01,C0172,P050,1,61.96,0.0,61.96,57.88
S03923,2025-01-16,ST05,C0021,P038,2,124.25,0.0,248.5,111.74
S03924,2023-04-23,ST05,C0158,P011,5,96.17,0.0,480.85,228.75
S03925,2023-07-03,ST05,C0126,P002,1,87.83,0.05,83.44,28.27
S03926,2025-06-02,ST07,C0145,P037,3,142.97,0.0,428.91,27.78
S03927,2024-12-01,ST07,C0194,P027,2,121.52,0.1,218.74,26.82
S03928,2023-01-07,ST04,C0128,P040,3,121.88,0.0,365.64,67.14
S03929,2025-01-30,ST07,C0156,P034,2,77.23,0.0,154.46,83.3
S03930,2024-03-07,ST08,C0040,P022,3,102.95,0.15,262.52,89.79
S03931,2023-09-19,ST01,C0015,P026,2,48.78,0.0,97.56,76.92
S03932,2023-06-06,ST03,C0010,P016,2,134.43,0.0,268.86,31.98
S03933,2023-08-31,ST07,C0096,P003,6,37.7,0.05,214.89,194.04
S03934,2024-10-13,ST03,C0027,P029,3,106.78,0.0,320.34,159.78
S03935,2024-01-14,ST01,C0095,P043,3,121.53,0.0,364.59,141.51
S03936,2024-07-27,ST03,C0162,P034,5,77.23,0.0,386.15,208.25
S03937,2023-08-12,ST07,C0018,P022,4,102.95,0.05,391.21,119.72
S03938,2024-11-17,ST02,C0182,P003,2,37.7,0.0,75.4,64.68
S03939,2024-04-27,ST08,C0033,P038,5,124.25,0.1,559.12,279.35
S03940,2024-12-18,ST05,C0198,P019,4,49.2,0.15,167.28,189.76
S03941,2023-05-06,ST07,C0009,P040,2,121.88,0.05,231.57,44.76
S03942,2024-01-26,ST03,C0084,P006,4,38.24,0.05,145.31,189.08
S03943,2025-04-16,ST05,C0083,P040,3,121.88,0.0,365.64,67.14
S03944,2025-03-29,ST03,C0004,P010,2,55.91,0.0,111.82,116.18
S03945,2025-05-17,ST03,C0143,P045,3,128.71,0.1,347.52,139.41
S03946,2024-04-15,ST04,C0101,P035,6,24.85,0.0,149.1,317.4
S03947,2024-09-13,ST04,C0119,P016,4,134.43,0.0,537.72,63.96
S03948,2025-05-09,ST01,C0094,P020,2,98.43,0.0,196.86,119.76
S03949,2024-02-08,ST01,C0137,P008,6,103.99,0.0,623.94,293.34
S03950,2024-12-02,ST07,C0174,P025,6,112.7,0.1,608.58,52.02
S03951,2024-10-15,ST02,C0068,P008,5,103.99,0.0,519.95,244.45
S03952,2024-04-16,ST07,C0147,P043,1,121.53,0.05,115.45,47.17
S03953,2023-03-05,ST05,C0007,P006,4,38.24,0.0,152.96,189.08
S03954,2023-11-05,ST02,C0146,P033,1,113.38,0.1,102.04,50.39
S03955,2024-01-01,ST06,C0033,P040,4,121.88,0.15,414.39,89.52
S03956,2024-12-04,ST03,C0154,P044,3,63.39,0.15,161.64,157.65
S03957,2024-01-31,ST04,C0105,P032,3,112.21,0.0,336.63,114.51
S03958,2023-12-25,ST05,C0057,P003,1,37.7,0.0,37.7,32.34
S03959,2023-02-03,ST02,C0051,P006,5,38.24,0.0,191.2,236.35
S03960,2025-04-20,ST02,C0144,P008,3,103.99,0.0,311.97,146.67
S03961,2023-05-18,ST04,C0022,P022,2,102.95,0.0,205.9,59.86
S03962,2024-06-07,ST08,C0030,P041,5,102.52,0.15,435.71,221.75
S03963,2025-06-09,ST05,C0080,P001,4,144.68,0.0,578.72,89.92
S03964,2025-06-11,ST07,C0093,P033,1,113.38,0.1,102.04,50.39
S03965,2024-12-28,ST01,C0071,P048,4,131.28,0.05,498.86,74.04
S03966,2025-03-08,ST08,C0076,P007,5,124.91,0.0,624.55,238.8
S03967,2025-06-05,ST04,C0006,P005,1,99.71,0.0,99.71,56.0
S03968,2024-01-17,ST07,C0196,P023,3,103.23,0.0,309.69,165.15
S03969,2025-03-17,ST03,C0033,P031,4,145.67,0.0,582.68,51.76
S03970,2024-09-30,ST05,C0121,P043,1,121.53,0.05,115.45,47.17
S03971,2025-03-06,ST01,C0069,P047,2,84.64,0.0,169.28,48.54
S03972,2024-10-19,ST05,C0068,P029,5,106.78,0.15,453.81,266.3
S03973,2023-10-13,ST08,C0158,P038,1,124.25,0.1,111.83,55.87
S03974,2023-11-10,ST02,C0064,P015,6,36.23,0.0,217.38,141.24
S03975,2025-01-23,ST05,C0192,P026,1,48.78,0.0,48.78,38.46
S03976,2025-03-31,ST05,C0104,P041,1,102.52,0.0,102.52,44.35
S03977,2024-07-10,ST04,C0005,P025,2,112.7,0.05,214.13,17.34
S03978,2023-05-14,ST06,C0116,P049,2,76.91,0.0,153.82,51.04
S03979,2024-01-03,ST01,C0166,P045,3,128.71,0.05,366.82,139.41
S03980,2024-08-09,ST02,C0062,P026,6,48.78,0.0,292.68,230.76
S03981,2025-03-19,ST07,C0007,P006,6,38.24,0.0,229.44,283.62
S03982,2024-07-22,ST02,C0105,P019,2,49.2,0.0,98.4,94.88
S03983,2024-07-17,ST01,C0102,P015,4,36.23,0.0,144.92,94.16
S03984,2024-02-07,ST05,C0016,P002,4,87.83,0.0,351.32,113.08
S03985,2023-11-11,ST08,C0103,P034,5,77.23,0.0,386.15,208.25
S03986,2025-01-09,ST05,C0097,P036,5,23.33,0.0,116.65,213.95
S03987,2024-08-14,ST08,C0018,P034,1,77.23,0.15,65.65,41.65
S03988,2024-12-07,ST02,C0104,P016,1,134.43,0.0,134.43,15.99
S03989,2025-03-13,ST01,C0120,P030,1,128.97,0.05,122.52,13.61
S03990,2023-03-18,ST04,C0196,P032,6,112.21,0.05,639.6,229.02
S03991,2024-05-04,ST05,C0147,P021,5,130.5,0.0,652.5,102.75
S03992,2023-12-22,ST08,C0010,P013,5,87.68,0.0,438.4,205.55
S03993,2024-10-16,ST08,C0019,P008,1,103.99,0.1,93.59,48.89
S03994,2025-03-12,ST07,C0195,P046,1,33.17,0.0,33.17,51.09
S03995,2024-04-19,ST01,C0158,P018,2,75.37,0.0,150.74,81.2
S03996,2024-05-07,ST05,C0074,P018,1,75.37,0.0,75.37,40.6
S03997,2023-07-14,ST07,C0152,P022,4,102.95,0.0,411.8,119.72
S03998,2024-04-11,ST04,C0060,P015,6,36.23,0.15,184.77,141.24
S03999,2023-10-12,ST07,C0078,P034,6,77.23,0.0,463.38,249.9
S04000,2023-11-07,ST04,C0042,P024,5,52.66,0.0,263.3,213.4
