InventoryID,SnapshotDate,StoreID,ProductID,ClosingStock,StockValue,ReorderLevel,StockStatus
INV00001,2023-01-31,ST11,PRD057,86,17503.58,25,OK
INV00002,2023-01-31,ST11,PRD007,44,9581.0,20,OK
INV00003,2023-01-31,ST11,PRD009,79,1613.18,11,OK
INV00004,2023-01-31,ST11,PRD079,88,5683.04,10,OK
INV00005,2023-01-31,ST11,PRD073,91,28246.4,23,OK
INV00006,2023-01-31,ST11,PRD048,107,15874.52,25,OK
INV00007,2023-01-31,ST11,PRD047,10,2145.3,24,Low
INV00008,2023-01-31,ST11,PRD062,71,18763.17,23,OK
INV00009,2023-01-31,ST11,PRD046,102,26918.82,18,OK
INV00010,2023-01-31,ST11,PRD030,117,16770.78,24,OK
INV00011,2023-01-31,ST11,PRD065,97,15249.37,10,OK
INV00012,2023-01-31,ST11,PRD068,46,11105.78,25,OK
INV00013,2023-01-31,ST11,PRD017,75,3100.5,11,OK
INV00014,2023-01-31,ST11,PRD044,67,22827.57,21,OK
INV00015,2023-01-31,ST11,PRD058,17,5109.86,15,OK
INV00016,2023-01-31,ST11,PRD033,77,18185.09,14,OK
INV00017,2023-01-31,ST11,PRD027,59,17183.75,24,OK
INV00018,2023-01-31,ST11,PRD071,34,1392.3,9,OK
INV00019,2023-01-31,ST11,PRD006,64,4698.88,22,OK
INV00020,2023-01-31,ST11,PRD077,8,1461.84,19,Low
INV00021,2023-01-31,ST11,PRD031,61,13841.51,10,OK
INV00022,2023-01-31,ST11,PRD042,44,14934.04,20,OK
INV00023,2023-01-31,ST11,PRD050,106,8123.84,13,OK
INV00024,2023-01-31,ST11,PRD005,97,4049.75,11,OK
INV00025,2023-01-31,ST11,PRD054,1,33.69,9,Low
INV00026,2023-01-31,ST12,PRD003,108,30429.0,14,OK
INV00027,2023-01-31,ST12,PRD034,75,7725.0,10,OK
INV00028,2023-01-31,ST12,PRD063,6,894.06,12,Low
INV00029,2023-01-31,ST12,PRD009,101,2062.42,22,OK
INV00030,2023-01-31,ST12,PRD074,81,8077.32,17,OK
INV00031,2023-01-31,ST12,PRD038,22,4174.5,14,OK
INV00032,2023-01-31,ST12,PRD006,60,4405.2,24,OK
INV00033,2023-01-31,ST12,PRD056,24,6470.88,22,OK
INV00034,2023-01-31,ST12,PRD043,83,13570.5,21,OK
INV00035,2023-01-31,ST12,PRD073,17,5276.8,15,OK
INV00036,2023-01-31,ST12,PRD067,14,3690.4,16,OK
INV00037,2023-01-31,ST12,PRD044,60,20442.6,8,OK
INV00038,2023-01-31,ST12,PRD005,11,459.25,12,Low
INV00039,2023-01-31,ST12,PRD008,50,6534.0,8,OK
INV00040,2023-01-31,ST12,PRD025,95,13709.45,19,OK
INV00041,2023-01-31,ST12,PRD057,113,22998.89,21,OK
INV00042,2023-01-31,ST12,PRD001,115,25496.65,13,OK
INV00043,2023-01-31,ST12,PRD065,79,12419.59,12,OK
INV00044,2023-01-31,ST12,PRD035,51,13819.47,20,OK
INV00045,2023-01-31,ST12,PRD060,75,12388.5,13,OK
INV00046,2023-01-31,ST12,PRD027,114,33202.5,15,OK
INV00047,2023-01-31,ST12,PRD078,49,8496.11,12,OK
INV00048,2023-01-31,ST12,PRD068,6,1448.58,11,Low
INV00049,2023-01-31,ST12,PRD020,29,5902.66,17,OK
INV00050,2023-01-31,ST12,PRD028,18,2530.8,11,OK
INV00051,2023-01-31,ST07,PRD033,24,5668.08,19,OK
INV00052,2023-01-31,ST07,PRD066,118,34617.66,24,OK
INV00053,2023-01-31,ST07,PRD064,23,2373.6,21,OK
INV00054,2023-01-31,ST07,PRD056,31,8358.22,23,OK
INV00055,2023-01-31,ST07,PRD030,116,16627.44,17,OK
INV00056,2023-01-31,ST07,PRD004,57,16631.46,24,OK
INV00057,2023-01-31,ST07,PRD019,117,22173.84,24,OK
INV00058,2023-01-31,ST07,PRD065,110,17293.1,24,OK
INV00059,2023-01-31,ST07,PRD051,115,8322.55,12,OK
INV00060,2023-01-31,ST07,PRD017,38,1570.92,18,OK
INV00061,2023-01-31,ST07,PRD073,87,27004.8,11,OK
INV00062,2023-01-31,ST07,PRD015,77,20812.33,24,OK
INV00063,2023-01-31,ST07,PRD011,63,12314.61,25,OK
INV00064,2023-01-31,ST07,PRD003,14,3944.5,14,OK
INV00065,2023-01-31,ST07,PRD026,27,6486.48,11,OK
INV00066,2023-01-31,ST07,PRD016,100,17849.0,23,OK
INV00067,2023-01-31,ST07,PRD072,19,5430.2,14,OK
INV00068,2023-01-31,ST07,PRD045,97,17300.92,12,OK
INV00069,2023-01-31,ST07,PRD034,70,7210.0,24,OK
INV00070,2023-01-31,ST07,PRD035,20,5419.4,15,OK
INV00071,2023-01-31,ST07,PRD022,79,7092.62,13,OK
INV00072,2023-01-31,ST07,PRD013,90,27738.0,22,OK
INV00073,2023-01-31,ST07,PRD024,40,1640.4,17,OK
INV00074,2023-01-31,ST07,PRD038,11,2087.25,14,Low
INV00075,2023-01-31,ST07,PRD005,112,4676.0,24,OK
INV00076,2023-01-31,ST08,PRD061,108,18394.56,13,OK
INV00077,2023-01-31,ST08,PRD007,92,20033.0,17,OK
INV00078,2023-01-31,ST08,PRD048,74,10978.64,11,OK
INV00079,2023-01-31,ST08,PRD041,35,3638.6,11,OK
INV00080,2023-01-31,ST08,PRD037,1,94.84,23,Low
INV00081,2023-01-31,ST08,PRD076,110,8932.0,11,OK
INV00082,2023-01-31,ST08,PRD004,60,17506.8,25,OK
INV00083,2023-01-31,ST08,PRD043,58,9483.0,24,OK
INV00084,2023-01-31,ST08,PRD039,72,16578.72,21,OK
INV00085,2023-01-31,ST08,PRD063,63,9387.63,19,OK
INV00086,2023-01-31,ST08,PRD042,94,31904.54,14,OK
INV00087,2023-01-31,ST08,PRD046,88,23224.08,20,OK
INV00088,2023-01-31,ST08,PRD025,117,16884.27,8,OK
INV00089,2023-01-31,ST08,PRD024,0,0.0,16,Out of Stock
INV00090,2023-01-31,ST08,PRD038,106,20113.5,18,OK
INV00091,2023-01-31,ST08,PRD015,96,25947.84,17,OK
INV00092,2023-01-31,ST08,PRD026,43,10330.32,23,OK
INV00093,2023-01-31,ST08,PRD027,77,22426.25,17,OK
INV00094,2023-01-31,ST08,PRD054,17,572.73,23,OK
INV00095,2023-01-31,ST08,PRD040,110,10294.9,19,OK
INV00096,2023-01-31,ST08,PRD003,29,8170.75,22,OK
INV00097,2023-01-31,ST08,PRD052,27,4706.64,22,OK
INV00098,2023-01-31,ST08,PRD031,26,5899.66,13,OK
INV00099,2023-01-31,ST08,PRD060,115,18995.7,20,OK
INV00100,2023-01-31,ST08,PRD051,108,7815.96,19,OK
INV00101,2023-01-31,ST01,PRD026,99,23783.76,12,OK
INV00102,2023-01-31,ST01,PRD058,44,13225.52,24,OK
INV00103,2023-01-31,ST01,PRD019,47,8907.44,15,OK
INV00104,2023-01-31,ST01,PRD033,110,25978.7,17,OK
INV00105,2023-01-31,ST01,PRD040,95,8891.05,9,OK
INV00106,2023-01-31,ST01,PRD036,17,3383.51,23,OK
INV00107,2023-01-31,ST01,PRD073,116,36006.4,8,OK
INV00108,2023-01-31,ST01,PRD061,65,11070.8,19,OK
INV00109,2023-01-31,ST01,PRD016,30,5354.7,24,OK
INV00110,2023-01-31,ST01,PRD021,100,11772.0,23,OK
INV00111,2023-01-31,ST01,PRD071,2,81.9,21,Low
INV00112,2023-01-31,ST01,PRD049,84,21810.6,16,OK
INV00113,2023-01-31,ST01,PRD041,4,415.84,10,Low
INV00114,2023-01-31,ST01,PRD010,26,4941.56,23,OK
INV00115,2023-01-31,ST01,PRD038,34,6451.5,25,OK
INV00116,2023-01-31,ST01,PRD031,73,16564.43,20,OK
INV00117,2023-01-31,ST01,PRD054,106,3571.14,23,OK
INV00118,2023-01-31,ST01,PRD039,71,16348.46,12,OK
INV00119,2023-01-31,ST01,PRD011,54,10555.38,15,OK
INV00120,2023-01-31,ST01,PRD060,115,18995.7,23,OK
INV00121,2023-01-31,ST01,PRD057,48,9769.44,12,OK
INV00122,2023-01-31,ST01,PRD003,33,9297.75,20,OK
INV00123,2023-01-31,ST01,PRD004,8,2334.24,8,Low
INV00124,2023-01-31,ST01,PRD066,42,12321.54,15,OK
INV00125,2023-01-31,ST01,PRD007,14,3048.5,25,OK
INV00126,2023-01-31,ST02,PRD003,2,563.5,19,Low
INV00127,2023-01-31,ST02,PRD038,5,948.75,9,Low
INV00128,2023-01-31,ST02,PRD039,98,22565.48,11,OK
INV00129,2023-01-31,ST02,PRD063,62,9238.62,11,OK
INV00130,2023-01-31,ST02,PRD037,119,11285.96,19,OK
INV00131,2023-01-31,ST02,PRD004,31,9045.18,22,OK
INV00132,2023-01-31,ST02,PRD042,19,6448.79,25,OK
INV00133,2023-01-31,ST02,PRD005,113,4717.75,11,OK
INV00134,2023-01-31,ST02,PRD074,59,5883.48,23,OK
INV00135,2023-01-31,ST02,PRD014,95,9922.75,16,OK
INV00136,2023-01-31,ST02,PRD043,0,0.0,25,Out of Stock
INV00137,2023-01-31,ST02,PRD035,78,21135.66,25,OK
INV00138,2023-01-31,ST02,PRD002,67,9404.12,17,OK
INV00139,2023-01-31,ST02,PRD053,60,16878.0,22,OK
INV00140,2023-01-31,ST02,PRD008,46,6011.28,14,OK
INV00141,2023-01-31,ST02,PRD032,9,2903.4,11,Low
INV00142,2023-01-31,ST02,PRD070,46,13815.18,17,OK
INV00143,2023-01-31,ST02,PRD027,41,11941.25,10,OK
INV00144,2023-01-31,ST02,PRD041,53,5509.88,17,OK
INV00145,2023-01-31,ST02,PRD051,27,1953.99,15,OK
INV00146,2023-01-31,ST02,PRD011,88,17201.36,24,OK
INV00147,2023-01-31,ST02,PRD030,16,2293.44,24,OK
INV00148,2023-01-31,ST02,PRD001,68,15076.28,15,OK
INV00149,2023-01-31,ST02,PRD025,49,7071.19,22,OK
INV00150,2023-01-31,ST02,PRD073,0,0.0,9,Out of Stock
INV00151,2023-01-31,ST04,PRD076,106,8607.2,25,OK
INV00152,2023-01-31,ST04,PRD059,52,8455.2,11,OK
INV00153,2023-01-31,ST04,PRD033,48,11336.16,18,OK
INV00154,2023-01-31,ST04,PRD014,110,11489.5,25,OK
INV00155,2023-01-31,ST04,PRD071,32,1310.4,11,OK
INV00156,2023-01-31,ST04,PRD080,95,16632.6,14,OK
INV00157,2023-01-31,ST04,PRD054,106,3571.14,8,OK
INV00158,2023-01-31,ST04,PRD075,4,1025.8,14,Low
INV00159,2023-01-31,ST04,PRD018,119,37169.65,13,OK
INV00160,2023-01-31,ST04,PRD073,21,6518.4,8,OK
INV00161,2023-01-31,ST04,PRD063,52,7748.52,17,OK
INV00162,2023-01-31,ST04,PRD046,51,13459.41,13,OK
INV00163,2023-01-31,ST04,PRD070,2,600.66,21,Low
INV00164,2023-01-31,ST04,PRD013,83,25580.6,21,OK
INV00165,2023-01-31,ST04,PRD079,62,4003.96,13,OK
INV00166,2023-01-31,ST04,PRD024,78,3198.78,24,OK
INV00167,2023-01-31,ST04,PRD025,30,4329.3,21,OK
INV00168,2023-01-31,ST04,PRD004,99,28886.22,10,OK
INV00169,2023-01-31,ST04,PRD044,75,25553.25,17,OK
INV00170,2023-01-31,ST04,PRD029,91,10722.53,10,OK
INV00171,2023-01-31,ST04,PRD022,92,8259.76,8,OK
INV00172,2023-01-31,ST04,PRD045,23,4102.28,24,OK
INV00173,2023-01-31,ST04,PRD023,89,7735.88,13,OK
INV00174,2023-01-31,ST04,PRD074,76,7578.72,20,OK
INV00175,2023-01-31,ST04,PRD031,25,5672.75,24,OK
INV00176,2023-01-31,ST09,PRD001,67,14854.57,14,OK
INV00177,2023-01-31,ST09,PRD023,54,4693.68,15,OK
INV00178,2023-01-31,ST09,PRD056,53,14289.86,24,OK
INV00179,2023-01-31,ST09,PRD040,13,1216.67,12,OK
INV00180,2023-01-31,ST09,PRD020,28,5699.12,8,OK
INV00181,2023-01-31,ST09,PRD072,41,11717.8,15,OK
INV00182,2023-01-31,ST09,PRD007,19,4137.25,18,OK
INV00183,2023-01-31,ST09,PRD030,17,2436.78,21,OK
INV00184,2023-01-31,ST09,PRD010,6,1140.36,9,Low
INV00185,2023-01-31,ST09,PRD045,8,1426.88,10,Low
INV00186,2023-01-31,ST09,PRD014,69,7207.05,11,OK
INV00187,2023-01-31,ST09,PRD021,113,13302.36,13,OK
INV00188,2023-01-31,ST09,PRD022,117,10504.26,15,OK
INV00189,2023-01-31,ST09,PRD078,117,20286.63,8,OK
INV00190,2023-01-31,ST09,PRD041,61,6341.56,14,OK
INV00191,2023-01-31,ST09,PRD011,67,13096.49,24,OK
INV00192,2023-01-31,ST09,PRD057,120,24423.6,25,OK
INV00193,2023-01-31,ST09,PRD073,84,26073.6,9,OK
INV00194,2023-01-31,ST09,PRD012,119,35097.86,10,OK
INV00195,2023-01-31,ST09,PRD038,80,15180.0,12,OK
INV00196,2023-01-31,ST09,PRD042,21,7127.61,10,OK
INV00197,2023-01-31,ST09,PRD060,17,2808.06,16,OK
INV00198,2023-01-31,ST09,PRD062,80,21141.6,14,OK
INV00199,2023-01-31,ST09,PRD079,95,6135.1,21,OK
INV00200,2023-01-31,ST09,PRD063,44,6556.44,12,OK
INV00201,2023-02-28,ST02,PRD043,2,327.0,17,Low
INV00202,2023-02-28,ST02,PRD023,13,1129.96,13,OK
INV00203,2023-02-28,ST02,PRD007,105,22863.75,13,OK
INV00204,2023-02-28,ST02,PRD045,92,16409.12,18,OK
INV00205,2023-02-28,ST02,PRD078,7,1213.73,10,Low
INV00206,2023-02-28,ST02,PRD005,14,584.5,13,OK
INV00207,2023-02-28,ST02,PRD074,115,11467.8,24,OK
INV00208,2023-02-28,ST02,PRD011,58,11337.26,18,OK
INV00209,2023-02-28,ST02,PRD009,7,142.94,24,Low
INV00210,2023-02-28,ST02,PRD060,23,3799.14,20,OK
INV00211,2023-02-28,ST02,PRD015,59,15947.11,9,OK
INV00212,2023-02-28,ST02,PRD042,24,8145.84,9,OK
INV00213,2023-02-28,ST02,PRD065,75,11790.75,23,OK
INV00214,2023-02-28,ST02,PRD004,31,9045.18,25,OK
INV00215,2023-02-28,ST02,PRD066,1,293.37,22,Low
INV00216,2023-02-28,ST02,PRD048,78,11572.08,11,OK
INV00217,2023-02-28,ST02,PRD016,36,6425.64,15,OK
INV00218,2023-02-28,ST02,PRD006,63,4625.46,11,OK
INV00219,2023-02-28,ST02,PRD077,76,13887.48,10,OK
INV00220,2023-02-28,ST02,PRD075,4,1025.8,16,Low
INV00221,2023-02-28,ST02,PRD054,47,1583.43,11,OK
INV00222,2023-02-28,ST02,PRD057,38,7734.14,11,OK
INV00223,2023-02-28,ST02,PRD055,32,6040.0,20,OK
INV00224,2023-02-28,ST02,PRD059,90,14634.0,25,OK
INV00225,2023-02-28,ST02,PRD021,64,7534.08,11,OK
INV00226,2023-02-28,ST01,PRD064,78,8049.6,9,OK
INV00227,2023-02-28,ST01,PRD041,45,4678.2,13,OK
INV00228,2023-02-28,ST01,PRD053,97,27286.1,15,OK
INV00229,2023-02-28,ST01,PRD009,87,1776.54,14,OK
INV00230,2023-02-28,ST01,PRD006,120,8810.4,17,OK
INV00231,2023-02-28,ST01,PRD073,60,18624.0,18,OK
INV00232,2023-02-28,ST01,PRD045,1,178.36,10,Low
INV00233,2023-02-28,ST01,PRD072,114,32581.2,23,OK
INV00234,2023-02-28,ST01,PRD030,70,10033.8,14,OK
INV00235,2023-02-28,ST01,PRD038,45,8538.75,21,OK
INV00236,2023-02-28,ST01,PRD070,24,7207.92,20,OK
INV00237,2023-02-28,ST01,PRD031,119,27002.29,16,OK
INV00238,2023-02-28,ST01,PRD044,107,36455.97,9,OK
INV00239,2023-02-28,ST01,PRD077,80,14618.4,19,OK
INV00240,2023-02-28,ST01,PRD021,67,7887.24,18,OK
INV00241,2023-02-28,ST01,PRD060,64,10571.52,25,OK
INV00242,2023-02-28,ST01,PRD043,9,1471.5,11,Low
INV00243,2023-02-28,ST01,PRD057,69,14043.57,19,OK
INV00244,2023-02-28,ST01,PRD015,44,11892.76,22,OK
INV00245,2023-02-28,ST01,PRD027,60,17475.0,10,OK
INV00246,2023-02-28,ST01,PRD048,60,8901.6,8,OK
INV00247,2023-02-28,ST01,PRD012,56,16516.64,22,OK
INV00248,2023-02-28,ST01,PRD020,46,9362.84,23,OK
INV00249,2023-02-28,ST01,PRD056,54,14559.48,21,OK
INV00250,2023-02-28,ST01,PRD069,116,25826.24,12,OK
INV00251,2023-02-28,ST12,PRD060,2,330.36,8,Low
INV00252,2023-02-28,ST12,PRD010,92,17485.52,22,OK
INV00253,2023-02-28,ST12,PRD008,119,15550.92,25,OK
INV00254,2023-02-28,ST12,PRD050,49,3755.36,11,OK
INV00255,2023-02-28,ST12,PRD014,117,12220.65,21,OK
INV00256,2023-02-28,ST12,PRD005,77,3214.75,8,OK
INV00257,2023-02-28,ST12,PRD037,7,663.88,24,Low
INV00258,2023-02-28,ST12,PRD023,40,3476.8,15,OK
INV00259,2023-02-28,ST12,PRD075,33,8462.85,22,OK
INV00260,2023-02-28,ST12,PRD032,41,13226.6,18,OK
INV00261,2023-02-28,ST12,PRD003,7,1972.25,22,Low
INV00262,2023-02-28,ST12,PRD061,38,6472.16,24,OK
INV00263,2023-02-28,ST12,PRD027,12,3495.0,16,OK
INV00264,2023-02-28,ST12,PRD045,38,6777.68,17,OK
INV00265,2023-02-28,ST12,PRD030,30,4300.2,16,OK
INV00266,2023-02-28,ST12,PRD077,35,6395.55,21,OK
INV00267,2023-02-28,ST12,PRD019,95,18004.4,13,OK
INV00268,2023-02-28,ST12,PRD055,51,9626.25,20,OK
INV00269,2023-02-28,ST12,PRD033,22,5195.74,21,OK
INV00270,2023-02-28,ST12,PRD072,98,28008.4,14,OK
INV00271,2023-02-28,ST12,PRD021,76,8946.72,19,OK
INV00272,2023-02-28,ST12,PRD040,12,1123.08,24,OK
INV00273,2023-02-28,ST12,PRD054,13,437.97,15,OK
INV00274,2023-02-28,ST12,PRD066,68,19949.16,15,OK
INV00275,2023-02-28,ST12,PRD035,24,6503.28,16,OK
INV00276,2023-02-28,ST11,PRD079,14,904.12,15,OK
INV00277,2023-02-28,ST11,PRD039,105,24177.3,23,OK
INV00278,2023-02-28,ST11,PRD011,64,12510.08,22,OK
INV00279,2023-02-28,ST11,PRD041,8,831.68,25,Low
INV00280,2023-02-28,ST11,PRD044,60,20442.6,22,OK
INV00281,2023-02-28,ST11,PRD024,85,3485.85,24,OK
INV00282,2023-02-28,ST11,PRD074,82,8177.04,13,OK
INV00283,2023-02-28,ST11,PRD021,73,8593.56,15,OK
INV00284,2023-02-28,ST11,PRD060,7,1156.26,9,Low
INV00285,2023-02-28,ST11,PRD072,118,33724.4,22,OK
INV00286,2023-02-28,ST11,PRD061,60,10219.2,12,OK
INV00287,2023-02-28,ST11,PRD059,104,16910.4,18,OK
INV00288,2023-02-28,ST11,PRD012,70,20645.8,17,OK
INV00289,2023-02-28,ST11,PRD025,6,865.86,9,Low
INV00290,2023-02-28,ST11,PRD048,77,11423.72,8,OK
INV00291,2023-02-28,ST11,PRD053,109,30661.7,21,OK
INV00292,2023-02-28,ST11,PRD016,120,21418.8,13,OK
INV00293,2023-02-28,ST11,PRD069,81,18033.84,18,OK
INV00294,2023-02-28,ST11,PRD052,3,522.96,16,Low
INV00295,2023-02-28,ST11,PRD026,52,12492.48,20,OK
INV00296,2023-02-28,ST11,PRD002,85,11930.6,20,OK
INV00297,2023-02-28,ST11,PRD004,0,0.0,18,Out of Stock
INV00298,2023-02-28,ST11,PRD006,113,8296.46,8,OK
INV00299,2023-02-28,ST11,PRD014,53,5535.85,24,OK
INV00300,2023-02-28,ST11,PRD007,72,15678.0,8,OK
INV00301,2023-02-28,ST08,PRD024,57,2337.57,12,OK
INV00302,2023-02-28,ST08,PRD047,24,5148.72,23,OK
INV00303,2023-02-28,ST08,PRD048,72,10681.92,22,OK
INV00304,2023-02-28,ST08,PRD021,97,11418.84,15,OK
INV00305,2023-02-28,ST08,PRD065,4,628.84,8,Low
INV00306,2023-02-28,ST08,PRD067,42,11071.2,15,OK
INV00307,2023-02-28,ST08,PRD059,103,16747.8,14,OK
INV00308,2023-02-28,ST08,PRD026,97,23303.28,9,OK
INV00309,2023-02-28,ST08,PRD074,14,1396.08,13,OK
INV00310,2023-02-28,ST08,PRD034,42,4326.0,11,OK
INV00311,2023-02-28,ST08,PRD004,108,31512.24,24,OK
INV00312,2023-02-28,ST08,PRD057,54,10990.62,17,OK
INV00313,2023-02-28,ST08,PRD002,57,8000.52,8,OK
INV00314,2023-02-28,ST08,PRD071,33,1351.35,24,OK
INV00315,2023-02-28,ST08,PRD015,47,12703.63,18,OK
INV00316,2023-02-28,ST08,PRD070,5,1501.65,13,Low
INV00317,2023-02-28,ST08,PRD023,26,2259.92,10,OK
INV00318,2023-02-28,ST08,PRD018,31,9682.85,22,OK
INV00319,2023-02-28,ST08,PRD053,117,32912.1,17,OK
INV00320,2023-02-28,ST08,PRD008,90,11761.2,16,OK
INV00321,2023-02-28,ST08,PRD027,107,31163.75,23,OK
INV00322,2023-02-28,ST08,PRD044,15,5110.65,19,OK
INV00323,2023-02-28,ST08,PRD050,116,8890.24,20,OK
INV00324,2023-02-28,ST08,PRD007,45,9798.75,9,OK
INV00325,2023-02-28,ST08,PRD032,27,8710.2,23,OK
INV00326,2023-02-28,ST07,PRD013,51,15718.2,13,OK
INV00327,2023-02-28,ST07,PRD042,6,2036.46,23,Low
INV00328,2023-02-28,ST07,PRD004,84,24509.52,21,OK
INV00329,2023-02-28,ST07,PRD002,87,12211.32,23,OK
INV00330,2023-02-28,ST07,PRD062,73,19291.71,19,OK
INV00331,2023-02-28,ST07,PRD033,91,21491.47,23,OK
INV00332,2023-02-28,ST07,PRD072,40,11432.0,22,OK
INV00333,2023-02-28,ST07,PRD066,13,3813.81,24,OK
INV00334,2023-02-28,ST07,PRD029,55,6480.65,22,OK
INV00335,2023-02-28,ST07,PRD073,18,5587.2,19,OK
INV00336,2023-02-28,ST07,PRD020,2,407.08,8,Low
INV00337,2023-02-28,ST07,PRD056,55,14829.1,22,OK
INV00338,2023-02-28,ST07,PRD019,31,5875.12,21,OK
INV00339,2023-02-28,ST07,PRD008,43,5619.24,24,OK
INV00340,2023-02-28,ST07,PRD011,57,11141.79,16,OK
INV00341,2023-02-28,ST07,PRD068,75,18107.25,12,OK
INV00342,2023-02-28,ST07,PRD005,109,4550.75,14,OK
INV00343,2023-02-28,ST07,PRD010,15,2850.9,19,OK
INV00344,2023-02-28,ST07,PRD046,13,3430.83,11,OK
INV00345,2023-02-28,ST07,PRD051,1,72.37,25,Low
INV00346,2023-02-28,ST07,PRD058,10,3005.8,23,Low
INV00347,2023-02-28,ST07,PRD007,65,14153.75,14,OK
INV00348,2023-02-28,ST07,PRD021,10,1177.2,15,Low
INV00349,2023-02-28,ST07,PRD052,42,7321.44,22,OK
INV00350,2023-02-28,ST07,PRD063,9,1341.09,9,Low
INV00351,2023-02-28,ST06,PRD076,43,3491.6,9,OK
INV00352,2023-02-28,ST06,PRD026,114,27387.36,22,OK
INV00353,2023-02-28,ST06,PRD053,44,12377.2,25,OK
INV00354,2023-02-28,ST06,PRD055,33,6228.75,14,OK
INV00355,2023-02-28,ST06,PRD015,78,21082.62,11,OK
INV00356,2023-02-28,ST06,PRD062,102,26955.54,23,OK
INV00357,2023-02-28,ST06,PRD078,68,11790.52,13,OK
INV00358,2023-02-28,ST06,PRD047,107,22954.71,21,OK
INV00359,2023-02-28,ST06,PRD065,34,5345.14,9,OK
INV00360,2023-02-28,ST06,PRD072,100,28580.0,25,OK
INV00361,2023-02-28,ST06,PRD011,25,4886.75,16,OK
INV00362,2023-02-28,ST06,PRD068,119,28730.17,16,OK
INV00363,2023-02-28,ST06,PRD066,39,11441.43,14,OK
INV00364,2023-02-28,ST06,PRD031,35,7941.85,9,OK
INV00365,2023-02-28,ST06,PRD060,23,3799.14,24,OK
INV00366,2023-02-28,ST06,PRD049,66,17136.9,18,OK
INV00367,2023-02-28,ST06,PRD003,88,24794.0,18,OK
INV00368,2023-02-28,ST06,PRD027,75,21843.75,10,OK
INV00369,2023-02-28,ST06,PRD005,7,292.25,24,Low
INV00370,2023-02-28,ST06,PRD042,58,19685.78,22,OK
INV00371,2023-02-28,ST06,PRD045,13,2318.68,23,OK
INV00372,2023-02-28,ST06,PRD029,40,4713.2,21,OK
INV00373,2023-02-28,ST06,PRD075,48,12309.6,15,OK
INV00374,2023-02-28,ST06,PRD009,40,816.8,23,OK
INV00375,2023-02-28,ST06,PRD023,74,6432.08,8,OK
INV00376,2023-02-28,ST03,PRD025,22,3174.82,24,OK
INV00377,2023-02-28,ST03,PRD065,77,12105.17,22,OK
INV00378,2023-02-28,ST03,PRD009,82,1674.44,12,OK
INV00379,2023-02-28,ST03,PRD069,17,3784.88,16,OK
INV00380,2023-02-28,ST03,PRD055,73,13778.75,22,OK
INV00381,2023-02-28,ST03,PRD067,52,13707.2,10,OK
INV00382,2023-02-28,ST03,PRD026,78,18738.72,15,OK
INV00383,2023-02-28,ST03,PRD021,39,4591.08,25,OK
INV00384,2023-02-28,ST03,PRD008,63,8232.84,23,OK
INV00385,2023-02-28,ST03,PRD002,82,11509.52,20,OK
INV00386,2023-02-28,ST03,PRD060,5,825.9,11,Low
INV00387,2023-02-28,ST03,PRD027,28,8155.0,11,OK
INV00388,2023-02-28,ST03,PRD051,2,144.74,25,Low
INV00389,2023-02-28,ST03,PRD043,118,19293.0,21,OK
INV00390,2023-02-28,ST03,PRD038,16,3036.0,16,OK
INV00391,2023-02-28,ST03,PRD030,46,6593.64,14,OK
INV00392,2023-02-28,ST03,PRD057,10,2035.3,11,Low
INV00393,2023-02-28,ST03,PRD001,116,25718.36,18,OK
INV00394,2023-02-28,ST03,PRD007,96,20904.0,23,OK
INV00395,2023-02-28,ST03,PRD072,13,3715.4,25,OK
INV00396,2023-02-28,ST03,PRD078,120,20806.8,12,OK
INV00397,2023-02-28,ST03,PRD074,98,9772.56,20,OK
INV00398,2023-02-28,ST03,PRD052,42,7321.44,12,OK
INV00399,2023-02-28,ST03,PRD039,23,5295.98,22,OK
INV00400,2023-02-28,ST03,PRD066,14,4107.18,8,OK
INV00401,2023-03-31,ST07,PRD054,38,1280.22,25,OK
INV00402,2023-03-31,ST07,PRD047,93,19951.29,22,OK
INV00403,2023-03-31,ST07,PRD070,55,16518.15,17,OK
INV00404,2023-03-31,ST07,PRD033,9,2125.53,18,Low
INV00405,2023-03-31,ST07,PRD005,45,1878.75,23,OK
INV00406,2023-03-31,ST07,PRD037,106,10053.04,12,OK
INV00407,2023-03-31,ST07,PRD024,15,615.15,15,OK
INV00408,2023-03-31,ST07,PRD011,118,23065.46,10,OK
INV00409,2023-03-31,ST07,PRD008,89,11630.52,10,OK
INV00410,2023-03-31,ST07,PRD028,31,4358.6,20,OK
INV00411,2023-03-31,ST07,PRD057,67,13636.51,15,OK
INV00412,2023-03-31,ST07,PRD035,102,27638.94,9,OK
INV00413,2023-03-31,ST07,PRD058,21,6312.18,24,OK
INV00414,2023-03-31,ST07,PRD025,20,2886.2,22,OK
INV00415,2023-03-31,ST07,PRD055,55,10381.25,23,OK
INV00416,2023-03-31,ST07,PRD039,92,21183.92,13,OK
INV00417,2023-03-31,ST07,PRD079,22,1420.76,8,OK
INV00418,2023-03-31,ST07,PRD027,63,18348.75,10,OK
INV00419,2023-03-31,ST07,PRD032,98,31614.8,10,OK
INV00420,2023-03-31,ST07,PRD076,27,2192.4,19,OK
INV00421,2023-03-31,ST07,PRD073,3,931.2,15,Low
INV00422,2023-03-31,ST07,PRD053,24,6751.2,21,OK
INV00423,2023-03-31,ST07,PRD006,52,3817.84,24,OK
INV00424,2023-03-31,ST07,PRD045,96,17122.56,17,OK
INV00425,2023-03-31,ST07,PRD060,104,17178.72,17,OK
INV00426,2023-03-31,ST09,PRD078,72,12484.08,21,OK
INV00427,2023-03-31,ST09,PRD019,69,13076.88,16,OK
INV00428,2023-03-31,ST09,PRD064,60,6192.0,13,OK
INV00429,2023-03-31,ST09,PRD072,58,16576.4,20,OK
INV00430,2023-03-31,ST09,PRD027,5,1456.25,16,Low
INV00431,2023-03-31,ST09,PRD055,8,1510.0,13,Low
INV00432,2023-03-31,ST09,PRD061,115,19586.8,25,OK
INV00433,2023-03-31,ST09,PRD062,11,2906.97,23,Low
INV00434,2023-03-31,ST09,PRD036,63,12538.89,11,OK
INV00435,2023-03-31,ST09,PRD038,62,11764.5,10,OK
INV00436,2023-03-31,ST09,PRD063,49,7301.49,17,OK
INV00437,2023-03-31,ST09,PRD025,34,4906.54,17,OK
INV00438,2023-03-31,ST09,PRD022,23,2064.94,25,OK
INV00439,2023-03-31,ST09,PRD071,24,982.8,20,OK
INV00440,2023-03-31,ST09,PRD043,27,4414.5,13,OK
INV00441,2023-03-31,ST09,PRD058,34,10219.72,23,OK
INV00442,2023-03-31,ST09,PRD015,5,1351.45,8,Low
INV00443,2023-03-31,ST09,PRD074,39,3889.08,13,OK
INV00444,2023-03-31,ST09,PRD060,74,12223.32,19,OK
INV00445,2023-03-31,ST09,PRD037,41,3888.44,16,OK
INV00446,2023-03-31,ST09,PRD059,60,9756.0,11,OK
INV00447,2023-03-31,ST09,PRD068,21,5070.03,9,OK
INV00448,2023-03-31,ST09,PRD075,4,1025.8,22,Low
INV00449,2023-03-31,ST09,PRD024,29,1189.29,10,OK
INV00450,2023-03-31,ST09,PRD018,49,15305.15,25,OK
INV00451,2023-03-31,ST05,PRD006,6,440.52,19,Low
INV00452,2023-03-31,ST05,PRD069,64,14248.96,24,OK
INV00453,2023-03-31,ST05,PRD080,38,6653.04,11,OK
INV00454,2023-03-31,ST05,PRD049,74,19214.1,17,OK
INV00455,2023-03-31,ST05,PRD072,65,18577.0,13,OK
INV00456,2023-03-31,ST05,PRD024,35,1435.35,21,OK
INV00457,2023-03-31,ST05,PRD035,105,28451.85,17,OK
INV00458,2023-03-31,ST05,PRD019,87,16488.24,11,OK
INV00459,2023-03-31,ST05,PRD032,8,2580.8,24,Low
INV00460,2023-03-31,ST05,PRD061,66,11241.12,8,OK
INV00461,2023-03-31,ST05,PRD057,107,21777.71,15,OK
INV00462,2023-03-31,ST05,PRD051,92,6658.04,16,OK
INV00463,2023-03-31,ST05,PRD062,51,13477.77,22,OK
INV00464,2023-03-31,ST05,PRD041,5,519.8,8,Low
INV00465,2023-03-31,ST05,PRD026,54,12972.96,11,OK
INV00466,2023-03-31,ST05,PRD017,96,3968.64,21,OK
INV00467,2023-03-31,ST05,PRD029,77,9072.91,14,OK
INV00468,2023-03-31,ST05,PRD037,69,6543.96,16,OK
INV00469,2023-03-31,ST05,PRD007,62,13500.5,15,OK
INV00470,2023-03-31,ST05,PRD036,65,12936.95,10,OK
INV00471,2023-03-31,ST05,PRD031,3,680.73,20,Low
INV00472,2023-03-31,ST05,PRD045,31,5529.16,23,OK
INV00473,2023-03-31,ST05,PRD022,108,9696.24,8,OK
INV00474,2023-03-31,ST05,PRD039,119,27400.94,22,OK
INV00475,2023-03-31,ST05,PRD063,21,3129.21,10,OK
INV00476,2023-03-31,ST12,PRD072,39,11146.2,9,OK
INV00477,2023-03-31,ST12,PRD048,89,13204.04,8,OK
INV00478,2023-03-31,ST12,PRD005,9,375.75,22,Low
INV00479,2023-03-31,ST12,PRD080,46,8053.68,19,OK
INV00480,2023-03-31,ST12,PRD017,3,124.02,17,Low
INV00481,2023-03-31,ST12,PRD018,75,23426.25,15,OK
INV00482,2023-03-31,ST12,PRD051,41,2967.17,22,OK
INV00483,2023-03-31,ST12,PRD009,70,1429.4,11,OK
INV00484,2023-03-31,ST12,PRD052,36,6275.52,10,OK
INV00485,2023-03-31,ST12,PRD032,19,6129.4,23,OK
INV00486,2023-03-31,ST12,PRD040,120,11230.8,23,OK
INV00487,2023-03-31,ST12,PRD006,3,220.26,10,Low
INV00488,2023-03-31,ST12,PRD044,107,36455.97,19,OK
INV00489,2023-03-31,ST12,PRD037,30,2845.2,14,OK
INV00490,2023-03-31,ST12,PRD050,112,8583.68,24,OK
INV00491,2023-03-31,ST12,PRD067,63,16606.8,12,OK
INV00492,2023-03-31,ST12,PRD042,84,28510.44,25,OK
INV00493,2023-03-31,ST12,PRD070,30,9009.9,13,OK
INV00494,2023-03-31,ST12,PRD002,76,10667.36,11,OK
INV00495,2023-03-31,ST12,PRD049,116,30119.4,12,OK
INV00496,2023-03-31,ST12,PRD008,105,13721.4,15,OK
INV00497,2023-03-31,ST12,PRD031,64,14522.24,11,OK
INV00498,2023-03-31,ST12,PRD023,93,8083.56,10,OK
INV00499,2023-03-31,ST12,PRD011,83,16224.01,25,OK
INV00500,2023-03-31,ST12,PRD053,62,17440.6,16,OK
INV00501,2023-03-31,ST11,PRD006,36,2643.12,23,OK
INV00502,2023-03-31,ST11,PRD008,22,2874.96,12,OK
INV00503,2023-03-31,ST11,PRD064,20,2064.0,21,OK
INV00504,2023-03-31,ST11,PRD033,36,8502.12,23,OK
INV00505,2023-03-31,ST11,PRD029,19,2238.77,24,OK
INV00506,2023-03-31,ST11,PRD019,110,20847.2,15,OK
INV00507,2023-03-31,ST11,PRD050,82,6284.48,15,OK
INV00508,2023-03-31,ST11,PRD022,28,2513.84,17,OK
INV00509,2023-03-31,ST11,PRD069,95,21150.8,15,OK
INV00510,2023-03-31,ST11,PRD077,20,3654.6,20,OK
INV00511,2023-03-31,ST11,PRD028,5,703.0,14,Low
INV00512,2023-03-31,ST11,PRD073,23,7139.2,12,OK
INV00513,2023-03-31,ST11,PRD076,19,1542.8,22,OK
INV00514,2023-03-31,ST11,PRD063,42,6258.42,20,OK
INV00515,2023-03-31,ST11,PRD074,12,1196.64,23,OK
INV00516,2023-03-31,ST11,PRD080,83,14531.64,19,OK
INV00517,2023-03-31,ST11,PRD070,67,20122.11,14,OK
INV00518,2023-03-31,ST11,PRD021,39,4591.08,16,OK
INV00519,2023-03-31,ST11,PRD025,85,12266.35,10,OK
INV00520,2023-03-31,ST11,PRD031,104,23598.64,22,OK
INV00521,2023-03-31,ST11,PRD009,28,571.76,8,OK
INV00522,2023-03-31,ST11,PRD038,79,14990.25,24,OK
INV00523,2023-03-31,ST11,PRD018,102,31859.7,10,OK
INV00524,2023-03-31,ST11,PRD058,93,27953.94,24,OK
INV00525,2023-03-31,ST11,PRD010,96,18245.76,10,OK
INV00526,2023-03-31,ST08,PRD074,79,7877.88,25,OK
INV00527,2023-03-31,ST08,PRD019,4,758.08,8,Low
INV00528,2023-03-31,ST08,PRD037,105,9958.2,13,OK
INV00529,2023-03-31,ST08,PRD079,78,5037.24,15,OK
INV00530,2023-03-31,ST08,PRD036,52,10349.56,22,OK
INV00531,2023-03-31,ST08,PRD015,56,15136.24,25,OK
INV00532,2023-03-31,ST08,PRD022,47,4219.66,10,OK
INV00533,2023-03-31,ST08,PRD056,35,9436.7,19,OK
INV00534,2023-03-31,ST08,PRD029,43,5066.69,16,OK
INV00535,2023-03-31,ST08,PRD046,98,25863.18,17,OK
INV00536,2023-03-31,ST08,PRD064,36,3715.2,16,OK
INV00537,2023-03-31,ST08,PRD048,93,13797.48,17,OK
INV00538,2023-03-31,ST08,PRD021,18,2118.96,22,OK
INV00539,2023-03-31,ST08,PRD018,117,36544.95,15,OK
INV00540,2023-03-31,ST08,PRD066,62,18188.94,12,OK
INV00541,2023-03-31,ST08,PRD030,54,7740.36,25,OK
INV00542,2023-03-31,ST08,PRD020,24,4884.96,13,OK
INV00543,2023-03-31,ST08,PRD002,101,14176.36,15,OK
INV00544,2023-03-31,ST08,PRD049,26,6750.9,16,OK
INV00545,2023-03-31,ST08,PRD040,68,6364.12,14,OK
INV00546,2023-03-31,ST08,PRD075,25,6411.25,23,OK
INV00547,2023-03-31,ST08,PRD038,86,16318.5,19,OK
INV00548,2023-03-31,ST08,PRD032,47,15162.2,22,OK
INV00549,2023-03-31,ST08,PRD050,81,6207.84,15,OK
INV00550,2023-03-31,ST08,PRD017,63,2604.42,25,OK
INV00551,2023-03-31,ST04,PRD044,13,4429.23,23,OK
INV00552,2023-03-31,ST04,PRD012,11,3244.34,19,Low
INV00553,2023-03-31,ST04,PRD030,79,11323.86,10,OK
INV00554,2023-03-31,ST04,PRD077,83,15166.59,25,OK
INV00555,2023-03-31,ST04,PRD026,28,6726.72,15,OK
INV00556,2023-03-31,ST04,PRD010,101,19196.06,15,OK
INV00557,2023-03-31,ST04,PRD014,29,3029.05,19,OK
INV00558,2023-03-31,ST04,PRD050,50,3832.0,13,OK
INV00559,2023-03-31,ST04,PRD043,98,16023.0,19,OK
INV00560,2023-03-31,ST04,PRD028,43,6045.8,8,OK
INV00561,2023-03-31,ST04,PRD015,15,4054.35,14,OK
INV00562,2023-03-31,ST04,PRD019,42,7959.84,25,OK
INV00563,2023-03-31,ST04,PRD054,39,1313.91,11,OK
INV00564,2023-03-31,ST04,PRD033,97,22908.49,9,OK
INV00565,2023-03-31,ST04,PRD045,90,16052.4,15,OK
INV00566,2023-03-31,ST04,PRD049,93,24147.45,16,OK
INV00567,2023-03-31,ST04,PRD065,10,1572.1,10,Low
INV00568,2023-03-31,ST04,PRD029,114,13432.62,15,OK
INV00569,2023-03-31,ST04,PRD059,56,9105.6,14,OK
INV00570,2023-03-31,ST04,PRD023,105,9126.6,12,OK
INV00571,2023-03-31,ST04,PRD068,3,724.29,12,Low
INV00572,2023-03-31,ST04,PRD063,16,2384.16,9,OK
INV00573,2023-03-31,ST04,PRD003,10,2817.5,22,Low
INV00574,2023-03-31,ST04,PRD061,29,4939.28,25,OK
INV00575,2023-03-31,ST04,PRD031,22,4992.02,12,OK
INV00576,2023-03-31,ST03,PRD056,72,19412.64,18,OK
INV00577,2023-03-31,ST03,PRD006,73,5359.66,10,OK
INV00578,2023-03-31,ST03,PRD051,11,796.07,8,Low
INV00579,2023-03-31,ST03,PRD069,16,3562.24,24,OK
INV00580,2023-03-31,ST03,PRD078,39,6762.21,14,OK
INV00581,2023-03-31,ST03,PRD072,67,19148.6,14,OK
INV00582,2023-03-31,ST03,PRD053,40,11252.0,8,OK
INV00583,2023-03-31,ST03,PRD054,104,3503.76,15,OK
INV00584,2023-03-31,ST03,PRD030,18,2580.12,22,OK
INV00585,2023-03-31,ST03,PRD001,47,10420.37,14,OK
INV00586,2023-03-31,ST03,PRD062,16,4228.32,20,OK
INV00587,2023-03-31,ST03,PRD003,77,21694.75,17,OK
INV00588,2023-03-31,ST03,PRD074,108,10769.76,24,OK
INV00589,2023-03-31,ST03,PRD037,95,9009.8,20,OK
INV00590,2023-03-31,ST03,PRD068,24,5794.32,12,OK
INV00591,2023-03-31,ST03,PRD075,7,1795.15,10,Low
INV00592,2023-03-31,ST03,PRD058,108,32462.64,15,OK
INV00593,2023-03-31,ST03,PRD021,92,10830.24,8,OK
INV00594,2023-03-31,ST03,PRD070,108,32435.64,20,OK
INV00595,2023-03-31,ST03,PRD028,107,15044.2,18,OK
INV00596,2023-03-31,ST03,PRD036,99,19703.97,14,OK
INV00597,2023-03-31,ST03,PRD007,25,5443.75,13,OK
INV00598,2023-03-31,ST03,PRD067,30,7908.0,20,OK
INV00599,2023-03-31,ST03,PRD011,116,22674.52,10,OK
INV00600,2023-03-31,ST03,PRD040,105,9826.95,11,OK
INV00601,2023-04-30,ST11,PRD044,5,1703.55,8,Low
INV00602,2023-04-30,ST11,PRD012,105,30968.7,24,OK
INV00603,2023-04-30,ST11,PRD050,64,4904.96,25,OK
INV00604,2023-04-30,ST11,PRD038,39,7400.25,14,OK
INV00605,2023-04-30,ST11,PRD033,116,27395.72,10,OK
INV00606,2023-04-30,ST11,PRD053,25,7032.5,16,OK
INV00607,2023-04-30,ST11,PRD043,79,12916.5,22,OK
INV00608,2023-04-30,ST11,PRD019,31,5875.12,11,OK
INV00609,2023-04-30,ST11,PRD025,112,16162.72,8,OK
INV00610,2023-04-30,ST11,PRD054,46,1549.74,14,OK
INV00611,2023-04-30,ST11,PRD048,71,10533.56,24,OK
INV00612,2023-04-30,ST11,PRD061,67,11411.44,15,OK
INV00613,2023-04-30,ST11,PRD020,12,2442.48,13,OK
INV00614,2023-04-30,ST11,PRD056,79,21299.98,8,OK
INV00615,2023-04-30,ST11,PRD003,39,10988.25,16,OK
INV00616,2023-04-30,ST11,PRD007,20,4355.0,24,OK
INV00617,2023-04-30,ST11,PRD002,112,15720.32,12,OK
INV00618,2023-04-30,ST11,PRD001,30,6651.3,21,OK
INV00619,2023-04-30,ST11,PRD073,15,4656.0,21,OK
INV00620,2023-04-30,ST11,PRD030,4,573.36,10,Low
INV00621,2023-04-30,ST11,PRD063,2,298.02,23,Low
INV00622,2023-04-30,ST11,PRD013,18,5547.6,25,OK
INV00623,2023-04-30,ST11,PRD079,79,5101.82,14,OK
INV00624,2023-04-30,ST11,PRD011,91,17787.77,25,OK
INV00625,2023-04-30,ST11,PRD027,21,6116.25,10,OK
INV00626,2023-04-30,ST09,PRD017,108,4464.72,21,OK
INV00627,2023-04-30,ST09,PRD013,85,26197.0,15,OK
INV00628,2023-04-30,ST09,PRD006,13,954.46,9,OK
INV00629,2023-04-30,ST09,PRD079,6,387.48,17,Low
INV00630,2023-04-30,ST09,PRD047,42,9010.26,14,OK
INV00631,2023-04-30,ST09,PRD077,9,1644.57,16,Low
INV00632,2023-04-30,ST09,PRD001,17,3769.07,12,OK
INV00633,2023-04-30,ST09,PRD054,117,3941.73,14,OK
INV00634,2023-04-30,ST09,PRD007,49,10669.75,18,OK
INV00635,2023-04-30,ST09,PRD063,95,14155.95,15,OK
INV00636,2023-04-30,ST09,PRD066,21,6160.77,23,OK
INV00637,2023-04-30,ST09,PRD039,10,2302.6,16,Low
INV00638,2023-04-30,ST09,PRD062,113,29862.51,23,OK
INV00639,2023-04-30,ST09,PRD004,99,28886.22,13,OK
INV00640,2023-04-30,ST09,PRD037,82,7776.88,19,OK
INV00641,2023-04-30,ST09,PRD020,1,203.54,23,Low
INV00642,2023-04-30,ST09,PRD005,120,5010.0,20,OK
INV00643,2023-04-30,ST09,PRD038,103,19544.25,12,OK
INV00644,2023-04-30,ST09,PRD029,25,2945.75,15,OK
INV00645,2023-04-30,ST09,PRD044,104,35433.84,12,OK
INV00646,2023-04-30,ST09,PRD055,99,18686.25,22,OK
INV00647,2023-04-30,ST09,PRD030,116,16627.44,19,OK
INV00648,2023-04-30,ST09,PRD073,5,1552.0,16,Low
INV00649,2023-04-30,ST09,PRD061,116,19757.12,17,OK
INV00650,2023-04-30,ST09,PRD026,104,24984.96,16,OK
INV00651,2023-04-30,ST07,PRD066,107,31390.59,18,OK
INV00652,2023-04-30,ST07,PRD029,61,7187.63,19,OK
INV00653,2023-04-30,ST07,PRD011,69,13487.43,16,OK
INV00654,2023-04-30,ST07,PRD064,67,6914.4,15,OK
INV00655,2023-04-30,ST07,PRD037,51,4836.84,14,OK
INV00656,2023-04-30,ST07,PRD075,76,19490.2,11,OK
INV00657,2023-04-30,ST07,PRD028,56,7873.6,9,OK
INV00658,2023-04-30,ST07,PRD054,13,437.97,14,OK
INV00659,2023-04-30,ST07,PRD002,100,14036.0,24,OK
INV00660,2023-04-30,ST07,PRD010,78,14824.68,25,OK
INV00661,2023-04-30,ST07,PRD051,69,4993.53,11,OK
INV00662,2023-04-30,ST07,PRD078,0,0.0,12,Out of Stock
INV00663,2023-04-30,ST07,PRD056,72,19412.64,18,OK
INV00664,2023-04-30,ST07,PRD080,105,18383.4,22,OK
INV00665,2023-04-30,ST07,PRD061,71,12092.72,24,OK
INV00666,2023-04-30,ST07,PRD050,16,1226.24,13,OK
INV00667,2023-04-30,ST07,PRD079,86,5553.88,14,OK
INV00668,2023-04-30,ST07,PRD048,119,17654.84,15,OK
INV00669,2023-04-30,ST07,PRD072,86,24578.8,18,OK
INV00670,2023-04-30,ST07,PRD060,67,11067.06,21,OK
INV00671,2023-04-30,ST07,PRD032,17,5484.2,14,OK
INV00672,2023-04-30,ST07,PRD013,35,10787.0,12,OK
INV00673,2023-04-30,ST07,PRD030,84,12040.56,12,OK
INV00674,2023-04-30,ST07,PRD069,29,6456.56,17,OK
INV00675,2023-04-30,ST07,PRD071,116,4750.2,12,OK
INV00676,2023-04-30,ST10,PRD019,19,3600.88,19,OK
INV00677,2023-04-30,ST10,PRD054,15,505.35,23,OK
INV00678,2023-04-30,ST10,PRD039,33,7598.58,15,OK
INV00679,2023-04-30,ST10,PRD010,38,7222.28,13,OK
INV00680,2023-04-30,ST10,PRD003,15,4226.25,8,OK
INV00681,2023-04-30,ST10,PRD016,69,12315.81,17,OK
INV00682,2023-04-30,ST10,PRD034,30,3090.0,25,OK
INV00683,2023-04-30,ST10,PRD036,106,21097.18,24,OK
INV00684,2023-04-30,ST10,PRD080,119,20834.52,14,OK
INV00685,2023-04-30,ST10,PRD025,89,12843.59,8,OK
INV00686,2023-04-30,ST10,PRD001,31,6873.01,11,OK
INV00687,2023-04-30,ST10,PRD047,55,11799.15,21,OK
INV00688,2023-04-30,ST10,PRD049,33,8568.45,20,OK
INV00689,2023-04-30,ST10,PRD050,55,4215.2,24,OK
INV00690,2023-04-30,ST10,PRD044,1,340.71,12,Low
INV00691,2023-04-30,ST10,PRD057,105,21370.65,20,OK
INV00692,2023-04-30,ST10,PRD058,85,25549.3,25,OK
INV00693,2023-04-30,ST10,PRD027,60,17475.0,17,OK
INV00694,2023-04-30,ST10,PRD070,95,28531.35,25,OK
INV00695,2023-04-30,ST10,PRD069,44,9796.16,11,OK
INV00696,2023-04-30,ST10,PRD068,80,19314.4,11,OK
INV00697,2023-04-30,ST10,PRD026,57,13693.68,21,OK
INV00698,2023-04-30,ST10,PRD007,84,18291.0,21,OK
INV00699,2023-04-30,ST10,PRD041,14,1455.44,12,OK
INV00700,2023-04-30,ST10,PRD065,35,5502.35,23,OK
INV00701,2023-04-30,ST05,PRD049,23,5971.95,18,OK
INV00702,2023-04-30,ST05,PRD071,91,3726.45,17,OK
INV00703,2023-04-30,ST05,PRD042,102,34619.82,18,OK
INV00704,2023-04-30,ST05,PRD075,59,15130.55,20,OK
INV00705,2023-04-30,ST05,PRD059,31,5040.6,17,OK
INV00706,2023-04-30,ST05,PRD080,37,6477.96,22,OK
INV00707,2023-04-30,ST05,PRD055,85,16043.75,25,OK
INV00708,2023-04-30,ST05,PRD039,21,4835.46,9,OK
INV00709,2023-04-30,ST05,PRD074,6,598.32,11,Low
INV00710,2023-04-30,ST05,PRD021,24,2825.28,23,OK
INV00711,2023-04-30,ST05,PRD056,84,22648.08,20,OK
INV00712,2023-04-30,ST05,PRD048,65,9643.4,15,OK
INV00713,2023-04-30,ST05,PRD006,46,3377.32,13,OK
INV00714,2023-04-30,ST05,PRD024,93,3813.93,24,OK
INV00715,2023-04-30,ST05,PRD079,9,581.22,15,Low
INV00716,2023-04-30,ST05,PRD061,62,10559.84,12,OK
INV00717,2023-04-30,ST05,PRD076,86,6983.2,16,OK
INV00718,2023-04-30,ST05,PRD045,22,3923.92,9,OK
INV00719,2023-04-30,ST05,PRD020,36,7327.44,21,OK
INV00720,2023-04-30,ST05,PRD027,95,27668.75,19,OK
INV00721,2023-04-30,ST05,PRD040,29,2714.11,18,OK
INV00722,2023-04-30,ST05,PRD077,20,3654.6,10,OK
INV00723,2023-04-30,ST05,PRD018,83,25925.05,23,OK
INV00724,2023-04-30,ST05,PRD046,81,21376.71,9,OK
INV00725,2023-04-30,ST05,PRD035,43,11651.71,23,OK
INV00726,2023-04-30,ST06,PRD018,3,937.05,10,Low
INV00727,2023-04-30,ST06,PRD049,16,4154.4,10,OK
INV00728,2023-04-30,ST06,PRD064,107,11042.4,19,OK
INV00729,2023-04-30,ST06,PRD059,112,18211.2,14,OK
INV00730,2023-04-30,ST06,PRD074,23,2293.56,15,OK
INV00731,2023-04-30,ST06,PRD071,64,2620.8,25,OK
INV00732,2023-04-30,ST06,PRD025,39,5628.09,9,OK
INV00733,2023-04-30,ST06,PRD006,109,8002.78,18,OK
INV00734,2023-04-30,ST06,PRD007,47,10234.25,18,OK
INV00735,2023-04-30,ST06,PRD019,1,189.52,21,Low
INV00736,2023-04-30,ST06,PRD072,106,30294.8,13,OK
INV00737,2023-04-30,ST06,PRD076,62,5034.4,11,OK
INV00738,2023-04-30,ST06,PRD005,71,2964.25,11,OK
INV00739,2023-04-30,ST06,PRD035,6,1625.82,20,Low
INV00740,2023-04-30,ST06,PRD069,25,5566.0,10,OK
INV00741,2023-04-30,ST06,PRD026,76,18258.24,25,OK
INV00742,2023-04-30,ST06,PRD070,46,13815.18,17,OK
INV00743,2023-04-30,ST06,PRD077,35,6395.55,25,OK
INV00744,2023-04-30,ST06,PRD051,6,434.22,21,Low
INV00745,2023-04-30,ST06,PRD032,49,15807.4,22,OK
INV00746,2023-04-30,ST06,PRD030,114,16340.76,20,OK
INV00747,2023-04-30,ST06,PRD037,34,3224.56,21,OK
INV00748,2023-04-30,ST06,PRD054,17,572.73,9,OK
INV00749,2023-04-30,ST06,PRD002,85,11930.6,21,OK
INV00750,2023-04-30,ST06,PRD047,41,8795.73,10,OK
INV00751,2023-04-30,ST01,PRD052,63,10982.16,9,OK
INV00752,2023-04-30,ST01,PRD045,98,17479.28,8,OK
INV00753,2023-04-30,ST01,PRD011,0,0.0,24,Out of Stock
INV00754,2023-04-30,ST01,PRD017,43,1777.62,16,OK
INV00755,2023-04-30,ST01,PRD080,116,20309.28,19,OK
INV00756,2023-04-30,ST01,PRD041,7,727.72,21,Low
INV00757,2023-04-30,ST01,PRD033,81,19129.77,14,OK
INV00758,2023-04-30,ST01,PRD061,103,17542.96,18,OK
INV00759,2023-04-30,ST01,PRD026,80,19219.2,23,OK
INV00760,2023-04-30,ST01,PRD062,51,13477.77,15,OK
INV00761,2023-04-30,ST01,PRD005,85,3548.75,14,OK
INV00762,2023-04-30,ST01,PRD035,65,17613.05,11,OK
INV00763,2023-04-30,ST01,PRD022,23,2064.94,14,OK
INV00764,2023-04-30,ST01,PRD009,113,2307.46,18,OK
INV00765,2023-04-30,ST01,PRD039,106,24407.56,17,OK
INV00766,2023-04-30,ST01,PRD016,82,14636.18,14,OK
INV00767,2023-04-30,ST01,PRD047,120,25743.6,14,OK
INV00768,2023-04-30,ST01,PRD010,55,10453.3,9,OK
INV00769,2023-04-30,ST01,PRD065,50,7860.5,12,OK
INV00770,2023-04-30,ST01,PRD036,0,0.0,14,Out of Stock
INV00771,2023-04-30,ST01,PRD029,63,7423.29,21,OK
INV00772,2023-04-30,ST01,PRD060,7,1156.26,12,Low
INV00773,2023-04-30,ST01,PRD076,81,6577.2,9,OK
INV00774,2023-04-30,ST01,PRD049,80,20772.0,23,OK
INV00775,2023-04-30,ST01,PRD034,4,412.0,22,Low
INV00776,2023-04-30,ST12,PRD032,30,9678.0,10,OK
INV00777,2023-04-30,ST12,PRD061,74,12603.68,16,OK
INV00778,2023-04-30,ST12,PRD031,73,16564.43,14,OK
INV00779,2023-04-30,ST12,PRD051,35,2532.95,16,OK
INV00780,2023-04-30,ST12,PRD054,78,2627.82,10,OK
INV00781,2023-04-30,ST12,PRD069,83,18479.12,20,OK
INV00782,2023-04-30,ST12,PRD006,10,734.2,19,Low
INV00783,2023-04-30,ST12,PRD078,79,13697.81,9,OK
INV00784,2023-04-30,ST12,PRD012,23,6783.62,25,OK
INV00785,2023-04-30,ST12,PRD056,56,15098.72,25,OK
INV00786,2023-04-30,ST12,PRD057,112,22795.36,12,OK
INV00787,2023-04-30,ST12,PRD071,53,2170.35,13,OK
INV00788,2023-04-30,ST12,PRD003,17,4789.75,18,OK
INV00789,2023-04-30,ST12,PRD058,43,12924.94,18,OK
INV00790,2023-04-30,ST12,PRD002,57,8000.52,17,OK
INV00791,2023-04-30,ST12,PRD035,112,30348.64,11,OK
INV00792,2023-04-30,ST12,PRD050,79,6054.56,16,OK
INV00793,2023-04-30,ST12,PRD042,92,31225.72,19,OK
INV00794,2023-04-30,ST12,PRD028,81,11388.6,9,OK
INV00795,2023-04-30,ST12,PRD066,66,19362.42,9,OK
INV00796,2023-04-30,ST12,PRD068,55,13278.65,20,OK
INV00797,2023-04-30,ST12,PRD022,3,269.34,15,Low
INV00798,2023-04-30,ST12,PRD059,53,8617.8,15,OK
INV00799,2023-04-30,ST12,PRD038,34,6451.5,8,OK
INV00800,2023-04-30,ST12,PRD049,74,19214.1,10,OK
INV00801,2023-05-31,ST12,PRD032,116,37421.6,11,OK
INV00802,2023-05-31,ST12,PRD049,101,26224.65,18,OK
INV00803,2023-05-31,ST12,PRD026,112,26906.88,13,OK
INV00804,2023-05-31,ST12,PRD038,81,15369.75,24,OK
INV00805,2023-05-31,ST12,PRD042,52,17649.32,25,OK
INV00806,2023-05-31,ST12,PRD023,14,1216.88,18,OK
INV00807,2023-05-31,ST12,PRD069,119,26494.16,11,OK
INV00808,2023-05-31,ST12,PRD004,46,13421.88,21,OK
INV00809,2023-05-31,ST12,PRD035,59,15987.23,17,OK
INV00810,2023-05-31,ST12,PRD029,83,9779.89,8,OK
INV00811,2023-05-31,ST12,PRD025,80,11544.8,23,OK
INV00812,2023-05-31,ST12,PRD075,88,22567.6,16,OK
INV00813,2023-05-31,ST12,PRD050,73,5594.72,11,OK
INV00814,2023-05-31,ST12,PRD033,56,13225.52,8,OK
INV00815,2023-05-31,ST12,PRD036,54,10747.62,8,OK
INV00816,2023-05-31,ST12,PRD072,85,24293.0,25,OK
INV00817,2023-05-31,ST12,PRD048,12,1780.32,12,OK
INV00818,2023-05-31,ST12,PRD051,44,3184.28,22,OK
INV00819,2023-05-31,ST12,PRD067,109,28732.4,9,OK
INV00820,2023-05-31,ST12,PRD007,50,10887.5,8,OK
INV00821,2023-05-31,ST12,PRD078,19,3294.41,24,OK
INV00822,2023-05-31,ST12,PRD020,92,18725.68,13,OK
INV00823,2023-05-31,ST12,PRD077,18,3289.14,16,OK
INV00824,2023-05-31,ST12,PRD018,116,36232.6,25,OK
INV00825,2023-05-31,ST12,PRD027,74,21552.5,22,OK
INV00826,2023-05-31,ST07,PRD009,71,1449.82,21,OK
INV00827,2023-05-31,ST07,PRD040,84,7861.56,8,OK
INV00828,2023-05-31,ST07,PRD061,10,1703.2,20,Low
INV00829,2023-05-31,ST07,PRD007,43,9363.25,20,OK
INV00830,2023-05-31,ST07,PRD053,8,2250.4,12,Low
INV00831,2023-05-31,ST07,PRD063,39,5811.39,21,OK
INV00832,2023-05-31,ST07,PRD045,52,9274.72,12,OK
INV00833,2023-05-31,ST07,PRD051,42,3039.54,21,OK
INV00834,2023-05-31,ST07,PRD043,74,12099.0,19,OK
INV00835,2023-05-31,ST07,PRD005,8,334.0,12,Low
INV00836,2023-05-31,ST07,PRD003,108,30429.0,19,OK
INV00837,2023-05-31,ST07,PRD070,8,2402.64,21,Low
INV00838,2023-05-31,ST07,PRD024,101,4142.01,12,OK
INV00839,2023-05-31,ST07,PRD015,64,17298.56,8,OK
INV00840,2023-05-31,ST07,PRD058,22,6612.76,20,OK
INV00841,2023-05-31,ST07,PRD066,116,34030.92,11,OK
INV00842,2023-05-31,ST07,PRD054,100,3369.0,16,OK
INV00843,2023-05-31,ST07,PRD020,22,4477.88,12,OK
INV00844,2023-05-31,ST07,PRD073,104,32281.6,24,OK
INV00845,2023-05-31,ST07,PRD042,117,39710.97,17,OK
INV00846,2023-05-31,ST07,PRD029,63,7423.29,17,OK
INV00847,2023-05-31,ST07,PRD001,49,10863.79,23,OK
INV00848,2023-05-31,ST07,PRD078,66,11443.74,19,OK
INV00849,2023-05-31,ST07,PRD075,113,28978.85,11,OK
INV00850,2023-05-31,ST07,PRD074,26,2592.72,21,OK
INV00851,2023-05-31,ST02,PRD068,78,18831.54,9,OK
INV00852,2023-05-31,ST02,PRD010,44,8362.64,24,OK
INV00853,2023-05-31,ST02,PRD078,64,11096.96,24,OK
INV00854,2023-05-31,ST02,PRD036,37,7364.11,10,OK
INV00855,2023-05-31,ST02,PRD070,74,22224.42,14,OK
INV00856,2023-05-31,ST02,PRD003,50,14087.5,13,OK
INV00857,2023-05-31,ST02,PRD077,48,8771.04,14,OK
INV00858,2023-05-31,ST02,PRD035,11,2980.67,15,Low
INV00859,2023-05-31,ST02,PRD049,88,22849.2,17,OK
INV00860,2023-05-31,ST02,PRD030,74,10607.16,16,OK
INV00861,2023-05-31,ST02,PRD044,54,18398.34,8,OK
INV00862,2023-05-31,ST02,PRD005,59,2463.25,24,OK
INV00863,2023-05-31,ST02,PRD006,8,587.36,24,Low
INV00864,2023-05-31,ST02,PRD018,20,6247.0,18,OK
INV00865,2023-05-31,ST02,PRD058,120,36069.6,12,OK
INV00866,2023-05-31,ST02,PRD067,13,3426.8,15,OK
INV00867,2023-05-31,ST02,PRD012,69,20350.86,18,OK
INV00868,2023-05-31,ST02,PRD029,20,2356.6,12,OK
INV00869,2023-05-31,ST02,PRD007,21,4572.75,14,OK
INV00870,2023-05-31,ST02,PRD065,15,2358.15,10,OK
INV00871,2023-05-31,ST02,PRD008,39,5096.52,13,OK
INV00872,2023-05-31,ST02,PRD062,108,28541.16,15,OK
INV00873,2023-05-31,ST02,PRD009,10,204.2,10,Low
INV00874,2023-05-31,ST02,PRD059,46,7479.6,17,OK
INV00875,2023-05-31,ST02,PRD064,61,6295.2,22,OK
INV00876,2023-05-31,ST11,PRD002,106,14878.16,14,OK
INV00877,2023-05-31,ST11,PRD033,68,16059.56,22,OK
INV00878,2023-05-31,ST11,PRD074,89,8875.08,24,OK
INV00879,2023-05-31,ST11,PRD069,117,26048.88,24,OK
INV00880,2023-05-31,ST11,PRD066,34,9974.58,14,OK
INV00881,2023-05-31,ST11,PRD030,9,1290.06,8,Low
INV00882,2023-05-31,ST11,PRD011,56,10946.32,17,OK
INV00883,2023-05-31,ST11,PRD023,73,6345.16,10,OK
INV00884,2023-05-31,ST11,PRD003,33,9297.75,24,OK
INV00885,2023-05-31,ST11,PRD049,57,14800.05,21,OK
INV00886,2023-05-31,ST11,PRD005,106,4425.5,16,OK
INV00887,2023-05-31,ST11,PRD041,22,2287.12,22,OK
INV00888,2023-05-31,ST11,PRD075,27,6924.15,8,OK
INV00889,2023-05-31,ST11,PRD044,112,38159.52,8,OK
INV00890,2023-05-31,ST11,PRD040,74,6925.66,13,OK
INV00891,2023-05-31,ST11,PRD032,6,1935.6,11,Low
INV00892,2023-05-31,ST11,PRD022,68,6105.04,25,OK
INV00893,2023-05-31,ST11,PRD058,112,33664.96,23,OK
INV00894,2023-05-31,ST11,PRD079,7,452.06,21,Low
INV00895,2023-05-31,ST11,PRD018,81,25300.35,25,OK
INV00896,2023-05-31,ST11,PRD073,25,7760.0,12,OK
INV00897,2023-05-31,ST11,PRD054,96,3234.24,12,OK
INV00898,2023-05-31,ST11,PRD042,104,35298.64,16,OK
INV00899,2023-05-31,ST11,PRD070,7,2102.31,10,Low
INV00900,2023-05-31,ST11,PRD009,14,285.88,20,OK
INV00901,2023-05-31,ST04,PRD023,55,4780.6,21,OK
INV00902,2023-05-31,ST04,PRD066,116,34030.92,19,OK
INV00903,2023-05-31,ST04,PRD003,82,23103.5,9,OK
INV00904,2023-05-31,ST04,PRD012,84,24774.96,18,OK
INV00905,2023-05-31,ST04,PRD054,54,1819.26,19,OK
INV00906,2023-05-31,ST04,PRD070,113,33937.29,19,OK
INV00907,2023-05-31,ST04,PRD005,29,1210.75,16,OK
INV00908,2023-05-31,ST04,PRD060,114,18830.52,8,OK
INV00909,2023-05-31,ST04,PRD031,6,1361.46,12,Low
INV00910,2023-05-31,ST04,PRD022,55,4937.9,23,OK
INV00911,2023-05-31,ST04,PRD067,10,2636.0,21,Low
INV00912,2023-05-31,ST04,PRD014,8,835.6,22,Low
INV00913,2023-05-31,ST04,PRD073,17,5276.8,22,OK
INV00914,2023-05-31,ST04,PRD047,56,12013.68,18,OK
INV00915,2023-05-31,ST04,PRD074,29,2891.88,18,OK
INV00916,2023-05-31,ST04,PRD059,33,5365.8,14,OK
INV00917,2023-05-31,ST04,PRD063,86,12814.86,10,OK
INV00918,2023-05-31,ST04,PRD010,89,16915.34,21,OK
INV00919,2023-05-31,ST04,PRD079,12,774.96,10,OK
INV00920,2023-05-31,ST04,PRD033,69,16295.73,21,OK
INV00921,2023-05-31,ST04,PRD068,75,18107.25,24,OK
INV00922,2023-05-31,ST04,PRD076,14,1136.8,16,OK
INV00923,2023-05-31,ST04,PRD036,99,19703.97,13,OK
INV00924,2023-05-31,ST04,PRD040,83,7767.97,11,OK
INV00925,2023-05-31,ST04,PRD002,64,8983.04,19,OK
INV00926,2023-05-31,ST01,PRD074,6,598.32,10,Low
INV00927,2023-05-31,ST01,PRD024,106,4347.06,8,OK
INV00928,2023-05-31,ST01,PRD073,108,33523.2,13,OK
INV00929,2023-05-31,ST01,PRD031,7,1588.37,23,Low
INV00930,2023-05-31,ST01,PRD007,29,6314.75,22,OK
INV00931,2023-05-31,ST01,PRD004,70,20424.6,21,OK
INV00932,2023-05-31,ST01,PRD038,51,9677.25,18,OK
INV00933,2023-05-31,ST01,PRD036,45,8956.35,23,OK
INV00934,2023-05-31,ST01,PRD019,114,21605.28,11,OK
INV00935,2023-05-31,ST01,PRD021,77,9064.44,18,OK
INV00936,2023-05-31,ST01,PRD035,42,11380.74,23,OK
INV00937,2023-05-31,ST01,PRD053,21,5907.3,9,OK
INV00938,2023-05-31,ST01,PRD060,24,3964.32,16,OK
INV00939,2023-05-31,ST01,PRD052,8,1394.56,15,Low
INV00940,2023-05-31,ST01,PRD014,69,7207.05,21,OK
INV00941,2023-05-31,ST01,PRD069,103,22931.92,18,OK
INV00942,2023-05-31,ST01,PRD065,9,1414.89,22,Low
INV00943,2023-05-31,ST01,PRD050,49,3755.36,23,OK
INV00944,2023-05-31,ST01,PRD008,86,11238.48,15,OK
INV00945,2023-05-31,ST01,PRD062,83,21934.41,23,OK
INV00946,2023-05-31,ST01,PRD070,19,5706.27,23,OK
INV00947,2023-05-31,ST01,PRD079,21,1356.18,19,OK
INV00948,2023-05-31,ST01,PRD030,107,15337.38,8,OK
INV00949,2023-05-31,ST01,PRD003,50,14087.5,14,OK
INV00950,2023-05-31,ST01,PRD048,44,6527.84,15,OK
INV00951,2023-05-31,ST10,PRD016,59,10530.91,10,OK
INV00952,2023-05-31,ST10,PRD021,7,824.04,10,Low
INV00953,2023-05-31,ST10,PRD080,21,3676.68,9,OK
INV00954,2023-05-31,ST10,PRD047,119,25529.07,16,OK
INV00955,2023-05-31,ST10,PRD010,91,17295.46,18,OK
INV00956,2023-05-31,ST10,PRD006,107,7855.94,15,OK
INV00957,2023-05-31,ST10,PRD004,65,18965.7,23,OK
INV00958,2023-05-31,ST10,PRD014,77,8042.65,19,OK
INV00959,2023-05-31,ST10,PRD023,77,6692.84,20,OK
INV00960,2023-05-31,ST10,PRD068,28,6760.04,24,OK
INV00961,2023-05-31,ST10,PRD024,84,3444.84,17,OK
INV00962,2023-05-31,ST10,PRD035,41,11109.77,15,OK
INV00963,2023-05-31,ST10,PRD067,41,10807.6,16,OK
INV00964,2023-05-31,ST10,PRD056,110,29658.2,20,OK
INV00965,2023-05-31,ST10,PRD013,69,21265.8,11,OK
INV00966,2023-05-31,ST10,PRD028,79,11107.4,21,OK
INV00967,2023-05-31,ST10,PRD011,49,9578.03,13,OK
INV00968,2023-05-31,ST10,PRD007,105,22863.75,14,OK
INV00969,2023-05-31,ST10,PRD001,114,25274.94,9,OK
INV00970,2023-05-31,ST10,PRD066,1,293.37,14,Low
INV00971,2023-05-31,ST10,PRD057,111,22591.83,22,OK
INV00972,2023-05-31,ST10,PRD079,29,1872.82,20,OK
INV00973,2023-05-31,ST10,PRD034,25,2575.0,22,OK
INV00974,2023-05-31,ST10,PRD002,99,13895.64,19,OK
INV00975,2023-05-31,ST10,PRD030,61,8743.74,9,OK
INV00976,2023-05-31,ST06,PRD067,45,11862.0,19,OK
INV00977,2023-05-31,ST06,PRD009,57,1163.94,19,OK
INV00978,2023-05-31,ST06,PRD043,114,18639.0,15,OK
INV00979,2023-05-31,ST06,PRD079,8,516.64,9,Low
INV00980,2023-05-31,ST06,PRD069,113,25158.32,9,OK
INV00981,2023-05-31,ST06,PRD002,119,16702.84,12,OK
INV00982,2023-05-31,ST06,PRD059,52,8455.2,21,OK
INV00983,2023-05-31,ST06,PRD064,71,7327.2,22,OK
INV00984,2023-05-31,ST06,PRD070,39,11712.87,13,OK
INV00985,2023-05-31,ST06,PRD029,60,7069.8,18,OK
INV00986,2023-05-31,ST06,PRD028,56,7873.6,10,OK
INV00987,2023-05-31,ST06,PRD055,34,6417.5,24,OK
INV00988,2023-05-31,ST06,PRD068,76,18348.68,10,OK
INV00989,2023-05-31,ST06,PRD024,22,902.22,19,OK
INV00990,2023-05-31,ST06,PRD053,44,12377.2,12,OK
INV00991,2023-05-31,ST06,PRD077,79,14435.67,11,OK
INV00992,2023-05-31,ST06,PRD038,86,16318.5,20,OK
INV00993,2023-05-31,ST06,PRD045,44,7847.84,14,OK
INV00994,2023-05-31,ST06,PRD054,100,3369.0,23,OK
INV00995,2023-05-31,ST06,PRD046,72,19001.52,16,OK
INV00996,2023-05-31,ST06,PRD020,35,7123.9,22,OK
INV00997,2023-05-31,ST06,PRD026,32,7687.68,8,OK
INV00998,2023-05-31,ST06,PRD017,8,330.72,18,Low
INV00999,2023-05-31,ST06,PRD050,70,5364.8,21,OK
INV01000,2023-05-31,ST06,PRD062,104,27484.08,21,OK
INV01001,2023-06-30,ST09,PRD033,19,4487.23,15,OK
INV01002,2023-06-30,ST09,PRD043,73,11935.5,17,OK
INV01003,2023-06-30,ST09,PRD022,14,1256.92,17,OK
INV01004,2023-06-30,ST09,PRD068,84,20280.12,12,OK
INV01005,2023-06-30,ST09,PRD025,86,12410.66,9,OK
INV01006,2023-06-30,ST09,PRD020,7,1424.78,17,Low
INV01007,2023-06-30,ST09,PRD036,5,995.15,11,Low
INV01008,2023-06-30,ST09,PRD004,56,16339.68,23,OK
INV01009,2023-06-30,ST09,PRD018,105,32796.75,16,OK
INV01010,2023-06-30,ST09,PRD076,79,6414.8,11,OK
INV01011,2023-06-30,ST09,PRD005,72,3006.0,13,OK
INV01012,2023-06-30,ST09,PRD067,118,31104.8,24,OK
INV01013,2023-06-30,ST09,PRD010,25,4751.5,12,OK
INV01014,2023-06-30,ST09,PRD072,37,10574.6,19,OK
INV01015,2023-06-30,ST09,PRD021,104,12242.88,11,OK
INV01016,2023-06-30,ST09,PRD037,14,1327.76,8,OK
INV01017,2023-06-30,ST09,PRD071,75,3071.25,21,OK
INV01018,2023-06-30,ST09,PRD040,113,10575.67,22,OK
INV01019,2023-06-30,ST09,PRD029,3,353.49,13,Low
INV01020,2023-06-30,ST09,PRD007,113,24605.75,17,OK
INV01021,2023-06-30,ST09,PRD048,79,11720.44,10,OK
INV01022,2023-06-30,ST09,PRD066,9,2640.33,21,Low
INV01023,2023-06-30,ST09,PRD003,73,20567.75,15,OK
INV01024,2023-06-30,ST09,PRD061,101,17202.32,17,OK
INV01025,2023-06-30,ST09,PRD073,92,28556.8,22,OK
INV01026,2023-06-30,ST05,PRD072,3,857.4,9,Low
INV01027,2023-06-30,ST05,PRD058,51,15329.58,24,OK
INV01028,2023-06-30,ST05,PRD060,83,13709.94,16,OK
INV01029,2023-06-30,ST05,PRD054,108,3638.52,20,OK
INV01030,2023-06-30,ST05,PRD019,37,7012.24,13,OK
INV01031,2023-06-30,ST05,PRD061,68,11581.76,23,OK
INV01032,2023-06-30,ST05,PRD035,31,8400.07,17,OK
INV01033,2023-06-30,ST05,PRD050,46,3525.44,22,OK
INV01034,2023-06-30,ST05,PRD057,119,24220.07,20,OK
INV01035,2023-06-30,ST05,PRD027,24,6990.0,19,OK
INV01036,2023-06-30,ST05,PRD001,65,14411.15,22,OK
INV01037,2023-06-30,ST05,PRD078,24,4161.36,11,OK
INV01038,2023-06-30,ST05,PRD076,11,893.2,10,Low
INV01039,2023-06-30,ST05,PRD016,111,19812.39,14,OK
INV01040,2023-06-30,ST05,PRD063,46,6854.46,17,OK
INV01041,2023-06-30,ST05,PRD023,93,8083.56,13,OK
INV01042,2023-06-30,ST05,PRD010,40,7602.4,25,OK
INV01043,2023-06-30,ST05,PRD042,48,16291.68,23,OK
INV01044,2023-06-30,ST05,PRD038,35,6641.25,18,OK
INV01045,2023-06-30,ST05,PRD045,52,9274.72,17,OK
INV01046,2023-06-30,ST05,PRD044,39,13287.69,15,OK
INV01047,2023-06-30,ST05,PRD009,15,306.3,14,OK
INV01048,2023-06-30,ST05,PRD031,20,4538.2,25,OK
INV01049,2023-06-30,ST05,PRD039,14,3223.64,19,OK
INV01050,2023-06-30,ST05,PRD051,119,8612.03,20,OK
INV01051,2023-06-30,ST10,PRD010,105,19956.3,9,OK
INV01052,2023-06-30,ST10,PRD026,97,23303.28,11,OK
INV01053,2023-06-30,ST10,PRD054,65,2189.85,23,OK
INV01054,2023-06-30,ST10,PRD065,79,12419.59,23,OK
INV01055,2023-06-30,ST10,PRD024,13,533.13,23,OK
INV01056,2023-06-30,ST10,PRD029,118,13903.94,8,OK
INV01057,2023-06-30,ST10,PRD031,69,15656.79,16,OK
INV01058,2023-06-30,ST10,PRD019,71,13455.92,10,OK
INV01059,2023-06-30,ST10,PRD005,40,1670.0,13,OK
INV01060,2023-06-30,ST10,PRD038,62,11764.5,22,OK
INV01061,2023-06-30,ST10,PRD056,89,23996.18,11,OK
INV01062,2023-06-30,ST10,PRD001,9,1995.39,19,Low
INV01063,2023-06-30,ST10,PRD067,94,24778.4,13,OK
INV01064,2023-06-30,ST10,PRD071,63,2579.85,18,OK
INV01065,2023-06-30,ST10,PRD050,89,6820.96,8,OK
INV01066,2023-06-30,ST10,PRD057,59,12008.27,14,OK
INV01067,2023-06-30,ST10,PRD039,96,22104.96,21,OK
INV01068,2023-06-30,ST10,PRD003,10,2817.5,15,Low
INV01069,2023-06-30,ST10,PRD074,23,2293.56,9,OK
INV01070,2023-06-30,ST10,PRD009,38,775.96,9,OK
INV01071,2023-06-30,ST10,PRD073,102,31660.8,20,OK
INV01072,2023-06-30,ST10,PRD053,107,30099.1,15,OK
INV01073,2023-06-30,ST10,PRD066,99,29043.63,13,OK
INV01074,2023-06-30,ST10,PRD034,107,11021.0,13,OK
INV01075,2023-06-30,ST10,PRD070,24,7207.92,20,OK
INV01076,2023-06-30,ST03,PRD023,76,6605.92,22,OK
INV01077,2023-06-30,ST03,PRD065,67,10533.07,10,OK
INV01078,2023-06-30,ST03,PRD013,48,14793.6,13,OK
INV01079,2023-06-30,ST03,PRD075,51,13078.95,20,OK
INV01080,2023-06-30,ST03,PRD059,62,10081.2,11,OK
INV01081,2023-06-30,ST03,PRD073,96,29798.4,16,OK
INV01082,2023-06-30,ST03,PRD011,8,1563.76,21,Low
INV01083,2023-06-30,ST03,PRD014,101,10549.45,25,OK
INV01084,2023-06-30,ST03,PRD074,22,2193.84,21,OK
INV01085,2023-06-30,ST03,PRD028,84,11810.4,19,OK
INV01086,2023-06-30,ST03,PRD004,74,21591.72,23,OK
INV01087,2023-06-30,ST03,PRD061,5,851.6,9,Low
INV01088,2023-06-30,ST03,PRD030,56,8027.04,14,OK
INV01089,2023-06-30,ST03,PRD054,119,4009.11,13,OK
INV01090,2023-06-30,ST03,PRD050,116,8890.24,11,OK
INV01091,2023-06-30,ST03,PRD012,103,30378.82,12,OK
INV01092,2023-06-30,ST03,PRD052,57,9936.24,10,OK
INV01093,2023-06-30,ST03,PRD068,85,20521.55,12,OK
INV01094,2023-06-30,ST03,PRD058,10,3005.8,19,Low
INV01095,2023-06-30,ST03,PRD008,15,1960.2,22,OK
INV01096,2023-06-30,ST03,PRD038,113,21441.75,8,OK
INV01097,2023-06-30,ST03,PRD029,77,9072.91,20,OK
INV01098,2023-06-30,ST03,PRD060,96,15857.28,12,OK
INV01099,2023-06-30,ST03,PRD071,58,2375.1,15,OK
INV01100,2023-06-30,ST03,PRD051,13,940.81,21,OK
INV01101,2023-06-30,ST08,PRD061,52,8856.64,11,OK
INV01102,2023-06-30,ST08,PRD027,16,4660.0,20,OK
INV01103,2023-06-30,ST08,PRD033,65,15351.05,23,OK
INV01104,2023-06-30,ST08,PRD073,112,34764.8,15,OK
INV01105,2023-06-30,ST08,PRD020,60,12212.4,8,OK
INV01106,2023-06-30,ST08,PRD071,13,532.35,16,OK
INV01107,2023-06-30,ST08,PRD034,34,3502.0,24,OK
INV01108,2023-06-30,ST08,PRD019,58,10992.16,23,OK
INV01109,2023-06-30,ST08,PRD056,12,3235.44,19,OK
INV01110,2023-06-30,ST08,PRD063,67,9983.67,12,OK
INV01111,2023-06-30,ST08,PRD067,97,25569.2,23,OK
INV01112,2023-06-30,ST08,PRD054,71,2391.99,11,OK
INV01113,2023-06-30,ST08,PRD012,93,27429.42,12,OK
INV01114,2023-06-30,ST08,PRD058,87,26150.46,19,OK
INV01115,2023-06-30,ST08,PRD065,76,11947.96,24,OK
INV01116,2023-06-30,ST08,PRD036,29,5771.87,14,OK
INV01117,2023-06-30,ST08,PRD002,91,12772.76,10,OK
INV01118,2023-06-30,ST08,PRD021,75,8829.0,23,OK
INV01119,2023-06-30,ST08,PRD076,113,9175.6,14,OK
INV01120,2023-06-30,ST08,PRD035,53,14361.41,24,OK
INV01121,2023-06-30,ST08,PRD023,53,4606.76,16,OK
INV01122,2023-06-30,ST08,PRD042,20,6788.2,11,OK
INV01123,2023-06-30,ST08,PRD008,40,5227.2,10,OK
INV01124,2023-06-30,ST08,PRD009,10,204.2,12,Low
INV01125,2023-06-30,ST08,PRD064,90,9288.0,20,OK
INV01126,2023-06-30,ST07,PRD009,39,796.38,13,OK
INV01127,2023-06-30,ST07,PRD001,55,12194.05,21,OK
INV01128,2023-06-30,ST07,PRD076,98,7957.6,22,OK
INV01129,2023-06-30,ST07,PRD080,56,9804.48,14,OK
INV01130,2023-06-30,ST07,PRD018,3,937.05,10,Low
INV01131,2023-06-30,ST07,PRD068,33,7967.19,12,OK
INV01132,2023-06-30,ST07,PRD020,104,21168.16,14,OK
INV01133,2023-06-30,ST07,PRD062,43,11363.61,12,OK
INV01134,2023-06-30,ST07,PRD063,62,9238.62,16,OK
INV01135,2023-06-30,ST07,PRD041,30,3118.8,17,OK
INV01136,2023-06-30,ST07,PRD049,4,1038.6,22,Low
INV01137,2023-06-30,ST07,PRD045,9,1605.24,20,Low
INV01138,2023-06-30,ST07,PRD025,18,2597.58,23,OK
INV01139,2023-06-30,ST07,PRD028,51,7170.6,21,OK
INV01140,2023-06-30,ST07,PRD072,33,9431.4,23,OK
INV01141,2023-06-30,ST07,PRD055,67,12646.25,17,OK
INV01142,2023-06-30,ST07,PRD060,66,10901.88,21,OK
INV01143,2023-06-30,ST07,PRD015,3,810.87,18,Low
INV01144,2023-06-30,ST07,PRD061,49,8345.68,16,OK
INV01145,2023-06-30,ST07,PRD052,15,2614.8,15,OK
INV01146,2023-06-30,ST07,PRD011,10,1954.7,8,Low
INV01147,2023-06-30,ST07,PRD027,51,14853.75,20,OK
INV01148,2023-06-30,ST07,PRD070,50,15016.5,9,OK
INV01149,2023-06-30,ST07,PRD065,92,14463.32,12,OK
INV01150,2023-06-30,ST07,PRD053,78,21941.4,23,OK
INV01151,2023-06-30,ST02,PRD019,46,8717.92,8,OK
INV01152,2023-06-30,ST02,PRD079,26,1679.08,20,OK
INV01153,2023-06-30,ST02,PRD039,107,24637.82,14,OK
INV01154,2023-06-30,ST02,PRD043,87,14224.5,12,OK
INV01155,2023-06-30,ST02,PRD016,55,9816.95,13,OK
INV01156,2023-06-30,ST02,PRD026,29,6966.96,23,OK
INV01157,2023-06-30,ST02,PRD046,41,10820.31,8,OK
INV01158,2023-06-30,ST02,PRD053,42,11814.6,17,OK
INV01159,2023-06-30,ST02,PRD001,26,5764.46,12,OK
INV01160,2023-06-30,ST02,PRD007,23,5008.25,21,OK
INV01161,2023-06-30,ST02,PRD010,1,190.06,13,Low
INV01162,2023-06-30,ST02,PRD034,61,6283.0,25,OK
INV01163,2023-06-30,ST02,PRD067,35,9226.0,20,OK
INV01164,2023-06-30,ST02,PRD002,120,16843.2,13,OK
INV01165,2023-06-30,ST02,PRD052,36,6275.52,9,OK
INV01166,2023-06-30,ST02,PRD070,48,14415.84,24,OK
INV01167,2023-06-30,ST02,PRD008,26,3397.68,22,OK
INV01168,2023-06-30,ST02,PRD057,104,21167.12,18,OK
INV01169,2023-06-30,ST02,PRD028,76,10685.6,16,OK
INV01170,2023-06-30,ST02,PRD041,91,9460.36,19,OK
INV01171,2023-06-30,ST02,PRD022,67,6015.26,23,OK
INV01172,2023-06-30,ST02,PRD056,108,29118.96,9,OK
INV01173,2023-06-30,ST02,PRD038,102,19354.5,12,OK
INV01174,2023-06-30,ST02,PRD054,27,909.63,8,OK
INV01175,2023-06-30,ST02,PRD048,60,8901.6,10,OK
INV01176,2023-06-30,ST12,PRD006,12,881.04,18,OK
INV01177,2023-06-30,ST12,PRD043,96,15696.0,19,OK
INV01178,2023-06-30,ST12,PRD049,114,29600.1,8,OK
INV01179,2023-06-30,ST12,PRD040,58,5428.22,18,OK
INV01180,2023-06-30,ST12,PRD080,62,10854.96,21,OK
INV01181,2023-06-30,ST12,PRD003,33,9297.75,17,OK
INV01182,2023-06-30,ST12,PRD053,73,20534.9,20,OK
INV01183,2023-06-30,ST12,PRD058,80,24046.4,15,OK
INV01184,2023-06-30,ST12,PRD077,110,20100.3,13,OK
INV01185,2023-06-30,ST12,PRD014,12,1253.4,17,OK
INV01186,2023-06-30,ST12,PRD048,71,10533.56,11,OK
INV01187,2023-06-30,ST12,PRD068,72,17382.96,20,OK
INV01188,2023-06-30,ST12,PRD050,39,2988.96,13,OK
INV01189,2023-06-30,ST12,PRD064,108,11145.6,16,OK
INV01190,2023-06-30,ST12,PRD041,91,9460.36,9,OK
INV01191,2023-06-30,ST12,PRD017,109,4506.06,17,OK
INV01192,2023-06-30,ST12,PRD037,98,9294.32,14,OK
INV01193,2023-06-30,ST12,PRD047,51,10941.03,19,OK
INV01194,2023-06-30,ST12,PRD002,37,5193.32,18,OK
INV01195,2023-06-30,ST12,PRD066,10,2933.7,10,Low
INV01196,2023-06-30,ST12,PRD035,91,24658.27,21,OK
INV01197,2023-06-30,ST12,PRD032,6,1935.6,9,Low
INV01198,2023-06-30,ST12,PRD045,81,14447.16,13,OK
INV01199,2023-06-30,ST12,PRD018,90,28111.5,12,OK
INV01200,2023-06-30,ST12,PRD054,19,640.11,21,OK
INV01201,2023-07-31,ST11,PRD039,108,24868.08,15,OK
INV01202,2023-07-31,ST11,PRD030,104,14907.36,20,OK
INV01203,2023-07-31,ST11,PRD036,68,13534.04,22,OK
INV01204,2023-07-31,ST11,PRD013,96,29587.2,19,OK
INV01205,2023-07-31,ST11,PRD060,61,10075.98,16,OK
INV01206,2023-07-31,ST11,PRD070,11,3303.63,13,Low
INV01207,2023-07-31,ST11,PRD009,116,2368.72,13,OK
INV01208,2023-07-31,ST11,PRD080,91,15932.28,24,OK
INV01209,2023-07-31,ST11,PRD067,60,15816.0,21,OK
INV01210,2023-07-31,ST11,PRD006,62,4552.04,8,OK
INV01211,2023-07-31,ST11,PRD069,86,19147.04,16,OK
INV01212,2023-07-31,ST11,PRD050,34,2605.76,17,OK
INV01213,2023-07-31,ST11,PRD047,118,25314.54,23,OK
INV01214,2023-07-31,ST11,PRD049,102,26484.3,10,OK
INV01215,2023-07-31,ST11,PRD014,68,7102.6,20,OK
INV01216,2023-07-31,ST11,PRD073,72,22348.8,17,OK
INV01217,2023-07-31,ST11,PRD053,84,23629.2,10,OK
INV01218,2023-07-31,ST11,PRD040,29,2714.11,9,OK
INV01219,2023-07-31,ST11,PRD010,32,6081.92,9,OK
INV01220,2023-07-31,ST11,PRD043,69,11281.5,9,OK
INV01221,2023-07-31,ST11,PRD064,64,6604.8,21,OK
INV01222,2023-07-31,ST11,PRD059,17,2764.2,24,OK
INV01223,2023-07-31,ST11,PRD008,97,12675.96,15,OK
INV01224,2023-07-31,ST11,PRD045,40,7134.4,18,OK
INV01225,2023-07-31,ST11,PRD005,81,3381.75,23,OK
INV01226,2023-07-31,ST06,PRD013,89,27429.8,13,OK
INV01227,2023-07-31,ST06,PRD037,84,7966.56,9,OK
INV01228,2023-07-31,ST06,PRD024,54,2214.54,25,OK
INV01229,2023-07-31,ST06,PRD060,114,18830.52,18,OK
INV01230,2023-07-31,ST06,PRD005,50,2087.5,21,OK
INV01231,2023-07-31,ST06,PRD028,100,14060.0,9,OK
INV01232,2023-07-31,ST06,PRD011,107,20915.29,8,OK
INV01233,2023-07-31,ST06,PRD074,90,8974.8,12,OK
INV01234,2023-07-31,ST06,PRD078,65,11270.35,25,OK
INV01235,2023-07-31,ST06,PRD009,42,857.64,17,OK
INV01236,2023-07-31,ST06,PRD020,8,1628.32,10,Low
INV01237,2023-07-31,ST06,PRD043,106,17331.0,10,OK
INV01238,2023-07-31,ST06,PRD069,91,20260.24,11,OK
INV01239,2023-07-31,ST06,PRD030,81,11610.54,12,OK
INV01240,2023-07-31,ST06,PRD068,3,724.29,10,Low
INV01241,2023-07-31,ST06,PRD075,45,11540.25,9,OK
INV01242,2023-07-31,ST06,PRD018,19,5934.65,20,OK
INV01243,2023-07-31,ST06,PRD047,112,24027.36,10,OK
INV01244,2023-07-31,ST06,PRD019,110,20847.2,18,OK
INV01245,2023-07-31,ST06,PRD008,47,6141.96,16,OK
INV01246,2023-07-31,ST06,PRD073,92,28556.8,12,OK
INV01247,2023-07-31,ST06,PRD056,59,15907.58,22,OK
INV01248,2023-07-31,ST06,PRD065,85,13362.85,10,OK
INV01249,2023-07-31,ST06,PRD027,82,23882.5,16,OK
INV01250,2023-07-31,ST06,PRD026,8,1921.92,9,Low
INV01251,2023-07-31,ST07,PRD040,47,4398.73,17,OK
INV01252,2023-07-31,ST07,PRD046,93,24543.63,20,OK
INV01253,2023-07-31,ST07,PRD018,35,10932.25,11,OK
INV01254,2023-07-31,ST07,PRD067,110,28996.0,14,OK
INV01255,2023-07-31,ST07,PRD069,62,13803.68,12,OK
INV01256,2023-07-31,ST07,PRD061,104,17713.28,25,OK
INV01257,2023-07-31,ST07,PRD053,13,3656.9,11,OK
INV01258,2023-07-31,ST07,PRD038,16,3036.0,13,OK
INV01259,2023-07-31,ST07,PRD056,26,7010.12,10,OK
INV01260,2023-07-31,ST07,PRD065,38,5973.98,16,OK
INV01261,2023-07-31,ST07,PRD066,71,20829.27,25,OK
INV01262,2023-07-31,ST07,PRD003,51,14369.25,15,OK
INV01263,2023-07-31,ST07,PRD004,53,15464.34,21,OK
INV01264,2023-07-31,ST07,PRD033,64,15114.88,9,OK
INV01265,2023-07-31,ST07,PRD042,22,7467.02,18,OK
INV01266,2023-07-31,ST07,PRD020,47,9566.38,16,OK
INV01267,2023-07-31,ST07,PRD049,117,30379.05,25,OK
INV01268,2023-07-31,ST07,PRD002,43,6035.48,22,OK
INV01269,2023-07-31,ST07,PRD022,42,3770.76,13,OK
INV01270,2023-07-31,ST07,PRD079,109,7039.22,21,OK
INV01271,2023-07-31,ST07,PRD057,44,8955.32,23,OK
INV01272,2023-07-31,ST07,PRD007,4,871.0,9,Low
INV01273,2023-07-31,ST07,PRD048,44,6527.84,21,OK
INV01274,2023-07-31,ST07,PRD058,17,5109.86,24,OK
INV01275,2023-07-31,ST07,PRD077,89,16262.97,17,OK
INV01276,2023-07-31,ST08,PRD037,26,2465.84,23,OK
INV01277,2023-07-31,ST08,PRD025,33,4762.23,12,OK
INV01278,2023-07-31,ST08,PRD019,15,2842.8,12,OK
INV01279,2023-07-31,ST08,PRD005,1,41.75,21,Low
INV01280,2023-07-31,ST08,PRD070,118,35438.94,24,OK
INV01281,2023-07-31,ST08,PRD012,99,29199.06,20,OK
INV01282,2023-07-31,ST08,PRD075,4,1025.8,9,Low
INV01283,2023-07-31,ST08,PRD055,88,16610.0,23,OK
INV01284,2023-07-31,ST08,PRD006,59,4331.78,18,OK
INV01285,2023-07-31,ST08,PRD053,57,16034.1,10,OK
INV01286,2023-07-31,ST08,PRD023,46,3998.32,19,OK
INV01287,2023-07-31,ST08,PRD032,100,32260.0,18,OK
INV01288,2023-07-31,ST08,PRD042,49,16631.09,12,OK
INV01289,2023-07-31,ST08,PRD056,88,23726.56,14,OK
INV01290,2023-07-31,ST08,PRD074,73,7279.56,17,OK
INV01291,2023-07-31,ST08,PRD079,63,4068.54,21,OK
INV01292,2023-07-31,ST08,PRD049,39,10126.35,21,OK
INV01293,2023-07-31,ST08,PRD072,108,30866.4,10,OK
INV01294,2023-07-31,ST08,PRD021,94,11065.68,17,OK
INV01295,2023-07-31,ST08,PRD051,106,7671.22,18,OK
INV01296,2023-07-31,ST08,PRD007,58,12629.5,24,OK
INV01297,2023-07-31,ST08,PRD001,101,22392.71,19,OK
INV01298,2023-07-31,ST08,PRD058,79,23745.82,8,OK
INV01299,2023-07-31,ST08,PRD050,74,5671.36,18,OK
INV01300,2023-07-31,ST08,PRD059,15,2439.0,25,OK
INV01301,2023-07-31,ST03,PRD004,4,1167.12,15,Low
INV01302,2023-07-31,ST03,PRD076,29,2354.8,8,OK
INV01303,2023-07-31,ST03,PRD041,108,11227.68,13,OK
INV01304,2023-07-31,ST03,PRD077,35,6395.55,21,OK
INV01305,2023-07-31,ST03,PRD008,61,7971.48,23,OK
INV01306,2023-07-31,ST03,PRD046,53,13987.23,21,OK
INV01307,2023-07-31,ST03,PRD049,70,18175.5,25,OK
INV01308,2023-07-31,ST03,PRD003,117,32964.75,22,OK
INV01309,2023-07-31,ST03,PRD028,93,13075.8,8,OK
INV01310,2023-07-31,ST03,PRD017,54,2232.36,17,OK
INV01311,2023-07-31,ST03,PRD050,11,843.04,9,Low
INV01312,2023-07-31,ST03,PRD052,65,11330.8,9,OK
INV01313,2023-07-31,ST03,PRD018,79,24675.65,10,OK
INV01314,2023-07-31,ST03,PRD044,0,0.0,23,Out of Stock
INV01315,2023-07-31,ST03,PRD013,83,25580.6,12,OK
INV01316,2023-07-31,ST03,PRD079,114,7362.12,21,OK
INV01317,2023-07-31,ST03,PRD030,63,9030.42,13,OK
INV01318,2023-07-31,ST03,PRD007,22,4790.5,17,OK
INV01319,2023-07-31,ST03,PRD024,98,4018.98,24,OK
INV01320,2023-07-31,ST03,PRD055,43,8116.25,19,OK
INV01321,2023-07-31,ST03,PRD016,14,2498.86,18,OK
INV01322,2023-07-31,ST03,PRD002,108,15158.88,22,OK
INV01323,2023-07-31,ST03,PRD033,4,944.68,14,Low
INV01324,2023-07-31,ST03,PRD064,33,3405.6,14,OK
INV01325,2023-07-31,ST03,PRD069,36,8015.04,10,OK
INV01326,2023-07-31,ST04,PRD057,26,5291.78,13,OK
INV01327,2023-07-31,ST04,PRD010,64,12163.84,20,OK
INV01328,2023-07-31,ST04,PRD007,92,20033.0,14,OK
INV01329,2023-07-31,ST04,PRD078,48,8322.72,15,OK
INV01330,2023-07-31,ST04,PRD030,32,4586.88,10,OK
INV01331,2023-07-31,ST04,PRD044,8,2725.68,19,Low
INV01332,2023-07-31,ST04,PRD064,17,1754.4,19,OK
INV01333,2023-07-31,ST04,PRD006,53,3891.26,16,OK
INV01334,2023-07-31,ST04,PRD043,101,16513.5,11,OK
INV01335,2023-07-31,ST04,PRD069,83,18479.12,20,OK
INV01336,2023-07-31,ST04,PRD076,45,3654.0,9,OK
INV01337,2023-07-31,ST04,PRD029,55,6480.65,17,OK
INV01338,2023-07-31,ST04,PRD040,27,2526.93,15,OK
INV01339,2023-07-31,ST04,PRD036,106,21097.18,8,OK
INV01340,2023-07-31,ST04,PRD032,44,14194.4,17,OK
INV01341,2023-07-31,ST04,PRD063,7,1043.07,20,Low
INV01342,2023-07-31,ST04,PRD037,72,6828.48,21,OK
INV01343,2023-07-31,ST04,PRD066,47,13788.39,11,OK
INV01344,2023-07-31,ST04,PRD024,35,1435.35,24,OK
INV01345,2023-07-31,ST04,PRD004,18,5252.04,20,OK
INV01346,2023-07-31,ST04,PRD028,109,15325.4,25,OK
INV01347,2023-07-31,ST04,PRD014,22,2297.9,22,OK
INV01348,2023-07-31,ST04,PRD026,18,4324.32,18,OK
INV01349,2023-07-31,ST04,PRD067,52,13707.2,15,OK
INV01350,2023-07-31,ST04,PRD022,117,10504.26,15,OK
INV01351,2023-07-31,ST10,PRD005,13,542.75,18,OK
INV01352,2023-07-31,ST10,PRD008,16,2090.88,11,OK
INV01353,2023-07-31,ST10,PRD075,98,25132.1,13,OK
INV01354,2023-07-31,ST10,PRD019,104,19710.08,21,OK
INV01355,2023-07-31,ST10,PRD020,95,19336.3,15,OK
INV01356,2023-07-31,ST10,PRD036,53,10548.59,8,OK
INV01357,2023-07-31,ST10,PRD010,73,13874.38,23,OK
INV01358,2023-07-31,ST10,PRD012,5,1474.7,23,Low
INV01359,2023-07-31,ST10,PRD061,24,4087.68,19,OK
INV01360,2023-07-31,ST10,PRD072,46,13146.8,11,OK
INV01361,2023-07-31,ST10,PRD016,29,5176.21,10,OK
INV01362,2023-07-31,ST10,PRD048,3,445.08,15,Low
INV01363,2023-07-31,ST10,PRD046,80,21112.8,25,OK
INV01364,2023-07-31,ST10,PRD025,54,7792.74,25,OK
INV01365,2023-07-31,ST10,PRD055,66,12457.5,21,OK
INV01366,2023-07-31,ST10,PRD063,24,3576.24,18,OK
INV01367,2023-07-31,ST10,PRD031,76,17245.16,17,OK
INV01368,2023-07-31,ST10,PRD079,12,774.96,12,OK
INV01369,2023-07-31,ST10,PRD068,28,6760.04,8,OK
INV01370,2023-07-31,ST10,PRD064,85,8772.0,23,OK
INV01371,2023-07-31,ST10,PRD051,111,8033.07,19,OK
INV01372,2023-07-31,ST10,PRD077,48,8771.04,22,OK
INV01373,2023-07-31,ST10,PRD011,38,7427.86,18,OK
INV01374,2023-07-31,ST10,PRD060,31,5120.58,22,OK
INV01375,2023-07-31,ST10,PRD080,92,16107.36,23,OK
INV01376,2023-07-31,ST02,PRD005,24,1002.0,25,OK
INV01377,2023-07-31,ST02,PRD078,118,20460.02,10,OK
INV01378,2023-07-31,ST02,PRD051,39,2822.43,18,OK
INV01379,2023-07-31,ST02,PRD033,107,25270.19,16,OK
INV01380,2023-07-31,ST02,PRD020,7,1424.78,15,Low
INV01381,2023-07-31,ST02,PRD018,17,5309.95,23,OK
INV01382,2023-07-31,ST02,PRD047,91,19522.23,16,OK
INV01383,2023-07-31,ST02,PRD053,13,3656.9,18,OK
INV01384,2023-07-31,ST02,PRD027,32,9320.0,21,OK
INV01385,2023-07-31,ST02,PRD066,32,9387.84,13,OK
INV01386,2023-07-31,ST02,PRD074,19,1894.68,19,OK
INV01387,2023-07-31,ST02,PRD009,47,959.74,12,OK
INV01388,2023-07-31,ST02,PRD056,111,29927.82,12,OK
INV01389,2023-07-31,ST02,PRD004,63,18382.14,10,OK
INV01390,2023-07-31,ST02,PRD026,115,27627.6,13,OK
INV01391,2023-07-31,ST02,PRD015,80,21623.2,8,OK
INV01392,2023-07-31,ST02,PRD076,60,4872.0,17,OK
INV01393,2023-07-31,ST02,PRD080,35,6127.8,10,OK
INV01394,2023-07-31,ST02,PRD050,85,6514.4,11,OK
INV01395,2023-07-31,ST02,PRD040,37,3462.83,24,OK
INV01396,2023-07-31,ST02,PRD006,49,3597.58,13,OK
INV01397,2023-07-31,ST02,PRD064,77,7946.4,23,OK
INV01398,2023-07-31,ST02,PRD017,65,2687.1,14,OK
INV01399,2023-07-31,ST02,PRD069,16,3562.24,24,OK
INV01400,2023-07-31,ST02,PRD048,113,16764.68,17,OK
INV01401,2023-08-31,ST06,PRD056,96,25883.52,17,OK
INV01402,2023-08-31,ST06,PRD080,33,5777.64,9,OK
INV01403,2023-08-31,ST06,PRD008,7,914.76,9,Low
INV01404,2023-08-31,ST06,PRD035,40,10838.8,16,OK
INV01405,2023-08-31,ST06,PRD002,87,12211.32,15,OK
INV01406,2023-08-31,ST06,PRD004,82,23925.96,10,OK
INV01407,2023-08-31,ST06,PRD072,85,24293.0,13,OK
INV01408,2023-08-31,ST06,PRD029,16,1885.28,13,OK
INV01409,2023-08-31,ST06,PRD055,91,17176.25,21,OK
INV01410,2023-08-31,ST06,PRD070,38,11412.54,13,OK
INV01411,2023-08-31,ST06,PRD058,28,8416.24,12,OK
INV01412,2023-08-31,ST06,PRD006,56,4111.52,13,OK
INV01413,2023-08-31,ST06,PRD009,38,775.96,17,OK
INV01414,2023-08-31,ST06,PRD061,99,16861.68,19,OK
INV01415,2023-08-31,ST06,PRD019,111,21036.72,9,OK
INV01416,2023-08-31,ST06,PRD010,112,21286.72,15,OK
INV01417,2023-08-31,ST06,PRD048,64,9495.04,14,OK
INV01418,2023-08-31,ST06,PRD045,38,6777.68,23,OK
INV01419,2023-08-31,ST06,PRD069,54,12022.56,16,OK
INV01420,2023-08-31,ST06,PRD077,79,14435.67,18,OK
INV01421,2023-08-31,ST06,PRD079,23,1485.34,14,OK
INV01422,2023-08-31,ST06,PRD017,19,785.46,18,OK
INV01423,2023-08-31,ST06,PRD042,25,8485.25,23,OK
INV01424,2023-08-31,ST06,PRD051,60,4342.2,17,OK
INV01425,2023-08-31,ST06,PRD030,99,14190.66,13,OK
INV01426,2023-08-31,ST04,PRD021,69,8122.68,24,OK
INV01427,2023-08-31,ST04,PRD053,43,12095.9,11,OK
INV01428,2023-08-31,ST04,PRD057,93,18928.29,24,OK
INV01429,2023-08-31,ST04,PRD009,72,1470.24,9,OK
INV01430,2023-08-31,ST04,PRD049,28,7270.2,16,OK
INV01431,2023-08-31,ST04,PRD037,60,5690.4,22,OK
INV01432,2023-08-31,ST04,PRD071,87,3562.65,16,OK
INV01433,2023-08-31,ST04,PRD033,35,8265.95,19,OK
INV01434,2023-08-31,ST04,PRD031,100,22691.0,25,OK
INV01435,2023-08-31,ST04,PRD045,42,7491.12,14,OK
INV01436,2023-08-31,ST04,PRD016,90,16064.1,11,OK
INV01437,2023-08-31,ST04,PRD075,15,3846.75,10,OK
INV01438,2023-08-31,ST04,PRD046,28,7389.48,9,OK
INV01439,2023-08-31,ST04,PRD069,103,22931.92,25,OK
INV01440,2023-08-31,ST04,PRD052,104,18129.28,14,OK
INV01441,2023-08-31,ST04,PRD018,18,5622.3,10,OK
INV01442,2023-08-31,ST04,PRD050,115,8813.6,13,OK
INV01443,2023-08-31,ST04,PRD003,13,3662.75,21,OK
INV01444,2023-08-31,ST04,PRD080,12,2100.96,22,OK
INV01445,2023-08-31,ST04,PRD022,53,4758.34,12,OK
INV01446,2023-08-31,ST04,PRD015,45,12163.05,10,OK
INV01447,2023-08-31,ST04,PRD073,97,30108.8,22,OK
INV01448,2023-08-31,ST04,PRD024,26,1066.26,11,OK
INV01449,2023-08-31,ST04,PRD023,81,7040.52,8,OK
INV01450,2023-08-31,ST04,PRD078,18,3121.02,24,OK
INV01451,2023-08-31,ST09,PRD032,118,38066.8,25,OK
INV01452,2023-08-31,ST09,PRD028,112,15747.2,9,OK
INV01453,2023-08-31,ST09,PRD013,7,2157.4,25,Low
INV01454,2023-08-31,ST09,PRD019,119,22552.88,20,OK
INV01455,2023-08-31,ST09,PRD056,52,14020.24,21,OK
INV01456,2023-08-31,ST09,PRD042,42,14255.22,24,OK
INV01457,2023-08-31,ST09,PRD077,83,15166.59,10,OK
INV01458,2023-08-31,ST09,PRD065,40,6288.4,14,OK
INV01459,2023-08-31,ST09,PRD078,79,13697.81,15,OK
INV01460,2023-08-31,ST09,PRD001,48,10642.08,12,OK
INV01461,2023-08-31,ST09,PRD008,18,2352.24,15,OK
INV01462,2023-08-31,ST09,PRD057,98,19945.94,15,OK
INV01463,2023-08-31,ST09,PRD037,119,11285.96,14,OK
INV01464,2023-08-31,ST09,PRD062,49,12949.23,16,OK
INV01465,2023-08-31,ST09,PRD010,99,18815.94,21,OK
INV01466,2023-08-31,ST09,PRD002,73,10246.28,19,OK
INV01467,2023-08-31,ST09,PRD046,34,8972.94,17,OK
INV01468,2023-08-31,ST09,PRD017,55,2273.7,19,OK
INV01469,2023-08-31,ST09,PRD034,89,9167.0,12,OK
INV01470,2023-08-31,ST09,PRD074,1,99.72,19,Low
INV01471,2023-08-31,ST09,PRD003,38,10706.5,24,OK
INV01472,2023-08-31,ST09,PRD018,71,22176.85,24,OK
INV01473,2023-08-31,ST09,PRD051,46,3329.02,9,OK
INV01474,2023-08-31,ST09,PRD016,59,10530.91,14,OK
INV01475,2023-08-31,ST09,PRD076,19,1542.8,19,OK
INV01476,2023-08-31,ST02,PRD060,4,660.72,23,Low
INV01477,2023-08-31,ST02,PRD077,1,182.73,10,Low
INV01478,2023-08-31,ST02,PRD012,17,5013.98,9,OK
INV01479,2023-08-31,ST02,PRD053,1,281.3,25,Low
INV01480,2023-08-31,ST02,PRD024,36,1476.36,9,OK
INV01481,2023-08-31,ST02,PRD008,60,7840.8,19,OK
INV01482,2023-08-31,ST02,PRD062,119,31448.13,24,OK
INV01483,2023-08-31,ST02,PRD074,65,6481.8,13,OK
INV01484,2023-08-31,ST02,PRD022,16,1436.48,12,OK
INV01485,2023-08-31,ST02,PRD054,61,2055.09,12,OK
INV01486,2023-08-31,ST02,PRD017,86,3555.24,17,OK
INV01487,2023-08-31,ST02,PRD047,65,13944.45,18,OK
INV01488,2023-08-31,ST02,PRD076,75,6090.0,15,OK
INV01489,2023-08-31,ST02,PRD027,112,32620.0,10,OK
INV01490,2023-08-31,ST02,PRD070,63,18920.79,24,OK
INV01491,2023-08-31,ST02,PRD006,112,8223.04,18,OK
INV01492,2023-08-31,ST02,PRD052,64,11156.48,23,OK
INV01493,2023-08-31,ST02,PRD067,64,16870.4,23,OK
INV01494,2023-08-31,ST02,PRD010,26,4941.56,16,OK
INV01495,2023-08-31,ST02,PRD029,6,706.98,19,Low
INV01496,2023-08-31,ST02,PRD058,29,8716.82,25,OK
INV01497,2023-08-31,ST02,PRD057,50,10176.5,23,OK
INV01498,2023-08-31,ST02,PRD009,88,1796.96,20,OK
INV01499,2023-08-31,ST02,PRD072,56,16004.8,22,OK
INV01500,2023-08-31,ST02,PRD051,116,8394.92,8,OK
INV01501,2023-08-31,ST03,PRD025,18,2597.58,13,OK
INV01502,2023-08-31,ST03,PRD062,25,6606.75,16,OK
INV01503,2023-08-31,ST03,PRD080,114,19959.12,22,OK
INV01504,2023-08-31,ST03,PRD057,119,24220.07,9,OK
INV01505,2023-08-31,ST03,PRD073,118,36627.2,25,OK
INV01506,2023-08-31,ST03,PRD052,28,4880.96,17,OK
INV01507,2023-08-31,ST03,PRD061,6,1021.92,21,Low
INV01508,2023-08-31,ST03,PRD019,19,3600.88,20,OK
INV01509,2023-08-31,ST03,PRD072,18,5144.4,19,OK
INV01510,2023-08-31,ST03,PRD006,86,6314.12,15,OK
INV01511,2023-08-31,ST03,PRD026,50,12012.0,17,OK
INV01512,2023-08-31,ST03,PRD053,39,10970.7,10,OK
INV01513,2023-08-31,ST03,PRD077,34,6212.82,25,OK
INV01514,2023-08-31,ST03,PRD016,109,19455.41,23,OK
INV01515,2023-08-31,ST03,PRD033,101,23853.17,23,OK
INV01516,2023-08-31,ST03,PRD075,56,14361.2,17,OK
INV01517,2023-08-31,ST03,PRD048,43,6379.48,16,OK
INV01518,2023-08-31,ST03,PRD069,15,3339.6,24,OK
INV01519,2023-08-31,ST03,PRD003,68,19159.0,15,OK
INV01520,2023-08-31,ST03,PRD071,48,1965.6,24,OK
INV01521,2023-08-31,ST03,PRD012,96,28314.24,8,OK
INV01522,2023-08-31,ST03,PRD013,69,21265.8,24,OK
INV01523,2023-08-31,ST03,PRD022,117,10504.26,24,OK
INV01524,2023-08-31,ST03,PRD031,117,26548.47,9,OK
INV01525,2023-08-31,ST03,PRD034,75,7725.0,14,OK
INV01526,2023-08-31,ST07,PRD022,115,10324.7,8,OK
INV01527,2023-08-31,ST07,PRD003,97,27329.75,14,OK
INV01528,2023-08-31,ST07,PRD057,6,1221.18,25,Low
INV01529,2023-08-31,ST07,PRD077,73,13339.29,22,OK
INV01530,2023-08-31,ST07,PRD050,118,9043.52,14,OK
INV01531,2023-08-31,ST07,PRD037,93,8820.12,23,OK
INV01532,2023-08-31,ST07,PRD038,111,21062.25,21,OK
INV01533,2023-08-31,ST07,PRD068,6,1448.58,13,Low
INV01534,2023-08-31,ST07,PRD009,60,1225.2,24,OK
INV01535,2023-08-31,ST07,PRD061,60,10219.2,9,OK
INV01536,2023-08-31,ST07,PRD046,25,6597.75,15,OK
INV01537,2023-08-31,ST07,PRD070,17,5105.61,11,OK
INV01538,2023-08-31,ST07,PRD017,107,4423.38,18,OK
INV01539,2023-08-31,ST07,PRD043,111,18148.5,24,OK
INV01540,2023-08-31,ST07,PRD030,98,14047.32,14,OK
INV01541,2023-08-31,ST07,PRD072,80,22864.0,20,OK
INV01542,2023-08-31,ST07,PRD024,26,1066.26,9,OK
INV01543,2023-08-31,ST07,PRD049,25,6491.25,12,OK
INV01544,2023-08-31,ST07,PRD062,65,17177.55,19,OK
INV01545,2023-08-31,ST07,PRD071,67,2743.65,21,OK
INV01546,2023-08-31,ST07,PRD023,59,5128.28,16,OK
INV01547,2023-08-31,ST07,PRD021,28,3296.16,20,OK
INV01548,2023-08-31,ST07,PRD065,2,314.42,17,Low
INV01549,2023-08-31,ST07,PRD059,64,10406.4,24,OK
INV01550,2023-08-31,ST07,PRD002,66,9263.76,15,OK
INV01551,2023-08-31,ST05,PRD031,35,7941.85,13,OK
INV01552,2023-08-31,ST05,PRD051,72,5210.64,21,OK
INV01553,2023-08-31,ST05,PRD018,57,17803.95,14,OK
INV01554,2023-08-31,ST05,PRD071,99,4054.05,8,OK
INV01555,2023-08-31,ST05,PRD015,57,15406.53,16,OK
INV01556,2023-08-31,ST05,PRD057,50,10176.5,25,OK
INV01557,2023-08-31,ST05,PRD041,93,9668.28,20,OK
INV01558,2023-08-31,ST05,PRD001,94,20840.74,14,OK
INV01559,2023-08-31,ST05,PRD056,68,18334.16,20,OK
INV01560,2023-08-31,ST05,PRD006,37,2716.54,20,OK
INV01561,2023-08-31,ST05,PRD038,107,20303.25,10,OK
INV01562,2023-08-31,ST05,PRD060,7,1156.26,22,Low
INV01563,2023-08-31,ST05,PRD009,70,1429.4,11,OK
INV01564,2023-08-31,ST05,PRD066,21,6160.77,22,OK
INV01565,2023-08-31,ST05,PRD002,58,8140.88,16,OK
INV01566,2023-08-31,ST05,PRD050,79,6054.56,11,OK
INV01567,2023-08-31,ST05,PRD045,60,10701.6,21,OK
INV01568,2023-08-31,ST05,PRD005,41,1711.75,18,OK
INV01569,2023-08-31,ST05,PRD055,65,12268.75,25,OK
INV01570,2023-08-31,ST05,PRD076,65,5278.0,12,OK
INV01571,2023-08-31,ST05,PRD077,28,5116.44,10,OK
INV01572,2023-08-31,ST05,PRD070,52,15617.16,12,OK
INV01573,2023-08-31,ST05,PRD008,61,7971.48,9,OK
INV01574,2023-08-31,ST05,PRD075,37,9488.65,11,OK
INV01575,2023-08-31,ST05,PRD065,36,5659.56,11,OK
INV01576,2023-08-31,ST01,PRD067,7,1845.2,16,Low
INV01577,2023-08-31,ST01,PRD047,15,3217.95,19,OK
INV01578,2023-08-31,ST01,PRD054,11,370.59,14,Low
INV01579,2023-08-31,ST01,PRD017,6,248.04,23,Low
INV01580,2023-08-31,ST01,PRD031,38,8622.58,18,OK
INV01581,2023-08-31,ST01,PRD076,46,3735.2,12,OK
INV01582,2023-08-31,ST01,PRD027,120,34950.0,9,OK
INV01583,2023-08-31,ST01,PRD069,81,18033.84,8,OK
INV01584,2023-08-31,ST01,PRD075,25,6411.25,19,OK
INV01585,2023-08-31,ST01,PRD015,78,21082.62,13,OK
INV01586,2023-08-31,ST01,PRD052,81,14119.92,8,OK
INV01587,2023-08-31,ST01,PRD064,46,4747.2,23,OK
INV01588,2023-08-31,ST01,PRD023,82,7127.44,9,OK
INV01589,2023-08-31,ST01,PRD007,109,23734.75,25,OK
INV01590,2023-08-31,ST01,PRD005,25,1043.75,12,OK
INV01591,2023-08-31,ST01,PRD072,105,30009.0,12,OK
INV01592,2023-08-31,ST01,PRD058,53,15930.74,15,OK
INV01593,2023-08-31,ST01,PRD009,102,2082.84,8,OK
INV01594,2023-08-31,ST01,PRD059,120,19512.0,14,OK
INV01595,2023-08-31,ST01,PRD053,6,1687.8,23,Low
INV01596,2023-08-31,ST01,PRD044,64,21805.44,15,OK
INV01597,2023-08-31,ST01,PRD020,80,16283.2,23,OK
INV01598,2023-08-31,ST01,PRD042,8,2715.28,21,Low
INV01599,2023-08-31,ST01,PRD032,100,32260.0,16,OK
INV01600,2023-08-31,ST01,PRD056,18,4853.16,16,OK
INV01601,2023-09-30,ST12,PRD069,26,5788.64,9,OK
INV01602,2023-09-30,ST12,PRD016,65,11601.85,8,OK
INV01603,2023-09-30,ST12,PRD022,103,9247.34,17,OK
INV01604,2023-09-30,ST12,PRD025,7,1010.17,13,Low
INV01605,2023-09-30,ST12,PRD077,58,10598.34,21,OK
INV01606,2023-09-30,ST12,PRD079,9,581.22,22,Low
INV01607,2023-09-30,ST12,PRD054,114,3840.66,23,OK
INV01608,2023-09-30,ST12,PRD004,69,20132.82,11,OK
INV01609,2023-09-30,ST12,PRD026,21,5045.04,24,OK
INV01610,2023-09-30,ST12,PRD007,75,16331.25,15,OK
INV01611,2023-09-30,ST12,PRD070,31,9310.23,12,OK
INV01612,2023-09-30,ST12,PRD024,28,1148.28,16,OK
INV01613,2023-09-30,ST12,PRD048,119,17654.84,19,OK
INV01614,2023-09-30,ST12,PRD052,32,5578.24,12,OK
INV01615,2023-09-30,ST12,PRD031,84,19060.44,12,OK
INV01616,2023-09-30,ST12,PRD011,97,18960.59,14,OK
INV01617,2023-09-30,ST12,PRD012,85,25069.9,10,OK
INV01618,2023-09-30,ST12,PRD019,95,18004.4,23,OK
INV01619,2023-09-30,ST12,PRD058,87,26150.46,23,OK
INV01620,2023-09-30,ST12,PRD002,66,9263.76,11,OK
INV01621,2023-09-30,ST12,PRD055,118,22272.5,20,OK
INV01622,2023-09-30,ST12,PRD065,22,3458.62,11,OK
INV01623,2023-09-30,ST12,PRD047,93,19951.29,16,OK
INV01624,2023-09-30,ST12,PRD071,20,819.0,23,OK
INV01625,2023-09-30,ST12,PRD023,53,4606.76,19,OK
INV01626,2023-09-30,ST07,PRD056,109,29388.58,16,OK
INV01627,2023-09-30,ST07,PRD044,112,38159.52,10,OK
INV01628,2023-09-30,ST07,PRD057,5,1017.65,20,Low
INV01629,2023-09-30,ST07,PRD003,36,10143.0,18,OK
INV01630,2023-09-30,ST07,PRD062,43,11363.61,24,OK
INV01631,2023-09-30,ST07,PRD055,23,4341.25,8,OK
INV01632,2023-09-30,ST07,PRD020,3,610.62,16,Low
INV01633,2023-09-30,ST07,PRD009,96,1960.32,10,OK
INV01634,2023-09-30,ST07,PRD033,88,20782.96,12,OK
INV01635,2023-09-30,ST07,PRD016,100,17849.0,16,OK
INV01636,2023-09-30,ST07,PRD053,32,9001.6,19,OK
INV01637,2023-09-30,ST07,PRD028,15,2109.0,20,OK
INV01638,2023-09-30,ST07,PRD041,12,1247.52,17,OK
INV01639,2023-09-30,ST07,PRD008,104,13590.72,21,OK
INV01640,2023-09-30,ST07,PRD018,42,13118.7,15,OK
INV01641,2023-09-30,ST07,PRD073,100,31040.0,22,OK
INV01642,2023-09-30,ST07,PRD037,0,0.0,12,Out of Stock
INV01643,2023-09-30,ST07,PRD012,27,7963.38,24,OK
INV01644,2023-09-30,ST07,PRD006,85,6240.7,23,OK
INV01645,2023-09-30,ST07,PRD059,77,12520.2,24,OK
INV01646,2023-09-30,ST07,PRD002,105,14737.8,15,OK
INV01647,2023-09-30,ST07,PRD025,102,14719.62,13,OK
INV01648,2023-09-30,ST07,PRD042,80,27152.8,15,OK
INV01649,2023-09-30,ST07,PRD067,21,5535.6,15,OK
INV01650,2023-09-30,ST07,PRD078,91,15778.49,20,OK
INV01651,2023-09-30,ST02,PRD057,47,9565.91,19,OK
INV01652,2023-09-30,ST02,PRD080,17,2976.36,16,OK
INV01653,2023-09-30,ST02,PRD004,71,20716.38,15,OK
INV01654,2023-09-30,ST02,PRD077,110,20100.3,8,OK
INV01655,2023-09-30,ST02,PRD071,112,4586.4,24,OK
INV01656,2023-09-30,ST02,PRD073,60,18624.0,11,OK
INV01657,2023-09-30,ST02,PRD048,26,3857.36,8,OK
INV01658,2023-09-30,ST02,PRD027,97,28251.25,11,OK
INV01659,2023-09-30,ST02,PRD039,51,11743.26,10,OK
INV01660,2023-09-30,ST02,PRD019,111,21036.72,25,OK
INV01661,2023-09-30,ST02,PRD046,66,17418.06,8,OK
INV01662,2023-09-30,ST02,PRD009,39,796.38,10,OK
INV01663,2023-09-30,ST02,PRD064,13,1341.6,13,OK
INV01664,2023-09-30,ST02,PRD008,113,14766.84,10,OK
INV01665,2023-09-30,ST02,PRD016,84,14993.16,12,OK
INV01666,2023-09-30,ST02,PRD025,49,7071.19,11,OK
INV01667,2023-09-30,ST02,PRD041,6,623.76,8,Low
INV01668,2023-09-30,ST02,PRD033,54,12753.18,11,OK
INV01669,2023-09-30,ST02,PRD035,6,1625.82,12,Low
INV01670,2023-09-30,ST02,PRD055,92,17365.0,20,OK
INV01671,2023-09-30,ST02,PRD006,60,4405.2,16,OK
INV01672,2023-09-30,ST02,PRD044,120,40885.2,21,OK
INV01673,2023-09-30,ST02,PRD011,110,21501.7,23,OK
INV01674,2023-09-30,ST02,PRD067,56,14761.6,24,OK
INV01675,2023-09-30,ST02,PRD024,3,123.03,14,Low
INV01676,2023-09-30,ST03,PRD037,42,3983.28,21,OK
INV01677,2023-09-30,ST03,PRD074,37,3689.64,24,OK
INV01678,2023-09-30,ST03,PRD025,73,10534.63,20,OK
INV01679,2023-09-30,ST03,PRD014,32,3342.4,15,OK
INV01680,2023-09-30,ST03,PRD056,19,5122.78,12,OK
INV01681,2023-09-30,ST03,PRD030,91,13043.94,16,OK
INV01682,2023-09-30,ST03,PRD028,99,13919.4,20,OK
INV01683,2023-09-30,ST03,PRD039,75,17269.5,20,OK
INV01684,2023-09-30,ST03,PRD070,29,8709.57,11,OK
INV01685,2023-09-30,ST03,PRD031,103,23371.73,25,OK
INV01686,2023-09-30,ST03,PRD047,120,25743.6,11,OK
INV01687,2023-09-30,ST03,PRD072,41,11717.8,25,OK
INV01688,2023-09-30,ST03,PRD057,76,15468.28,21,OK
INV01689,2023-09-30,ST03,PRD040,0,0.0,14,Out of Stock
INV01690,2023-09-30,ST03,PRD004,90,26260.2,13,OK
INV01691,2023-09-30,ST03,PRD044,49,16694.79,14,OK
INV01692,2023-09-30,ST03,PRD068,32,7725.76,14,OK
INV01693,2023-09-30,ST03,PRD020,6,1221.24,12,Low
INV01694,2023-09-30,ST03,PRD064,55,5676.0,13,OK
INV01695,2023-09-30,ST03,PRD032,2,645.2,17,Low
INV01696,2023-09-30,ST03,PRD006,65,4772.3,12,OK
INV01697,2023-09-30,ST03,PRD061,32,5450.24,8,OK
INV01698,2023-09-30,ST03,PRD029,14,1649.62,19,OK
INV01699,2023-09-30,ST03,PRD007,18,3919.5,10,OK
INV01700,2023-09-30,ST03,PRD021,57,6710.04,14,OK
INV01701,2023-09-30,ST06,PRD070,49,14716.17,22,OK
INV01702,2023-09-30,ST06,PRD015,99,26758.71,13,OK
INV01703,2023-09-30,ST06,PRD007,107,23299.25,24,OK
INV01704,2023-09-30,ST06,PRD009,13,265.46,25,OK
INV01705,2023-09-30,ST06,PRD067,99,26096.4,24,OK
INV01706,2023-09-30,ST06,PRD057,47,9565.91,25,OK
INV01707,2023-09-30,ST06,PRD031,32,7261.12,9,OK
INV01708,2023-09-30,ST06,PRD027,58,16892.5,15,OK
INV01709,2023-09-30,ST06,PRD024,101,4142.01,17,OK
INV01710,2023-09-30,ST06,PRD037,29,2750.36,10,OK
INV01711,2023-09-30,ST06,PRD062,73,19291.71,8,OK
INV01712,2023-09-30,ST06,PRD013,116,35751.2,25,OK
INV01713,2023-09-30,ST06,PRD044,45,15331.95,22,OK
INV01714,2023-09-30,ST06,PRD021,89,10477.08,14,OK
INV01715,2023-09-30,ST06,PRD068,35,8450.05,20,OK
INV01716,2023-09-30,ST06,PRD052,79,13771.28,24,OK
INV01717,2023-09-30,ST06,PRD061,112,19075.84,21,OK
INV01718,2023-09-30,ST06,PRD075,90,23080.5,22,OK
INV01719,2023-09-30,ST06,PRD053,43,12095.9,25,OK
INV01720,2023-09-30,ST06,PRD079,104,6716.32,23,OK
INV01721,2023-09-30,ST06,PRD040,7,655.13,10,Low
INV01722,2023-09-30,ST06,PRD004,42,12254.76,17,OK
INV01723,2023-09-30,ST06,PRD069,118,26271.52,12,OK
INV01724,2023-09-30,ST06,PRD078,113,19593.07,12,OK
INV01725,2023-09-30,ST06,PRD049,84,21810.6,23,OK
INV01726,2023-09-30,ST08,PRD006,13,954.46,25,OK
INV01727,2023-09-30,ST08,PRD048,60,8901.6,23,OK
INV01728,2023-09-30,ST08,PRD079,52,3358.16,22,OK
INV01729,2023-09-30,ST08,PRD061,89,15158.48,10,OK
INV01730,2023-09-30,ST08,PRD059,20,3252.0,16,OK
INV01731,2023-09-30,ST08,PRD021,118,13890.96,16,OK
INV01732,2023-09-30,ST08,PRD005,93,3882.75,10,OK
INV01733,2023-09-30,ST08,PRD007,114,24823.5,10,OK
INV01734,2023-09-30,ST08,PRD042,47,15952.27,15,OK
INV01735,2023-09-30,ST08,PRD030,80,11467.2,8,OK
INV01736,2023-09-30,ST08,PRD054,78,2627.82,11,OK
INV01737,2023-09-30,ST08,PRD068,19,4587.17,23,OK
INV01738,2023-09-30,ST08,PRD073,92,28556.8,9,OK
INV01739,2023-09-30,ST08,PRD056,103,27770.86,22,OK
INV01740,2023-09-30,ST08,PRD035,24,6503.28,20,OK
INV01741,2023-09-30,ST08,PRD029,51,6009.33,13,OK
INV01742,2023-09-30,ST08,PRD041,6,623.76,21,Low
INV01743,2023-09-30,ST08,PRD076,82,6658.4,12,OK
INV01744,2023-09-30,ST08,PRD046,63,16626.33,12,OK
INV01745,2023-09-30,ST08,PRD049,33,8568.45,16,OK
INV01746,2023-09-30,ST08,PRD016,58,10352.42,8,OK
INV01747,2023-09-30,ST08,PRD070,105,31534.65,21,OK
INV01748,2023-09-30,ST08,PRD066,60,17602.2,16,OK
INV01749,2023-09-30,ST08,PRD012,46,13567.24,8,OK
INV01750,2023-09-30,ST08,PRD003,58,16341.5,10,OK
INV01751,2023-09-30,ST04,PRD056,53,14289.86,18,OK
INV01752,2023-09-30,ST04,PRD019,87,16488.24,18,OK
INV01753,2023-09-30,ST04,PRD030,44,6306.96,15,OK
INV01754,2023-09-30,ST04,PRD076,6,487.2,16,Low
INV01755,2023-09-30,ST04,PRD020,2,407.08,23,Low
INV01756,2023-09-30,ST04,PRD046,102,26918.82,16,OK
INV01757,2023-09-30,ST04,PRD018,25,7808.75,14,OK
INV01758,2023-09-30,ST04,PRD080,67,11730.36,22,OK
INV01759,2023-09-30,ST04,PRD045,20,3567.2,22,OK
INV01760,2023-09-30,ST04,PRD047,109,23383.77,8,OK
INV01761,2023-09-30,ST04,PRD043,60,9810.0,19,OK
INV01762,2023-09-30,ST04,PRD057,77,15671.81,14,OK
INV01763,2023-09-30,ST04,PRD044,29,9880.59,19,OK
INV01764,2023-09-30,ST04,PRD069,79,17588.56,13,OK
INV01765,2023-09-30,ST04,PRD053,36,10126.8,13,OK
INV01766,2023-09-30,ST04,PRD016,24,4283.76,25,OK
INV01767,2023-09-30,ST04,PRD015,38,10271.02,16,OK
INV01768,2023-09-30,ST04,PRD011,70,13682.9,12,OK
INV01769,2023-09-30,ST04,PRD054,31,1044.39,12,OK
INV01770,2023-09-30,ST04,PRD055,69,13023.75,8,OK
INV01771,2023-09-30,ST04,PRD062,12,3171.24,23,OK
INV01772,2023-09-30,ST04,PRD001,8,1773.68,9,Low
INV01773,2023-09-30,ST04,PRD003,50,14087.5,14,OK
INV01774,2023-09-30,ST04,PRD073,62,19244.8,24,OK
INV01775,2023-09-30,ST04,PRD023,120,10430.4,10,OK
INV01776,2023-09-30,ST05,PRD016,111,19812.39,19,OK
INV01777,2023-09-30,ST05,PRD070,70,21023.1,24,OK
INV01778,2023-09-30,ST05,PRD056,59,15907.58,8,OK
INV01779,2023-09-30,ST05,PRD067,32,8435.2,10,OK
INV01780,2023-09-30,ST05,PRD076,72,5846.4,14,OK
INV01781,2023-09-30,ST05,PRD032,103,33227.8,11,OK
INV01782,2023-09-30,ST05,PRD079,70,4520.6,22,OK
INV01783,2023-09-30,ST05,PRD028,28,3936.8,12,OK
INV01784,2023-09-30,ST05,PRD044,29,9880.59,14,OK
INV01785,2023-09-30,ST05,PRD034,41,4223.0,11,OK
INV01786,2023-09-30,ST05,PRD025,72,10390.32,18,OK
INV01787,2023-09-30,ST05,PRD036,6,1194.18,21,Low
INV01788,2023-09-30,ST05,PRD043,17,2779.5,14,OK
INV01789,2023-09-30,ST05,PRD064,107,11042.4,15,OK
INV01790,2023-09-30,ST05,PRD010,39,7412.34,16,OK
INV01791,2023-09-30,ST05,PRD018,3,937.05,19,Low
INV01792,2023-09-30,ST05,PRD037,109,10337.56,15,OK
INV01793,2023-09-30,ST05,PRD004,120,35013.6,25,OK
INV01794,2023-09-30,ST05,PRD052,93,16211.76,25,OK
INV01795,2023-09-30,ST05,PRD014,30,3133.5,15,OK
INV01796,2023-09-30,ST05,PRD049,25,6491.25,14,OK
INV01797,2023-09-30,ST05,PRD033,57,13461.69,24,OK
INV01798,2023-09-30,ST05,PRD017,62,2563.08,14,OK
INV01799,2023-09-30,ST05,PRD060,85,14040.3,15,OK
INV01800,2023-09-30,ST05,PRD063,41,6109.41,24,OK
INV01801,2023-10-31,ST01,PRD009,59,1204.78,9,OK
INV01802,2023-10-31,ST01,PRD037,35,3319.4,24,OK
INV01803,2023-10-31,ST01,PRD067,61,16079.6,9,OK
INV01804,2023-10-31,ST01,PRD069,37,8237.68,12,OK
INV01805,2023-10-31,ST01,PRD002,67,9404.12,9,OK
INV01806,2023-10-31,ST01,PRD042,34,11539.94,25,OK
INV01807,2023-10-31,ST01,PRD043,114,18639.0,11,OK
INV01808,2023-10-31,ST01,PRD080,77,13481.16,12,OK
INV01809,2023-10-31,ST01,PRD045,79,14090.44,17,OK
INV01810,2023-10-31,ST01,PRD044,115,39181.65,16,OK
INV01811,2023-10-31,ST01,PRD053,56,15752.8,21,OK
INV01812,2023-10-31,ST01,PRD063,27,4023.27,14,OK
INV01813,2023-10-31,ST01,PRD036,81,16121.43,22,OK
INV01814,2023-10-31,ST01,PRD052,62,10807.84,15,OK
INV01815,2023-10-31,ST01,PRD039,65,14966.9,8,OK
INV01816,2023-10-31,ST01,PRD018,119,37169.65,16,OK
INV01817,2023-10-31,ST01,PRD024,99,4059.99,22,OK
INV01818,2023-10-31,ST01,PRD030,100,14334.0,9,OK
INV01819,2023-10-31,ST01,PRD013,14,4314.8,15,OK
INV01820,2023-10-31,ST01,PRD004,107,31220.46,8,OK
INV01821,2023-10-31,ST01,PRD003,25,7043.75,22,OK
INV01822,2023-10-31,ST01,PRD027,55,16018.75,8,OK
INV01823,2023-10-31,ST01,PRD016,117,20883.33,16,OK
INV01824,2023-10-31,ST01,PRD026,75,18018.0,11,OK
INV01825,2023-10-31,ST01,PRD019,75,14214.0,11,OK
INV01826,2023-10-31,ST06,PRD064,62,6398.4,24,OK
INV01827,2023-10-31,ST06,PRD077,36,6578.28,10,OK
INV01828,2023-10-31,ST06,PRD073,72,22348.8,8,OK
INV01829,2023-10-31,ST06,PRD060,31,5120.58,12,OK
INV01830,2023-10-31,ST06,PRD003,16,4508.0,12,OK
INV01831,2023-10-31,ST06,PRD043,9,1471.5,11,Low
INV01832,2023-10-31,ST06,PRD059,28,4552.8,24,OK
INV01833,2023-10-31,ST06,PRD058,65,19537.7,21,OK
INV01834,2023-10-31,ST06,PRD028,78,10966.8,10,OK
INV01835,2023-10-31,ST06,PRD013,71,21882.2,20,OK
INV01836,2023-10-31,ST06,PRD076,55,4466.0,8,OK
INV01837,2023-10-31,ST06,PRD065,112,17607.52,23,OK
INV01838,2023-10-31,ST06,PRD007,1,217.75,17,Low
INV01839,2023-10-31,ST06,PRD023,10,869.2,18,Low
INV01840,2023-10-31,ST06,PRD063,63,9387.63,13,OK
INV01841,2023-10-31,ST06,PRD009,98,2001.16,16,OK
INV01842,2023-10-31,ST06,PRD030,11,1576.74,21,Low
INV01843,2023-10-31,ST06,PRD061,71,12092.72,18,OK
INV01844,2023-10-31,ST06,PRD072,94,26865.2,24,OK
INV01845,2023-10-31,ST06,PRD011,84,16419.48,16,OK
INV01846,2023-10-31,ST06,PRD053,44,12377.2,14,OK
INV01847,2023-10-31,ST06,PRD056,92,24805.04,20,OK
INV01848,2023-10-31,ST06,PRD012,72,21235.68,24,OK
INV01849,2023-10-31,ST06,PRD021,84,9888.48,10,OK
INV01850,2023-10-31,ST06,PRD024,80,3280.8,9,OK
INV01851,2023-10-31,ST09,PRD045,3,535.08,23,Low
INV01852,2023-10-31,ST09,PRD026,85,20420.4,13,OK
INV01853,2023-10-31,ST09,PRD040,49,4585.91,22,OK
INV01854,2023-10-31,ST09,PRD002,106,14878.16,17,OK
INV01855,2023-10-31,ST09,PRD047,109,23383.77,18,OK
INV01856,2023-10-31,ST09,PRD029,108,12725.64,15,OK
INV01857,2023-10-31,ST09,PRD038,93,17646.75,15,OK
INV01858,2023-10-31,ST09,PRD064,78,8049.6,20,OK
INV01859,2023-10-31,ST09,PRD037,16,1517.44,18,OK
INV01860,2023-10-31,ST09,PRD024,93,3813.93,10,OK
INV01861,2023-10-31,ST09,PRD028,56,7873.6,25,OK
INV01862,2023-10-31,ST09,PRD006,107,7855.94,8,OK
INV01863,2023-10-31,ST09,PRD009,83,1694.86,13,OK
INV01864,2023-10-31,ST09,PRD007,61,13282.75,11,OK
INV01865,2023-10-31,ST09,PRD061,40,6812.8,13,OK
INV01866,2023-10-31,ST09,PRD030,111,15910.74,12,OK
INV01867,2023-10-31,ST09,PRD035,57,15445.29,15,OK
INV01868,2023-10-31,ST09,PRD023,61,5302.12,13,OK
INV01869,2023-10-31,ST09,PRD079,93,6005.94,12,OK
INV01870,2023-10-31,ST09,PRD063,116,17285.16,21,OK
INV01871,2023-10-31,ST09,PRD005,25,1043.75,24,OK
INV01872,2023-10-31,ST09,PRD056,54,14559.48,11,OK
INV01873,2023-10-31,ST09,PRD015,119,32164.51,22,OK
INV01874,2023-10-31,ST09,PRD074,14,1396.08,20,OK
INV01875,2023-10-31,ST09,PRD043,71,11608.5,10,OK
INV01876,2023-10-31,ST03,PRD025,9,1298.79,11,Low
INV01877,2023-10-31,ST03,PRD071,119,4873.05,14,OK
INV01878,2023-10-31,ST03,PRD080,112,19608.96,18,OK
INV01879,2023-10-31,ST03,PRD044,60,20442.6,20,OK
INV01880,2023-10-31,ST03,PRD068,11,2655.73,17,Low
INV01881,2023-10-31,ST03,PRD014,33,3446.85,17,OK
INV01882,2023-10-31,ST03,PRD064,2,206.4,9,Low
INV01883,2023-10-31,ST03,PRD065,42,6602.82,22,OK
INV01884,2023-10-31,ST03,PRD013,74,22806.8,23,OK
INV01885,2023-10-31,ST03,PRD004,77,22467.06,25,OK
INV01886,2023-10-31,ST03,PRD046,38,10028.58,15,OK
INV01887,2023-10-31,ST03,PRD020,10,2035.4,18,Low
INV01888,2023-10-31,ST03,PRD039,21,4835.46,13,OK
INV01889,2023-10-31,ST03,PRD042,62,21043.42,10,OK
INV01890,2023-10-31,ST03,PRD002,14,1965.04,8,OK
INV01891,2023-10-31,ST03,PRD078,86,14911.54,22,OK
INV01892,2023-10-31,ST03,PRD041,39,4054.44,21,OK
INV01893,2023-10-31,ST03,PRD030,44,6306.96,18,OK
INV01894,2023-10-31,ST03,PRD061,119,20268.08,9,OK
INV01895,2023-10-31,ST03,PRD067,51,13443.6,19,OK
INV01896,2023-10-31,ST03,PRD035,97,26284.09,15,OK
INV01897,2023-10-31,ST03,PRD075,1,256.45,13,Low
INV01898,2023-10-31,ST03,PRD024,83,3403.83,8,OK
INV01899,2023-10-31,ST03,PRD069,3,667.92,21,Low
INV01900,2023-10-31,ST03,PRD012,68,20055.92,20,OK
INV01901,2023-10-31,ST11,PRD045,37,6599.32,18,OK
INV01902,2023-10-31,ST11,PRD021,2,235.44,25,Low
INV01903,2023-10-31,ST11,PRD025,78,11256.18,15,OK
INV01904,2023-10-31,ST11,PRD079,18,1162.44,9,OK
INV01905,2023-10-31,ST11,PRD007,108,23517.0,8,OK
INV01906,2023-10-31,ST11,PRD039,67,15427.42,18,OK
INV01907,2023-10-31,ST11,PRD018,114,35607.9,25,OK
INV01908,2023-10-31,ST11,PRD003,87,24512.25,22,OK
INV01909,2023-10-31,ST11,PRD037,41,3888.44,12,OK
INV01910,2023-10-31,ST11,PRD077,8,1461.84,15,Low
INV01911,2023-10-31,ST11,PRD019,20,3790.4,20,OK
INV01912,2023-10-31,ST11,PRD036,77,15325.31,17,OK
INV01913,2023-10-31,ST11,PRD060,35,5781.3,20,OK
INV01914,2023-10-31,ST11,PRD002,39,5474.04,15,OK
INV01915,2023-10-31,ST11,PRD034,12,1236.0,8,OK
INV01916,2023-10-31,ST11,PRD071,16,655.2,11,OK
INV01917,2023-10-31,ST11,PRD038,94,17836.5,12,OK
INV01918,2023-10-31,ST11,PRD033,3,708.51,23,Low
INV01919,2023-10-31,ST11,PRD065,55,8646.55,18,OK
INV01920,2023-10-31,ST11,PRD004,117,34138.26,24,OK
INV01921,2023-10-31,ST11,PRD005,27,1127.25,19,OK
INV01922,2023-10-31,ST11,PRD013,63,19416.6,11,OK
INV01923,2023-10-31,ST11,PRD026,82,19699.68,23,OK
INV01924,2023-10-31,ST11,PRD031,113,25640.83,24,OK
INV01925,2023-10-31,ST11,PRD009,97,1980.74,21,OK
INV01926,2023-10-31,ST05,PRD018,7,2186.45,11,Low
INV01927,2023-10-31,ST05,PRD002,59,8281.24,23,OK
INV01928,2023-10-31,ST05,PRD067,44,11598.4,16,OK
INV01929,2023-10-31,ST05,PRD077,57,10415.61,19,OK
INV01930,2023-10-31,ST05,PRD023,4,347.68,15,Low
INV01931,2023-10-31,ST05,PRD059,82,13333.2,10,OK
INV01932,2023-10-31,ST05,PRD074,53,5285.16,24,OK
INV01933,2023-10-31,ST05,PRD064,15,1548.0,19,OK
INV01934,2023-10-31,ST05,PRD025,58,8369.98,14,OK
INV01935,2023-10-31,ST05,PRD033,54,12753.18,21,OK
INV01936,2023-10-31,ST05,PRD028,39,5483.4,8,OK
INV01937,2023-10-31,ST05,PRD076,85,6902.0,21,OK
INV01938,2023-10-31,ST05,PRD071,71,2907.45,8,OK
INV01939,2023-10-31,ST05,PRD078,14,2427.46,13,OK
INV01940,2023-10-31,ST05,PRD003,3,845.25,8,Low
INV01941,2023-10-31,ST05,PRD073,26,8070.4,8,OK
INV01942,2023-10-31,ST05,PRD034,110,11330.0,24,OK
INV01943,2023-10-31,ST05,PRD010,83,15774.98,11,OK
INV01944,2023-10-31,ST05,PRD026,89,21381.36,22,OK
INV01945,2023-10-31,ST05,PRD068,93,22452.99,9,OK
INV01946,2023-10-31,ST05,PRD040,85,7955.15,17,OK
INV01947,2023-10-31,ST05,PRD001,56,12415.76,20,OK
INV01948,2023-10-31,ST05,PRD008,43,5619.24,18,OK
INV01949,2023-10-31,ST05,PRD029,37,4359.71,17,OK
INV01950,2023-10-31,ST05,PRD069,114,25380.96,9,OK
INV01951,2023-10-31,ST08,PRD072,20,5716.0,9,OK
INV01952,2023-10-31,ST08,PRD070,103,30933.99,25,OK
INV01953,2023-10-31,ST08,PRD080,63,11030.04,15,OK
INV01954,2023-10-31,ST08,PRD065,109,17135.89,25,OK
INV01955,2023-10-31,ST08,PRD043,39,6376.5,15,OK
INV01956,2023-10-31,ST08,PRD002,17,2386.12,13,OK
INV01957,2023-10-31,ST08,PRD026,12,2882.88,19,OK
INV01958,2023-10-31,ST08,PRD063,97,14453.97,20,OK
INV01959,2023-10-31,ST08,PRD021,29,3413.88,17,OK
INV01960,2023-10-31,ST08,PRD009,114,2327.88,14,OK
INV01961,2023-10-31,ST08,PRD027,77,22426.25,23,OK
INV01962,2023-10-31,ST08,PRD004,53,15464.34,24,OK
INV01963,2023-10-31,ST08,PRD040,18,1684.62,19,OK
INV01964,2023-10-31,ST08,PRD012,16,4719.04,15,OK
INV01965,2023-10-31,ST08,PRD003,64,18032.0,11,OK
INV01966,2023-10-31,ST08,PRD039,43,9901.18,17,OK
INV01967,2023-10-31,ST08,PRD017,60,2480.4,17,OK
INV01968,2023-10-31,ST08,PRD038,117,22200.75,14,OK
INV01969,2023-10-31,ST08,PRD050,90,6897.6,13,OK
INV01970,2023-10-31,ST08,PRD079,101,6522.58,19,OK
INV01971,2023-10-31,ST08,PRD075,41,10514.45,22,OK
INV01972,2023-10-31,ST08,PRD046,45,11875.95,18,OK
INV01973,2023-10-31,ST08,PRD059,30,4878.0,24,OK
INV01974,2023-10-31,ST08,PRD019,29,5496.08,19,OK
INV01975,2023-10-31,ST08,PRD061,3,510.96,21,Low
INV01976,2023-10-31,ST07,PRD045,1,178.36,15,Low
INV01977,2023-10-31,ST07,PRD033,19,4487.23,12,OK
INV01978,2023-10-31,ST07,PRD010,67,12734.02,24,OK
INV01979,2023-10-31,ST07,PRD025,68,9813.08,23,OK
INV01980,2023-10-31,ST07,PRD074,101,10071.72,9,OK
INV01981,2023-10-31,ST07,PRD004,86,25093.08,13,OK
INV01982,2023-10-31,ST07,PRD061,86,14647.52,21,OK
INV01983,2023-10-31,ST07,PRD036,3,597.09,9,Low
INV01984,2023-10-31,ST07,PRD079,81,5230.98,19,OK
INV01985,2023-10-31,ST07,PRD032,17,5484.2,9,OK
INV01986,2023-10-31,ST07,PRD017,54,2232.36,11,OK
INV01987,2023-10-31,ST07,PRD063,3,447.03,24,Low
INV01988,2023-10-31,ST07,PRD070,36,10811.88,11,OK
INV01989,2023-10-31,ST07,PRD001,112,24831.52,8,OK
INV01990,2023-10-31,ST07,PRD024,103,4224.03,20,OK
INV01991,2023-10-31,ST07,PRD018,97,30297.95,23,OK
INV01992,2023-10-31,ST07,PRD066,60,17602.2,22,OK
INV01993,2023-10-31,ST07,PRD008,43,5619.24,14,OK
INV01994,2023-10-31,ST07,PRD050,114,8736.96,12,OK
INV01995,2023-10-31,ST07,PRD078,31,5375.09,25,OK
INV01996,2023-10-31,ST07,PRD016,50,8924.5,14,OK
INV01997,2023-10-31,ST07,PRD044,85,28960.35,23,OK
INV01998,2023-10-31,ST07,PRD048,60,8901.6,14,OK
INV01999,2023-10-31,ST07,PRD029,118,13903.94,20,OK
INV02000,2023-10-31,ST07,PRD043,93,15205.5,17,OK
INV02001,2023-11-30,ST03,PRD021,42,4944.24,12,OK
INV02002,2023-11-30,ST03,PRD022,91,8169.98,22,OK
INV02003,2023-11-30,ST03,PRD066,98,28750.26,18,OK
INV02004,2023-11-30,ST03,PRD003,81,22821.75,14,OK
INV02005,2023-11-30,ST03,PRD035,63,17071.11,8,OK
INV02006,2023-11-30,ST03,PRD029,113,13314.79,8,OK
INV02007,2023-11-30,ST03,PRD051,32,2315.84,11,OK
INV02008,2023-11-30,ST03,PRD012,117,34507.98,9,OK
INV02009,2023-11-30,ST03,PRD057,22,4477.66,14,OK
INV02010,2023-11-30,ST03,PRD038,28,5313.0,20,OK
INV02011,2023-11-30,ST03,PRD024,98,4018.98,13,OK
INV02012,2023-11-30,ST03,PRD028,71,9982.6,20,OK
INV02013,2023-11-30,ST03,PRD007,36,7839.0,10,OK
INV02014,2023-11-30,ST03,PRD056,8,2156.96,20,Low
INV02015,2023-11-30,ST03,PRD073,112,34764.8,12,OK
INV02016,2023-11-30,ST03,PRD011,62,12119.14,23,OK
INV02017,2023-11-30,ST03,PRD068,83,20038.69,9,OK
INV02018,2023-11-30,ST03,PRD037,31,2940.04,25,OK
INV02019,2023-11-30,ST03,PRD072,76,21720.8,15,OK
INV02020,2023-11-30,ST03,PRD076,86,6983.2,10,OK
INV02021,2023-11-30,ST03,PRD064,85,8772.0,15,OK
INV02022,2023-11-30,ST03,PRD059,89,14471.4,21,OK
INV02023,2023-11-30,ST03,PRD031,83,18833.53,16,OK
INV02024,2023-11-30,ST03,PRD020,74,15061.96,8,OK
INV02025,2023-11-30,ST03,PRD080,103,18033.24,15,OK
INV02026,2023-11-30,ST02,PRD056,66,17794.92,23,OK
INV02027,2023-11-30,ST02,PRD042,111,37674.51,8,OK
INV02028,2023-11-30,ST02,PRD058,112,33664.96,15,OK
INV02029,2023-11-30,ST02,PRD010,114,21666.84,25,OK
INV02030,2023-11-30,ST02,PRD055,10,1887.5,23,Low
INV02031,2023-11-30,ST02,PRD068,12,2897.16,23,OK
INV02032,2023-11-30,ST02,PRD067,104,27414.4,16,OK
INV02033,2023-11-30,ST02,PRD063,61,9089.61,17,OK
INV02034,2023-11-30,ST02,PRD019,76,14403.52,8,OK
INV02035,2023-11-30,ST02,PRD029,101,11900.83,23,OK
INV02036,2023-11-30,ST02,PRD077,78,14252.94,13,OK
INV02037,2023-11-30,ST02,PRD004,31,9045.18,12,OK
INV02038,2023-11-30,ST02,PRD070,67,20122.11,19,OK
INV02039,2023-11-30,ST02,PRD005,25,1043.75,15,OK
INV02040,2023-11-30,ST02,PRD011,113,22088.11,23,OK
INV02041,2023-11-30,ST02,PRD045,31,5529.16,20,OK
INV02042,2023-11-30,ST02,PRD046,18,4750.38,14,OK
INV02043,2023-11-30,ST02,PRD018,3,937.05,18,Low
INV02044,2023-11-30,ST02,PRD001,97,21505.87,22,OK
INV02045,2023-11-30,ST02,PRD024,51,2091.51,12,OK
INV02046,2023-11-30,ST02,PRD049,118,30638.7,9,OK
INV02047,2023-11-30,ST02,PRD032,89,28711.4,22,OK
INV02048,2023-11-30,ST02,PRD060,21,3468.78,20,OK
INV02049,2023-11-30,ST02,PRD017,117,4836.78,21,OK
INV02050,2023-11-30,ST02,PRD072,104,29723.2,15,OK
INV02051,2023-11-30,ST08,PRD016,7,1249.43,14,Low
INV02052,2023-11-30,ST08,PRD069,102,22709.28,16,OK
INV02053,2023-11-30,ST08,PRD047,18,3861.54,20,OK
INV02054,2023-11-30,ST08,PRD065,96,15092.16,13,OK
INV02055,2023-11-30,ST08,PRD044,52,17716.92,15,OK
INV02056,2023-11-30,ST08,PRD023,112,9735.04,17,OK
INV02057,2023-11-30,ST08,PRD013,32,9862.4,17,OK
INV02058,2023-11-30,ST08,PRD067,71,18715.6,14,OK
INV02059,2023-11-30,ST08,PRD056,0,0.0,16,Out of Stock
INV02060,2023-11-30,ST08,PRD019,14,2653.28,8,OK
INV02061,2023-11-30,ST08,PRD048,108,16022.88,19,OK
INV02062,2023-11-30,ST08,PRD029,39,4595.37,18,OK
INV02063,2023-11-30,ST08,PRD046,83,21904.53,24,OK
INV02064,2023-11-30,ST08,PRD050,78,5977.92,20,OK
INV02065,2023-11-30,ST08,PRD028,1,140.6,10,Low
INV02066,2023-11-30,ST08,PRD034,76,7828.0,15,OK
INV02067,2023-11-30,ST08,PRD063,81,12069.81,22,OK
INV02068,2023-11-30,ST08,PRD071,62,2538.9,13,OK
INV02069,2023-11-30,ST08,PRD012,70,20645.8,20,OK
INV02070,2023-11-30,ST08,PRD009,63,1286.46,18,OK
INV02071,2023-11-30,ST08,PRD017,82,3389.88,21,OK
INV02072,2023-11-30,ST08,PRD014,51,5326.95,25,OK
INV02073,2023-11-30,ST08,PRD078,3,520.17,23,Low
INV02074,2023-11-30,ST08,PRD064,24,2476.8,17,OK
INV02075,2023-11-30,ST08,PRD038,43,8159.25,22,OK
INV02076,2023-11-30,ST09,PRD016,19,3391.31,9,OK
INV02077,2023-11-30,ST09,PRD003,19,5353.25,8,OK
INV02078,2023-11-30,ST09,PRD060,117,19326.06,22,OK
INV02079,2023-11-30,ST09,PRD014,50,5222.5,19,OK
INV02080,2023-11-30,ST09,PRD059,62,10081.2,21,OK
INV02081,2023-11-30,ST09,PRD066,50,14668.5,22,OK
INV02082,2023-11-30,ST09,PRD079,44,2841.52,24,OK
INV02083,2023-11-30,ST09,PRD053,10,2813.0,14,Low
INV02084,2023-11-30,ST09,PRD046,38,10028.58,15,OK
INV02085,2023-11-30,ST09,PRD042,98,33262.18,17,OK
INV02086,2023-11-30,ST09,PRD005,88,3674.0,16,OK
INV02087,2023-11-30,ST09,PRD023,59,5128.28,22,OK
INV02088,2023-11-30,ST09,PRD055,106,20007.5,20,OK
INV02089,2023-11-30,ST09,PRD039,95,21874.7,13,OK
INV02090,2023-11-30,ST09,PRD061,29,4939.28,20,OK
INV02091,2023-11-30,ST09,PRD018,90,28111.5,20,OK
INV02092,2023-11-30,ST09,PRD065,52,8174.92,15,OK
INV02093,2023-11-30,ST09,PRD013,57,17567.4,25,OK
INV02094,2023-11-30,ST09,PRD070,115,34537.95,21,OK
INV02095,2023-11-30,ST09,PRD017,15,620.1,13,OK
INV02096,2023-11-30,ST09,PRD057,0,0.0,16,Out of Stock
INV02097,2023-11-30,ST09,PRD027,45,13106.25,23,OK
INV02098,2023-11-30,ST09,PRD044,63,21464.73,21,OK
INV02099,2023-11-30,ST09,PRD019,61,11560.72,16,OK
INV02100,2023-11-30,ST09,PRD051,7,506.59,16,Low
INV02101,2023-11-30,ST06,PRD080,98,17157.84,16,OK
INV02102,2023-11-30,ST06,PRD045,55,9809.8,23,OK
INV02103,2023-11-30,ST06,PRD004,60,17506.8,15,OK
INV02104,2023-11-30,ST06,PRD051,115,8322.55,14,OK
INV02105,2023-11-30,ST06,PRD022,71,6374.38,15,OK
INV02106,2023-11-30,ST06,PRD079,74,4778.92,18,OK
INV02107,2023-11-30,ST06,PRD011,100,19547.0,9,OK
INV02108,2023-11-30,ST06,PRD016,19,3391.31,22,OK
INV02109,2023-11-30,ST06,PRD012,71,20940.74,20,OK
INV02110,2023-11-30,ST06,PRD075,84,21541.8,13,OK
INV02111,2023-11-30,ST06,PRD048,86,12758.96,20,OK
INV02112,2023-11-30,ST06,PRD055,25,4718.75,11,OK
INV02113,2023-11-30,ST06,PRD044,33,11243.43,10,OK
INV02114,2023-11-30,ST06,PRD023,29,2520.68,18,OK
INV02115,2023-11-30,ST06,PRD019,95,18004.4,9,OK
INV02116,2023-11-30,ST06,PRD059,24,3902.4,22,OK
INV02117,2023-11-30,ST06,PRD073,67,20796.8,18,OK
INV02118,2023-11-30,ST06,PRD041,10,1039.6,17,Low
INV02119,2023-11-30,ST06,PRD013,104,32052.8,10,OK
INV02120,2023-11-30,ST06,PRD026,22,5285.28,8,OK
INV02121,2023-11-30,ST06,PRD010,107,20336.42,10,OK
INV02122,2023-11-30,ST06,PRD017,9,372.06,8,Low
INV02123,2023-11-30,ST06,PRD068,49,11830.07,23,OK
INV02124,2023-11-30,ST06,PRD036,62,12339.86,15,OK
INV02125,2023-11-30,ST06,PRD001,111,24609.81,21,OK
INV02126,2023-11-30,ST10,PRD070,108,32435.64,12,OK
INV02127,2023-11-30,ST10,PRD041,11,1143.56,13,Low
INV02128,2023-11-30,ST10,PRD023,33,2868.36,8,OK
INV02129,2023-11-30,ST10,PRD031,85,19287.35,23,OK
INV02130,2023-11-30,ST10,PRD059,54,8780.4,21,OK
INV02131,2023-11-30,ST10,PRD040,61,5708.99,24,OK
INV02132,2023-11-30,ST10,PRD060,48,7928.64,11,OK
INV02133,2023-11-30,ST10,PRD054,78,2627.82,25,OK
INV02134,2023-11-30,ST10,PRD016,49,8746.01,20,OK
INV02135,2023-11-30,ST10,PRD015,37,10000.73,19,OK
INV02136,2023-11-30,ST10,PRD043,25,4087.5,15,OK
INV02137,2023-11-30,ST10,PRD044,66,22486.86,14,OK
INV02138,2023-11-30,ST10,PRD037,58,5500.72,15,OK
INV02139,2023-11-30,ST10,PRD062,26,6871.02,11,OK
INV02140,2023-11-30,ST10,PRD025,5,721.55,22,Low
INV02141,2023-11-30,ST10,PRD065,105,16507.05,17,OK
INV02142,2023-11-30,ST10,PRD039,56,12894.56,20,OK
INV02143,2023-11-30,ST10,PRD001,3,665.13,14,Low
INV02144,2023-11-30,ST10,PRD063,11,1639.11,9,Low
INV02145,2023-11-30,ST10,PRD034,60,6180.0,22,OK
INV02146,2023-11-30,ST10,PRD008,58,7579.44,14,OK
INV02147,2023-11-30,ST10,PRD005,82,3423.5,19,OK
INV02148,2023-11-30,ST10,PRD073,31,9622.4,15,OK
INV02149,2023-11-30,ST10,PRD004,73,21299.94,21,OK
INV02150,2023-11-30,ST10,PRD078,33,5721.87,10,OK
INV02151,2023-11-30,ST07,PRD035,58,15716.26,19,OK
INV02152,2023-11-30,ST07,PRD040,43,4024.37,17,OK
INV02153,2023-11-30,ST07,PRD012,119,35097.86,20,OK
INV02154,2023-11-30,ST07,PRD022,63,5656.14,9,OK
INV02155,2023-11-30,ST07,PRD062,1,264.27,17,Low
INV02156,2023-11-30,ST07,PRD048,60,8901.6,19,OK
INV02157,2023-11-30,ST07,PRD076,87,7064.4,25,OK
INV02158,2023-11-30,ST07,PRD073,58,18003.2,9,OK
INV02159,2023-11-30,ST07,PRD069,104,23154.56,11,OK
INV02160,2023-11-30,ST07,PRD071,16,655.2,24,OK
INV02161,2023-11-30,ST07,PRD002,2,280.72,25,Low
INV02162,2023-11-30,ST07,PRD023,58,5041.36,9,OK
INV02163,2023-11-30,ST07,PRD059,24,3902.4,16,OK
INV02164,2023-11-30,ST07,PRD018,12,3748.2,11,OK
INV02165,2023-11-30,ST07,PRD008,50,6534.0,14,OK
INV02166,2023-11-30,ST07,PRD026,68,16336.32,21,OK
INV02167,2023-11-30,ST07,PRD043,9,1471.5,9,Low
INV02168,2023-11-30,ST07,PRD011,11,2150.17,8,Low
INV02169,2023-11-30,ST07,PRD058,67,20138.86,14,OK
INV02170,2023-11-30,ST07,PRD024,6,246.06,11,Low
INV02171,2023-11-30,ST07,PRD005,47,1962.25,14,OK
INV02172,2023-11-30,ST07,PRD010,43,8172.58,12,OK
INV02173,2023-11-30,ST07,PRD001,110,24388.1,22,OK
INV02174,2023-11-30,ST07,PRD079,71,4585.18,8,OK
INV02175,2023-11-30,ST07,PRD034,5,515.0,18,Low
INV02176,2023-11-30,ST04,PRD053,31,8720.3,13,OK
INV02177,2023-11-30,ST04,PRD005,84,3507.0,10,OK
INV02178,2023-11-30,ST04,PRD066,98,28750.26,25,OK
INV02179,2023-11-30,ST04,PRD069,25,5566.0,18,OK
INV02180,2023-11-30,ST04,PRD080,61,10679.88,21,OK
INV02181,2023-11-30,ST04,PRD025,90,12987.9,25,OK
INV02182,2023-11-30,ST04,PRD072,113,32295.4,19,OK
INV02183,2023-11-30,ST04,PRD037,25,2371.0,24,OK
INV02184,2023-11-30,ST04,PRD011,77,15051.19,15,OK
INV02185,2023-11-30,ST04,PRD050,24,1839.36,18,OK
INV02186,2023-11-30,ST04,PRD018,48,14992.8,12,OK
INV02187,2023-11-30,ST04,PRD040,89,8329.51,16,OK
INV02188,2023-11-30,ST04,PRD014,14,1462.3,19,OK
INV02189,2023-11-30,ST04,PRD034,10,1030.0,22,Low
INV02190,2023-11-30,ST04,PRD067,115,30314.0,25,OK
INV02191,2023-11-30,ST04,PRD057,51,10380.03,15,OK
INV02192,2023-11-30,ST04,PRD073,12,3724.8,25,OK
INV02193,2023-11-30,ST04,PRD075,83,21285.35,13,OK
INV02194,2023-11-30,ST04,PRD077,59,10781.07,24,OK
INV02195,2023-11-30,ST04,PRD002,48,6737.28,25,OK
INV02196,2023-11-30,ST04,PRD047,82,17591.46,19,OK
INV02197,2023-11-30,ST04,PRD024,52,2132.52,24,OK
INV02198,2023-11-30,ST04,PRD032,60,19356.0,20,OK
INV02199,2023-11-30,ST04,PRD038,113,21441.75,22,OK
INV02200,2023-11-30,ST04,PRD074,89,8875.08,14,OK
INV02201,2023-12-31,ST08,PRD067,102,26887.2,12,OK
INV02202,2023-12-31,ST08,PRD042,84,28510.44,20,OK
INV02203,2023-12-31,ST08,PRD077,118,21562.14,17,OK
INV02204,2023-12-31,ST08,PRD053,15,4219.5,8,OK
INV02205,2023-12-31,ST08,PRD056,20,5392.4,12,OK
INV02206,2023-12-31,ST08,PRD045,103,18371.08,9,OK
INV02207,2023-12-31,ST08,PRD019,46,8717.92,25,OK
INV02208,2023-12-31,ST08,PRD016,30,5354.7,18,OK
INV02209,2023-12-31,ST08,PRD049,74,19214.1,18,OK
INV02210,2023-12-31,ST08,PRD028,81,11388.6,23,OK
INV02211,2023-12-31,ST08,PRD039,98,22565.48,25,OK
INV02212,2023-12-31,ST08,PRD068,66,15934.38,8,OK
INV02213,2023-12-31,ST08,PRD061,89,15158.48,25,OK
INV02214,2023-12-31,ST08,PRD072,28,8002.4,19,OK
INV02215,2023-12-31,ST08,PRD035,17,4606.49,20,OK
INV02216,2023-12-31,ST08,PRD004,109,31804.02,13,OK
INV02217,2023-12-31,ST08,PRD073,92,28556.8,22,OK
INV02218,2023-12-31,ST08,PRD065,31,4873.51,25,OK
INV02219,2023-12-31,ST08,PRD022,23,2064.94,22,OK
INV02220,2023-12-31,ST08,PRD060,50,8259.0,8,OK
INV02221,2023-12-31,ST08,PRD008,55,7187.4,22,OK
INV02222,2023-12-31,ST08,PRD079,4,258.32,20,Low
INV02223,2023-12-31,ST08,PRD006,18,1321.56,19,OK
INV02224,2023-12-31,ST08,PRD033,0,0.0,10,Out of Stock
INV02225,2023-12-31,ST08,PRD074,111,11068.92,23,OK
INV02226,2023-12-31,ST10,PRD079,32,2066.56,9,OK
INV02227,2023-12-31,ST10,PRD022,10,897.8,23,Low
INV02228,2023-12-31,ST10,PRD052,27,4706.64,11,OK
INV02229,2023-12-31,ST10,PRD013,8,2465.6,10,Low
INV02230,2023-12-31,ST10,PRD077,98,17907.54,13,OK
INV02231,2023-12-31,ST10,PRD069,2,445.28,12,Low
INV02232,2023-12-31,ST10,PRD008,111,14505.48,22,OK
INV02233,2023-12-31,ST10,PRD042,21,7127.61,13,OK
INV02234,2023-12-31,ST10,PRD056,14,3774.68,20,OK
INV02235,2023-12-31,ST10,PRD074,30,2991.6,10,OK
INV02236,2023-12-31,ST10,PRD049,62,16098.3,17,OK
INV02237,2023-12-31,ST10,PRD031,85,19287.35,11,OK
INV02238,2023-12-31,ST10,PRD024,79,3239.79,15,OK
INV02239,2023-12-31,ST10,PRD032,70,22582.0,12,OK
INV02240,2023-12-31,ST10,PRD018,84,26237.4,22,OK
INV02241,2023-12-31,ST10,PRD025,31,4473.61,15,OK
INV02242,2023-12-31,ST10,PRD072,35,10003.0,8,OK
INV02243,2023-12-31,ST10,PRD067,77,20297.2,18,OK
INV02244,2023-12-31,ST10,PRD045,68,12128.48,20,OK
INV02245,2023-12-31,ST10,PRD060,31,5120.58,18,OK
INV02246,2023-12-31,ST10,PRD016,37,6604.13,21,OK
INV02247,2023-12-31,ST10,PRD026,74,17777.76,13,OK
INV02248,2023-12-31,ST10,PRD062,31,8192.37,12,OK
INV02249,2023-12-31,ST10,PRD080,49,8578.92,21,OK
INV02250,2023-12-31,ST10,PRD044,17,5792.07,16,OK
INV02251,2023-12-31,ST11,PRD020,82,16690.28,23,OK
INV02252,2023-12-31,ST11,PRD075,7,1795.15,21,Low
INV02253,2023-12-31,ST11,PRD076,2,162.4,14,Low
INV02254,2023-12-31,ST11,PRD055,9,1698.75,17,Low
INV02255,2023-12-31,ST11,PRD049,8,2077.2,22,Low
INV02256,2023-12-31,ST11,PRD029,85,10015.55,15,OK
INV02257,2023-12-31,ST11,PRD003,88,24794.0,15,OK
INV02258,2023-12-31,ST11,PRD058,49,14728.42,11,OK
INV02259,2023-12-31,ST11,PRD036,20,3980.6,15,OK
INV02260,2023-12-31,ST11,PRD017,75,3100.5,14,OK
INV02261,2023-12-31,ST11,PRD050,25,1916.0,25,OK
INV02262,2023-12-31,ST11,PRD077,11,2010.03,25,Low
INV02263,2023-12-31,ST11,PRD027,75,21843.75,16,OK
INV02264,2023-12-31,ST11,PRD068,43,10381.49,16,OK
INV02265,2023-12-31,ST11,PRD065,85,13362.85,22,OK
INV02266,2023-12-31,ST11,PRD011,44,8600.68,10,OK
INV02267,2023-12-31,ST11,PRD023,88,7648.96,18,OK
INV02268,2023-12-31,ST11,PRD010,20,3801.2,15,OK
INV02269,2023-12-31,ST11,PRD034,98,10094.0,24,OK
INV02270,2023-12-31,ST11,PRD057,87,17707.11,18,OK
INV02271,2023-12-31,ST11,PRD002,71,9965.56,22,OK
INV02272,2023-12-31,ST11,PRD001,19,4212.49,19,OK
INV02273,2023-12-31,ST11,PRD012,2,589.88,20,Low
INV02274,2023-12-31,ST11,PRD053,58,16315.4,10,OK
INV02275,2023-12-31,ST11,PRD015,28,7568.12,12,OK
INV02276,2023-12-31,ST06,PRD018,28,8745.8,14,OK
INV02277,2023-12-31,ST06,PRD029,88,10369.04,12,OK
INV02278,2023-12-31,ST06,PRD058,104,31260.32,21,OK
INV02279,2023-12-31,ST06,PRD003,46,12960.5,9,OK
INV02280,2023-12-31,ST06,PRD075,105,26927.25,8,OK
INV02281,2023-12-31,ST06,PRD077,15,2740.95,13,OK
INV02282,2023-12-31,ST06,PRD031,67,15202.97,10,OK
INV02283,2023-12-31,ST06,PRD014,64,6684.8,17,OK
INV02284,2023-12-31,ST06,PRD074,83,8276.76,25,OK
INV02285,2023-12-31,ST06,PRD040,78,7300.02,15,OK
INV02286,2023-12-31,ST06,PRD051,81,5861.97,20,OK
INV02287,2023-12-31,ST06,PRD071,38,1556.1,18,OK
INV02288,2023-12-31,ST06,PRD038,76,14421.0,9,OK
INV02289,2023-12-31,ST06,PRD030,31,4443.54,9,OK
INV02290,2023-12-31,ST06,PRD002,97,13614.92,9,OK
INV02291,2023-12-31,ST06,PRD011,49,9578.03,22,OK
INV02292,2023-12-31,ST06,PRD043,118,19293.0,10,OK
INV02293,2023-12-31,ST06,PRD044,83,28278.93,14,OK
INV02294,2023-12-31,ST06,PRD055,36,6795.0,21,OK
INV02295,2023-12-31,ST06,PRD015,71,19190.59,9,OK
INV02296,2023-12-31,ST06,PRD061,48,8175.36,8,OK
INV02297,2023-12-31,ST06,PRD037,49,4647.16,19,OK
INV02298,2023-12-31,ST06,PRD078,50,8669.5,10,OK
INV02299,2023-12-31,ST06,PRD022,18,1616.04,11,OK
INV02300,2023-12-31,ST06,PRD036,86,17116.58,23,OK
INV02301,2023-12-31,ST07,PRD040,7,655.13,22,Low
INV02302,2023-12-31,ST07,PRD061,26,4428.32,17,OK
INV02303,2023-12-31,ST07,PRD018,82,25612.7,12,OK
INV02304,2023-12-31,ST07,PRD053,13,3656.9,25,OK
INV02305,2023-12-31,ST07,PRD063,115,17136.15,8,OK
INV02306,2023-12-31,ST07,PRD024,93,3813.93,24,OK
INV02307,2023-12-31,ST07,PRD028,78,10966.8,14,OK
INV02308,2023-12-31,ST07,PRD039,13,2993.38,20,OK
INV02309,2023-12-31,ST07,PRD005,117,4884.75,24,OK
INV02310,2023-12-31,ST07,PRD056,17,4583.54,14,OK
INV02311,2023-12-31,ST07,PRD070,92,27630.36,23,OK
INV02312,2023-12-31,ST07,PRD057,73,14857.69,19,OK
INV02313,2023-12-31,ST07,PRD064,31,3199.2,17,OK
INV02314,2023-12-31,ST07,PRD020,17,3460.18,8,OK
INV02315,2023-12-31,ST07,PRD062,42,11099.34,21,OK
INV02316,2023-12-31,ST07,PRD044,51,17376.21,24,OK
INV02317,2023-12-31,ST07,PRD026,2,480.48,22,Low
INV02318,2023-12-31,ST07,PRD036,28,5572.84,19,OK
INV02319,2023-12-31,ST07,PRD027,103,29998.75,13,OK
INV02320,2023-12-31,ST07,PRD025,50,7215.5,22,OK
INV02321,2023-12-31,ST07,PRD076,40,3248.0,20,OK
INV02322,2023-12-31,ST07,PRD073,45,13968.0,13,OK
INV02323,2023-12-31,ST07,PRD045,79,14090.44,25,OK
INV02324,2023-12-31,ST07,PRD032,119,38389.4,8,OK
INV02325,2023-12-31,ST07,PRD046,47,12403.77,15,OK
INV02326,2023-12-31,ST05,PRD005,34,1419.5,21,OK
INV02327,2023-12-31,ST05,PRD025,18,2597.58,22,OK
INV02328,2023-12-31,ST05,PRD051,13,940.81,21,OK
INV02329,2023-12-31,ST05,PRD016,115,20526.35,22,OK
INV02330,2023-12-31,ST05,PRD002,44,6175.84,12,OK
INV02331,2023-12-31,ST05,PRD003,108,30429.0,8,OK
INV02332,2023-12-31,ST05,PRD035,46,12464.62,15,OK
INV02333,2023-12-31,ST05,PRD056,118,31815.16,18,OK
INV02334,2023-12-31,ST05,PRD075,107,27440.15,16,OK
INV02335,2023-12-31,ST05,PRD043,10,1635.0,19,Low
INV02336,2023-12-31,ST05,PRD014,107,11176.15,23,OK
INV02337,2023-12-31,ST05,PRD001,93,20619.03,13,OK
INV02338,2023-12-31,ST05,PRD072,30,8574.0,23,OK
INV02339,2023-12-31,ST05,PRD013,33,10170.6,13,OK
INV02340,2023-12-31,ST05,PRD044,32,10902.72,22,OK
INV02341,2023-12-31,ST05,PRD069,36,8015.04,12,OK
INV02342,2023-12-31,ST05,PRD006,83,6093.86,18,OK
INV02343,2023-12-31,ST05,PRD040,69,6457.71,11,OK
INV02344,2023-12-31,ST05,PRD052,79,13771.28,18,OK
INV02345,2023-12-31,ST05,PRD078,78,13524.42,23,OK
INV02346,2023-12-31,ST05,PRD036,96,19106.88,17,OK
INV02347,2023-12-31,ST05,PRD048,54,8011.44,18,OK
INV02348,2023-12-31,ST05,PRD031,11,2496.01,25,Low
INV02349,2023-12-31,ST05,PRD011,37,7232.39,21,OK
INV02350,2023-12-31,ST05,PRD026,87,20900.88,19,OK
INV02351,2023-12-31,ST12,PRD049,70,18175.5,12,OK
INV02352,2023-12-31,ST12,PRD028,112,15747.2,24,OK
INV02353,2023-12-31,ST12,PRD015,1,270.29,24,Low
INV02354,2023-12-31,ST12,PRD051,20,1447.4,14,OK
INV02355,2023-12-31,ST12,PRD004,12,3501.36,17,OK
INV02356,2023-12-31,ST12,PRD027,24,6990.0,9,OK
INV02357,2023-12-31,ST12,PRD024,84,3444.84,12,OK
INV02358,2023-12-31,ST12,PRD072,44,12575.2,12,OK
INV02359,2023-12-31,ST12,PRD071,5,204.75,8,Low
INV02360,2023-12-31,ST12,PRD066,83,24349.71,12,OK
INV02361,2023-12-31,ST12,PRD034,99,10197.0,24,OK
INV02362,2023-12-31,ST12,PRD069,79,17588.56,8,OK
INV02363,2023-12-31,ST12,PRD062,37,9777.99,13,OK
INV02364,2023-12-31,ST12,PRD039,85,19572.1,21,OK
INV02365,2023-12-31,ST12,PRD014,73,7624.85,25,OK
INV02366,2023-12-31,ST12,PRD064,5,516.0,25,Low
INV02367,2023-12-31,ST12,PRD017,61,2521.74,25,OK
INV02368,2023-12-31,ST12,PRD079,22,1420.76,18,OK
INV02369,2023-12-31,ST12,PRD080,30,5252.4,16,OK
INV02370,2023-12-31,ST12,PRD078,48,8322.72,23,OK
INV02371,2023-12-31,ST12,PRD045,84,14982.24,8,OK
INV02372,2023-12-31,ST12,PRD046,75,19793.25,22,OK
INV02373,2023-12-31,ST12,PRD023,112,9735.04,24,OK
INV02374,2023-12-31,ST12,PRD009,95,1939.9,18,OK
INV02375,2023-12-31,ST12,PRD070,83,24927.39,9,OK
INV02376,2023-12-31,ST01,PRD056,113,30467.06,12,OK
INV02377,2023-12-31,ST01,PRD010,20,3801.2,15,OK
INV02378,2023-12-31,ST01,PRD050,112,8583.68,15,OK
INV02379,2023-12-31,ST01,PRD009,117,2389.14,24,OK
INV02380,2023-12-31,ST01,PRD032,118,38066.8,17,OK
INV02381,2023-12-31,ST01,PRD016,38,6782.62,17,OK
INV02382,2023-12-31,ST01,PRD020,51,10380.54,10,OK
INV02383,2023-12-31,ST01,PRD075,11,2820.95,22,Low
INV02384,2023-12-31,ST01,PRD059,72,11707.2,18,OK
INV02385,2023-12-31,ST01,PRD068,38,9174.34,19,OK
INV02386,2023-12-31,ST01,PRD069,118,26271.52,22,OK
INV02387,2023-12-31,ST01,PRD070,104,31234.32,10,OK
INV02388,2023-12-31,ST01,PRD067,87,22933.2,10,OK
INV02389,2023-12-31,ST01,PRD012,56,16516.64,8,OK
INV02390,2023-12-31,ST01,PRD080,37,6477.96,16,OK
INV02391,2023-12-31,ST01,PRD024,82,3362.82,17,OK
INV02392,2023-12-31,ST01,PRD051,83,6006.71,10,OK
INV02393,2023-12-31,ST01,PRD028,46,6467.6,14,OK
INV02394,2023-12-31,ST01,PRD060,49,8093.82,11,OK
INV02395,2023-12-31,ST01,PRD026,32,7687.68,18,OK
INV02396,2023-12-31,ST01,PRD040,109,10201.31,10,OK
INV02397,2023-12-31,ST01,PRD033,87,20546.79,25,OK
INV02398,2023-12-31,ST01,PRD031,112,25413.92,14,OK
INV02399,2023-12-31,ST01,PRD018,9,2811.15,15,Low
INV02400,2023-12-31,ST01,PRD049,19,4933.35,11,OK
INV02401,2024-01-31,ST11,PRD075,54,13848.3,17,OK
INV02402,2024-01-31,ST11,PRD014,4,417.8,9,Low
INV02403,2024-01-31,ST11,PRD047,43,9224.79,25,OK
INV02404,2024-01-31,ST11,PRD051,97,7019.89,17,OK
INV02405,2024-01-31,ST11,PRD079,37,2389.46,19,OK
INV02406,2024-01-31,ST11,PRD002,13,1824.68,12,OK
INV02407,2024-01-31,ST11,PRD008,64,8363.52,13,OK
INV02408,2024-01-31,ST11,PRD063,61,9089.61,12,OK
INV02409,2024-01-31,ST11,PRD017,79,3265.86,16,OK
INV02410,2024-01-31,ST11,PRD056,101,27231.62,13,OK
INV02411,2024-01-31,ST11,PRD074,114,11368.08,25,OK
INV02412,2024-01-31,ST11,PRD060,79,13049.22,25,OK
INV02413,2024-01-31,ST11,PRD049,9,2336.85,11,Low
INV02414,2024-01-31,ST11,PRD066,108,31683.96,21,OK
INV02415,2024-01-31,ST11,PRD046,120,31669.2,21,OK
INV02416,2024-01-31,ST11,PRD010,103,19576.18,17,OK
INV02417,2024-01-31,ST11,PRD054,103,3470.07,23,OK
INV02418,2024-01-31,ST11,PRD057,20,4070.6,16,OK
INV02419,2024-01-31,ST11,PRD061,67,11411.44,15,OK
INV02420,2024-01-31,ST11,PRD019,101,19141.52,12,OK
INV02421,2024-01-31,ST11,PRD048,40,5934.4,18,OK
INV02422,2024-01-31,ST11,PRD073,63,19555.2,17,OK
INV02423,2024-01-31,ST11,PRD004,89,25968.42,25,OK
INV02424,2024-01-31,ST11,PRD042,46,15612.86,11,OK
INV02425,2024-01-31,ST11,PRD064,96,9907.2,15,OK
INV02426,2024-01-31,ST09,PRD027,71,20678.75,12,OK
INV02427,2024-01-31,ST09,PRD064,96,9907.2,13,OK
INV02428,2024-01-31,ST09,PRD046,39,10292.49,22,OK
INV02429,2024-01-31,ST09,PRD075,52,13335.4,24,OK
INV02430,2024-01-31,ST09,PRD077,4,730.92,23,Low
INV02431,2024-01-31,ST09,PRD026,17,4084.08,18,OK
INV02432,2024-01-31,ST09,PRD029,60,7069.8,22,OK
INV02433,2024-01-31,ST09,PRD033,45,10627.65,10,OK
INV02434,2024-01-31,ST09,PRD047,24,5148.72,10,OK
INV02435,2024-01-31,ST09,PRD071,41,1678.95,16,OK
INV02436,2024-01-31,ST09,PRD024,53,2173.53,14,OK
INV02437,2024-01-31,ST09,PRD080,54,9454.32,23,OK
INV02438,2024-01-31,ST09,PRD012,83,24480.02,21,OK
INV02439,2024-01-31,ST09,PRD065,19,2986.99,11,OK
INV02440,2024-01-31,ST09,PRD063,27,4023.27,21,OK
INV02441,2024-01-31,ST09,PRD015,104,28110.16,8,OK
INV02442,2024-01-31,ST09,PRD051,55,3980.35,12,OK
INV02443,2024-01-31,ST09,PRD038,78,14800.5,17,OK
INV02444,2024-01-31,ST09,PRD017,105,4340.7,16,OK
INV02445,2024-01-31,ST09,PRD025,119,17172.89,16,OK
INV02446,2024-01-31,ST09,PRD048,59,8753.24,13,OK
INV02447,2024-01-31,ST09,PRD074,100,9972.0,23,OK
INV02448,2024-01-31,ST09,PRD050,17,1302.88,17,OK
INV02449,2024-01-31,ST09,PRD023,45,3911.4,18,OK
INV02450,2024-01-31,ST09,PRD028,85,11951.0,23,OK
INV02451,2024-01-31,ST02,PRD050,94,7204.16,22,OK
INV02452,2024-01-31,ST02,PRD077,63,11511.99,10,OK
INV02453,2024-01-31,ST02,PRD076,73,5927.6,16,OK
INV02454,2024-01-31,ST02,PRD075,118,30261.1,16,OK
INV02455,2024-01-31,ST02,PRD069,42,9350.88,19,OK
INV02456,2024-01-31,ST02,PRD064,89,9184.8,20,OK
INV02457,2024-01-31,ST02,PRD041,10,1039.6,16,Low
INV02458,2024-01-31,ST02,PRD009,4,81.68,22,Low
INV02459,2024-01-31,ST02,PRD014,58,6058.1,17,OK
INV02460,2024-01-31,ST02,PRD037,10,948.4,24,Low
INV02461,2024-01-31,ST02,PRD068,36,8691.48,11,OK
INV02462,2024-01-31,ST02,PRD032,106,34195.6,12,OK
INV02463,2024-01-31,ST02,PRD026,117,28108.08,20,OK
INV02464,2024-01-31,ST02,PRD029,32,3770.56,8,OK
INV02465,2024-01-31,ST02,PRD051,41,2967.17,15,OK
INV02466,2024-01-31,ST02,PRD027,46,13397.5,12,OK
INV02467,2024-01-31,ST02,PRD056,76,20491.12,15,OK
INV02468,2024-01-31,ST02,PRD002,107,15018.52,13,OK
INV02469,2024-01-31,ST02,PRD005,17,709.75,22,OK
INV02470,2024-01-31,ST02,PRD020,51,10380.54,23,OK
INV02471,2024-01-31,ST02,PRD018,24,7496.4,9,OK
INV02472,2024-01-31,ST02,PRD078,41,7108.99,22,OK
INV02473,2024-01-31,ST02,PRD008,23,3005.64,11,OK
INV02474,2024-01-31,ST02,PRD024,65,2665.65,21,OK
INV02475,2024-01-31,ST02,PRD044,35,11924.85,18,OK
INV02476,2024-01-31,ST07,PRD029,110,12961.3,21,OK
INV02477,2024-01-31,ST07,PRD017,118,4878.12,25,OK
INV02478,2024-01-31,ST07,PRD056,67,18064.54,23,OK
INV02479,2024-01-31,ST07,PRD012,30,8848.2,8,OK
INV02480,2024-01-31,ST07,PRD052,80,13945.6,12,OK
INV02481,2024-01-31,ST07,PRD010,103,19576.18,21,OK
INV02482,2024-01-31,ST07,PRD060,83,13709.94,12,OK
INV02483,2024-01-31,ST07,PRD033,3,708.51,19,Low
INV02484,2024-01-31,ST07,PRD080,94,16457.52,21,OK
INV02485,2024-01-31,ST07,PRD036,82,16320.46,15,OK
INV02486,2024-01-31,ST07,PRD045,29,5172.44,20,OK
INV02487,2024-01-31,ST07,PRD021,109,12831.48,16,OK
INV02488,2024-01-31,ST07,PRD022,6,538.68,22,Low
INV02489,2024-01-31,ST07,PRD058,52,15630.16,12,OK
INV02490,2024-01-31,ST07,PRD013,96,29587.2,25,OK
INV02491,2024-01-31,ST07,PRD002,111,15579.96,13,OK
INV02492,2024-01-31,ST07,PRD046,56,14778.96,10,OK
INV02493,2024-01-31,ST07,PRD069,118,26271.52,13,OK
INV02494,2024-01-31,ST07,PRD051,95,6875.15,25,OK
INV02495,2024-01-31,ST07,PRD079,70,4520.6,13,OK
INV02496,2024-01-31,ST07,PRD055,118,22272.5,21,OK
INV02497,2024-01-31,ST07,PRD032,31,10000.6,11,OK
INV02498,2024-01-31,ST07,PRD004,2,583.56,20,Low
INV02499,2024-01-31,ST07,PRD067,96,25305.6,25,OK
INV02500,2024-01-31,ST07,PRD064,58,5985.6,13,OK
INV02501,2024-01-31,ST08,PRD048,59,8753.24,17,OK
INV02502,2024-01-31,ST08,PRD039,86,19802.36,13,OK
INV02503,2024-01-31,ST08,PRD006,86,6314.12,23,OK
INV02504,2024-01-31,ST08,PRD057,68,13840.04,16,OK
INV02505,2024-01-31,ST08,PRD064,24,2476.8,23,OK
INV02506,2024-01-31,ST08,PRD033,69,16295.73,25,OK
INV02507,2024-01-31,ST08,PRD069,60,13358.4,13,OK
INV02508,2024-01-31,ST08,PRD068,34,8208.62,12,OK
INV02509,2024-01-31,ST08,PRD010,59,11213.54,19,OK
INV02510,2024-01-31,ST08,PRD054,64,2156.16,10,OK
INV02511,2024-01-31,ST08,PRD065,34,5345.14,8,OK
INV02512,2024-01-31,ST08,PRD020,88,17911.52,20,OK
INV02513,2024-01-31,ST08,PRD002,41,5754.76,9,OK
INV02514,2024-01-31,ST08,PRD036,92,18310.76,18,OK
INV02515,2024-01-31,ST08,PRD028,69,9701.4,8,OK
INV02516,2024-01-31,ST08,PRD021,105,12360.6,19,OK
INV02517,2024-01-31,ST08,PRD012,27,7963.38,11,OK
INV02518,2024-01-31,ST08,PRD009,54,1102.68,17,OK
INV02519,2024-01-31,ST08,PRD030,56,8027.04,9,OK
INV02520,2024-01-31,ST08,PRD032,47,15162.2,16,OK
INV02521,2024-01-31,ST08,PRD014,70,7311.5,25,OK
INV02522,2024-01-31,ST08,PRD008,110,14374.8,22,OK
INV02523,2024-01-31,ST08,PRD049,43,11164.95,14,OK
INV02524,2024-01-31,ST08,PRD062,89,23520.03,16,OK
INV02525,2024-01-31,ST08,PRD058,4,1202.32,23,Low
INV02526,2024-01-31,ST12,PRD028,7,984.2,14,Low
INV02527,2024-01-31,ST12,PRD024,25,1025.25,16,OK
INV02528,2024-01-31,ST12,PRD069,72,16030.08,23,OK
INV02529,2024-01-31,ST12,PRD038,58,11005.5,19,OK
INV02530,2024-01-31,ST12,PRD045,81,14447.16,15,OK
INV02531,2024-01-31,ST12,PRD049,27,7010.55,20,OK
INV02532,2024-01-31,ST12,PRD070,56,16818.48,25,OK
INV02533,2024-01-31,ST12,PRD066,29,8507.73,19,OK
INV02534,2024-01-31,ST12,PRD031,65,14749.15,25,OK
INV02535,2024-01-31,ST12,PRD019,108,20468.16,17,OK
INV02536,2024-01-31,ST12,PRD018,43,13431.05,16,OK
INV02537,2024-01-31,ST12,PRD068,74,17865.82,9,OK
INV02538,2024-01-31,ST12,PRD009,86,1756.12,25,OK
INV02539,2024-01-31,ST12,PRD062,52,13742.04,23,OK
INV02540,2024-01-31,ST12,PRD012,81,23890.14,24,OK
INV02541,2024-01-31,ST12,PRD005,12,501.0,14,OK
INV02542,2024-01-31,ST12,PRD079,64,4133.12,12,OK
INV02543,2024-01-31,ST12,PRD010,96,18245.76,15,OK
INV02544,2024-01-31,ST12,PRD060,88,14535.84,11,OK
INV02545,2024-01-31,ST12,PRD054,111,3739.59,11,OK
INV02546,2024-01-31,ST12,PRD061,78,13284.96,21,OK
INV02547,2024-01-31,ST12,PRD035,103,27909.91,23,OK
INV02548,2024-01-31,ST12,PRD008,99,12937.32,20,OK
INV02549,2024-01-31,ST12,PRD037,85,8061.4,16,OK
INV02550,2024-01-31,ST12,PRD074,57,5684.04,18,OK
INV02551,2024-01-31,ST01,PRD067,23,6062.8,24,OK
INV02552,2024-01-31,ST01,PRD032,40,12904.0,9,OK
INV02553,2024-01-31,ST01,PRD079,57,3681.06,22,OK
INV02554,2024-01-31,ST01,PRD046,4,1055.64,12,Low
INV02555,2024-01-31,ST01,PRD049,27,7010.55,21,OK
INV02556,2024-01-31,ST01,PRD076,69,5602.8,10,OK
INV02557,2024-01-31,ST01,PRD078,86,14911.54,9,OK
INV02558,2024-01-31,ST01,PRD080,92,16107.36,16,OK
INV02559,2024-01-31,ST01,PRD073,111,34454.4,21,OK
INV02560,2024-01-31,ST01,PRD022,100,8978.0,15,OK
INV02561,2024-01-31,ST01,PRD066,49,14375.13,15,OK
INV02562,2024-01-31,ST01,PRD071,18,737.1,8,OK
INV02563,2024-01-31,ST01,PRD024,11,451.11,19,Low
INV02564,2024-01-31,ST01,PRD058,104,31260.32,17,OK
INV02565,2024-01-31,ST01,PRD002,48,6737.28,10,OK
INV02566,2024-01-31,ST01,PRD052,16,2789.12,10,OK
INV02567,2024-01-31,ST01,PRD061,32,5450.24,10,OK
INV02568,2024-01-31,ST01,PRD074,93,9273.96,13,OK
INV02569,2024-01-31,ST01,PRD030,81,11610.54,13,OK
INV02570,2024-01-31,ST01,PRD063,68,10132.68,21,OK
INV02571,2024-01-31,ST01,PRD016,86,15350.14,22,OK
INV02572,2024-01-31,ST01,PRD003,24,6762.0,11,OK
INV02573,2024-01-31,ST01,PRD035,84,22761.48,16,OK
INV02574,2024-01-31,ST01,PRD053,93,26160.9,11,OK
INV02575,2024-01-31,ST01,PRD020,107,21778.78,16,OK
INV02576,2024-01-31,ST03,PRD074,119,11866.68,21,OK
INV02577,2024-01-31,ST03,PRD020,8,1628.32,12,Low
INV02578,2024-01-31,ST03,PRD054,39,1313.91,12,OK
INV02579,2024-01-31,ST03,PRD041,7,727.72,11,Low
INV02580,2024-01-31,ST03,PRD014,70,7311.5,17,OK
INV02581,2024-01-31,ST03,PRD016,95,16956.55,15,OK
INV02582,2024-01-31,ST03,PRD069,41,9128.24,23,OK
INV02583,2024-01-31,ST03,PRD043,100,16350.0,15,OK
INV02584,2024-01-31,ST03,PRD065,1,157.21,24,Low
INV02585,2024-01-31,ST03,PRD008,6,784.08,21,Low
INV02586,2024-01-31,ST03,PRD023,40,3476.8,23,OK
INV02587,2024-01-31,ST03,PRD001,18,3990.78,23,OK
INV02588,2024-01-31,ST03,PRD024,112,4593.12,14,OK
INV02589,2024-01-31,ST03,PRD028,66,9279.6,9,OK
INV02590,2024-01-31,ST03,PRD012,13,3834.22,21,OK
INV02591,2024-01-31,ST03,PRD042,89,30207.49,18,OK
INV02592,2024-01-31,ST03,PRD022,70,6284.6,17,OK
INV02593,2024-01-31,ST03,PRD007,108,23517.0,19,OK
INV02594,2024-01-31,ST03,PRD073,53,16451.2,14,OK
INV02595,2024-01-31,ST03,PRD045,23,4102.28,16,OK
INV02596,2024-01-31,ST03,PRD048,106,15726.16,19,OK
INV02597,2024-01-31,ST03,PRD072,36,10288.8,8,OK
INV02598,2024-01-31,ST03,PRD035,94,25471.18,19,OK
INV02599,2024-01-31,ST03,PRD080,28,4902.24,21,OK
INV02600,2024-01-31,ST03,PRD037,0,0.0,20,Out of Stock
INV02601,2024-02-29,ST06,PRD077,17,3106.41,22,OK
INV02602,2024-02-29,ST06,PRD067,38,10016.8,15,OK
INV02603,2024-02-29,ST06,PRD047,3,643.59,22,Low
INV02604,2024-02-29,ST06,PRD021,50,5886.0,20,OK
INV02605,2024-02-29,ST06,PRD013,57,17567.4,16,OK
INV02606,2024-02-29,ST06,PRD058,80,24046.4,8,OK
INV02607,2024-02-29,ST06,PRD061,120,20438.4,8,OK
INV02608,2024-02-29,ST06,PRD024,12,492.12,24,OK
INV02609,2024-02-29,ST06,PRD056,92,24805.04,17,OK
INV02610,2024-02-29,ST06,PRD017,59,2439.06,21,OK
INV02611,2024-02-29,ST06,PRD020,116,23610.64,20,OK
INV02612,2024-02-29,ST06,PRD073,74,22969.6,19,OK
INV02613,2024-02-29,ST06,PRD030,24,3440.16,19,OK
INV02614,2024-02-29,ST06,PRD037,73,6923.32,20,OK
INV02615,2024-02-29,ST06,PRD053,3,843.9,22,Low
INV02616,2024-02-29,ST06,PRD062,11,2906.97,12,Low
INV02617,2024-02-29,ST06,PRD014,35,3655.75,9,OK
INV02618,2024-02-29,ST06,PRD035,70,18967.9,16,OK
INV02619,2024-02-29,ST06,PRD070,85,25528.05,23,OK
INV02620,2024-02-29,ST06,PRD018,48,14992.8,19,OK
INV02621,2024-02-29,ST06,PRD027,89,25921.25,12,OK
INV02622,2024-02-29,ST06,PRD005,112,4676.0,8,OK
INV02623,2024-02-29,ST06,PRD043,98,16023.0,19,OK
INV02624,2024-02-29,ST06,PRD029,48,5655.84,13,OK
INV02625,2024-02-29,ST06,PRD076,23,1867.6,17,OK
INV02626,2024-02-29,ST07,PRD059,58,9430.8,18,OK
INV02627,2024-02-29,ST07,PRD016,7,1249.43,22,Low
INV02628,2024-02-29,ST07,PRD069,88,19592.32,22,OK
INV02629,2024-02-29,ST07,PRD008,43,5619.24,12,OK
INV02630,2024-02-29,ST07,PRD025,20,2886.2,10,OK
INV02631,2024-02-29,ST07,PRD067,58,15288.8,24,OK
INV02632,2024-02-29,ST07,PRD068,1,241.43,21,Low
INV02633,2024-02-29,ST07,PRD010,52,9883.12,23,OK
INV02634,2024-02-29,ST07,PRD038,56,10626.0,17,OK
INV02635,2024-02-29,ST07,PRD031,108,24506.28,24,OK
INV02636,2024-02-29,ST07,PRD080,8,1400.64,24,Low
INV02637,2024-02-29,ST07,PRD014,74,7729.3,14,OK
INV02638,2024-02-29,ST07,PRD077,1,182.73,10,Low
INV02639,2024-02-29,ST07,PRD037,51,4836.84,14,OK
INV02640,2024-02-29,ST07,PRD041,88,9148.48,21,OK
INV02641,2024-02-29,ST07,PRD024,64,2624.64,16,OK
INV02642,2024-02-29,ST07,PRD049,16,4154.4,21,OK
INV02643,2024-02-29,ST07,PRD004,112,32679.36,15,OK
INV02644,2024-02-29,ST07,PRD072,118,33724.4,14,OK
INV02645,2024-02-29,ST07,PRD026,55,13213.2,10,OK
INV02646,2024-02-29,ST07,PRD048,70,10385.2,11,OK
INV02647,2024-02-29,ST07,PRD003,30,8452.5,18,OK
INV02648,2024-02-29,ST07,PRD057,43,8751.79,21,OK
INV02649,2024-02-29,ST07,PRD002,46,6456.56,22,OK
INV02650,2024-02-29,ST07,PRD047,20,4290.6,22,OK
INV02651,2024-02-29,ST09,PRD019,52,9855.04,10,OK
INV02652,2024-02-29,ST09,PRD071,71,2907.45,21,OK
INV02653,2024-02-29,ST09,PRD064,59,6088.8,23,OK
INV02654,2024-02-29,ST09,PRD079,11,710.38,21,Low
INV02655,2024-02-29,ST09,PRD015,112,30272.48,16,OK
INV02656,2024-02-29,ST09,PRD065,9,1414.89,24,Low
INV02657,2024-02-29,ST09,PRD033,15,3542.55,16,OK
INV02658,2024-02-29,ST09,PRD076,117,9500.4,21,OK
INV02659,2024-02-29,ST09,PRD039,6,1381.56,16,Low
INV02660,2024-02-29,ST09,PRD060,113,18665.34,10,OK
INV02661,2024-02-29,ST09,PRD049,19,4933.35,15,OK
INV02662,2024-02-29,ST09,PRD024,54,2214.54,14,OK
INV02663,2024-02-29,ST09,PRD031,98,22237.18,12,OK
INV02664,2024-02-29,ST09,PRD066,18,5280.66,24,OK
INV02665,2024-02-29,ST09,PRD005,3,125.25,13,Low
INV02666,2024-02-29,ST09,PRD021,77,9064.44,22,OK
INV02667,2024-02-29,ST09,PRD051,76,5500.12,24,OK
INV02668,2024-02-29,ST09,PRD053,0,0.0,10,Out of Stock
INV02669,2024-02-29,ST09,PRD070,27,8108.91,17,OK
INV02670,2024-02-29,ST09,PRD032,62,20001.2,12,OK
INV02671,2024-02-29,ST09,PRD004,95,27719.1,9,OK
INV02672,2024-02-29,ST09,PRD078,120,20806.8,21,OK
INV02673,2024-02-29,ST09,PRD055,62,11702.5,15,OK
INV02674,2024-02-29,ST09,PRD072,68,19434.4,21,OK
INV02675,2024-02-29,ST09,PRD080,49,8578.92,23,OK
INV02676,2024-02-29,ST02,PRD045,113,20154.68,15,OK
INV02677,2024-02-29,ST02,PRD009,1,20.42,25,Low
INV02678,2024-02-29,ST02,PRD056,118,31815.16,14,OK
INV02679,2024-02-29,ST02,PRD048,27,4005.72,20,OK
INV02680,2024-02-29,ST02,PRD027,97,28251.25,9,OK
INV02681,2024-02-29,ST02,PRD057,115,23405.95,11,OK
INV02682,2024-02-29,ST02,PRD050,37,2835.68,21,OK
INV02683,2024-02-29,ST02,PRD059,106,17235.6,23,OK
INV02684,2024-02-29,ST02,PRD004,117,34138.26,11,OK
INV02685,2024-02-29,ST02,PRD032,44,14194.4,10,OK
INV02686,2024-02-29,ST02,PRD023,10,869.2,25,Low
INV02687,2024-02-29,ST02,PRD062,86,22727.22,25,OK
INV02688,2024-02-29,ST02,PRD039,66,15197.16,25,OK
INV02689,2024-02-29,ST02,PRD011,114,22283.58,13,OK
INV02690,2024-02-29,ST02,PRD068,112,27040.16,23,OK
INV02691,2024-02-29,ST02,PRD030,6,860.04,15,Low
INV02692,2024-02-29,ST02,PRD031,20,4538.2,13,OK
INV02693,2024-02-29,ST02,PRD040,37,3462.83,24,OK
INV02694,2024-02-29,ST02,PRD069,78,17365.92,10,OK
INV02695,2024-02-29,ST02,PRD029,30,3534.9,20,OK
INV02696,2024-02-29,ST02,PRD044,4,1362.84,17,Low
INV02697,2024-02-29,ST02,PRD021,113,13302.36,14,OK
INV02698,2024-02-29,ST02,PRD053,57,16034.1,16,OK
INV02699,2024-02-29,ST02,PRD001,44,9755.24,19,OK
INV02700,2024-02-29,ST02,PRD022,57,5117.46,20,OK
INV02701,2024-02-29,ST12,PRD056,21,5662.02,22,OK
INV02702,2024-02-29,ST12,PRD032,85,27421.0,9,OK
INV02703,2024-02-29,ST12,PRD073,10,3104.0,12,Low
INV02704,2024-02-29,ST12,PRD039,32,7368.32,20,OK
INV02705,2024-02-29,ST12,PRD003,59,16623.25,19,OK
INV02706,2024-02-29,ST12,PRD069,78,17365.92,18,OK
INV02707,2024-02-29,ST12,PRD011,61,11923.67,20,OK
INV02708,2024-02-29,ST12,PRD017,26,1074.84,15,OK
INV02709,2024-02-29,ST12,PRD064,60,6192.0,11,OK
INV02710,2024-02-29,ST12,PRD043,118,19293.0,10,OK
INV02711,2024-02-29,ST12,PRD065,76,11947.96,14,OK
INV02712,2024-02-29,ST12,PRD036,40,7961.2,11,OK
INV02713,2024-02-29,ST12,PRD067,111,29259.6,22,OK
INV02714,2024-02-29,ST12,PRD021,3,353.16,25,Low
INV02715,2024-02-29,ST12,PRD063,58,8642.58,11,OK
INV02716,2024-02-29,ST12,PRD057,53,10787.09,18,OK
INV02717,2024-02-29,ST12,PRD048,6,890.16,24,Low
INV02718,2024-02-29,ST12,PRD038,103,19544.25,11,OK
INV02719,2024-02-29,ST12,PRD020,59,12008.86,9,OK
INV02720,2024-02-29,ST12,PRD058,26,7815.08,22,OK
INV02721,2024-02-29,ST12,PRD054,50,1684.5,10,OK
INV02722,2024-02-29,ST12,PRD029,27,3181.41,18,OK
INV02723,2024-02-29,ST12,PRD077,20,3654.6,17,OK
INV02724,2024-02-29,ST12,PRD012,19,5603.86,25,OK
INV02725,2024-02-29,ST12,PRD055,13,2453.75,21,OK
INV02726,2024-02-29,ST03,PRD075,74,18977.3,12,OK
INV02727,2024-02-29,ST03,PRD036,84,16718.52,9,OK
INV02728,2024-02-29,ST03,PRD043,11,1798.5,17,Low
INV02729,2024-02-29,ST03,PRD031,113,25640.83,24,OK
INV02730,2024-02-29,ST03,PRD070,18,5405.94,13,OK
INV02731,2024-02-29,ST03,PRD034,25,2575.0,23,OK
INV02732,2024-02-29,ST03,PRD041,78,8108.88,13,OK
INV02733,2024-02-29,ST03,PRD044,46,15672.66,20,OK
INV02734,2024-02-29,ST03,PRD039,68,15657.68,21,OK
INV02735,2024-02-29,ST03,PRD021,85,10006.2,18,OK
INV02736,2024-02-29,ST03,PRD060,1,165.18,20,Low
INV02737,2024-02-29,ST03,PRD018,53,16554.55,8,OK
INV02738,2024-02-29,ST03,PRD079,15,968.7,10,OK
INV02739,2024-02-29,ST03,PRD035,51,13819.47,19,OK
INV02740,2024-02-29,ST03,PRD057,43,8751.79,24,OK
INV02741,2024-02-29,ST03,PRD045,119,21224.84,20,OK
INV02742,2024-02-29,ST03,PRD026,45,10810.8,11,OK
INV02743,2024-02-29,ST03,PRD051,10,723.7,19,Low
INV02744,2024-02-29,ST03,PRD040,116,10856.44,8,OK
INV02745,2024-02-29,ST03,PRD054,30,1010.7,18,OK
INV02746,2024-02-29,ST03,PRD074,46,4587.12,19,OK
INV02747,2024-02-29,ST03,PRD068,70,16900.1,11,OK
INV02748,2024-02-29,ST03,PRD029,102,12018.66,25,OK
INV02749,2024-02-29,ST03,PRD076,86,6983.2,9,OK
INV02750,2024-02-29,ST03,PRD042,86,29189.26,9,OK
INV02751,2024-02-29,ST08,PRD054,63,2122.47,24,OK
INV02752,2024-02-29,ST08,PRD052,17,2963.44,15,OK
INV02753,2024-02-29,ST08,PRD004,54,15756.12,11,OK
INV02754,2024-02-29,ST08,PRD046,1,263.91,23,Low
INV02755,2024-02-29,ST08,PRD055,84,15855.0,24,OK
INV02756,2024-02-29,ST08,PRD062,57,15063.39,13,OK
INV02757,2024-02-29,ST08,PRD075,106,27183.7,10,OK
INV02758,2024-02-29,ST08,PRD024,73,2993.73,11,OK
INV02759,2024-02-29,ST08,PRD014,103,10758.35,20,OK
INV02760,2024-02-29,ST08,PRD025,25,3607.75,8,OK
INV02761,2024-02-29,ST08,PRD056,88,23726.56,11,OK
INV02762,2024-02-29,ST08,PRD003,55,15496.25,18,OK
INV02763,2024-02-29,ST08,PRD006,11,807.62,21,Low
INV02764,2024-02-29,ST08,PRD035,69,18696.93,9,OK
INV02765,2024-02-29,ST08,PRD028,3,421.8,16,Low
INV02766,2024-02-29,ST08,PRD005,105,4383.75,23,OK
INV02767,2024-02-29,ST08,PRD078,23,3987.97,11,OK
INV02768,2024-02-29,ST08,PRD058,41,12323.78,14,OK
INV02769,2024-02-29,ST08,PRD047,42,9010.26,23,OK
INV02770,2024-02-29,ST08,PRD066,113,33150.81,9,OK
INV02771,2024-02-29,ST08,PRD016,2,356.98,14,Low
INV02772,2024-02-29,ST08,PRD074,42,4188.24,24,OK
INV02773,2024-02-29,ST08,PRD039,57,13124.82,10,OK
INV02774,2024-02-29,ST08,PRD063,62,9238.62,9,OK
INV02775,2024-02-29,ST08,PRD015,115,31083.35,13,OK
INV02776,2024-02-29,ST01,PRD002,82,11509.52,14,OK
INV02777,2024-02-29,ST01,PRD007,32,6968.0,13,OK
INV02778,2024-02-29,ST01,PRD045,87,15517.32,14,OK
INV02779,2024-02-29,ST01,PRD042,22,7467.02,10,OK
INV02780,2024-02-29,ST01,PRD047,118,25314.54,13,OK
INV02781,2024-02-29,ST01,PRD080,86,15056.88,17,OK
INV02782,2024-02-29,ST01,PRD014,25,2611.25,8,OK
INV02783,2024-02-29,ST01,PRD070,18,5405.94,18,OK
INV02784,2024-02-29,ST01,PRD058,65,19537.7,14,OK
INV02785,2024-02-29,ST01,PRD068,31,7484.33,8,OK
INV02786,2024-02-29,ST01,PRD075,27,6924.15,20,OK
INV02787,2024-02-29,ST01,PRD008,80,10454.4,10,OK
INV02788,2024-02-29,ST01,PRD077,30,5481.9,12,OK
INV02789,2024-02-29,ST01,PRD024,17,697.17,23,OK
INV02790,2024-02-29,ST01,PRD034,114,11742.0,21,OK
INV02791,2024-02-29,ST01,PRD019,93,17625.36,8,OK
INV02792,2024-02-29,ST01,PRD029,114,13432.62,16,OK
INV02793,2024-02-29,ST01,PRD009,105,2144.1,23,OK
INV02794,2024-02-29,ST01,PRD023,83,7214.36,16,OK
INV02795,2024-02-29,ST01,PRD062,38,10042.26,23,OK
INV02796,2024-02-29,ST01,PRD043,115,18802.5,15,OK
INV02797,2024-02-29,ST01,PRD017,1,41.34,24,Low
INV02798,2024-02-29,ST01,PRD057,13,2645.89,11,OK
INV02799,2024-02-29,ST01,PRD052,107,18652.24,8,OK
INV02800,2024-02-29,ST01,PRD013,107,32977.4,22,OK
INV02801,2024-03-31,ST11,PRD068,51,12312.93,10,OK
INV02802,2024-03-31,ST11,PRD040,26,2433.34,20,OK
INV02803,2024-03-31,ST11,PRD044,27,9199.17,23,OK
INV02804,2024-03-31,ST11,PRD027,90,26212.5,18,OK
INV02805,2024-03-31,ST11,PRD026,3,720.72,21,Low
INV02806,2024-03-31,ST11,PRD038,2,379.5,18,Low
INV02807,2024-03-31,ST11,PRD025,7,1010.17,15,Low
INV02808,2024-03-31,ST11,PRD032,31,10000.6,19,OK
INV02809,2024-03-31,ST11,PRD045,12,2140.32,11,OK
INV02810,2024-03-31,ST11,PRD059,50,8130.0,15,OK
INV02811,2024-03-31,ST11,PRD066,102,29923.74,23,OK
INV02812,2024-03-31,ST11,PRD039,71,16348.46,17,OK
INV02813,2024-03-31,ST11,PRD029,111,13079.13,19,OK
INV02814,2024-03-31,ST11,PRD071,87,3562.65,22,OK
INV02815,2024-03-31,ST11,PRD006,80,5873.6,15,OK
INV02816,2024-03-31,ST11,PRD009,52,1061.84,13,OK
INV02817,2024-03-31,ST11,PRD010,44,8362.64,15,OK
INV02818,2024-03-31,ST11,PRD033,1,236.17,15,Low
INV02819,2024-03-31,ST11,PRD049,34,8828.1,12,OK
INV02820,2024-03-31,ST11,PRD061,103,17542.96,21,OK
INV02821,2024-03-31,ST11,PRD078,100,17339.0,8,OK
INV02822,2024-03-31,ST11,PRD003,21,5916.75,22,OK
INV02823,2024-03-31,ST11,PRD013,106,32669.2,15,OK
INV02824,2024-03-31,ST11,PRD058,23,6913.34,12,OK
INV02825,2024-03-31,ST11,PRD048,51,7566.36,12,OK
INV02826,2024-03-31,ST09,PRD058,101,30358.58,21,OK
INV02827,2024-03-31,ST09,PRD018,45,14055.75,21,OK
INV02828,2024-03-31,ST09,PRD067,59,15552.4,25,OK
INV02829,2024-03-31,ST09,PRD060,72,11892.96,19,OK
INV02830,2024-03-31,ST09,PRD004,80,23342.4,20,OK
INV02831,2024-03-31,ST09,PRD017,35,1446.9,19,OK
INV02832,2024-03-31,ST09,PRD024,77,3157.77,24,OK
INV02833,2024-03-31,ST09,PRD039,84,19341.84,10,OK
INV02834,2024-03-31,ST09,PRD002,97,13614.92,22,OK
INV02835,2024-03-31,ST09,PRD003,8,2254.0,14,Low
INV02836,2024-03-31,ST09,PRD063,112,16689.12,9,OK
INV02837,2024-03-31,ST09,PRD043,28,4578.0,13,OK
INV02838,2024-03-31,ST09,PRD011,114,22283.58,12,OK
INV02839,2024-03-31,ST09,PRD009,100,2042.0,25,OK
INV02840,2024-03-31,ST09,PRD001,37,8203.27,17,OK
INV02841,2024-03-31,ST09,PRD074,22,2193.84,13,OK
INV02842,2024-03-31,ST09,PRD031,13,2949.83,14,OK
INV02843,2024-03-31,ST09,PRD073,69,21417.6,17,OK
INV02844,2024-03-31,ST09,PRD041,94,9772.24,14,OK
INV02845,2024-03-31,ST09,PRD055,27,5096.25,12,OK
INV02846,2024-03-31,ST09,PRD045,11,1961.96,15,Low
INV02847,2024-03-31,ST09,PRD075,112,28722.4,15,OK
INV02848,2024-03-31,ST09,PRD066,97,28456.89,9,OK
INV02849,2024-03-31,ST09,PRD037,113,10716.92,9,OK
INV02850,2024-03-31,ST09,PRD050,82,6284.48,9,OK
INV02851,2024-03-31,ST01,PRD038,22,4174.5,18,OK
INV02852,2024-03-31,ST01,PRD022,45,4040.1,20,OK
INV02853,2024-03-31,ST01,PRD043,76,12426.0,14,OK
INV02854,2024-03-31,ST01,PRD049,10,2596.5,24,Low
INV02855,2024-03-31,ST01,PRD001,55,12194.05,8,OK
INV02856,2024-03-31,ST01,PRD025,55,7937.05,13,OK
INV02857,2024-03-31,ST01,PRD004,28,8169.84,11,OK
INV02858,2024-03-31,ST01,PRD017,34,1405.56,15,OK
INV02859,2024-03-31,ST01,PRD026,67,16096.08,23,OK
INV02860,2024-03-31,ST01,PRD076,36,2923.2,17,OK
INV02861,2024-03-31,ST01,PRD044,29,9880.59,23,OK
INV02862,2024-03-31,ST01,PRD065,108,16978.68,15,OK
INV02863,2024-03-31,ST01,PRD063,0,0.0,19,Out of Stock
INV02864,2024-03-31,ST01,PRD024,29,1189.29,19,OK
INV02865,2024-03-31,ST01,PRD074,78,7778.16,21,OK
INV02866,2024-03-31,ST01,PRD079,16,1033.28,23,OK
INV02867,2024-03-31,ST01,PRD066,52,15255.24,15,OK
INV02868,2024-03-31,ST01,PRD050,1,76.64,9,Low
INV02869,2024-03-31,ST01,PRD029,94,11076.02,23,OK
INV02870,2024-03-31,ST01,PRD023,48,4172.16,15,OK
INV02871,2024-03-31,ST01,PRD010,119,22617.14,13,OK
INV02872,2024-03-31,ST01,PRD064,41,4231.2,12,OK
INV02873,2024-03-31,ST01,PRD002,58,8140.88,15,OK
INV02874,2024-03-31,ST01,PRD054,77,2594.13,22,OK
INV02875,2024-03-31,ST01,PRD045,115,20511.4,20,OK
INV02876,2024-03-31,ST12,PRD063,67,9983.67,25,OK
INV02877,2024-03-31,ST12,PRD034,60,6180.0,25,OK
INV02878,2024-03-31,ST12,PRD071,39,1597.05,13,OK
INV02879,2024-03-31,ST12,PRD078,78,13524.42,19,OK
INV02880,2024-03-31,ST12,PRD012,30,8848.2,14,OK
INV02881,2024-03-31,ST12,PRD030,92,13187.28,22,OK
INV02882,2024-03-31,ST12,PRD013,13,4006.6,24,OK
INV02883,2024-03-31,ST12,PRD036,118,23485.54,16,OK
INV02884,2024-03-31,ST12,PRD019,113,21415.76,13,OK
INV02885,2024-03-31,ST12,PRD002,68,9544.48,17,OK
INV02886,2024-03-31,ST12,PRD075,1,256.45,25,Low
INV02887,2024-03-31,ST12,PRD064,89,9184.8,25,OK
INV02888,2024-03-31,ST12,PRD047,97,20809.41,24,OK
INV02889,2024-03-31,ST12,PRD051,46,3329.02,21,OK
INV02890,2024-03-31,ST12,PRD040,86,8048.74,15,OK
INV02891,2024-03-31,ST12,PRD009,64,1306.88,8,OK
INV02892,2024-03-31,ST12,PRD066,23,6747.51,25,OK
INV02893,2024-03-31,ST12,PRD016,99,17670.51,18,OK
INV02894,2024-03-31,ST12,PRD005,19,793.25,10,OK
INV02895,2024-03-31,ST12,PRD054,19,640.11,9,OK
INV02896,2024-03-31,ST12,PRD020,6,1221.24,17,Low
INV02897,2024-03-31,ST12,PRD077,82,14983.86,10,OK
INV02898,2024-03-31,ST12,PRD007,51,11105.25,16,OK
INV02899,2024-03-31,ST12,PRD080,119,20834.52,25,OK
INV02900,2024-03-31,ST12,PRD038,113,21441.75,19,OK
INV02901,2024-03-31,ST08,PRD012,70,20645.8,24,OK
INV02902,2024-03-31,ST08,PRD048,35,5192.6,13,OK
INV02903,2024-03-31,ST08,PRD046,101,26654.91,15,OK
INV02904,2024-03-31,ST08,PRD073,85,26384.0,19,OK
INV02905,2024-03-31,ST08,PRD052,79,13771.28,16,OK
INV02906,2024-03-31,ST08,PRD034,1,103.0,12,Low
INV02907,2024-03-31,ST08,PRD070,93,27930.69,10,OK
INV02908,2024-03-31,ST08,PRD062,52,13742.04,25,OK
INV02909,2024-03-31,ST08,PRD005,88,3674.0,9,OK
INV02910,2024-03-31,ST08,PRD025,115,16595.65,21,OK
INV02911,2024-03-31,ST08,PRD018,70,21864.5,10,OK
INV02912,2024-03-31,ST08,PRD016,29,5176.21,18,OK
INV02913,2024-03-31,ST08,PRD067,80,21088.0,20,OK
INV02914,2024-03-31,ST08,PRD060,26,4294.68,20,OK
INV02915,2024-03-31,ST08,PRD002,110,15439.6,12,OK
INV02916,2024-03-31,ST08,PRD031,18,4084.38,16,OK
INV02917,2024-03-31,ST08,PRD047,87,18664.11,17,OK
INV02918,2024-03-31,ST08,PRD064,55,5676.0,13,OK
INV02919,2024-03-31,ST08,PRD003,54,15214.5,18,OK
INV02920,2024-03-31,ST08,PRD063,46,6854.46,21,OK
INV02921,2024-03-31,ST08,PRD043,15,2452.5,19,OK
INV02922,2024-03-31,ST08,PRD036,85,16917.55,23,OK
INV02923,2024-03-31,ST08,PRD051,84,6079.08,22,OK
INV02924,2024-03-31,ST08,PRD056,16,4313.92,15,OK
INV02925,2024-03-31,ST08,PRD059,43,6991.8,19,OK
INV02926,2024-03-31,ST04,PRD011,36,7036.92,17,OK
INV02927,2024-03-31,ST04,PRD062,63,16649.01,8,OK
INV02928,2024-03-31,ST04,PRD017,54,2232.36,23,OK
INV02929,2024-03-31,ST04,PRD060,39,6442.02,8,OK
INV02930,2024-03-31,ST04,PRD036,77,15325.31,10,OK
INV02931,2024-03-31,ST04,PRD071,87,3562.65,13,OK
INV02932,2024-03-31,ST04,PRD038,49,9297.75,8,OK
INV02933,2024-03-31,ST04,PRD059,19,3089.4,24,OK
INV02934,2024-03-31,ST04,PRD024,58,2378.58,9,OK
INV02935,2024-03-31,ST04,PRD077,2,365.46,22,Low
INV02936,2024-03-31,ST04,PRD006,96,7048.32,10,OK
INV02937,2024-03-31,ST04,PRD046,13,3430.83,8,OK
INV02938,2024-03-31,ST04,PRD034,54,5562.0,17,OK
INV02939,2024-03-31,ST04,PRD076,65,5278.0,9,OK
INV02940,2024-03-31,ST04,PRD049,114,29600.1,12,OK
INV02941,2024-03-31,ST04,PRD013,99,30511.8,14,OK
INV02942,2024-03-31,ST04,PRD058,18,5410.44,19,OK
INV02943,2024-03-31,ST04,PRD015,86,23244.94,24,OK
INV02944,2024-03-31,ST04,PRD021,50,5886.0,24,OK
INV02945,2024-03-31,ST04,PRD063,119,17732.19,8,OK
INV02946,2024-03-31,ST04,PRD026,7,1681.68,25,Low
INV02947,2024-03-31,ST04,PRD004,68,19841.04,11,OK
INV02948,2024-03-31,ST04,PRD027,36,10485.0,24,OK
INV02949,2024-03-31,ST04,PRD069,38,8460.32,25,OK
INV02950,2024-03-31,ST04,PRD033,81,19129.77,17,OK
INV02951,2024-03-31,ST07,PRD050,88,6744.32,10,OK
INV02952,2024-03-31,ST07,PRD043,71,11608.5,21,OK
INV02953,2024-03-31,ST07,PRD034,55,5665.0,22,OK
INV02954,2024-03-31,ST07,PRD010,66,12543.96,12,OK
INV02955,2024-03-31,ST07,PRD009,27,551.34,21,OK
INV02956,2024-03-31,ST07,PRD024,61,2501.61,18,OK
INV02957,2024-03-31,ST07,PRD036,55,10946.65,22,OK
INV02958,2024-03-31,ST07,PRD023,52,4519.84,19,OK
INV02959,2024-03-31,ST07,PRD019,74,14024.48,17,OK
INV02960,2024-03-31,ST07,PRD053,87,24473.1,25,OK
INV02961,2024-03-31,ST07,PRD008,50,6534.0,15,OK
INV02962,2024-03-31,ST07,PRD055,57,10758.75,25,OK
INV02963,2024-03-31,ST07,PRD011,60,11728.2,24,OK
INV02964,2024-03-31,ST07,PRD032,44,14194.4,18,OK
INV02965,2024-03-31,ST07,PRD075,75,19233.75,22,OK
INV02966,2024-03-31,ST07,PRD016,118,21061.82,11,OK
INV02967,2024-03-31,ST07,PRD061,114,19416.48,10,OK
INV02968,2024-03-31,ST07,PRD046,98,25863.18,24,OK
INV02969,2024-03-31,ST07,PRD068,79,19072.97,23,OK
INV02970,2024-03-31,ST07,PRD048,88,13055.68,12,OK
INV02971,2024-03-31,ST07,PRD080,36,6302.88,24,OK
INV02972,2024-03-31,ST07,PRD040,114,10669.26,11,OK
INV02973,2024-03-31,ST07,PRD021,67,7887.24,22,OK
INV02974,2024-03-31,ST07,PRD071,2,81.9,21,Low
INV02975,2024-03-31,ST07,PRD077,25,4568.25,14,OK
INV02976,2024-03-31,ST06,PRD062,61,16120.47,20,OK
INV02977,2024-03-31,ST06,PRD069,17,3784.88,9,OK
INV02978,2024-03-31,ST06,PRD059,89,14471.4,13,OK
INV02979,2024-03-31,ST06,PRD034,86,8858.0,25,OK
INV02980,2024-03-31,ST06,PRD057,19,3867.07,8,OK
INV02981,2024-03-31,ST06,PRD020,61,12415.94,17,OK
INV02982,2024-03-31,ST06,PRD053,80,22504.0,18,OK
INV02983,2024-03-31,ST06,PRD076,90,7308.0,21,OK
INV02984,2024-03-31,ST06,PRD028,23,3233.8,16,OK
INV02985,2024-03-31,ST06,PRD022,11,987.58,15,Low
INV02986,2024-03-31,ST06,PRD050,117,8966.88,12,OK
INV02987,2024-03-31,ST06,PRD067,35,9226.0,18,OK
INV02988,2024-03-31,ST06,PRD015,76,20542.04,11,OK
INV02989,2024-03-31,ST06,PRD030,92,13187.28,12,OK
INV02990,2024-03-31,ST06,PRD054,30,1010.7,10,OK
INV02991,2024-03-31,ST06,PRD009,36,735.12,10,OK
INV02992,2024-03-31,ST06,PRD044,34,11584.14,13,OK
INV02993,2024-03-31,ST06,PRD080,10,1750.8,19,Low
INV02994,2024-03-31,ST06,PRD043,66,10791.0,12,OK
INV02995,2024-03-31,ST06,PRD047,43,9224.79,16,OK
INV02996,2024-03-31,ST06,PRD040,99,9265.41,18,OK
INV02997,2024-03-31,ST06,PRD068,94,22694.42,11,OK
INV02998,2024-03-31,ST06,PRD026,32,7687.68,15,OK
INV02999,2024-03-31,ST06,PRD075,39,10001.55,14,OK
INV03000,2024-03-31,ST06,PRD004,69,20132.82,12,OK
INV03001,2024-04-30,ST06,PRD017,57,2356.38,23,OK
INV03002,2024-04-30,ST06,PRD005,82,3423.5,10,OK
INV03003,2024-04-30,ST06,PRD045,35,6242.6,23,OK
INV03004,2024-04-30,ST06,PRD009,50,1021.0,17,OK
INV03005,2024-04-30,ST06,PRD008,18,2352.24,15,OK
INV03006,2024-04-30,ST06,PRD025,50,7215.5,11,OK
INV03007,2024-04-30,ST06,PRD033,63,14878.71,9,OK
INV03008,2024-04-30,ST06,PRD010,30,5701.8,12,OK
INV03009,2024-04-30,ST06,PRD047,39,8366.67,13,OK
INV03010,2024-04-30,ST06,PRD039,23,5295.98,15,OK
INV03011,2024-04-30,ST06,PRD018,36,11244.6,10,OK
INV03012,2024-04-30,ST06,PRD075,58,14874.1,22,OK
INV03013,2024-04-30,ST06,PRD037,75,7113.0,12,OK
INV03014,2024-04-30,ST06,PRD068,97,23418.71,10,OK
INV03015,2024-04-30,ST06,PRD020,86,17504.44,11,OK
INV03016,2024-04-30,ST06,PRD032,58,18710.8,9,OK
INV03017,2024-04-30,ST06,PRD046,4,1055.64,19,Low
INV03018,2024-04-30,ST06,PRD054,20,673.8,17,OK
INV03019,2024-04-30,ST06,PRD056,40,10784.8,20,OK
INV03020,2024-04-30,ST06,PRD057,1,203.53,8,Low
INV03021,2024-04-30,ST06,PRD077,12,2192.76,13,OK
INV03022,2024-04-30,ST06,PRD029,96,11311.68,23,OK
INV03023,2024-04-30,ST06,PRD004,108,31512.24,11,OK
INV03024,2024-04-30,ST06,PRD027,61,17766.25,13,OK
INV03025,2024-04-30,ST06,PRD001,107,23722.97,9,OK
INV03026,2024-04-30,ST01,PRD073,88,27315.2,10,OK
INV03027,2024-04-30,ST01,PRD069,47,10464.08,21,OK
INV03028,2024-04-30,ST01,PRD037,30,2845.2,21,OK
INV03029,2024-04-30,ST01,PRD003,71,20004.25,25,OK
INV03030,2024-04-30,ST01,PRD021,51,6003.72,16,OK
INV03031,2024-04-30,ST01,PRD057,85,17300.05,20,OK
INV03032,2024-04-30,ST01,PRD005,81,3381.75,18,OK
INV03033,2024-04-30,ST01,PRD035,82,22219.54,8,OK
INV03034,2024-04-30,ST01,PRD026,36,8648.64,18,OK
INV03035,2024-04-30,ST01,PRD012,48,14157.12,20,OK
INV03036,2024-04-30,ST01,PRD045,0,0.0,21,Out of Stock
INV03037,2024-04-30,ST01,PRD022,119,10683.82,13,OK
INV03038,2024-04-30,ST01,PRD015,66,17839.14,19,OK
INV03039,2024-04-30,ST01,PRD071,29,1187.55,20,OK
INV03040,2024-04-30,ST01,PRD063,104,15497.04,23,OK
INV03041,2024-04-30,ST01,PRD016,104,18562.96,17,OK
INV03042,2024-04-30,ST01,PRD061,77,13114.64,13,OK
INV03043,2024-04-30,ST01,PRD034,71,7313.0,10,OK
INV03044,2024-04-30,ST01,PRD053,67,18847.1,23,OK
INV03045,2024-04-30,ST01,PRD027,9,2621.25,10,Low
INV03046,2024-04-30,ST01,PRD047,104,22311.12,14,OK
INV03047,2024-04-30,ST01,PRD067,117,30841.2,21,OK
INV03048,2024-04-30,ST01,PRD023,29,2520.68,19,OK
INV03049,2024-04-30,ST01,PRD042,98,33262.18,17,OK
INV03050,2024-04-30,ST01,PRD072,24,6859.2,11,OK
INV03051,2024-04-30,ST11,PRD030,28,4013.52,23,OK
INV03052,2024-04-30,ST11,PRD032,75,24195.0,11,OK
INV03053,2024-04-30,ST11,PRD016,51,9102.99,10,OK
INV03054,2024-04-30,ST11,PRD012,65,19171.1,18,OK
INV03055,2024-04-30,ST11,PRD019,91,17246.32,8,OK
INV03056,2024-04-30,ST11,PRD063,20,2980.2,22,OK
INV03057,2024-04-30,ST11,PRD007,51,11105.25,22,OK
INV03058,2024-04-30,ST11,PRD056,6,1617.72,21,Low
INV03059,2024-04-30,ST11,PRD037,32,3034.88,17,OK
INV03060,2024-04-30,ST11,PRD041,108,11227.68,8,OK
INV03061,2024-04-30,ST11,PRD040,76,7112.84,14,OK
INV03062,2024-04-30,ST11,PRD062,97,25634.19,8,OK
INV03063,2024-04-30,ST11,PRD068,89,21487.27,18,OK
INV03064,2024-04-30,ST11,PRD027,61,17766.25,22,OK
INV03065,2024-04-30,ST11,PRD003,54,15214.5,10,OK
INV03066,2024-04-30,ST11,PRD036,37,7364.11,8,OK
INV03067,2024-04-30,ST11,PRD061,49,8345.68,12,OK
INV03068,2024-04-30,ST11,PRD039,50,11513.0,8,OK
INV03069,2024-04-30,ST11,PRD046,5,1319.55,19,Low
INV03070,2024-04-30,ST11,PRD006,36,2643.12,12,OK
INV03071,2024-04-30,ST11,PRD002,71,9965.56,21,OK
INV03072,2024-04-30,ST11,PRD078,27,4681.53,19,OK
INV03073,2024-04-30,ST11,PRD066,62,18188.94,16,OK
INV03074,2024-04-30,ST11,PRD047,4,858.12,25,Low
INV03075,2024-04-30,ST11,PRD014,64,6684.8,18,OK
INV03076,2024-04-30,ST09,PRD014,108,11280.6,20,OK
INV03077,2024-04-30,ST09,PRD057,97,19742.41,11,OK
INV03078,2024-04-30,ST09,PRD040,63,5896.17,23,OK
INV03079,2024-04-30,ST09,PRD034,79,8137.0,24,OK
INV03080,2024-04-30,ST09,PRD039,72,16578.72,9,OK
INV03081,2024-04-30,ST09,PRD038,36,6831.0,14,OK
INV03082,2024-04-30,ST09,PRD010,68,12924.08,10,OK
INV03083,2024-04-30,ST09,PRD032,116,37421.6,9,OK
INV03084,2024-04-30,ST09,PRD068,1,241.43,20,Low
INV03085,2024-04-30,ST09,PRD070,27,8108.91,11,OK
INV03086,2024-04-30,ST09,PRD017,0,0.0,18,Out of Stock
INV03087,2024-04-30,ST09,PRD041,120,12475.2,19,OK
INV03088,2024-04-30,ST09,PRD024,3,123.03,22,Low
INV03089,2024-04-30,ST09,PRD073,100,31040.0,20,OK
INV03090,2024-04-30,ST09,PRD045,15,2675.4,16,OK
INV03091,2024-04-30,ST09,PRD044,0,0.0,16,Out of Stock
INV03092,2024-04-30,ST09,PRD019,65,12318.8,21,OK
INV03093,2024-04-30,ST09,PRD026,64,15375.36,22,OK
INV03094,2024-04-30,ST09,PRD015,14,3784.06,21,OK
INV03095,2024-04-30,ST09,PRD030,76,10893.84,9,OK
INV03096,2024-04-30,ST09,PRD080,61,10679.88,15,OK
INV03097,2024-04-30,ST09,PRD016,109,19455.41,15,OK
INV03098,2024-04-30,ST09,PRD035,71,19238.87,12,OK
INV03099,2024-04-30,ST09,PRD050,102,7817.28,11,OK
INV03100,2024-04-30,ST09,PRD004,7,2042.46,13,Low
INV03101,2024-04-30,ST07,PRD007,81,17637.75,11,OK
INV03102,2024-04-30,ST07,PRD006,1,73.42,21,Low
INV03103,2024-04-30,ST07,PRD014,4,417.8,15,Low
INV03104,2024-04-30,ST07,PRD015,114,30813.06,15,OK
INV03105,2024-04-30,ST07,PRD036,66,13135.98,12,OK
INV03106,2024-04-30,ST07,PRD068,117,28247.31,12,OK
INV03107,2024-04-30,ST07,PRD018,87,27174.45,14,OK
INV03108,2024-04-30,ST07,PRD077,70,12791.1,13,OK
INV03109,2024-04-30,ST07,PRD049,23,5971.95,15,OK
INV03110,2024-04-30,ST07,PRD045,47,8382.92,14,OK
INV03111,2024-04-30,ST07,PRD003,58,16341.5,18,OK
INV03112,2024-04-30,ST07,PRD066,41,12028.17,23,OK
INV03113,2024-04-30,ST07,PRD076,17,1380.4,22,OK
INV03114,2024-04-30,ST07,PRD060,88,14535.84,9,OK
INV03115,2024-04-30,ST07,PRD025,42,6061.02,12,OK
INV03116,2024-04-30,ST07,PRD029,96,11311.68,18,OK
INV03117,2024-04-30,ST07,PRD050,3,229.92,10,Low
INV03118,2024-04-30,ST07,PRD059,69,11219.4,25,OK
INV03119,2024-04-30,ST07,PRD017,56,2315.04,12,OK
INV03120,2024-04-30,ST07,PRD058,5,1502.9,21,Low
INV03121,2024-04-30,ST07,PRD026,78,18738.72,20,OK
INV03122,2024-04-30,ST07,PRD039,46,10591.96,22,OK
INV03123,2024-04-30,ST07,PRD001,63,13967.73,20,OK
INV03124,2024-04-30,ST07,PRD041,62,6445.52,22,OK
INV03125,2024-04-30,ST07,PRD027,69,20096.25,24,OK
INV03126,2024-04-30,ST12,PRD061,64,10900.48,15,OK
INV03127,2024-04-30,ST12,PRD016,51,9102.99,22,OK
INV03128,2024-04-30,ST12,PRD025,109,15729.79,8,OK
INV03129,2024-04-30,ST12,PRD002,55,7719.8,10,OK
INV03130,2024-04-30,ST12,PRD066,72,21122.64,23,OK
INV03131,2024-04-30,ST12,PRD033,117,27631.89,19,OK
INV03132,2024-04-30,ST12,PRD065,1,157.21,8,Low
INV03133,2024-04-30,ST12,PRD027,27,7863.75,24,OK
INV03134,2024-04-30,ST12,PRD064,9,928.8,17,Low
INV03135,2024-04-30,ST12,PRD017,82,3389.88,9,OK
INV03136,2024-04-30,ST12,PRD001,32,7094.72,14,OK
INV03137,2024-04-30,ST12,PRD006,112,8223.04,25,OK
INV03138,2024-04-30,ST12,PRD051,69,4993.53,8,OK
INV03139,2024-04-30,ST12,PRD055,11,2076.25,19,Low
INV03140,2024-04-30,ST12,PRD028,108,15184.8,14,OK
INV03141,2024-04-30,ST12,PRD071,8,327.6,19,Low
INV03142,2024-04-30,ST12,PRD043,117,19129.5,8,OK
INV03143,2024-04-30,ST12,PRD076,1,81.2,19,Low
INV03144,2024-04-30,ST12,PRD075,88,22567.6,25,OK
INV03145,2024-04-30,ST12,PRD037,26,2465.84,19,OK
INV03146,2024-04-30,ST12,PRD035,85,23032.45,14,OK
INV03147,2024-04-30,ST12,PRD078,38,6588.82,25,OK
INV03148,2024-04-30,ST12,PRD023,41,3563.72,25,OK
INV03149,2024-04-30,ST12,PRD029,37,4359.71,13,OK
INV03150,2024-04-30,ST12,PRD020,42,8548.68,18,OK
INV03151,2024-04-30,ST05,PRD051,89,6440.93,15,OK
INV03152,2024-04-30,ST05,PRD009,82,1674.44,19,OK
INV03153,2024-04-30,ST05,PRD036,19,3781.57,16,OK
INV03154,2024-04-30,ST05,PRD079,86,5553.88,21,OK
INV03155,2024-04-30,ST05,PRD057,97,19742.41,14,OK
INV03156,2024-04-30,ST05,PRD067,96,25305.6,21,OK
INV03157,2024-04-30,ST05,PRD039,6,1381.56,16,Low
INV03158,2024-04-30,ST05,PRD028,97,13638.2,13,OK
INV03159,2024-04-30,ST05,PRD058,41,12323.78,8,OK
INV03160,2024-04-30,ST05,PRD050,33,2529.12,8,OK
INV03161,2024-04-30,ST05,PRD004,8,2334.24,15,Low
INV03162,2024-04-30,ST05,PRD013,117,36059.4,18,OK
INV03163,2024-04-30,ST05,PRD075,93,23849.85,25,OK
INV03164,2024-04-30,ST05,PRD026,73,17537.52,24,OK
INV03165,2024-04-30,ST05,PRD024,10,410.1,24,Low
INV03166,2024-04-30,ST05,PRD046,93,24543.63,17,OK
INV03167,2024-04-30,ST05,PRD062,30,7928.1,13,OK
INV03168,2024-04-30,ST05,PRD044,35,11924.85,17,OK
INV03169,2024-04-30,ST05,PRD037,113,10716.92,19,OK
INV03170,2024-04-30,ST05,PRD033,63,14878.71,17,OK
INV03171,2024-04-30,ST05,PRD008,105,13721.4,15,OK
INV03172,2024-04-30,ST05,PRD045,39,6956.04,13,OK
INV03173,2024-04-30,ST05,PRD025,40,5772.4,19,OK
INV03174,2024-04-30,ST05,PRD074,80,7977.6,10,OK
INV03175,2024-04-30,ST05,PRD023,20,1738.4,12,OK
INV03176,2024-04-30,ST08,PRD072,4,1143.2,10,Low
INV03177,2024-04-30,ST08,PRD052,25,4358.0,13,OK
INV03178,2024-04-30,ST08,PRD075,93,23849.85,19,OK
INV03179,2024-04-30,ST08,PRD043,108,17658.0,22,OK
INV03180,2024-04-30,ST08,PRD019,2,379.04,17,Low
INV03181,2024-04-30,ST08,PRD078,36,6242.04,10,OK
INV03182,2024-04-30,ST08,PRD029,101,11900.83,16,OK
INV03183,2024-04-30,ST08,PRD065,65,10218.65,12,OK
INV03184,2024-04-30,ST08,PRD021,19,2236.68,16,OK
INV03185,2024-04-30,ST08,PRD014,96,10027.2,14,OK
INV03186,2024-04-30,ST08,PRD007,101,21992.75,8,OK
INV03187,2024-04-30,ST08,PRD056,23,6201.26,18,OK
INV03188,2024-04-30,ST08,PRD020,78,15876.12,18,OK
INV03189,2024-04-30,ST08,PRD049,64,16617.6,24,OK
INV03190,2024-04-30,ST08,PRD045,71,12663.56,19,OK
INV03191,2024-04-30,ST08,PRD018,112,34983.2,18,OK
INV03192,2024-04-30,ST08,PRD013,115,35443.0,22,OK
INV03193,2024-04-30,ST08,PRD044,26,8858.46,15,OK
INV03194,2024-04-30,ST08,PRD003,77,21694.75,23,OK
INV03195,2024-04-30,ST08,PRD062,34,8985.18,13,OK
INV03196,2024-04-30,ST08,PRD046,81,21376.71,20,OK
INV03197,2024-04-30,ST08,PRD030,0,0.0,25,Out of Stock
INV03198,2024-04-30,ST08,PRD015,45,12163.05,19,OK
INV03199,2024-04-30,ST08,PRD022,5,448.9,12,Low
INV03200,2024-04-30,ST08,PRD039,84,19341.84,20,OK
INV03201,2024-05-31,ST03,PRD041,44,4574.24,13,OK
INV03202,2024-05-31,ST03,PRD028,60,8436.0,23,OK
INV03203,2024-05-31,ST03,PRD074,25,2493.0,22,OK
INV03204,2024-05-31,ST03,PRD047,36,7723.08,25,OK
INV03205,2024-05-31,ST03,PRD080,101,17683.08,10,OK
INV03206,2024-05-31,ST03,PRD053,15,4219.5,25,OK
INV03207,2024-05-31,ST03,PRD016,38,6782.62,16,OK
INV03208,2024-05-31,ST03,PRD060,69,11397.42,23,OK
INV03209,2024-05-31,ST03,PRD021,68,8004.96,8,OK
INV03210,2024-05-31,ST03,PRD002,45,6316.2,12,OK
INV03211,2024-05-31,ST03,PRD061,73,12433.36,11,OK
INV03212,2024-05-31,ST03,PRD008,69,9016.92,17,OK
INV03213,2024-05-31,ST03,PRD032,37,11936.2,9,OK
INV03214,2024-05-31,ST03,PRD056,72,19412.64,8,OK
INV03215,2024-05-31,ST03,PRD063,7,1043.07,13,Low
INV03216,2024-05-31,ST03,PRD065,43,6760.03,18,OK
INV03217,2024-05-31,ST03,PRD027,118,34367.5,24,OK
INV03218,2024-05-31,ST03,PRD031,58,13160.78,24,OK
INV03219,2024-05-31,ST03,PRD013,19,5855.8,18,OK
INV03220,2024-05-31,ST03,PRD025,110,15874.1,22,OK
INV03221,2024-05-31,ST03,PRD015,25,6757.25,11,OK
INV03222,2024-05-31,ST03,PRD058,27,8115.66,8,OK
INV03223,2024-05-31,ST03,PRD075,22,5641.9,13,OK
INV03224,2024-05-31,ST03,PRD004,110,32095.8,8,OK
INV03225,2024-05-31,ST03,PRD007,29,6314.75,22,OK
INV03226,2024-05-31,ST06,PRD032,68,21936.8,20,OK
INV03227,2024-05-31,ST06,PRD045,45,8026.2,24,OK
INV03228,2024-05-31,ST06,PRD039,117,26940.42,18,OK
INV03229,2024-05-31,ST06,PRD006,9,660.78,8,Low
INV03230,2024-05-31,ST06,PRD047,16,3432.48,10,OK
INV03231,2024-05-31,ST06,PRD030,104,14907.36,17,OK
INV03232,2024-05-31,ST06,PRD026,51,12252.24,18,OK
INV03233,2024-05-31,ST06,PRD033,33,7793.61,25,OK
INV03234,2024-05-31,ST06,PRD001,114,25274.94,11,OK
INV03235,2024-05-31,ST06,PRD013,72,22190.4,14,OK
INV03236,2024-05-31,ST06,PRD054,22,741.18,13,OK
INV03237,2024-05-31,ST06,PRD036,111,22092.33,8,OK
INV03238,2024-05-31,ST06,PRD059,101,16422.6,20,OK
INV03239,2024-05-31,ST06,PRD076,119,9662.8,10,OK
INV03240,2024-05-31,ST06,PRD008,45,5880.6,13,OK
INV03241,2024-05-31,ST06,PRD070,87,26128.71,18,OK
INV03242,2024-05-31,ST06,PRD005,110,4592.5,8,OK
INV03243,2024-05-31,ST06,PRD040,10,935.9,10,Low
INV03244,2024-05-31,ST06,PRD058,56,16832.48,23,OK
INV03245,2024-05-31,ST06,PRD067,77,20297.2,24,OK
INV03246,2024-05-31,ST06,PRD015,91,24596.39,22,OK
INV03247,2024-05-31,ST06,PRD071,72,2948.4,18,OK
INV03248,2024-05-31,ST06,PRD080,2,350.16,17,Low
INV03249,2024-05-31,ST06,PRD064,59,6088.8,9,OK
INV03250,2024-05-31,ST06,PRD063,1,149.01,20,Low
INV03251,2024-05-31,ST10,PRD024,96,3936.96,8,OK
INV03252,2024-05-31,ST10,PRD018,53,16554.55,21,OK
INV03253,2024-05-31,ST10,PRD042,6,2036.46,19,Low
INV03254,2024-05-31,ST10,PRD006,63,4625.46,20,OK
INV03255,2024-05-31,ST10,PRD010,114,21666.84,18,OK
INV03256,2024-05-31,ST10,PRD058,16,4809.28,23,OK
INV03257,2024-05-31,ST10,PRD064,26,2683.2,25,OK
INV03258,2024-05-31,ST10,PRD043,31,5068.5,10,OK
INV03259,2024-05-31,ST10,PRD076,93,7551.6,11,OK
INV03260,2024-05-31,ST10,PRD060,20,3303.6,18,OK
INV03261,2024-05-31,ST10,PRD037,75,7113.0,24,OK
INV03262,2024-05-31,ST10,PRD005,110,4592.5,13,OK
INV03263,2024-05-31,ST10,PRD023,17,1477.64,10,OK
INV03264,2024-05-31,ST10,PRD026,65,15615.6,25,OK
INV03265,2024-05-31,ST10,PRD029,57,6716.31,8,OK
INV03266,2024-05-31,ST10,PRD053,14,3938.2,21,OK
INV03267,2024-05-31,ST10,PRD003,19,5353.25,17,OK
INV03268,2024-05-31,ST10,PRD045,87,15517.32,16,OK
INV03269,2024-05-31,ST10,PRD020,34,6920.36,19,OK
INV03270,2024-05-31,ST10,PRD078,9,1560.51,20,Low
INV03271,2024-05-31,ST10,PRD079,77,4972.66,21,OK
INV03272,2024-05-31,ST10,PRD032,10,3226.0,14,Low
INV03273,2024-05-31,ST10,PRD002,62,8702.32,8,OK
INV03274,2024-05-31,ST10,PRD030,31,4443.54,16,OK
INV03275,2024-05-31,ST10,PRD047,3,643.59,25,Low
INV03276,2024-05-31,ST02,PRD037,17,1612.28,9,OK
INV03277,2024-05-31,ST02,PRD078,73,12657.47,18,OK
INV03278,2024-05-31,ST02,PRD061,102,17372.64,12,OK
INV03279,2024-05-31,ST02,PRD067,94,24778.4,23,OK
INV03280,2024-05-31,ST02,PRD042,78,26473.98,18,OK
INV03281,2024-05-31,ST02,PRD029,64,7541.12,20,OK
INV03282,2024-05-31,ST02,PRD016,7,1249.43,22,Low
INV03283,2024-05-31,ST02,PRD041,20,2079.2,19,OK
INV03284,2024-05-31,ST02,PRD006,7,513.94,14,Low
INV03285,2024-05-31,ST02,PRD018,24,7496.4,15,OK
INV03286,2024-05-31,ST02,PRD059,100,16260.0,8,OK
INV03287,2024-05-31,ST02,PRD038,18,3415.5,9,OK
INV03288,2024-05-31,ST02,PRD031,103,23371.73,21,OK
INV03289,2024-05-31,ST02,PRD032,98,31614.8,25,OK
INV03290,2024-05-31,ST02,PRD015,23,6216.67,12,OK
INV03291,2024-05-31,ST02,PRD013,1,308.2,18,Low
INV03292,2024-05-31,ST02,PRD049,27,7010.55,24,OK
INV03293,2024-05-31,ST02,PRD023,36,3129.12,18,OK
INV03294,2024-05-31,ST02,PRD071,101,4135.95,13,OK
INV03295,2024-05-31,ST02,PRD021,71,8358.12,11,OK
INV03296,2024-05-31,ST02,PRD069,26,5788.64,16,OK
INV03297,2024-05-31,ST02,PRD062,73,19291.71,22,OK
INV03298,2024-05-31,ST02,PRD035,65,17613.05,18,OK
INV03299,2024-05-31,ST02,PRD002,105,14737.8,22,OK
INV03300,2024-05-31,ST02,PRD027,118,34367.5,18,OK
INV03301,2024-05-31,ST05,PRD020,40,8141.6,10,OK
INV03302,2024-05-31,ST05,PRD029,31,3652.73,9,OK
INV03303,2024-05-31,ST05,PRD019,112,21226.24,20,OK
INV03304,2024-05-31,ST05,PRD049,105,27263.25,13,OK
INV03305,2024-05-31,ST05,PRD077,77,14070.21,17,OK
INV03306,2024-05-31,ST05,PRD011,23,4495.81,21,OK
INV03307,2024-05-31,ST05,PRD005,37,1544.75,23,OK
INV03308,2024-05-31,ST05,PRD027,97,28251.25,23,OK
INV03309,2024-05-31,ST05,PRD071,2,81.9,23,Low
INV03310,2024-05-31,ST05,PRD080,2,350.16,14,Low
INV03311,2024-05-31,ST05,PRD015,37,10000.73,18,OK
INV03312,2024-05-31,ST05,PRD016,48,8567.52,13,OK
INV03313,2024-05-31,ST05,PRD068,9,2172.87,19,Low
INV03314,2024-05-31,ST05,PRD053,45,12658.5,18,OK
INV03315,2024-05-31,ST05,PRD023,17,1477.64,23,OK
INV03316,2024-05-31,ST05,PRD001,114,25274.94,16,OK
INV03317,2024-05-31,ST05,PRD041,19,1975.24,11,OK
INV03318,2024-05-31,ST05,PRD051,51,3690.87,11,OK
INV03319,2024-05-31,ST05,PRD076,74,6008.8,19,OK
INV03320,2024-05-31,ST05,PRD003,97,27329.75,23,OK
INV03321,2024-05-31,ST05,PRD044,45,15331.95,17,OK
INV03322,2024-05-31,ST05,PRD009,14,285.88,8,OK
INV03323,2024-05-31,ST05,PRD024,32,1312.32,18,OK
INV03324,2024-05-31,ST05,PRD063,33,4917.33,9,OK
INV03325,2024-05-31,ST05,PRD055,55,10381.25,18,OK
INV03326,2024-05-31,ST07,PRD039,1,230.26,8,Low
INV03327,2024-05-31,ST07,PRD064,53,5469.6,10,OK
INV03328,2024-05-31,ST07,PRD068,70,16900.1,9,OK
INV03329,2024-05-31,ST07,PRD019,19,3600.88,9,OK
INV03330,2024-05-31,ST07,PRD077,116,21196.68,14,OK
INV03331,2024-05-31,ST07,PRD080,14,2451.12,19,OK
INV03332,2024-05-31,ST07,PRD008,47,6141.96,21,OK
INV03333,2024-05-31,ST07,PRD065,115,18079.15,22,OK
INV03334,2024-05-31,ST07,PRD067,59,15552.4,18,OK
INV03335,2024-05-31,ST07,PRD050,23,1762.72,11,OK
INV03336,2024-05-31,ST07,PRD055,112,21140.0,21,OK
INV03337,2024-05-31,ST07,PRD052,25,4358.0,19,OK
INV03338,2024-05-31,ST07,PRD010,79,15014.74,13,OK
INV03339,2024-05-31,ST07,PRD014,80,8356.0,16,OK
INV03340,2024-05-31,ST07,PRD057,93,18928.29,16,OK
INV03341,2024-05-31,ST07,PRD074,38,3789.36,19,OK
INV03342,2024-05-31,ST07,PRD002,115,16141.4,8,OK
INV03343,2024-05-31,ST07,PRD029,57,6716.31,21,OK
INV03344,2024-05-31,ST07,PRD018,41,12806.35,17,OK
INV03345,2024-05-31,ST07,PRD040,58,5428.22,24,OK
INV03346,2024-05-31,ST07,PRD071,114,4668.3,24,OK
INV03347,2024-05-31,ST07,PRD049,73,18954.45,11,OK
INV03348,2024-05-31,ST07,PRD036,102,20301.06,18,OK
INV03349,2024-05-31,ST07,PRD075,101,25901.45,19,OK
INV03350,2024-05-31,ST07,PRD069,79,17588.56,15,OK
INV03351,2024-05-31,ST11,PRD080,102,17858.16,21,OK
INV03352,2024-05-31,ST11,PRD069,1,222.64,8,Low
INV03353,2024-05-31,ST11,PRD075,13,3333.85,17,OK
INV03354,2024-05-31,ST11,PRD060,41,6772.38,13,OK
INV03355,2024-05-31,ST11,PRD063,119,17732.19,15,OK
INV03356,2024-05-31,ST11,PRD047,22,4719.66,15,OK
INV03357,2024-05-31,ST11,PRD016,16,2855.84,11,OK
INV03358,2024-05-31,ST11,PRD040,97,9078.23,17,OK
INV03359,2024-05-31,ST11,PRD018,17,5309.95,9,OK
INV03360,2024-05-31,ST11,PRD041,33,3430.68,11,OK
INV03361,2024-05-31,ST11,PRD065,62,9747.02,14,OK
INV03362,2024-05-31,ST11,PRD003,91,25639.25,18,OK
INV03363,2024-05-31,ST11,PRD064,28,2889.6,24,OK
INV03364,2024-05-31,ST11,PRD038,37,7020.75,14,OK
INV03365,2024-05-31,ST11,PRD019,1,189.52,23,Low
INV03366,2024-05-31,ST11,PRD021,9,1059.48,24,Low
INV03367,2024-05-31,ST11,PRD015,38,10271.02,21,OK
INV03368,2024-05-31,ST11,PRD011,55,10750.85,8,OK
INV03369,2024-05-31,ST11,PRD001,77,17071.67,8,OK
INV03370,2024-05-31,ST11,PRD050,31,2375.84,18,OK
INV03371,2024-05-31,ST11,PRD013,14,4314.8,16,OK
INV03372,2024-05-31,ST11,PRD061,76,12944.32,9,OK
INV03373,2024-05-31,ST11,PRD031,83,18833.53,14,OK
INV03374,2024-05-31,ST11,PRD048,27,4005.72,15,OK
INV03375,2024-05-31,ST11,PRD014,12,1253.4,15,OK
INV03376,2024-05-31,ST09,PRD073,51,15830.4,15,OK
INV03377,2024-05-31,ST09,PRD025,3,432.93,11,Low
INV03378,2024-05-31,ST09,PRD049,90,23368.5,20,OK
INV03379,2024-05-31,ST09,PRD005,110,4592.5,10,OK
INV03380,2024-05-31,ST09,PRD046,64,16890.24,9,OK
INV03381,2024-05-31,ST09,PRD061,24,4087.68,9,OK
INV03382,2024-05-31,ST09,PRD019,101,19141.52,14,OK
INV03383,2024-05-31,ST09,PRD007,67,14589.25,22,OK
INV03384,2024-05-31,ST09,PRD058,103,30959.74,16,OK
INV03385,2024-05-31,ST09,PRD026,20,4804.8,20,OK
INV03386,2024-05-31,ST09,PRD012,27,7963.38,17,OK
INV03387,2024-05-31,ST09,PRD010,0,0.0,19,Out of Stock
INV03388,2024-05-31,ST09,PRD047,37,7937.61,23,OK
INV03389,2024-05-31,ST09,PRD053,45,12658.5,19,OK
INV03390,2024-05-31,ST09,PRD063,9,1341.09,18,Low
INV03391,2024-05-31,ST09,PRD067,107,28205.2,20,OK
INV03392,2024-05-31,ST09,PRD023,79,6866.68,24,OK
INV03393,2024-05-31,ST09,PRD060,28,4625.04,13,OK
INV03394,2024-05-31,ST09,PRD016,23,4105.27,10,OK
INV03395,2024-05-31,ST09,PRD033,89,21019.13,25,OK
INV03396,2024-05-31,ST09,PRD055,114,21517.5,10,OK
INV03397,2024-05-31,ST09,PRD028,20,2812.0,24,OK
INV03398,2024-05-31,ST09,PRD064,112,11558.4,8,OK
INV03399,2024-05-31,ST09,PRD035,77,20864.69,10,OK
INV03400,2024-05-31,ST09,PRD009,103,2103.26,10,OK
INV03401,2024-06-30,ST08,PRD015,44,11892.76,20,OK
INV03402,2024-06-30,ST08,PRD059,46,7479.6,22,OK
INV03403,2024-06-30,ST08,PRD076,36,2923.2,14,OK
INV03404,2024-06-30,ST08,PRD044,113,38500.23,23,OK
INV03405,2024-06-30,ST08,PRD052,114,19872.48,18,OK
INV03406,2024-06-30,ST08,PRD064,111,11455.2,24,OK
INV03407,2024-06-30,ST08,PRD067,23,6062.8,17,OK
INV03408,2024-06-30,ST08,PRD043,120,19620.0,25,OK
INV03409,2024-06-30,ST08,PRD072,9,2572.2,14,Low
INV03410,2024-06-30,ST08,PRD057,18,3663.54,25,OK
INV03411,2024-06-30,ST08,PRD051,100,7237.0,11,OK
INV03412,2024-06-30,ST08,PRD056,64,17255.68,8,OK
INV03413,2024-06-30,ST08,PRD016,100,17849.0,11,OK
INV03414,2024-06-30,ST08,PRD020,23,4681.42,19,OK
INV03415,2024-06-30,ST08,PRD011,45,8796.15,24,OK
INV03416,2024-06-30,ST08,PRD058,34,10219.72,16,OK
INV03417,2024-06-30,ST08,PRD063,40,5960.4,22,OK
INV03418,2024-06-30,ST08,PRD046,118,31141.38,14,OK
INV03419,2024-06-30,ST08,PRD048,41,6082.76,13,OK
INV03420,2024-06-30,ST08,PRD062,49,12949.23,16,OK
INV03421,2024-06-30,ST08,PRD019,4,758.08,22,Low
INV03422,2024-06-30,ST08,PRD047,13,2788.89,17,OK
INV03423,2024-06-30,ST08,PRD017,108,4464.72,10,OK
INV03424,2024-06-30,ST08,PRD074,25,2493.0,11,OK
INV03425,2024-06-30,ST08,PRD007,5,1088.75,16,Low
INV03426,2024-06-30,ST12,PRD056,75,20221.5,16,OK
INV03427,2024-06-30,ST12,PRD048,57,8456.52,13,OK
INV03428,2024-06-30,ST12,PRD019,73,13834.96,12,OK
INV03429,2024-06-30,ST12,PRD064,51,5263.2,15,OK
INV03430,2024-06-30,ST12,PRD040,24,2246.16,22,OK
INV03431,2024-06-30,ST12,PRD008,4,522.72,9,Low
INV03432,2024-06-30,ST12,PRD034,76,7828.0,19,OK
INV03433,2024-06-30,ST12,PRD046,15,3958.65,10,OK
INV03434,2024-06-30,ST12,PRD080,27,4727.16,10,OK
INV03435,2024-06-30,ST12,PRD033,86,20310.62,13,OK
INV03436,2024-06-30,ST12,PRD042,107,36316.87,12,OK
INV03437,2024-06-30,ST12,PRD036,19,3781.57,22,OK
INV03438,2024-06-30,ST12,PRD028,92,12935.2,21,OK
INV03439,2024-06-30,ST12,PRD009,12,245.04,19,OK
INV03440,2024-06-30,ST12,PRD023,70,6084.4,16,OK
INV03441,2024-06-30,ST12,PRD075,99,25388.55,12,OK
INV03442,2024-06-30,ST12,PRD031,44,9984.04,10,OK
INV03443,2024-06-30,ST12,PRD074,11,1096.92,25,Low
INV03444,2024-06-30,ST12,PRD053,96,27004.8,23,OK
INV03445,2024-06-30,ST12,PRD012,88,25954.72,17,OK
INV03446,2024-06-30,ST12,PRD068,119,28730.17,13,OK
INV03447,2024-06-30,ST12,PRD021,20,2354.4,15,OK
INV03448,2024-06-30,ST12,PRD007,15,3266.25,25,OK
INV03449,2024-06-30,ST12,PRD010,42,7982.52,24,OK
INV03450,2024-06-30,ST12,PRD049,27,7010.55,10,OK
INV03451,2024-06-30,ST01,PRD028,66,9279.6,11,OK
INV03452,2024-06-30,ST01,PRD022,71,6374.38,22,OK
INV03453,2024-06-30,ST01,PRD062,24,6342.48,11,OK
INV03454,2024-06-30,ST01,PRD045,61,10879.96,25,OK
INV03455,2024-06-30,ST01,PRD063,111,16540.11,18,OK
INV03456,2024-06-30,ST01,PRD004,17,4960.26,23,OK
INV03457,2024-06-30,ST01,PRD026,55,13213.2,17,OK
INV03458,2024-06-30,ST01,PRD038,20,3795.0,24,OK
INV03459,2024-06-30,ST01,PRD075,32,8206.4,20,OK
INV03460,2024-06-30,ST01,PRD057,70,14247.1,18,OK
INV03461,2024-06-30,ST01,PRD016,15,2677.35,12,OK
INV03462,2024-06-30,ST01,PRD069,51,11354.64,10,OK
INV03463,2024-06-30,ST01,PRD012,62,18286.28,19,OK
INV03464,2024-06-30,ST01,PRD035,87,23574.39,25,OK
INV03465,2024-06-30,ST01,PRD048,104,15429.44,20,OK
INV03466,2024-06-30,ST01,PRD040,106,9920.54,12,OK
INV03467,2024-06-30,ST01,PRD030,57,8170.38,17,OK
INV03468,2024-06-30,ST01,PRD061,20,3406.4,9,OK
INV03469,2024-06-30,ST01,PRD074,106,10570.32,9,OK
INV03470,2024-06-30,ST01,PRD010,28,5321.68,11,OK
INV03471,2024-06-30,ST01,PRD041,50,5198.0,11,OK
INV03472,2024-06-30,ST01,PRD050,5,383.2,12,Low
INV03473,2024-06-30,ST01,PRD029,65,7658.95,10,OK
INV03474,2024-06-30,ST01,PRD042,13,4412.33,11,OK
INV03475,2024-06-30,ST01,PRD018,12,3748.2,23,OK
INV03476,2024-06-30,ST02,PRD005,98,4091.5,9,OK
INV03477,2024-06-30,ST02,PRD039,80,18420.8,10,OK
INV03478,2024-06-30,ST02,PRD003,53,14932.75,15,OK
INV03479,2024-06-30,ST02,PRD038,15,2846.25,21,OK
INV03480,2024-06-30,ST02,PRD064,16,1651.2,18,OK
INV03481,2024-06-30,ST02,PRD070,65,19521.45,10,OK
INV03482,2024-06-30,ST02,PRD061,117,19927.44,9,OK
INV03483,2024-06-30,ST02,PRD030,106,15194.04,22,OK
INV03484,2024-06-30,ST02,PRD074,61,6082.92,11,OK
INV03485,2024-06-30,ST02,PRD079,74,4778.92,20,OK
INV03486,2024-06-30,ST02,PRD066,84,24643.08,23,OK
INV03487,2024-06-30,ST02,PRD007,55,11976.25,23,OK
INV03488,2024-06-30,ST02,PRD048,111,16467.96,16,OK
INV03489,2024-06-30,ST02,PRD018,8,2498.8,20,Low
INV03490,2024-06-30,ST02,PRD016,49,8746.01,9,OK
INV03491,2024-06-30,ST02,PRD060,51,8424.18,16,OK
INV03492,2024-06-30,ST02,PRD001,70,15519.7,18,OK
INV03493,2024-06-30,ST02,PRD009,111,2266.62,25,OK
INV03494,2024-06-30,ST02,PRD078,87,15084.93,24,OK
INV03495,2024-06-30,ST02,PRD032,69,22259.4,17,OK
INV03496,2024-06-30,ST02,PRD059,100,16260.0,17,OK
INV03497,2024-06-30,ST02,PRD075,34,8719.3,12,OK
INV03498,2024-06-30,ST02,PRD037,36,3414.24,18,OK
INV03499,2024-06-30,ST02,PRD055,7,1321.25,16,Low
INV03500,2024-06-30,ST02,PRD031,93,21102.63,24,OK
INV03501,2024-06-30,ST03,PRD066,40,11734.8,16,OK
INV03502,2024-06-30,ST03,PRD052,11,1917.52,22,Low
INV03503,2024-06-30,ST03,PRD038,106,20113.5,25,OK
INV03504,2024-06-30,ST03,PRD046,27,7125.57,13,OK
INV03505,2024-06-30,ST03,PRD029,11,1296.13,10,Low
INV03506,2024-06-30,ST03,PRD065,19,2986.99,20,OK
INV03507,2024-06-30,ST03,PRD055,68,12835.0,11,OK
INV03508,2024-06-30,ST03,PRD072,70,20006.0,21,OK
INV03509,2024-06-30,ST03,PRD078,66,11443.74,19,OK
INV03510,2024-06-30,ST03,PRD041,3,311.88,20,Low
INV03511,2024-06-30,ST03,PRD014,27,2820.15,17,OK
INV03512,2024-06-30,ST03,PRD023,41,3563.72,24,OK
INV03513,2024-06-30,ST03,PRD054,86,2897.34,18,OK
INV03514,2024-06-30,ST03,PRD043,53,8665.5,23,OK
INV03515,2024-06-30,ST03,PRD069,117,26048.88,23,OK
INV03516,2024-06-30,ST03,PRD064,8,825.6,8,Low
INV03517,2024-06-30,ST03,PRD068,36,8691.48,19,OK
INV03518,2024-06-30,ST03,PRD027,83,24173.75,20,OK
INV03519,2024-06-30,ST03,PRD061,64,10900.48,25,OK
INV03520,2024-06-30,ST03,PRD076,23,1867.6,21,OK
INV03521,2024-06-30,ST03,PRD016,117,20883.33,15,OK
INV03522,2024-06-30,ST03,PRD007,38,8274.5,13,OK
INV03523,2024-06-30,ST03,PRD022,104,9337.12,17,OK
INV03524,2024-06-30,ST03,PRD024,23,943.23,14,OK
INV03525,2024-06-30,ST03,PRD012,46,13567.24,13,OK
INV03526,2024-06-30,ST07,PRD068,70,16900.1,16,OK
INV03527,2024-06-30,ST07,PRD067,120,31632.0,24,OK
INV03528,2024-06-30,ST07,PRD061,59,10048.88,16,OK
INV03529,2024-06-30,ST07,PRD002,19,2666.84,21,OK
INV03530,2024-06-30,ST07,PRD003,14,3944.5,19,OK
INV03531,2024-06-30,ST07,PRD043,80,13080.0,17,OK
INV03532,2024-06-30,ST07,PRD018,59,18428.65,11,OK
INV03533,2024-06-30,ST07,PRD045,102,18192.72,13,OK
INV03534,2024-06-30,ST07,PRD011,8,1563.76,20,Low
INV03535,2024-06-30,ST07,PRD027,120,34950.0,12,OK
INV03536,2024-06-30,ST07,PRD051,60,4342.2,19,OK
INV03537,2024-06-30,ST07,PRD024,58,2378.58,14,OK
INV03538,2024-06-30,ST07,PRD078,30,5201.7,13,OK
INV03539,2024-06-30,ST07,PRD023,4,347.68,8,Low
INV03540,2024-06-30,ST07,PRD042,53,17988.73,11,OK
INV03541,2024-06-30,ST07,PRD052,14,2440.48,15,OK
INV03542,2024-06-30,ST07,PRD016,55,9816.95,25,OK
INV03543,2024-06-30,ST07,PRD033,78,18421.26,19,OK
INV03544,2024-06-30,ST07,PRD012,119,35097.86,12,OK
INV03545,2024-06-30,ST07,PRD007,78,16984.5,23,OK
INV03546,2024-06-30,ST07,PRD005,99,4133.25,17,OK
INV03547,2024-06-30,ST07,PRD041,103,10707.88,25,OK
INV03548,2024-06-30,ST07,PRD017,1,41.34,13,Low
INV03549,2024-06-30,ST07,PRD001,110,24388.1,14,OK
INV03550,2024-06-30,ST07,PRD046,29,7653.39,19,OK
INV03551,2024-06-30,ST04,PRD021,41,4826.52,21,OK
INV03552,2024-06-30,ST04,PRD031,13,2949.83,14,OK
INV03553,2024-06-30,ST04,PRD041,101,10499.96,21,OK
INV03554,2024-06-30,ST04,PRD067,96,25305.6,9,OK
INV03555,2024-06-30,ST04,PRD033,101,23853.17,17,OK
INV03556,2024-06-30,ST04,PRD048,60,8901.6,18,OK
INV03557,2024-06-30,ST04,PRD056,116,31275.92,11,OK
INV03558,2024-06-30,ST04,PRD079,109,7039.22,8,OK
INV03559,2024-06-30,ST04,PRD072,37,10574.6,13,OK
INV03560,2024-06-30,ST04,PRD028,34,4780.4,12,OK
INV03561,2024-06-30,ST04,PRD077,41,7491.93,25,OK
INV03562,2024-06-30,ST04,PRD040,33,3088.47,20,OK
INV03563,2024-06-30,ST04,PRD051,47,3401.39,24,OK
INV03564,2024-06-30,ST04,PRD008,75,9801.0,14,OK
INV03565,2024-06-30,ST04,PRD058,25,7514.5,15,OK
INV03566,2024-06-30,ST04,PRD037,101,9578.84,18,OK
INV03567,2024-06-30,ST04,PRD010,61,11593.66,10,OK
INV03568,2024-06-30,ST04,PRD026,57,13693.68,21,OK
INV03569,2024-06-30,ST04,PRD075,70,17951.5,19,OK
INV03570,2024-06-30,ST04,PRD069,24,5343.36,24,OK
INV03571,2024-06-30,ST04,PRD034,105,10815.0,16,OK
INV03572,2024-06-30,ST04,PRD055,75,14156.25,16,OK
INV03573,2024-06-30,ST04,PRD070,2,600.66,24,Low
INV03574,2024-06-30,ST04,PRD080,94,16457.52,16,OK
INV03575,2024-06-30,ST04,PRD057,94,19131.82,22,OK
INV03576,2024-06-30,ST06,PRD060,55,9084.9,11,OK
INV03577,2024-06-30,ST06,PRD019,65,12318.8,24,OK
INV03578,2024-06-30,ST06,PRD061,43,7323.76,22,OK
INV03579,2024-06-30,ST06,PRD058,95,28555.1,18,OK
INV03580,2024-06-30,ST06,PRD020,19,3867.26,16,OK
INV03581,2024-06-30,ST06,PRD066,113,33150.81,19,OK
INV03582,2024-06-30,ST06,PRD004,20,5835.6,11,OK
INV03583,2024-06-30,ST06,PRD018,49,15305.15,17,OK
INV03584,2024-06-30,ST06,PRD064,115,11868.0,13,OK
INV03585,2024-06-30,ST06,PRD059,83,13495.8,9,OK
INV03586,2024-06-30,ST06,PRD010,88,16725.28,10,OK
INV03587,2024-06-30,ST06,PRD039,14,3223.64,24,OK
INV03588,2024-06-30,ST06,PRD001,6,1330.26,24,Low
INV03589,2024-06-30,ST06,PRD074,21,2094.12,18,OK
INV03590,2024-06-30,ST06,PRD037,32,3034.88,25,OK
INV03591,2024-06-30,ST06,PRD049,120,31158.0,18,OK
INV03592,2024-06-30,ST06,PRD033,17,4014.89,10,OK
INV03593,2024-06-30,ST06,PRD067,93,24514.8,10,OK
INV03594,2024-06-30,ST06,PRD034,83,8549.0,12,OK
INV03595,2024-06-30,ST06,PRD032,14,4516.4,19,OK
INV03596,2024-06-30,ST06,PRD069,73,16252.72,17,OK
INV03597,2024-06-30,ST06,PRD035,100,27097.0,21,OK
INV03598,2024-06-30,ST06,PRD007,31,6750.25,14,OK
INV03599,2024-06-30,ST06,PRD031,31,7034.21,25,OK
INV03600,2024-06-30,ST06,PRD016,13,2320.37,23,OK
INV03601,2024-07-31,ST10,PRD006,52,3817.84,16,OK
INV03602,2024-07-31,ST10,PRD013,55,16951.0,13,OK
INV03603,2024-07-31,ST10,PRD060,72,11892.96,20,OK
INV03604,2024-07-31,ST10,PRD078,91,15778.49,9,OK
INV03605,2024-07-31,ST10,PRD004,44,12838.32,17,OK
INV03606,2024-07-31,ST10,PRD049,91,23628.15,18,OK
INV03607,2024-07-31,ST10,PRD007,23,5008.25,10,OK
INV03608,2024-07-31,ST10,PRD043,75,12262.5,9,OK
INV03609,2024-07-31,ST10,PRD030,100,14334.0,13,OK
INV03610,2024-07-31,ST10,PRD026,50,12012.0,23,OK
INV03611,2024-07-31,ST10,PRD077,15,2740.95,13,OK
INV03612,2024-07-31,ST10,PRD008,40,5227.2,25,OK
INV03613,2024-07-31,ST10,PRD016,100,17849.0,16,OK
INV03614,2024-07-31,ST10,PRD031,1,226.91,17,Low
INV03615,2024-07-31,ST10,PRD075,102,26157.9,23,OK
INV03616,2024-07-31,ST10,PRD072,53,15147.4,9,OK
INV03617,2024-07-31,ST10,PRD053,64,18003.2,15,OK
INV03618,2024-07-31,ST10,PRD048,103,15281.08,8,OK
INV03619,2024-07-31,ST10,PRD022,56,5027.68,15,OK
INV03620,2024-07-31,ST10,PRD059,42,6829.2,16,OK
INV03621,2024-07-31,ST10,PRD005,53,2212.75,9,OK
INV03622,2024-07-31,ST10,PRD058,1,300.58,23,Low
INV03623,2024-07-31,ST10,PRD017,74,3059.16,22,OK
INV03624,2024-07-31,ST10,PRD041,90,9356.4,16,OK
INV03625,2024-07-31,ST10,PRD014,7,731.15,23,Low
INV03626,2024-07-31,ST11,PRD056,56,15098.72,21,OK
INV03627,2024-07-31,ST11,PRD067,35,9226.0,20,OK
INV03628,2024-07-31,ST11,PRD045,46,8204.56,14,OK
INV03629,2024-07-31,ST11,PRD049,8,2077.2,23,Low
INV03630,2024-07-31,ST11,PRD035,115,31161.55,19,OK
INV03631,2024-07-31,ST11,PRD034,88,9064.0,18,OK
INV03632,2024-07-31,ST11,PRD020,72,14654.88,21,OK
INV03633,2024-07-31,ST11,PRD041,17,1767.32,23,OK
INV03634,2024-07-31,ST11,PRD044,33,11243.43,12,OK
INV03635,2024-07-31,ST11,PRD030,105,15050.7,14,OK
INV03636,2024-07-31,ST11,PRD032,29,9355.4,17,OK
INV03637,2024-07-31,ST11,PRD033,120,28340.4,11,OK
INV03638,2024-07-31,ST11,PRD065,114,17921.94,12,OK
INV03639,2024-07-31,ST11,PRD077,69,12608.37,15,OK
INV03640,2024-07-31,ST11,PRD073,36,11174.4,15,OK
INV03641,2024-07-31,ST11,PRD040,81,7580.79,23,OK
INV03642,2024-07-31,ST11,PRD053,2,562.6,15,Low
INV03643,2024-07-31,ST11,PRD076,59,4790.8,18,OK
INV03644,2024-07-31,ST11,PRD004,23,6710.94,20,OK
INV03645,2024-07-31,ST11,PRD001,111,24609.81,21,OK
INV03646,2024-07-31,ST11,PRD009,65,1327.3,19,OK
INV03647,2024-07-31,ST11,PRD012,61,17991.34,19,OK
INV03648,2024-07-31,ST11,PRD061,29,4939.28,10,OK
INV03649,2024-07-31,ST11,PRD043,48,7848.0,11,OK
INV03650,2024-07-31,ST11,PRD068,24,5794.32,16,OK
INV03651,2024-07-31,ST09,PRD049,41,10645.65,23,OK
INV03652,2024-07-31,ST09,PRD071,39,1597.05,24,OK
INV03653,2024-07-31,ST09,PRD078,15,2600.85,19,OK
INV03654,2024-07-31,ST09,PRD030,100,14334.0,14,OK
INV03655,2024-07-31,ST09,PRD031,22,4992.02,17,OK
INV03656,2024-07-31,ST09,PRD017,55,2273.7,9,OK
INV03657,2024-07-31,ST09,PRD062,81,21405.87,20,OK
INV03658,2024-07-31,ST09,PRD051,109,7888.33,15,OK
INV03659,2024-07-31,ST09,PRD073,77,23900.8,24,OK
INV03660,2024-07-31,ST09,PRD012,13,3834.22,24,OK
INV03661,2024-07-31,ST09,PRD080,0,0.0,24,Out of Stock
INV03662,2024-07-31,ST09,PRD028,42,5905.2,19,OK
INV03663,2024-07-31,ST09,PRD065,34,5345.14,13,OK
INV03664,2024-07-31,ST09,PRD036,4,796.12,20,Low
INV03665,2024-07-31,ST09,PRD014,0,0.0,15,Out of Stock
INV03666,2024-07-31,ST09,PRD016,78,13922.22,20,OK
INV03667,2024-07-31,ST09,PRD059,6,975.6,9,Low
INV03668,2024-07-31,ST09,PRD010,90,17105.4,23,OK
INV03669,2024-07-31,ST09,PRD050,70,5364.8,16,OK
INV03670,2024-07-31,ST09,PRD074,73,7279.56,14,OK
INV03671,2024-07-31,ST09,PRD063,43,6407.43,8,OK
INV03672,2024-07-31,ST09,PRD022,51,4578.78,11,OK
INV03673,2024-07-31,ST09,PRD008,113,14766.84,23,OK
INV03674,2024-07-31,ST09,PRD079,58,3745.64,13,OK
INV03675,2024-07-31,ST09,PRD052,120,20918.4,14,OK
INV03676,2024-07-31,ST05,PRD066,86,25229.82,13,OK
INV03677,2024-07-31,ST05,PRD018,71,22176.85,10,OK
INV03678,2024-07-31,ST05,PRD005,40,1670.0,18,OK
INV03679,2024-07-31,ST05,PRD059,97,15772.2,17,OK
INV03680,2024-07-31,ST05,PRD045,26,4637.36,10,OK
INV03681,2024-07-31,ST05,PRD010,18,3421.08,16,OK
INV03682,2024-07-31,ST05,PRD015,81,21893.49,21,OK
INV03683,2024-07-31,ST05,PRD031,62,14068.42,16,OK
INV03684,2024-07-31,ST05,PRD039,1,230.26,8,Low
INV03685,2024-07-31,ST05,PRD056,110,29658.2,17,OK
INV03686,2024-07-31,ST05,PRD044,0,0.0,17,Out of Stock
INV03687,2024-07-31,ST05,PRD058,31,9317.98,22,OK
INV03688,2024-07-31,ST05,PRD054,70,2358.3,11,OK
INV03689,2024-07-31,ST05,PRD074,111,11068.92,17,OK
INV03690,2024-07-31,ST05,PRD002,8,1122.88,11,Low
INV03691,2024-07-31,ST05,PRD032,74,23872.4,19,OK
INV03692,2024-07-31,ST05,PRD024,67,2747.67,22,OK
INV03693,2024-07-31,ST05,PRD004,91,26551.98,15,OK
INV03694,2024-07-31,ST05,PRD009,53,1082.26,9,OK
INV03695,2024-07-31,ST05,PRD011,112,21892.64,21,OK
INV03696,2024-07-31,ST05,PRD017,89,3679.26,15,OK
INV03697,2024-07-31,ST05,PRD001,33,7316.43,9,OK
INV03698,2024-07-31,ST05,PRD007,47,10234.25,10,OK
INV03699,2024-07-31,ST05,PRD065,113,17764.73,14,OK
INV03700,2024-07-31,ST05,PRD067,4,1054.4,9,Low
INV03701,2024-07-31,ST03,PRD045,115,20511.4,25,OK
INV03702,2024-07-31,ST03,PRD060,8,1321.44,22,Low
INV03703,2024-07-31,ST03,PRD024,99,4059.99,18,OK
INV03704,2024-07-31,ST03,PRD030,39,5590.26,25,OK
INV03705,2024-07-31,ST03,PRD073,11,3414.4,17,Low
INV03706,2024-07-31,ST03,PRD048,37,5489.32,12,OK
INV03707,2024-07-31,ST03,PRD027,83,24173.75,15,OK
INV03708,2024-07-31,ST03,PRD078,28,4854.92,19,OK
INV03709,2024-07-31,ST03,PRD058,104,31260.32,12,OK
INV03710,2024-07-31,ST03,PRD015,85,22974.65,11,OK
INV03711,2024-07-31,ST03,PRD065,40,6288.4,20,OK
INV03712,2024-07-31,ST03,PRD022,6,538.68,12,Low
INV03713,2024-07-31,ST03,PRD077,27,4933.71,13,OK
INV03714,2024-07-31,ST03,PRD029,38,4477.54,23,OK
INV03715,2024-07-31,ST03,PRD016,39,6961.11,20,OK
INV03716,2024-07-31,ST03,PRD053,117,32912.1,24,OK
INV03717,2024-07-31,ST03,PRD063,120,17881.2,23,OK
INV03718,2024-07-31,ST03,PRD008,72,9408.96,12,OK
INV03719,2024-07-31,ST03,PRD074,63,6282.36,10,OK
INV03720,2024-07-31,ST03,PRD009,70,1429.4,19,OK
INV03721,2024-07-31,ST03,PRD039,45,10361.7,10,OK
INV03722,2024-07-31,ST03,PRD057,29,5902.37,22,OK
INV03723,2024-07-31,ST03,PRD038,6,1138.5,14,Low
INV03724,2024-07-31,ST03,PRD062,89,23520.03,19,OK
INV03725,2024-07-31,ST03,PRD075,90,23080.5,22,OK
INV03726,2024-07-31,ST04,PRD077,42,7674.66,23,OK
INV03727,2024-07-31,ST04,PRD059,23,3739.8,8,OK
INV03728,2024-07-31,ST04,PRD070,16,4805.28,9,OK
INV03729,2024-07-31,ST04,PRD003,26,7325.5,18,OK
INV03730,2024-07-31,ST04,PRD072,20,5716.0,11,OK
INV03731,2024-07-31,ST04,PRD064,7,722.4,17,Low
INV03732,2024-07-31,ST04,PRD065,69,10847.49,11,OK
INV03733,2024-07-31,ST04,PRD038,15,2846.25,16,OK
INV03734,2024-07-31,ST04,PRD013,119,36675.8,21,OK
INV03735,2024-07-31,ST04,PRD079,67,4326.86,10,OK
INV03736,2024-07-31,ST04,PRD066,31,9094.47,25,OK
INV03737,2024-07-31,ST04,PRD054,108,3638.52,15,OK
INV03738,2024-07-31,ST04,PRD061,31,5279.92,10,OK
INV03739,2024-07-31,ST04,PRD029,27,3181.41,24,OK
INV03740,2024-07-31,ST04,PRD028,55,7733.0,14,OK
INV03741,2024-07-31,ST04,PRD056,87,23456.94,17,OK
INV03742,2024-07-31,ST04,PRD067,73,19242.8,12,OK
INV03743,2024-07-31,ST04,PRD037,27,2560.68,18,OK
INV03744,2024-07-31,ST04,PRD020,88,17911.52,12,OK
INV03745,2024-07-31,ST04,PRD048,95,14094.2,16,OK
INV03746,2024-07-31,ST04,PRD068,77,18590.11,14,OK
INV03747,2024-07-31,ST04,PRD057,62,12618.86,11,OK
INV03748,2024-07-31,ST04,PRD039,5,1151.3,16,Low
INV03749,2024-07-31,ST04,PRD073,12,3724.8,22,OK
INV03750,2024-07-31,ST04,PRD043,50,8175.0,13,OK
INV03751,2024-07-31,ST07,PRD072,35,10003.0,15,OK
INV03752,2024-07-31,ST07,PRD043,107,17494.5,24,OK
INV03753,2024-07-31,ST07,PRD014,75,7833.75,10,OK
INV03754,2024-07-31,ST07,PRD001,13,2882.23,17,OK
INV03755,2024-07-31,ST07,PRD032,82,26453.2,24,OK
INV03756,2024-07-31,ST07,PRD077,18,3289.14,10,OK
INV03757,2024-07-31,ST07,PRD010,77,14634.62,11,OK
INV03758,2024-07-31,ST07,PRD053,21,5907.3,8,OK
INV03759,2024-07-31,ST07,PRD036,48,9553.44,12,OK
INV03760,2024-07-31,ST07,PRD006,104,7635.68,16,OK
INV03761,2024-07-31,ST07,PRD035,119,32245.43,17,OK
INV03762,2024-07-31,ST07,PRD004,8,2334.24,24,Low
INV03763,2024-07-31,ST07,PRD030,40,5733.6,8,OK
INV03764,2024-07-31,ST07,PRD060,8,1321.44,21,Low
INV03765,2024-07-31,ST07,PRD052,99,17257.68,21,OK
INV03766,2024-07-31,ST07,PRD017,93,3844.62,17,OK
INV03767,2024-07-31,ST07,PRD015,85,22974.65,10,OK
INV03768,2024-07-31,ST07,PRD008,43,5619.24,8,OK
INV03769,2024-07-31,ST07,PRD034,77,7931.0,19,OK
INV03770,2024-07-31,ST07,PRD059,120,19512.0,23,OK
INV03771,2024-07-31,ST07,PRD080,94,16457.52,18,OK
INV03772,2024-07-31,ST07,PRD002,49,6877.64,24,OK
INV03773,2024-07-31,ST07,PRD028,105,14763.0,10,OK
INV03774,2024-07-31,ST07,PRD040,9,842.31,15,Low
INV03775,2024-07-31,ST07,PRD003,32,9016.0,15,OK
INV03776,2024-07-31,ST12,PRD010,21,3991.26,16,OK
INV03777,2024-07-31,ST12,PRD044,107,36455.97,22,OK
INV03778,2024-07-31,ST12,PRD029,13,1531.79,15,OK
INV03779,2024-07-31,ST12,PRD024,73,2993.73,11,OK
INV03780,2024-07-31,ST12,PRD078,53,9189.67,18,OK
INV03781,2024-07-31,ST12,PRD013,114,35134.8,13,OK
INV03782,2024-07-31,ST12,PRD034,56,5768.0,22,OK
INV03783,2024-07-31,ST12,PRD030,109,15624.06,14,OK
INV03784,2024-07-31,ST12,PRD018,0,0.0,25,Out of Stock
INV03785,2024-07-31,ST12,PRD067,60,15816.0,12,OK
INV03786,2024-07-31,ST12,PRD020,86,17504.44,16,OK
INV03787,2024-07-31,ST12,PRD021,112,13184.64,8,OK
INV03788,2024-07-31,ST12,PRD027,29,8446.25,20,OK
INV03789,2024-07-31,ST12,PRD047,36,7723.08,24,OK
INV03790,2024-07-31,ST12,PRD052,96,16734.72,9,OK
INV03791,2024-07-31,ST12,PRD032,1,322.6,13,Low
INV03792,2024-07-31,ST12,PRD036,85,16917.55,19,OK
INV03793,2024-07-31,ST12,PRD058,105,31560.9,17,OK
INV03794,2024-07-31,ST12,PRD046,1,263.91,21,Low
INV03795,2024-07-31,ST12,PRD031,90,20421.9,16,OK
INV03796,2024-07-31,ST12,PRD053,115,32349.5,20,OK
INV03797,2024-07-31,ST12,PRD011,85,16614.95,22,OK
INV03798,2024-07-31,ST12,PRD050,54,4138.56,19,OK
INV03799,2024-07-31,ST12,PRD054,8,269.52,23,Low
INV03800,2024-07-31,ST12,PRD028,18,2530.8,23,OK
INV03801,2024-08-31,ST12,PRD027,86,25047.5,24,OK
INV03802,2024-08-31,ST12,PRD050,28,2145.92,17,OK
INV03803,2024-08-31,ST12,PRD042,25,8485.25,20,OK
INV03804,2024-08-31,ST12,PRD043,34,5559.0,17,OK
INV03805,2024-08-31,ST12,PRD056,47,12672.14,20,OK
INV03806,2024-08-31,ST12,PRD038,54,10246.5,14,OK
INV03807,2024-08-31,ST12,PRD034,2,206.0,9,Low
INV03808,2024-08-31,ST12,PRD014,48,5013.6,21,OK
INV03809,2024-08-31,ST12,PRD074,73,7279.56,18,OK
INV03810,2024-08-31,ST12,PRD026,70,16816.8,9,OK
INV03811,2024-08-31,ST12,PRD001,119,26383.49,17,OK
INV03812,2024-08-31,ST12,PRD004,98,28594.44,16,OK
INV03813,2024-08-31,ST12,PRD010,2,380.12,20,Low
INV03814,2024-08-31,ST12,PRD048,52,7714.72,17,OK
INV03815,2024-08-31,ST12,PRD070,39,11712.87,21,OK
INV03816,2024-08-31,ST12,PRD028,108,15184.8,19,OK
INV03817,2024-08-31,ST12,PRD024,8,328.08,18,Low
INV03818,2024-08-31,ST12,PRD017,59,2439.06,11,OK
INV03819,2024-08-31,ST12,PRD061,62,10559.84,12,OK
INV03820,2024-08-31,ST12,PRD066,88,25816.56,15,OK
INV03821,2024-08-31,ST12,PRD016,6,1070.94,8,Low
INV03822,2024-08-31,ST12,PRD069,17,3784.88,24,OK
INV03823,2024-08-31,ST12,PRD075,64,16412.8,14,OK
INV03824,2024-08-31,ST12,PRD011,120,23456.4,16,OK
INV03825,2024-08-31,ST12,PRD009,73,1490.66,12,OK
INV03826,2024-08-31,ST08,PRD069,115,25603.6,23,OK
INV03827,2024-08-31,ST08,PRD035,60,16258.2,9,OK
INV03828,2024-08-31,ST08,PRD038,28,5313.0,21,OK
INV03829,2024-08-31,ST08,PRD043,106,17331.0,16,OK
INV03830,2024-08-31,ST08,PRD042,115,39032.15,20,OK
INV03831,2024-08-31,ST08,PRD006,38,2789.96,17,OK
INV03832,2024-08-31,ST08,PRD061,17,2895.44,12,OK
INV03833,2024-08-31,ST08,PRD040,106,9920.54,11,OK
INV03834,2024-08-31,ST08,PRD022,105,9426.9,20,OK
INV03835,2024-08-31,ST08,PRD066,74,21709.38,21,OK
INV03836,2024-08-31,ST08,PRD019,106,20089.12,24,OK
INV03837,2024-08-31,ST08,PRD003,77,21694.75,13,OK
INV03838,2024-08-31,ST08,PRD026,88,21141.12,24,OK
INV03839,2024-08-31,ST08,PRD063,55,8195.55,23,OK
INV03840,2024-08-31,ST08,PRD036,74,14728.22,22,OK
INV03841,2024-08-31,ST08,PRD079,104,6716.32,15,OK
INV03842,2024-08-31,ST08,PRD004,107,31220.46,17,OK
INV03843,2024-08-31,ST08,PRD064,64,6604.8,18,OK
INV03844,2024-08-31,ST08,PRD001,79,17515.09,21,OK
INV03845,2024-08-31,ST08,PRD005,113,4717.75,14,OK
INV03846,2024-08-31,ST08,PRD062,109,28805.43,19,OK
INV03847,2024-08-31,ST08,PRD057,60,12211.8,12,OK
INV03848,2024-08-31,ST08,PRD072,16,4572.8,14,OK
INV03849,2024-08-31,ST08,PRD028,92,12935.2,10,OK
INV03850,2024-08-31,ST08,PRD034,40,4120.0,12,OK
INV03851,2024-08-31,ST06,PRD052,62,10807.84,15,OK
INV03852,2024-08-31,ST06,PRD005,61,2546.75,25,OK
INV03853,2024-08-31,ST06,PRD047,34,7294.02,24,OK
INV03854,2024-08-31,ST06,PRD059,104,16910.4,9,OK
INV03855,2024-08-31,ST06,PRD076,90,7308.0,9,OK
INV03856,2024-08-31,ST06,PRD037,18,1707.12,8,OK
INV03857,2024-08-31,ST06,PRD071,103,4217.85,15,OK
INV03858,2024-08-31,ST06,PRD009,21,428.82,24,OK
INV03859,2024-08-31,ST06,PRD041,63,6549.48,9,OK
INV03860,2024-08-31,ST06,PRD077,56,10232.88,24,OK
INV03861,2024-08-31,ST06,PRD072,99,28294.2,20,OK
INV03862,2024-08-31,ST06,PRD068,91,21970.13,10,OK
INV03863,2024-08-31,ST06,PRD016,61,10887.89,24,OK
INV03864,2024-08-31,ST06,PRD004,92,26843.76,15,OK
INV03865,2024-08-31,ST06,PRD079,102,6587.16,12,OK
INV03866,2024-08-31,ST06,PRD010,84,15965.04,12,OK
INV03867,2024-08-31,ST06,PRD048,47,6972.92,9,OK
INV03868,2024-08-31,ST06,PRD020,76,15469.04,11,OK
INV03869,2024-08-31,ST06,PRD063,100,14901.0,19,OK
INV03870,2024-08-31,ST06,PRD030,92,13187.28,19,OK
INV03871,2024-08-31,ST06,PRD024,57,2337.57,15,OK
INV03872,2024-08-31,ST06,PRD066,20,5867.4,13,OK
INV03873,2024-08-31,ST06,PRD012,120,35392.8,12,OK
INV03874,2024-08-31,ST06,PRD017,23,950.82,15,OK
INV03875,2024-08-31,ST06,PRD060,89,14701.02,12,OK
INV03876,2024-08-31,ST04,PRD052,106,18477.92,9,OK
INV03877,2024-08-31,ST04,PRD005,92,3841.0,21,OK
INV03878,2024-08-31,ST04,PRD012,10,2949.4,24,Low
INV03879,2024-08-31,ST04,PRD059,34,5528.4,18,OK
INV03880,2024-08-31,ST04,PRD046,51,13459.41,23,OK
INV03881,2024-08-31,ST04,PRD037,18,1707.12,22,OK
INV03882,2024-08-31,ST04,PRD019,65,12318.8,19,OK
INV03883,2024-08-31,ST04,PRD051,61,4414.57,14,OK
INV03884,2024-08-31,ST04,PRD068,2,482.86,12,Low
INV03885,2024-08-31,ST04,PRD067,90,23724.0,14,OK
INV03886,2024-08-31,ST04,PRD027,84,24465.0,17,OK
INV03887,2024-08-31,ST04,PRD022,71,6374.38,17,OK
INV03888,2024-08-31,ST04,PRD008,61,7971.48,22,OK
INV03889,2024-08-31,ST04,PRD011,10,1954.7,16,Low
INV03890,2024-08-31,ST04,PRD018,50,15617.5,23,OK
INV03891,2024-08-31,ST04,PRD035,29,7858.13,14,OK
INV03892,2024-08-31,ST04,PRD020,82,16690.28,9,OK
INV03893,2024-08-31,ST04,PRD014,79,8251.55,12,OK
INV03894,2024-08-31,ST04,PRD064,15,1548.0,15,OK
INV03895,2024-08-31,ST04,PRD036,95,18907.85,22,OK
INV03896,2024-08-31,ST04,PRD013,5,1541.0,11,Low
INV03897,2024-08-31,ST04,PRD042,66,22401.06,14,OK
INV03898,2024-08-31,ST04,PRD040,105,9826.95,13,OK
INV03899,2024-08-31,ST04,PRD077,62,11329.26,16,OK
INV03900,2024-08-31,ST04,PRD049,1,259.65,14,Low
INV03901,2024-08-31,ST03,PRD015,118,31894.22,18,OK
INV03902,2024-08-31,ST03,PRD056,77,20760.74,25,OK
INV03903,2024-08-31,ST03,PRD076,17,1380.4,10,OK
INV03904,2024-08-31,ST03,PRD037,73,6923.32,17,OK
INV03905,2024-08-31,ST03,PRD062,14,3699.78,19,OK
INV03906,2024-08-31,ST03,PRD035,10,2709.7,23,Low
INV03907,2024-08-31,ST03,PRD031,52,11799.32,15,OK
INV03908,2024-08-31,ST03,PRD034,65,6695.0,21,OK
INV03909,2024-08-31,ST03,PRD011,11,2150.17,25,Low
INV03910,2024-08-31,ST03,PRD069,83,18479.12,8,OK
INV03911,2024-08-31,ST03,PRD068,70,16900.1,19,OK
INV03912,2024-08-31,ST03,PRD080,38,6653.04,8,OK
INV03913,2024-08-31,ST03,PRD047,80,17162.4,15,OK
INV03914,2024-08-31,ST03,PRD058,113,33965.54,9,OK
INV03915,2024-08-31,ST03,PRD055,24,4530.0,12,OK
INV03916,2024-08-31,ST03,PRD048,45,6676.2,15,OK
INV03917,2024-08-31,ST03,PRD072,47,13432.6,18,OK
INV03918,2024-08-31,ST03,PRD024,42,1722.42,19,OK
INV03919,2024-08-31,ST03,PRD067,25,6590.0,22,OK
INV03920,2024-08-31,ST03,PRD004,23,6710.94,8,OK
INV03921,2024-08-31,ST03,PRD010,98,18625.88,18,OK
INV03922,2024-08-31,ST03,PRD007,104,22646.0,21,OK
INV03923,2024-08-31,ST03,PRD033,2,472.34,8,Low
INV03924,2024-08-31,ST03,PRD026,81,19459.44,21,OK
INV03925,2024-08-31,ST03,PRD017,90,3720.6,17,OK
INV03926,2024-08-31,ST05,PRD018,103,32172.05,8,OK
INV03927,2024-08-31,ST05,PRD001,28,6207.88,12,OK
INV03928,2024-08-31,ST05,PRD078,20,3467.8,14,OK
INV03929,2024-08-31,ST05,PRD023,85,7388.2,13,OK
INV03930,2024-08-31,ST05,PRD019,31,5875.12,19,OK
INV03931,2024-08-31,ST05,PRD047,90,19307.7,17,OK
INV03932,2024-08-31,ST05,PRD073,28,8691.2,14,OK
INV03933,2024-08-31,ST05,PRD063,88,13112.88,23,OK
INV03934,2024-08-31,ST05,PRD032,92,29679.2,16,OK
INV03935,2024-08-31,ST05,PRD054,40,1347.6,14,OK
INV03936,2024-08-31,ST05,PRD060,104,17178.72,21,OK
INV03937,2024-08-31,ST05,PRD007,89,19379.75,18,OK
INV03938,2024-08-31,ST05,PRD058,51,15329.58,9,OK
INV03939,2024-08-31,ST05,PRD012,101,29788.94,12,OK
INV03940,2024-08-31,ST05,PRD006,49,3597.58,23,OK
INV03941,2024-08-31,ST05,PRD050,90,6897.6,17,OK
INV03942,2024-08-31,ST05,PRD003,112,31556.0,11,OK
INV03943,2024-08-31,ST05,PRD070,109,32735.97,13,OK
INV03944,2024-08-31,ST05,PRD069,10,2226.4,20,Low
INV03945,2024-08-31,ST05,PRD048,28,4154.08,24,OK
INV03946,2024-08-31,ST05,PRD049,21,5452.65,16,OK
INV03947,2024-08-31,ST05,PRD066,40,11734.8,20,OK
INV03948,2024-08-31,ST05,PRD046,117,30877.47,13,OK
INV03949,2024-08-31,ST05,PRD015,21,5676.09,15,OK
INV03950,2024-08-31,ST05,PRD041,116,12059.36,23,OK
INV03951,2024-08-31,ST01,PRD019,119,22552.88,24,OK
INV03952,2024-08-31,ST01,PRD036,105,20898.15,10,OK
INV03953,2024-08-31,ST01,PRD069,52,11577.28,19,OK
INV03954,2024-08-31,ST01,PRD034,25,2575.0,18,OK
INV03955,2024-08-31,ST01,PRD028,73,10263.8,25,OK
INV03956,2024-08-31,ST01,PRD074,46,4587.12,10,OK
INV03957,2024-08-31,ST01,PRD055,99,18686.25,19,OK
INV03958,2024-08-31,ST01,PRD007,82,17855.5,14,OK
INV03959,2024-08-31,ST01,PRD049,80,20772.0,12,OK
INV03960,2024-08-31,ST01,PRD073,7,2172.8,13,Low
INV03961,2024-08-31,ST01,PRD059,71,11544.6,15,OK
INV03962,2024-08-31,ST01,PRD025,83,11977.73,19,OK
INV03963,2024-08-31,ST01,PRD011,30,5864.1,16,OK
INV03964,2024-08-31,ST01,PRD001,19,4212.49,16,OK
INV03965,2024-08-31,ST01,PRD045,81,14447.16,18,OK
INV03966,2024-08-31,ST01,PRD013,1,308.2,10,Low
INV03967,2024-08-31,ST01,PRD046,40,10556.4,13,OK
INV03968,2024-08-31,ST01,PRD041,91,9460.36,25,OK
INV03969,2024-08-31,ST01,PRD002,1,140.36,9,Low
INV03970,2024-08-31,ST01,PRD048,93,13797.48,21,OK
INV03971,2024-08-31,ST01,PRD030,33,4730.22,24,OK
INV03972,2024-08-31,ST01,PRD005,117,4884.75,21,OK
INV03973,2024-08-31,ST01,PRD063,15,2235.15,18,OK
INV03974,2024-08-31,ST01,PRD056,57,15368.34,22,OK
INV03975,2024-08-31,ST01,PRD004,101,29469.78,14,OK
INV03976,2024-08-31,ST02,PRD024,39,1599.39,22,OK
INV03977,2024-08-31,ST02,PRD035,51,13819.47,16,OK
INV03978,2024-08-31,ST02,PRD052,115,20046.8,13,OK
INV03979,2024-08-31,ST02,PRD078,94,16298.66,17,OK
INV03980,2024-08-31,ST02,PRD079,79,5101.82,16,OK
INV03981,2024-08-31,ST02,PRD022,39,3501.42,12,OK
INV03982,2024-08-31,ST02,PRD067,94,24778.4,25,OK
INV03983,2024-08-31,ST02,PRD056,22,5931.64,25,OK
INV03984,2024-08-31,ST02,PRD026,11,2642.64,24,Low
INV03985,2024-08-31,ST02,PRD068,114,27523.02,14,OK
INV03986,2024-08-31,ST02,PRD053,19,5344.7,18,OK
INV03987,2024-08-31,ST02,PRD066,46,13495.02,10,OK
INV03988,2024-08-31,ST02,PRD002,105,14737.8,13,OK
INV03989,2024-08-31,ST02,PRD014,48,5013.6,20,OK
INV03990,2024-08-31,ST02,PRD080,101,17683.08,10,OK
INV03991,2024-08-31,ST02,PRD054,61,2055.09,25,OK
INV03992,2024-08-31,ST02,PRD049,23,5971.95,22,OK
INV03993,2024-08-31,ST02,PRD037,20,1896.8,22,OK
INV03994,2024-08-31,ST02,PRD047,110,23598.3,13,OK
INV03995,2024-08-31,ST02,PRD040,14,1310.26,15,OK
INV03996,2024-08-31,ST02,PRD013,55,16951.0,8,OK
INV03997,2024-08-31,ST02,PRD065,71,11161.91,20,OK
INV03998,2024-08-31,ST02,PRD004,54,15756.12,8,OK
INV03999,2024-08-31,ST02,PRD003,21,5916.75,12,OK
INV04000,2024-08-31,ST02,PRD021,75,8829.0,20,OK
INV04001,2024-09-30,ST04,PRD036,34,6767.02,12,OK
INV04002,2024-09-30,ST04,PRD008,5,653.4,25,Low
INV04003,2024-09-30,ST04,PRD038,120,22770.0,21,OK
INV04004,2024-09-30,ST04,PRD002,102,14316.72,20,OK
INV04005,2024-09-30,ST04,PRD027,92,26795.0,17,OK
INV04006,2024-09-30,ST04,PRD040,63,5896.17,24,OK
INV04007,2024-09-30,ST04,PRD013,53,16334.6,14,OK
INV04008,2024-09-30,ST04,PRD062,46,12156.42,16,OK
INV04009,2024-09-30,ST04,PRD054,31,1044.39,8,OK
INV04010,2024-09-30,ST04,PRD001,89,19732.19,10,OK
INV04011,2024-09-30,ST04,PRD063,101,15050.01,12,OK
INV04012,2024-09-30,ST04,PRD015,16,4324.64,20,OK
INV04013,2024-09-30,ST04,PRD026,77,18498.48,17,OK
INV04014,2024-09-30,ST04,PRD064,15,1548.0,18,OK
INV04015,2024-09-30,ST04,PRD073,31,9622.4,18,OK
INV04016,2024-09-30,ST04,PRD066,32,9387.84,14,OK
INV04017,2024-09-30,ST04,PRD028,15,2109.0,24,OK
INV04018,2024-09-30,ST04,PRD034,60,6180.0,8,OK
INV04019,2024-09-30,ST04,PRD025,82,11833.42,19,OK
INV04020,2024-09-30,ST04,PRD020,96,19539.84,9,OK
INV04021,2024-09-30,ST04,PRD077,79,14435.67,25,OK
INV04022,2024-09-30,ST04,PRD017,104,4299.36,13,OK
INV04023,2024-09-30,ST04,PRD030,115,16484.1,12,OK
INV04024,2024-09-30,ST04,PRD053,8,2250.4,21,Low
INV04025,2024-09-30,ST04,PRD060,110,18169.8,12,OK
INV04026,2024-09-30,ST02,PRD048,96,14242.56,12,OK
INV04027,2024-09-30,ST02,PRD029,65,7658.95,23,OK
INV04028,2024-09-30,ST02,PRD023,35,3042.2,17,OK
INV04029,2024-09-30,ST02,PRD024,120,4921.2,8,OK
INV04030,2024-09-30,ST02,PRD036,17,3383.51,11,OK
INV04031,2024-09-30,ST02,PRD002,25,3509.0,14,OK
INV04032,2024-09-30,ST02,PRD067,17,4481.2,12,OK
INV04033,2024-09-30,ST02,PRD038,61,11574.75,21,OK
INV04034,2024-09-30,ST02,PRD003,109,30710.75,8,OK
INV04035,2024-09-30,ST02,PRD064,110,11352.0,14,OK
INV04036,2024-09-30,ST02,PRD073,75,23280.0,13,OK
INV04037,2024-09-30,ST02,PRD026,101,24264.24,11,OK
INV04038,2024-09-30,ST02,PRD068,72,17382.96,11,OK
INV04039,2024-09-30,ST02,PRD032,118,38066.8,21,OK
INV04040,2024-09-30,ST02,PRD034,102,10506.0,18,OK
INV04041,2024-09-30,ST02,PRD011,64,12510.08,9,OK
INV04042,2024-09-30,ST02,PRD053,49,13783.7,16,OK
INV04043,2024-09-30,ST02,PRD009,120,2450.4,14,OK
INV04044,2024-09-30,ST02,PRD057,115,23405.95,24,OK
INV04045,2024-09-30,ST02,PRD016,47,8389.03,18,OK
INV04046,2024-09-30,ST02,PRD055,94,17742.5,10,OK
INV04047,2024-09-30,ST02,PRD049,17,4414.05,24,OK
INV04048,2024-09-30,ST02,PRD010,54,10263.24,20,OK
INV04049,2024-09-30,ST02,PRD021,89,10477.08,15,OK
INV04050,2024-09-30,ST02,PRD042,109,36995.69,11,OK
INV04051,2024-09-30,ST07,PRD067,30,7908.0,22,OK
INV04052,2024-09-30,ST07,PRD004,58,16923.24,19,OK
INV04053,2024-09-30,ST07,PRD042,30,10182.3,14,OK
INV04054,2024-09-30,ST07,PRD066,44,12908.28,16,OK
INV04055,2024-09-30,ST07,PRD032,81,26130.6,9,OK
INV04056,2024-09-30,ST07,PRD002,72,10105.92,18,OK
INV04057,2024-09-30,ST07,PRD058,117,35167.86,15,OK
INV04058,2024-09-30,ST07,PRD051,116,8394.92,14,OK
INV04059,2024-09-30,ST07,PRD079,116,7491.28,13,OK
INV04060,2024-09-30,ST07,PRD038,82,15559.5,16,OK
INV04061,2024-09-30,ST07,PRD049,86,22329.9,15,OK
INV04062,2024-09-30,ST07,PRD026,25,6006.0,18,OK
INV04063,2024-09-30,ST07,PRD041,111,11539.56,8,OK
INV04064,2024-09-30,ST07,PRD003,50,14087.5,24,OK
INV04065,2024-09-30,ST07,PRD064,98,10113.6,17,OK
INV04066,2024-09-30,ST07,PRD061,110,18735.2,17,OK
INV04067,2024-09-30,ST07,PRD030,31,4443.54,14,OK
INV04068,2024-09-30,ST07,PRD062,93,24577.11,24,OK
INV04069,2024-09-30,ST07,PRD048,79,11720.44,8,OK
INV04070,2024-09-30,ST07,PRD007,20,4355.0,18,OK
INV04071,2024-09-30,ST07,PRD036,115,22888.45,16,OK
INV04072,2024-09-30,ST07,PRD053,63,17721.9,10,OK
INV04073,2024-09-30,ST07,PRD035,84,22761.48,13,OK
INV04074,2024-09-30,ST07,PRD022,60,5386.8,25,OK
INV04075,2024-09-30,ST07,PRD040,0,0.0,20,Out of Stock
INV04076,2024-09-30,ST06,PRD049,91,23628.15,14,OK
INV04077,2024-09-30,ST06,PRD033,53,12517.01,9,OK
INV04078,2024-09-30,ST06,PRD040,50,4679.5,15,OK
INV04079,2024-09-30,ST06,PRD071,102,4176.9,23,OK
INV04080,2024-09-30,ST06,PRD047,1,214.53,18,Low
INV04081,2024-09-30,ST06,PRD053,43,12095.9,17,OK
INV04082,2024-09-30,ST06,PRD062,45,11892.15,21,OK
INV04083,2024-09-30,ST06,PRD077,90,16445.7,18,OK
INV04084,2024-09-30,ST06,PRD080,13,2276.04,18,OK
INV04085,2024-09-30,ST06,PRD066,34,9974.58,10,OK
INV04086,2024-09-30,ST06,PRD022,107,9606.46,16,OK
INV04087,2024-09-30,ST06,PRD051,22,1592.14,15,OK
INV04088,2024-09-30,ST06,PRD065,89,13991.69,25,OK
INV04089,2024-09-30,ST06,PRD046,53,13987.23,10,OK
INV04090,2024-09-30,ST06,PRD041,39,4054.44,18,OK
INV04091,2024-09-30,ST06,PRD015,2,540.58,17,Low
INV04092,2024-09-30,ST06,PRD019,15,2842.8,15,OK
INV04093,2024-09-30,ST06,PRD031,81,18379.71,25,OK
INV04094,2024-09-30,ST06,PRD050,21,1609.44,12,OK
INV04095,2024-09-30,ST06,PRD057,102,20760.06,19,OK
INV04096,2024-09-30,ST06,PRD004,98,28594.44,24,OK
INV04097,2024-09-30,ST06,PRD048,8,1186.88,16,Low
INV04098,2024-09-30,ST06,PRD007,91,19815.25,9,OK
INV04099,2024-09-30,ST06,PRD058,10,3005.8,8,Low
INV04100,2024-09-30,ST06,PRD034,13,1339.0,11,OK
INV04101,2024-09-30,ST01,PRD074,100,9972.0,12,OK
INV04102,2024-09-30,ST01,PRD004,51,14880.78,14,OK
INV04103,2024-09-30,ST01,PRD045,37,6599.32,16,OK
INV04104,2024-09-30,ST01,PRD005,45,1878.75,18,OK
INV04105,2024-09-30,ST01,PRD039,53,12203.78,19,OK
INV04106,2024-09-30,ST01,PRD040,107,10014.13,25,OK
INV04107,2024-09-30,ST01,PRD022,20,1795.6,17,OK
INV04108,2024-09-30,ST01,PRD070,63,18920.79,21,OK
INV04109,2024-09-30,ST01,PRD014,71,7415.95,12,OK
INV04110,2024-09-30,ST01,PRD054,88,2964.72,18,OK
INV04111,2024-09-30,ST01,PRD075,119,30517.55,25,OK
INV04112,2024-09-30,ST01,PRD041,109,11331.64,16,OK
INV04113,2024-09-30,ST01,PRD065,45,7074.45,23,OK
INV04114,2024-09-30,ST01,PRD077,17,3106.41,12,OK
INV04115,2024-09-30,ST01,PRD072,6,1714.8,19,Low
INV04116,2024-09-30,ST01,PRD067,5,1318.0,11,Low
INV04117,2024-09-30,ST01,PRD051,87,6296.19,10,OK
INV04118,2024-09-30,ST01,PRD078,49,8496.11,8,OK
INV04119,2024-09-30,ST01,PRD015,2,540.58,12,Low
INV04120,2024-09-30,ST01,PRD059,54,8780.4,24,OK
INV04121,2024-09-30,ST01,PRD080,38,6653.04,21,OK
INV04122,2024-09-30,ST01,PRD023,60,5215.2,22,OK
INV04123,2024-09-30,ST01,PRD007,112,24388.0,23,OK
INV04124,2024-09-30,ST01,PRD038,55,10436.25,11,OK
INV04125,2024-09-30,ST01,PRD032,74,23872.4,13,OK
INV04126,2024-09-30,ST08,PRD007,103,22428.25,19,OK
INV04127,2024-09-30,ST08,PRD017,25,1033.5,18,OK
INV04128,2024-09-30,ST08,PRD075,22,5641.9,12,OK
INV04129,2024-09-30,ST08,PRD060,77,12718.86,15,OK
INV04130,2024-09-30,ST08,PRD052,97,16909.04,25,OK
INV04131,2024-09-30,ST08,PRD032,50,16130.0,13,OK
INV04132,2024-09-30,ST08,PRD057,110,22388.3,10,OK
INV04133,2024-09-30,ST08,PRD058,68,20439.44,23,OK
INV04134,2024-09-30,ST08,PRD044,81,27597.51,14,OK
INV04135,2024-09-30,ST08,PRD045,113,20154.68,22,OK
INV04136,2024-09-30,ST08,PRD047,43,9224.79,15,OK
INV04137,2024-09-30,ST08,PRD074,80,7977.6,22,OK
INV04138,2024-09-30,ST08,PRD039,81,18651.06,12,OK
INV04139,2024-09-30,ST08,PRD030,61,8743.74,19,OK
INV04140,2024-09-30,ST08,PRD014,12,1253.4,14,OK
INV04141,2024-09-30,ST08,PRD025,9,1298.79,18,Low
INV04142,2024-09-30,ST08,PRD050,66,5058.24,20,OK
INV04143,2024-09-30,ST08,PRD063,18,2682.18,8,OK
INV04144,2024-09-30,ST08,PRD065,60,9432.6,10,OK
INV04145,2024-09-30,ST08,PRD029,26,3063.58,24,OK
INV04146,2024-09-30,ST08,PRD069,73,16252.72,16,OK
INV04147,2024-09-30,ST08,PRD006,60,4405.2,22,OK
INV04148,2024-09-30,ST08,PRD059,85,13821.0,25,OK
INV04149,2024-09-30,ST08,PRD026,43,10330.32,17,OK
INV04150,2024-09-30,ST08,PRD011,81,15833.07,9,OK
INV04151,2024-09-30,ST09,PRD057,0,0.0,20,Out of Stock
INV04152,2024-09-30,ST09,PRD075,97,24875.65,16,OK
INV04153,2024-09-30,ST09,PRD034,58,5974.0,17,OK
INV04154,2024-09-30,ST09,PRD045,0,0.0,18,Out of Stock
INV04155,2024-09-30,ST09,PRD032,47,15162.2,8,OK
INV04156,2024-09-30,ST09,PRD028,28,3936.8,23,OK
INV04157,2024-09-30,ST09,PRD036,40,7961.2,8,OK
INV04158,2024-09-30,ST09,PRD011,15,2932.05,21,OK
INV04159,2024-09-30,ST09,PRD014,0,0.0,18,Out of Stock
INV04160,2024-09-30,ST09,PRD024,46,1886.46,23,OK
INV04161,2024-09-30,ST09,PRD079,95,6135.1,9,OK
INV04162,2024-09-30,ST09,PRD053,35,9845.5,23,OK
INV04163,2024-09-30,ST09,PRD039,65,14966.9,22,OK
INV04164,2024-09-30,ST09,PRD069,85,18924.4,10,OK
INV04165,2024-09-30,ST09,PRD071,117,4791.15,12,OK
INV04166,2024-09-30,ST09,PRD042,29,9842.89,23,OK
INV04167,2024-09-30,ST09,PRD007,93,20250.75,13,OK
INV04168,2024-09-30,ST09,PRD025,71,10246.01,23,OK
INV04169,2024-09-30,ST09,PRD037,90,8535.6,15,OK
INV04170,2024-09-30,ST09,PRD026,46,11051.04,23,OK
INV04171,2024-09-30,ST09,PRD030,51,7310.34,24,OK
INV04172,2024-09-30,ST09,PRD077,45,8222.85,21,OK
INV04173,2024-09-30,ST09,PRD010,32,6081.92,12,OK
INV04174,2024-09-30,ST09,PRD047,79,16947.87,21,OK
INV04175,2024-09-30,ST09,PRD056,44,11863.28,14,OK
INV04176,2024-09-30,ST11,PRD080,13,2276.04,21,OK
INV04177,2024-09-30,ST11,PRD075,1,256.45,8,Low
INV04178,2024-09-30,ST11,PRD076,71,5765.2,8,OK
INV04179,2024-09-30,ST11,PRD008,32,4181.76,17,OK
INV04180,2024-09-30,ST11,PRD041,26,2702.96,19,OK
INV04181,2024-09-30,ST11,PRD037,94,8914.96,25,OK
INV04182,2024-09-30,ST11,PRD061,29,4939.28,18,OK
INV04183,2024-09-30,ST11,PRD011,92,17983.24,11,OK
INV04184,2024-09-30,ST11,PRD064,0,0.0,9,Out of Stock
INV04185,2024-09-30,ST11,PRD057,53,10787.09,23,OK
INV04186,2024-09-30,ST11,PRD033,4,944.68,22,Low
INV04187,2024-09-30,ST11,PRD013,80,24656.0,21,OK
INV04188,2024-09-30,ST11,PRD055,3,566.25,15,Low
INV04189,2024-09-30,ST11,PRD068,115,27764.45,16,OK
INV04190,2024-09-30,ST11,PRD063,97,14453.97,19,OK
INV04191,2024-09-30,ST11,PRD079,28,1808.24,8,OK
INV04192,2024-09-30,ST11,PRD036,4,796.12,22,Low
INV04193,2024-09-30,ST11,PRD034,81,8343.0,14,OK
INV04194,2024-09-30,ST11,PRD065,35,5502.35,10,OK
INV04195,2024-09-30,ST11,PRD040,46,4305.14,12,OK
INV04196,2024-09-30,ST11,PRD026,61,14654.64,16,OK
INV04197,2024-09-30,ST11,PRD077,96,17542.08,12,OK
INV04198,2024-09-30,ST11,PRD045,94,16765.84,10,OK
INV04199,2024-09-30,ST11,PRD022,18,1616.04,25,OK
INV04200,2024-09-30,ST11,PRD067,15,3954.0,15,OK
INV04201,2024-10-31,ST04,PRD016,66,11780.34,16,OK
INV04202,2024-10-31,ST04,PRD071,16,655.2,8,OK
INV04203,2024-10-31,ST04,PRD008,49,6403.32,12,OK
INV04204,2024-10-31,ST04,PRD070,110,33036.3,17,OK
INV04205,2024-10-31,ST04,PRD063,68,10132.68,25,OK
INV04206,2024-10-31,ST04,PRD046,58,15306.78,24,OK
INV04207,2024-10-31,ST04,PRD025,16,2308.96,8,OK
INV04208,2024-10-31,ST04,PRD059,107,17398.2,13,OK
INV04209,2024-10-31,ST04,PRD039,96,22104.96,25,OK
INV04210,2024-10-31,ST04,PRD014,18,1880.1,19,OK
INV04211,2024-10-31,ST04,PRD023,24,2086.08,21,OK
INV04212,2024-10-31,ST04,PRD054,44,1482.36,18,OK
INV04213,2024-10-31,ST04,PRD003,19,5353.25,12,OK
INV04214,2024-10-31,ST04,PRD004,2,583.56,18,Low
INV04215,2024-10-31,ST04,PRD021,24,2825.28,25,OK
INV04216,2024-10-31,ST04,PRD055,36,6795.0,24,OK
INV04217,2024-10-31,ST04,PRD057,7,1424.71,15,Low
INV04218,2024-10-31,ST04,PRD018,1,312.35,13,Low
INV04219,2024-10-31,ST04,PRD022,45,4040.1,11,OK
INV04220,2024-10-31,ST04,PRD044,44,14991.24,22,OK
INV04221,2024-10-31,ST04,PRD049,99,25705.35,11,OK
INV04222,2024-10-31,ST04,PRD033,50,11808.5,10,OK
INV04223,2024-10-31,ST04,PRD074,77,7678.44,18,OK
INV04224,2024-10-31,ST04,PRD005,91,3799.25,17,OK
INV04225,2024-10-31,ST04,PRD053,52,14627.6,22,OK
INV04226,2024-10-31,ST01,PRD020,47,9566.38,25,OK
INV04227,2024-10-31,ST01,PRD025,35,5050.85,25,OK
INV04228,2024-10-31,ST01,PRD077,88,16080.24,25,OK
INV04229,2024-10-31,ST01,PRD002,100,14036.0,18,OK
INV04230,2024-10-31,ST01,PRD037,113,10716.92,17,OK
INV04231,2024-10-31,ST01,PRD039,98,22565.48,22,OK
INV04232,2024-10-31,ST01,PRD014,52,5431.4,13,OK
INV04233,2024-10-31,ST01,PRD070,0,0.0,21,Out of Stock
INV04234,2024-10-31,ST01,PRD047,72,15446.16,15,OK
INV04235,2024-10-31,ST01,PRD005,90,3757.5,17,OK
INV04236,2024-10-31,ST01,PRD057,99,20149.47,24,OK
INV04237,2024-10-31,ST01,PRD009,112,2287.04,20,OK
INV04238,2024-10-31,ST01,PRD010,119,22617.14,23,OK
INV04239,2024-10-31,ST01,PRD027,27,7863.75,22,OK
INV04240,2024-10-31,ST01,PRD065,2,314.42,13,Low
INV04241,2024-10-31,ST01,PRD026,13,3123.12,23,OK
INV04242,2024-10-31,ST01,PRD045,50,8918.0,11,OK
INV04243,2024-10-31,ST01,PRD071,61,2497.95,16,OK
INV04244,2024-10-31,ST01,PRD017,25,1033.5,12,OK
INV04245,2024-10-31,ST01,PRD028,101,14200.6,21,OK
INV04246,2024-10-31,ST01,PRD016,38,6782.62,10,OK
INV04247,2024-10-31,ST01,PRD024,61,2501.61,13,OK
INV04248,2024-10-31,ST01,PRD019,102,19331.04,13,OK
INV04249,2024-10-31,ST01,PRD030,46,6593.64,19,OK
INV04250,2024-10-31,ST01,PRD066,15,4400.55,17,OK
INV04251,2024-10-31,ST10,PRD045,57,10166.52,15,OK
INV04252,2024-10-31,ST10,PRD071,72,2948.4,16,OK
INV04253,2024-10-31,ST10,PRD066,71,20829.27,25,OK
INV04254,2024-10-31,ST10,PRD043,31,5068.5,17,OK
INV04255,2024-10-31,ST10,PRD003,0,0.0,14,Out of Stock
INV04256,2024-10-31,ST10,PRD016,76,13565.24,9,OK
INV04257,2024-10-31,ST10,PRD070,54,16217.82,8,OK
INV04258,2024-10-31,ST10,PRD024,57,2337.57,23,OK
INV04259,2024-10-31,ST10,PRD002,106,14878.16,10,OK
INV04260,2024-10-31,ST10,PRD012,115,33918.1,25,OK
INV04261,2024-10-31,ST10,PRD072,119,34010.2,22,OK
INV04262,2024-10-31,ST10,PRD014,22,2297.9,23,OK
INV04263,2024-10-31,ST10,PRD008,6,784.08,14,Low
INV04264,2024-10-31,ST10,PRD022,33,2962.74,18,OK
INV04265,2024-10-31,ST10,PRD049,7,1817.55,19,Low
INV04266,2024-10-31,ST10,PRD032,69,22259.4,24,OK
INV04267,2024-10-31,ST10,PRD006,94,6901.48,13,OK
INV04268,2024-10-31,ST10,PRD001,85,18845.35,9,OK
INV04269,2024-10-31,ST10,PRD077,21,3837.33,16,OK
INV04270,2024-10-31,ST10,PRD060,32,5285.76,20,OK
INV04271,2024-10-31,ST10,PRD055,85,16043.75,17,OK
INV04272,2024-10-31,ST10,PRD007,80,17420.0,14,OK
INV04273,2024-10-31,ST10,PRD039,78,17960.28,23,OK
INV04274,2024-10-31,ST10,PRD038,37,7020.75,13,OK
INV04275,2024-10-31,ST10,PRD074,19,1894.68,18,OK
INV04276,2024-10-31,ST05,PRD063,27,4023.27,25,OK
INV04277,2024-10-31,ST05,PRD080,99,17332.92,20,OK
INV04278,2024-10-31,ST05,PRD076,114,9256.8,24,OK
INV04279,2024-10-31,ST05,PRD066,99,29043.63,13,OK
INV04280,2024-10-31,ST05,PRD029,17,2003.11,20,OK
INV04281,2024-10-31,ST05,PRD002,59,8281.24,13,OK
INV04282,2024-10-31,ST05,PRD040,31,2901.29,18,OK
INV04283,2024-10-31,ST05,PRD017,53,2191.02,11,OK
INV04284,2024-10-31,ST05,PRD014,8,835.6,17,Low
INV04285,2024-10-31,ST05,PRD036,24,4776.72,21,OK
INV04286,2024-10-31,ST05,PRD042,12,4072.92,17,OK
INV04287,2024-10-31,ST05,PRD027,62,18057.5,18,OK
INV04288,2024-10-31,ST05,PRD077,49,8953.77,12,OK
INV04289,2024-10-31,ST05,PRD021,75,8829.0,22,OK
INV04290,2024-10-31,ST05,PRD026,71,17057.04,25,OK
INV04291,2024-10-31,ST05,PRD031,19,4311.29,15,OK
INV04292,2024-10-31,ST05,PRD022,45,4040.1,18,OK
INV04293,2024-10-31,ST05,PRD006,120,8810.4,14,OK
INV04294,2024-10-31,ST05,PRD072,9,2572.2,25,Low
INV04295,2024-10-31,ST05,PRD046,119,31405.29,16,OK
INV04296,2024-10-31,ST05,PRD057,37,7530.61,17,OK
INV04297,2024-10-31,ST05,PRD003,90,25357.5,20,OK
INV04298,2024-10-31,ST05,PRD005,76,3173.0,9,OK
INV04299,2024-10-31,ST05,PRD055,38,7172.5,24,OK
INV04300,2024-10-31,ST05,PRD038,67,12713.25,14,OK
INV04301,2024-10-31,ST12,PRD043,25,4087.5,19,OK
INV04302,2024-10-31,ST12,PRD051,51,3690.87,17,OK
INV04303,2024-10-31,ST12,PRD026,99,23783.76,10,OK
INV04304,2024-10-31,ST12,PRD037,38,3603.92,9,OK
INV04305,2024-10-31,ST12,PRD063,60,8940.6,22,OK
INV04306,2024-10-31,ST12,PRD013,14,4314.8,16,OK
INV04307,2024-10-31,ST12,PRD056,109,29388.58,12,OK
INV04308,2024-10-31,ST12,PRD071,10,409.5,8,Low
INV04309,2024-10-31,ST12,PRD068,40,9657.2,17,OK
INV04310,2024-10-31,ST12,PRD008,31,4051.08,18,OK
INV04311,2024-10-31,ST12,PRD014,95,9922.75,10,OK
INV04312,2024-10-31,ST12,PRD061,24,4087.68,22,OK
INV04313,2024-10-31,ST12,PRD059,12,1951.2,24,OK
INV04314,2024-10-31,ST12,PRD012,29,8553.26,16,OK
INV04315,2024-10-31,ST12,PRD073,114,35385.6,23,OK
INV04316,2024-10-31,ST12,PRD074,89,8875.08,12,OK
INV04317,2024-10-31,ST12,PRD079,100,6458.0,12,OK
INV04318,2024-10-31,ST12,PRD024,78,3198.78,11,OK
INV04319,2024-10-31,ST12,PRD017,7,289.38,25,Low
INV04320,2024-10-31,ST12,PRD003,111,31274.25,9,OK
INV04321,2024-10-31,ST12,PRD078,56,9709.84,22,OK
INV04322,2024-10-31,ST12,PRD076,69,5602.8,19,OK
INV04323,2024-10-31,ST12,PRD002,113,15860.68,24,OK
INV04324,2024-10-31,ST12,PRD004,99,28886.22,18,OK
INV04325,2024-10-31,ST12,PRD010,78,14824.68,10,OK
INV04326,2024-10-31,ST07,PRD079,42,2712.36,9,OK
INV04327,2024-10-31,ST07,PRD023,8,695.36,25,Low
INV04328,2024-10-31,ST07,PRD066,52,15255.24,8,OK
INV04329,2024-10-31,ST07,PRD076,43,3491.6,8,OK
INV04330,2024-10-31,ST07,PRD020,30,6106.2,18,OK
INV04331,2024-10-31,ST07,PRD016,4,713.96,8,Low
INV04332,2024-10-31,ST07,PRD060,83,13709.94,23,OK
INV04333,2024-10-31,ST07,PRD056,68,18334.16,20,OK
INV04334,2024-10-31,ST07,PRD055,8,1510.0,11,Low
INV04335,2024-10-31,ST07,PRD008,89,11630.52,16,OK
INV04336,2024-10-31,ST07,PRD030,2,286.68,22,Low
INV04337,2024-10-31,ST07,PRD069,55,12245.2,22,OK
INV04338,2024-10-31,ST07,PRD031,2,453.82,15,Low
INV04339,2024-10-31,ST07,PRD034,38,3914.0,22,OK
INV04340,2024-10-31,ST07,PRD063,2,298.02,9,Low
INV04341,2024-10-31,ST07,PRD073,64,19865.6,12,OK
INV04342,2024-10-31,ST07,PRD077,50,9136.5,14,OK
INV04343,2024-10-31,ST07,PRD027,61,17766.25,17,OK
INV04344,2024-10-31,ST07,PRD018,86,26862.1,21,OK
INV04345,2024-10-31,ST07,PRD028,101,14200.6,17,OK
INV04346,2024-10-31,ST07,PRD051,48,3473.76,12,OK
INV04347,2024-10-31,ST07,PRD006,17,1248.14,19,OK
INV04348,2024-10-31,ST07,PRD047,5,1072.65,22,Low
INV04349,2024-10-31,ST07,PRD026,33,7927.92,22,OK
INV04350,2024-10-31,ST07,PRD071,55,2252.25,13,OK
INV04351,2024-10-31,ST09,PRD012,13,3834.22,22,OK
INV04352,2024-10-31,ST09,PRD073,9,2793.6,16,Low
INV04353,2024-10-31,ST09,PRD071,37,1515.15,8,OK
INV04354,2024-10-31,ST09,PRD074,111,11068.92,14,OK
INV04355,2024-10-31,ST09,PRD032,36,11613.6,13,OK
INV04356,2024-10-31,ST09,PRD070,68,20422.44,22,OK
INV04357,2024-10-31,ST09,PRD028,40,5624.0,20,OK
INV04358,2024-10-31,ST09,PRD041,56,5821.76,14,OK
INV04359,2024-10-31,ST09,PRD030,115,16484.1,11,OK
INV04360,2024-10-31,ST09,PRD002,93,13053.48,11,OK
INV04361,2024-10-31,ST09,PRD010,98,18625.88,9,OK
INV04362,2024-10-31,ST09,PRD051,15,1085.55,22,OK
INV04363,2024-10-31,ST09,PRD065,49,7703.29,20,OK
INV04364,2024-10-31,ST09,PRD033,0,0.0,13,Out of Stock
INV04365,2024-10-31,ST09,PRD057,56,11397.68,10,OK
INV04366,2024-10-31,ST09,PRD008,87,11369.16,12,OK
INV04367,2024-10-31,ST09,PRD066,53,15548.61,10,OK
INV04368,2024-10-31,ST09,PRD005,44,1837.0,16,OK
INV04369,2024-10-31,ST09,PRD038,4,759.0,24,Low
INV04370,2024-10-31,ST09,PRD062,117,30919.59,19,OK
INV04371,2024-10-31,ST09,PRD009,51,1041.42,10,OK
INV04372,2024-10-31,ST09,PRD024,0,0.0,15,Out of Stock
INV04373,2024-10-31,ST09,PRD031,75,17018.25,14,OK
INV04374,2024-10-31,ST09,PRD021,38,4473.36,25,OK
INV04375,2024-10-31,ST09,PRD068,15,3621.45,9,OK
INV04376,2024-10-31,ST11,PRD008,72,9408.96,10,OK
INV04377,2024-10-31,ST11,PRD032,120,38712.0,14,OK
INV04378,2024-10-31,ST11,PRD025,49,7071.19,22,OK
INV04379,2024-10-31,ST11,PRD040,85,7955.15,24,OK
INV04380,2024-10-31,ST11,PRD044,83,28278.93,18,OK
INV04381,2024-10-31,ST11,PRD027,31,9028.75,22,OK
INV04382,2024-10-31,ST11,PRD074,77,7678.44,12,OK
INV04383,2024-10-31,ST11,PRD078,69,11963.91,9,OK
INV04384,2024-10-31,ST11,PRD015,49,13244.21,15,OK
INV04385,2024-10-31,ST11,PRD061,79,13455.28,20,OK
INV04386,2024-10-31,ST11,PRD077,85,15532.05,25,OK
INV04387,2024-10-31,ST11,PRD017,17,702.78,16,OK
INV04388,2024-10-31,ST11,PRD019,66,12508.32,10,OK
INV04389,2024-10-31,ST11,PRD012,63,18581.22,13,OK
INV04390,2024-10-31,ST11,PRD056,78,21030.36,23,OK
INV04391,2024-10-31,ST11,PRD047,13,2788.89,14,OK
INV04392,2024-10-31,ST11,PRD013,8,2465.6,10,Low
INV04393,2024-10-31,ST11,PRD006,87,6387.54,18,OK
INV04394,2024-10-31,ST11,PRD024,95,3895.95,24,OK
INV04395,2024-10-31,ST11,PRD048,104,15429.44,13,OK
INV04396,2024-10-31,ST11,PRD071,41,1678.95,9,OK
INV04397,2024-10-31,ST11,PRD050,68,5211.52,17,OK
INV04398,2024-10-31,ST11,PRD031,102,23144.82,14,OK
INV04399,2024-10-31,ST11,PRD059,35,5691.0,13,OK
INV04400,2024-10-31,ST11,PRD049,11,2856.15,11,Low
INV04401,2024-11-30,ST03,PRD045,59,10523.24,24,OK
INV04402,2024-11-30,ST03,PRD040,83,7767.97,11,OK
INV04403,2024-11-30,ST03,PRD060,104,17178.72,8,OK
INV04404,2024-11-30,ST03,PRD006,42,3083.64,8,OK
INV04405,2024-11-30,ST03,PRD041,107,11123.72,25,OK
INV04406,2024-11-30,ST03,PRD037,74,7018.16,25,OK
INV04407,2024-11-30,ST03,PRD032,88,28388.8,16,OK
INV04408,2024-11-30,ST03,PRD027,93,27086.25,9,OK
INV04409,2024-11-30,ST03,PRD023,95,8257.4,25,OK
INV04410,2024-11-30,ST03,PRD012,88,25954.72,10,OK
INV04411,2024-11-30,ST03,PRD020,51,10380.54,22,OK
INV04412,2024-11-30,ST03,PRD042,20,6788.2,15,OK
INV04413,2024-11-30,ST03,PRD046,119,31405.29,14,OK
INV04414,2024-11-30,ST03,PRD038,51,9677.25,15,OK
INV04415,2024-11-30,ST03,PRD025,47,6782.57,11,OK
INV04416,2024-11-30,ST03,PRD019,94,17814.88,9,OK
INV04417,2024-11-30,ST03,PRD036,59,11742.77,14,OK
INV04418,2024-11-30,ST03,PRD065,65,10218.65,19,OK
INV04419,2024-11-30,ST03,PRD068,8,1931.44,18,Low
INV04420,2024-11-30,ST03,PRD014,103,10758.35,14,OK
INV04421,2024-11-30,ST03,PRD048,36,5340.96,14,OK
INV04422,2024-11-30,ST03,PRD079,46,2970.68,21,OK
INV04423,2024-11-30,ST03,PRD071,61,2497.95,17,OK
INV04424,2024-11-30,ST03,PRD058,9,2705.22,19,Low
INV04425,2024-11-30,ST03,PRD004,36,10504.08,8,OK
INV04426,2024-11-30,ST02,PRD079,37,2389.46,9,OK
INV04427,2024-11-30,ST02,PRD039,75,17269.5,21,OK
INV04428,2024-11-30,ST02,PRD054,102,3436.38,11,OK
INV04429,2024-11-30,ST02,PRD013,22,6780.4,13,OK
INV04430,2024-11-30,ST02,PRD057,48,9769.44,12,OK
INV04431,2024-11-30,ST02,PRD036,87,17315.61,15,OK
INV04432,2024-11-30,ST02,PRD048,97,14390.92,20,OK
INV04433,2024-11-30,ST02,PRD041,14,1455.44,25,OK
INV04434,2024-11-30,ST02,PRD053,98,27567.4,11,OK
INV04435,2024-11-30,ST02,PRD026,46,11051.04,22,OK
INV04436,2024-11-30,ST02,PRD063,75,11175.75,22,OK
INV04437,2024-11-30,ST02,PRD005,56,2338.0,21,OK
INV04438,2024-11-30,ST02,PRD016,120,21418.8,17,OK
INV04439,2024-11-30,ST02,PRD067,118,31104.8,12,OK
INV04440,2024-11-30,ST02,PRD070,25,7508.25,22,OK
INV04441,2024-11-30,ST02,PRD077,67,12242.91,24,OK
INV04442,2024-11-30,ST02,PRD042,40,13576.4,9,OK
INV04443,2024-11-30,ST02,PRD006,57,4184.94,8,OK
INV04444,2024-11-30,ST02,PRD015,82,22163.78,17,OK
INV04445,2024-11-30,ST02,PRD052,58,10110.56,19,OK
INV04446,2024-11-30,ST02,PRD056,44,11863.28,13,OK
INV04447,2024-11-30,ST02,PRD001,25,5542.75,8,OK
INV04448,2024-11-30,ST02,PRD059,99,16097.4,15,OK
INV04449,2024-11-30,ST02,PRD071,106,4340.7,14,OK
INV04450,2024-11-30,ST02,PRD065,88,13834.48,18,OK
INV04451,2024-11-30,ST09,PRD003,9,2535.75,11,Low
INV04452,2024-11-30,ST09,PRD014,5,522.25,25,Low
INV04453,2024-11-30,ST09,PRD023,69,5997.48,8,OK
INV04454,2024-11-30,ST09,PRD030,89,12757.26,25,OK
INV04455,2024-11-30,ST09,PRD022,72,6464.16,18,OK
INV04456,2024-11-30,ST09,PRD073,118,36627.2,9,OK
INV04457,2024-11-30,ST09,PRD001,49,10863.79,21,OK
INV04458,2024-11-30,ST09,PRD007,102,22210.5,19,OK
INV04459,2024-11-30,ST09,PRD079,76,4908.08,15,OK
INV04460,2024-11-30,ST09,PRD015,43,11622.47,20,OK
INV04461,2024-11-30,ST09,PRD021,106,12478.32,11,OK
INV04462,2024-11-30,ST09,PRD035,90,24387.3,16,OK
INV04463,2024-11-30,ST09,PRD031,110,24960.1,9,OK
INV04464,2024-11-30,ST09,PRD036,3,597.09,25,Low
INV04465,2024-11-30,ST09,PRD072,92,26293.6,11,OK
INV04466,2024-11-30,ST09,PRD046,38,10028.58,19,OK
INV04467,2024-11-30,ST09,PRD020,16,3256.64,25,OK
INV04468,2024-11-30,ST09,PRD009,50,1021.0,8,OK
INV04469,2024-11-30,ST09,PRD006,51,3744.42,25,OK
INV04470,2024-11-30,ST09,PRD056,75,20221.5,12,OK
INV04471,2024-11-30,ST09,PRD011,103,20133.41,10,OK
INV04472,2024-11-30,ST09,PRD061,61,10389.52,17,OK
INV04473,2024-11-30,ST09,PRD062,33,8720.91,23,OK
INV04474,2024-11-30,ST09,PRD049,92,23887.8,8,OK
INV04475,2024-11-30,ST09,PRD024,118,4839.18,23,OK
INV04476,2024-11-30,ST12,PRD033,59,13934.03,8,OK
INV04477,2024-11-30,ST12,PRD077,95,17359.35,10,OK
INV04478,2024-11-30,ST12,PRD043,44,7194.0,12,OK
INV04479,2024-11-30,ST12,PRD023,118,10256.56,19,OK
INV04480,2024-11-30,ST12,PRD018,6,1874.1,21,Low
INV04481,2024-11-30,ST12,PRD038,31,5882.25,18,OK
INV04482,2024-11-30,ST12,PRD034,38,3914.0,11,OK
INV04483,2024-11-30,ST12,PRD070,81,24326.73,21,OK
INV04484,2024-11-30,ST12,PRD057,56,11397.68,24,OK
INV04485,2024-11-30,ST12,PRD052,80,13945.6,18,OK
INV04486,2024-11-30,ST12,PRD030,28,4013.52,8,OK
INV04487,2024-11-30,ST12,PRD016,35,6247.15,17,OK
INV04488,2024-11-30,ST12,PRD049,40,10386.0,20,OK
INV04489,2024-11-30,ST12,PRD004,59,17215.02,19,OK
INV04490,2024-11-30,ST12,PRD007,82,17855.5,24,OK
INV04491,2024-11-30,ST12,PRD058,119,35769.02,10,OK
INV04492,2024-11-30,ST12,PRD051,71,5138.27,20,OK
INV04493,2024-11-30,ST12,PRD037,31,2940.04,12,OK
INV04494,2024-11-30,ST12,PRD019,81,15351.12,17,OK
INV04495,2024-11-30,ST12,PRD006,96,7048.32,14,OK
INV04496,2024-11-30,ST12,PRD045,25,4459.0,18,OK
INV04497,2024-11-30,ST12,PRD027,1,291.25,25,Low
INV04498,2024-11-30,ST12,PRD021,118,13890.96,19,OK
INV04499,2024-11-30,ST12,PRD044,11,3747.81,11,Low
INV04500,2024-11-30,ST12,PRD036,16,3184.48,22,OK
INV04501,2024-11-30,ST10,PRD034,47,4841.0,20,OK
INV04502,2024-11-30,ST10,PRD066,26,7627.62,24,OK
INV04503,2024-11-30,ST10,PRD013,18,5547.6,19,OK
INV04504,2024-11-30,ST10,PRD050,52,3985.28,9,OK
INV04505,2024-11-30,ST10,PRD019,20,3790.4,24,OK
INV04506,2024-11-30,ST10,PRD054,56,1886.64,20,OK
INV04507,2024-11-30,ST10,PRD068,11,2655.73,22,Low
INV04508,2024-11-30,ST10,PRD048,91,13500.76,21,OK
INV04509,2024-11-30,ST10,PRD023,101,8778.92,25,OK
INV04510,2024-11-30,ST10,PRD004,11,3209.58,15,Low
INV04511,2024-11-30,ST10,PRD044,64,21805.44,11,OK
INV04512,2024-11-30,ST10,PRD055,2,377.5,12,Low
INV04513,2024-11-30,ST10,PRD053,82,23066.6,9,OK
INV04514,2024-11-30,ST10,PRD001,69,15297.99,23,OK
INV04515,2024-11-30,ST10,PRD043,91,14878.5,17,OK
INV04516,2024-11-30,ST10,PRD025,4,577.24,13,Low
INV04517,2024-11-30,ST10,PRD076,68,5521.6,15,OK
INV04518,2024-11-30,ST10,PRD057,107,21777.71,21,OK
INV04519,2024-11-30,ST10,PRD042,42,14255.22,8,OK
INV04520,2024-11-30,ST10,PRD005,5,208.75,15,Low
INV04521,2024-11-30,ST10,PRD037,8,758.72,8,Low
INV04522,2024-11-30,ST10,PRD030,68,9747.12,18,OK
INV04523,2024-11-30,ST10,PRD077,58,10598.34,25,OK
INV04524,2024-11-30,ST10,PRD018,115,35920.25,25,OK
INV04525,2024-11-30,ST10,PRD026,20,4804.8,18,OK
INV04526,2024-11-30,ST05,PRD068,11,2655.73,10,Low
INV04527,2024-11-30,ST05,PRD035,106,28722.82,20,OK
INV04528,2024-11-30,ST05,PRD019,75,14214.0,9,OK
INV04529,2024-11-30,ST05,PRD024,87,3567.87,22,OK
INV04530,2024-11-30,ST05,PRD003,19,5353.25,22,OK
INV04531,2024-11-30,ST05,PRD066,31,9094.47,13,OK
INV04532,2024-11-30,ST05,PRD049,83,21550.95,24,OK
INV04533,2024-11-30,ST05,PRD046,47,12403.77,19,OK
INV04534,2024-11-30,ST05,PRD017,107,4423.38,23,OK
INV04535,2024-11-30,ST05,PRD007,96,20904.0,22,OK
INV04536,2024-11-30,ST05,PRD059,75,12195.0,23,OK
INV04537,2024-11-30,ST05,PRD064,34,3508.8,25,OK
INV04538,2024-11-30,ST05,PRD038,119,22580.25,16,OK
INV04539,2024-11-30,ST05,PRD067,95,25042.0,8,OK
INV04540,2024-11-30,ST05,PRD050,66,5058.24,19,OK
INV04541,2024-11-30,ST05,PRD071,21,859.95,13,OK
INV04542,2024-11-30,ST05,PRD077,67,12242.91,21,OK
INV04543,2024-11-30,ST05,PRD023,11,956.12,24,Low
INV04544,2024-11-30,ST05,PRD074,16,1595.52,22,OK
INV04545,2024-11-30,ST05,PRD027,18,5242.5,21,OK
INV04546,2024-11-30,ST05,PRD058,100,30058.0,8,OK
INV04547,2024-11-30,ST05,PRD015,48,12973.92,18,OK
INV04548,2024-11-30,ST05,PRD031,61,13841.51,21,OK
INV04549,2024-11-30,ST05,PRD054,65,2189.85,13,OK
INV04550,2024-11-30,ST05,PRD033,98,23144.66,21,OK
INV04551,2024-11-30,ST01,PRD061,88,14988.16,17,OK
INV04552,2024-11-30,ST01,PRD019,15,2842.8,19,OK
INV04553,2024-11-30,ST01,PRD067,36,9489.6,11,OK
INV04554,2024-11-30,ST01,PRD023,80,6953.6,19,OK
INV04555,2024-11-30,ST01,PRD040,60,5615.4,10,OK
INV04556,2024-11-30,ST01,PRD014,60,6267.0,21,OK
INV04557,2024-11-30,ST01,PRD060,21,3468.78,20,OK
INV04558,2024-11-30,ST01,PRD065,72,11319.12,20,OK
INV04559,2024-11-30,ST01,PRD052,59,10284.88,13,OK
INV04560,2024-11-30,ST01,PRD073,103,31971.2,25,OK
INV04561,2024-11-30,ST01,PRD006,72,5286.24,12,OK
INV04562,2024-11-30,ST01,PRD034,46,4738.0,23,OK
INV04563,2024-11-30,ST01,PRD022,54,4848.12,19,OK
INV04564,2024-11-30,ST01,PRD063,42,6258.42,18,OK
INV04565,2024-11-30,ST01,PRD066,115,33737.55,10,OK
INV04566,2024-11-30,ST01,PRD021,33,3884.76,21,OK
INV04567,2024-11-30,ST01,PRD042,116,39371.56,19,OK
INV04568,2024-11-30,ST01,PRD072,77,22006.6,24,OK
INV04569,2024-11-30,ST01,PRD037,29,2750.36,10,OK
INV04570,2024-11-30,ST01,PRD069,34,7569.76,14,OK
INV04571,2024-11-30,ST01,PRD026,7,1681.68,19,Low
INV04572,2024-11-30,ST01,PRD057,29,5902.37,13,OK
INV04573,2024-11-30,ST01,PRD029,13,1531.79,25,OK
INV04574,2024-11-30,ST01,PRD045,73,13020.28,15,OK
INV04575,2024-11-30,ST01,PRD010,13,2470.78,19,OK
INV04576,2024-11-30,ST08,PRD032,79,25485.4,22,OK
INV04577,2024-11-30,ST08,PRD006,95,6974.9,18,OK
INV04578,2024-11-30,ST08,PRD042,85,28849.85,21,OK
INV04579,2024-11-30,ST08,PRD066,48,14081.76,23,OK
INV04580,2024-11-30,ST08,PRD049,12,3115.8,22,OK
INV04581,2024-11-30,ST08,PRD048,83,12313.88,19,OK
INV04582,2024-11-30,ST08,PRD034,110,11330.0,12,OK
INV04583,2024-11-30,ST08,PRD070,38,11412.54,9,OK
INV04584,2024-11-30,ST08,PRD027,78,22717.5,22,OK
INV04585,2024-11-30,ST08,PRD030,89,12757.26,19,OK
INV04586,2024-11-30,ST08,PRD065,66,10375.86,20,OK
INV04587,2024-11-30,ST08,PRD079,13,839.54,15,OK
INV04588,2024-11-30,ST08,PRD055,83,15666.25,15,OK
INV04589,2024-11-30,ST08,PRD064,35,3612.0,23,OK
INV04590,2024-11-30,ST08,PRD014,33,3446.85,19,OK
INV04591,2024-11-30,ST08,PRD077,104,19003.92,9,OK
INV04592,2024-11-30,ST08,PRD067,6,1581.6,17,Low
INV04593,2024-11-30,ST08,PRD019,39,7391.28,10,OK
INV04594,2024-11-30,ST08,PRD012,69,20350.86,19,OK
INV04595,2024-11-30,ST08,PRD024,80,3280.8,9,OK
INV04596,2024-11-30,ST08,PRD069,1,222.64,21,Low
INV04597,2024-11-30,ST08,PRD033,4,944.68,14,Low
INV04598,2024-11-30,ST08,PRD068,1,241.43,23,Low
INV04599,2024-11-30,ST08,PRD043,120,19620.0,24,OK
INV04600,2024-11-30,ST08,PRD028,39,5483.4,15,OK
INV04601,2024-12-31,ST07,PRD041,6,623.76,10,Low
INV04602,2024-12-31,ST07,PRD070,35,10511.55,10,OK
INV04603,2024-12-31,ST07,PRD066,14,4107.18,24,OK
INV04604,2024-12-31,ST07,PRD061,19,3236.08,20,OK
INV04605,2024-12-31,ST07,PRD025,80,11544.8,9,OK
INV04606,2024-12-31,ST07,PRD038,55,10436.25,9,OK
INV04607,2024-12-31,ST07,PRD004,99,28886.22,20,OK
INV04608,2024-12-31,ST07,PRD033,67,15823.39,13,OK
INV04609,2024-12-31,ST07,PRD071,118,4832.1,10,OK
INV04610,2024-12-31,ST07,PRD051,60,4342.2,22,OK
INV04611,2024-12-31,ST07,PRD032,114,36776.4,21,OK
INV04612,2024-12-31,ST07,PRD034,34,3502.0,20,OK
INV04613,2024-12-31,ST07,PRD010,63,11973.78,8,OK
INV04614,2024-12-31,ST07,PRD026,99,23783.76,18,OK
INV04615,2024-12-31,ST07,PRD077,112,20465.76,23,OK
INV04616,2024-12-31,ST07,PRD003,102,28738.5,17,OK
INV04617,2024-12-31,ST07,PRD057,115,23405.95,13,OK
INV04618,2024-12-31,ST07,PRD069,0,0.0,19,Out of Stock
INV04619,2024-12-31,ST07,PRD031,4,907.64,9,Low
INV04620,2024-12-31,ST07,PRD002,68,9544.48,9,OK
INV04621,2024-12-31,ST07,PRD015,112,30272.48,8,OK
INV04622,2024-12-31,ST07,PRD056,4,1078.48,10,Low
INV04623,2024-12-31,ST07,PRD043,67,10954.5,12,OK
INV04624,2024-12-31,ST07,PRD013,53,16334.6,8,OK
INV04625,2024-12-31,ST07,PRD053,88,24754.4,20,OK
INV04626,2024-12-31,ST04,PRD024,51,2091.51,17,OK
INV04627,2024-12-31,ST04,PRD008,43,5619.24,9,OK
INV04628,2024-12-31,ST04,PRD016,81,14457.69,16,OK
INV04629,2024-12-31,ST04,PRD078,99,17165.61,9,OK
INV04630,2024-12-31,ST04,PRD002,90,12632.4,23,OK
INV04631,2024-12-31,ST04,PRD050,75,5748.0,17,OK
INV04632,2024-12-31,ST04,PRD069,102,22709.28,12,OK
INV04633,2024-12-31,ST04,PRD072,82,23435.6,19,OK
INV04634,2024-12-31,ST04,PRD062,108,28541.16,12,OK
INV04635,2024-12-31,ST04,PRD001,16,3547.36,8,OK
INV04636,2024-12-31,ST04,PRD006,21,1541.82,10,OK
INV04637,2024-12-31,ST04,PRD007,29,6314.75,18,OK
INV04638,2024-12-31,ST04,PRD040,100,9359.0,12,OK
INV04639,2024-12-31,ST04,PRD021,3,353.16,23,Low
INV04640,2024-12-31,ST04,PRD032,105,33873.0,21,OK
INV04641,2024-12-31,ST04,PRD020,115,23407.1,16,OK
INV04642,2024-12-31,ST04,PRD053,87,24473.1,15,OK
INV04643,2024-12-31,ST04,PRD048,43,6379.48,14,OK
INV04644,2024-12-31,ST04,PRD041,19,1975.24,19,OK
INV04645,2024-12-31,ST04,PRD055,53,10003.75,11,OK
INV04646,2024-12-31,ST04,PRD027,118,34367.5,24,OK
INV04647,2024-12-31,ST04,PRD015,100,27029.0,14,OK
INV04648,2024-12-31,ST04,PRD046,88,23224.08,23,OK
INV04649,2024-12-31,ST04,PRD018,5,1561.75,11,Low
INV04650,2024-12-31,ST04,PRD023,100,8692.0,18,OK
INV04651,2024-12-31,ST05,PRD059,93,15121.8,11,OK
INV04652,2024-12-31,ST05,PRD062,63,16649.01,18,OK
INV04653,2024-12-31,ST05,PRD040,48,4492.32,25,OK
INV04654,2024-12-31,ST05,PRD078,21,3641.19,20,OK
INV04655,2024-12-31,ST05,PRD011,68,13291.96,10,OK
INV04656,2024-12-31,ST05,PRD054,112,3773.28,16,OK
INV04657,2024-12-31,ST05,PRD055,85,16043.75,11,OK
INV04658,2024-12-31,ST05,PRD020,120,24424.8,19,OK
INV04659,2024-12-31,ST05,PRD015,42,11352.18,8,OK
INV04660,2024-12-31,ST05,PRD037,117,11096.28,10,OK
INV04661,2024-12-31,ST05,PRD042,81,27492.21,17,OK
INV04662,2024-12-31,ST05,PRD066,42,12321.54,22,OK
INV04663,2024-12-31,ST05,PRD077,1,182.73,8,Low
INV04664,2024-12-31,ST05,PRD067,36,9489.6,8,OK
INV04665,2024-12-31,ST05,PRD035,110,29806.7,11,OK
INV04666,2024-12-31,ST05,PRD079,62,4003.96,14,OK
INV04667,2024-12-31,ST05,PRD076,82,6658.4,15,OK
INV04668,2024-12-31,ST05,PRD028,58,8154.8,18,OK
INV04669,2024-12-31,ST05,PRD041,74,7693.04,10,OK
INV04670,2024-12-31,ST05,PRD049,13,3375.45,13,OK
INV04671,2024-12-31,ST05,PRD070,67,20122.11,21,OK
INV04672,2024-12-31,ST05,PRD071,89,3644.55,10,OK
INV04673,2024-12-31,ST05,PRD045,29,5172.44,11,OK
INV04674,2024-12-31,ST05,PRD072,97,27722.6,24,OK
INV04675,2024-12-31,ST05,PRD027,66,19222.5,14,OK
INV04676,2024-12-31,ST09,PRD079,38,2454.04,12,OK
INV04677,2024-12-31,ST09,PRD044,3,1022.13,20,Low
INV04678,2024-12-31,ST09,PRD043,45,7357.5,18,OK
INV04679,2024-12-31,ST09,PRD058,83,24948.14,16,OK
INV04680,2024-12-31,ST09,PRD005,35,1461.25,8,OK
INV04681,2024-12-31,ST09,PRD012,70,20645.8,8,OK
INV04682,2024-12-31,ST09,PRD054,93,3133.17,18,OK
INV04683,2024-12-31,ST09,PRD004,71,20716.38,12,OK
INV04684,2024-12-31,ST09,PRD013,83,25580.6,24,OK
INV04685,2024-12-31,ST09,PRD055,17,3208.75,11,OK
INV04686,2024-12-31,ST09,PRD075,82,21028.9,18,OK
INV04687,2024-12-31,ST09,PRD048,102,15132.72,17,OK
INV04688,2024-12-31,ST09,PRD039,109,25098.34,21,OK
INV04689,2024-12-31,ST09,PRD022,24,2154.72,8,OK
INV04690,2024-12-31,ST09,PRD045,64,11415.04,15,OK
INV04691,2024-12-31,ST09,PRD032,77,24840.2,23,OK
INV04692,2024-12-31,ST09,PRD042,61,20704.01,12,OK
INV04693,2024-12-31,ST09,PRD049,84,21810.6,18,OK
INV04694,2024-12-31,ST09,PRD009,14,285.88,25,OK
INV04695,2024-12-31,ST09,PRD056,116,31275.92,24,OK
INV04696,2024-12-31,ST09,PRD024,29,1189.29,14,OK
INV04697,2024-12-31,ST09,PRD016,71,12672.79,18,OK
INV04698,2024-12-31,ST09,PRD029,31,3652.73,17,OK
INV04699,2024-12-31,ST09,PRD001,104,23057.84,10,OK
INV04700,2024-12-31,ST09,PRD040,4,374.36,13,Low
INV04701,2024-12-31,ST12,PRD050,93,7127.52,16,OK
INV04702,2024-12-31,ST12,PRD029,3,353.49,11,Low
INV04703,2024-12-31,ST12,PRD077,57,10415.61,9,OK
INV04704,2024-12-31,ST12,PRD070,99,29732.67,24,OK
INV04705,2024-12-31,ST12,PRD054,88,2964.72,18,OK
INV04706,2024-12-31,ST12,PRD037,115,10906.6,23,OK
INV04707,2024-12-31,ST12,PRD079,109,7039.22,17,OK
INV04708,2024-12-31,ST12,PRD048,115,17061.4,14,OK
INV04709,2024-12-31,ST12,PRD038,67,12713.25,12,OK
INV04710,2024-12-31,ST12,PRD034,54,5562.0,23,OK
INV04711,2024-12-31,ST12,PRD063,67,9983.67,12,OK
INV04712,2024-12-31,ST12,PRD002,71,9965.56,13,OK
INV04713,2024-12-31,ST12,PRD058,56,16832.48,19,OK
INV04714,2024-12-31,ST12,PRD044,74,25212.54,24,OK
INV04715,2024-12-31,ST12,PRD041,119,12371.24,22,OK
INV04716,2024-12-31,ST12,PRD072,48,13718.4,24,OK
INV04717,2024-12-31,ST12,PRD047,112,24027.36,9,OK
INV04718,2024-12-31,ST12,PRD013,59,18183.8,25,OK
INV04719,2024-12-31,ST12,PRD035,97,26284.09,10,OK
INV04720,2024-12-31,ST12,PRD062,5,1321.35,19,Low
INV04721,2024-12-31,ST12,PRD056,15,4044.3,15,OK
INV04722,2024-12-31,ST12,PRD011,13,2541.11,17,OK
INV04723,2024-12-31,ST12,PRD010,55,10453.3,13,OK
INV04724,2024-12-31,ST12,PRD016,74,13208.26,15,OK
INV04725,2024-12-31,ST12,PRD042,26,8824.66,24,OK
INV04726,2024-12-31,ST01,PRD049,67,17396.55,22,OK
INV04727,2024-12-31,ST01,PRD028,28,3936.8,25,OK
INV04728,2024-12-31,ST01,PRD034,113,11639.0,21,OK
INV04729,2024-12-31,ST01,PRD046,120,31669.2,25,OK
INV04730,2024-12-31,ST01,PRD065,67,10533.07,8,OK
INV04731,2024-12-31,ST01,PRD063,46,6854.46,9,OK
INV04732,2024-12-31,ST01,PRD022,88,7900.64,22,OK
INV04733,2024-12-31,ST01,PRD029,38,4477.54,18,OK
INV04734,2024-12-31,ST01,PRD050,12,919.68,11,OK
INV04735,2024-12-31,ST01,PRD032,42,13549.2,13,OK
INV04736,2024-12-31,ST01,PRD080,37,6477.96,22,OK
INV04737,2024-12-31,ST01,PRD020,104,21168.16,10,OK
INV04738,2024-12-31,ST01,PRD068,67,16175.81,22,OK
INV04739,2024-12-31,ST01,PRD043,95,15532.5,10,OK
INV04740,2024-12-31,ST01,PRD076,103,8363.6,8,OK
INV04741,2024-12-31,ST01,PRD037,83,7871.72,9,OK
INV04742,2024-12-31,ST01,PRD010,3,570.18,14,Low
INV04743,2024-12-31,ST01,PRD007,0,0.0,9,Out of Stock
INV04744,2024-12-31,ST01,PRD053,31,8720.3,18,OK
INV04745,2024-12-31,ST01,PRD041,84,8732.64,12,OK
INV04746,2024-12-31,ST01,PRD017,109,4506.06,23,OK
INV04747,2024-12-31,ST01,PRD054,41,1381.29,11,OK
INV04748,2024-12-31,ST01,PRD024,59,2419.59,13,OK
INV04749,2024-12-31,ST01,PRD071,67,2743.65,20,OK
INV04750,2024-12-31,ST01,PRD058,28,8416.24,12,OK
INV04751,2024-12-31,ST03,PRD036,21,4179.63,23,OK
INV04752,2024-12-31,ST03,PRD040,3,280.77,10,Low
INV04753,2024-12-31,ST03,PRD071,71,2907.45,11,OK
INV04754,2024-12-31,ST03,PRD064,26,2683.2,24,OK
INV04755,2024-12-31,ST03,PRD065,71,11161.91,23,OK
INV04756,2024-12-31,ST03,PRD031,99,22464.09,12,OK
INV04757,2024-12-31,ST03,PRD055,14,2642.5,23,OK
INV04758,2024-12-31,ST03,PRD005,86,3590.5,12,OK
INV04759,2024-12-31,ST03,PRD006,87,6387.54,25,OK
INV04760,2024-12-31,ST03,PRD019,31,5875.12,20,OK
INV04761,2024-12-31,ST03,PRD076,0,0.0,21,Out of Stock
INV04762,2024-12-31,ST03,PRD039,77,17730.02,20,OK
INV04763,2024-12-31,ST03,PRD048,54,8011.44,25,OK
INV04764,2024-12-31,ST03,PRD046,64,16890.24,16,OK
INV04765,2024-12-31,ST03,PRD024,99,4059.99,16,OK
INV04766,2024-12-31,ST03,PRD070,69,20722.77,23,OK
INV04767,2024-12-31,ST03,PRD010,74,14064.44,17,OK
INV04768,2024-12-31,ST03,PRD078,78,13524.42,15,OK
INV04769,2024-12-31,ST03,PRD049,11,2856.15,22,Low
INV04770,2024-12-31,ST03,PRD026,24,5765.76,14,OK
INV04771,2024-12-31,ST03,PRD041,118,12267.28,12,OK
INV04772,2024-12-31,ST03,PRD007,16,3484.0,8,OK
INV04773,2024-12-31,ST03,PRD030,52,7453.68,13,OK
INV04774,2024-12-31,ST03,PRD056,35,9436.7,25,OK
INV04775,2024-12-31,ST03,PRD068,3,724.29,22,Low
INV04776,2024-12-31,ST11,PRD021,74,8711.28,8,OK
INV04777,2024-12-31,ST11,PRD059,45,7317.0,9,OK
INV04778,2024-12-31,ST11,PRD037,71,6733.64,14,OK
INV04779,2024-12-31,ST11,PRD028,90,12654.0,17,OK
INV04780,2024-12-31,ST11,PRD043,44,7194.0,9,OK
INV04781,2024-12-31,ST11,PRD066,25,7334.25,22,OK
INV04782,2024-12-31,ST11,PRD047,103,22096.59,15,OK
INV04783,2024-12-31,ST11,PRD050,47,3602.08,8,OK
INV04784,2024-12-31,ST11,PRD077,77,14070.21,13,OK
INV04785,2024-12-31,ST11,PRD017,113,4671.42,20,OK
INV04786,2024-12-31,ST11,PRD065,116,18236.36,13,OK
INV04787,2024-12-31,ST11,PRD063,43,6407.43,13,OK
INV04788,2024-12-31,ST11,PRD034,54,5562.0,10,OK
INV04789,2024-12-31,ST11,PRD032,60,19356.0,19,OK
INV04790,2024-12-31,ST11,PRD038,10,1897.5,19,Low
INV04791,2024-12-31,ST11,PRD018,108,33733.8,16,OK
INV04792,2024-12-31,ST11,PRD007,11,2395.25,24,Low
INV04793,2024-12-31,ST11,PRD062,118,31183.86,25,OK
INV04794,2024-12-31,ST11,PRD052,83,14468.56,12,OK
INV04795,2024-12-31,ST11,PRD022,113,10145.14,13,OK
INV04796,2024-12-31,ST11,PRD002,119,16702.84,24,OK
INV04797,2024-12-31,ST11,PRD011,57,11141.79,9,OK
INV04798,2024-12-31,ST11,PRD019,7,1326.64,12,Low
INV04799,2024-12-31,ST11,PRD004,8,2334.24,14,Low
INV04800,2024-12-31,ST11,PRD053,54,15190.2,10,OK
INV04801,2025-01-31,ST04,PRD065,4,628.84,23,Low
INV04802,2025-01-31,ST04,PRD057,62,12618.86,11,OK
INV04803,2025-01-31,ST04,PRD036,29,5771.87,19,OK
INV04804,2025-01-31,ST04,PRD038,86,16318.5,12,OK
INV04805,2025-01-31,ST04,PRD043,92,15042.0,15,OK
INV04806,2025-01-31,ST04,PRD013,116,35751.2,15,OK
INV04807,2025-01-31,ST04,PRD021,11,1294.92,13,Low
INV04808,2025-01-31,ST04,PRD019,70,13266.4,24,OK
INV04809,2025-01-31,ST04,PRD060,40,6607.2,11,OK
INV04810,2025-01-31,ST04,PRD054,11,370.59,24,Low
INV04811,2025-01-31,ST04,PRD001,94,20840.74,21,OK
INV04812,2025-01-31,ST04,PRD058,94,28254.52,8,OK
INV04813,2025-01-31,ST04,PRD071,44,1801.8,16,OK
INV04814,2025-01-31,ST04,PRD055,16,3020.0,14,OK
INV04815,2025-01-31,ST04,PRD070,9,2702.97,11,Low
INV04816,2025-01-31,ST04,PRD069,83,18479.12,13,OK
INV04817,2025-01-31,ST04,PRD052,48,8367.36,12,OK
INV04818,2025-01-31,ST04,PRD073,45,13968.0,22,OK
INV04819,2025-01-31,ST04,PRD063,34,5066.34,24,OK
INV04820,2025-01-31,ST04,PRD042,76,25795.16,16,OK
INV04821,2025-01-31,ST04,PRD076,50,4060.0,20,OK
INV04822,2025-01-31,ST04,PRD009,90,1837.8,23,OK
INV04823,2025-01-31,ST04,PRD049,39,10126.35,20,OK
INV04824,2025-01-31,ST04,PRD066,91,26696.67,18,OK
INV04825,2025-01-31,ST04,PRD030,43,6163.62,8,OK
INV04826,2025-01-31,ST10,PRD047,106,22740.18,19,OK
INV04827,2025-01-31,ST10,PRD058,110,33063.8,8,OK
INV04828,2025-01-31,ST10,PRD041,87,9044.52,17,OK
INV04829,2025-01-31,ST10,PRD009,54,1102.68,19,OK
INV04830,2025-01-31,ST10,PRD073,27,8380.8,16,OK
INV04831,2025-01-31,ST10,PRD035,107,28993.79,13,OK
INV04832,2025-01-31,ST10,PRD030,43,6163.62,17,OK
INV04833,2025-01-31,ST10,PRD033,83,19602.11,12,OK
INV04834,2025-01-31,ST10,PRD017,19,785.46,24,OK
INV04835,2025-01-31,ST10,PRD044,71,24190.41,8,OK
INV04836,2025-01-31,ST10,PRD036,83,16519.49,15,OK
INV04837,2025-01-31,ST10,PRD065,90,14148.9,12,OK
INV04838,2025-01-31,ST10,PRD019,53,10044.56,8,OK
INV04839,2025-01-31,ST10,PRD078,21,3641.19,23,OK
INV04840,2025-01-31,ST10,PRD002,82,11509.52,17,OK
INV04841,2025-01-31,ST10,PRD080,99,17332.92,25,OK
INV04842,2025-01-31,ST10,PRD077,3,548.19,18,Low
INV04843,2025-01-31,ST10,PRD006,58,4258.36,21,OK
INV04844,2025-01-31,ST10,PRD024,88,3608.88,25,OK
INV04845,2025-01-31,ST10,PRD020,57,11601.78,14,OK
INV04846,2025-01-31,ST10,PRD051,118,8539.66,14,OK
INV04847,2025-01-31,ST10,PRD037,97,9199.48,19,OK
INV04848,2025-01-31,ST10,PRD072,20,5716.0,9,OK
INV04849,2025-01-31,ST10,PRD029,12,1413.96,24,OK
INV04850,2025-01-31,ST10,PRD045,70,12485.2,22,OK
INV04851,2025-01-31,ST11,PRD051,56,4052.72,13,OK
INV04852,2025-01-31,ST11,PRD012,10,2949.4,16,Low
INV04853,2025-01-31,ST11,PRD011,66,12901.02,20,OK
INV04854,2025-01-31,ST11,PRD007,71,15460.25,25,OK
INV04855,2025-01-31,ST11,PRD058,21,6312.18,15,OK
INV04856,2025-01-31,ST11,PRD056,71,19143.02,19,OK
INV04857,2025-01-31,ST11,PRD026,44,10570.56,11,OK
INV04858,2025-01-31,ST11,PRD005,85,3548.75,19,OK
INV04859,2025-01-31,ST11,PRD021,13,1530.36,8,OK
INV04860,2025-01-31,ST11,PRD067,99,26096.4,15,OK
INV04861,2025-01-31,ST11,PRD055,114,21517.5,16,OK
INV04862,2025-01-31,ST11,PRD070,51,15316.83,21,OK
INV04863,2025-01-31,ST11,PRD045,56,9988.16,15,OK
INV04864,2025-01-31,ST11,PRD032,6,1935.6,24,Low
INV04865,2025-01-31,ST11,PRD047,104,22311.12,25,OK
INV04866,2025-01-31,ST11,PRD010,120,22807.2,8,OK
INV04867,2025-01-31,ST11,PRD046,33,8709.03,25,OK
INV04868,2025-01-31,ST11,PRD053,84,23629.2,8,OK
INV04869,2025-01-31,ST11,PRD069,67,14916.88,10,OK
INV04870,2025-01-31,ST11,PRD059,22,3577.2,23,OK
INV04871,2025-01-31,ST11,PRD030,98,14047.32,12,OK
INV04872,2025-01-31,ST11,PRD040,108,10107.72,23,OK
INV04873,2025-01-31,ST11,PRD076,89,7226.8,16,OK
INV04874,2025-01-31,ST11,PRD077,55,10050.15,8,OK
INV04875,2025-01-31,ST11,PRD043,5,817.5,10,Low
INV04876,2025-01-31,ST03,PRD016,51,9102.99,20,OK
INV04877,2025-01-31,ST03,PRD012,74,21825.56,20,OK
INV04878,2025-01-31,ST03,PRD047,35,7508.55,25,OK
INV04879,2025-01-31,ST03,PRD056,33,8897.46,21,OK
INV04880,2025-01-31,ST03,PRD054,11,370.59,18,Low
INV04881,2025-01-31,ST03,PRD031,78,17698.98,11,OK
INV04882,2025-01-31,ST03,PRD080,3,525.24,11,Low
INV04883,2025-01-31,ST03,PRD009,38,775.96,18,OK
INV04884,2025-01-31,ST03,PRD004,21,6127.38,22,OK
INV04885,2025-01-31,ST03,PRD066,83,24349.71,11,OK
INV04886,2025-01-31,ST03,PRD035,58,15716.26,14,OK
INV04887,2025-01-31,ST03,PRD048,94,13945.84,8,OK
INV04888,2025-01-31,ST03,PRD044,35,11924.85,14,OK
INV04889,2025-01-31,ST03,PRD059,86,13983.6,11,OK
INV04890,2025-01-31,ST03,PRD025,118,17028.58,10,OK
INV04891,2025-01-31,ST03,PRD029,24,2827.92,24,OK
INV04892,2025-01-31,ST03,PRD013,109,33593.8,22,OK
INV04893,2025-01-31,ST03,PRD057,112,22795.36,18,OK
INV04894,2025-01-31,ST03,PRD010,0,0.0,14,Out of Stock
INV04895,2025-01-31,ST03,PRD017,9,372.06,8,Low
INV04896,2025-01-31,ST03,PRD002,93,13053.48,21,OK
INV04897,2025-01-31,ST03,PRD007,91,19815.25,11,OK
INV04898,2025-01-31,ST03,PRD051,61,4414.57,15,OK
INV04899,2025-01-31,ST03,PRD019,43,8149.36,19,OK
INV04900,2025-01-31,ST03,PRD032,85,27421.0,23,OK
INV04901,2025-01-31,ST12,PRD016,115,20526.35,8,OK
INV04902,2025-01-31,ST12,PRD062,64,16913.28,14,OK
INV04903,2025-01-31,ST12,PRD079,63,4068.54,12,OK
INV04904,2025-01-31,ST12,PRD057,41,8344.73,19,OK
INV04905,2025-01-31,ST12,PRD021,104,12242.88,21,OK
INV04906,2025-01-31,ST12,PRD015,13,3513.77,20,OK
INV04907,2025-01-31,ST12,PRD055,92,17365.0,25,OK
INV04908,2025-01-31,ST12,PRD049,76,19733.4,25,OK
INV04909,2025-01-31,ST12,PRD037,25,2371.0,23,OK
INV04910,2025-01-31,ST12,PRD008,85,11107.8,18,OK
INV04911,2025-01-31,ST12,PRD011,2,390.94,11,Low
INV04912,2025-01-31,ST12,PRD050,39,2988.96,25,OK
INV04913,2025-01-31,ST12,PRD023,118,10256.56,11,OK
INV04914,2025-01-31,ST12,PRD042,96,32583.36,9,OK
INV04915,2025-01-31,ST12,PRD044,116,39522.36,13,OK
INV04916,2025-01-31,ST12,PRD026,63,15135.12,8,OK
INV04917,2025-01-31,ST12,PRD033,96,22672.32,15,OK
INV04918,2025-01-31,ST12,PRD024,50,2050.5,16,OK
INV04919,2025-01-31,ST12,PRD018,91,28423.85,20,OK
INV04920,2025-01-31,ST12,PRD030,45,6450.3,23,OK
INV04921,2025-01-31,ST12,PRD040,50,4679.5,10,OK
INV04922,2025-01-31,ST12,PRD073,94,29177.6,9,OK
INV04923,2025-01-31,ST12,PRD031,46,10437.86,12,OK
INV04924,2025-01-31,ST12,PRD009,104,2123.68,23,OK
INV04925,2025-01-31,ST12,PRD035,22,5961.34,14,OK
INV04926,2025-01-31,ST02,PRD064,116,11971.2,24,OK
INV04927,2025-01-31,ST02,PRD045,24,4280.64,23,OK
INV04928,2025-01-31,ST02,PRD040,92,8610.28,25,OK
INV04929,2025-01-31,ST02,PRD026,96,23063.04,16,OK
INV04930,2025-01-31,ST02,PRD042,57,19346.37,11,OK
INV04931,2025-01-31,ST02,PRD078,120,20806.8,20,OK
INV04932,2025-01-31,ST02,PRD061,115,19586.8,20,OK
INV04933,2025-01-31,ST02,PRD062,41,10835.07,10,OK
INV04934,2025-01-31,ST02,PRD072,36,10288.8,17,OK
INV04935,2025-01-31,ST02,PRD008,33,4312.44,19,OK
INV04936,2025-01-31,ST02,PRD016,2,356.98,15,Low
INV04937,2025-01-31,ST02,PRD041,22,2287.12,14,OK
INV04938,2025-01-31,ST02,PRD023,15,1303.8,12,OK
INV04939,2025-01-31,ST02,PRD056,33,8897.46,24,OK
INV04940,2025-01-31,ST02,PRD002,82,11509.52,11,OK
INV04941,2025-01-31,ST02,PRD063,97,14453.97,16,OK
INV04942,2025-01-31,ST02,PRD038,105,19923.75,13,OK
INV04943,2025-01-31,ST02,PRD035,62,16800.14,16,OK
INV04944,2025-01-31,ST02,PRD025,16,2308.96,18,OK
INV04945,2025-01-31,ST02,PRD037,64,6069.76,11,OK
INV04946,2025-01-31,ST02,PRD046,46,12139.86,20,OK
INV04947,2025-01-31,ST02,PRD075,41,10514.45,17,OK
INV04948,2025-01-31,ST02,PRD014,42,4386.9,25,OK
INV04949,2025-01-31,ST02,PRD022,19,1705.82,23,OK
INV04950,2025-01-31,ST02,PRD033,120,28340.4,14,OK
INV04951,2025-01-31,ST07,PRD059,90,14634.0,23,OK
INV04952,2025-01-31,ST07,PRD024,51,2091.51,12,OK
INV04953,2025-01-31,ST07,PRD003,34,9579.5,8,OK
INV04954,2025-01-31,ST07,PRD034,65,6695.0,12,OK
INV04955,2025-01-31,ST07,PRD015,71,19190.59,14,OK
INV04956,2025-01-31,ST07,PRD056,120,32354.4,14,OK
INV04957,2025-01-31,ST07,PRD065,80,12576.8,9,OK
INV04958,2025-01-31,ST07,PRD026,3,720.72,13,Low
INV04959,2025-01-31,ST07,PRD035,60,16258.2,14,OK
INV04960,2025-01-31,ST07,PRD022,29,2603.62,24,OK
INV04961,2025-01-31,ST07,PRD072,41,11717.8,12,OK
INV04962,2025-01-31,ST07,PRD016,71,12672.79,13,OK
INV04963,2025-01-31,ST07,PRD068,108,26074.44,18,OK
INV04964,2025-01-31,ST07,PRD041,63,6549.48,8,OK
INV04965,2025-01-31,ST07,PRD078,105,18205.95,12,OK
INV04966,2025-01-31,ST07,PRD038,91,17267.25,20,OK
INV04967,2025-01-31,ST07,PRD008,86,11238.48,23,OK
INV04968,2025-01-31,ST07,PRD001,20,4434.2,10,OK
INV04969,2025-01-31,ST07,PRD025,69,9957.39,13,OK
INV04970,2025-01-31,ST07,PRD002,45,6316.2,23,OK
INV04971,2025-01-31,ST07,PRD073,115,35696.0,10,OK
INV04972,2025-01-31,ST07,PRD032,102,32905.2,19,OK
INV04973,2025-01-31,ST07,PRD063,57,8493.57,23,OK
INV04974,2025-01-31,ST07,PRD055,29,5473.75,11,OK
INV04975,2025-01-31,ST07,PRD077,61,11146.53,18,OK
INV04976,2025-01-31,ST05,PRD031,13,2949.83,23,OK
INV04977,2025-01-31,ST05,PRD052,70,12202.4,14,OK
INV04978,2025-01-31,ST05,PRD030,1,143.34,9,Low
INV04979,2025-01-31,ST05,PRD057,88,17910.64,14,OK
INV04980,2025-01-31,ST05,PRD069,3,667.92,19,Low
INV04981,2025-01-31,ST05,PRD049,48,12463.2,17,OK
INV04982,2025-01-31,ST05,PRD006,32,2349.44,10,OK
INV04983,2025-01-31,ST05,PRD029,41,4831.03,25,OK
INV04984,2025-01-31,ST05,PRD051,76,5500.12,20,OK
INV04985,2025-01-31,ST05,PRD015,70,18920.3,23,OK
INV04986,2025-01-31,ST05,PRD068,108,26074.44,17,OK
INV04987,2025-01-31,ST05,PRD036,66,13135.98,12,OK
INV04988,2025-01-31,ST05,PRD080,84,14706.72,25,OK
INV04989,2025-01-31,ST05,PRD053,58,16315.4,18,OK
INV04990,2025-01-31,ST05,PRD022,115,10324.7,25,OK
INV04991,2025-01-31,ST05,PRD021,94,11065.68,14,OK
INV04992,2025-01-31,ST05,PRD025,117,16884.27,14,OK
INV04993,2025-01-31,ST05,PRD062,96,25369.92,11,OK
INV04994,2025-01-31,ST05,PRD014,69,7207.05,15,OK
INV04995,2025-01-31,ST05,PRD027,85,24756.25,8,OK
INV04996,2025-01-31,ST05,PRD038,95,18026.25,12,OK
INV04997,2025-01-31,ST05,PRD005,116,4843.0,10,OK
INV04998,2025-01-31,ST05,PRD060,41,6772.38,23,OK
INV04999,2025-01-31,ST05,PRD066,30,8801.1,12,OK
INV05000,2025-01-31,ST05,PRD073,120,37248.0,8,OK
INV05001,2025-02-28,ST09,PRD065,104,16349.84,19,OK
INV05002,2025-02-28,ST09,PRD061,61,10389.52,9,OK
INV05003,2025-02-28,ST09,PRD076,13,1055.6,19,OK
INV05004,2025-02-28,ST09,PRD037,69,6543.96,21,OK
INV05005,2025-02-28,ST09,PRD079,60,3874.8,11,OK
INV05006,2025-02-28,ST09,PRD030,72,10320.48,21,OK
INV05007,2025-02-28,ST09,PRD012,44,12977.36,13,OK
INV05008,2025-02-28,ST09,PRD009,82,1674.44,21,OK
INV05009,2025-02-28,ST09,PRD002,83,11649.88,15,OK
INV05010,2025-02-28,ST09,PRD080,109,19083.72,8,OK
INV05011,2025-02-28,ST09,PRD017,21,868.14,21,OK
INV05012,2025-02-28,ST09,PRD008,115,15028.2,21,OK
INV05013,2025-02-28,ST09,PRD038,78,14800.5,24,OK
INV05014,2025-02-28,ST09,PRD067,5,1318.0,14,Low
INV05015,2025-02-28,ST09,PRD015,17,4594.93,22,OK
INV05016,2025-02-28,ST09,PRD053,92,25879.6,14,OK
INV05017,2025-02-28,ST09,PRD013,72,22190.4,21,OK
INV05018,2025-02-28,ST09,PRD005,55,2296.25,20,OK
INV05019,2025-02-28,ST09,PRD064,22,2270.4,8,OK
INV05020,2025-02-28,ST09,PRD016,73,13029.77,10,OK
INV05021,2025-02-28,ST09,PRD028,26,3655.6,22,OK
INV05022,2025-02-28,ST09,PRD074,119,11866.68,17,OK
INV05023,2025-02-28,ST09,PRD036,8,1592.24,13,Low
INV05024,2025-02-28,ST09,PRD058,69,20740.02,14,OK
INV05025,2025-02-28,ST09,PRD044,92,31345.32,10,OK
INV05026,2025-02-28,ST04,PRD057,67,13636.51,13,OK
INV05027,2025-02-28,ST04,PRD045,35,6242.6,11,OK
INV05028,2025-02-28,ST04,PRD049,111,28821.15,25,OK
INV05029,2025-02-28,ST04,PRD063,27,4023.27,14,OK
INV05030,2025-02-28,ST04,PRD028,45,6327.0,21,OK
INV05031,2025-02-28,ST04,PRD044,59,20101.89,12,OK
INV05032,2025-02-28,ST04,PRD006,3,220.26,23,Low
INV05033,2025-02-28,ST04,PRD069,86,19147.04,10,OK
INV05034,2025-02-28,ST04,PRD023,103,8952.76,8,OK
INV05035,2025-02-28,ST04,PRD017,13,537.42,16,OK
INV05036,2025-02-28,ST04,PRD002,90,12632.4,23,OK
INV05037,2025-02-28,ST04,PRD036,28,5572.84,16,OK
INV05038,2025-02-28,ST04,PRD064,94,9700.8,12,OK
INV05039,2025-02-28,ST04,PRD029,59,6951.97,13,OK
INV05040,2025-02-28,ST04,PRD003,119,33528.25,13,OK
INV05041,2025-02-28,ST04,PRD013,6,1849.2,24,Low
INV05042,2025-02-28,ST04,PRD071,73,2989.35,19,OK
INV05043,2025-02-28,ST04,PRD068,68,16417.24,8,OK
INV05044,2025-02-28,ST04,PRD037,78,7397.52,8,OK
INV05045,2025-02-28,ST04,PRD075,84,21541.8,11,OK
INV05046,2025-02-28,ST04,PRD070,46,13815.18,10,OK
INV05047,2025-02-28,ST04,PRD055,59,11136.25,17,OK
INV05048,2025-02-28,ST04,PRD067,84,22142.4,25,OK
INV05049,2025-02-28,ST04,PRD018,101,31547.35,24,OK
INV05050,2025-02-28,ST04,PRD033,52,12280.84,12,OK
INV05051,2025-02-28,ST07,PRD017,108,4464.72,9,OK
INV05052,2025-02-28,ST07,PRD003,8,2254.0,20,Low
INV05053,2025-02-28,ST07,PRD053,91,25598.3,20,OK
INV05054,2025-02-28,ST07,PRD069,47,10464.08,11,OK
INV05055,2025-02-28,ST07,PRD054,46,1549.74,10,OK
INV05056,2025-02-28,ST07,PRD062,59,15591.93,16,OK
INV05057,2025-02-28,ST07,PRD032,62,20001.2,22,OK
INV05058,2025-02-28,ST07,PRD078,96,16645.44,13,OK
INV05059,2025-02-28,ST07,PRD036,31,6169.93,17,OK
INV05060,2025-02-28,ST07,PRD031,26,5899.66,21,OK
INV05061,2025-02-28,ST07,PRD077,50,9136.5,21,OK
INV05062,2025-02-28,ST07,PRD035,36,9754.92,22,OK
INV05063,2025-02-28,ST07,PRD009,79,1613.18,24,OK
INV05064,2025-02-28,ST07,PRD048,84,12462.24,17,OK
INV05065,2025-02-28,ST07,PRD021,80,9417.6,21,OK
INV05066,2025-02-28,ST07,PRD074,116,11567.52,18,OK
INV05067,2025-02-28,ST07,PRD046,102,26918.82,8,OK
INV05068,2025-02-28,ST07,PRD038,27,5123.25,15,OK
INV05069,2025-02-28,ST07,PRD034,45,4635.0,8,OK
INV05070,2025-02-28,ST07,PRD050,34,2605.76,20,OK
INV05071,2025-02-28,ST07,PRD012,64,18876.16,9,OK
INV05072,2025-02-28,ST07,PRD042,89,30207.49,11,OK
INV05073,2025-02-28,ST07,PRD004,41,11962.98,12,OK
INV05074,2025-02-28,ST07,PRD056,57,15368.34,20,OK
INV05075,2025-02-28,ST07,PRD068,44,10622.92,9,OK
INV05076,2025-02-28,ST02,PRD080,83,14531.64,16,OK
INV05077,2025-02-28,ST02,PRD051,27,1953.99,15,OK
INV05078,2025-02-28,ST02,PRD005,76,3173.0,23,OK
INV05079,2025-02-28,ST02,PRD032,8,2580.8,13,Low
INV05080,2025-02-28,ST02,PRD078,31,5375.09,21,OK
INV05081,2025-02-28,ST02,PRD059,28,4552.8,9,OK
INV05082,2025-02-28,ST02,PRD047,55,11799.15,11,OK
INV05083,2025-02-28,ST02,PRD065,77,12105.17,15,OK
INV05084,2025-02-28,ST02,PRD044,119,40544.49,22,OK
INV05085,2025-02-28,ST02,PRD053,91,25598.3,22,OK
INV05086,2025-02-28,ST02,PRD026,82,19699.68,9,OK
INV05087,2025-02-28,ST02,PRD054,50,1684.5,11,OK
INV05088,2025-02-28,ST02,PRD030,78,11180.52,24,OK
INV05089,2025-02-28,ST02,PRD017,107,4423.38,23,OK
INV05090,2025-02-28,ST02,PRD023,111,9648.12,25,OK
INV05091,2025-02-28,ST02,PRD016,93,16599.57,9,OK
INV05092,2025-02-28,ST02,PRD034,119,12257.0,10,OK
INV05093,2025-02-28,ST02,PRD074,70,6980.4,22,OK
INV05094,2025-02-28,ST02,PRD041,102,10603.92,10,OK
INV05095,2025-02-28,ST02,PRD022,52,4668.56,20,OK
INV05096,2025-02-28,ST02,PRD045,83,14803.88,14,OK
INV05097,2025-02-28,ST02,PRD077,34,6212.82,10,OK
INV05098,2025-02-28,ST02,PRD058,7,2104.06,18,Low
INV05099,2025-02-28,ST02,PRD025,109,15729.79,18,OK
INV05100,2025-02-28,ST02,PRD073,48,14899.2,23,OK
INV05101,2025-02-28,ST10,PRD022,105,9426.9,22,OK
INV05102,2025-02-28,ST10,PRD034,95,9785.0,11,OK
INV05103,2025-02-28,ST10,PRD017,33,1364.22,15,OK
INV05104,2025-02-28,ST10,PRD058,52,15630.16,16,OK
INV05105,2025-02-28,ST10,PRD036,119,23684.57,25,OK
INV05106,2025-02-28,ST10,PRD078,73,12657.47,15,OK
INV05107,2025-02-28,ST10,PRD005,107,4467.25,20,OK
INV05108,2025-02-28,ST10,PRD057,10,2035.3,22,Low
INV05109,2025-02-28,ST10,PRD066,40,11734.8,8,OK
INV05110,2025-02-28,ST10,PRD038,112,21252.0,24,OK
INV05111,2025-02-28,ST10,PRD023,65,5649.8,23,OK
INV05112,2025-02-28,ST10,PRD060,88,14535.84,8,OK
INV05113,2025-02-28,ST10,PRD016,7,1249.43,12,Low
INV05114,2025-02-28,ST10,PRD059,47,7642.2,11,OK
INV05115,2025-02-28,ST10,PRD009,118,2409.56,24,OK
INV05116,2025-02-28,ST10,PRD025,71,10246.01,13,OK
INV05117,2025-02-28,ST10,PRD073,71,22038.4,11,OK
INV05118,2025-02-28,ST10,PRD055,110,20762.5,20,OK
INV05119,2025-02-28,ST10,PRD080,5,875.4,13,Low
INV05120,2025-02-28,ST10,PRD064,96,9907.2,18,OK
INV05121,2025-02-28,ST10,PRD026,116,27867.84,15,OK
INV05122,2025-02-28,ST10,PRD052,30,5229.6,16,OK
INV05123,2025-02-28,ST10,PRD020,37,7530.98,10,OK
INV05124,2025-02-28,ST10,PRD076,108,8769.6,11,OK
INV05125,2025-02-28,ST10,PRD027,0,0.0,13,Out of Stock
INV05126,2025-02-28,ST06,PRD023,85,7388.2,9,OK
INV05127,2025-02-28,ST06,PRD005,115,4801.25,8,OK
INV05128,2025-02-28,ST06,PRD010,19,3611.14,14,OK
INV05129,2025-02-28,ST06,PRD029,21,2474.43,25,OK
INV05130,2025-02-28,ST06,PRD073,88,27315.2,18,OK
INV05131,2025-02-28,ST06,PRD018,20,6247.0,11,OK
INV05132,2025-02-28,ST06,PRD078,18,3121.02,16,OK
INV05133,2025-02-28,ST06,PRD053,1,281.3,9,Low
INV05134,2025-02-28,ST06,PRD004,49,14297.22,12,OK
INV05135,2025-02-28,ST06,PRD075,16,4103.2,16,OK
INV05136,2025-02-28,ST06,PRD020,12,2442.48,23,OK
INV05137,2025-02-28,ST06,PRD068,38,9174.34,24,OK
INV05138,2025-02-28,ST06,PRD025,51,7359.81,9,OK
INV05139,2025-02-28,ST06,PRD059,2,325.2,20,Low
INV05140,2025-02-28,ST06,PRD001,34,7538.14,24,OK
INV05141,2025-02-28,ST06,PRD063,64,9536.64,13,OK
INV05142,2025-02-28,ST06,PRD080,32,5602.56,22,OK
INV05143,2025-02-28,ST06,PRD060,88,14535.84,21,OK
INV05144,2025-02-28,ST06,PRD027,77,22426.25,8,OK
INV05145,2025-02-28,ST06,PRD016,81,14457.69,13,OK
INV05146,2025-02-28,ST06,PRD061,75,12774.0,8,OK
INV05147,2025-02-28,ST06,PRD074,110,10969.2,13,OK
INV05148,2025-02-28,ST06,PRD037,59,5595.56,20,OK
INV05149,2025-02-28,ST06,PRD013,74,22806.8,8,OK
INV05150,2025-02-28,ST06,PRD015,105,28380.45,16,OK
INV05151,2025-02-28,ST12,PRD041,23,2391.08,20,OK
INV05152,2025-02-28,ST12,PRD006,69,5065.98,16,OK
INV05153,2025-02-28,ST12,PRD072,96,27436.8,9,OK
INV05154,2025-02-28,ST12,PRD024,116,4757.16,25,OK
INV05155,2025-02-28,ST12,PRD003,44,12397.0,21,OK
INV05156,2025-02-28,ST12,PRD022,37,3321.86,14,OK
INV05157,2025-02-28,ST12,PRD056,18,4853.16,8,OK
INV05158,2025-02-28,ST12,PRD017,52,2149.68,18,OK
INV05159,2025-02-28,ST12,PRD059,79,12845.4,15,OK
INV05160,2025-02-28,ST12,PRD071,15,614.25,12,OK
INV05161,2025-02-28,ST12,PRD075,33,8462.85,24,OK
INV05162,2025-02-28,ST12,PRD063,30,4470.3,25,OK
INV05163,2025-02-28,ST12,PRD021,113,13302.36,13,OK
INV05164,2025-02-28,ST12,PRD043,57,9319.5,9,OK
INV05165,2025-02-28,ST12,PRD028,49,6889.4,18,OK
INV05166,2025-02-28,ST12,PRD025,98,14142.38,17,OK
INV05167,2025-02-28,ST12,PRD069,43,9573.52,22,OK
INV05168,2025-02-28,ST12,PRD019,30,5685.6,16,OK
INV05169,2025-02-28,ST12,PRD068,85,20521.55,25,OK
INV05170,2025-02-28,ST12,PRD015,94,25407.26,18,OK
INV05171,2025-02-28,ST12,PRD029,34,4006.22,11,OK
INV05172,2025-02-28,ST12,PRD018,27,8433.45,12,OK
INV05173,2025-02-28,ST12,PRD004,29,8461.62,21,OK
INV05174,2025-02-28,ST12,PRD005,48,2004.0,10,OK
INV05175,2025-02-28,ST12,PRD048,53,7863.08,13,OK
INV05176,2025-02-28,ST08,PRD048,62,9198.32,14,OK
INV05177,2025-02-28,ST08,PRD024,66,2706.66,24,OK
INV05178,2025-02-28,ST08,PRD029,78,9190.74,8,OK
INV05179,2025-02-28,ST08,PRD005,82,3423.5,22,OK
INV05180,2025-02-28,ST08,PRD071,98,4013.1,20,OK
INV05181,2025-02-28,ST08,PRD009,92,1878.64,11,OK
INV05182,2025-02-28,ST08,PRD060,31,5120.58,11,OK
INV05183,2025-02-28,ST08,PRD028,80,11248.0,25,OK
INV05184,2025-02-28,ST08,PRD025,98,14142.38,23,OK
INV05185,2025-02-28,ST08,PRD034,89,9167.0,20,OK
INV05186,2025-02-28,ST08,PRD039,29,6677.54,18,OK
INV05187,2025-02-28,ST08,PRD043,37,6049.5,9,OK
INV05188,2025-02-28,ST08,PRD019,3,568.56,13,Low
INV05189,2025-02-28,ST08,PRD002,104,14597.44,12,OK
INV05190,2025-02-28,ST08,PRD033,1,236.17,13,Low
INV05191,2025-02-28,ST08,PRD046,112,29557.92,21,OK
INV05192,2025-02-28,ST08,PRD068,98,23660.14,22,OK
INV05193,2025-02-28,ST08,PRD018,71,22176.85,25,OK
INV05194,2025-02-28,ST08,PRD010,101,19196.06,21,OK
INV05195,2025-02-28,ST08,PRD042,74,25116.34,19,OK
INV05196,2025-02-28,ST08,PRD004,13,3793.14,13,OK
INV05197,2025-02-28,ST08,PRD023,61,5302.12,8,OK
INV05198,2025-02-28,ST08,PRD011,108,21110.76,18,OK
INV05199,2025-02-28,ST08,PRD027,62,18057.5,8,OK
INV05200,2025-02-28,ST08,PRD044,91,31004.61,13,OK
INV05201,2025-03-31,ST08,PRD005,107,4467.25,13,OK
INV05202,2025-03-31,ST08,PRD028,54,7592.4,19,OK
INV05203,2025-03-31,ST08,PRD076,36,2923.2,9,OK
INV05204,2025-03-31,ST08,PRD002,102,14316.72,10,OK
INV05205,2025-03-31,ST08,PRD012,111,32738.34,20,OK
INV05206,2025-03-31,ST08,PRD015,22,5946.38,17,OK
INV05207,2025-03-31,ST08,PRD008,110,14374.8,12,OK
INV05208,2025-03-31,ST08,PRD072,76,21720.8,19,OK
INV05209,2025-03-31,ST08,PRD007,118,25694.5,19,OK
INV05210,2025-03-31,ST08,PRD073,47,14588.8,15,OK
INV05211,2025-03-31,ST08,PRD023,65,5649.8,23,OK
INV05212,2025-03-31,ST08,PRD022,6,538.68,23,Low
INV05213,2025-03-31,ST08,PRD075,74,18977.3,10,OK
INV05214,2025-03-31,ST08,PRD001,40,8868.4,17,OK
INV05215,2025-03-31,ST08,PRD026,20,4804.8,13,OK
INV05216,2025-03-31,ST08,PRD062,117,30919.59,9,OK
INV05217,2025-03-31,ST08,PRD014,46,4804.7,25,OK
INV05218,2025-03-31,ST08,PRD069,84,18701.76,14,OK
INV05219,2025-03-31,ST08,PRD074,17,1695.24,24,OK
INV05220,2025-03-31,ST08,PRD058,29,8716.82,23,OK
INV05221,2025-03-31,ST08,PRD019,8,1516.16,19,Low
INV05222,2025-03-31,ST08,PRD071,119,4873.05,24,OK
INV05223,2025-03-31,ST08,PRD030,117,16770.78,23,OK
INV05224,2025-03-31,ST08,PRD033,42,9919.14,17,OK
INV05225,2025-03-31,ST08,PRD038,32,6072.0,20,OK
INV05226,2025-03-31,ST04,PRD028,100,14060.0,11,OK
INV05227,2025-03-31,ST04,PRD024,5,205.05,10,Low
INV05228,2025-03-31,ST04,PRD034,55,5665.0,9,OK
INV05229,2025-03-31,ST04,PRD020,77,15672.58,22,OK
INV05230,2025-03-31,ST04,PRD038,93,17646.75,8,OK
INV05231,2025-03-31,ST04,PRD051,94,6802.78,21,OK
INV05232,2025-03-31,ST04,PRD052,58,10110.56,9,OK
INV05233,2025-03-31,ST04,PRD008,32,4181.76,15,OK
INV05234,2025-03-31,ST04,PRD040,1,93.59,13,Low
INV05235,2025-03-31,ST04,PRD063,34,5066.34,11,OK
INV05236,2025-03-31,ST04,PRD079,115,7426.7,14,OK
INV05237,2025-03-31,ST04,PRD033,118,27868.06,19,OK
INV05238,2025-03-31,ST04,PRD066,4,1173.48,24,Low
INV05239,2025-03-31,ST04,PRD035,90,24387.3,8,OK
INV05240,2025-03-31,ST04,PRD077,47,8588.31,16,OK
INV05241,2025-03-31,ST04,PRD070,107,32135.31,13,OK
INV05242,2025-03-31,ST04,PRD004,26,7586.28,15,OK
INV05243,2025-03-31,ST04,PRD054,99,3335.31,19,OK
INV05244,2025-03-31,ST04,PRD072,63,18005.4,17,OK
INV05245,2025-03-31,ST04,PRD002,9,1263.24,19,Low
INV05246,2025-03-31,ST04,PRD001,15,3325.65,25,OK
INV05247,2025-03-31,ST04,PRD007,97,21121.75,11,OK
INV05248,2025-03-31,ST04,PRD048,96,14242.56,15,OK
INV05249,2025-03-31,ST04,PRD019,119,22552.88,16,OK
INV05250,2025-03-31,ST04,PRD015,22,5946.38,25,OK
INV05251,2025-03-31,ST01,PRD066,12,3520.44,24,OK
INV05252,2025-03-31,ST01,PRD015,96,25947.84,11,OK
INV05253,2025-03-31,ST01,PRD047,54,11584.62,12,OK
INV05254,2025-03-31,ST01,PRD011,92,17983.24,25,OK
INV05255,2025-03-31,ST01,PRD036,23,4577.69,20,OK
INV05256,2025-03-31,ST01,PRD057,14,2849.42,14,OK
INV05257,2025-03-31,ST01,PRD031,109,24733.19,20,OK
INV05258,2025-03-31,ST01,PRD073,18,5587.2,16,OK
INV05259,2025-03-31,ST01,PRD002,29,4070.44,17,OK
INV05260,2025-03-31,ST01,PRD042,84,28510.44,11,OK
INV05261,2025-03-31,ST01,PRD029,73,8601.59,10,OK
INV05262,2025-03-31,ST01,PRD060,59,9745.62,14,OK
INV05263,2025-03-31,ST01,PRD014,89,9296.05,18,OK
INV05264,2025-03-31,ST01,PRD045,72,12841.92,15,OK
INV05265,2025-03-31,ST01,PRD043,19,3106.5,19,OK
INV05266,2025-03-31,ST01,PRD064,112,11558.4,17,OK
INV05267,2025-03-31,ST01,PRD020,34,6920.36,8,OK
INV05268,2025-03-31,ST01,PRD076,42,3410.4,18,OK
INV05269,2025-03-31,ST01,PRD046,34,8972.94,20,OK
INV05270,2025-03-31,ST01,PRD074,30,2991.6,12,OK
INV05271,2025-03-31,ST01,PRD025,11,1587.41,25,Low
INV05272,2025-03-31,ST01,PRD063,23,3427.23,22,OK
INV05273,2025-03-31,ST01,PRD065,2,314.42,8,Low
INV05274,2025-03-31,ST01,PRD071,110,4504.5,20,OK
INV05275,2025-03-31,ST01,PRD054,99,3335.31,12,OK
INV05276,2025-03-31,ST11,PRD055,79,14911.25,25,OK
INV05277,2025-03-31,ST11,PRD071,95,3890.25,24,OK
INV05278,2025-03-31,ST11,PRD054,102,3436.38,18,OK
INV05279,2025-03-31,ST11,PRD013,104,32052.8,12,OK
INV05280,2025-03-31,ST11,PRD006,40,2936.8,25,OK
INV05281,2025-03-31,ST11,PRD072,65,18577.0,9,OK
INV05282,2025-03-31,ST11,PRD039,39,8980.14,20,OK
INV05283,2025-03-31,ST11,PRD074,88,8775.36,13,OK
INV05284,2025-03-31,ST11,PRD061,45,7664.4,13,OK
INV05285,2025-03-31,ST11,PRD078,45,7802.55,18,OK
INV05286,2025-03-31,ST11,PRD005,112,4676.0,25,OK
INV05287,2025-03-31,ST11,PRD063,3,447.03,15,Low
INV05288,2025-03-31,ST11,PRD064,90,9288.0,11,OK
INV05289,2025-03-31,ST11,PRD066,100,29337.0,18,OK
INV05290,2025-03-31,ST11,PRD050,28,2145.92,18,OK
INV05291,2025-03-31,ST11,PRD021,102,12007.44,14,OK
INV05292,2025-03-31,ST11,PRD053,8,2250.4,14,Low
INV05293,2025-03-31,ST11,PRD032,9,2903.4,14,Low
INV05294,2025-03-31,ST11,PRD075,45,11540.25,12,OK
INV05295,2025-03-31,ST11,PRD019,8,1516.16,17,Low
INV05296,2025-03-31,ST11,PRD014,92,9609.4,24,OK
INV05297,2025-03-31,ST11,PRD015,42,11352.18,23,OK
INV05298,2025-03-31,ST11,PRD077,43,7857.39,10,OK
INV05299,2025-03-31,ST11,PRD068,57,13761.51,16,OK
INV05300,2025-03-31,ST11,PRD046,30,7917.3,10,OK
INV05301,2025-03-31,ST03,PRD078,15,2600.85,16,OK
INV05302,2025-03-31,ST03,PRD024,51,2091.51,11,OK
INV05303,2025-03-31,ST03,PRD053,15,4219.5,21,OK
INV05304,2025-03-31,ST03,PRD017,0,0.0,25,Out of Stock
INV05305,2025-03-31,ST03,PRD011,14,2736.58,8,OK
INV05306,2025-03-31,ST03,PRD058,62,18635.96,17,OK
INV05307,2025-03-31,ST03,PRD032,85,27421.0,18,OK
INV05308,2025-03-31,ST03,PRD014,116,12116.2,13,OK
INV05309,2025-03-31,ST03,PRD039,45,10361.7,17,OK
INV05310,2025-03-31,ST03,PRD047,81,17376.93,25,OK
INV05311,2025-03-31,ST03,PRD075,120,30774.0,20,OK
INV05312,2025-03-31,ST03,PRD079,15,968.7,18,OK
INV05313,2025-03-31,ST03,PRD055,5,943.75,24,Low
INV05314,2025-03-31,ST03,PRD048,46,6824.56,18,OK
INV05315,2025-03-31,ST03,PRD072,14,4001.2,10,OK
INV05316,2025-03-31,ST03,PRD069,6,1335.84,25,Low
INV05317,2025-03-31,ST03,PRD042,117,39710.97,8,OK
INV05318,2025-03-31,ST03,PRD059,110,17886.0,14,OK
INV05319,2025-03-31,ST03,PRD033,1,236.17,20,Low
INV05320,2025-03-31,ST03,PRD043,87,14224.5,11,OK
INV05321,2025-03-31,ST03,PRD028,44,6186.4,17,OK
INV05322,2025-03-31,ST03,PRD067,61,16079.6,10,OK
INV05323,2025-03-31,ST03,PRD026,7,1681.68,18,Low
INV05324,2025-03-31,ST03,PRD001,59,13080.89,25,OK
INV05325,2025-03-31,ST03,PRD080,59,10329.72,9,OK
INV05326,2025-03-31,ST10,PRD032,67,21614.2,25,OK
INV05327,2025-03-31,ST10,PRD060,8,1321.44,19,Low
INV05328,2025-03-31,ST10,PRD014,74,7729.3,16,OK
INV05329,2025-03-31,ST10,PRD027,91,26503.75,18,OK
INV05330,2025-03-31,ST10,PRD015,54,14595.66,9,OK
INV05331,2025-03-31,ST10,PRD012,50,14747.0,18,OK
INV05332,2025-03-31,ST10,PRD040,41,3837.19,11,OK
INV05333,2025-03-31,ST10,PRD018,42,13118.7,13,OK
INV05334,2025-03-31,ST10,PRD059,96,15609.6,16,OK
INV05335,2025-03-31,ST10,PRD010,23,4371.38,23,OK
INV05336,2025-03-31,ST10,PRD006,88,6460.96,18,OK
INV05337,2025-03-31,ST10,PRD008,85,11107.8,9,OK
INV05338,2025-03-31,ST10,PRD026,77,18498.48,8,OK
INV05339,2025-03-31,ST10,PRD054,13,437.97,20,OK
INV05340,2025-03-31,ST10,PRD050,102,7817.28,11,OK
INV05341,2025-03-31,ST10,PRD056,43,11593.66,14,OK
INV05342,2025-03-31,ST10,PRD002,114,16001.04,20,OK
INV05343,2025-03-31,ST10,PRD028,32,4499.2,16,OK
INV05344,2025-03-31,ST10,PRD078,99,17165.61,15,OK
INV05345,2025-03-31,ST10,PRD071,97,3972.15,10,OK
INV05346,2025-03-31,ST10,PRD036,48,9553.44,13,OK
INV05347,2025-03-31,ST10,PRD045,28,4994.08,8,OK
INV05348,2025-03-31,ST10,PRD048,3,445.08,15,Low
INV05349,2025-03-31,ST10,PRD031,0,0.0,8,Out of Stock
INV05350,2025-03-31,ST10,PRD074,39,3889.08,19,OK
INV05351,2025-03-31,ST07,PRD022,33,2962.74,16,OK
INV05352,2025-03-31,ST07,PRD006,8,587.36,12,Low
INV05353,2025-03-31,ST07,PRD068,14,3380.02,10,OK
INV05354,2025-03-31,ST07,PRD021,61,7180.92,9,OK
INV05355,2025-03-31,ST07,PRD026,48,11531.52,12,OK
INV05356,2025-03-31,ST07,PRD041,111,11539.56,12,OK
INV05357,2025-03-31,ST07,PRD001,80,17736.8,11,OK
INV05358,2025-03-31,ST07,PRD049,63,16357.95,25,OK
INV05359,2025-03-31,ST07,PRD066,74,21709.38,17,OK
INV05360,2025-03-31,ST07,PRD069,16,3562.24,21,OK
INV05361,2025-03-31,ST07,PRD072,93,26579.4,8,OK
INV05362,2025-03-31,ST07,PRD030,25,3583.5,12,OK
INV05363,2025-03-31,ST07,PRD009,1,20.42,8,Low
INV05364,2025-03-31,ST07,PRD012,96,28314.24,14,OK
INV05365,2025-03-31,ST07,PRD038,84,15939.0,8,OK
INV05366,2025-03-31,ST07,PRD052,20,3486.4,11,OK
INV05367,2025-03-31,ST07,PRD076,42,3410.4,17,OK
INV05368,2025-03-31,ST07,PRD045,17,3032.12,19,OK
INV05369,2025-03-31,ST07,PRD033,77,18185.09,17,OK
INV05370,2025-03-31,ST07,PRD027,89,25921.25,12,OK
INV05371,2025-03-31,ST07,PRD032,64,20646.4,15,OK
INV05372,2025-03-31,ST07,PRD061,99,16861.68,25,OK
INV05373,2025-03-31,ST07,PRD035,13,3522.61,11,OK
INV05374,2025-03-31,ST07,PRD017,18,744.12,11,OK
INV05375,2025-03-31,ST07,PRD053,4,1125.2,18,Low
INV05376,2025-03-31,ST06,PRD076,93,7551.6,13,OK
INV05377,2025-03-31,ST06,PRD064,6,619.2,18,Low
INV05378,2025-03-31,ST06,PRD002,105,14737.8,18,OK
INV05379,2025-03-31,ST06,PRD011,113,22088.11,17,OK
INV05380,2025-03-31,ST06,PRD024,0,0.0,14,Out of Stock
INV05381,2025-03-31,ST06,PRD034,35,3605.0,15,OK
INV05382,2025-03-31,ST06,PRD036,115,22888.45,20,OK
INV05383,2025-03-31,ST06,PRD020,91,18522.14,24,OK
INV05384,2025-03-31,ST06,PRD026,81,19459.44,25,OK
INV05385,2025-03-31,ST06,PRD051,53,3835.61,11,OK
INV05386,2025-03-31,ST06,PRD001,35,7759.85,25,OK
INV05387,2025-03-31,ST06,PRD019,7,1326.64,14,Low
INV05388,2025-03-31,ST06,PRD041,3,311.88,20,Low
INV05389,2025-03-31,ST06,PRD054,101,3402.69,21,OK
INV05390,2025-03-31,ST06,PRD063,47,7003.47,20,OK
INV05391,2025-03-31,ST06,PRD031,87,19741.17,14,OK
INV05392,2025-03-31,ST06,PRD023,2,173.84,8,Low
INV05393,2025-03-31,ST06,PRD045,92,16409.12,9,OK
INV05394,2025-03-31,ST06,PRD077,31,5664.63,24,OK
INV05395,2025-03-31,ST06,PRD039,86,19802.36,23,OK
INV05396,2025-03-31,ST06,PRD008,40,5227.2,18,OK
INV05397,2025-03-31,ST06,PRD029,53,6244.99,22,OK
INV05398,2025-03-31,ST06,PRD007,49,10669.75,10,OK
INV05399,2025-03-31,ST06,PRD062,29,7663.83,16,OK
INV05400,2025-03-31,ST06,PRD016,23,4105.27,25,OK
INV05401,2025-04-30,ST03,PRD061,40,6812.8,21,OK
INV05402,2025-04-30,ST03,PRD012,82,24185.08,10,OK
INV05403,2025-04-30,ST03,PRD040,76,7112.84,20,OK
INV05404,2025-04-30,ST03,PRD023,105,9126.6,13,OK
INV05405,2025-04-30,ST03,PRD063,114,16987.14,15,OK
INV05406,2025-04-30,ST03,PRD018,98,30610.3,12,OK
INV05407,2025-04-30,ST03,PRD002,81,11369.16,20,OK
INV05408,2025-04-30,ST03,PRD045,95,16944.2,25,OK
INV05409,2025-04-30,ST03,PRD011,53,10359.91,12,OK
INV05410,2025-04-30,ST03,PRD025,47,6782.57,10,OK
INV05411,2025-04-30,ST03,PRD046,107,28238.37,14,OK
INV05412,2025-04-30,ST03,PRD037,59,5595.56,23,OK
INV05413,2025-04-30,ST03,PRD013,18,5547.6,23,OK
INV05414,2025-04-30,ST03,PRD038,50,9487.5,8,OK
INV05415,2025-04-30,ST03,PRD015,45,12163.05,19,OK
INV05416,2025-04-30,ST03,PRD055,45,8493.75,8,OK
INV05417,2025-04-30,ST03,PRD016,111,19812.39,24,OK
INV05418,2025-04-30,ST03,PRD042,36,12218.76,24,OK
INV05419,2025-04-30,ST03,PRD047,26,5577.78,11,OK
INV05420,2025-04-30,ST03,PRD006,1,73.42,14,Low
INV05421,2025-04-30,ST03,PRD080,109,19083.72,16,OK
INV05422,2025-04-30,ST03,PRD010,39,7412.34,21,OK
INV05423,2025-04-30,ST03,PRD034,76,7828.0,16,OK
INV05424,2025-04-30,ST03,PRD017,27,1116.18,9,OK
INV05425,2025-04-30,ST03,PRD059,117,19024.2,22,OK
INV05426,2025-04-30,ST04,PRD037,6,569.04,21,Low
INV05427,2025-04-30,ST04,PRD077,21,3837.33,17,OK
INV05428,2025-04-30,ST04,PRD065,38,5973.98,12,OK
INV05429,2025-04-30,ST04,PRD023,3,260.76,19,Low
INV05430,2025-04-30,ST04,PRD007,22,4790.5,8,OK
INV05431,2025-04-30,ST04,PRD061,104,17713.28,14,OK
INV05432,2025-04-30,ST04,PRD052,4,697.28,21,Low
INV05433,2025-04-30,ST04,PRD078,94,16298.66,18,OK
INV05434,2025-04-30,ST04,PRD010,112,21286.72,23,OK
INV05435,2025-04-30,ST04,PRD019,113,21415.76,11,OK
INV05436,2025-04-30,ST04,PRD060,101,16683.18,12,OK
INV05437,2025-04-30,ST04,PRD066,71,20829.27,23,OK
INV05438,2025-04-30,ST04,PRD073,45,13968.0,14,OK
INV05439,2025-04-30,ST04,PRD067,27,7117.2,17,OK
INV05440,2025-04-30,ST04,PRD001,64,14189.44,8,OK
INV05441,2025-04-30,ST04,PRD009,83,1694.86,25,OK
INV05442,2025-04-30,ST04,PRD079,98,6328.84,8,OK
INV05443,2025-04-30,ST04,PRD072,9,2572.2,14,Low
INV05444,2025-04-30,ST04,PRD026,55,13213.2,9,OK
INV05445,2025-04-30,ST04,PRD057,104,21167.12,17,OK
INV05446,2025-04-30,ST04,PRD040,104,9733.36,17,OK
INV05447,2025-04-30,ST04,PRD080,63,11030.04,16,OK
INV05448,2025-04-30,ST04,PRD064,91,9391.2,12,OK
INV05449,2025-04-30,ST04,PRD006,15,1101.3,16,OK
INV05450,2025-04-30,ST04,PRD039,22,5065.72,18,OK
INV05451,2025-04-30,ST11,PRD034,2,206.0,23,Low
INV05452,2025-04-30,ST11,PRD069,87,19369.68,12,OK
INV05453,2025-04-30,ST11,PRD024,14,574.14,23,OK
INV05454,2025-04-30,ST11,PRD059,110,17886.0,21,OK
INV05455,2025-04-30,ST11,PRD013,104,32052.8,19,OK
INV05456,2025-04-30,ST11,PRD072,79,22578.2,9,OK
INV05457,2025-04-30,ST11,PRD075,45,11540.25,15,OK
INV05458,2025-04-30,ST11,PRD004,5,1458.9,16,Low
INV05459,2025-04-30,ST11,PRD038,34,6451.5,15,OK
INV05460,2025-04-30,ST11,PRD041,98,10188.08,10,OK
INV05461,2025-04-30,ST11,PRD077,82,14983.86,22,OK
INV05462,2025-04-30,ST11,PRD051,38,2750.06,9,OK
INV05463,2025-04-30,ST11,PRD023,50,4346.0,15,OK
INV05464,2025-04-30,ST11,PRD022,120,10773.6,19,OK
INV05465,2025-04-30,ST11,PRD055,79,14911.25,9,OK
INV05466,2025-04-30,ST11,PRD021,61,7180.92,8,OK
INV05467,2025-04-30,ST11,PRD046,112,29557.92,9,OK
INV05468,2025-04-30,ST11,PRD056,79,21299.98,22,OK
INV05469,2025-04-30,ST11,PRD036,119,23684.57,17,OK
INV05470,2025-04-30,ST11,PRD045,7,1248.52,22,Low
INV05471,2025-04-30,ST11,PRD063,112,16689.12,15,OK
INV05472,2025-04-30,ST11,PRD020,30,6106.2,23,OK
INV05473,2025-04-30,ST11,PRD049,27,7010.55,18,OK
INV05474,2025-04-30,ST11,PRD031,14,3176.74,8,OK
INV05475,2025-04-30,ST11,PRD071,99,4054.05,8,OK
INV05476,2025-04-30,ST05,PRD075,74,18977.3,11,OK
INV05477,2025-04-30,ST05,PRD026,64,15375.36,8,OK
INV05478,2025-04-30,ST05,PRD027,113,32911.25,23,OK
INV05479,2025-04-30,ST05,PRD012,29,8553.26,13,OK
INV05480,2025-04-30,ST05,PRD067,98,25832.8,11,OK
INV05481,2025-04-30,ST05,PRD054,66,2223.54,19,OK
INV05482,2025-04-30,ST05,PRD066,15,4400.55,16,OK
INV05483,2025-04-30,ST05,PRD031,82,18606.62,10,OK
INV05484,2025-04-30,ST05,PRD068,78,18831.54,23,OK
INV05485,2025-04-30,ST05,PRD042,88,29868.08,14,OK
INV05486,2025-04-30,ST05,PRD009,35,714.7,24,OK
INV05487,2025-04-30,ST05,PRD033,50,11808.5,9,OK
INV05488,2025-04-30,ST05,PRD050,57,4368.48,10,OK
INV05489,2025-04-30,ST05,PRD032,58,18710.8,23,OK
INV05490,2025-04-30,ST05,PRD051,40,2894.8,17,OK
INV05491,2025-04-30,ST05,PRD049,46,11943.9,8,OK
INV05492,2025-04-30,ST05,PRD072,62,17719.6,19,OK
INV05493,2025-04-30,ST05,PRD015,119,32164.51,20,OK
INV05494,2025-04-30,ST05,PRD038,64,12144.0,21,OK
INV05495,2025-04-30,ST05,PRD005,70,2922.5,8,OK
INV05496,2025-04-30,ST05,PRD044,37,12606.27,23,OK
INV05497,2025-04-30,ST05,PRD036,63,12538.89,9,OK
INV05498,2025-04-30,ST05,PRD037,99,9389.16,9,OK
INV05499,2025-04-30,ST05,PRD004,11,3209.58,14,Low
INV05500,2025-04-30,ST05,PRD003,71,20004.25,25,OK
INV05501,2025-04-30,ST09,PRD047,105,22525.65,22,OK
INV05502,2025-04-30,ST09,PRD074,85,8476.2,14,OK
INV05503,2025-04-30,ST09,PRD057,112,22795.36,24,OK
INV05504,2025-04-30,ST09,PRD070,74,22224.42,12,OK
INV05505,2025-04-30,ST09,PRD059,50,8130.0,16,OK
INV05506,2025-04-30,ST09,PRD010,67,12734.02,10,OK
INV05507,2025-04-30,ST09,PRD012,28,8258.32,15,OK
INV05508,2025-04-30,ST09,PRD032,93,30001.8,19,OK
INV05509,2025-04-30,ST09,PRD024,16,656.16,19,OK
INV05510,2025-04-30,ST09,PRD009,94,1919.48,16,OK
INV05511,2025-04-30,ST09,PRD016,80,14279.2,9,OK
INV05512,2025-04-30,ST09,PRD063,80,11920.8,8,OK
INV05513,2025-04-30,ST09,PRD008,44,5749.92,17,OK
INV05514,2025-04-30,ST09,PRD042,42,14255.22,15,OK
INV05515,2025-04-30,ST09,PRD038,3,569.25,17,Low
INV05516,2025-04-30,ST09,PRD050,17,1302.88,11,OK
INV05517,2025-04-30,ST09,PRD049,36,9347.4,15,OK
INV05518,2025-04-30,ST09,PRD066,104,30510.48,10,OK
INV05519,2025-04-30,ST09,PRD025,88,12699.28,21,OK
INV05520,2025-04-30,ST09,PRD007,95,20686.25,21,OK
INV05521,2025-04-30,ST09,PRD053,44,12377.2,11,OK
INV05522,2025-04-30,ST09,PRD017,71,2935.14,16,OK
INV05523,2025-04-30,ST09,PRD043,3,490.5,14,Low
INV05524,2025-04-30,ST09,PRD031,50,11345.5,16,OK
INV05525,2025-04-30,ST09,PRD069,5,1113.2,12,Low
INV05526,2025-04-30,ST02,PRD075,42,10770.9,19,OK
INV05527,2025-04-30,ST02,PRD070,12,3603.96,18,OK
INV05528,2025-04-30,ST02,PRD012,85,25069.9,13,OK
INV05529,2025-04-30,ST02,PRD056,13,3505.06,24,OK
INV05530,2025-04-30,ST02,PRD065,97,15249.37,14,OK
INV05531,2025-04-30,ST02,PRD063,52,7748.52,12,OK
INV05532,2025-04-30,ST02,PRD072,27,7716.6,8,OK
INV05533,2025-04-30,ST02,PRD028,68,9560.8,10,OK
INV05534,2025-04-30,ST02,PRD073,98,30419.2,22,OK
INV05535,2025-04-30,ST02,PRD024,18,738.18,20,OK
INV05536,2025-04-30,ST02,PRD049,2,519.3,23,Low
INV05537,2025-04-30,ST02,PRD021,55,6474.6,10,OK
INV05538,2025-04-30,ST02,PRD016,16,2855.84,16,OK
INV05539,2025-04-30,ST02,PRD003,16,4508.0,9,OK
INV05540,2025-04-30,ST02,PRD067,39,10280.4,16,OK
INV05541,2025-04-30,ST02,PRD029,9,1060.47,18,Low
INV05542,2025-04-30,ST02,PRD044,50,17035.5,25,OK
INV05543,2025-04-30,ST02,PRD033,87,20546.79,12,OK
INV05544,2025-04-30,ST02,PRD040,108,10107.72,9,OK
INV05545,2025-04-30,ST02,PRD018,102,31859.7,23,OK
INV05546,2025-04-30,ST02,PRD031,19,4311.29,23,OK
INV05547,2025-04-30,ST02,PRD009,86,1756.12,17,OK
INV05548,2025-04-30,ST02,PRD037,73,6923.32,16,OK
INV05549,2025-04-30,ST02,PRD008,109,14244.12,9,OK
INV05550,2025-04-30,ST02,PRD054,101,3402.69,11,OK
INV05551,2025-04-30,ST01,PRD067,96,25305.6,23,OK
INV05552,2025-04-30,ST01,PRD080,3,525.24,15,Low
INV05553,2025-04-30,ST01,PRD074,38,3789.36,14,OK
INV05554,2025-04-30,ST01,PRD023,44,3824.48,19,OK
INV05555,2025-04-30,ST01,PRD050,27,2069.28,16,OK
INV05556,2025-04-30,ST01,PRD055,15,2831.25,23,OK
INV05557,2025-04-30,ST01,PRD024,49,2009.49,9,OK
INV05558,2025-04-30,ST01,PRD030,61,8743.74,24,OK
INV05559,2025-04-30,ST01,PRD049,62,16098.3,20,OK
INV05560,2025-04-30,ST01,PRD058,60,18034.8,15,OK
INV05561,2025-04-30,ST01,PRD033,113,26687.21,21,OK
INV05562,2025-04-30,ST01,PRD008,93,12153.24,25,OK
INV05563,2025-04-30,ST01,PRD065,98,15406.58,11,OK
INV05564,2025-04-30,ST01,PRD054,118,3975.42,19,OK
INV05565,2025-04-30,ST01,PRD048,23,3412.28,9,OK
INV05566,2025-04-30,ST01,PRD053,75,21097.5,24,OK
INV05567,2025-04-30,ST01,PRD005,39,1628.25,20,OK
INV05568,2025-04-30,ST01,PRD002,89,12492.04,15,OK
INV05569,2025-04-30,ST01,PRD051,119,8612.03,17,OK
INV05570,2025-04-30,ST01,PRD011,62,12119.14,22,OK
INV05571,2025-04-30,ST01,PRD056,59,15907.58,16,OK
INV05572,2025-04-30,ST01,PRD066,13,3813.81,19,OK
INV05573,2025-04-30,ST01,PRD012,109,32148.46,17,OK
INV05574,2025-04-30,ST01,PRD038,96,18216.0,21,OK
INV05575,2025-04-30,ST01,PRD022,111,9965.58,14,OK
INV05576,2025-04-30,ST12,PRD028,21,2952.6,9,OK
INV05577,2025-04-30,ST12,PRD039,44,10131.44,20,OK
INV05578,2025-04-30,ST12,PRD079,40,2583.2,12,OK
INV05579,2025-04-30,ST12,PRD016,21,3748.29,22,OK
INV05580,2025-04-30,ST12,PRD005,112,4676.0,10,OK
INV05581,2025-04-30,ST12,PRD012,77,22710.38,12,OK
INV05582,2025-04-30,ST12,PRD023,95,8257.4,21,OK
INV05583,2025-04-30,ST12,PRD071,80,3276.0,25,OK
INV05584,2025-04-30,ST12,PRD004,2,583.56,22,Low
INV05585,2025-04-30,ST12,PRD074,47,4686.84,9,OK
INV05586,2025-04-30,ST12,PRD009,83,1694.86,9,OK
INV05587,2025-04-30,ST12,PRD078,73,12657.47,20,OK
INV05588,2025-04-30,ST12,PRD026,58,13933.92,8,OK
INV05589,2025-04-30,ST12,PRD034,65,6695.0,15,OK
INV05590,2025-04-30,ST12,PRD019,114,21605.28,14,OK
INV05591,2025-04-30,ST12,PRD007,113,24605.75,24,OK
INV05592,2025-04-30,ST12,PRD057,67,13636.51,24,OK
INV05593,2025-04-30,ST12,PRD017,1,41.34,21,Low
INV05594,2025-04-30,ST12,PRD033,72,17004.24,22,OK
INV05595,2025-04-30,ST12,PRD072,118,33724.4,15,OK
INV05596,2025-04-30,ST12,PRD076,99,8038.8,14,OK
INV05597,2025-04-30,ST12,PRD022,67,6015.26,12,OK
INV05598,2025-04-30,ST12,PRD024,64,2624.64,23,OK
INV05599,2025-04-30,ST12,PRD069,65,14471.6,10,OK
INV05600,2025-04-30,ST12,PRD030,87,12470.58,22,OK
INV05601,2025-05-31,ST03,PRD056,52,14020.24,14,OK
INV05602,2025-05-31,ST03,PRD077,67,12242.91,24,OK
INV05603,2025-05-31,ST03,PRD078,104,18032.56,24,OK
INV05604,2025-05-31,ST03,PRD022,96,8618.88,15,OK
INV05605,2025-05-31,ST03,PRD065,22,3458.62,24,OK
INV05606,2025-05-31,ST03,PRD064,78,8049.6,22,OK
INV05607,2025-05-31,ST03,PRD013,86,26505.2,11,OK
INV05608,2025-05-31,ST03,PRD004,5,1458.9,19,Low
INV05609,2025-05-31,ST03,PRD073,59,18313.6,18,OK
INV05610,2025-05-31,ST03,PRD023,33,2868.36,25,OK
INV05611,2025-05-31,ST03,PRD027,103,29998.75,10,OK
INV05612,2025-05-31,ST03,PRD061,14,2384.48,10,OK
INV05613,2025-05-31,ST03,PRD058,96,28855.68,25,OK
INV05614,2025-05-31,ST03,PRD003,1,281.75,25,Low
INV05615,2025-05-31,ST03,PRD035,11,2980.67,21,Low
INV05616,2025-05-31,ST03,PRD029,55,6480.65,8,OK
INV05617,2025-05-31,ST03,PRD009,92,1878.64,25,OK
INV05618,2025-05-31,ST03,PRD014,72,7520.4,25,OK
INV05619,2025-05-31,ST03,PRD019,112,21226.24,11,OK
INV05620,2025-05-31,ST03,PRD071,91,3726.45,11,OK
INV05621,2025-05-31,ST03,PRD051,19,1375.03,24,OK
INV05622,2025-05-31,ST03,PRD050,14,1072.96,17,OK
INV05623,2025-05-31,ST03,PRD045,61,10879.96,11,OK
INV05624,2025-05-31,ST03,PRD024,34,1394.34,15,OK
INV05625,2025-05-31,ST03,PRD005,70,2922.5,17,OK
INV05626,2025-05-31,ST04,PRD005,10,417.5,25,Low
INV05627,2025-05-31,ST04,PRD014,53,5535.85,24,OK
INV05628,2025-05-31,ST04,PRD012,52,15336.88,25,OK
INV05629,2025-05-31,ST04,PRD044,112,38159.52,14,OK
INV05630,2025-05-31,ST04,PRD037,7,663.88,11,Low
INV05631,2025-05-31,ST04,PRD004,56,16339.68,23,OK
INV05632,2025-05-31,ST04,PRD026,54,12972.96,13,OK
INV05633,2025-05-31,ST04,PRD074,51,5085.72,9,OK
INV05634,2025-05-31,ST04,PRD077,78,14252.94,16,OK
INV05635,2025-05-31,ST04,PRD055,93,17553.75,12,OK
INV05636,2025-05-31,ST04,PRD008,113,14766.84,23,OK
INV05637,2025-05-31,ST04,PRD070,86,25828.38,17,OK
INV05638,2025-05-31,ST04,PRD059,47,7642.2,15,OK
INV05639,2025-05-31,ST04,PRD006,60,4405.2,19,OK
INV05640,2025-05-31,ST04,PRD043,96,15696.0,20,OK
INV05641,2025-05-31,ST04,PRD041,79,8212.84,21,OK
INV05642,2025-05-31,ST04,PRD027,70,20387.5,13,OK
INV05643,2025-05-31,ST04,PRD002,50,7018.0,9,OK
INV05644,2025-05-31,ST04,PRD040,90,8423.1,20,OK
INV05645,2025-05-31,ST04,PRD028,77,10826.2,12,OK
INV05646,2025-05-31,ST04,PRD057,71,14450.63,8,OK
INV05647,2025-05-31,ST04,PRD009,39,796.38,11,OK
INV05648,2025-05-31,ST04,PRD047,57,12228.21,19,OK
INV05649,2025-05-31,ST04,PRD032,71,22904.6,25,OK
INV05650,2025-05-31,ST04,PRD029,86,10133.38,14,OK
INV05651,2025-05-31,ST06,PRD006,10,734.2,8,Low
INV05652,2025-05-31,ST06,PRD031,53,12026.23,24,OK
INV05653,2025-05-31,ST06,PRD029,83,9779.89,23,OK
INV05654,2025-05-31,ST06,PRD044,24,8177.04,10,OK
INV05655,2025-05-31,ST06,PRD007,120,26130.0,22,OK
INV05656,2025-05-31,ST06,PRD004,31,9045.18,21,OK
INV05657,2025-05-31,ST06,PRD028,57,8014.2,12,OK
INV05658,2025-05-31,ST06,PRD057,31,6309.43,10,OK
INV05659,2025-05-31,ST06,PRD050,7,536.48,11,Low
INV05660,2025-05-31,ST06,PRD051,91,6585.67,8,OK
INV05661,2025-05-31,ST06,PRD080,79,13831.32,17,OK
INV05662,2025-05-31,ST06,PRD005,118,4926.5,19,OK
INV05663,2025-05-31,ST06,PRD024,106,4347.06,22,OK
INV05664,2025-05-31,ST06,PRD067,45,11862.0,11,OK
INV05665,2025-05-31,ST06,PRD041,31,3222.76,8,OK
INV05666,2025-05-31,ST06,PRD042,13,4412.33,13,OK
INV05667,2025-05-31,ST06,PRD008,1,130.68,23,Low
INV05668,2025-05-31,ST06,PRD014,28,2924.6,8,OK
INV05669,2025-05-31,ST06,PRD036,107,21296.21,25,OK
INV05670,2025-05-31,ST06,PRD056,9,2426.58,20,Low
INV05671,2025-05-31,ST06,PRD018,25,7808.75,17,OK
INV05672,2025-05-31,ST06,PRD077,64,11694.72,11,OK
INV05673,2025-05-31,ST06,PRD078,10,1733.9,8,Low
INV05674,2025-05-31,ST06,PRD072,97,27722.6,18,OK
INV05675,2025-05-31,ST06,PRD052,2,348.64,12,Low
INV05676,2025-05-31,ST12,PRD060,37,6111.66,14,OK
INV05677,2025-05-31,ST12,PRD022,38,3411.64,24,OK
INV05678,2025-05-31,ST12,PRD043,111,18148.5,12,OK
INV05679,2025-05-31,ST12,PRD057,18,3663.54,24,OK
INV05680,2025-05-31,ST12,PRD059,117,19024.2,8,OK
INV05681,2025-05-31,ST12,PRD023,109,9474.28,24,OK
INV05682,2025-05-31,ST12,PRD056,42,11324.04,22,OK
INV05683,2025-05-31,ST12,PRD011,48,9382.56,13,OK
INV05684,2025-05-31,ST12,PRD041,84,8732.64,14,OK
INV05685,2025-05-31,ST12,PRD069,49,10909.36,13,OK
INV05686,2025-05-31,ST12,PRD040,30,2807.7,10,OK
INV05687,2025-05-31,ST12,PRD032,52,16775.2,11,OK
INV05688,2025-05-31,ST12,PRD050,100,7664.0,15,OK
INV05689,2025-05-31,ST12,PRD015,95,25677.55,18,OK
INV05690,2025-05-31,ST12,PRD021,102,12007.44,8,OK
INV05691,2025-05-31,ST12,PRD064,18,1857.6,17,OK
INV05692,2025-05-31,ST12,PRD025,68,9813.08,18,OK
INV05693,2025-05-31,ST12,PRD058,120,36069.6,18,OK
INV05694,2025-05-31,ST12,PRD075,100,25645.0,13,OK
INV05695,2025-05-31,ST12,PRD036,43,8558.29,20,OK
INV05696,2025-05-31,ST12,PRD062,65,17177.55,22,OK
INV05697,2025-05-31,ST12,PRD052,120,20918.4,9,OK
INV05698,2025-05-31,ST12,PRD035,67,18154.99,25,OK
INV05699,2025-05-31,ST12,PRD078,5,866.95,20,Low
INV05700,2025-05-31,ST12,PRD010,89,16915.34,14,OK
INV05701,2025-05-31,ST02,PRD045,51,9096.36,18,OK
INV05702,2025-05-31,ST02,PRD062,118,31183.86,25,OK
INV05703,2025-05-31,ST02,PRD019,118,22363.36,9,OK
INV05704,2025-05-31,ST02,PRD075,7,1795.15,21,Low
INV05705,2025-05-31,ST02,PRD065,66,10375.86,16,OK
INV05706,2025-05-31,ST02,PRD071,9,368.55,10,Low
INV05707,2025-05-31,ST02,PRD078,103,17859.17,21,OK
INV05708,2025-05-31,ST02,PRD006,4,293.68,13,Low
INV05709,2025-05-31,ST02,PRD080,80,14006.4,9,OK
INV05710,2025-05-31,ST02,PRD040,110,10294.9,10,OK
INV05711,2025-05-31,ST02,PRD012,21,6193.74,12,OK
INV05712,2025-05-31,ST02,PRD031,111,25187.01,11,OK
INV05713,2025-05-31,ST02,PRD060,96,15857.28,12,OK
INV05714,2025-05-31,ST02,PRD023,45,3911.4,25,OK
INV05715,2025-05-31,ST02,PRD067,113,29786.8,17,OK
INV05716,2025-05-31,ST02,PRD013,100,30820.0,23,OK
INV05717,2025-05-31,ST02,PRD066,98,28750.26,12,OK
INV05718,2025-05-31,ST02,PRD029,30,3534.9,24,OK
INV05719,2025-05-31,ST02,PRD073,58,18003.2,17,OK
INV05720,2025-05-31,ST02,PRD026,65,15615.6,17,OK
INV05721,2025-05-31,ST02,PRD068,64,15451.52,15,OK
INV05722,2025-05-31,ST02,PRD074,97,9672.84,21,OK
INV05723,2025-05-31,ST02,PRD015,73,19731.17,24,OK
INV05724,2025-05-31,ST02,PRD008,1,130.68,12,Low
INV05725,2025-05-31,ST02,PRD041,21,2183.16,18,OK
INV05726,2025-05-31,ST09,PRD006,96,7048.32,16,OK
INV05727,2025-05-31,ST09,PRD073,51,15830.4,8,OK
INV05728,2025-05-31,ST09,PRD014,43,4491.35,25,OK
INV05729,2025-05-31,ST09,PRD028,75,10545.0,13,OK
INV05730,2025-05-31,ST09,PRD048,51,7566.36,11,OK
INV05731,2025-05-31,ST09,PRD060,14,2312.52,8,OK
INV05732,2025-05-31,ST09,PRD072,86,24578.8,17,OK
INV05733,2025-05-31,ST09,PRD012,106,31263.64,17,OK
INV05734,2025-05-31,ST09,PRD077,93,16993.89,23,OK
INV05735,2025-05-31,ST09,PRD061,95,16180.4,21,OK
INV05736,2025-05-31,ST09,PRD035,85,23032.45,11,OK
INV05737,2025-05-31,ST09,PRD024,89,3649.89,17,OK
INV05738,2025-05-31,ST09,PRD078,73,12657.47,16,OK
INV05739,2025-05-31,ST09,PRD039,25,5756.5,17,OK
INV05740,2025-05-31,ST09,PRD011,1,195.47,19,Low
INV05741,2025-05-31,ST09,PRD041,7,727.72,10,Low
INV05742,2025-05-31,ST09,PRD071,29,1187.55,21,OK
INV05743,2025-05-31,ST09,PRD002,119,16702.84,24,OK
INV05744,2025-05-31,ST09,PRD037,12,1138.08,17,OK
INV05745,2025-05-31,ST09,PRD067,109,28732.4,19,OK
INV05746,2025-05-31,ST09,PRD069,58,12913.12,18,OK
INV05747,2025-05-31,ST09,PRD009,103,2103.26,16,OK
INV05748,2025-05-31,ST09,PRD056,89,23996.18,19,OK
INV05749,2025-05-31,ST09,PRD008,21,2744.28,15,OK
INV05750,2025-05-31,ST09,PRD004,40,11671.2,19,OK
INV05751,2025-05-31,ST01,PRD066,22,6454.14,14,OK
INV05752,2025-05-31,ST01,PRD078,37,6415.43,21,OK
INV05753,2025-05-31,ST01,PRD060,51,8424.18,13,OK
INV05754,2025-05-31,ST01,PRD017,76,3141.84,22,OK
INV05755,2025-05-31,ST01,PRD075,20,5129.0,19,OK
INV05756,2025-05-31,ST01,PRD041,92,9564.32,17,OK
INV05757,2025-05-31,ST01,PRD047,70,15017.1,15,OK
INV05758,2025-05-31,ST01,PRD001,45,9976.95,16,OK
INV05759,2025-05-31,ST01,PRD045,101,18014.36,19,OK
INV05760,2025-05-31,ST01,PRD074,91,9074.52,18,OK
INV05761,2025-05-31,ST01,PRD019,58,10992.16,13,OK
INV05762,2025-05-31,ST01,PRD036,55,10946.65,14,OK
INV05763,2025-05-31,ST01,PRD009,38,775.96,24,OK
INV05764,2025-05-31,ST01,PRD013,95,29279.0,19,OK
INV05765,2025-05-31,ST01,PRD073,103,31971.2,18,OK
INV05766,2025-05-31,ST01,PRD063,84,12516.84,8,OK
INV05767,2025-05-31,ST01,PRD012,6,1769.64,12,Low
INV05768,2025-05-31,ST01,PRD021,31,3649.32,8,OK
INV05769,2025-05-31,ST01,PRD020,77,15672.58,22,OK
INV05770,2025-05-31,ST01,PRD080,120,21009.6,13,OK
INV05771,2025-05-31,ST01,PRD051,76,5500.12,20,OK
INV05772,2025-05-31,ST01,PRD054,87,2931.03,22,OK
INV05773,2025-05-31,ST01,PRD040,99,9265.41,25,OK
INV05774,2025-05-31,ST01,PRD037,112,10622.08,13,OK
INV05775,2025-05-31,ST01,PRD011,69,13487.43,20,OK
INV05776,2025-05-31,ST08,PRD049,13,3375.45,14,OK
INV05777,2025-05-31,ST08,PRD011,6,1172.82,11,Low
INV05778,2025-05-31,ST08,PRD074,101,10071.72,10,OK
INV05779,2025-05-31,ST08,PRD065,31,4873.51,12,OK
INV05780,2025-05-31,ST08,PRD018,49,15305.15,15,OK
INV05781,2025-05-31,ST08,PRD066,31,9094.47,25,OK
INV05782,2025-05-31,ST08,PRD042,70,23758.7,21,OK
INV05783,2025-05-31,ST08,PRD004,65,18965.7,17,OK
INV05784,2025-05-31,ST08,PRD035,75,20322.75,21,OK
INV05785,2025-05-31,ST08,PRD006,54,3964.68,21,OK
INV05786,2025-05-31,ST08,PRD054,67,2257.23,20,OK
INV05787,2025-05-31,ST08,PRD017,61,2521.74,14,OK
INV05788,2025-05-31,ST08,PRD007,35,7621.25,24,OK
INV05789,2025-05-31,ST08,PRD040,15,1403.85,19,OK
INV05790,2025-05-31,ST08,PRD029,87,10251.21,15,OK
INV05791,2025-05-31,ST08,PRD037,115,10906.6,10,OK
INV05792,2025-05-31,ST08,PRD015,23,6216.67,13,OK
INV05793,2025-05-31,ST08,PRD001,114,25274.94,10,OK
INV05794,2025-05-31,ST08,PRD059,76,12357.6,8,OK
INV05795,2025-05-31,ST08,PRD010,32,6081.92,14,OK
INV05796,2025-05-31,ST08,PRD053,89,25035.7,20,OK
INV05797,2025-05-31,ST08,PRD064,4,412.8,18,Low
INV05798,2025-05-31,ST08,PRD046,53,13987.23,9,OK
INV05799,2025-05-31,ST08,PRD080,34,5952.72,15,OK
INV05800,2025-05-31,ST08,PRD002,52,7298.72,17,OK
INV05801,2025-06-30,ST12,PRD010,33,6271.98,20,OK
INV05802,2025-06-30,ST12,PRD002,29,4070.44,25,OK
INV05803,2025-06-30,ST12,PRD053,73,20534.9,25,OK
INV05804,2025-06-30,ST12,PRD057,74,15061.22,12,OK
INV05805,2025-06-30,ST12,PRD079,18,1162.44,24,OK
INV05806,2025-06-30,ST12,PRD006,39,2863.38,9,OK
INV05807,2025-06-30,ST12,PRD047,8,1716.24,17,Low
INV05808,2025-06-30,ST12,PRD027,93,27086.25,16,OK
INV05809,2025-06-30,ST12,PRD005,94,3924.5,23,OK
INV05810,2025-06-30,ST12,PRD030,73,10463.82,9,OK
INV05811,2025-06-30,ST12,PRD022,89,7990.42,18,OK
INV05812,2025-06-30,ST12,PRD078,81,14044.59,23,OK
INV05813,2025-06-30,ST12,PRD012,82,24185.08,15,OK
INV05814,2025-06-30,ST12,PRD044,41,13969.11,24,OK
INV05815,2025-06-30,ST12,PRD013,7,2157.4,18,Low
INV05816,2025-06-30,ST12,PRD060,34,5616.12,11,OK
INV05817,2025-06-30,ST12,PRD014,55,5744.75,15,OK
INV05818,2025-06-30,ST12,PRD003,13,3662.75,24,OK
INV05819,2025-06-30,ST12,PRD017,77,3183.18,13,OK
INV05820,2025-06-30,ST12,PRD076,115,9338.0,22,OK
INV05821,2025-06-30,ST12,PRD067,118,31104.8,19,OK
INV05822,2025-06-30,ST12,PRD054,4,134.76,8,Low
INV05823,2025-06-30,ST12,PRD020,52,10584.08,13,OK
INV05824,2025-06-30,ST12,PRD018,13,4060.55,18,OK
INV05825,2025-06-30,ST12,PRD028,24,3374.4,8,OK
INV05826,2025-06-30,ST05,PRD002,99,13895.64,14,OK
INV05827,2025-06-30,ST05,PRD042,89,30207.49,8,OK
INV05828,2025-06-30,ST05,PRD004,88,25676.64,11,OK
INV05829,2025-06-30,ST05,PRD054,107,3604.83,12,OK
INV05830,2025-06-30,ST05,PRD062,11,2906.97,22,Low
INV05831,2025-06-30,ST05,PRD037,2,189.68,17,Low
INV05832,2025-06-30,ST05,PRD065,36,5659.56,18,OK
INV05833,2025-06-30,ST05,PRD016,112,19990.88,22,OK
INV05834,2025-06-30,ST05,PRD058,8,2404.64,25,Low
INV05835,2025-06-30,ST05,PRD069,8,1781.12,14,Low
INV05836,2025-06-30,ST05,PRD008,32,4181.76,11,OK
INV05837,2025-06-30,ST05,PRD026,7,1681.68,13,Low
INV05838,2025-06-30,ST05,PRD030,110,15767.4,8,OK
INV05839,2025-06-30,ST05,PRD005,55,2296.25,11,OK
INV05840,2025-06-30,ST05,PRD031,115,26094.65,20,OK
INV05841,2025-06-30,ST05,PRD066,72,21122.64,11,OK
INV05842,2025-06-30,ST05,PRD076,106,8607.2,25,OK
INV05843,2025-06-30,ST05,PRD023,97,8431.24,18,OK
INV05844,2025-06-30,ST05,PRD050,27,2069.28,21,OK
INV05845,2025-06-30,ST05,PRD079,9,581.22,9,Low
INV05846,2025-06-30,ST05,PRD043,53,8665.5,23,OK
INV05847,2025-06-30,ST05,PRD077,3,548.19,22,Low
INV05848,2025-06-30,ST05,PRD048,50,7418.0,20,OK
INV05849,2025-06-30,ST05,PRD033,61,14406.37,8,OK
INV05850,2025-06-30,ST05,PRD007,23,5008.25,18,OK
INV05851,2025-06-30,ST11,PRD068,70,16900.1,21,OK
INV05852,2025-06-30,ST11,PRD016,102,18205.98,15,OK
INV05853,2025-06-30,ST11,PRD017,9,372.06,24,Low
INV05854,2025-06-30,ST11,PRD061,45,7664.4,19,OK
INV05855,2025-06-30,ST11,PRD014,16,1671.2,18,OK
INV05856,2025-06-30,ST11,PRD077,53,9684.69,22,OK
INV05857,2025-06-30,ST11,PRD062,48,12684.96,23,OK
INV05858,2025-06-30,ST11,PRD032,69,22259.4,22,OK
INV05859,2025-06-30,ST11,PRD021,78,9182.16,8,OK
INV05860,2025-06-30,ST11,PRD051,41,2967.17,17,OK
INV05861,2025-06-30,ST11,PRD069,118,26271.52,11,OK
INV05862,2025-06-30,ST11,PRD042,116,39371.56,10,OK
INV05863,2025-06-30,ST11,PRD064,54,5572.8,20,OK
INV05864,2025-06-30,ST11,PRD010,76,14444.56,10,OK
INV05865,2025-06-30,ST11,PRD008,11,1437.48,19,Low
INV05866,2025-06-30,ST11,PRD045,26,4637.36,17,OK
INV05867,2025-06-30,ST11,PRD078,2,346.78,18,Low
INV05868,2025-06-30,ST11,PRD033,18,4251.06,17,OK
INV05869,2025-06-30,ST11,PRD038,17,3225.75,21,OK
INV05870,2025-06-30,ST11,PRD019,107,20278.64,21,OK
INV05871,2025-06-30,ST11,PRD005,84,3507.0,21,OK
INV05872,2025-06-30,ST11,PRD027,72,20970.0,22,OK
INV05873,2025-06-30,ST11,PRD053,52,14627.6,24,OK
INV05874,2025-06-30,ST11,PRD043,54,8829.0,8,OK
INV05875,2025-06-30,ST11,PRD065,6,943.26,22,Low
INV05876,2025-06-30,ST07,PRD072,9,2572.2,19,Low
INV05877,2025-06-30,ST07,PRD023,45,3911.4,23,OK
INV05878,2025-06-30,ST07,PRD065,96,15092.16,23,OK
INV05879,2025-06-30,ST07,PRD016,6,1070.94,10,Low
INV05880,2025-06-30,ST07,PRD052,68,11853.76,15,OK
INV05881,2025-06-30,ST07,PRD002,1,140.36,23,Low
INV05882,2025-06-30,ST07,PRD034,64,6592.0,17,OK
INV05883,2025-06-30,ST07,PRD015,78,21082.62,8,OK
INV05884,2025-06-30,ST07,PRD032,64,20646.4,13,OK
INV05885,2025-06-30,ST07,PRD064,96,9907.2,16,OK
INV05886,2025-06-30,ST07,PRD055,44,8305.0,20,OK
INV05887,2025-06-30,ST07,PRD035,1,270.97,17,Low
INV05888,2025-06-30,ST07,PRD006,117,8590.14,15,OK
INV05889,2025-06-30,ST07,PRD038,117,22200.75,12,OK
INV05890,2025-06-30,ST07,PRD062,3,792.81,11,Low
INV05891,2025-06-30,ST07,PRD068,120,28971.6,14,OK
INV05892,2025-06-30,ST07,PRD027,5,1456.25,12,Low
INV05893,2025-06-30,ST07,PRD036,101,20102.03,12,OK
INV05894,2025-06-30,ST07,PRD077,25,4568.25,15,OK
INV05895,2025-06-30,ST07,PRD020,83,16893.82,19,OK
INV05896,2025-06-30,ST07,PRD007,34,7403.5,9,OK
INV05897,2025-06-30,ST07,PRD001,31,6873.01,19,OK
INV05898,2025-06-30,ST07,PRD066,57,16722.09,10,OK
INV05899,2025-06-30,ST07,PRD005,29,1210.75,14,OK
INV05900,2025-06-30,ST07,PRD060,97,16022.46,25,OK
INV05901,2025-06-30,ST10,PRD034,57,5871.0,21,OK
INV05902,2025-06-30,ST10,PRD033,52,12280.84,16,OK
INV05903,2025-06-30,ST10,PRD063,62,9238.62,10,OK
INV05904,2025-06-30,ST10,PRD021,18,2118.96,16,OK
INV05905,2025-06-30,ST10,PRD060,26,4294.68,17,OK
INV05906,2025-06-30,ST10,PRD071,93,3808.35,20,OK
INV05907,2025-06-30,ST10,PRD010,82,15584.92,25,OK
INV05908,2025-06-30,ST10,PRD017,28,1157.52,16,OK
INV05909,2025-06-30,ST10,PRD015,67,18109.43,18,OK
INV05910,2025-06-30,ST10,PRD050,37,2835.68,22,OK
INV05911,2025-06-30,ST10,PRD041,43,4470.28,11,OK
INV05912,2025-06-30,ST10,PRD062,87,22991.49,18,OK
INV05913,2025-06-30,ST10,PRD030,107,15337.38,23,OK
INV05914,2025-06-30,ST10,PRD048,76,11275.36,24,OK
INV05915,2025-06-30,ST10,PRD011,107,20915.29,9,OK
INV05916,2025-06-30,ST10,PRD042,3,1018.23,18,Low
INV05917,2025-06-30,ST10,PRD037,107,10147.88,24,OK
INV05918,2025-06-30,ST10,PRD078,29,5028.31,12,OK
INV05919,2025-06-30,ST10,PRD064,54,5572.8,23,OK
INV05920,2025-06-30,ST10,PRD025,81,11689.11,15,OK
INV05921,2025-06-30,ST10,PRD004,51,14880.78,9,OK
INV05922,2025-06-30,ST10,PRD044,55,18739.05,15,OK
INV05923,2025-06-30,ST10,PRD061,94,16010.08,9,OK
INV05924,2025-06-30,ST10,PRD028,9,1265.4,22,Low
INV05925,2025-06-30,ST10,PRD076,107,8688.4,24,OK
INV05926,2025-06-30,ST03,PRD020,49,9973.46,19,OK
INV05927,2025-06-30,ST03,PRD012,11,3244.34,18,Low
INV05928,2025-06-30,ST03,PRD006,83,6093.86,11,OK
INV05929,2025-06-30,ST03,PRD044,27,9199.17,24,OK
INV05930,2025-06-30,ST03,PRD023,19,1651.48,13,OK
INV05931,2025-06-30,ST03,PRD064,21,2167.2,21,OK
INV05932,2025-06-30,ST03,PRD071,19,778.05,14,OK
INV05933,2025-06-30,ST03,PRD032,48,15484.8,18,OK
INV05934,2025-06-30,ST03,PRD030,65,9317.1,25,OK
INV05935,2025-06-30,ST03,PRD076,29,2354.8,16,OK
INV05936,2025-06-30,ST03,PRD069,92,20482.88,20,OK
INV05937,2025-06-30,ST03,PRD043,108,17658.0,9,OK
INV05938,2025-06-30,ST03,PRD049,42,10905.3,12,OK
INV05939,2025-06-30,ST03,PRD072,4,1143.2,17,Low
INV05940,2025-06-30,ST03,PRD034,69,7107.0,25,OK
INV05941,2025-06-30,ST03,PRD041,18,1871.28,18,OK
INV05942,2025-06-30,ST03,PRD015,18,4865.22,20,OK
INV05943,2025-06-30,ST03,PRD005,104,4342.0,22,OK
INV05944,2025-06-30,ST03,PRD028,87,12232.2,10,OK
INV05945,2025-06-30,ST03,PRD055,94,17742.5,14,OK
INV05946,2025-06-30,ST03,PRD045,102,18192.72,24,OK
INV05947,2025-06-30,ST03,PRD063,64,9536.64,19,OK
INV05948,2025-06-30,ST03,PRD060,11,1816.98,19,Low
INV05949,2025-06-30,ST03,PRD004,64,18673.92,20,OK
INV05950,2025-06-30,ST03,PRD053,73,20534.9,17,OK
INV05951,2025-06-30,ST02,PRD005,84,3507.0,21,OK
INV05952,2025-06-30,ST02,PRD079,13,839.54,24,OK
INV05953,2025-06-30,ST02,PRD039,56,12894.56,9,OK
INV05954,2025-06-30,ST02,PRD066,3,880.11,10,Low
INV05955,2025-06-30,ST02,PRD060,27,4459.86,21,OK
INV05956,2025-06-30,ST02,PRD010,40,7602.4,10,OK
INV05957,2025-06-30,ST02,PRD068,18,4345.74,13,OK
INV05958,2025-06-30,ST02,PRD074,1,99.72,10,Low
INV05959,2025-06-30,ST02,PRD018,53,16554.55,14,OK
INV05960,2025-06-30,ST02,PRD011,46,8991.62,22,OK
INV05961,2025-06-30,ST02,PRD076,50,4060.0,11,OK
INV05962,2025-06-30,ST02,PRD069,30,6679.2,20,OK
INV05963,2025-06-30,ST02,PRD001,39,8646.69,22,OK
INV05964,2025-06-30,ST02,PRD064,23,2373.6,18,OK
INV05965,2025-06-30,ST02,PRD051,75,5427.75,25,OK
INV05966,2025-06-30,ST02,PRD054,105,3537.45,19,OK
INV05967,2025-06-30,ST02,PRD013,48,14793.6,25,OK
INV05968,2025-06-30,ST02,PRD070,34,10211.22,13,OK
INV05969,2025-06-30,ST02,PRD024,103,4224.03,11,OK
INV05970,2025-06-30,ST02,PRD017,91,3761.94,13,OK
INV05971,2025-06-30,ST02,PRD023,16,1390.72,24,OK
INV05972,2025-06-30,ST02,PRD046,115,30349.65,24,OK
INV05973,2025-06-30,ST02,PRD034,40,4120.0,14,OK
INV05974,2025-06-30,ST02,PRD048,98,14539.28,18,OK
INV05975,2025-06-30,ST02,PRD073,104,32281.6,16,OK
INV05976,2025-06-30,ST01,PRD014,69,7207.05,8,OK
INV05977,2025-06-30,ST01,PRD034,37,3811.0,18,OK
INV05978,2025-06-30,ST01,PRD032,28,9032.8,10,OK
INV05979,2025-06-30,ST01,PRD005,4,167.0,9,Low
INV05980,2025-06-30,ST01,PRD013,21,6472.2,18,OK
INV05981,2025-06-30,ST01,PRD074,78,7778.16,9,OK
INV05982,2025-06-30,ST01,PRD033,37,8738.29,22,OK
INV05983,2025-06-30,ST01,PRD023,47,4085.24,17,OK
INV05984,2025-06-30,ST01,PRD051,89,6440.93,23,OK
INV05985,2025-06-30,ST01,PRD060,55,9084.9,10,OK
INV05986,2025-06-30,ST01,PRD030,59,8457.06,11,OK
INV05987,2025-06-30,ST01,PRD052,28,4880.96,19,OK
INV05988,2025-06-30,ST01,PRD025,72,10390.32,18,OK
INV05989,2025-06-30,ST01,PRD020,8,1628.32,24,Low
INV05990,2025-06-30,ST01,PRD042,35,11879.35,21,OK
INV05991,2025-06-30,ST01,PRD080,105,18383.4,11,OK
INV05992,2025-06-30,ST01,PRD046,60,15834.6,12,OK
INV05993,2025-06-30,ST01,PRD016,65,11601.85,17,OK
INV05994,2025-06-30,ST01,PRD006,60,4405.2,10,OK
INV05995,2025-06-30,ST01,PRD003,18,5071.5,22,OK
INV05996,2025-06-30,ST01,PRD064,14,1444.8,12,OK
INV05997,2025-06-30,ST01,PRD017,62,2563.08,13,OK
INV05998,2025-06-30,ST01,PRD066,100,29337.0,17,OK
INV05999,2025-06-30,ST01,PRD015,10,2702.9,25,Low
INV06000,2025-06-30,ST01,PRD002,90,12632.4,23,OK
