SalesID,OrderDate,StoreID,CustomerID,ProductID,Quantity,SalesAmount,CostAmount,Profit,Channel
SAL00001,2023-12-29,ST10,CUS0233,PRD049,1,413.82,259.65,154.17,Marketplace
SAL00002,2023-01-07,ST04,CUS0342,PRD060,2,688.07,330.36,357.71,Marketplace
SAL00003,2024-02-12,ST10,CUS0019,PRD024,1,75.22,41.01,34.21,Retail Store
SAL00004,2023-01-14,ST04,CUS0093,PRD006,2,296.91,146.84,150.07,Online
SAL00005,2025-04-06,ST04,CUS0157,PRD056,2,826.1,539.24,286.86,Retail Store
SAL00006,2022-07-17,ST07,CUS0261,PRD047,2,632.0,429.06,202.94,Marketplace
SAL00007,2025-06-01,ST06,CUS0137,PRD021,1,148.63,117.72,30.91,Marketplace
SAL00008,2023-07-21,ST11,CUS0341,PRD014,1,195.85,104.45,91.4,Mobile App
SAL00009,2023-06-14,ST04,CUS0317,PRD057,2,883.8,407.06,476.74,Marketplace
SAL00010,2023-03-10,ST02,CUS0004,PRD060,1,362.14,165.18,196.96,Mobile App
SAL00011,2023-05-10,ST10,CUS0348,PRD040,1,151.02,93.59,57.43,Marketplace
SAL00012,2024-11-23,ST11,CUS0106,PRD064,3,510.33,309.6,200.73,Marketplace
SAL00013,2024-12-05,ST07,CUS0301,PRD001,1,333.73,221.71,112.02,Mobile App
SAL00014,2024-07-01,ST09,CUS0261,PRD053,3,1449.55,843.9,605.65,Marketplace
SAL00015,2023-08-06,ST09,CUS0018,PRD009,1,39.74,20.42,19.32,Marketplace
SAL00016,2023-11-30,ST09,CUS0178,PRD026,2,1003.87,480.48,523.39,Marketplace
SAL00017,2025-04-23,ST04,CUS0151,PRD076,3,396.6,243.6,153.0,Marketplace
SAL00018,2025-04-16,ST08,CUS0140,PRD036,1,332.3,199.03,133.27,Online
SAL00019,2025-01-31,ST03,CUS0103,PRD049,1,436.81,259.65,177.16,Marketplace
SAL00020,2025-02-07,ST07,CUS0337,PRD064,2,340.22,206.4,133.82,Marketplace
SAL00021,2024-11-28,ST06,CUS0377,PRD034,2,281.72,206.0,75.72,Marketplace
SAL00022,2024-02-11,ST10,CUS0198,PRD050,1,127.11,76.64,50.47,Mobile App
SAL00023,2023-03-15,ST02,CUS0382,PRD057,3,1325.7,610.59,715.11,Mobile App
SAL00024,2023-02-14,ST08,CUS0141,PRD031,1,448.4,226.91,221.49,Mobile App
SAL00025,2024-07-17,ST11,CUS0368,PRD005,4,288.84,167.0,121.84,Mobile App
SAL00026,2023-09-22,ST06,CUS0397,PRD004,2,1083.9,583.56,500.34,Marketplace
SAL00027,2022-10-20,ST10,CUS0087,PRD064,4,680.44,412.8,267.64,Mobile App
SAL00028,2023-07-07,ST07,CUS0313,PRD068,1,339.4,241.43,97.97,Online
SAL00029,2022-09-14,ST06,CUS0133,PRD080,1,349.85,175.08,174.77,Online
SAL00030,2024-03-14,ST05,CUS0179,PRD057,2,795.42,407.06,388.36,Retail Store
SAL00031,2024-02-23,ST01,CUS0269,PRD062,1,400.07,264.27,135.8,Online
SAL00032,2024-10-12,ST04,CUS0111,PRD069,2,694.03,445.28,248.75,Mobile App
SAL00033,2025-03-09,ST04,CUS0298,PRD052,3,990.18,522.96,467.22,Retail Store
SAL00034,2025-06-27,ST10,CUS0209,PRD032,4,2425.62,1290.4,1135.22,Mobile App
SAL00035,2022-09-02,ST12,CUS0022,PRD068,1,339.4,241.43,97.97,Retail Store
SAL00036,2024-03-30,ST08,CUS0114,PRD061,1,351.38,170.32,181.06,Retail Store
SAL00037,2023-04-06,ST06,CUS0045,PRD036,1,332.3,199.03,133.27,Marketplace
SAL00038,2023-04-15,ST12,CUS0091,PRD028,1,213.33,140.6,72.73,Retail Store
SAL00039,2024-10-10,ST01,CUS0053,PRD041,1,198.13,103.96,94.17,Marketplace
SAL00040,2024-08-15,ST04,CUS0265,PRD047,1,316.0,214.53,101.47,Marketplace
SAL00041,2024-07-02,ST04,CUS0222,PRD075,2,1013.42,512.9,500.52,Mobile App
SAL00042,2023-04-02,ST05,CUS0240,PRD051,1,131.88,72.37,59.51,Mobile App
SAL00043,2024-08-15,ST12,CUS0222,PRD051,1,138.82,72.37,66.45,Online
SAL00044,2023-11-26,ST08,CUS0070,PRD028,2,426.66,281.2,145.46,Marketplace
SAL00045,2022-08-15,ST06,CUS0058,PRD034,1,140.86,103.0,37.86,Online
SAL00046,2024-05-16,ST10,CUS0363,PRD007,2,769.74,435.5,334.24,Retail Store
SAL00047,2024-03-13,ST01,CUS0046,PRD007,2,769.74,435.5,334.24,Marketplace
SAL00048,2022-10-11,ST08,CUS0023,PRD056,1,371.75,269.62,102.13,Retail Store
SAL00049,2023-01-30,ST02,CUS0168,PRD077,4,1304.54,730.92,573.62,Mobile App
SAL00050,2025-01-21,ST10,CUS0135,PRD067,1,470.1,263.6,206.5,Marketplace
SAL00051,2022-09-10,ST08,CUS0325,PRD073,3,1586.88,931.2,655.68,Online
SAL00052,2025-04-12,ST07,CUS0012,PRD031,3,1345.2,680.73,664.47,Mobile App
SAL00053,2024-02-09,ST06,CUS0111,PRD033,1,338.51,236.17,102.34,Mobile App
SAL00054,2022-09-07,ST08,CUS0362,PRD035,5,2161.08,1354.85,806.23,Online
SAL00055,2023-03-14,ST06,CUS0012,PRD044,3,1651.26,1022.13,629.13,Marketplace
SAL00056,2024-04-20,ST08,CUS0096,PRD005,1,72.21,41.75,30.46,Marketplace
SAL00057,2024-04-15,ST06,CUS0241,PRD068,1,322.43,241.43,81.0,Marketplace
SAL00058,2023-12-05,ST02,CUS0247,PRD008,2,512.8,261.36,251.44,Retail Store
SAL00059,2024-02-25,ST03,CUS0308,PRD021,3,495.42,353.16,142.26,Marketplace
SAL00060,2024-11-26,ST10,CUS0112,PRD013,1,572.18,308.2,263.98,Online
SAL00061,2023-06-25,ST08,CUS0252,PRD025,1,227.74,144.31,83.43,Mobile App
SAL00062,2024-06-13,ST10,CUS0331,PRD077,1,308.97,182.73,126.24,Mobile App
SAL00063,2023-02-07,ST12,CUS0359,PRD014,1,195.85,104.45,91.4,Online
SAL00064,2022-11-09,ST09,CUS0211,PRD064,1,161.6,103.2,58.4,Retail Store
SAL00065,2022-10-02,ST09,CUS0356,PRD043,1,275.99,163.5,112.49,Marketplace
SAL00066,2023-02-08,ST01,CUS0034,PRD075,1,481.37,256.45,224.92,Mobile App
SAL00067,2024-03-02,ST07,CUS0016,PRD016,1,337.8,178.49,159.31,Retail Store
SAL00068,2023-02-28,ST08,CUS0019,PRD064,1,153.1,103.2,49.9,Online
SAL00069,2023-12-31,ST11,CUS0349,PRD069,2,771.14,445.28,325.86,Marketplace
SAL00070,2024-04-02,ST05,CUS0375,PRD068,3,916.38,724.29,192.09,Online
SAL00071,2024-04-16,ST05,CUS0117,PRD002,2,371.2,280.72,90.48,Mobile App
SAL00072,2025-02-24,ST07,CUS0110,PRD060,1,362.14,165.18,196.96,Mobile App
SAL00073,2022-11-03,ST05,CUS0150,PRD001,3,1001.19,665.13,336.06,Online
SAL00074,2025-03-25,ST09,CUS0095,PRD062,1,400.07,264.27,135.8,Retail Store
SAL00075,2024-11-22,ST08,CUS0061,PRD025,4,819.86,577.24,242.62,Online
SAL00076,2023-02-05,ST04,CUS0132,PRD050,1,127.11,76.64,50.47,Marketplace
SAL00077,2024-12-24,ST09,CUS0382,PRD064,1,170.11,103.2,66.91,Mobile App
SAL00078,2024-05-22,ST01,CUS0137,PRD034,2,281.72,206.0,75.72,Mobile App
SAL00079,2023-11-26,ST01,CUS0111,PRD076,3,396.6,243.6,153.0,Online
SAL00080,2022-07-01,ST11,CUS0237,PRD005,1,72.21,41.75,30.46,Marketplace
SAL00081,2024-10-27,ST06,CUS0366,PRD001,1,370.81,221.71,149.1,Marketplace
SAL00082,2024-05-08,ST01,CUS0320,PRD080,1,349.85,175.08,174.77,Mobile App
SAL00083,2024-01-06,ST11,CUS0106,PRD021,1,165.14,117.72,47.42,Online
SAL00084,2023-01-15,ST11,CUS0307,PRD078,2,635.92,346.78,289.14,Marketplace
SAL00085,2024-01-23,ST04,CUS0101,PRD049,2,919.6,519.3,400.3,Online
SAL00086,2024-01-30,ST07,CUS0184,PRD032,2,1276.64,645.2,631.44,Mobile App
SAL00087,2025-06-06,ST01,CUS0126,PRD001,4,1409.08,886.84,522.24,Retail Store
SAL00088,2023-06-03,ST01,CUS0141,PRD046,1,490.11,263.91,226.2,Marketplace
SAL00089,2025-03-03,ST01,CUS0084,PRD027,2,1156.82,582.5,574.32,Online
SAL00090,2023-04-07,ST04,CUS0183,PRD078,1,353.29,173.39,179.9,Mobile App
SAL00091,2023-05-06,ST05,CUS0012,PRD001,1,370.81,221.71,149.1,Online
SAL00092,2024-03-23,ST09,CUS0341,PRD011,3,1252.14,586.41,665.73,Retail Store
SAL00093,2023-06-13,ST03,CUS0265,PRD050,3,381.33,229.92,151.41,Mobile App
SAL00094,2023-11-08,ST12,CUS0064,PRD068,1,339.4,241.43,97.97,Online
SAL00095,2025-07-05,ST05,CUS0178,PRD008,2,512.8,261.36,251.44,Mobile App
SAL00096,2025-05-30,ST09,CUS0112,PRD058,1,451.54,300.58,150.96,Marketplace
SAL00097,2024-01-01,ST08,CUS0308,PRD063,1,314.78,149.01,165.77,Online
SAL00098,2023-06-25,ST06,CUS0367,PRD035,4,1920.96,1083.88,837.08,Online
SAL00099,2025-07-02,ST06,CUS0054,PRD068,1,339.4,241.43,97.97,Online
SAL00100,2023-12-12,ST11,CUS0075,PRD063,1,314.78,149.01,165.77,Online
SAL00101,2022-12-31,ST03,CUS0141,PRD056,1,371.75,269.62,102.13,Mobile App
SAL00102,2022-09-12,ST06,CUS0259,PRD013,1,572.18,308.2,263.98,Mobile App
SAL00103,2023-10-30,ST08,CUS0332,PRD047,3,1000.66,643.59,357.07,Retail Store
SAL00104,2023-06-09,ST10,CUS0174,PRD044,1,550.42,340.71,209.71,Online
SAL00105,2025-05-07,ST02,CUS0263,PRD007,2,692.77,435.5,257.27,Marketplace
SAL00106,2023-11-12,ST05,CUS0169,PRD080,1,349.85,175.08,174.77,Marketplace
SAL00107,2024-06-18,ST11,CUS0053,PRD050,1,127.11,76.64,50.47,Retail Store
SAL00108,2024-02-27,ST09,CUS0263,PRD038,3,800.1,569.25,230.85,Retail Store
SAL00109,2023-01-22,ST01,CUS0378,PRD042,2,1116.0,678.82,437.18,Online
SAL00110,2024-11-23,ST07,CUS0148,PRD033,2,712.66,472.34,240.32,Retail Store
SAL00111,2024-11-05,ST01,CUS0171,PRD031,1,425.98,226.91,199.07,Marketplace
SAL00112,2023-02-26,ST06,CUS0185,PRD077,1,343.3,182.73,160.57,Online
SAL00113,2024-01-17,ST09,CUS0171,PRD048,2,394.34,296.72,97.62,Retail Store
SAL00114,2023-06-26,ST12,CUS0260,PRD008,2,569.78,261.36,308.42,Online
SAL00115,2024-02-18,ST06,CUS0225,PRD058,2,903.08,601.16,301.92,Marketplace
SAL00116,2022-10-24,ST08,CUS0322,PRD058,1,428.96,300.58,128.38,Mobile App
SAL00117,2023-06-03,ST03,CUS0295,PRD048,2,438.16,296.72,141.44,Mobile App
SAL00118,2024-05-17,ST04,CUS0065,PRD016,2,608.04,356.98,251.06,Marketplace
SAL00119,2024-04-03,ST12,CUS0148,PRD019,1,251.05,189.52,61.53,Online
SAL00120,2022-12-22,ST08,CUS0306,PRD062,3,1080.19,792.81,287.38,Retail Store
SAL00121,2022-12-24,ST01,CUS0253,PRD003,4,2074.24,1127.0,947.24,Mobile App
SAL00122,2024-11-09,ST05,CUS0308,PRD047,1,316.0,214.53,101.47,Mobile App
SAL00123,2024-12-01,ST12,CUS0353,PRD073,4,2010.05,1241.6,768.45,Marketplace
SAL00124,2025-02-14,ST02,CUS0369,PRD034,1,148.68,103.0,45.68,Marketplace
SAL00125,2024-05-17,ST11,CUS0102,PRD017,4,288.5,165.36,123.14,Mobile App
SAL00126,2022-12-24,ST08,CUS0338,PRD054,2,127.4,67.38,60.02,Online
SAL00127,2025-06-12,ST10,CUS0187,PRD043,5,1379.95,817.5,562.45,Mobile App
SAL00128,2025-07-09,ST08,CUS0087,PRD004,2,1029.7,583.56,446.14,Marketplace
SAL00129,2024-07-05,ST12,CUS0320,PRD034,1,156.51,103.0,53.51,Marketplace
SAL00130,2024-12-05,ST03,CUS0064,PRD039,2,737.2,460.52,276.68,Marketplace
SAL00131,2024-11-25,ST08,CUS0348,PRD019,3,794.98,568.56,226.42,Mobile App
SAL00132,2023-04-30,ST05,CUS0033,PRD026,2,1056.7,480.48,576.22,Retail Store
SAL00133,2025-05-16,ST02,CUS0142,PRD026,1,501.93,240.24,261.69,Retail Store
SAL00134,2023-12-14,ST05,CUS0174,PRD008,1,284.89,130.68,154.21,Mobile App
SAL00135,2025-02-19,ST05,CUS0124,PRD072,3,1654.56,857.4,797.16,Mobile App
SAL00136,2023-06-07,ST06,CUS0173,PRD080,2,664.72,350.16,314.56,Online
SAL00137,2022-12-11,ST09,CUS0218,PRD016,3,1013.4,535.47,477.93,Online
SAL00138,2023-07-11,ST08,CUS0337,PRD048,5,1040.63,741.8,298.83,Marketplace
SAL00139,2023-08-03,ST09,CUS0028,PRD066,1,431.95,293.37,138.58,Mobile App
SAL00140,2024-10-17,ST12,CUS0155,PRD001,1,333.73,221.71,112.02,Retail Store
SAL00141,2023-11-19,ST07,CUS0258,PRD004,3,1625.85,875.34,750.51,Mobile App
SAL00142,2023-10-22,ST08,CUS0041,PRD026,2,1056.7,480.48,576.22,Mobile App
SAL00143,2023-09-17,ST08,CUS0349,PRD043,2,496.78,327.0,169.78,Mobile App
SAL00144,2023-10-13,ST11,CUS0048,PRD021,2,297.25,235.44,61.81,Marketplace
SAL00145,2024-11-05,ST04,CUS0119,PRD075,1,481.37,256.45,224.92,Marketplace
SAL00146,2023-09-28,ST10,CUS0399,PRD006,5,781.35,367.1,414.25,Retail Store
SAL00147,2025-06-25,ST09,CUS0019,PRD054,1,57.33,33.69,23.64,Mobile App
SAL00148,2023-08-03,ST01,CUS0046,PRD004,2,1083.9,583.56,500.34,Mobile App
SAL00149,2024-12-23,ST10,CUS0101,PRD071,2,116.72,81.9,34.82,Retail Store
SAL00150,2025-07-02,ST04,CUS0190,PRD014,1,195.85,104.45,91.4,Retail Store
SAL00151,2024-11-10,ST05,CUS0208,PRD021,1,165.14,117.72,47.42,Retail Store
SAL00152,2022-07-22,ST04,CUS0363,PRD079,1,106.03,64.58,41.45,Online
SAL00153,2024-09-01,ST04,CUS0222,PRD074,1,159.22,99.72,59.5,Retail Store
SAL00154,2023-02-20,ST11,CUS0002,PRD024,1,79.18,41.01,38.17,Marketplace
SAL00155,2024-09-14,ST11,CUS0087,PRD067,3,1484.52,790.8,693.72,Online
SAL00156,2023-05-28,ST05,CUS0153,PRD068,2,644.86,482.86,162.0,Retail Store
SAL00157,2023-08-25,ST08,CUS0396,PRD053,2,1020.05,562.6,457.45,Marketplace
SAL00158,2023-06-28,ST05,CUS0383,PRD032,1,638.32,322.6,315.72,Retail Store
SAL00159,2024-12-07,ST05,CUS0120,PRD070,1,421.32,300.33,120.99,Retail Store
SAL00160,2023-07-02,ST03,CUS0151,PRD024,3,225.66,123.03,102.63,Marketplace
SAL00161,2024-03-22,ST05,CUS0247,PRD038,2,533.4,379.5,153.9,Marketplace
SAL00162,2023-02-10,ST01,CUS0141,PRD040,1,151.02,93.59,57.43,Marketplace
SAL00163,2023-02-28,ST11,CUS0100,PRD072,2,1103.04,571.6,531.44,Marketplace
SAL00164,2024-01-18,ST07,CUS0223,PRD077,2,686.6,365.46,321.14,Marketplace
SAL00165,2025-02-19,ST06,CUS0334,PRD077,3,926.91,548.19,378.72,Retail Store
SAL00166,2022-10-29,ST08,CUS0243,PRD071,1,58.36,40.95,17.41,Mobile App
SAL00167,2023-03-31,ST03,CUS0291,PRD079,2,212.06,129.16,82.9,Marketplace
SAL00168,2023-07-02,ST11,CUS0229,PRD068,1,339.4,241.43,97.97,Mobile App
SAL00169,2023-12-23,ST10,CUS0197,PRD033,2,712.66,472.34,240.32,Mobile App
SAL00170,2024-09-20,ST06,CUS0048,PRD032,3,1914.96,967.8,947.16,Marketplace
SAL00171,2023-12-12,ST11,CUS0160,PRD052,2,660.12,348.64,311.48,Online
SAL00172,2025-06-28,ST01,CUS0143,PRD079,1,106.03,64.58,41.45,Marketplace
SAL00173,2022-08-21,ST01,CUS0389,PRD075,1,456.04,256.45,199.59,Marketplace
SAL00174,2024-07-12,ST10,CUS0393,PRD035,1,456.23,270.97,185.26,Marketplace
SAL00175,2024-08-13,ST09,CUS0342,PRD054,2,127.4,67.38,60.02,Retail Store
SAL00176,2025-04-19,ST03,CUS0094,PRD069,2,694.03,445.28,248.75,Online
SAL00177,2023-12-31,ST11,CUS0341,PRD032,4,2553.28,1290.4,1262.88,Mobile App
SAL00178,2023-05-12,ST08,CUS0287,PRD050,3,381.33,229.92,151.41,Online
SAL00179,2024-05-14,ST08,CUS0116,PRD007,3,1154.61,653.25,501.36,Online
SAL00180,2023-08-27,ST09,CUS0362,PRD063,2,629.56,298.02,331.54,Retail Store
SAL00181,2022-10-23,ST12,CUS0346,PRD050,2,254.22,153.28,100.94,Online
SAL00182,2024-06-20,ST08,CUS0212,PRD066,1,479.94,293.37,186.57,Mobile App
SAL00183,2023-05-07,ST04,CUS0257,PRD064,1,170.11,103.2,66.91,Mobile App
SAL00184,2023-08-20,ST10,CUS0168,PRD043,1,262.19,163.5,98.69,Mobile App
SAL00185,2025-05-05,ST07,CUS0340,PRD058,1,451.54,300.58,150.96,Marketplace
SAL00186,2022-11-03,ST09,CUS0198,PRD065,3,783.0,471.63,311.37,Retail Store
SAL00187,2022-11-29,ST02,CUS0173,PRD046,1,490.11,263.91,226.2,Marketplace
SAL00188,2024-10-22,ST07,CUS0334,PRD062,3,1200.21,792.81,407.4,Mobile App
SAL00189,2023-07-01,ST04,CUS0136,PRD078,2,671.25,346.78,324.47,Online
SAL00190,2024-11-19,ST01,CUS0240,PRD022,3,539.7,269.34,270.36,Marketplace
SAL00191,2023-10-09,ST07,CUS0131,PRD014,3,587.55,313.35,274.2,Online
SAL00192,2022-12-18,ST03,CUS0130,PRD033,2,712.66,472.34,240.32,Retail Store
SAL00193,2022-12-17,ST02,CUS0078,PRD038,1,240.03,189.75,50.28,Marketplace
SAL00194,2023-06-02,ST08,CUS0129,PRD057,2,883.8,407.06,476.74,Mobile App
SAL00195,2023-02-11,ST04,CUS0026,PRD018,1,547.65,312.35,235.3,Retail Store
SAL00196,2022-10-08,ST10,CUS0048,PRD074,1,150.84,99.72,51.12,Mobile App
SAL00197,2023-04-03,ST07,CUS0175,PRD003,1,518.56,281.75,236.81,Retail Store
SAL00198,2024-04-05,ST06,CUS0115,PRD031,1,403.56,226.91,176.65,Mobile App
SAL00199,2024-11-05,ST02,CUS0279,PRD007,1,384.87,217.75,167.12,Online
SAL00200,2023-04-20,ST12,CUS0096,PRD024,2,142.52,82.02,60.5,Marketplace
SAL00201,2024-02-18,ST12,CUS0211,PRD055,1,366.59,188.75,177.84,Online
SAL00202,2023-05-25,ST10,CUS0344,PRD063,1,314.78,149.01,165.77,Mobile App
SAL00203,2022-07-25,ST04,CUS0107,PRD017,2,144.25,82.68,61.57,Retail Store
SAL00204,2024-11-16,ST01,CUS0206,PRD001,3,1001.19,665.13,336.06,Retail Store
SAL00205,2022-09-15,ST01,CUS0023,PRD063,3,944.34,447.03,497.31,Online
SAL00206,2024-12-01,ST02,CUS0309,PRD017,1,72.13,41.34,30.79,Mobile App
SAL00207,2024-09-09,ST11,CUS0236,PRD045,1,357.11,178.36,178.75,Marketplace
SAL00208,2023-06-19,ST10,CUS0317,PRD047,1,351.11,214.53,136.58,Mobile App
SAL00209,2025-02-15,ST01,CUS0243,PRD017,1,80.14,41.34,38.8,Mobile App
SAL00210,2025-04-15,ST07,CUS0318,PRD079,2,212.06,129.16,82.9,Retail Store
SAL00211,2023-11-15,ST06,CUS0111,PRD038,1,240.03,189.75,50.28,Online
SAL00212,2025-03-23,ST01,CUS0160,PRD006,1,148.46,73.42,75.04,Marketplace
SAL00213,2023-01-24,ST04,CUS0064,PRD047,1,351.11,214.53,136.58,Marketplace
SAL00214,2023-12-10,ST10,CUS0006,PRD010,2,668.1,380.12,287.98,Online
SAL00215,2023-12-01,ST09,CUS0206,PRD014,1,176.26,104.45,71.81,Marketplace
SAL00216,2023-07-10,ST04,CUS0174,PRD037,2,369.04,189.68,179.36,Retail Store
SAL00217,2024-08-02,ST04,CUS0229,PRD037,1,194.23,94.84,99.39,Retail Store
SAL00218,2024-08-31,ST02,CUS0126,PRD037,3,524.42,284.52,239.9,Online
SAL00219,2023-04-14,ST04,CUS0145,PRD057,3,1325.7,610.59,715.11,Online
SAL00220,2024-10-19,ST07,CUS0218,PRD053,1,536.87,281.3,255.57,Marketplace
SAL00221,2022-07-27,ST04,CUS0090,PRD006,1,156.27,73.42,82.85,Marketplace
SAL00222,2022-11-12,ST06,CUS0212,PRD012,3,1354.98,884.82,470.16,Retail Store
SAL00223,2023-10-06,ST03,CUS0391,PRD054,1,63.7,33.69,30.01,Marketplace
SAL00224,2023-09-20,ST06,CUS0170,PRD042,1,620.0,339.41,280.59,Marketplace
SAL00225,2023-12-30,ST01,CUS0072,PRD059,1,310.62,162.6,148.02,Marketplace
SAL00226,2022-08-24,ST01,CUS0383,PRD061,1,351.38,170.32,181.06,Marketplace
SAL00227,2024-02-15,ST01,CUS0058,PRD041,4,792.52,415.84,376.68,Mobile App
SAL00228,2025-04-24,ST08,CUS0282,PRD056,2,826.1,539.24,286.86,Marketplace
SAL00229,2024-01-28,ST06,CUS0002,PRD075,2,962.75,512.9,449.85,Retail Store
SAL00230,2022-07-19,ST02,CUS0092,PRD010,3,901.94,570.18,331.76,Retail Store
SAL00231,2023-11-05,ST12,CUS0233,PRD050,1,114.4,76.64,37.76,Online
SAL00232,2022-08-06,ST06,CUS0124,PRD024,2,158.36,82.02,76.34,Online
SAL00233,2024-01-19,ST11,CUS0009,PRD030,1,255.97,143.34,112.63,Mobile App
SAL00234,2024-12-15,ST12,CUS0145,PRD068,2,610.92,482.86,128.06,Mobile App
SAL00235,2024-12-06,ST06,CUS0215,PRD011,3,1189.53,586.41,603.12,Retail Store
SAL00236,2024-01-06,ST05,CUS0298,PRD057,1,441.9,203.53,238.37,Online
SAL00237,2024-04-08,ST09,CUS0362,PRD014,3,587.55,313.35,274.2,Retail Store
SAL00238,2024-06-14,ST03,CUS0139,PRD019,1,264.99,189.52,75.47,Mobile App
SAL00239,2024-10-04,ST09,CUS0384,PRD053,5,2684.35,1406.5,1277.85,Mobile App
SAL00240,2024-03-28,ST01,CUS0294,PRD015,2,1069.28,540.58,528.7,Retail Store
SAL00241,2025-07-01,ST11,CUS0036,PRD039,2,737.2,460.52,276.68,Mobile App
SAL00242,2024-11-25,ST09,CUS0279,PRD040,5,755.1,467.95,287.15,Mobile App
SAL00243,2024-02-19,ST10,CUS0026,PRD013,2,1144.36,616.4,527.96,Online
SAL00244,2024-12-16,ST06,CUS0201,PRD037,2,388.46,189.68,198.78,Online
SAL00245,2025-02-07,ST04,CUS0104,PRD054,1,63.7,33.69,30.01,Mobile App
SAL00246,2022-10-07,ST06,CUS0363,PRD062,1,400.07,264.27,135.8,Online
SAL00247,2025-05-04,ST01,CUS0359,PRD060,2,724.28,330.36,393.92,Mobile App
SAL00248,2024-05-17,ST05,CUS0208,PRD016,2,675.6,356.98,318.62,Marketplace
SAL00249,2025-07-23,ST11,CUS0017,PRD058,2,903.08,601.16,301.92,Retail Store
SAL00250,2024-10-24,ST12,CUS0006,PRD060,2,724.28,330.36,393.92,Marketplace
SAL00251,2024-11-10,ST03,CUS0057,PRD008,3,854.67,392.04,462.63,Online
SAL00252,2023-10-29,ST04,CUS0349,PRD071,1,58.36,40.95,17.41,Marketplace
SAL00253,2023-05-08,ST11,CUS0230,PRD012,2,812.99,589.88,223.11,Mobile App
SAL00254,2023-11-21,ST02,CUS0271,PRD049,2,873.62,519.3,354.32,Marketplace
SAL00255,2025-03-18,ST06,CUS0228,PRD078,1,353.29,173.39,179.9,Mobile App
SAL00256,2024-10-10,ST08,CUS0049,PRD078,2,706.58,346.78,359.8,Online
SAL00257,2024-07-02,ST12,CUS0391,PRD004,2,1083.9,583.56,500.34,Retail Store
SAL00258,2022-09-21,ST06,CUS0370,PRD045,2,642.8,356.72,286.08,Retail Store
SAL00259,2024-06-29,ST09,CUS0311,PRD049,2,919.6,519.3,400.3,Online
SAL00260,2023-07-18,ST10,CUS0250,PRD010,5,1670.25,950.3,719.95,Marketplace
SAL00261,2024-02-15,ST08,CUS0330,PRD037,3,582.69,284.52,298.17,Mobile App
SAL00262,2024-08-18,ST07,CUS0023,PRD039,2,737.2,460.52,276.68,Mobile App
SAL00263,2025-01-09,ST12,CUS0077,PRD046,1,490.11,263.91,226.2,Online
SAL00264,2023-10-30,ST01,CUS0240,PRD048,1,208.13,148.36,59.77,Marketplace
SAL00265,2022-07-25,ST10,CUS0004,PRD048,1,219.08,148.36,70.72,Marketplace
SAL00266,2024-04-08,ST08,CUS0007,PRD024,1,71.26,41.01,30.25,Mobile App
SAL00267,2022-07-08,ST11,CUS0076,PRD055,4,1466.36,755.0,711.36,Marketplace
SAL00268,2025-01-18,ST11,CUS0298,PRD015,1,534.64,270.29,264.35,Marketplace
SAL00269,2022-07-22,ST03,CUS0390,PRD004,2,1029.7,583.56,446.14,Retail Store
SAL00270,2023-03-11,ST07,CUS0288,PRD016,4,1216.08,713.96,502.12,Retail Store
SAL00271,2023-10-24,ST10,CUS0014,PRD016,1,337.8,178.49,159.31,Marketplace
SAL00272,2023-04-18,ST11,CUS0301,PRD001,2,741.62,443.42,298.2,Mobile App
SAL00273,2023-03-08,ST09,CUS0002,PRD074,5,838.0,498.6,339.4,Marketplace
SAL00274,2024-07-29,ST04,CUS0026,PRD007,1,384.87,217.75,167.12,Marketplace
SAL00275,2023-07-03,ST03,CUS0342,PRD052,2,594.11,348.64,245.47,Retail Store
SAL00276,2023-11-28,ST11,CUS0343,PRD045,1,321.4,178.36,143.04,Marketplace
SAL00277,2024-07-19,ST08,CUS0252,PRD060,1,362.14,165.18,196.96,Retail Store
SAL00278,2024-11-13,ST10,CUS0344,PRD036,1,315.69,199.03,116.66,Online
SAL00279,2024-04-07,ST03,CUS0260,PRD050,1,127.11,76.64,50.47,Retail Store
SAL00280,2023-08-04,ST07,CUS0172,PRD073,1,476.06,310.4,165.66,Marketplace
SAL00281,2025-03-18,ST01,CUS0223,PRD040,1,143.47,93.59,49.88,Marketplace
SAL00282,2025-03-03,ST06,CUS0326,PRD026,2,951.03,480.48,470.55,Mobile App
SAL00283,2022-12-19,ST10,CUS0357,PRD050,1,127.11,76.64,50.47,Online
SAL00284,2024-11-17,ST06,CUS0019,PRD020,1,357.7,203.54,154.16,Online
SAL00285,2023-02-18,ST04,CUS0206,PRD048,2,394.34,296.72,97.62,Marketplace
SAL00286,2023-01-21,ST09,CUS0375,PRD037,1,174.81,94.84,79.97,Online
SAL00287,2022-07-30,ST01,CUS0023,PRD046,1,465.6,263.91,201.69,Mobile App
SAL00288,2024-05-08,ST08,CUS0218,PRD014,1,195.85,104.45,91.4,Marketplace
SAL00289,2025-02-06,ST06,CUS0097,PRD061,2,632.48,340.64,291.84,Retail Store
SAL00290,2024-11-24,ST12,CUS0067,PRD071,2,116.72,81.9,34.82,Marketplace
SAL00291,2024-02-29,ST09,CUS0135,PRD064,3,484.81,309.6,175.21,Mobile App
SAL00292,2025-06-09,ST10,CUS0231,PRD064,3,510.33,309.6,200.73,Mobile App
SAL00293,2023-07-04,ST11,CUS0319,PRD079,1,106.03,64.58,41.45,Mobile App
SAL00294,2023-06-21,ST04,CUS0275,PRD028,2,426.66,281.2,145.46,Marketplace
SAL00295,2023-03-17,ST10,CUS0297,PRD078,1,335.63,173.39,162.24,Retail Store
SAL00296,2023-02-21,ST03,CUS0180,PRD023,1,164.21,86.92,77.29,Retail Store
SAL00297,2023-06-07,ST01,CUS0103,PRD079,2,201.46,129.16,72.3,Mobile App
SAL00298,2023-10-21,ST10,CUS0328,PRD055,1,366.59,188.75,177.84,Online
SAL00299,2023-05-02,ST02,CUS0252,PRD049,1,413.82,259.65,154.17,Retail Store
SAL00300,2025-05-20,ST10,CUS0216,PRD073,1,476.06,310.4,165.66,Online
SAL00301,2023-03-02,ST04,CUS0190,PRD027,3,1735.23,873.75,861.48,Online
SAL00302,2023-08-05,ST09,CUS0126,PRD010,3,952.04,570.18,381.86,Online
SAL00303,2022-12-02,ST11,CUS0165,PRD006,2,296.91,146.84,150.07,Online
SAL00304,2025-04-08,ST12,CUS0378,PRD066,1,455.94,293.37,162.57,Mobile App
SAL00305,2023-11-08,ST06,CUS0121,PRD030,3,767.91,430.02,337.89,Online
SAL00306,2025-01-25,ST03,CUS0354,PRD055,1,366.59,188.75,177.84,Online
SAL00307,2023-08-27,ST05,CUS0346,PRD077,3,926.91,548.19,378.72,Marketplace
SAL00308,2023-11-12,ST09,CUS0246,PRD033,6,2137.98,1417.02,720.96,Retail Store
SAL00309,2024-10-15,ST03,CUS0286,PRD024,1,75.22,41.01,34.21,Online
SAL00310,2024-10-11,ST06,CUS0382,PRD038,3,800.1,569.25,230.85,Marketplace
SAL00311,2023-09-02,ST03,CUS0293,PRD030,4,1023.88,573.36,450.52,Online
SAL00312,2023-11-16,ST02,CUS0114,PRD075,1,481.37,256.45,224.92,Marketplace
SAL00313,2023-09-23,ST06,CUS0221,PRD066,2,959.88,586.74,373.14,Online
SAL00314,2023-02-17,ST05,CUS0334,PRD073,2,1005.02,620.8,384.22,Mobile App
SAL00315,2023-09-02,ST06,CUS0162,PRD008,1,270.65,130.68,139.97,Marketplace
SAL00316,2025-01-03,ST10,CUS0400,PRD062,5,2000.35,1321.35,679.0,Marketplace
SAL00317,2022-10-13,ST02,CUS0105,PRD039,1,368.6,230.26,138.34,Mobile App
SAL00318,2023-01-14,ST11,CUS0155,PRD028,3,639.99,421.8,218.19,Online
SAL00319,2025-04-24,ST09,CUS0127,PRD045,4,1428.44,713.44,715.0,Retail Store
SAL00320,2024-09-23,ST06,CUS0254,PRD043,1,275.99,163.5,112.49,Online
SAL00321,2022-11-15,ST01,CUS0081,PRD059,1,279.56,162.6,116.96,Mobile App
SAL00322,2024-10-29,ST12,CUS0018,PRD066,2,959.88,586.74,373.14,Marketplace
SAL00323,2022-11-13,ST06,CUS0360,PRD076,1,125.59,81.2,44.39,Mobile App
SAL00324,2024-01-02,ST10,CUS0096,PRD054,1,63.7,33.69,30.01,Online
SAL00325,2024-05-12,ST02,CUS0296,PRD026,3,1505.8,720.72,785.08,Marketplace
SAL00326,2024-10-22,ST09,CUS0003,PRD059,3,838.67,487.8,350.87,Mobile App
SAL00327,2023-06-22,ST07,CUS0009,PRD042,2,1116.0,678.82,437.18,Mobile App
SAL00328,2023-02-01,ST10,CUS0397,PRD030,1,255.97,143.34,112.63,Mobile App
SAL00329,2025-07-14,ST12,CUS0031,PRD014,1,195.85,104.45,91.4,Retail Store
SAL00330,2024-12-17,ST08,CUS0075,PRD039,4,1326.96,921.04,405.92,Marketplace
SAL00331,2023-08-10,ST04,CUS0319,PRD034,3,469.53,309.0,160.53,Mobile App
SAL00332,2023-04-14,ST02,CUS0077,PRD075,2,1013.42,512.9,500.52,Retail Store
SAL00333,2022-11-04,ST09,CUS0037,PRD068,1,305.46,241.43,64.03,Marketplace
SAL00334,2023-11-27,ST11,CUS0319,PRD079,1,106.03,64.58,41.45,Online
SAL00335,2022-07-09,ST11,CUS0391,PRD020,5,1609.65,1017.7,591.95,Online
SAL00336,2024-12-21,ST06,CUS0230,PRD048,2,438.16,296.72,141.44,Mobile App
SAL00337,2023-09-24,ST02,CUS0325,PRD065,2,522.0,314.42,207.58,Retail Store
SAL00338,2025-02-20,ST08,CUS0367,PRD042,2,1240.0,678.82,561.18,Online
SAL00339,2023-08-04,ST06,CUS0235,PRD039,2,700.34,460.52,239.82,Retail Store
SAL00340,2025-05-30,ST05,CUS0211,PRD012,4,1806.64,1179.76,626.88,Marketplace
SAL00341,2025-01-27,ST06,CUS0155,PRD024,1,79.18,41.01,38.17,Mobile App
SAL00342,2023-11-01,ST01,CUS0084,PRD054,1,63.7,33.69,30.01,Retail Store
SAL00343,2025-02-09,ST12,CUS0175,PRD030,1,255.97,143.34,112.63,Marketplace
SAL00344,2023-06-04,ST12,CUS0364,PRD080,1,349.85,175.08,174.77,Online
SAL00345,2025-07-30,ST05,CUS0292,PRD032,3,1914.96,967.8,947.16,Marketplace
SAL00346,2022-10-04,ST08,CUS0385,PRD011,1,417.38,195.47,221.91,Mobile App
SAL00347,2024-06-24,ST07,CUS0142,PRD030,2,486.34,286.68,199.66,Retail Store
SAL00348,2023-09-12,ST05,CUS0175,PRD080,2,664.72,350.16,314.56,Retail Store
SAL00349,2023-12-13,ST01,CUS0214,PRD007,3,1154.61,653.25,501.36,Retail Store
SAL00350,2025-06-06,ST10,CUS0227,PRD007,1,384.87,217.75,167.12,Retail Store
SAL00351,2023-05-06,ST06,CUS0098,PRD051,4,555.28,289.48,265.8,Retail Store
SAL00352,2024-06-28,ST12,CUS0324,PRD034,1,156.51,103.0,53.51,Online
SAL00353,2023-06-30,ST03,CUS0088,PRD001,4,1483.24,886.84,596.4,Retail Store
SAL00354,2022-12-06,ST07,CUS0174,PRD063,2,629.56,298.02,331.54,Marketplace
SAL00355,2023-04-07,ST10,CUS0022,PRD066,5,2399.7,1466.85,932.85,Marketplace
SAL00356,2024-03-27,ST02,CUS0341,PRD033,3,962.09,708.51,253.58,Mobile App
SAL00357,2022-11-22,ST04,CUS0063,PRD035,1,480.24,270.97,209.27,Online
SAL00358,2022-12-23,ST06,CUS0201,PRD056,1,413.05,269.62,143.43,Online
SAL00359,2024-08-21,ST10,CUS0175,PRD067,1,494.84,263.6,231.24,Mobile App
SAL00360,2024-11-05,ST06,CUS0357,PRD056,2,743.49,539.24,204.25,Retail Store
SAL00361,2022-09-07,ST10,CUS0332,PRD057,1,441.9,203.53,238.37,Mobile App
SAL00362,2024-12-20,ST03,CUS0281,PRD061,1,316.24,170.32,145.92,Retail Store
SAL00363,2025-03-02,ST12,CUS0091,PRD043,2,551.98,327.0,224.98,Online
SAL00364,2024-07-14,ST10,CUS0044,PRD022,1,179.9,89.78,90.12,Retail Store
SAL00365,2023-08-23,ST10,CUS0082,PRD037,5,874.03,474.2,399.83,Mobile App
SAL00366,2023-10-11,ST05,CUS0058,PRD065,1,261.0,157.21,103.79,Mobile App
SAL00367,2022-12-25,ST02,CUS0385,PRD001,1,370.81,221.71,149.1,Mobile App
SAL00368,2023-01-11,ST10,CUS0296,PRD051,2,277.64,144.74,132.9,Retail Store
SAL00369,2025-05-20,ST07,CUS0087,PRD037,1,194.23,94.84,99.39,Online
SAL00370,2025-06-21,ST03,CUS0062,PRD001,1,370.81,221.71,149.1,Retail Store
SAL00371,2024-10-13,ST01,CUS0155,PRD058,1,451.54,300.58,150.96,Retail Store
SAL00372,2024-12-29,ST11,CUS0260,PRD080,2,699.7,350.16,349.54,Mobile App
SAL00373,2023-01-21,ST09,CUS0317,PRD056,2,743.49,539.24,204.25,Marketplace
SAL00374,2025-03-16,ST10,CUS0187,PRD052,1,330.06,174.32,155.74,Retail Store
SAL00375,2022-11-01,ST08,CUS0076,PRD070,1,468.13,300.33,167.8,Retail Store
SAL00376,2022-12-30,ST07,CUS0339,PRD032,1,606.4,322.6,283.8,Mobile App
SAL00377,2024-01-12,ST07,CUS0053,PRD078,3,1059.87,520.17,539.7,Mobile App
SAL00378,2023-06-10,ST06,CUS0064,PRD074,2,335.2,199.44,135.76,Online
SAL00379,2024-06-04,ST11,CUS0287,PRD015,2,1069.28,540.58,528.7,Retail Store
SAL00380,2025-04-19,ST01,CUS0098,PRD013,3,1544.89,924.6,620.29,Mobile App
SAL00381,2023-04-25,ST02,CUS0112,PRD018,2,1095.3,624.7,470.6,Marketplace
SAL00382,2023-06-27,ST03,CUS0393,PRD069,1,385.57,222.64,162.93,Mobile App
SAL00383,2024-11-28,ST05,CUS0279,PRD024,3,237.54,123.03,114.51,Online
SAL00384,2023-07-09,ST12,CUS0372,PRD019,1,278.94,189.52,89.42,Marketplace
SAL00385,2025-03-27,ST08,CUS0202,PRD023,2,328.42,173.84,154.58,Online
SAL00386,2022-08-08,ST03,CUS0006,PRD021,1,165.14,117.72,47.42,Online
SAL00387,2025-03-08,ST04,CUS0082,PRD033,1,320.7,236.17,84.53,Marketplace
SAL00388,2025-04-24,ST08,CUS0021,PRD057,5,2099.03,1017.65,1081.38,Marketplace
SAL00389,2022-08-22,ST03,CUS0160,PRD004,1,487.76,291.78,195.98,Online
SAL00390,2023-08-29,ST09,CUS0385,PRD076,3,376.77,243.6,133.17,Marketplace
SAL00391,2024-05-04,ST05,CUS0241,PRD051,4,555.28,289.48,265.8,Marketplace
SAL00392,2024-02-12,ST02,CUS0069,PRD063,1,314.78,149.01,165.77,Marketplace
SAL00393,2022-12-26,ST05,CUS0092,PRD044,1,550.42,340.71,209.71,Retail Store
SAL00394,2022-07-17,ST12,CUS0112,PRD031,1,448.4,226.91,221.49,Mobile App
SAL00395,2025-04-06,ST12,CUS0010,PRD010,3,901.94,570.18,331.76,Marketplace
SAL00396,2022-10-12,ST08,CUS0146,PRD019,1,278.94,189.52,89.42,Mobile App
SAL00397,2025-07-17,ST07,CUS0094,PRD036,1,332.3,199.03,133.27,Mobile App
SAL00398,2022-11-04,ST12,CUS0224,PRD009,1,35.77,20.42,15.35,Online
SAL00399,2023-12-18,ST08,CUS0092,PRD076,2,251.18,162.4,88.78,Online
SAL00400,2025-07-12,ST06,CUS0283,PRD075,1,506.71,256.45,250.26,Online
SAL00401,2025-02-19,ST02,CUS0337,PRD072,2,992.74,571.6,421.14,Online
SAL00402,2024-02-25,ST04,CUS0296,PRD066,1,455.94,293.37,162.57,Online
SAL00403,2022-11-29,ST08,CUS0398,PRD022,1,161.91,89.78,72.13,Marketplace
SAL00404,2024-05-10,ST08,CUS0011,PRD067,1,494.84,263.6,231.24,Mobile App
SAL00405,2024-06-17,ST04,CUS0334,PRD024,1,79.18,41.01,38.17,Marketplace
SAL00406,2023-06-16,ST09,CUS0041,PRD030,1,230.37,143.34,87.03,Mobile App
SAL00407,2023-12-11,ST02,CUS0121,PRD075,1,506.71,256.45,250.26,Marketplace
SAL00408,2025-04-12,ST03,CUS0304,PRD075,1,506.71,256.45,250.26,Online
SAL00409,2022-11-22,ST05,CUS0128,PRD041,2,376.45,207.92,168.53,Retail Store
SAL00410,2024-07-09,ST08,CUS0004,PRD045,2,714.22,356.72,357.5,Marketplace
SAL00411,2023-08-16,ST01,CUS0192,PRD062,2,720.13,528.54,191.59,Mobile App
SAL00412,2024-05-21,ST11,CUS0145,PRD073,1,476.06,310.4,165.66,Marketplace
SAL00413,2024-09-14,ST08,CUS0178,PRD026,8,4015.46,1921.92,2093.54,Marketplace
SAL00414,2023-12-20,ST02,CUS0065,PRD054,6,382.2,202.14,180.06,Retail Store
SAL00415,2024-10-21,ST06,CUS0297,PRD042,1,620.0,339.41,280.59,Mobile App
SAL00416,2025-02-14,ST12,CUS0144,PRD071,1,58.36,40.95,17.41,Mobile App
SAL00417,2023-02-07,ST06,CUS0084,PRD022,2,323.82,179.56,144.26,Mobile App
SAL00418,2023-03-04,ST04,CUS0052,PRD044,2,1100.84,681.42,419.42,Retail Store
SAL00419,2022-11-24,ST02,CUS0314,PRD042,3,1860.0,1018.23,841.77,Mobile App
SAL00420,2025-05-27,ST07,CUS0298,PRD013,2,1144.36,616.4,527.96,Mobile App
SAL00421,2023-03-11,ST12,CUS0383,PRD015,1,534.64,270.29,264.35,Retail Store
SAL00422,2022-10-01,ST08,CUS0211,PRD077,1,343.3,182.73,160.57,Mobile App
SAL00423,2022-10-15,ST04,CUS0345,PRD014,1,186.06,104.45,81.61,Online
SAL00424,2023-09-28,ST06,CUS0388,PRD052,5,1485.27,871.6,613.67,Retail Store
SAL00425,2025-03-25,ST01,CUS0376,PRD043,1,275.99,163.5,112.49,Retail Store
SAL00426,2022-10-27,ST08,CUS0122,PRD063,3,944.34,447.03,497.31,Online
SAL00427,2023-03-12,ST03,CUS0134,PRD031,2,851.96,453.82,398.14,Marketplace
SAL00428,2023-01-24,ST01,CUS0239,PRD065,4,1044.0,628.84,415.16,Online
SAL00429,2024-07-12,ST09,CUS0325,PRD028,1,213.33,140.6,72.73,Online
SAL00430,2023-07-06,ST08,CUS0042,PRD067,2,989.68,527.2,462.48,Online
SAL00431,2025-07-01,ST11,CUS0158,PRD046,1,465.6,263.91,201.69,Mobile App
SAL00432,2024-07-22,ST02,CUS0062,PRD018,1,547.65,312.35,235.3,Marketplace
SAL00433,2024-02-06,ST07,CUS0298,PRD041,1,198.13,103.96,94.17,Marketplace
SAL00434,2024-04-10,ST02,CUS0037,PRD028,2,426.66,281.2,145.46,Online
SAL00435,2025-03-21,ST01,CUS0054,PRD031,2,807.12,453.82,353.3,Marketplace
SAL00436,2024-11-02,ST01,CUS0124,PRD021,3,470.65,353.16,117.49,Mobile App
SAL00437,2022-11-26,ST11,CUS0133,PRD075,3,1520.13,769.35,750.78,Retail Store
SAL00438,2023-10-19,ST02,CUS0273,PRD031,3,1210.68,680.73,529.95,Retail Store
SAL00439,2024-07-14,ST07,CUS0361,PRD032,1,638.32,322.6,315.72,Mobile App
SAL00440,2024-04-13,ST01,CUS0347,PRD012,1,451.66,294.94,156.72,Online
SAL00441,2025-05-18,ST03,CUS0257,PRD009,1,39.74,20.42,19.32,Retail Store
SAL00442,2022-08-08,ST09,CUS0013,PRD033,1,356.33,236.17,120.16,Marketplace
SAL00443,2025-04-16,ST09,CUS0069,PRD006,5,781.35,367.1,414.25,Marketplace
SAL00444,2023-09-07,ST11,CUS0218,PRD009,1,35.77,20.42,15.35,Marketplace
SAL00445,2022-08-24,ST11,CUS0229,PRD069,2,771.14,445.28,325.86,Online
SAL00446,2023-02-08,ST10,CUS0145,PRD009,1,35.77,20.42,15.35,Marketplace
SAL00447,2023-01-22,ST11,CUS0108,PRD002,1,206.22,140.36,65.86,Retail Store
SAL00448,2022-12-08,ST11,CUS0097,PRD036,2,664.6,398.06,266.54,Marketplace
SAL00449,2022-08-08,ST12,CUS0110,PRD033,1,356.33,236.17,120.16,Mobile App
SAL00450,2024-12-11,ST02,CUS0067,PRD040,2,302.04,187.18,114.86,Marketplace
SAL00451,2022-12-30,ST01,CUS0034,PRD047,1,351.11,214.53,136.58,Mobile App
SAL00452,2023-06-29,ST02,CUS0001,PRD051,1,138.82,72.37,66.45,Mobile App
SAL00453,2024-04-05,ST02,CUS0103,PRD015,3,1603.92,810.87,793.05,Mobile App
SAL00454,2023-12-27,ST12,CUS0171,PRD047,1,333.55,214.53,119.02,Mobile App
SAL00455,2023-07-23,ST12,CUS0025,PRD018,2,1040.53,624.7,415.83,Online
SAL00456,2024-06-07,ST04,CUS0348,PRD017,3,216.38,124.02,92.36,Mobile App
SAL00457,2025-01-05,ST12,CUS0387,PRD055,5,1741.3,943.75,797.55,Online
SAL00458,2024-04-10,ST07,CUS0251,PRD011,4,1669.52,781.88,887.64,Marketplace
SAL00459,2023-11-22,ST08,CUS0233,PRD071,3,166.33,122.85,43.48,Marketplace
SAL00460,2023-02-27,ST02,CUS0190,PRD057,1,441.9,203.53,238.37,Marketplace
SAL00461,2024-05-30,ST02,CUS0337,PRD060,1,362.14,165.18,196.96,Online
SAL00462,2024-03-06,ST02,CUS0275,PRD078,1,317.96,173.39,144.57,Online
SAL00463,2022-11-10,ST11,CUS0234,PRD079,1,106.03,64.58,41.45,Retail Store
SAL00464,2023-05-11,ST08,CUS0260,PRD036,1,332.3,199.03,133.27,Retail Store
SAL00465,2024-11-12,ST02,CUS0185,PRD036,3,897.21,597.09,300.12,Mobile App
SAL00466,2025-05-06,ST12,CUS0175,PRD041,3,534.95,311.88,223.07,Marketplace
SAL00467,2023-07-15,ST11,CUS0044,PRD066,1,455.94,293.37,162.57,Online
SAL00468,2025-03-31,ST09,CUS0059,PRD036,1,299.07,199.03,100.04,Retail Store
SAL00469,2023-04-14,ST11,CUS0297,PRD064,2,323.21,206.4,116.81,Mobile App
SAL00470,2024-12-25,ST11,CUS0127,PRD006,4,625.08,293.68,331.4,Mobile App
SAL00471,2023-12-31,ST09,CUS0164,PRD063,2,629.56,298.02,331.54,Online
SAL00472,2024-03-10,ST09,CUS0055,PRD073,1,528.96,310.4,218.56,Online
SAL00473,2024-07-16,ST03,CUS0369,PRD051,1,138.82,72.37,66.45,Mobile App
SAL00474,2024-07-22,ST10,CUS0157,PRD036,2,664.6,398.06,266.54,Online
SAL00475,2023-07-21,ST08,CUS0094,PRD075,1,506.71,256.45,250.26,Mobile App
SAL00476,2024-02-05,ST07,CUS0016,PRD033,4,1425.32,944.68,480.64,Mobile App
SAL00477,2022-09-10,ST01,CUS0234,PRD054,1,63.7,33.69,30.01,Retail Store
SAL00478,2023-08-16,ST02,CUS0326,PRD060,1,362.14,165.18,196.96,Online
SAL00479,2024-06-23,ST11,CUS0287,PRD059,1,310.62,162.6,148.02,Online
SAL00480,2025-06-21,ST06,CUS0352,PRD008,2,569.78,261.36,308.42,Mobile App
SAL00481,2022-11-20,ST04,CUS0387,PRD044,1,550.42,340.71,209.71,Mobile App
SAL00482,2023-03-13,ST01,CUS0389,PRD037,2,369.04,189.68,179.36,Marketplace
SAL00483,2023-11-28,ST12,CUS0240,PRD059,2,559.12,325.2,233.92,Online
SAL00484,2022-11-03,ST01,CUS0055,PRD018,1,547.65,312.35,235.3,Marketplace
SAL00485,2024-03-11,ST11,CUS0348,PRD018,1,547.65,312.35,235.3,Mobile App
SAL00486,2023-05-29,ST10,CUS0394,PRD003,1,518.56,281.75,236.81,Marketplace
SAL00487,2025-03-10,ST03,CUS0064,PRD009,1,39.74,20.42,19.32,Marketplace
SAL00488,2023-06-11,ST08,CUS0353,PRD014,3,587.55,313.35,274.2,Marketplace
SAL00489,2023-11-04,ST01,CUS0355,PRD069,1,385.57,222.64,162.93,Retail Store
SAL00490,2025-07-13,ST05,CUS0356,PRD003,2,933.41,563.5,369.91,Marketplace
SAL00491,2022-10-02,ST02,CUS0248,PRD053,1,483.18,281.3,201.88,Marketplace
SAL00492,2025-03-03,ST03,CUS0140,PRD033,1,338.51,236.17,102.34,Online
SAL00493,2024-01-20,ST08,CUS0154,PRD038,4,1066.8,759.0,307.8,Mobile App
SAL00494,2023-09-21,ST07,CUS0281,PRD073,5,2512.56,1552.0,960.56,Retail Store
SAL00495,2025-05-25,ST02,CUS0009,PRD015,1,481.18,270.29,210.89,Marketplace
SAL00496,2025-07-29,ST01,CUS0399,PRD060,1,362.14,165.18,196.96,Online
SAL00497,2023-02-05,ST08,CUS0168,PRD021,1,165.14,117.72,47.42,Mobile App
SAL00498,2025-01-31,ST01,CUS0115,PRD038,2,506.73,379.5,127.23,Online
SAL00499,2023-03-07,ST07,CUS0158,PRD018,1,520.27,312.35,207.92,Marketplace
SAL00500,2022-07-19,ST11,CUS0308,PRD033,1,356.33,236.17,120.16,Online
SAL00501,2024-10-03,ST04,CUS0134,PRD008,1,256.4,130.68,125.72,Retail Store
SAL00502,2023-08-03,ST10,CUS0227,PRD060,3,977.78,495.54,482.24,Online
SAL00503,2024-05-07,ST10,CUS0207,PRD034,1,156.51,103.0,53.51,Mobile App
SAL00504,2022-12-18,ST05,CUS0012,PRD060,1,325.93,165.18,160.75,Retail Store
SAL00505,2025-02-23,ST04,CUS0349,PRD014,1,195.85,104.45,91.4,Retail Store
SAL00506,2024-02-12,ST05,CUS0219,PRD066,2,959.88,586.74,373.14,Online
SAL00507,2024-12-18,ST05,CUS0043,PRD032,3,1914.96,967.8,947.16,Marketplace
SAL00508,2023-08-13,ST09,CUS0050,PRD048,1,219.08,148.36,70.72,Online
SAL00509,2023-03-17,ST10,CUS0189,PRD060,1,362.14,165.18,196.96,Marketplace
SAL00510,2025-06-01,ST04,CUS0012,PRD008,1,284.89,130.68,154.21,Online
SAL00511,2024-02-18,ST04,CUS0139,PRD059,2,621.24,325.2,296.04,Mobile App
SAL00512,2023-08-26,ST08,CUS0350,PRD049,1,459.8,259.65,200.15,Retail Store
SAL00513,2022-10-21,ST07,CUS0108,PRD043,2,551.98,327.0,224.98,Mobile App
SAL00514,2023-01-03,ST11,CUS0333,PRD012,1,451.66,294.94,156.72,Online
SAL00515,2024-06-14,ST06,CUS0038,PRD016,1,337.8,178.49,159.31,Retail Store
SAL00516,2024-05-27,ST10,CUS0059,PRD009,1,39.74,20.42,19.32,Online
SAL00517,2025-02-04,ST01,CUS0195,PRD004,1,514.85,291.78,223.07,Retail Store
SAL00518,2024-10-23,ST07,CUS0378,PRD032,1,574.49,322.6,251.89,Online
SAL00519,2022-12-19,ST06,CUS0017,PRD007,3,1154.61,653.25,501.36,Online
SAL00520,2025-05-26,ST05,CUS0346,PRD010,2,668.1,380.12,287.98,Online
SAL00521,2024-05-17,ST11,CUS0225,PRD055,3,1099.77,566.25,533.52,Mobile App
SAL00522,2025-02-21,ST05,CUS0287,PRD026,2,1056.7,480.48,576.22,Mobile App
SAL00523,2023-05-10,ST02,CUS0062,PRD055,2,696.52,377.5,319.02,Retail Store
SAL00524,2025-06-14,ST10,CUS0343,PRD041,2,356.63,207.92,148.71,Mobile App
SAL00525,2025-06-03,ST03,CUS0377,PRD035,2,912.46,541.94,370.52,Retail Store
SAL00526,2023-05-30,ST06,CUS0141,PRD069,1,385.57,222.64,162.93,Online
SAL00527,2025-04-10,ST06,CUS0391,PRD057,1,397.71,203.53,194.18,Online
SAL00528,2025-06-29,ST03,CUS0272,PRD052,2,594.11,348.64,245.47,Mobile App
SAL00529,2025-04-02,ST02,CUS0274,PRD008,1,284.89,130.68,154.21,Mobile App
SAL00530,2023-12-09,ST04,CUS0094,PRD005,1,72.21,41.75,30.46,Online
SAL00531,2022-12-01,ST06,CUS0285,PRD045,1,321.4,178.36,143.04,Online
SAL00532,2025-05-22,ST01,CUS0262,PRD045,1,357.11,178.36,178.75,Mobile App
SAL00533,2022-07-01,ST09,CUS0261,PRD022,2,359.8,179.56,180.24,Mobile App
SAL00534,2023-04-09,ST06,CUS0254,PRD004,3,1625.85,875.34,750.51,Marketplace
SAL00535,2024-03-17,ST10,CUS0046,PRD066,3,1367.83,880.11,487.72,Online
SAL00536,2023-06-16,ST05,CUS0133,PRD047,3,1053.33,643.59,409.74,Mobile App
SAL00537,2025-05-05,ST12,CUS0144,PRD024,1,75.22,41.01,34.21,Marketplace
SAL00538,2024-05-21,ST05,CUS0248,PRD063,1,314.78,149.01,165.77,Mobile App
SAL00539,2025-06-15,ST05,CUS0200,PRD073,3,1428.19,931.2,496.99,Online
SAL00540,2022-09-05,ST07,CUS0157,PRD005,2,144.42,83.5,60.92,Retail Store
SAL00541,2023-10-06,ST01,CUS0223,PRD007,1,365.63,217.75,147.88,Online
SAL00542,2022-12-09,ST09,CUS0153,PRD050,2,241.51,153.28,88.23,Online
SAL00543,2025-01-12,ST06,CUS0187,PRD059,2,621.24,325.2,296.04,Marketplace
SAL00544,2024-11-07,ST04,CUS0304,PRD060,1,325.93,165.18,160.75,Mobile App
SAL00545,2024-12-25,ST07,CUS0335,PRD038,2,533.4,379.5,153.9,Retail Store
SAL00546,2025-06-05,ST01,CUS0063,PRD018,2,1095.3,624.7,470.6,Retail Store
SAL00547,2023-03-31,ST06,CUS0081,PRD060,1,362.14,165.18,196.96,Mobile App
SAL00548,2024-12-02,ST07,CUS0309,PRD026,1,528.35,240.24,288.11,Retail Store
SAL00549,2024-06-27,ST10,CUS0031,PRD056,3,1115.24,808.86,306.38,Online
SAL00550,2023-09-14,ST12,CUS0324,PRD019,3,836.82,568.56,268.26,Marketplace
SAL00551,2023-02-03,ST10,CUS0226,PRD004,2,1083.9,583.56,500.34,Marketplace
SAL00552,2025-01-25,ST11,CUS0185,PRD018,1,547.65,312.35,235.3,Marketplace
SAL00553,2022-09-18,ST02,CUS0104,PRD038,1,253.36,189.75,63.61,Retail Store
SAL00554,2025-06-19,ST06,CUS0068,PRD028,1,213.33,140.6,72.73,Online
SAL00555,2023-05-08,ST04,CUS0153,PRD075,1,456.04,256.45,199.59,Mobile App
SAL00556,2025-04-01,ST08,CUS0080,PRD035,2,864.43,541.94,322.49,Mobile App
SAL00557,2022-11-17,ST04,CUS0352,PRD020,1,339.81,203.54,136.27,Retail Store
SAL00558,2024-10-10,ST05,CUS0303,PRD064,1,153.1,103.2,49.9,Marketplace
SAL00559,2025-05-29,ST05,CUS0173,PRD034,2,281.72,206.0,75.72,Mobile App
SAL00560,2022-12-18,ST08,CUS0182,PRD080,3,944.6,525.24,419.36,Retail Store
SAL00561,2023-11-12,ST12,CUS0230,PRD023,1,164.21,86.92,77.29,Retail Store
SAL00562,2024-07-26,ST05,CUS0364,PRD064,3,510.33,309.6,200.73,Marketplace
SAL00563,2024-11-03,ST04,CUS0271,PRD014,3,587.55,313.35,274.2,Online
SAL00564,2022-07-13,ST03,CUS0013,PRD036,2,664.6,398.06,266.54,Online
SAL00565,2022-11-10,ST03,CUS0341,PRD051,3,395.64,217.11,178.53,Marketplace
SAL00566,2023-06-16,ST07,CUS0237,PRD014,1,195.85,104.45,91.4,Retail Store
SAL00567,2022-10-24,ST05,CUS0021,PRD036,3,947.06,597.09,349.97,Mobile App
SAL00568,2024-06-07,ST02,CUS0051,PRD047,4,1404.44,858.12,546.32,Marketplace
SAL00569,2023-12-13,ST02,CUS0259,PRD030,2,511.94,286.68,225.26,Retail Store
SAL00570,2024-07-13,ST03,CUS0004,PRD045,3,1071.33,535.08,536.25,Online
SAL00571,2023-06-02,ST11,CUS0245,PRD005,1,72.21,41.75,30.46,Mobile App
SAL00572,2022-11-18,ST03,CUS0183,PRD076,2,237.96,162.4,75.56,Online
SAL00573,2024-10-14,ST07,CUS0400,PRD057,1,419.8,203.53,216.27,Marketplace
SAL00574,2023-11-24,ST04,CUS0094,PRD035,1,432.22,270.97,161.25,Online
SAL00575,2022-09-18,ST05,CUS0358,PRD041,1,198.13,103.96,94.17,Online
SAL00576,2025-07-07,ST12,CUS0100,PRD059,2,621.24,325.2,296.04,Marketplace
SAL00577,2025-04-21,ST10,CUS0111,PRD067,1,470.1,263.6,206.5,Online
SAL00578,2023-07-20,ST02,CUS0177,PRD011,2,834.76,390.94,443.82,Retail Store
SAL00579,2023-05-03,ST01,CUS0195,PRD018,1,520.27,312.35,207.92,Marketplace
SAL00580,2025-07-17,ST05,CUS0035,PRD022,1,179.9,89.78,90.12,Mobile App
SAL00581,2023-09-03,ST10,CUS0198,PRD067,2,940.2,527.2,413.0,Mobile App
SAL00582,2025-03-30,ST02,CUS0255,PRD028,1,213.33,140.6,72.73,Mobile App
SAL00583,2022-11-05,ST02,CUS0128,PRD061,3,1054.14,510.96,543.18,Mobile App
SAL00584,2023-12-08,ST09,CUS0003,PRD024,2,142.52,82.02,60.5,Online
SAL00585,2024-04-19,ST08,CUS0285,PRD009,3,119.22,61.26,57.96,Retail Store
SAL00586,2025-03-13,ST01,CUS0186,PRD073,1,502.51,310.4,192.11,Online
SAL00587,2024-08-17,ST08,CUS0240,PRD030,1,255.97,143.34,112.63,Retail Store
SAL00588,2024-12-11,ST08,CUS0314,PRD017,2,160.28,82.68,77.6,Mobile App
SAL00589,2024-11-01,ST05,CUS0380,PRD011,1,375.64,195.47,180.17,Mobile App
SAL00590,2023-03-10,ST03,CUS0393,PRD007,2,731.25,435.5,295.75,Mobile App
SAL00591,2022-10-25,ST12,CUS0328,PRD078,1,353.29,173.39,179.9,Online
SAL00592,2025-07-28,ST12,CUS0279,PRD053,1,536.87,281.3,255.57,Retail Store
SAL00593,2024-05-10,ST08,CUS0031,PRD078,1,353.29,173.39,179.9,Online
SAL00594,2024-05-05,ST11,CUS0288,PRD004,1,514.85,291.78,223.07,Retail Store
SAL00595,2023-08-13,ST02,CUS0386,PRD021,1,148.63,117.72,30.91,Mobile App
SAL00596,2025-03-05,ST04,CUS0093,PRD045,1,321.4,178.36,143.04,Mobile App
SAL00597,2024-07-18,ST01,CUS0212,PRD073,1,528.96,310.4,218.56,Online
SAL00598,2025-01-28,ST06,CUS0039,PRD027,1,520.57,291.25,229.32,Marketplace
SAL00599,2025-06-19,ST08,CUS0059,PRD045,2,714.22,356.72,357.5,Marketplace
SAL00600,2023-10-18,ST04,CUS0016,PRD080,3,1049.55,525.24,524.31,Online
SAL00601,2024-06-18,ST09,CUS0283,PRD002,1,185.6,140.36,45.24,Retail Store
SAL00602,2025-03-01,ST10,CUS0002,PRD056,3,1239.15,808.86,430.29,Retail Store
SAL00603,2023-05-12,ST01,CUS0173,PRD060,2,724.28,330.36,393.92,Mobile App
SAL00604,2024-09-23,ST01,CUS0114,PRD016,1,337.8,178.49,159.31,Marketplace
SAL00605,2023-05-07,ST09,CUS0321,PRD066,2,911.89,586.74,325.15,Marketplace
SAL00606,2023-04-10,ST12,CUS0265,PRD045,1,339.25,178.36,160.89,Mobile App
SAL00607,2024-01-23,ST09,CUS0350,PRD044,1,550.42,340.71,209.71,Retail Store
SAL00608,2023-10-16,ST10,CUS0174,PRD076,1,132.2,81.2,51.0,Mobile App
SAL00609,2025-01-27,ST05,CUS0023,PRD043,2,496.78,327.0,169.78,Marketplace
SAL00610,2025-07-11,ST07,CUS0128,PRD023,1,156.0,86.92,69.08,Mobile App
SAL00611,2022-10-02,ST08,CUS0066,PRD051,1,138.82,72.37,66.45,Marketplace
SAL00612,2022-10-22,ST09,CUS0054,PRD044,1,550.42,340.71,209.71,Mobile App
SAL00613,2024-12-24,ST05,CUS0021,PRD018,3,1642.95,937.05,705.9,Mobile App
SAL00614,2023-03-31,ST11,CUS0024,PRD042,2,1240.0,678.82,561.18,Marketplace
SAL00615,2024-01-09,ST08,CUS0055,PRD019,1,264.99,189.52,75.47,Mobile App
SAL00616,2024-04-26,ST10,CUS0152,PRD025,1,227.74,144.31,83.43,Mobile App
SAL00617,2024-07-19,ST12,CUS0218,PRD014,3,558.17,313.35,244.82,Marketplace
SAL00618,2022-10-26,ST08,CUS0018,PRD033,2,641.39,472.34,169.05,Marketplace
SAL00619,2024-11-26,ST12,CUS0262,PRD073,2,1057.92,620.8,437.12,Mobile App
SAL00620,2024-09-05,ST10,CUS0139,PRD058,2,903.08,601.16,301.92,Retail Store
SAL00621,2024-03-23,ST11,CUS0203,PRD007,1,365.63,217.75,147.88,Marketplace
SAL00622,2025-01-28,ST05,CUS0220,PRD020,3,1073.1,610.62,462.48,Marketplace
SAL00623,2023-08-28,ST11,CUS0121,PRD080,1,314.87,175.08,139.79,Marketplace
SAL00624,2024-02-05,ST06,CUS0313,PRD069,1,385.57,222.64,162.93,Marketplace
SAL00625,2025-05-07,ST02,CUS0027,PRD061,1,351.38,170.32,181.06,Mobile App
SAL00626,2023-09-04,ST02,CUS0109,PRD074,1,159.22,99.72,59.5,Mobile App
SAL00627,2024-05-08,ST11,CUS0347,PRD046,4,1764.4,1055.64,708.76,Online
SAL00628,2024-04-25,ST08,CUS0127,PRD034,2,281.72,206.0,75.72,Retail Store
SAL00629,2024-12-10,ST01,CUS0226,PRD035,1,480.24,270.97,209.27,Retail Store
SAL00630,2025-06-09,ST10,CUS0322,PRD062,1,400.07,264.27,135.8,Marketplace
SAL00631,2024-04-09,ST09,CUS0035,PRD045,1,339.25,178.36,160.89,Mobile App
SAL00632,2022-11-10,ST03,CUS0297,PRD051,4,527.52,289.48,238.04,Online
SAL00633,2024-11-07,ST04,CUS0397,PRD007,2,769.74,435.5,334.24,Marketplace
SAL00634,2023-08-11,ST08,CUS0176,PRD027,1,578.41,291.25,287.16,Online
SAL00635,2024-07-27,ST08,CUS0200,PRD047,1,351.11,214.53,136.58,Retail Store
SAL00636,2025-04-13,ST01,CUS0128,PRD020,3,1073.1,610.62,462.48,Mobile App
SAL00637,2023-10-18,ST09,CUS0338,PRD059,2,559.12,325.2,233.92,Mobile App
SAL00638,2023-09-17,ST06,CUS0059,PRD076,3,396.6,243.6,153.0,Online
SAL00639,2024-10-16,ST06,CUS0093,PRD040,3,430.41,280.77,149.64,Marketplace
SAL00640,2023-07-27,ST10,CUS0004,PRD003,4,1866.82,1127.0,739.82,Retail Store
SAL00641,2024-12-04,ST09,CUS0252,PRD043,1,275.99,163.5,112.49,Marketplace
SAL00642,2025-02-14,ST12,CUS0024,PRD078,1,353.29,173.39,179.9,Retail Store
SAL00643,2024-04-06,ST02,CUS0138,PRD026,1,528.35,240.24,288.11,Marketplace
SAL00644,2024-02-09,ST04,CUS0335,PRD044,1,550.42,340.71,209.71,Mobile App
SAL00645,2025-05-24,ST09,CUS0375,PRD056,1,413.05,269.62,143.43,Marketplace
SAL00646,2025-01-01,ST12,CUS0015,PRD057,1,419.8,203.53,216.27,Retail Store
SAL00647,2024-06-07,ST01,CUS0023,PRD055,1,348.26,188.75,159.51,Mobile App
SAL00648,2024-11-22,ST05,CUS0051,PRD049,3,1379.4,778.95,600.45,Online
SAL00649,2024-07-23,ST01,CUS0017,PRD057,1,441.9,203.53,238.37,Retail Store
SAL00650,2022-07-29,ST05,CUS0159,PRD063,2,629.56,298.02,331.54,Marketplace
SAL00651,2024-03-30,ST02,CUS0225,PRD072,1,523.94,285.8,238.14,Online
SAL00652,2022-07-28,ST08,CUS0360,PRD065,1,247.95,157.21,90.74,Online
SAL00653,2025-05-31,ST08,CUS0184,PRD011,1,396.51,195.47,201.04,Mobile App
SAL00654,2022-10-20,ST06,CUS0379,PRD001,1,370.81,221.71,149.1,Mobile App
SAL00655,2025-05-02,ST07,CUS0224,PRD065,1,261.0,157.21,103.79,Online
SAL00656,2024-12-19,ST09,CUS0390,PRD038,1,253.36,189.75,63.61,Mobile App
SAL00657,2024-09-28,ST03,CUS0141,PRD009,2,75.51,40.84,34.67,Mobile App
SAL00658,2025-02-11,ST02,CUS0322,PRD030,5,1279.85,716.7,563.15,Retail Store
SAL00659,2023-04-12,ST09,CUS0258,PRD078,1,335.63,173.39,162.24,Online
SAL00660,2025-01-07,ST12,CUS0107,PRD054,2,127.4,67.38,60.02,Online
SAL00661,2023-07-23,ST03,CUS0325,PRD011,1,417.38,195.47,221.91,Online
SAL00662,2025-07-01,ST10,CUS0296,PRD029,3,539.08,353.49,185.59,Online
SAL00663,2023-04-07,ST10,CUS0161,PRD016,1,337.8,178.49,159.31,Retail Store
SAL00664,2023-11-15,ST02,CUS0358,PRD060,1,362.14,165.18,196.96,Online
SAL00665,2022-08-23,ST12,CUS0149,PRD001,2,741.62,443.42,298.2,Mobile App
SAL00666,2023-11-28,ST08,CUS0215,PRD045,2,678.51,356.72,321.79,Retail Store
SAL00667,2025-07-20,ST05,CUS0342,PRD047,2,702.22,429.06,273.16,Marketplace
SAL00668,2023-04-23,ST01,CUS0200,PRD049,1,459.8,259.65,200.15,Mobile App
SAL00669,2024-12-10,ST10,CUS0281,PRD054,3,191.1,101.07,90.03,Retail Store
SAL00670,2023-02-21,ST11,CUS0206,PRD013,4,2288.72,1232.8,1055.92,Mobile App
SAL00671,2024-11-14,ST07,CUS0335,PRD057,1,419.8,203.53,216.27,Marketplace
SAL00672,2024-03-08,ST08,CUS0191,PRD052,4,1254.23,697.28,556.95,Marketplace
SAL00673,2023-06-28,ST08,CUS0129,PRD052,1,313.56,174.32,139.24,Retail Store
SAL00674,2023-09-25,ST03,CUS0181,PRD072,1,551.52,285.8,265.72,Mobile App
SAL00675,2023-07-28,ST07,CUS0301,PRD018,3,1642.95,937.05,705.9,Mobile App
SAL00676,2025-01-04,ST02,CUS0095,PRD042,2,1178.0,678.82,499.18,Mobile App
SAL00677,2025-02-06,ST10,CUS0148,PRD008,1,256.4,130.68,125.72,Marketplace
SAL00678,2025-02-19,ST10,CUS0069,PRD068,6,1832.76,1448.58,384.18,Marketplace
SAL00679,2023-07-11,ST06,CUS0240,PRD019,1,278.94,189.52,89.42,Mobile App
SAL00680,2024-05-25,ST01,CUS0086,PRD019,1,264.99,189.52,75.47,Retail Store
SAL00681,2024-10-11,ST12,CUS0186,PRD071,1,58.36,40.95,17.41,Marketplace
SAL00682,2025-01-27,ST10,CUS0088,PRD078,1,317.96,173.39,144.57,Marketplace
SAL00683,2023-03-14,ST09,CUS0331,PRD030,3,729.51,430.02,299.49,Mobile App
SAL00684,2025-01-19,ST07,CUS0032,PRD005,1,68.6,41.75,26.85,Online
SAL00685,2022-10-23,ST07,CUS0213,PRD040,2,302.04,187.18,114.86,Retail Store
SAL00686,2024-09-20,ST02,CUS0084,PRD032,1,638.32,322.6,315.72,Online
SAL00687,2024-06-20,ST02,CUS0100,PRD008,1,256.4,130.68,125.72,Online
SAL00688,2023-06-18,ST04,CUS0123,PRD073,1,528.96,310.4,218.56,Retail Store
SAL00689,2024-01-11,ST09,CUS0058,PRD014,1,195.85,104.45,91.4,Retail Store
SAL00690,2023-01-26,ST05,CUS0182,PRD052,3,891.16,522.96,368.2,Mobile App
SAL00691,2023-09-04,ST08,CUS0268,PRD044,3,1651.26,1022.13,629.13,Mobile App
SAL00692,2023-04-25,ST05,CUS0357,PRD018,2,1095.3,624.7,470.6,Online
SAL00693,2024-09-04,ST02,CUS0202,PRD073,1,528.96,310.4,218.56,Retail Store
SAL00694,2023-07-30,ST07,CUS0099,PRD036,2,598.14,398.06,200.08,Marketplace
SAL00695,2024-12-24,ST08,CUS0178,PRD033,3,962.09,708.51,253.58,Online
SAL00696,2025-04-04,ST08,CUS0038,PRD041,1,178.32,103.96,74.36,Online
SAL00697,2024-10-27,ST12,CUS0234,PRD065,2,522.0,314.42,207.58,Online
SAL00698,2025-06-15,ST07,CUS0179,PRD043,5,1310.95,817.5,493.45,Marketplace
SAL00699,2023-06-29,ST04,CUS0337,PRD032,3,1723.46,967.8,755.66,Mobile App
SAL00700,2022-11-03,ST11,CUS0224,PRD069,4,1542.28,890.56,651.72,Retail Store
SAL00701,2024-04-16,ST09,CUS0335,PRD060,1,362.14,165.18,196.96,Mobile App
SAL00702,2025-04-19,ST12,CUS0024,PRD050,3,381.33,229.92,151.41,Retail Store
SAL00703,2024-08-27,ST05,CUS0067,PRD056,1,392.4,269.62,122.78,Mobile App
SAL00704,2024-03-23,ST12,CUS0216,PRD061,1,351.38,170.32,181.06,Online
SAL00705,2024-10-30,ST09,CUS0351,PRD051,1,138.82,72.37,66.45,Online
SAL00706,2024-02-27,ST06,CUS0269,PRD056,1,413.05,269.62,143.43,Marketplace
SAL00707,2023-09-22,ST04,CUS0235,PRD076,2,251.18,162.4,88.78,Marketplace
SAL00708,2024-08-22,ST10,CUS0373,PRD073,3,1586.88,931.2,655.68,Retail Store
SAL00709,2023-02-09,ST11,CUS0068,PRD001,1,352.27,221.71,130.56,Retail Store
SAL00710,2022-10-10,ST01,CUS0389,PRD078,1,317.96,173.39,144.57,Mobile App
SAL00711,2024-05-04,ST04,CUS0005,PRD017,2,144.25,82.68,61.57,Marketplace
SAL00712,2025-03-14,ST03,CUS0052,PRD021,1,165.14,117.72,47.42,Mobile App
SAL00713,2023-09-29,ST01,CUS0293,PRD010,1,334.05,190.06,143.99,Mobile App
SAL00714,2023-04-23,ST05,CUS0088,PRD049,2,919.6,519.3,400.3,Marketplace
SAL00715,2024-09-14,ST01,CUS0078,PRD024,1,79.18,41.01,38.17,Marketplace
SAL00716,2024-02-20,ST07,CUS0218,PRD044,1,550.42,340.71,209.71,Online
SAL00717,2023-09-20,ST11,CUS0109,PRD078,1,353.29,173.39,179.9,Retail Store
SAL00718,2025-05-03,ST05,CUS0080,PRD067,3,1484.52,790.8,693.72,Online
SAL00719,2022-10-25,ST06,CUS0066,PRD050,3,381.33,229.92,151.41,Retail Store
SAL00720,2025-06-11,ST04,CUS0008,PRD036,4,1329.2,796.12,533.08,Marketplace
SAL00721,2025-01-03,ST10,CUS0161,PRD041,1,178.32,103.96,74.36,Mobile App
SAL00722,2025-03-26,ST05,CUS0345,PRD009,1,39.74,20.42,19.32,Retail Store
SAL00723,2023-05-27,ST09,CUS0145,PRD019,2,557.88,379.04,178.84,Online
SAL00724,2024-04-02,ST08,CUS0026,PRD045,1,357.11,178.36,178.75,Mobile App
SAL00725,2022-10-01,ST12,CUS0390,PRD002,4,742.39,561.44,180.95,Online
SAL00726,2025-07-30,ST09,CUS0095,PRD032,3,1914.96,967.8,947.16,Marketplace
SAL00727,2023-11-11,ST05,CUS0072,PRD004,1,541.95,291.78,250.17,Retail Store
SAL00728,2022-08-15,ST02,CUS0104,PRD039,4,1474.4,921.04,553.36,Retail Store
SAL00729,2024-03-09,ST02,CUS0248,PRD060,1,325.93,165.18,160.75,Online
SAL00730,2024-07-21,ST06,CUS0347,PRD031,2,896.8,453.82,442.98,Online
SAL00731,2023-05-05,ST11,CUS0244,PRD063,3,944.34,447.03,497.31,Marketplace
SAL00732,2024-01-08,ST06,CUS0182,PRD056,1,413.05,269.62,143.43,Marketplace
SAL00733,2025-01-24,ST08,CUS0034,PRD051,3,416.46,217.11,199.35,Marketplace
SAL00734,2025-07-12,ST04,CUS0244,PRD046,2,980.22,527.82,452.4,Mobile App
SAL00735,2023-04-03,ST02,CUS0286,PRD040,1,151.02,93.59,57.43,Marketplace
SAL00736,2023-03-12,ST07,CUS0093,PRD013,2,1087.14,616.4,470.74,Marketplace
SAL00737,2024-06-29,ST11,CUS0174,PRD014,1,195.85,104.45,91.4,Online
SAL00738,2023-03-01,ST03,CUS0382,PRD074,1,150.84,99.72,51.12,Mobile App
SAL00739,2022-07-14,ST12,CUS0237,PRD023,1,164.21,86.92,77.29,Online
SAL00740,2023-04-01,ST01,CUS0178,PRD009,1,39.74,20.42,19.32,Online
SAL00741,2022-07-24,ST11,CUS0114,PRD033,1,356.33,236.17,120.16,Retail Store
SAL00742,2024-05-20,ST08,CUS0081,PRD056,3,1115.24,808.86,306.38,Mobile App
SAL00743,2025-01-29,ST05,CUS0093,PRD065,1,247.95,157.21,90.74,Marketplace
SAL00744,2023-10-10,ST12,CUS0111,PRD025,2,409.93,288.62,121.31,Retail Store
SAL00745,2024-03-12,ST10,CUS0309,PRD017,2,160.28,82.68,77.6,Online
SAL00746,2024-03-31,ST12,CUS0058,PRD058,1,406.39,300.58,105.81,Retail Store
SAL00747,2023-10-08,ST06,CUS0227,PRD019,3,753.14,568.56,184.58,Online
SAL00748,2025-02-09,ST06,CUS0357,PRD073,1,528.96,310.4,218.56,Marketplace
SAL00749,2024-04-15,ST03,CUS0148,PRD012,2,903.32,589.88,313.44,Retail Store
SAL00750,2024-06-06,ST03,CUS0345,PRD054,3,191.1,101.07,90.03,Retail Store
SAL00751,2025-03-27,ST12,CUS0335,PRD051,1,138.82,72.37,66.45,Retail Store
SAL00752,2025-07-07,ST12,CUS0002,PRD006,3,468.81,220.26,248.55,Mobile App
SAL00753,2024-10-18,ST05,CUS0202,PRD025,2,455.48,288.62,166.86,Marketplace
SAL00754,2024-09-03,ST05,CUS0149,PRD035,1,480.24,270.97,209.27,Online
SAL00755,2025-07-10,ST10,CUS0215,PRD073,1,528.96,310.4,218.56,Mobile App
SAL00756,2024-12-21,ST12,CUS0081,PRD019,1,278.94,189.52,89.42,Retail Store
SAL00757,2023-04-23,ST03,CUS0323,PRD060,4,1448.56,660.72,787.84,Marketplace
SAL00758,2023-08-21,ST09,CUS0368,PRD051,1,138.82,72.37,66.45,Mobile App
SAL00759,2025-04-09,ST09,CUS0237,PRD021,1,165.14,117.72,47.42,Marketplace
SAL00760,2025-05-20,ST11,CUS0164,PRD070,2,889.45,600.66,288.79,Retail Store
SAL00761,2023-06-26,ST04,CUS0309,PRD008,1,284.89,130.68,154.21,Mobile App
SAL00762,2023-08-07,ST01,CUS0021,PRD028,2,426.66,281.2,145.46,Retail Store
SAL00763,2025-06-13,ST07,CUS0341,PRD008,1,284.89,130.68,154.21,Online
SAL00764,2022-11-29,ST12,CUS0264,PRD044,4,2091.6,1362.84,728.76,Marketplace
SAL00765,2025-02-23,ST05,CUS0170,PRD058,1,428.96,300.58,128.38,Mobile App
SAL00766,2025-07-15,ST02,CUS0212,PRD071,3,166.33,122.85,43.48,Online
SAL00767,2023-04-05,ST05,CUS0337,PRD071,2,110.88,81.9,28.98,Retail Store
SAL00768,2024-02-27,ST05,CUS0149,PRD031,1,425.98,226.91,199.07,Online
SAL00769,2022-11-22,ST12,CUS0095,PRD029,1,199.66,117.83,81.83,Marketplace
SAL00770,2025-07-09,ST11,CUS0333,PRD046,3,1396.81,791.73,605.08,Mobile App
SAL00771,2024-11-30,ST05,CUS0172,PRD009,1,37.75,20.42,17.33,Online
SAL00772,2024-01-23,ST08,CUS0062,PRD043,1,275.99,163.5,112.49,Marketplace
SAL00773,2023-12-18,ST02,CUS0161,PRD027,1,520.57,291.25,229.32,Mobile App
SAL00774,2023-06-18,ST08,CUS0374,PRD014,2,372.11,208.9,163.21,Marketplace
SAL00775,2024-12-25,ST10,CUS0361,PRD046,3,1470.33,791.73,678.6,Marketplace
SAL00776,2024-05-11,ST01,CUS0211,PRD042,3,1860.0,1018.23,841.77,Online
SAL00777,2024-09-18,ST12,CUS0230,PRD029,3,598.98,353.49,245.49,Online
SAL00778,2024-09-15,ST07,CUS0292,PRD024,2,158.36,82.02,76.34,Mobile App
SAL00779,2024-06-26,ST01,CUS0046,PRD018,1,492.88,312.35,180.53,Online
SAL00780,2024-03-15,ST06,CUS0066,PRD024,1,79.18,41.01,38.17,Mobile App
SAL00781,2025-07-14,ST08,CUS0181,PRD044,2,990.76,681.42,309.34,Mobile App
SAL00782,2023-12-06,ST11,CUS0233,PRD026,4,2113.4,960.96,1152.44,Online
SAL00783,2024-04-07,ST07,CUS0204,PRD063,1,314.78,149.01,165.77,Mobile App
SAL00784,2022-08-29,ST03,CUS0146,PRD009,1,37.75,20.42,17.33,Mobile App
SAL00785,2024-05-27,ST03,CUS0030,PRD028,2,383.99,281.2,102.79,Marketplace
SAL00786,2024-01-11,ST02,CUS0280,PRD006,2,312.54,146.84,165.7,Marketplace
SAL00787,2023-11-04,ST10,CUS0092,PRD020,1,321.93,203.54,118.39,Online
SAL00788,2025-06-08,ST10,CUS0009,PRD016,2,675.6,356.98,318.62,Mobile App
SAL00789,2023-01-09,ST11,CUS0160,PRD020,5,1788.5,1017.7,770.8,Online
SAL00790,2024-03-22,ST11,CUS0311,PRD022,2,359.8,179.56,180.24,Retail Store
SAL00791,2024-03-21,ST11,CUS0367,PRD012,1,451.66,294.94,156.72,Marketplace
SAL00792,2022-09-03,ST05,CUS0286,PRD018,1,547.65,312.35,235.3,Marketplace
SAL00793,2023-07-27,ST11,CUS0347,PRD056,1,371.75,269.62,102.13,Mobile App
SAL00794,2025-03-03,ST01,CUS0309,PRD026,1,475.52,240.24,235.28,Marketplace
SAL00795,2022-12-14,ST11,CUS0109,PRD069,4,1542.28,890.56,651.72,Marketplace
SAL00796,2024-08-06,ST11,CUS0235,PRD052,2,594.11,348.64,245.47,Retail Store
SAL00797,2022-09-12,ST09,CUS0225,PRD007,1,384.87,217.75,167.12,Mobile App
SAL00798,2024-09-17,ST07,CUS0205,PRD039,1,350.17,230.26,119.91,Marketplace
SAL00799,2024-04-02,ST12,CUS0159,PRD078,1,317.96,173.39,144.57,Online
SAL00800,2025-06-01,ST01,CUS0351,PRD056,1,371.75,269.62,102.13,Mobile App
SAL00801,2024-09-27,ST07,CUS0266,PRD027,2,1041.14,582.5,458.64,Online
SAL00802,2024-09-11,ST01,CUS0374,PRD046,3,1323.3,791.73,531.57,Mobile App
SAL00803,2024-01-04,ST03,CUS0297,PRD043,1,275.99,163.5,112.49,Marketplace
SAL00804,2024-08-31,ST08,CUS0293,PRD022,1,179.9,89.78,90.12,Marketplace
SAL00805,2025-05-27,ST03,CUS0290,PRD049,2,919.6,519.3,400.3,Online
SAL00806,2025-07-15,ST12,CUS0230,PRD042,2,1240.0,678.82,561.18,Marketplace
SAL00807,2023-02-28,ST05,CUS0324,PRD032,2,1212.81,645.2,567.61,Online
SAL00808,2023-11-22,ST12,CUS0029,PRD061,2,702.76,340.64,362.12,Marketplace
SAL00809,2024-02-27,ST11,CUS0099,PRD023,3,492.63,260.76,231.87,Mobile App
SAL00810,2024-07-29,ST07,CUS0221,PRD033,1,338.51,236.17,102.34,Retail Store
SAL00811,2023-07-08,ST02,CUS0181,PRD006,1,156.27,73.42,82.85,Marketplace
SAL00812,2024-04-02,ST01,CUS0280,PRD012,1,429.08,294.94,134.14,Marketplace
SAL00813,2025-03-13,ST09,CUS0258,PRD022,2,341.81,179.56,162.25,Marketplace
SAL00814,2025-05-31,ST05,CUS0087,PRD079,2,212.06,129.16,82.9,Mobile App
SAL00815,2022-12-10,ST04,CUS0387,PRD003,1,466.7,281.75,184.95,Mobile App
SAL00816,2024-02-28,ST07,CUS0267,PRD011,1,375.64,195.47,180.17,Mobile App
SAL00817,2024-08-06,ST04,CUS0045,PRD054,2,127.4,67.38,60.02,Mobile App
SAL00818,2023-06-20,ST09,CUS0288,PRD007,1,384.87,217.75,167.12,Online
SAL00819,2022-07-08,ST04,CUS0279,PRD013,1,514.96,308.2,206.76,Retail Store
SAL00820,2024-05-17,ST10,CUS0203,PRD016,2,675.6,356.98,318.62,Mobile App
SAL00821,2024-09-09,ST10,CUS0216,PRD061,2,702.76,340.64,362.12,Online
SAL00822,2023-08-08,ST08,CUS0253,PRD027,2,1041.14,582.5,458.64,Online
SAL00823,2022-11-12,ST01,CUS0283,PRD079,3,318.09,193.74,124.35,Online
SAL00824,2025-07-05,ST02,CUS0015,PRD021,5,784.41,588.6,195.81,Online
SAL00825,2024-05-22,ST06,CUS0257,PRD013,1,572.18,308.2,263.98,Retail Store
SAL00826,2024-02-17,ST03,CUS0322,PRD001,1,370.81,221.71,149.1,Retail Store
SAL00827,2024-09-30,ST04,CUS0078,PRD047,1,351.11,214.53,136.58,Online
SAL00828,2024-10-02,ST11,CUS0203,PRD032,1,638.32,322.6,315.72,Retail Store
SAL00829,2023-04-07,ST01,CUS0394,PRD038,3,720.09,569.25,150.84,Online
SAL00830,2024-05-08,ST08,CUS0086,PRD011,3,1252.14,586.41,665.73,Online
SAL00831,2024-11-01,ST09,CUS0063,PRD032,2,1148.98,645.2,503.78,Marketplace
SAL00832,2023-01-18,ST01,CUS0096,PRD062,1,400.07,264.27,135.8,Online
SAL00833,2023-01-21,ST10,CUS0179,PRD080,1,349.85,175.08,174.77,Online
SAL00834,2024-07-01,ST08,CUS0340,PRD013,2,1087.14,616.4,470.74,Mobile App
SAL00835,2024-01-09,ST12,CUS0295,PRD052,3,990.18,522.96,467.22,Retail Store
SAL00836,2022-11-12,ST02,CUS0354,PRD001,1,333.73,221.71,112.02,Retail Store
SAL00837,2022-10-09,ST06,CUS0193,PRD060,1,362.14,165.18,196.96,Online
SAL00838,2025-05-31,ST09,CUS0159,PRD038,2,533.4,379.5,153.9,Mobile App
SAL00839,2024-04-07,ST08,CUS0262,PRD028,2,426.66,281.2,145.46,Mobile App
SAL00840,2025-06-03,ST05,CUS0161,PRD010,1,317.35,190.06,127.29,Mobile App
SAL00841,2023-09-10,ST02,CUS0317,PRD056,1,413.05,269.62,143.43,Marketplace
SAL00842,2023-10-02,ST12,CUS0367,PRD008,3,769.2,392.04,377.16,Marketplace
SAL00843,2024-08-23,ST08,CUS0069,PRD002,1,206.22,140.36,65.86,Online
SAL00844,2022-12-03,ST01,CUS0131,PRD005,3,216.63,125.25,91.38,Online
SAL00845,2023-07-22,ST09,CUS0005,PRD067,3,1484.52,790.8,693.72,Mobile App
SAL00846,2022-10-16,ST02,CUS0329,PRD073,2,1057.92,620.8,437.12,Online
SAL00847,2023-08-04,ST07,CUS0058,PRD022,2,359.8,179.56,180.24,Retail Store
SAL00848,2024-09-04,ST12,CUS0308,PRD048,2,438.16,296.72,141.44,Online
SAL00849,2025-03-16,ST02,CUS0358,PRD034,1,140.86,103.0,37.86,Online
SAL00850,2024-01-14,ST12,CUS0350,PRD018,2,1095.3,624.7,470.6,Online
SAL00851,2023-01-24,ST03,CUS0197,PRD058,4,1806.16,1202.32,603.84,Online
SAL00852,2023-09-26,ST02,CUS0084,PRD006,1,156.27,73.42,82.85,Retail Store
SAL00853,2023-03-13,ST08,CUS0224,PRD013,1,514.96,308.2,206.76,Mobile App
SAL00854,2025-07-14,ST09,CUS0085,PRD038,2,533.4,379.5,153.9,Online
SAL00855,2024-06-12,ST11,CUS0253,PRD050,3,381.33,229.92,151.41,Retail Store
SAL00856,2023-07-18,ST08,CUS0206,PRD011,1,375.64,195.47,180.17,Retail Store
SAL00857,2024-10-24,ST08,CUS0222,PRD015,1,481.18,270.29,210.89,Marketplace
SAL00858,2024-02-10,ST01,CUS0307,PRD018,2,1095.3,624.7,470.6,Mobile App
SAL00859,2022-07-23,ST04,CUS0171,PRD013,2,1029.92,616.4,413.52,Marketplace
SAL00860,2024-05-13,ST03,CUS0387,PRD033,2,677.03,472.34,204.69,Marketplace
SAL00861,2025-07-10,ST01,CUS0400,PRD030,1,255.97,143.34,112.63,Online
SAL00862,2022-09-05,ST10,CUS0315,PRD006,1,156.27,73.42,82.85,Retail Store
SAL00863,2023-08-25,ST06,CUS0352,PRD062,1,400.07,264.27,135.8,Retail Store
SAL00864,2023-01-06,ST01,CUS0345,PRD037,1,194.23,94.84,99.39,Online
SAL00865,2025-06-20,ST09,CUS0312,PRD010,1,334.05,190.06,143.99,Retail Store
SAL00866,2024-02-16,ST06,CUS0341,PRD008,1,284.89,130.68,154.21,Marketplace
SAL00867,2022-07-06,ST01,CUS0164,PRD042,1,558.0,339.41,218.59,Mobile App
SAL00868,2023-09-07,ST03,CUS0164,PRD065,1,234.9,157.21,77.69,Mobile App
SAL00869,2022-08-01,ST08,CUS0251,PRD053,2,1073.74,562.6,511.14,Online
SAL00870,2025-04-15,ST05,CUS0259,PRD064,1,161.6,103.2,58.4,Marketplace
SAL00871,2024-03-26,ST01,CUS0252,PRD079,4,424.12,258.32,165.8,Online
SAL00872,2025-02-22,ST08,CUS0334,PRD004,3,1544.56,875.34,669.22,Mobile App
SAL00873,2025-06-11,ST06,CUS0021,PRD038,2,480.06,379.5,100.56,Online
SAL00874,2023-01-29,ST12,CUS0168,PRD042,1,620.0,339.41,280.59,Retail Store
SAL00875,2024-05-30,ST08,CUS0084,PRD064,2,340.22,206.4,133.82,Marketplace
SAL00876,2023-01-21,ST04,CUS0227,PRD077,1,343.3,182.73,160.57,Online
SAL00877,2023-03-03,ST02,CUS0014,PRD073,1,476.06,310.4,165.66,Online
SAL00878,2023-07-24,ST06,CUS0006,PRD017,2,160.28,82.68,77.6,Retail Store
SAL00879,2025-03-08,ST04,CUS0033,PRD021,1,165.14,117.72,47.42,Retail Store
SAL00880,2025-04-23,ST07,CUS0101,PRD055,1,329.93,188.75,141.18,Retail Store
SAL00881,2024-05-06,ST10,CUS0317,PRD010,2,668.1,380.12,287.98,Mobile App
SAL00882,2024-04-07,ST05,CUS0092,PRD004,1,541.95,291.78,250.17,Marketplace
SAL00883,2025-03-30,ST02,CUS0033,PRD041,3,564.67,311.88,252.79,Mobile App
SAL00884,2024-09-03,ST12,CUS0040,PRD061,1,351.38,170.32,181.06,Marketplace
SAL00885,2025-03-17,ST07,CUS0343,PRD007,2,769.74,435.5,334.24,Mobile App
SAL00886,2023-01-16,ST07,CUS0291,PRD057,1,397.71,203.53,194.18,Marketplace
SAL00887,2022-12-15,ST11,CUS0323,PRD025,1,227.74,144.31,83.43,Online
SAL00888,2025-01-08,ST08,CUS0029,PRD033,1,320.7,236.17,84.53,Retail Store
SAL00889,2022-08-04,ST05,CUS0325,PRD040,1,135.92,93.59,42.33,Retail Store
SAL00890,2022-08-13,ST11,CUS0278,PRD032,1,574.49,322.6,251.89,Retail Store
SAL00891,2024-02-26,ST02,CUS0032,PRD074,1,167.6,99.72,67.88,Mobile App
SAL00892,2025-06-13,ST07,CUS0358,PRD043,2,524.38,327.0,197.38,Marketplace
SAL00893,2025-05-25,ST07,CUS0225,PRD060,1,362.14,165.18,196.96,Mobile App
SAL00894,2024-12-25,ST10,CUS0138,PRD017,2,152.27,82.68,69.59,Retail Store
SAL00895,2023-06-16,ST01,CUS0248,PRD013,4,2059.85,1232.8,827.05,Online
SAL00896,2023-05-25,ST07,CUS0231,PRD013,1,572.18,308.2,263.98,Mobile App
SAL00897,2023-07-29,ST08,CUS0248,PRD010,2,668.1,380.12,287.98,Online
SAL00898,2023-01-20,ST04,CUS0341,PRD020,2,643.86,407.08,236.78,Retail Store
SAL00899,2024-02-04,ST06,CUS0361,PRD033,1,356.33,236.17,120.16,Mobile App
SAL00900,2025-04-09,ST03,CUS0259,PRD058,1,428.96,300.58,128.38,Marketplace
SAL00901,2024-01-12,ST04,CUS0166,PRD018,1,547.65,312.35,235.3,Retail Store
SAL00902,2024-05-10,ST11,CUS0181,PRD080,1,314.87,175.08,139.79,Online
SAL00903,2025-07-28,ST09,CUS0138,PRD069,2,694.03,445.28,248.75,Marketplace
SAL00904,2025-05-01,ST12,CUS0185,PRD031,2,807.12,453.82,353.3,Marketplace
SAL00905,2025-05-21,ST03,CUS0235,PRD023,1,147.79,86.92,60.87,Online
SAL00906,2025-05-11,ST12,CUS0322,PRD028,2,426.66,281.2,145.46,Marketplace
SAL00907,2024-03-09,ST12,CUS0084,PRD003,1,518.56,281.75,236.81,Retail Store
SAL00908,2023-09-11,ST10,CUS0125,PRD079,1,95.43,64.58,30.85,Marketplace
SAL00909,2023-11-17,ST12,CUS0101,PRD055,1,329.93,188.75,141.18,Mobile App
SAL00910,2022-11-09,ST09,CUS0147,PRD050,1,127.11,76.64,50.47,Mobile App
SAL00911,2024-03-16,ST08,CUS0347,PRD018,2,1095.3,624.7,470.6,Online
SAL00912,2023-07-16,ST07,CUS0371,PRD041,2,396.26,207.92,188.34,Online
SAL00913,2023-08-16,ST02,CUS0309,PRD031,1,403.56,226.91,176.65,Marketplace
SAL00914,2023-03-27,ST03,CUS0208,PRD059,1,310.62,162.6,148.02,Marketplace
SAL00915,2025-01-06,ST04,CUS0171,PRD032,2,1276.64,645.2,631.44,Mobile App
SAL00916,2023-01-29,ST11,CUS0200,PRD001,1,370.81,221.71,149.1,Retail Store
SAL00917,2023-09-29,ST07,CUS0211,PRD014,1,195.85,104.45,91.4,Online
SAL00918,2023-08-08,ST01,CUS0400,PRD035,1,480.24,270.97,209.27,Mobile App
SAL00919,2025-04-28,ST06,CUS0048,PRD018,1,520.27,312.35,207.92,Online
SAL00920,2025-05-03,ST06,CUS0353,PRD033,2,712.66,472.34,240.32,Marketplace
SAL00921,2024-12-30,ST03,CUS0206,PRD028,1,192.0,140.6,51.4,Marketplace
SAL00922,2025-04-20,ST04,CUS0112,PRD024,4,316.72,164.04,152.68,Marketplace
SAL00923,2024-09-04,ST05,CUS0146,PRD005,1,72.21,41.75,30.46,Mobile App
SAL00924,2025-01-30,ST02,CUS0367,PRD047,2,702.22,429.06,273.16,Online
SAL00925,2022-10-20,ST03,CUS0149,PRD035,1,480.24,270.97,209.27,Retail Store
SAL00926,2024-02-06,ST06,CUS0240,PRD014,1,195.85,104.45,91.4,Mobile App
SAL00927,2024-07-17,ST06,CUS0291,PRD038,1,253.36,189.75,63.61,Mobile App
SAL00928,2023-06-26,ST02,CUS0392,PRD022,1,161.91,89.78,72.13,Mobile App
SAL00929,2024-02-14,ST05,CUS0321,PRD023,1,156.0,86.92,69.08,Online
SAL00930,2024-04-08,ST06,CUS0057,PRD065,1,261.0,157.21,103.79,Online
SAL00931,2024-02-19,ST02,CUS0057,PRD080,1,332.36,175.08,157.28,Mobile App
SAL00932,2023-09-17,ST10,CUS0329,PRD063,1,314.78,149.01,165.77,Mobile App
SAL00933,2024-03-07,ST03,CUS0148,PRD050,2,228.8,153.28,75.52,Marketplace
SAL00934,2023-02-12,ST08,CUS0130,PRD023,1,164.21,86.92,77.29,Mobile App
SAL00935,2023-06-26,ST10,CUS0334,PRD028,2,383.99,281.2,102.79,Marketplace
SAL00936,2023-11-17,ST11,CUS0392,PRD048,1,197.17,148.36,48.81,Retail Store
SAL00937,2023-02-08,ST01,CUS0123,PRD047,1,351.11,214.53,136.58,Marketplace
SAL00938,2025-05-29,ST05,CUS0062,PRD041,3,594.39,311.88,282.51,Retail Store
SAL00939,2023-10-24,ST05,CUS0113,PRD068,2,644.86,482.86,162.0,Online
SAL00940,2023-11-02,ST06,CUS0025,PRD031,2,851.96,453.82,398.14,Online
SAL00941,2022-10-01,ST12,CUS0167,PRD034,2,313.02,206.0,107.02,Retail Store
SAL00942,2022-07-27,ST09,CUS0371,PRD004,2,1083.9,583.56,500.34,Online
SAL00943,2022-10-26,ST05,CUS0208,PRD033,2,712.66,472.34,240.32,Marketplace
SAL00944,2024-03-23,ST11,CUS0328,PRD069,2,732.58,445.28,287.3,Online
SAL00945,2024-05-17,ST12,CUS0106,PRD040,1,151.02,93.59,57.43,Retail Store
SAL00946,2023-06-10,ST07,CUS0324,PRD035,3,1440.72,812.91,627.81,Marketplace
SAL00947,2025-07-22,ST12,CUS0378,PRD054,3,171.99,101.07,70.92,Marketplace
SAL00948,2024-11-14,ST01,CUS0372,PRD015,2,1015.82,540.58,475.24,Marketplace
SAL00949,2024-11-14,ST08,CUS0384,PRD032,2,1276.64,645.2,631.44,Retail Store
SAL00950,2024-08-25,ST09,CUS0033,PRD019,1,264.99,189.52,75.47,Retail Store
SAL00951,2024-02-15,ST01,CUS0174,PRD050,1,120.75,76.64,44.11,Retail Store
SAL00952,2022-08-16,ST02,CUS0225,PRD035,1,480.24,270.97,209.27,Retail Store
SAL00953,2025-06-01,ST03,CUS0056,PRD014,3,587.55,313.35,274.2,Retail Store
SAL00954,2023-06-11,ST04,CUS0373,PRD018,2,1095.3,624.7,470.6,Marketplace
SAL00955,2024-04-22,ST05,CUS0001,PRD006,1,156.27,73.42,82.85,Online
SAL00956,2025-04-09,ST09,CUS0085,PRD062,2,720.13,528.54,191.59,Marketplace
SAL00957,2024-03-03,ST11,CUS0117,PRD066,1,479.94,293.37,186.57,Retail Store
SAL00958,2024-06-21,ST09,CUS0031,PRD023,1,156.0,86.92,69.08,Retail Store
SAL00959,2024-10-10,ST12,CUS0383,PRD034,1,140.86,103.0,37.86,Mobile App
SAL00960,2024-02-22,ST01,CUS0191,PRD019,1,264.99,189.52,75.47,Marketplace
SAL00961,2022-08-23,ST10,CUS0317,PRD049,2,873.62,519.3,354.32,Mobile App
SAL00962,2023-06-07,ST01,CUS0017,PRD021,1,165.14,117.72,47.42,Mobile App
SAL00963,2023-01-28,ST05,CUS0143,PRD011,5,2086.9,977.35,1109.55,Mobile App
SAL00964,2025-06-20,ST11,CUS0008,PRD051,1,131.88,72.37,59.51,Online
SAL00965,2022-08-29,ST04,CUS0087,PRD063,4,1133.21,596.04,537.17,Marketplace
SAL00966,2025-01-15,ST06,CUS0368,PRD009,1,35.77,20.42,15.35,Mobile App
SAL00967,2025-03-10,ST12,CUS0266,PRD022,3,539.7,269.34,270.36,Mobile App
SAL00968,2024-10-09,ST11,CUS0166,PRD059,3,885.27,487.8,397.47,Marketplace
SAL00969,2024-02-11,ST08,CUS0386,PRD028,2,383.99,281.2,102.79,Online
SAL00970,2023-01-17,ST01,CUS0118,PRD076,2,264.4,162.4,102.0,Mobile App
SAL00971,2023-08-22,ST10,CUS0245,PRD064,3,484.81,309.6,175.21,Online
SAL00972,2024-08-26,ST07,CUS0228,PRD050,2,254.22,153.28,100.94,Marketplace
SAL00973,2025-04-21,ST11,CUS0369,PRD040,3,453.06,280.77,172.29,Retail Store
SAL00974,2022-10-20,ST04,CUS0301,PRD048,1,197.17,148.36,48.81,Mobile App
SAL00975,2025-06-04,ST06,CUS0053,PRD069,2,771.14,445.28,325.86,Mobile App
SAL00976,2025-03-31,ST01,CUS0292,PRD030,3,767.91,430.02,337.89,Mobile App
SAL00977,2024-09-10,ST01,CUS0380,PRD056,1,413.05,269.62,143.43,Mobile App
SAL00978,2022-09-21,ST07,CUS0324,PRD071,1,52.52,40.95,11.57,Marketplace
SAL00979,2023-02-15,ST01,CUS0367,PRD055,3,989.79,566.25,423.54,Marketplace
SAL00980,2023-02-18,ST05,CUS0183,PRD028,1,202.66,140.6,62.06,Marketplace
SAL00981,2024-06-21,ST06,CUS0249,PRD003,2,1037.12,563.5,473.62,Online
SAL00982,2022-07-18,ST02,CUS0030,PRD012,4,1625.98,1179.76,446.22,Mobile App
SAL00983,2025-05-04,ST03,CUS0200,PRD017,2,160.28,82.68,77.6,Marketplace
SAL00984,2023-02-17,ST05,CUS0336,PRD040,2,302.04,187.18,114.86,Retail Store
SAL00985,2024-08-15,ST06,CUS0143,PRD017,1,72.13,41.34,30.79,Mobile App
SAL00986,2025-05-06,ST06,CUS0257,PRD008,1,256.4,130.68,125.72,Online
SAL00987,2022-07-06,ST06,CUS0208,PRD042,1,620.0,339.41,280.59,Mobile App
SAL00988,2023-03-28,ST11,CUS0142,PRD021,1,165.14,117.72,47.42,Marketplace
SAL00989,2025-01-02,ST12,CUS0392,PRD059,3,838.67,487.8,350.87,Mobile App
SAL00990,2025-01-22,ST12,CUS0229,PRD005,3,205.8,125.25,80.55,Mobile App
SAL00991,2025-07-13,ST04,CUS0235,PRD042,1,589.0,339.41,249.59,Mobile App
SAL00992,2025-07-16,ST12,CUS0384,PRD072,1,551.52,285.8,265.72,Online
SAL00993,2025-01-16,ST03,CUS0039,PRD043,2,551.98,327.0,224.98,Mobile App
SAL00994,2023-08-23,ST07,CUS0149,PRD071,3,166.33,122.85,43.48,Retail Store
SAL00995,2025-01-29,ST08,CUS0338,PRD011,4,1669.52,781.88,887.64,Online
SAL00996,2022-08-20,ST10,CUS0246,PRD021,1,165.14,117.72,47.42,Mobile App
SAL00997,2022-12-07,ST07,CUS0352,PRD073,1,528.96,310.4,218.56,Online
SAL00998,2023-04-04,ST07,CUS0320,PRD027,3,1648.47,873.75,774.72,Mobile App
SAL00999,2024-07-22,ST10,CUS0289,PRD075,2,1013.42,512.9,500.52,Online
SAL01000,2025-03-20,ST11,CUS0115,PRD008,1,256.4,130.68,125.72,Mobile App
SAL01001,2023-10-20,ST08,CUS0020,PRD035,1,480.24,270.97,209.27,Retail Store
SAL01002,2024-04-03,ST02,CUS0135,PRD072,1,551.52,285.8,265.72,Retail Store
SAL01003,2025-02-27,ST03,CUS0145,PRD017,2,152.27,82.68,69.59,Mobile App
SAL01004,2024-06-05,ST04,CUS0164,PRD061,1,316.24,170.32,145.92,Mobile App
SAL01005,2023-02-16,ST04,CUS0363,PRD009,1,35.77,20.42,15.35,Marketplace
SAL01006,2025-03-16,ST04,CUS0362,PRD049,1,459.8,259.65,200.15,Online
SAL01007,2024-10-07,ST07,CUS0146,PRD079,2,212.06,129.16,82.9,Mobile App
SAL01008,2023-05-03,ST07,CUS0371,PRD017,1,80.14,41.34,38.8,Retail Store
SAL01009,2024-08-16,ST09,CUS0031,PRD035,1,480.24,270.97,209.27,Online
SAL01010,2023-10-12,ST04,CUS0204,PRD003,1,518.56,281.75,236.81,Mobile App
SAL01011,2023-10-09,ST02,CUS0040,PRD053,1,483.18,281.3,201.88,Marketplace
SAL01012,2023-05-10,ST04,CUS0254,PRD068,2,644.86,482.86,162.0,Online
SAL01013,2025-04-10,ST11,CUS0092,PRD067,2,940.2,527.2,413.0,Mobile App
SAL01014,2025-01-05,ST11,CUS0097,PRD078,5,1766.45,866.95,899.5,Retail Store
SAL01015,2024-01-01,ST12,CUS0053,PRD037,1,174.81,94.84,79.97,Retail Store
SAL01016,2024-05-06,ST07,CUS0044,PRD062,1,400.07,264.27,135.8,Online
SAL01017,2024-06-05,ST11,CUS0378,PRD026,2,1056.7,480.48,576.22,Retail Store
SAL01018,2023-09-19,ST05,CUS0192,PRD065,2,522.0,314.42,207.58,Retail Store
SAL01019,2024-08-22,ST05,CUS0333,PRD068,1,339.4,241.43,97.97,Marketplace
SAL01020,2023-11-18,ST11,CUS0028,PRD056,2,826.1,539.24,286.86,Retail Store
SAL01021,2024-07-16,ST02,CUS0102,PRD078,1,353.29,173.39,179.9,Marketplace
SAL01022,2023-03-09,ST01,CUS0277,PRD071,2,116.72,81.9,34.82,Retail Store
SAL01023,2024-06-17,ST04,CUS0298,PRD005,1,68.6,41.75,26.85,Marketplace
SAL01024,2022-11-07,ST08,CUS0256,PRD053,3,1530.08,843.9,686.18,Marketplace
SAL01025,2025-04-11,ST06,CUS0214,PRD031,1,425.98,226.91,199.07,Marketplace
SAL01026,2024-01-02,ST06,CUS0183,PRD040,1,151.02,93.59,57.43,Mobile App
SAL01027,2023-01-23,ST04,CUS0030,PRD080,1,349.85,175.08,174.77,Retail Store
SAL01028,2023-07-04,ST12,CUS0170,PRD079,3,318.09,193.74,124.35,Online
SAL01029,2025-05-28,ST12,CUS0396,PRD046,1,490.11,263.91,226.2,Retail Store
SAL01030,2023-04-15,ST07,CUS0072,PRD007,3,1039.15,653.25,385.9,Online
SAL01031,2024-08-05,ST06,CUS0162,PRD074,3,502.8,299.16,203.64,Online
SAL01032,2025-05-13,ST10,CUS0276,PRD007,1,384.87,217.75,167.12,Online
SAL01033,2023-09-22,ST11,CUS0097,PRD032,2,1276.64,645.2,631.44,Online
SAL01034,2024-02-24,ST12,CUS0348,PRD047,1,351.11,214.53,136.58,Mobile App
SAL01035,2023-05-17,ST06,CUS0162,PRD067,1,494.84,263.6,231.24,Marketplace
SAL01036,2024-04-02,ST07,CUS0074,PRD003,1,518.56,281.75,236.81,Retail Store
SAL01037,2022-10-31,ST07,CUS0071,PRD056,2,826.1,539.24,286.86,Marketplace
SAL01038,2022-11-12,ST12,CUS0145,PRD057,3,1325.7,610.59,715.11,Mobile App
SAL01039,2025-01-12,ST05,CUS0383,PRD016,1,337.8,178.49,159.31,Marketplace
SAL01040,2025-03-22,ST02,CUS0081,PRD056,1,392.4,269.62,122.78,Mobile App
SAL01041,2025-06-04,ST12,CUS0126,PRD072,1,551.52,285.8,265.72,Online
SAL01042,2024-03-16,ST10,CUS0357,PRD059,1,295.09,162.6,132.49,Online
SAL01043,2024-01-12,ST10,CUS0090,PRD007,2,769.74,435.5,334.24,Retail Store
SAL01044,2022-11-21,ST06,CUS0291,PRD056,1,392.4,269.62,122.78,Online
SAL01045,2025-07-25,ST11,CUS0086,PRD045,4,1428.44,713.44,715.0,Online
SAL01046,2023-12-11,ST06,CUS0380,PRD030,1,230.37,143.34,87.03,Online
SAL01047,2022-11-01,ST02,CUS0237,PRD059,1,310.62,162.6,148.02,Mobile App
SAL01048,2023-03-15,ST09,CUS0093,PRD070,2,936.26,600.66,335.6,Retail Store
SAL01049,2025-01-24,ST12,CUS0343,PRD076,7,832.86,568.4,264.46,Mobile App
SAL01050,2023-01-24,ST02,CUS0184,PRD078,1,335.63,173.39,162.24,Mobile App
SAL01051,2024-11-05,ST02,CUS0299,PRD080,1,314.87,175.08,139.79,Mobile App
SAL01052,2024-12-25,ST11,CUS0202,PRD041,1,198.13,103.96,94.17,Mobile App
SAL01053,2023-03-30,ST06,CUS0129,PRD056,1,413.05,269.62,143.43,Online
SAL01054,2024-05-23,ST01,CUS0004,PRD075,2,1013.42,512.9,500.52,Retail Store
SAL01055,2023-11-06,ST05,CUS0087,PRD048,1,219.08,148.36,70.72,Marketplace
SAL01056,2022-12-08,ST06,CUS0276,PRD064,5,850.55,516.0,334.55,Mobile App
SAL01057,2024-05-03,ST02,CUS0005,PRD064,2,306.2,206.4,99.8,Marketplace
SAL01058,2022-08-16,ST11,CUS0307,PRD063,2,629.56,298.02,331.54,Retail Store
SAL01059,2025-05-17,ST05,CUS0351,PRD016,3,962.73,535.47,427.26,Marketplace
SAL01060,2024-11-10,ST10,CUS0384,PRD006,5,781.35,367.1,414.25,Marketplace
SAL01061,2023-01-29,ST11,CUS0074,PRD063,1,314.78,149.01,165.77,Retail Store
SAL01062,2023-02-22,ST12,CUS0258,PRD017,2,160.28,82.68,77.6,Retail Store
SAL01063,2023-06-23,ST02,CUS0342,PRD040,2,286.94,187.18,99.76,Marketplace
SAL01064,2024-04-01,ST08,CUS0326,PRD005,1,72.21,41.75,30.46,Mobile App
SAL01065,2025-06-03,ST11,CUS0022,PRD055,1,366.59,188.75,177.84,Retail Store
SAL01066,2023-07-20,ST04,CUS0051,PRD053,2,1073.74,562.6,511.14,Retail Store
SAL01067,2025-06-05,ST10,CUS0301,PRD063,1,314.78,149.01,165.77,Retail Store
SAL01068,2025-05-03,ST06,CUS0138,PRD050,1,120.75,76.64,44.11,Mobile App
SAL01069,2023-07-30,ST06,CUS0250,PRD023,1,164.21,86.92,77.29,Online
SAL01070,2023-02-11,ST11,CUS0365,PRD065,1,261.0,157.21,103.79,Online
SAL01071,2024-06-25,ST07,CUS0387,PRD072,1,523.94,285.8,238.14,Mobile App
SAL01072,2023-09-14,ST11,CUS0182,PRD012,2,903.32,589.88,313.44,Marketplace
SAL01073,2022-12-20,ST09,CUS0267,PRD051,1,138.82,72.37,66.45,Mobile App
SAL01074,2023-05-25,ST08,CUS0381,PRD046,2,980.22,527.82,452.4,Mobile App
SAL01075,2022-09-10,ST11,CUS0213,PRD047,1,333.55,214.53,119.02,Retail Store
SAL01076,2023-01-24,ST09,CUS0213,PRD054,2,114.66,67.38,47.28,Mobile App
SAL01077,2023-02-04,ST04,CUS0290,PRD006,2,296.91,146.84,150.07,Online
SAL01078,2024-07-10,ST07,CUS0129,PRD050,3,381.33,229.92,151.41,Mobile App
SAL01079,2023-11-07,ST06,CUS0190,PRD073,1,528.96,310.4,218.56,Marketplace
SAL01080,2025-03-08,ST04,CUS0037,PRD015,2,1069.28,540.58,528.7,Mobile App
SAL01081,2022-09-17,ST03,CUS0097,PRD054,2,127.4,67.38,60.02,Mobile App
SAL01082,2023-04-03,ST09,CUS0039,PRD048,2,438.16,296.72,141.44,Mobile App
SAL01083,2024-02-16,ST07,CUS0311,PRD051,4,555.28,289.48,265.8,Online
SAL01084,2024-03-19,ST11,CUS0075,PRD011,2,793.02,390.94,402.08,Marketplace
SAL01085,2022-12-09,ST12,CUS0286,PRD040,1,143.47,93.59,49.88,Marketplace
SAL01086,2025-06-20,ST09,CUS0156,PRD071,2,110.88,81.9,28.98,Marketplace
SAL01087,2022-09-02,ST10,CUS0044,PRD026,1,501.93,240.24,261.69,Online
SAL01088,2024-08-10,ST03,CUS0178,PRD008,2,541.29,261.36,279.93,Retail Store
SAL01089,2023-10-05,ST04,CUS0363,PRD034,1,148.68,103.0,45.68,Online
SAL01090,2024-02-22,ST06,CUS0391,PRD024,1,71.26,41.01,30.25,Retail Store
SAL01091,2024-05-27,ST03,CUS0129,PRD055,1,366.59,188.75,177.84,Retail Store
SAL01092,2023-01-08,ST08,CUS0069,PRD016,1,337.8,178.49,159.31,Marketplace
SAL01093,2025-05-16,ST01,CUS0368,PRD076,3,396.6,243.6,153.0,Marketplace
SAL01094,2023-08-22,ST02,CUS0105,PRD050,4,457.6,306.56,151.04,Retail Store
SAL01095,2022-12-09,ST07,CUS0258,PRD074,1,167.6,99.72,67.88,Marketplace
SAL01096,2022-10-25,ST06,CUS0269,PRD003,3,1555.68,845.25,710.43,Online
SAL01097,2023-03-21,ST07,CUS0003,PRD050,1,127.11,76.64,50.47,Online
SAL01098,2023-09-03,ST07,CUS0007,PRD025,1,227.74,144.31,83.43,Mobile App
SAL01099,2024-03-25,ST04,CUS0241,PRD054,1,63.7,33.69,30.01,Marketplace
SAL01100,2025-01-02,ST07,CUS0192,PRD059,5,1397.79,813.0,584.79,Mobile App
SAL01101,2024-11-12,ST10,CUS0393,PRD022,4,647.64,359.12,288.52,Mobile App
SAL01102,2022-11-12,ST05,CUS0001,PRD009,1,39.74,20.42,19.32,Retail Store
SAL01103,2023-03-10,ST03,CUS0382,PRD028,1,202.66,140.6,62.06,Online
SAL01104,2024-06-07,ST03,CUS0112,PRD003,3,1555.68,845.25,710.43,Online
SAL01105,2024-03-26,ST12,CUS0156,PRD057,1,419.8,203.53,216.27,Online
SAL01106,2022-09-22,ST11,CUS0066,PRD042,1,620.0,339.41,280.59,Mobile App
SAL01107,2024-06-30,ST02,CUS0042,PRD053,1,483.18,281.3,201.88,Online
SAL01108,2025-04-21,ST09,CUS0125,PRD002,3,618.66,421.08,197.58,Marketplace
SAL01109,2025-05-21,ST09,CUS0169,PRD075,1,481.37,256.45,224.92,Online
SAL01110,2024-06-26,ST06,CUS0288,PRD009,2,79.48,40.84,38.64,Retail Store
SAL01111,2023-05-15,ST11,CUS0049,PRD014,1,195.85,104.45,91.4,Retail Store
SAL01112,2024-05-24,ST10,CUS0249,PRD060,1,362.14,165.18,196.96,Online
SAL01113,2023-11-19,ST07,CUS0218,PRD051,2,263.76,144.74,119.02,Online
SAL01114,2024-10-20,ST12,CUS0334,PRD051,1,124.94,72.37,52.57,Mobile App
SAL01115,2024-08-07,ST09,CUS0090,PRD062,1,400.07,264.27,135.8,Online
SAL01116,2024-05-20,ST06,CUS0213,PRD021,2,297.25,235.44,61.81,Mobile App
SAL01117,2023-07-24,ST04,CUS0006,PRD044,2,1100.84,681.42,419.42,Marketplace
SAL01118,2025-07-17,ST12,CUS0026,PRD079,2,212.06,129.16,82.9,Mobile App
SAL01119,2023-11-25,ST08,CUS0116,PRD004,3,1625.85,875.34,750.51,Online
SAL01120,2025-05-01,ST12,CUS0325,PRD045,1,357.11,178.36,178.75,Retail Store
SAL01121,2022-12-20,ST12,CUS0080,PRD026,1,528.35,240.24,288.11,Mobile App
SAL01122,2024-02-25,ST08,CUS0353,PRD017,3,240.42,124.02,116.4,Marketplace
SAL01123,2023-08-10,ST10,CUS0051,PRD058,1,451.54,300.58,150.96,Retail Store
SAL01124,2022-12-10,ST06,CUS0028,PRD032,1,606.4,322.6,283.8,Marketplace
SAL01125,2024-06-17,ST08,CUS0032,PRD072,1,551.52,285.8,265.72,Online
SAL01126,2023-01-13,ST03,CUS0169,PRD051,2,277.64,144.74,132.9,Mobile App
SAL01127,2025-06-24,ST02,CUS0310,PRD070,1,421.32,300.33,120.99,Mobile App
SAL01128,2025-07-30,ST10,CUS0371,PRD021,1,148.63,117.72,30.91,Online
SAL01129,2025-03-20,ST03,CUS0258,PRD065,2,522.0,314.42,207.58,Retail Store
SAL01130,2023-08-19,ST05,CUS0062,PRD042,3,1674.0,1018.23,655.77,Marketplace
SAL01131,2022-07-24,ST07,CUS0255,PRD057,3,1325.7,610.59,715.11,Retail Store
SAL01132,2024-12-23,ST12,CUS0205,PRD032,1,638.32,322.6,315.72,Marketplace
SAL01133,2022-12-10,ST07,CUS0226,PRD046,2,980.22,527.82,452.4,Online
SAL01134,2023-11-30,ST03,CUS0086,PRD066,3,1367.83,880.11,487.72,Retail Store
SAL01135,2024-09-08,ST06,CUS0336,PRD073,3,1586.88,931.2,655.68,Retail Store
SAL01136,2024-03-01,ST05,CUS0289,PRD017,1,72.13,41.34,30.79,Mobile App
SAL01137,2023-03-13,ST05,CUS0399,PRD075,3,1520.13,769.35,750.78,Mobile App
SAL01138,2023-09-26,ST08,CUS0235,PRD041,1,188.22,103.96,84.26,Marketplace
SAL01139,2025-01-31,ST04,CUS0370,PRD010,1,300.65,190.06,110.59,Marketplace
SAL01140,2023-08-02,ST06,CUS0321,PRD044,1,550.42,340.71,209.71,Retail Store
SAL01141,2025-05-26,ST12,CUS0047,PRD075,3,1520.13,769.35,750.78,Mobile App
SAL01142,2023-10-18,ST08,CUS0382,PRD052,1,297.05,174.32,122.73,Online
SAL01143,2023-10-14,ST10,CUS0107,PRD019,1,278.94,189.52,89.42,Online
SAL01144,2024-10-03,ST02,CUS0008,PRD050,1,114.4,76.64,37.76,Mobile App
SAL01145,2023-11-12,ST11,CUS0079,PRD012,2,858.15,589.88,268.27,Retail Store
SAL01146,2023-09-11,ST02,CUS0197,PRD054,1,57.33,33.69,23.64,Mobile App
SAL01147,2023-08-14,ST01,CUS0210,PRD030,1,230.37,143.34,87.03,Marketplace
SAL01148,2023-07-03,ST08,CUS0022,PRD069,1,385.57,222.64,162.93,Retail Store
SAL01149,2023-09-23,ST04,CUS0015,PRD018,3,1642.95,937.05,705.9,Retail Store
SAL01150,2024-09-22,ST01,CUS0081,PRD009,1,35.77,20.42,15.35,Marketplace
SAL01151,2023-02-17,ST07,CUS0245,PRD051,1,138.82,72.37,66.45,Marketplace
SAL01152,2023-03-02,ST04,CUS0009,PRD021,2,313.77,235.44,78.33,Online
SAL01153,2023-02-01,ST05,CUS0397,PRD038,1,240.03,189.75,50.28,Online
SAL01154,2023-02-05,ST07,CUS0186,PRD049,1,436.81,259.65,177.16,Retail Store
SAL01155,2025-03-10,ST02,CUS0328,PRD059,1,279.56,162.6,116.96,Retail Store
SAL01156,2024-07-12,ST11,CUS0208,PRD045,1,357.11,178.36,178.75,Marketplace
SAL01157,2024-05-27,ST10,CUS0100,PRD037,2,369.04,189.68,179.36,Marketplace
SAL01158,2025-04-09,ST06,CUS0018,PRD062,2,800.14,528.54,271.6,Marketplace
SAL01159,2024-03-09,ST10,CUS0104,PRD058,1,451.54,300.58,150.96,Retail Store
SAL01160,2024-11-07,ST12,CUS0129,PRD051,4,499.75,289.48,210.27,Retail Store
SAL01161,2023-10-03,ST06,CUS0381,PRD076,1,132.2,81.2,51.0,Marketplace
SAL01162,2024-06-25,ST09,CUS0335,PRD071,2,110.88,81.9,28.98,Online
SAL01163,2023-02-26,ST06,CUS0387,PRD007,1,346.38,217.75,128.63,Marketplace
SAL01164,2022-12-07,ST01,CUS0064,PRD069,2,771.14,445.28,325.86,Mobile App
SAL01165,2022-10-31,ST03,CUS0049,PRD028,1,192.0,140.6,51.4,Online
SAL01166,2024-07-04,ST03,CUS0215,PRD055,3,1099.77,566.25,533.52,Mobile App
SAL01167,2023-06-04,ST09,CUS0399,PRD064,3,510.33,309.6,200.73,Retail Store
SAL01168,2025-01-23,ST09,CUS0168,PRD073,1,528.96,310.4,218.56,Mobile App
SAL01169,2024-11-19,ST05,CUS0047,PRD002,1,195.91,140.36,55.55,Retail Store
SAL01170,2024-06-02,ST08,CUS0312,PRD041,3,594.39,311.88,282.51,Retail Store
SAL01171,2022-08-27,ST10,CUS0037,PRD004,1,541.95,291.78,250.17,Retail Store
SAL01172,2023-03-02,ST09,CUS0108,PRD058,1,406.39,300.58,105.81,Mobile App
SAL01173,2024-03-13,ST08,CUS0201,PRD033,1,356.33,236.17,120.16,Mobile App
SAL01174,2022-12-24,ST04,CUS0145,PRD064,3,484.81,309.6,175.21,Online
SAL01175,2023-09-06,ST01,CUS0326,PRD074,5,754.2,498.6,255.6,Mobile App
SAL01176,2024-02-03,ST02,CUS0108,PRD014,4,705.06,417.8,287.26,Mobile App
SAL01177,2023-01-20,ST08,CUS0194,PRD074,1,167.6,99.72,67.88,Online
SAL01178,2023-11-11,ST04,CUS0056,PRD019,1,278.94,189.52,89.42,Mobile App
SAL01179,2024-08-20,ST11,CUS0065,PRD038,1,240.03,189.75,50.28,Mobile App
SAL01180,2023-09-08,ST11,CUS0184,PRD023,2,328.42,173.84,154.58,Retail Store
SAL01181,2024-07-21,ST11,CUS0299,PRD012,1,451.66,294.94,156.72,Online
SAL01182,2023-05-04,ST05,CUS0308,PRD046,1,490.11,263.91,226.2,Mobile App
SAL01183,2024-10-17,ST10,CUS0339,PRD022,1,179.9,89.78,90.12,Retail Store
SAL01184,2024-03-26,ST10,CUS0161,PRD024,1,75.22,41.01,34.21,Retail Store
SAL01185,2022-12-23,ST03,CUS0390,PRD030,3,767.91,430.02,337.89,Marketplace
SAL01186,2023-09-26,ST07,CUS0240,PRD054,1,60.52,33.69,26.83,Retail Store
SAL01187,2024-11-27,ST12,CUS0085,PRD050,1,114.4,76.64,37.76,Mobile App
SAL01188,2023-02-08,ST05,CUS0104,PRD010,1,334.05,190.06,143.99,Online
SAL01189,2023-10-07,ST08,CUS0314,PRD073,3,1428.19,931.2,496.99,Online
SAL01190,2023-12-10,ST05,CUS0237,PRD069,1,385.57,222.64,162.93,Online
SAL01191,2025-03-04,ST02,CUS0271,PRD003,1,466.7,281.75,184.95,Online
SAL01192,2022-11-25,ST03,CUS0123,PRD053,3,1449.55,843.9,605.65,Online
SAL01193,2025-05-14,ST08,CUS0351,PRD080,4,1399.4,700.32,699.08,Online
SAL01194,2023-06-22,ST07,CUS0386,PRD050,1,127.11,76.64,50.47,Online
SAL01195,2025-05-16,ST02,CUS0242,PRD001,2,741.62,443.42,298.2,Mobile App
SAL01196,2024-05-20,ST09,CUS0041,PRD072,1,551.52,285.8,265.72,Retail Store
SAL01197,2024-10-05,ST02,CUS0115,PRD029,1,199.66,117.83,81.83,Marketplace
SAL01198,2025-03-13,ST01,CUS0213,PRD066,1,479.94,293.37,186.57,Marketplace
SAL01199,2024-07-31,ST08,CUS0208,PRD058,1,428.96,300.58,128.38,Retail Store
SAL01200,2024-12-03,ST12,CUS0070,PRD076,3,356.94,243.6,113.34,Online
SAL01201,2022-10-05,ST01,CUS0117,PRD005,3,216.63,125.25,91.38,Marketplace
SAL01202,2022-07-10,ST05,CUS0225,PRD041,1,198.13,103.96,94.17,Mobile App
SAL01203,2025-02-25,ST03,CUS0320,PRD065,1,261.0,157.21,103.79,Retail Store
SAL01204,2022-08-29,ST01,CUS0214,PRD027,1,549.49,291.25,258.24,Marketplace
SAL01205,2025-02-15,ST08,CUS0272,PRD063,3,944.34,447.03,497.31,Online
SAL01206,2023-06-18,ST10,CUS0389,PRD035,2,912.46,541.94,370.52,Online
SAL01207,2025-04-11,ST06,CUS0166,PRD049,1,436.81,259.65,177.16,Retail Store
SAL01208,2023-02-14,ST05,CUS0208,PRD025,1,204.97,144.31,60.66,Marketplace
SAL01209,2022-12-17,ST12,CUS0133,PRD062,2,800.14,528.54,271.6,Retail Store
SAL01210,2023-02-25,ST04,CUS0162,PRD040,1,143.47,93.59,49.88,Mobile App
SAL01211,2025-02-01,ST08,CUS0182,PRD023,1,164.21,86.92,77.29,Mobile App
SAL01212,2023-08-13,ST03,CUS0273,PRD067,3,1484.52,790.8,693.72,Online
SAL01213,2025-04-19,ST10,CUS0336,PRD054,6,343.98,202.14,141.84,Retail Store
SAL01214,2024-04-17,ST06,CUS0267,PRD015,4,2138.56,1081.16,1057.4,Retail Store
SAL01215,2025-01-18,ST12,CUS0162,PRD015,2,1015.82,540.58,475.24,Marketplace
SAL01216,2023-12-17,ST09,CUS0119,PRD032,1,638.32,322.6,315.72,Retail Store
SAL01217,2024-08-31,ST07,CUS0236,PRD041,3,594.39,311.88,282.51,Marketplace
SAL01218,2023-05-23,ST11,CUS0019,PRD064,1,170.11,103.2,66.91,Retail Store
SAL01219,2022-10-23,ST09,CUS0385,PRD053,1,536.87,281.3,255.57,Online
SAL01220,2024-03-24,ST04,CUS0377,PRD065,1,261.0,157.21,103.79,Online
SAL01221,2025-04-10,ST06,CUS0223,PRD034,1,156.51,103.0,53.51,Online
SAL01222,2022-12-19,ST09,CUS0164,PRD063,1,299.04,149.01,150.03,Retail Store
SAL01223,2023-10-11,ST05,CUS0321,PRD032,1,638.32,322.6,315.72,Marketplace
SAL01224,2024-02-20,ST04,CUS0353,PRD026,2,1056.7,480.48,576.22,Online
SAL01225,2024-05-27,ST10,CUS0154,PRD032,4,2553.28,1290.4,1262.88,Online
SAL01226,2022-12-26,ST06,CUS0394,PRD036,4,1262.74,796.12,466.62,Retail Store
SAL01227,2024-03-13,ST06,CUS0040,PRD044,1,550.42,340.71,209.71,Marketplace
SAL01228,2023-12-11,ST03,CUS0327,PRD068,1,322.43,241.43,81.0,Online
SAL01229,2025-07-12,ST01,CUS0279,PRD069,2,771.14,445.28,325.86,Online
SAL01230,2024-08-15,ST12,CUS0347,PRD035,1,480.24,270.97,209.27,Marketplace
SAL01231,2025-04-13,ST02,CUS0194,PRD012,3,1219.48,884.82,334.66,Marketplace
SAL01232,2025-07-04,ST12,CUS0367,PRD021,1,148.63,117.72,30.91,Marketplace
SAL01233,2024-07-17,ST12,CUS0237,PRD075,1,506.71,256.45,250.26,Marketplace
SAL01234,2022-12-13,ST03,CUS0371,PRD054,1,63.7,33.69,30.01,Marketplace
SAL01235,2023-11-13,ST11,CUS0108,PRD004,2,975.51,583.56,391.95,Mobile App
SAL01236,2024-10-28,ST09,CUS0241,PRD036,2,631.37,398.06,233.31,Online
SAL01237,2022-11-30,ST02,CUS0270,PRD053,1,483.18,281.3,201.88,Online
SAL01238,2023-09-02,ST03,CUS0313,PRD016,2,675.6,356.98,318.62,Mobile App
SAL01239,2023-09-01,ST12,CUS0396,PRD012,3,1354.98,884.82,470.16,Online
SAL01240,2023-01-08,ST12,CUS0262,PRD018,1,547.65,312.35,235.3,Marketplace
SAL01241,2022-07-23,ST04,CUS0179,PRD024,2,142.52,82.02,60.5,Mobile App
SAL01242,2024-08-13,ST06,CUS0257,PRD013,1,572.18,308.2,263.98,Mobile App
SAL01243,2025-01-07,ST02,CUS0143,PRD048,1,197.17,148.36,48.81,Online
SAL01244,2025-05-14,ST09,CUS0276,PRD041,1,198.13,103.96,94.17,Retail Store
SAL01245,2024-04-19,ST01,CUS0393,PRD034,2,313.02,206.0,107.02,Online
SAL01246,2023-01-21,ST04,CUS0206,PRD045,1,357.11,178.36,178.75,Online
SAL01247,2025-04-02,ST03,CUS0259,PRD021,4,627.53,470.88,156.65,Marketplace
SAL01248,2025-06-27,ST11,CUS0168,PRD025,1,227.74,144.31,83.43,Retail Store
SAL01249,2025-05-31,ST10,CUS0229,PRD040,2,271.84,187.18,84.66,Marketplace
SAL01250,2024-03-30,ST02,CUS0227,PRD047,1,333.55,214.53,119.02,Marketplace
SAL01251,2025-03-24,ST04,CUS0048,PRD018,1,547.65,312.35,235.3,Mobile App
SAL01252,2025-07-17,ST07,CUS0269,PRD008,2,569.78,261.36,308.42,Marketplace
SAL01253,2025-03-25,ST07,CUS0161,PRD069,1,385.57,222.64,162.93,Online
SAL01254,2022-09-16,ST07,CUS0225,PRD039,3,1105.8,690.78,415.02,Online
SAL01255,2022-11-29,ST10,CUS0011,PRD027,1,578.41,291.25,287.16,Mobile App
SAL01256,2023-06-03,ST03,CUS0225,PRD070,1,421.32,300.33,120.99,Mobile App
SAL01257,2023-09-17,ST11,CUS0240,PRD051,1,138.82,72.37,66.45,Marketplace
SAL01258,2022-12-16,ST07,CUS0040,PRD027,1,578.41,291.25,287.16,Online
SAL01259,2025-07-23,ST05,CUS0284,PRD003,2,985.26,563.5,421.76,Retail Store
SAL01260,2024-12-07,ST03,CUS0241,PRD014,4,744.23,417.8,326.43,Online
SAL01261,2024-07-23,ST01,CUS0394,PRD066,1,479.94,293.37,186.57,Online
SAL01262,2025-06-17,ST10,CUS0160,PRD052,1,330.06,174.32,155.74,Mobile App
SAL01263,2023-06-27,ST10,CUS0145,PRD064,1,170.11,103.2,66.91,Retail Store
SAL01264,2024-09-09,ST05,CUS0123,PRD056,2,826.1,539.24,286.86,Retail Store
SAL01265,2025-06-03,ST01,CUS0049,PRD030,2,511.94,286.68,225.26,Marketplace
SAL01266,2022-10-02,ST07,CUS0121,PRD053,1,510.03,281.3,228.73,Online
SAL01267,2024-05-09,ST05,CUS0269,PRD019,3,836.82,568.56,268.26,Mobile App
SAL01268,2024-12-17,ST05,CUS0038,PRD040,1,151.02,93.59,57.43,Mobile App
SAL01269,2022-07-18,ST07,CUS0316,PRD059,1,310.62,162.6,148.02,Online
SAL01270,2025-03-30,ST02,CUS0181,PRD074,1,167.6,99.72,67.88,Retail Store
SAL01271,2023-10-14,ST09,CUS0160,PRD066,2,911.89,586.74,325.15,Retail Store
SAL01272,2023-01-07,ST12,CUS0196,PRD005,1,68.6,41.75,26.85,Retail Store
SAL01273,2025-02-13,ST07,CUS0094,PRD008,1,284.89,130.68,154.21,Mobile App
SAL01274,2023-02-02,ST01,CUS0303,PRD054,1,63.7,33.69,30.01,Marketplace
SAL01275,2023-05-12,ST11,CUS0314,PRD034,1,156.51,103.0,53.51,Online
SAL01276,2024-02-07,ST10,CUS0325,PRD066,1,479.94,293.37,186.57,Marketplace
SAL01277,2025-04-27,ST05,CUS0160,PRD018,3,1642.95,937.05,705.9,Retail Store
SAL01278,2024-01-03,ST11,CUS0200,PRD054,1,60.52,33.69,26.83,Mobile App
SAL01279,2025-04-15,ST04,CUS0241,PRD041,3,594.39,311.88,282.51,Retail Store
SAL01280,2022-08-28,ST01,CUS0179,PRD056,1,413.05,269.62,143.43,Mobile App
SAL01281,2023-03-26,ST09,CUS0109,PRD020,1,321.93,203.54,118.39,Online
SAL01282,2023-06-11,ST12,CUS0137,PRD045,1,357.11,178.36,178.75,Retail Store
SAL01283,2023-11-18,ST02,CUS0040,PRD059,1,310.62,162.6,148.02,Marketplace
SAL01284,2023-10-31,ST09,CUS0316,PRD022,1,179.9,89.78,90.12,Retail Store
SAL01285,2022-08-15,ST11,CUS0125,PRD022,1,179.9,89.78,90.12,Mobile App
SAL01286,2024-10-22,ST07,CUS0218,PRD004,1,514.85,291.78,223.07,Retail Store
SAL01287,2024-11-02,ST06,CUS0277,PRD033,2,712.66,472.34,240.32,Online
SAL01288,2023-11-28,ST02,CUS0398,PRD026,1,501.93,240.24,261.69,Retail Store
SAL01289,2022-09-29,ST10,CUS0234,PRD033,2,712.66,472.34,240.32,Mobile App
SAL01290,2024-03-12,ST02,CUS0377,PRD033,3,1068.99,708.51,360.48,Online
SAL01291,2022-11-25,ST10,CUS0386,PRD038,2,533.4,379.5,153.9,Online
SAL01292,2025-07-06,ST09,CUS0093,PRD001,1,333.73,221.71,112.02,Retail Store
SAL01293,2024-06-02,ST03,CUS0335,PRD046,1,490.11,263.91,226.2,Mobile App
SAL01294,2024-10-05,ST08,CUS0057,PRD018,2,1040.53,624.7,415.83,Retail Store
SAL01295,2022-07-22,ST07,CUS0081,PRD016,2,608.04,356.98,251.06,Marketplace
SAL01296,2023-09-02,ST01,CUS0172,PRD022,1,179.9,89.78,90.12,Retail Store
SAL01297,2025-04-14,ST04,CUS0378,PRD062,3,1200.21,792.81,407.4,Mobile App
SAL01298,2023-09-01,ST04,CUS0033,PRD077,1,308.97,182.73,126.24,Mobile App
SAL01299,2022-08-10,ST04,CUS0028,PRD031,1,448.4,226.91,221.49,Mobile App
SAL01300,2024-07-26,ST03,CUS0380,PRD006,1,148.46,73.42,75.04,Mobile App
SAL01301,2024-08-23,ST03,CUS0204,PRD077,3,1029.9,548.19,481.71,Online
SAL01302,2023-07-13,ST05,CUS0145,PRD065,1,261.0,157.21,103.79,Online
SAL01303,2024-12-21,ST07,CUS0329,PRD062,4,1600.28,1057.08,543.2,Mobile App
SAL01304,2025-02-16,ST10,CUS0306,PRD027,1,520.57,291.25,229.32,Mobile App
SAL01305,2024-11-29,ST09,CUS0375,PRD020,1,357.7,203.54,154.16,Retail Store
SAL01306,2023-10-02,ST01,CUS0116,PRD025,2,409.93,288.62,121.31,Marketplace
SAL01307,2023-07-21,ST05,CUS0050,PRD033,1,320.7,236.17,84.53,Marketplace
SAL01308,2025-05-27,ST10,CUS0066,PRD032,1,638.32,322.6,315.72,Mobile App
SAL01309,2024-09-17,ST01,CUS0171,PRD003,1,518.56,281.75,236.81,Marketplace
SAL01310,2024-03-13,ST10,CUS0172,PRD014,4,783.4,417.8,365.6,Mobile App
SAL01311,2024-01-02,ST03,CUS0286,PRD016,1,337.8,178.49,159.31,Marketplace
SAL01312,2023-04-27,ST02,CUS0088,PRD063,4,1259.12,596.04,663.08,Retail Store
SAL01313,2025-04-24,ST05,CUS0130,PRD062,1,400.07,264.27,135.8,Marketplace
SAL01314,2025-04-30,ST04,CUS0354,PRD074,1,150.84,99.72,51.12,Retail Store
SAL01315,2022-10-04,ST02,CUS0242,PRD010,1,317.35,190.06,127.29,Mobile App
SAL01316,2024-07-20,ST04,CUS0016,PRD002,1,206.22,140.36,65.86,Mobile App
SAL01317,2023-06-24,ST11,CUS0271,PRD051,1,124.94,72.37,52.57,Mobile App
SAL01318,2024-01-24,ST06,CUS0203,PRD068,2,644.86,482.86,162.0,Online
SAL01319,2022-11-05,ST05,CUS0151,PRD062,1,360.06,264.27,95.79,Marketplace
SAL01320,2024-12-29,ST01,CUS0194,PRD052,1,313.56,174.32,139.24,Online
SAL01321,2024-12-24,ST07,CUS0202,PRD029,2,399.32,235.66,163.66,Mobile App
SAL01322,2022-10-29,ST02,CUS0135,PRD061,1,351.38,170.32,181.06,Retail Store
SAL01323,2022-09-22,ST09,CUS0055,PRD072,1,551.52,285.8,265.72,Online
SAL01324,2023-08-25,ST10,CUS0265,PRD056,2,826.1,539.24,286.86,Online
SAL01325,2022-12-21,ST09,CUS0068,PRD046,1,441.1,263.91,177.19,Mobile App
SAL01326,2024-12-19,ST04,CUS0157,PRD001,3,1001.19,665.13,336.06,Online
SAL01327,2024-11-24,ST07,CUS0060,PRD047,1,351.11,214.53,136.58,Online
SAL01328,2025-02-27,ST12,CUS0312,PRD051,1,138.82,72.37,66.45,Marketplace
SAL01329,2022-07-11,ST03,CUS0192,PRD057,3,1259.41,610.59,648.82,Marketplace
SAL01330,2022-07-16,ST09,CUS0149,PRD072,2,1103.04,571.6,531.44,Online
SAL01331,2024-12-25,ST04,CUS0219,PRD013,4,2174.28,1232.8,941.48,Marketplace
SAL01332,2025-03-06,ST08,CUS0036,PRD067,3,1484.52,790.8,693.72,Online
SAL01333,2024-05-26,ST09,CUS0332,PRD034,2,313.02,206.0,107.02,Online
SAL01334,2022-12-23,ST08,CUS0125,PRD044,1,522.9,340.71,182.19,Mobile App
SAL01335,2024-06-05,ST09,CUS0313,PRD021,1,165.14,117.72,47.42,Online
SAL01336,2025-03-08,ST10,CUS0108,PRD002,4,824.88,561.44,263.44,Online
SAL01337,2023-12-01,ST03,CUS0188,PRD077,2,652.27,365.46,286.81,Retail Store
SAL01338,2025-03-10,ST09,CUS0335,PRD067,2,989.68,527.2,462.48,Online
SAL01339,2024-12-02,ST09,CUS0308,PRD024,2,150.44,82.02,68.42,Online
SAL01340,2022-10-28,ST01,CUS0361,PRD038,2,533.4,379.5,153.9,Retail Store
SAL01341,2022-11-15,ST10,CUS0318,PRD033,1,338.51,236.17,102.34,Mobile App
SAL01342,2024-08-31,ST05,CUS0169,PRD059,1,295.09,162.6,132.49,Online
SAL01343,2023-02-10,ST01,CUS0238,PRD058,1,451.54,300.58,150.96,Retail Store
SAL01344,2024-10-18,ST08,CUS0214,PRD074,1,150.84,99.72,51.12,Retail Store
SAL01345,2022-09-30,ST06,CUS0159,PRD078,6,2013.75,1040.34,973.41,Mobile App
SAL01346,2022-10-12,ST08,CUS0246,PRD074,1,167.6,99.72,67.88,Marketplace
SAL01347,2025-06-06,ST01,CUS0400,PRD013,3,1716.54,924.6,791.94,Mobile App
SAL01348,2022-07-05,ST08,CUS0176,PRD003,1,518.56,281.75,236.81,Marketplace
SAL01349,2024-12-08,ST10,CUS0374,PRD070,1,468.13,300.33,167.8,Retail Store
SAL01350,2023-03-20,ST01,CUS0382,PRD067,2,989.68,527.2,462.48,Retail Store
SAL01351,2022-08-26,ST07,CUS0161,PRD064,1,153.1,103.2,49.9,Mobile App
SAL01352,2022-09-28,ST08,CUS0017,PRD028,3,639.99,421.8,218.19,Retail Store
SAL01353,2023-06-26,ST09,CUS0339,PRD065,1,247.95,157.21,90.74,Marketplace
SAL01354,2024-02-17,ST12,CUS0347,PRD009,1,37.75,20.42,17.33,Retail Store
SAL01355,2023-12-19,ST09,CUS0164,PRD050,1,120.75,76.64,44.11,Online
SAL01356,2023-02-08,ST04,CUS0211,PRD030,1,255.97,143.34,112.63,Retail Store
SAL01357,2025-07-17,ST05,CUS0017,PRD016,4,1216.08,713.96,502.12,Mobile App
SAL01358,2024-05-12,ST12,CUS0285,PRD057,2,839.61,407.06,432.55,Marketplace
SAL01359,2023-01-26,ST07,CUS0075,PRD015,3,1603.92,810.87,793.05,Marketplace
SAL01360,2023-05-21,ST02,CUS0282,PRD021,1,148.63,117.72,30.91,Online
SAL01361,2024-07-31,ST03,CUS0061,PRD076,3,376.77,243.6,133.17,Mobile App
SAL01362,2025-02-28,ST10,CUS0133,PRD022,1,161.91,89.78,72.13,Retail Store
SAL01363,2022-09-07,ST01,CUS0208,PRD080,1,314.87,175.08,139.79,Mobile App
SAL01364,2023-01-25,ST12,CUS0369,PRD013,1,572.18,308.2,263.98,Mobile App
SAL01365,2022-07-08,ST08,CUS0099,PRD048,2,438.16,296.72,141.44,Retail Store
SAL01366,2023-01-15,ST08,CUS0110,PRD036,5,1578.42,995.15,583.27,Online
SAL01367,2023-02-08,ST06,CUS0272,PRD016,2,675.6,356.98,318.62,Marketplace
SAL01368,2022-12-10,ST08,CUS0012,PRD064,3,510.33,309.6,200.73,Marketplace
SAL01369,2024-03-02,ST05,CUS0131,PRD080,3,944.6,525.24,419.36,Retail Store
SAL01370,2025-06-30,ST05,CUS0384,PRD035,1,480.24,270.97,209.27,Retail Store
SAL01371,2024-08-27,ST12,CUS0383,PRD008,2,569.78,261.36,308.42,Retail Store
SAL01372,2024-08-30,ST07,CUS0190,PRD057,3,1325.7,610.59,715.11,Online
SAL01373,2022-09-24,ST02,CUS0397,PRD031,2,896.8,453.82,442.98,Marketplace
SAL01374,2023-01-27,ST01,CUS0398,PRD040,1,143.47,93.59,49.88,Marketplace
SAL01375,2023-06-27,ST07,CUS0300,PRD021,1,148.63,117.72,30.91,Online
SAL01376,2025-07-21,ST09,CUS0376,PRD023,2,295.58,173.84,121.74,Mobile App
SAL01377,2022-12-30,ST08,CUS0079,PRD040,1,151.02,93.59,57.43,Mobile App
SAL01378,2024-06-15,ST12,CUS0302,PRD034,1,148.68,103.0,45.68,Online
SAL01379,2024-04-27,ST11,CUS0059,PRD048,1,197.17,148.36,48.81,Marketplace
SAL01380,2024-05-08,ST07,CUS0211,PRD025,1,227.74,144.31,83.43,Mobile App
SAL01381,2024-01-22,ST06,CUS0376,PRD058,2,812.77,601.16,211.61,Marketplace
SAL01382,2023-05-18,ST11,CUS0360,PRD072,3,1654.56,857.4,797.16,Marketplace
SAL01383,2023-10-24,ST12,CUS0031,PRD009,4,158.96,81.68,77.28,Online
SAL01384,2025-01-14,ST12,CUS0382,PRD076,3,396.6,243.6,153.0,Mobile App
SAL01385,2024-10-06,ST07,CUS0029,PRD076,1,125.59,81.2,44.39,Marketplace
SAL01386,2024-02-18,ST06,CUS0286,PRD016,2,675.6,356.98,318.62,Marketplace
SAL01387,2024-07-07,ST11,CUS0394,PRD001,2,741.62,443.42,298.2,Marketplace
SAL01388,2025-06-25,ST12,CUS0115,PRD038,3,800.1,569.25,230.85,Mobile App
SAL01389,2023-04-10,ST06,CUS0081,PRD008,1,270.65,130.68,139.97,Retail Store
SAL01390,2024-10-27,ST02,CUS0151,PRD006,1,156.27,73.42,82.85,Retail Store
SAL01391,2022-09-11,ST07,CUS0350,PRD053,1,510.03,281.3,228.73,Marketplace
SAL01392,2022-09-09,ST08,CUS0076,PRD046,1,490.11,263.91,226.2,Marketplace
SAL01393,2023-07-23,ST08,CUS0080,PRD015,2,962.35,540.58,421.77,Marketplace
SAL01394,2024-10-03,ST07,CUS0225,PRD014,2,391.7,208.9,182.8,Mobile App
SAL01395,2024-05-28,ST05,CUS0211,PRD002,1,206.22,140.36,65.86,Marketplace
SAL01396,2025-01-06,ST12,CUS0292,PRD021,2,297.25,235.44,61.81,Retail Store
SAL01397,2022-09-29,ST09,CUS0108,PRD038,1,240.03,189.75,50.28,Retail Store
SAL01398,2024-11-07,ST07,CUS0369,PRD063,1,299.04,149.01,150.03,Marketplace
SAL01399,2024-09-14,ST08,CUS0086,PRD018,1,547.65,312.35,235.3,Online
SAL01400,2022-07-14,ST04,CUS0160,PRD045,1,357.11,178.36,178.75,Marketplace
SAL01401,2024-10-16,ST02,CUS0295,PRD030,1,255.97,143.34,112.63,Mobile App
SAL01402,2022-10-08,ST08,CUS0140,PRD054,1,63.7,33.69,30.01,Mobile App
SAL01403,2024-04-23,ST05,CUS0028,PRD054,3,181.55,101.07,80.48,Marketplace
SAL01404,2025-04-27,ST11,CUS0081,PRD066,1,479.94,293.37,186.57,Online
SAL01405,2023-08-12,ST01,CUS0318,PRD056,2,784.79,539.24,245.55,Retail Store
SAL01406,2024-08-05,ST12,CUS0364,PRD041,1,198.13,103.96,94.17,Retail Store
SAL01407,2024-08-02,ST02,CUS0202,PRD024,1,79.18,41.01,38.17,Mobile App
SAL01408,2022-09-13,ST10,CUS0360,PRD004,1,514.85,291.78,223.07,Online
SAL01409,2023-04-22,ST03,CUS0070,PRD012,2,903.32,589.88,313.44,Marketplace
SAL01410,2025-01-31,ST07,CUS0225,PRD050,1,120.75,76.64,44.11,Mobile App
SAL01411,2023-11-20,ST01,CUS0336,PRD037,1,194.23,94.84,99.39,Online
SAL01412,2024-10-13,ST03,CUS0143,PRD023,1,164.21,86.92,77.29,Marketplace
SAL01413,2023-12-23,ST04,CUS0143,PRD073,1,528.96,310.4,218.56,Online
SAL01414,2024-01-14,ST12,CUS0257,PRD022,1,170.91,89.78,81.13,Retail Store
SAL01415,2024-11-06,ST11,CUS0282,PRD060,1,362.14,165.18,196.96,Mobile App
SAL01416,2023-06-18,ST04,CUS0035,PRD071,3,157.57,122.85,34.72,Retail Store
SAL01417,2025-07-29,ST04,CUS0232,PRD043,1,275.99,163.5,112.49,Retail Store
SAL01418,2023-01-31,ST08,CUS0194,PRD029,3,539.08,353.49,185.59,Marketplace
SAL01419,2024-04-22,ST06,CUS0183,PRD038,1,266.7,189.75,76.95,Online
SAL01420,2022-08-18,ST06,CUS0057,PRD053,3,1610.61,843.9,766.71,Retail Store
SAL01421,2023-08-02,ST12,CUS0006,PRD057,1,441.9,203.53,238.37,Mobile App
SAL01422,2023-12-06,ST06,CUS0005,PRD064,1,170.11,103.2,66.91,Mobile App
SAL01423,2023-12-02,ST07,CUS0288,PRD005,1,64.99,41.75,23.24,Marketplace
SAL01424,2025-05-05,ST02,CUS0149,PRD035,1,480.24,270.97,209.27,Online
SAL01425,2025-02-08,ST10,CUS0345,PRD044,2,990.76,681.42,309.34,Marketplace
SAL01426,2025-06-29,ST09,CUS0163,PRD023,1,156.0,86.92,69.08,Online
SAL01427,2023-12-05,ST06,CUS0127,PRD052,1,313.56,174.32,139.24,Retail Store
SAL01428,2025-04-08,ST11,CUS0197,PRD005,1,72.21,41.75,30.46,Mobile App
SAL01429,2023-11-22,ST06,CUS0033,PRD045,1,357.11,178.36,178.75,Marketplace
SAL01430,2022-12-07,ST08,CUS0387,PRD076,1,132.2,81.2,51.0,Retail Store
SAL01431,2024-10-23,ST08,CUS0103,PRD075,2,912.08,512.9,399.18,Mobile App
SAL01432,2023-10-16,ST04,CUS0172,PRD076,4,528.8,324.8,204.0,Online
SAL01433,2022-07-28,ST05,CUS0102,PRD059,3,931.86,487.8,444.06,Mobile App
SAL01434,2022-12-05,ST01,CUS0331,PRD068,1,339.4,241.43,97.97,Marketplace
SAL01435,2023-06-22,ST03,CUS0353,PRD055,1,366.59,188.75,177.84,Online
SAL01436,2025-07-19,ST02,CUS0214,PRD035,1,456.23,270.97,185.26,Mobile App
SAL01437,2024-06-11,ST06,CUS0040,PRD049,4,1839.2,1038.6,800.6,Marketplace
SAL01438,2023-09-23,ST03,CUS0128,PRD043,1,275.99,163.5,112.49,Online
SAL01439,2022-07-16,ST08,CUS0397,PRD034,1,156.51,103.0,53.51,Retail Store
SAL01440,2024-12-08,ST05,CUS0055,PRD001,1,333.73,221.71,112.02,Retail Store
SAL01441,2024-07-15,ST12,CUS0299,PRD022,1,170.91,89.78,81.13,Retail Store
SAL01442,2023-01-11,ST09,CUS0286,PRD079,2,212.06,129.16,82.9,Retail Store
SAL01443,2024-04-28,ST11,CUS0308,PRD072,4,2206.08,1143.2,1062.88,Online
SAL01444,2023-01-24,ST05,CUS0394,PRD058,4,1625.54,1202.32,423.22,Retail Store
SAL01445,2022-10-15,ST09,CUS0206,PRD018,1,547.65,312.35,235.3,Marketplace
SAL01446,2023-09-14,ST01,CUS0128,PRD077,4,1373.2,730.92,642.28,Retail Store
SAL01447,2022-12-16,ST09,CUS0264,PRD042,1,558.0,339.41,218.59,Retail Store
SAL01448,2023-07-15,ST09,CUS0336,PRD043,2,551.98,327.0,224.98,Retail Store
SAL01449,2022-07-25,ST04,CUS0009,PRD035,2,960.48,541.94,418.54,Mobile App
SAL01450,2023-09-15,ST01,CUS0175,PRD004,3,1463.27,875.34,587.93,Retail Store
SAL01451,2023-06-07,ST07,CUS0174,PRD007,1,384.87,217.75,167.12,Mobile App
SAL01452,2025-06-10,ST11,CUS0369,PRD067,2,940.2,527.2,413.0,Retail Store
SAL01453,2024-03-10,ST04,CUS0055,PRD024,4,316.72,164.04,152.68,Retail Store
SAL01454,2023-03-14,ST07,CUS0360,PRD053,1,483.18,281.3,201.88,Mobile App
SAL01455,2023-12-30,ST03,CUS0012,PRD054,2,127.4,67.38,60.02,Online
SAL01456,2024-09-22,ST08,CUS0221,PRD038,1,253.36,189.75,63.61,Mobile App
SAL01457,2023-10-31,ST02,CUS0259,PRD019,3,836.82,568.56,268.26,Mobile App
SAL01458,2025-06-01,ST04,CUS0269,PRD073,2,1005.02,620.8,384.22,Online
SAL01459,2022-12-27,ST05,CUS0235,PRD007,1,346.38,217.75,128.63,Mobile App
SAL01460,2025-06-26,ST12,CUS0354,PRD075,2,1013.42,512.9,500.52,Retail Store
SAL01461,2022-09-06,ST01,CUS0200,PRD023,4,591.16,347.68,243.48,Online
SAL01462,2025-06-17,ST04,CUS0126,PRD001,1,370.81,221.71,149.1,Mobile App
SAL01463,2022-09-14,ST07,CUS0190,PRD056,1,413.05,269.62,143.43,Marketplace
SAL01464,2023-06-30,ST07,CUS0389,PRD016,1,320.91,178.49,142.42,Mobile App
SAL01465,2023-12-19,ST11,CUS0263,PRD063,1,314.78,149.01,165.77,Online
SAL01466,2023-05-22,ST10,CUS0147,PRD003,1,466.7,281.75,184.95,Mobile App
SAL01467,2023-03-22,ST04,CUS0156,PRD008,1,256.4,130.68,125.72,Marketplace
SAL01468,2025-05-28,ST02,CUS0333,PRD038,1,253.36,189.75,63.61,Mobile App
SAL01469,2024-12-21,ST09,CUS0021,PRD046,1,465.6,263.91,201.69,Online
SAL01470,2023-10-12,ST04,CUS0166,PRD073,1,528.96,310.4,218.56,Online
SAL01471,2022-07-15,ST08,CUS0012,PRD029,2,399.32,235.66,163.66,Mobile App
SAL01472,2023-06-12,ST07,CUS0251,PRD071,1,58.36,40.95,17.41,Retail Store
SAL01473,2022-12-26,ST02,CUS0212,PRD024,2,158.36,82.02,76.34,Mobile App
SAL01474,2024-06-09,ST05,CUS0251,PRD047,1,351.11,214.53,136.58,Marketplace
SAL01475,2024-08-09,ST12,CUS0259,PRD016,3,1013.4,535.47,477.93,Mobile App
SAL01476,2023-10-27,ST10,CUS0103,PRD065,1,261.0,157.21,103.79,Mobile App
SAL01477,2022-11-15,ST04,CUS0266,PRD005,1,72.21,41.75,30.46,Mobile App
SAL01478,2022-11-23,ST11,CUS0073,PRD036,2,631.37,398.06,233.31,Mobile App
SAL01479,2023-05-14,ST09,CUS0280,PRD073,2,1057.92,620.8,437.12,Online
SAL01480,2024-09-24,ST10,CUS0222,PRD002,1,195.91,140.36,55.55,Mobile App
SAL01481,2024-12-25,ST04,CUS0314,PRD049,2,919.6,519.3,400.3,Mobile App
SAL01482,2025-02-27,ST03,CUS0213,PRD077,3,978.41,548.19,430.22,Marketplace
SAL01483,2023-08-21,ST04,CUS0072,PRD021,2,313.77,235.44,78.33,Online
SAL01484,2025-06-27,ST08,CUS0090,PRD011,2,834.76,390.94,443.82,Online
SAL01485,2022-09-10,ST09,CUS0063,PRD033,2,712.66,472.34,240.32,Mobile App
SAL01486,2023-11-16,ST08,CUS0326,PRD044,1,495.38,340.71,154.67,Retail Store
SAL01487,2023-10-13,ST09,CUS0069,PRD021,1,165.14,117.72,47.42,Retail Store
SAL01488,2023-02-21,ST02,CUS0255,PRD059,1,310.62,162.6,148.02,Marketplace
SAL01489,2023-07-03,ST05,CUS0289,PRD017,2,160.28,82.68,77.6,Retail Store
SAL01490,2023-03-20,ST07,CUS0384,PRD018,2,985.77,624.7,361.07,Mobile App
SAL01491,2025-03-08,ST04,CUS0233,PRD035,1,480.24,270.97,209.27,Online
SAL01492,2023-06-17,ST11,CUS0049,PRD036,2,664.6,398.06,266.54,Online
SAL01493,2025-04-27,ST01,CUS0038,PRD080,2,699.7,350.16,349.54,Online
SAL01494,2025-06-30,ST12,CUS0377,PRD031,3,1345.2,680.73,664.47,Marketplace
SAL01495,2024-12-02,ST10,CUS0240,PRD055,2,733.18,377.5,355.68,Marketplace
SAL01496,2024-03-16,ST08,CUS0328,PRD055,2,733.18,377.5,355.68,Marketplace
SAL01497,2024-04-10,ST11,CUS0331,PRD062,1,400.07,264.27,135.8,Retail Store
SAL01498,2023-07-08,ST11,CUS0041,PRD013,2,1144.36,616.4,527.96,Mobile App
SAL01499,2023-02-04,ST04,CUS0283,PRD001,2,667.46,443.42,224.04,Mobile App
SAL01500,2022-11-21,ST08,CUS0380,PRD032,1,574.49,322.6,251.89,Online
SAL01501,2023-06-28,ST02,CUS0010,PRD051,2,249.88,144.74,105.14,Marketplace
SAL01502,2024-06-12,ST08,CUS0365,PRD061,2,632.48,340.64,291.84,Mobile App
SAL01503,2025-06-28,ST12,CUS0097,PRD029,1,199.66,117.83,81.83,Online
SAL01504,2023-03-15,ST04,CUS0167,PRD018,2,985.77,624.7,361.07,Online
SAL01505,2024-04-28,ST03,CUS0067,PRD079,1,106.03,64.58,41.45,Online
SAL01506,2023-03-24,ST08,CUS0392,PRD047,1,333.55,214.53,119.02,Marketplace
SAL01507,2025-01-08,ST08,CUS0234,PRD024,1,79.18,41.01,38.17,Mobile App
SAL01508,2024-01-02,ST06,CUS0346,PRD058,2,903.08,601.16,301.92,Online
SAL01509,2023-12-11,ST09,CUS0338,PRD014,3,528.79,313.35,215.44,Mobile App
SAL01510,2022-07-22,ST02,CUS0048,PRD024,2,158.36,82.02,76.34,Mobile App
SAL01511,2024-01-27,ST04,CUS0018,PRD056,3,1177.19,808.86,368.33,Online
SAL01512,2022-10-16,ST10,CUS0118,PRD068,1,322.43,241.43,81.0,Marketplace
SAL01513,2024-10-22,ST05,CUS0259,PRD070,2,936.26,600.66,335.6,Retail Store
SAL01514,2024-06-02,ST06,CUS0237,PRD037,1,174.81,94.84,79.97,Online
SAL01515,2022-09-30,ST09,CUS0340,PRD048,1,197.17,148.36,48.81,Mobile App
SAL01516,2024-01-04,ST08,CUS0386,PRD058,2,903.08,601.16,301.92,Marketplace
SAL01517,2024-05-09,ST12,CUS0360,PRD074,2,335.2,199.44,135.76,Online
SAL01518,2025-03-30,ST04,CUS0175,PRD068,3,1018.2,724.29,293.91,Retail Store
SAL01519,2025-06-14,ST05,CUS0163,PRD020,1,339.81,203.54,136.27,Retail Store
SAL01520,2023-04-26,ST11,CUS0365,PRD054,1,60.52,33.69,26.83,Mobile App
SAL01521,2023-11-19,ST08,CUS0383,PRD053,1,510.03,281.3,228.73,Retail Store
SAL01522,2024-11-22,ST10,CUS0390,PRD067,2,890.71,527.2,363.51,Marketplace
SAL01523,2024-12-07,ST07,CUS0368,PRD028,1,213.33,140.6,72.73,Online
SAL01524,2023-05-08,ST10,CUS0167,PRD074,1,167.6,99.72,67.88,Mobile App
SAL01525,2022-12-09,ST12,CUS0070,PRD075,1,506.71,256.45,250.26,Retail Store
SAL01526,2025-02-09,ST12,CUS0172,PRD072,1,523.94,285.8,238.14,Online
SAL01527,2022-09-05,ST06,CUS0324,PRD030,2,511.94,286.68,225.26,Retail Store
SAL01528,2023-04-04,ST08,CUS0144,PRD080,1,349.85,175.08,174.77,Marketplace
SAL01529,2024-06-12,ST07,CUS0293,PRD063,3,944.34,447.03,497.31,Marketplace
SAL01530,2023-07-04,ST10,CUS0259,PRD026,1,501.93,240.24,261.69,Mobile App
SAL01531,2025-01-14,ST10,CUS0393,PRD038,3,720.09,569.25,150.84,Marketplace
SAL01532,2023-12-26,ST02,CUS0292,PRD060,2,688.07,330.36,357.71,Online
SAL01533,2022-12-12,ST01,CUS0011,PRD018,1,492.88,312.35,180.53,Retail Store
SAL01534,2023-05-04,ST02,CUS0016,PRD003,2,1037.12,563.5,473.62,Online
SAL01535,2023-06-26,ST11,CUS0209,PRD065,1,247.95,157.21,90.74,Retail Store
SAL01536,2025-07-14,ST06,CUS0094,PRD051,2,277.64,144.74,132.9,Mobile App
SAL01537,2024-05-11,ST10,CUS0166,PRD063,5,1573.9,745.05,828.85,Retail Store
SAL01538,2024-02-24,ST01,CUS0299,PRD033,1,320.7,236.17,84.53,Marketplace
SAL01539,2025-01-13,ST11,CUS0051,PRD057,1,441.9,203.53,238.37,Retail Store
SAL01540,2024-06-27,ST05,CUS0366,PRD001,1,370.81,221.71,149.1,Marketplace
SAL01541,2025-06-13,ST03,CUS0140,PRD024,1,79.18,41.01,38.17,Marketplace
SAL01542,2024-05-03,ST12,CUS0369,PRD038,1,240.03,189.75,50.28,Marketplace
SAL01543,2022-11-13,ST12,CUS0179,PRD055,3,1099.77,566.25,533.52,Mobile App
SAL01544,2024-10-03,ST01,CUS0102,PRD067,1,494.84,263.6,231.24,Retail Store
SAL01545,2024-10-06,ST10,CUS0064,PRD059,1,295.09,162.6,132.49,Online
SAL01546,2023-02-05,ST03,CUS0033,PRD043,1,275.99,163.5,112.49,Mobile App
SAL01547,2024-12-16,ST04,CUS0389,PRD027,3,1735.23,873.75,861.48,Online
SAL01548,2023-05-15,ST06,CUS0238,PRD056,1,392.4,269.62,122.78,Marketplace
SAL01549,2024-12-07,ST04,CUS0228,PRD064,2,340.22,206.4,133.82,Online
SAL01550,2023-10-20,ST06,CUS0394,PRD050,4,457.6,306.56,151.04,Marketplace
SAL01551,2025-01-07,ST04,CUS0025,PRD042,1,620.0,339.41,280.59,Retail Store
SAL01552,2022-07-13,ST11,CUS0363,PRD039,1,331.74,230.26,101.48,Marketplace
SAL01553,2023-04-20,ST05,CUS0048,PRD077,1,343.3,182.73,160.57,Marketplace
SAL01554,2022-12-10,ST11,CUS0039,PRD062,4,1600.28,1057.08,543.2,Retail Store
SAL01555,2022-07-29,ST11,CUS0044,PRD053,2,966.37,562.6,403.77,Retail Store
SAL01556,2024-07-03,ST07,CUS0136,PRD062,1,380.07,264.27,115.8,Marketplace
SAL01557,2024-11-05,ST08,CUS0391,PRD078,5,1766.45,866.95,899.5,Marketplace
SAL01558,2022-09-27,ST02,CUS0384,PRD020,1,339.81,203.54,136.27,Retail Store
SAL01559,2023-12-06,ST04,CUS0149,PRD022,1,179.9,89.78,90.12,Marketplace
SAL01560,2025-04-20,ST11,CUS0257,PRD055,3,1099.77,566.25,533.52,Retail Store
SAL01561,2022-12-14,ST06,CUS0079,PRD028,1,213.33,140.6,72.73,Marketplace
SAL01562,2024-06-04,ST12,CUS0191,PRD074,1,167.6,99.72,67.88,Mobile App
SAL01563,2024-03-17,ST08,CUS0273,PRD042,2,1178.0,678.82,499.18,Marketplace
SAL01564,2024-04-29,ST12,CUS0164,PRD027,3,1735.23,873.75,861.48,Marketplace
SAL01565,2024-11-01,ST02,CUS0389,PRD072,1,551.52,285.8,265.72,Marketplace
SAL01566,2022-10-30,ST12,CUS0268,PRD023,3,492.63,260.76,231.87,Mobile App
SAL01567,2023-05-05,ST05,CUS0198,PRD060,1,344.03,165.18,178.85,Retail Store
SAL01568,2023-05-07,ST07,CUS0349,PRD024,1,79.18,41.01,38.17,Mobile App
SAL01569,2024-09-03,ST11,CUS0358,PRD079,2,190.85,129.16,61.69,Online
SAL01570,2023-11-23,ST04,CUS0344,PRD052,1,330.06,174.32,155.74,Marketplace
SAL01571,2022-12-31,ST06,CUS0226,PRD023,2,312.0,173.84,138.16,Mobile App
SAL01572,2022-11-22,ST10,CUS0115,PRD033,2,712.66,472.34,240.32,Mobile App
SAL01573,2025-06-11,ST10,CUS0323,PRD009,1,39.74,20.42,19.32,Marketplace
SAL01574,2022-11-17,ST01,CUS0112,PRD052,3,990.18,522.96,467.22,Marketplace
SAL01575,2025-03-04,ST03,CUS0200,PRD026,1,528.35,240.24,288.11,Retail Store
SAL01576,2024-03-14,ST02,CUS0348,PRD046,2,931.21,527.82,403.39,Mobile App
SAL01577,2023-08-20,ST09,CUS0229,PRD008,2,541.29,261.36,279.93,Retail Store
SAL01578,2023-06-20,ST02,CUS0257,PRD039,1,368.6,230.26,138.34,Online
SAL01579,2024-09-19,ST04,CUS0392,PRD047,1,333.55,214.53,119.02,Online
SAL01580,2024-03-11,ST06,CUS0213,PRD078,1,353.29,173.39,179.9,Marketplace
SAL01581,2024-06-08,ST10,CUS0392,PRD021,1,165.14,117.72,47.42,Marketplace
SAL01582,2024-06-27,ST08,CUS0236,PRD057,2,883.8,407.06,476.74,Mobile App
SAL01583,2023-09-19,ST09,CUS0153,PRD047,1,316.0,214.53,101.47,Retail Store
SAL01584,2023-07-03,ST03,CUS0046,PRD061,1,316.24,170.32,145.92,Marketplace
SAL01585,2025-01-27,ST10,CUS0392,PRD078,1,353.29,173.39,179.9,Mobile App
SAL01586,2022-08-08,ST09,CUS0361,PRD038,1,266.7,189.75,76.95,Marketplace
SAL01587,2023-05-15,ST11,CUS0026,PRD002,2,412.44,280.72,131.72,Online
SAL01588,2024-03-28,ST12,CUS0398,PRD028,1,213.33,140.6,72.73,Online
SAL01589,2024-04-01,ST09,CUS0201,PRD017,1,72.13,41.34,30.79,Online
SAL01590,2025-03-21,ST07,CUS0135,PRD061,3,1054.14,510.96,543.18,Online
SAL01591,2022-09-01,ST07,CUS0128,PRD009,1,35.77,20.42,15.35,Mobile App
SAL01592,2024-09-15,ST08,CUS0185,PRD010,1,317.35,190.06,127.29,Retail Store
SAL01593,2022-11-26,ST10,CUS0380,PRD018,1,547.65,312.35,235.3,Mobile App
SAL01594,2022-09-10,ST11,CUS0359,PRD023,2,328.42,173.84,154.58,Retail Store
SAL01595,2022-09-15,ST07,CUS0181,PRD076,1,132.2,81.2,51.0,Marketplace
SAL01596,2022-12-18,ST06,CUS0342,PRD056,1,413.05,269.62,143.43,Online
SAL01597,2024-02-09,ST12,CUS0113,PRD020,1,357.7,203.54,154.16,Mobile App
SAL01598,2025-05-24,ST09,CUS0354,PRD017,2,160.28,82.68,77.6,Marketplace
SAL01599,2023-03-22,ST04,CUS0224,PRD004,3,1625.85,875.34,750.51,Online
SAL01600,2024-10-27,ST12,CUS0281,PRD019,1,278.94,189.52,89.42,Online
SAL01601,2025-06-29,ST03,CUS0183,PRD031,2,807.12,453.82,353.3,Marketplace
SAL01602,2023-07-16,ST08,CUS0314,PRD068,1,339.4,241.43,97.97,Mobile App
SAL01603,2023-10-08,ST10,CUS0180,PRD025,2,432.71,288.62,144.09,Mobile App
SAL01604,2024-10-23,ST07,CUS0081,PRD063,2,566.6,298.02,268.58,Mobile App
SAL01605,2024-01-06,ST07,CUS0137,PRD064,1,170.11,103.2,66.91,Mobile App
SAL01606,2024-03-05,ST08,CUS0018,PRD042,2,1240.0,678.82,561.18,Online
SAL01607,2024-02-11,ST01,CUS0389,PRD014,1,195.85,104.45,91.4,Mobile App
SAL01608,2024-06-22,ST09,CUS0270,PRD007,1,384.87,217.75,167.12,Marketplace
SAL01609,2023-09-19,ST12,CUS0207,PRD041,2,396.26,207.92,188.34,Mobile App
SAL01610,2022-12-22,ST11,CUS0383,PRD004,3,1625.85,875.34,750.51,Retail Store
SAL01611,2025-01-12,ST09,CUS0164,PRD002,1,206.22,140.36,65.86,Retail Store
SAL01612,2025-01-02,ST11,CUS0288,PRD001,1,333.73,221.71,112.02,Marketplace
SAL01613,2023-11-18,ST08,CUS0305,PRD063,1,314.78,149.01,165.77,Mobile App
SAL01614,2022-11-07,ST02,CUS0223,PRD064,1,153.1,103.2,49.9,Online
SAL01615,2025-04-22,ST12,CUS0273,PRD058,2,812.77,601.16,211.61,Marketplace
SAL01616,2023-04-20,ST07,CUS0100,PRD049,2,919.6,519.3,400.3,Marketplace
SAL01617,2023-03-27,ST04,CUS0125,PRD043,2,551.98,327.0,224.98,Mobile App
SAL01618,2024-06-25,ST05,CUS0227,PRD057,2,795.42,407.06,388.36,Marketplace
SAL01619,2024-03-19,ST08,CUS0102,PRD030,3,691.12,430.02,261.1,Online
SAL01620,2022-08-29,ST07,CUS0355,PRD020,2,715.4,407.08,308.32,Retail Store
SAL01621,2025-02-04,ST06,CUS0039,PRD079,1,106.03,64.58,41.45,Online
SAL01622,2023-03-11,ST05,CUS0249,PRD028,4,853.32,562.4,290.92,Marketplace
SAL01623,2022-08-17,ST06,CUS0148,PRD032,2,1276.64,645.2,631.44,Mobile App
SAL01624,2023-03-04,ST10,CUS0060,PRD022,1,179.9,89.78,90.12,Retail Store
SAL01625,2023-03-19,ST01,CUS0325,PRD041,2,396.26,207.92,188.34,Marketplace
SAL01626,2022-12-19,ST07,CUS0385,PRD017,2,160.28,82.68,77.6,Marketplace
SAL01627,2025-03-07,ST03,CUS0219,PRD073,2,952.13,620.8,331.33,Retail Store
SAL01628,2024-01-15,ST10,CUS0182,PRD035,2,912.46,541.94,370.52,Marketplace
SAL01629,2023-06-29,ST07,CUS0210,PRD031,3,1345.2,680.73,664.47,Mobile App
SAL01630,2024-10-29,ST10,CUS0059,PRD075,1,456.04,256.45,199.59,Retail Store
SAL01631,2024-07-24,ST05,CUS0385,PRD057,3,1259.41,610.59,648.82,Online
SAL01632,2022-07-22,ST06,CUS0224,PRD050,3,381.33,229.92,151.41,Marketplace
SAL01633,2024-11-08,ST06,CUS0270,PRD068,3,916.38,724.29,192.09,Marketplace
SAL01634,2024-01-06,ST12,CUS0260,PRD039,2,663.48,460.52,202.96,Mobile App
SAL01635,2024-07-24,ST02,CUS0232,PRD047,2,702.22,429.06,273.16,Retail Store
SAL01636,2024-08-23,ST05,CUS0275,PRD079,1,106.03,64.58,41.45,Mobile App
SAL01637,2024-03-11,ST02,CUS0200,PRD077,1,326.13,182.73,143.4,Online
SAL01638,2022-08-15,ST03,CUS0164,PRD073,3,1586.88,931.2,655.68,Marketplace
SAL01639,2024-04-24,ST08,CUS0245,PRD033,1,338.51,236.17,102.34,Mobile App
SAL01640,2023-02-21,ST11,CUS0225,PRD031,1,448.4,226.91,221.49,Retail Store
SAL01641,2024-04-17,ST09,CUS0114,PRD019,1,278.94,189.52,89.42,Marketplace
SAL01642,2022-07-09,ST07,CUS0190,PRD057,3,1325.7,610.59,715.11,Retail Store
SAL01643,2024-08-29,ST10,CUS0388,PRD071,4,210.1,163.8,46.3,Marketplace
SAL01644,2024-04-15,ST08,CUS0192,PRD043,2,496.78,327.0,169.78,Online
SAL01645,2023-08-19,ST03,CUS0375,PRD017,3,216.38,124.02,92.36,Retail Store
SAL01646,2025-04-07,ST06,CUS0031,PRD004,1,487.76,291.78,195.98,Retail Store
SAL01647,2023-01-01,ST06,CUS0147,PRD041,2,396.26,207.92,188.34,Marketplace
SAL01648,2023-02-25,ST06,CUS0195,PRD030,1,230.37,143.34,87.03,Mobile App
SAL01649,2024-02-24,ST06,CUS0017,PRD037,2,349.61,189.68,159.93,Retail Store
SAL01650,2025-04-26,ST05,CUS0115,PRD074,2,335.2,199.44,135.76,Online
SAL01651,2024-10-16,ST03,CUS0210,PRD038,3,760.09,569.25,190.84,Retail Store
SAL01652,2023-05-13,ST10,CUS0097,PRD018,1,547.65,312.35,235.3,Online
SAL01653,2024-03-18,ST07,CUS0397,PRD008,1,284.89,130.68,154.21,Online
SAL01654,2024-01-27,ST04,CUS0191,PRD026,1,528.35,240.24,288.11,Marketplace
SAL01655,2022-12-28,ST11,CUS0300,PRD041,1,178.32,103.96,74.36,Retail Store
SAL01656,2023-02-12,ST03,CUS0203,PRD074,3,452.52,299.16,153.36,Online
SAL01657,2024-05-15,ST07,CUS0305,PRD016,1,337.8,178.49,159.31,Marketplace
SAL01658,2023-07-12,ST11,CUS0251,PRD072,1,551.52,285.8,265.72,Marketplace
SAL01659,2023-07-04,ST09,CUS0334,PRD065,4,1044.0,628.84,415.16,Marketplace
SAL01660,2023-04-20,ST07,CUS0239,PRD025,3,683.22,432.93,250.29,Retail Store
SAL01661,2022-11-12,ST08,CUS0241,PRD076,1,132.2,81.2,51.0,Online
SAL01662,2023-05-18,ST07,CUS0198,PRD056,1,413.05,269.62,143.43,Marketplace
SAL01663,2022-08-02,ST09,CUS0256,PRD073,1,528.96,310.4,218.56,Mobile App
SAL01664,2024-05-10,ST01,CUS0387,PRD002,2,412.44,280.72,131.72,Mobile App
SAL01665,2024-07-03,ST01,CUS0339,PRD047,1,333.55,214.53,119.02,Online
SAL01666,2024-01-28,ST03,CUS0205,PRD077,2,617.94,365.46,252.48,Retail Store
SAL01667,2023-09-30,ST08,CUS0009,PRD011,1,375.64,195.47,180.17,Online
SAL01668,2023-01-25,ST03,CUS0354,PRD024,1,75.22,41.01,34.21,Mobile App
SAL01669,2022-08-16,ST09,CUS0230,PRD019,1,278.94,189.52,89.42,Mobile App
SAL01670,2024-12-23,ST04,CUS0198,PRD038,6,1600.2,1138.5,461.7,Mobile App
SAL01671,2024-10-14,ST11,CUS0156,PRD080,2,699.7,350.16,349.54,Mobile App
SAL01672,2025-03-11,ST02,CUS0256,PRD055,1,366.59,188.75,177.84,Marketplace
SAL01673,2023-02-11,ST04,CUS0164,PRD057,1,397.71,203.53,194.18,Marketplace
SAL01674,2024-04-03,ST11,CUS0143,PRD022,1,179.9,89.78,90.12,Retail Store
SAL01675,2024-10-19,ST08,CUS0284,PRD076,5,661.0,406.0,255.0,Mobile App
SAL01676,2025-01-23,ST06,CUS0254,PRD001,1,370.81,221.71,149.1,Online
SAL01677,2024-07-29,ST06,CUS0002,PRD071,1,58.36,40.95,17.41,Marketplace
SAL01678,2025-03-25,ST11,CUS0317,PRD044,3,1568.7,1022.13,546.57,Online
SAL01679,2025-01-06,ST04,CUS0268,PRD056,2,743.49,539.24,204.25,Mobile App
SAL01680,2023-08-11,ST08,CUS0394,PRD005,5,361.05,208.75,152.3,Mobile App
SAL01681,2022-08-31,ST01,CUS0098,PRD011,1,396.51,195.47,201.04,Marketplace
SAL01682,2024-06-05,ST02,CUS0094,PRD058,1,451.54,300.58,150.96,Retail Store
SAL01683,2024-03-30,ST09,CUS0199,PRD041,3,594.39,311.88,282.51,Marketplace
SAL01684,2025-03-22,ST08,CUS0094,PRD004,2,975.51,583.56,391.95,Mobile App
SAL01685,2023-04-11,ST10,CUS0231,PRD029,2,359.39,235.66,123.73,Online
SAL01686,2024-01-27,ST12,CUS0148,PRD015,1,481.18,270.29,210.89,Online
SAL01687,2023-06-14,ST04,CUS0044,PRD040,3,430.41,280.77,149.64,Retail Store
SAL01688,2023-03-01,ST01,CUS0124,PRD062,1,380.07,264.27,115.8,Online
SAL01689,2023-01-20,ST09,CUS0019,PRD073,1,528.96,310.4,218.56,Online
SAL01690,2023-07-12,ST09,CUS0209,PRD005,1,72.21,41.75,30.46,Online
SAL01691,2024-01-14,ST09,CUS0399,PRD055,2,733.18,377.5,355.68,Marketplace
SAL01692,2024-09-18,ST04,CUS0083,PRD057,1,397.71,203.53,194.18,Marketplace
SAL01693,2024-09-18,ST11,CUS0173,PRD055,1,348.26,188.75,159.51,Retail Store
SAL01694,2023-11-28,ST08,CUS0244,PRD052,2,660.12,348.64,311.48,Mobile App
SAL01695,2023-09-13,ST08,CUS0183,PRD073,2,1057.92,620.8,437.12,Mobile App
SAL01696,2024-10-26,ST01,CUS0052,PRD038,3,800.1,569.25,230.85,Marketplace
SAL01697,2025-05-02,ST03,CUS0338,PRD062,2,800.14,528.54,271.6,Retail Store
SAL01698,2023-12-23,ST03,CUS0021,PRD038,1,266.7,189.75,76.95,Retail Store
SAL01699,2024-05-02,ST09,CUS0322,PRD004,1,541.95,291.78,250.17,Mobile App
SAL01700,2024-12-12,ST03,CUS0230,PRD068,1,339.4,241.43,97.97,Mobile App
SAL01701,2024-07-21,ST05,CUS0258,PRD063,1,314.78,149.01,165.77,Marketplace
SAL01702,2025-05-21,ST09,CUS0024,PRD020,2,715.4,407.08,308.32,Online
SAL01703,2022-09-26,ST01,CUS0059,PRD037,2,388.46,189.68,198.78,Retail Store
SAL01704,2022-10-29,ST08,CUS0031,PRD048,2,438.16,296.72,141.44,Online
SAL01705,2022-07-01,ST07,CUS0208,PRD015,1,534.64,270.29,264.35,Retail Store
SAL01706,2022-08-05,ST11,CUS0393,PRD055,1,366.59,188.75,177.84,Retail Store
SAL01707,2022-08-26,ST06,CUS0326,PRD044,1,522.9,340.71,182.19,Marketplace
SAL01708,2022-07-13,ST11,CUS0119,PRD012,1,451.66,294.94,156.72,Retail Store
SAL01709,2023-05-05,ST11,CUS0226,PRD036,2,664.6,398.06,266.54,Retail Store
SAL01710,2022-07-01,ST05,CUS0022,PRD006,1,156.27,73.42,82.85,Mobile App
SAL01711,2023-11-14,ST09,CUS0329,PRD005,1,64.99,41.75,23.24,Online
SAL01712,2024-09-28,ST08,CUS0321,PRD017,2,160.28,82.68,77.6,Marketplace
SAL01713,2025-06-17,ST11,CUS0319,PRD074,1,167.6,99.72,67.88,Marketplace
SAL01714,2022-10-18,ST05,CUS0311,PRD040,1,135.92,93.59,42.33,Online
SAL01715,2023-08-19,ST11,CUS0224,PRD043,2,551.98,327.0,224.98,Retail Store
SAL01716,2024-06-27,ST07,CUS0336,PRD029,2,399.32,235.66,163.66,Online
SAL01717,2025-06-28,ST08,CUS0150,PRD052,4,1320.24,697.28,622.96,Online
SAL01718,2024-10-13,ST06,CUS0186,PRD039,4,1326.96,921.04,405.92,Retail Store
SAL01719,2023-08-24,ST09,CUS0020,PRD063,2,629.56,298.02,331.54,Online
SAL01720,2023-05-12,ST05,CUS0034,PRD045,1,357.11,178.36,178.75,Mobile App
SAL01721,2024-07-05,ST11,CUS0332,PRD035,3,1296.65,812.91,483.74,Marketplace
SAL01722,2023-05-31,ST04,CUS0360,PRD052,1,297.05,174.32,122.73,Retail Store
SAL01723,2022-08-09,ST01,CUS0374,PRD006,2,312.54,146.84,165.7,Mobile App
SAL01724,2022-11-13,ST12,CUS0303,PRD028,1,192.0,140.6,51.4,Retail Store
SAL01725,2022-12-07,ST12,CUS0360,PRD035,2,864.43,541.94,322.49,Marketplace
SAL01726,2023-11-27,ST03,CUS0324,PRD064,2,340.22,206.4,133.82,Retail Store
SAL01727,2025-05-15,ST11,CUS0006,PRD039,3,995.22,690.78,304.44,Marketplace
SAL01728,2025-07-12,ST08,CUS0379,PRD015,2,1069.28,540.58,528.7,Marketplace
SAL01729,2025-04-25,ST08,CUS0038,PRD027,2,1156.82,582.5,574.32,Retail Store
SAL01730,2022-11-13,ST09,CUS0209,PRD051,1,124.94,72.37,52.57,Retail Store
SAL01731,2024-06-16,ST04,CUS0010,PRD029,1,179.69,117.83,61.86,Mobile App
SAL01732,2025-06-07,ST02,CUS0309,PRD049,1,459.8,259.65,200.15,Retail Store
SAL01733,2024-12-09,ST02,CUS0028,PRD047,1,333.55,214.53,119.02,Mobile App
SAL01734,2025-03-18,ST07,CUS0134,PRD042,4,2356.0,1357.64,998.36,Online
SAL01735,2025-05-15,ST04,CUS0225,PRD048,1,219.08,148.36,70.72,Online
SAL01736,2023-01-13,ST07,CUS0113,PRD045,1,357.11,178.36,178.75,Online
SAL01737,2022-11-04,ST10,CUS0207,PRD057,1,397.71,203.53,194.18,Marketplace
SAL01738,2024-09-24,ST03,CUS0089,PRD051,1,124.94,72.37,52.57,Mobile App
SAL01739,2023-11-25,ST11,CUS0382,PRD064,1,153.1,103.2,49.9,Mobile App
SAL01740,2025-03-25,ST06,CUS0144,PRD063,1,314.78,149.01,165.77,Retail Store
SAL01741,2024-08-21,ST09,CUS0332,PRD073,1,476.06,310.4,165.66,Marketplace
SAL01742,2023-05-04,ST04,CUS0239,PRD016,1,337.8,178.49,159.31,Retail Store
SAL01743,2022-07-26,ST08,CUS0397,PRD044,1,550.42,340.71,209.71,Marketplace
SAL01744,2024-03-26,ST03,CUS0143,PRD005,2,137.2,83.5,53.7,Retail Store
SAL01745,2022-09-10,ST05,CUS0395,PRD034,2,297.37,206.0,91.37,Retail Store
SAL01746,2024-08-17,ST01,CUS0171,PRD054,1,63.7,33.69,30.01,Mobile App
SAL01747,2023-02-28,ST03,CUS0190,PRD014,2,372.11,208.9,163.21,Mobile App
SAL01748,2023-09-21,ST11,CUS0177,PRD037,1,174.81,94.84,79.97,Online
SAL01749,2023-08-29,ST12,CUS0213,PRD077,1,308.97,182.73,126.24,Mobile App
SAL01750,2022-08-11,ST02,CUS0132,PRD048,2,394.34,296.72,97.62,Retail Store
SAL01751,2023-10-30,ST08,CUS0374,PRD029,1,179.69,117.83,61.86,Retail Store
SAL01752,2023-12-07,ST09,CUS0305,PRD033,1,338.51,236.17,102.34,Marketplace
SAL01753,2023-01-14,ST10,CUS0011,PRD018,1,547.65,312.35,235.3,Online
SAL01754,2022-07-15,ST10,CUS0127,PRD057,2,839.61,407.06,432.55,Mobile App
SAL01755,2025-04-06,ST03,CUS0160,PRD022,1,170.91,89.78,81.13,Marketplace
SAL01756,2024-07-09,ST08,CUS0361,PRD001,1,370.81,221.71,149.1,Retail Store
SAL01757,2025-06-15,ST05,CUS0224,PRD040,1,151.02,93.59,57.43,Retail Store
SAL01758,2025-03-13,ST12,CUS0223,PRD022,1,179.9,89.78,90.12,Online
SAL01759,2024-09-07,ST05,CUS0098,PRD046,3,1470.33,791.73,678.6,Mobile App
SAL01760,2024-09-17,ST07,CUS0175,PRD046,2,980.22,527.82,452.4,Online
SAL01761,2023-02-14,ST12,CUS0221,PRD019,2,557.88,379.04,178.84,Retail Store
SAL01762,2023-04-27,ST05,CUS0274,PRD027,1,578.41,291.25,287.16,Mobile App
SAL01763,2024-07-25,ST01,CUS0038,PRD045,1,321.4,178.36,143.04,Mobile App
SAL01764,2025-06-19,ST11,CUS0068,PRD035,1,480.24,270.97,209.27,Online
SAL01765,2023-01-28,ST01,CUS0174,PRD062,1,400.07,264.27,135.8,Marketplace
SAL01766,2024-08-15,ST11,CUS0258,PRD070,2,936.26,600.66,335.6,Mobile App
SAL01767,2024-12-29,ST12,CUS0089,PRD068,1,339.4,241.43,97.97,Marketplace
SAL01768,2025-07-26,ST02,CUS0242,PRD021,3,495.42,353.16,142.26,Marketplace
SAL01769,2022-08-19,ST05,CUS0106,PRD025,1,227.74,144.31,83.43,Online
SAL01770,2024-03-26,ST08,CUS0109,PRD080,1,314.87,175.08,139.79,Retail Store
SAL01771,2025-02-19,ST07,CUS0078,PRD032,1,606.4,322.6,283.8,Online
SAL01772,2024-03-21,ST04,CUS0127,PRD058,3,1354.62,901.74,452.88,Marketplace
SAL01773,2024-08-30,ST08,CUS0230,PRD017,2,152.27,82.68,69.59,Marketplace
SAL01774,2024-12-08,ST10,CUS0223,PRD038,4,1066.8,759.0,307.8,Retail Store
SAL01775,2024-09-13,ST05,CUS0325,PRD075,1,481.37,256.45,224.92,Marketplace
SAL01776,2024-10-14,ST05,CUS0386,PRD059,2,559.12,325.2,233.92,Online
SAL01777,2023-05-19,ST05,CUS0149,PRD074,3,452.52,299.16,153.36,Online
SAL01778,2022-10-08,ST07,CUS0104,PRD010,3,952.04,570.18,381.86,Mobile App
SAL01779,2023-08-18,ST12,CUS0081,PRD064,1,161.6,103.2,58.4,Marketplace
SAL01780,2025-01-10,ST12,CUS0134,PRD065,2,469.8,314.42,155.38,Retail Store
SAL01781,2024-03-05,ST07,CUS0118,PRD043,1,262.19,163.5,98.69,Marketplace
SAL01782,2023-08-25,ST03,CUS0108,PRD065,2,522.0,314.42,207.58,Online
SAL01783,2025-04-11,ST02,CUS0204,PRD010,2,668.1,380.12,287.98,Retail Store
SAL01784,2024-09-25,ST10,CUS0231,PRD062,1,400.07,264.27,135.8,Mobile App
SAL01785,2024-02-29,ST01,CUS0155,PRD032,3,1914.96,967.8,947.16,Online
SAL01786,2023-06-27,ST02,CUS0103,PRD025,6,1366.44,865.86,500.58,Retail Store
SAL01787,2024-06-19,ST02,CUS0009,PRD066,1,455.94,293.37,162.57,Marketplace
SAL01788,2023-10-02,ST01,CUS0277,PRD036,2,664.6,398.06,266.54,Online
SAL01789,2024-04-14,ST09,CUS0070,PRD055,1,366.59,188.75,177.84,Retail Store
SAL01790,2023-08-23,ST09,CUS0114,PRD077,1,308.97,182.73,126.24,Mobile App
SAL01791,2025-07-12,ST02,CUS0037,PRD025,3,683.22,432.93,250.29,Mobile App
SAL01792,2024-11-10,ST08,CUS0289,PRD031,1,403.56,226.91,176.65,Retail Store
SAL01793,2022-12-14,ST04,CUS0249,PRD047,3,1053.33,643.59,409.74,Retail Store
SAL01794,2024-07-27,ST02,CUS0297,PRD041,2,396.26,207.92,188.34,Marketplace
SAL01795,2025-03-28,ST09,CUS0007,PRD055,2,696.52,377.5,319.02,Online
SAL01796,2024-07-30,ST07,CUS0367,PRD031,2,896.8,453.82,442.98,Retail Store
SAL01797,2023-10-03,ST01,CUS0204,PRD038,1,266.7,189.75,76.95,Marketplace
SAL01798,2025-06-17,ST05,CUS0074,PRD023,1,156.0,86.92,69.08,Online
SAL01799,2022-10-06,ST02,CUS0173,PRD019,1,251.05,189.52,61.53,Online
SAL01800,2023-04-12,ST02,CUS0329,PRD055,1,366.59,188.75,177.84,Mobile App
SAL01801,2022-12-02,ST03,CUS0213,PRD006,1,156.27,73.42,82.85,Retail Store
SAL01802,2025-05-07,ST01,CUS0149,PRD068,1,339.4,241.43,97.97,Mobile App
SAL01803,2024-06-26,ST10,CUS0315,PRD062,1,380.07,264.27,115.8,Retail Store
SAL01804,2023-11-20,ST12,CUS0070,PRD051,3,374.81,217.11,157.7,Retail Store
SAL01805,2024-02-28,ST10,CUS0289,PRD005,2,137.2,83.5,53.7,Mobile App
SAL01806,2024-08-05,ST09,CUS0217,PRD024,1,75.22,41.01,34.21,Marketplace
SAL01807,2025-03-28,ST09,CUS0026,PRD048,2,438.16,296.72,141.44,Marketplace
SAL01808,2023-07-22,ST07,CUS0048,PRD071,1,52.52,40.95,11.57,Online
SAL01809,2025-04-30,ST01,CUS0149,PRD015,2,1015.82,540.58,475.24,Online
SAL01810,2025-07-11,ST01,CUS0101,PRD061,3,948.73,510.96,437.77,Marketplace
SAL01811,2022-12-11,ST04,CUS0144,PRD011,1,375.64,195.47,180.17,Retail Store
SAL01812,2023-07-20,ST01,CUS0317,PRD025,2,409.93,288.62,121.31,Online
SAL01813,2024-06-12,ST06,CUS0027,PRD004,1,514.85,291.78,223.07,Online
SAL01814,2024-10-16,ST08,CUS0021,PRD051,1,138.82,72.37,66.45,Online
SAL01815,2025-02-13,ST05,CUS0253,PRD037,1,174.81,94.84,79.97,Mobile App
SAL01816,2024-04-06,ST09,CUS0320,PRD058,2,812.77,601.16,211.61,Online
SAL01817,2025-07-05,ST03,CUS0119,PRD009,1,37.75,20.42,17.33,Online
SAL01818,2024-12-09,ST06,CUS0061,PRD069,2,771.14,445.28,325.86,Online
SAL01819,2025-01-14,ST03,CUS0107,PRD077,3,1029.9,548.19,481.71,Marketplace
SAL01820,2023-09-20,ST06,CUS0395,PRD023,2,328.42,173.84,154.58,Retail Store
SAL01821,2025-01-13,ST10,CUS0152,PRD015,1,534.64,270.29,264.35,Mobile App
SAL01822,2025-03-18,ST06,CUS0395,PRD063,2,629.56,298.02,331.54,Online
SAL01823,2025-07-20,ST09,CUS0260,PRD011,1,396.51,195.47,201.04,Mobile App
SAL01824,2024-03-04,ST05,CUS0308,PRD047,1,333.55,214.53,119.02,Retail Store
SAL01825,2024-02-06,ST11,CUS0244,PRD008,1,256.4,130.68,125.72,Online
SAL01826,2024-04-08,ST07,CUS0386,PRD035,1,480.24,270.97,209.27,Marketplace
SAL01827,2023-04-13,ST09,CUS0307,PRD053,1,536.87,281.3,255.57,Marketplace
SAL01828,2024-03-11,ST11,CUS0185,PRD045,3,1071.33,535.08,536.25,Retail Store
SAL01829,2025-05-27,ST09,CUS0173,PRD036,2,664.6,398.06,266.54,Marketplace
SAL01830,2024-10-10,ST01,CUS0020,PRD047,2,667.11,429.06,238.05,Marketplace
SAL01831,2024-08-09,ST10,CUS0316,PRD005,1,72.21,41.75,30.46,Online
SAL01832,2024-12-03,ST03,CUS0228,PRD015,1,534.64,270.29,264.35,Retail Store
SAL01833,2024-01-02,ST06,CUS0393,PRD030,2,460.75,286.68,174.07,Retail Store
SAL01834,2023-07-02,ST04,CUS0099,PRD037,2,388.46,189.68,198.78,Retail Store
SAL01835,2025-01-27,ST07,CUS0345,PRD048,2,394.34,296.72,97.62,Marketplace
SAL01836,2023-08-25,ST02,CUS0010,PRD034,1,156.51,103.0,53.51,Retail Store
SAL01837,2025-05-20,ST01,CUS0208,PRD040,1,151.02,93.59,57.43,Online
SAL01838,2024-02-10,ST03,CUS0168,PRD027,1,578.41,291.25,287.16,Marketplace
SAL01839,2025-01-08,ST07,CUS0090,PRD022,1,179.9,89.78,90.12,Online
SAL01840,2023-03-04,ST12,CUS0199,PRD010,2,668.1,380.12,287.98,Online
SAL01841,2023-07-31,ST04,CUS0205,PRD050,2,254.22,153.28,100.94,Retail Store
SAL01842,2023-10-03,ST05,CUS0049,PRD049,2,919.6,519.3,400.3,Online
SAL01843,2024-10-24,ST01,CUS0054,PRD025,1,227.74,144.31,83.43,Marketplace
SAL01844,2022-10-28,ST08,CUS0354,PRD011,1,417.38,195.47,221.91,Mobile App
SAL01845,2024-06-21,ST12,CUS0239,PRD041,1,198.13,103.96,94.17,Retail Store
SAL01846,2023-11-23,ST02,CUS0391,PRD043,4,993.56,654.0,339.56,Mobile App
SAL01847,2025-01-25,ST02,CUS0284,PRD004,1,487.76,291.78,195.98,Retail Store
SAL01848,2025-04-04,ST06,CUS0388,PRD001,2,704.54,443.42,261.12,Marketplace
SAL01849,2023-01-29,ST06,CUS0327,PRD030,1,255.97,143.34,112.63,Marketplace
SAL01850,2022-07-01,ST10,CUS0187,PRD029,1,199.66,117.83,81.83,Retail Store
SAL01851,2024-12-10,ST04,CUS0222,PRD061,1,351.38,170.32,181.06,Online
SAL01852,2024-01-20,ST04,CUS0057,PRD034,1,156.51,103.0,53.51,Online
SAL01853,2022-10-30,ST07,CUS0270,PRD024,4,300.88,164.04,136.84,Retail Store
SAL01854,2022-12-10,ST07,CUS0204,PRD007,1,384.87,217.75,167.12,Marketplace
SAL01855,2022-09-20,ST05,CUS0087,PRD003,1,466.7,281.75,184.95,Online
SAL01856,2025-06-04,ST08,CUS0188,PRD025,2,432.71,288.62,144.09,Marketplace
SAL01857,2023-03-30,ST11,CUS0042,PRD037,1,194.23,94.84,99.39,Retail Store
SAL01858,2023-10-01,ST02,CUS0242,PRD048,2,416.25,296.72,119.53,Mobile App
SAL01859,2025-01-15,ST03,CUS0078,PRD025,3,649.06,432.93,216.13,Marketplace
SAL01860,2024-03-02,ST07,CUS0084,PRD045,1,357.11,178.36,178.75,Mobile App
SAL01861,2022-10-17,ST09,CUS0238,PRD068,1,305.46,241.43,64.03,Retail Store
SAL01862,2025-01-03,ST09,CUS0374,PRD052,1,330.06,174.32,155.74,Retail Store
SAL01863,2022-07-27,ST06,CUS0055,PRD062,1,400.07,264.27,135.8,Retail Store
SAL01864,2022-08-05,ST03,CUS0133,PRD009,3,119.22,61.26,57.96,Retail Store
SAL01865,2022-11-14,ST12,CUS0150,PRD021,1,148.63,117.72,30.91,Mobile App
SAL01866,2023-01-26,ST07,CUS0157,PRD047,3,1000.66,643.59,357.07,Online
SAL01867,2024-11-20,ST04,CUS0345,PRD010,1,317.35,190.06,127.29,Retail Store
SAL01868,2022-09-19,ST05,CUS0366,PRD061,1,351.38,170.32,181.06,Retail Store
SAL01869,2023-04-12,ST10,CUS0206,PRD053,1,536.87,281.3,255.57,Mobile App
SAL01870,2025-06-05,ST01,CUS0336,PRD041,1,178.32,103.96,74.36,Mobile App
SAL01871,2023-10-19,ST01,CUS0380,PRD061,4,1405.52,681.28,724.24,Mobile App
SAL01872,2023-08-07,ST11,CUS0063,PRD001,2,741.62,443.42,298.2,Marketplace
SAL01873,2023-09-27,ST08,CUS0046,PRD052,3,990.18,522.96,467.22,Marketplace
SAL01874,2024-08-24,ST11,CUS0106,PRD014,1,195.85,104.45,91.4,Retail Store
SAL01875,2023-06-04,ST03,CUS0345,PRD014,1,186.06,104.45,81.61,Online
SAL01876,2023-09-10,ST02,CUS0114,PRD069,2,694.03,445.28,248.75,Retail Store
SAL01877,2023-02-20,ST01,CUS0084,PRD059,1,310.62,162.6,148.02,Mobile App
SAL01878,2023-10-26,ST07,CUS0301,PRD061,2,702.76,340.64,362.12,Marketplace
SAL01879,2024-04-24,ST01,CUS0007,PRD034,1,156.51,103.0,53.51,Retail Store
SAL01880,2023-12-21,ST03,CUS0149,PRD041,2,376.45,207.92,168.53,Retail Store
SAL01881,2024-05-23,ST03,CUS0284,PRD057,2,883.8,407.06,476.74,Retail Store
SAL01882,2022-08-17,ST05,CUS0216,PRD016,1,337.8,178.49,159.31,Mobile App
SAL01883,2024-01-05,ST11,CUS0156,PRD023,1,164.21,86.92,77.29,Retail Store
SAL01884,2022-08-05,ST06,CUS0243,PRD033,2,712.66,472.34,240.32,Marketplace
SAL01885,2023-06-25,ST05,CUS0074,PRD056,2,743.49,539.24,204.25,Online
SAL01886,2022-08-04,ST01,CUS0118,PRD017,2,152.27,82.68,69.59,Mobile App
SAL01887,2024-08-27,ST02,CUS0381,PRD017,3,240.42,124.02,116.4,Marketplace
SAL01888,2025-02-24,ST07,CUS0134,PRD066,2,959.88,586.74,373.14,Online
SAL01889,2023-09-06,ST06,CUS0306,PRD067,1,494.84,263.6,231.24,Mobile App
SAL01890,2024-02-27,ST04,CUS0077,PRD079,2,212.06,129.16,82.9,Marketplace
SAL01891,2022-10-19,ST03,CUS0164,PRD051,2,277.64,144.74,132.9,Marketplace
SAL01892,2024-08-14,ST05,CUS0218,PRD037,1,194.23,94.84,99.39,Online
SAL01893,2024-05-29,ST07,CUS0051,PRD030,3,767.91,430.02,337.89,Mobile App
SAL01894,2023-07-31,ST01,CUS0221,PRD002,1,206.22,140.36,65.86,Mobile App
SAL01895,2025-06-28,ST12,CUS0050,PRD014,3,587.55,313.35,274.2,Marketplace
SAL01896,2024-01-04,ST11,CUS0115,PRD014,1,195.85,104.45,91.4,Marketplace
SAL01897,2022-07-31,ST02,CUS0324,PRD031,1,448.4,226.91,221.49,Marketplace
SAL01898,2022-08-13,ST11,CUS0307,PRD070,1,468.13,300.33,167.8,Marketplace
SAL01899,2023-12-31,ST10,CUS0220,PRD069,1,385.57,222.64,162.93,Marketplace
SAL01900,2025-04-16,ST02,CUS0028,PRD049,1,413.82,259.65,154.17,Online
SAL01901,2023-12-17,ST02,CUS0141,PRD002,1,206.22,140.36,65.86,Mobile App
SAL01902,2024-03-04,ST05,CUS0251,PRD037,1,184.52,94.84,89.68,Online
SAL01903,2022-10-02,ST12,CUS0137,PRD031,4,1793.6,907.64,885.96,Mobile App
SAL01904,2024-09-23,ST04,CUS0241,PRD078,1,335.63,173.39,162.24,Marketplace
SAL01905,2024-09-13,ST11,CUS0049,PRD005,2,137.2,83.5,53.7,Mobile App
SAL01906,2025-05-04,ST04,CUS0186,PRD020,1,357.7,203.54,154.16,Marketplace
SAL01907,2023-11-24,ST05,CUS0025,PRD041,3,594.39,311.88,282.51,Online
SAL01908,2024-10-21,ST02,CUS0010,PRD061,1,351.38,170.32,181.06,Mobile App
SAL01909,2023-03-29,ST09,CUS0204,PRD080,3,944.6,525.24,419.36,Marketplace
SAL01910,2025-07-12,ST01,CUS0330,PRD035,1,432.22,270.97,161.25,Mobile App
SAL01911,2022-08-08,ST01,CUS0290,PRD022,2,359.8,179.56,180.24,Mobile App
SAL01912,2023-06-14,ST06,CUS0307,PRD005,2,137.2,83.5,53.7,Online
SAL01913,2024-11-22,ST09,CUS0035,PRD065,2,522.0,314.42,207.58,Marketplace
SAL01914,2025-02-17,ST07,CUS0200,PRD020,4,1287.72,814.16,473.56,Retail Store
SAL01915,2023-03-01,ST12,CUS0106,PRD051,2,249.88,144.74,105.14,Online
SAL01916,2023-10-06,ST07,CUS0040,PRD037,1,194.23,94.84,99.39,Retail Store
SAL01917,2022-07-12,ST05,CUS0178,PRD077,2,686.6,365.46,321.14,Marketplace
SAL01918,2022-11-22,ST08,CUS0379,PRD023,1,147.79,86.92,60.87,Retail Store
SAL01919,2025-02-26,ST12,CUS0273,PRD066,1,479.94,293.37,186.57,Marketplace
SAL01920,2024-11-26,ST02,CUS0104,PRD065,3,783.0,471.63,311.37,Online
SAL01921,2025-05-19,ST10,CUS0236,PRD016,3,1013.4,535.47,477.93,Online
SAL01922,2023-11-13,ST03,CUS0077,PRD071,1,58.36,40.95,17.41,Online
SAL01923,2024-01-17,ST06,CUS0095,PRD011,2,793.02,390.94,402.08,Marketplace
SAL01924,2023-12-04,ST06,CUS0071,PRD064,1,170.11,103.2,66.91,Online
SAL01925,2024-08-23,ST07,CUS0177,PRD067,3,1484.52,790.8,693.72,Marketplace
SAL01926,2023-09-11,ST08,CUS0353,PRD023,1,164.21,86.92,77.29,Mobile App
SAL01927,2025-05-07,ST05,CUS0098,PRD012,1,451.66,294.94,156.72,Marketplace
SAL01928,2024-07-06,ST03,CUS0097,PRD064,2,340.22,206.4,133.82,Mobile App
SAL01929,2022-08-24,ST12,CUS0120,PRD063,2,598.08,298.02,300.06,Mobile App
SAL01930,2024-04-20,ST11,CUS0052,PRD024,1,79.18,41.01,38.17,Online
SAL01931,2024-08-25,ST05,CUS0312,PRD002,2,412.44,280.72,131.72,Retail Store
SAL01932,2024-01-04,ST04,CUS0305,PRD057,1,419.8,203.53,216.27,Mobile App
SAL01933,2025-04-11,ST11,CUS0190,PRD015,1,481.18,270.29,210.89,Marketplace
SAL01934,2023-05-27,ST12,CUS0317,PRD009,3,107.3,61.26,46.04,Mobile App
SAL01935,2022-12-31,ST01,CUS0176,PRD019,3,836.82,568.56,268.26,Online
SAL01936,2023-05-23,ST11,CUS0116,PRD043,1,275.99,163.5,112.49,Mobile App
SAL01937,2023-07-09,ST12,CUS0353,PRD046,1,441.1,263.91,177.19,Marketplace
SAL01938,2022-11-01,ST12,CUS0312,PRD064,1,153.1,103.2,49.9,Online
SAL01939,2022-12-22,ST11,CUS0152,PRD051,2,277.64,144.74,132.9,Marketplace
SAL01940,2025-01-28,ST10,CUS0236,PRD027,2,1156.82,582.5,574.32,Marketplace
SAL01941,2023-02-10,ST09,CUS0114,PRD020,3,1073.1,610.62,462.48,Marketplace
SAL01942,2023-12-30,ST10,CUS0066,PRD010,1,334.05,190.06,143.99,Retail Store
SAL01943,2022-07-07,ST02,CUS0165,PRD031,1,448.4,226.91,221.49,Retail Store
SAL01944,2024-11-20,ST04,CUS0336,PRD031,2,896.8,453.82,442.98,Retail Store
SAL01945,2024-12-25,ST06,CUS0244,PRD004,1,541.95,291.78,250.17,Mobile App
SAL01946,2025-04-15,ST05,CUS0092,PRD006,1,148.46,73.42,75.04,Mobile App
SAL01947,2024-11-16,ST05,CUS0398,PRD068,5,1697.0,1207.15,489.85,Online
SAL01948,2022-08-19,ST12,CUS0072,PRD028,1,213.33,140.6,72.73,Online
SAL01949,2023-01-22,ST01,CUS0088,PRD030,4,921.49,573.36,348.13,Marketplace
SAL01950,2023-07-18,ST06,CUS0269,PRD032,1,606.4,322.6,283.8,Retail Store
SAL01951,2024-08-08,ST04,CUS0156,PRD074,2,301.68,199.44,102.24,Retail Store
SAL01952,2025-02-07,ST01,CUS0246,PRD032,2,1148.98,645.2,503.78,Mobile App
SAL01953,2023-03-15,ST09,CUS0226,PRD072,2,1103.04,571.6,531.44,Marketplace
SAL01954,2023-11-13,ST02,CUS0087,PRD080,3,1049.55,525.24,524.31,Retail Store
SAL01955,2024-08-28,ST09,CUS0380,PRD055,1,366.59,188.75,177.84,Online
SAL01956,2025-04-22,ST01,CUS0333,PRD049,2,827.64,519.3,308.34,Retail Store
SAL01957,2022-10-23,ST04,CUS0306,PRD080,3,997.07,525.24,471.83,Retail Store
SAL01958,2022-12-04,ST10,CUS0055,PRD048,1,219.08,148.36,70.72,Retail Store
SAL01959,2024-10-11,ST05,CUS0279,PRD058,1,451.54,300.58,150.96,Online
SAL01960,2025-05-31,ST04,CUS0002,PRD070,1,444.72,300.33,144.39,Mobile App
SAL01961,2024-03-25,ST04,CUS0380,PRD057,3,1193.13,610.59,582.54,Retail Store
SAL01962,2023-11-06,ST04,CUS0115,PRD013,1,543.57,308.2,235.37,Retail Store
SAL01963,2023-08-17,ST05,CUS0295,PRD033,2,677.03,472.34,204.69,Online
SAL01964,2024-08-25,ST06,CUS0188,PRD040,1,151.02,93.59,57.43,Retail Store
SAL01965,2022-07-24,ST01,CUS0250,PRD057,4,1767.6,814.12,953.48,Mobile App
SAL01966,2024-02-12,ST06,CUS0183,PRD030,2,460.75,286.68,174.07,Online
SAL01967,2024-08-20,ST09,CUS0136,PRD027,1,578.41,291.25,287.16,Retail Store
SAL01968,2024-06-14,ST11,CUS0015,PRD066,1,431.95,293.37,138.58,Online
SAL01969,2022-10-28,ST12,CUS0334,PRD073,1,528.96,310.4,218.56,Mobile App
SAL01970,2023-12-16,ST12,CUS0070,PRD008,1,256.4,130.68,125.72,Mobile App
SAL01971,2023-05-11,ST10,CUS0247,PRD063,1,283.3,149.01,134.29,Online
SAL01972,2024-03-19,ST08,CUS0264,PRD044,1,550.42,340.71,209.71,Online
SAL01973,2023-10-19,ST06,CUS0036,PRD060,1,344.03,165.18,178.85,Mobile App
SAL01974,2022-09-12,ST04,CUS0165,PRD013,1,572.18,308.2,263.98,Retail Store
SAL01975,2023-04-22,ST01,CUS0396,PRD058,1,428.96,300.58,128.38,Marketplace
SAL01976,2025-06-03,ST08,CUS0349,PRD054,1,63.7,33.69,30.01,Marketplace
SAL01977,2023-08-07,ST04,CUS0392,PRD028,1,213.33,140.6,72.73,Retail Store
SAL01978,2023-09-25,ST12,CUS0036,PRD074,1,159.22,99.72,59.5,Retail Store
SAL01979,2025-05-01,ST06,CUS0303,PRD014,1,195.85,104.45,91.4,Online
SAL01980,2025-04-16,ST04,CUS0305,PRD004,3,1544.56,875.34,669.22,Online
SAL01981,2025-03-12,ST05,CUS0098,PRD015,1,534.64,270.29,264.35,Online
SAL01982,2022-11-14,ST10,CUS0253,PRD063,1,314.78,149.01,165.77,Marketplace
SAL01983,2022-12-30,ST04,CUS0397,PRD002,1,195.91,140.36,55.55,Online
SAL01984,2024-04-03,ST02,CUS0213,PRD004,3,1463.27,875.34,587.93,Online
SAL01985,2024-07-18,ST05,CUS0008,PRD007,1,384.87,217.75,167.12,Online
SAL01986,2023-11-15,ST03,CUS0245,PRD006,2,312.54,146.84,165.7,Marketplace
SAL01987,2025-07-27,ST08,CUS0139,PRD024,3,237.54,123.03,114.51,Online
SAL01988,2023-08-25,ST09,CUS0221,PRD039,3,1105.8,690.78,415.02,Marketplace
SAL01989,2023-04-23,ST06,CUS0076,PRD032,3,1914.96,967.8,947.16,Retail Store
SAL01990,2022-09-14,ST03,CUS0169,PRD055,1,329.93,188.75,141.18,Retail Store
SAL01991,2024-12-06,ST04,CUS0367,PRD043,2,524.38,327.0,197.38,Marketplace
SAL01992,2023-01-25,ST02,CUS0326,PRD080,3,1049.55,525.24,524.31,Retail Store
SAL01993,2023-10-09,ST12,CUS0082,PRD058,1,451.54,300.58,150.96,Mobile App
SAL01994,2024-03-22,ST11,CUS0281,PRD062,2,720.13,528.54,191.59,Retail Store
SAL01995,2023-03-19,ST12,CUS0161,PRD030,1,255.97,143.34,112.63,Retail Store
SAL01996,2022-12-13,ST10,CUS0051,PRD069,2,694.03,445.28,248.75,Marketplace
SAL01997,2022-11-27,ST05,CUS0383,PRD070,2,936.26,600.66,335.6,Mobile App
SAL01998,2024-08-28,ST12,CUS0168,PRD056,3,1177.19,808.86,368.33,Retail Store
SAL01999,2022-07-13,ST05,CUS0135,PRD058,1,451.54,300.58,150.96,Retail Store
SAL02000,2022-09-06,ST01,CUS0134,PRD041,1,198.13,103.96,94.17,Retail Store
SAL02001,2024-12-04,ST11,CUS0354,PRD048,1,219.08,148.36,70.72,Marketplace
SAL02002,2022-11-04,ST01,CUS0144,PRD062,1,360.06,264.27,95.79,Online
SAL02003,2024-07-19,ST12,CUS0060,PRD007,3,1096.88,653.25,443.63,Marketplace
SAL02004,2024-04-20,ST12,CUS0308,PRD041,3,534.95,311.88,223.07,Online
SAL02005,2022-07-10,ST02,CUS0013,PRD005,2,144.42,83.5,60.92,Mobile App
SAL02006,2025-03-18,ST01,CUS0156,PRD011,1,417.38,195.47,221.91,Retail Store
SAL02007,2022-12-02,ST08,CUS0323,PRD050,1,127.11,76.64,50.47,Retail Store
SAL02008,2025-05-02,ST07,CUS0140,PRD033,1,356.33,236.17,120.16,Mobile App
SAL02009,2025-02-24,ST01,CUS0132,PRD067,1,494.84,263.6,231.24,Retail Store
SAL02010,2024-12-19,ST01,CUS0151,PRD006,1,156.27,73.42,82.85,Mobile App
SAL02011,2023-01-29,ST06,CUS0131,PRD053,1,536.87,281.3,255.57,Marketplace
SAL02012,2023-12-17,ST04,CUS0271,PRD050,1,127.11,76.64,50.47,Marketplace
SAL02013,2023-12-22,ST06,CUS0088,PRD045,1,339.25,178.36,160.89,Retail Store
SAL02014,2022-10-20,ST10,CUS0283,PRD037,1,174.81,94.84,79.97,Online
SAL02015,2023-09-10,ST07,CUS0203,PRD037,1,194.23,94.84,99.39,Mobile App
SAL02016,2024-06-13,ST01,CUS0217,PRD057,6,2651.4,1221.18,1430.22,Online
SAL02017,2024-03-01,ST12,CUS0021,PRD068,1,322.43,241.43,81.0,Mobile App
SAL02018,2024-12-22,ST09,CUS0046,PRD011,2,834.76,390.94,443.82,Online
SAL02019,2022-12-12,ST06,CUS0197,PRD014,1,195.85,104.45,91.4,Mobile App
SAL02020,2022-11-20,ST11,CUS0286,PRD008,1,284.89,130.68,154.21,Mobile App
SAL02021,2024-01-26,ST10,CUS0169,PRD073,1,528.96,310.4,218.56,Mobile App
SAL02022,2025-02-24,ST06,CUS0056,PRD031,1,448.4,226.91,221.49,Marketplace
SAL02023,2022-09-15,ST08,CUS0398,PRD010,1,334.05,190.06,143.99,Retail Store
SAL02024,2024-01-30,ST05,CUS0351,PRD056,1,392.4,269.62,122.78,Marketplace
SAL02025,2025-07-16,ST02,CUS0097,PRD050,1,127.11,76.64,50.47,Online
SAL02026,2024-03-29,ST04,CUS0359,PRD021,1,165.14,117.72,47.42,Marketplace
SAL02027,2023-04-05,ST01,CUS0242,PRD052,1,330.06,174.32,155.74,Mobile App
SAL02028,2024-10-26,ST02,CUS0193,PRD040,1,143.47,93.59,49.88,Mobile App
SAL02029,2025-01-31,ST07,CUS0143,PRD038,3,720.09,569.25,150.84,Marketplace
SAL02030,2023-08-12,ST11,CUS0188,PRD037,2,349.61,189.68,159.93,Online
SAL02031,2023-03-11,ST05,CUS0350,PRD033,3,1068.99,708.51,360.48,Online
SAL02032,2023-04-22,ST02,CUS0261,PRD024,1,79.18,41.01,38.17,Online
SAL02033,2022-09-06,ST03,CUS0324,PRD057,1,441.9,203.53,238.37,Mobile App
SAL02034,2023-10-30,ST10,CUS0365,PRD064,1,170.11,103.2,66.91,Marketplace
SAL02035,2025-03-07,ST02,CUS0295,PRD042,3,1860.0,1018.23,841.77,Mobile App
SAL02036,2024-11-25,ST05,CUS0295,PRD068,1,339.4,241.43,97.97,Retail Store
SAL02037,2022-08-01,ST05,CUS0339,PRD074,2,318.44,199.44,119.0,Mobile App
SAL02038,2024-07-26,ST07,CUS0131,PRD070,2,936.26,600.66,335.6,Online
SAL02039,2025-05-14,ST12,CUS0287,PRD038,1,240.03,189.75,50.28,Marketplace
SAL02040,2023-09-14,ST11,CUS0010,PRD072,2,1047.89,571.6,476.29,Online
SAL02041,2024-05-13,ST11,CUS0204,PRD062,1,380.07,264.27,115.8,Marketplace
SAL02042,2025-03-03,ST08,CUS0293,PRD033,3,1068.99,708.51,360.48,Marketplace
SAL02043,2024-10-20,ST06,CUS0024,PRD068,2,678.8,482.86,195.94,Mobile App
SAL02044,2022-11-21,ST02,CUS0180,PRD019,1,251.05,189.52,61.53,Retail Store
SAL02045,2024-05-23,ST02,CUS0233,PRD069,2,732.58,445.28,287.3,Online
SAL02046,2024-12-07,ST08,CUS0293,PRD069,3,1156.71,667.92,488.79,Marketplace
SAL02047,2025-03-27,ST07,CUS0235,PRD056,1,392.4,269.62,122.78,Marketplace
SAL02048,2024-06-27,ST10,CUS0355,PRD008,1,284.89,130.68,154.21,Retail Store
SAL02049,2024-10-28,ST06,CUS0098,PRD077,1,343.3,182.73,160.57,Marketplace
SAL02050,2022-12-25,ST06,CUS0065,PRD033,2,641.39,472.34,169.05,Online
SAL02051,2024-05-05,ST07,CUS0230,PRD015,2,962.35,540.58,421.77,Marketplace
SAL02052,2023-05-20,ST06,CUS0272,PRD002,2,391.82,280.72,111.1,Marketplace
SAL02053,2024-11-17,ST02,CUS0295,PRD041,1,198.13,103.96,94.17,Mobile App
SAL02054,2023-10-31,ST04,CUS0376,PRD056,1,371.75,269.62,102.13,Marketplace
SAL02055,2022-08-04,ST11,CUS0024,PRD063,1,314.78,149.01,165.77,Mobile App
SAL02056,2022-09-13,ST08,CUS0245,PRD058,2,903.08,601.16,301.92,Mobile App
SAL02057,2022-10-04,ST08,CUS0182,PRD005,1,68.6,41.75,26.85,Retail Store
SAL02058,2025-03-30,ST12,CUS0187,PRD018,1,547.65,312.35,235.3,Retail Store
SAL02059,2022-12-11,ST05,CUS0189,PRD047,1,351.11,214.53,136.58,Mobile App
SAL02060,2024-06-22,ST10,CUS0328,PRD005,1,64.99,41.75,23.24,Mobile App
SAL02061,2023-08-21,ST03,CUS0166,PRD059,5,1553.1,813.0,740.1,Marketplace
SAL02062,2023-09-16,ST05,CUS0252,PRD028,3,639.99,421.8,218.19,Mobile App
SAL02063,2023-12-06,ST12,CUS0173,PRD046,3,1470.33,791.73,678.6,Marketplace
SAL02064,2024-12-25,ST11,CUS0386,PRD050,1,120.75,76.64,44.11,Online
SAL02065,2025-04-28,ST12,CUS0174,PRD031,1,448.4,226.91,221.49,Online
SAL02066,2023-06-07,ST06,CUS0363,PRD001,1,370.81,221.71,149.1,Mobile App
SAL02067,2024-02-23,ST01,CUS0400,PRD028,1,202.66,140.6,62.06,Online
SAL02068,2023-07-04,ST08,CUS0376,PRD061,1,351.38,170.32,181.06,Online
SAL02069,2023-06-12,ST10,CUS0200,PRD061,1,351.38,170.32,181.06,Marketplace
SAL02070,2025-06-03,ST09,CUS0368,PRD008,1,256.4,130.68,125.72,Mobile App
SAL02071,2024-01-27,ST11,CUS0377,PRD021,3,470.65,353.16,117.49,Marketplace
SAL02072,2023-09-08,ST07,CUS0121,PRD003,1,492.63,281.75,210.88,Retail Store
SAL02073,2025-03-07,ST08,CUS0399,PRD024,1,75.22,41.01,34.21,Mobile App
SAL02074,2024-08-14,ST03,CUS0277,PRD034,1,140.86,103.0,37.86,Mobile App
SAL02075,2024-08-21,ST06,CUS0355,PRD026,1,528.35,240.24,288.11,Retail Store
SAL02076,2025-05-05,ST07,CUS0309,PRD062,1,400.07,264.27,135.8,Marketplace
SAL02077,2024-05-12,ST08,CUS0115,PRD046,1,465.6,263.91,201.69,Marketplace
SAL02078,2024-07-14,ST03,CUS0132,PRD068,1,339.4,241.43,97.97,Marketplace
SAL02079,2024-04-07,ST05,CUS0216,PRD014,1,176.26,104.45,71.81,Retail Store
SAL02080,2023-12-11,ST07,CUS0058,PRD076,2,264.4,162.4,102.0,Marketplace
SAL02081,2022-10-11,ST01,CUS0171,PRD075,1,481.37,256.45,224.92,Online
SAL02082,2024-01-03,ST03,CUS0311,PRD044,2,1100.84,681.42,419.42,Retail Store
SAL02083,2023-07-21,ST10,CUS0199,PRD013,2,1144.36,616.4,527.96,Mobile App
SAL02084,2024-02-03,ST08,CUS0314,PRD055,1,329.93,188.75,141.18,Retail Store
SAL02085,2024-06-10,ST09,CUS0320,PRD062,1,400.07,264.27,135.8,Online
SAL02086,2023-04-10,ST11,CUS0245,PRD007,1,384.87,217.75,167.12,Retail Store
SAL02087,2023-04-29,ST04,CUS0033,PRD068,2,678.8,482.86,195.94,Mobile App
SAL02088,2023-05-02,ST03,CUS0010,PRD075,2,1013.42,512.9,500.52,Marketplace
SAL02089,2023-05-22,ST03,CUS0119,PRD039,3,1050.51,690.78,359.73,Online
SAL02090,2024-01-30,ST05,CUS0320,PRD036,3,996.9,597.09,399.81,Retail Store
SAL02091,2023-06-18,ST07,CUS0357,PRD012,1,406.49,294.94,111.55,Mobile App
SAL02092,2025-04-15,ST02,CUS0314,PRD079,1,106.03,64.58,41.45,Online
SAL02093,2025-04-17,ST07,CUS0154,PRD074,1,167.6,99.72,67.88,Retail Store
SAL02094,2024-03-29,ST02,CUS0035,PRD032,2,1148.98,645.2,503.78,Online
SAL02095,2023-07-28,ST10,CUS0237,PRD071,3,175.08,122.85,52.23,Mobile App
SAL02096,2023-06-10,ST10,CUS0183,PRD056,3,1239.15,808.86,430.29,Retail Store
SAL02097,2025-01-15,ST03,CUS0335,PRD011,2,834.76,390.94,443.82,Online
SAL02098,2024-02-03,ST12,CUS0289,PRD030,1,255.97,143.34,112.63,Mobile App
SAL02099,2023-10-07,ST07,CUS0198,PRD078,1,335.63,173.39,162.24,Mobile App
SAL02100,2023-04-24,ST10,CUS0112,PRD020,2,715.4,407.08,308.32,Online
SAL02101,2023-10-21,ST04,CUS0346,PRD072,1,523.94,285.8,238.14,Mobile App
SAL02102,2024-07-12,ST09,CUS0082,PRD037,4,699.23,379.36,319.87,Mobile App
SAL02103,2024-11-12,ST08,CUS0125,PRD050,1,120.75,76.64,44.11,Online
SAL02104,2025-03-29,ST09,CUS0322,PRD040,2,302.04,187.18,114.86,Retail Store
SAL02105,2022-12-04,ST12,CUS0005,PRD032,2,1276.64,645.2,631.44,Marketplace
SAL02106,2024-11-13,ST11,CUS0070,PRD061,3,1054.14,510.96,543.18,Marketplace
SAL02107,2023-05-29,ST02,CUS0105,PRD074,1,159.22,99.72,59.5,Online
SAL02108,2024-08-12,ST06,CUS0024,PRD046,2,980.22,527.82,452.4,Online
SAL02109,2023-08-12,ST08,CUS0218,PRD021,3,445.88,353.16,92.72,Online
SAL02110,2024-03-03,ST11,CUS0336,PRD036,2,664.6,398.06,266.54,Online
SAL02111,2023-06-27,ST07,CUS0074,PRD060,1,325.93,165.18,160.75,Marketplace
SAL02112,2024-12-15,ST04,CUS0302,PRD063,1,283.3,149.01,134.29,Mobile App
SAL02113,2024-04-16,ST03,CUS0041,PRD077,2,617.94,365.46,252.48,Marketplace
SAL02114,2023-01-12,ST09,CUS0085,PRD057,1,419.8,203.53,216.27,Marketplace
SAL02115,2024-09-23,ST09,CUS0255,PRD033,3,1015.54,708.51,307.03,Retail Store
SAL02116,2025-03-13,ST01,CUS0151,PRD007,1,365.63,217.75,147.88,Marketplace
SAL02117,2024-06-19,ST07,CUS0306,PRD022,3,485.73,269.34,216.39,Marketplace
SAL02118,2023-02-17,ST12,CUS0094,PRD041,1,198.13,103.96,94.17,Retail Store
SAL02119,2024-12-06,ST04,CUS0249,PRD041,1,198.13,103.96,94.17,Retail Store
SAL02120,2025-01-21,ST05,CUS0010,PRD019,1,278.94,189.52,89.42,Mobile App
SAL02121,2023-01-23,ST01,CUS0361,PRD010,1,317.35,190.06,127.29,Retail Store
SAL02122,2024-06-29,ST03,CUS0036,PRD073,1,476.06,310.4,165.66,Mobile App
SAL02123,2024-01-11,ST04,CUS0353,PRD032,1,606.4,322.6,283.8,Retail Store
SAL02124,2023-04-03,ST06,CUS0217,PRD024,2,150.44,82.02,68.42,Retail Store
SAL02125,2023-12-28,ST07,CUS0318,PRD038,1,266.7,189.75,76.95,Mobile App
SAL02126,2023-05-01,ST02,CUS0016,PRD041,2,356.63,207.92,148.71,Online
SAL02127,2024-03-31,ST02,CUS0108,PRD048,2,438.16,296.72,141.44,Retail Store
SAL02128,2024-02-26,ST06,CUS0369,PRD015,2,962.35,540.58,421.77,Mobile App
SAL02129,2022-12-12,ST08,CUS0203,PRD048,2,438.16,296.72,141.44,Retail Store
SAL02130,2024-05-13,ST01,CUS0245,PRD029,3,598.98,353.49,245.49,Retail Store
SAL02131,2023-04-11,ST10,CUS0141,PRD060,1,362.14,165.18,196.96,Retail Store
SAL02132,2025-06-23,ST07,CUS0185,PRD058,1,451.54,300.58,150.96,Marketplace
SAL02133,2025-01-01,ST03,CUS0004,PRD030,1,255.97,143.34,112.63,Marketplace
SAL02134,2025-07-12,ST04,CUS0233,PRD028,1,213.33,140.6,72.73,Marketplace
SAL02135,2022-07-04,ST01,CUS0043,PRD006,2,312.54,146.84,165.7,Mobile App
SAL02136,2023-01-29,ST07,CUS0088,PRD073,3,1586.88,931.2,655.68,Retail Store
SAL02137,2025-05-17,ST03,CUS0316,PRD071,2,116.72,81.9,34.82,Mobile App
SAL02138,2025-05-10,ST07,CUS0001,PRD002,2,412.44,280.72,131.72,Online
SAL02139,2023-11-25,ST06,CUS0196,PRD068,1,339.4,241.43,97.97,Marketplace
SAL02140,2025-07-20,ST03,CUS0028,PRD052,3,990.18,522.96,467.22,Retail Store
SAL02141,2024-04-18,ST06,CUS0128,PRD035,6,2593.3,1625.82,967.48,Retail Store
SAL02142,2023-05-09,ST02,CUS0242,PRD036,5,1661.5,995.15,666.35,Retail Store
SAL02143,2024-03-30,ST06,CUS0156,PRD005,1,72.21,41.75,30.46,Retail Store
SAL02144,2023-02-10,ST04,CUS0383,PRD041,2,396.26,207.92,188.34,Retail Store
SAL02145,2022-08-27,ST10,CUS0168,PRD074,2,318.44,199.44,119.0,Retail Store
SAL02146,2023-10-25,ST07,CUS0247,PRD020,5,1609.65,1017.7,591.95,Online
SAL02147,2025-07-10,ST08,CUS0388,PRD036,1,315.69,199.03,116.66,Marketplace
SAL02148,2024-05-01,ST06,CUS0026,PRD054,3,191.1,101.07,90.03,Mobile App
SAL02149,2023-12-19,ST06,CUS0077,PRD049,1,436.81,259.65,177.16,Mobile App
SAL02150,2023-09-09,ST03,CUS0140,PRD002,1,206.22,140.36,65.86,Mobile App
SAL02151,2022-11-12,ST01,CUS0134,PRD052,1,313.56,174.32,139.24,Mobile App
SAL02152,2023-01-20,ST02,CUS0213,PRD065,3,743.85,471.63,272.22,Mobile App
SAL02153,2023-08-11,ST12,CUS0055,PRD034,3,422.58,309.0,113.58,Online
SAL02154,2024-12-19,ST08,CUS0398,PRD064,1,170.11,103.2,66.91,Retail Store
SAL02155,2022-08-31,ST09,CUS0288,PRD039,2,737.2,460.52,276.68,Marketplace
SAL02156,2025-02-08,ST09,CUS0189,PRD008,3,854.67,392.04,462.63,Retail Store
SAL02157,2023-05-09,ST11,CUS0256,PRD073,2,1057.92,620.8,437.12,Mobile App
SAL02158,2024-03-09,ST09,CUS0022,PRD063,1,314.78,149.01,165.77,Marketplace
SAL02159,2023-04-29,ST09,CUS0378,PRD063,3,897.12,447.03,450.09,Mobile App
SAL02160,2024-11-29,ST05,CUS0135,PRD006,2,312.54,146.84,165.7,Retail Store
SAL02161,2025-05-08,ST12,CUS0143,PRD039,1,368.6,230.26,138.34,Mobile App
SAL02162,2024-08-12,ST07,CUS0384,PRD019,4,1059.97,758.08,301.89,Retail Store
SAL02163,2023-02-16,ST01,CUS0276,PRD068,1,339.4,241.43,97.97,Retail Store
SAL02164,2025-03-30,ST02,CUS0169,PRD009,3,119.22,61.26,57.96,Marketplace
SAL02165,2024-03-29,ST07,CUS0337,PRD066,1,479.94,293.37,186.57,Marketplace
SAL02166,2022-07-12,ST10,CUS0130,PRD066,1,455.94,293.37,162.57,Retail Store
SAL02167,2023-07-16,ST05,CUS0074,PRD038,3,800.1,569.25,230.85,Marketplace
SAL02168,2024-06-03,ST09,CUS0341,PRD073,2,1057.92,620.8,437.12,Mobile App
SAL02169,2023-05-09,ST08,CUS0003,PRD020,2,679.63,407.08,272.55,Retail Store
SAL02170,2023-10-27,ST01,CUS0335,PRD057,1,441.9,203.53,238.37,Marketplace
SAL02171,2023-03-17,ST05,CUS0040,PRD069,2,771.14,445.28,325.86,Marketplace
SAL02172,2024-05-27,ST08,CUS0296,PRD047,1,351.11,214.53,136.58,Online
SAL02173,2024-04-03,ST11,CUS0384,PRD077,2,652.27,365.46,286.81,Marketplace
SAL02174,2023-04-27,ST02,CUS0378,PRD053,2,1073.74,562.6,511.14,Mobile App
SAL02175,2024-03-14,ST08,CUS0063,PRD033,2,712.66,472.34,240.32,Mobile App
SAL02176,2025-02-01,ST08,CUS0015,PRD005,1,68.6,41.75,26.85,Retail Store
SAL02177,2022-12-18,ST08,CUS0353,PRD011,2,834.76,390.94,443.82,Retail Store
SAL02178,2024-03-15,ST01,CUS0004,PRD069,2,732.58,445.28,287.3,Marketplace
SAL02179,2023-06-22,ST03,CUS0129,PRD071,2,105.05,81.9,23.15,Mobile App
SAL02180,2023-03-05,ST08,CUS0186,PRD048,2,416.25,296.72,119.53,Retail Store
SAL02181,2024-12-24,ST07,CUS0321,PRD068,1,322.43,241.43,81.0,Marketplace
SAL02182,2025-01-15,ST07,CUS0222,PRD006,1,148.46,73.42,75.04,Online
SAL02183,2023-02-14,ST12,CUS0310,PRD012,1,451.66,294.94,156.72,Online
SAL02184,2024-05-24,ST04,CUS0389,PRD071,2,116.72,81.9,34.82,Retail Store
SAL02185,2025-06-09,ST01,CUS0106,PRD034,1,140.86,103.0,37.86,Online
SAL02186,2022-10-11,ST03,CUS0186,PRD015,1,507.91,270.29,237.62,Online
SAL02187,2024-10-11,ST08,CUS0319,PRD047,1,316.0,214.53,101.47,Online
SAL02188,2025-07-06,ST08,CUS0217,PRD026,2,1056.7,480.48,576.22,Retail Store
SAL02189,2023-04-30,ST10,CUS0348,PRD068,1,339.4,241.43,97.97,Online
SAL02190,2023-12-30,ST10,CUS0177,PRD006,1,140.64,73.42,67.22,Mobile App
SAL02191,2022-10-16,ST08,CUS0353,PRD037,1,184.52,94.84,89.68,Retail Store
SAL02192,2025-02-06,ST11,CUS0091,PRD012,2,903.32,589.88,313.44,Mobile App
SAL02193,2023-03-06,ST01,CUS0067,PRD052,2,594.11,348.64,245.47,Online
SAL02194,2023-11-30,ST12,CUS0050,PRD054,1,63.7,33.69,30.01,Retail Store
SAL02195,2023-01-03,ST08,CUS0184,PRD020,1,357.7,203.54,154.16,Retail Store
SAL02196,2023-01-12,ST03,CUS0333,PRD052,1,330.06,174.32,155.74,Marketplace
SAL02197,2023-03-06,ST01,CUS0235,PRD031,1,448.4,226.91,221.49,Mobile App
SAL02198,2022-10-29,ST06,CUS0317,PRD044,1,495.38,340.71,154.67,Retail Store
SAL02199,2023-03-26,ST07,CUS0064,PRD041,1,188.22,103.96,84.26,Marketplace
SAL02200,2023-06-13,ST12,CUS0224,PRD010,2,634.69,380.12,254.57,Online
SAL02201,2024-04-13,ST06,CUS0208,PRD074,1,150.84,99.72,51.12,Marketplace
SAL02202,2024-05-06,ST01,CUS0198,PRD025,2,455.48,288.62,166.86,Mobile App
SAL02203,2023-09-09,ST09,CUS0193,PRD032,1,606.4,322.6,283.8,Online
SAL02204,2023-02-26,ST10,CUS0032,PRD019,1,278.94,189.52,89.42,Online
SAL02205,2022-10-22,ST06,CUS0142,PRD042,2,1240.0,678.82,561.18,Retail Store
SAL02206,2022-10-01,ST05,CUS0315,PRD050,1,127.11,76.64,50.47,Marketplace
SAL02207,2024-09-10,ST04,CUS0238,PRD072,1,496.37,285.8,210.57,Marketplace
SAL02208,2023-11-11,ST04,CUS0275,PRD013,1,572.18,308.2,263.98,Retail Store
SAL02209,2024-10-10,ST11,CUS0027,PRD008,3,854.67,392.04,462.63,Marketplace
SAL02210,2023-09-06,ST09,CUS0166,PRD050,1,127.11,76.64,50.47,Mobile App
SAL02211,2024-05-23,ST10,CUS0365,PRD031,1,448.4,226.91,221.49,Retail Store
SAL02212,2023-09-02,ST07,CUS0142,PRD001,2,741.62,443.42,298.2,Online
SAL02213,2024-03-01,ST12,CUS0333,PRD041,4,752.89,415.84,337.05,Retail Store
SAL02214,2023-05-02,ST12,CUS0312,PRD069,4,1465.17,890.56,574.61,Retail Store
SAL02215,2025-03-19,ST10,CUS0142,PRD050,1,127.11,76.64,50.47,Marketplace
SAL02216,2024-01-05,ST01,CUS0320,PRD048,6,1314.48,890.16,424.32,Mobile App
SAL02217,2024-12-06,ST01,CUS0313,PRD060,3,1086.42,495.54,590.88,Online
SAL02218,2024-02-10,ST08,CUS0135,PRD008,1,284.89,130.68,154.21,Online
SAL02219,2023-06-28,ST09,CUS0336,PRD063,1,283.3,149.01,134.29,Retail Store
SAL02220,2024-01-13,ST07,CUS0234,PRD021,1,165.14,117.72,47.42,Mobile App
SAL02221,2024-05-24,ST01,CUS0097,PRD015,1,534.64,270.29,264.35,Mobile App
SAL02222,2025-01-29,ST10,CUS0061,PRD007,2,692.77,435.5,257.27,Mobile App
SAL02223,2024-05-13,ST05,CUS0169,PRD063,2,598.08,298.02,300.06,Online
SAL02224,2023-08-24,ST01,CUS0261,PRD070,2,842.63,600.66,241.97,Mobile App
SAL02225,2024-08-31,ST05,CUS0249,PRD024,1,79.18,41.01,38.17,Marketplace
SAL02226,2024-05-07,ST03,CUS0262,PRD021,1,148.63,117.72,30.91,Mobile App
SAL02227,2024-08-25,ST03,CUS0228,PRD001,1,370.81,221.71,149.1,Mobile App
SAL02228,2023-08-30,ST01,CUS0095,PRD029,3,598.98,353.49,245.49,Online
SAL02229,2024-12-04,ST02,CUS0185,PRD069,1,385.57,222.64,162.93,Mobile App
SAL02230,2023-02-19,ST04,CUS0060,PRD008,1,284.89,130.68,154.21,Online
SAL02231,2023-06-19,ST02,CUS0240,PRD033,2,712.66,472.34,240.32,Marketplace
SAL02232,2023-09-30,ST08,CUS0262,PRD071,1,58.36,40.95,17.41,Retail Store
SAL02233,2023-04-07,ST04,CUS0063,PRD047,3,948.0,643.59,304.41,Retail Store
SAL02234,2023-05-24,ST05,CUS0326,PRD068,1,339.4,241.43,97.97,Retail Store
SAL02235,2023-03-17,ST02,CUS0384,PRD046,1,490.11,263.91,226.2,Retail Store
SAL02236,2024-05-07,ST12,CUS0012,PRD017,1,80.14,41.34,38.8,Marketplace
SAL02237,2023-12-11,ST01,CUS0324,PRD034,2,313.02,206.0,107.02,Mobile App
SAL02238,2022-07-28,ST07,CUS0170,PRD009,2,71.53,40.84,30.69,Online
SAL02239,2025-05-19,ST03,CUS0396,PRD028,1,202.66,140.6,62.06,Marketplace
SAL02240,2023-04-01,ST07,CUS0075,PRD080,2,629.73,350.16,279.57,Mobile App
SAL02241,2024-08-24,ST09,CUS0116,PRD058,1,428.96,300.58,128.38,Online
SAL02242,2023-11-22,ST03,CUS0291,PRD006,1,156.27,73.42,82.85,Online
SAL02243,2024-12-17,ST01,CUS0309,PRD027,4,2197.96,1165.0,1032.96,Retail Store
SAL02244,2023-09-11,ST04,CUS0212,PRD047,1,333.55,214.53,119.02,Retail Store
SAL02245,2023-07-24,ST03,CUS0042,PRD057,1,441.9,203.53,238.37,Retail Store
SAL02246,2023-09-02,ST04,CUS0245,PRD027,1,520.57,291.25,229.32,Mobile App
SAL02247,2024-01-04,ST03,CUS0045,PRD079,1,106.03,64.58,41.45,Retail Store
SAL02248,2024-09-23,ST07,CUS0114,PRD073,1,502.51,310.4,192.11,Mobile App
SAL02249,2025-04-19,ST05,CUS0221,PRD025,2,455.48,288.62,166.86,Marketplace
SAL02250,2022-10-09,ST12,CUS0348,PRD045,3,1071.33,535.08,536.25,Retail Store
SAL02251,2023-04-14,ST06,CUS0379,PRD040,1,135.92,93.59,42.33,Mobile App
SAL02252,2023-03-15,ST09,CUS0216,PRD048,2,438.16,296.72,141.44,Mobile App
SAL02253,2023-08-17,ST09,CUS0387,PRD005,1,64.99,41.75,23.24,Mobile App
SAL02254,2025-07-27,ST07,CUS0151,PRD014,3,587.55,313.35,274.2,Retail Store
SAL02255,2023-12-21,ST10,CUS0230,PRD069,1,347.01,222.64,124.37,Marketplace
SAL02256,2023-01-06,ST04,CUS0400,PRD053,2,1073.74,562.6,511.14,Retail Store
SAL02257,2025-02-16,ST01,CUS0102,PRD017,3,240.42,124.02,116.4,Online
SAL02258,2024-06-26,ST04,CUS0124,PRD027,3,1561.71,873.75,687.96,Online
SAL02259,2024-05-05,ST10,CUS0339,PRD014,1,186.06,104.45,81.61,Retail Store
SAL02260,2024-12-29,ST01,CUS0167,PRD019,1,251.05,189.52,61.53,Online
SAL02261,2025-02-07,ST05,CUS0009,PRD064,1,170.11,103.2,66.91,Retail Store
SAL02262,2025-07-07,ST09,CUS0126,PRD040,3,430.41,280.77,149.64,Marketplace
SAL02263,2023-08-15,ST05,CUS0264,PRD055,2,696.52,377.5,319.02,Retail Store
SAL02264,2024-11-03,ST03,CUS0334,PRD064,1,161.6,103.2,58.4,Retail Store
SAL02265,2022-10-10,ST06,CUS0238,PRD021,1,156.88,117.72,39.16,Marketplace
SAL02266,2025-04-27,ST07,CUS0104,PRD055,2,659.86,377.5,282.36,Retail Store
SAL02267,2022-10-13,ST08,CUS0106,PRD046,3,1470.33,791.73,678.6,Retail Store
SAL02268,2024-08-21,ST09,CUS0397,PRD072,1,551.52,285.8,265.72,Online
SAL02269,2022-08-26,ST10,CUS0023,PRD025,1,216.35,144.31,72.04,Retail Store
SAL02270,2022-09-28,ST10,CUS0312,PRD012,1,406.49,294.94,111.55,Online
SAL02271,2025-05-15,ST08,CUS0238,PRD038,2,533.4,379.5,153.9,Marketplace
SAL02272,2023-11-23,ST09,CUS0051,PRD047,3,1000.66,643.59,357.07,Online
SAL02273,2023-05-27,ST10,CUS0002,PRD014,3,528.79,313.35,215.44,Marketplace
SAL02274,2025-02-21,ST08,CUS0207,PRD025,2,409.93,288.62,121.31,Online
SAL02275,2023-05-10,ST11,CUS0333,PRD065,1,261.0,157.21,103.79,Marketplace
SAL02276,2025-04-27,ST07,CUS0294,PRD070,1,468.13,300.33,167.8,Retail Store
SAL02277,2023-03-15,ST07,CUS0397,PRD049,2,827.64,519.3,308.34,Retail Store
SAL02278,2023-06-16,ST10,CUS0250,PRD021,1,165.14,117.72,47.42,Mobile App
SAL02279,2024-02-07,ST03,CUS0190,PRD021,2,297.25,235.44,61.81,Mobile App
SAL02280,2023-03-19,ST09,CUS0166,PRD049,2,919.6,519.3,400.3,Marketplace
SAL02281,2022-10-12,ST02,CUS0398,PRD070,1,444.72,300.33,144.39,Online
SAL02282,2022-08-28,ST05,CUS0324,PRD021,1,165.14,117.72,47.42,Marketplace
SAL02283,2024-07-07,ST01,CUS0227,PRD078,1,353.29,173.39,179.9,Retail Store
SAL02284,2024-11-30,ST01,CUS0286,PRD006,1,140.64,73.42,67.22,Online
SAL02285,2025-06-09,ST12,CUS0287,PRD034,2,313.02,206.0,107.02,Mobile App
SAL02286,2025-05-26,ST09,CUS0132,PRD034,2,297.37,206.0,91.37,Retail Store
SAL02287,2023-01-15,ST04,CUS0274,PRD035,1,480.24,270.97,209.27,Mobile App
SAL02288,2024-03-08,ST09,CUS0163,PRD054,2,121.03,67.38,53.65,Marketplace
SAL02289,2025-05-26,ST01,CUS0199,PRD018,2,1095.3,624.7,470.6,Retail Store
SAL02290,2025-04-03,ST11,CUS0036,PRD028,1,192.0,140.6,51.4,Retail Store
SAL02291,2023-03-24,ST07,CUS0361,PRD055,1,348.26,188.75,159.51,Mobile App
SAL02292,2024-12-26,ST11,CUS0164,PRD008,3,769.2,392.04,377.16,Marketplace
SAL02293,2023-02-06,ST11,CUS0114,PRD039,2,737.2,460.52,276.68,Marketplace
SAL02294,2024-09-10,ST12,CUS0005,PRD072,1,551.52,285.8,265.72,Marketplace
SAL02295,2022-09-14,ST11,CUS0089,PRD068,1,339.4,241.43,97.97,Online
SAL02296,2022-10-23,ST03,CUS0055,PRD057,2,839.61,407.06,432.55,Marketplace
SAL02297,2025-01-06,ST02,CUS0148,PRD003,3,1555.68,845.25,710.43,Mobile App
SAL02298,2023-01-18,ST11,CUS0277,PRD063,2,629.56,298.02,331.54,Online
SAL02299,2022-11-17,ST12,CUS0103,PRD057,1,441.9,203.53,238.37,Mobile App
SAL02300,2023-12-03,ST08,CUS0062,PRD022,1,179.9,89.78,90.12,Marketplace
SAL02301,2024-11-03,ST08,CUS0139,PRD018,2,985.77,624.7,361.07,Mobile App
SAL02302,2024-09-22,ST04,CUS0127,PRD033,1,356.33,236.17,120.16,Marketplace
SAL02303,2022-12-19,ST08,CUS0082,PRD070,1,468.13,300.33,167.8,Retail Store
SAL02304,2025-05-15,ST10,CUS0333,PRD046,1,465.6,263.91,201.69,Marketplace
SAL02305,2023-04-03,ST01,CUS0070,PRD056,1,371.75,269.62,102.13,Mobile App
SAL02306,2022-07-10,ST09,CUS0226,PRD002,1,206.22,140.36,65.86,Marketplace
SAL02307,2025-02-18,ST02,CUS0007,PRD033,1,356.33,236.17,120.16,Marketplace
SAL02308,2024-11-09,ST07,CUS0151,PRD058,1,428.96,300.58,128.38,Online
SAL02309,2024-01-29,ST10,CUS0308,PRD015,3,1523.72,810.87,712.85,Mobile App
SAL02310,2022-07-24,ST11,CUS0176,PRD055,1,366.59,188.75,177.84,Mobile App
SAL02311,2024-01-20,ST05,CUS0340,PRD044,2,1100.84,681.42,419.42,Mobile App
SAL02312,2022-09-03,ST07,CUS0288,PRD043,1,262.19,163.5,98.69,Marketplace
SAL02313,2022-11-29,ST03,CUS0313,PRD023,2,295.58,173.84,121.74,Retail Store
SAL02314,2022-08-24,ST03,CUS0083,PRD060,3,1032.1,495.54,536.56,Marketplace
SAL02315,2022-12-23,ST01,CUS0139,PRD079,1,100.73,64.58,36.15,Retail Store
SAL02316,2022-11-26,ST05,CUS0161,PRD013,1,572.18,308.2,263.98,Online
SAL02317,2025-02-25,ST08,CUS0084,PRD067,2,989.68,527.2,462.48,Marketplace
SAL02318,2025-01-25,ST04,CUS0270,PRD069,1,385.57,222.64,162.93,Online
SAL02319,2024-04-07,ST11,CUS0275,PRD026,1,475.52,240.24,235.28,Marketplace
SAL02320,2023-05-11,ST06,CUS0080,PRD018,1,547.65,312.35,235.3,Marketplace
SAL02321,2023-04-03,ST07,CUS0379,PRD065,2,522.0,314.42,207.58,Marketplace
SAL02322,2023-01-14,ST01,CUS0045,PRD056,1,413.05,269.62,143.43,Mobile App
SAL02323,2022-11-01,ST08,CUS0191,PRD052,1,330.06,174.32,155.74,Retail Store
SAL02324,2023-04-06,ST04,CUS0160,PRD072,2,1047.89,571.6,476.29,Retail Store
SAL02325,2024-06-20,ST10,CUS0396,PRD040,2,302.04,187.18,114.86,Marketplace
SAL02326,2024-10-27,ST04,CUS0247,PRD019,2,557.88,379.04,178.84,Retail Store
SAL02327,2022-09-14,ST01,CUS0017,PRD052,1,330.06,174.32,155.74,Online
SAL02328,2023-08-29,ST05,CUS0212,PRD055,2,696.52,377.5,319.02,Retail Store
SAL02329,2022-07-01,ST02,CUS0223,PRD075,2,1013.42,512.9,500.52,Retail Store
SAL02330,2023-12-01,ST01,CUS0043,PRD073,1,528.96,310.4,218.56,Retail Store
SAL02331,2024-12-16,ST06,CUS0201,PRD056,2,743.49,539.24,204.25,Mobile App
SAL02332,2024-08-01,ST05,CUS0174,PRD040,2,302.04,187.18,114.86,Retail Store
SAL02333,2023-09-18,ST08,CUS0050,PRD007,5,1731.91,1088.75,643.16,Mobile App
SAL02334,2024-03-01,ST11,CUS0067,PRD052,1,313.56,174.32,139.24,Mobile App
SAL02335,2023-09-28,ST11,CUS0003,PRD021,2,330.28,235.44,94.84,Online
SAL02336,2024-02-12,ST11,CUS0175,PRD017,3,216.38,124.02,92.36,Marketplace
SAL02337,2025-06-18,ST08,CUS0029,PRD026,1,528.35,240.24,288.11,Online
SAL02338,2025-05-28,ST07,CUS0211,PRD014,1,195.85,104.45,91.4,Marketplace
SAL02339,2023-08-03,ST01,CUS0055,PRD073,1,502.51,310.4,192.11,Retail Store
SAL02340,2024-05-12,ST11,CUS0348,PRD069,2,732.58,445.28,287.3,Retail Store
SAL02341,2024-09-16,ST02,CUS0254,PRD016,3,1013.4,535.47,477.93,Mobile App
SAL02342,2024-10-21,ST03,CUS0328,PRD001,2,741.62,443.42,298.2,Retail Store
SAL02343,2024-10-24,ST05,CUS0209,PRD003,1,518.56,281.75,236.81,Online
SAL02344,2024-02-10,ST05,CUS0216,PRD059,1,310.62,162.6,148.02,Mobile App
SAL02345,2023-10-03,ST05,CUS0331,PRD074,1,159.22,99.72,59.5,Mobile App
SAL02346,2024-01-18,ST11,CUS0221,PRD018,1,547.65,312.35,235.3,Retail Store
SAL02347,2024-01-14,ST05,CUS0099,PRD041,1,188.22,103.96,84.26,Marketplace
SAL02348,2024-12-23,ST02,CUS0041,PRD034,1,148.68,103.0,45.68,Retail Store
SAL02349,2023-02-18,ST06,CUS0261,PRD021,1,148.63,117.72,30.91,Mobile App
SAL02350,2024-05-06,ST09,CUS0368,PRD025,1,204.97,144.31,60.66,Marketplace
SAL02351,2023-08-18,ST10,CUS0184,PRD044,1,495.38,340.71,154.67,Marketplace
SAL02352,2023-06-02,ST12,CUS0289,PRD041,2,396.26,207.92,188.34,Retail Store
SAL02353,2024-05-11,ST02,CUS0371,PRD034,1,156.51,103.0,53.51,Mobile App
SAL02354,2023-10-08,ST12,CUS0272,PRD021,1,165.14,117.72,47.42,Online
SAL02355,2023-08-28,ST07,CUS0051,PRD007,2,769.74,435.5,334.24,Online
SAL02356,2023-08-25,ST04,CUS0338,PRD003,2,1037.12,563.5,473.62,Marketplace
SAL02357,2023-06-20,ST05,CUS0361,PRD059,1,310.62,162.6,148.02,Mobile App
SAL02358,2023-02-09,ST12,CUS0117,PRD030,1,255.97,143.34,112.63,Mobile App
SAL02359,2022-07-19,ST08,CUS0348,PRD045,2,642.8,356.72,286.08,Marketplace
SAL02360,2023-11-03,ST11,CUS0355,PRD064,1,170.11,103.2,66.91,Retail Store
SAL02361,2024-06-18,ST08,CUS0242,PRD038,2,533.4,379.5,153.9,Mobile App
SAL02362,2022-12-13,ST05,CUS0369,PRD051,1,124.94,72.37,52.57,Marketplace
SAL02363,2025-03-01,ST09,CUS0379,PRD020,1,357.7,203.54,154.16,Mobile App
SAL02364,2024-12-07,ST01,CUS0289,PRD014,2,372.11,208.9,163.21,Marketplace
SAL02365,2024-10-21,ST01,CUS0012,PRD010,2,601.29,380.12,221.17,Marketplace
SAL02366,2024-06-30,ST05,CUS0150,PRD072,1,551.52,285.8,265.72,Online
SAL02367,2023-06-06,ST04,CUS0292,PRD075,1,506.71,256.45,250.26,Marketplace
SAL02368,2023-04-02,ST02,CUS0068,PRD034,1,156.51,103.0,53.51,Online
SAL02369,2022-07-19,ST09,CUS0183,PRD055,1,366.59,188.75,177.84,Marketplace
SAL02370,2023-03-13,ST03,CUS0393,PRD007,5,1924.35,1088.75,835.6,Retail Store
SAL02371,2023-11-07,ST11,CUS0176,PRD001,1,370.81,221.71,149.1,Marketplace
SAL02372,2023-12-31,ST10,CUS0294,PRD073,1,528.96,310.4,218.56,Mobile App
SAL02373,2023-12-08,ST05,CUS0381,PRD068,1,339.4,241.43,97.97,Mobile App
SAL02374,2023-12-06,ST06,CUS0194,PRD045,1,357.11,178.36,178.75,Online
SAL02375,2025-03-20,ST04,CUS0147,PRD029,2,399.32,235.66,163.66,Mobile App
SAL02376,2023-12-04,ST08,CUS0367,PRD008,1,284.89,130.68,154.21,Retail Store
SAL02377,2023-10-12,ST04,CUS0334,PRD054,1,63.7,33.69,30.01,Online
SAL02378,2022-08-27,ST10,CUS0169,PRD076,1,132.2,81.2,51.0,Online
SAL02379,2025-06-02,ST09,CUS0231,PRD042,3,1860.0,1018.23,841.77,Mobile App
SAL02380,2025-04-06,ST12,CUS0011,PRD080,1,332.36,175.08,157.28,Online
SAL02381,2025-05-05,ST09,CUS0080,PRD016,2,675.6,356.98,318.62,Retail Store
SAL02382,2023-05-29,ST03,CUS0037,PRD013,4,2174.28,1232.8,941.48,Mobile App
SAL02383,2022-08-29,ST11,CUS0049,PRD020,2,643.86,407.08,236.78,Retail Store
SAL02384,2023-12-06,ST05,CUS0132,PRD041,2,376.45,207.92,168.53,Online
SAL02385,2023-09-09,ST08,CUS0326,PRD060,2,724.28,330.36,393.92,Marketplace
SAL02386,2024-07-05,ST01,CUS0190,PRD008,1,270.65,130.68,139.97,Retail Store
SAL02387,2023-10-31,ST11,CUS0190,PRD080,1,349.85,175.08,174.77,Marketplace
SAL02388,2024-05-04,ST11,CUS0198,PRD017,1,80.14,41.34,38.8,Online
SAL02389,2023-08-04,ST03,CUS0208,PRD057,1,441.9,203.53,238.37,Online
SAL02390,2024-01-29,ST06,CUS0219,PRD017,1,76.13,41.34,34.79,Online
SAL02391,2023-12-20,ST08,CUS0394,PRD001,2,667.46,443.42,224.04,Retail Store
SAL02392,2025-05-17,ST08,CUS0379,PRD033,2,712.66,472.34,240.32,Marketplace
SAL02393,2025-03-05,ST12,CUS0319,PRD066,1,479.94,293.37,186.57,Marketplace
SAL02394,2023-12-22,ST08,CUS0265,PRD078,1,335.63,173.39,162.24,Mobile App
SAL02395,2023-08-01,ST11,CUS0359,PRD021,1,165.14,117.72,47.42,Marketplace
SAL02396,2023-02-03,ST10,CUS0200,PRD025,1,227.74,144.31,83.43,Mobile App
SAL02397,2025-05-04,ST05,CUS0142,PRD047,1,351.11,214.53,136.58,Online
SAL02398,2023-01-03,ST08,CUS0186,PRD065,2,469.8,314.42,155.38,Online
SAL02399,2025-07-22,ST07,CUS0085,PRD068,2,678.8,482.86,195.94,Retail Store
SAL02400,2022-12-12,ST06,CUS0215,PRD013,4,2288.72,1232.8,1055.92,Mobile App
SAL02401,2024-09-08,ST10,CUS0371,PRD078,1,353.29,173.39,179.9,Online
SAL02402,2023-04-30,ST08,CUS0146,PRD062,1,360.06,264.27,95.79,Marketplace
SAL02403,2022-07-28,ST11,CUS0185,PRD013,3,1716.54,924.6,791.94,Online
SAL02404,2023-03-04,ST02,CUS0105,PRD025,1,216.35,144.31,72.04,Online
SAL02405,2024-02-07,ST04,CUS0341,PRD010,2,668.1,380.12,287.98,Marketplace
SAL02406,2022-07-28,ST02,CUS0197,PRD043,1,248.39,163.5,84.89,Marketplace
SAL02407,2023-09-28,ST07,CUS0238,PRD013,1,572.18,308.2,263.98,Retail Store
SAL02408,2024-12-16,ST01,CUS0058,PRD019,3,836.82,568.56,268.26,Retail Store
SAL02409,2023-12-01,ST09,CUS0256,PRD022,1,170.91,89.78,81.13,Mobile App
SAL02410,2024-05-31,ST10,CUS0395,PRD079,2,212.06,129.16,82.9,Marketplace
SAL02411,2023-05-17,ST01,CUS0394,PRD008,1,284.89,130.68,154.21,Retail Store
SAL02412,2022-08-27,ST04,CUS0167,PRD017,1,72.13,41.34,30.79,Retail Store
SAL02413,2024-02-03,ST02,CUS0099,PRD054,2,114.66,67.38,47.28,Retail Store
SAL02414,2022-11-16,ST08,CUS0111,PRD043,2,524.38,327.0,197.38,Online
SAL02415,2023-11-06,ST09,CUS0374,PRD022,1,170.91,89.78,81.13,Online
SAL02416,2023-12-31,ST11,CUS0147,PRD064,2,323.21,206.4,116.81,Online
SAL02417,2024-11-06,ST09,CUS0203,PRD023,3,443.37,260.76,182.61,Marketplace
SAL02418,2022-08-10,ST02,CUS0100,PRD041,2,396.26,207.92,188.34,Mobile App
SAL02419,2024-11-24,ST05,CUS0343,PRD021,2,330.28,235.44,94.84,Marketplace
SAL02420,2024-09-28,ST01,CUS0337,PRD018,2,1040.53,624.7,415.83,Mobile App
SAL02421,2024-03-29,ST04,CUS0309,PRD058,1,451.54,300.58,150.96,Mobile App
SAL02422,2022-09-14,ST11,CUS0129,PRD039,5,1658.7,1151.3,507.4,Mobile App
SAL02423,2025-06-25,ST12,CUS0304,PRD015,1,481.18,270.29,210.89,Marketplace
SAL02424,2025-05-16,ST11,CUS0162,PRD035,1,432.22,270.97,161.25,Marketplace
SAL02425,2023-08-30,ST05,CUS0325,PRD023,1,164.21,86.92,77.29,Mobile App
SAL02426,2024-07-13,ST12,CUS0295,PRD001,1,370.81,221.71,149.1,Marketplace
SAL02427,2023-11-08,ST02,CUS0341,PRD058,1,451.54,300.58,150.96,Marketplace
SAL02428,2024-09-21,ST11,CUS0341,PRD030,1,243.17,143.34,99.83,Mobile App
SAL02429,2023-04-27,ST08,CUS0332,PRD001,4,1483.24,886.84,596.4,Mobile App
SAL02430,2022-12-08,ST03,CUS0278,PRD015,1,534.64,270.29,264.35,Retail Store
SAL02431,2025-04-26,ST04,CUS0016,PRD016,1,337.8,178.49,159.31,Marketplace
SAL02432,2022-10-13,ST01,CUS0067,PRD058,3,1286.89,901.74,385.15,Mobile App
SAL02433,2023-09-06,ST05,CUS0054,PRD075,1,506.71,256.45,250.26,Mobile App
SAL02434,2023-09-18,ST02,CUS0220,PRD054,4,229.32,134.76,94.56,Marketplace
SAL02435,2022-08-17,ST08,CUS0373,PRD052,1,313.56,174.32,139.24,Retail Store
SAL02436,2023-06-07,ST06,CUS0369,PRD012,1,451.66,294.94,156.72,Mobile App
SAL02437,2025-06-08,ST01,CUS0140,PRD031,1,448.4,226.91,221.49,Retail Store
SAL02438,2023-02-04,ST11,CUS0201,PRD024,1,79.18,41.01,38.17,Mobile App
SAL02439,2024-04-02,ST12,CUS0194,PRD059,3,931.86,487.8,444.06,Marketplace
SAL02440,2023-10-14,ST11,CUS0215,PRD048,2,416.25,296.72,119.53,Mobile App
SAL02441,2025-01-15,ST12,CUS0099,PRD059,3,931.86,487.8,444.06,Marketplace
SAL02442,2022-12-18,ST02,CUS0155,PRD062,1,400.07,264.27,135.8,Mobile App
SAL02443,2024-03-07,ST09,CUS0222,PRD001,1,370.81,221.71,149.1,Retail Store
SAL02444,2023-04-14,ST04,CUS0124,PRD020,1,357.7,203.54,154.16,Mobile App
SAL02445,2025-04-27,ST12,CUS0390,PRD055,3,1099.77,566.25,533.52,Retail Store
SAL02446,2022-07-01,ST08,CUS0360,PRD040,6,906.12,561.54,344.58,Marketplace
SAL02447,2022-09-13,ST06,CUS0193,PRD013,1,572.18,308.2,263.98,Marketplace
SAL02448,2025-02-22,ST06,CUS0007,PRD029,1,199.66,117.83,81.83,Mobile App
SAL02449,2023-04-25,ST10,CUS0279,PRD022,3,539.7,269.34,270.36,Marketplace
SAL02450,2023-12-26,ST11,CUS0036,PRD068,1,322.43,241.43,81.0,Online
SAL02451,2022-09-13,ST01,CUS0104,PRD075,1,456.04,256.45,199.59,Marketplace
SAL02452,2023-12-10,ST01,CUS0181,PRD015,2,1015.82,540.58,475.24,Retail Store
SAL02453,2025-07-09,ST07,CUS0222,PRD007,1,384.87,217.75,167.12,Marketplace
SAL02454,2025-05-07,ST04,CUS0028,PRD078,4,1342.5,693.56,648.94,Marketplace
SAL02455,2024-01-07,ST10,CUS0170,PRD008,1,284.89,130.68,154.21,Mobile App
SAL02456,2022-09-29,ST08,CUS0062,PRD016,1,304.02,178.49,125.53,Marketplace
SAL02457,2023-11-30,ST07,CUS0312,PRD057,3,1325.7,610.59,715.11,Retail Store
SAL02458,2025-04-08,ST05,CUS0295,PRD077,1,326.13,182.73,143.4,Marketplace
SAL02459,2024-05-25,ST10,CUS0291,PRD005,1,68.6,41.75,26.85,Retail Store
SAL02460,2025-07-07,ST05,CUS0237,PRD071,3,157.57,122.85,34.72,Marketplace
SAL02461,2025-02-12,ST03,CUS0077,PRD009,1,35.77,20.42,15.35,Online
SAL02462,2025-06-11,ST11,CUS0263,PRD003,1,492.63,281.75,210.88,Mobile App
SAL02463,2023-04-17,ST10,CUS0232,PRD061,1,316.24,170.32,145.92,Online
SAL02464,2024-03-20,ST04,CUS0399,PRD033,3,1015.54,708.51,307.03,Mobile App
SAL02465,2025-03-28,ST09,CUS0207,PRD080,1,332.36,175.08,157.28,Marketplace
SAL02466,2025-01-02,ST05,CUS0229,PRD023,1,147.79,86.92,60.87,Online
SAL02467,2023-07-08,ST01,CUS0007,PRD030,1,230.37,143.34,87.03,Marketplace
SAL02468,2024-07-18,ST05,CUS0167,PRD009,1,37.75,20.42,17.33,Mobile App
SAL02469,2024-02-14,ST01,CUS0182,PRD076,1,132.2,81.2,51.0,Online
SAL02470,2024-07-21,ST08,CUS0197,PRD028,3,639.99,421.8,218.19,Retail Store
SAL02471,2025-01-26,ST07,CUS0168,PRD009,3,113.26,61.26,52.0,Retail Store
SAL02472,2024-04-25,ST09,CUS0010,PRD036,2,664.6,398.06,266.54,Online
SAL02473,2024-08-07,ST07,CUS0386,PRD038,1,266.7,189.75,76.95,Retail Store
SAL02474,2024-12-24,ST02,CUS0231,PRD031,4,1703.92,907.64,796.28,Mobile App
SAL02475,2024-11-23,ST05,CUS0291,PRD008,1,284.89,130.68,154.21,Online
SAL02476,2023-04-03,ST10,CUS0192,PRD014,2,372.11,208.9,163.21,Online
SAL02477,2025-01-03,ST02,CUS0276,PRD061,1,351.38,170.32,181.06,Retail Store
SAL02478,2023-11-01,ST06,CUS0033,PRD079,2,212.06,129.16,82.9,Retail Store
SAL02479,2023-05-03,ST10,CUS0196,PRD031,2,896.8,453.82,442.98,Retail Store
SAL02480,2025-05-24,ST10,CUS0226,PRD036,1,332.3,199.03,133.27,Mobile App
SAL02481,2023-06-04,ST05,CUS0376,PRD056,1,413.05,269.62,143.43,Mobile App
SAL02482,2025-06-30,ST06,CUS0395,PRD008,2,512.8,261.36,251.44,Retail Store
SAL02483,2025-07-21,ST10,CUS0051,PRD043,1,275.99,163.5,112.49,Mobile App
SAL02484,2022-08-27,ST09,CUS0254,PRD020,2,643.86,407.08,236.78,Retail Store
SAL02485,2024-04-27,ST11,CUS0319,PRD010,1,334.05,190.06,143.99,Marketplace
SAL02486,2024-12-19,ST01,CUS0306,PRD069,1,385.57,222.64,162.93,Marketplace
SAL02487,2023-04-17,ST07,CUS0328,PRD007,1,346.38,217.75,128.63,Retail Store
SAL02488,2025-01-13,ST02,CUS0158,PRD038,2,506.73,379.5,127.23,Marketplace
SAL02489,2024-03-16,ST02,CUS0050,PRD050,1,120.75,76.64,44.11,Marketplace
SAL02490,2025-02-05,ST05,CUS0312,PRD020,1,357.7,203.54,154.16,Retail Store
SAL02491,2023-03-04,ST01,CUS0241,PRD053,2,966.37,562.6,403.77,Retail Store
SAL02492,2025-06-11,ST09,CUS0380,PRD044,1,550.42,340.71,209.71,Online
SAL02493,2023-12-05,ST01,CUS0348,PRD036,1,332.3,199.03,133.27,Marketplace
SAL02494,2022-12-20,ST11,CUS0365,PRD063,2,566.6,298.02,268.58,Mobile App
SAL02495,2022-10-20,ST05,CUS0091,PRD062,5,2000.35,1321.35,679.0,Retail Store
SAL02496,2024-03-02,ST04,CUS0031,PRD030,3,767.91,430.02,337.89,Mobile App
SAL02497,2023-08-13,ST09,CUS0383,PRD009,3,113.26,61.26,52.0,Retail Store
SAL02498,2024-10-14,ST10,CUS0178,PRD058,1,406.39,300.58,105.81,Marketplace
SAL02499,2023-10-16,ST03,CUS0396,PRD023,3,492.63,260.76,231.87,Mobile App
SAL02500,2023-07-08,ST05,CUS0215,PRD060,2,724.28,330.36,393.92,Mobile App
SAL02501,2022-09-30,ST09,CUS0178,PRD076,1,132.2,81.2,51.0,Online
SAL02502,2022-12-30,ST10,CUS0039,PRD047,2,632.0,429.06,202.94,Retail Store
SAL02503,2023-12-24,ST03,CUS0006,PRD011,2,793.02,390.94,402.08,Online
SAL02504,2025-05-11,ST10,CUS0135,PRD028,1,213.33,140.6,72.73,Online
SAL02505,2022-09-13,ST08,CUS0385,PRD057,1,419.8,203.53,216.27,Retail Store
SAL02506,2023-06-19,ST10,CUS0168,PRD069,2,771.14,445.28,325.86,Online
SAL02507,2025-03-28,ST03,CUS0260,PRD055,1,366.59,188.75,177.84,Mobile App
SAL02508,2023-11-03,ST04,CUS0136,PRD048,2,438.16,296.72,141.44,Mobile App
SAL02509,2025-01-03,ST02,CUS0094,PRD069,2,771.14,445.28,325.86,Retail Store
SAL02510,2022-12-21,ST06,CUS0062,PRD016,3,1013.4,535.47,477.93,Marketplace
SAL02511,2023-12-15,ST05,CUS0309,PRD052,3,990.18,522.96,467.22,Mobile App
SAL02512,2022-08-04,ST10,CUS0108,PRD014,2,352.53,208.9,143.63,Mobile App
SAL02513,2025-05-21,ST03,CUS0128,PRD048,2,438.16,296.72,141.44,Marketplace
SAL02514,2022-11-11,ST09,CUS0008,PRD047,1,351.11,214.53,136.58,Marketplace
SAL02515,2023-03-23,ST08,CUS0061,PRD032,4,2553.28,1290.4,1262.88,Online
SAL02516,2025-03-16,ST11,CUS0077,PRD041,2,396.26,207.92,188.34,Online
SAL02517,2024-01-05,ST05,CUS0121,PRD036,3,996.9,597.09,399.81,Retail Store
SAL02518,2025-06-14,ST06,CUS0292,PRD027,2,1098.98,582.5,516.48,Marketplace
SAL02519,2024-04-23,ST03,CUS0224,PRD042,1,558.0,339.41,218.59,Retail Store
SAL02520,2023-09-30,ST04,CUS0102,PRD063,1,314.78,149.01,165.77,Retail Store
SAL02521,2025-02-11,ST12,CUS0216,PRD002,1,206.22,140.36,65.86,Mobile App
SAL02522,2023-05-19,ST09,CUS0369,PRD042,1,620.0,339.41,280.59,Mobile App
SAL02523,2024-05-18,ST10,CUS0088,PRD067,1,494.84,263.6,231.24,Retail Store
SAL02524,2023-01-02,ST09,CUS0348,PRD061,2,702.76,340.64,362.12,Marketplace
SAL02525,2022-12-27,ST12,CUS0188,PRD024,2,158.36,82.02,76.34,Marketplace
SAL02526,2023-07-04,ST04,CUS0296,PRD024,2,150.44,82.02,68.42,Retail Store
SAL02527,2023-08-29,ST03,CUS0386,PRD055,1,366.59,188.75,177.84,Marketplace
SAL02528,2022-10-02,ST01,CUS0195,PRD028,1,192.0,140.6,51.4,Retail Store
SAL02529,2022-10-01,ST09,CUS0181,PRD048,1,219.08,148.36,70.72,Online
SAL02530,2024-12-13,ST04,CUS0074,PRD054,3,191.1,101.07,90.03,Marketplace
SAL02531,2022-07-10,ST01,CUS0192,PRD059,4,1242.48,650.4,592.08,Retail Store
SAL02532,2024-02-29,ST03,CUS0102,PRD048,1,208.13,148.36,59.77,Retail Store
SAL02533,2024-01-06,ST02,CUS0154,PRD028,1,213.33,140.6,72.73,Marketplace
SAL02534,2022-10-12,ST07,CUS0173,PRD062,2,720.13,528.54,191.59,Marketplace
SAL02535,2025-06-27,ST08,CUS0377,PRD028,1,213.33,140.6,72.73,Online
SAL02536,2024-12-26,ST10,CUS0303,PRD057,1,397.71,203.53,194.18,Marketplace
SAL02537,2024-06-29,ST01,CUS0269,PRD002,1,206.22,140.36,65.86,Online
SAL02538,2025-07-21,ST09,CUS0095,PRD065,3,704.7,471.63,233.07,Retail Store
SAL02539,2022-07-03,ST03,CUS0361,PRD023,1,164.21,86.92,77.29,Marketplace
SAL02540,2023-01-16,ST12,CUS0232,PRD043,1,275.99,163.5,112.49,Online
SAL02541,2022-11-28,ST07,CUS0389,PRD063,1,314.78,149.01,165.77,Mobile App
SAL02542,2025-07-12,ST03,CUS0059,PRD043,1,275.99,163.5,112.49,Marketplace
SAL02543,2023-08-17,ST03,CUS0087,PRD020,1,357.7,203.54,154.16,Online
SAL02544,2024-08-11,ST07,CUS0396,PRD036,1,332.3,199.03,133.27,Mobile App
SAL02545,2025-01-16,ST10,CUS0302,PRD017,1,76.13,41.34,34.79,Retail Store
SAL02546,2023-08-07,ST01,CUS0266,PRD027,1,549.49,291.25,258.24,Retail Store
SAL02547,2024-04-05,ST07,CUS0348,PRD072,1,551.52,285.8,265.72,Marketplace
SAL02548,2022-08-15,ST11,CUS0304,PRD073,2,1057.92,620.8,437.12,Mobile App
SAL02549,2025-04-01,ST01,CUS0039,PRD044,1,522.9,340.71,182.19,Online
SAL02550,2023-07-07,ST03,CUS0369,PRD067,2,890.71,527.2,363.51,Online
SAL02551,2022-08-13,ST03,CUS0196,PRD010,2,601.29,380.12,221.17,Marketplace
SAL02552,2024-04-17,ST12,CUS0157,PRD002,2,412.44,280.72,131.72,Marketplace
SAL02553,2025-07-17,ST12,CUS0192,PRD065,3,743.85,471.63,272.22,Retail Store
SAL02554,2024-05-22,ST07,CUS0126,PRD008,1,284.89,130.68,154.21,Retail Store
SAL02555,2025-01-10,ST10,CUS0193,PRD047,1,351.11,214.53,136.58,Marketplace
SAL02556,2023-02-02,ST11,CUS0162,PRD023,1,164.21,86.92,77.29,Marketplace
SAL02557,2023-01-08,ST02,CUS0154,PRD079,1,106.03,64.58,41.45,Online
SAL02558,2023-09-14,ST09,CUS0087,PRD041,1,178.32,103.96,74.36,Retail Store
SAL02559,2025-07-23,ST09,CUS0264,PRD071,2,110.88,81.9,28.98,Retail Store
SAL02560,2022-10-30,ST02,CUS0036,PRD068,1,339.4,241.43,97.97,Marketplace
SAL02561,2024-04-29,ST10,CUS0145,PRD013,1,572.18,308.2,263.98,Online
SAL02562,2024-05-23,ST04,CUS0014,PRD052,1,313.56,174.32,139.24,Retail Store
SAL02563,2024-02-13,ST06,CUS0333,PRD065,1,234.9,157.21,77.69,Mobile App
SAL02564,2025-01-22,ST05,CUS0395,PRD034,1,156.51,103.0,53.51,Marketplace
SAL02565,2023-05-17,ST02,CUS0400,PRD018,1,547.65,312.35,235.3,Online
SAL02566,2022-09-12,ST12,CUS0366,PRD056,1,392.4,269.62,122.78,Marketplace
SAL02567,2024-05-13,ST09,CUS0109,PRD054,2,127.4,67.38,60.02,Retail Store
SAL02568,2023-04-19,ST11,CUS0039,PRD076,2,237.96,162.4,75.56,Retail Store
SAL02569,2024-06-24,ST09,CUS0120,PRD039,1,368.6,230.26,138.34,Online
SAL02570,2024-08-27,ST10,CUS0395,PRD006,1,148.46,73.42,75.04,Marketplace
SAL02571,2022-10-17,ST07,CUS0395,PRD043,1,248.39,163.5,84.89,Mobile App
SAL02572,2024-05-13,ST09,CUS0061,PRD023,1,164.21,86.92,77.29,Retail Store
SAL02573,2024-08-14,ST12,CUS0270,PRD009,1,37.75,20.42,17.33,Mobile App
SAL02574,2022-08-06,ST10,CUS0086,PRD060,2,724.28,330.36,393.92,Online
SAL02575,2025-02-14,ST03,CUS0063,PRD014,2,372.11,208.9,163.21,Mobile App
SAL02576,2024-07-18,ST08,CUS0355,PRD080,3,1049.55,525.24,524.31,Marketplace
SAL02577,2024-08-21,ST01,CUS0112,PRD001,1,370.81,221.71,149.1,Online
SAL02578,2024-12-29,ST02,CUS0069,PRD014,2,372.11,208.9,163.21,Retail Store
SAL02579,2023-08-08,ST01,CUS0385,PRD058,2,903.08,601.16,301.92,Online
SAL02580,2024-01-24,ST08,CUS0072,PRD032,1,638.32,322.6,315.72,Retail Store
SAL02581,2023-05-27,ST06,CUS0273,PRD011,1,375.64,195.47,180.17,Online
SAL02582,2024-09-02,ST04,CUS0213,PRD004,3,1625.85,875.34,750.51,Mobile App
SAL02583,2023-09-25,ST06,CUS0196,PRD015,1,534.64,270.29,264.35,Marketplace
SAL02584,2024-12-25,ST02,CUS0203,PRD022,2,323.82,179.56,144.26,Retail Store
SAL02585,2023-03-22,ST06,CUS0295,PRD002,2,412.44,280.72,131.72,Retail Store
SAL02586,2025-07-13,ST02,CUS0010,PRD006,2,296.91,146.84,150.07,Online
SAL02587,2023-06-14,ST04,CUS0033,PRD042,1,589.0,339.41,249.59,Online
SAL02588,2023-07-03,ST09,CUS0100,PRD020,2,715.4,407.08,308.32,Retail Store
SAL02589,2023-03-29,ST08,CUS0340,PRD028,2,426.66,281.2,145.46,Online
SAL02590,2022-12-15,ST11,CUS0290,PRD004,1,487.76,291.78,195.98,Retail Store
SAL02591,2022-12-22,ST01,CUS0160,PRD077,1,343.3,182.73,160.57,Mobile App
SAL02592,2022-09-28,ST07,CUS0316,PRD050,1,127.11,76.64,50.47,Online
SAL02593,2024-04-22,ST08,CUS0019,PRD052,1,313.56,174.32,139.24,Online
SAL02594,2022-11-10,ST01,CUS0081,PRD063,1,314.78,149.01,165.77,Mobile App
SAL02595,2022-10-30,ST12,CUS0357,PRD007,2,692.77,435.5,257.27,Retail Store
SAL02596,2023-11-18,ST04,CUS0377,PRD056,1,413.05,269.62,143.43,Online
SAL02597,2022-12-16,ST06,CUS0106,PRD031,1,448.4,226.91,221.49,Retail Store
SAL02598,2022-09-21,ST03,CUS0364,PRD052,1,313.56,174.32,139.24,Online
SAL02599,2024-11-14,ST01,CUS0035,PRD042,1,620.0,339.41,280.59,Mobile App
SAL02600,2024-08-13,ST08,CUS0062,PRD049,2,919.6,519.3,400.3,Retail Store
SAL02601,2024-04-13,ST02,CUS0341,PRD047,1,351.11,214.53,136.58,Retail Store
SAL02602,2024-09-17,ST11,CUS0114,PRD027,1,578.41,291.25,287.16,Retail Store
SAL02603,2023-11-03,ST08,CUS0203,PRD076,2,264.4,162.4,102.0,Retail Store
SAL02604,2022-11-16,ST05,CUS0077,PRD076,1,132.2,81.2,51.0,Marketplace
SAL02605,2024-06-25,ST11,CUS0048,PRD040,2,302.04,187.18,114.86,Mobile App
SAL02606,2025-05-27,ST11,CUS0324,PRD073,1,502.51,310.4,192.11,Marketplace
SAL02607,2024-03-13,ST04,CUS0123,PRD044,1,495.38,340.71,154.67,Retail Store
SAL02608,2024-04-22,ST04,CUS0197,PRD029,3,539.08,353.49,185.59,Mobile App
SAL02609,2025-05-21,ST04,CUS0143,PRD062,1,400.07,264.27,135.8,Retail Store
SAL02610,2023-02-22,ST09,CUS0164,PRD076,2,264.4,162.4,102.0,Retail Store
SAL02611,2023-12-15,ST05,CUS0283,PRD004,2,1083.9,583.56,500.34,Marketplace
SAL02612,2022-08-08,ST07,CUS0350,PRD019,1,264.99,189.52,75.47,Mobile App
SAL02613,2022-12-24,ST12,CUS0048,PRD006,2,312.54,146.84,165.7,Marketplace
SAL02614,2023-02-01,ST11,CUS0124,PRD067,1,494.84,263.6,231.24,Mobile App
SAL02615,2022-09-13,ST01,CUS0186,PRD051,1,138.82,72.37,66.45,Online
SAL02616,2022-08-05,ST11,CUS0131,PRD074,1,167.6,99.72,67.88,Mobile App
SAL02617,2025-02-15,ST11,CUS0367,PRD066,1,479.94,293.37,186.57,Marketplace
SAL02618,2023-04-10,ST03,CUS0330,PRD037,1,194.23,94.84,99.39,Retail Store
SAL02619,2023-01-27,ST11,CUS0055,PRD065,1,234.9,157.21,77.69,Retail Store
SAL02620,2024-01-12,ST03,CUS0110,PRD018,2,1095.3,624.7,470.6,Retail Store
SAL02621,2024-07-11,ST02,CUS0179,PRD049,1,413.82,259.65,154.17,Retail Store
SAL02622,2023-09-21,ST01,CUS0381,PRD052,2,594.11,348.64,245.47,Retail Store
SAL02623,2024-09-06,ST06,CUS0393,PRD063,1,314.78,149.01,165.77,Marketplace
SAL02624,2023-06-30,ST12,CUS0062,PRD044,1,495.38,340.71,154.67,Online
SAL02625,2022-11-27,ST08,CUS0237,PRD050,2,254.22,153.28,100.94,Retail Store
SAL02626,2023-07-04,ST02,CUS0206,PRD036,2,631.37,398.06,233.31,Online
SAL02627,2025-06-23,ST11,CUS0345,PRD019,1,251.05,189.52,61.53,Mobile App
SAL02628,2023-10-19,ST10,CUS0376,PRD026,1,501.93,240.24,261.69,Mobile App
SAL02629,2023-06-20,ST12,CUS0276,PRD055,2,659.86,377.5,282.36,Marketplace
SAL02630,2025-04-26,ST03,CUS0006,PRD022,2,359.8,179.56,180.24,Mobile App
SAL02631,2024-03-29,ST02,CUS0249,PRD072,1,551.52,285.8,265.72,Online
SAL02632,2024-08-27,ST06,CUS0345,PRD050,2,254.22,153.28,100.94,Mobile App
SAL02633,2022-07-09,ST05,CUS0193,PRD063,1,314.78,149.01,165.77,Mobile App
SAL02634,2024-11-28,ST12,CUS0074,PRD038,1,253.36,189.75,63.61,Retail Store
SAL02635,2025-06-09,ST05,CUS0225,PRD075,2,1013.42,512.9,500.52,Online
SAL02636,2023-10-12,ST06,CUS0152,PRD009,1,35.77,20.42,15.35,Mobile App
SAL02637,2023-12-31,ST09,CUS0008,PRD046,3,1470.33,791.73,678.6,Retail Store
SAL02638,2025-07-17,ST10,CUS0322,PRD019,2,557.88,379.04,178.84,Marketplace
SAL02639,2022-12-14,ST05,CUS0180,PRD075,2,962.75,512.9,449.85,Online
SAL02640,2025-03-22,ST05,CUS0218,PRD041,2,396.26,207.92,188.34,Marketplace
SAL02641,2023-03-28,ST05,CUS0304,PRD018,1,547.65,312.35,235.3,Marketplace
SAL02642,2024-05-11,ST10,CUS0020,PRD012,3,1354.98,884.82,470.16,Online
SAL02643,2025-06-12,ST01,CUS0166,PRD034,1,140.86,103.0,37.86,Retail Store
SAL02644,2025-04-17,ST07,CUS0364,PRD034,3,469.53,309.0,160.53,Marketplace
SAL02645,2024-09-19,ST04,CUS0078,PRD006,1,148.46,73.42,75.04,Retail Store
SAL02646,2023-10-14,ST02,CUS0152,PRD057,3,1259.41,610.59,648.82,Retail Store
SAL02647,2024-11-14,ST03,CUS0007,PRD055,1,366.59,188.75,177.84,Mobile App
SAL02648,2024-06-11,ST06,CUS0172,PRD022,2,359.8,179.56,180.24,Retail Store
SAL02649,2024-09-08,ST12,CUS0131,PRD025,1,227.74,144.31,83.43,Marketplace
SAL02650,2024-12-18,ST03,CUS0096,PRD054,1,57.33,33.69,23.64,Retail Store
SAL02651,2023-08-25,ST05,CUS0178,PRD074,3,502.8,299.16,203.64,Marketplace
SAL02652,2022-07-04,ST11,CUS0137,PRD048,1,219.08,148.36,70.72,Retail Store
SAL02653,2023-12-26,ST08,CUS0127,PRD050,1,114.4,76.64,37.76,Retail Store
SAL02654,2025-01-14,ST09,CUS0395,PRD045,2,714.22,356.72,357.5,Online
SAL02655,2024-01-16,ST08,CUS0059,PRD071,1,58.36,40.95,17.41,Online
SAL02656,2023-02-23,ST10,CUS0387,PRD028,1,202.66,140.6,62.06,Retail Store
SAL02657,2023-07-10,ST09,CUS0390,PRD004,1,541.95,291.78,250.17,Marketplace
SAL02658,2024-07-11,ST02,CUS0223,PRD046,1,490.11,263.91,226.2,Retail Store
SAL02659,2024-10-07,ST07,CUS0146,PRD049,4,1839.2,1038.6,800.6,Marketplace
SAL02660,2024-01-20,ST05,CUS0193,PRD062,1,380.07,264.27,115.8,Mobile App
SAL02661,2024-02-18,ST06,CUS0087,PRD049,2,919.6,519.3,400.3,Mobile App
SAL02662,2025-03-28,ST12,CUS0030,PRD046,1,490.11,263.91,226.2,Mobile App
SAL02663,2025-07-23,ST10,CUS0294,PRD032,1,574.49,322.6,251.89,Online
SAL02664,2024-05-20,ST01,CUS0240,PRD046,1,441.1,263.91,177.19,Online
SAL02665,2024-05-20,ST02,CUS0222,PRD066,1,479.94,293.37,186.57,Online
SAL02666,2023-11-02,ST11,CUS0177,PRD067,3,1484.52,790.8,693.72,Retail Store
SAL02667,2025-06-04,ST09,CUS0123,PRD033,3,1068.99,708.51,360.48,Mobile App
SAL02668,2024-12-18,ST01,CUS0073,PRD043,2,551.98,327.0,224.98,Online
SAL02669,2023-11-25,ST07,CUS0390,PRD070,1,468.13,300.33,167.8,Retail Store
SAL02670,2024-09-17,ST02,CUS0391,PRD069,1,347.01,222.64,124.37,Retail Store
SAL02671,2024-03-08,ST09,CUS0096,PRD045,1,357.11,178.36,178.75,Retail Store
SAL02672,2024-02-27,ST01,CUS0100,PRD044,2,1045.8,681.42,364.38,Marketplace
SAL02673,2024-10-29,ST12,CUS0008,PRD029,1,179.69,117.83,61.86,Online
SAL02674,2022-08-20,ST09,CUS0117,PRD007,2,692.77,435.5,257.27,Mobile App
SAL02675,2023-07-10,ST12,CUS0054,PRD003,1,492.63,281.75,210.88,Marketplace
SAL02676,2023-10-02,ST10,CUS0206,PRD060,2,724.28,330.36,393.92,Retail Store
SAL02677,2024-06-06,ST02,CUS0332,PRD075,1,506.71,256.45,250.26,Mobile App
SAL02678,2024-12-08,ST02,CUS0251,PRD002,2,371.2,280.72,90.48,Marketplace
SAL02679,2023-12-17,ST06,CUS0309,PRD005,1,68.6,41.75,26.85,Mobile App
SAL02680,2025-03-15,ST12,CUS0179,PRD040,1,151.02,93.59,57.43,Retail Store
SAL02681,2025-05-12,ST02,CUS0303,PRD056,2,826.1,539.24,286.86,Online
SAL02682,2025-04-25,ST07,CUS0233,PRD066,1,455.94,293.37,162.57,Online
SAL02683,2024-05-16,ST05,CUS0330,PRD071,1,58.36,40.95,17.41,Retail Store
SAL02684,2023-03-18,ST06,CUS0382,PRD041,1,188.22,103.96,84.26,Marketplace
SAL02685,2023-06-20,ST06,CUS0312,PRD055,2,659.86,377.5,282.36,Marketplace
SAL02686,2024-04-26,ST10,CUS0084,PRD080,3,997.07,525.24,471.83,Online
SAL02687,2023-11-18,ST03,CUS0117,PRD053,2,1020.05,562.6,457.45,Online
SAL02688,2023-06-04,ST04,CUS0136,PRD022,1,170.91,89.78,81.13,Retail Store
SAL02689,2024-07-04,ST11,CUS0347,PRD025,1,204.97,144.31,60.66,Retail Store
SAL02690,2022-08-13,ST01,CUS0342,PRD074,3,502.8,299.16,203.64,Marketplace
SAL02691,2023-03-16,ST06,CUS0392,PRD052,1,330.06,174.32,155.74,Mobile App
SAL02692,2025-04-14,ST04,CUS0351,PRD009,4,158.96,81.68,77.28,Online
SAL02693,2023-04-13,ST07,CUS0230,PRD003,4,1866.82,1127.0,739.82,Online
SAL02694,2023-04-25,ST09,CUS0296,PRD020,2,679.63,407.08,272.55,Marketplace
SAL02695,2024-02-18,ST11,CUS0044,PRD071,1,55.44,40.95,14.49,Retail Store
SAL02696,2022-08-15,ST11,CUS0370,PRD046,2,980.22,527.82,452.4,Retail Store
SAL02697,2025-06-06,ST03,CUS0004,PRD061,1,351.38,170.32,181.06,Online
SAL02698,2023-11-18,ST12,CUS0220,PRD031,1,448.4,226.91,221.49,Marketplace
SAL02699,2023-09-20,ST11,CUS0374,PRD033,1,356.33,236.17,120.16,Marketplace
SAL02700,2023-10-28,ST01,CUS0274,PRD032,1,638.32,322.6,315.72,Online
SAL02701,2025-06-14,ST05,CUS0270,PRD010,1,334.05,190.06,143.99,Mobile App
SAL02702,2024-12-20,ST06,CUS0097,PRD010,1,317.35,190.06,127.29,Retail Store
SAL02703,2023-05-05,ST09,CUS0384,PRD056,3,1239.15,808.86,430.29,Marketplace
SAL02704,2025-01-03,ST02,CUS0034,PRD016,3,1013.4,535.47,477.93,Marketplace
SAL02705,2024-03-07,ST01,CUS0088,PRD049,1,436.81,259.65,177.16,Online
SAL02706,2023-10-13,ST09,CUS0237,PRD033,2,677.03,472.34,204.69,Online
SAL02707,2024-01-16,ST02,CUS0160,PRD045,1,357.11,178.36,178.75,Mobile App
SAL02708,2025-06-07,ST05,CUS0214,PRD045,1,339.25,178.36,160.89,Online
SAL02709,2024-12-11,ST02,CUS0334,PRD009,1,37.75,20.42,17.33,Mobile App
SAL02710,2024-06-20,ST07,CUS0091,PRD076,2,251.18,162.4,88.78,Online
SAL02711,2023-06-10,ST12,CUS0327,PRD061,1,351.38,170.32,181.06,Retail Store
SAL02712,2024-05-06,ST09,CUS0332,PRD070,2,842.63,600.66,241.97,Mobile App
SAL02713,2022-08-27,ST04,CUS0281,PRD029,2,399.32,235.66,163.66,Retail Store
SAL02714,2025-07-18,ST11,CUS0281,PRD039,1,368.6,230.26,138.34,Marketplace
SAL02715,2023-02-26,ST02,CUS0377,PRD065,2,495.9,314.42,181.48,Mobile App
SAL02716,2024-07-14,ST09,CUS0006,PRD056,1,371.75,269.62,102.13,Retail Store
SAL02717,2023-05-20,ST09,CUS0036,PRD034,1,140.86,103.0,37.86,Retail Store
SAL02718,2022-11-08,ST05,CUS0145,PRD017,2,152.27,82.68,69.59,Online
SAL02719,2023-03-22,ST03,CUS0270,PRD072,1,523.94,285.8,238.14,Retail Store
SAL02720,2025-07-18,ST05,CUS0106,PRD060,1,344.03,165.18,178.85,Retail Store
SAL02721,2024-03-23,ST04,CUS0235,PRD070,1,444.72,300.33,144.39,Online
SAL02722,2023-07-05,ST10,CUS0135,PRD011,1,417.38,195.47,221.91,Retail Store
SAL02723,2024-03-05,ST04,CUS0044,PRD067,1,470.1,263.6,206.5,Online
SAL02724,2023-02-11,ST12,CUS0302,PRD020,2,715.4,407.08,308.32,Retail Store
SAL02725,2024-08-10,ST01,CUS0174,PRD040,2,302.04,187.18,114.86,Retail Store
SAL02726,2022-09-28,ST04,CUS0379,PRD068,1,339.4,241.43,97.97,Retail Store
SAL02727,2024-06-28,ST05,CUS0206,PRD011,1,396.51,195.47,201.04,Marketplace
SAL02728,2025-05-31,ST03,CUS0298,PRD033,3,1015.54,708.51,307.03,Online
SAL02729,2022-07-24,ST07,CUS0354,PRD072,1,496.37,285.8,210.57,Retail Store
SAL02730,2022-11-24,ST12,CUS0120,PRD027,1,549.49,291.25,258.24,Online
SAL02731,2024-10-21,ST08,CUS0326,PRD021,1,148.63,117.72,30.91,Retail Store
SAL02732,2023-04-17,ST06,CUS0039,PRD072,1,551.52,285.8,265.72,Online
SAL02733,2024-07-10,ST06,CUS0095,PRD075,1,456.04,256.45,199.59,Online
SAL02734,2024-07-26,ST02,CUS0090,PRD005,3,216.63,125.25,91.38,Marketplace
SAL02735,2023-10-11,ST07,CUS0033,PRD063,1,314.78,149.01,165.77,Online
SAL02736,2025-04-16,ST05,CUS0258,PRD032,2,1276.64,645.2,631.44,Marketplace
SAL02737,2023-02-15,ST07,CUS0233,PRD067,2,989.68,527.2,462.48,Online
SAL02738,2023-01-01,ST05,CUS0253,PRD066,2,863.89,586.74,277.15,Retail Store
SAL02739,2022-10-18,ST07,CUS0082,PRD061,1,351.38,170.32,181.06,Retail Store
SAL02740,2025-05-15,ST12,CUS0174,PRD001,1,370.81,221.71,149.1,Online
SAL02741,2023-06-14,ST07,CUS0046,PRD076,5,627.95,406.0,221.95,Retail Store
SAL02742,2024-03-02,ST09,CUS0272,PRD023,1,164.21,86.92,77.29,Marketplace
SAL02743,2024-03-09,ST04,CUS0325,PRD079,1,95.43,64.58,30.85,Mobile App
SAL02744,2022-09-16,ST01,CUS0115,PRD073,1,476.06,310.4,165.66,Online
SAL02745,2025-07-11,ST11,CUS0230,PRD024,2,142.52,82.02,60.5,Retail Store
SAL02746,2025-03-10,ST10,CUS0218,PRD036,1,332.3,199.03,133.27,Online
SAL02747,2025-02-15,ST04,CUS0163,PRD076,1,125.59,81.2,44.39,Online
SAL02748,2022-07-04,ST03,CUS0398,PRD032,1,638.32,322.6,315.72,Marketplace
SAL02749,2023-03-27,ST05,CUS0324,PRD022,4,647.64,359.12,288.52,Marketplace
SAL02750,2024-11-23,ST02,CUS0348,PRD013,1,572.18,308.2,263.98,Marketplace
SAL02751,2024-12-11,ST01,CUS0119,PRD021,2,313.77,235.44,78.33,Marketplace
SAL02752,2025-05-29,ST02,CUS0016,PRD071,1,52.52,40.95,11.57,Mobile App
SAL02753,2025-06-21,ST01,CUS0252,PRD050,1,127.11,76.64,50.47,Mobile App
SAL02754,2022-11-05,ST09,CUS0078,PRD010,2,668.1,380.12,287.98,Mobile App
SAL02755,2023-11-21,ST02,CUS0225,PRD038,1,266.7,189.75,76.95,Retail Store
SAL02756,2022-11-14,ST07,CUS0104,PRD072,1,551.52,285.8,265.72,Mobile App
SAL02757,2024-11-09,ST05,CUS0229,PRD071,2,105.05,81.9,23.15,Mobile App
SAL02758,2024-11-24,ST04,CUS0096,PRD052,2,627.11,348.64,278.47,Marketplace
SAL02759,2023-12-06,ST04,CUS0246,PRD009,2,79.48,40.84,38.64,Marketplace
SAL02760,2022-11-15,ST01,CUS0209,PRD059,2,590.18,325.2,264.98,Online
SAL02761,2024-07-22,ST11,CUS0333,PRD079,1,106.03,64.58,41.45,Retail Store
SAL02762,2023-05-10,ST09,CUS0209,PRD031,1,403.56,226.91,176.65,Retail Store
SAL02763,2022-10-02,ST08,CUS0185,PRD055,4,1466.36,755.0,711.36,Retail Store
SAL02764,2024-12-05,ST09,CUS0304,PRD053,1,536.87,281.3,255.57,Online
SAL02765,2023-08-02,ST12,CUS0208,PRD054,3,191.1,101.07,90.03,Online
SAL02766,2023-09-10,ST06,CUS0380,PRD061,2,667.62,340.64,326.98,Retail Store
SAL02767,2023-01-30,ST06,CUS0140,PRD065,2,522.0,314.42,207.58,Mobile App
SAL02768,2025-05-30,ST08,CUS0232,PRD062,1,380.07,264.27,115.8,Mobile App
SAL02769,2024-09-24,ST12,CUS0071,PRD073,1,476.06,310.4,165.66,Mobile App
SAL02770,2025-04-21,ST04,CUS0259,PRD044,1,522.9,340.71,182.19,Retail Store
SAL02771,2024-05-29,ST09,CUS0349,PRD069,3,1156.71,667.92,488.79,Marketplace
SAL02772,2025-06-26,ST09,CUS0160,PRD038,2,480.06,379.5,100.56,Online
SAL02773,2024-11-10,ST10,CUS0389,PRD025,1,216.35,144.31,72.04,Retail Store
SAL02774,2025-07-22,ST05,CUS0067,PRD037,3,582.69,284.52,298.17,Mobile App
SAL02775,2022-12-30,ST06,CUS0094,PRD001,2,704.54,443.42,261.12,Marketplace
SAL02776,2023-07-21,ST02,CUS0080,PRD008,1,270.65,130.68,139.97,Online
SAL02777,2024-02-08,ST10,CUS0171,PRD080,1,314.87,175.08,139.79,Retail Store
SAL02778,2024-08-15,ST02,CUS0389,PRD051,3,416.46,217.11,199.35,Online
SAL02779,2023-02-04,ST07,CUS0370,PRD057,1,441.9,203.53,238.37,Online
SAL02780,2025-07-20,ST01,CUS0150,PRD076,3,396.6,243.6,153.0,Retail Store
SAL02781,2024-10-30,ST08,CUS0110,PRD039,3,1105.8,690.78,415.02,Retail Store
SAL02782,2023-07-31,ST10,CUS0224,PRD021,1,148.63,117.72,30.91,Retail Store
SAL02783,2023-07-19,ST07,CUS0375,PRD066,2,959.88,586.74,373.14,Mobile App
SAL02784,2023-09-12,ST09,CUS0008,PRD016,3,962.73,535.47,427.26,Retail Store
SAL02785,2024-10-30,ST08,CUS0304,PRD079,1,106.03,64.58,41.45,Marketplace
SAL02786,2022-10-25,ST10,CUS0106,PRD065,2,522.0,314.42,207.58,Retail Store
SAL02787,2024-01-28,ST10,CUS0066,PRD031,3,1345.2,680.73,664.47,Retail Store
SAL02788,2024-12-31,ST08,CUS0347,PRD022,2,359.8,179.56,180.24,Mobile App
SAL02789,2023-02-25,ST01,CUS0184,PRD024,1,79.18,41.01,38.17,Marketplace
SAL02790,2023-01-31,ST06,CUS0230,PRD048,1,219.08,148.36,70.72,Mobile App
SAL02791,2024-06-17,ST09,CUS0155,PRD061,3,1001.43,510.96,490.47,Online
SAL02792,2024-11-17,ST02,CUS0285,PRD020,1,357.7,203.54,154.16,Marketplace
SAL02793,2024-10-19,ST07,CUS0175,PRD001,1,370.81,221.71,149.1,Mobile App
SAL02794,2022-09-14,ST04,CUS0246,PRD041,1,178.32,103.96,74.36,Mobile App
SAL02795,2025-07-23,ST10,CUS0027,PRD015,2,1015.82,540.58,475.24,Retail Store
SAL02796,2023-03-13,ST07,CUS0383,PRD004,1,514.85,291.78,223.07,Retail Store
SAL02797,2024-07-09,ST02,CUS0346,PRD053,2,1073.74,562.6,511.14,Online
SAL02798,2025-04-23,ST07,CUS0226,PRD011,1,396.51,195.47,201.04,Retail Store
SAL02799,2024-01-08,ST05,CUS0151,PRD022,1,179.9,89.78,90.12,Marketplace
SAL02800,2024-11-14,ST12,CUS0238,PRD077,1,308.97,182.73,126.24,Retail Store
SAL02801,2023-09-10,ST05,CUS0044,PRD066,1,479.94,293.37,186.57,Online
SAL02802,2024-06-23,ST08,CUS0318,PRD050,1,127.11,76.64,50.47,Marketplace
SAL02803,2023-02-10,ST05,CUS0186,PRD043,4,1048.76,654.0,394.76,Retail Store
SAL02804,2022-08-17,ST04,CUS0285,PRD050,1,127.11,76.64,50.47,Online
SAL02805,2023-11-22,ST06,CUS0011,PRD054,1,63.7,33.69,30.01,Online
SAL02806,2022-07-05,ST03,CUS0280,PRD068,1,339.4,241.43,97.97,Marketplace
SAL02807,2023-08-05,ST07,CUS0205,PRD076,1,132.2,81.2,51.0,Retail Store
SAL02808,2025-07-17,ST06,CUS0239,PRD066,4,1727.78,1173.48,554.3,Retail Store
SAL02809,2025-05-17,ST05,CUS0056,PRD037,2,388.46,189.68,198.78,Online
SAL02810,2024-06-30,ST05,CUS0115,PRD054,1,57.33,33.69,23.64,Marketplace
SAL02811,2023-10-11,ST02,CUS0171,PRD034,2,313.02,206.0,107.02,Marketplace
SAL02812,2025-01-29,ST04,CUS0289,PRD016,1,320.91,178.49,142.42,Retail Store
SAL02813,2025-06-26,ST11,CUS0081,PRD022,1,161.91,89.78,72.13,Online
SAL02814,2025-02-25,ST11,CUS0308,PRD003,1,518.56,281.75,236.81,Mobile App
SAL02815,2022-10-04,ST11,CUS0036,PRD028,2,426.66,281.2,145.46,Retail Store
SAL02816,2025-02-04,ST12,CUS0141,PRD026,2,1056.7,480.48,576.22,Mobile App
SAL02817,2024-04-30,ST10,CUS0311,PRD057,2,795.42,407.06,388.36,Retail Store
SAL02818,2024-03-24,ST03,CUS0244,PRD006,1,156.27,73.42,82.85,Marketplace
SAL02819,2022-11-09,ST09,CUS0387,PRD050,1,120.75,76.64,44.11,Online
SAL02820,2022-11-30,ST07,CUS0030,PRD032,1,638.32,322.6,315.72,Marketplace
SAL02821,2024-01-08,ST09,CUS0229,PRD045,2,714.22,356.72,357.5,Marketplace
SAL02822,2025-07-26,ST11,CUS0332,PRD010,1,334.05,190.06,143.99,Retail Store
SAL02823,2024-09-25,ST02,CUS0146,PRD007,3,1154.61,653.25,501.36,Marketplace
SAL02824,2023-07-19,ST08,CUS0234,PRD063,1,299.04,149.01,150.03,Marketplace
SAL02825,2024-06-03,ST10,CUS0185,PRD078,2,706.58,346.78,359.8,Online
SAL02826,2022-08-06,ST10,CUS0139,PRD017,1,76.13,41.34,34.79,Marketplace
SAL02827,2025-01-26,ST02,CUS0240,PRD028,1,192.0,140.6,51.4,Marketplace
SAL02828,2023-06-23,ST06,CUS0161,PRD061,2,667.62,340.64,326.98,Retail Store
SAL02829,2023-06-17,ST10,CUS0016,PRD017,1,80.14,41.34,38.8,Mobile App
SAL02830,2025-01-11,ST01,CUS0344,PRD034,2,313.02,206.0,107.02,Mobile App
SAL02831,2023-05-27,ST09,CUS0105,PRD039,1,331.74,230.26,101.48,Online
SAL02832,2025-02-21,ST08,CUS0302,PRD049,3,1310.43,778.95,531.48,Mobile App
SAL02833,2022-08-31,ST11,CUS0121,PRD016,1,320.91,178.49,142.42,Marketplace
SAL02834,2023-06-04,ST09,CUS0139,PRD063,1,283.3,149.01,134.29,Marketplace
SAL02835,2025-06-20,ST10,CUS0310,PRD065,1,247.95,157.21,90.74,Retail Store
SAL02836,2022-12-02,ST08,CUS0393,PRD067,1,445.36,263.6,181.76,Marketplace
SAL02837,2023-04-17,ST02,CUS0290,PRD030,1,255.97,143.34,112.63,Retail Store
SAL02838,2023-09-01,ST04,CUS0355,PRD070,1,468.13,300.33,167.8,Retail Store
SAL02839,2022-12-20,ST10,CUS0147,PRD080,5,1749.25,875.4,873.85,Mobile App
SAL02840,2023-07-18,ST08,CUS0134,PRD038,1,266.7,189.75,76.95,Online
SAL02841,2023-10-07,ST08,CUS0028,PRD059,4,1242.48,650.4,592.08,Mobile App
SAL02842,2022-09-22,ST06,CUS0140,PRD039,3,1105.8,690.78,415.02,Marketplace
SAL02843,2024-02-18,ST02,CUS0211,PRD072,1,551.52,285.8,265.72,Mobile App
SAL02844,2022-09-23,ST11,CUS0236,PRD033,1,356.33,236.17,120.16,Marketplace
SAL02845,2023-06-13,ST08,CUS0029,PRD036,1,332.3,199.03,133.27,Retail Store
SAL02846,2023-06-03,ST10,CUS0126,PRD079,1,106.03,64.58,41.45,Mobile App
SAL02847,2022-07-26,ST04,CUS0004,PRD049,2,873.62,519.3,354.32,Online
SAL02848,2025-07-09,ST04,CUS0016,PRD072,2,1103.04,571.6,531.44,Marketplace
SAL02849,2023-07-05,ST10,CUS0307,PRD067,4,1979.36,1054.4,924.96,Retail Store
SAL02850,2024-09-09,ST11,CUS0334,PRD072,1,551.52,285.8,265.72,Marketplace
SAL02851,2025-03-06,ST01,CUS0236,PRD062,3,1140.2,792.81,347.39,Mobile App
SAL02852,2025-05-14,ST04,CUS0055,PRD004,1,487.76,291.78,195.98,Online
SAL02853,2024-05-09,ST03,CUS0322,PRD077,1,343.3,182.73,160.57,Marketplace
SAL02854,2025-02-13,ST08,CUS0314,PRD058,1,451.54,300.58,150.96,Marketplace
SAL02855,2023-08-13,ST08,CUS0048,PRD032,1,606.4,322.6,283.8,Retail Store
SAL02856,2022-10-16,ST03,CUS0207,PRD067,3,1410.29,790.8,619.49,Marketplace
SAL02857,2023-04-24,ST09,CUS0377,PRD057,1,419.8,203.53,216.27,Retail Store
SAL02858,2023-07-11,ST04,CUS0120,PRD052,2,594.11,348.64,245.47,Marketplace
SAL02859,2025-03-27,ST02,CUS0274,PRD027,2,1156.82,582.5,574.32,Retail Store
SAL02860,2023-01-22,ST12,CUS0073,PRD026,2,1003.87,480.48,523.39,Online
SAL02861,2023-02-25,ST10,CUS0351,PRD039,1,331.74,230.26,101.48,Marketplace
SAL02862,2024-12-18,ST10,CUS0014,PRD039,1,368.6,230.26,138.34,Marketplace
SAL02863,2023-03-18,ST05,CUS0188,PRD051,1,124.94,72.37,52.57,Marketplace
SAL02864,2023-05-08,ST06,CUS0016,PRD058,4,1806.16,1202.32,603.84,Marketplace
SAL02865,2025-02-02,ST04,CUS0138,PRD039,1,368.6,230.26,138.34,Mobile App
SAL02866,2024-03-11,ST03,CUS0053,PRD037,1,194.23,94.84,99.39,Marketplace
SAL02867,2024-03-01,ST01,CUS0088,PRD049,1,413.82,259.65,154.17,Retail Store
SAL02868,2025-02-22,ST03,CUS0359,PRD010,1,300.65,190.06,110.59,Online
SAL02869,2024-12-30,ST03,CUS0260,PRD033,2,641.39,472.34,169.05,Retail Store
SAL02870,2024-03-10,ST10,CUS0346,PRD004,1,541.95,291.78,250.17,Retail Store
SAL02871,2024-04-11,ST07,CUS0127,PRD046,1,490.11,263.91,226.2,Retail Store
SAL02872,2024-08-16,ST06,CUS0325,PRD037,1,184.52,94.84,89.68,Marketplace
SAL02873,2023-05-31,ST10,CUS0215,PRD080,2,699.7,350.16,349.54,Retail Store
SAL02874,2024-03-13,ST03,CUS0308,PRD011,6,2504.28,1172.82,1331.46,Online
SAL02875,2023-06-01,ST03,CUS0162,PRD012,2,903.32,589.88,313.44,Retail Store
SAL02876,2025-04-04,ST06,CUS0063,PRD035,2,912.46,541.94,370.52,Mobile App
SAL02877,2024-10-25,ST05,CUS0354,PRD066,3,1439.82,880.11,559.71,Marketplace
SAL02878,2022-08-15,ST07,CUS0265,PRD055,1,366.59,188.75,177.84,Online
SAL02879,2025-04-30,ST12,CUS0230,PRD062,2,720.13,528.54,191.59,Online
SAL02880,2023-10-17,ST04,CUS0116,PRD031,1,448.4,226.91,221.49,Marketplace
SAL02881,2024-07-10,ST03,CUS0160,PRD079,2,212.06,129.16,82.9,Retail Store
SAL02882,2023-04-29,ST05,CUS0138,PRD071,2,116.72,81.9,34.82,Marketplace
SAL02883,2022-08-28,ST02,CUS0194,PRD051,1,131.88,72.37,59.51,Online
SAL02884,2022-09-16,ST06,CUS0367,PRD074,1,167.6,99.72,67.88,Marketplace
SAL02885,2025-06-03,ST01,CUS0034,PRD037,1,194.23,94.84,99.39,Retail Store
SAL02886,2024-04-23,ST02,CUS0158,PRD069,1,366.29,222.64,143.65,Online
SAL02887,2022-10-29,ST07,CUS0327,PRD024,1,79.18,41.01,38.17,Online
SAL02888,2023-12-20,ST11,CUS0131,PRD028,4,810.65,562.4,248.25,Mobile App
SAL02889,2023-12-11,ST07,CUS0145,PRD047,1,351.11,214.53,136.58,Online
SAL02890,2023-08-11,ST09,CUS0113,PRD008,2,569.78,261.36,308.42,Marketplace
SAL02891,2024-03-02,ST03,CUS0346,PRD059,1,295.09,162.6,132.49,Mobile App
SAL02892,2023-04-24,ST01,CUS0346,PRD039,1,368.6,230.26,138.34,Online
SAL02893,2024-04-26,ST02,CUS0309,PRD066,2,959.88,586.74,373.14,Online
SAL02894,2024-03-23,ST06,CUS0109,PRD043,4,1103.96,654.0,449.96,Online
SAL02895,2024-12-11,ST12,CUS0323,PRD044,2,1045.8,681.42,364.38,Online
SAL02896,2022-10-01,ST07,CUS0343,PRD069,1,385.57,222.64,162.93,Marketplace
SAL02897,2023-01-06,ST04,CUS0044,PRD066,2,863.89,586.74,277.15,Mobile App
SAL02898,2024-06-30,ST02,CUS0171,PRD059,2,621.24,325.2,296.04,Mobile App
SAL02899,2024-04-01,ST11,CUS0238,PRD006,1,156.27,73.42,82.85,Retail Store
SAL02900,2025-03-02,ST06,CUS0377,PRD065,1,261.0,157.21,103.79,Mobile App
SAL02901,2024-06-10,ST11,CUS0071,PRD069,1,385.57,222.64,162.93,Retail Store
SAL02902,2022-07-19,ST06,CUS0344,PRD045,1,357.11,178.36,178.75,Marketplace
SAL02903,2023-03-03,ST03,CUS0040,PRD045,2,714.22,356.72,357.5,Marketplace
SAL02904,2024-09-05,ST11,CUS0012,PRD079,1,100.73,64.58,36.15,Retail Store
SAL02905,2023-01-07,ST12,CUS0320,PRD013,1,572.18,308.2,263.98,Marketplace
SAL02906,2025-06-12,ST08,CUS0328,PRD028,3,639.99,421.8,218.19,Mobile App
SAL02907,2025-02-27,ST04,CUS0001,PRD031,2,896.8,453.82,442.98,Mobile App
SAL02908,2024-01-25,ST07,CUS0140,PRD069,2,771.14,445.28,325.86,Online
SAL02909,2025-07-19,ST05,CUS0129,PRD077,1,343.3,182.73,160.57,Retail Store
SAL02910,2022-07-06,ST11,CUS0131,PRD042,4,2480.0,1357.64,1122.36,Retail Store
SAL02911,2024-02-09,ST12,CUS0085,PRD075,3,1520.13,769.35,750.78,Retail Store
SAL02912,2023-05-04,ST01,CUS0182,PRD074,1,159.22,99.72,59.5,Marketplace
SAL02913,2024-12-11,ST06,CUS0008,PRD032,3,1914.96,967.8,947.16,Retail Store
SAL02914,2024-11-21,ST05,CUS0123,PRD005,1,72.21,41.75,30.46,Online
SAL02915,2023-01-28,ST07,CUS0082,PRD080,1,349.85,175.08,174.77,Retail Store
SAL02916,2024-03-08,ST06,CUS0349,PRD043,3,827.97,490.5,337.47,Mobile App
SAL02917,2022-09-05,ST09,CUS0076,PRD049,1,459.8,259.65,200.15,Marketplace
SAL02918,2023-02-23,ST06,CUS0197,PRD048,1,208.13,148.36,59.77,Online
SAL02919,2024-07-20,ST04,CUS0305,PRD030,1,230.37,143.34,87.03,Mobile App
SAL02920,2023-02-02,ST01,CUS0037,PRD027,4,2082.28,1165.0,917.28,Mobile App
SAL02921,2024-02-15,ST09,CUS0277,PRD011,1,375.64,195.47,180.17,Mobile App
SAL02922,2023-07-23,ST08,CUS0281,PRD057,1,397.71,203.53,194.18,Online
SAL02923,2023-09-29,ST11,CUS0008,PRD068,1,305.46,241.43,64.03,Mobile App
SAL02924,2024-04-26,ST12,CUS0093,PRD062,2,720.13,528.54,191.59,Online
SAL02925,2025-04-21,ST09,CUS0229,PRD078,1,353.29,173.39,179.9,Retail Store
SAL02926,2023-05-20,ST10,CUS0288,PRD010,1,300.65,190.06,110.59,Marketplace
SAL02927,2023-04-07,ST11,CUS0324,PRD047,1,316.0,214.53,101.47,Mobile App
SAL02928,2025-02-19,ST11,CUS0388,PRD052,1,330.06,174.32,155.74,Marketplace
SAL02929,2022-11-18,ST07,CUS0175,PRD038,2,533.4,379.5,153.9,Mobile App
SAL02930,2023-10-17,ST08,CUS0328,PRD049,2,919.6,519.3,400.3,Online
SAL02931,2024-06-30,ST02,CUS0230,PRD021,2,297.25,235.44,61.81,Marketplace
SAL02932,2024-01-12,ST08,CUS0267,PRD046,2,980.22,527.82,452.4,Retail Store
SAL02933,2025-07-06,ST01,CUS0283,PRD075,2,1013.42,512.9,500.52,Retail Store
SAL02934,2023-09-30,ST11,CUS0175,PRD063,1,314.78,149.01,165.77,Retail Store
SAL02935,2023-02-01,ST10,CUS0205,PRD033,2,712.66,472.34,240.32,Marketplace
SAL02936,2023-04-11,ST10,CUS0107,PRD037,2,388.46,189.68,198.78,Marketplace
SAL02937,2022-11-22,ST05,CUS0273,PRD034,2,297.37,206.0,91.37,Marketplace
SAL02938,2023-01-24,ST03,CUS0315,PRD025,2,455.48,288.62,166.86,Online
SAL02939,2024-06-21,ST05,CUS0323,PRD039,2,737.2,460.52,276.68,Retail Store
SAL02940,2022-11-13,ST11,CUS0121,PRD062,2,800.14,528.54,271.6,Marketplace
SAL02941,2024-07-25,ST11,CUS0278,PRD011,1,375.64,195.47,180.17,Retail Store
SAL02942,2022-11-27,ST03,CUS0035,PRD016,2,675.6,356.98,318.62,Online
SAL02943,2022-08-15,ST03,CUS0251,PRD051,1,124.94,72.37,52.57,Retail Store
SAL02944,2025-07-28,ST11,CUS0317,PRD051,1,138.82,72.37,66.45,Online
SAL02945,2024-10-16,ST11,CUS0043,PRD056,1,392.4,269.62,122.78,Marketplace
SAL02946,2024-10-01,ST08,CUS0141,PRD054,1,63.7,33.69,30.01,Retail Store
SAL02947,2024-08-09,ST10,CUS0356,PRD063,1,314.78,149.01,165.77,Mobile App
SAL02948,2022-11-27,ST06,CUS0227,PRD024,1,75.22,41.01,34.21,Mobile App
SAL02949,2023-03-03,ST12,CUS0359,PRD018,2,1095.3,624.7,470.6,Online
SAL02950,2025-06-15,ST04,CUS0351,PRD014,1,195.85,104.45,91.4,Retail Store
SAL02951,2024-04-07,ST07,CUS0378,PRD010,2,668.1,380.12,287.98,Online
SAL02952,2024-07-03,ST06,CUS0047,PRD023,1,164.21,86.92,77.29,Retail Store
SAL02953,2024-09-15,ST05,CUS0253,PRD008,1,284.89,130.68,154.21,Marketplace
SAL02954,2025-01-20,ST12,CUS0365,PRD049,1,459.8,259.65,200.15,Online
SAL02955,2022-07-16,ST07,CUS0282,PRD005,2,144.42,83.5,60.92,Mobile App
SAL02956,2022-10-29,ST11,CUS0285,PRD019,3,836.82,568.56,268.26,Retail Store
SAL02957,2023-02-18,ST03,CUS0252,PRD051,1,138.82,72.37,66.45,Online
SAL02958,2022-12-10,ST12,CUS0196,PRD039,1,368.6,230.26,138.34,Mobile App
SAL02959,2024-09-23,ST01,CUS0060,PRD061,1,333.81,170.32,163.49,Retail Store
SAL02960,2024-12-01,ST07,CUS0032,PRD051,3,395.64,217.11,178.53,Online
SAL02961,2025-03-05,ST09,CUS0233,PRD063,2,566.6,298.02,268.58,Online
SAL02962,2023-07-02,ST02,CUS0131,PRD010,1,300.65,190.06,110.59,Retail Store
SAL02963,2023-10-06,ST08,CUS0031,PRD006,2,312.54,146.84,165.7,Retail Store
SAL02964,2024-07-12,ST05,CUS0339,PRD065,1,247.95,157.21,90.74,Retail Store
SAL02965,2024-08-05,ST02,CUS0336,PRD014,4,744.23,417.8,326.43,Retail Store
SAL02966,2023-11-12,ST07,CUS0393,PRD045,1,357.11,178.36,178.75,Marketplace
SAL02967,2023-02-12,ST06,CUS0379,PRD055,2,659.86,377.5,282.36,Mobile App
SAL02968,2024-06-15,ST06,CUS0388,PRD059,4,1180.36,650.4,529.96,Retail Store
SAL02969,2023-02-18,ST04,CUS0375,PRD029,3,569.03,353.49,215.54,Marketplace
SAL02970,2023-08-02,ST10,CUS0325,PRD041,1,198.13,103.96,94.17,Marketplace
SAL02971,2025-03-06,ST01,CUS0043,PRD078,1,317.96,173.39,144.57,Online
SAL02972,2025-02-21,ST05,CUS0271,PRD062,1,360.06,264.27,95.79,Marketplace
SAL02973,2024-07-15,ST04,CUS0084,PRD041,1,198.13,103.96,94.17,Retail Store
SAL02974,2024-01-03,ST04,CUS0162,PRD037,1,194.23,94.84,99.39,Mobile App
SAL02975,2025-06-03,ST05,CUS0013,PRD028,1,192.0,140.6,51.4,Online
SAL02976,2023-11-05,ST01,CUS0238,PRD004,1,541.95,291.78,250.17,Retail Store
SAL02977,2023-04-10,ST08,CUS0202,PRD020,2,715.4,407.08,308.32,Mobile App
SAL02978,2023-10-31,ST06,CUS0229,PRD034,1,156.51,103.0,53.51,Marketplace
SAL02979,2022-12-26,ST02,CUS0365,PRD038,2,506.73,379.5,127.23,Online
SAL02980,2024-11-26,ST06,CUS0072,PRD068,1,339.4,241.43,97.97,Retail Store
SAL02981,2025-01-24,ST11,CUS0073,PRD061,1,351.38,170.32,181.06,Retail Store
SAL02982,2024-10-20,ST09,CUS0179,PRD025,1,227.74,144.31,83.43,Retail Store
SAL02983,2024-02-11,ST07,CUS0090,PRD061,7,2459.66,1192.24,1267.42,Online
SAL02984,2023-02-15,ST01,CUS0279,PRD004,2,1083.9,583.56,500.34,Retail Store
SAL02985,2022-11-02,ST09,CUS0354,PRD069,3,1098.87,667.92,430.95,Retail Store
SAL02986,2023-05-20,ST06,CUS0086,PRD014,1,176.26,104.45,71.81,Retail Store
SAL02987,2023-05-16,ST12,CUS0156,PRD039,4,1474.4,921.04,553.36,Retail Store
SAL02988,2023-01-16,ST11,CUS0164,PRD051,1,131.88,72.37,59.51,Marketplace
SAL02989,2024-11-12,ST02,CUS0048,PRD017,1,80.14,41.34,38.8,Marketplace
SAL02990,2023-12-15,ST07,CUS0360,PRD014,1,176.26,104.45,71.81,Retail Store
SAL02991,2024-11-05,ST09,CUS0290,PRD001,1,370.81,221.71,149.1,Marketplace
SAL02992,2022-09-12,ST04,CUS0220,PRD054,4,254.8,134.76,120.04,Online
SAL02993,2023-11-24,ST03,CUS0171,PRD011,1,396.51,195.47,201.04,Marketplace
SAL02994,2023-06-07,ST08,CUS0335,PRD026,1,528.35,240.24,288.11,Retail Store
SAL02995,2023-03-10,ST01,CUS0232,PRD002,2,391.82,280.72,111.1,Marketplace
SAL02996,2023-02-12,ST07,CUS0331,PRD068,1,339.4,241.43,97.97,Marketplace
SAL02997,2025-02-27,ST05,CUS0052,PRD040,2,286.94,187.18,99.76,Online
SAL02998,2025-01-31,ST05,CUS0311,PRD045,1,339.25,178.36,160.89,Mobile App
SAL02999,2025-06-19,ST08,CUS0326,PRD025,1,227.74,144.31,83.43,Online
SAL03000,2023-04-30,ST06,CUS0089,PRD044,1,522.9,340.71,182.19,Marketplace
SAL03001,2023-12-23,ST10,CUS0276,PRD049,1,413.82,259.65,154.17,Marketplace
SAL03002,2023-11-06,ST04,CUS0386,PRD062,2,720.13,528.54,191.59,Mobile App
SAL03003,2022-11-28,ST11,CUS0199,PRD012,1,429.08,294.94,134.14,Retail Store
SAL03004,2024-11-26,ST03,CUS0372,PRD029,1,199.66,117.83,81.83,Marketplace
SAL03005,2024-06-26,ST05,CUS0052,PRD004,2,1083.9,583.56,500.34,Mobile App
SAL03006,2023-09-07,ST08,CUS0348,PRD008,1,284.89,130.68,154.21,Mobile App
SAL03007,2025-07-15,ST10,CUS0318,PRD013,2,1087.14,616.4,470.74,Online
SAL03008,2024-03-13,ST01,CUS0115,PRD019,2,557.88,379.04,178.84,Marketplace
SAL03009,2024-06-22,ST06,CUS0078,PRD063,1,283.3,149.01,134.29,Marketplace
SAL03010,2022-12-10,ST02,CUS0360,PRD010,1,334.05,190.06,143.99,Mobile App
SAL03011,2023-04-28,ST09,CUS0118,PRD030,2,511.94,286.68,225.26,Retail Store
SAL03012,2023-08-22,ST11,CUS0065,PRD051,1,124.94,72.37,52.57,Retail Store
SAL03013,2023-04-13,ST09,CUS0095,PRD056,1,371.75,269.62,102.13,Retail Store
SAL03014,2022-10-20,ST12,CUS0369,PRD042,1,589.0,339.41,249.59,Marketplace
SAL03015,2025-02-25,ST04,CUS0339,PRD007,1,384.87,217.75,167.12,Retail Store
SAL03016,2024-02-02,ST11,CUS0043,PRD045,4,1285.6,713.44,572.16,Online
SAL03017,2023-06-15,ST05,CUS0103,PRD034,1,140.86,103.0,37.86,Online
SAL03018,2023-09-28,ST06,CUS0128,PRD053,1,510.03,281.3,228.73,Retail Store
SAL03019,2022-09-09,ST08,CUS0256,PRD067,1,445.36,263.6,181.76,Online
SAL03020,2025-06-12,ST03,CUS0250,PRD037,1,194.23,94.84,99.39,Mobile App
SAL03021,2022-10-29,ST07,CUS0361,PRD013,1,543.57,308.2,235.37,Marketplace
SAL03022,2025-04-08,ST09,CUS0049,PRD019,1,264.99,189.52,75.47,Mobile App
SAL03023,2023-04-10,ST10,CUS0011,PRD031,1,425.98,226.91,199.07,Mobile App
SAL03024,2023-04-02,ST03,CUS0155,PRD064,2,306.2,206.4,99.8,Online
SAL03025,2025-06-13,ST09,CUS0201,PRD018,1,547.65,312.35,235.3,Mobile App
SAL03026,2025-05-14,ST01,CUS0248,PRD067,3,1336.07,790.8,545.27,Online
SAL03027,2025-02-18,ST02,CUS0172,PRD075,1,481.37,256.45,224.92,Online
SAL03028,2024-04-07,ST10,CUS0364,PRD072,1,551.52,285.8,265.72,Mobile App
SAL03029,2025-05-06,ST09,CUS0136,PRD045,1,357.11,178.36,178.75,Marketplace
SAL03030,2025-05-03,ST08,CUS0225,PRD018,1,547.65,312.35,235.3,Online
SAL03031,2024-06-06,ST06,CUS0096,PRD014,2,352.53,208.9,143.63,Retail Store
SAL03032,2025-07-05,ST09,CUS0344,PRD017,2,152.27,82.68,69.59,Marketplace
SAL03033,2022-07-04,ST05,CUS0115,PRD052,1,330.06,174.32,155.74,Mobile App
SAL03034,2025-06-14,ST08,CUS0319,PRD014,2,391.7,208.9,182.8,Mobile App
SAL03035,2023-07-04,ST06,CUS0218,PRD060,1,362.14,165.18,196.96,Online
SAL03036,2024-08-15,ST10,CUS0206,PRD039,1,350.17,230.26,119.91,Mobile App
SAL03037,2024-03-15,ST10,CUS0212,PRD015,2,1069.28,540.58,528.7,Retail Store
SAL03038,2024-03-31,ST02,CUS0190,PRD062,1,380.07,264.27,115.8,Retail Store
SAL03039,2022-07-02,ST12,CUS0191,PRD032,2,1276.64,645.2,631.44,Mobile App
SAL03040,2023-02-03,ST11,CUS0134,PRD042,1,589.0,339.41,249.59,Retail Store
SAL03041,2022-10-31,ST11,CUS0004,PRD042,1,620.0,339.41,280.59,Mobile App
SAL03042,2023-06-10,ST11,CUS0134,PRD057,1,441.9,203.53,238.37,Retail Store
SAL03043,2024-11-07,ST07,CUS0213,PRD063,2,629.56,298.02,331.54,Marketplace
SAL03044,2023-04-09,ST02,CUS0153,PRD067,2,989.68,527.2,462.48,Online
SAL03045,2024-12-22,ST08,CUS0092,PRD016,1,320.91,178.49,142.42,Retail Store
SAL03046,2024-04-21,ST04,CUS0275,PRD064,1,170.11,103.2,66.91,Mobile App
SAL03047,2024-06-08,ST09,CUS0147,PRD078,1,353.29,173.39,179.9,Online
SAL03048,2024-07-24,ST03,CUS0186,PRD033,3,1068.99,708.51,360.48,Retail Store
SAL03049,2025-06-16,ST11,CUS0008,PRD050,2,254.22,153.28,100.94,Mobile App
SAL03050,2024-03-28,ST02,CUS0159,PRD032,1,606.4,322.6,283.8,Marketplace
SAL03051,2023-08-06,ST07,CUS0160,PRD046,2,980.22,527.82,452.4,Mobile App
SAL03052,2023-09-01,ST11,CUS0053,PRD013,2,1029.92,616.4,413.52,Retail Store
SAL03053,2024-06-03,ST02,CUS0335,PRD005,3,216.63,125.25,91.38,Marketplace
SAL03054,2025-03-29,ST11,CUS0291,PRD029,2,399.32,235.66,163.66,Online
SAL03055,2023-07-01,ST11,CUS0260,PRD074,1,167.6,99.72,67.88,Mobile App
SAL03056,2025-02-20,ST05,CUS0129,PRD067,1,445.36,263.6,181.76,Retail Store
SAL03057,2023-08-06,ST08,CUS0069,PRD013,1,543.57,308.2,235.37,Retail Store
SAL03058,2024-11-01,ST08,CUS0227,PRD018,1,547.65,312.35,235.3,Mobile App
SAL03059,2024-02-20,ST09,CUS0332,PRD050,1,127.11,76.64,50.47,Online
SAL03060,2024-01-07,ST10,CUS0003,PRD078,1,353.29,173.39,179.9,Marketplace
SAL03061,2023-10-29,ST08,CUS0139,PRD037,2,349.61,189.68,159.93,Mobile App
SAL03062,2024-03-25,ST01,CUS0270,PRD002,2,412.44,280.72,131.72,Retail Store
SAL03063,2024-08-15,ST12,CUS0305,PRD069,1,385.57,222.64,162.93,Online
SAL03064,2022-10-25,ST01,CUS0326,PRD073,1,502.51,310.4,192.11,Mobile App
SAL03065,2025-04-04,ST10,CUS0310,PRD013,3,1630.71,924.6,706.11,Mobile App
SAL03066,2023-03-18,ST05,CUS0384,PRD072,2,1103.04,571.6,531.44,Online
SAL03067,2025-03-02,ST08,CUS0126,PRD073,1,502.51,310.4,192.11,Mobile App
SAL03068,2023-02-16,ST07,CUS0065,PRD042,3,1860.0,1018.23,841.77,Marketplace
SAL03069,2023-10-08,ST01,CUS0269,PRD017,1,80.14,41.34,38.8,Online
SAL03070,2025-07-26,ST06,CUS0198,PRD071,2,110.88,81.9,28.98,Online
SAL03071,2022-09-20,ST01,CUS0023,PRD053,3,1449.55,843.9,605.65,Retail Store
SAL03072,2024-08-05,ST09,CUS0297,PRD047,1,351.11,214.53,136.58,Retail Store
SAL03073,2025-07-03,ST09,CUS0394,PRD068,1,305.46,241.43,64.03,Retail Store
SAL03074,2023-11-09,ST04,CUS0358,PRD001,1,370.81,221.71,149.1,Retail Store
SAL03075,2022-11-30,ST08,CUS0100,PRD043,1,248.39,163.5,84.89,Online
SAL03076,2024-10-09,ST09,CUS0204,PRD070,1,444.72,300.33,144.39,Online
SAL03077,2023-03-03,ST04,CUS0027,PRD020,3,1073.1,610.62,462.48,Marketplace
SAL03078,2022-10-18,ST09,CUS0032,PRD010,1,334.05,190.06,143.99,Marketplace
SAL03079,2023-04-15,ST03,CUS0378,PRD074,3,502.8,299.16,203.64,Online
SAL03080,2025-04-29,ST07,CUS0240,PRD076,1,125.59,81.2,44.39,Online
SAL03081,2023-10-04,ST05,CUS0188,PRD015,2,1069.28,540.58,528.7,Mobile App
SAL03082,2025-07-21,ST09,CUS0297,PRD009,1,39.74,20.42,19.32,Marketplace
SAL03083,2024-06-24,ST11,CUS0399,PRD001,1,370.81,221.71,149.1,Marketplace
SAL03084,2025-03-28,ST11,CUS0318,PRD018,1,547.65,312.35,235.3,Mobile App
SAL03085,2025-04-01,ST09,CUS0340,PRD020,1,339.81,203.54,136.27,Online
SAL03086,2022-10-14,ST04,CUS0276,PRD043,1,275.99,163.5,112.49,Online
SAL03087,2025-05-05,ST09,CUS0103,PRD050,2,228.8,153.28,75.52,Marketplace
SAL03088,2024-05-19,ST06,CUS0316,PRD035,1,480.24,270.97,209.27,Retail Store
SAL03089,2022-10-14,ST03,CUS0313,PRD007,1,384.87,217.75,167.12,Online
SAL03090,2023-04-08,ST09,CUS0186,PRD047,1,316.0,214.53,101.47,Mobile App
SAL03091,2024-05-04,ST09,CUS0077,PRD059,1,310.62,162.6,148.02,Mobile App
SAL03092,2024-10-18,ST04,CUS0336,PRD052,5,1485.27,871.6,613.67,Retail Store
SAL03093,2025-05-22,ST11,CUS0042,PRD056,1,371.75,269.62,102.13,Retail Store
SAL03094,2023-03-29,ST09,CUS0165,PRD045,3,1017.76,535.08,482.68,Mobile App
SAL03095,2023-12-18,ST12,CUS0010,PRD027,1,578.41,291.25,287.16,Marketplace
SAL03096,2023-05-08,ST12,CUS0140,PRD012,1,406.49,294.94,111.55,Retail Store
SAL03097,2023-01-05,ST02,CUS0153,PRD079,1,100.73,64.58,36.15,Marketplace
SAL03098,2024-10-30,ST11,CUS0168,PRD073,1,528.96,310.4,218.56,Retail Store
SAL03099,2024-09-28,ST10,CUS0238,PRD024,1,71.26,41.01,30.25,Retail Store
SAL03100,2025-05-08,ST05,CUS0169,PRD036,1,299.07,199.03,100.04,Retail Store
SAL03101,2024-01-03,ST10,CUS0288,PRD010,4,1336.2,760.24,575.96,Marketplace
SAL03102,2025-07-22,ST05,CUS0263,PRD021,2,330.28,235.44,94.84,Mobile App
SAL03103,2024-12-12,ST08,CUS0379,PRD069,1,385.57,222.64,162.93,Mobile App
SAL03104,2025-03-26,ST10,CUS0023,PRD006,1,156.27,73.42,82.85,Marketplace
SAL03105,2022-10-21,ST09,CUS0283,PRD024,3,225.66,123.03,102.63,Mobile App
SAL03106,2024-01-19,ST08,CUS0012,PRD070,1,468.13,300.33,167.8,Retail Store
SAL03107,2023-03-16,ST11,CUS0286,PRD008,1,284.89,130.68,154.21,Mobile App
SAL03108,2024-04-09,ST02,CUS0011,PRD059,1,279.56,162.6,116.96,Marketplace
SAL03109,2022-07-01,ST11,CUS0108,PRD037,3,582.69,284.52,298.17,Marketplace
SAL03110,2024-08-23,ST03,CUS0352,PRD042,1,558.0,339.41,218.59,Online
SAL03111,2025-05-18,ST12,CUS0177,PRD043,1,275.99,163.5,112.49,Marketplace
SAL03112,2024-10-26,ST12,CUS0013,PRD065,1,234.9,157.21,77.69,Mobile App
SAL03113,2024-03-18,ST12,CUS0308,PRD055,1,366.59,188.75,177.84,Retail Store
SAL03114,2023-01-01,ST12,CUS0174,PRD014,1,176.26,104.45,71.81,Retail Store
SAL03115,2024-10-10,ST04,CUS0400,PRD017,2,152.27,82.68,69.59,Online
SAL03116,2025-07-09,ST03,CUS0361,PRD035,1,480.24,270.97,209.27,Mobile App
SAL03117,2024-04-04,ST01,CUS0348,PRD062,1,400.07,264.27,135.8,Online
SAL03118,2024-07-21,ST10,CUS0060,PRD045,2,714.22,356.72,357.5,Marketplace
SAL03119,2023-02-02,ST05,CUS0072,PRD058,3,1354.62,901.74,452.88,Marketplace
SAL03120,2025-01-11,ST06,CUS0319,PRD007,1,365.63,217.75,147.88,Marketplace
SAL03121,2023-03-21,ST09,CUS0148,PRD021,2,313.77,235.44,78.33,Marketplace
SAL03122,2022-08-20,ST07,CUS0235,PRD037,1,194.23,94.84,99.39,Retail Store
SAL03123,2023-01-18,ST06,CUS0109,PRD069,1,366.29,222.64,143.65,Online
SAL03124,2025-01-17,ST01,CUS0309,PRD069,2,694.03,445.28,248.75,Retail Store
SAL03125,2023-02-08,ST12,CUS0019,PRD008,1,270.65,130.68,139.97,Online
SAL03126,2023-05-29,ST08,CUS0329,PRD035,1,480.24,270.97,209.27,Retail Store
SAL03127,2022-09-07,ST05,CUS0008,PRD065,1,261.0,157.21,103.79,Retail Store
SAL03128,2023-11-19,ST04,CUS0081,PRD020,1,357.7,203.54,154.16,Mobile App
SAL03129,2024-05-27,ST06,CUS0245,PRD073,2,1005.02,620.8,384.22,Online
SAL03130,2022-08-05,ST07,CUS0398,PRD028,1,192.0,140.6,51.4,Online
SAL03131,2024-09-25,ST07,CUS0246,PRD065,1,261.0,157.21,103.79,Marketplace
SAL03132,2024-09-23,ST06,CUS0373,PRD047,1,351.11,214.53,136.58,Online
SAL03133,2023-08-17,ST07,CUS0261,PRD043,3,745.17,490.5,254.67,Mobile App
SAL03134,2024-10-29,ST06,CUS0277,PRD050,1,127.11,76.64,50.47,Marketplace
SAL03135,2024-11-03,ST09,CUS0137,PRD050,1,120.75,76.64,44.11,Online
SAL03136,2025-01-25,ST09,CUS0159,PRD052,2,627.11,348.64,278.47,Retail Store
SAL03137,2023-10-30,ST01,CUS0024,PRD029,1,199.66,117.83,81.83,Online
SAL03138,2024-08-13,ST05,CUS0181,PRD044,3,1568.7,1022.13,546.57,Mobile App
SAL03139,2025-01-24,ST04,CUS0128,PRD044,3,1651.26,1022.13,629.13,Marketplace
SAL03140,2022-12-27,ST06,CUS0261,PRD080,1,349.85,175.08,174.77,Mobile App
SAL03141,2023-08-30,ST05,CUS0147,PRD066,1,455.94,293.37,162.57,Retail Store
SAL03142,2023-01-09,ST12,CUS0061,PRD037,1,194.23,94.84,99.39,Mobile App
SAL03143,2022-08-09,ST11,CUS0169,PRD005,1,68.6,41.75,26.85,Online
SAL03144,2023-01-14,ST01,CUS0247,PRD026,1,501.93,240.24,261.69,Mobile App
SAL03145,2025-02-04,ST09,CUS0034,PRD014,2,391.7,208.9,182.8,Marketplace
SAL03146,2023-10-17,ST09,CUS0102,PRD016,1,320.91,178.49,142.42,Mobile App
SAL03147,2022-10-04,ST06,CUS0179,PRD079,4,381.71,258.32,123.39,Mobile App
SAL03148,2022-12-25,ST10,CUS0092,PRD021,4,594.5,470.88,123.62,Retail Store
SAL03149,2022-09-21,ST11,CUS0127,PRD025,2,455.48,288.62,166.86,Mobile App
SAL03150,2023-10-11,ST11,CUS0316,PRD010,4,1202.58,760.24,442.34,Marketplace
SAL03151,2023-11-02,ST02,CUS0369,PRD060,4,1448.56,660.72,787.84,Retail Store
SAL03152,2024-08-26,ST12,CUS0366,PRD014,2,372.11,208.9,163.21,Marketplace
SAL03153,2023-01-04,ST04,CUS0151,PRD059,2,590.18,325.2,264.98,Retail Store
SAL03154,2024-09-11,ST10,CUS0280,PRD034,2,313.02,206.0,107.02,Mobile App
SAL03155,2024-09-11,ST08,CUS0080,PRD078,1,353.29,173.39,179.9,Mobile App
SAL03156,2025-03-22,ST07,CUS0351,PRD029,2,359.39,235.66,123.73,Mobile App
SAL03157,2024-02-18,ST10,CUS0130,PRD061,1,351.38,170.32,181.06,Mobile App
SAL03158,2025-04-10,ST12,CUS0200,PRD062,1,360.06,264.27,95.79,Online
SAL03159,2024-04-27,ST02,CUS0214,PRD065,1,247.95,157.21,90.74,Retail Store
SAL03160,2025-06-18,ST08,CUS0341,PRD068,1,322.43,241.43,81.0,Marketplace
SAL03161,2024-04-20,ST06,CUS0373,PRD040,1,135.92,93.59,42.33,Retail Store
SAL03162,2023-07-07,ST04,CUS0150,PRD070,4,1872.52,1201.32,671.2,Marketplace
SAL03163,2023-11-23,ST12,CUS0084,PRD041,1,198.13,103.96,94.17,Marketplace
SAL03164,2025-01-19,ST01,CUS0377,PRD073,1,528.96,310.4,218.56,Mobile App
SAL03165,2024-04-30,ST02,CUS0340,PRD025,3,683.22,432.93,250.29,Marketplace
SAL03166,2024-07-13,ST06,CUS0190,PRD003,1,492.63,281.75,210.88,Mobile App
SAL03167,2023-02-28,ST11,CUS0072,PRD008,1,256.4,130.68,125.72,Mobile App
SAL03168,2023-11-18,ST06,CUS0319,PRD044,1,495.38,340.71,154.67,Marketplace
SAL03169,2023-01-10,ST06,CUS0294,PRD055,2,733.18,377.5,355.68,Retail Store
SAL03170,2025-01-28,ST09,CUS0213,PRD022,2,359.8,179.56,180.24,Online
SAL03171,2023-11-14,ST09,CUS0254,PRD005,2,144.42,83.5,60.92,Marketplace
SAL03172,2023-06-21,ST09,CUS0056,PRD027,2,1156.82,582.5,574.32,Mobile App
SAL03173,2024-05-13,ST02,CUS0158,PRD075,1,506.71,256.45,250.26,Online
SAL03174,2025-05-08,ST10,CUS0168,PRD034,1,156.51,103.0,53.51,Online
SAL03175,2024-12-15,ST12,CUS0190,PRD023,2,295.58,173.84,121.74,Retail Store
SAL03176,2025-01-26,ST06,CUS0148,PRD024,2,158.36,82.02,76.34,Marketplace
SAL03177,2023-02-06,ST07,CUS0053,PRD010,4,1336.2,760.24,575.96,Marketplace
SAL03178,2023-05-29,ST04,CUS0395,PRD035,1,480.24,270.97,209.27,Retail Store
SAL03179,2024-11-16,ST03,CUS0306,PRD037,1,174.81,94.84,79.97,Marketplace
SAL03180,2023-12-06,ST08,CUS0069,PRD026,1,528.35,240.24,288.11,Online
SAL03181,2022-10-11,ST08,CUS0052,PRD027,1,578.41,291.25,287.16,Retail Store
SAL03182,2024-04-15,ST12,CUS0269,PRD017,1,80.14,41.34,38.8,Retail Store
SAL03183,2024-12-13,ST11,CUS0002,PRD049,3,1310.43,778.95,531.48,Marketplace
SAL03184,2022-11-20,ST05,CUS0152,PRD030,3,767.91,430.02,337.89,Online
SAL03185,2022-08-30,ST07,CUS0349,PRD036,2,664.6,398.06,266.54,Online
SAL03186,2024-10-07,ST04,CUS0107,PRD049,1,459.8,259.65,200.15,Marketplace
SAL03187,2024-02-21,ST12,CUS0038,PRD036,1,315.69,199.03,116.66,Online
SAL03188,2025-02-20,ST11,CUS0281,PRD076,1,125.59,81.2,44.39,Retail Store
SAL03189,2024-03-22,ST03,CUS0170,PRD022,1,179.9,89.78,90.12,Mobile App
SAL03190,2023-09-18,ST11,CUS0138,PRD012,2,903.32,589.88,313.44,Mobile App
SAL03191,2024-07-01,ST03,CUS0244,PRD013,2,1144.36,616.4,527.96,Marketplace
SAL03192,2024-09-10,ST01,CUS0188,PRD065,5,1305.0,786.05,518.95,Mobile App
SAL03193,2025-01-05,ST03,CUS0187,PRD069,2,732.58,445.28,287.3,Retail Store
SAL03194,2022-08-29,ST04,CUS0370,PRD019,1,278.94,189.52,89.42,Mobile App
SAL03195,2023-01-19,ST03,CUS0079,PRD061,1,351.38,170.32,181.06,Retail Store
SAL03196,2025-03-13,ST06,CUS0371,PRD041,3,594.39,311.88,282.51,Retail Store
SAL03197,2024-12-16,ST02,CUS0040,PRD052,1,330.06,174.32,155.74,Retail Store
SAL03198,2023-03-28,ST06,CUS0137,PRD001,1,333.73,221.71,112.02,Online
SAL03199,2022-08-27,ST11,CUS0187,PRD061,3,1054.14,510.96,543.18,Online
SAL03200,2025-02-21,ST09,CUS0027,PRD035,1,456.23,270.97,185.26,Retail Store
SAL03201,2024-03-04,ST09,CUS0215,PRD048,1,219.08,148.36,70.72,Online
SAL03202,2022-09-22,ST06,CUS0188,PRD043,3,786.57,490.5,296.07,Online
SAL03203,2024-02-27,ST10,CUS0190,PRD066,1,431.95,293.37,138.58,Retail Store
SAL03204,2022-10-03,ST03,CUS0395,PRD068,3,916.38,724.29,192.09,Mobile App
SAL03205,2024-02-12,ST10,CUS0314,PRD027,1,549.49,291.25,258.24,Mobile App
SAL03206,2022-10-14,ST10,CUS0200,PRD068,5,1527.3,1207.15,320.15,Retail Store
SAL03207,2023-04-21,ST12,CUS0177,PRD006,1,156.27,73.42,82.85,Marketplace
SAL03208,2024-03-10,ST09,CUS0104,PRD027,1,578.41,291.25,287.16,Marketplace
SAL03209,2025-01-18,ST03,CUS0377,PRD080,3,997.07,525.24,471.83,Marketplace
SAL03210,2022-08-19,ST11,CUS0296,PRD001,1,370.81,221.71,149.1,Retail Store
SAL03211,2024-01-04,ST08,CUS0129,PRD039,2,737.2,460.52,276.68,Retail Store
SAL03212,2025-01-29,ST06,CUS0233,PRD014,5,979.25,522.25,457.0,Mobile App
SAL03213,2022-12-05,ST07,CUS0348,PRD053,2,1073.74,562.6,511.14,Mobile App
SAL03214,2024-12-06,ST10,CUS0305,PRD067,2,989.68,527.2,462.48,Marketplace
SAL03215,2024-08-25,ST07,CUS0274,PRD042,3,1674.0,1018.23,655.77,Marketplace
SAL03216,2022-10-09,ST04,CUS0084,PRD018,2,1095.3,624.7,470.6,Mobile App
SAL03217,2022-12-14,ST05,CUS0022,PRD024,4,316.72,164.04,152.68,Retail Store
SAL03218,2023-11-11,ST04,CUS0205,PRD008,1,284.89,130.68,154.21,Retail Store
SAL03219,2023-10-19,ST10,CUS0220,PRD005,4,274.4,167.0,107.4,Retail Store
SAL03220,2024-06-13,ST04,CUS0196,PRD032,1,638.32,322.6,315.72,Retail Store
SAL03221,2022-09-29,ST12,CUS0155,PRD012,2,903.32,589.88,313.44,Retail Store
SAL03222,2024-11-02,ST07,CUS0281,PRD020,1,357.7,203.54,154.16,Online
SAL03223,2023-12-01,ST03,CUS0111,PRD019,1,251.05,189.52,61.53,Marketplace
SAL03224,2024-08-06,ST01,CUS0139,PRD016,3,1013.4,535.47,477.93,Mobile App
SAL03225,2025-07-22,ST03,CUS0153,PRD043,1,275.99,163.5,112.49,Mobile App
SAL03226,2023-07-16,ST03,CUS0080,PRD077,2,686.6,365.46,321.14,Online
SAL03227,2022-08-07,ST04,CUS0077,PRD003,1,518.56,281.75,236.81,Retail Store
SAL03228,2022-07-13,ST02,CUS0014,PRD002,2,412.44,280.72,131.72,Online
SAL03229,2022-07-31,ST10,CUS0270,PRD058,2,903.08,601.16,301.92,Online
SAL03230,2024-07-18,ST04,CUS0340,PRD034,4,626.04,412.0,214.04,Retail Store
SAL03231,2022-07-28,ST10,CUS0251,PRD076,2,264.4,162.4,102.0,Online
SAL03232,2024-12-28,ST03,CUS0118,PRD043,1,248.39,163.5,84.89,Mobile App
SAL03233,2022-08-04,ST11,CUS0060,PRD049,1,436.81,259.65,177.16,Marketplace
SAL03234,2023-06-29,ST05,CUS0302,PRD024,3,213.79,123.03,90.76,Mobile App
SAL03235,2024-10-31,ST08,CUS0377,PRD053,2,1020.05,562.6,457.45,Mobile App
SAL03236,2024-12-26,ST09,CUS0394,PRD008,1,256.4,130.68,125.72,Marketplace
SAL03237,2024-04-20,ST06,CUS0297,PRD059,3,931.86,487.8,444.06,Marketplace
SAL03238,2022-10-02,ST01,CUS0141,PRD009,4,143.06,81.68,61.38,Online
SAL03239,2023-01-31,ST08,CUS0329,PRD001,1,370.81,221.71,149.1,Retail Store
SAL03240,2025-06-08,ST04,CUS0126,PRD051,1,131.88,72.37,59.51,Retail Store
SAL03241,2022-10-19,ST04,CUS0249,PRD017,1,80.14,41.34,38.8,Mobile App
SAL03242,2024-11-29,ST12,CUS0241,PRD055,1,366.59,188.75,177.84,Marketplace
SAL03243,2024-02-27,ST12,CUS0251,PRD009,2,79.48,40.84,38.64,Marketplace
SAL03244,2023-08-23,ST03,CUS0301,PRD024,2,158.36,82.02,76.34,Mobile App
SAL03245,2024-12-03,ST09,CUS0343,PRD077,2,617.94,365.46,252.48,Marketplace
SAL03246,2024-10-20,ST04,CUS0233,PRD058,1,406.39,300.58,105.81,Online
SAL03247,2024-05-12,ST09,CUS0100,PRD039,1,368.6,230.26,138.34,Retail Store
SAL03248,2024-09-17,ST03,CUS0222,PRD036,4,1196.28,796.12,400.16,Online
SAL03249,2025-07-17,ST03,CUS0096,PRD022,5,809.55,448.9,360.65,Online
SAL03250,2023-06-18,ST12,CUS0268,PRD026,3,1585.05,720.72,864.33,Online
SAL03251,2024-07-26,ST03,CUS0167,PRD065,1,261.0,157.21,103.79,Online
SAL03252,2024-12-11,ST01,CUS0308,PRD044,1,522.9,340.71,182.19,Online
SAL03253,2024-01-19,ST01,CUS0349,PRD063,2,566.6,298.02,268.58,Mobile App
SAL03254,2023-05-23,ST11,CUS0369,PRD006,1,156.27,73.42,82.85,Mobile App
SAL03255,2023-05-25,ST03,CUS0039,PRD039,1,368.6,230.26,138.34,Mobile App
SAL03256,2022-12-27,ST10,CUS0095,PRD021,3,495.42,353.16,142.26,Mobile App
SAL03257,2024-03-06,ST08,CUS0199,PRD048,1,219.08,148.36,70.72,Online
SAL03258,2022-12-14,ST04,CUS0362,PRD074,1,167.6,99.72,67.88,Retail Store
SAL03259,2024-07-22,ST03,CUS0213,PRD036,1,299.07,199.03,100.04,Online
SAL03260,2024-02-29,ST08,CUS0330,PRD026,1,528.35,240.24,288.11,Retail Store
SAL03261,2023-05-20,ST06,CUS0101,PRD046,1,441.1,263.91,177.19,Online
SAL03262,2024-02-09,ST09,CUS0367,PRD027,1,549.49,291.25,258.24,Mobile App
SAL03263,2024-11-11,ST12,CUS0041,PRD080,1,314.87,175.08,139.79,Retail Store
SAL03264,2022-12-17,ST01,CUS0125,PRD044,1,495.38,340.71,154.67,Mobile App
SAL03265,2025-01-14,ST08,CUS0288,PRD044,2,1100.84,681.42,419.42,Mobile App
SAL03266,2023-05-22,ST12,CUS0261,PRD008,1,284.89,130.68,154.21,Mobile App
SAL03267,2024-05-30,ST04,CUS0067,PRD062,1,400.07,264.27,135.8,Online
SAL03268,2022-08-17,ST08,CUS0003,PRD002,2,412.44,280.72,131.72,Marketplace
SAL03269,2023-09-01,ST07,CUS0286,PRD009,2,71.53,40.84,30.69,Mobile App
SAL03270,2022-08-15,ST07,CUS0153,PRD065,1,247.95,157.21,90.74,Mobile App
SAL03271,2023-11-02,ST11,CUS0369,PRD060,1,362.14,165.18,196.96,Online
SAL03272,2022-07-30,ST05,CUS0051,PRD080,1,314.87,175.08,139.79,Online
SAL03273,2024-05-05,ST07,CUS0331,PRD047,1,351.11,214.53,136.58,Retail Store
SAL03274,2022-07-04,ST07,CUS0327,PRD072,1,496.37,285.8,210.57,Online
SAL03275,2023-04-21,ST11,CUS0235,PRD018,1,547.65,312.35,235.3,Online
SAL03276,2023-04-03,ST11,CUS0067,PRD043,1,275.99,163.5,112.49,Mobile App
SAL03277,2023-07-24,ST12,CUS0057,PRD014,1,195.85,104.45,91.4,Mobile App
SAL03278,2023-07-20,ST07,CUS0379,PRD046,1,490.11,263.91,226.2,Mobile App
SAL03279,2023-08-12,ST07,CUS0074,PRD010,2,634.69,380.12,254.57,Marketplace
SAL03280,2024-02-01,ST09,CUS0331,PRD054,1,63.7,33.69,30.01,Mobile App
SAL03281,2024-02-17,ST06,CUS0379,PRD007,1,346.38,217.75,128.63,Marketplace
SAL03282,2023-09-30,ST01,CUS0248,PRD039,2,737.2,460.52,276.68,Online
SAL03283,2024-03-25,ST03,CUS0137,PRD055,1,366.59,188.75,177.84,Mobile App
SAL03284,2023-03-23,ST03,CUS0367,PRD026,1,528.35,240.24,288.11,Marketplace
SAL03285,2022-12-16,ST12,CUS0139,PRD041,1,198.13,103.96,94.17,Online
SAL03286,2023-04-30,ST02,CUS0325,PRD053,2,1073.74,562.6,511.14,Online
SAL03287,2023-03-14,ST12,CUS0031,PRD039,3,1105.8,690.78,415.02,Marketplace
SAL03288,2023-06-28,ST03,CUS0177,PRD010,1,334.05,190.06,143.99,Online
SAL03289,2024-07-14,ST10,CUS0023,PRD016,4,1351.2,713.96,637.24,Mobile App
SAL03290,2023-08-17,ST04,CUS0274,PRD053,1,536.87,281.3,255.57,Mobile App
SAL03291,2025-01-11,ST02,CUS0373,PRD031,2,896.8,453.82,442.98,Online
SAL03292,2024-12-01,ST12,CUS0084,PRD047,3,1000.66,643.59,357.07,Mobile App
SAL03293,2023-08-27,ST05,CUS0228,PRD076,1,125.59,81.2,44.39,Marketplace
SAL03294,2022-08-17,ST08,CUS0223,PRD008,1,270.65,130.68,139.97,Mobile App
SAL03295,2024-09-12,ST09,CUS0084,PRD037,1,184.52,94.84,89.68,Online
SAL03296,2024-06-03,ST11,CUS0239,PRD005,4,288.84,167.0,121.84,Marketplace
SAL03297,2022-08-29,ST12,CUS0041,PRD068,2,678.8,482.86,195.94,Retail Store
SAL03298,2023-02-20,ST03,CUS0056,PRD005,1,72.21,41.75,30.46,Mobile App
SAL03299,2023-10-05,ST01,CUS0395,PRD068,1,339.4,241.43,97.97,Marketplace
SAL03300,2025-02-18,ST05,CUS0328,PRD078,1,353.29,173.39,179.9,Retail Store
SAL03301,2024-03-20,ST09,CUS0379,PRD015,3,1523.72,810.87,712.85,Mobile App
SAL03302,2024-05-26,ST01,CUS0335,PRD076,1,132.2,81.2,51.0,Mobile App
SAL03303,2024-12-02,ST02,CUS0300,PRD033,1,356.33,236.17,120.16,Retail Store
SAL03304,2022-07-20,ST12,CUS0087,PRD057,1,441.9,203.53,238.37,Retail Store
SAL03305,2024-06-03,ST03,CUS0292,PRD038,3,800.1,569.25,230.85,Mobile App
SAL03306,2024-06-16,ST04,CUS0308,PRD073,2,1057.92,620.8,437.12,Marketplace
SAL03307,2025-05-22,ST05,CUS0029,PRD038,4,1066.8,759.0,307.8,Online
SAL03308,2025-05-07,ST08,CUS0031,PRD010,1,334.05,190.06,143.99,Mobile App
SAL03309,2023-01-25,ST01,CUS0039,PRD027,3,1735.23,873.75,861.48,Mobile App
SAL03310,2022-09-11,ST02,CUS0112,PRD002,2,412.44,280.72,131.72,Marketplace
SAL03311,2023-04-28,ST01,CUS0163,PRD071,3,166.33,122.85,43.48,Marketplace
SAL03312,2022-08-22,ST07,CUS0395,PRD002,1,195.91,140.36,55.55,Mobile App
SAL03313,2022-11-15,ST02,CUS0137,PRD015,1,534.64,270.29,264.35,Online
SAL03314,2023-09-15,ST06,CUS0037,PRD045,2,678.51,356.72,321.79,Retail Store
SAL03315,2025-01-26,ST02,CUS0180,PRD073,1,528.96,310.4,218.56,Online
SAL03316,2022-11-17,ST01,CUS0243,PRD059,3,931.86,487.8,444.06,Retail Store
SAL03317,2024-03-17,ST04,CUS0399,PRD044,1,495.38,340.71,154.67,Marketplace
SAL03318,2024-02-16,ST06,CUS0054,PRD015,1,534.64,270.29,264.35,Retail Store
SAL03319,2022-07-06,ST07,CUS0364,PRD011,1,417.38,195.47,221.91,Marketplace
SAL03320,2024-06-04,ST04,CUS0132,PRD013,1,572.18,308.2,263.98,Online
SAL03321,2023-04-18,ST01,CUS0058,PRD034,2,297.37,206.0,91.37,Retail Store
SAL03322,2025-02-19,ST01,CUS0167,PRD054,2,127.4,67.38,60.02,Marketplace
SAL03323,2023-01-16,ST06,CUS0163,PRD024,1,79.18,41.01,38.17,Retail Store
SAL03324,2025-06-02,ST04,CUS0255,PRD005,2,137.2,83.5,53.7,Retail Store
SAL03325,2024-01-13,ST01,CUS0075,PRD024,2,150.44,82.02,68.42,Online
SAL03326,2025-05-14,ST01,CUS0376,PRD042,1,558.0,339.41,218.59,Mobile App
SAL03327,2024-02-01,ST12,CUS0371,PRD042,1,620.0,339.41,280.59,Mobile App
SAL03328,2023-08-30,ST09,CUS0281,PRD003,1,492.63,281.75,210.88,Retail Store
SAL03329,2024-11-07,ST11,CUS0220,PRD079,3,286.28,193.74,92.54,Online
SAL03330,2024-02-15,ST04,CUS0393,PRD041,2,396.26,207.92,188.34,Marketplace
SAL03331,2022-09-11,ST11,CUS0051,PRD005,1,72.21,41.75,30.46,Online
SAL03332,2023-04-28,ST02,CUS0303,PRD010,2,668.1,380.12,287.98,Retail Store
SAL03333,2022-12-22,ST10,CUS0305,PRD004,1,487.76,291.78,195.98,Retail Store
SAL03334,2022-09-12,ST10,CUS0369,PRD022,2,341.81,179.56,162.25,Retail Store
SAL03335,2024-08-23,ST11,CUS0070,PRD076,1,132.2,81.2,51.0,Marketplace
SAL03336,2024-05-28,ST02,CUS0376,PRD040,1,151.02,93.59,57.43,Mobile App
SAL03337,2023-05-29,ST06,CUS0077,PRD080,3,1049.55,525.24,524.31,Online
SAL03338,2023-01-09,ST06,CUS0363,PRD039,3,1105.8,690.78,415.02,Online
SAL03339,2024-04-04,ST05,CUS0219,PRD052,1,330.06,174.32,155.74,Marketplace
SAL03340,2024-07-23,ST12,CUS0273,PRD032,4,2425.62,1290.4,1135.22,Marketplace
SAL03341,2024-09-30,ST09,CUS0143,PRD056,1,413.05,269.62,143.43,Retail Store
SAL03342,2023-10-03,ST02,CUS0172,PRD005,1,72.21,41.75,30.46,Online
SAL03343,2022-12-26,ST05,CUS0076,PRD060,1,362.14,165.18,196.96,Retail Store
SAL03344,2023-03-31,ST08,CUS0253,PRD055,2,696.52,377.5,319.02,Online
SAL03345,2023-10-16,ST08,CUS0234,PRD050,3,343.2,229.92,113.28,Retail Store
SAL03346,2024-09-15,ST01,CUS0253,PRD002,2,371.2,280.72,90.48,Online
SAL03347,2023-08-19,ST09,CUS0028,PRD033,1,320.7,236.17,84.53,Online
SAL03348,2024-09-24,ST12,CUS0043,PRD046,3,1470.33,791.73,678.6,Online
SAL03349,2024-02-15,ST08,CUS0182,PRD013,1,514.96,308.2,206.76,Online
SAL03350,2023-02-26,ST03,CUS0288,PRD008,1,284.89,130.68,154.21,Marketplace
SAL03351,2023-06-14,ST12,CUS0043,PRD050,1,120.75,76.64,44.11,Online
SAL03352,2024-11-23,ST08,CUS0043,PRD003,1,518.56,281.75,236.81,Mobile App
SAL03353,2022-10-01,ST03,CUS0348,PRD015,1,507.91,270.29,237.62,Marketplace
SAL03354,2025-03-10,ST09,CUS0350,PRD008,1,270.65,130.68,139.97,Marketplace
SAL03355,2025-01-11,ST01,CUS0045,PRD015,1,481.18,270.29,210.89,Mobile App
SAL03356,2023-05-25,ST04,CUS0345,PRD001,3,1001.19,665.13,336.06,Retail Store
SAL03357,2025-07-10,ST11,CUS0093,PRD073,3,1507.54,931.2,576.34,Marketplace
SAL03358,2023-09-13,ST07,CUS0111,PRD062,2,800.14,528.54,271.6,Marketplace
SAL03359,2023-08-04,ST04,CUS0106,PRD030,3,691.12,430.02,261.1,Mobile App
SAL03360,2024-10-22,ST07,CUS0201,PRD006,1,148.46,73.42,75.04,Marketplace
SAL03361,2024-10-31,ST12,CUS0005,PRD055,1,366.59,188.75,177.84,Mobile App
SAL03362,2025-03-02,ST11,CUS0270,PRD003,1,518.56,281.75,236.81,Retail Store
SAL03363,2022-08-17,ST11,CUS0025,PRD044,1,495.38,340.71,154.67,Retail Store
SAL03364,2023-09-28,ST01,CUS0112,PRD071,1,55.44,40.95,14.49,Online
SAL03365,2023-03-15,ST12,CUS0025,PRD047,1,316.0,214.53,101.47,Retail Store
SAL03366,2024-07-30,ST07,CUS0190,PRD045,2,714.22,356.72,357.5,Mobile App
SAL03367,2023-07-18,ST10,CUS0300,PRD010,1,334.05,190.06,143.99,Retail Store
SAL03368,2024-08-08,ST04,CUS0134,PRD017,1,76.13,41.34,34.79,Retail Store
SAL03369,2023-05-27,ST06,CUS0025,PRD051,3,416.46,217.11,199.35,Online
SAL03370,2025-06-15,ST10,CUS0326,PRD077,1,308.97,182.73,126.24,Retail Store
SAL03371,2025-04-22,ST02,CUS0205,PRD057,1,397.71,203.53,194.18,Retail Store
SAL03372,2022-07-27,ST12,CUS0057,PRD065,3,783.0,471.63,311.37,Online
SAL03373,2022-10-04,ST09,CUS0253,PRD053,2,1073.74,562.6,511.14,Retail Store
SAL03374,2023-08-29,ST02,CUS0069,PRD031,4,1703.92,907.64,796.28,Marketplace
SAL03375,2023-10-07,ST12,CUS0289,PRD036,2,664.6,398.06,266.54,Retail Store
SAL03376,2023-05-12,ST08,CUS0223,PRD062,1,400.07,264.27,135.8,Mobile App
SAL03377,2023-05-24,ST11,CUS0355,PRD003,1,518.56,281.75,236.81,Mobile App
SAL03378,2024-04-09,ST06,CUS0253,PRD025,1,227.74,144.31,83.43,Retail Store
SAL03379,2025-01-03,ST06,CUS0229,PRD043,1,275.99,163.5,112.49,Online
SAL03380,2024-01-20,ST01,CUS0165,PRD080,1,314.87,175.08,139.79,Online
SAL03381,2025-04-29,ST01,CUS0202,PRD072,1,551.52,285.8,265.72,Retail Store
SAL03382,2024-11-16,ST08,CUS0218,PRD028,1,213.33,140.6,72.73,Marketplace
SAL03383,2024-09-30,ST07,CUS0185,PRD057,1,419.8,203.53,216.27,Mobile App
SAL03384,2023-08-19,ST06,CUS0396,PRD027,1,578.41,291.25,287.16,Mobile App
SAL03385,2024-03-18,ST11,CUS0133,PRD032,1,606.4,322.6,283.8,Mobile App
SAL03386,2024-01-16,ST03,CUS0307,PRD026,1,501.93,240.24,261.69,Retail Store
SAL03387,2023-01-17,ST03,CUS0054,PRD067,1,494.84,263.6,231.24,Marketplace
SAL03388,2025-07-11,ST12,CUS0023,PRD070,1,468.13,300.33,167.8,Online
SAL03389,2023-07-09,ST02,CUS0277,PRD064,1,170.11,103.2,66.91,Retail Store
SAL03390,2025-06-30,ST11,CUS0128,PRD001,1,370.81,221.71,149.1,Retail Store
SAL03391,2023-12-07,ST04,CUS0078,PRD065,1,261.0,157.21,103.79,Retail Store
SAL03392,2025-01-22,ST10,CUS0005,PRD052,3,891.16,522.96,368.2,Retail Store
SAL03393,2022-09-08,ST06,CUS0238,PRD074,1,159.22,99.72,59.5,Mobile App
SAL03394,2024-08-13,ST07,CUS0206,PRD015,1,534.64,270.29,264.35,Retail Store
SAL03395,2022-08-12,ST05,CUS0203,PRD064,1,170.11,103.2,66.91,Mobile App
SAL03396,2024-08-12,ST05,CUS0025,PRD077,3,1029.9,548.19,481.71,Mobile App
SAL03397,2022-09-03,ST02,CUS0368,PRD052,6,1881.34,1045.92,835.42,Online
SAL03398,2025-02-15,ST03,CUS0354,PRD017,2,152.27,82.68,69.59,Marketplace
SAL03399,2023-03-26,ST02,CUS0221,PRD017,1,80.14,41.34,38.8,Mobile App
SAL03400,2025-04-27,ST11,CUS0400,PRD035,1,480.24,270.97,209.27,Online
SAL03401,2023-02-21,ST12,CUS0010,PRD049,1,459.8,259.65,200.15,Mobile App
SAL03402,2024-11-08,ST12,CUS0183,PRD053,1,536.87,281.3,255.57,Online
SAL03403,2023-08-04,ST09,CUS0363,PRD012,3,1219.48,884.82,334.66,Mobile App
SAL03404,2025-01-18,ST09,CUS0277,PRD050,1,120.75,76.64,44.11,Mobile App
SAL03405,2023-04-17,ST04,CUS0295,PRD080,1,349.85,175.08,174.77,Marketplace
SAL03406,2023-06-20,ST04,CUS0181,PRD036,2,598.14,398.06,200.08,Retail Store
SAL03407,2024-09-06,ST03,CUS0022,PRD069,5,1927.85,1113.2,814.65,Mobile App
SAL03408,2023-09-18,ST07,CUS0226,PRD072,3,1654.56,857.4,797.16,Mobile App
SAL03409,2023-03-07,ST04,CUS0131,PRD039,1,368.6,230.26,138.34,Marketplace
SAL03410,2022-12-07,ST11,CUS0194,PRD030,1,255.97,143.34,112.63,Retail Store
SAL03411,2022-10-24,ST08,CUS0169,PRD066,2,959.88,586.74,373.14,Online
SAL03412,2022-10-15,ST05,CUS0309,PRD060,1,344.03,165.18,178.85,Marketplace
SAL03413,2024-05-06,ST09,CUS0054,PRD028,1,213.33,140.6,72.73,Mobile App
SAL03414,2024-02-13,ST10,CUS0364,PRD024,1,79.18,41.01,38.17,Retail Store
SAL03415,2024-09-20,ST10,CUS0147,PRD021,2,330.28,235.44,94.84,Marketplace
SAL03416,2024-12-03,ST03,CUS0176,PRD069,2,771.14,445.28,325.86,Mobile App
SAL03417,2024-03-04,ST11,CUS0371,PRD052,1,330.06,174.32,155.74,Mobile App
SAL03418,2024-05-13,ST02,CUS0082,PRD009,4,151.01,81.68,69.33,Marketplace
SAL03419,2023-02-09,ST01,CUS0377,PRD052,4,1188.22,697.28,490.94,Marketplace
SAL03420,2024-04-29,ST01,CUS0046,PRD006,3,445.37,220.26,225.11,Marketplace
SAL03421,2024-06-10,ST10,CUS0259,PRD041,2,376.45,207.92,168.53,Online
SAL03422,2023-02-08,ST12,CUS0067,PRD040,2,302.04,187.18,114.86,Marketplace
SAL03423,2023-03-02,ST03,CUS0283,PRD047,2,632.0,429.06,202.94,Online
SAL03424,2023-09-30,ST05,CUS0169,PRD072,1,551.52,285.8,265.72,Mobile App
SAL03425,2023-06-29,ST06,CUS0321,PRD038,1,266.7,189.75,76.95,Online
SAL03426,2023-03-12,ST07,CUS0282,PRD074,1,167.6,99.72,67.88,Online
SAL03427,2025-03-20,ST07,CUS0194,PRD033,1,320.7,236.17,84.53,Retail Store
SAL03428,2025-02-17,ST05,CUS0062,PRD067,3,1484.52,790.8,693.72,Marketplace
SAL03429,2024-09-22,ST10,CUS0071,PRD006,1,148.46,73.42,75.04,Mobile App
SAL03430,2025-06-11,ST11,CUS0094,PRD029,3,539.08,353.49,185.59,Online
SAL03431,2025-04-29,ST11,CUS0177,PRD010,3,1002.15,570.18,431.97,Retail Store
SAL03432,2024-05-19,ST08,CUS0009,PRD062,1,360.06,264.27,95.79,Retail Store
SAL03433,2024-01-20,ST05,CUS0022,PRD080,1,314.87,175.08,139.79,Marketplace
SAL03434,2024-10-31,ST01,CUS0218,PRD067,1,494.84,263.6,231.24,Mobile App
SAL03435,2023-07-04,ST12,CUS0264,PRD008,1,284.89,130.68,154.21,Online
SAL03436,2023-09-12,ST02,CUS0164,PRD036,6,1993.8,1194.18,799.62,Online
SAL03437,2023-12-02,ST12,CUS0331,PRD078,1,353.29,173.39,179.9,Mobile App
SAL03438,2024-01-15,ST02,CUS0386,PRD035,2,864.43,541.94,322.49,Online
SAL03439,2023-10-02,ST08,CUS0399,PRD026,3,1426.55,720.72,705.83,Retail Store
SAL03440,2024-03-14,ST08,CUS0334,PRD039,2,737.2,460.52,276.68,Online
SAL03441,2025-02-27,ST08,CUS0013,PRD045,1,357.11,178.36,178.75,Online
SAL03442,2025-03-31,ST01,CUS0069,PRD068,2,678.8,482.86,195.94,Mobile App
SAL03443,2022-07-13,ST12,CUS0333,PRD008,1,284.89,130.68,154.21,Marketplace
SAL03444,2023-01-25,ST08,CUS0220,PRD066,1,455.94,293.37,162.57,Mobile App
SAL03445,2025-01-09,ST01,CUS0001,PRD043,2,551.98,327.0,224.98,Online
SAL03446,2025-07-27,ST11,CUS0248,PRD041,1,188.22,103.96,84.26,Retail Store
SAL03447,2022-08-03,ST08,CUS0201,PRD029,3,598.98,353.49,245.49,Online
SAL03448,2022-10-29,ST05,CUS0035,PRD050,1,127.11,76.64,50.47,Mobile App
SAL03449,2024-11-23,ST02,CUS0144,PRD061,1,351.38,170.32,181.06,Retail Store
SAL03450,2022-11-04,ST04,CUS0377,PRD056,1,413.05,269.62,143.43,Mobile App
SAL03451,2022-11-22,ST12,CUS0213,PRD056,1,413.05,269.62,143.43,Mobile App
SAL03452,2024-05-03,ST12,CUS0394,PRD066,2,959.88,586.74,373.14,Mobile App
SAL03453,2025-05-06,ST05,CUS0214,PRD031,2,807.12,453.82,353.3,Mobile App
SAL03454,2023-04-02,ST09,CUS0228,PRD010,2,668.1,380.12,287.98,Marketplace
SAL03455,2023-08-29,ST08,CUS0382,PRD047,1,333.55,214.53,119.02,Online
SAL03456,2023-12-14,ST07,CUS0391,PRD008,5,1424.45,653.4,771.05,Mobile App
SAL03457,2024-08-30,ST02,CUS0016,PRD051,2,263.76,144.74,119.02,Mobile App
SAL03458,2023-04-24,ST07,CUS0305,PRD012,1,451.66,294.94,156.72,Retail Store
SAL03459,2023-05-16,ST12,CUS0032,PRD008,2,512.8,261.36,251.44,Online
SAL03460,2025-07-07,ST11,CUS0212,PRD042,2,1116.0,678.82,437.18,Online
SAL03461,2022-11-12,ST11,CUS0308,PRD043,1,262.19,163.5,98.69,Online
SAL03462,2024-09-24,ST04,CUS0267,PRD058,1,406.39,300.58,105.81,Marketplace
SAL03463,2023-10-11,ST07,CUS0246,PRD062,1,400.07,264.27,135.8,Mobile App
SAL03464,2022-07-04,ST04,CUS0069,PRD001,1,370.81,221.71,149.1,Marketplace
SAL03465,2024-05-30,ST06,CUS0145,PRD016,1,337.8,178.49,159.31,Online
SAL03466,2023-02-26,ST11,CUS0140,PRD058,4,1806.16,1202.32,603.84,Online
SAL03467,2023-08-19,ST03,CUS0332,PRD069,2,732.58,445.28,287.3,Mobile App
SAL03468,2024-12-08,ST03,CUS0176,PRD056,1,371.75,269.62,102.13,Online
SAL03469,2022-11-28,ST06,CUS0246,PRD049,1,436.81,259.65,177.16,Online
SAL03470,2022-09-04,ST05,CUS0190,PRD059,1,310.62,162.6,148.02,Mobile App
SAL03471,2023-06-16,ST05,CUS0120,PRD002,2,371.2,280.72,90.48,Online
SAL03472,2022-09-18,ST06,CUS0230,PRD078,1,317.96,173.39,144.57,Mobile App
SAL03473,2022-11-16,ST07,CUS0122,PRD043,2,551.98,327.0,224.98,Online
SAL03474,2024-02-13,ST01,CUS0352,PRD024,3,213.79,123.03,90.76,Mobile App
SAL03475,2024-11-16,ST06,CUS0018,PRD057,1,441.9,203.53,238.37,Mobile App
SAL03476,2023-05-19,ST06,CUS0204,PRD064,1,153.1,103.2,49.9,Online
SAL03477,2024-02-28,ST12,CUS0339,PRD079,2,212.06,129.16,82.9,Retail Store
SAL03478,2023-03-12,ST11,CUS0374,PRD072,3,1571.83,857.4,714.43,Marketplace
SAL03479,2023-09-21,ST08,CUS0085,PRD078,2,706.58,346.78,359.8,Mobile App
SAL03480,2023-12-20,ST09,CUS0262,PRD031,1,448.4,226.91,221.49,Online
SAL03481,2025-01-29,ST02,CUS0231,PRD067,1,494.84,263.6,231.24,Online
SAL03482,2024-04-21,ST11,CUS0334,PRD035,1,480.24,270.97,209.27,Online
SAL03483,2024-10-29,ST10,CUS0068,PRD004,1,487.76,291.78,195.98,Marketplace
SAL03484,2023-10-02,ST06,CUS0282,PRD031,1,448.4,226.91,221.49,Mobile App
SAL03485,2023-01-09,ST01,CUS0144,PRD023,1,164.21,86.92,77.29,Mobile App
SAL03486,2024-09-22,ST01,CUS0392,PRD069,4,1542.28,890.56,651.72,Marketplace
SAL03487,2025-05-26,ST07,CUS0269,PRD066,2,863.89,586.74,277.15,Retail Store
SAL03488,2024-05-13,ST08,CUS0365,PRD070,1,444.72,300.33,144.39,Online
SAL03489,2024-01-21,ST03,CUS0337,PRD033,2,677.03,472.34,204.69,Online
SAL03490,2022-09-21,ST08,CUS0225,PRD040,1,151.02,93.59,57.43,Retail Store
SAL03491,2023-11-21,ST09,CUS0229,PRD045,1,339.25,178.36,160.89,Online
SAL03492,2023-07-13,ST02,CUS0275,PRD062,3,1200.21,792.81,407.4,Marketplace
SAL03493,2023-10-14,ST03,CUS0207,PRD016,1,337.8,178.49,159.31,Marketplace
SAL03494,2022-10-12,ST08,CUS0194,PRD028,1,213.33,140.6,72.73,Online
SAL03495,2025-05-17,ST08,CUS0370,PRD068,4,1357.6,965.72,391.88,Retail Store
SAL03496,2024-08-22,ST12,CUS0011,PRD038,4,1066.8,759.0,307.8,Retail Store
SAL03497,2025-02-20,ST02,CUS0354,PRD073,3,1507.54,931.2,576.34,Marketplace
SAL03498,2023-05-27,ST12,CUS0397,PRD054,1,63.7,33.69,30.01,Marketplace
SAL03499,2024-02-06,ST12,CUS0160,PRD022,1,170.91,89.78,81.13,Marketplace
SAL03500,2023-10-02,ST03,CUS0202,PRD062,1,400.07,264.27,135.8,Online
SAL03501,2024-10-19,ST08,CUS0160,PRD024,1,71.26,41.01,30.25,Online
SAL03502,2025-01-20,ST08,CUS0132,PRD017,1,76.13,41.34,34.79,Marketplace
SAL03503,2024-06-09,ST11,CUS0022,PRD057,1,419.8,203.53,216.27,Retail Store
SAL03504,2024-11-23,ST02,CUS0227,PRD051,2,277.64,144.74,132.9,Mobile App
SAL03505,2023-07-16,ST03,CUS0313,PRD059,1,310.62,162.6,148.02,Marketplace
SAL03506,2024-01-06,ST12,CUS0190,PRD069,5,1927.85,1113.2,814.65,Online
SAL03507,2023-09-19,ST10,CUS0078,PRD041,1,178.32,103.96,74.36,Retail Store
SAL03508,2023-11-03,ST04,CUS0318,PRD004,5,2709.75,1458.9,1250.85,Retail Store
SAL03509,2024-12-07,ST08,CUS0398,PRD029,1,199.66,117.83,81.83,Mobile App
SAL03510,2022-08-22,ST03,CUS0138,PRD044,1,550.42,340.71,209.71,Marketplace
SAL03511,2024-08-20,ST06,CUS0034,PRD013,1,572.18,308.2,263.98,Online
SAL03512,2022-11-09,ST09,CUS0034,PRD024,1,79.18,41.01,38.17,Mobile App
SAL03513,2022-11-23,ST02,CUS0228,PRD011,2,751.28,390.94,360.34,Retail Store
SAL03514,2024-11-25,ST07,CUS0014,PRD058,1,428.96,300.58,128.38,Marketplace
SAL03515,2022-07-21,ST10,CUS0342,PRD055,1,366.59,188.75,177.84,Retail Store
SAL03516,2022-08-17,ST07,CUS0050,PRD027,1,578.41,291.25,287.16,Mobile App
SAL03517,2023-02-03,ST04,CUS0284,PRD032,1,638.32,322.6,315.72,Marketplace
SAL03518,2025-07-20,ST06,CUS0083,PRD038,3,800.1,569.25,230.85,Retail Store
SAL03519,2024-02-06,ST04,CUS0185,PRD029,3,598.98,353.49,245.49,Online
SAL03520,2023-02-14,ST02,CUS0017,PRD012,2,903.32,589.88,313.44,Mobile App
SAL03521,2023-09-13,ST07,CUS0358,PRD039,1,350.17,230.26,119.91,Mobile App
SAL03522,2025-03-22,ST05,CUS0036,PRD077,3,926.91,548.19,378.72,Mobile App
SAL03523,2022-10-08,ST08,CUS0391,PRD074,1,159.22,99.72,59.5,Retail Store
SAL03524,2025-03-08,ST12,CUS0049,PRD030,3,729.51,430.02,299.49,Retail Store
SAL03525,2022-07-31,ST09,CUS0220,PRD047,1,351.11,214.53,136.58,Mobile App
SAL03526,2022-12-21,ST03,CUS0101,PRD071,2,116.72,81.9,34.82,Retail Store
SAL03527,2023-11-26,ST06,CUS0111,PRD035,1,480.24,270.97,209.27,Mobile App
SAL03528,2023-06-26,ST07,CUS0099,PRD050,1,120.75,76.64,44.11,Online
SAL03529,2024-10-17,ST07,CUS0257,PRD056,3,1239.15,808.86,430.29,Marketplace
SAL03530,2022-10-21,ST05,CUS0343,PRD039,1,368.6,230.26,138.34,Retail Store
SAL03531,2023-01-14,ST07,CUS0339,PRD004,2,1083.9,583.56,500.34,Online
SAL03532,2023-03-04,ST04,CUS0230,PRD053,3,1449.55,843.9,605.65,Online
SAL03533,2025-04-06,ST12,CUS0194,PRD004,2,1083.9,583.56,500.34,Mobile App
SAL03534,2023-08-05,ST05,CUS0298,PRD018,1,547.65,312.35,235.3,Online
SAL03535,2025-01-06,ST10,CUS0046,PRD010,1,334.05,190.06,143.99,Mobile App
SAL03536,2024-01-25,ST04,CUS0135,PRD058,2,903.08,601.16,301.92,Retail Store
SAL03537,2023-01-23,ST11,CUS0309,PRD056,2,784.79,539.24,245.55,Online
SAL03538,2024-04-05,ST10,CUS0295,PRD008,1,284.89,130.68,154.21,Marketplace
SAL03539,2023-12-29,ST02,CUS0061,PRD018,3,1642.95,937.05,705.9,Retail Store
SAL03540,2025-02-09,ST03,CUS0262,PRD028,2,383.99,281.2,102.79,Online
SAL03541,2023-10-21,ST10,CUS0388,PRD076,1,132.2,81.2,51.0,Retail Store
SAL03542,2024-03-24,ST11,CUS0002,PRD048,1,219.08,148.36,70.72,Mobile App
SAL03543,2025-04-12,ST07,CUS0251,PRD039,1,368.6,230.26,138.34,Marketplace
SAL03544,2024-05-30,ST01,CUS0386,PRD072,1,523.94,285.8,238.14,Retail Store
SAL03545,2025-07-12,ST05,CUS0020,PRD031,1,448.4,226.91,221.49,Retail Store
SAL03546,2025-01-22,ST12,CUS0350,PRD042,1,620.0,339.41,280.59,Marketplace
SAL03547,2023-05-23,ST02,CUS0009,PRD067,2,989.68,527.2,462.48,Retail Store
SAL03548,2025-06-19,ST04,CUS0109,PRD036,1,315.69,199.03,116.66,Retail Store
SAL03549,2022-11-08,ST05,CUS0253,PRD046,1,490.11,263.91,226.2,Online
SAL03550,2023-06-08,ST02,CUS0377,PRD014,2,391.7,208.9,182.8,Mobile App
SAL03551,2024-03-16,ST06,CUS0295,PRD035,1,432.22,270.97,161.25,Online
SAL03552,2024-12-10,ST11,CUS0042,PRD074,1,159.22,99.72,59.5,Retail Store
SAL03553,2025-07-14,ST10,CUS0195,PRD077,1,343.3,182.73,160.57,Retail Store
SAL03554,2024-11-25,ST05,CUS0195,PRD031,2,896.8,453.82,442.98,Marketplace
SAL03555,2023-07-21,ST12,CUS0163,PRD054,2,114.66,67.38,47.28,Online
SAL03556,2023-03-25,ST10,CUS0189,PRD003,1,518.56,281.75,236.81,Online
SAL03557,2025-02-26,ST10,CUS0013,PRD051,2,277.64,144.74,132.9,Retail Store
SAL03558,2025-04-23,ST01,CUS0267,PRD054,3,191.1,101.07,90.03,Retail Store
SAL03559,2024-10-07,ST04,CUS0339,PRD044,2,1045.8,681.42,364.38,Retail Store
SAL03560,2024-02-16,ST05,CUS0198,PRD080,1,349.85,175.08,174.77,Mobile App
SAL03561,2023-10-02,ST04,CUS0324,PRD047,4,1404.44,858.12,546.32,Marketplace
SAL03562,2023-02-24,ST01,CUS0065,PRD027,1,578.41,291.25,287.16,Marketplace
SAL03563,2024-06-26,ST06,CUS0060,PRD005,3,216.63,125.25,91.38,Mobile App
SAL03564,2024-05-22,ST01,CUS0323,PRD026,1,528.35,240.24,288.11,Online
SAL03565,2022-11-17,ST06,CUS0395,PRD023,1,156.0,86.92,69.08,Online
SAL03566,2022-10-24,ST09,CUS0347,PRD040,2,271.84,187.18,84.66,Retail Store
SAL03567,2023-08-22,ST08,CUS0306,PRD039,2,737.2,460.52,276.68,Mobile App
SAL03568,2024-08-17,ST09,CUS0142,PRD053,4,2147.48,1125.2,1022.28,Mobile App
SAL03569,2022-07-21,ST11,CUS0050,PRD046,1,465.6,263.91,201.69,Online
SAL03570,2025-01-11,ST05,CUS0368,PRD021,2,330.28,235.44,94.84,Mobile App
SAL03571,2024-01-23,ST11,CUS0388,PRD058,1,451.54,300.58,150.96,Retail Store
SAL03572,2025-07-23,ST10,CUS0328,PRD011,4,1669.52,781.88,887.64,Mobile App
SAL03573,2024-04-15,ST02,CUS0291,PRD026,4,2113.4,960.96,1152.44,Online
SAL03574,2022-09-12,ST10,CUS0330,PRD066,2,959.88,586.74,373.14,Marketplace
SAL03575,2023-05-22,ST08,CUS0255,PRD052,1,330.06,174.32,155.74,Mobile App
SAL03576,2024-04-07,ST09,CUS0038,PRD020,3,1073.1,610.62,462.48,Marketplace
SAL03577,2025-05-18,ST01,CUS0367,PRD068,2,678.8,482.86,195.94,Online
SAL03578,2024-09-12,ST03,CUS0134,PRD078,3,953.88,520.17,433.71,Retail Store
SAL03579,2023-11-23,ST11,CUS0264,PRD005,1,64.99,41.75,23.24,Online
SAL03580,2023-04-14,ST09,CUS0397,PRD042,3,1860.0,1018.23,841.77,Marketplace
SAL03581,2024-12-26,ST10,CUS0103,PRD066,1,431.95,293.37,138.58,Retail Store
SAL03582,2023-09-27,ST01,CUS0245,PRD025,2,455.48,288.62,166.86,Marketplace
SAL03583,2024-05-04,ST02,CUS0106,PRD061,4,1405.52,681.28,724.24,Retail Store
SAL03584,2024-04-05,ST09,CUS0283,PRD048,1,208.13,148.36,59.77,Mobile App
SAL03585,2025-05-27,ST04,CUS0182,PRD067,1,494.84,263.6,231.24,Marketplace
SAL03586,2023-10-17,ST08,CUS0267,PRD033,1,320.7,236.17,84.53,Retail Store
SAL03587,2024-06-03,ST01,CUS0132,PRD025,1,204.97,144.31,60.66,Mobile App
SAL03588,2024-12-26,ST01,CUS0141,PRD016,2,675.6,356.98,318.62,Retail Store
SAL03589,2025-03-06,ST02,CUS0284,PRD010,2,668.1,380.12,287.98,Marketplace
SAL03590,2024-07-09,ST01,CUS0254,PRD010,2,668.1,380.12,287.98,Retail Store
SAL03591,2025-01-20,ST06,CUS0264,PRD036,4,1329.2,796.12,533.08,Retail Store
SAL03592,2024-06-22,ST04,CUS0350,PRD018,1,547.65,312.35,235.3,Retail Store
SAL03593,2024-11-02,ST10,CUS0372,PRD002,2,412.44,280.72,131.72,Mobile App
SAL03594,2024-10-18,ST06,CUS0163,PRD022,3,539.7,269.34,270.36,Marketplace
SAL03595,2024-07-31,ST06,CUS0166,PRD019,1,264.99,189.52,75.47,Retail Store
SAL03596,2024-11-03,ST02,CUS0138,PRD035,1,480.24,270.97,209.27,Marketplace
SAL03597,2025-02-16,ST01,CUS0033,PRD008,1,256.4,130.68,125.72,Online
SAL03598,2022-10-09,ST06,CUS0063,PRD017,1,80.14,41.34,38.8,Mobile App
SAL03599,2024-02-09,ST07,CUS0255,PRD014,2,391.7,208.9,182.8,Retail Store
SAL03600,2022-12-11,ST09,CUS0158,PRD013,1,572.18,308.2,263.98,Online
SAL03601,2024-11-29,ST12,CUS0385,PRD033,1,356.33,236.17,120.16,Marketplace
SAL03602,2024-04-13,ST03,CUS0388,PRD044,1,522.9,340.71,182.19,Retail Store
SAL03603,2024-06-17,ST07,CUS0064,PRD017,1,76.13,41.34,34.79,Mobile App
SAL03604,2024-04-01,ST12,CUS0046,PRD067,4,1979.36,1054.4,924.96,Retail Store
SAL03605,2022-12-13,ST03,CUS0033,PRD010,1,334.05,190.06,143.99,Online
SAL03606,2024-03-28,ST07,CUS0063,PRD003,1,492.63,281.75,210.88,Marketplace
SAL03607,2023-05-28,ST11,CUS0189,PRD044,1,522.9,340.71,182.19,Marketplace
SAL03608,2024-11-16,ST04,CUS0096,PRD032,1,574.49,322.6,251.89,Online
SAL03609,2025-03-26,ST05,CUS0259,PRD050,1,127.11,76.64,50.47,Mobile App
SAL03610,2024-04-02,ST05,CUS0158,PRD031,3,1277.94,680.73,597.21,Online
SAL03611,2024-12-09,ST01,CUS0259,PRD023,2,312.0,173.84,138.16,Mobile App
SAL03612,2025-02-19,ST01,CUS0330,PRD078,2,706.58,346.78,359.8,Online
SAL03613,2025-06-08,ST12,CUS0346,PRD066,3,1295.84,880.11,415.73,Retail Store
SAL03614,2025-03-29,ST10,CUS0374,PRD044,2,1100.84,681.42,419.42,Retail Store
SAL03615,2022-10-31,ST12,CUS0391,PRD079,1,106.03,64.58,41.45,Online
SAL03616,2025-01-30,ST02,CUS0329,PRD068,2,644.86,482.86,162.0,Online
SAL03617,2024-12-25,ST06,CUS0079,PRD051,1,131.88,72.37,59.51,Marketplace
SAL03618,2023-03-09,ST01,CUS0044,PRD023,1,147.79,86.92,60.87,Marketplace
SAL03619,2024-11-25,ST05,CUS0240,PRD024,4,316.72,164.04,152.68,Retail Store
SAL03620,2024-11-21,ST02,CUS0299,PRD048,2,438.16,296.72,141.44,Marketplace
SAL03621,2023-10-28,ST12,CUS0261,PRD074,2,335.2,199.44,135.76,Mobile App
SAL03622,2024-03-26,ST02,CUS0173,PRD044,1,495.38,340.71,154.67,Mobile App
SAL03623,2025-06-16,ST12,CUS0183,PRD076,1,132.2,81.2,51.0,Online
SAL03624,2022-08-31,ST05,CUS0218,PRD080,2,699.7,350.16,349.54,Mobile App
SAL03625,2024-05-31,ST02,CUS0071,PRD018,3,1560.8,937.05,623.75,Online
SAL03626,2022-07-26,ST05,CUS0283,PRD017,1,80.14,41.34,38.8,Mobile App
SAL03627,2024-03-20,ST11,CUS0246,PRD068,3,1018.2,724.29,293.91,Retail Store
SAL03628,2022-12-22,ST03,CUS0012,PRD021,1,148.63,117.72,30.91,Retail Store
SAL03629,2024-06-20,ST07,CUS0089,PRD059,1,310.62,162.6,148.02,Retail Store
SAL03630,2023-11-27,ST05,CUS0369,PRD032,1,638.32,322.6,315.72,Retail Store
SAL03631,2023-10-14,ST06,CUS0321,PRD040,1,143.47,93.59,49.88,Retail Store
SAL03632,2025-03-30,ST05,CUS0055,PRD032,3,1914.96,967.8,947.16,Marketplace
SAL03633,2024-06-22,ST06,CUS0370,PRD018,2,1095.3,624.7,470.6,Retail Store
SAL03634,2023-01-12,ST03,CUS0031,PRD028,1,213.33,140.6,72.73,Retail Store
SAL03635,2023-03-01,ST01,CUS0009,PRD029,2,399.32,235.66,163.66,Retail Store
SAL03636,2024-03-24,ST05,CUS0034,PRD027,2,1098.98,582.5,516.48,Mobile App
SAL03637,2025-07-25,ST02,CUS0095,PRD040,1,151.02,93.59,57.43,Online
SAL03638,2023-03-14,ST08,CUS0329,PRD060,1,325.93,165.18,160.75,Retail Store
SAL03639,2024-05-14,ST11,CUS0172,PRD048,1,197.17,148.36,48.81,Online
SAL03640,2023-07-02,ST08,CUS0245,PRD018,1,547.65,312.35,235.3,Online
SAL03641,2024-07-16,ST12,CUS0028,PRD055,3,1099.77,566.25,533.52,Marketplace
SAL03642,2025-04-18,ST11,CUS0319,PRD052,2,627.11,348.64,278.47,Marketplace
SAL03643,2024-07-02,ST07,CUS0180,PRD024,1,71.26,41.01,30.25,Marketplace
SAL03644,2025-04-07,ST02,CUS0040,PRD040,1,151.02,93.59,57.43,Mobile App
SAL03645,2024-02-06,ST12,CUS0230,PRD002,3,587.73,421.08,166.65,Mobile App
SAL03646,2024-07-10,ST07,CUS0319,PRD080,1,332.36,175.08,157.28,Online
SAL03647,2024-03-23,ST07,CUS0362,PRD058,1,451.54,300.58,150.96,Online
SAL03648,2022-07-20,ST09,CUS0211,PRD073,2,1057.92,620.8,437.12,Retail Store
SAL03649,2025-01-07,ST02,CUS0058,PRD057,2,795.42,407.06,388.36,Mobile App
SAL03650,2023-05-17,ST01,CUS0161,PRD064,2,340.22,206.4,133.82,Online
SAL03651,2022-07-04,ST02,CUS0024,PRD017,1,80.14,41.34,38.8,Online
SAL03652,2023-07-24,ST12,CUS0005,PRD062,1,400.07,264.27,135.8,Online
SAL03653,2023-10-02,ST06,CUS0359,PRD017,1,72.13,41.34,30.79,Online
SAL03654,2024-07-17,ST12,CUS0333,PRD031,1,448.4,226.91,221.49,Online
SAL03655,2025-07-10,ST05,CUS0044,PRD071,1,58.36,40.95,17.41,Online
SAL03656,2025-04-11,ST02,CUS0209,PRD015,3,1523.72,810.87,712.85,Marketplace
SAL03657,2024-03-29,ST08,CUS0341,PRD080,2,699.7,350.16,349.54,Mobile App
SAL03658,2023-11-01,ST08,CUS0299,PRD053,2,1073.74,562.6,511.14,Marketplace
SAL03659,2022-08-03,ST10,CUS0058,PRD015,3,1443.53,810.87,632.66,Mobile App
SAL03660,2024-12-22,ST02,CUS0057,PRD009,1,39.74,20.42,19.32,Marketplace
SAL03661,2024-11-29,ST03,CUS0233,PRD070,1,468.13,300.33,167.8,Retail Store
SAL03662,2023-10-01,ST02,CUS0254,PRD026,2,1056.7,480.48,576.22,Mobile App
SAL03663,2024-11-06,ST01,CUS0206,PRD067,1,494.84,263.6,231.24,Marketplace
SAL03664,2024-03-05,ST04,CUS0067,PRD039,4,1400.68,921.04,479.64,Online
SAL03665,2022-12-13,ST09,CUS0174,PRD039,2,663.48,460.52,202.96,Mobile App
SAL03666,2024-07-14,ST10,CUS0380,PRD049,3,1379.4,778.95,600.45,Marketplace
SAL03667,2022-10-14,ST08,CUS0144,PRD009,1,35.77,20.42,15.35,Marketplace
SAL03668,2024-03-11,ST09,CUS0014,PRD045,1,357.11,178.36,178.75,Mobile App
SAL03669,2024-04-06,ST02,CUS0322,PRD059,2,621.24,325.2,296.04,Marketplace
SAL03670,2023-07-24,ST11,CUS0133,PRD068,2,678.8,482.86,195.94,Mobile App
SAL03671,2024-06-09,ST03,CUS0031,PRD007,4,1462.51,871.0,591.51,Mobile App
SAL03672,2025-05-05,ST05,CUS0309,PRD066,3,1439.82,880.11,559.71,Mobile App
SAL03673,2023-03-01,ST08,CUS0119,PRD040,1,135.92,93.59,42.33,Online
SAL03674,2024-03-24,ST07,CUS0200,PRD052,1,330.06,174.32,155.74,Mobile App
SAL03675,2024-12-27,ST07,CUS0276,PRD040,1,143.47,93.59,49.88,Retail Store
SAL03676,2022-10-19,ST09,CUS0276,PRD016,2,675.6,356.98,318.62,Marketplace
SAL03677,2025-01-21,ST03,CUS0270,PRD009,1,37.75,20.42,17.33,Marketplace
SAL03678,2025-03-20,ST08,CUS0152,PRD029,1,189.68,117.83,71.85,Mobile App
SAL03679,2024-11-10,ST08,CUS0214,PRD076,1,118.98,81.2,37.78,Mobile App
SAL03680,2024-12-25,ST03,CUS0359,PRD048,1,208.13,148.36,59.77,Online
SAL03681,2023-06-19,ST11,CUS0329,PRD032,2,1276.64,645.2,631.44,Retail Store
SAL03682,2023-07-15,ST08,CUS0213,PRD041,1,198.13,103.96,94.17,Mobile App
SAL03683,2025-05-06,ST06,CUS0110,PRD016,2,675.6,356.98,318.62,Mobile App
SAL03684,2022-11-13,ST08,CUS0339,PRD044,1,495.38,340.71,154.67,Marketplace
SAL03685,2025-02-04,ST08,CUS0371,PRD004,1,487.76,291.78,195.98,Retail Store
SAL03686,2024-11-22,ST11,CUS0227,PRD061,1,351.38,170.32,181.06,Mobile App
SAL03687,2023-09-22,ST04,CUS0173,PRD048,1,219.08,148.36,70.72,Retail Store
SAL03688,2022-12-15,ST04,CUS0249,PRD010,1,334.05,190.06,143.99,Mobile App
SAL03689,2024-04-22,ST08,CUS0078,PRD014,1,195.85,104.45,91.4,Mobile App
SAL03690,2024-11-17,ST02,CUS0090,PRD076,1,132.2,81.2,51.0,Mobile App
SAL03691,2025-02-11,ST12,CUS0230,PRD049,3,1379.4,778.95,600.45,Mobile App
SAL03692,2023-05-03,ST06,CUS0188,PRD007,1,384.87,217.75,167.12,Online
SAL03693,2025-04-08,ST08,CUS0054,PRD042,4,2356.0,1357.64,998.36,Mobile App
SAL03694,2025-02-17,ST07,CUS0182,PRD069,1,385.57,222.64,162.93,Online
SAL03695,2025-01-23,ST03,CUS0158,PRD052,4,1320.24,697.28,622.96,Online
SAL03696,2023-01-01,ST03,CUS0158,PRD057,2,795.42,407.06,388.36,Online
SAL03697,2024-10-25,ST03,CUS0013,PRD020,4,1430.8,814.16,616.64,Retail Store
SAL03698,2022-07-02,ST01,CUS0038,PRD036,1,315.69,199.03,116.66,Mobile App
SAL03699,2024-07-21,ST01,CUS0208,PRD074,3,477.66,299.16,178.5,Online
SAL03700,2024-01-30,ST03,CUS0175,PRD049,3,1379.4,778.95,600.45,Retail Store
SAL03701,2024-05-07,ST08,CUS0263,PRD036,1,315.69,199.03,116.66,Retail Store
SAL03702,2025-04-17,ST08,CUS0211,PRD080,1,349.85,175.08,174.77,Marketplace
SAL03703,2023-09-12,ST01,CUS0192,PRD022,3,539.7,269.34,270.36,Online
SAL03704,2025-07-29,ST12,CUS0061,PRD021,1,148.63,117.72,30.91,Mobile App
SAL03705,2022-11-09,ST10,CUS0369,PRD050,2,254.22,153.28,100.94,Online
SAL03706,2025-07-08,ST12,CUS0192,PRD008,3,854.67,392.04,462.63,Marketplace
SAL03707,2023-09-09,ST07,CUS0022,PRD045,4,1285.6,713.44,572.16,Marketplace
SAL03708,2023-02-13,ST12,CUS0345,PRD015,2,1069.28,540.58,528.7,Mobile App
SAL03709,2022-09-30,ST06,CUS0343,PRD035,2,960.48,541.94,418.54,Online
SAL03710,2023-02-03,ST10,CUS0129,PRD051,1,138.82,72.37,66.45,Retail Store
SAL03711,2024-05-19,ST01,CUS0381,PRD014,1,195.85,104.45,91.4,Online
SAL03712,2025-01-13,ST10,CUS0276,PRD005,2,137.2,83.5,53.7,Marketplace
SAL03713,2025-01-13,ST01,CUS0383,PRD052,2,660.12,348.64,311.48,Retail Store
SAL03714,2022-07-29,ST04,CUS0074,PRD053,3,1610.61,843.9,766.71,Retail Store
SAL03715,2025-05-30,ST12,CUS0062,PRD047,1,333.55,214.53,119.02,Mobile App
SAL03716,2023-08-27,ST07,CUS0309,PRD016,1,320.91,178.49,142.42,Online
SAL03717,2022-09-02,ST01,CUS0209,PRD074,1,167.6,99.72,67.88,Marketplace
SAL03718,2024-06-29,ST02,CUS0120,PRD046,1,490.11,263.91,226.2,Online
SAL03719,2022-09-29,ST03,CUS0092,PRD035,1,480.24,270.97,209.27,Marketplace
SAL03720,2024-06-09,ST04,CUS0147,PRD006,1,156.27,73.42,82.85,Retail Store
SAL03721,2022-09-21,ST03,CUS0235,PRD059,5,1553.1,813.0,740.1,Online
SAL03722,2024-10-08,ST05,CUS0239,PRD072,1,496.37,285.8,210.57,Mobile App
SAL03723,2022-08-31,ST04,CUS0291,PRD065,1,247.95,157.21,90.74,Marketplace
SAL03724,2023-10-03,ST09,CUS0085,PRD038,1,253.36,189.75,63.61,Retail Store
SAL03725,2023-01-16,ST07,CUS0249,PRD011,1,396.51,195.47,201.04,Marketplace
SAL03726,2024-06-08,ST09,CUS0258,PRD028,1,213.33,140.6,72.73,Retail Store
SAL03727,2023-02-06,ST04,CUS0033,PRD014,1,195.85,104.45,91.4,Mobile App
SAL03728,2024-04-16,ST10,CUS0352,PRD023,1,164.21,86.92,77.29,Online
SAL03729,2023-11-12,ST06,CUS0114,PRD068,2,678.8,482.86,195.94,Online
SAL03730,2023-10-06,ST08,CUS0239,PRD027,1,578.41,291.25,287.16,Retail Store
SAL03731,2022-12-09,ST09,CUS0147,PRD035,3,1440.72,812.91,627.81,Marketplace
SAL03732,2024-09-29,ST03,CUS0323,PRD031,1,448.4,226.91,221.49,Mobile App
SAL03733,2023-03-06,ST10,CUS0349,PRD071,1,55.44,40.95,14.49,Mobile App
SAL03734,2023-05-12,ST05,CUS0018,PRD053,1,536.87,281.3,255.57,Online
SAL03735,2022-07-19,ST07,CUS0054,PRD054,1,63.7,33.69,30.01,Mobile App
SAL03736,2024-01-09,ST08,CUS0067,PRD040,1,135.92,93.59,42.33,Online
SAL03737,2023-11-11,ST10,CUS0338,PRD026,6,2853.09,1441.44,1411.65,Marketplace
SAL03738,2023-05-13,ST02,CUS0068,PRD008,2,569.78,261.36,308.42,Marketplace
SAL03739,2022-12-30,ST07,CUS0380,PRD010,1,300.65,190.06,110.59,Retail Store
SAL03740,2024-09-12,ST11,CUS0243,PRD040,3,430.41,280.77,149.64,Retail Store
SAL03741,2023-11-18,ST10,CUS0077,PRD007,1,365.63,217.75,147.88,Mobile App
SAL03742,2022-12-05,ST02,CUS0151,PRD034,1,140.86,103.0,37.86,Retail Store
SAL03743,2023-09-28,ST08,CUS0102,PRD034,1,148.68,103.0,45.68,Retail Store
SAL03744,2025-02-26,ST11,CUS0317,PRD022,1,170.91,89.78,81.13,Marketplace
SAL03745,2024-07-25,ST01,CUS0170,PRD005,1,72.21,41.75,30.46,Mobile App
SAL03746,2024-05-02,ST03,CUS0399,PRD053,1,536.87,281.3,255.57,Marketplace
SAL03747,2023-07-23,ST05,CUS0386,PRD024,1,75.22,41.01,34.21,Mobile App
SAL03748,2024-03-17,ST01,CUS0204,PRD042,1,620.0,339.41,280.59,Mobile App
SAL03749,2022-10-12,ST10,CUS0044,PRD012,2,812.99,589.88,223.11,Retail Store
SAL03750,2025-03-09,ST07,CUS0164,PRD052,2,660.12,348.64,311.48,Online
SAL03751,2024-09-24,ST07,CUS0345,PRD024,3,225.66,123.03,102.63,Retail Store
SAL03752,2025-01-16,ST08,CUS0040,PRD015,3,1443.53,810.87,632.66,Mobile App
SAL03753,2025-05-05,ST06,CUS0093,PRD015,2,962.35,540.58,421.77,Online
SAL03754,2025-05-05,ST10,CUS0092,PRD059,3,931.86,487.8,444.06,Marketplace
SAL03755,2025-07-10,ST03,CUS0150,PRD077,2,686.6,365.46,321.14,Online
SAL03756,2024-03-28,ST06,CUS0073,PRD078,1,353.29,173.39,179.9,Mobile App
SAL03757,2025-05-15,ST08,CUS0283,PRD010,1,334.05,190.06,143.99,Marketplace
SAL03758,2022-09-14,ST08,CUS0045,PRD050,2,241.51,153.28,88.23,Mobile App
SAL03759,2024-11-22,ST03,CUS0083,PRD063,2,629.56,298.02,331.54,Mobile App
SAL03760,2022-07-26,ST04,CUS0267,PRD067,1,470.1,263.6,206.5,Marketplace
SAL03761,2025-05-20,ST10,CUS0256,PRD002,2,371.2,280.72,90.48,Online
SAL03762,2024-07-29,ST05,CUS0340,PRD031,1,448.4,226.91,221.49,Online
SAL03763,2023-04-22,ST09,CUS0242,PRD025,2,455.48,288.62,166.86,Marketplace
SAL03764,2025-06-27,ST11,CUS0181,PRD015,3,1443.53,810.87,632.66,Online
SAL03765,2023-02-09,ST09,CUS0213,PRD050,2,241.51,153.28,88.23,Marketplace
SAL03766,2023-11-24,ST09,CUS0013,PRD067,1,494.84,263.6,231.24,Marketplace
SAL03767,2022-10-09,ST07,CUS0190,PRD076,1,132.2,81.2,51.0,Online
SAL03768,2022-11-27,ST01,CUS0013,PRD007,2,769.74,435.5,334.24,Online
SAL03769,2025-05-14,ST01,CUS0187,PRD063,3,849.91,447.03,402.88,Online
SAL03770,2023-08-07,ST01,CUS0338,PRD053,2,1073.74,562.6,511.14,Marketplace
SAL03771,2025-05-13,ST03,CUS0317,PRD001,1,333.73,221.71,112.02,Retail Store
SAL03772,2023-02-14,ST08,CUS0114,PRD031,3,1345.2,680.73,664.47,Mobile App
SAL03773,2025-04-27,ST02,CUS0350,PRD019,1,278.94,189.52,89.42,Marketplace
SAL03774,2023-09-25,ST03,CUS0231,PRD037,2,369.04,189.68,179.36,Online
SAL03775,2023-12-09,ST11,CUS0090,PRD075,1,506.71,256.45,250.26,Marketplace
SAL03776,2025-05-09,ST05,CUS0319,PRD065,3,704.7,471.63,233.07,Mobile App
SAL03777,2023-12-05,ST08,CUS0081,PRD034,2,297.37,206.0,91.37,Online
SAL03778,2023-02-16,ST12,CUS0127,PRD079,4,424.12,258.32,165.8,Marketplace
SAL03779,2025-07-26,ST04,CUS0262,PRD074,2,335.2,199.44,135.76,Mobile App
SAL03780,2025-04-18,ST08,CUS0348,PRD004,3,1625.85,875.34,750.51,Retail Store
SAL03781,2024-08-02,ST10,CUS0177,PRD079,2,190.85,129.16,61.69,Retail Store
SAL03782,2022-09-27,ST11,CUS0039,PRD054,1,57.33,33.69,23.64,Retail Store
SAL03783,2022-12-31,ST01,CUS0260,PRD076,4,475.92,324.8,151.12,Retail Store
SAL03784,2023-09-01,ST10,CUS0010,PRD034,2,313.02,206.0,107.02,Online
SAL03785,2023-03-04,ST03,CUS0371,PRD051,2,263.76,144.74,119.02,Online
SAL03786,2023-10-19,ST05,CUS0399,PRD035,1,480.24,270.97,209.27,Online
SAL03787,2025-01-15,ST06,CUS0248,PRD024,3,213.79,123.03,90.76,Mobile App
SAL03788,2025-07-07,ST08,CUS0200,PRD018,3,1642.95,937.05,705.9,Online
SAL03789,2023-06-23,ST03,CUS0092,PRD062,2,800.14,528.54,271.6,Retail Store
SAL03790,2023-12-09,ST04,CUS0179,PRD041,1,198.13,103.96,94.17,Mobile App
SAL03791,2024-03-06,ST02,CUS0398,PRD007,3,1096.88,653.25,443.63,Online
SAL03792,2025-07-04,ST08,CUS0291,PRD024,1,79.18,41.01,38.17,Mobile App
SAL03793,2023-08-28,ST12,CUS0044,PRD013,1,543.57,308.2,235.37,Mobile App
SAL03794,2023-01-31,ST01,CUS0217,PRD009,1,35.77,20.42,15.35,Marketplace
SAL03795,2023-11-16,ST05,CUS0397,PRD023,1,147.79,86.92,60.87,Mobile App
SAL03796,2025-03-30,ST04,CUS0116,PRD014,1,176.26,104.45,71.81,Marketplace
SAL03797,2024-03-05,ST01,CUS0370,PRD055,2,733.18,377.5,355.68,Marketplace
SAL03798,2023-06-11,ST11,CUS0077,PRD042,2,1116.0,678.82,437.18,Marketplace
SAL03799,2024-04-28,ST05,CUS0381,PRD051,2,263.76,144.74,119.02,Retail Store
SAL03800,2024-09-25,ST02,CUS0263,PRD012,1,451.66,294.94,156.72,Online
SAL03801,2023-01-06,ST03,CUS0233,PRD001,1,370.81,221.71,149.1,Retail Store
SAL03802,2024-04-12,ST02,CUS0364,PRD075,3,1368.12,769.35,598.77,Mobile App
SAL03803,2022-08-23,ST06,CUS0169,PRD052,1,330.06,174.32,155.74,Marketplace
SAL03804,2025-02-28,ST10,CUS0222,PRD028,2,383.99,281.2,102.79,Mobile App
SAL03805,2023-05-28,ST08,CUS0194,PRD009,1,37.75,20.42,17.33,Mobile App
SAL03806,2022-08-18,ST10,CUS0318,PRD046,1,441.1,263.91,177.19,Retail Store
SAL03807,2025-01-06,ST07,CUS0195,PRD077,2,617.94,365.46,252.48,Marketplace
SAL03808,2023-10-29,ST12,CUS0032,PRD052,3,990.18,522.96,467.22,Online
SAL03809,2023-05-17,ST05,CUS0194,PRD026,1,528.35,240.24,288.11,Mobile App
SAL03810,2022-08-29,ST04,CUS0149,PRD014,4,744.23,417.8,326.43,Retail Store
SAL03811,2023-11-21,ST11,CUS0101,PRD035,2,960.48,541.94,418.54,Online
SAL03812,2024-08-06,ST02,CUS0311,PRD038,1,253.36,189.75,63.61,Online
SAL03813,2025-01-22,ST02,CUS0102,PRD056,4,1569.59,1078.48,491.11,Marketplace
SAL03814,2023-09-22,ST05,CUS0392,PRD061,1,351.38,170.32,181.06,Online
SAL03815,2024-02-22,ST02,CUS0075,PRD024,2,158.36,82.02,76.34,Mobile App
SAL03816,2025-05-10,ST02,CUS0331,PRD017,1,72.13,41.34,30.79,Marketplace
SAL03817,2025-04-15,ST02,CUS0263,PRD025,1,204.97,144.31,60.66,Retail Store
SAL03818,2024-10-12,ST08,CUS0132,PRD030,1,255.97,143.34,112.63,Retail Store
SAL03819,2024-01-14,ST02,CUS0168,PRD059,1,310.62,162.6,148.02,Online
SAL03820,2024-01-30,ST09,CUS0188,PRD076,1,132.2,81.2,51.0,Mobile App
SAL03821,2025-04-26,ST12,CUS0260,PRD002,2,412.44,280.72,131.72,Online
SAL03822,2022-09-23,ST02,CUS0243,PRD022,1,179.9,89.78,90.12,Mobile App
SAL03823,2025-01-25,ST12,CUS0107,PRD041,1,198.13,103.96,94.17,Retail Store
SAL03824,2024-06-19,ST11,CUS0163,PRD028,3,607.99,421.8,186.19,Online
SAL03825,2025-03-15,ST02,CUS0116,PRD038,1,253.36,189.75,63.61,Retail Store
SAL03826,2025-04-02,ST11,CUS0345,PRD078,2,706.58,346.78,359.8,Marketplace
SAL03827,2024-04-24,ST06,CUS0101,PRD030,1,255.97,143.34,112.63,Marketplace
SAL03828,2025-01-17,ST06,CUS0360,PRD011,1,417.38,195.47,221.91,Online
SAL03829,2022-10-24,ST11,CUS0328,PRD032,1,574.49,322.6,251.89,Online
SAL03830,2023-02-03,ST02,CUS0155,PRD042,1,589.0,339.41,249.59,Marketplace
SAL03831,2024-02-05,ST03,CUS0293,PRD070,1,468.13,300.33,167.8,Retail Store
SAL03832,2025-07-01,ST03,CUS0277,PRD051,2,249.88,144.74,105.14,Mobile App
SAL03833,2023-01-10,ST09,CUS0396,PRD044,1,550.42,340.71,209.71,Online
SAL03834,2024-03-06,ST06,CUS0156,PRD066,1,455.94,293.37,162.57,Retail Store
SAL03835,2024-10-05,ST10,CUS0214,PRD072,1,551.52,285.8,265.72,Retail Store
SAL03836,2024-01-05,ST03,CUS0381,PRD055,2,733.18,377.5,355.68,Mobile App
SAL03837,2024-10-01,ST04,CUS0310,PRD077,1,343.3,182.73,160.57,Mobile App
SAL03838,2024-05-13,ST12,CUS0128,PRD042,1,589.0,339.41,249.59,Mobile App
SAL03839,2023-03-21,ST04,CUS0103,PRD013,1,514.96,308.2,206.76,Marketplace
SAL03840,2023-10-23,ST07,CUS0115,PRD015,1,507.91,270.29,237.62,Mobile App
SAL03841,2025-01-16,ST07,CUS0042,PRD050,3,381.33,229.92,151.41,Marketplace
SAL03842,2025-03-11,ST05,CUS0164,PRD002,2,412.44,280.72,131.72,Online
SAL03843,2024-02-28,ST01,CUS0350,PRD058,1,428.96,300.58,128.38,Online
SAL03844,2025-03-14,ST02,CUS0241,PRD049,1,459.8,259.65,200.15,Marketplace
SAL03845,2025-02-09,ST01,CUS0248,PRD034,1,148.68,103.0,45.68,Mobile App
SAL03846,2023-01-16,ST03,CUS0040,PRD031,4,1793.6,907.64,885.96,Marketplace
SAL03847,2024-08-06,ST10,CUS0393,PRD068,3,1018.2,724.29,293.91,Retail Store
SAL03848,2023-06-24,ST08,CUS0319,PRD050,3,381.33,229.92,151.41,Marketplace
SAL03849,2022-08-02,ST01,CUS0073,PRD058,2,903.08,601.16,301.92,Retail Store
SAL03850,2023-03-15,ST03,CUS0221,PRD071,4,210.1,163.8,46.3,Online
SAL03851,2024-10-22,ST02,CUS0316,PRD009,1,37.75,20.42,17.33,Marketplace
SAL03852,2025-06-15,ST08,CUS0324,PRD071,1,58.36,40.95,17.41,Marketplace
SAL03853,2022-07-26,ST05,CUS0252,PRD034,1,156.51,103.0,53.51,Retail Store
SAL03854,2024-12-01,ST11,CUS0074,PRD078,1,353.29,173.39,179.9,Mobile App
SAL03855,2024-04-23,ST08,CUS0062,PRD032,1,638.32,322.6,315.72,Mobile App
SAL03856,2024-09-17,ST07,CUS0134,PRD001,3,1112.43,665.13,447.3,Marketplace
SAL03857,2023-10-26,ST12,CUS0152,PRD015,1,534.64,270.29,264.35,Mobile App
SAL03858,2024-08-05,ST10,CUS0117,PRD007,2,731.25,435.5,295.75,Online
SAL03859,2025-07-24,ST06,CUS0245,PRD049,3,1379.4,778.95,600.45,Mobile App
SAL03860,2023-11-23,ST10,CUS0215,PRD057,4,1767.6,814.12,953.48,Mobile App
SAL03861,2024-08-27,ST03,CUS0133,PRD012,1,451.66,294.94,156.72,Retail Store
SAL03862,2023-09-27,ST07,CUS0181,PRD079,1,106.03,64.58,41.45,Marketplace
SAL03863,2025-05-22,ST09,CUS0112,PRD008,1,284.89,130.68,154.21,Mobile App
SAL03864,2023-03-23,ST09,CUS0260,PRD021,1,165.14,117.72,47.42,Online
SAL03865,2023-09-30,ST03,CUS0108,PRD015,2,962.35,540.58,421.77,Marketplace
SAL03866,2024-11-25,ST04,CUS0263,PRD063,1,314.78,149.01,165.77,Online
SAL03867,2022-12-13,ST12,CUS0275,PRD046,1,490.11,263.91,226.2,Retail Store
SAL03868,2024-12-09,ST08,CUS0238,PRD078,3,1006.88,520.17,486.71,Online
SAL03869,2023-08-16,ST09,CUS0186,PRD066,2,911.89,586.74,325.15,Online
SAL03870,2022-07-03,ST12,CUS0172,PRD019,2,557.88,379.04,178.84,Online
SAL03871,2024-02-29,ST07,CUS0355,PRD063,1,314.78,149.01,165.77,Marketplace
SAL03872,2022-10-03,ST09,CUS0091,PRD052,1,313.56,174.32,139.24,Retail Store
SAL03873,2025-02-01,ST02,CUS0237,PRD010,1,317.35,190.06,127.29,Mobile App
SAL03874,2023-01-20,ST06,CUS0327,PRD028,1,192.0,140.6,51.4,Mobile App
SAL03875,2024-06-08,ST10,CUS0100,PRD045,1,357.11,178.36,178.75,Mobile App
SAL03876,2023-07-05,ST11,CUS0218,PRD007,5,1731.91,1088.75,643.16,Mobile App
SAL03877,2022-12-27,ST11,CUS0399,PRD065,2,522.0,314.42,207.58,Mobile App
SAL03878,2025-07-22,ST04,CUS0212,PRD069,1,385.57,222.64,162.93,Marketplace
SAL03879,2024-08-03,ST06,CUS0267,PRD020,2,715.4,407.08,308.32,Mobile App
SAL03880,2024-07-12,ST10,CUS0229,PRD016,4,1351.2,713.96,637.24,Mobile App
SAL03881,2022-07-17,ST05,CUS0044,PRD029,1,179.69,117.83,61.86,Retail Store
SAL03882,2023-07-13,ST02,CUS0082,PRD034,1,156.51,103.0,53.51,Mobile App
SAL03883,2025-07-18,ST01,CUS0370,PRD040,1,135.92,93.59,42.33,Marketplace
SAL03884,2025-05-21,ST03,CUS0200,PRD060,1,362.14,165.18,196.96,Online
SAL03885,2024-08-12,ST08,CUS0185,PRD071,1,58.36,40.95,17.41,Retail Store
SAL03886,2023-09-29,ST06,CUS0012,PRD040,2,302.04,187.18,114.86,Marketplace
SAL03887,2022-12-17,ST04,CUS0011,PRD060,1,362.14,165.18,196.96,Mobile App
SAL03888,2022-09-21,ST07,CUS0221,PRD060,4,1448.56,660.72,787.84,Retail Store
SAL03889,2024-07-03,ST08,CUS0338,PRD058,4,1625.54,1202.32,423.22,Marketplace
SAL03890,2025-05-21,ST11,CUS0040,PRD042,2,1240.0,678.82,561.18,Retail Store
SAL03891,2022-09-20,ST11,CUS0361,PRD051,4,555.28,289.48,265.8,Retail Store
SAL03892,2024-04-03,ST01,CUS0145,PRD080,1,332.36,175.08,157.28,Online
SAL03893,2023-07-04,ST07,CUS0144,PRD030,1,255.97,143.34,112.63,Mobile App
SAL03894,2023-09-22,ST02,CUS0140,PRD006,2,312.54,146.84,165.7,Marketplace
SAL03895,2023-11-27,ST03,CUS0263,PRD007,3,1039.15,653.25,385.9,Online
SAL03896,2024-04-30,ST10,CUS0027,PRD018,1,547.65,312.35,235.3,Mobile App
SAL03897,2022-08-14,ST12,CUS0388,PRD012,2,903.32,589.88,313.44,Retail Store
SAL03898,2024-04-26,ST10,CUS0092,PRD001,1,370.81,221.71,149.1,Retail Store
SAL03899,2024-11-16,ST02,CUS0377,PRD009,1,39.74,20.42,19.32,Marketplace
SAL03900,2023-04-29,ST08,CUS0346,PRD033,2,712.66,472.34,240.32,Retail Store
SAL03901,2023-10-28,ST06,CUS0190,PRD045,1,357.11,178.36,178.75,Online
SAL03902,2024-05-16,ST04,CUS0259,PRD062,1,360.06,264.27,95.79,Retail Store
SAL03903,2023-05-22,ST08,CUS0314,PRD033,1,356.33,236.17,120.16,Marketplace
SAL03904,2024-03-07,ST07,CUS0161,PRD038,3,720.09,569.25,150.84,Mobile App
SAL03905,2022-07-19,ST07,CUS0070,PRD037,1,194.23,94.84,99.39,Online
SAL03906,2022-12-26,ST11,CUS0126,PRD027,2,1041.14,582.5,458.64,Mobile App
SAL03907,2025-03-31,ST02,CUS0176,PRD054,1,57.33,33.69,23.64,Retail Store
SAL03908,2022-08-12,ST05,CUS0366,PRD027,1,520.57,291.25,229.32,Online
SAL03909,2023-07-08,ST03,CUS0287,PRD007,1,384.87,217.75,167.12,Retail Store
SAL03910,2022-08-08,ST02,CUS0022,PRD027,1,549.49,291.25,258.24,Retail Store
SAL03911,2024-05-12,ST05,CUS0339,PRD052,1,330.06,174.32,155.74,Retail Store
SAL03912,2024-09-29,ST11,CUS0188,PRD026,1,475.52,240.24,235.28,Online
SAL03913,2024-07-15,ST08,CUS0061,PRD038,1,253.36,189.75,63.61,Online
SAL03914,2024-03-02,ST12,CUS0146,PRD027,3,1735.23,873.75,861.48,Retail Store
SAL03915,2025-07-02,ST09,CUS0057,PRD059,1,310.62,162.6,148.02,Retail Store
SAL03916,2024-05-04,ST02,CUS0082,PRD069,2,732.58,445.28,287.3,Retail Store
SAL03917,2024-08-17,ST04,CUS0341,PRD056,1,371.75,269.62,102.13,Online
SAL03918,2024-01-23,ST09,CUS0035,PRD029,1,189.68,117.83,71.85,Marketplace
SAL03919,2023-05-25,ST11,CUS0059,PRD067,2,989.68,527.2,462.48,Retail Store
SAL03920,2022-11-24,ST03,CUS0032,PRD070,2,936.26,600.66,335.6,Online
SAL03921,2025-03-20,ST11,CUS0296,PRD052,2,627.11,348.64,278.47,Retail Store
SAL03922,2023-07-16,ST06,CUS0344,PRD018,1,520.27,312.35,207.92,Mobile App
SAL03923,2024-10-06,ST07,CUS0184,PRD031,1,448.4,226.91,221.49,Mobile App
SAL03924,2024-01-28,ST10,CUS0036,PRD009,4,158.96,81.68,77.28,Mobile App
SAL03925,2024-06-08,ST08,CUS0400,PRD038,1,266.7,189.75,76.95,Marketplace
SAL03926,2024-06-28,ST10,CUS0304,PRD032,2,1212.81,645.2,567.61,Online
SAL03927,2023-05-16,ST11,CUS0009,PRD040,1,151.02,93.59,57.43,Online
SAL03928,2023-11-21,ST05,CUS0360,PRD065,2,469.8,314.42,155.38,Online
SAL03929,2024-03-06,ST02,CUS0116,PRD008,4,1082.58,522.72,559.86,Mobile App
SAL03930,2023-11-28,ST05,CUS0039,PRD080,2,699.7,350.16,349.54,Retail Store
SAL03931,2024-12-29,ST10,CUS0023,PRD078,1,353.29,173.39,179.9,Online
SAL03932,2025-04-23,ST06,CUS0346,PRD080,2,664.72,350.16,314.56,Online
SAL03933,2024-08-21,ST10,CUS0193,PRD067,2,989.68,527.2,462.48,Mobile App
SAL03934,2023-11-10,ST11,CUS0296,PRD031,1,448.4,226.91,221.49,Retail Store
SAL03935,2023-08-06,ST08,CUS0368,PRD050,2,254.22,153.28,100.94,Online
SAL03936,2023-01-18,ST03,CUS0267,PRD028,1,202.66,140.6,62.06,Marketplace
SAL03937,2025-04-03,ST05,CUS0111,PRD041,1,178.32,103.96,74.36,Retail Store
SAL03938,2023-09-26,ST05,CUS0355,PRD023,1,147.79,86.92,60.87,Marketplace
SAL03939,2023-09-13,ST10,CUS0267,PRD051,2,249.88,144.74,105.14,Online
SAL03940,2023-02-06,ST06,CUS0286,PRD031,2,807.12,453.82,353.3,Mobile App
SAL03941,2024-11-13,ST03,CUS0379,PRD043,2,551.98,327.0,224.98,Retail Store
SAL03942,2024-07-09,ST02,CUS0349,PRD001,2,741.62,443.42,298.2,Mobile App
SAL03943,2022-07-30,ST05,CUS0397,PRD039,1,331.74,230.26,101.48,Mobile App
SAL03944,2024-05-24,ST03,CUS0305,PRD063,2,629.56,298.02,331.54,Marketplace
SAL03945,2023-05-06,ST06,CUS0030,PRD035,2,960.48,541.94,418.54,Marketplace
SAL03946,2024-11-25,ST11,CUS0097,PRD002,4,824.88,561.44,263.44,Online
SAL03947,2025-06-19,ST11,CUS0370,PRD014,1,186.06,104.45,81.61,Marketplace
SAL03948,2022-09-10,ST10,CUS0316,PRD043,1,275.99,163.5,112.49,Online
SAL03949,2024-06-06,ST05,CUS0399,PRD045,1,321.4,178.36,143.04,Online
SAL03950,2025-07-01,ST01,CUS0039,PRD074,2,335.2,199.44,135.76,Online
SAL03951,2024-01-09,ST05,CUS0354,PRD001,2,741.62,443.42,298.2,Retail Store
SAL03952,2024-02-20,ST08,CUS0328,PRD030,1,255.97,143.34,112.63,Retail Store
SAL03953,2023-09-06,ST10,CUS0077,PRD008,1,270.65,130.68,139.97,Online
SAL03954,2022-12-16,ST08,CUS0175,PRD077,3,1029.9,548.19,481.71,Mobile App
SAL03955,2024-06-02,ST07,CUS0080,PRD015,3,1603.92,810.87,793.05,Marketplace
SAL03956,2025-04-26,ST01,CUS0330,PRD008,1,270.65,130.68,139.97,Marketplace
SAL03957,2024-01-21,ST12,CUS0107,PRD028,1,213.33,140.6,72.73,Online
SAL03958,2024-09-17,ST02,CUS0179,PRD021,2,313.77,235.44,78.33,Marketplace
SAL03959,2022-12-21,ST09,CUS0224,PRD055,1,329.93,188.75,141.18,Online
SAL03960,2025-01-25,ST08,CUS0085,PRD016,1,337.8,178.49,159.31,Marketplace
SAL03961,2023-06-26,ST04,CUS0051,PRD021,1,165.14,117.72,47.42,Mobile App
SAL03962,2024-04-10,ST12,CUS0296,PRD047,1,351.11,214.53,136.58,Online
SAL03963,2024-01-08,ST07,CUS0189,PRD080,2,699.7,350.16,349.54,Marketplace
SAL03964,2024-10-22,ST10,CUS0033,PRD021,1,165.14,117.72,47.42,Mobile App
SAL03965,2024-12-07,ST10,CUS0017,PRD077,3,926.91,548.19,378.72,Mobile App
SAL03966,2024-02-20,ST05,CUS0039,PRD039,1,350.17,230.26,119.91,Mobile App
SAL03967,2024-08-06,ST08,CUS0390,PRD027,3,1648.47,873.75,774.72,Online
SAL03968,2022-07-01,ST09,CUS0390,PRD058,3,1354.62,901.74,452.88,Mobile App
SAL03969,2024-06-24,ST09,CUS0150,PRD054,3,191.1,101.07,90.03,Marketplace
SAL03970,2024-08-07,ST07,CUS0255,PRD040,5,717.35,467.95,249.4,Mobile App
SAL03971,2024-12-09,ST08,CUS0347,PRD042,4,2356.0,1357.64,998.36,Retail Store
SAL03972,2023-08-20,ST09,CUS0061,PRD042,1,589.0,339.41,249.59,Mobile App
SAL03973,2024-08-22,ST08,CUS0203,PRD007,1,346.38,217.75,128.63,Marketplace
SAL03974,2025-03-21,ST02,CUS0173,PRD036,1,332.3,199.03,133.27,Mobile App
SAL03975,2024-07-17,ST01,CUS0329,PRD075,2,1013.42,512.9,500.52,Online
SAL03976,2025-03-04,ST09,CUS0212,PRD043,2,524.38,327.0,197.38,Retail Store
SAL03977,2024-10-28,ST07,CUS0085,PRD040,1,151.02,93.59,57.43,Marketplace
SAL03978,2023-09-13,ST10,CUS0256,PRD079,2,212.06,129.16,82.9,Retail Store
SAL03979,2024-09-27,ST05,CUS0025,PRD070,1,444.72,300.33,144.39,Marketplace
SAL03980,2023-07-09,ST11,CUS0355,PRD001,1,352.27,221.71,130.56,Online
SAL03981,2023-11-27,ST03,CUS0361,PRD065,1,234.9,157.21,77.69,Mobile App
SAL03982,2022-08-13,ST05,CUS0367,PRD005,1,72.21,41.75,30.46,Marketplace
SAL03983,2024-07-27,ST08,CUS0391,PRD019,3,836.82,568.56,268.26,Retail Store
SAL03984,2023-01-06,ST11,CUS0015,PRD021,2,297.25,235.44,61.81,Online
SAL03985,2025-04-09,ST03,CUS0172,PRD024,1,79.18,41.01,38.17,Online
SAL03986,2023-01-15,ST01,CUS0288,PRD029,1,199.66,117.83,81.83,Mobile App
SAL03987,2024-10-18,ST07,CUS0359,PRD034,1,156.51,103.0,53.51,Marketplace
SAL03988,2025-02-14,ST06,CUS0125,PRD049,4,1839.2,1038.6,800.6,Mobile App
SAL03989,2023-04-29,ST05,CUS0238,PRD066,1,431.95,293.37,138.58,Marketplace
SAL03990,2023-01-22,ST11,CUS0162,PRD012,2,903.32,589.88,313.44,Online
SAL03991,2024-02-10,ST05,CUS0169,PRD077,1,343.3,182.73,160.57,Online
SAL03992,2023-12-01,ST04,CUS0161,PRD070,1,468.13,300.33,167.8,Mobile App
SAL03993,2023-09-17,ST05,CUS0339,PRD065,2,469.8,314.42,155.38,Retail Store
SAL03994,2022-12-06,ST06,CUS0303,PRD056,2,826.1,539.24,286.86,Mobile App
SAL03995,2025-01-16,ST06,CUS0365,PRD077,3,1029.9,548.19,481.71,Online
SAL03996,2024-05-19,ST08,CUS0367,PRD071,1,58.36,40.95,17.41,Retail Store
SAL03997,2023-01-26,ST10,CUS0004,PRD017,1,80.14,41.34,38.8,Retail Store
SAL03998,2023-04-04,ST08,CUS0046,PRD071,1,58.36,40.95,17.41,Marketplace
SAL03999,2025-06-06,ST02,CUS0393,PRD032,1,638.32,322.6,315.72,Retail Store
SAL04000,2024-08-08,ST07,CUS0311,PRD037,1,194.23,94.84,99.39,Online
SAL04001,2024-10-10,ST10,CUS0014,PRD055,3,989.79,566.25,423.54,Retail Store
SAL04002,2025-02-08,ST11,CUS0162,PRD007,3,1154.61,653.25,501.36,Mobile App
SAL04003,2024-12-06,ST07,CUS0310,PRD042,2,1240.0,678.82,561.18,Marketplace
SAL04004,2025-01-20,ST01,CUS0032,PRD035,4,1920.96,1083.88,837.08,Marketplace
SAL04005,2023-03-08,ST09,CUS0398,PRD047,1,351.11,214.53,136.58,Mobile App
SAL04006,2025-05-25,ST10,CUS0184,PRD038,1,266.7,189.75,76.95,Online
SAL04007,2024-03-07,ST12,CUS0009,PRD012,1,451.66,294.94,156.72,Online
SAL04008,2025-04-11,ST09,CUS0347,PRD003,1,518.56,281.75,236.81,Retail Store
SAL04009,2024-04-05,ST09,CUS0096,PRD066,1,455.94,293.37,162.57,Mobile App
SAL04010,2022-10-25,ST01,CUS0292,PRD035,2,912.46,541.94,370.52,Marketplace
SAL04011,2023-09-29,ST06,CUS0167,PRD023,1,164.21,86.92,77.29,Mobile App
SAL04012,2023-04-20,ST06,CUS0062,PRD040,1,151.02,93.59,57.43,Retail Store
SAL04013,2024-08-09,ST08,CUS0105,PRD074,1,167.6,99.72,67.88,Marketplace
SAL04014,2025-04-27,ST08,CUS0002,PRD060,1,325.93,165.18,160.75,Marketplace
SAL04015,2023-01-27,ST07,CUS0350,PRD004,1,541.95,291.78,250.17,Marketplace
SAL04016,2024-11-04,ST02,CUS0142,PRD076,1,132.2,81.2,51.0,Mobile App
SAL04017,2024-09-21,ST09,CUS0088,PRD013,1,572.18,308.2,263.98,Online
SAL04018,2025-05-15,ST06,CUS0308,PRD049,1,459.8,259.65,200.15,Mobile App
SAL04019,2023-01-17,ST08,CUS0082,PRD069,2,732.58,445.28,287.3,Retail Store
SAL04020,2025-05-30,ST10,CUS0299,PRD053,1,536.87,281.3,255.57,Online
SAL04021,2023-09-12,ST11,CUS0307,PRD054,1,63.7,33.69,30.01,Mobile App
SAL04022,2025-06-25,ST11,CUS0289,PRD050,1,127.11,76.64,50.47,Retail Store
SAL04023,2023-01-10,ST09,CUS0011,PRD056,1,413.05,269.62,143.43,Marketplace
SAL04024,2025-05-31,ST01,CUS0064,PRD055,1,366.59,188.75,177.84,Online
SAL04025,2023-03-07,ST02,CUS0182,PRD029,1,199.66,117.83,81.83,Retail Store
SAL04026,2024-08-21,ST05,CUS0391,PRD080,1,349.85,175.08,174.77,Marketplace
SAL04027,2023-07-22,ST06,CUS0057,PRD075,2,962.75,512.9,449.85,Online
SAL04028,2024-05-15,ST05,CUS0308,PRD034,1,156.51,103.0,53.51,Mobile App
SAL04029,2024-08-11,ST04,CUS0103,PRD055,2,696.52,377.5,319.02,Mobile App
SAL04030,2022-10-24,ST12,CUS0263,PRD073,1,528.96,310.4,218.56,Retail Store
SAL04031,2025-02-23,ST09,CUS0375,PRD032,2,1212.81,645.2,567.61,Marketplace
SAL04032,2025-05-23,ST09,CUS0058,PRD001,5,1668.64,1108.55,560.09,Retail Store
SAL04033,2022-10-28,ST12,CUS0062,PRD012,2,903.32,589.88,313.44,Online
SAL04034,2024-09-08,ST06,CUS0313,PRD061,2,702.76,340.64,362.12,Online
SAL04035,2023-08-20,ST05,CUS0049,PRD026,2,1056.7,480.48,576.22,Online
SAL04036,2022-07-29,ST11,CUS0042,PRD036,3,947.06,597.09,349.97,Retail Store
SAL04037,2024-06-27,ST02,CUS0389,PRD060,2,724.28,330.36,393.92,Marketplace
SAL04038,2024-02-05,ST10,CUS0249,PRD065,1,247.95,157.21,90.74,Online
SAL04039,2025-06-11,ST09,CUS0382,PRD032,1,606.4,322.6,283.8,Retail Store
SAL04040,2025-06-04,ST02,CUS0372,PRD066,3,1439.82,880.11,559.71,Online
SAL04041,2024-03-21,ST01,CUS0378,PRD023,2,295.58,173.84,121.74,Online
SAL04042,2022-07-18,ST05,CUS0028,PRD024,1,79.18,41.01,38.17,Mobile App
SAL04043,2023-06-26,ST02,CUS0163,PRD031,3,1210.68,680.73,529.95,Marketplace
SAL04044,2024-01-01,ST09,CUS0398,PRD066,1,479.94,293.37,186.57,Marketplace
SAL04045,2024-08-04,ST06,CUS0301,PRD033,2,677.03,472.34,204.69,Retail Store
SAL04046,2025-01-14,ST03,CUS0149,PRD005,1,72.21,41.75,30.46,Retail Store
SAL04047,2023-03-10,ST11,CUS0361,PRD002,3,618.66,421.08,197.58,Mobile App
SAL04048,2023-02-04,ST05,CUS0069,PRD022,1,179.9,89.78,90.12,Marketplace
SAL04049,2024-06-07,ST02,CUS0362,PRD006,3,421.93,220.26,201.67,Online
SAL04050,2022-11-13,ST08,CUS0123,PRD013,1,543.57,308.2,235.37,Mobile App
SAL04051,2024-07-30,ST01,CUS0132,PRD027,2,1156.82,582.5,574.32,Retail Store
SAL04052,2024-01-28,ST11,CUS0379,PRD044,1,522.9,340.71,182.19,Online
SAL04053,2024-04-10,ST11,CUS0363,PRD043,1,275.99,163.5,112.49,Marketplace
SAL04054,2025-05-09,ST04,CUS0115,PRD029,3,598.98,353.49,245.49,Retail Store
SAL04055,2022-11-05,ST09,CUS0210,PRD030,2,511.94,286.68,225.26,Online
SAL04056,2023-12-24,ST11,CUS0042,PRD007,1,384.87,217.75,167.12,Online
SAL04057,2023-12-28,ST08,CUS0353,PRD079,2,190.85,129.16,61.69,Marketplace
SAL04058,2022-08-22,ST05,CUS0189,PRD071,2,110.88,81.9,28.98,Online
SAL04059,2024-02-08,ST07,CUS0048,PRD011,2,793.02,390.94,402.08,Retail Store
SAL04060,2024-09-01,ST03,CUS0214,PRD007,1,384.87,217.75,167.12,Online
SAL04061,2024-04-16,ST05,CUS0068,PRD014,1,195.85,104.45,91.4,Marketplace
SAL04062,2023-04-30,ST05,CUS0222,PRD049,3,1379.4,778.95,600.45,Online
SAL04063,2022-08-12,ST10,CUS0079,PRD050,2,254.22,153.28,100.94,Retail Store
SAL04064,2025-01-30,ST06,CUS0371,PRD032,3,1914.96,967.8,947.16,Retail Store
SAL04065,2023-02-22,ST05,CUS0123,PRD014,1,195.85,104.45,91.4,Marketplace
SAL04066,2023-06-12,ST10,CUS0353,PRD070,1,468.13,300.33,167.8,Retail Store
SAL04067,2023-07-02,ST10,CUS0068,PRD076,1,132.2,81.2,51.0,Mobile App
SAL04068,2023-11-23,ST10,CUS0300,PRD066,3,1439.82,880.11,559.71,Mobile App
SAL04069,2023-07-03,ST12,CUS0343,PRD035,2,864.43,541.94,322.49,Mobile App
SAL04070,2023-07-05,ST03,CUS0225,PRD077,3,1029.9,548.19,481.71,Mobile App
SAL04071,2022-10-29,ST11,CUS0076,PRD060,1,362.14,165.18,196.96,Mobile App
SAL04072,2024-09-28,ST05,CUS0129,PRD063,1,314.78,149.01,165.77,Retail Store
SAL04073,2023-08-17,ST07,CUS0185,PRD058,1,451.54,300.58,150.96,Mobile App
SAL04074,2025-03-24,ST05,CUS0001,PRD076,3,376.77,243.6,133.17,Mobile App
SAL04075,2025-01-06,ST05,CUS0146,PRD013,2,1144.36,616.4,527.96,Mobile App
SAL04076,2023-12-18,ST06,CUS0356,PRD054,2,121.03,67.38,53.65,Mobile App
SAL04077,2025-02-07,ST05,CUS0035,PRD067,2,989.68,527.2,462.48,Online
SAL04078,2024-02-11,ST12,CUS0069,PRD041,1,178.32,103.96,74.36,Marketplace
SAL04079,2023-03-26,ST06,CUS0195,PRD039,1,368.6,230.26,138.34,Online
SAL04080,2023-10-23,ST04,CUS0129,PRD004,2,1083.9,583.56,500.34,Marketplace
SAL04081,2025-02-13,ST03,CUS0151,PRD072,4,2206.08,1143.2,1062.88,Online
SAL04082,2022-08-21,ST04,CUS0051,PRD077,1,326.13,182.73,143.4,Marketplace
SAL04083,2025-06-15,ST09,CUS0134,PRD044,2,1100.84,681.42,419.42,Online
SAL04084,2023-04-26,ST08,CUS0249,PRD063,1,314.78,149.01,165.77,Marketplace
SAL04085,2025-02-08,ST05,CUS0186,PRD016,1,337.8,178.49,159.31,Online
SAL04086,2024-08-23,ST03,CUS0060,PRD033,1,356.33,236.17,120.16,Retail Store
SAL04087,2024-06-24,ST11,CUS0270,PRD027,3,1735.23,873.75,861.48,Mobile App
SAL04088,2022-10-31,ST05,CUS0096,PRD013,1,543.57,308.2,235.37,Online
SAL04089,2025-06-05,ST08,CUS0118,PRD024,1,79.18,41.01,38.17,Retail Store
SAL04090,2024-12-09,ST02,CUS0153,PRD057,4,1590.84,814.12,776.72,Marketplace
SAL04091,2022-08-09,ST08,CUS0111,PRD045,1,357.11,178.36,178.75,Retail Store
SAL04092,2023-08-03,ST03,CUS0121,PRD055,1,366.59,188.75,177.84,Marketplace
SAL04093,2023-11-27,ST04,CUS0108,PRD059,1,310.62,162.6,148.02,Online
SAL04094,2024-05-24,ST09,CUS0001,PRD013,2,1144.36,616.4,527.96,Online
SAL04095,2025-06-02,ST06,CUS0188,PRD059,1,279.56,162.6,116.96,Online
SAL04096,2022-11-15,ST03,CUS0116,PRD054,2,127.4,67.38,60.02,Mobile App
SAL04097,2024-04-27,ST12,CUS0052,PRD048,2,438.16,296.72,141.44,Mobile App
SAL04098,2023-12-15,ST12,CUS0289,PRD065,1,234.9,157.21,77.69,Retail Store
SAL04099,2022-09-06,ST02,CUS0063,PRD068,1,305.46,241.43,64.03,Mobile App
SAL04100,2024-10-02,ST02,CUS0288,PRD024,1,75.22,41.01,34.21,Online
SAL04101,2022-11-26,ST11,CUS0070,PRD037,1,194.23,94.84,99.39,Marketplace
SAL04102,2023-12-21,ST04,CUS0098,PRD033,1,320.7,236.17,84.53,Mobile App
SAL04103,2023-05-02,ST05,CUS0097,PRD044,1,550.42,340.71,209.71,Online
SAL04104,2022-11-24,ST11,CUS0289,PRD037,1,184.52,94.84,89.68,Retail Store
SAL04105,2025-02-06,ST03,CUS0228,PRD077,4,1373.2,730.92,642.28,Mobile App
SAL04106,2024-02-14,ST11,CUS0290,PRD007,1,384.87,217.75,167.12,Online
SAL04107,2025-02-19,ST05,CUS0076,PRD038,1,266.7,189.75,76.95,Retail Store
SAL04108,2023-07-28,ST11,CUS0314,PRD004,5,2709.75,1458.9,1250.85,Marketplace
SAL04109,2022-12-31,ST07,CUS0058,PRD029,3,598.98,353.49,245.49,Online
SAL04110,2022-12-02,ST11,CUS0151,PRD018,1,547.65,312.35,235.3,Retail Store
SAL04111,2023-07-08,ST11,CUS0336,PRD067,1,470.1,263.6,206.5,Online
SAL04112,2024-12-28,ST08,CUS0131,PRD040,1,135.92,93.59,42.33,Online
SAL04113,2024-12-28,ST01,CUS0378,PRD074,2,318.44,199.44,119.0,Retail Store
SAL04114,2023-10-26,ST03,CUS0043,PRD018,1,547.65,312.35,235.3,Marketplace
SAL04115,2022-09-04,ST10,CUS0277,PRD080,2,664.72,350.16,314.56,Retail Store
SAL04116,2023-07-01,ST05,CUS0076,PRD007,1,384.87,217.75,167.12,Online
SAL04117,2024-11-17,ST03,CUS0392,PRD061,2,702.76,340.64,362.12,Mobile App
SAL04118,2024-01-22,ST03,CUS0185,PRD080,4,1399.4,700.32,699.08,Marketplace
SAL04119,2024-12-09,ST10,CUS0293,PRD050,4,508.44,306.56,201.88,Mobile App
SAL04120,2023-11-19,ST04,CUS0277,PRD019,1,278.94,189.52,89.42,Retail Store
SAL04121,2023-11-10,ST08,CUS0238,PRD073,1,476.06,310.4,165.66,Mobile App
SAL04122,2023-06-02,ST07,CUS0219,PRD014,2,391.7,208.9,182.8,Retail Store
SAL04123,2023-01-05,ST01,CUS0274,PRD014,1,195.85,104.45,91.4,Mobile App
SAL04124,2024-01-06,ST01,CUS0152,PRD036,3,996.9,597.09,399.81,Marketplace
SAL04125,2023-07-16,ST01,CUS0200,PRD057,6,2651.4,1221.18,1430.22,Online
SAL04126,2023-07-15,ST07,CUS0050,PRD029,2,399.32,235.66,163.66,Mobile App
SAL04127,2024-10-12,ST02,CUS0189,PRD061,1,351.38,170.32,181.06,Retail Store
SAL04128,2024-07-23,ST07,CUS0111,PRD003,2,985.26,563.5,421.76,Mobile App
SAL04129,2024-03-01,ST04,CUS0160,PRD061,1,316.24,170.32,145.92,Marketplace
SAL04130,2023-07-18,ST05,CUS0281,PRD031,1,425.98,226.91,199.07,Retail Store
SAL04131,2024-04-23,ST06,CUS0138,PRD070,1,421.32,300.33,120.99,Retail Store
SAL04132,2025-06-21,ST01,CUS0117,PRD050,1,127.11,76.64,50.47,Retail Store
SAL04133,2024-12-13,ST02,CUS0304,PRD023,2,295.58,173.84,121.74,Online
SAL04134,2023-06-23,ST04,CUS0209,PRD025,3,649.06,432.93,216.13,Online
SAL04135,2024-09-10,ST02,CUS0058,PRD043,1,275.99,163.5,112.49,Retail Store
SAL04136,2024-05-21,ST12,CUS0387,PRD027,2,1156.82,582.5,574.32,Retail Store
SAL04137,2023-01-17,ST03,CUS0195,PRD020,3,1073.1,610.62,462.48,Marketplace
SAL04138,2022-11-23,ST01,CUS0186,PRD004,1,514.85,291.78,223.07,Marketplace
SAL04139,2025-06-13,ST12,CUS0286,PRD038,1,266.7,189.75,76.95,Mobile App
SAL04140,2025-04-21,ST10,CUS0079,PRD021,1,165.14,117.72,47.42,Mobile App
SAL04141,2025-06-24,ST06,CUS0202,PRD037,1,194.23,94.84,99.39,Marketplace
SAL04142,2024-12-31,ST02,CUS0114,PRD049,1,436.81,259.65,177.16,Retail Store
SAL04143,2023-10-26,ST06,CUS0190,PRD039,4,1326.96,921.04,405.92,Retail Store
SAL04144,2023-07-10,ST06,CUS0198,PRD027,2,1156.82,582.5,574.32,Mobile App
SAL04145,2022-12-01,ST04,CUS0082,PRD037,2,369.04,189.68,179.36,Online
SAL04146,2025-02-13,ST07,CUS0224,PRD033,1,338.51,236.17,102.34,Marketplace
SAL04147,2025-03-20,ST07,CUS0086,PRD017,2,152.27,82.68,69.59,Marketplace
SAL04148,2022-08-18,ST05,CUS0253,PRD010,4,1269.39,760.24,509.15,Retail Store
SAL04149,2024-12-19,ST06,CUS0183,PRD036,2,664.6,398.06,266.54,Online
SAL04150,2023-08-24,ST03,CUS0371,PRD038,1,266.7,189.75,76.95,Mobile App
SAL04151,2023-03-16,ST05,CUS0219,PRD077,1,343.3,182.73,160.57,Mobile App
SAL04152,2024-06-28,ST08,CUS0310,PRD037,1,174.81,94.84,79.97,Retail Store
SAL04153,2023-03-19,ST04,CUS0140,PRD049,2,873.62,519.3,354.32,Retail Store
SAL04154,2025-06-14,ST07,CUS0336,PRD080,1,349.85,175.08,174.77,Online
SAL04155,2022-11-25,ST09,CUS0385,PRD038,2,480.06,379.5,100.56,Marketplace
SAL04156,2025-03-14,ST02,CUS0036,PRD029,1,189.68,117.83,71.85,Retail Store
SAL04157,2025-03-21,ST07,CUS0179,PRD016,2,675.6,356.98,318.62,Online
SAL04158,2025-01-17,ST06,CUS0309,PRD073,2,1057.92,620.8,437.12,Retail Store
SAL04159,2024-12-17,ST12,CUS0396,PRD013,1,572.18,308.2,263.98,Mobile App
SAL04160,2025-03-04,ST01,CUS0131,PRD024,2,158.36,82.02,76.34,Mobile App
SAL04161,2022-09-16,ST12,CUS0347,PRD003,2,1037.12,563.5,473.62,Online
SAL04162,2022-07-07,ST01,CUS0313,PRD060,4,1303.7,660.72,642.98,Marketplace
SAL04163,2023-07-18,ST09,CUS0014,PRD071,1,52.52,40.95,11.57,Online
SAL04164,2022-08-08,ST12,CUS0270,PRD044,3,1651.26,1022.13,629.13,Mobile App
SAL04165,2023-02-15,ST04,CUS0331,PRD065,5,1239.75,786.05,453.7,Mobile App
SAL04166,2024-06-12,ST11,CUS0135,PRD042,1,558.0,339.41,218.59,Marketplace
SAL04167,2024-03-17,ST10,CUS0392,PRD048,1,208.13,148.36,59.77,Marketplace
SAL04168,2023-01-22,ST06,CUS0069,PRD034,1,156.51,103.0,53.51,Online
SAL04169,2022-10-22,ST01,CUS0332,PRD075,2,1013.42,512.9,500.52,Online
SAL04170,2023-06-07,ST03,CUS0272,PRD050,1,120.75,76.64,44.11,Mobile App
SAL04171,2025-02-13,ST05,CUS0264,PRD052,1,297.05,174.32,122.73,Marketplace
SAL04172,2024-02-11,ST01,CUS0168,PRD068,1,322.43,241.43,81.0,Marketplace
SAL04173,2023-09-05,ST06,CUS0093,PRD062,1,400.07,264.27,135.8,Retail Store
SAL04174,2024-04-21,ST06,CUS0055,PRD066,2,863.89,586.74,277.15,Retail Store
SAL04175,2025-07-25,ST08,CUS0207,PRD070,1,421.32,300.33,120.99,Mobile App
SAL04176,2024-01-04,ST02,CUS0056,PRD048,2,394.34,296.72,97.62,Online
SAL04177,2024-01-14,ST07,CUS0146,PRD021,2,313.77,235.44,78.33,Retail Store
SAL04178,2025-02-12,ST10,CUS0316,PRD073,1,528.96,310.4,218.56,Marketplace
SAL04179,2025-07-20,ST04,CUS0088,PRD044,2,1045.8,681.42,364.38,Retail Store
SAL04180,2023-03-08,ST12,CUS0005,PRD003,1,518.56,281.75,236.81,Mobile App
SAL04181,2023-11-18,ST07,CUS0329,PRD079,2,212.06,129.16,82.9,Mobile App
SAL04182,2024-06-17,ST09,CUS0393,PRD010,1,317.35,190.06,127.29,Mobile App
SAL04183,2023-11-09,ST06,CUS0029,PRD058,1,451.54,300.58,150.96,Online
SAL04184,2025-06-04,ST12,CUS0289,PRD006,1,156.27,73.42,82.85,Marketplace
SAL04185,2024-06-24,ST11,CUS0114,PRD010,1,334.05,190.06,143.99,Retail Store
SAL04186,2022-12-16,ST07,CUS0160,PRD037,1,194.23,94.84,99.39,Retail Store
SAL04187,2022-07-08,ST03,CUS0247,PRD080,1,314.87,175.08,139.79,Mobile App
SAL04188,2023-08-17,ST01,CUS0337,PRD010,1,334.05,190.06,143.99,Marketplace
SAL04189,2024-02-01,ST09,CUS0168,PRD064,3,510.33,309.6,200.73,Marketplace
SAL04190,2024-10-09,ST12,CUS0400,PRD073,1,528.96,310.4,218.56,Online
SAL04191,2023-01-05,ST05,CUS0303,PRD068,1,339.4,241.43,97.97,Retail Store
SAL04192,2023-08-20,ST02,CUS0234,PRD012,1,451.66,294.94,156.72,Retail Store
SAL04193,2023-02-21,ST08,CUS0362,PRD032,1,638.32,322.6,315.72,Marketplace
SAL04194,2025-06-14,ST05,CUS0271,PRD013,1,543.57,308.2,235.37,Marketplace
SAL04195,2024-02-13,ST09,CUS0030,PRD076,5,627.95,406.0,221.95,Marketplace
SAL04196,2024-12-23,ST04,CUS0244,PRD030,1,255.97,143.34,112.63,Marketplace
SAL04197,2023-01-11,ST08,CUS0074,PRD074,2,335.2,199.44,135.76,Online
SAL04198,2024-03-03,ST07,CUS0159,PRD063,2,629.56,298.02,331.54,Retail Store
SAL04199,2025-01-05,ST07,CUS0009,PRD006,2,281.29,146.84,134.45,Marketplace
SAL04200,2024-10-07,ST01,CUS0150,PRD061,2,702.76,340.64,362.12,Marketplace
SAL04201,2023-01-31,ST09,CUS0033,PRD008,1,284.89,130.68,154.21,Online
SAL04202,2022-09-09,ST11,CUS0323,PRD048,1,208.13,148.36,59.77,Marketplace
SAL04203,2023-02-11,ST01,CUS0279,PRD010,1,317.35,190.06,127.29,Retail Store
SAL04204,2022-12-09,ST06,CUS0270,PRD001,2,741.62,443.42,298.2,Marketplace
SAL04205,2025-02-02,ST08,CUS0004,PRD006,1,156.27,73.42,82.85,Retail Store
SAL04206,2022-07-08,ST03,CUS0004,PRD013,4,2288.72,1232.8,1055.92,Online
SAL04207,2023-06-09,ST12,CUS0087,PRD015,2,1015.82,540.58,475.24,Online
SAL04208,2022-10-13,ST06,CUS0022,PRD079,2,212.06,129.16,82.9,Retail Store
SAL04209,2023-08-29,ST09,CUS0040,PRD016,1,337.8,178.49,159.31,Marketplace
SAL04210,2022-07-10,ST05,CUS0101,PRD073,2,952.13,620.8,331.33,Retail Store
SAL04211,2022-10-10,ST08,CUS0196,PRD001,2,704.54,443.42,261.12,Marketplace
SAL04212,2023-04-02,ST02,CUS0021,PRD009,2,79.48,40.84,38.64,Mobile App
SAL04213,2023-04-22,ST07,CUS0042,PRD011,2,834.76,390.94,443.82,Online
SAL04214,2022-12-28,ST12,CUS0077,PRD072,1,551.52,285.8,265.72,Mobile App
SAL04215,2024-09-15,ST07,CUS0291,PRD015,2,1069.28,540.58,528.7,Online
SAL04216,2023-12-04,ST09,CUS0169,PRD076,1,125.59,81.2,44.39,Retail Store
SAL04217,2022-07-28,ST03,CUS0229,PRD056,1,413.05,269.62,143.43,Retail Store
SAL04218,2023-01-02,ST03,CUS0011,PRD063,1,314.78,149.01,165.77,Mobile App
SAL04219,2023-12-14,ST07,CUS0305,PRD039,2,737.2,460.52,276.68,Mobile App
SAL04220,2024-02-05,ST12,CUS0081,PRD005,1,72.21,41.75,30.46,Online
SAL04221,2022-10-07,ST11,CUS0266,PRD011,2,834.76,390.94,443.82,Mobile App
SAL04222,2023-11-26,ST09,CUS0326,PRD034,2,313.02,206.0,107.02,Mobile App
SAL04223,2024-12-03,ST10,CUS0177,PRD060,1,362.14,165.18,196.96,Retail Store
SAL04224,2025-04-09,ST03,CUS0151,PRD022,2,359.8,179.56,180.24,Online
SAL04225,2023-12-23,ST04,CUS0111,PRD054,1,63.7,33.69,30.01,Online
SAL04226,2023-06-27,ST11,CUS0060,PRD030,1,243.17,143.34,99.83,Mobile App
SAL04227,2024-10-18,ST08,CUS0258,PRD037,1,184.52,94.84,89.68,Retail Store
SAL04228,2023-08-13,ST01,CUS0079,PRD025,1,227.74,144.31,83.43,Retail Store
SAL04229,2024-06-06,ST12,CUS0047,PRD052,1,330.06,174.32,155.74,Online
SAL04230,2023-12-27,ST02,CUS0121,PRD002,1,185.6,140.36,45.24,Marketplace
SAL04231,2023-08-31,ST12,CUS0218,PRD058,1,428.96,300.58,128.38,Mobile App
SAL04232,2025-02-26,ST03,CUS0266,PRD040,3,453.06,280.77,172.29,Marketplace
SAL04233,2025-05-26,ST08,CUS0006,PRD071,1,58.36,40.95,17.41,Retail Store
SAL04234,2023-07-02,ST10,CUS0154,PRD006,1,148.46,73.42,75.04,Online
SAL04235,2024-05-27,ST10,CUS0358,PRD005,3,205.8,125.25,80.55,Marketplace
SAL04236,2024-01-27,ST07,CUS0230,PRD051,1,138.82,72.37,66.45,Marketplace
SAL04237,2024-11-20,ST03,CUS0324,PRD005,3,194.97,125.25,69.72,Marketplace
SAL04238,2024-07-24,ST10,CUS0313,PRD040,2,302.04,187.18,114.86,Retail Store
SAL04239,2023-11-23,ST08,CUS0366,PRD033,1,356.33,236.17,120.16,Marketplace
SAL04240,2025-04-09,ST06,CUS0305,PRD039,1,368.6,230.26,138.34,Mobile App
SAL04241,2024-03-15,ST12,CUS0136,PRD065,1,261.0,157.21,103.79,Marketplace
SAL04242,2024-09-29,ST08,CUS0240,PRD045,1,357.11,178.36,178.75,Online
SAL04243,2023-09-15,ST06,CUS0057,PRD058,1,451.54,300.58,150.96,Mobile App
SAL04244,2024-03-10,ST09,CUS0239,PRD022,3,485.73,269.34,216.39,Online
SAL04245,2023-01-21,ST08,CUS0267,PRD023,3,492.63,260.76,231.87,Online
SAL04246,2023-11-07,ST07,CUS0240,PRD023,1,156.0,86.92,69.08,Mobile App
SAL04247,2022-11-14,ST12,CUS0388,PRD033,1,320.7,236.17,84.53,Mobile App
SAL04248,2023-12-10,ST05,CUS0256,PRD017,2,144.25,82.68,61.57,Mobile App
SAL04249,2022-09-10,ST05,CUS0353,PRD055,1,366.59,188.75,177.84,Mobile App
SAL04250,2024-08-13,ST12,CUS0097,PRD008,2,569.78,261.36,308.42,Retail Store
SAL04251,2023-02-09,ST02,CUS0330,PRD020,1,357.7,203.54,154.16,Online
SAL04252,2024-12-03,ST06,CUS0213,PRD050,1,114.4,76.64,37.76,Mobile App
SAL04253,2024-09-28,ST09,CUS0104,PRD046,4,1764.4,1055.64,708.76,Online
SAL04254,2025-05-08,ST04,CUS0070,PRD028,2,426.66,281.2,145.46,Mobile App
SAL04255,2024-07-07,ST06,CUS0112,PRD032,2,1212.81,645.2,567.61,Marketplace
SAL04256,2025-06-23,ST03,CUS0083,PRD066,1,431.95,293.37,138.58,Marketplace
SAL04257,2025-06-12,ST08,CUS0395,PRD047,1,351.11,214.53,136.58,Mobile App
SAL04258,2025-05-08,ST03,CUS0325,PRD078,1,353.29,173.39,179.9,Online
SAL04259,2023-07-02,ST01,CUS0281,PRD079,4,424.12,258.32,165.8,Online
SAL04260,2023-01-11,ST08,CUS0326,PRD030,3,729.51,430.02,299.49,Retail Store
SAL04261,2024-04-10,ST06,CUS0040,PRD079,3,302.19,193.74,108.45,Marketplace
SAL04262,2024-03-30,ST05,CUS0051,PRD002,1,206.22,140.36,65.86,Retail Store
SAL04263,2024-05-23,ST12,CUS0183,PRD011,2,751.28,390.94,360.34,Retail Store
SAL04264,2024-10-12,ST04,CUS0079,PRD049,1,459.8,259.65,200.15,Mobile App
SAL04265,2025-03-19,ST05,CUS0313,PRD032,1,638.32,322.6,315.72,Retail Store
SAL04266,2025-06-10,ST09,CUS0184,PRD015,2,1015.82,540.58,475.24,Marketplace
SAL04267,2024-10-03,ST10,CUS0020,PRD044,1,550.42,340.71,209.71,Marketplace
SAL04268,2024-12-17,ST08,CUS0308,PRD026,4,2113.4,960.96,1152.44,Retail Store
SAL04269,2024-07-10,ST12,CUS0225,PRD048,6,1183.03,890.16,292.87,Online
SAL04270,2024-04-19,ST02,CUS0190,PRD016,2,675.6,356.98,318.62,Retail Store
SAL04271,2024-06-21,ST11,CUS0016,PRD008,2,512.8,261.36,251.44,Mobile App
SAL04272,2023-03-24,ST01,CUS0114,PRD038,1,266.7,189.75,76.95,Online
SAL04273,2024-03-12,ST04,CUS0250,PRD059,1,310.62,162.6,148.02,Retail Store
SAL04274,2023-03-24,ST07,CUS0172,PRD049,2,827.64,519.3,308.34,Mobile App
SAL04275,2023-01-04,ST11,CUS0229,PRD019,2,529.99,379.04,150.95,Online
SAL04276,2024-07-05,ST11,CUS0005,PRD071,1,52.52,40.95,11.57,Online
SAL04277,2024-08-29,ST03,CUS0102,PRD049,2,873.62,519.3,354.32,Marketplace
SAL04278,2023-04-02,ST04,CUS0378,PRD054,3,191.1,101.07,90.03,Retail Store
SAL04279,2024-04-11,ST02,CUS0127,PRD040,1,151.02,93.59,57.43,Marketplace
SAL04280,2025-04-03,ST10,CUS0118,PRD044,1,495.38,340.71,154.67,Marketplace
SAL04281,2023-02-14,ST02,CUS0142,PRD011,1,417.38,195.47,221.91,Online
SAL04282,2024-03-17,ST05,CUS0370,PRD056,1,413.05,269.62,143.43,Online
SAL04283,2023-06-12,ST11,CUS0193,PRD004,4,2167.8,1167.12,1000.68,Marketplace
SAL04284,2023-10-14,ST04,CUS0145,PRD015,2,962.35,540.58,421.77,Online
SAL04285,2024-01-02,ST02,CUS0382,PRD065,2,495.9,314.42,181.48,Marketplace
SAL04286,2024-06-25,ST12,CUS0363,PRD039,1,368.6,230.26,138.34,Mobile App
SAL04287,2024-10-07,ST06,CUS0027,PRD040,2,271.84,187.18,84.66,Mobile App
SAL04288,2025-03-20,ST04,CUS0133,PRD061,2,632.48,340.64,291.84,Mobile App
SAL04289,2023-03-04,ST03,CUS0173,PRD063,1,283.3,149.01,134.29,Marketplace
SAL04290,2024-12-27,ST05,CUS0334,PRD021,3,495.42,353.16,142.26,Marketplace
SAL04291,2023-05-23,ST10,CUS0285,PRD073,1,476.06,310.4,165.66,Online
SAL04292,2025-05-26,ST06,CUS0148,PRD024,1,79.18,41.01,38.17,Mobile App
SAL04293,2024-04-03,ST11,CUS0373,PRD004,1,541.95,291.78,250.17,Online
SAL04294,2023-04-20,ST01,CUS0011,PRD016,1,337.8,178.49,159.31,Mobile App
SAL04295,2023-04-12,ST07,CUS0313,PRD076,2,264.4,162.4,102.0,Retail Store
SAL04296,2024-12-29,ST09,CUS0229,PRD061,1,351.38,170.32,181.06,Mobile App
SAL04297,2024-11-19,ST10,CUS0107,PRD048,4,876.32,593.44,282.88,Mobile App
SAL04298,2024-05-19,ST10,CUS0361,PRD057,3,1193.13,610.59,582.54,Marketplace
SAL04299,2024-09-24,ST12,CUS0066,PRD050,2,241.51,153.28,88.23,Online
SAL04300,2023-01-20,ST10,CUS0122,PRD028,3,639.99,421.8,218.19,Online
SAL04301,2023-11-16,ST12,CUS0017,PRD002,1,206.22,140.36,65.86,Mobile App
SAL04302,2025-01-14,ST10,CUS0101,PRD045,2,714.22,356.72,357.5,Online
SAL04303,2025-02-24,ST12,CUS0205,PRD048,4,876.32,593.44,282.88,Marketplace
SAL04304,2023-11-07,ST12,CUS0343,PRD063,3,944.34,447.03,497.31,Retail Store
SAL04305,2023-01-27,ST03,CUS0184,PRD023,1,164.21,86.92,77.29,Mobile App
SAL04306,2023-01-13,ST08,CUS0369,PRD068,3,1018.2,724.29,293.91,Retail Store
SAL04307,2022-09-17,ST12,CUS0049,PRD029,1,199.66,117.83,81.83,Retail Store
SAL04308,2022-09-01,ST02,CUS0180,PRD057,3,1259.41,610.59,648.82,Online
SAL04309,2023-04-04,ST09,CUS0187,PRD027,1,578.41,291.25,287.16,Marketplace
SAL04310,2025-04-10,ST10,CUS0151,PRD019,2,557.88,379.04,178.84,Retail Store
SAL04311,2023-12-10,ST06,CUS0045,PRD044,2,1045.8,681.42,364.38,Mobile App
SAL04312,2024-02-14,ST09,CUS0113,PRD040,1,143.47,93.59,49.88,Marketplace
SAL04313,2024-01-12,ST02,CUS0235,PRD009,3,119.22,61.26,57.96,Mobile App
SAL04314,2022-11-04,ST06,CUS0111,PRD078,1,317.96,173.39,144.57,Retail Store
SAL04315,2024-01-04,ST05,CUS0180,PRD008,1,256.4,130.68,125.72,Online
SAL04316,2025-04-04,ST03,CUS0222,PRD043,1,262.19,163.5,98.69,Online
SAL04317,2023-07-04,ST05,CUS0218,PRD079,2,212.06,129.16,82.9,Online
SAL04318,2024-04-13,ST02,CUS0221,PRD016,1,337.8,178.49,159.31,Retail Store
SAL04319,2024-03-20,ST03,CUS0316,PRD077,1,308.97,182.73,126.24,Marketplace
SAL04320,2025-04-26,ST12,CUS0339,PRD069,1,366.29,222.64,143.65,Mobile App
SAL04321,2023-03-31,ST12,CUS0342,PRD020,1,339.81,203.54,136.27,Marketplace
SAL04322,2022-12-16,ST06,CUS0053,PRD043,1,275.99,163.5,112.49,Marketplace
SAL04323,2024-12-31,ST01,CUS0071,PRD057,2,795.42,407.06,388.36,Marketplace
SAL04324,2024-10-25,ST07,CUS0019,PRD046,1,465.6,263.91,201.69,Retail Store
SAL04325,2022-10-19,ST09,CUS0376,PRD017,1,80.14,41.34,38.8,Marketplace
SAL04326,2024-12-10,ST10,CUS0169,PRD067,1,494.84,263.6,231.24,Mobile App
SAL04327,2023-09-21,ST05,CUS0216,PRD011,2,751.28,390.94,360.34,Online
SAL04328,2024-12-07,ST02,CUS0051,PRD027,1,578.41,291.25,287.16,Mobile App
SAL04329,2025-02-26,ST11,CUS0388,PRD049,1,413.82,259.65,154.17,Mobile App
SAL04330,2024-03-09,ST03,CUS0015,PRD040,2,286.94,187.18,99.76,Online
SAL04331,2023-01-12,ST01,CUS0266,PRD013,1,543.57,308.2,235.37,Retail Store
SAL04332,2025-03-21,ST07,CUS0385,PRD032,1,638.32,322.6,315.72,Online
SAL04333,2023-04-25,ST06,CUS0351,PRD030,1,255.97,143.34,112.63,Mobile App
SAL04334,2024-03-16,ST10,CUS0075,PRD022,2,359.8,179.56,180.24,Marketplace
SAL04335,2024-05-14,ST02,CUS0205,PRD046,1,490.11,263.91,226.2,Retail Store
SAL04336,2025-05-24,ST04,CUS0377,PRD057,1,397.71,203.53,194.18,Marketplace
SAL04337,2025-03-23,ST11,CUS0332,PRD011,2,834.76,390.94,443.82,Mobile App
SAL04338,2024-02-04,ST05,CUS0139,PRD042,2,1240.0,678.82,561.18,Retail Store
SAL04339,2024-01-21,ST11,CUS0238,PRD001,1,370.81,221.71,149.1,Mobile App
SAL04340,2024-04-01,ST08,CUS0378,PRD058,2,857.93,601.16,256.77,Mobile App
SAL04341,2023-07-29,ST05,CUS0332,PRD016,3,962.73,535.47,427.26,Mobile App
SAL04342,2023-02-23,ST04,CUS0257,PRD013,1,572.18,308.2,263.98,Marketplace
SAL04343,2024-10-11,ST03,CUS0103,PRD032,1,638.32,322.6,315.72,Online
SAL04344,2024-09-01,ST07,CUS0362,PRD032,2,1276.64,645.2,631.44,Retail Store
SAL04345,2023-08-24,ST12,CUS0234,PRD043,3,827.97,490.5,337.47,Marketplace
SAL04346,2024-01-31,ST07,CUS0195,PRD065,2,522.0,314.42,207.58,Marketplace
SAL04347,2023-01-24,ST06,CUS0096,PRD008,3,854.67,392.04,462.63,Marketplace
SAL04348,2024-06-17,ST07,CUS0219,PRD049,1,459.8,259.65,200.15,Marketplace
SAL04349,2023-09-18,ST11,CUS0329,PRD074,3,502.8,299.16,203.64,Retail Store
SAL04350,2022-09-07,ST12,CUS0185,PRD066,1,479.94,293.37,186.57,Marketplace
SAL04351,2025-01-29,ST07,CUS0025,PRD011,1,375.64,195.47,180.17,Marketplace
SAL04352,2024-10-23,ST12,CUS0178,PRD048,1,219.08,148.36,70.72,Online
SAL04353,2025-07-28,ST05,CUS0391,PRD050,2,241.51,153.28,88.23,Mobile App
SAL04354,2024-11-12,ST12,CUS0333,PRD014,1,195.85,104.45,91.4,Retail Store
SAL04355,2023-02-13,ST05,CUS0345,PRD024,2,158.36,82.02,76.34,Mobile App
SAL04356,2023-05-10,ST07,CUS0292,PRD026,1,475.52,240.24,235.28,Mobile App
SAL04357,2023-06-06,ST06,CUS0108,PRD066,3,1295.84,880.11,415.73,Marketplace
SAL04358,2025-05-04,ST01,CUS0004,PRD007,1,384.87,217.75,167.12,Online
SAL04359,2024-06-26,ST08,CUS0263,PRD001,4,1483.24,886.84,596.4,Marketplace
SAL04360,2025-01-03,ST09,CUS0272,PRD028,1,213.33,140.6,72.73,Online
SAL04361,2025-02-17,ST11,CUS0324,PRD075,1,506.71,256.45,250.26,Marketplace
SAL04362,2024-04-07,ST02,CUS0290,PRD011,1,375.64,195.47,180.17,Online
SAL04363,2022-11-01,ST10,CUS0055,PRD072,3,1489.1,857.4,631.7,Marketplace
SAL04364,2022-09-13,ST02,CUS0066,PRD078,1,335.63,173.39,162.24,Mobile App
SAL04365,2025-01-26,ST09,CUS0050,PRD001,1,370.81,221.71,149.1,Marketplace
SAL04366,2022-12-31,ST07,CUS0234,PRD047,2,702.22,429.06,273.16,Retail Store
SAL04367,2023-02-22,ST09,CUS0017,PRD066,2,911.89,586.74,325.15,Marketplace
SAL04368,2024-09-27,ST03,CUS0384,PRD041,2,396.26,207.92,188.34,Marketplace
SAL04369,2025-04-07,ST10,CUS0157,PRD017,3,240.42,124.02,116.4,Mobile App
SAL04370,2025-03-03,ST09,CUS0352,PRD017,1,72.13,41.34,30.79,Online
SAL04371,2022-07-26,ST02,CUS0262,PRD022,1,170.91,89.78,81.13,Marketplace
SAL04372,2022-12-16,ST02,CUS0384,PRD044,1,522.9,340.71,182.19,Marketplace
SAL04373,2024-04-10,ST04,CUS0040,PRD026,3,1585.05,720.72,864.33,Marketplace
SAL04374,2024-11-24,ST04,CUS0292,PRD038,3,800.1,569.25,230.85,Online
SAL04375,2024-09-29,ST12,CUS0071,PRD042,1,589.0,339.41,249.59,Marketplace
SAL04376,2024-04-21,ST06,CUS0177,PRD024,3,213.79,123.03,90.76,Online
SAL04377,2023-07-28,ST11,CUS0217,PRD063,2,629.56,298.02,331.54,Retail Store
SAL04378,2022-07-28,ST03,CUS0266,PRD012,1,451.66,294.94,156.72,Marketplace
SAL04379,2023-06-06,ST06,CUS0321,PRD055,1,366.59,188.75,177.84,Marketplace
SAL04380,2023-12-21,ST02,CUS0306,PRD028,3,607.99,421.8,186.19,Online
SAL04381,2024-07-06,ST06,CUS0049,PRD061,1,351.38,170.32,181.06,Online
SAL04382,2024-10-05,ST09,CUS0089,PRD053,2,1073.74,562.6,511.14,Online
SAL04383,2023-02-03,ST04,CUS0063,PRD037,2,388.46,189.68,198.78,Retail Store
SAL04384,2024-05-20,ST05,CUS0104,PRD025,1,216.35,144.31,72.04,Retail Store
SAL04385,2023-02-07,ST10,CUS0160,PRD061,1,333.81,170.32,163.49,Marketplace
SAL04386,2022-07-06,ST05,CUS0229,PRD042,2,1240.0,678.82,561.18,Marketplace
SAL04387,2023-10-11,ST12,CUS0156,PRD041,1,198.13,103.96,94.17,Online
SAL04388,2023-12-12,ST08,CUS0264,PRD015,1,534.64,270.29,264.35,Online
SAL04389,2023-02-22,ST03,CUS0389,PRD014,2,391.7,208.9,182.8,Mobile App
SAL04390,2024-04-29,ST08,CUS0279,PRD066,3,1367.83,880.11,487.72,Mobile App
SAL04391,2022-10-13,ST06,CUS0399,PRD006,2,312.54,146.84,165.7,Online
SAL04392,2025-06-24,ST02,CUS0175,PRD009,1,39.74,20.42,19.32,Mobile App
SAL04393,2022-12-11,ST01,CUS0192,PRD049,1,413.82,259.65,154.17,Marketplace
SAL04394,2022-08-24,ST07,CUS0355,PRD042,1,558.0,339.41,218.59,Marketplace
SAL04395,2022-12-17,ST08,CUS0280,PRD029,2,399.32,235.66,163.66,Mobile App
SAL04396,2022-12-18,ST02,CUS0252,PRD062,1,400.07,264.27,135.8,Mobile App
SAL04397,2023-02-19,ST06,CUS0085,PRD012,3,1354.98,884.82,470.16,Online
SAL04398,2022-11-10,ST01,CUS0045,PRD034,1,148.68,103.0,45.68,Mobile App
SAL04399,2024-08-12,ST10,CUS0070,PRD059,1,279.56,162.6,116.96,Marketplace
SAL04400,2024-08-27,ST06,CUS0196,PRD054,1,60.52,33.69,26.83,Online
SAL04401,2023-12-01,ST08,CUS0216,PRD006,3,468.81,220.26,248.55,Online
SAL04402,2023-12-08,ST04,CUS0120,PRD078,1,335.63,173.39,162.24,Marketplace
SAL04403,2024-07-13,ST05,CUS0233,PRD063,1,314.78,149.01,165.77,Retail Store
SAL04404,2022-08-30,ST11,CUS0377,PRD005,2,129.98,83.5,46.48,Mobile App
SAL04405,2024-05-13,ST08,CUS0300,PRD026,2,1056.7,480.48,576.22,Retail Store
SAL04406,2024-10-18,ST12,CUS0096,PRD067,2,989.68,527.2,462.48,Retail Store
SAL04407,2022-10-09,ST05,CUS0344,PRD028,2,426.66,281.2,145.46,Online
SAL04408,2022-11-04,ST09,CUS0378,PRD043,1,275.99,163.5,112.49,Marketplace
SAL04409,2023-09-27,ST04,CUS0249,PRD015,2,1069.28,540.58,528.7,Retail Store
SAL04410,2022-11-23,ST11,CUS0041,PRD028,1,213.33,140.6,72.73,Marketplace
SAL04411,2023-01-20,ST05,CUS0203,PRD051,5,659.39,361.85,297.54,Mobile App
SAL04412,2022-11-14,ST05,CUS0257,PRD013,1,543.57,308.2,235.37,Marketplace
SAL04413,2024-09-20,ST09,CUS0240,PRD080,1,314.87,175.08,139.79,Mobile App
SAL04414,2023-11-15,ST11,CUS0257,PRD045,2,678.51,356.72,321.79,Mobile App
SAL04415,2024-09-22,ST10,CUS0359,PRD060,2,688.07,330.36,357.71,Retail Store
SAL04416,2024-07-15,ST10,CUS0150,PRD013,3,1716.54,924.6,791.94,Marketplace
SAL04417,2025-05-08,ST07,CUS0151,PRD078,2,706.58,346.78,359.8,Retail Store
SAL04418,2024-11-02,ST12,CUS0302,PRD049,1,459.8,259.65,200.15,Online
SAL04419,2025-05-15,ST02,CUS0182,PRD074,2,335.2,199.44,135.76,Online
SAL04420,2023-02-08,ST08,CUS0391,PRD018,1,492.88,312.35,180.53,Marketplace
SAL04421,2024-06-01,ST07,CUS0267,PRD051,2,249.88,144.74,105.14,Mobile App
SAL04422,2024-09-29,ST01,CUS0010,PRD019,1,278.94,189.52,89.42,Online
SAL04423,2022-08-11,ST01,CUS0170,PRD050,2,254.22,153.28,100.94,Retail Store
SAL04424,2024-04-04,ST05,CUS0072,PRD041,2,396.26,207.92,188.34,Retail Store
SAL04425,2023-10-29,ST03,CUS0387,PRD035,1,480.24,270.97,209.27,Marketplace
SAL04426,2023-07-15,ST02,CUS0192,PRD053,1,536.87,281.3,255.57,Online
SAL04427,2024-02-24,ST10,CUS0092,PRD044,4,2201.68,1362.84,838.84,Mobile App
SAL04428,2024-07-13,ST01,CUS0224,PRD061,2,702.76,340.64,362.12,Marketplace
SAL04429,2023-11-25,ST09,CUS0016,PRD010,1,334.05,190.06,143.99,Online
SAL04430,2025-03-14,ST01,CUS0245,PRD076,2,264.4,162.4,102.0,Mobile App
SAL04431,2024-12-30,ST07,CUS0268,PRD027,1,520.57,291.25,229.32,Marketplace
SAL04432,2024-11-21,ST03,CUS0036,PRD051,3,374.81,217.11,157.7,Marketplace
SAL04433,2022-10-25,ST07,CUS0252,PRD053,4,2147.48,1125.2,1022.28,Retail Store
SAL04434,2024-11-07,ST05,CUS0172,PRD026,4,2113.4,960.96,1152.44,Marketplace
SAL04435,2023-05-14,ST12,CUS0144,PRD009,1,39.74,20.42,19.32,Retail Store
SAL04436,2022-10-22,ST04,CUS0380,PRD045,2,642.8,356.72,286.08,Online
SAL04437,2023-05-17,ST11,CUS0286,PRD039,6,1990.44,1381.56,608.88,Mobile App
SAL04438,2024-12-06,ST03,CUS0034,PRD032,5,3191.6,1613.0,1578.6,Retail Store
SAL04439,2024-08-08,ST06,CUS0393,PRD067,3,1336.07,790.8,545.27,Retail Store
SAL04440,2024-06-04,ST01,CUS0025,PRD040,3,453.06,280.77,172.29,Mobile App
SAL04441,2022-12-06,ST08,CUS0347,PRD014,1,195.85,104.45,91.4,Online
SAL04442,2023-07-15,ST05,CUS0367,PRD052,1,330.06,174.32,155.74,Online
SAL04443,2022-07-10,ST04,CUS0371,PRD063,1,314.78,149.01,165.77,Retail Store
SAL04444,2024-07-18,ST11,CUS0154,PRD027,1,578.41,291.25,287.16,Mobile App
SAL04445,2025-07-10,ST11,CUS0150,PRD009,4,151.01,81.68,69.33,Retail Store
SAL04446,2022-12-17,ST08,CUS0294,PRD066,1,455.94,293.37,162.57,Online
SAL04447,2023-05-19,ST08,CUS0389,PRD010,1,317.35,190.06,127.29,Mobile App
SAL04448,2022-11-23,ST10,CUS0329,PRD019,1,278.94,189.52,89.42,Retail Store
SAL04449,2025-01-31,ST08,CUS0054,PRD005,1,72.21,41.75,30.46,Marketplace
SAL04450,2024-04-26,ST03,CUS0278,PRD035,1,480.24,270.97,209.27,Mobile App
SAL04451,2024-08-27,ST06,CUS0246,PRD012,2,903.32,589.88,313.44,Marketplace
SAL04452,2023-08-17,ST04,CUS0216,PRD073,1,528.96,310.4,218.56,Online
SAL04453,2025-06-24,ST11,CUS0141,PRD019,4,1115.76,758.08,357.68,Mobile App
SAL04454,2024-09-20,ST02,CUS0200,PRD076,1,118.98,81.2,37.78,Marketplace
SAL04455,2025-01-31,ST10,CUS0048,PRD041,1,188.22,103.96,84.26,Marketplace
SAL04456,2022-09-13,ST02,CUS0247,PRD022,2,359.8,179.56,180.24,Mobile App
SAL04457,2024-10-13,ST07,CUS0027,PRD062,1,400.07,264.27,135.8,Marketplace
SAL04458,2024-07-07,ST03,CUS0224,PRD065,1,261.0,157.21,103.79,Marketplace
SAL04459,2024-12-23,ST12,CUS0191,PRD066,3,1367.83,880.11,487.72,Marketplace
SAL04460,2023-02-27,ST08,CUS0347,PRD013,1,572.18,308.2,263.98,Online
SAL04461,2024-07-20,ST10,CUS0295,PRD009,2,71.53,40.84,30.69,Online
SAL04462,2024-05-02,ST08,CUS0045,PRD078,1,335.63,173.39,162.24,Marketplace
SAL04463,2022-11-22,ST08,CUS0341,PRD001,1,370.81,221.71,149.1,Retail Store
SAL04464,2024-08-21,ST11,CUS0088,PRD017,1,76.13,41.34,34.79,Marketplace
SAL04465,2024-01-11,ST05,CUS0378,PRD021,1,165.14,117.72,47.42,Mobile App
SAL04466,2022-07-20,ST09,CUS0227,PRD024,1,79.18,41.01,38.17,Online
SAL04467,2022-10-18,ST01,CUS0359,PRD001,3,1112.43,665.13,447.3,Marketplace
SAL04468,2025-06-25,ST01,CUS0327,PRD065,2,495.9,314.42,181.48,Mobile App
SAL04469,2022-11-11,ST10,CUS0175,PRD055,1,366.59,188.75,177.84,Retail Store
SAL04470,2023-05-07,ST09,CUS0213,PRD070,1,468.13,300.33,167.8,Marketplace
SAL04471,2023-10-21,ST12,CUS0309,PRD035,5,2401.2,1354.85,1046.35,Online
SAL04472,2023-08-09,ST12,CUS0108,PRD001,1,333.73,221.71,112.02,Online
SAL04473,2023-07-03,ST09,CUS0194,PRD022,2,341.81,179.56,162.25,Marketplace
SAL04474,2023-08-17,ST11,CUS0332,PRD004,1,541.95,291.78,250.17,Marketplace
SAL04475,2023-06-11,ST12,CUS0191,PRD047,1,333.55,214.53,119.02,Mobile App
SAL04476,2025-05-06,ST08,CUS0168,PRD037,2,369.04,189.68,179.36,Mobile App
SAL04477,2023-02-24,ST10,CUS0003,PRD028,1,213.33,140.6,72.73,Mobile App
SAL04478,2022-07-31,ST04,CUS0148,PRD054,3,191.1,101.07,90.03,Retail Store
SAL04479,2025-05-26,ST03,CUS0067,PRD029,2,399.32,235.66,163.66,Mobile App
SAL04480,2025-03-27,ST01,CUS0190,PRD059,1,310.62,162.6,148.02,Retail Store
SAL04481,2024-11-23,ST07,CUS0084,PRD018,1,520.27,312.35,207.92,Mobile App
SAL04482,2022-07-29,ST06,CUS0355,PRD031,1,448.4,226.91,221.49,Mobile App
SAL04483,2025-07-19,ST12,CUS0190,PRD041,1,188.22,103.96,84.26,Online
SAL04484,2025-05-13,ST10,CUS0147,PRD013,3,1716.54,924.6,791.94,Marketplace
SAL04485,2023-10-19,ST03,CUS0091,PRD055,2,733.18,377.5,355.68,Marketplace
SAL04486,2023-08-12,ST01,CUS0220,PRD057,2,883.8,407.06,476.74,Online
SAL04487,2022-12-30,ST08,CUS0031,PRD065,1,261.0,157.21,103.79,Retail Store
SAL04488,2023-03-17,ST05,CUS0074,PRD007,1,384.87,217.75,167.12,Marketplace
SAL04489,2024-01-09,ST11,CUS0058,PRD035,3,1368.68,812.91,555.77,Online
SAL04490,2022-09-06,ST07,CUS0309,PRD077,2,617.94,365.46,252.48,Marketplace
SAL04491,2024-05-05,ST11,CUS0126,PRD078,1,353.29,173.39,179.9,Online
SAL04492,2022-09-08,ST04,CUS0259,PRD032,2,1276.64,645.2,631.44,Marketplace
SAL04493,2024-09-17,ST09,CUS0284,PRD055,3,1099.77,566.25,533.52,Marketplace
SAL04494,2025-06-20,ST09,CUS0298,PRD067,1,494.84,263.6,231.24,Mobile App
SAL04495,2023-10-29,ST08,CUS0063,PRD066,1,479.94,293.37,186.57,Marketplace
SAL04496,2025-02-25,ST07,CUS0053,PRD069,1,385.57,222.64,162.93,Online
SAL04497,2022-07-26,ST06,CUS0128,PRD019,2,557.88,379.04,178.84,Marketplace
SAL04498,2023-03-14,ST11,CUS0364,PRD078,3,953.88,520.17,433.71,Online
SAL04499,2022-11-20,ST08,CUS0279,PRD062,1,400.07,264.27,135.8,Mobile App
SAL04500,2023-05-13,ST10,CUS0059,PRD018,2,985.77,624.7,361.07,Retail Store
SAL04501,2024-07-02,ST05,CUS0265,PRD049,3,1241.46,778.95,462.51,Marketplace
SAL04502,2025-04-10,ST04,CUS0342,PRD004,4,2167.8,1167.12,1000.68,Mobile App
SAL04503,2023-07-21,ST10,CUS0305,PRD023,4,656.84,347.68,309.16,Retail Store
SAL04504,2023-04-20,ST08,CUS0203,PRD070,2,936.26,600.66,335.6,Online
SAL04505,2025-02-27,ST11,CUS0340,PRD053,4,2040.11,1125.2,914.91,Online
SAL04506,2025-01-18,ST01,CUS0046,PRD069,3,1098.87,667.92,430.95,Marketplace
SAL04507,2024-08-09,ST12,CUS0234,PRD057,3,1259.41,610.59,648.82,Marketplace
SAL04508,2024-06-22,ST12,CUS0344,PRD057,1,441.9,203.53,238.37,Marketplace
SAL04509,2023-03-07,ST02,CUS0273,PRD010,4,1202.58,760.24,442.34,Retail Store
SAL04510,2024-09-07,ST10,CUS0334,PRD046,6,2793.63,1583.46,1210.17,Mobile App
SAL04511,2023-05-18,ST10,CUS0257,PRD056,1,371.75,269.62,102.13,Online
SAL04512,2023-04-08,ST06,CUS0017,PRD028,1,213.33,140.6,72.73,Marketplace
SAL04513,2022-11-18,ST11,CUS0022,PRD036,1,315.69,199.03,116.66,Online
SAL04514,2024-05-24,ST07,CUS0072,PRD033,3,1068.99,708.51,360.48,Retail Store
SAL04515,2025-04-18,ST03,CUS0124,PRD031,1,448.4,226.91,221.49,Marketplace
SAL04516,2023-09-30,ST07,CUS0097,PRD064,2,340.22,206.4,133.82,Retail Store
SAL04517,2024-01-10,ST05,CUS0275,PRD068,2,610.92,482.86,128.06,Retail Store
SAL04518,2025-04-25,ST07,CUS0275,PRD079,1,100.73,64.58,36.15,Retail Store
SAL04519,2024-06-20,ST10,CUS0073,PRD028,1,213.33,140.6,72.73,Retail Store
SAL04520,2023-08-20,ST06,CUS0122,PRD052,2,627.11,348.64,278.47,Online
SAL04521,2025-04-01,ST07,CUS0240,PRD034,1,156.51,103.0,53.51,Mobile App
SAL04522,2023-06-13,ST03,CUS0392,PRD061,2,667.62,340.64,326.98,Mobile App
SAL04523,2022-09-12,ST08,CUS0006,PRD005,1,72.21,41.75,30.46,Mobile App
SAL04524,2023-11-11,ST11,CUS0261,PRD030,1,255.97,143.34,112.63,Retail Store
SAL04525,2024-08-01,ST10,CUS0297,PRD004,1,487.76,291.78,195.98,Marketplace
SAL04526,2025-07-28,ST12,CUS0352,PRD056,2,743.49,539.24,204.25,Online
SAL04527,2023-08-23,ST06,CUS0331,PRD035,1,480.24,270.97,209.27,Mobile App
SAL04528,2023-10-22,ST10,CUS0137,PRD009,1,39.74,20.42,19.32,Mobile App
SAL04529,2023-01-11,ST08,CUS0387,PRD065,3,783.0,471.63,311.37,Mobile App
SAL04530,2023-04-04,ST06,CUS0250,PRD078,2,706.58,346.78,359.8,Online
SAL04531,2023-12-22,ST04,CUS0165,PRD037,1,184.52,94.84,89.68,Mobile App
SAL04532,2022-10-28,ST07,CUS0290,PRD080,2,699.7,350.16,349.54,Retail Store
SAL04533,2025-01-28,ST12,CUS0256,PRD063,1,283.3,149.01,134.29,Marketplace
SAL04534,2023-04-09,ST03,CUS0073,PRD059,1,310.62,162.6,148.02,Online
SAL04535,2023-11-01,ST07,CUS0158,PRD055,2,733.18,377.5,355.68,Mobile App
SAL04536,2022-11-02,ST01,CUS0122,PRD031,1,448.4,226.91,221.49,Online
SAL04537,2024-03-16,ST03,CUS0006,PRD064,5,808.02,516.0,292.02,Mobile App
SAL04538,2024-11-13,ST07,CUS0244,PRD008,1,256.4,130.68,125.72,Marketplace
SAL04539,2024-12-14,ST10,CUS0356,PRD056,1,413.05,269.62,143.43,Retail Store
SAL04540,2024-01-30,ST05,CUS0056,PRD041,1,198.13,103.96,94.17,Online
SAL04541,2022-08-13,ST11,CUS0194,PRD071,4,210.1,163.8,46.3,Retail Store
SAL04542,2022-07-31,ST09,CUS0223,PRD015,2,1069.28,540.58,528.7,Online
SAL04543,2025-04-22,ST06,CUS0255,PRD005,1,72.21,41.75,30.46,Retail Store
SAL04544,2024-12-09,ST10,CUS0207,PRD004,1,487.76,291.78,195.98,Retail Store
SAL04545,2024-03-15,ST09,CUS0188,PRD045,2,714.22,356.72,357.5,Online
SAL04546,2022-10-22,ST03,CUS0339,PRD075,1,506.71,256.45,250.26,Mobile App
SAL04547,2023-09-22,ST06,CUS0164,PRD033,1,338.51,236.17,102.34,Mobile App
SAL04548,2024-11-06,ST03,CUS0109,PRD024,2,158.36,82.02,76.34,Retail Store
SAL04549,2022-10-10,ST09,CUS0381,PRD039,2,663.48,460.52,202.96,Mobile App
SAL04550,2022-12-30,ST02,CUS0393,PRD036,2,664.6,398.06,266.54,Mobile App
SAL04551,2024-02-02,ST07,CUS0229,PRD011,1,375.64,195.47,180.17,Online
SAL04552,2024-03-04,ST04,CUS0027,PRD027,1,520.57,291.25,229.32,Retail Store
SAL04553,2024-02-02,ST10,CUS0223,PRD041,1,198.13,103.96,94.17,Retail Store
SAL04554,2024-12-31,ST06,CUS0007,PRD062,1,380.07,264.27,115.8,Mobile App
SAL04555,2024-07-24,ST07,CUS0007,PRD009,1,39.74,20.42,19.32,Marketplace
SAL04556,2023-11-17,ST02,CUS0334,PRD015,1,534.64,270.29,264.35,Marketplace
SAL04557,2022-12-14,ST12,CUS0022,PRD038,1,240.03,189.75,50.28,Retail Store
SAL04558,2022-08-04,ST04,CUS0233,PRD009,3,119.22,61.26,57.96,Marketplace
SAL04559,2024-09-18,ST04,CUS0308,PRD074,1,150.84,99.72,51.12,Online
SAL04560,2025-07-01,ST06,CUS0142,PRD009,1,39.74,20.42,19.32,Marketplace
SAL04561,2024-09-01,ST10,CUS0299,PRD067,2,890.71,527.2,363.51,Marketplace
SAL04562,2023-12-04,ST10,CUS0259,PRD018,3,1642.95,937.05,705.9,Retail Store
SAL04563,2023-02-06,ST05,CUS0283,PRD024,1,79.18,41.01,38.17,Mobile App
SAL04564,2022-08-17,ST09,CUS0039,PRD019,1,278.94,189.52,89.42,Retail Store
SAL04565,2023-11-23,ST01,CUS0197,PRD042,2,1116.0,678.82,437.18,Online
SAL04566,2023-04-04,ST02,CUS0293,PRD014,1,195.85,104.45,91.4,Marketplace
SAL04567,2023-12-03,ST12,CUS0135,PRD007,1,346.38,217.75,128.63,Mobile App
SAL04568,2023-03-16,ST07,CUS0291,PRD068,1,339.4,241.43,97.97,Mobile App
SAL04569,2022-09-28,ST02,CUS0283,PRD079,3,286.28,193.74,92.54,Mobile App
SAL04570,2022-08-23,ST10,CUS0008,PRD035,1,480.24,270.97,209.27,Marketplace
SAL04571,2025-03-06,ST08,CUS0158,PRD046,2,980.22,527.82,452.4,Online
SAL04572,2023-08-11,ST01,CUS0329,PRD064,2,340.22,206.4,133.82,Mobile App
SAL04573,2024-02-18,ST05,CUS0235,PRD066,1,431.95,293.37,138.58,Marketplace
SAL04574,2023-05-07,ST07,CUS0173,PRD005,1,68.6,41.75,26.85,Online
SAL04575,2023-06-04,ST12,CUS0015,PRD029,3,598.98,353.49,245.49,Mobile App
SAL04576,2024-12-18,ST10,CUS0004,PRD051,1,138.82,72.37,66.45,Mobile App
SAL04577,2023-01-14,ST06,CUS0056,PRD051,3,416.46,217.11,199.35,Retail Store
SAL04578,2024-08-31,ST11,CUS0400,PRD018,1,547.65,312.35,235.3,Mobile App
SAL04579,2022-07-28,ST07,CUS0214,PRD007,1,384.87,217.75,167.12,Marketplace
SAL04580,2024-03-28,ST06,CUS0029,PRD056,1,413.05,269.62,143.43,Mobile App
SAL04581,2023-01-21,ST09,CUS0011,PRD080,3,1049.55,525.24,524.31,Mobile App
SAL04582,2024-02-19,ST06,CUS0220,PRD059,2,590.18,325.2,264.98,Online
SAL04583,2024-02-15,ST12,CUS0294,PRD061,3,1054.14,510.96,543.18,Retail Store
SAL04584,2023-08-05,ST08,CUS0158,PRD078,2,706.58,346.78,359.8,Online
SAL04585,2023-10-23,ST10,CUS0078,PRD060,1,325.93,165.18,160.75,Retail Store
SAL04586,2023-10-27,ST03,CUS0167,PRD025,1,227.74,144.31,83.43,Marketplace
SAL04587,2023-04-12,ST02,CUS0304,PRD003,1,518.56,281.75,236.81,Online
SAL04588,2022-08-03,ST05,CUS0217,PRD059,2,590.18,325.2,264.98,Retail Store
SAL04589,2022-11-13,ST05,CUS0096,PRD040,1,151.02,93.59,57.43,Online
SAL04590,2022-07-07,ST02,CUS0052,PRD011,2,751.28,390.94,360.34,Retail Store
SAL04591,2023-02-10,ST11,CUS0224,PRD017,2,152.27,82.68,69.59,Online
SAL04592,2024-07-25,ST08,CUS0249,PRD031,1,448.4,226.91,221.49,Retail Store
SAL04593,2025-03-09,ST01,CUS0128,PRD029,1,179.69,117.83,61.86,Online
SAL04594,2023-02-11,ST06,CUS0135,PRD013,2,1144.36,616.4,527.96,Online
SAL04595,2023-09-27,ST01,CUS0274,PRD063,3,944.34,447.03,497.31,Mobile App
SAL04596,2025-01-12,ST04,CUS0112,PRD050,1,127.11,76.64,50.47,Marketplace
SAL04597,2025-05-01,ST03,CUS0325,PRD034,1,156.51,103.0,53.51,Marketplace
SAL04598,2023-11-07,ST09,CUS0207,PRD041,1,188.22,103.96,84.26,Marketplace
SAL04599,2023-04-13,ST12,CUS0018,PRD069,1,385.57,222.64,162.93,Retail Store
SAL04600,2023-11-05,ST12,CUS0026,PRD005,1,72.21,41.75,30.46,Mobile App
SAL04601,2023-09-17,ST02,CUS0279,PRD028,1,213.33,140.6,72.73,Marketplace
SAL04602,2025-01-12,ST02,CUS0028,PRD048,3,657.24,445.08,212.16,Mobile App
SAL04603,2022-09-27,ST09,CUS0351,PRD029,1,199.66,117.83,81.83,Marketplace
SAL04604,2024-04-19,ST09,CUS0055,PRD070,2,936.26,600.66,335.6,Marketplace
SAL04605,2024-02-11,ST12,CUS0318,PRD059,2,621.24,325.2,296.04,Retail Store
SAL04606,2025-01-21,ST09,CUS0272,PRD037,1,194.23,94.84,99.39,Mobile App
SAL04607,2024-08-26,ST05,CUS0152,PRD015,3,1523.72,810.87,712.85,Marketplace
SAL04608,2023-12-17,ST11,CUS0306,PRD012,2,812.99,589.88,223.11,Mobile App
SAL04609,2022-08-06,ST08,CUS0057,PRD033,1,356.33,236.17,120.16,Retail Store
SAL04610,2025-07-08,ST06,CUS0209,PRD001,4,1409.08,886.84,522.24,Online
SAL04611,2023-09-27,ST07,CUS0201,PRD051,3,374.81,217.11,157.7,Mobile App
SAL04612,2023-10-23,ST11,CUS0161,PRD038,2,533.4,379.5,153.9,Online
SAL04613,2023-06-15,ST08,CUS0113,PRD052,2,627.11,348.64,278.47,Marketplace
SAL04614,2023-07-07,ST10,CUS0185,PRD056,1,371.75,269.62,102.13,Mobile App
SAL04615,2024-04-24,ST01,CUS0307,PRD080,1,349.85,175.08,174.77,Online
SAL04616,2024-10-28,ST03,CUS0145,PRD036,2,664.6,398.06,266.54,Retail Store
SAL04617,2024-12-12,ST03,CUS0093,PRD055,2,696.52,377.5,319.02,Marketplace
SAL04618,2022-08-26,ST05,CUS0262,PRD035,1,432.22,270.97,161.25,Retail Store
SAL04619,2024-04-23,ST07,CUS0332,PRD068,3,1018.2,724.29,293.91,Mobile App
SAL04620,2024-07-20,ST09,CUS0083,PRD050,1,114.4,76.64,37.76,Online
SAL04621,2022-11-17,ST12,CUS0112,PRD052,1,330.06,174.32,155.74,Retail Store
SAL04622,2023-04-11,ST04,CUS0385,PRD048,3,657.24,445.08,212.16,Retail Store
SAL04623,2022-07-23,ST11,CUS0043,PRD047,1,351.11,214.53,136.58,Retail Store
SAL04624,2024-07-07,ST07,CUS0177,PRD026,1,528.35,240.24,288.11,Retail Store
SAL04625,2024-04-20,ST03,CUS0003,PRD057,3,1259.41,610.59,648.82,Mobile App
SAL04626,2024-03-04,ST05,CUS0097,PRD061,1,351.38,170.32,181.06,Marketplace
SAL04627,2025-05-26,ST08,CUS0099,PRD074,1,167.6,99.72,67.88,Online
SAL04628,2022-09-15,ST10,CUS0395,PRD030,1,255.97,143.34,112.63,Marketplace
SAL04629,2024-09-12,ST10,CUS0039,PRD049,3,1310.43,778.95,531.48,Online
SAL04630,2024-10-30,ST09,CUS0178,PRD022,1,161.91,89.78,72.13,Mobile App
SAL04631,2025-02-21,ST11,CUS0140,PRD067,1,494.84,263.6,231.24,Retail Store
SAL04632,2024-06-10,ST12,CUS0325,PRD028,2,426.66,281.2,145.46,Marketplace
SAL04633,2023-04-30,ST09,CUS0008,PRD039,2,700.34,460.52,239.82,Mobile App
SAL04634,2022-07-04,ST01,CUS0141,PRD058,1,428.96,300.58,128.38,Online
SAL04635,2023-04-07,ST03,CUS0245,PRD079,1,95.43,64.58,30.85,Marketplace
SAL04636,2025-07-28,ST08,CUS0382,PRD014,6,1175.1,626.7,548.4,Marketplace
SAL04637,2022-09-13,ST08,CUS0225,PRD044,1,495.38,340.71,154.67,Retail Store
SAL04638,2024-11-30,ST09,CUS0064,PRD050,4,508.44,306.56,201.88,Mobile App
SAL04639,2022-08-17,ST06,CUS0077,PRD034,2,313.02,206.0,107.02,Retail Store
SAL04640,2024-05-18,ST10,CUS0020,PRD065,1,261.0,157.21,103.79,Mobile App
SAL04641,2024-01-17,ST02,CUS0161,PRD043,2,496.78,327.0,169.78,Online
SAL04642,2024-12-26,ST06,CUS0054,PRD038,3,800.1,569.25,230.85,Marketplace
SAL04643,2023-06-01,ST09,CUS0160,PRD031,1,448.4,226.91,221.49,Retail Store
SAL04644,2025-01-20,ST02,CUS0219,PRD009,1,37.75,20.42,17.33,Retail Store
SAL04645,2025-01-11,ST10,CUS0129,PRD049,2,919.6,519.3,400.3,Mobile App
SAL04646,2025-05-12,ST04,CUS0167,PRD040,1,151.02,93.59,57.43,Marketplace
SAL04647,2023-09-18,ST01,CUS0092,PRD045,2,714.22,356.72,357.5,Mobile App
SAL04648,2024-05-13,ST02,CUS0314,PRD049,4,1839.2,1038.6,800.6,Marketplace
SAL04649,2025-07-19,ST11,CUS0195,PRD014,1,195.85,104.45,91.4,Retail Store
SAL04650,2024-06-19,ST04,CUS0243,PRD045,2,714.22,356.72,357.5,Marketplace
SAL04651,2024-06-29,ST05,CUS0266,PRD055,1,366.59,188.75,177.84,Retail Store
SAL04652,2023-02-09,ST02,CUS0137,PRD026,1,501.93,240.24,261.69,Retail Store
SAL04653,2024-04-25,ST01,CUS0317,PRD002,3,587.73,421.08,166.65,Retail Store
SAL04654,2024-08-10,ST08,CUS0192,PRD074,1,167.6,99.72,67.88,Mobile App
SAL04655,2025-01-02,ST05,CUS0053,PRD045,1,321.4,178.36,143.04,Mobile App
SAL04656,2023-09-04,ST10,CUS0144,PRD013,3,1716.54,924.6,791.94,Mobile App
SAL04657,2024-03-18,ST04,CUS0397,PRD069,2,694.03,445.28,248.75,Marketplace
SAL04658,2023-05-26,ST09,CUS0197,PRD028,2,426.66,281.2,145.46,Marketplace
SAL04659,2023-10-06,ST07,CUS0305,PRD023,1,156.0,86.92,69.08,Retail Store
SAL04660,2023-09-04,ST09,CUS0026,PRD067,2,989.68,527.2,462.48,Online
SAL04661,2022-10-21,ST02,CUS0266,PRD067,1,470.1,263.6,206.5,Mobile App
SAL04662,2023-03-01,ST08,CUS0072,PRD068,1,339.4,241.43,97.97,Online
SAL04663,2023-05-19,ST10,CUS0305,PRD003,1,518.56,281.75,236.81,Marketplace
SAL04664,2022-08-25,ST12,CUS0160,PRD003,1,492.63,281.75,210.88,Mobile App
SAL04665,2023-12-23,ST01,CUS0175,PRD033,1,356.33,236.17,120.16,Retail Store
SAL04666,2023-04-26,ST11,CUS0194,PRD001,2,741.62,443.42,298.2,Mobile App
SAL04667,2023-03-20,ST12,CUS0366,PRD046,1,490.11,263.91,226.2,Retail Store
SAL04668,2023-01-13,ST09,CUS0043,PRD066,2,911.89,586.74,325.15,Online
SAL04669,2023-06-28,ST01,CUS0028,PRD028,2,426.66,281.2,145.46,Marketplace
SAL04670,2023-01-23,ST12,CUS0123,PRD049,2,919.6,519.3,400.3,Marketplace
SAL04671,2024-10-07,ST04,CUS0086,PRD024,2,150.44,82.02,68.42,Online
SAL04672,2025-06-23,ST06,CUS0314,PRD055,2,733.18,377.5,355.68,Mobile App
SAL04673,2024-07-24,ST11,CUS0075,PRD027,1,549.49,291.25,258.24,Retail Store
SAL04674,2024-05-01,ST01,CUS0300,PRD043,2,551.98,327.0,224.98,Marketplace
SAL04675,2024-04-17,ST04,CUS0183,PRD030,3,767.91,430.02,337.89,Online
SAL04676,2025-04-22,ST11,CUS0215,PRD022,2,359.8,179.56,180.24,Mobile App
SAL04677,2025-07-26,ST01,CUS0106,PRD076,2,264.4,162.4,102.0,Online
SAL04678,2023-11-15,ST04,CUS0240,PRD073,1,528.96,310.4,218.56,Mobile App
SAL04679,2022-07-17,ST11,CUS0100,PRD013,1,572.18,308.2,263.98,Marketplace
SAL04680,2024-09-09,ST07,CUS0075,PRD038,1,266.7,189.75,76.95,Marketplace
SAL04681,2025-04-21,ST01,CUS0367,PRD008,2,512.8,261.36,251.44,Marketplace
SAL04682,2023-01-02,ST05,CUS0240,PRD021,2,330.28,235.44,94.84,Mobile App
SAL04683,2023-10-29,ST11,CUS0133,PRD012,4,1806.64,1179.76,626.88,Retail Store
SAL04684,2025-07-17,ST02,CUS0149,PRD050,3,381.33,229.92,151.41,Retail Store
SAL04685,2024-07-13,ST06,CUS0223,PRD026,1,501.93,240.24,261.69,Mobile App
SAL04686,2022-07-30,ST03,CUS0329,PRD007,2,769.74,435.5,334.24,Mobile App
SAL04687,2023-12-09,ST01,CUS0220,PRD023,1,164.21,86.92,77.29,Marketplace
SAL04688,2024-02-01,ST11,CUS0277,PRD017,1,72.13,41.34,30.79,Online
SAL04689,2025-01-09,ST09,CUS0097,PRD022,1,179.9,89.78,90.12,Online
SAL04690,2024-02-29,ST10,CUS0237,PRD047,5,1580.0,1072.65,507.35,Online
SAL04691,2023-01-10,ST10,CUS0331,PRD069,1,385.57,222.64,162.93,Mobile App
SAL04692,2022-10-09,ST10,CUS0288,PRD048,1,219.08,148.36,70.72,Online
SAL04693,2022-08-31,ST11,CUS0033,PRD042,1,589.0,339.41,249.59,Mobile App
SAL04694,2022-12-26,ST03,CUS0165,PRD063,3,849.91,447.03,402.88,Mobile App
SAL04695,2024-07-19,ST08,CUS0228,PRD080,1,349.85,175.08,174.77,Marketplace
SAL04696,2022-07-31,ST02,CUS0162,PRD047,2,702.22,429.06,273.16,Mobile App
SAL04697,2024-12-21,ST09,CUS0104,PRD056,3,1239.15,808.86,430.29,Marketplace
SAL04698,2024-06-06,ST07,CUS0209,PRD063,1,314.78,149.01,165.77,Marketplace
SAL04699,2022-10-16,ST02,CUS0108,PRD008,5,1424.45,653.4,771.05,Retail Store
SAL04700,2025-05-14,ST11,CUS0066,PRD022,3,539.7,269.34,270.36,Online
SAL04701,2025-05-20,ST12,CUS0330,PRD029,1,179.69,117.83,61.86,Marketplace
SAL04702,2025-05-28,ST11,CUS0108,PRD046,3,1470.33,791.73,678.6,Online
SAL04703,2024-12-16,ST05,CUS0155,PRD010,5,1503.23,950.3,552.93,Online
SAL04704,2023-03-22,ST11,CUS0148,PRD043,1,275.99,163.5,112.49,Marketplace
SAL04705,2024-08-09,ST09,CUS0289,PRD037,1,174.81,94.84,79.97,Online
SAL04706,2024-10-23,ST09,CUS0218,PRD080,1,349.85,175.08,174.77,Online
SAL04707,2024-04-04,ST06,CUS0078,PRD047,1,351.11,214.53,136.58,Online
SAL04708,2024-05-01,ST04,CUS0320,PRD005,1,72.21,41.75,30.46,Online
SAL04709,2025-03-23,ST02,CUS0089,PRD044,1,550.42,340.71,209.71,Retail Store
SAL04710,2024-11-25,ST11,CUS0101,PRD063,2,629.56,298.02,331.54,Marketplace
SAL04711,2023-11-18,ST07,CUS0011,PRD054,1,57.33,33.69,23.64,Online
SAL04712,2022-12-13,ST02,CUS0241,PRD033,1,356.33,236.17,120.16,Marketplace
SAL04713,2022-11-04,ST02,CUS0213,PRD042,2,1240.0,678.82,561.18,Retail Store
SAL04714,2025-07-03,ST04,CUS0020,PRD010,2,668.1,380.12,287.98,Online
SAL04715,2025-06-18,ST12,CUS0053,PRD023,1,164.21,86.92,77.29,Online
SAL04716,2024-10-01,ST06,CUS0174,PRD075,1,506.71,256.45,250.26,Online
SAL04717,2024-02-26,ST10,CUS0214,PRD013,1,514.96,308.2,206.76,Online
SAL04718,2024-06-04,ST03,CUS0098,PRD018,2,985.77,624.7,361.07,Mobile App
SAL04719,2025-06-21,ST05,CUS0051,PRD034,1,156.51,103.0,53.51,Online
SAL04720,2025-05-10,ST11,CUS0119,PRD053,1,536.87,281.3,255.57,Marketplace
SAL04721,2024-01-24,ST05,CUS0059,PRD017,1,80.14,41.34,38.8,Mobile App
SAL04722,2025-01-04,ST02,CUS0244,PRD026,2,1056.7,480.48,576.22,Retail Store
SAL04723,2025-02-13,ST02,CUS0165,PRD035,1,432.22,270.97,161.25,Marketplace
SAL04724,2025-06-27,ST08,CUS0279,PRD063,1,299.04,149.01,150.03,Retail Store
SAL04725,2025-05-11,ST02,CUS0348,PRD011,1,417.38,195.47,221.91,Retail Store
SAL04726,2025-04-02,ST07,CUS0092,PRD027,2,1041.14,582.5,458.64,Mobile App
SAL04727,2023-06-08,ST03,CUS0101,PRD024,1,75.22,41.01,34.21,Online
SAL04728,2022-12-03,ST05,CUS0182,PRD044,3,1568.7,1022.13,546.57,Retail Store
SAL04729,2024-10-31,ST12,CUS0099,PRD027,2,1098.98,582.5,516.48,Online
SAL04730,2023-11-21,ST06,CUS0018,PRD012,2,858.15,589.88,268.27,Retail Store
SAL04731,2025-03-18,ST04,CUS0233,PRD073,1,528.96,310.4,218.56,Online
SAL04732,2023-08-05,ST06,CUS0052,PRD071,2,116.72,81.9,34.82,Mobile App
SAL04733,2024-01-29,ST08,CUS0071,PRD044,2,990.76,681.42,309.34,Marketplace
SAL04734,2025-05-09,ST03,CUS0328,PRD056,1,392.4,269.62,122.78,Retail Store
SAL04735,2024-04-04,ST06,CUS0111,PRD024,2,150.44,82.02,68.42,Mobile App
SAL04736,2023-11-08,ST10,CUS0347,PRD003,2,1037.12,563.5,473.62,Retail Store
SAL04737,2024-01-22,ST10,CUS0314,PRD080,3,944.6,525.24,419.36,Marketplace
SAL04738,2023-11-05,ST02,CUS0311,PRD066,3,1295.84,880.11,415.73,Mobile App
SAL04739,2022-07-13,ST12,CUS0247,PRD002,1,185.6,140.36,45.24,Marketplace
SAL04740,2023-01-11,ST07,CUS0292,PRD064,1,153.1,103.2,49.9,Online
SAL04741,2024-12-31,ST10,CUS0056,PRD068,1,339.4,241.43,97.97,Mobile App
SAL04742,2023-04-19,ST08,CUS0350,PRD072,1,551.52,285.8,265.72,Marketplace
SAL04743,2022-08-22,ST04,CUS0089,PRD016,1,337.8,178.49,159.31,Retail Store
SAL04744,2023-12-17,ST05,CUS0073,PRD005,1,72.21,41.75,30.46,Mobile App
SAL04745,2023-12-15,ST08,CUS0058,PRD044,1,550.42,340.71,209.71,Marketplace
SAL04746,2022-10-14,ST04,CUS0232,PRD028,2,426.66,281.2,145.46,Online
SAL04747,2025-02-03,ST08,CUS0085,PRD026,1,528.35,240.24,288.11,Online
SAL04748,2025-02-03,ST10,CUS0397,PRD065,1,234.9,157.21,77.69,Marketplace
SAL04749,2023-09-02,ST09,CUS0223,PRD053,1,510.03,281.3,228.73,Mobile App
SAL04750,2022-10-04,ST05,CUS0382,PRD070,1,468.13,300.33,167.8,Retail Store
SAL04751,2024-05-01,ST03,CUS0198,PRD012,1,451.66,294.94,156.72,Retail Store
SAL04752,2022-10-12,ST02,CUS0182,PRD052,1,330.06,174.32,155.74,Mobile App
SAL04753,2024-06-29,ST10,CUS0106,PRD060,2,688.07,330.36,357.71,Mobile App
SAL04754,2022-10-03,ST04,CUS0384,PRD038,3,800.1,569.25,230.85,Retail Store
SAL04755,2022-12-25,ST08,CUS0182,PRD044,2,1045.8,681.42,364.38,Retail Store
SAL04756,2025-03-30,ST11,CUS0105,PRD006,3,468.81,220.26,248.55,Online
SAL04757,2024-07-29,ST10,CUS0170,PRD060,1,344.03,165.18,178.85,Retail Store
SAL04758,2024-04-25,ST09,CUS0323,PRD072,2,992.74,571.6,421.14,Mobile App
SAL04759,2024-12-08,ST10,CUS0197,PRD071,1,55.44,40.95,14.49,Online
SAL04760,2024-05-06,ST05,CUS0267,PRD043,1,275.99,163.5,112.49,Mobile App
SAL04761,2023-10-20,ST02,CUS0097,PRD021,2,330.28,235.44,94.84,Mobile App
SAL04762,2025-04-13,ST12,CUS0086,PRD043,2,551.98,327.0,224.98,Online
SAL04763,2022-12-17,ST09,CUS0363,PRD045,2,678.51,356.72,321.79,Retail Store
SAL04764,2024-09-25,ST11,CUS0072,PRD055,1,366.59,188.75,177.84,Retail Store
SAL04765,2023-09-15,ST11,CUS0023,PRD071,1,58.36,40.95,17.41,Retail Store
SAL04766,2025-05-28,ST12,CUS0369,PRD074,1,150.84,99.72,51.12,Retail Store
SAL04767,2024-07-24,ST05,CUS0064,PRD041,1,198.13,103.96,94.17,Mobile App
SAL04768,2025-02-09,ST01,CUS0184,PRD001,2,667.46,443.42,224.04,Mobile App
SAL04769,2024-07-18,ST02,CUS0341,PRD002,5,1031.1,701.8,329.3,Mobile App
SAL04770,2022-08-26,ST05,CUS0323,PRD062,1,400.07,264.27,135.8,Marketplace
SAL04771,2022-08-18,ST05,CUS0213,PRD029,3,598.98,353.49,245.49,Online
SAL04772,2023-08-04,ST05,CUS0211,PRD022,2,341.81,179.56,162.25,Online
SAL04773,2024-09-11,ST05,CUS0355,PRD041,1,198.13,103.96,94.17,Online
SAL04774,2023-04-18,ST04,CUS0175,PRD037,3,524.42,284.52,239.9,Marketplace
SAL04775,2024-12-07,ST03,CUS0149,PRD002,1,206.22,140.36,65.86,Retail Store
SAL04776,2024-12-06,ST08,CUS0043,PRD069,1,385.57,222.64,162.93,Mobile App
SAL04777,2023-10-20,ST11,CUS0189,PRD018,1,547.65,312.35,235.3,Marketplace
SAL04778,2023-08-04,ST06,CUS0334,PRD068,1,339.4,241.43,97.97,Marketplace
SAL04779,2022-08-19,ST03,CUS0258,PRD056,1,413.05,269.62,143.43,Retail Store
SAL04780,2025-04-08,ST09,CUS0332,PRD071,1,58.36,40.95,17.41,Online
SAL04781,2024-06-23,ST07,CUS0158,PRD020,1,339.81,203.54,136.27,Retail Store
SAL04782,2023-01-16,ST09,CUS0082,PRD034,1,156.51,103.0,53.51,Marketplace
SAL04783,2023-05-16,ST01,CUS0083,PRD001,1,333.73,221.71,112.02,Marketplace
SAL04784,2025-04-02,ST01,CUS0362,PRD076,3,356.94,243.6,113.34,Marketplace
SAL04785,2024-08-16,ST02,CUS0184,PRD032,2,1276.64,645.2,631.44,Retail Store
SAL04786,2024-03-20,ST06,CUS0241,PRD010,1,334.05,190.06,143.99,Online
SAL04787,2023-07-11,ST01,CUS0226,PRD016,1,337.8,178.49,159.31,Mobile App
SAL04788,2023-08-29,ST08,CUS0123,PRD027,3,1561.71,873.75,687.96,Marketplace
SAL04789,2022-10-29,ST07,CUS0273,PRD001,2,741.62,443.42,298.2,Mobile App
SAL04790,2025-05-14,ST08,CUS0240,PRD031,1,448.4,226.91,221.49,Marketplace
SAL04791,2024-04-15,ST06,CUS0394,PRD024,2,158.36,82.02,76.34,Marketplace
SAL04792,2025-02-22,ST03,CUS0253,PRD012,1,451.66,294.94,156.72,Retail Store
SAL04793,2024-07-11,ST04,CUS0118,PRD042,3,1860.0,1018.23,841.77,Retail Store
SAL04794,2024-06-21,ST03,CUS0103,PRD001,3,1112.43,665.13,447.3,Marketplace
SAL04795,2023-01-21,ST05,CUS0213,PRD074,1,159.22,99.72,59.5,Mobile App
SAL04796,2024-06-20,ST04,CUS0098,PRD009,1,39.74,20.42,19.32,Retail Store
SAL04797,2025-03-23,ST10,CUS0047,PRD046,1,465.6,263.91,201.69,Online
SAL04798,2025-05-08,ST09,CUS0149,PRD079,2,212.06,129.16,82.9,Online
SAL04799,2024-08-29,ST11,CUS0212,PRD019,3,794.98,568.56,226.42,Online
SAL04800,2023-05-15,ST05,CUS0189,PRD012,1,451.66,294.94,156.72,Retail Store
SAL04801,2024-05-17,ST01,CUS0315,PRD076,1,132.2,81.2,51.0,Mobile App
SAL04802,2023-09-06,ST04,CUS0061,PRD073,1,528.96,310.4,218.56,Mobile App
SAL04803,2023-04-06,ST06,CUS0328,PRD049,1,459.8,259.65,200.15,Marketplace
SAL04804,2023-04-25,ST02,CUS0255,PRD056,3,1239.15,808.86,430.29,Marketplace
SAL04805,2024-05-19,ST12,CUS0215,PRD040,1,151.02,93.59,57.43,Mobile App
SAL04806,2022-07-29,ST05,CUS0383,PRD011,5,2086.9,977.35,1109.55,Online
SAL04807,2023-11-23,ST11,CUS0264,PRD024,1,79.18,41.01,38.17,Online
SAL04808,2023-06-17,ST11,CUS0167,PRD018,1,547.65,312.35,235.3,Mobile App
SAL04809,2022-09-11,ST06,CUS0338,PRD066,1,479.94,293.37,186.57,Marketplace
SAL04810,2022-07-14,ST04,CUS0291,PRD079,1,106.03,64.58,41.45,Marketplace
SAL04811,2024-03-23,ST08,CUS0225,PRD046,2,980.22,527.82,452.4,Online
SAL04812,2022-10-24,ST03,CUS0178,PRD029,1,199.66,117.83,81.83,Marketplace
SAL04813,2022-12-08,ST07,CUS0350,PRD001,5,1854.05,1108.55,745.5,Retail Store
SAL04814,2025-07-09,ST02,CUS0148,PRD056,1,413.05,269.62,143.43,Online
SAL04815,2023-08-05,ST05,CUS0166,PRD010,2,668.1,380.12,287.98,Online
SAL04816,2024-11-02,ST08,CUS0134,PRD040,1,135.92,93.59,42.33,Online
SAL04817,2025-01-15,ST06,CUS0232,PRD002,1,206.22,140.36,65.86,Retail Store
SAL04818,2023-10-01,ST03,CUS0101,PRD052,3,940.67,522.96,417.71,Retail Store
SAL04819,2024-03-02,ST05,CUS0334,PRD025,1,204.97,144.31,60.66,Retail Store
SAL04820,2022-11-18,ST01,CUS0053,PRD033,1,356.33,236.17,120.16,Online
SAL04821,2024-01-17,ST11,CUS0310,PRD049,1,436.81,259.65,177.16,Online
SAL04822,2024-04-07,ST03,CUS0153,PRD053,1,510.03,281.3,228.73,Online
SAL04823,2024-12-05,ST07,CUS0096,PRD010,1,334.05,190.06,143.99,Mobile App
SAL04824,2023-03-07,ST07,CUS0104,PRD037,3,553.56,284.52,269.04,Marketplace
SAL04825,2024-02-22,ST08,CUS0332,PRD066,1,431.95,293.37,138.58,Marketplace
SAL04826,2024-02-20,ST05,CUS0338,PRD062,1,380.07,264.27,115.8,Marketplace
SAL04827,2024-01-17,ST10,CUS0198,PRD024,1,71.26,41.01,30.25,Marketplace
SAL04828,2024-05-22,ST02,CUS0003,PRD025,1,227.74,144.31,83.43,Online
SAL04829,2025-03-18,ST08,CUS0068,PRD029,3,539.08,353.49,185.59,Online
SAL04830,2022-12-02,ST01,CUS0232,PRD013,1,572.18,308.2,263.98,Marketplace
SAL04831,2023-04-18,ST10,CUS0062,PRD062,1,360.06,264.27,95.79,Marketplace
SAL04832,2023-12-22,ST10,CUS0152,PRD010,1,334.05,190.06,143.99,Retail Store
SAL04833,2025-07-20,ST02,CUS0181,PRD070,2,936.26,600.66,335.6,Marketplace
SAL04834,2024-10-25,ST02,CUS0217,PRD046,2,931.21,527.82,403.39,Retail Store
SAL04835,2023-11-14,ST05,CUS0279,PRD027,2,1041.14,582.5,458.64,Mobile App
SAL04836,2024-04-09,ST01,CUS0204,PRD020,1,339.81,203.54,136.27,Online
SAL04837,2023-10-22,ST08,CUS0257,PRD021,1,148.63,117.72,30.91,Mobile App
SAL04838,2024-06-01,ST05,CUS0037,PRD052,1,330.06,174.32,155.74,Retail Store
SAL04839,2022-09-10,ST07,CUS0195,PRD073,1,528.96,310.4,218.56,Mobile App
SAL04840,2023-06-03,ST10,CUS0087,PRD079,1,106.03,64.58,41.45,Online
SAL04841,2023-02-27,ST09,CUS0232,PRD044,1,495.38,340.71,154.67,Retail Store
SAL04842,2025-01-20,ST06,CUS0259,PRD071,1,58.36,40.95,17.41,Marketplace
SAL04843,2024-04-21,ST04,CUS0008,PRD073,1,528.96,310.4,218.56,Online
SAL04844,2024-10-30,ST12,CUS0377,PRD037,2,369.04,189.68,179.36,Retail Store
SAL04845,2024-09-24,ST01,CUS0095,PRD011,2,834.76,390.94,443.82,Marketplace
SAL04846,2023-08-07,ST11,CUS0013,PRD028,2,426.66,281.2,145.46,Online
SAL04847,2024-10-28,ST06,CUS0321,PRD068,2,610.92,482.86,128.06,Mobile App
SAL04848,2024-05-06,ST11,CUS0356,PRD013,2,1144.36,616.4,527.96,Online
SAL04849,2025-01-03,ST03,CUS0238,PRD005,1,72.21,41.75,30.46,Online
SAL04850,2025-07-29,ST04,CUS0105,PRD006,1,156.27,73.42,82.85,Online
SAL04851,2025-03-10,ST10,CUS0115,PRD029,2,359.39,235.66,123.73,Mobile App
SAL04852,2024-09-12,ST12,CUS0055,PRD009,1,39.74,20.42,19.32,Online
SAL04853,2022-10-30,ST08,CUS0299,PRD080,1,332.36,175.08,157.28,Online
SAL04854,2023-02-26,ST08,CUS0339,PRD070,1,421.32,300.33,120.99,Online
SAL04855,2024-09-18,ST08,CUS0283,PRD057,1,419.8,203.53,216.27,Marketplace
SAL04856,2025-04-03,ST04,CUS0081,PRD069,2,732.58,445.28,287.3,Retail Store
SAL04857,2023-07-20,ST05,CUS0366,PRD071,3,175.08,122.85,52.23,Online
SAL04858,2025-07-09,ST07,CUS0395,PRD076,3,376.77,243.6,133.17,Mobile App
SAL04859,2022-08-19,ST05,CUS0156,PRD014,1,195.85,104.45,91.4,Marketplace
SAL04860,2023-04-13,ST05,CUS0236,PRD044,1,550.42,340.71,209.71,Retail Store
SAL04861,2024-03-18,ST01,CUS0080,PRD052,3,940.67,522.96,417.71,Retail Store
SAL04862,2022-10-15,ST11,CUS0347,PRD040,1,135.92,93.59,42.33,Mobile App
SAL04863,2023-07-10,ST11,CUS0315,PRD073,1,528.96,310.4,218.56,Marketplace
SAL04864,2025-01-20,ST03,CUS0026,PRD019,2,502.09,379.04,123.05,Retail Store
SAL04865,2022-07-25,ST01,CUS0107,PRD009,1,39.74,20.42,19.32,Mobile App
SAL04866,2023-01-03,ST04,CUS0332,PRD031,1,403.56,226.91,176.65,Retail Store
SAL04867,2025-04-16,ST10,CUS0044,PRD038,2,480.06,379.5,100.56,Retail Store
SAL04868,2023-05-10,ST11,CUS0359,PRD010,1,317.35,190.06,127.29,Marketplace
SAL04869,2023-06-06,ST01,CUS0100,PRD032,1,638.32,322.6,315.72,Retail Store
SAL04870,2022-12-10,ST05,CUS0386,PRD059,1,279.56,162.6,116.96,Mobile App
SAL04871,2022-11-18,ST05,CUS0145,PRD007,2,769.74,435.5,334.24,Online
SAL04872,2022-10-18,ST10,CUS0050,PRD057,1,441.9,203.53,238.37,Retail Store
SAL04873,2023-06-23,ST09,CUS0362,PRD019,2,557.88,379.04,178.84,Mobile App
SAL04874,2022-08-05,ST02,CUS0210,PRD015,1,507.91,270.29,237.62,Online
SAL04875,2023-02-03,ST05,CUS0092,PRD053,1,536.87,281.3,255.57,Mobile App
SAL04876,2023-05-22,ST11,CUS0336,PRD015,4,2031.63,1081.16,950.47,Online
SAL04877,2022-08-01,ST09,CUS0124,PRD017,1,80.14,41.34,38.8,Online
SAL04878,2024-03-30,ST12,CUS0008,PRD063,1,314.78,149.01,165.77,Marketplace
SAL04879,2023-09-26,ST01,CUS0040,PRD038,2,533.4,379.5,153.9,Marketplace
SAL04880,2022-09-10,ST03,CUS0082,PRD053,2,1020.05,562.6,457.45,Mobile App
SAL04881,2024-10-28,ST02,CUS0138,PRD077,2,686.6,365.46,321.14,Online
SAL04882,2023-12-28,ST04,CUS0274,PRD047,1,316.0,214.53,101.47,Mobile App
SAL04883,2025-04-22,ST04,CUS0221,PRD011,2,834.76,390.94,443.82,Marketplace
SAL04884,2024-10-19,ST02,CUS0038,PRD067,1,470.1,263.6,206.5,Mobile App
SAL04885,2024-11-16,ST07,CUS0366,PRD036,1,315.69,199.03,116.66,Mobile App
SAL04886,2022-11-20,ST04,CUS0055,PRD062,1,400.07,264.27,135.8,Retail Store
SAL04887,2023-04-18,ST01,CUS0398,PRD013,2,1144.36,616.4,527.96,Retail Store
SAL04888,2024-02-27,ST11,CUS0267,PRD044,2,1100.84,681.42,419.42,Retail Store
SAL04889,2024-10-25,ST06,CUS0283,PRD013,1,514.96,308.2,206.76,Retail Store
SAL04890,2024-06-09,ST02,CUS0028,PRD016,1,337.8,178.49,159.31,Marketplace
SAL04891,2024-03-07,ST04,CUS0068,PRD006,1,156.27,73.42,82.85,Online
SAL04892,2025-06-11,ST10,CUS0325,PRD044,2,1045.8,681.42,364.38,Online
SAL04893,2024-09-29,ST01,CUS0304,PRD066,1,479.94,293.37,186.57,Mobile App
SAL04894,2025-03-02,ST02,CUS0276,PRD007,1,384.87,217.75,167.12,Online
SAL04895,2023-12-02,ST04,CUS0220,PRD044,4,2201.68,1362.84,838.84,Marketplace
SAL04896,2024-03-12,ST07,CUS0196,PRD064,3,510.33,309.6,200.73,Online
SAL04897,2022-10-18,ST07,CUS0049,PRD058,1,406.39,300.58,105.81,Online
SAL04898,2022-09-28,ST11,CUS0271,PRD060,5,1629.63,825.9,803.73,Mobile App
SAL04899,2023-05-01,ST11,CUS0263,PRD060,4,1376.13,660.72,715.41,Retail Store
SAL04900,2024-02-03,ST10,CUS0040,PRD070,1,468.13,300.33,167.8,Online
SAL04901,2025-07-25,ST11,CUS0256,PRD040,1,143.47,93.59,49.88,Retail Store
SAL04902,2024-12-03,ST01,CUS0046,PRD045,2,714.22,356.72,357.5,Marketplace
SAL04903,2025-01-31,ST11,CUS0001,PRD030,2,460.75,286.68,174.07,Retail Store
SAL04904,2024-05-31,ST03,CUS0265,PRD024,1,79.18,41.01,38.17,Online
SAL04905,2025-04-30,ST02,CUS0361,PRD015,2,1069.28,540.58,528.7,Online
SAL04906,2024-06-05,ST02,CUS0323,PRD040,4,604.08,374.36,229.72,Online
SAL04907,2025-06-01,ST05,CUS0141,PRD003,1,518.56,281.75,236.81,Marketplace
SAL04908,2024-03-06,ST09,CUS0238,PRD073,1,476.06,310.4,165.66,Mobile App
SAL04909,2024-05-25,ST10,CUS0168,PRD019,1,264.99,189.52,75.47,Online
SAL04910,2024-02-27,ST01,CUS0297,PRD039,2,737.2,460.52,276.68,Retail Store
SAL04911,2024-12-23,ST07,CUS0232,PRD076,3,356.94,243.6,113.34,Online
SAL04912,2023-04-07,ST06,CUS0142,PRD032,1,638.32,322.6,315.72,Retail Store
SAL04913,2025-07-03,ST10,CUS0054,PRD034,1,156.51,103.0,53.51,Retail Store
SAL04914,2023-09-19,ST11,CUS0102,PRD012,1,451.66,294.94,156.72,Online
SAL04915,2024-05-27,ST07,CUS0227,PRD004,1,514.85,291.78,223.07,Retail Store
SAL04916,2023-11-08,ST07,CUS0003,PRD062,3,1200.21,792.81,407.4,Marketplace
SAL04917,2025-05-13,ST12,CUS0285,PRD052,1,330.06,174.32,155.74,Marketplace
SAL04918,2023-09-03,ST09,CUS0354,PRD040,2,302.04,187.18,114.86,Retail Store
SAL04919,2023-06-17,ST08,CUS0268,PRD077,1,343.3,182.73,160.57,Mobile App
SAL04920,2025-03-31,ST09,CUS0037,PRD067,2,989.68,527.2,462.48,Marketplace
SAL04921,2022-10-10,ST10,CUS0202,PRD074,2,335.2,199.44,135.76,Online
SAL04922,2023-07-19,ST05,CUS0131,PRD036,1,332.3,199.03,133.27,Mobile App
SAL04923,2023-04-21,ST03,CUS0226,PRD048,1,219.08,148.36,70.72,Marketplace
SAL04924,2023-06-19,ST02,CUS0088,PRD060,1,362.14,165.18,196.96,Marketplace
SAL04925,2024-07-13,ST07,CUS0333,PRD026,1,528.35,240.24,288.11,Retail Store
SAL04926,2022-11-02,ST07,CUS0039,PRD075,1,506.71,256.45,250.26,Mobile App
SAL04927,2024-05-22,ST05,CUS0347,PRD075,2,1013.42,512.9,500.52,Marketplace
SAL04928,2024-09-21,ST02,CUS0100,PRD021,1,148.63,117.72,30.91,Retail Store
SAL04929,2024-08-04,ST01,CUS0225,PRD009,1,37.75,20.42,17.33,Marketplace
SAL04930,2022-09-04,ST04,CUS0193,PRD068,2,644.86,482.86,162.0,Online
SAL04931,2024-08-13,ST09,CUS0358,PRD013,1,572.18,308.2,263.98,Online
SAL04932,2023-12-20,ST05,CUS0263,PRD045,2,714.22,356.72,357.5,Mobile App
SAL04933,2023-08-11,ST06,CUS0021,PRD062,1,380.07,264.27,115.8,Retail Store
SAL04934,2024-08-23,ST06,CUS0214,PRD021,2,313.77,235.44,78.33,Mobile App
SAL04935,2023-09-03,ST05,CUS0355,PRD050,5,635.55,383.2,252.35,Marketplace
SAL04936,2024-08-21,ST07,CUS0203,PRD041,3,564.67,311.88,252.79,Marketplace
SAL04937,2023-07-31,ST08,CUS0172,PRD013,2,1144.36,616.4,527.96,Retail Store
SAL04938,2022-09-18,ST01,CUS0072,PRD016,2,641.82,356.98,284.84,Retail Store
SAL04939,2022-09-27,ST12,CUS0268,PRD014,1,195.85,104.45,91.4,Mobile App
SAL04940,2024-08-07,ST10,CUS0394,PRD068,1,339.4,241.43,97.97,Mobile App
SAL04941,2022-09-08,ST08,CUS0217,PRD073,2,952.13,620.8,331.33,Online
SAL04942,2025-01-23,ST06,CUS0094,PRD053,5,2684.35,1406.5,1277.85,Online
SAL04943,2024-02-26,ST07,CUS0236,PRD045,1,357.11,178.36,178.75,Mobile App
SAL04944,2024-11-15,ST12,CUS0365,PRD004,1,541.95,291.78,250.17,Online
SAL04945,2024-12-26,ST11,CUS0311,PRD045,1,321.4,178.36,143.04,Mobile App
SAL04946,2023-02-19,ST09,CUS0025,PRD069,1,366.29,222.64,143.65,Retail Store
SAL04947,2023-06-20,ST11,CUS0221,PRD065,3,704.7,471.63,233.07,Online
SAL04948,2023-10-06,ST04,CUS0130,PRD002,1,206.22,140.36,65.86,Online
SAL04949,2024-09-06,ST10,CUS0304,PRD021,1,156.88,117.72,39.16,Mobile App
SAL04950,2022-11-19,ST02,CUS0067,PRD028,1,213.33,140.6,72.73,Retail Store
SAL04951,2024-01-31,ST10,CUS0113,PRD031,1,403.56,226.91,176.65,Online
SAL04952,2023-04-19,ST01,CUS0290,PRD002,1,206.22,140.36,65.86,Retail Store
SAL04953,2023-08-24,ST08,CUS0127,PRD007,1,365.63,217.75,147.88,Mobile App
SAL04954,2022-09-01,ST12,CUS0159,PRD071,3,157.57,122.85,34.72,Retail Store
SAL04955,2023-12-29,ST01,CUS0156,PRD014,3,587.55,313.35,274.2,Marketplace
SAL04956,2022-08-25,ST01,CUS0377,PRD043,1,275.99,163.5,112.49,Mobile App
SAL04957,2024-04-29,ST08,CUS0281,PRD058,4,1806.16,1202.32,603.84,Retail Store
SAL04958,2024-07-03,ST10,CUS0167,PRD079,3,318.09,193.74,124.35,Online
SAL04959,2023-06-05,ST10,CUS0377,PRD060,2,651.85,330.36,321.49,Retail Store
SAL04960,2022-12-01,ST04,CUS0201,PRD035,2,912.46,541.94,370.52,Retail Store
SAL04961,2024-02-18,ST10,CUS0391,PRD077,3,1029.9,548.19,481.71,Online
SAL04962,2024-04-14,ST05,CUS0216,PRD067,1,445.36,263.6,181.76,Online
SAL04963,2023-01-18,ST07,CUS0069,PRD049,3,1241.46,778.95,462.51,Marketplace
SAL04964,2023-05-27,ST12,CUS0212,PRD011,2,834.76,390.94,443.82,Marketplace
SAL04965,2023-08-28,ST08,CUS0344,PRD057,1,441.9,203.53,238.37,Marketplace
SAL04966,2023-08-27,ST03,CUS0163,PRD059,3,838.67,487.8,350.87,Marketplace
SAL04967,2025-03-01,ST05,CUS0362,PRD074,2,335.2,199.44,135.76,Marketplace
SAL04968,2024-12-01,ST06,CUS0051,PRD080,2,699.7,350.16,349.54,Marketplace
SAL04969,2024-10-11,ST12,CUS0279,PRD070,1,468.13,300.33,167.8,Mobile App
SAL04970,2024-03-18,ST03,CUS0354,PRD013,1,572.18,308.2,263.98,Mobile App
SAL04971,2023-11-02,ST08,CUS0228,PRD021,2,330.28,235.44,94.84,Mobile App
SAL04972,2024-01-12,ST08,CUS0274,PRD005,1,72.21,41.75,30.46,Mobile App
SAL04973,2022-08-26,ST07,CUS0165,PRD006,4,625.08,293.68,331.4,Mobile App
SAL04974,2024-12-05,ST02,CUS0274,PRD038,3,720.09,569.25,150.84,Marketplace
SAL04975,2023-04-22,ST10,CUS0265,PRD057,3,1325.7,610.59,715.11,Retail Store
SAL04976,2022-07-17,ST10,CUS0116,PRD013,4,2288.72,1232.8,1055.92,Online
SAL04977,2024-12-07,ST01,CUS0237,PRD068,3,967.29,724.29,243.0,Mobile App
SAL04978,2023-06-15,ST03,CUS0153,PRD011,1,417.38,195.47,221.91,Retail Store
SAL04979,2023-10-20,ST10,CUS0142,PRD031,1,403.56,226.91,176.65,Mobile App
SAL04980,2023-08-15,ST12,CUS0283,PRD028,1,213.33,140.6,72.73,Retail Store
SAL04981,2024-10-29,ST05,CUS0009,PRD040,2,286.94,187.18,99.76,Online
SAL04982,2023-07-18,ST09,CUS0244,PRD040,1,143.47,93.59,49.88,Online
SAL04983,2025-03-31,ST03,CUS0226,PRD046,1,490.11,263.91,226.2,Marketplace
SAL04984,2024-04-04,ST04,CUS0247,PRD021,2,330.28,235.44,94.84,Retail Store
SAL04985,2024-11-28,ST10,CUS0339,PRD065,2,522.0,314.42,207.58,Online
SAL04986,2023-06-13,ST05,CUS0164,PRD040,1,151.02,93.59,57.43,Marketplace
SAL04987,2023-06-25,ST04,CUS0146,PRD065,1,261.0,157.21,103.79,Retail Store
SAL04988,2023-03-06,ST06,CUS0305,PRD006,1,156.27,73.42,82.85,Marketplace
SAL04989,2024-11-26,ST02,CUS0215,PRD072,1,523.94,285.8,238.14,Marketplace
SAL04990,2024-12-23,ST08,CUS0030,PRD025,1,204.97,144.31,60.66,Retail Store
SAL04991,2022-08-02,ST02,CUS0318,PRD074,2,301.68,199.44,102.24,Mobile App
SAL04992,2022-11-25,ST07,CUS0229,PRD051,1,138.82,72.37,66.45,Marketplace
SAL04993,2025-02-20,ST10,CUS0306,PRD003,4,2074.24,1127.0,947.24,Retail Store
SAL04994,2023-08-21,ST01,CUS0386,PRD012,1,451.66,294.94,156.72,Mobile App
SAL04995,2024-12-16,ST03,CUS0374,PRD052,1,330.06,174.32,155.74,Marketplace
SAL04996,2025-03-13,ST02,CUS0069,PRD051,1,138.82,72.37,66.45,Retail Store
SAL04997,2024-11-28,ST01,CUS0270,PRD019,2,557.88,379.04,178.84,Marketplace
SAL04998,2025-02-16,ST06,CUS0360,PRD076,3,396.6,243.6,153.0,Retail Store
SAL04999,2023-01-24,ST05,CUS0029,PRD004,1,541.95,291.78,250.17,Mobile App
SAL05000,2023-10-15,ST07,CUS0177,PRD010,1,317.35,190.06,127.29,Online
SAL05001,2024-08-27,ST12,CUS0192,PRD006,1,148.46,73.42,75.04,Online
SAL05002,2022-08-31,ST07,CUS0191,PRD064,2,340.22,206.4,133.82,Online
SAL05003,2023-09-20,ST02,CUS0084,PRD003,1,492.63,281.75,210.88,Mobile App
SAL05004,2023-07-12,ST03,CUS0291,PRD070,1,421.32,300.33,120.99,Online
SAL05005,2024-05-15,ST01,CUS0359,PRD073,2,1057.92,620.8,437.12,Online
SAL05006,2023-03-15,ST02,CUS0015,PRD059,1,310.62,162.6,148.02,Marketplace
SAL05007,2022-08-30,ST12,CUS0360,PRD051,1,138.82,72.37,66.45,Marketplace
SAL05008,2024-08-21,ST11,CUS0003,PRD024,2,158.36,82.02,76.34,Online
SAL05009,2024-07-30,ST10,CUS0266,PRD036,2,664.6,398.06,266.54,Online
SAL05010,2022-12-28,ST08,CUS0332,PRD030,1,243.17,143.34,99.83,Mobile App
SAL05011,2023-01-27,ST08,CUS0252,PRD054,3,171.99,101.07,70.92,Mobile App
SAL05012,2023-01-13,ST09,CUS0199,PRD049,1,459.8,259.65,200.15,Online
SAL05013,2023-05-28,ST02,CUS0142,PRD024,3,237.54,123.03,114.51,Mobile App
SAL05014,2025-06-19,ST11,CUS0215,PRD020,1,321.93,203.54,118.39,Retail Store
SAL05015,2024-12-15,ST06,CUS0226,PRD063,1,299.04,149.01,150.03,Mobile App
SAL05016,2023-10-26,ST09,CUS0177,PRD056,3,1239.15,808.86,430.29,Marketplace
SAL05017,2025-03-19,ST07,CUS0191,PRD071,2,116.72,81.9,34.82,Mobile App
SAL05018,2024-08-20,ST12,CUS0398,PRD012,1,406.49,294.94,111.55,Online
SAL05019,2023-12-16,ST08,CUS0071,PRD036,1,299.07,199.03,100.04,Online
SAL05020,2023-09-25,ST09,CUS0198,PRD034,4,626.04,412.0,214.04,Mobile App
SAL05021,2024-11-07,ST06,CUS0205,PRD012,1,451.66,294.94,156.72,Online
SAL05022,2024-05-21,ST04,CUS0252,PRD067,4,1979.36,1054.4,924.96,Retail Store
SAL05023,2023-09-13,ST08,CUS0282,PRD012,1,429.08,294.94,134.14,Marketplace
SAL05024,2022-10-25,ST11,CUS0133,PRD031,3,1345.2,680.73,664.47,Mobile App
SAL05025,2023-01-16,ST08,CUS0287,PRD037,1,184.52,94.84,89.68,Marketplace
SAL05026,2024-09-06,ST07,CUS0228,PRD039,1,368.6,230.26,138.34,Marketplace
SAL05027,2022-10-21,ST04,CUS0010,PRD010,2,668.1,380.12,287.98,Marketplace
SAL05028,2023-08-24,ST08,CUS0255,PRD023,2,295.58,173.84,121.74,Marketplace
SAL05029,2025-06-29,ST11,CUS0210,PRD008,1,256.4,130.68,125.72,Marketplace
SAL05030,2024-01-18,ST12,CUS0342,PRD057,1,441.9,203.53,238.37,Online
SAL05031,2025-06-12,ST11,CUS0170,PRD002,1,206.22,140.36,65.86,Mobile App
SAL05032,2024-02-21,ST05,CUS0274,PRD061,1,333.81,170.32,163.49,Online
SAL05033,2024-02-03,ST07,CUS0036,PRD019,2,557.88,379.04,178.84,Mobile App
SAL05034,2023-09-11,ST02,CUS0170,PRD053,1,483.18,281.3,201.88,Marketplace
SAL05035,2022-09-06,ST02,CUS0396,PRD041,4,792.52,415.84,376.68,Online
SAL05036,2024-11-03,ST02,CUS0068,PRD011,1,417.38,195.47,221.91,Retail Store
SAL05037,2025-07-07,ST09,CUS0365,PRD030,1,255.97,143.34,112.63,Marketplace
SAL05038,2022-07-17,ST09,CUS0025,PRD080,1,332.36,175.08,157.28,Marketplace
SAL05039,2023-12-17,ST11,CUS0056,PRD041,2,396.26,207.92,188.34,Marketplace
SAL05040,2024-02-02,ST02,CUS0028,PRD053,1,510.03,281.3,228.73,Retail Store
SAL05041,2023-09-19,ST04,CUS0291,PRD045,1,321.4,178.36,143.04,Marketplace
SAL05042,2024-09-08,ST02,CUS0019,PRD060,1,362.14,165.18,196.96,Mobile App
SAL05043,2025-07-21,ST07,CUS0095,PRD022,1,179.9,89.78,90.12,Retail Store
SAL05044,2022-11-21,ST07,CUS0135,PRD018,1,547.65,312.35,235.3,Mobile App
SAL05045,2025-03-11,ST11,CUS0353,PRD020,1,321.93,203.54,118.39,Mobile App
SAL05046,2023-01-11,ST08,CUS0288,PRD063,1,314.78,149.01,165.77,Mobile App
SAL05047,2024-05-01,ST09,CUS0195,PRD015,3,1603.92,810.87,793.05,Online
SAL05048,2025-05-26,ST03,CUS0093,PRD001,1,352.27,221.71,130.56,Retail Store
SAL05049,2023-11-13,ST11,CUS0110,PRD011,1,417.38,195.47,221.91,Retail Store
SAL05050,2024-12-01,ST02,CUS0074,PRD008,2,569.78,261.36,308.42,Retail Store
SAL05051,2022-07-16,ST09,CUS0369,PRD005,1,72.21,41.75,30.46,Marketplace
SAL05052,2024-12-19,ST06,CUS0171,PRD041,3,564.67,311.88,252.79,Marketplace
SAL05053,2023-11-15,ST11,CUS0149,PRD032,1,638.32,322.6,315.72,Online
SAL05054,2025-07-24,ST04,CUS0093,PRD072,1,496.37,285.8,210.57,Retail Store
SAL05055,2023-10-04,ST11,CUS0066,PRD025,2,455.48,288.62,166.86,Online
SAL05056,2023-04-23,ST10,CUS0200,PRD054,2,127.4,67.38,60.02,Online
SAL05057,2023-01-01,ST09,CUS0301,PRD046,2,980.22,527.82,452.4,Mobile App
SAL05058,2024-12-31,ST09,CUS0308,PRD050,2,241.51,153.28,88.23,Online
SAL05059,2022-09-24,ST08,CUS0296,PRD018,1,547.65,312.35,235.3,Mobile App
SAL05060,2024-09-30,ST03,CUS0219,PRD043,3,786.57,490.5,296.07,Retail Store
SAL05061,2025-05-01,ST01,CUS0239,PRD025,1,227.74,144.31,83.43,Mobile App
SAL05062,2022-08-30,ST10,CUS0201,PRD039,1,331.74,230.26,101.48,Mobile App
SAL05063,2024-02-16,ST09,CUS0289,PRD045,1,321.4,178.36,143.04,Retail Store
SAL05064,2023-03-15,ST07,CUS0032,PRD078,2,671.25,346.78,324.47,Retail Store
SAL05065,2024-11-02,ST08,CUS0153,PRD074,1,150.84,99.72,51.12,Online
SAL05066,2023-12-22,ST03,CUS0214,PRD007,1,365.63,217.75,147.88,Mobile App
SAL05067,2023-03-14,ST06,CUS0369,PRD052,1,297.05,174.32,122.73,Marketplace
SAL05068,2023-07-25,ST05,CUS0138,PRD023,1,164.21,86.92,77.29,Marketplace
SAL05069,2024-04-23,ST03,CUS0043,PRD032,3,1723.46,967.8,755.66,Mobile App
SAL05070,2023-09-08,ST01,CUS0352,PRD018,4,1971.54,1249.4,722.14,Online
SAL05071,2024-10-25,ST10,CUS0157,PRD059,1,310.62,162.6,148.02,Retail Store
SAL05072,2022-08-24,ST02,CUS0265,PRD076,1,132.2,81.2,51.0,Online
SAL05073,2024-03-15,ST03,CUS0020,PRD018,2,1095.3,624.7,470.6,Mobile App
SAL05074,2025-07-01,ST11,CUS0071,PRD013,3,1544.89,924.6,620.29,Mobile App
SAL05075,2024-06-15,ST07,CUS0108,PRD011,2,751.28,390.94,360.34,Mobile App
SAL05076,2023-08-19,ST05,CUS0167,PRD005,1,72.21,41.75,30.46,Marketplace
SAL05077,2023-04-25,ST04,CUS0085,PRD043,1,262.19,163.5,98.69,Retail Store
SAL05078,2024-01-30,ST09,CUS0393,PRD001,2,704.54,443.42,261.12,Marketplace
SAL05079,2023-06-14,ST02,CUS0191,PRD061,1,316.24,170.32,145.92,Retail Store
SAL05080,2022-11-16,ST03,CUS0106,PRD006,1,156.27,73.42,82.85,Marketplace
SAL05081,2024-03-19,ST04,CUS0244,PRD004,4,2167.8,1167.12,1000.68,Marketplace
SAL05082,2024-10-23,ST05,CUS0383,PRD066,1,479.94,293.37,186.57,Online
SAL05083,2024-01-18,ST05,CUS0240,PRD055,1,329.93,188.75,141.18,Mobile App
SAL05084,2025-03-16,ST11,CUS0140,PRD055,3,1099.77,566.25,533.52,Retail Store
SAL05085,2023-08-12,ST03,CUS0107,PRD008,1,284.89,130.68,154.21,Online
SAL05086,2024-10-25,ST06,CUS0340,PRD070,2,936.26,600.66,335.6,Online
SAL05087,2025-06-04,ST07,CUS0367,PRD058,1,428.96,300.58,128.38,Online
SAL05088,2022-08-23,ST06,CUS0383,PRD008,1,256.4,130.68,125.72,Mobile App
SAL05089,2024-07-30,ST02,CUS0090,PRD069,1,347.01,222.64,124.37,Marketplace
SAL05090,2023-10-27,ST06,CUS0391,PRD036,1,299.07,199.03,100.04,Marketplace
SAL05091,2023-06-09,ST03,CUS0077,PRD070,1,468.13,300.33,167.8,Online
SAL05092,2023-08-18,ST11,CUS0070,PRD012,1,451.66,294.94,156.72,Online
SAL05093,2024-07-04,ST09,CUS0188,PRD046,1,441.1,263.91,177.19,Online
SAL05094,2023-07-17,ST12,CUS0087,PRD079,2,212.06,129.16,82.9,Retail Store
SAL05095,2022-12-11,ST02,CUS0279,PRD062,1,400.07,264.27,135.8,Retail Store
SAL05096,2023-02-07,ST06,CUS0398,PRD017,1,76.13,41.34,34.79,Retail Store
SAL05097,2025-03-17,ST01,CUS0231,PRD053,2,1020.05,562.6,457.45,Marketplace
SAL05098,2022-11-03,ST11,CUS0361,PRD080,1,349.85,175.08,174.77,Mobile App
SAL05099,2025-05-29,ST06,CUS0365,PRD033,1,356.33,236.17,120.16,Marketplace
SAL05100,2022-12-21,ST10,CUS0335,PRD042,3,1767.0,1018.23,748.77,Retail Store
SAL05101,2024-09-10,ST02,CUS0119,PRD014,1,195.85,104.45,91.4,Marketplace
SAL05102,2023-11-16,ST04,CUS0250,PRD068,1,339.4,241.43,97.97,Retail Store
SAL05103,2024-11-13,ST03,CUS0153,PRD017,1,76.13,41.34,34.79,Mobile App
SAL05104,2024-05-23,ST12,CUS0308,PRD041,1,188.22,103.96,84.26,Online
SAL05105,2024-10-07,ST07,CUS0144,PRD074,1,150.84,99.72,51.12,Mobile App
SAL05106,2025-07-05,ST04,CUS0263,PRD048,1,219.08,148.36,70.72,Retail Store
SAL05107,2024-08-07,ST04,CUS0008,PRD074,1,167.6,99.72,67.88,Mobile App
SAL05108,2024-05-30,ST08,CUS0365,PRD065,2,522.0,314.42,207.58,Marketplace
SAL05109,2025-01-04,ST03,CUS0349,PRD025,2,432.71,288.62,144.09,Mobile App
SAL05110,2022-10-04,ST08,CUS0096,PRD005,1,72.21,41.75,30.46,Online
SAL05111,2023-11-06,ST03,CUS0157,PRD050,1,127.11,76.64,50.47,Retail Store
SAL05112,2024-11-18,ST09,CUS0121,PRD023,2,312.0,173.84,138.16,Online
SAL05113,2024-11-07,ST01,CUS0281,PRD067,2,940.2,527.2,413.0,Online
SAL05114,2023-03-31,ST12,CUS0213,PRD056,1,413.05,269.62,143.43,Marketplace
SAL05115,2023-05-27,ST11,CUS0194,PRD006,1,140.64,73.42,67.22,Mobile App
SAL05116,2024-06-22,ST10,CUS0364,PRD075,1,506.71,256.45,250.26,Retail Store
SAL05117,2024-10-13,ST11,CUS0208,PRD073,3,1586.88,931.2,655.68,Online
SAL05118,2024-01-02,ST07,CUS0177,PRD031,1,448.4,226.91,221.49,Online
SAL05119,2022-08-04,ST01,CUS0171,PRD075,3,1520.13,769.35,750.78,Retail Store
SAL05120,2025-03-03,ST09,CUS0062,PRD010,3,952.04,570.18,381.86,Retail Store
SAL05121,2024-03-17,ST01,CUS0003,PRD006,3,421.93,220.26,201.67,Online
SAL05122,2023-09-01,ST01,CUS0066,PRD023,2,328.42,173.84,154.58,Online
SAL05123,2023-01-08,ST03,CUS0384,PRD017,1,80.14,41.34,38.8,Online
SAL05124,2022-09-20,ST06,CUS0368,PRD074,1,159.22,99.72,59.5,Retail Store
SAL05125,2023-12-17,ST09,CUS0293,PRD068,4,1357.6,965.72,391.88,Mobile App
SAL05126,2024-09-12,ST02,CUS0197,PRD055,1,348.26,188.75,159.51,Retail Store
SAL05127,2024-07-07,ST05,CUS0048,PRD002,2,391.82,280.72,111.1,Online
SAL05128,2022-09-07,ST06,CUS0239,PRD034,4,563.44,412.0,151.44,Retail Store
SAL05129,2025-02-08,ST04,CUS0250,PRD016,2,608.04,356.98,251.06,Retail Store
SAL05130,2024-05-14,ST06,CUS0215,PRD051,1,138.82,72.37,66.45,Marketplace
SAL05131,2023-09-09,ST11,CUS0272,PRD066,1,431.95,293.37,138.58,Mobile App
SAL05132,2023-04-05,ST07,CUS0368,PRD060,1,362.14,165.18,196.96,Online
SAL05133,2022-08-16,ST02,CUS0101,PRD060,1,344.03,165.18,178.85,Retail Store
SAL05134,2023-07-06,ST01,CUS0179,PRD031,1,448.4,226.91,221.49,Mobile App
SAL05135,2024-06-15,ST07,CUS0008,PRD044,1,550.42,340.71,209.71,Online
SAL05136,2022-08-07,ST12,CUS0032,PRD060,3,1086.42,495.54,590.88,Online
SAL05137,2024-05-16,ST11,CUS0046,PRD036,1,315.69,199.03,116.66,Mobile App
SAL05138,2024-12-09,ST05,CUS0221,PRD041,1,188.22,103.96,84.26,Marketplace
SAL05139,2023-03-16,ST07,CUS0240,PRD049,1,459.8,259.65,200.15,Marketplace
SAL05140,2024-09-17,ST05,CUS0062,PRD079,1,106.03,64.58,41.45,Mobile App
SAL05141,2024-01-18,ST01,CUS0009,PRD002,1,206.22,140.36,65.86,Retail Store
SAL05142,2022-12-11,ST08,CUS0390,PRD028,4,853.32,562.4,290.92,Online
SAL05143,2024-06-02,ST05,CUS0262,PRD058,1,428.96,300.58,128.38,Retail Store
SAL05144,2023-03-16,ST08,CUS0389,PRD003,1,518.56,281.75,236.81,Online
SAL05145,2025-02-09,ST03,CUS0093,PRD025,4,910.96,577.24,333.72,Online
SAL05146,2025-03-19,ST07,CUS0247,PRD029,3,598.98,353.49,245.49,Online
SAL05147,2022-07-14,ST04,CUS0369,PRD027,2,1156.82,582.5,574.32,Mobile App
SAL05148,2025-02-20,ST06,CUS0060,PRD006,3,468.81,220.26,248.55,Retail Store
SAL05149,2025-02-26,ST07,CUS0253,PRD061,1,351.38,170.32,181.06,Marketplace
SAL05150,2024-12-04,ST07,CUS0216,PRD069,1,385.57,222.64,162.93,Retail Store
SAL05151,2024-10-11,ST01,CUS0019,PRD007,4,1539.48,871.0,668.48,Retail Store
SAL05152,2024-01-31,ST07,CUS0272,PRD016,2,675.6,356.98,318.62,Mobile App
SAL05153,2024-09-13,ST04,CUS0312,PRD064,2,306.2,206.4,99.8,Online
SAL05154,2023-09-20,ST09,CUS0155,PRD027,1,520.57,291.25,229.32,Retail Store
SAL05155,2023-12-16,ST03,CUS0029,PRD037,1,184.52,94.84,89.68,Marketplace
SAL05156,2023-05-19,ST06,CUS0045,PRD029,1,199.66,117.83,81.83,Mobile App
SAL05157,2025-04-15,ST11,CUS0025,PRD068,1,339.4,241.43,97.97,Marketplace
SAL05158,2025-02-03,ST06,CUS0256,PRD048,2,416.25,296.72,119.53,Mobile App
SAL05159,2023-07-24,ST04,CUS0354,PRD013,1,572.18,308.2,263.98,Online
SAL05160,2023-01-10,ST04,CUS0070,PRD071,4,221.77,163.8,57.97,Retail Store
SAL05161,2023-04-13,ST05,CUS0144,PRD069,1,385.57,222.64,162.93,Marketplace
SAL05162,2025-04-28,ST06,CUS0327,PRD069,1,385.57,222.64,162.93,Retail Store
SAL05163,2025-06-10,ST09,CUS0324,PRD026,3,1585.05,720.72,864.33,Online
SAL05164,2023-04-21,ST12,CUS0188,PRD065,1,261.0,157.21,103.79,Retail Store
SAL05165,2023-10-25,ST03,CUS0159,PRD071,1,52.52,40.95,11.57,Online
SAL05166,2025-01-15,ST12,CUS0207,PRD021,5,825.7,588.6,237.1,Mobile App
SAL05167,2023-02-22,ST02,CUS0024,PRD059,1,295.09,162.6,132.49,Marketplace
SAL05168,2024-02-23,ST08,CUS0118,PRD032,1,638.32,322.6,315.72,Retail Store
SAL05169,2023-08-12,ST06,CUS0217,PRD007,3,1154.61,653.25,501.36,Marketplace
SAL05170,2022-09-13,ST05,CUS0178,PRD006,5,703.22,367.1,336.12,Marketplace
SAL05171,2024-05-09,ST08,CUS0095,PRD011,1,375.64,195.47,180.17,Online
SAL05172,2023-03-02,ST01,CUS0322,PRD011,2,751.28,390.94,360.34,Online
SAL05173,2024-09-01,ST11,CUS0085,PRD050,2,241.51,153.28,88.23,Marketplace
SAL05174,2024-03-14,ST12,CUS0215,PRD041,1,178.32,103.96,74.36,Retail Store
SAL05175,2022-07-18,ST01,CUS0356,PRD056,1,413.05,269.62,143.43,Retail Store
SAL05176,2024-08-11,ST10,CUS0223,PRD065,1,247.95,157.21,90.74,Retail Store
SAL05177,2024-10-28,ST07,CUS0185,PRD079,1,100.73,64.58,36.15,Retail Store
SAL05178,2024-12-18,ST09,CUS0378,PRD011,1,417.38,195.47,221.91,Online
SAL05179,2024-07-23,ST01,CUS0362,PRD012,3,1287.23,884.82,402.41,Mobile App
SAL05180,2023-03-29,ST05,CUS0221,PRD065,5,1305.0,786.05,518.95,Mobile App
SAL05181,2024-05-01,ST01,CUS0122,PRD072,1,496.37,285.8,210.57,Marketplace
SAL05182,2022-12-13,ST04,CUS0115,PRD042,1,589.0,339.41,249.59,Online
SAL05183,2023-11-27,ST10,CUS0135,PRD015,1,534.64,270.29,264.35,Marketplace
SAL05184,2024-01-17,ST09,CUS0049,PRD075,4,1925.5,1025.8,899.7,Retail Store
SAL05185,2024-07-14,ST11,CUS0164,PRD061,3,1001.43,510.96,490.47,Marketplace
SAL05186,2025-03-11,ST06,CUS0129,PRD028,1,213.33,140.6,72.73,Marketplace
SAL05187,2024-10-05,ST11,CUS0342,PRD036,3,996.9,597.09,399.81,Online
SAL05188,2024-12-22,ST10,CUS0214,PRD004,3,1463.27,875.34,587.93,Online
SAL05189,2024-03-31,ST06,CUS0397,PRD044,1,495.38,340.71,154.67,Online
SAL05190,2023-10-23,ST04,CUS0006,PRD007,1,384.87,217.75,167.12,Retail Store
SAL05191,2024-04-21,ST08,CUS0398,PRD071,1,58.36,40.95,17.41,Marketplace
SAL05192,2024-01-31,ST12,CUS0131,PRD032,5,3191.6,1613.0,1578.6,Retail Store
SAL05193,2022-12-22,ST09,CUS0260,PRD006,1,156.27,73.42,82.85,Online
SAL05194,2025-03-25,ST09,CUS0286,PRD038,6,1600.2,1138.5,461.7,Retail Store
SAL05195,2024-08-16,ST03,CUS0387,PRD078,1,335.63,173.39,162.24,Online
SAL05196,2022-09-07,ST09,CUS0227,PRD058,1,451.54,300.58,150.96,Mobile App
SAL05197,2025-07-23,ST10,CUS0255,PRD007,1,384.87,217.75,167.12,Online
SAL05198,2023-06-20,ST09,CUS0041,PRD065,1,261.0,157.21,103.79,Marketplace
SAL05199,2024-04-12,ST08,CUS0045,PRD061,1,333.81,170.32,163.49,Retail Store
SAL05200,2022-11-27,ST04,CUS0004,PRD016,2,675.6,356.98,318.62,Retail Store
SAL05201,2023-12-22,ST08,CUS0028,PRD023,4,656.84,347.68,309.16,Marketplace
SAL05202,2023-05-05,ST05,CUS0256,PRD009,1,39.74,20.42,19.32,Marketplace
SAL05203,2023-11-19,ST08,CUS0055,PRD034,1,140.86,103.0,37.86,Retail Store
SAL05204,2022-12-02,ST11,CUS0140,PRD065,1,234.9,157.21,77.69,Retail Store
SAL05205,2023-08-29,ST01,CUS0032,PRD003,3,1555.68,845.25,710.43,Retail Store
SAL05206,2022-08-11,ST01,CUS0123,PRD030,1,255.97,143.34,112.63,Retail Store
SAL05207,2022-10-09,ST10,CUS0281,PRD036,1,332.3,199.03,133.27,Mobile App
SAL05208,2024-09-28,ST02,CUS0041,PRD002,2,412.44,280.72,131.72,Online
SAL05209,2024-05-04,ST11,CUS0182,PRD014,1,176.26,104.45,71.81,Retail Store
SAL05210,2024-10-19,ST08,CUS0077,PRD075,1,481.37,256.45,224.92,Online
SAL05211,2023-09-03,ST04,CUS0148,PRD035,1,456.23,270.97,185.26,Marketplace
SAL05212,2023-04-11,ST07,CUS0166,PRD037,1,194.23,94.84,99.39,Mobile App
SAL05213,2023-04-28,ST10,CUS0288,PRD055,1,366.59,188.75,177.84,Mobile App
SAL05214,2025-04-14,ST04,CUS0382,PRD070,1,468.13,300.33,167.8,Marketplace
SAL05215,2025-01-22,ST08,CUS0318,PRD043,1,275.99,163.5,112.49,Marketplace
SAL05216,2024-06-30,ST10,CUS0323,PRD006,1,156.27,73.42,82.85,Mobile App
SAL05217,2024-04-28,ST12,CUS0237,PRD066,1,479.94,293.37,186.57,Online
SAL05218,2022-12-31,ST01,CUS0386,PRD078,1,317.96,173.39,144.57,Online
SAL05219,2023-03-23,ST03,CUS0268,PRD029,2,379.35,235.66,143.69,Mobile App
SAL05220,2024-03-31,ST10,CUS0063,PRD055,1,348.26,188.75,159.51,Marketplace
SAL05221,2022-10-25,ST03,CUS0037,PRD070,3,1334.17,900.99,433.18,Marketplace
SAL05222,2025-07-03,ST10,CUS0350,PRD053,3,1449.55,843.9,605.65,Retail Store
SAL05223,2025-07-14,ST10,CUS0374,PRD050,1,114.4,76.64,37.76,Online
SAL05224,2024-07-12,ST11,CUS0232,PRD059,1,310.62,162.6,148.02,Marketplace
SAL05225,2024-01-14,ST08,CUS0182,PRD049,1,459.8,259.65,200.15,Marketplace
SAL05226,2023-09-15,ST08,CUS0306,PRD048,3,624.38,445.08,179.3,Mobile App
SAL05227,2025-01-05,ST08,CUS0238,PRD077,1,326.13,182.73,143.4,Marketplace
SAL05228,2025-05-28,ST11,CUS0355,PRD028,1,192.0,140.6,51.4,Retail Store
SAL05229,2024-03-29,ST06,CUS0237,PRD006,2,312.54,146.84,165.7,Marketplace
SAL05230,2025-07-12,ST04,CUS0069,PRD068,1,339.4,241.43,97.97,Marketplace
SAL05231,2024-02-03,ST10,CUS0115,PRD031,2,896.8,453.82,442.98,Mobile App
SAL05232,2024-01-31,ST05,CUS0396,PRD060,1,362.14,165.18,196.96,Online
SAL05233,2022-08-25,ST09,CUS0256,PRD056,2,743.49,539.24,204.25,Marketplace
SAL05234,2024-04-11,ST01,CUS0230,PRD044,1,522.9,340.71,182.19,Online
SAL05235,2025-05-06,ST05,CUS0189,PRD070,3,1334.17,900.99,433.18,Retail Store
SAL05236,2023-01-05,ST02,CUS0080,PRD047,1,333.55,214.53,119.02,Online
SAL05237,2022-11-14,ST04,CUS0035,PRD018,1,547.65,312.35,235.3,Retail Store
SAL05238,2025-01-05,ST08,CUS0264,PRD043,2,496.78,327.0,169.78,Online
SAL05239,2022-07-17,ST01,CUS0269,PRD066,2,959.88,586.74,373.14,Online
SAL05240,2023-03-17,ST06,CUS0337,PRD076,2,264.4,162.4,102.0,Marketplace
SAL05241,2025-03-27,ST04,CUS0317,PRD051,2,277.64,144.74,132.9,Online
SAL05242,2022-07-19,ST01,CUS0351,PRD064,2,323.21,206.4,116.81,Retail Store
SAL05243,2024-08-17,ST01,CUS0372,PRD077,3,978.41,548.19,430.22,Online
SAL05244,2023-09-08,ST11,CUS0351,PRD025,3,683.22,432.93,250.29,Mobile App
SAL05245,2023-11-01,ST05,CUS0116,PRD037,1,194.23,94.84,99.39,Retail Store
SAL05246,2022-11-07,ST05,CUS0252,PRD073,1,502.51,310.4,192.11,Retail Store
SAL05247,2025-04-20,ST09,CUS0147,PRD070,1,444.72,300.33,144.39,Marketplace
SAL05248,2024-01-23,ST12,CUS0058,PRD016,1,320.91,178.49,142.42,Online
SAL05249,2024-06-10,ST09,CUS0313,PRD038,1,266.7,189.75,76.95,Marketplace
SAL05250,2024-07-26,ST04,CUS0132,PRD031,1,425.98,226.91,199.07,Mobile App
SAL05251,2024-03-20,ST05,CUS0316,PRD007,1,384.87,217.75,167.12,Marketplace
SAL05252,2024-12-20,ST12,CUS0324,PRD019,1,264.99,189.52,75.47,Marketplace
SAL05253,2023-12-24,ST01,CUS0137,PRD023,1,147.79,86.92,60.87,Marketplace
SAL05254,2023-09-08,ST11,CUS0287,PRD021,2,313.77,235.44,78.33,Retail Store
SAL05255,2022-07-13,ST04,CUS0366,PRD011,1,417.38,195.47,221.91,Retail Store
SAL05256,2022-10-03,ST07,CUS0204,PRD048,3,624.38,445.08,179.3,Retail Store
SAL05257,2023-05-29,ST10,CUS0347,PRD009,1,39.74,20.42,19.32,Marketplace
SAL05258,2023-08-24,ST02,CUS0238,PRD016,2,675.6,356.98,318.62,Mobile App
SAL05259,2024-12-14,ST10,CUS0367,PRD043,1,248.39,163.5,84.89,Online
SAL05260,2023-05-22,ST02,CUS0244,PRD006,1,140.64,73.42,67.22,Retail Store
SAL05261,2025-04-28,ST02,CUS0089,PRD020,2,715.4,407.08,308.32,Retail Store
SAL05262,2023-03-22,ST11,CUS0299,PRD072,1,523.94,285.8,238.14,Retail Store
SAL05263,2024-03-14,ST04,CUS0018,PRD041,1,198.13,103.96,94.17,Marketplace
SAL05264,2025-05-11,ST02,CUS0325,PRD014,1,186.06,104.45,81.61,Online
SAL05265,2024-07-01,ST08,CUS0047,PRD038,1,266.7,189.75,76.95,Retail Store
SAL05266,2024-06-21,ST06,CUS0209,PRD036,1,332.3,199.03,133.27,Mobile App
SAL05267,2022-10-04,ST03,CUS0044,PRD042,2,1240.0,678.82,561.18,Online
SAL05268,2024-01-26,ST10,CUS0187,PRD044,3,1651.26,1022.13,629.13,Marketplace
SAL05269,2022-08-23,ST10,CUS0382,PRD039,1,368.6,230.26,138.34,Mobile App
SAL05270,2023-12-26,ST04,CUS0208,PRD053,1,536.87,281.3,255.57,Online
SAL05271,2023-10-18,ST04,CUS0103,PRD049,2,827.64,519.3,308.34,Marketplace
SAL05272,2024-10-23,ST07,CUS0261,PRD040,2,302.04,187.18,114.86,Retail Store
SAL05273,2025-02-19,ST05,CUS0229,PRD007,2,769.74,435.5,334.24,Online
SAL05274,2024-06-22,ST06,CUS0092,PRD042,1,620.0,339.41,280.59,Retail Store
SAL05275,2023-02-05,ST07,CUS0045,PRD073,1,528.96,310.4,218.56,Online
SAL05276,2023-06-14,ST08,CUS0133,PRD051,6,832.92,434.22,398.7,Marketplace
SAL05277,2025-03-02,ST07,CUS0315,PRD056,2,784.79,539.24,245.55,Marketplace
SAL05278,2024-04-23,ST02,CUS0321,PRD065,1,261.0,157.21,103.79,Mobile App
SAL05279,2025-01-22,ST06,CUS0159,PRD009,4,158.96,81.68,77.28,Mobile App
SAL05280,2024-12-06,ST07,CUS0281,PRD036,1,332.3,199.03,133.27,Retail Store
SAL05281,2022-08-09,ST06,CUS0111,PRD041,2,396.26,207.92,188.34,Retail Store
SAL05282,2023-02-09,ST06,CUS0101,PRD034,1,156.51,103.0,53.51,Mobile App
SAL05283,2024-11-17,ST04,CUS0194,PRD006,1,140.64,73.42,67.22,Online
SAL05284,2022-07-20,ST05,CUS0365,PRD077,2,652.27,365.46,286.81,Mobile App
SAL05285,2025-01-26,ST04,CUS0400,PRD013,1,572.18,308.2,263.98,Marketplace
SAL05286,2023-09-29,ST01,CUS0026,PRD011,2,834.76,390.94,443.82,Retail Store
SAL05287,2023-01-22,ST05,CUS0220,PRD023,4,656.84,347.68,309.16,Mobile App
SAL05288,2023-08-21,ST01,CUS0365,PRD061,1,316.24,170.32,145.92,Retail Store
SAL05289,2025-01-04,ST11,CUS0082,PRD074,1,167.6,99.72,67.88,Mobile App
SAL05290,2025-05-28,ST02,CUS0311,PRD007,1,365.63,217.75,147.88,Online
SAL05291,2025-06-07,ST11,CUS0291,PRD031,1,448.4,226.91,221.49,Online
SAL05292,2024-04-23,ST06,CUS0066,PRD051,1,124.94,72.37,52.57,Online
SAL05293,2023-11-05,ST07,CUS0283,PRD018,4,2190.6,1249.4,941.2,Marketplace
SAL05294,2022-09-22,ST12,CUS0057,PRD016,1,304.02,178.49,125.53,Online
SAL05295,2022-07-23,ST12,CUS0294,PRD038,1,266.7,189.75,76.95,Online
SAL05296,2024-08-14,ST12,CUS0394,PRD066,6,2879.64,1760.22,1119.42,Retail Store
SAL05297,2023-11-03,ST03,CUS0219,PRD004,1,541.95,291.78,250.17,Retail Store
SAL05298,2025-06-29,ST11,CUS0109,PRD066,1,431.95,293.37,138.58,Online
SAL05299,2024-07-22,ST02,CUS0187,PRD035,1,456.23,270.97,185.26,Marketplace
SAL05300,2023-10-19,ST08,CUS0046,PRD074,3,477.66,299.16,178.5,Marketplace
SAL05301,2022-10-12,ST12,CUS0350,PRD016,1,304.02,178.49,125.53,Marketplace
SAL05302,2022-07-15,ST10,CUS0252,PRD002,3,618.66,421.08,197.58,Retail Store
SAL05303,2024-06-28,ST10,CUS0073,PRD061,3,1054.14,510.96,543.18,Online
SAL05304,2025-04-27,ST06,CUS0361,PRD030,1,230.37,143.34,87.03,Retail Store
SAL05305,2023-06-02,ST04,CUS0375,PRD032,1,638.32,322.6,315.72,Online
SAL05306,2022-10-06,ST04,CUS0192,PRD011,2,834.76,390.94,443.82,Marketplace
SAL05307,2022-10-10,ST09,CUS0365,PRD022,2,341.81,179.56,162.25,Online
SAL05308,2025-02-01,ST12,CUS0182,PRD040,4,604.08,374.36,229.72,Mobile App
SAL05309,2025-07-23,ST05,CUS0295,PRD004,2,1083.9,583.56,500.34,Mobile App
SAL05310,2023-03-11,ST08,CUS0341,PRD058,2,903.08,601.16,301.92,Marketplace
SAL05311,2023-05-14,ST09,CUS0085,PRD071,2,105.05,81.9,23.15,Online
SAL05312,2024-12-26,ST11,CUS0275,PRD010,3,1002.15,570.18,431.97,Mobile App
SAL05313,2024-03-01,ST09,CUS0198,PRD037,1,194.23,94.84,99.39,Retail Store
SAL05314,2022-10-22,ST07,CUS0100,PRD052,3,990.18,522.96,467.22,Marketplace
SAL05315,2024-05-22,ST09,CUS0109,PRD001,3,1056.81,665.13,391.68,Mobile App
SAL05316,2025-05-04,ST03,CUS0119,PRD057,1,441.9,203.53,238.37,Online
SAL05317,2024-04-27,ST05,CUS0071,PRD018,1,547.65,312.35,235.3,Marketplace
SAL05318,2024-11-16,ST09,CUS0232,PRD026,2,1056.7,480.48,576.22,Marketplace
SAL05319,2023-12-11,ST02,CUS0383,PRD066,1,479.94,293.37,186.57,Mobile App
SAL05320,2024-02-09,ST05,CUS0054,PRD033,3,1068.99,708.51,360.48,Online
SAL05321,2022-07-17,ST08,CUS0399,PRD067,1,445.36,263.6,181.76,Mobile App
SAL05322,2024-11-17,ST10,CUS0178,PRD062,1,400.07,264.27,135.8,Mobile App
SAL05323,2024-11-02,ST05,CUS0239,PRD034,5,782.55,515.0,267.55,Marketplace
SAL05324,2023-10-28,ST04,CUS0160,PRD055,4,1466.36,755.0,711.36,Mobile App
SAL05325,2024-03-09,ST06,CUS0002,PRD010,1,317.35,190.06,127.29,Mobile App
SAL05326,2023-05-28,ST12,CUS0198,PRD005,3,216.63,125.25,91.38,Online
SAL05327,2022-12-06,ST03,CUS0112,PRD045,2,642.8,356.72,286.08,Online
SAL05328,2024-02-22,ST05,CUS0138,PRD017,1,80.14,41.34,38.8,Online
SAL05329,2024-03-30,ST06,CUS0373,PRD036,1,332.3,199.03,133.27,Mobile App
SAL05330,2024-05-31,ST09,CUS0003,PRD041,1,178.32,103.96,74.36,Marketplace
SAL05331,2022-12-27,ST05,CUS0163,PRD062,1,380.07,264.27,115.8,Online
SAL05332,2024-05-14,ST12,CUS0062,PRD070,1,468.13,300.33,167.8,Marketplace
SAL05333,2024-11-30,ST07,CUS0220,PRD004,1,541.95,291.78,250.17,Mobile App
SAL05334,2024-02-15,ST12,CUS0054,PRD001,2,704.54,443.42,261.12,Online
SAL05335,2024-02-28,ST05,CUS0014,PRD024,1,79.18,41.01,38.17,Marketplace
SAL05336,2024-03-20,ST05,CUS0064,PRD057,3,1193.13,610.59,582.54,Mobile App
SAL05337,2024-02-06,ST03,CUS0244,PRD071,1,58.36,40.95,17.41,Mobile App
SAL05338,2024-06-15,ST07,CUS0067,PRD075,1,506.71,256.45,250.26,Mobile App
SAL05339,2022-11-11,ST11,CUS0266,PRD023,3,492.63,260.76,231.87,Retail Store
SAL05340,2024-02-16,ST07,CUS0385,PRD042,1,558.0,339.41,218.59,Online
SAL05341,2024-08-07,ST01,CUS0287,PRD007,1,346.38,217.75,128.63,Online
SAL05342,2024-06-21,ST08,CUS0371,PRD003,2,933.41,563.5,369.91,Retail Store
SAL05343,2024-11-27,ST09,CUS0257,PRD077,1,343.3,182.73,160.57,Online
SAL05344,2022-09-20,ST03,CUS0298,PRD005,1,72.21,41.75,30.46,Online
SAL05345,2022-08-04,ST11,CUS0003,PRD015,2,962.35,540.58,421.77,Mobile App
SAL05346,2024-12-21,ST11,CUS0101,PRD019,1,278.94,189.52,89.42,Mobile App
SAL05347,2023-10-26,ST02,CUS0290,PRD063,1,314.78,149.01,165.77,Retail Store
SAL05348,2023-08-13,ST10,CUS0251,PRD021,1,165.14,117.72,47.42,Retail Store
SAL05349,2025-02-05,ST02,CUS0162,PRD022,4,719.6,359.12,360.48,Retail Store
SAL05350,2024-04-02,ST08,CUS0087,PRD022,2,323.82,179.56,144.26,Online
SAL05351,2025-04-05,ST10,CUS0238,PRD047,1,316.0,214.53,101.47,Online
SAL05352,2022-07-27,ST12,CUS0314,PRD043,1,275.99,163.5,112.49,Online
SAL05353,2024-04-30,ST01,CUS0221,PRD022,1,179.9,89.78,90.12,Online
SAL05354,2022-11-20,ST01,CUS0154,PRD022,3,485.73,269.34,216.39,Retail Store
SAL05355,2025-05-28,ST11,CUS0243,PRD060,1,362.14,165.18,196.96,Retail Store
SAL05356,2022-11-27,ST09,CUS0247,PRD030,1,255.97,143.34,112.63,Marketplace
SAL05357,2025-03-19,ST01,CUS0178,PRD014,1,186.06,104.45,81.61,Mobile App
SAL05358,2024-11-07,ST07,CUS0151,PRD019,1,278.94,189.52,89.42,Mobile App
SAL05359,2023-08-08,ST11,CUS0083,PRD074,3,502.8,299.16,203.64,Mobile App
SAL05360,2025-02-11,ST02,CUS0184,PRD015,1,534.64,270.29,264.35,Online
SAL05361,2024-06-10,ST07,CUS0214,PRD066,1,479.94,293.37,186.57,Retail Store
SAL05362,2024-04-11,ST10,CUS0299,PRD074,1,159.22,99.72,59.5,Mobile App
SAL05363,2025-01-21,ST02,CUS0144,PRD074,1,167.6,99.72,67.88,Marketplace
SAL05364,2023-01-27,ST10,CUS0192,PRD015,2,1069.28,540.58,528.7,Online
SAL05365,2022-07-17,ST09,CUS0152,PRD052,3,940.67,522.96,417.71,Online
SAL05366,2025-07-05,ST12,CUS0065,PRD061,2,702.76,340.64,362.12,Retail Store
SAL05367,2024-03-15,ST06,CUS0075,PRD014,2,352.53,208.9,143.63,Marketplace
SAL05368,2022-07-07,ST09,CUS0143,PRD065,2,522.0,314.42,207.58,Mobile App
SAL05369,2025-05-28,ST03,CUS0358,PRD030,1,230.37,143.34,87.03,Marketplace
SAL05370,2025-04-06,ST07,CUS0339,PRD070,1,444.72,300.33,144.39,Retail Store
SAL05371,2023-08-19,ST11,CUS0160,PRD043,1,275.99,163.5,112.49,Mobile App
SAL05372,2022-12-04,ST06,CUS0305,PRD080,1,332.36,175.08,157.28,Retail Store
SAL05373,2022-09-21,ST08,CUS0155,PRD075,1,481.37,256.45,224.92,Retail Store
SAL05374,2023-12-02,ST02,CUS0240,PRD006,2,281.29,146.84,134.45,Retail Store
SAL05375,2023-07-13,ST06,CUS0119,PRD007,2,769.74,435.5,334.24,Online
SAL05376,2023-06-19,ST06,CUS0115,PRD052,3,891.16,522.96,368.2,Online
SAL05377,2025-06-12,ST08,CUS0321,PRD015,3,1603.92,810.87,793.05,Online
SAL05378,2023-12-01,ST06,CUS0006,PRD035,1,480.24,270.97,209.27,Mobile App
SAL05379,2023-11-27,ST12,CUS0273,PRD042,1,558.0,339.41,218.59,Marketplace
SAL05380,2024-09-03,ST02,CUS0127,PRD054,1,63.7,33.69,30.01,Online
SAL05381,2024-07-25,ST01,CUS0239,PRD070,1,444.72,300.33,144.39,Retail Store
SAL05382,2022-12-03,ST05,CUS0176,PRD009,1,39.74,20.42,19.32,Retail Store
SAL05383,2023-05-31,ST09,CUS0357,PRD015,5,2405.88,1351.45,1054.43,Mobile App
SAL05384,2024-05-08,ST10,CUS0132,PRD079,1,106.03,64.58,41.45,Online
SAL05385,2024-11-29,ST11,CUS0167,PRD050,2,228.8,153.28,75.52,Mobile App
SAL05386,2022-10-17,ST04,CUS0244,PRD016,1,337.8,178.49,159.31,Marketplace
SAL05387,2024-07-27,ST05,CUS0217,PRD050,1,114.4,76.64,37.76,Retail Store
SAL05388,2025-01-25,ST02,CUS0115,PRD036,1,332.3,199.03,133.27,Marketplace
SAL05389,2024-03-12,ST12,CUS0012,PRD034,3,469.53,309.0,160.53,Retail Store
SAL05390,2023-05-12,ST01,CUS0280,PRD073,2,1057.92,620.8,437.12,Retail Store
SAL05391,2024-05-16,ST04,CUS0210,PRD001,2,667.46,443.42,224.04,Online
SAL05392,2024-04-27,ST05,CUS0141,PRD024,4,316.72,164.04,152.68,Online
SAL05393,2025-05-24,ST05,CUS0178,PRD050,2,228.8,153.28,75.52,Mobile App
SAL05394,2023-11-03,ST09,CUS0342,PRD011,1,375.64,195.47,180.17,Retail Store
SAL05395,2023-01-16,ST09,CUS0250,PRD075,1,506.71,256.45,250.26,Mobile App
SAL05396,2022-12-06,ST10,CUS0231,PRD009,1,39.74,20.42,19.32,Mobile App
SAL05397,2025-05-27,ST07,CUS0123,PRD037,2,349.61,189.68,159.93,Retail Store
SAL05398,2023-07-12,ST06,CUS0139,PRD028,3,575.99,421.8,154.19,Mobile App
SAL05399,2024-04-22,ST04,CUS0305,PRD069,4,1542.28,890.56,651.72,Mobile App
SAL05400,2023-11-18,ST01,CUS0140,PRD079,3,286.28,193.74,92.54,Retail Store
SAL05401,2024-12-30,ST01,CUS0036,PRD078,4,1413.16,693.56,719.6,Marketplace
SAL05402,2025-03-19,ST07,CUS0167,PRD076,2,237.96,162.4,75.56,Retail Store
SAL05403,2025-04-24,ST12,CUS0275,PRD078,3,1059.87,520.17,539.7,Online
SAL05404,2023-04-24,ST07,CUS0044,PRD025,1,216.35,144.31,72.04,Online
SAL05405,2024-10-01,ST05,CUS0198,PRD050,1,127.11,76.64,50.47,Online
SAL05406,2023-04-26,ST06,CUS0229,PRD007,1,384.87,217.75,167.12,Mobile App
SAL05407,2022-11-26,ST10,CUS0295,PRD073,2,1057.92,620.8,437.12,Marketplace
SAL05408,2025-01-13,ST09,CUS0011,PRD036,2,664.6,398.06,266.54,Retail Store
SAL05409,2023-07-26,ST02,CUS0230,PRD049,2,919.6,519.3,400.3,Retail Store
SAL05410,2023-05-27,ST07,CUS0320,PRD057,1,441.9,203.53,238.37,Retail Store
SAL05411,2023-12-30,ST10,CUS0167,PRD003,2,1037.12,563.5,473.62,Retail Store
SAL05412,2025-01-26,ST06,CUS0196,PRD070,1,468.13,300.33,167.8,Marketplace
SAL05413,2023-06-25,ST05,CUS0297,PRD038,1,266.7,189.75,76.95,Mobile App
SAL05414,2024-11-24,ST10,CUS0101,PRD069,1,385.57,222.64,162.93,Retail Store
SAL05415,2022-11-20,ST12,CUS0187,PRD068,1,322.43,241.43,81.0,Marketplace
SAL05416,2025-02-06,ST10,CUS0132,PRD043,2,551.98,327.0,224.98,Mobile App
SAL05417,2022-12-07,ST02,CUS0262,PRD060,3,1086.42,495.54,590.88,Marketplace
SAL05418,2025-02-05,ST09,CUS0281,PRD067,1,494.84,263.6,231.24,Retail Store
SAL05419,2023-08-18,ST11,CUS0322,PRD061,1,316.24,170.32,145.92,Marketplace
SAL05420,2025-01-21,ST01,CUS0091,PRD031,3,1345.2,680.73,664.47,Marketplace
SAL05421,2024-09-07,ST04,CUS0322,PRD006,1,156.27,73.42,82.85,Marketplace
SAL05422,2022-07-21,ST08,CUS0062,PRD068,1,322.43,241.43,81.0,Online
SAL05423,2024-10-04,ST03,CUS0368,PRD032,1,638.32,322.6,315.72,Mobile App
SAL05424,2022-09-10,ST02,CUS0279,PRD068,2,678.8,482.86,195.94,Retail Store
SAL05425,2023-09-23,ST08,CUS0378,PRD022,3,512.72,269.34,243.38,Marketplace
SAL05426,2025-05-07,ST02,CUS0186,PRD013,3,1544.89,924.6,620.29,Retail Store
SAL05427,2025-04-07,ST05,CUS0258,PRD058,3,1354.62,901.74,452.88,Online
SAL05428,2023-10-05,ST08,CUS0200,PRD034,2,297.37,206.0,91.37,Retail Store
SAL05429,2025-06-05,ST11,CUS0131,PRD008,1,284.89,130.68,154.21,Mobile App
SAL05430,2023-11-30,ST07,CUS0228,PRD078,1,353.29,173.39,179.9,Marketplace
SAL05431,2023-02-23,ST06,CUS0095,PRD012,2,903.32,589.88,313.44,Mobile App
SAL05432,2022-12-01,ST05,CUS0280,PRD045,1,339.25,178.36,160.89,Mobile App
SAL05433,2025-02-09,ST07,CUS0305,PRD012,2,903.32,589.88,313.44,Mobile App
SAL05434,2023-12-12,ST01,CUS0316,PRD074,2,335.2,199.44,135.76,Mobile App
SAL05435,2023-01-17,ST10,CUS0355,PRD004,1,541.95,291.78,250.17,Mobile App
SAL05436,2022-12-31,ST05,CUS0331,PRD039,3,1105.8,690.78,415.02,Marketplace
SAL05437,2024-03-22,ST12,CUS0333,PRD022,1,179.9,89.78,90.12,Online
SAL05438,2023-07-05,ST06,CUS0216,PRD015,1,534.64,270.29,264.35,Marketplace
SAL05439,2024-09-19,ST11,CUS0299,PRD028,1,213.33,140.6,72.73,Marketplace
SAL05440,2024-12-03,ST12,CUS0200,PRD052,1,313.56,174.32,139.24,Marketplace
SAL05441,2022-07-06,ST03,CUS0360,PRD046,2,980.22,527.82,452.4,Mobile App
SAL05442,2022-10-09,ST04,CUS0008,PRD024,1,79.18,41.01,38.17,Mobile App
SAL05443,2024-02-06,ST10,CUS0302,PRD062,1,380.07,264.27,115.8,Retail Store
SAL05444,2025-05-30,ST09,CUS0178,PRD052,3,990.18,522.96,467.22,Retail Store
SAL05445,2025-01-05,ST06,CUS0143,PRD017,1,80.14,41.34,38.8,Marketplace
SAL05446,2023-01-22,ST04,CUS0282,PRD057,4,1679.22,814.12,865.1,Online
SAL05447,2024-08-14,ST11,CUS0022,PRD042,1,558.0,339.41,218.59,Marketplace
SAL05448,2024-09-15,ST02,CUS0025,PRD066,1,431.95,293.37,138.58,Online
SAL05449,2023-03-28,ST02,CUS0236,PRD019,1,264.99,189.52,75.47,Marketplace
SAL05450,2022-12-01,ST10,CUS0106,PRD022,3,539.7,269.34,270.36,Mobile App
SAL05451,2023-10-16,ST01,CUS0215,PRD024,1,79.18,41.01,38.17,Marketplace
SAL05452,2023-09-12,ST07,CUS0089,PRD058,5,2257.7,1502.9,754.8,Mobile App
SAL05453,2025-05-17,ST04,CUS0035,PRD065,1,261.0,157.21,103.79,Marketplace
SAL05454,2025-05-06,ST06,CUS0098,PRD013,1,572.18,308.2,263.98,Online
SAL05455,2024-12-11,ST02,CUS0003,PRD058,1,406.39,300.58,105.81,Online
SAL05456,2023-08-25,ST11,CUS0104,PRD028,2,426.66,281.2,145.46,Retail Store
SAL05457,2023-12-25,ST06,CUS0086,PRD007,4,1539.48,871.0,668.48,Retail Store
SAL05458,2022-09-05,ST07,CUS0371,PRD036,1,315.69,199.03,116.66,Mobile App
SAL05459,2023-07-31,ST08,CUS0400,PRD003,3,1555.68,845.25,710.43,Mobile App
SAL05460,2024-03-25,ST02,CUS0120,PRD029,3,598.98,353.49,245.49,Mobile App
SAL05461,2024-08-24,ST12,CUS0152,PRD052,1,297.05,174.32,122.73,Online
SAL05462,2025-06-03,ST03,CUS0213,PRD042,1,558.0,339.41,218.59,Marketplace
SAL05463,2022-10-11,ST11,CUS0099,PRD044,1,550.42,340.71,209.71,Mobile App
SAL05464,2024-04-07,ST04,CUS0122,PRD070,2,889.45,600.66,288.79,Mobile App
SAL05465,2025-07-02,ST02,CUS0078,PRD073,1,528.96,310.4,218.56,Online
SAL05466,2024-05-18,ST05,CUS0213,PRD076,1,132.2,81.2,51.0,Marketplace
SAL05467,2025-02-05,ST07,CUS0194,PRD009,1,39.74,20.42,19.32,Online
SAL05468,2025-03-24,ST03,CUS0107,PRD007,1,384.87,217.75,167.12,Retail Store
SAL05469,2022-10-31,ST09,CUS0389,PRD056,3,1115.24,808.86,306.38,Retail Store
SAL05470,2025-01-05,ST02,CUS0002,PRD060,1,325.93,165.18,160.75,Online
SAL05471,2022-10-06,ST06,CUS0359,PRD011,1,417.38,195.47,221.91,Marketplace
SAL05472,2023-01-26,ST02,CUS0345,PRD034,3,469.53,309.0,160.53,Mobile App
SAL05473,2022-09-30,ST02,CUS0092,PRD013,1,514.96,308.2,206.76,Online
SAL05474,2025-03-18,ST01,CUS0149,PRD025,1,227.74,144.31,83.43,Marketplace
SAL05475,2024-10-15,ST02,CUS0366,PRD074,1,150.84,99.72,51.12,Mobile App
SAL05476,2023-03-14,ST12,CUS0358,PRD035,2,960.48,541.94,418.54,Mobile App
SAL05477,2025-01-05,ST12,CUS0224,PRD061,1,333.81,170.32,163.49,Marketplace
SAL05478,2024-12-10,ST04,CUS0177,PRD020,1,339.81,203.54,136.27,Marketplace
SAL05479,2022-08-29,ST08,CUS0053,PRD014,1,195.85,104.45,91.4,Online
SAL05480,2024-04-02,ST05,CUS0117,PRD006,1,156.27,73.42,82.85,Marketplace
SAL05481,2023-02-10,ST11,CUS0063,PRD035,2,912.46,541.94,370.52,Mobile App
SAL05482,2022-08-06,ST10,CUS0177,PRD049,1,459.8,259.65,200.15,Online
SAL05483,2022-09-18,ST03,CUS0025,PRD001,1,370.81,221.71,149.1,Mobile App
SAL05484,2023-10-28,ST04,CUS0067,PRD023,1,156.0,86.92,69.08,Retail Store
SAL05485,2023-06-19,ST05,CUS0198,PRD052,3,990.18,522.96,467.22,Online
SAL05486,2022-07-17,ST12,CUS0377,PRD025,3,683.22,432.93,250.29,Retail Store
SAL05487,2025-06-12,ST10,CUS0319,PRD077,2,652.27,365.46,286.81,Online
SAL05488,2023-04-15,ST02,CUS0034,PRD009,2,79.48,40.84,38.64,Online
SAL05489,2024-08-27,ST08,CUS0083,PRD079,1,106.03,64.58,41.45,Online
SAL05490,2025-07-17,ST08,CUS0216,PRD008,1,270.65,130.68,139.97,Mobile App
SAL05491,2022-10-06,ST11,CUS0025,PRD017,1,80.14,41.34,38.8,Retail Store
SAL05492,2024-01-19,ST12,CUS0389,PRD064,4,680.44,412.8,267.64,Retail Store
SAL05493,2024-12-01,ST01,CUS0040,PRD006,1,140.64,73.42,67.22,Retail Store
SAL05494,2024-03-24,ST05,CUS0349,PRD004,4,2059.41,1167.12,892.29,Retail Store
SAL05495,2023-07-04,ST03,CUS0170,PRD007,2,769.74,435.5,334.24,Mobile App
SAL05496,2023-05-26,ST07,CUS0175,PRD075,1,481.37,256.45,224.92,Marketplace
SAL05497,2024-12-29,ST01,CUS0046,PRD045,2,714.22,356.72,357.5,Mobile App
SAL05498,2022-12-06,ST11,CUS0242,PRD027,4,2313.64,1165.0,1148.64,Online
SAL05499,2024-03-30,ST12,CUS0396,PRD059,1,279.56,162.6,116.96,Online
SAL05500,2023-12-10,ST12,CUS0094,PRD074,1,150.84,99.72,51.12,Retail Store
SAL05501,2024-04-28,ST04,CUS0175,PRD022,1,179.9,89.78,90.12,Mobile App
SAL05502,2024-04-06,ST09,CUS0271,PRD035,3,1296.65,812.91,483.74,Retail Store
SAL05503,2025-03-01,ST07,CUS0396,PRD063,1,283.3,149.01,134.29,Marketplace
SAL05504,2023-10-08,ST08,CUS0237,PRD046,1,465.6,263.91,201.69,Mobile App
SAL05505,2022-11-26,ST10,CUS0110,PRD040,1,151.02,93.59,57.43,Online
SAL05506,2023-04-16,ST02,CUS0291,PRD071,3,175.08,122.85,52.23,Marketplace
SAL05507,2025-06-12,ST02,CUS0391,PRD031,1,448.4,226.91,221.49,Mobile App
SAL05508,2024-11-09,ST04,CUS0351,PRD044,1,550.42,340.71,209.71,Marketplace
SAL05509,2023-10-09,ST12,CUS0298,PRD034,1,156.51,103.0,53.51,Retail Store
SAL05510,2024-10-03,ST12,CUS0018,PRD052,1,297.05,174.32,122.73,Mobile App
SAL05511,2025-06-15,ST11,CUS0279,PRD060,2,724.28,330.36,393.92,Online
SAL05512,2024-12-09,ST04,CUS0084,PRD019,3,836.82,568.56,268.26,Mobile App
SAL05513,2024-01-31,ST05,CUS0149,PRD074,3,477.66,299.16,178.5,Mobile App
SAL05514,2022-12-07,ST09,CUS0156,PRD069,1,385.57,222.64,162.93,Marketplace
SAL05515,2023-12-16,ST05,CUS0377,PRD080,1,349.85,175.08,174.77,Mobile App
SAL05516,2024-12-23,ST05,CUS0359,PRD011,3,1252.14,586.41,665.73,Retail Store
SAL05517,2024-12-30,ST03,CUS0238,PRD048,2,394.34,296.72,97.62,Retail Store
SAL05518,2022-10-02,ST07,CUS0068,PRD033,6,2137.98,1417.02,720.96,Marketplace
SAL05519,2025-04-11,ST04,CUS0113,PRD009,3,107.3,61.26,46.04,Retail Store
SAL05520,2024-09-24,ST09,CUS0120,PRD035,2,960.48,541.94,418.54,Marketplace
SAL05521,2022-09-18,ST11,CUS0145,PRD052,3,940.67,522.96,417.71,Retail Store
SAL05522,2023-04-17,ST12,CUS0109,PRD017,1,72.13,41.34,30.79,Mobile App
SAL05523,2022-08-21,ST06,CUS0136,PRD042,2,1240.0,678.82,561.18,Mobile App
SAL05524,2023-08-01,ST02,CUS0399,PRD074,1,167.6,99.72,67.88,Marketplace
SAL05525,2024-03-24,ST07,CUS0006,PRD023,4,624.0,347.68,276.32,Marketplace
SAL05526,2024-05-18,ST10,CUS0031,PRD028,1,202.66,140.6,62.06,Retail Store
SAL05527,2023-03-07,ST10,CUS0314,PRD031,3,1345.2,680.73,664.47,Mobile App
SAL05528,2023-01-23,ST07,CUS0287,PRD052,1,330.06,174.32,155.74,Retail Store
SAL05529,2023-12-10,ST04,CUS0176,PRD062,1,360.06,264.27,95.79,Retail Store
SAL05530,2023-05-31,ST11,CUS0045,PRD077,1,308.97,182.73,126.24,Online
SAL05531,2025-06-28,ST09,CUS0081,PRD071,2,105.05,81.9,23.15,Retail Store
SAL05532,2024-11-29,ST04,CUS0370,PRD066,1,479.94,293.37,186.57,Retail Store
SAL05533,2024-09-28,ST10,CUS0121,PRD057,1,397.71,203.53,194.18,Mobile App
SAL05534,2023-11-06,ST06,CUS0327,PRD069,1,385.57,222.64,162.93,Retail Store
SAL05535,2024-02-11,ST07,CUS0019,PRD047,1,316.0,214.53,101.47,Retail Store
SAL05536,2025-03-19,ST11,CUS0049,PRD045,1,357.11,178.36,178.75,Mobile App
SAL05537,2023-03-30,ST08,CUS0069,PRD054,1,57.33,33.69,23.64,Mobile App
SAL05538,2025-03-08,ST11,CUS0395,PRD051,1,131.88,72.37,59.51,Online
SAL05539,2022-12-18,ST12,CUS0241,PRD010,2,634.69,380.12,254.57,Online
SAL05540,2024-02-17,ST03,CUS0367,PRD060,3,1086.42,495.54,590.88,Online
SAL05541,2023-09-30,ST05,CUS0064,PRD065,1,261.0,157.21,103.79,Mobile App
SAL05542,2023-05-04,ST02,CUS0180,PRD053,1,536.87,281.3,255.57,Marketplace
SAL05543,2024-03-06,ST11,CUS0105,PRD044,1,550.42,340.71,209.71,Retail Store
SAL05544,2022-08-13,ST07,CUS0133,PRD038,2,533.4,379.5,153.9,Online
SAL05545,2023-10-27,ST06,CUS0134,PRD070,2,936.26,600.66,335.6,Mobile App
SAL05546,2023-02-04,ST02,CUS0002,PRD043,1,275.99,163.5,112.49,Online
SAL05547,2024-03-08,ST10,CUS0038,PRD018,1,492.88,312.35,180.53,Mobile App
SAL05548,2025-07-19,ST04,CUS0052,PRD072,1,551.52,285.8,265.72,Online
SAL05549,2025-07-27,ST10,CUS0184,PRD007,3,1154.61,653.25,501.36,Retail Store
SAL05550,2025-03-30,ST09,CUS0294,PRD071,3,157.57,122.85,34.72,Online
SAL05551,2025-05-14,ST12,CUS0290,PRD004,2,1083.9,583.56,500.34,Online
SAL05552,2024-01-18,ST01,CUS0365,PRD020,1,357.7,203.54,154.16,Mobile App
SAL05553,2024-03-08,ST07,CUS0256,PRD009,3,113.26,61.26,52.0,Marketplace
SAL05554,2025-06-24,ST07,CUS0349,PRD006,1,140.64,73.42,67.22,Online
SAL05555,2023-06-23,ST09,CUS0082,PRD071,3,175.08,122.85,52.23,Marketplace
SAL05556,2023-03-14,ST05,CUS0230,PRD053,1,536.87,281.3,255.57,Retail Store
SAL05557,2025-05-03,ST11,CUS0307,PRD001,1,352.27,221.71,130.56,Marketplace
SAL05558,2024-12-15,ST12,CUS0168,PRD029,1,199.66,117.83,81.83,Marketplace
SAL05559,2024-06-10,ST11,CUS0188,PRD024,1,71.26,41.01,30.25,Mobile App
SAL05560,2025-02-11,ST12,CUS0010,PRD076,1,132.2,81.2,51.0,Online
SAL05561,2023-10-01,ST06,CUS0112,PRD012,1,451.66,294.94,156.72,Online
SAL05562,2022-12-03,ST03,CUS0061,PRD007,2,769.74,435.5,334.24,Online
SAL05563,2022-08-23,ST04,CUS0351,PRD033,3,1015.54,708.51,307.03,Mobile App
SAL05564,2023-07-12,ST10,CUS0220,PRD050,1,127.11,76.64,50.47,Marketplace
SAL05565,2023-11-14,ST08,CUS0219,PRD008,2,569.78,261.36,308.42,Marketplace
SAL05566,2023-11-13,ST01,CUS0149,PRD039,2,737.2,460.52,276.68,Retail Store
SAL05567,2023-05-08,ST03,CUS0264,PRD035,2,960.48,541.94,418.54,Retail Store
SAL05568,2022-08-26,ST12,CUS0318,PRD010,1,334.05,190.06,143.99,Mobile App
SAL05569,2023-08-10,ST01,CUS0093,PRD064,2,340.22,206.4,133.82,Mobile App
SAL05570,2024-05-28,ST03,CUS0117,PRD041,3,594.39,311.88,282.51,Marketplace
SAL05571,2023-08-01,ST06,CUS0167,PRD071,2,116.72,81.9,34.82,Retail Store
SAL05572,2023-08-15,ST10,CUS0199,PRD020,1,357.7,203.54,154.16,Mobile App
SAL05573,2023-09-21,ST09,CUS0181,PRD002,1,206.22,140.36,65.86,Marketplace
SAL05574,2023-02-17,ST03,CUS0237,PRD007,2,769.74,435.5,334.24,Mobile App
SAL05575,2023-01-22,ST04,CUS0296,PRD075,1,456.04,256.45,199.59,Online
SAL05576,2025-01-14,ST09,CUS0325,PRD069,1,366.29,222.64,143.65,Marketplace
SAL05577,2024-04-29,ST09,CUS0297,PRD065,2,522.0,314.42,207.58,Retail Store
SAL05578,2024-02-29,ST11,CUS0205,PRD004,3,1625.85,875.34,750.51,Online
SAL05579,2023-07-11,ST05,CUS0177,PRD068,1,339.4,241.43,97.97,Online
SAL05580,2024-11-09,ST03,CUS0161,PRD005,1,72.21,41.75,30.46,Marketplace
SAL05581,2022-10-29,ST02,CUS0131,PRD014,1,186.06,104.45,81.61,Online
SAL05582,2024-01-07,ST08,CUS0010,PRD057,1,441.9,203.53,238.37,Marketplace
SAL05583,2024-08-27,ST03,CUS0362,PRD034,3,469.53,309.0,160.53,Retail Store
SAL05584,2024-09-30,ST03,CUS0028,PRD045,3,964.2,535.08,429.12,Mobile App
SAL05585,2024-07-20,ST10,CUS0227,PRD001,1,333.73,221.71,112.02,Online
SAL05586,2024-05-06,ST08,CUS0227,PRD078,1,317.96,173.39,144.57,Retail Store
SAL05587,2025-03-28,ST09,CUS0135,PRD007,2,769.74,435.5,334.24,Retail Store
SAL05588,2022-10-21,ST10,CUS0396,PRD045,1,357.11,178.36,178.75,Mobile App
SAL05589,2022-10-02,ST05,CUS0088,PRD034,3,422.58,309.0,113.58,Marketplace
SAL05590,2022-10-21,ST11,CUS0145,PRD067,1,494.84,263.6,231.24,Mobile App
SAL05591,2024-11-24,ST05,CUS0394,PRD014,3,558.17,313.35,244.82,Retail Store
SAL05592,2025-05-26,ST11,CUS0004,PRD034,1,140.86,103.0,37.86,Marketplace
SAL05593,2022-10-15,ST06,CUS0296,PRD063,1,314.78,149.01,165.77,Mobile App
SAL05594,2025-07-15,ST10,CUS0313,PRD052,3,990.18,522.96,467.22,Online
SAL05595,2022-07-22,ST11,CUS0059,PRD076,1,132.2,81.2,51.0,Marketplace
SAL05596,2023-07-05,ST11,CUS0018,PRD075,1,506.71,256.45,250.26,Marketplace
SAL05597,2023-05-29,ST05,CUS0269,PRD071,1,58.36,40.95,17.41,Mobile App
SAL05598,2025-05-27,ST12,CUS0207,PRD062,1,400.07,264.27,135.8,Online
SAL05599,2024-08-06,ST10,CUS0400,PRD002,1,185.6,140.36,45.24,Mobile App
SAL05600,2022-08-30,ST11,CUS0397,PRD061,4,1264.97,681.28,583.69,Retail Store
SAL05601,2024-08-30,ST06,CUS0053,PRD040,1,135.92,93.59,42.33,Online
SAL05602,2023-01-06,ST03,CUS0155,PRD065,1,247.95,157.21,90.74,Marketplace
SAL05603,2022-07-27,ST05,CUS0234,PRD063,1,314.78,149.01,165.77,Marketplace
SAL05604,2024-09-15,ST08,CUS0124,PRD044,2,1100.84,681.42,419.42,Marketplace
SAL05605,2023-08-22,ST08,CUS0391,PRD049,2,827.64,519.3,308.34,Mobile App
SAL05606,2023-03-21,ST11,CUS0106,PRD054,1,60.52,33.69,26.83,Retail Store
SAL05607,2025-01-06,ST04,CUS0152,PRD049,2,873.62,519.3,354.32,Retail Store
SAL05608,2025-05-15,ST07,CUS0049,PRD015,1,481.18,270.29,210.89,Mobile App
SAL05609,2024-08-25,ST03,CUS0191,PRD076,1,132.2,81.2,51.0,Retail Store
SAL05610,2022-10-02,ST07,CUS0061,PRD064,1,153.1,103.2,49.9,Marketplace
SAL05611,2023-01-16,ST09,CUS0252,PRD039,2,737.2,460.52,276.68,Mobile App
SAL05612,2022-07-01,ST04,CUS0327,PRD053,2,1073.74,562.6,511.14,Online
SAL05613,2022-10-02,ST02,CUS0167,PRD023,1,164.21,86.92,77.29,Retail Store
SAL05614,2022-11-30,ST03,CUS0014,PRD011,1,375.64,195.47,180.17,Online
SAL05615,2023-11-05,ST10,CUS0138,PRD016,1,337.8,178.49,159.31,Mobile App
SAL05616,2023-06-19,ST02,CUS0028,PRD010,1,334.05,190.06,143.99,Online
SAL05617,2024-12-10,ST11,CUS0042,PRD006,1,148.46,73.42,75.04,Mobile App
SAL05618,2024-03-29,ST12,CUS0133,PRD060,2,651.85,330.36,321.49,Retail Store
SAL05619,2025-03-08,ST08,CUS0352,PRD041,2,356.63,207.92,148.71,Marketplace
SAL05620,2022-09-06,ST05,CUS0302,PRD013,1,572.18,308.2,263.98,Online
SAL05621,2022-12-25,ST03,CUS0029,PRD065,1,261.0,157.21,103.79,Online
SAL05622,2023-10-14,ST12,CUS0165,PRD033,1,320.7,236.17,84.53,Online
SAL05623,2024-12-31,ST08,CUS0400,PRD034,2,313.02,206.0,107.02,Retail Store
SAL05624,2025-04-30,ST10,CUS0023,PRD064,1,170.11,103.2,66.91,Marketplace
SAL05625,2022-09-27,ST06,CUS0330,PRD067,4,1880.39,1054.4,825.99,Mobile App
SAL05626,2022-11-02,ST12,CUS0210,PRD025,1,227.74,144.31,83.43,Online
SAL05627,2023-02-27,ST03,CUS0141,PRD043,1,275.99,163.5,112.49,Marketplace
SAL05628,2024-09-18,ST07,CUS0089,PRD008,1,256.4,130.68,125.72,Retail Store
SAL05629,2023-01-23,ST05,CUS0339,PRD041,1,188.22,103.96,84.26,Marketplace
SAL05630,2025-03-16,ST11,CUS0311,PRD056,2,826.1,539.24,286.86,Retail Store
SAL05631,2025-06-23,ST12,CUS0397,PRD062,1,400.07,264.27,135.8,Marketplace
SAL05632,2024-07-07,ST04,CUS0068,PRD020,1,357.7,203.54,154.16,Marketplace
SAL05633,2024-08-11,ST07,CUS0261,PRD004,2,1083.9,583.56,500.34,Online
SAL05634,2023-04-19,ST12,CUS0387,PRD039,1,368.6,230.26,138.34,Mobile App
SAL05635,2024-06-13,ST08,CUS0299,PRD030,1,255.97,143.34,112.63,Retail Store
SAL05636,2024-05-26,ST10,CUS0089,PRD071,2,116.72,81.9,34.82,Online
SAL05637,2022-08-06,ST06,CUS0369,PRD066,2,911.89,586.74,325.15,Retail Store
SAL05638,2023-05-15,ST05,CUS0286,PRD018,2,1095.3,624.7,470.6,Retail Store
SAL05639,2025-06-11,ST09,CUS0231,PRD020,1,357.7,203.54,154.16,Marketplace
SAL05640,2024-01-06,ST07,CUS0338,PRD017,2,144.25,82.68,61.57,Mobile App
SAL05641,2024-11-08,ST02,CUS0152,PRD080,3,1049.55,525.24,524.31,Marketplace
SAL05642,2024-08-31,ST05,CUS0029,PRD077,2,686.6,365.46,321.14,Marketplace
SAL05643,2025-02-05,ST06,CUS0042,PRD042,4,2480.0,1357.64,1122.36,Marketplace
SAL05644,2023-12-05,ST07,CUS0086,PRD078,1,353.29,173.39,179.9,Marketplace
SAL05645,2024-03-12,ST03,CUS0277,PRD003,2,1037.12,563.5,473.62,Online
SAL05646,2025-05-14,ST01,CUS0350,PRD002,1,206.22,140.36,65.86,Online
SAL05647,2024-09-05,ST09,CUS0242,PRD077,1,343.3,182.73,160.57,Marketplace
SAL05648,2024-04-25,ST09,CUS0375,PRD062,2,800.14,528.54,271.6,Mobile App
SAL05649,2023-08-17,ST11,CUS0161,PRD055,1,366.59,188.75,177.84,Online
SAL05650,2022-08-01,ST03,CUS0313,PRD001,3,1112.43,665.13,447.3,Online
SAL05651,2023-03-17,ST03,CUS0062,PRD022,1,161.91,89.78,72.13,Retail Store
SAL05652,2024-10-23,ST01,CUS0320,PRD052,2,660.12,348.64,311.48,Mobile App
SAL05653,2022-09-13,ST03,CUS0112,PRD069,3,1156.71,667.92,488.79,Online
SAL05654,2022-07-11,ST03,CUS0254,PRD022,3,539.7,269.34,270.36,Mobile App
SAL05655,2023-09-16,ST05,CUS0071,PRD034,1,156.51,103.0,53.51,Marketplace
SAL05656,2025-06-13,ST04,CUS0265,PRD008,2,512.8,261.36,251.44,Retail Store
SAL05657,2024-05-31,ST09,CUS0388,PRD033,1,320.7,236.17,84.53,Mobile App
SAL05658,2025-06-27,ST03,CUS0343,PRD070,1,468.13,300.33,167.8,Online
SAL05659,2024-11-17,ST03,CUS0065,PRD025,3,614.9,432.93,181.97,Mobile App
SAL05660,2022-07-14,ST07,CUS0387,PRD055,1,366.59,188.75,177.84,Marketplace
SAL05661,2024-08-15,ST09,CUS0024,PRD011,3,1252.14,586.41,665.73,Marketplace
SAL05662,2024-04-12,ST02,CUS0076,PRD026,1,528.35,240.24,288.11,Online
SAL05663,2022-07-04,ST12,CUS0386,PRD058,2,903.08,601.16,301.92,Online
SAL05664,2023-07-28,ST05,CUS0399,PRD011,4,1669.52,781.88,887.64,Mobile App
SAL05665,2025-05-21,ST08,CUS0132,PRD039,1,368.6,230.26,138.34,Online
SAL05666,2025-03-15,ST12,CUS0015,PRD062,1,400.07,264.27,135.8,Mobile App
SAL05667,2023-10-26,ST11,CUS0313,PRD067,2,890.71,527.2,363.51,Marketplace
SAL05668,2024-01-22,ST05,CUS0396,PRD034,1,156.51,103.0,53.51,Online
SAL05669,2024-08-25,ST11,CUS0315,PRD044,1,522.9,340.71,182.19,Online
SAL05670,2024-11-03,ST08,CUS0112,PRD005,1,72.21,41.75,30.46,Mobile App
SAL05671,2022-09-11,ST04,CUS0269,PRD007,1,365.63,217.75,147.88,Mobile App
SAL05672,2024-03-03,ST12,CUS0075,PRD029,4,798.64,471.32,327.32,Retail Store
SAL05673,2024-06-05,ST01,CUS0338,PRD052,3,891.16,522.96,368.2,Online
SAL05674,2025-04-20,ST08,CUS0328,PRD001,1,352.27,221.71,130.56,Online
SAL05675,2025-06-10,ST11,CUS0383,PRD056,1,392.4,269.62,122.78,Marketplace
SAL05676,2025-07-20,ST06,CUS0260,PRD047,2,632.0,429.06,202.94,Marketplace
SAL05677,2023-07-15,ST12,CUS0048,PRD063,1,314.78,149.01,165.77,Marketplace
SAL05678,2024-05-23,ST04,CUS0116,PRD030,3,767.91,430.02,337.89,Online
SAL05679,2025-03-31,ST08,CUS0109,PRD065,3,704.7,471.63,233.07,Retail Store
SAL05680,2025-06-15,ST09,CUS0127,PRD024,2,142.52,82.02,60.5,Mobile App
SAL05681,2023-08-09,ST07,CUS0168,PRD008,1,256.4,130.68,125.72,Mobile App
SAL05682,2024-11-02,ST02,CUS0195,PRD059,1,279.56,162.6,116.96,Online
SAL05683,2023-04-01,ST09,CUS0379,PRD060,2,724.28,330.36,393.92,Online
SAL05684,2023-08-25,ST10,CUS0237,PRD006,2,296.91,146.84,150.07,Online
SAL05685,2024-03-30,ST01,CUS0277,PRD036,4,1196.28,796.12,400.16,Mobile App
SAL05686,2022-12-12,ST05,CUS0082,PRD021,5,825.7,588.6,237.1,Marketplace
SAL05687,2023-08-11,ST02,CUS0219,PRD042,1,589.0,339.41,249.59,Online
SAL05688,2022-09-18,ST01,CUS0078,PRD058,1,451.54,300.58,150.96,Marketplace
SAL05689,2022-09-05,ST02,CUS0033,PRD003,2,985.26,563.5,421.76,Mobile App
SAL05690,2025-06-20,ST12,CUS0171,PRD043,1,262.19,163.5,98.69,Marketplace
SAL05691,2024-04-02,ST08,CUS0151,PRD059,3,931.86,487.8,444.06,Mobile App
SAL05692,2024-04-11,ST07,CUS0023,PRD015,2,1015.82,540.58,475.24,Mobile App
SAL05693,2024-06-25,ST12,CUS0134,PRD039,3,995.22,690.78,304.44,Retail Store
SAL05694,2023-09-21,ST12,CUS0064,PRD063,2,598.08,298.02,300.06,Marketplace
SAL05695,2023-10-26,ST12,CUS0266,PRD063,1,283.3,149.01,134.29,Retail Store
SAL05696,2025-04-25,ST03,CUS0010,PRD031,4,1793.6,907.64,885.96,Online
SAL05697,2025-01-14,ST11,CUS0346,PRD029,1,199.66,117.83,81.83,Retail Store
SAL05698,2022-09-05,ST04,CUS0110,PRD072,3,1654.56,857.4,797.16,Retail Store
SAL05699,2024-03-07,ST02,CUS0246,PRD069,1,385.57,222.64,162.93,Mobile App
SAL05700,2024-09-15,ST10,CUS0101,PRD003,1,518.56,281.75,236.81,Retail Store
SAL05701,2023-12-20,ST01,CUS0261,PRD030,1,255.97,143.34,112.63,Mobile App
SAL05702,2022-08-19,ST02,CUS0106,PRD035,2,960.48,541.94,418.54,Marketplace
SAL05703,2024-08-22,ST03,CUS0056,PRD029,1,179.69,117.83,61.86,Mobile App
SAL05704,2023-03-30,ST05,CUS0397,PRD004,1,487.76,291.78,195.98,Retail Store
SAL05705,2023-12-22,ST08,CUS0278,PRD079,1,106.03,64.58,41.45,Marketplace
SAL05706,2023-04-27,ST12,CUS0071,PRD030,3,767.91,430.02,337.89,Online
SAL05707,2024-08-04,ST01,CUS0269,PRD062,1,360.06,264.27,95.79,Online
SAL05708,2024-09-14,ST12,CUS0121,PRD067,2,890.71,527.2,363.51,Marketplace
SAL05709,2025-06-11,ST02,CUS0296,PRD027,1,578.41,291.25,287.16,Marketplace
SAL05710,2024-07-15,ST05,CUS0016,PRD023,1,156.0,86.92,69.08,Marketplace
SAL05711,2024-04-03,ST04,CUS0213,PRD072,1,551.52,285.8,265.72,Online
SAL05712,2023-05-22,ST07,CUS0033,PRD070,1,421.32,300.33,120.99,Retail Store
SAL05713,2024-04-15,ST05,CUS0387,PRD074,1,150.84,99.72,51.12,Marketplace
SAL05714,2025-06-19,ST08,CUS0021,PRD062,1,380.07,264.27,115.8,Marketplace
SAL05715,2023-08-27,ST05,CUS0140,PRD033,2,641.39,472.34,169.05,Retail Store
SAL05716,2023-03-11,ST06,CUS0280,PRD016,2,675.6,356.98,318.62,Retail Store
SAL05717,2022-07-04,ST05,CUS0176,PRD014,1,195.85,104.45,91.4,Marketplace
SAL05718,2024-01-04,ST06,CUS0166,PRD023,1,156.0,86.92,69.08,Online
SAL05719,2023-08-29,ST02,CUS0378,PRD002,2,371.2,280.72,90.48,Retail Store
SAL05720,2025-02-09,ST03,CUS0254,PRD068,2,678.8,482.86,195.94,Mobile App
SAL05721,2022-12-24,ST01,CUS0115,PRD023,1,164.21,86.92,77.29,Online
SAL05722,2023-07-05,ST08,CUS0093,PRD061,1,351.38,170.32,181.06,Online
SAL05723,2023-03-03,ST06,CUS0352,PRD015,1,534.64,270.29,264.35,Marketplace
SAL05724,2024-06-12,ST02,CUS0124,PRD019,1,278.94,189.52,89.42,Mobile App
SAL05725,2025-01-18,ST02,CUS0148,PRD029,1,189.68,117.83,71.85,Marketplace
SAL05726,2022-09-21,ST03,CUS0278,PRD030,1,243.17,143.34,99.83,Marketplace
SAL05727,2023-02-25,ST06,CUS0388,PRD057,1,397.71,203.53,194.18,Marketplace
SAL05728,2023-09-01,ST08,CUS0239,PRD017,1,76.13,41.34,34.79,Retail Store
SAL05729,2023-04-14,ST12,CUS0261,PRD074,4,670.4,398.88,271.52,Marketplace
SAL05730,2025-04-08,ST04,CUS0181,PRD004,1,541.95,291.78,250.17,Marketplace
SAL05731,2023-01-23,ST08,CUS0327,PRD043,3,827.97,490.5,337.47,Retail Store
SAL05732,2022-10-28,ST09,CUS0196,PRD079,1,106.03,64.58,41.45,Mobile App
SAL05733,2024-02-25,ST11,CUS0224,PRD069,1,347.01,222.64,124.37,Marketplace
SAL05734,2023-01-23,ST12,CUS0219,PRD013,2,1144.36,616.4,527.96,Marketplace
SAL05735,2022-09-07,ST03,CUS0315,PRD021,4,594.5,470.88,123.62,Retail Store
SAL05736,2023-01-27,ST04,CUS0246,PRD064,3,484.81,309.6,175.21,Retail Store
SAL05737,2025-06-01,ST10,CUS0124,PRD042,1,620.0,339.41,280.59,Retail Store
SAL05738,2024-08-29,ST01,CUS0007,PRD011,1,417.38,195.47,221.91,Marketplace
SAL05739,2022-12-16,ST04,CUS0277,PRD061,3,1054.14,510.96,543.18,Online
SAL05740,2024-12-05,ST08,CUS0105,PRD053,2,1073.74,562.6,511.14,Retail Store
SAL05741,2023-06-12,ST08,CUS0277,PRD076,3,396.6,243.6,153.0,Online
SAL05742,2025-02-18,ST06,CUS0096,PRD024,4,316.72,164.04,152.68,Retail Store
SAL05743,2022-09-17,ST04,CUS0102,PRD080,1,314.87,175.08,139.79,Online
SAL05744,2024-10-08,ST05,CUS0244,PRD021,1,165.14,117.72,47.42,Mobile App
SAL05745,2022-08-05,ST12,CUS0338,PRD034,1,156.51,103.0,53.51,Mobile App
SAL05746,2022-08-14,ST03,CUS0247,PRD037,3,553.56,284.52,269.04,Marketplace
SAL05747,2025-04-03,ST05,CUS0090,PRD077,2,686.6,365.46,321.14,Marketplace
SAL05748,2023-10-18,ST08,CUS0039,PRD059,3,931.86,487.8,444.06,Retail Store
SAL05749,2024-08-01,ST09,CUS0201,PRD053,2,1020.05,562.6,457.45,Marketplace
SAL05750,2023-08-06,ST10,CUS0395,PRD073,2,1057.92,620.8,437.12,Online
SAL05751,2022-07-07,ST07,CUS0349,PRD001,3,1112.43,665.13,447.3,Online
SAL05752,2024-11-07,ST10,CUS0220,PRD061,1,316.24,170.32,145.92,Online
SAL05753,2024-03-01,ST07,CUS0232,PRD025,1,227.74,144.31,83.43,Online
SAL05754,2025-04-24,ST10,CUS0369,PRD041,3,594.39,311.88,282.51,Retail Store
SAL05755,2024-01-26,ST09,CUS0253,PRD070,1,444.72,300.33,144.39,Retail Store
SAL05756,2023-03-31,ST03,CUS0036,PRD077,3,926.91,548.19,378.72,Retail Store
SAL05757,2022-12-18,ST03,CUS0043,PRD023,1,156.0,86.92,69.08,Online
SAL05758,2025-04-12,ST09,CUS0366,PRD041,2,396.26,207.92,188.34,Mobile App
SAL05759,2022-10-08,ST02,CUS0245,PRD056,3,1239.15,808.86,430.29,Online
SAL05760,2023-09-16,ST03,CUS0088,PRD050,1,127.11,76.64,50.47,Retail Store
SAL05761,2023-03-05,ST04,CUS0103,PRD078,1,353.29,173.39,179.9,Marketplace
SAL05762,2022-12-01,ST09,CUS0396,PRD017,1,80.14,41.34,38.8,Mobile App
SAL05763,2025-05-10,ST11,CUS0250,PRD030,1,255.97,143.34,112.63,Online
SAL05764,2023-05-14,ST01,CUS0131,PRD065,3,783.0,471.63,311.37,Online
SAL05765,2024-08-02,ST03,CUS0357,PRD046,2,980.22,527.82,452.4,Retail Store
SAL05766,2025-06-13,ST03,CUS0126,PRD034,3,469.53,309.0,160.53,Retail Store
SAL05767,2025-05-05,ST09,CUS0081,PRD070,4,1872.52,1201.32,671.2,Online
SAL05768,2023-11-27,ST10,CUS0247,PRD038,2,506.73,379.5,127.23,Marketplace
SAL05769,2024-10-27,ST08,CUS0339,PRD056,1,371.75,269.62,102.13,Online
SAL05770,2025-07-26,ST02,CUS0099,PRD004,1,514.85,291.78,223.07,Online
SAL05771,2024-03-18,ST05,CUS0382,PRD077,1,343.3,182.73,160.57,Online
SAL05772,2025-07-10,ST02,CUS0180,PRD061,2,702.76,340.64,362.12,Marketplace
SAL05773,2023-11-20,ST09,CUS0350,PRD054,1,63.7,33.69,30.01,Retail Store
SAL05774,2025-02-20,ST11,CUS0378,PRD039,1,368.6,230.26,138.34,Marketplace
SAL05775,2025-02-24,ST10,CUS0289,PRD064,1,170.11,103.2,66.91,Mobile App
SAL05776,2022-10-07,ST10,CUS0035,PRD042,1,620.0,339.41,280.59,Retail Store
SAL05777,2024-04-29,ST05,CUS0370,PRD066,1,431.95,293.37,138.58,Marketplace
SAL05778,2024-04-29,ST09,CUS0128,PRD045,1,357.11,178.36,178.75,Retail Store
SAL05779,2023-10-20,ST01,CUS0135,PRD073,1,528.96,310.4,218.56,Marketplace
SAL05780,2023-01-05,ST11,CUS0149,PRD070,1,468.13,300.33,167.8,Online
SAL05781,2022-08-22,ST02,CUS0028,PRD033,3,1068.99,708.51,360.48,Marketplace
SAL05782,2025-06-08,ST09,CUS0090,PRD047,1,333.55,214.53,119.02,Marketplace
SAL05783,2023-03-28,ST06,CUS0072,PRD022,1,170.91,89.78,81.13,Mobile App
SAL05784,2024-07-25,ST03,CUS0066,PRD007,1,384.87,217.75,167.12,Online
SAL05785,2025-03-20,ST03,CUS0339,PRD016,2,675.6,356.98,318.62,Marketplace
SAL05786,2024-12-14,ST05,CUS0191,PRD022,2,359.8,179.56,180.24,Mobile App
SAL05787,2025-03-23,ST01,CUS0321,PRD041,3,594.39,311.88,282.51,Retail Store
SAL05788,2022-12-07,ST06,CUS0296,PRD058,2,812.77,601.16,211.61,Online
SAL05789,2023-08-21,ST07,CUS0129,PRD043,1,262.19,163.5,98.69,Marketplace
SAL05790,2024-02-07,ST10,CUS0122,PRD020,3,1019.44,610.62,408.82,Marketplace
SAL05791,2022-09-26,ST04,CUS0267,PRD063,1,283.3,149.01,134.29,Retail Store
SAL05792,2023-12-03,ST02,CUS0164,PRD057,3,1259.41,610.59,648.82,Online
SAL05793,2023-12-04,ST07,CUS0003,PRD070,2,889.45,600.66,288.79,Online
SAL05794,2022-07-28,ST08,CUS0387,PRD052,4,1188.22,697.28,490.94,Mobile App
SAL05795,2024-05-01,ST12,CUS0312,PRD002,1,185.6,140.36,45.24,Retail Store
SAL05796,2022-07-02,ST08,CUS0107,PRD059,1,310.62,162.6,148.02,Online
SAL05797,2023-11-13,ST02,CUS0371,PRD080,3,997.07,525.24,471.83,Marketplace
SAL05798,2022-10-11,ST01,CUS0273,PRD036,1,332.3,199.03,133.27,Marketplace
SAL05799,2023-07-23,ST11,CUS0147,PRD009,3,119.22,61.26,57.96,Mobile App
SAL05800,2022-12-30,ST11,CUS0013,PRD033,1,356.33,236.17,120.16,Retail Store
SAL05801,2024-09-11,ST07,CUS0186,PRD079,1,106.03,64.58,41.45,Retail Store
SAL05802,2024-03-12,ST09,CUS0383,PRD042,2,1240.0,678.82,561.18,Mobile App
SAL05803,2023-01-20,ST05,CUS0328,PRD010,2,601.29,380.12,221.17,Online
SAL05804,2023-10-29,ST04,CUS0276,PRD017,1,80.14,41.34,38.8,Marketplace
SAL05805,2025-06-13,ST03,CUS0364,PRD005,2,144.42,83.5,60.92,Online
SAL05806,2022-10-20,ST02,CUS0033,PRD046,1,465.6,263.91,201.69,Mobile App
SAL05807,2024-12-12,ST07,CUS0325,PRD066,1,479.94,293.37,186.57,Marketplace
SAL05808,2024-09-24,ST09,CUS0125,PRD080,2,699.7,350.16,349.54,Mobile App
SAL05809,2023-01-09,ST07,CUS0130,PRD069,2,771.14,445.28,325.86,Marketplace
SAL05810,2023-08-01,ST05,CUS0339,PRD001,4,1483.24,886.84,596.4,Mobile App
SAL05811,2025-04-21,ST06,CUS0250,PRD014,2,352.53,208.9,143.63,Online
SAL05812,2024-12-01,ST03,CUS0225,PRD011,1,396.51,195.47,201.04,Retail Store
SAL05813,2024-02-09,ST11,CUS0278,PRD005,1,72.21,41.75,30.46,Mobile App
SAL05814,2025-04-20,ST11,CUS0103,PRD051,3,416.46,217.11,199.35,Mobile App
SAL05815,2024-09-21,ST10,CUS0350,PRD058,1,428.96,300.58,128.38,Retail Store
SAL05816,2024-08-11,ST06,CUS0216,PRD023,4,656.84,347.68,309.16,Marketplace
SAL05817,2024-03-28,ST09,CUS0172,PRD047,3,1053.33,643.59,409.74,Online
SAL05818,2023-11-01,ST10,CUS0303,PRD061,4,1335.24,681.28,653.96,Retail Store
SAL05819,2024-11-17,ST07,CUS0365,PRD055,2,659.86,377.5,282.36,Retail Store
SAL05820,2024-01-18,ST06,CUS0208,PRD080,1,349.85,175.08,174.77,Retail Store
SAL05821,2023-02-24,ST09,CUS0282,PRD074,1,150.84,99.72,51.12,Marketplace
SAL05822,2023-08-23,ST05,CUS0330,PRD037,1,184.52,94.84,89.68,Online
SAL05823,2024-03-11,ST08,CUS0043,PRD024,1,75.22,41.01,34.21,Mobile App
SAL05824,2022-09-30,ST08,CUS0163,PRD038,3,800.1,569.25,230.85,Marketplace
SAL05825,2024-04-23,ST07,CUS0012,PRD060,2,724.28,330.36,393.92,Mobile App
SAL05826,2023-06-18,ST12,CUS0283,PRD044,1,495.38,340.71,154.67,Online
SAL05827,2024-10-22,ST06,CUS0277,PRD040,1,143.47,93.59,49.88,Mobile App
SAL05828,2024-08-16,ST08,CUS0086,PRD030,1,255.97,143.34,112.63,Mobile App
SAL05829,2023-12-12,ST12,CUS0037,PRD011,4,1669.52,781.88,887.64,Marketplace
SAL05830,2024-08-31,ST08,CUS0077,PRD047,3,1000.66,643.59,357.07,Retail Store
SAL05831,2022-10-15,ST06,CUS0329,PRD011,1,396.51,195.47,201.04,Online
SAL05832,2024-03-18,ST10,CUS0206,PRD050,4,457.6,306.56,151.04,Retail Store
SAL05833,2022-08-20,ST06,CUS0030,PRD070,1,468.13,300.33,167.8,Marketplace
SAL05834,2022-08-26,ST01,CUS0077,PRD076,2,264.4,162.4,102.0,Mobile App
SAL05835,2025-07-22,ST04,CUS0204,PRD033,1,356.33,236.17,120.16,Marketplace
SAL05836,2023-07-18,ST07,CUS0366,PRD036,2,664.6,398.06,266.54,Marketplace
SAL05837,2023-03-24,ST05,CUS0325,PRD052,1,297.05,174.32,122.73,Online
SAL05838,2024-02-23,ST08,CUS0123,PRD021,1,165.14,117.72,47.42,Mobile App
SAL05839,2024-12-27,ST09,CUS0108,PRD069,2,694.03,445.28,248.75,Online
SAL05840,2024-05-10,ST11,CUS0117,PRD029,3,598.98,353.49,245.49,Mobile App
SAL05841,2023-03-01,ST11,CUS0128,PRD075,1,506.71,256.45,250.26,Mobile App
SAL05842,2024-03-08,ST06,CUS0262,PRD037,3,524.42,284.52,239.9,Online
SAL05843,2023-08-27,ST03,CUS0323,PRD065,3,783.0,471.63,311.37,Marketplace
SAL05844,2025-05-27,ST06,CUS0223,PRD055,3,1099.77,566.25,533.52,Mobile App
SAL05845,2024-01-24,ST08,CUS0313,PRD064,3,510.33,309.6,200.73,Retail Store
SAL05846,2024-04-16,ST01,CUS0011,PRD073,1,528.96,310.4,218.56,Retail Store
SAL05847,2025-04-08,ST01,CUS0021,PRD001,1,370.81,221.71,149.1,Online
SAL05848,2024-12-21,ST07,CUS0205,PRD054,2,127.4,67.38,60.02,Marketplace
SAL05849,2023-05-07,ST09,CUS0007,PRD072,2,992.74,571.6,421.14,Marketplace
SAL05850,2025-06-17,ST12,CUS0158,PRD033,3,962.09,708.51,253.58,Retail Store
SAL05851,2023-06-16,ST08,CUS0074,PRD051,1,131.88,72.37,59.51,Marketplace
SAL05852,2022-08-30,ST03,CUS0002,PRD045,1,321.4,178.36,143.04,Mobile App
SAL05853,2022-10-17,ST01,CUS0182,PRD021,1,165.14,117.72,47.42,Online
SAL05854,2024-01-30,ST02,CUS0294,PRD018,1,547.65,312.35,235.3,Online
SAL05855,2023-01-06,ST08,CUS0104,PRD048,1,219.08,148.36,70.72,Online
SAL05856,2024-10-26,ST10,CUS0038,PRD062,3,1140.2,792.81,347.39,Marketplace
SAL05857,2022-12-30,ST07,CUS0060,PRD051,2,277.64,144.74,132.9,Mobile App
SAL05858,2022-08-30,ST04,CUS0311,PRD018,1,547.65,312.35,235.3,Retail Store
SAL05859,2024-03-12,ST01,CUS0343,PRD015,1,507.91,270.29,237.62,Retail Store
SAL05860,2024-05-23,ST08,CUS0225,PRD015,2,1069.28,540.58,528.7,Mobile App
SAL05861,2024-02-25,ST09,CUS0011,PRD051,2,277.64,144.74,132.9,Mobile App
SAL05862,2024-06-04,ST05,CUS0193,PRD072,2,992.74,571.6,421.14,Retail Store
SAL05863,2025-01-30,ST06,CUS0381,PRD063,2,629.56,298.02,331.54,Marketplace
SAL05864,2023-03-15,ST04,CUS0389,PRD071,1,58.36,40.95,17.41,Online
SAL05865,2024-07-15,ST02,CUS0114,PRD027,1,578.41,291.25,287.16,Online
SAL05866,2022-12-23,ST08,CUS0307,PRD035,1,456.23,270.97,185.26,Online
SAL05867,2023-04-10,ST05,CUS0251,PRD014,4,783.4,417.8,365.6,Retail Store
SAL05868,2023-05-09,ST06,CUS0232,PRD029,1,199.66,117.83,81.83,Mobile App
SAL05869,2023-12-31,ST05,CUS0195,PRD014,1,176.26,104.45,71.81,Marketplace
SAL05870,2023-05-10,ST11,CUS0271,PRD050,3,343.2,229.92,113.28,Online
SAL05871,2023-02-24,ST12,CUS0313,PRD025,3,649.06,432.93,216.13,Online
SAL05872,2022-11-26,ST09,CUS0228,PRD017,4,304.53,165.36,139.17,Retail Store
SAL05873,2024-10-21,ST05,CUS0270,PRD021,2,297.25,235.44,61.81,Marketplace
SAL05874,2024-02-12,ST06,CUS0185,PRD028,1,213.33,140.6,72.73,Retail Store
SAL05875,2022-11-01,ST02,CUS0073,PRD009,1,35.77,20.42,15.35,Retail Store
SAL05876,2023-10-18,ST10,CUS0347,PRD034,1,140.86,103.0,37.86,Mobile App
SAL05877,2025-06-08,ST04,CUS0165,PRD017,1,80.14,41.34,38.8,Mobile App
SAL05878,2023-08-10,ST02,CUS0004,PRD031,1,403.56,226.91,176.65,Marketplace
SAL05879,2024-05-09,ST10,CUS0140,PRD047,1,333.55,214.53,119.02,Retail Store
SAL05880,2023-02-07,ST05,CUS0320,PRD044,1,550.42,340.71,209.71,Mobile App
SAL05881,2022-07-12,ST02,CUS0291,PRD076,2,264.4,162.4,102.0,Mobile App
SAL05882,2022-11-20,ST02,CUS0395,PRD019,1,278.94,189.52,89.42,Online
SAL05883,2024-06-06,ST04,CUS0328,PRD005,1,64.99,41.75,23.24,Marketplace
SAL05884,2022-07-15,ST08,CUS0324,PRD001,3,1112.43,665.13,447.3,Online
SAL05885,2022-08-10,ST05,CUS0012,PRD055,1,366.59,188.75,177.84,Retail Store
SAL05886,2023-02-20,ST01,CUS0051,PRD019,1,278.94,189.52,89.42,Mobile App
SAL05887,2022-08-27,ST08,CUS0278,PRD053,2,966.37,562.6,403.77,Marketplace
SAL05888,2025-05-21,ST02,CUS0074,PRD046,1,490.11,263.91,226.2,Retail Store
SAL05889,2024-08-22,ST09,CUS0146,PRD068,3,967.29,724.29,243.0,Mobile App
SAL05890,2023-03-04,ST06,CUS0090,PRD039,1,368.6,230.26,138.34,Marketplace
SAL05891,2022-11-25,ST03,CUS0197,PRD067,1,494.84,263.6,231.24,Online
SAL05892,2024-09-15,ST12,CUS0029,PRD080,4,1399.4,700.32,699.08,Mobile App
SAL05893,2024-01-12,ST08,CUS0049,PRD037,1,194.23,94.84,99.39,Retail Store
SAL05894,2025-02-12,ST08,CUS0196,PRD045,1,357.11,178.36,178.75,Online
SAL05895,2022-11-21,ST12,CUS0111,PRD080,1,332.36,175.08,157.28,Retail Store
SAL05896,2025-03-13,ST07,CUS0005,PRD060,2,724.28,330.36,393.92,Marketplace
SAL05897,2023-04-01,ST04,CUS0367,PRD019,1,278.94,189.52,89.42,Online
SAL05898,2024-09-16,ST10,CUS0324,PRD072,1,551.52,285.8,265.72,Retail Store
SAL05899,2022-08-16,ST11,CUS0187,PRD060,1,362.14,165.18,196.96,Retail Store
SAL05900,2024-11-21,ST08,CUS0238,PRD039,1,368.6,230.26,138.34,Retail Store
SAL05901,2022-11-25,ST04,CUS0267,PRD040,2,302.04,187.18,114.86,Marketplace
SAL05902,2022-10-14,ST08,CUS0067,PRD051,3,416.46,217.11,199.35,Online
SAL05903,2023-07-13,ST04,CUS0176,PRD047,2,632.0,429.06,202.94,Online
SAL05904,2022-08-22,ST05,CUS0374,PRD059,1,310.62,162.6,148.02,Online
SAL05905,2023-04-12,ST07,CUS0357,PRD020,1,357.7,203.54,154.16,Online
SAL05906,2023-02-07,ST07,CUS0030,PRD044,1,550.42,340.71,209.71,Mobile App
SAL05907,2024-08-07,ST08,CUS0108,PRD068,1,339.4,241.43,97.97,Online
SAL05908,2025-01-14,ST02,CUS0002,PRD030,3,767.91,430.02,337.89,Marketplace
SAL05909,2023-07-23,ST08,CUS0218,PRD033,1,356.33,236.17,120.16,Retail Store
SAL05910,2024-12-09,ST01,CUS0272,PRD032,1,574.49,322.6,251.89,Mobile App
SAL05911,2023-03-17,ST09,CUS0044,PRD038,1,266.7,189.75,76.95,Online
SAL05912,2025-01-18,ST10,CUS0109,PRD008,1,270.65,130.68,139.97,Retail Store
SAL05913,2023-11-27,ST12,CUS0062,PRD006,1,156.27,73.42,82.85,Mobile App
SAL05914,2023-08-05,ST04,CUS0111,PRD035,3,1440.72,812.91,627.81,Mobile App
SAL05915,2025-04-12,ST09,CUS0299,PRD006,1,156.27,73.42,82.85,Online
SAL05916,2022-10-17,ST11,CUS0022,PRD033,1,320.7,236.17,84.53,Marketplace
SAL05917,2024-02-25,ST12,CUS0029,PRD003,2,933.41,563.5,369.91,Marketplace
SAL05918,2022-11-26,ST05,CUS0258,PRD052,3,891.16,522.96,368.2,Marketplace
SAL05919,2022-09-18,ST09,CUS0168,PRD048,3,657.24,445.08,212.16,Online
SAL05920,2022-07-26,ST03,CUS0180,PRD021,1,156.88,117.72,39.16,Marketplace
SAL05921,2022-12-30,ST06,CUS0268,PRD050,1,120.75,76.64,44.11,Mobile App
SAL05922,2024-05-04,ST07,CUS0355,PRD047,1,351.11,214.53,136.58,Mobile App
SAL05923,2023-10-12,ST03,CUS0298,PRD019,1,264.99,189.52,75.47,Marketplace
SAL05924,2025-03-21,ST02,CUS0012,PRD044,1,495.38,340.71,154.67,Online
SAL05925,2024-08-11,ST03,CUS0185,PRD019,1,264.99,189.52,75.47,Marketplace
SAL05926,2024-10-13,ST05,CUS0313,PRD040,3,453.06,280.77,172.29,Online
SAL05927,2023-12-11,ST07,CUS0047,PRD023,1,156.0,86.92,69.08,Retail Store
SAL05928,2023-08-30,ST03,CUS0182,PRD079,2,212.06,129.16,82.9,Retail Store
SAL05929,2024-05-15,ST09,CUS0312,PRD036,3,947.06,597.09,349.97,Retail Store
SAL05930,2025-02-24,ST12,CUS0093,PRD037,2,388.46,189.68,198.78,Online
SAL05931,2022-12-27,ST08,CUS0234,PRD041,1,188.22,103.96,84.26,Online
SAL05932,2024-10-21,ST05,CUS0091,PRD016,1,337.8,178.49,159.31,Mobile App
SAL05933,2024-02-18,ST09,CUS0126,PRD076,1,125.59,81.2,44.39,Online
SAL05934,2022-11-12,ST04,CUS0076,PRD049,1,459.8,259.65,200.15,Marketplace
SAL05935,2024-12-01,ST06,CUS0328,PRD044,1,550.42,340.71,209.71,Online
SAL05936,2023-04-23,ST11,CUS0103,PRD060,2,724.28,330.36,393.92,Marketplace
SAL05937,2025-02-03,ST07,CUS0333,PRD060,2,724.28,330.36,393.92,Retail Store
SAL05938,2024-10-13,ST09,CUS0164,PRD056,1,413.05,269.62,143.43,Online
SAL05939,2025-01-10,ST06,CUS0221,PRD059,1,310.62,162.6,148.02,Marketplace
SAL05940,2022-09-14,ST02,CUS0301,PRD080,3,1049.55,525.24,524.31,Marketplace
SAL05941,2023-09-09,ST01,CUS0326,PRD029,2,399.32,235.66,163.66,Marketplace
SAL05942,2022-12-30,ST09,CUS0165,PRD066,1,479.94,293.37,186.57,Mobile App
SAL05943,2024-03-30,ST03,CUS0327,PRD040,3,407.75,280.77,126.98,Online
SAL05944,2024-12-19,ST08,CUS0273,PRD053,1,510.03,281.3,228.73,Retail Store
SAL05945,2023-02-14,ST08,CUS0011,PRD080,2,699.7,350.16,349.54,Retail Store
SAL05946,2022-11-11,ST02,CUS0203,PRD041,1,198.13,103.96,94.17,Mobile App
SAL05947,2023-12-31,ST02,CUS0187,PRD046,1,490.11,263.91,226.2,Marketplace
SAL05948,2024-01-16,ST11,CUS0305,PRD039,2,663.48,460.52,202.96,Retail Store
SAL05949,2023-08-18,ST07,CUS0267,PRD072,1,496.37,285.8,210.57,Marketplace
SAL05950,2024-03-19,ST06,CUS0045,PRD014,1,176.26,104.45,71.81,Retail Store
SAL05951,2023-08-20,ST02,CUS0250,PRD009,2,71.53,40.84,30.69,Marketplace
SAL05952,2025-02-02,ST08,CUS0304,PRD017,1,80.14,41.34,38.8,Retail Store
SAL05953,2025-02-02,ST09,CUS0213,PRD024,1,79.18,41.01,38.17,Retail Store
SAL05954,2025-04-17,ST07,CUS0389,PRD046,2,980.22,527.82,452.4,Mobile App
SAL05955,2023-12-01,ST07,CUS0031,PRD024,2,158.36,82.02,76.34,Mobile App
SAL05956,2024-10-26,ST02,CUS0399,PRD009,1,37.75,20.42,17.33,Marketplace
SAL05957,2025-03-30,ST01,CUS0313,PRD054,1,63.7,33.69,30.01,Mobile App
SAL05958,2023-09-05,ST03,CUS0171,PRD032,2,1212.81,645.2,567.61,Online
SAL05959,2024-08-27,ST05,CUS0310,PRD009,1,37.75,20.42,17.33,Retail Store
SAL05960,2025-05-13,ST01,CUS0376,PRD075,1,506.71,256.45,250.26,Online
SAL05961,2022-10-03,ST12,CUS0255,PRD023,2,328.42,173.84,154.58,Retail Store
SAL05962,2024-01-28,ST03,CUS0127,PRD061,1,351.38,170.32,181.06,Marketplace
SAL05963,2023-09-17,ST03,CUS0320,PRD047,1,351.11,214.53,136.58,Online
SAL05964,2023-08-12,ST04,CUS0019,PRD031,1,448.4,226.91,221.49,Retail Store
SAL05965,2023-06-07,ST12,CUS0210,PRD042,3,1860.0,1018.23,841.77,Online
SAL05966,2023-05-20,ST03,CUS0227,PRD011,1,417.38,195.47,221.91,Retail Store
SAL05967,2024-11-06,ST04,CUS0203,PRD036,1,332.3,199.03,133.27,Retail Store
SAL05968,2023-04-13,ST07,CUS0355,PRD068,2,644.86,482.86,162.0,Retail Store
SAL05969,2024-07-08,ST09,CUS0290,PRD009,1,37.75,20.42,17.33,Online
SAL05970,2023-11-09,ST11,CUS0011,PRD045,3,1071.33,535.08,536.25,Mobile App
SAL05971,2023-10-29,ST10,CUS0186,PRD038,2,533.4,379.5,153.9,Retail Store
SAL05972,2025-07-08,ST04,CUS0055,PRD071,1,58.36,40.95,17.41,Online
SAL05973,2024-08-10,ST08,CUS0150,PRD046,1,490.11,263.91,226.2,Marketplace
SAL05974,2024-05-11,ST02,CUS0132,PRD025,2,455.48,288.62,166.86,Mobile App
SAL05975,2023-01-29,ST05,CUS0176,PRD003,1,518.56,281.75,236.81,Marketplace
SAL05976,2023-03-11,ST08,CUS0131,PRD053,1,536.87,281.3,255.57,Marketplace
SAL05977,2023-10-13,ST10,CUS0323,PRD017,1,80.14,41.34,38.8,Online
SAL05978,2022-07-10,ST12,CUS0281,PRD053,1,536.87,281.3,255.57,Online
SAL05979,2024-06-28,ST06,CUS0152,PRD012,1,451.66,294.94,156.72,Mobile App
SAL05980,2023-08-29,ST01,CUS0333,PRD071,4,221.77,163.8,57.97,Online
SAL05981,2023-11-23,ST09,CUS0226,PRD003,2,1037.12,563.5,473.62,Mobile App
SAL05982,2022-11-23,ST06,CUS0142,PRD067,1,445.36,263.6,181.76,Mobile App
SAL05983,2023-01-07,ST03,CUS0091,PRD007,1,384.87,217.75,167.12,Marketplace
SAL05984,2022-11-29,ST11,CUS0194,PRD062,2,800.14,528.54,271.6,Online
SAL05985,2025-03-20,ST01,CUS0284,PRD013,3,1630.71,924.6,706.11,Marketplace
SAL05986,2022-11-10,ST06,CUS0065,PRD063,1,314.78,149.01,165.77,Marketplace
SAL05987,2023-05-29,ST12,CUS0099,PRD076,1,132.2,81.2,51.0,Mobile App
SAL05988,2022-12-13,ST02,CUS0180,PRD035,1,432.22,270.97,161.25,Retail Store
SAL05989,2023-03-01,ST08,CUS0226,PRD052,1,330.06,174.32,155.74,Online
SAL05990,2023-10-06,ST01,CUS0376,PRD009,2,71.53,40.84,30.69,Online
SAL05991,2022-12-02,ST04,CUS0213,PRD002,1,206.22,140.36,65.86,Mobile App
SAL05992,2025-01-19,ST08,CUS0372,PRD026,3,1585.05,720.72,864.33,Retail Store
SAL05993,2023-07-22,ST03,CUS0132,PRD067,1,494.84,263.6,231.24,Marketplace
SAL05994,2024-07-07,ST03,CUS0139,PRD045,2,714.22,356.72,357.5,Marketplace
SAL05995,2024-08-22,ST04,CUS0173,PRD031,1,448.4,226.91,221.49,Marketplace
SAL05996,2023-04-27,ST09,CUS0160,PRD017,2,152.27,82.68,69.59,Online
SAL05997,2022-12-18,ST06,CUS0083,PRD022,1,179.9,89.78,90.12,Mobile App
SAL05998,2024-08-03,ST03,CUS0095,PRD004,2,1029.7,583.56,446.14,Marketplace
SAL05999,2025-02-12,ST07,CUS0334,PRD034,4,563.44,412.0,151.44,Retail Store
SAL06000,2024-06-16,ST09,CUS0118,PRD025,2,455.48,288.62,166.86,Marketplace
SAL06001,2025-06-10,ST08,CUS0113,PRD015,2,1069.28,540.58,528.7,Mobile App
SAL06002,2024-02-22,ST11,CUS0253,PRD068,1,322.43,241.43,81.0,Mobile App
SAL06003,2024-01-07,ST03,CUS0084,PRD018,2,1095.3,624.7,470.6,Online
SAL06004,2025-07-15,ST12,CUS0018,PRD006,3,468.81,220.26,248.55,Retail Store
SAL06005,2025-06-05,ST11,CUS0110,PRD020,2,715.4,407.08,308.32,Online
SAL06006,2024-05-26,ST04,CUS0097,PRD007,5,1731.91,1088.75,643.16,Marketplace
SAL06007,2024-10-11,ST05,CUS0284,PRD027,1,578.41,291.25,287.16,Online
SAL06008,2025-05-13,ST01,CUS0017,PRD046,1,490.11,263.91,226.2,Retail Store
SAL06009,2022-12-14,ST12,CUS0340,PRD041,1,188.22,103.96,84.26,Online
SAL06010,2023-03-28,ST07,CUS0102,PRD070,1,444.72,300.33,144.39,Marketplace
SAL06011,2023-06-16,ST11,CUS0144,PRD073,1,528.96,310.4,218.56,Marketplace
SAL06012,2025-01-10,ST07,CUS0260,PRD044,4,1981.51,1362.84,618.67,Mobile App
SAL06013,2022-10-04,ST10,CUS0037,PRD079,1,95.43,64.58,30.85,Marketplace
SAL06014,2024-05-07,ST06,CUS0356,PRD070,2,936.26,600.66,335.6,Online
SAL06015,2024-08-07,ST06,CUS0151,PRD040,1,151.02,93.59,57.43,Online
SAL06016,2023-04-23,ST07,CUS0306,PRD021,2,313.77,235.44,78.33,Marketplace
SAL06017,2023-02-12,ST06,CUS0252,PRD025,1,204.97,144.31,60.66,Mobile App
SAL06018,2023-07-17,ST04,CUS0278,PRD020,2,715.4,407.08,308.32,Marketplace
SAL06019,2023-03-27,ST07,CUS0204,PRD014,1,186.06,104.45,81.61,Online
SAL06020,2022-11-28,ST03,CUS0154,PRD032,1,574.49,322.6,251.89,Retail Store
SAL06021,2025-06-22,ST02,CUS0042,PRD078,2,706.58,346.78,359.8,Mobile App
SAL06022,2025-07-18,ST09,CUS0195,PRD015,1,534.64,270.29,264.35,Mobile App
SAL06023,2025-06-01,ST08,CUS0238,PRD078,2,706.58,346.78,359.8,Mobile App
SAL06024,2025-07-01,ST10,CUS0342,PRD034,1,156.51,103.0,53.51,Retail Store
SAL06025,2023-01-27,ST07,CUS0017,PRD034,2,313.02,206.0,107.02,Mobile App
SAL06026,2023-08-16,ST06,CUS0204,PRD064,1,170.11,103.2,66.91,Online
SAL06027,2022-09-03,ST11,CUS0248,PRD055,2,733.18,377.5,355.68,Retail Store
SAL06028,2024-02-19,ST04,CUS0183,PRD059,1,310.62,162.6,148.02,Retail Store
SAL06029,2023-03-11,ST04,CUS0263,PRD026,2,1056.7,480.48,576.22,Mobile App
SAL06030,2023-04-20,ST10,CUS0085,PRD053,1,536.87,281.3,255.57,Online
SAL06031,2023-02-13,ST10,CUS0342,PRD039,1,368.6,230.26,138.34,Marketplace
SAL06032,2025-01-03,ST06,CUS0056,PRD043,1,248.39,163.5,84.89,Online
SAL06033,2024-12-27,ST04,CUS0361,PRD020,1,357.7,203.54,154.16,Mobile App
SAL06034,2023-03-29,ST01,CUS0206,PRD063,1,314.78,149.01,165.77,Marketplace
SAL06035,2022-09-27,ST12,CUS0210,PRD058,1,451.54,300.58,150.96,Marketplace
SAL06036,2025-01-25,ST05,CUS0086,PRD011,1,375.64,195.47,180.17,Online
SAL06037,2025-02-10,ST05,CUS0397,PRD030,1,255.97,143.34,112.63,Retail Store
SAL06038,2024-02-16,ST08,CUS0196,PRD040,1,135.92,93.59,42.33,Marketplace
SAL06039,2023-09-30,ST12,CUS0375,PRD075,2,1013.42,512.9,500.52,Online
SAL06040,2023-08-25,ST03,CUS0345,PRD048,1,197.17,148.36,48.81,Retail Store
SAL06041,2024-09-17,ST10,CUS0330,PRD037,1,194.23,94.84,99.39,Marketplace
SAL06042,2023-08-21,ST06,CUS0386,PRD028,3,639.99,421.8,218.19,Retail Store
SAL06043,2023-12-08,ST02,CUS0116,PRD067,2,989.68,527.2,462.48,Marketplace
SAL06044,2024-09-27,ST08,CUS0216,PRD066,1,479.94,293.37,186.57,Mobile App
SAL06045,2025-04-27,ST07,CUS0269,PRD058,1,406.39,300.58,105.81,Marketplace
SAL06046,2024-03-26,ST01,CUS0068,PRD026,2,1003.87,480.48,523.39,Retail Store
SAL06047,2023-04-29,ST02,CUS0045,PRD069,2,732.58,445.28,287.3,Mobile App
SAL06048,2023-07-08,ST11,CUS0059,PRD033,2,641.39,472.34,169.05,Online
SAL06049,2023-11-23,ST10,CUS0386,PRD051,1,131.88,72.37,59.51,Retail Store
SAL06050,2024-04-21,ST08,CUS0367,PRD065,3,783.0,471.63,311.37,Retail Store
SAL06051,2025-04-03,ST12,CUS0117,PRD044,1,495.38,340.71,154.67,Marketplace
SAL06052,2024-12-14,ST06,CUS0011,PRD035,2,960.48,541.94,418.54,Retail Store
SAL06053,2023-04-29,ST10,CUS0034,PRD074,1,150.84,99.72,51.12,Mobile App
SAL06054,2024-11-16,ST11,CUS0274,PRD078,3,1059.87,520.17,539.7,Retail Store
SAL06055,2025-04-11,ST05,CUS0247,PRD016,1,337.8,178.49,159.31,Marketplace
SAL06056,2024-06-15,ST03,CUS0160,PRD011,2,834.76,390.94,443.82,Marketplace
SAL06057,2025-06-01,ST05,CUS0015,PRD040,1,151.02,93.59,57.43,Retail Store
SAL06058,2023-08-10,ST09,CUS0086,PRD022,1,179.9,89.78,90.12,Online
SAL06059,2023-03-28,ST09,CUS0016,PRD059,1,310.62,162.6,148.02,Retail Store
SAL06060,2023-08-22,ST08,CUS0177,PRD031,1,448.4,226.91,221.49,Online
SAL06061,2023-12-14,ST10,CUS0285,PRD012,1,451.66,294.94,156.72,Retail Store
SAL06062,2025-02-20,ST11,CUS0160,PRD004,1,487.76,291.78,195.98,Online
SAL06063,2023-09-16,ST01,CUS0206,PRD033,1,356.33,236.17,120.16,Online
SAL06064,2025-05-14,ST06,CUS0321,PRD070,1,468.13,300.33,167.8,Marketplace
SAL06065,2024-04-30,ST04,CUS0205,PRD023,2,328.42,173.84,154.58,Mobile App
SAL06066,2024-01-18,ST02,CUS0263,PRD007,3,1154.61,653.25,501.36,Marketplace
SAL06067,2025-06-18,ST01,CUS0227,PRD056,4,1652.2,1078.48,573.72,Online
SAL06068,2022-09-10,ST11,CUS0184,PRD075,1,481.37,256.45,224.92,Retail Store
SAL06069,2023-02-20,ST05,CUS0165,PRD028,2,426.66,281.2,145.46,Marketplace
SAL06070,2023-05-12,ST12,CUS0077,PRD035,1,432.22,270.97,161.25,Online
SAL06071,2022-09-28,ST10,CUS0185,PRD029,1,179.69,117.83,61.86,Mobile App
SAL06072,2023-07-22,ST08,CUS0258,PRD069,2,732.58,445.28,287.3,Retail Store
SAL06073,2023-08-21,ST07,CUS0368,PRD069,1,385.57,222.64,162.93,Mobile App
SAL06074,2024-02-23,ST02,CUS0090,PRD010,1,334.05,190.06,143.99,Online
SAL06075,2025-04-18,ST07,CUS0292,PRD037,1,194.23,94.84,99.39,Mobile App
SAL06076,2024-04-05,ST04,CUS0330,PRD078,2,671.25,346.78,324.47,Retail Store
SAL06077,2025-05-07,ST08,CUS0075,PRD051,1,138.82,72.37,66.45,Online
SAL06078,2025-05-20,ST07,CUS0072,PRD043,1,275.99,163.5,112.49,Online
SAL06079,2025-04-28,ST02,CUS0046,PRD049,1,459.8,259.65,200.15,Marketplace
SAL06080,2023-06-10,ST06,CUS0363,PRD008,2,541.29,261.36,279.93,Retail Store
SAL06081,2022-10-07,ST10,CUS0083,PRD056,2,743.49,539.24,204.25,Mobile App
SAL06082,2023-07-20,ST06,CUS0376,PRD064,2,340.22,206.4,133.82,Marketplace
SAL06083,2024-11-03,ST01,CUS0379,PRD006,1,140.64,73.42,67.22,Marketplace
SAL06084,2024-05-02,ST02,CUS0211,PRD033,3,1068.99,708.51,360.48,Marketplace
SAL06085,2023-06-29,ST05,CUS0313,PRD074,1,150.84,99.72,51.12,Online
SAL06086,2025-05-24,ST06,CUS0323,PRD066,1,455.94,293.37,162.57,Retail Store
SAL06087,2024-04-09,ST07,CUS0223,PRD016,1,304.02,178.49,125.53,Mobile App
SAL06088,2023-09-21,ST07,CUS0390,PRD071,1,55.44,40.95,14.49,Marketplace
SAL06089,2025-02-05,ST06,CUS0309,PRD068,2,678.8,482.86,195.94,Online
SAL06090,2023-01-21,ST08,CUS0317,PRD040,2,302.04,187.18,114.86,Online
SAL06091,2025-02-15,ST01,CUS0108,PRD079,2,212.06,129.16,82.9,Marketplace
SAL06092,2023-03-27,ST10,CUS0314,PRD010,1,300.65,190.06,110.59,Online
SAL06093,2023-11-23,ST12,CUS0194,PRD017,6,480.84,248.04,232.8,Online
SAL06094,2025-07-09,ST12,CUS0353,PRD070,1,444.72,300.33,144.39,Retail Store
SAL06095,2022-12-01,ST08,CUS0370,PRD048,1,219.08,148.36,70.72,Online
SAL06096,2023-08-19,ST09,CUS0202,PRD025,1,227.74,144.31,83.43,Marketplace
SAL06097,2024-09-15,ST11,CUS0005,PRD068,1,339.4,241.43,97.97,Marketplace
SAL06098,2025-07-16,ST02,CUS0240,PRD011,1,375.64,195.47,180.17,Marketplace
SAL06099,2023-04-26,ST09,CUS0276,PRD042,5,3100.0,1697.05,1402.95,Marketplace
SAL06100,2023-09-07,ST02,CUS0207,PRD037,1,194.23,94.84,99.39,Retail Store
SAL06101,2025-05-16,ST06,CUS0212,PRD033,2,712.66,472.34,240.32,Mobile App
SAL06102,2023-05-18,ST07,CUS0163,PRD049,1,436.81,259.65,177.16,Online
SAL06103,2025-07-28,ST04,CUS0384,PRD050,1,120.75,76.64,44.11,Online
SAL06104,2025-06-08,ST02,CUS0342,PRD071,1,58.36,40.95,17.41,Online
SAL06105,2024-07-02,ST04,CUS0091,PRD018,1,547.65,312.35,235.3,Mobile App
SAL06106,2024-04-18,ST01,CUS0050,PRD024,2,158.36,82.02,76.34,Marketplace
SAL06107,2023-04-06,ST10,CUS0384,PRD077,3,926.91,548.19,378.72,Online
SAL06108,2025-04-06,ST11,CUS0155,PRD004,1,487.76,291.78,195.98,Marketplace
SAL06109,2025-05-25,ST12,CUS0367,PRD073,1,528.96,310.4,218.56,Marketplace
SAL06110,2025-01-05,ST02,CUS0388,PRD006,1,156.27,73.42,82.85,Online
SAL06111,2023-06-04,ST08,CUS0172,PRD026,2,951.03,480.48,470.55,Online
SAL06112,2023-06-22,ST08,CUS0323,PRD064,1,170.11,103.2,66.91,Retail Store
SAL06113,2023-06-13,ST10,CUS0092,PRD011,4,1669.52,781.88,887.64,Online
SAL06114,2024-09-16,ST01,CUS0080,PRD080,1,349.85,175.08,174.77,Online
SAL06115,2022-09-01,ST01,CUS0228,PRD027,1,578.41,291.25,287.16,Mobile App
SAL06116,2024-03-29,ST12,CUS0137,PRD061,1,351.38,170.32,181.06,Mobile App
SAL06117,2023-03-05,ST08,CUS0371,PRD007,2,769.74,435.5,334.24,Retail Store
SAL06118,2024-11-14,ST10,CUS0116,PRD011,2,834.76,390.94,443.82,Online
SAL06119,2023-03-12,ST10,CUS0211,PRD026,2,1003.87,480.48,523.39,Mobile App
SAL06120,2025-06-17,ST09,CUS0123,PRD080,3,1049.55,525.24,524.31,Marketplace
SAL06121,2024-08-05,ST02,CUS0115,PRD072,1,551.52,285.8,265.72,Retail Store
SAL06122,2022-07-21,ST11,CUS0366,PRD003,3,1555.68,845.25,710.43,Online
SAL06123,2024-02-22,ST04,CUS0102,PRD072,1,523.94,285.8,238.14,Marketplace
SAL06124,2024-08-11,ST07,CUS0360,PRD026,1,528.35,240.24,288.11,Mobile App
SAL06125,2022-11-15,ST08,CUS0146,PRD008,1,270.65,130.68,139.97,Retail Store
SAL06126,2025-05-24,ST06,CUS0148,PRD078,1,335.63,173.39,162.24,Retail Store
SAL06127,2025-01-11,ST02,CUS0275,PRD041,3,534.95,311.88,223.07,Retail Store
SAL06128,2025-05-01,ST07,CUS0006,PRD010,2,601.29,380.12,221.17,Mobile App
SAL06129,2022-12-07,ST03,CUS0297,PRD020,3,1073.1,610.62,462.48,Online
SAL06130,2022-11-13,ST10,CUS0381,PRD009,2,75.51,40.84,34.67,Mobile App
SAL06131,2023-08-19,ST04,CUS0298,PRD067,3,1484.52,790.8,693.72,Retail Store
SAL06132,2024-03-10,ST11,CUS0020,PRD009,2,71.53,40.84,30.69,Retail Store
SAL06133,2022-10-13,ST03,CUS0247,PRD001,2,741.62,443.42,298.2,Online
SAL06134,2025-05-16,ST11,CUS0335,PRD019,1,264.99,189.52,75.47,Mobile App
SAL06135,2023-05-13,ST04,CUS0266,PRD057,1,441.9,203.53,238.37,Retail Store
SAL06136,2022-12-24,ST05,CUS0390,PRD080,1,349.85,175.08,174.77,Retail Store
SAL06137,2023-08-13,ST09,CUS0261,PRD001,1,370.81,221.71,149.1,Mobile App
SAL06138,2025-06-26,ST03,CUS0129,PRD035,4,1920.96,1083.88,837.08,Online
SAL06139,2023-05-11,ST03,CUS0150,PRD063,1,314.78,149.01,165.77,Mobile App
SAL06140,2025-04-05,ST09,CUS0254,PRD012,1,451.66,294.94,156.72,Mobile App
SAL06141,2023-10-31,ST08,CUS0384,PRD061,2,702.76,340.64,362.12,Online
SAL06142,2025-04-15,ST03,CUS0299,PRD028,1,192.0,140.6,51.4,Online
SAL06143,2024-12-14,ST10,CUS0029,PRD011,2,834.76,390.94,443.82,Mobile App
SAL06144,2023-04-19,ST10,CUS0036,PRD057,4,1767.6,814.12,953.48,Retail Store
SAL06145,2025-02-05,ST04,CUS0329,PRD038,2,480.06,379.5,100.56,Marketplace
SAL06146,2024-07-02,ST03,CUS0361,PRD074,5,838.0,498.6,339.4,Mobile App
SAL06147,2024-08-03,ST11,CUS0015,PRD012,1,451.66,294.94,156.72,Mobile App
SAL06148,2022-08-24,ST01,CUS0179,PRD019,2,557.88,379.04,178.84,Marketplace
SAL06149,2024-01-11,ST01,CUS0055,PRD027,1,549.49,291.25,258.24,Online
SAL06150,2024-06-23,ST05,CUS0287,PRD055,2,733.18,377.5,355.68,Retail Store
SAL06151,2023-01-01,ST08,CUS0240,PRD071,2,110.88,81.9,28.98,Marketplace
SAL06152,2024-06-29,ST08,CUS0354,PRD012,2,858.15,589.88,268.27,Marketplace
SAL06153,2025-01-04,ST07,CUS0289,PRD024,1,79.18,41.01,38.17,Retail Store
SAL06154,2022-07-29,ST10,CUS0088,PRD039,1,350.17,230.26,119.91,Mobile App
SAL06155,2024-02-16,ST02,CUS0322,PRD070,1,468.13,300.33,167.8,Retail Store
SAL06156,2024-12-14,ST01,CUS0033,PRD040,2,302.04,187.18,114.86,Online
SAL06157,2025-03-12,ST11,CUS0304,PRD045,1,357.11,178.36,178.75,Online
SAL06158,2025-01-09,ST06,CUS0199,PRD007,1,384.87,217.75,167.12,Retail Store
SAL06159,2023-03-08,ST09,CUS0212,PRD062,2,800.14,528.54,271.6,Mobile App
SAL06160,2023-11-13,ST03,CUS0164,PRD016,2,608.04,356.98,251.06,Retail Store
SAL06161,2023-11-23,ST10,CUS0159,PRD006,2,296.91,146.84,150.07,Retail Store
SAL06162,2024-04-11,ST07,CUS0141,PRD047,1,316.0,214.53,101.47,Retail Store
SAL06163,2023-09-24,ST09,CUS0023,PRD048,1,219.08,148.36,70.72,Mobile App
SAL06164,2023-06-30,ST12,CUS0244,PRD012,3,1354.98,884.82,470.16,Mobile App
SAL06165,2023-01-29,ST05,CUS0026,PRD017,2,152.27,82.68,69.59,Online
SAL06166,2023-12-10,ST08,CUS0269,PRD003,2,933.41,563.5,369.91,Marketplace
SAL06167,2022-11-03,ST07,CUS0065,PRD043,1,275.99,163.5,112.49,Online
SAL06168,2025-04-21,ST09,CUS0384,PRD022,1,179.9,89.78,90.12,Mobile App
SAL06169,2024-06-27,ST04,CUS0120,PRD015,1,534.64,270.29,264.35,Mobile App
SAL06170,2022-08-22,ST01,CUS0334,PRD071,2,116.72,81.9,34.82,Retail Store
SAL06171,2024-11-06,ST08,CUS0111,PRD008,4,1082.58,522.72,559.86,Retail Store
SAL06172,2024-08-27,ST04,CUS0073,PRD004,5,2709.75,1458.9,1250.85,Mobile App
SAL06173,2025-01-04,ST04,CUS0072,PRD070,1,468.13,300.33,167.8,Retail Store
SAL06174,2025-01-02,ST08,CUS0090,PRD056,1,413.05,269.62,143.43,Retail Store
SAL06175,2025-05-15,ST01,CUS0243,PRD048,1,197.17,148.36,48.81,Online
SAL06176,2022-09-09,ST07,CUS0260,PRD022,1,179.9,89.78,90.12,Mobile App
SAL06177,2025-05-10,ST02,CUS0195,PRD013,6,3433.08,1849.2,1583.88,Online
SAL06178,2023-08-18,ST04,CUS0144,PRD044,1,550.42,340.71,209.71,Retail Store
SAL06179,2024-06-30,ST03,CUS0294,PRD065,3,783.0,471.63,311.37,Mobile App
SAL06180,2024-07-11,ST12,CUS0232,PRD041,2,396.26,207.92,188.34,Marketplace
SAL06181,2022-08-21,ST04,CUS0371,PRD038,1,266.7,189.75,76.95,Online
SAL06182,2022-07-29,ST01,CUS0140,PRD008,1,284.89,130.68,154.21,Retail Store
SAL06183,2022-12-19,ST02,CUS0281,PRD044,1,495.38,340.71,154.67,Retail Store
SAL06184,2025-02-19,ST09,CUS0340,PRD047,1,351.11,214.53,136.58,Online
SAL06185,2023-01-17,ST07,CUS0002,PRD044,2,1100.84,681.42,419.42,Online
SAL06186,2022-11-22,ST11,CUS0275,PRD047,1,351.11,214.53,136.58,Mobile App
SAL06187,2023-06-14,ST10,CUS0033,PRD079,2,212.06,129.16,82.9,Online
SAL06188,2023-06-26,ST04,CUS0101,PRD057,1,441.9,203.53,238.37,Retail Store
SAL06189,2024-07-16,ST04,CUS0315,PRD023,3,443.37,260.76,182.61,Marketplace
SAL06190,2025-05-30,ST07,CUS0173,PRD046,1,441.1,263.91,177.19,Mobile App
SAL06191,2022-11-13,ST03,CUS0081,PRD008,1,284.89,130.68,154.21,Retail Store
SAL06192,2022-07-30,ST09,CUS0098,PRD048,1,219.08,148.36,70.72,Marketplace
SAL06193,2023-06-05,ST03,CUS0357,PRD074,1,159.22,99.72,59.5,Mobile App
SAL06194,2025-06-24,ST03,CUS0109,PRD009,1,39.74,20.42,19.32,Marketplace
SAL06195,2024-08-18,ST09,CUS0039,PRD042,1,620.0,339.41,280.59,Mobile App
SAL06196,2022-11-16,ST05,CUS0051,PRD077,2,652.27,365.46,286.81,Retail Store
SAL06197,2025-04-30,ST02,CUS0023,PRD022,1,179.9,89.78,90.12,Retail Store
SAL06198,2024-11-06,ST09,CUS0302,PRD059,3,931.86,487.8,444.06,Mobile App
SAL06199,2024-02-16,ST08,CUS0003,PRD003,2,985.26,563.5,421.76,Retail Store
SAL06200,2024-06-06,ST01,CUS0324,PRD054,1,63.7,33.69,30.01,Retail Store
SAL06201,2022-10-06,ST12,CUS0372,PRD072,3,1654.56,857.4,797.16,Retail Store
SAL06202,2025-07-23,ST05,CUS0124,PRD057,1,397.71,203.53,194.18,Marketplace
SAL06203,2025-04-18,ST02,CUS0090,PRD026,2,1056.7,480.48,576.22,Mobile App
SAL06204,2023-02-09,ST04,CUS0334,PRD029,1,179.69,117.83,61.86,Marketplace
SAL06205,2023-02-09,ST02,CUS0104,PRD042,1,589.0,339.41,249.59,Mobile App
SAL06206,2024-05-31,ST07,CUS0280,PRD017,1,80.14,41.34,38.8,Online
SAL06207,2023-07-31,ST01,CUS0131,PRD021,1,165.14,117.72,47.42,Retail Store
SAL06208,2022-12-21,ST10,CUS0161,PRD018,3,1642.95,937.05,705.9,Marketplace
SAL06209,2024-11-20,ST02,CUS0277,PRD043,2,496.78,327.0,169.78,Online
SAL06210,2023-01-15,ST11,CUS0020,PRD044,3,1651.26,1022.13,629.13,Online
SAL06211,2024-09-19,ST08,CUS0288,PRD019,1,278.94,189.52,89.42,Retail Store
SAL06212,2024-05-07,ST08,CUS0303,PRD068,1,339.4,241.43,97.97,Marketplace
SAL06213,2023-01-26,ST05,CUS0370,PRD067,3,1484.52,790.8,693.72,Online
SAL06214,2024-09-25,ST11,CUS0042,PRD045,1,321.4,178.36,143.04,Retail Store
SAL06215,2025-02-18,ST05,CUS0223,PRD021,3,495.42,353.16,142.26,Retail Store
SAL06216,2024-11-29,ST03,CUS0300,PRD039,4,1326.96,921.04,405.92,Mobile App
SAL06217,2023-07-23,ST12,CUS0199,PRD010,1,334.05,190.06,143.99,Mobile App
SAL06218,2024-09-17,ST08,CUS0252,PRD037,2,349.61,189.68,159.93,Online
SAL06219,2025-06-23,ST10,CUS0330,PRD063,2,598.08,298.02,300.06,Online
SAL06220,2023-08-01,ST03,CUS0344,PRD080,1,349.85,175.08,174.77,Mobile App
SAL06221,2025-04-01,ST06,CUS0042,PRD048,1,208.13,148.36,59.77,Retail Store
SAL06222,2024-07-12,ST12,CUS0182,PRD033,1,356.33,236.17,120.16,Online
SAL06223,2023-02-26,ST04,CUS0149,PRD002,2,412.44,280.72,131.72,Mobile App
SAL06224,2023-03-22,ST06,CUS0058,PRD072,2,992.74,571.6,421.14,Online
SAL06225,2023-01-07,ST08,CUS0265,PRD050,1,127.11,76.64,50.47,Mobile App
SAL06226,2024-06-20,ST11,CUS0123,PRD029,1,189.68,117.83,71.85,Online
SAL06227,2024-11-14,ST11,CUS0135,PRD015,4,2138.56,1081.16,1057.4,Online
SAL06228,2023-11-11,ST04,CUS0011,PRD078,3,1059.87,520.17,539.7,Retail Store
SAL06229,2024-08-26,ST11,CUS0055,PRD070,1,468.13,300.33,167.8,Online
SAL06230,2023-01-31,ST02,CUS0047,PRD078,2,706.58,346.78,359.8,Mobile App
SAL06231,2024-02-09,ST06,CUS0252,PRD002,1,206.22,140.36,65.86,Marketplace
SAL06232,2024-05-15,ST03,CUS0224,PRD069,2,771.14,445.28,325.86,Marketplace
SAL06233,2022-07-02,ST09,CUS0130,PRD028,1,213.33,140.6,72.73,Mobile App
SAL06234,2023-08-14,ST06,CUS0031,PRD030,1,255.97,143.34,112.63,Mobile App
SAL06235,2023-12-16,ST11,CUS0386,PRD034,1,148.68,103.0,45.68,Mobile App
SAL06236,2024-08-19,ST09,CUS0011,PRD046,1,490.11,263.91,226.2,Online
SAL06237,2025-04-03,ST09,CUS0075,PRD071,2,105.05,81.9,23.15,Retail Store
SAL06238,2025-01-22,ST04,CUS0042,PRD051,1,131.88,72.37,59.51,Retail Store
SAL06239,2024-11-27,ST11,CUS0168,PRD075,1,456.04,256.45,199.59,Retail Store
SAL06240,2023-03-11,ST03,CUS0116,PRD063,2,598.08,298.02,300.06,Retail Store
SAL06241,2023-03-13,ST04,CUS0195,PRD040,4,604.08,374.36,229.72,Mobile App
SAL06242,2023-10-24,ST09,CUS0073,PRD038,2,533.4,379.5,153.9,Marketplace
SAL06243,2024-01-23,ST04,CUS0213,PRD067,3,1336.07,790.8,545.27,Marketplace
SAL06244,2025-06-29,ST04,CUS0027,PRD023,1,164.21,86.92,77.29,Online
SAL06245,2023-12-11,ST03,CUS0115,PRD068,1,339.4,241.43,97.97,Marketplace
SAL06246,2022-10-12,ST10,CUS0160,PRD008,3,854.67,392.04,462.63,Online
SAL06247,2022-08-25,ST12,CUS0245,PRD018,3,1642.95,937.05,705.9,Retail Store
SAL06248,2025-07-04,ST06,CUS0195,PRD021,3,495.42,353.16,142.26,Mobile App
SAL06249,2022-08-21,ST05,CUS0093,PRD079,3,318.09,193.74,124.35,Retail Store
SAL06250,2023-01-28,ST12,CUS0121,PRD022,2,359.8,179.56,180.24,Retail Store
SAL06251,2024-05-14,ST02,CUS0260,PRD004,1,487.76,291.78,195.98,Mobile App
SAL06252,2024-12-04,ST09,CUS0370,PRD036,3,996.9,597.09,399.81,Mobile App
SAL06253,2022-11-14,ST04,CUS0130,PRD012,4,1625.98,1179.76,446.22,Online
SAL06254,2024-01-21,ST08,CUS0116,PRD061,5,1756.9,851.6,905.3,Retail Store
SAL06255,2022-12-26,ST05,CUS0294,PRD076,2,264.4,162.4,102.0,Marketplace
SAL06256,2025-02-16,ST11,CUS0274,PRD012,2,903.32,589.88,313.44,Online
SAL06257,2023-09-03,ST01,CUS0152,PRD019,1,264.99,189.52,75.47,Online
SAL06258,2022-10-20,ST05,CUS0370,PRD010,1,317.35,190.06,127.29,Retail Store
SAL06259,2024-01-05,ST06,CUS0111,PRD030,1,255.97,143.34,112.63,Marketplace
SAL06260,2022-12-23,ST04,CUS0371,PRD025,1,216.35,144.31,72.04,Retail Store
SAL06261,2022-10-21,ST06,CUS0394,PRD022,1,179.9,89.78,90.12,Mobile App
SAL06262,2024-06-26,ST05,CUS0098,PRD051,1,124.94,72.37,52.57,Retail Store
SAL06263,2025-06-07,ST11,CUS0059,PRD034,3,469.53,309.0,160.53,Marketplace
SAL06264,2025-07-09,ST02,CUS0341,PRD059,1,279.56,162.6,116.96,Retail Store
SAL06265,2023-03-08,ST10,CUS0129,PRD058,4,1806.16,1202.32,603.84,Online
SAL06266,2025-06-19,ST07,CUS0317,PRD025,4,865.41,577.24,288.17,Mobile App
SAL06267,2024-08-02,ST11,CUS0273,PRD018,1,547.65,312.35,235.3,Retail Store
SAL06268,2024-06-11,ST10,CUS0055,PRD034,1,156.51,103.0,53.51,Online
SAL06269,2023-01-22,ST06,CUS0143,PRD058,1,428.96,300.58,128.38,Mobile App
SAL06270,2022-10-09,ST06,CUS0211,PRD048,4,788.69,593.44,195.25,Online
SAL06271,2025-02-22,ST08,CUS0010,PRD048,2,416.25,296.72,119.53,Online
SAL06272,2024-07-20,ST12,CUS0244,PRD030,1,255.97,143.34,112.63,Marketplace
SAL06273,2025-02-02,ST04,CUS0397,PRD037,2,388.46,189.68,198.78,Online
SAL06274,2023-11-02,ST03,CUS0058,PRD064,1,170.11,103.2,66.91,Mobile App
SAL06275,2024-09-04,ST01,CUS0125,PRD051,4,527.52,289.48,238.04,Retail Store
SAL06276,2023-04-22,ST06,CUS0312,PRD008,2,512.8,261.36,251.44,Online
SAL06277,2025-02-22,ST03,CUS0132,PRD003,1,466.7,281.75,184.95,Marketplace
SAL06278,2024-11-24,ST04,CUS0077,PRD028,1,213.33,140.6,72.73,Retail Store
SAL06279,2023-12-21,ST06,CUS0207,PRD023,3,492.63,260.76,231.87,Marketplace
SAL06280,2023-07-01,ST05,CUS0245,PRD037,4,776.92,379.36,397.56,Online
SAL06281,2024-10-26,ST08,CUS0202,PRD051,1,138.82,72.37,66.45,Mobile App
SAL06282,2022-11-25,ST07,CUS0051,PRD019,2,557.88,379.04,178.84,Online
SAL06283,2023-02-22,ST03,CUS0024,PRD039,3,995.22,690.78,304.44,Marketplace
SAL06284,2025-06-27,ST01,CUS0400,PRD036,1,299.07,199.03,100.04,Online
SAL06285,2023-03-01,ST05,CUS0105,PRD075,1,456.04,256.45,199.59,Marketplace
SAL06286,2024-08-16,ST10,CUS0244,PRD036,1,332.3,199.03,133.27,Mobile App
SAL06287,2022-12-20,ST12,CUS0318,PRD029,1,199.66,117.83,81.83,Marketplace
SAL06288,2025-06-07,ST12,CUS0054,PRD021,1,165.14,117.72,47.42,Mobile App
SAL06289,2025-05-01,ST07,CUS0361,PRD020,6,2146.2,1221.24,924.96,Marketplace
SAL06290,2024-01-24,ST09,CUS0042,PRD059,1,279.56,162.6,116.96,Online
SAL06291,2024-06-14,ST08,CUS0377,PRD053,4,2147.48,1125.2,1022.28,Retail Store
SAL06292,2024-10-27,ST02,CUS0221,PRD027,1,520.57,291.25,229.32,Retail Store
SAL06293,2023-05-25,ST08,CUS0199,PRD053,1,536.87,281.3,255.57,Online
SAL06294,2025-07-27,ST12,CUS0062,PRD019,2,529.99,379.04,150.95,Marketplace
SAL06295,2023-07-25,ST05,CUS0302,PRD045,1,357.11,178.36,178.75,Mobile App
SAL06296,2025-07-20,ST08,CUS0250,PRD034,2,313.02,206.0,107.02,Retail Store
SAL06297,2025-02-21,ST04,CUS0175,PRD036,3,996.9,597.09,399.81,Marketplace
SAL06298,2024-03-29,ST08,CUS0302,PRD050,2,228.8,153.28,75.52,Retail Store
SAL06299,2024-09-15,ST08,CUS0071,PRD056,1,392.4,269.62,122.78,Online
SAL06300,2024-07-18,ST10,CUS0126,PRD035,1,456.23,270.97,185.26,Retail Store
SAL06301,2024-08-10,ST01,CUS0114,PRD052,1,330.06,174.32,155.74,Marketplace
SAL06302,2025-02-23,ST03,CUS0272,PRD076,1,132.2,81.2,51.0,Online
SAL06303,2023-01-18,ST02,CUS0298,PRD072,3,1571.83,857.4,714.43,Marketplace
SAL06304,2025-06-14,ST11,CUS0341,PRD027,2,1156.82,582.5,574.32,Marketplace
SAL06305,2023-09-30,ST03,CUS0319,PRD029,2,399.32,235.66,163.66,Retail Store
SAL06306,2023-08-29,ST09,CUS0233,PRD065,2,522.0,314.42,207.58,Marketplace
SAL06307,2025-01-10,ST11,CUS0197,PRD019,2,502.09,379.04,123.05,Marketplace
SAL06308,2024-05-26,ST06,CUS0113,PRD057,1,441.9,203.53,238.37,Retail Store
SAL06309,2025-07-23,ST11,CUS0352,PRD046,1,441.1,263.91,177.19,Marketplace
SAL06310,2023-02-23,ST05,CUS0154,PRD028,1,202.66,140.6,62.06,Mobile App
SAL06311,2024-07-08,ST10,CUS0019,PRD001,1,370.81,221.71,149.1,Marketplace
SAL06312,2025-04-09,ST05,CUS0347,PRD079,3,302.19,193.74,108.45,Online
SAL06313,2023-03-30,ST11,CUS0120,PRD075,1,481.37,256.45,224.92,Retail Store
SAL06314,2025-04-06,ST03,CUS0211,PRD050,1,114.4,76.64,37.76,Retail Store
SAL06315,2024-12-06,ST10,CUS0228,PRD070,3,1404.39,900.99,503.4,Marketplace
SAL06316,2023-12-22,ST04,CUS0197,PRD070,3,1334.17,900.99,433.18,Marketplace
SAL06317,2024-12-16,ST04,CUS0219,PRD058,2,812.77,601.16,211.61,Marketplace
SAL06318,2022-09-14,ST06,CUS0118,PRD050,1,127.11,76.64,50.47,Marketplace
SAL06319,2024-06-29,ST01,CUS0207,PRD031,2,896.8,453.82,442.98,Marketplace
SAL06320,2024-02-19,ST01,CUS0189,PRD047,1,351.11,214.53,136.58,Retail Store
SAL06321,2023-05-02,ST02,CUS0142,PRD072,1,551.52,285.8,265.72,Online
SAL06322,2024-08-08,ST01,CUS0294,PRD065,1,261.0,157.21,103.79,Retail Store
SAL06323,2024-01-05,ST03,CUS0163,PRD059,1,279.56,162.6,116.96,Online
SAL06324,2022-10-26,ST08,CUS0329,PRD001,2,667.46,443.42,224.04,Retail Store
SAL06325,2023-03-24,ST11,CUS0248,PRD064,2,306.2,206.4,99.8,Marketplace
SAL06326,2023-12-29,ST03,CUS0265,PRD016,1,337.8,178.49,159.31,Marketplace
SAL06327,2023-06-20,ST07,CUS0213,PRD009,1,39.74,20.42,19.32,Retail Store
SAL06328,2025-02-19,ST11,CUS0283,PRD022,1,179.9,89.78,90.12,Online
SAL06329,2025-06-04,ST03,CUS0014,PRD072,2,1103.04,571.6,531.44,Online
SAL06330,2024-11-16,ST07,CUS0151,PRD039,2,700.34,460.52,239.82,Retail Store
SAL06331,2024-07-05,ST02,CUS0167,PRD053,1,510.03,281.3,228.73,Mobile App
SAL06332,2023-06-30,ST07,CUS0222,PRD072,6,3143.66,1714.8,1428.86,Online
SAL06333,2022-07-16,ST08,CUS0182,PRD052,3,990.18,522.96,467.22,Mobile App
SAL06334,2024-07-13,ST09,CUS0279,PRD028,2,426.66,281.2,145.46,Online
SAL06335,2023-03-05,ST04,CUS0090,PRD074,1,150.84,99.72,51.12,Mobile App
SAL06336,2023-09-07,ST10,CUS0319,PRD004,1,541.95,291.78,250.17,Online
SAL06337,2023-09-25,ST02,CUS0307,PRD051,2,263.76,144.74,119.02,Marketplace
SAL06338,2022-09-03,ST09,CUS0295,PRD033,5,1781.65,1180.85,600.8,Marketplace
SAL06339,2024-11-30,ST03,CUS0152,PRD057,2,839.61,407.06,432.55,Online
SAL06340,2024-07-17,ST09,CUS0291,PRD041,3,594.39,311.88,282.51,Retail Store
SAL06341,2023-03-16,ST12,CUS0014,PRD059,3,931.86,487.8,444.06,Mobile App
SAL06342,2025-01-18,ST01,CUS0080,PRD060,1,325.93,165.18,160.75,Online
SAL06343,2023-12-16,ST07,CUS0138,PRD056,5,2065.25,1348.1,717.15,Online
SAL06344,2023-08-16,ST08,CUS0212,PRD076,1,118.98,81.2,37.78,Mobile App
SAL06345,2022-09-10,ST09,CUS0057,PRD061,1,316.24,170.32,145.92,Retail Store
SAL06346,2024-09-30,ST09,CUS0210,PRD055,2,733.18,377.5,355.68,Marketplace
SAL06347,2024-12-07,ST02,CUS0366,PRD030,1,255.97,143.34,112.63,Retail Store
SAL06348,2022-08-20,ST10,CUS0230,PRD011,1,396.51,195.47,201.04,Marketplace
SAL06349,2023-06-24,ST11,CUS0197,PRD052,2,660.12,348.64,311.48,Retail Store
SAL06350,2024-04-01,ST01,CUS0082,PRD023,1,164.21,86.92,77.29,Online
SAL06351,2024-12-16,ST03,CUS0158,PRD056,4,1652.2,1078.48,573.72,Online
SAL06352,2025-05-20,ST06,CUS0128,PRD018,1,547.65,312.35,235.3,Online
SAL06353,2024-07-12,ST10,CUS0016,PRD019,2,557.88,379.04,178.84,Retail Store
SAL06354,2023-08-19,ST06,CUS0134,PRD022,1,170.91,89.78,81.13,Online
SAL06355,2023-10-26,ST12,CUS0076,PRD014,2,391.7,208.9,182.8,Online
SAL06356,2024-09-19,ST11,CUS0133,PRD047,1,351.11,214.53,136.58,Mobile App
SAL06357,2022-09-20,ST04,CUS0041,PRD014,1,176.26,104.45,71.81,Marketplace
SAL06358,2024-03-29,ST06,CUS0134,PRD043,1,275.99,163.5,112.49,Mobile App
SAL06359,2025-04-30,ST08,CUS0050,PRD041,1,188.22,103.96,84.26,Mobile App
SAL06360,2023-07-21,ST10,CUS0367,PRD054,1,57.33,33.69,23.64,Online
SAL06361,2023-10-26,ST10,CUS0156,PRD054,1,63.7,33.69,30.01,Retail Store
SAL06362,2022-07-20,ST03,CUS0336,PRD077,1,326.13,182.73,143.4,Online
SAL06363,2025-05-16,ST08,CUS0316,PRD066,2,959.88,586.74,373.14,Marketplace
SAL06364,2022-10-11,ST12,CUS0031,PRD020,2,715.4,407.08,308.32,Retail Store
SAL06365,2024-09-19,ST04,CUS0355,PRD037,1,194.23,94.84,99.39,Marketplace
SAL06366,2024-04-28,ST04,CUS0154,PRD013,1,572.18,308.2,263.98,Mobile App
SAL06367,2023-02-24,ST10,CUS0296,PRD068,2,678.8,482.86,195.94,Marketplace
SAL06368,2023-06-27,ST11,CUS0308,PRD006,4,562.57,293.68,268.89,Retail Store
SAL06369,2024-03-08,ST10,CUS0307,PRD054,1,57.33,33.69,23.64,Retail Store
SAL06370,2023-08-07,ST03,CUS0290,PRD071,1,58.36,40.95,17.41,Marketplace
SAL06371,2023-01-25,ST05,CUS0031,PRD010,1,334.05,190.06,143.99,Retail Store
SAL06372,2023-12-20,ST11,CUS0050,PRD064,2,340.22,206.4,133.82,Online
SAL06373,2022-07-01,ST07,CUS0130,PRD055,1,329.93,188.75,141.18,Retail Store
SAL06374,2022-12-02,ST09,CUS0364,PRD050,5,572.0,383.2,188.8,Marketplace
SAL06375,2023-04-12,ST09,CUS0161,PRD066,4,1919.76,1173.48,746.28,Online
SAL06376,2023-11-02,ST03,CUS0052,PRD077,3,978.41,548.19,430.22,Marketplace
SAL06377,2022-12-26,ST06,CUS0020,PRD080,1,349.85,175.08,174.77,Marketplace
SAL06378,2022-07-17,ST12,CUS0039,PRD043,2,496.78,327.0,169.78,Mobile App
SAL06379,2024-06-01,ST05,CUS0374,PRD028,1,213.33,140.6,72.73,Marketplace
SAL06380,2024-07-04,ST10,CUS0118,PRD007,1,365.63,217.75,147.88,Marketplace
SAL06381,2022-10-17,ST09,CUS0119,PRD026,3,1585.05,720.72,864.33,Retail Store
SAL06382,2024-09-28,ST05,CUS0047,PRD033,1,356.33,236.17,120.16,Online
SAL06383,2022-10-10,ST11,CUS0374,PRD054,3,171.99,101.07,70.92,Mobile App
SAL06384,2023-06-12,ST01,CUS0064,PRD039,1,368.6,230.26,138.34,Online
SAL06385,2025-05-25,ST01,CUS0073,PRD027,1,578.41,291.25,287.16,Marketplace
SAL06386,2024-04-04,ST07,CUS0280,PRD047,3,1053.33,643.59,409.74,Online
SAL06387,2024-10-24,ST09,CUS0133,PRD029,2,379.35,235.66,143.69,Retail Store
SAL06388,2023-10-28,ST05,CUS0118,PRD079,2,212.06,129.16,82.9,Retail Store
SAL06389,2025-05-31,ST08,CUS0146,PRD009,2,79.48,40.84,38.64,Marketplace
SAL06390,2023-09-28,ST08,CUS0162,PRD060,2,724.28,330.36,393.92,Online
SAL06391,2024-02-20,ST12,CUS0044,PRD041,1,198.13,103.96,94.17,Retail Store
SAL06392,2024-06-28,ST02,CUS0215,PRD043,3,786.57,490.5,296.07,Online
SAL06393,2023-10-01,ST05,CUS0091,PRD012,3,1354.98,884.82,470.16,Online
SAL06394,2024-03-29,ST10,CUS0374,PRD015,1,507.91,270.29,237.62,Online
SAL06395,2024-02-10,ST12,CUS0243,PRD033,1,338.51,236.17,102.34,Retail Store
SAL06396,2023-02-28,ST01,CUS0141,PRD060,2,724.28,330.36,393.92,Mobile App
SAL06397,2023-01-02,ST01,CUS0363,PRD027,1,578.41,291.25,287.16,Mobile App
SAL06398,2024-01-04,ST05,CUS0267,PRD050,2,254.22,153.28,100.94,Marketplace
SAL06399,2023-12-27,ST04,CUS0251,PRD020,1,357.7,203.54,154.16,Retail Store
SAL06400,2022-09-28,ST08,CUS0290,PRD051,1,138.82,72.37,66.45,Mobile App
SAL06401,2024-05-08,ST03,CUS0117,PRD015,3,1523.72,810.87,712.85,Online
SAL06402,2024-11-14,ST02,CUS0343,PRD001,1,370.81,221.71,149.1,Retail Store
SAL06403,2022-11-26,ST10,CUS0329,PRD071,2,116.72,81.9,34.82,Online
SAL06404,2024-07-04,ST04,CUS0259,PRD079,1,106.03,64.58,41.45,Online
SAL06405,2024-07-29,ST04,CUS0039,PRD019,1,278.94,189.52,89.42,Marketplace
SAL06406,2022-08-01,ST11,CUS0130,PRD004,1,541.95,291.78,250.17,Retail Store
SAL06407,2025-06-14,ST09,CUS0332,PRD028,1,202.66,140.6,62.06,Retail Store
SAL06408,2024-08-22,ST10,CUS0085,PRD064,2,340.22,206.4,133.82,Online
SAL06409,2025-06-20,ST03,CUS0211,PRD005,5,324.94,208.75,116.19,Marketplace
SAL06410,2024-02-23,ST05,CUS0396,PRD025,1,227.74,144.31,83.43,Retail Store
SAL06411,2023-12-18,ST06,CUS0294,PRD018,1,547.65,312.35,235.3,Marketplace
SAL06412,2024-03-05,ST12,CUS0275,PRD019,3,836.82,568.56,268.26,Mobile App
SAL06413,2023-08-01,ST08,CUS0197,PRD070,3,1263.95,900.99,362.96,Online
SAL06414,2025-02-01,ST01,CUS0195,PRD016,5,1689.0,892.45,796.55,Marketplace
SAL06415,2025-05-19,ST04,CUS0218,PRD066,2,959.88,586.74,373.14,Marketplace
SAL06416,2025-05-25,ST06,CUS0399,PRD054,1,60.52,33.69,26.83,Retail Store
SAL06417,2024-08-10,ST01,CUS0272,PRD018,2,1040.53,624.7,415.83,Mobile App
SAL06418,2025-04-09,ST03,CUS0397,PRD041,5,990.65,519.8,470.85,Retail Store
SAL06419,2024-08-25,ST10,CUS0357,PRD005,2,144.42,83.5,60.92,Online
SAL06420,2023-06-13,ST02,CUS0204,PRD011,1,417.38,195.47,221.91,Marketplace
SAL06421,2022-11-07,ST12,CUS0242,PRD051,4,499.75,289.48,210.27,Mobile App
SAL06422,2022-10-12,ST02,CUS0228,PRD079,3,318.09,193.74,124.35,Mobile App
SAL06423,2024-11-13,ST03,CUS0059,PRD010,2,601.29,380.12,221.17,Online
SAL06424,2023-07-06,ST09,CUS0351,PRD069,1,385.57,222.64,162.93,Retail Store
SAL06425,2023-01-29,ST04,CUS0087,PRD035,1,432.22,270.97,161.25,Mobile App
SAL06426,2025-06-08,ST08,CUS0130,PRD024,1,71.26,41.01,30.25,Marketplace
SAL06427,2024-07-26,ST06,CUS0353,PRD041,1,198.13,103.96,94.17,Mobile App
SAL06428,2024-12-01,ST06,CUS0257,PRD006,1,156.27,73.42,82.85,Mobile App
SAL06429,2024-06-17,ST06,CUS0266,PRD070,1,421.32,300.33,120.99,Retail Store
SAL06430,2023-01-21,ST01,CUS0294,PRD050,1,127.11,76.64,50.47,Online
SAL06431,2022-11-18,ST08,CUS0281,PRD075,2,912.08,512.9,399.18,Mobile App
SAL06432,2022-08-21,ST09,CUS0328,PRD080,3,1049.55,525.24,524.31,Mobile App
SAL06433,2022-11-14,ST01,CUS0203,PRD001,1,370.81,221.71,149.1,Marketplace
SAL06434,2022-09-16,ST01,CUS0388,PRD075,2,912.08,512.9,399.18,Mobile App
SAL06435,2025-02-03,ST01,CUS0158,PRD077,1,343.3,182.73,160.57,Online
SAL06436,2024-11-19,ST09,CUS0290,PRD014,3,528.79,313.35,215.44,Retail Store
SAL06437,2023-12-30,ST08,CUS0001,PRD024,1,75.22,41.01,34.21,Marketplace
SAL06438,2023-08-30,ST09,CUS0027,PRD025,3,614.9,432.93,181.97,Retail Store
SAL06439,2025-07-23,ST01,CUS0118,PRD043,2,551.98,327.0,224.98,Online
SAL06440,2024-03-25,ST07,CUS0104,PRD027,2,1098.98,582.5,516.48,Marketplace
SAL06441,2023-11-26,ST03,CUS0177,PRD008,1,256.4,130.68,125.72,Marketplace
SAL06442,2025-05-03,ST06,CUS0070,PRD075,1,506.71,256.45,250.26,Mobile App
SAL06443,2023-12-23,ST03,CUS0362,PRD013,1,543.57,308.2,235.37,Retail Store
SAL06444,2024-09-08,ST06,CUS0074,PRD029,1,199.66,117.83,81.83,Online
SAL06445,2022-07-02,ST06,CUS0360,PRD018,1,492.88,312.35,180.53,Mobile App
SAL06446,2023-10-17,ST02,CUS0156,PRD003,1,492.63,281.75,210.88,Online
SAL06447,2024-03-23,ST03,CUS0141,PRD063,3,944.34,447.03,497.31,Retail Store
SAL06448,2023-09-19,ST02,CUS0344,PRD017,2,160.28,82.68,77.6,Mobile App
SAL06449,2023-06-14,ST05,CUS0334,PRD039,1,368.6,230.26,138.34,Mobile App
SAL06450,2024-07-19,ST11,CUS0075,PRD002,1,206.22,140.36,65.86,Marketplace
SAL06451,2023-11-03,ST11,CUS0010,PRD010,2,668.1,380.12,287.98,Marketplace
SAL06452,2023-09-25,ST01,CUS0048,PRD069,2,732.58,445.28,287.3,Retail Store
SAL06453,2024-04-05,ST08,CUS0247,PRD032,2,1148.98,645.2,503.78,Marketplace
SAL06454,2024-04-28,ST10,CUS0008,PRD030,1,255.97,143.34,112.63,Retail Store
SAL06455,2025-05-05,ST07,CUS0325,PRD039,1,368.6,230.26,138.34,Marketplace
SAL06456,2025-03-23,ST03,CUS0253,PRD025,1,227.74,144.31,83.43,Mobile App
SAL06457,2022-10-09,ST11,CUS0125,PRD006,5,781.35,367.1,414.25,Mobile App
SAL06458,2025-01-05,ST05,CUS0146,PRD002,1,206.22,140.36,65.86,Retail Store
SAL06459,2023-09-08,ST08,CUS0039,PRD021,1,148.63,117.72,30.91,Mobile App
SAL06460,2023-07-27,ST11,CUS0363,PRD055,1,366.59,188.75,177.84,Mobile App
SAL06461,2024-08-16,ST02,CUS0205,PRD026,2,1056.7,480.48,576.22,Mobile App
SAL06462,2022-08-08,ST02,CUS0017,PRD047,1,351.11,214.53,136.58,Retail Store
SAL06463,2025-02-20,ST02,CUS0123,PRD033,2,712.66,472.34,240.32,Marketplace
SAL06464,2022-08-07,ST07,CUS0218,PRD069,4,1465.17,890.56,574.61,Marketplace
SAL06465,2023-10-01,ST05,CUS0197,PRD045,1,339.25,178.36,160.89,Online
SAL06466,2023-08-02,ST04,CUS0124,PRD049,1,459.8,259.65,200.15,Retail Store
SAL06467,2024-08-26,ST09,CUS0145,PRD073,1,528.96,310.4,218.56,Marketplace
SAL06468,2023-12-12,ST04,CUS0182,PRD065,1,261.0,157.21,103.79,Retail Store
SAL06469,2022-08-12,ST01,CUS0242,PRD068,2,678.8,482.86,195.94,Mobile App
SAL06470,2024-10-10,ST09,CUS0058,PRD049,1,436.81,259.65,177.16,Retail Store
SAL06471,2025-07-02,ST12,CUS0244,PRD021,1,165.14,117.72,47.42,Online
SAL06472,2024-03-28,ST08,CUS0200,PRD035,2,864.43,541.94,322.49,Online
SAL06473,2024-05-25,ST12,CUS0157,PRD012,2,858.15,589.88,268.27,Mobile App
SAL06474,2025-06-19,ST01,CUS0171,PRD021,1,148.63,117.72,30.91,Online
SAL06475,2023-11-09,ST05,CUS0073,PRD031,1,448.4,226.91,221.49,Marketplace
SAL06476,2022-11-01,ST11,CUS0222,PRD074,2,335.2,199.44,135.76,Marketplace
SAL06477,2024-06-14,ST03,CUS0110,PRD063,1,314.78,149.01,165.77,Marketplace
SAL06478,2024-07-01,ST10,CUS0131,PRD021,3,495.42,353.16,142.26,Online
SAL06479,2022-12-02,ST04,CUS0127,PRD012,1,451.66,294.94,156.72,Mobile App
SAL06480,2024-08-22,ST02,CUS0202,PRD001,1,333.73,221.71,112.02,Marketplace
SAL06481,2023-03-08,ST05,CUS0331,PRD079,3,302.19,193.74,108.45,Retail Store
SAL06482,2023-02-17,ST10,CUS0203,PRD046,2,980.22,527.82,452.4,Marketplace
SAL06483,2024-08-21,ST01,CUS0190,PRD033,1,356.33,236.17,120.16,Marketplace
SAL06484,2024-04-29,ST11,CUS0184,PRD080,3,944.6,525.24,419.36,Online
SAL06485,2024-09-17,ST07,CUS0043,PRD049,1,413.82,259.65,154.17,Retail Store
SAL06486,2023-01-18,ST04,CUS0142,PRD026,2,951.03,480.48,470.55,Retail Store
SAL06487,2023-07-29,ST06,CUS0392,PRD020,4,1287.72,814.16,473.56,Retail Store
SAL06488,2022-12-29,ST07,CUS0164,PRD024,3,237.54,123.03,114.51,Retail Store
SAL06489,2022-12-29,ST05,CUS0227,PRD077,1,326.13,182.73,143.4,Marketplace
SAL06490,2023-10-09,ST12,CUS0154,PRD007,1,384.87,217.75,167.12,Retail Store
SAL06491,2023-02-18,ST05,CUS0076,PRD039,1,368.6,230.26,138.34,Mobile App
SAL06492,2023-06-03,ST11,CUS0355,PRD019,2,529.99,379.04,150.95,Mobile App
SAL06493,2025-07-16,ST07,CUS0080,PRD049,1,459.8,259.65,200.15,Marketplace
SAL06494,2025-02-15,ST07,CUS0132,PRD008,1,284.89,130.68,154.21,Online
SAL06495,2024-05-22,ST01,CUS0369,PRD004,1,514.85,291.78,223.07,Online
SAL06496,2025-04-27,ST07,CUS0238,PRD040,1,143.47,93.59,49.88,Retail Store
SAL06497,2024-05-29,ST12,CUS0397,PRD046,1,490.11,263.91,226.2,Retail Store
SAL06498,2024-03-22,ST12,CUS0316,PRD028,1,202.66,140.6,62.06,Online
SAL06499,2024-04-02,ST08,CUS0146,PRD060,1,344.03,165.18,178.85,Marketplace
SAL06500,2023-07-13,ST08,CUS0115,PRD078,2,671.25,346.78,324.47,Marketplace
SAL06501,2023-09-17,ST12,CUS0157,PRD024,1,79.18,41.01,38.17,Mobile App
SAL06502,2025-05-04,ST09,CUS0248,PRD022,2,359.8,179.56,180.24,Retail Store
SAL06503,2023-10-10,ST11,CUS0276,PRD023,1,156.0,86.92,69.08,Marketplace
SAL06504,2023-11-02,ST12,CUS0069,PRD014,2,352.53,208.9,143.63,Online
SAL06505,2023-06-02,ST03,CUS0055,PRD055,1,366.59,188.75,177.84,Marketplace
SAL06506,2023-07-08,ST10,CUS0312,PRD058,2,812.77,601.16,211.61,Mobile App
SAL06507,2023-04-21,ST10,CUS0038,PRD065,1,261.0,157.21,103.79,Retail Store
SAL06508,2025-04-10,ST09,CUS0362,PRD053,1,536.87,281.3,255.57,Online
SAL06509,2025-05-05,ST07,CUS0178,PRD059,2,621.24,325.2,296.04,Retail Store
SAL06510,2024-10-17,ST09,CUS0019,PRD038,1,253.36,189.75,63.61,Marketplace
SAL06511,2023-06-12,ST06,CUS0074,PRD025,1,204.97,144.31,60.66,Marketplace
SAL06512,2023-04-16,ST09,CUS0137,PRD065,1,261.0,157.21,103.79,Retail Store
SAL06513,2022-09-21,ST05,CUS0082,PRD049,2,873.62,519.3,354.32,Retail Store
SAL06514,2025-04-05,ST07,CUS0178,PRD050,3,343.2,229.92,113.28,Online
SAL06515,2024-05-20,ST07,CUS0379,PRD069,2,771.14,445.28,325.86,Retail Store
SAL06516,2023-09-19,ST06,CUS0014,PRD024,4,316.72,164.04,152.68,Retail Store
SAL06517,2025-05-10,ST09,CUS0066,PRD046,1,490.11,263.91,226.2,Marketplace
SAL06518,2024-04-24,ST05,CUS0216,PRD065,1,247.95,157.21,90.74,Marketplace
SAL06519,2024-10-25,ST07,CUS0059,PRD001,1,333.73,221.71,112.02,Marketplace
SAL06520,2023-03-31,ST12,CUS0009,PRD018,2,1095.3,624.7,470.6,Online
SAL06521,2024-09-02,ST03,CUS0195,PRD025,1,216.35,144.31,72.04,Retail Store
SAL06522,2025-02-20,ST04,CUS0191,PRD052,1,297.05,174.32,122.73,Retail Store
SAL06523,2023-05-07,ST09,CUS0242,PRD027,1,520.57,291.25,229.32,Mobile App
SAL06524,2023-11-20,ST03,CUS0354,PRD050,1,127.11,76.64,50.47,Mobile App
SAL06525,2023-03-12,ST06,CUS0116,PRD038,1,266.7,189.75,76.95,Online
SAL06526,2025-03-18,ST05,CUS0010,PRD076,1,132.2,81.2,51.0,Marketplace
SAL06527,2025-03-14,ST09,CUS0363,PRD029,2,399.32,235.66,163.66,Mobile App
SAL06528,2023-04-24,ST01,CUS0149,PRD018,1,547.65,312.35,235.3,Retail Store
SAL06529,2024-02-13,ST06,CUS0143,PRD008,3,854.67,392.04,462.63,Retail Store
SAL06530,2024-07-31,ST07,CUS0330,PRD052,3,940.67,522.96,417.71,Retail Store
SAL06531,2024-07-10,ST09,CUS0285,PRD048,4,876.32,593.44,282.88,Mobile App
SAL06532,2024-03-24,ST11,CUS0081,PRD073,2,1057.92,620.8,437.12,Online
SAL06533,2022-12-12,ST11,CUS0328,PRD075,4,1824.16,1025.8,798.36,Retail Store
SAL06534,2022-08-23,ST11,CUS0270,PRD044,1,495.38,340.71,154.67,Online
SAL06535,2023-07-05,ST06,CUS0080,PRD021,2,313.77,235.44,78.33,Retail Store
SAL06536,2023-10-17,ST02,CUS0057,PRD022,1,170.91,89.78,81.13,Marketplace
SAL06537,2024-05-12,ST01,CUS0341,PRD052,1,330.06,174.32,155.74,Online
SAL06538,2023-12-20,ST05,CUS0048,PRD068,1,305.46,241.43,64.03,Marketplace
SAL06539,2025-05-19,ST11,CUS0223,PRD045,1,321.4,178.36,143.04,Retail Store
SAL06540,2025-07-17,ST02,CUS0283,PRD062,1,400.07,264.27,135.8,Mobile App
SAL06541,2024-07-23,ST04,CUS0358,PRD071,1,55.44,40.95,14.49,Retail Store
SAL06542,2024-02-21,ST04,CUS0162,PRD009,2,71.53,40.84,30.69,Online
SAL06543,2024-11-14,ST07,CUS0194,PRD029,3,598.98,353.49,245.49,Mobile App
SAL06544,2024-02-09,ST05,CUS0101,PRD076,1,125.59,81.2,44.39,Mobile App
SAL06545,2025-02-21,ST04,CUS0027,PRD030,1,255.97,143.34,112.63,Online
SAL06546,2023-04-30,ST09,CUS0239,PRD056,2,826.1,539.24,286.86,Mobile App
SAL06547,2023-04-07,ST12,CUS0223,PRD051,2,277.64,144.74,132.9,Retail Store
SAL06548,2022-10-25,ST07,CUS0180,PRD043,1,248.39,163.5,84.89,Retail Store
SAL06549,2022-07-09,ST10,CUS0002,PRD053,1,510.03,281.3,228.73,Mobile App
SAL06550,2025-04-02,ST08,CUS0190,PRD008,2,512.8,261.36,251.44,Marketplace
SAL06551,2024-04-03,ST01,CUS0214,PRD055,1,366.59,188.75,177.84,Marketplace
SAL06552,2022-11-23,ST11,CUS0081,PRD070,1,421.32,300.33,120.99,Marketplace
SAL06553,2024-08-17,ST12,CUS0146,PRD013,1,543.57,308.2,235.37,Online
SAL06554,2022-11-07,ST05,CUS0232,PRD003,1,466.7,281.75,184.95,Retail Store
SAL06555,2023-12-22,ST10,CUS0234,PRD020,1,339.81,203.54,136.27,Online
SAL06556,2022-08-18,ST01,CUS0104,PRD064,2,340.22,206.4,133.82,Marketplace
SAL06557,2023-07-04,ST05,CUS0300,PRD080,1,332.36,175.08,157.28,Mobile App
SAL06558,2025-04-08,ST08,CUS0055,PRD020,3,1073.1,610.62,462.48,Mobile App
SAL06559,2024-02-04,ST09,CUS0161,PRD051,1,124.94,72.37,52.57,Mobile App
SAL06560,2023-02-02,ST07,CUS0284,PRD026,3,1426.55,720.72,705.83,Mobile App
SAL06561,2024-06-09,ST12,CUS0116,PRD039,2,663.48,460.52,202.96,Retail Store
SAL06562,2024-11-30,ST05,CUS0268,PRD051,2,277.64,144.74,132.9,Mobile App
SAL06563,2023-08-22,ST10,CUS0239,PRD048,4,876.32,593.44,282.88,Mobile App
SAL06564,2023-12-15,ST09,CUS0101,PRD059,2,621.24,325.2,296.04,Mobile App
SAL06565,2024-04-20,ST08,CUS0368,PRD055,1,329.93,188.75,141.18,Marketplace
SAL06566,2025-02-22,ST02,CUS0272,PRD017,1,80.14,41.34,38.8,Marketplace
SAL06567,2022-11-19,ST11,CUS0097,PRD011,1,417.38,195.47,221.91,Online
SAL06568,2023-04-02,ST08,CUS0083,PRD030,1,243.17,143.34,99.83,Online
SAL06569,2022-08-18,ST07,CUS0047,PRD077,2,617.94,365.46,252.48,Mobile App
SAL06570,2023-05-10,ST04,CUS0256,PRD078,2,635.92,346.78,289.14,Marketplace
SAL06571,2023-10-31,ST08,CUS0268,PRD051,1,131.88,72.37,59.51,Mobile App
SAL06572,2023-06-08,ST05,CUS0210,PRD075,1,481.37,256.45,224.92,Retail Store
SAL06573,2025-05-11,ST11,CUS0042,PRD069,2,732.58,445.28,287.3,Mobile App
SAL06574,2022-12-15,ST01,CUS0137,PRD030,1,230.37,143.34,87.03,Marketplace
SAL06575,2024-05-18,ST10,CUS0325,PRD014,1,176.26,104.45,71.81,Marketplace
SAL06576,2024-03-29,ST02,CUS0059,PRD045,1,339.25,178.36,160.89,Mobile App
SAL06577,2025-01-12,ST05,CUS0112,PRD054,1,63.7,33.69,30.01,Retail Store
SAL06578,2022-12-07,ST03,CUS0026,PRD053,1,536.87,281.3,255.57,Retail Store
SAL06579,2024-10-08,ST07,CUS0052,PRD076,2,264.4,162.4,102.0,Marketplace
SAL06580,2023-08-05,ST10,CUS0213,PRD079,3,302.19,193.74,108.45,Marketplace
SAL06581,2022-12-01,ST08,CUS0396,PRD021,4,594.5,470.88,123.62,Online
SAL06582,2022-11-07,ST03,CUS0090,PRD028,3,607.99,421.8,186.19,Online
SAL06583,2024-10-04,ST02,CUS0103,PRD063,1,283.3,149.01,134.29,Marketplace
SAL06584,2023-12-02,ST05,CUS0090,PRD067,4,1979.36,1054.4,924.96,Marketplace
SAL06585,2025-02-21,ST02,CUS0257,PRD075,1,506.71,256.45,250.26,Retail Store
SAL06586,2025-02-28,ST08,CUS0221,PRD006,1,140.64,73.42,67.22,Marketplace
SAL06587,2024-02-16,ST08,CUS0217,PRD021,2,330.28,235.44,94.84,Mobile App
SAL06588,2024-04-30,ST02,CUS0300,PRD055,1,366.59,188.75,177.84,Marketplace
SAL06589,2023-01-31,ST03,CUS0038,PRD002,1,185.6,140.36,45.24,Online
SAL06590,2024-04-16,ST05,CUS0384,PRD076,1,132.2,81.2,51.0,Mobile App
SAL06591,2024-06-07,ST05,CUS0196,PRD011,2,793.02,390.94,402.08,Retail Store
SAL06592,2025-01-31,ST02,CUS0352,PRD063,2,629.56,298.02,331.54,Retail Store
SAL06593,2025-06-20,ST11,CUS0221,PRD001,2,704.54,443.42,261.12,Mobile App
SAL06594,2024-03-17,ST06,CUS0281,PRD022,1,179.9,89.78,90.12,Retail Store
SAL06595,2023-10-28,ST06,CUS0134,PRD005,2,144.42,83.5,60.92,Marketplace
SAL06596,2024-12-24,ST09,CUS0205,PRD066,1,479.94,293.37,186.57,Online
SAL06597,2025-05-04,ST03,CUS0078,PRD020,1,357.7,203.54,154.16,Retail Store
SAL06598,2024-05-17,ST12,CUS0178,PRD050,3,343.2,229.92,113.28,Marketplace
SAL06599,2025-05-29,ST11,CUS0157,PRD058,3,1354.62,901.74,452.88,Mobile App
SAL06600,2023-04-20,ST11,CUS0070,PRD035,2,960.48,541.94,418.54,Retail Store
SAL06601,2023-08-10,ST01,CUS0338,PRD065,2,522.0,314.42,207.58,Mobile App
SAL06602,2023-06-01,ST12,CUS0001,PRD019,1,264.99,189.52,75.47,Marketplace
SAL06603,2023-04-19,ST08,CUS0035,PRD023,5,821.05,434.6,386.45,Mobile App
SAL06604,2023-07-04,ST09,CUS0214,PRD055,1,348.26,188.75,159.51,Retail Store
SAL06605,2023-09-10,ST08,CUS0062,PRD072,1,496.37,285.8,210.57,Marketplace
SAL06606,2022-10-04,ST02,CUS0064,PRD019,1,264.99,189.52,75.47,Marketplace
SAL06607,2023-03-08,ST04,CUS0076,PRD014,2,391.7,208.9,182.8,Mobile App
SAL06608,2024-03-02,ST06,CUS0357,PRD050,3,343.2,229.92,113.28,Online
SAL06609,2023-08-22,ST10,CUS0187,PRD051,3,374.81,217.11,157.7,Retail Store
SAL06610,2025-03-23,ST11,CUS0209,PRD013,1,543.57,308.2,235.37,Mobile App
SAL06611,2023-05-30,ST02,CUS0351,PRD070,1,468.13,300.33,167.8,Marketplace
SAL06612,2023-01-23,ST03,CUS0360,PRD053,1,536.87,281.3,255.57,Online
SAL06613,2025-01-19,ST07,CUS0279,PRD005,1,72.21,41.75,30.46,Retail Store
SAL06614,2022-12-25,ST04,CUS0052,PRD018,1,547.65,312.35,235.3,Mobile App
SAL06615,2024-07-25,ST07,CUS0293,PRD004,1,541.95,291.78,250.17,Mobile App
SAL06616,2022-11-30,ST04,CUS0282,PRD063,3,944.34,447.03,497.31,Retail Store
SAL06617,2025-02-21,ST01,CUS0204,PRD035,1,432.22,270.97,161.25,Online
SAL06618,2023-02-05,ST08,CUS0357,PRD034,1,156.51,103.0,53.51,Retail Store
SAL06619,2023-11-28,ST12,CUS0291,PRD060,2,724.28,330.36,393.92,Online
SAL06620,2023-01-23,ST05,CUS0160,PRD040,1,151.02,93.59,57.43,Marketplace
SAL06621,2023-10-01,ST07,CUS0193,PRD048,2,416.25,296.72,119.53,Retail Store
SAL06622,2024-07-08,ST03,CUS0204,PRD077,1,343.3,182.73,160.57,Online
SAL06623,2022-07-22,ST10,CUS0121,PRD022,2,359.8,179.56,180.24,Mobile App
SAL06624,2023-03-19,ST11,CUS0059,PRD002,1,185.6,140.36,45.24,Marketplace
SAL06625,2023-11-20,ST01,CUS0043,PRD050,2,254.22,153.28,100.94,Online
SAL06626,2024-04-13,ST06,CUS0201,PRD014,1,176.26,104.45,71.81,Retail Store
SAL06627,2024-01-19,ST03,CUS0236,PRD072,3,1571.83,857.4,714.43,Marketplace
SAL06628,2024-08-19,ST06,CUS0356,PRD005,3,216.63,125.25,91.38,Retail Store
SAL06629,2024-12-18,ST09,CUS0115,PRD080,3,944.6,525.24,419.36,Online
SAL06630,2023-09-20,ST01,CUS0309,PRD008,1,284.89,130.68,154.21,Mobile App
SAL06631,2025-01-11,ST07,CUS0045,PRD066,2,911.89,586.74,325.15,Online
SAL06632,2025-01-21,ST10,CUS0043,PRD077,1,343.3,182.73,160.57,Retail Store
SAL06633,2022-08-06,ST01,CUS0067,PRD035,3,1440.72,812.91,627.81,Mobile App
SAL06634,2024-12-08,ST06,CUS0032,PRD075,1,506.71,256.45,250.26,Marketplace
SAL06635,2025-07-18,ST02,CUS0057,PRD030,3,691.12,430.02,261.1,Marketplace
SAL06636,2024-07-03,ST07,CUS0180,PRD051,1,131.88,72.37,59.51,Online
SAL06637,2024-09-08,ST02,CUS0141,PRD024,1,79.18,41.01,38.17,Marketplace
SAL06638,2025-04-06,ST01,CUS0373,PRD043,1,275.99,163.5,112.49,Mobile App
SAL06639,2024-04-01,ST02,CUS0028,PRD016,1,304.02,178.49,125.53,Mobile App
SAL06640,2023-05-12,ST11,CUS0310,PRD075,1,506.71,256.45,250.26,Online
SAL06641,2024-10-26,ST10,CUS0136,PRD024,1,79.18,41.01,38.17,Mobile App
SAL06642,2025-06-15,ST01,CUS0135,PRD033,2,677.03,472.34,204.69,Marketplace
SAL06643,2022-12-20,ST10,CUS0177,PRD011,1,417.38,195.47,221.91,Online
SAL06644,2024-12-23,ST10,CUS0027,PRD018,1,520.27,312.35,207.92,Marketplace
SAL06645,2022-10-09,ST07,CUS0277,PRD036,5,1661.5,995.15,666.35,Online
SAL06646,2024-07-16,ST06,CUS0087,PRD072,3,1654.56,857.4,797.16,Retail Store
SAL06647,2023-12-31,ST03,CUS0113,PRD038,3,800.1,569.25,230.85,Retail Store
SAL06648,2025-03-28,ST05,CUS0088,PRD062,2,800.14,528.54,271.6,Marketplace
SAL06649,2022-09-11,ST06,CUS0400,PRD008,2,569.78,261.36,308.42,Online
SAL06650,2023-04-23,ST11,CUS0270,PRD008,1,284.89,130.68,154.21,Marketplace
SAL06651,2025-07-23,ST09,CUS0232,PRD015,3,1603.92,810.87,793.05,Marketplace
SAL06652,2023-06-06,ST06,CUS0103,PRD015,2,1069.28,540.58,528.7,Mobile App
SAL06653,2025-02-02,ST03,CUS0101,PRD057,1,441.9,203.53,238.37,Online
SAL06654,2022-09-04,ST06,CUS0354,PRD008,2,541.29,261.36,279.93,Retail Store
SAL06655,2023-03-15,ST06,CUS0221,PRD029,1,179.69,117.83,61.86,Mobile App
SAL06656,2024-12-10,ST06,CUS0096,PRD075,1,481.37,256.45,224.92,Retail Store
SAL06657,2025-01-25,ST03,CUS0373,PRD064,1,161.6,103.2,58.4,Online
SAL06658,2025-06-01,ST12,CUS0001,PRD077,1,343.3,182.73,160.57,Marketplace
SAL06659,2022-12-31,ST10,CUS0382,PRD074,2,301.68,199.44,102.24,Retail Store
SAL06660,2025-01-03,ST08,CUS0373,PRD009,1,39.74,20.42,19.32,Retail Store
SAL06661,2024-05-17,ST01,CUS0246,PRD030,2,511.94,286.68,225.26,Marketplace
SAL06662,2023-05-12,ST08,CUS0197,PRD010,1,334.05,190.06,143.99,Marketplace
SAL06663,2023-09-14,ST08,CUS0093,PRD061,2,702.76,340.64,362.12,Online
SAL06664,2023-01-21,ST05,CUS0375,PRD019,3,836.82,568.56,268.26,Retail Store
SAL06665,2024-10-24,ST03,CUS0214,PRD022,2,359.8,179.56,180.24,Retail Store
SAL06666,2024-09-29,ST01,CUS0106,PRD069,2,694.03,445.28,248.75,Online
SAL06667,2024-10-26,ST10,CUS0010,PRD024,3,237.54,123.03,114.51,Mobile App
SAL06668,2024-11-01,ST02,CUS0327,PRD029,1,179.69,117.83,61.86,Online
SAL06669,2023-02-10,ST02,CUS0131,PRD069,1,385.57,222.64,162.93,Online
SAL06670,2022-11-28,ST02,CUS0347,PRD012,1,406.49,294.94,111.55,Online
SAL06671,2025-07-24,ST08,CUS0028,PRD030,1,255.97,143.34,112.63,Retail Store
SAL06672,2024-06-02,ST08,CUS0302,PRD030,2,511.94,286.68,225.26,Marketplace
SAL06673,2023-03-21,ST08,CUS0271,PRD023,1,156.0,86.92,69.08,Retail Store
SAL06674,2022-12-01,ST01,CUS0384,PRD027,3,1735.23,873.75,861.48,Online
SAL06675,2022-11-29,ST08,CUS0260,PRD030,1,243.17,143.34,99.83,Retail Store
SAL06676,2023-09-25,ST01,CUS0004,PRD076,2,251.18,162.4,88.78,Marketplace
SAL06677,2025-07-21,ST05,CUS0219,PRD079,6,636.18,387.48,248.7,Marketplace
SAL06678,2023-02-28,ST01,CUS0378,PRD059,2,559.12,325.2,233.92,Marketplace
SAL06679,2025-03-15,ST03,CUS0189,PRD068,1,339.4,241.43,97.97,Online
SAL06680,2023-03-16,ST02,CUS0317,PRD076,2,264.4,162.4,102.0,Mobile App
SAL06681,2023-03-05,ST04,CUS0035,PRD040,2,302.04,187.18,114.86,Marketplace
SAL06682,2023-04-12,ST09,CUS0129,PRD034,1,156.51,103.0,53.51,Retail Store
SAL06683,2023-12-10,ST05,CUS0184,PRD075,1,506.71,256.45,250.26,Online
SAL06684,2022-09-15,ST05,CUS0106,PRD029,1,199.66,117.83,81.83,Retail Store
SAL06685,2024-08-18,ST12,CUS0191,PRD023,2,295.58,173.84,121.74,Mobile App
SAL06686,2024-07-24,ST01,CUS0033,PRD043,1,248.39,163.5,84.89,Online
SAL06687,2023-10-25,ST02,CUS0228,PRD014,2,391.7,208.9,182.8,Marketplace
SAL06688,2023-11-26,ST06,CUS0275,PRD036,1,332.3,199.03,133.27,Retail Store
SAL06689,2025-05-16,ST11,CUS0309,PRD044,1,495.38,340.71,154.67,Marketplace
SAL06690,2022-07-13,ST07,CUS0346,PRD037,1,194.23,94.84,99.39,Marketplace
SAL06691,2025-02-18,ST05,CUS0174,PRD018,2,1040.53,624.7,415.83,Marketplace
SAL06692,2022-12-07,ST04,CUS0170,PRD064,2,306.2,206.4,99.8,Retail Store
SAL06693,2023-12-21,ST09,CUS0223,PRD058,1,451.54,300.58,150.96,Mobile App
SAL06694,2024-05-17,ST05,CUS0067,PRD025,1,216.35,144.31,72.04,Retail Store
SAL06695,2024-10-23,ST11,CUS0006,PRD015,1,534.64,270.29,264.35,Marketplace
SAL06696,2023-06-20,ST10,CUS0059,PRD020,1,321.93,203.54,118.39,Marketplace
SAL06697,2025-04-07,ST05,CUS0400,PRD033,2,677.03,472.34,204.69,Online
SAL06698,2022-09-02,ST09,CUS0215,PRD012,3,1354.98,884.82,470.16,Mobile App
SAL06699,2023-05-10,ST05,CUS0199,PRD010,1,300.65,190.06,110.59,Retail Store
SAL06700,2023-08-21,ST08,CUS0010,PRD079,1,106.03,64.58,41.45,Mobile App
SAL06701,2022-09-02,ST02,CUS0175,PRD036,1,299.07,199.03,100.04,Marketplace
SAL06702,2025-05-26,ST03,CUS0295,PRD037,2,388.46,189.68,198.78,Retail Store
SAL06703,2023-01-11,ST07,CUS0356,PRD049,1,459.8,259.65,200.15,Retail Store
SAL06704,2023-03-17,ST11,CUS0246,PRD015,1,534.64,270.29,264.35,Mobile App
SAL06705,2024-04-16,ST03,CUS0164,PRD021,1,165.14,117.72,47.42,Marketplace
SAL06706,2024-11-13,ST10,CUS0062,PRD060,1,362.14,165.18,196.96,Retail Store
SAL06707,2025-01-04,ST11,CUS0366,PRD049,3,1379.4,778.95,600.45,Marketplace
SAL06708,2023-01-09,ST10,CUS0353,PRD026,1,528.35,240.24,288.11,Marketplace
SAL06709,2022-08-02,ST06,CUS0099,PRD046,1,441.1,263.91,177.19,Online
SAL06710,2023-05-01,ST05,CUS0372,PRD021,5,825.7,588.6,237.1,Mobile App
SAL06711,2025-04-29,ST06,CUS0371,PRD078,2,706.58,346.78,359.8,Online
SAL06712,2024-12-09,ST02,CUS0116,PRD025,2,432.71,288.62,144.09,Mobile App
SAL06713,2022-08-22,ST03,CUS0101,PRD035,2,960.48,541.94,418.54,Online
SAL06714,2024-02-29,ST10,CUS0213,PRD036,3,996.9,597.09,399.81,Mobile App
SAL06715,2023-11-29,ST07,CUS0064,PRD046,1,441.1,263.91,177.19,Marketplace
SAL06716,2025-05-31,ST04,CUS0265,PRD071,1,55.44,40.95,14.49,Marketplace
SAL06717,2024-12-17,ST01,CUS0081,PRD062,3,1200.21,792.81,407.4,Online
SAL06718,2024-12-28,ST02,CUS0255,PRD073,1,476.06,310.4,165.66,Mobile App
SAL06719,2024-12-14,ST02,CUS0239,PRD019,2,529.99,379.04,150.95,Marketplace
SAL06720,2025-04-28,ST05,CUS0214,PRD041,3,594.39,311.88,282.51,Mobile App
SAL06721,2022-07-19,ST03,CUS0307,PRD028,1,192.0,140.6,51.4,Mobile App
SAL06722,2023-11-24,ST05,CUS0105,PRD003,1,492.63,281.75,210.88,Marketplace
SAL06723,2022-12-31,ST05,CUS0206,PRD077,1,343.3,182.73,160.57,Mobile App
SAL06724,2022-12-31,ST07,CUS0001,PRD040,1,143.47,93.59,49.88,Mobile App
SAL06725,2024-12-14,ST04,CUS0175,PRD020,3,1073.1,610.62,462.48,Online
SAL06726,2023-05-26,ST04,CUS0298,PRD051,1,138.82,72.37,66.45,Retail Store
SAL06727,2025-03-19,ST11,CUS0051,PRD010,1,300.65,190.06,110.59,Marketplace
SAL06728,2022-09-04,ST11,CUS0059,PRD023,2,328.42,173.84,154.58,Online
SAL06729,2025-01-02,ST01,CUS0085,PRD003,2,1037.12,563.5,473.62,Mobile App
SAL06730,2024-09-21,ST11,CUS0322,PRD055,2,733.18,377.5,355.68,Marketplace
SAL06731,2025-04-27,ST04,CUS0341,PRD022,1,161.91,89.78,72.13,Marketplace
SAL06732,2023-04-18,ST12,CUS0209,PRD016,1,337.8,178.49,159.31,Retail Store
SAL06733,2025-03-21,ST02,CUS0220,PRD070,3,1263.95,900.99,362.96,Retail Store
SAL06734,2023-12-03,ST12,CUS0394,PRD032,3,1819.21,967.8,851.41,Mobile App
SAL06735,2024-11-20,ST07,CUS0354,PRD008,3,769.2,392.04,377.16,Mobile App
SAL06736,2022-10-23,ST06,CUS0017,PRD070,1,468.13,300.33,167.8,Mobile App
SAL06737,2025-04-28,ST11,CUS0152,PRD006,1,148.46,73.42,75.04,Marketplace
SAL06738,2024-06-23,ST01,CUS0182,PRD031,1,448.4,226.91,221.49,Retail Store
SAL06739,2024-08-17,ST05,CUS0271,PRD066,3,1295.84,880.11,415.73,Marketplace
SAL06740,2023-06-27,ST07,CUS0033,PRD038,3,800.1,569.25,230.85,Online
SAL06741,2023-04-20,ST06,CUS0270,PRD022,1,179.9,89.78,90.12,Marketplace
SAL06742,2022-10-28,ST07,CUS0118,PRD029,3,569.03,353.49,215.54,Retail Store
SAL06743,2024-12-02,ST06,CUS0115,PRD024,4,316.72,164.04,152.68,Retail Store
SAL06744,2024-05-07,ST10,CUS0323,PRD064,3,510.33,309.6,200.73,Retail Store
SAL06745,2025-02-25,ST03,CUS0286,PRD016,2,608.04,356.98,251.06,Retail Store
SAL06746,2025-05-08,ST12,CUS0015,PRD032,1,638.32,322.6,315.72,Retail Store
SAL06747,2022-08-26,ST08,CUS0080,PRD003,1,518.56,281.75,236.81,Retail Store
SAL06748,2023-08-10,ST09,CUS0329,PRD046,2,980.22,527.82,452.4,Mobile App
SAL06749,2024-03-01,ST10,CUS0321,PRD059,1,295.09,162.6,132.49,Retail Store
SAL06750,2024-02-25,ST03,CUS0194,PRD043,1,275.99,163.5,112.49,Online
SAL06751,2025-05-02,ST05,CUS0303,PRD005,2,137.2,83.5,53.7,Marketplace
SAL06752,2022-12-21,ST09,CUS0264,PRD052,1,330.06,174.32,155.74,Mobile App
SAL06753,2024-08-02,ST11,CUS0134,PRD026,1,501.93,240.24,261.69,Mobile App
SAL06754,2024-06-08,ST03,CUS0260,PRD042,2,1116.0,678.82,437.18,Mobile App
SAL06755,2023-07-18,ST04,CUS0207,PRD034,2,297.37,206.0,91.37,Online
SAL06756,2025-03-09,ST01,CUS0113,PRD032,1,638.32,322.6,315.72,Online
SAL06757,2022-09-11,ST08,CUS0140,PRD001,2,741.62,443.42,298.2,Marketplace
SAL06758,2022-12-23,ST04,CUS0078,PRD052,1,330.06,174.32,155.74,Online
SAL06759,2024-05-05,ST12,CUS0127,PRD047,1,351.11,214.53,136.58,Retail Store
SAL06760,2024-12-20,ST09,CUS0325,PRD017,1,80.14,41.34,38.8,Mobile App
SAL06761,2024-04-19,ST01,CUS0386,PRD002,2,412.44,280.72,131.72,Retail Store
SAL06762,2024-08-13,ST06,CUS0301,PRD018,4,2190.6,1249.4,941.2,Retail Store
SAL06763,2023-09-07,ST12,CUS0340,PRD063,1,283.3,149.01,134.29,Retail Store
SAL06764,2024-10-31,ST12,CUS0254,PRD069,1,385.57,222.64,162.93,Retail Store
SAL06765,2023-05-14,ST06,CUS0198,PRD039,1,350.17,230.26,119.91,Marketplace
SAL06766,2023-04-13,ST01,CUS0231,PRD031,1,425.98,226.91,199.07,Retail Store
SAL06767,2024-01-23,ST12,CUS0393,PRD034,1,156.51,103.0,53.51,Marketplace
SAL06768,2024-10-10,ST08,CUS0392,PRD025,2,455.48,288.62,166.86,Retail Store
SAL06769,2025-06-01,ST06,CUS0121,PRD033,3,1068.99,708.51,360.48,Mobile App
SAL06770,2023-12-29,ST05,CUS0380,PRD045,2,678.51,356.72,321.79,Online
SAL06771,2024-06-06,ST11,CUS0079,PRD017,1,72.13,41.34,30.79,Mobile App
SAL06772,2023-11-21,ST07,CUS0391,PRD059,2,590.18,325.2,264.98,Retail Store
SAL06773,2024-11-13,ST08,CUS0313,PRD008,1,284.89,130.68,154.21,Retail Store
SAL06774,2022-09-24,ST11,CUS0047,PRD074,1,167.6,99.72,67.88,Marketplace
SAL06775,2023-01-26,ST04,CUS0311,PRD014,1,195.85,104.45,91.4,Retail Store
SAL06776,2022-11-24,ST05,CUS0052,PRD048,2,438.16,296.72,141.44,Mobile App
SAL06777,2022-10-05,ST01,CUS0153,PRD080,1,349.85,175.08,174.77,Mobile App
SAL06778,2022-08-23,ST07,CUS0310,PRD066,1,479.94,293.37,186.57,Marketplace
SAL06779,2024-02-18,ST05,CUS0283,PRD001,2,704.54,443.42,261.12,Mobile App
SAL06780,2025-06-22,ST05,CUS0344,PRD035,1,432.22,270.97,161.25,Mobile App
SAL06781,2022-08-17,ST12,CUS0382,PRD049,1,413.82,259.65,154.17,Marketplace
SAL06782,2024-08-23,ST06,CUS0185,PRD060,1,344.03,165.18,178.85,Retail Store
SAL06783,2025-07-11,ST05,CUS0126,PRD021,1,165.14,117.72,47.42,Retail Store
SAL06784,2024-03-14,ST12,CUS0387,PRD011,1,417.38,195.47,221.91,Online
SAL06785,2024-12-26,ST01,CUS0314,PRD023,4,656.84,347.68,309.16,Retail Store
SAL06786,2024-10-14,ST01,CUS0183,PRD012,1,429.08,294.94,134.14,Marketplace
SAL06787,2022-08-26,ST12,CUS0304,PRD022,2,359.8,179.56,180.24,Online
SAL06788,2025-04-27,ST03,CUS0051,PRD003,2,1037.12,563.5,473.62,Marketplace
SAL06789,2025-07-03,ST03,CUS0398,PRD018,1,547.65,312.35,235.3,Mobile App
SAL06790,2022-09-22,ST03,CUS0131,PRD029,1,199.66,117.83,81.83,Retail Store
SAL06791,2025-02-17,ST05,CUS0071,PRD067,1,494.84,263.6,231.24,Mobile App
SAL06792,2025-02-26,ST12,CUS0234,PRD060,3,977.78,495.54,482.24,Marketplace
SAL06793,2023-12-28,ST02,CUS0148,PRD028,1,213.33,140.6,72.73,Marketplace
SAL06794,2024-08-19,ST01,CUS0107,PRD020,3,1019.44,610.62,408.82,Online
SAL06795,2024-12-15,ST02,CUS0253,PRD041,1,198.13,103.96,94.17,Marketplace
SAL06796,2025-05-16,ST08,CUS0257,PRD009,1,37.75,20.42,17.33,Mobile App
SAL06797,2024-05-04,ST09,CUS0255,PRD074,2,301.68,199.44,102.24,Mobile App
SAL06798,2023-08-01,ST11,CUS0381,PRD027,2,1156.82,582.5,574.32,Online
SAL06799,2024-04-22,ST06,CUS0274,PRD042,2,1240.0,678.82,561.18,Mobile App
SAL06800,2024-05-28,ST12,CUS0326,PRD042,1,558.0,339.41,218.59,Mobile App
SAL06801,2023-04-10,ST05,CUS0162,PRD016,1,337.8,178.49,159.31,Mobile App
SAL06802,2023-08-04,ST01,CUS0216,PRD032,2,1276.64,645.2,631.44,Online
SAL06803,2024-05-04,ST03,CUS0253,PRD071,1,58.36,40.95,17.41,Online
SAL06804,2024-10-05,ST09,CUS0277,PRD001,2,741.62,443.42,298.2,Marketplace
SAL06805,2025-04-06,ST05,CUS0219,PRD005,3,216.63,125.25,91.38,Mobile App
SAL06806,2022-11-01,ST03,CUS0378,PRD039,1,368.6,230.26,138.34,Retail Store
SAL06807,2022-10-23,ST07,CUS0347,PRD073,5,2380.32,1552.0,828.32,Online
SAL06808,2023-01-14,ST08,CUS0400,PRD032,2,1276.64,645.2,631.44,Marketplace
SAL06809,2025-04-15,ST01,CUS0350,PRD074,4,670.4,398.88,271.52,Mobile App
SAL06810,2025-05-30,ST09,CUS0009,PRD046,2,882.2,527.82,354.38,Retail Store
SAL06811,2024-10-20,ST10,CUS0104,PRD055,1,366.59,188.75,177.84,Mobile App
SAL06812,2023-04-08,ST06,CUS0140,PRD043,3,827.97,490.5,337.47,Mobile App
SAL06813,2024-03-19,ST07,CUS0309,PRD024,1,79.18,41.01,38.17,Online
SAL06814,2023-01-21,ST05,CUS0024,PRD062,1,380.07,264.27,115.8,Marketplace
SAL06815,2022-07-25,ST10,CUS0032,PRD065,5,1174.5,786.05,388.45,Mobile App
SAL06816,2025-02-20,ST04,CUS0281,PRD051,1,138.82,72.37,66.45,Retail Store
SAL06817,2022-12-16,ST09,CUS0051,PRD046,1,490.11,263.91,226.2,Mobile App
SAL06818,2022-11-05,ST03,CUS0016,PRD040,2,286.94,187.18,99.76,Mobile App
SAL06819,2023-01-15,ST11,CUS0135,PRD047,2,667.11,429.06,238.05,Retail Store
SAL06820,2024-08-03,ST03,CUS0142,PRD016,1,304.02,178.49,125.53,Mobile App
SAL06821,2024-08-10,ST11,CUS0124,PRD003,1,518.56,281.75,236.81,Marketplace
SAL06822,2023-04-20,ST07,CUS0126,PRD074,1,150.84,99.72,51.12,Online
SAL06823,2025-03-16,ST03,CUS0019,PRD039,2,737.2,460.52,276.68,Retail Store
SAL06824,2023-09-04,ST06,CUS0138,PRD004,2,1083.9,583.56,500.34,Retail Store
SAL06825,2025-06-13,ST01,CUS0200,PRD037,1,184.52,94.84,89.68,Mobile App
SAL06826,2025-04-19,ST11,CUS0157,PRD025,2,409.93,288.62,121.31,Online
SAL06827,2024-10-11,ST07,CUS0318,PRD003,1,492.63,281.75,210.88,Marketplace
SAL06828,2022-07-02,ST10,CUS0159,PRD026,1,528.35,240.24,288.11,Marketplace
SAL06829,2024-02-28,ST06,CUS0028,PRD049,2,919.6,519.3,400.3,Marketplace
SAL06830,2023-02-06,ST12,CUS0098,PRD058,2,812.77,601.16,211.61,Retail Store
SAL06831,2025-07-04,ST06,CUS0184,PRD034,2,313.02,206.0,107.02,Online
SAL06832,2023-05-28,ST04,CUS0096,PRD054,1,63.7,33.69,30.01,Retail Store
SAL06833,2023-11-11,ST04,CUS0321,PRD077,2,686.6,365.46,321.14,Online
SAL06834,2025-04-14,ST01,CUS0368,PRD010,1,300.65,190.06,110.59,Retail Store
SAL06835,2022-07-21,ST01,CUS0350,PRD016,1,337.8,178.49,159.31,Marketplace
SAL06836,2024-01-17,ST12,CUS0098,PRD061,2,632.48,340.64,291.84,Retail Store
SAL06837,2024-02-04,ST12,CUS0229,PRD005,3,205.8,125.25,80.55,Retail Store
SAL06838,2024-01-24,ST07,CUS0354,PRD074,1,150.84,99.72,51.12,Marketplace
SAL06839,2024-04-14,ST07,CUS0356,PRD002,1,195.91,140.36,55.55,Marketplace
SAL06840,2023-07-08,ST09,CUS0339,PRD066,2,959.88,586.74,373.14,Online
SAL06841,2023-05-02,ST07,CUS0046,PRD026,1,528.35,240.24,288.11,Retail Store
SAL06842,2022-07-24,ST04,CUS0278,PRD077,1,343.3,182.73,160.57,Retail Store
SAL06843,2023-01-04,ST03,CUS0252,PRD024,1,79.18,41.01,38.17,Retail Store
SAL06844,2025-02-23,ST01,CUS0138,PRD014,3,587.55,313.35,274.2,Mobile App
SAL06845,2024-05-22,ST04,CUS0306,PRD026,2,1056.7,480.48,576.22,Marketplace
SAL06846,2023-08-30,ST10,CUS0265,PRD080,4,1259.46,700.32,559.14,Mobile App
SAL06847,2024-01-23,ST04,CUS0337,PRD062,2,720.13,528.54,191.59,Mobile App
SAL06848,2023-07-29,ST06,CUS0304,PRD032,1,638.32,322.6,315.72,Marketplace
SAL06849,2024-05-20,ST12,CUS0189,PRD023,3,443.37,260.76,182.61,Retail Store
SAL06850,2025-03-12,ST04,CUS0173,PRD012,2,903.32,589.88,313.44,Mobile App
SAL06851,2023-01-30,ST03,CUS0212,PRD074,2,335.2,199.44,135.76,Retail Store
SAL06852,2024-08-06,ST04,CUS0094,PRD027,1,578.41,291.25,287.16,Online
SAL06853,2024-01-11,ST12,CUS0058,PRD002,2,371.2,280.72,90.48,Online
SAL06854,2024-06-02,ST09,CUS0337,PRD049,1,436.81,259.65,177.16,Retail Store
SAL06855,2025-04-13,ST04,CUS0252,PRD015,2,962.35,540.58,421.77,Mobile App
SAL06856,2023-09-21,ST06,CUS0354,PRD042,1,620.0,339.41,280.59,Mobile App
SAL06857,2024-06-14,ST02,CUS0177,PRD007,3,1039.15,653.25,385.9,Retail Store
SAL06858,2023-02-21,ST07,CUS0347,PRD060,1,362.14,165.18,196.96,Mobile App
SAL06859,2025-06-02,ST07,CUS0198,PRD021,1,165.14,117.72,47.42,Mobile App
SAL06860,2024-05-04,ST07,CUS0117,PRD040,3,430.41,280.77,149.64,Marketplace
SAL06861,2023-06-22,ST11,CUS0132,PRD001,1,370.81,221.71,149.1,Retail Store
SAL06862,2023-03-20,ST01,CUS0257,PRD003,4,2074.24,1127.0,947.24,Online
SAL06863,2023-01-25,ST10,CUS0142,PRD051,3,416.46,217.11,199.35,Online
SAL06864,2025-05-03,ST10,CUS0337,PRD042,1,589.0,339.41,249.59,Mobile App
SAL06865,2023-12-16,ST06,CUS0304,PRD068,2,644.86,482.86,162.0,Mobile App
SAL06866,2024-12-11,ST03,CUS0191,PRD018,2,1040.53,624.7,415.83,Mobile App
SAL06867,2022-12-28,ST08,CUS0047,PRD028,3,607.99,421.8,186.19,Retail Store
SAL06868,2023-08-08,ST04,CUS0186,PRD001,2,704.54,443.42,261.12,Online
SAL06869,2022-12-20,ST06,CUS0210,PRD046,1,465.6,263.91,201.69,Online
SAL06870,2023-10-15,ST04,CUS0255,PRD027,2,1156.82,582.5,574.32,Online
SAL06871,2025-03-24,ST09,CUS0280,PRD040,1,135.92,93.59,42.33,Retail Store
SAL06872,2023-07-29,ST01,CUS0031,PRD080,2,699.7,350.16,349.54,Retail Store
SAL06873,2022-10-03,ST03,CUS0129,PRD022,1,179.9,89.78,90.12,Retail Store
SAL06874,2024-12-28,ST08,CUS0231,PRD017,3,228.4,124.02,104.38,Retail Store
SAL06875,2022-11-28,ST03,CUS0204,PRD050,2,254.22,153.28,100.94,Mobile App
SAL06876,2024-07-06,ST08,CUS0279,PRD061,2,702.76,340.64,362.12,Mobile App
SAL06877,2024-04-05,ST03,CUS0050,PRD015,1,481.18,270.29,210.89,Mobile App
SAL06878,2025-05-10,ST03,CUS0147,PRD065,1,261.0,157.21,103.79,Marketplace
SAL06879,2022-12-17,ST05,CUS0249,PRD023,1,164.21,86.92,77.29,Retail Store
SAL06880,2023-05-18,ST01,CUS0132,PRD080,1,349.85,175.08,174.77,Marketplace
SAL06881,2022-09-19,ST10,CUS0371,PRD072,1,551.52,285.8,265.72,Online
SAL06882,2025-05-06,ST02,CUS0246,PRD056,3,1177.19,808.86,368.33,Retail Store
SAL06883,2025-06-10,ST05,CUS0269,PRD054,1,57.33,33.69,23.64,Retail Store
SAL06884,2024-11-12,ST04,CUS0197,PRD020,1,321.93,203.54,118.39,Online
SAL06885,2023-03-03,ST05,CUS0305,PRD058,1,451.54,300.58,150.96,Mobile App
SAL06886,2022-12-18,ST06,CUS0331,PRD045,1,357.11,178.36,178.75,Marketplace
SAL06887,2023-06-23,ST04,CUS0392,PRD031,1,448.4,226.91,221.49,Retail Store
SAL06888,2024-10-30,ST08,CUS0267,PRD078,1,353.29,173.39,179.9,Online
SAL06889,2024-08-28,ST12,CUS0083,PRD066,3,1439.82,880.11,559.71,Online
SAL06890,2023-09-26,ST06,CUS0280,PRD076,5,661.0,406.0,255.0,Marketplace
SAL06891,2023-11-03,ST10,CUS0150,PRD008,1,270.65,130.68,139.97,Online
SAL06892,2023-12-04,ST05,CUS0157,PRD036,1,315.69,199.03,116.66,Online
SAL06893,2024-09-18,ST05,CUS0197,PRD038,1,253.36,189.75,63.61,Mobile App
SAL06894,2022-12-21,ST06,CUS0222,PRD073,1,476.06,310.4,165.66,Retail Store
SAL06895,2023-10-04,ST02,CUS0051,PRD032,1,638.32,322.6,315.72,Retail Store
SAL06896,2025-01-16,ST03,CUS0066,PRD048,2,438.16,296.72,141.44,Retail Store
SAL06897,2024-09-21,ST10,CUS0387,PRD045,1,357.11,178.36,178.75,Retail Store
SAL06898,2024-07-17,ST07,CUS0101,PRD021,3,445.88,353.16,92.72,Marketplace
SAL06899,2025-06-09,ST09,CUS0017,PRD050,1,114.4,76.64,37.76,Online
SAL06900,2022-08-18,ST04,CUS0076,PRD030,2,511.94,286.68,225.26,Retail Store
SAL06901,2023-08-29,ST11,CUS0127,PRD010,2,601.29,380.12,221.17,Mobile App
SAL06902,2023-07-13,ST06,CUS0089,PRD022,3,539.7,269.34,270.36,Mobile App
SAL06903,2023-04-18,ST01,CUS0231,PRD047,3,1053.33,643.59,409.74,Retail Store
SAL06904,2024-01-31,ST09,CUS0206,PRD061,2,702.76,340.64,362.12,Retail Store
SAL06905,2024-06-27,ST11,CUS0388,PRD012,1,451.66,294.94,156.72,Online
SAL06906,2024-03-12,ST01,CUS0241,PRD036,2,631.37,398.06,233.31,Online
SAL06907,2022-10-18,ST02,CUS0262,PRD008,2,569.78,261.36,308.42,Retail Store
SAL06908,2023-02-16,ST04,CUS0093,PRD036,2,631.37,398.06,233.31,Mobile App
SAL06909,2022-10-29,ST12,CUS0142,PRD057,1,441.9,203.53,238.37,Mobile App
SAL06910,2024-07-07,ST02,CUS0333,PRD048,1,208.13,148.36,59.77,Online
SAL06911,2024-11-03,ST02,CUS0003,PRD025,2,432.71,288.62,144.09,Mobile App
SAL06912,2022-08-15,ST08,CUS0260,PRD034,2,297.37,206.0,91.37,Mobile App
SAL06913,2023-05-03,ST02,CUS0272,PRD058,1,451.54,300.58,150.96,Retail Store
SAL06914,2024-02-22,ST06,CUS0201,PRD054,2,127.4,67.38,60.02,Retail Store
SAL06915,2025-02-13,ST09,CUS0075,PRD057,3,1259.41,610.59,648.82,Mobile App
SAL06916,2024-09-01,ST04,CUS0040,PRD020,1,339.81,203.54,136.27,Retail Store
SAL06917,2022-12-24,ST02,CUS0246,PRD015,3,1603.92,810.87,793.05,Marketplace
SAL06918,2025-01-08,ST11,CUS0089,PRD021,2,330.28,235.44,94.84,Mobile App
SAL06919,2022-10-03,ST02,CUS0103,PRD043,1,248.39,163.5,84.89,Marketplace
SAL06920,2025-02-12,ST07,CUS0042,PRD041,1,198.13,103.96,94.17,Mobile App
SAL06921,2022-10-15,ST11,CUS0281,PRD013,1,572.18,308.2,263.98,Mobile App
SAL06922,2025-01-19,ST01,CUS0006,PRD035,2,864.43,541.94,322.49,Mobile App
SAL06923,2024-11-27,ST12,CUS0266,PRD029,2,399.32,235.66,163.66,Mobile App
SAL06924,2023-08-23,ST08,CUS0010,PRD021,3,445.88,353.16,92.72,Marketplace
SAL06925,2023-05-30,ST10,CUS0357,PRD014,1,176.26,104.45,71.81,Retail Store
SAL06926,2024-07-16,ST10,CUS0238,PRD079,1,95.43,64.58,30.85,Marketplace
SAL06927,2025-03-21,ST10,CUS0379,PRD043,2,551.98,327.0,224.98,Online
SAL06928,2024-09-08,ST09,CUS0054,PRD013,1,543.57,308.2,235.37,Retail Store
SAL06929,2024-02-27,ST09,CUS0236,PRD067,2,989.68,527.2,462.48,Mobile App
SAL06930,2025-03-06,ST12,CUS0134,PRD058,3,1219.16,901.74,317.42,Retail Store
SAL06931,2024-03-03,ST02,CUS0249,PRD055,4,1393.04,755.0,638.04,Mobile App
SAL06932,2024-02-24,ST01,CUS0242,PRD056,1,371.75,269.62,102.13,Marketplace
SAL06933,2025-07-21,ST09,CUS0253,PRD056,1,371.75,269.62,102.13,Mobile App
SAL06934,2023-06-01,ST07,CUS0375,PRD016,1,304.02,178.49,125.53,Online
SAL06935,2022-07-10,ST09,CUS0104,PRD003,2,1037.12,563.5,473.62,Online
SAL06936,2024-11-06,ST08,CUS0188,PRD067,1,445.36,263.6,181.76,Mobile App
SAL06937,2022-11-01,ST06,CUS0034,PRD008,3,854.67,392.04,462.63,Retail Store
SAL06938,2023-07-03,ST07,CUS0010,PRD048,3,591.52,445.08,146.44,Mobile App
SAL06939,2024-03-18,ST09,CUS0055,PRD012,1,406.49,294.94,111.55,Retail Store
SAL06940,2022-09-04,ST11,CUS0195,PRD011,1,396.51,195.47,201.04,Marketplace
SAL06941,2023-06-14,ST09,CUS0140,PRD026,1,528.35,240.24,288.11,Mobile App
SAL06942,2023-06-10,ST05,CUS0358,PRD015,1,481.18,270.29,210.89,Marketplace
SAL06943,2022-11-28,ST06,CUS0232,PRD053,1,510.03,281.3,228.73,Retail Store
SAL06944,2025-01-28,ST06,CUS0293,PRD049,3,1379.4,778.95,600.45,Retail Store
SAL06945,2022-07-02,ST02,CUS0099,PRD018,1,547.65,312.35,235.3,Mobile App
SAL06946,2024-12-11,ST07,CUS0352,PRD024,1,71.26,41.01,30.25,Online
SAL06947,2023-01-17,ST11,CUS0335,PRD079,3,302.19,193.74,108.45,Mobile App
SAL06948,2025-05-11,ST04,CUS0049,PRD060,1,325.93,165.18,160.75,Mobile App
SAL06949,2025-04-26,ST01,CUS0012,PRD060,3,1086.42,495.54,590.88,Marketplace
SAL06950,2024-01-12,ST06,CUS0150,PRD071,2,116.72,81.9,34.82,Online
SAL06951,2024-06-18,ST05,CUS0375,PRD022,2,359.8,179.56,180.24,Online
SAL06952,2023-12-23,ST08,CUS0266,PRD029,1,179.69,117.83,61.86,Online
SAL06953,2025-01-22,ST09,CUS0104,PRD006,2,312.54,146.84,165.7,Mobile App
SAL06954,2024-02-07,ST01,CUS0201,PRD060,1,362.14,165.18,196.96,Retail Store
SAL06955,2024-11-20,ST12,CUS0203,PRD074,4,670.4,398.88,271.52,Marketplace
SAL06956,2025-06-15,ST03,CUS0289,PRD019,3,836.82,568.56,268.26,Mobile App
SAL06957,2024-06-18,ST06,CUS0365,PRD073,1,528.96,310.4,218.56,Marketplace
SAL06958,2023-05-14,ST02,CUS0087,PRD055,3,1099.77,566.25,533.52,Mobile App
SAL06959,2025-03-06,ST12,CUS0093,PRD026,2,1003.87,480.48,523.39,Online
SAL06960,2024-10-21,ST01,CUS0070,PRD057,3,1259.41,610.59,648.82,Marketplace
SAL06961,2024-11-19,ST05,CUS0189,PRD060,1,325.93,165.18,160.75,Retail Store
SAL06962,2022-11-11,ST08,CUS0296,PRD047,1,351.11,214.53,136.58,Retail Store
SAL06963,2023-11-03,ST06,CUS0234,PRD031,1,448.4,226.91,221.49,Marketplace
SAL06964,2022-11-23,ST12,CUS0192,PRD033,3,1068.99,708.51,360.48,Online
SAL06965,2023-05-30,ST07,CUS0368,PRD001,1,333.73,221.71,112.02,Online
SAL06966,2023-01-20,ST09,CUS0134,PRD073,1,528.96,310.4,218.56,Marketplace
SAL06967,2024-05-18,ST10,CUS0143,PRD007,1,365.63,217.75,147.88,Marketplace
SAL06968,2024-09-12,ST05,CUS0299,PRD020,2,715.4,407.08,308.32,Marketplace
SAL06969,2023-11-04,ST02,CUS0392,PRD080,2,629.73,350.16,279.57,Retail Store
SAL06970,2022-12-11,ST08,CUS0109,PRD055,1,329.93,188.75,141.18,Retail Store
SAL06971,2022-09-23,ST08,CUS0138,PRD005,1,72.21,41.75,30.46,Retail Store
SAL06972,2023-01-23,ST12,CUS0355,PRD022,1,161.91,89.78,72.13,Online
SAL06973,2023-06-10,ST08,CUS0297,PRD028,2,383.99,281.2,102.79,Marketplace
SAL06974,2022-09-11,ST09,CUS0393,PRD001,3,1056.81,665.13,391.68,Marketplace
SAL06975,2023-05-17,ST06,CUS0036,PRD005,1,72.21,41.75,30.46,Mobile App
SAL06976,2024-05-19,ST05,CUS0137,PRD023,2,328.42,173.84,154.58,Retail Store
SAL06977,2024-02-19,ST10,CUS0065,PRD006,2,281.29,146.84,134.45,Online
SAL06978,2024-12-13,ST01,CUS0049,PRD019,1,278.94,189.52,89.42,Marketplace
SAL06979,2022-11-04,ST05,CUS0335,PRD061,2,702.76,340.64,362.12,Retail Store
SAL06980,2024-10-03,ST12,CUS0095,PRD076,1,132.2,81.2,51.0,Mobile App
SAL06981,2025-05-21,ST01,CUS0255,PRD019,2,502.09,379.04,123.05,Online
SAL06982,2025-04-28,ST09,CUS0355,PRD014,1,195.85,104.45,91.4,Retail Store
SAL06983,2024-03-31,ST05,CUS0398,PRD031,3,1345.2,680.73,664.47,Retail Store
SAL06984,2025-02-25,ST05,CUS0054,PRD059,1,279.56,162.6,116.96,Online
SAL06985,2025-03-01,ST12,CUS0170,PRD006,1,156.27,73.42,82.85,Mobile App
SAL06986,2022-10-10,ST03,CUS0282,PRD004,1,514.85,291.78,223.07,Mobile App
SAL06987,2025-02-26,ST12,CUS0279,PRD077,1,326.13,182.73,143.4,Mobile App
SAL06988,2023-11-15,ST10,CUS0050,PRD071,1,55.44,40.95,14.49,Mobile App
SAL06989,2025-01-15,ST11,CUS0283,PRD065,1,261.0,157.21,103.79,Marketplace
SAL06990,2023-10-01,ST09,CUS0133,PRD057,1,441.9,203.53,238.37,Online
SAL06991,2024-05-17,ST09,CUS0088,PRD025,2,432.71,288.62,144.09,Mobile App
SAL06992,2025-07-04,ST01,CUS0172,PRD022,1,179.9,89.78,90.12,Marketplace
SAL06993,2023-05-09,ST02,CUS0237,PRD036,3,947.06,597.09,349.97,Mobile App
SAL06994,2024-08-16,ST06,CUS0199,PRD018,3,1478.65,937.05,541.6,Mobile App
SAL06995,2022-10-17,ST07,CUS0209,PRD007,1,384.87,217.75,167.12,Online
SAL06996,2022-12-29,ST01,CUS0177,PRD035,1,480.24,270.97,209.27,Retail Store
SAL06997,2024-08-25,ST01,CUS0343,PRD056,1,413.05,269.62,143.43,Online
SAL06998,2022-11-02,ST02,CUS0361,PRD035,2,864.43,541.94,322.49,Retail Store
SAL06999,2024-03-10,ST07,CUS0354,PRD013,2,1144.36,616.4,527.96,Marketplace
SAL07000,2022-09-03,ST12,CUS0092,PRD051,3,416.46,217.11,199.35,Retail Store
